# Blender 5.2.2 LTS
# www.blender.org
o DoorLeaf
v -1.620000 -4.790000 0.100000
v -1.620000 -4.770000 0.120000
v -1.640000 -4.770000 0.100000
v -1.620000 -4.784142 0.114142
v -1.631547 -4.781547 0.111547
v -1.634142 -4.770000 0.114142
v -1.634142 -4.784142 0.100000
v -1.620000 4.770000 0.120000
v -1.620000 4.790000 0.100000
v -1.640000 4.770000 0.100000
v -1.620000 4.784142 0.114142
v -1.631547 4.781547 0.111547
v -1.634142 4.784142 0.100000
v -1.634142 4.770000 0.114142
v -1.620000 -4.790000 -0.100000
v -1.640000 -4.770000 -0.100000
v -1.620000 -4.770000 -0.120000
v -1.634142 -4.784142 -0.100000
v -1.631547 -4.781547 -0.111547
v -1.634142 -4.770000 -0.114142
v -1.620000 -4.784142 -0.114142
v -1.620000 4.790000 -0.100000
v -1.620000 4.770000 -0.120000
v -1.640000 4.770000 -0.100000
v -1.620000 4.784142 -0.114142
v -1.631547 4.781547 -0.111547
v -1.634142 4.770000 -0.114142
v -1.634142 4.784142 -0.100000
v 1.620000 -4.790000 0.100000
v 1.640000 -4.770000 0.100000
v 1.620000 -4.770000 0.120000
v 1.634142 -4.784142 0.100000
v 1.631547 -4.781547 0.111547
v 1.634142 -4.770000 0.114142
v 1.620000 -4.784142 0.114142
v 1.620000 4.790000 0.100000
v 1.620000 4.770000 0.120000
v 1.640000 4.770000 0.100000
v 1.620000 4.784142 0.114142
v 1.631547 4.781547 0.111547
v 1.634142 4.770000 0.114142
v 1.634142 4.784142 0.100000
v 1.620000 -4.790000 -0.100000
v 1.620000 -4.770000 -0.120000
v 1.640000 -4.770000 -0.100000
v 1.620000 -4.784142 -0.114142
v 1.631547 -4.781547 -0.111547
v 1.634142 -4.770000 -0.114142
v 1.634142 -4.784142 -0.100000
v 1.620000 4.790000 -0.100000
v 1.640000 4.770000 -0.100000
v 1.620000 4.770000 -0.120000
v 1.634142 4.784142 -0.100000
v 1.631547 4.781547 -0.111547
v 1.634142 4.770000 -0.114142
v 1.620000 4.784142 -0.114142
v -1.635000 -4.800000 0.145000
v -1.635000 -4.785000 0.160000
v -1.650000 -4.785000 0.145000
v -1.635000 -4.795607 0.155607
v -1.643660 -4.793661 0.153660
v -1.645607 -4.785000 0.155607
v -1.645607 -4.795607 0.145000
v -1.635000 4.785000 0.160000
v -1.635000 4.800000 0.145000
v -1.650000 4.785000 0.145000
v -1.635000 4.795607 0.155606
v -1.643660 4.793661 0.153660
v -1.645607 4.795607 0.145000
v -1.645607 4.785000 0.155606
v -1.635000 -4.800000 0.115000
v -1.650000 -4.785000 0.115000
v -1.635000 -4.785000 0.100000
v -1.645607 -4.795607 0.115000
v -1.643660 -4.793661 0.106340
v -1.645607 -4.785000 0.104394
v -1.635000 -4.795607 0.104394
v -1.635000 4.800000 0.115000
v -1.635000 4.785000 0.100000
v -1.650000 4.785000 0.115000
v -1.635000 4.795607 0.104393
v -1.643660 4.793661 0.106340
v -1.645607 4.785000 0.104393
v -1.645607 4.795607 0.115000
v -1.115000 -4.800000 0.145000
v -1.100000 -4.785000 0.145000
v -1.115000 -4.785000 0.160000
v -1.104393 -4.795607 0.145000
v -1.106340 -4.793661 0.153660
v -1.104393 -4.785000 0.155607
v -1.115000 -4.795607 0.155607
v -1.115000 4.800000 0.145000
v -1.115000 4.785000 0.160000
v -1.100000 4.785000 0.145000
v -1.115000 4.795607 0.155606
v -1.106340 4.793661 0.153660
v -1.104393 4.785000 0.155606
v -1.104393 4.795607 0.145000
v -1.115000 -4.800000 0.115000
v -1.115000 -4.785000 0.100000
v -1.100000 -4.785000 0.115000
v -1.115000 -4.795607 0.104394
v -1.106340 -4.793661 0.106340
v -1.104393 -4.785000 0.104394
v -1.104393 -4.795607 0.115000
v -1.115000 4.800000 0.115000
v -1.100000 4.785000 0.115000
v -1.115000 4.785000 0.100000
v -1.104393 4.795607 0.115000
v -1.106340 4.793661 0.106340
v -1.104393 4.785000 0.104393
v -1.115000 4.795607 0.104393
v 1.115000 -4.800000 0.145000
v 1.115000 -4.785000 0.160000
v 1.100000 -4.785000 0.145000
v 1.115000 -4.795607 0.155607
v 1.106340 -4.793661 0.153660
v 1.104393 -4.785000 0.155607
v 1.104393 -4.795607 0.145000
v 1.115000 4.785000 0.160000
v 1.115000 4.800000 0.145000
v 1.100000 4.785000 0.145000
v 1.115000 4.795607 0.155606
v 1.106340 4.793661 0.153660
v 1.104393 4.795607 0.145000
v 1.104393 4.785000 0.155606
v 1.115000 -4.800000 0.115000
v 1.100000 -4.785000 0.115000
v 1.115000 -4.785000 0.100000
v 1.104393 -4.795607 0.115000
v 1.106340 -4.793661 0.106340
v 1.104393 -4.785000 0.104394
v 1.115000 -4.795607 0.104394
v 1.115000 4.800000 0.115000
v 1.115000 4.785000 0.100000
v 1.100000 4.785000 0.115000
v 1.115000 4.795607 0.104393
v 1.106340 4.793661 0.106340
v 1.104393 4.785000 0.104393
v 1.104393 4.795607 0.115000
v 1.635000 -4.800000 0.145000
v 1.650000 -4.785000 0.145000
v 1.635000 -4.785000 0.160000
v 1.645607 -4.795607 0.145000
v 1.643660 -4.793661 0.153660
v 1.645607 -4.785000 0.155607
v 1.635000 -4.795607 0.155607
v 1.635000 4.800000 0.145000
v 1.635000 4.785000 0.160000
v 1.650000 4.785000 0.145000
v 1.635000 4.795607 0.155606
v 1.643660 4.793661 0.153660
v 1.645607 4.785000 0.155606
v 1.645607 4.795607 0.145000
v 1.635000 -4.800000 0.115000
v 1.635000 -4.785000 0.100000
v 1.650000 -4.785000 0.115000
v 1.635000 -4.795607 0.104394
v 1.643660 -4.793661 0.106340
v 1.645607 -4.785000 0.104394
v 1.645607 -4.795607 0.115000
v 1.635000 4.800000 0.115000
v 1.650000 4.785000 0.115000
v 1.635000 4.785000 0.100000
v 1.645607 4.795607 0.115000
v 1.643660 4.793661 0.106340
v 1.645607 4.785000 0.104393
v 1.635000 4.795607 0.104393
v -1.088000 4.250000 0.143000
v -1.088000 4.262000 0.155000
v -1.100000 4.262000 0.143000
v -1.088000 4.253515 0.151485
v -1.094928 4.255072 0.149928
v -1.096485 4.262000 0.151485
v -1.096485 4.253515 0.143000
v -1.088000 4.788000 0.155000
v -1.088000 4.800000 0.143000
v -1.100000 4.788000 0.143000
v -1.088000 4.796485 0.151485
v -1.094928 4.794929 0.149928
v -1.096485 4.796485 0.143000
v -1.096485 4.788000 0.151485
v -1.088000 4.250000 0.117000
v -1.100000 4.262000 0.117000
v -1.088000 4.262000 0.105000
v -1.096485 4.253515 0.117000
v -1.094928 4.255072 0.110072
v -1.096485 4.262000 0.108515
v -1.088000 4.253515 0.108515
v -1.088000 4.800000 0.117000
v -1.088000 4.788000 0.105000
v -1.100000 4.788000 0.117000
v -1.088000 4.796485 0.108515
v -1.094928 4.794929 0.110072
v -1.096485 4.788000 0.108515
v -1.096485 4.796485 0.117000
v 1.088000 4.250000 0.143000
v 1.100000 4.262000 0.143000
v 1.088000 4.262000 0.155000
v 1.096485 4.253515 0.143000
v 1.094928 4.255072 0.149928
v 1.096485 4.262000 0.151485
v 1.088000 4.253515 0.151485
v 1.088000 4.800000 0.143000
v 1.088000 4.788000 0.155000
v 1.100000 4.788000 0.143000
v 1.088000 4.796485 0.151485
v 1.094928 4.794929 0.149928
v 1.096485 4.788000 0.151485
v 1.096485 4.796485 0.143000
v 1.088000 4.250000 0.117000
v 1.088000 4.262000 0.105000
v 1.100000 4.262000 0.117000
v 1.088000 4.253515 0.108515
v 1.094928 4.255072 0.110072
v 1.096485 4.262000 0.108515
v 1.096485 4.253515 0.117000
v 1.088000 4.800000 0.117000
v 1.100000 4.788000 0.117000
v 1.088000 4.788000 0.105000
v 1.096485 4.796485 0.117000
v 1.094928 4.794929 0.110072
v 1.096485 4.788000 0.108515
v 1.088000 4.796485 0.108515
v -1.088000 -1.000000 0.143000
v -1.088000 -0.988000 0.155000
v -1.100000 -0.988000 0.143000
v -1.088000 -0.996485 0.151485
v -1.094928 -0.994928 0.149928
v -1.096485 -0.988000 0.151485
v -1.096485 -0.996485 0.143000
v -1.088000 -0.212000 0.155000
v -1.088000 -0.200000 0.143000
v -1.100000 -0.212000 0.143000
v -1.088000 -0.203515 0.151485
v -1.094928 -0.205072 0.149928
v -1.096485 -0.203515 0.143000
v -1.096485 -0.212000 0.151485
v -1.088000 -1.000000 0.117000
v -1.100000 -0.988000 0.117000
v -1.088000 -0.988000 0.105000
v -1.096485 -0.996485 0.117000
v -1.094928 -0.994928 0.110072
v -1.096485 -0.988000 0.108515
v -1.088000 -0.996485 0.108515
v -1.088000 -0.200000 0.117000
v -1.088000 -0.212000 0.105000
v -1.100000 -0.212000 0.117000
v -1.088000 -0.203515 0.108515
v -1.094928 -0.205072 0.110072
v -1.096485 -0.212000 0.108515
v -1.096485 -0.203515 0.117000
v 1.088000 -1.000000 0.143000
v 1.100000 -0.988000 0.143000
v 1.088000 -0.988000 0.155000
v 1.096485 -0.996485 0.143000
v 1.094928 -0.994928 0.149928
v 1.096485 -0.988000 0.151485
v 1.088000 -0.996485 0.151485
v 1.088000 -0.200000 0.143000
v 1.088000 -0.212000 0.155000
v 1.100000 -0.212000 0.143000
v 1.088000 -0.203515 0.151485
v 1.094928 -0.205072 0.149928
v 1.096485 -0.212000 0.151485
v 1.096485 -0.203515 0.143000
v 1.088000 -1.000000 0.117000
v 1.088000 -0.988000 0.105000
v 1.100000 -0.988000 0.117000
v 1.088000 -0.996485 0.108515
v 1.094928 -0.994928 0.110072
v 1.096485 -0.988000 0.108515
v 1.096485 -0.996485 0.117000
v 1.088000 -0.200000 0.117000
v 1.100000 -0.212000 0.117000
v 1.088000 -0.212000 0.105000
v 1.096485 -0.203515 0.117000
v 1.094928 -0.205072 0.110072
v 1.096485 -0.212000 0.108515
v 1.088000 -0.203515 0.108515
v -1.088000 -4.800000 0.143000
v -1.088000 -4.788000 0.155000
v -1.100000 -4.788000 0.143000
v -1.088000 -4.796485 0.151485
v -1.094928 -4.794929 0.149928
v -1.096485 -4.788000 0.151485
v -1.096485 -4.796485 0.143000
v -1.088000 -3.812000 0.155000
v -1.088000 -3.800000 0.143000
v -1.100000 -3.812000 0.143000
v -1.088000 -3.803515 0.151485
v -1.094928 -3.805072 0.149928
v -1.096485 -3.803515 0.143000
v -1.096485 -3.812000 0.151485
v -1.088000 -4.800000 0.117000
v -1.100000 -4.788000 0.117000
v -1.088000 -4.788000 0.105000
v -1.096485 -4.796485 0.117000
v -1.094928 -4.794929 0.110072
v -1.096485 -4.788000 0.108515
v -1.088000 -4.796485 0.108515
v -1.088000 -3.800000 0.117000
v -1.088000 -3.812000 0.105000
v -1.100000 -3.812000 0.117000
v -1.088000 -3.803515 0.108515
v -1.094928 -3.805072 0.110072
v -1.096485 -3.812000 0.108515
v -1.096485 -3.803515 0.117000
v 1.088000 -4.800000 0.143000
v 1.100000 -4.788000 0.143000
v 1.088000 -4.788000 0.155000
v 1.096485 -4.796485 0.143000
v 1.094928 -4.794929 0.149928
v 1.096485 -4.788000 0.151485
v 1.088000 -4.796485 0.151485
v 1.088000 -3.800000 0.143000
v 1.088000 -3.812000 0.155000
v 1.100000 -3.812000 0.143000
v 1.088000 -3.803515 0.151485
v 1.094928 -3.805072 0.149928
v 1.096485 -3.812000 0.151485
v 1.096485 -3.803515 0.143000
v 1.088000 -4.800000 0.117000
v 1.088000 -4.788000 0.105000
v 1.100000 -4.788000 0.117000
v 1.088000 -4.796485 0.108515
v 1.094928 -4.794929 0.110072
v 1.096485 -4.788000 0.108515
v 1.096485 -4.796485 0.117000
v 1.088000 -3.800000 0.117000
v 1.100000 -3.812000 0.117000
v 1.088000 -3.812000 0.105000
v 1.096485 -3.803515 0.117000
v 1.094928 -3.805072 0.110072
v 1.096485 -3.812000 0.108515
v 1.088000 -3.803515 0.108515
v -0.168000 -0.200000 0.143000
v -0.168000 -0.188000 0.155000
v -0.180000 -0.188000 0.143000
v -0.168000 -0.196485 0.151485
v -0.174928 -0.194928 0.149928
v -0.176485 -0.188000 0.151485
v -0.176485 -0.196485 0.143000
v -0.168000 4.238000 0.155000
v -0.168000 4.250000 0.143000
v -0.180000 4.238000 0.143000
v -0.168000 4.246485 0.151485
v -0.174928 4.244928 0.149928
v -0.176485 4.246485 0.143000
v -0.176485 4.238000 0.151485
v -0.168000 -0.200000 0.117000
v -0.180000 -0.188000 0.117000
v -0.168000 -0.188000 0.105000
v -0.176485 -0.196485 0.117000
v -0.174928 -0.194928 0.110072
v -0.176485 -0.188000 0.108515
v -0.168000 -0.196485 0.108515
v -0.168000 4.250000 0.117000
v -0.168000 4.238000 0.105000
v -0.180000 4.238000 0.117000
v -0.168000 4.246485 0.108515
v -0.174928 4.244928 0.110072
v -0.176485 4.238000 0.108515
v -0.176485 4.246485 0.117000
v 0.168000 -0.200000 0.143000
v 0.180000 -0.188000 0.143000
v 0.168000 -0.188000 0.155000
v 0.176485 -0.196485 0.143000
v 0.174928 -0.194928 0.149928
v 0.176485 -0.188000 0.151485
v 0.168000 -0.196485 0.151485
v 0.168000 4.250000 0.143000
v 0.168000 4.238000 0.155000
v 0.180000 4.238000 0.143000
v 0.168000 4.246485 0.151485
v 0.174928 4.244928 0.149928
v 0.176485 4.238000 0.151485
v 0.176485 4.246485 0.143000
v 0.168000 -0.200000 0.117000
v 0.168000 -0.188000 0.105000
v 0.180000 -0.188000 0.117000
v 0.168000 -0.196485 0.108515
v 0.174928 -0.194928 0.110072
v 0.176485 -0.188000 0.108515
v 0.176485 -0.196485 0.117000
v 0.168000 4.250000 0.117000
v 0.180000 4.238000 0.117000
v 0.168000 4.238000 0.105000
v 0.176485 4.246485 0.117000
v 0.174928 4.244928 0.110072
v 0.176485 4.238000 0.108515
v 0.168000 4.246485 0.108515
v -0.168000 -3.800000 0.143000
v -0.168000 -3.788000 0.155000
v -0.180000 -3.788000 0.143000
v -0.168000 -3.796485 0.151485
v -0.174928 -3.794928 0.149928
v -0.176485 -3.788000 0.151485
v -0.176485 -3.796485 0.143000
v -0.168000 -1.012000 0.155000
v -0.168000 -1.000000 0.143000
v -0.180000 -1.012000 0.143000
v -0.168000 -1.003515 0.151485
v -0.174928 -1.005072 0.149928
v -0.176485 -1.003515 0.143000
v -0.176485 -1.012000 0.151485
v -0.168000 -3.800000 0.117000
v -0.180000 -3.788000 0.117000
v -0.168000 -3.788000 0.105000
v -0.176485 -3.796485 0.117000
v -0.174928 -3.794928 0.110072
v -0.176485 -3.788000 0.108515
v -0.168000 -3.796485 0.108515
v -0.168000 -1.000000 0.117000
v -0.168000 -1.012000 0.105000
v -0.180000 -1.012000 0.117000
v -0.168000 -1.003515 0.108515
v -0.174928 -1.005072 0.110072
v -0.176485 -1.012000 0.108515
v -0.176485 -1.003515 0.117000
v 0.168000 -3.800000 0.143000
v 0.180000 -3.788000 0.143000
v 0.168000 -3.788000 0.155000
v 0.176485 -3.796485 0.143000
v 0.174928 -3.794928 0.149928
v 0.176485 -3.788000 0.151485
v 0.168000 -3.796485 0.151485
v 0.168000 -1.000000 0.143000
v 0.168000 -1.012000 0.155000
v 0.180000 -1.012000 0.143000
v 0.168000 -1.003515 0.151485
v 0.174928 -1.005072 0.149928
v 0.176485 -1.012000 0.151485
v 0.176485 -1.003515 0.143000
v 0.168000 -3.800000 0.117000
v 0.168000 -3.788000 0.105000
v 0.180000 -3.788000 0.117000
v 0.168000 -3.796485 0.108515
v 0.174928 -3.794928 0.110072
v 0.176485 -3.788000 0.108515
v 0.176485 -3.796485 0.117000
v 0.168000 -1.000000 0.117000
v 0.180000 -1.012000 0.117000
v 0.168000 -1.012000 0.105000
v 0.176485 -1.003515 0.117000
v 0.174928 -1.005072 0.110072
v 0.176485 -1.012000 0.108515
v 0.168000 -1.003515 0.108515
v -0.190000 -0.200000 0.100000
v -1.090000 -0.200000 0.100000
v -1.090000 4.250000 0.100000
v -0.190000 4.250000 0.100000
v -0.190000 -0.200000 0.121000
v -1.090000 -0.200000 0.121000
v -1.090000 4.250000 0.121000
v -0.190000 4.250000 0.121000
v -0.350000 -0.040000 0.160000
v -0.930000 -0.040000 0.160000
v -0.930000 4.090000 0.160000
v -0.350000 4.090000 0.160000
v -1.110000 4.235000 0.165000
v -1.110000 4.255000 0.185000
v -1.130000 4.255000 0.165000
v -1.110000 4.237672 0.174987
v -1.119987 4.237672 0.165000
v -1.119564 4.240267 0.174564
v -1.119987 4.255000 0.182328
v -1.110000 4.245013 0.182328
v -1.119564 4.245436 0.179732
v -1.127328 4.245013 0.165000
v -1.127328 4.255000 0.174987
v -1.124732 4.245436 0.174564
v -1.110000 4.285000 0.185000
v -1.110000 4.305000 0.165000
v -1.130000 4.285000 0.165000
v -1.110000 4.294987 0.182328
v -1.119987 4.285000 0.182328
v -1.119564 4.294564 0.179732
v -1.119987 4.302328 0.165000
v -1.110000 4.302328 0.174987
v -1.119564 4.299733 0.174564
v -1.127328 4.285000 0.174987
v -1.127328 4.294987 0.165000
v -1.124732 4.294564 0.174564
v -1.110000 4.235000 0.145000
v -1.130000 4.255000 0.145000
v -1.110000 4.255000 0.125000
v -1.119987 4.237672 0.145000
v -1.110000 4.237672 0.135013
v -1.119564 4.240267 0.135436
v -1.127328 4.255000 0.135013
v -1.127328 4.245013 0.145000
v -1.124732 4.245436 0.135436
v -1.110000 4.245013 0.127672
v -1.119987 4.255000 0.127672
v -1.119564 4.245436 0.130267
v -1.110000 4.305000 0.145000
v -1.110000 4.285000 0.125000
v -1.130000 4.285000 0.145000
v -1.110000 4.302328 0.135013
v -1.119987 4.302328 0.145000
v -1.119564 4.299733 0.135436
v -1.119987 4.285000 0.127672
v -1.110000 4.294987 0.127672
v -1.119564 4.294564 0.130267
v -1.127328 4.294987 0.145000
v -1.127328 4.285000 0.135013
v -1.124732 4.294564 0.135436
v -0.170000 4.235000 0.165000
v -0.150000 4.255000 0.165000
v -0.170000 4.255000 0.185000
v -0.160013 4.237672 0.165000
v -0.170000 4.237672 0.174987
v -0.160436 4.240267 0.174564
v -0.152672 4.255000 0.174987
v -0.152672 4.245013 0.165000
v -0.155267 4.245436 0.174564
v -0.170000 4.245013 0.182328
v -0.160013 4.255000 0.182328
v -0.160436 4.245436 0.179732
v -0.170000 4.305000 0.165000
v -0.170000 4.285000 0.185000
v -0.150000 4.285000 0.165000
v -0.170000 4.302328 0.174987
v -0.160013 4.302328 0.165000
v -0.160436 4.299733 0.174564
v -0.160013 4.285000 0.182328
v -0.170000 4.294987 0.182328
v -0.160436 4.294564 0.179732
v -0.152672 4.294987 0.165000
v -0.152672 4.285000 0.174987
v -0.155267 4.294564 0.174564
v -0.170000 4.235000 0.145000
v -0.170000 4.255000 0.125000
v -0.150000 4.255000 0.145000
v -0.170000 4.237672 0.135013
v -0.160013 4.237672 0.145000
v -0.160436 4.240267 0.135436
v -0.160013 4.255000 0.127672
v -0.170000 4.245013 0.127672
v -0.160436 4.245436 0.130267
v -0.152672 4.245013 0.145000
v -0.152672 4.255000 0.135013
v -0.155267 4.245436 0.135436
v -0.170000 4.305000 0.145000
v -0.150000 4.285000 0.145000
v -0.170000 4.285000 0.125000
v -0.160013 4.302328 0.145000
v -0.170000 4.302328 0.135013
v -0.160436 4.299733 0.135436
v -0.152672 4.285000 0.135013
v -0.152672 4.294987 0.145000
v -0.155267 4.294564 0.135436
v -0.170000 4.294987 0.127672
v -0.160013 4.285000 0.127672
v -0.160436 4.294564 0.130267
v -1.110000 -0.255000 0.165000
v -1.110000 -0.235000 0.185000
v -1.130000 -0.235000 0.165000
v -1.110000 -0.252328 0.174987
v -1.119987 -0.252328 0.165000
v -1.119564 -0.249733 0.174564
v -1.119987 -0.235000 0.182328
v -1.110000 -0.244987 0.182328
v -1.119564 -0.244564 0.179733
v -1.127328 -0.244987 0.165000
v -1.127328 -0.235000 0.174987
v -1.124732 -0.244564 0.174564
v -1.110000 -0.205000 0.185000
v -1.110000 -0.185000 0.165000
v -1.130000 -0.205000 0.165000
v -1.110000 -0.195013 0.182328
v -1.119987 -0.205000 0.182328
v -1.119564 -0.195436 0.179733
v -1.119987 -0.187672 0.165000
v -1.110000 -0.187672 0.174987
v -1.119564 -0.190267 0.174564
v -1.127328 -0.205000 0.174987
v -1.127328 -0.195013 0.165000
v -1.124732 -0.195436 0.174564
v -1.110000 -0.255000 0.145000
v -1.130000 -0.235000 0.145000
v -1.110000 -0.235000 0.125000
v -1.119987 -0.252328 0.145000
v -1.110000 -0.252328 0.135013
v -1.119564 -0.249733 0.135436
v -1.127328 -0.235000 0.135013
v -1.127328 -0.244987 0.145000
v -1.124732 -0.244564 0.135436
v -1.110000 -0.244987 0.127672
v -1.119987 -0.235000 0.127672
v -1.119564 -0.244564 0.130267
v -1.110000 -0.185000 0.145000
v -1.110000 -0.205000 0.125000
v -1.130000 -0.205000 0.145000
v -1.110000 -0.187672 0.135013
v -1.119987 -0.187672 0.145000
v -1.119564 -0.190267 0.135436
v -1.119987 -0.205000 0.127672
v -1.110000 -0.195013 0.127672
v -1.119564 -0.195436 0.130267
v -1.127328 -0.195013 0.145000
v -1.127328 -0.205000 0.135013
v -1.124732 -0.195436 0.135436
v -0.170000 -0.255000 0.165000
v -0.150000 -0.235000 0.165000
v -0.170000 -0.235000 0.185000
v -0.160013 -0.252328 0.165000
v -0.170000 -0.252328 0.174987
v -0.160436 -0.249733 0.174564
v -0.152672 -0.235000 0.174987
v -0.152672 -0.244987 0.165000
v -0.155267 -0.244564 0.174564
v -0.170000 -0.244987 0.182328
v -0.160013 -0.235000 0.182328
v -0.160436 -0.244564 0.179733
v -0.170000 -0.185000 0.165000
v -0.170000 -0.205000 0.185000
v -0.150000 -0.205000 0.165000
v -0.170000 -0.187672 0.174987
v -0.160013 -0.187672 0.165000
v -0.160436 -0.190267 0.174564
v -0.160013 -0.205000 0.182328
v -0.170000 -0.195013 0.182328
v -0.160436 -0.195436 0.179733
v -0.152672 -0.195013 0.165000
v -0.152672 -0.205000 0.174987
v -0.155267 -0.195436 0.174564
v -0.170000 -0.255000 0.145000
v -0.170000 -0.235000 0.125000
v -0.150000 -0.235000 0.145000
v -0.170000 -0.252328 0.135013
v -0.160013 -0.252328 0.145000
v -0.160436 -0.249733 0.135436
v -0.160013 -0.235000 0.127672
v -0.170000 -0.244987 0.127672
v -0.160436 -0.244564 0.130267
v -0.152672 -0.244987 0.145000
v -0.152672 -0.235000 0.135013
v -0.155267 -0.244564 0.135436
v -0.170000 -0.185000 0.145000
v -0.150000 -0.205000 0.145000
v -0.170000 -0.205000 0.125000
v -0.160013 -0.187672 0.145000
v -0.170000 -0.187672 0.135013
v -0.160436 -0.190267 0.135436
v -0.152672 -0.205000 0.135013
v -0.152672 -0.195013 0.145000
v -0.155267 -0.195436 0.135436
v -0.170000 -0.195013 0.127672
v -0.160013 -0.205000 0.127672
v -0.160436 -0.195436 0.130267
v -0.185000 -0.255000 0.165000
v -0.185000 -0.235000 0.185000
v -0.205000 -0.235000 0.165000
v -0.185000 -0.252328 0.174987
v -0.194987 -0.252328 0.165000
v -0.194564 -0.249733 0.174564
v -0.194987 -0.235000 0.182328
v -0.185000 -0.244987 0.182328
v -0.194564 -0.244564 0.179733
v -0.202328 -0.244987 0.165000
v -0.202328 -0.235000 0.174987
v -0.199733 -0.244564 0.174564
v -0.185000 4.285000 0.185000
v -0.185000 4.305000 0.165000
v -0.205000 4.285000 0.165000
v -0.185000 4.294987 0.182328
v -0.194987 4.285000 0.182328
v -0.194564 4.294564 0.179732
v -0.194987 4.302328 0.165000
v -0.185000 4.302328 0.174987
v -0.194564 4.299733 0.174564
v -0.202328 4.285000 0.174987
v -0.202328 4.294987 0.165000
v -0.199733 4.294564 0.174564
v -0.185000 -0.255000 0.145000
v -0.205000 -0.235000 0.145000
v -0.185000 -0.235000 0.125000
v -0.194987 -0.252328 0.145000
v -0.185000 -0.252328 0.135013
v -0.194564 -0.249733 0.135436
v -0.202328 -0.235000 0.135013
v -0.202328 -0.244987 0.145000
v -0.199733 -0.244564 0.135436
v -0.185000 -0.244987 0.127672
v -0.194987 -0.235000 0.127672
v -0.194564 -0.244564 0.130267
v -0.185000 4.305000 0.145000
v -0.185000 4.285000 0.125000
v -0.205000 4.285000 0.145000
v -0.185000 4.302328 0.135013
v -0.194987 4.302328 0.145000
v -0.194564 4.299733 0.135436
v -0.194987 4.285000 0.127672
v -0.185000 4.294987 0.127672
v -0.194564 4.294564 0.130267
v -0.202328 4.294987 0.145000
v -0.202328 4.285000 0.135013
v -0.199733 4.294564 0.135436
v -0.155000 -0.255000 0.165000
v -0.135000 -0.235000 0.165000
v -0.155000 -0.235000 0.185000
v -0.145013 -0.252328 0.165000
v -0.155000 -0.252328 0.174987
v -0.145436 -0.249733 0.174564
v -0.137672 -0.235000 0.174987
v -0.137672 -0.244987 0.165000
v -0.140267 -0.244564 0.174564
v -0.155000 -0.244987 0.182328
v -0.145013 -0.235000 0.182328
v -0.145436 -0.244564 0.179733
v -0.155000 4.305000 0.165000
v -0.155000 4.285000 0.185000
v -0.135000 4.285000 0.165000
v -0.155000 4.302328 0.174987
v -0.145013 4.302328 0.165000
v -0.145436 4.299733 0.174564
v -0.145013 4.285000 0.182328
v -0.155000 4.294987 0.182328
v -0.145436 4.294564 0.179732
v -0.137672 4.294987 0.165000
v -0.137672 4.285000 0.174987
v -0.140267 4.294564 0.174564
v -0.155000 -0.255000 0.145000
v -0.155000 -0.235000 0.125000
v -0.135000 -0.235000 0.145000
v -0.155000 -0.252328 0.135013
v -0.145013 -0.252328 0.145000
v -0.145436 -0.249733 0.135436
v -0.145013 -0.235000 0.127672
v -0.155000 -0.244987 0.127672
v -0.145436 -0.244564 0.130267
v -0.137672 -0.244987 0.145000
v -0.137672 -0.235000 0.135013
v -0.140267 -0.244564 0.135436
v -0.155000 4.305000 0.145000
v -0.135000 4.285000 0.145000
v -0.155000 4.285000 0.125000
v -0.145013 4.302328 0.145000
v -0.155000 4.302328 0.135013
v -0.145436 4.299733 0.135436
v -0.137672 4.285000 0.135013
v -0.137672 4.294987 0.145000
v -0.140267 4.294564 0.135436
v -0.155000 4.294987 0.127672
v -0.145013 4.285000 0.127672
v -0.145436 4.294564 0.130267
v -1.125000 -0.255000 0.165000
v -1.125000 -0.235000 0.185000
v -1.145000 -0.235000 0.165000
v -1.125000 -0.252328 0.174987
v -1.134987 -0.252328 0.165000
v -1.134564 -0.249733 0.174564
v -1.134987 -0.235000 0.182328
v -1.125000 -0.244987 0.182328
v -1.134564 -0.244564 0.179733
v -1.142328 -0.244987 0.165000
v -1.142328 -0.235000 0.174987
v -1.139733 -0.244564 0.174564
v -1.125000 4.285000 0.185000
v -1.125000 4.305000 0.165000
v -1.145000 4.285000 0.165000
v -1.125000 4.294987 0.182328
v -1.134987 4.285000 0.182328
v -1.134564 4.294564 0.179732
v -1.134987 4.302328 0.165000
v -1.125000 4.302328 0.174987
v -1.134564 4.299733 0.174564
v -1.142328 4.285000 0.174987
v -1.142328 4.294987 0.165000
v -1.139733 4.294564 0.174564
v -1.125000 -0.255000 0.145000
v -1.145000 -0.235000 0.145000
v -1.125000 -0.235000 0.125000
v -1.134987 -0.252328 0.145000
v -1.125000 -0.252328 0.135013
v -1.134564 -0.249733 0.135436
v -1.142328 -0.235000 0.135013
v -1.142328 -0.244987 0.145000
v -1.139733 -0.244564 0.135436
v -1.125000 -0.244987 0.127672
v -1.134987 -0.235000 0.127672
v -1.134564 -0.244564 0.130267
v -1.125000 4.305000 0.145000
v -1.125000 4.285000 0.125000
v -1.145000 4.285000 0.145000
v -1.125000 4.302328 0.135013
v -1.134987 4.302328 0.145000
v -1.134564 4.299733 0.135436
v -1.134987 4.285000 0.127672
v -1.125000 4.294987 0.127672
v -1.134564 4.294564 0.130267
v -1.142328 4.294987 0.145000
v -1.142328 4.285000 0.135013
v -1.139733 4.294564 0.135436
v -1.095000 -0.255000 0.165000
v -1.075000 -0.235000 0.165000
v -1.095000 -0.235000 0.185000
v -1.085013 -0.252328 0.165000
v -1.095000 -0.252328 0.174987
v -1.085436 -0.249733 0.174564
v -1.077672 -0.235000 0.174987
v -1.077672 -0.244987 0.165000
v -1.080267 -0.244564 0.174564
v -1.095000 -0.244987 0.182328
v -1.085013 -0.235000 0.182328
v -1.085436 -0.244564 0.179733
v -1.095000 4.305000 0.165000
v -1.095000 4.285000 0.185000
v -1.075000 4.285000 0.165000
v -1.095000 4.302328 0.174987
v -1.085013 4.302328 0.165000
v -1.085436 4.299733 0.174564
v -1.085013 4.285000 0.182328
v -1.095000 4.294987 0.182328
v -1.085436 4.294564 0.179732
v -1.077672 4.294987 0.165000
v -1.077672 4.285000 0.174987
v -1.080267 4.294564 0.174564
v -1.095000 -0.255000 0.145000
v -1.095000 -0.235000 0.125000
v -1.075000 -0.235000 0.145000
v -1.095000 -0.252328 0.135013
v -1.085013 -0.252328 0.145000
v -1.085436 -0.249733 0.135436
v -1.085013 -0.235000 0.127672
v -1.095000 -0.244987 0.127672
v -1.085436 -0.244564 0.130267
v -1.077672 -0.244987 0.145000
v -1.077672 -0.235000 0.135013
v -1.080267 -0.244564 0.135436
v -1.095000 4.305000 0.145000
v -1.075000 4.285000 0.145000
v -1.095000 4.285000 0.125000
v -1.085013 4.302328 0.145000
v -1.095000 4.302328 0.135013
v -1.085436 4.299733 0.135436
v -1.077672 4.285000 0.135013
v -1.077672 4.294987 0.145000
v -1.080267 4.294564 0.135436
v -1.095000 4.294987 0.127672
v -1.085013 4.285000 0.127672
v -1.085436 4.294564 0.130267
v 1.090000 -0.200000 0.100000
v 0.190000 -0.200000 0.100000
v 0.190000 4.250000 0.100000
v 1.090000 4.250000 0.100000
v 1.090000 -0.200000 0.121000
v 0.190000 -0.200000 0.121000
v 0.190000 4.250000 0.121000
v 1.090000 4.250000 0.121000
v 0.930000 -0.040000 0.160000
v 0.350000 -0.040000 0.160000
v 0.350000 4.090000 0.160000
v 0.930000 4.090000 0.160000
v 0.170000 4.235000 0.165000
v 0.170000 4.255000 0.185000
v 0.150000 4.255000 0.165000
v 0.170000 4.237672 0.174987
v 0.160013 4.237672 0.165000
v 0.160436 4.240267 0.174564
v 0.160013 4.255000 0.182328
v 0.170000 4.245013 0.182328
v 0.160436 4.245436 0.179732
v 0.152672 4.245013 0.165000
v 0.152672 4.255000 0.174987
v 0.155267 4.245436 0.174564
v 0.170000 4.285000 0.185000
v 0.170000 4.305000 0.165000
v 0.150000 4.285000 0.165000
v 0.170000 4.294987 0.182328
v 0.160013 4.285000 0.182328
v 0.160436 4.294564 0.179732
v 0.160013 4.302328 0.165000
v 0.170000 4.302328 0.174987
v 0.160436 4.299733 0.174564
v 0.152672 4.285000 0.174987
v 0.152672 4.294987 0.165000
v 0.155267 4.294564 0.174564
v 0.170000 4.235000 0.145000
v 0.150000 4.255000 0.145000
v 0.170000 4.255000 0.125000
v 0.160013 4.237672 0.145000
v 0.170000 4.237672 0.135013
v 0.160436 4.240267 0.135436
v 0.152672 4.255000 0.135013
v 0.152672 4.245013 0.145000
v 0.155267 4.245436 0.135436
v 0.170000 4.245013 0.127672
v 0.160013 4.255000 0.127672
v 0.160436 4.245436 0.130267
v 0.170000 4.305000 0.145000
v 0.170000 4.285000 0.125000
v 0.150000 4.285000 0.145000
v 0.170000 4.302328 0.135013
v 0.160013 4.302328 0.145000
v 0.160436 4.299733 0.135436
v 0.160013 4.285000 0.127672
v 0.170000 4.294987 0.127672
v 0.160436 4.294564 0.130267
v 0.152672 4.294987 0.145000
v 0.152672 4.285000 0.135013
v 0.155267 4.294564 0.135436
v 1.110000 4.235000 0.165000
v 1.130000 4.255000 0.165000
v 1.110000 4.255000 0.185000
v 1.119987 4.237672 0.165000
v 1.110000 4.237672 0.174987
v 1.119564 4.240267 0.174564
v 1.127328 4.255000 0.174987
v 1.127328 4.245013 0.165000
v 1.124732 4.245436 0.174564
v 1.110000 4.245013 0.182328
v 1.119987 4.255000 0.182328
v 1.119564 4.245436 0.179732
v 1.110000 4.305000 0.165000
v 1.110000 4.285000 0.185000
v 1.130000 4.285000 0.165000
v 1.110000 4.302328 0.174987
v 1.119987 4.302328 0.165000
v 1.119564 4.299733 0.174564
v 1.119987 4.285000 0.182328
v 1.110000 4.294987 0.182328
v 1.119564 4.294564 0.179732
v 1.127328 4.294987 0.165000
v 1.127328 4.285000 0.174987
v 1.124732 4.294564 0.174564
v 1.110000 4.235000 0.145000
v 1.110000 4.255000 0.125000
v 1.130000 4.255000 0.145000
v 1.110000 4.237672 0.135013
v 1.119987 4.237672 0.145000
v 1.119564 4.240267 0.135436
v 1.119987 4.255000 0.127672
v 1.110000 4.245013 0.127672
v 1.119564 4.245436 0.130267
v 1.127328 4.245013 0.145000
v 1.127328 4.255000 0.135013
v 1.124732 4.245436 0.135436
v 1.110000 4.305000 0.145000
v 1.130000 4.285000 0.145000
v 1.110000 4.285000 0.125000
v 1.119987 4.302328 0.145000
v 1.110000 4.302328 0.135013
v 1.119564 4.299733 0.135436
v 1.127328 4.285000 0.135013
v 1.127328 4.294987 0.145000
v 1.124732 4.294564 0.135436
v 1.110000 4.294987 0.127672
v 1.119987 4.285000 0.127672
v 1.119564 4.294564 0.130267
v 0.170000 -0.255000 0.165000
v 0.170000 -0.235000 0.185000
v 0.150000 -0.235000 0.165000
v 0.170000 -0.252328 0.174987
v 0.160013 -0.252328 0.165000
v 0.160436 -0.249733 0.174564
v 0.160013 -0.235000 0.182328
v 0.170000 -0.244987 0.182328
v 0.160436 -0.244564 0.179733
v 0.152672 -0.244987 0.165000
v 0.152672 -0.235000 0.174987
v 0.155267 -0.244564 0.174564
v 0.170000 -0.205000 0.185000
v 0.170000 -0.185000 0.165000
v 0.150000 -0.205000 0.165000
v 0.170000 -0.195013 0.182328
v 0.160013 -0.205000 0.182328
v 0.160436 -0.195436 0.179733
v 0.160013 -0.187672 0.165000
v 0.170000 -0.187672 0.174987
v 0.160436 -0.190267 0.174564
v 0.152672 -0.205000 0.174987
v 0.152672 -0.195013 0.165000
v 0.155267 -0.195436 0.174564
v 0.170000 -0.255000 0.145000
v 0.150000 -0.235000 0.145000
v 0.170000 -0.235000 0.125000
v 0.160013 -0.252328 0.145000
v 0.170000 -0.252328 0.135013
v 0.160436 -0.249733 0.135436
v 0.152672 -0.235000 0.135013
v 0.152672 -0.244987 0.145000
v 0.155267 -0.244564 0.135436
v 0.170000 -0.244987 0.127672
v 0.160013 -0.235000 0.127672
v 0.160436 -0.244564 0.130267
v 0.170000 -0.185000 0.145000
v 0.170000 -0.205000 0.125000
v 0.150000 -0.205000 0.145000
v 0.170000 -0.187672 0.135013
v 0.160013 -0.187672 0.145000
v 0.160436 -0.190267 0.135436
v 0.160013 -0.205000 0.127672
v 0.170000 -0.195013 0.127672
v 0.160436 -0.195436 0.130267
v 0.152672 -0.195013 0.145000
v 0.152672 -0.205000 0.135013
v 0.155267 -0.195436 0.135436
v 1.110000 -0.255000 0.165000
v 1.130000 -0.235000 0.165000
v 1.110000 -0.235000 0.185000
v 1.119987 -0.252328 0.165000
v 1.110000 -0.252328 0.174987
v 1.119564 -0.249733 0.174564
v 1.127328 -0.235000 0.174987
v 1.127328 -0.244987 0.165000
v 1.124732 -0.244564 0.174564
v 1.110000 -0.244987 0.182328
v 1.119987 -0.235000 0.182328
v 1.119564 -0.244564 0.179733
v 1.110000 -0.185000 0.165000
v 1.110000 -0.205000 0.185000
v 1.130000 -0.205000 0.165000
v 1.110000 -0.187672 0.174987
v 1.119987 -0.187672 0.165000
v 1.119564 -0.190267 0.174564
v 1.119987 -0.205000 0.182328
v 1.110000 -0.195013 0.182328
v 1.119564 -0.195436 0.179733
v 1.127328 -0.195013 0.165000
v 1.127328 -0.205000 0.174987
v 1.124732 -0.195436 0.174564
v 1.110000 -0.255000 0.145000
v 1.110000 -0.235000 0.125000
v 1.130000 -0.235000 0.145000
v 1.110000 -0.252328 0.135013
v 1.119987 -0.252328 0.145000
v 1.119564 -0.249733 0.135436
v 1.119987 -0.235000 0.127672
v 1.110000 -0.244987 0.127672
v 1.119564 -0.244564 0.130267
v 1.127328 -0.244987 0.145000
v 1.127328 -0.235000 0.135013
v 1.124732 -0.244564 0.135436
v 1.110000 -0.185000 0.145000
v 1.130000 -0.205000 0.145000
v 1.110000 -0.205000 0.125000
v 1.119987 -0.187672 0.145000
v 1.110000 -0.187672 0.135013
v 1.119564 -0.190267 0.135436
v 1.127328 -0.205000 0.135013
v 1.127328 -0.195013 0.145000
v 1.124732 -0.195436 0.135436
v 1.110000 -0.195013 0.127672
v 1.119987 -0.205000 0.127672
v 1.119564 -0.195436 0.130267
v 1.095000 -0.255000 0.165000
v 1.095000 -0.235000 0.185000
v 1.075000 -0.235000 0.165000
v 1.095000 -0.252328 0.174987
v 1.085013 -0.252328 0.165000
v 1.085436 -0.249733 0.174564
v 1.085013 -0.235000 0.182328
v 1.095000 -0.244987 0.182328
v 1.085436 -0.244564 0.179733
v 1.077672 -0.244987 0.165000
v 1.077672 -0.235000 0.174987
v 1.080267 -0.244564 0.174564
v 1.095000 4.285000 0.185000
v 1.095000 4.305000 0.165000
v 1.075000 4.285000 0.165000
v 1.095000 4.294987 0.182328
v 1.085013 4.285000 0.182328
v 1.085436 4.294564 0.179732
v 1.085013 4.302328 0.165000
v 1.095000 4.302328 0.174987
v 1.085436 4.299733 0.174564
v 1.077672 4.285000 0.174987
v 1.077672 4.294987 0.165000
v 1.080267 4.294564 0.174564
v 1.095000 -0.255000 0.145000
v 1.075000 -0.235000 0.145000
v 1.095000 -0.235000 0.125000
v 1.085013 -0.252328 0.145000
v 1.095000 -0.252328 0.135013
v 1.085436 -0.249733 0.135436
v 1.077672 -0.235000 0.135013
v 1.077672 -0.244987 0.145000
v 1.080267 -0.244564 0.135436
v 1.095000 -0.244987 0.127672
v 1.085013 -0.235000 0.127672
v 1.085436 -0.244564 0.130267
v 1.095000 4.305000 0.145000
v 1.095000 4.285000 0.125000
v 1.075000 4.285000 0.145000
v 1.095000 4.302328 0.135013
v 1.085013 4.302328 0.145000
v 1.085436 4.299733 0.135436
v 1.085013 4.285000 0.127672
v 1.095000 4.294987 0.127672
v 1.085436 4.294564 0.130267
v 1.077672 4.294987 0.145000
v 1.077672 4.285000 0.135013
v 1.080267 4.294564 0.135436
v 1.125000 -0.255000 0.165000
v 1.145000 -0.235000 0.165000
v 1.125000 -0.235000 0.185000
v 1.134987 -0.252328 0.165000
v 1.125000 -0.252328 0.174987
v 1.134564 -0.249733 0.174564
v 1.142328 -0.235000 0.174987
v 1.142328 -0.244987 0.165000
v 1.139733 -0.244564 0.174564
v 1.125000 -0.244987 0.182328
v 1.134987 -0.235000 0.182328
v 1.134564 -0.244564 0.179733
v 1.125000 4.305000 0.165000
v 1.125000 4.285000 0.185000
v 1.145000 4.285000 0.165000
v 1.125000 4.302328 0.174987
v 1.134987 4.302328 0.165000
v 1.134564 4.299733 0.174564
v 1.134987 4.285000 0.182328
v 1.125000 4.294987 0.182328
v 1.134564 4.294564 0.179732
v 1.142328 4.294987 0.165000
v 1.142328 4.285000 0.174987
v 1.139733 4.294564 0.174564
v 1.125000 -0.255000 0.145000
v 1.125000 -0.235000 0.125000
v 1.145000 -0.235000 0.145000
v 1.125000 -0.252328 0.135013
v 1.134987 -0.252328 0.145000
v 1.134564 -0.249733 0.135436
v 1.134987 -0.235000 0.127672
v 1.125000 -0.244987 0.127672
v 1.134564 -0.244564 0.130267
v 1.142328 -0.244987 0.145000
v 1.142328 -0.235000 0.135013
v 1.139733 -0.244564 0.135436
v 1.125000 4.305000 0.145000
v 1.145000 4.285000 0.145000
v 1.125000 4.285000 0.125000
v 1.134987 4.302328 0.145000
v 1.125000 4.302328 0.135013
v 1.134564 4.299733 0.135436
v 1.142328 4.285000 0.135013
v 1.142328 4.294987 0.145000
v 1.139733 4.294564 0.135436
v 1.125000 4.294987 0.127672
v 1.134987 4.285000 0.127672
v 1.134564 4.294564 0.130267
v 0.155000 -0.255000 0.165000
v 0.155000 -0.235000 0.185000
v 0.135000 -0.235000 0.165000
v 0.155000 -0.252328 0.174987
v 0.145013 -0.252328 0.165000
v 0.145436 -0.249733 0.174564
v 0.145013 -0.235000 0.182328
v 0.155000 -0.244987 0.182328
v 0.145436 -0.244564 0.179733
v 0.137672 -0.244987 0.165000
v 0.137672 -0.235000 0.174987
v 0.140267 -0.244564 0.174564
v 0.155000 4.285000 0.185000
v 0.155000 4.305000 0.165000
v 0.135000 4.285000 0.165000
v 0.155000 4.294987 0.182328
v 0.145013 4.285000 0.182328
v 0.145436 4.294564 0.179732
v 0.145013 4.302328 0.165000
v 0.155000 4.302328 0.174987
v 0.145436 4.299733 0.174564
v 0.137672 4.285000 0.174987
v 0.137672 4.294987 0.165000
v 0.140267 4.294564 0.174564
v 0.155000 -0.255000 0.145000
v 0.135000 -0.235000 0.145000
v 0.155000 -0.235000 0.125000
v 0.145013 -0.252328 0.145000
v 0.155000 -0.252328 0.135013
v 0.145436 -0.249733 0.135436
v 0.137672 -0.235000 0.135013
v 0.137672 -0.244987 0.145000
v 0.140267 -0.244564 0.135436
v 0.155000 -0.244987 0.127672
v 0.145013 -0.235000 0.127672
v 0.145436 -0.244564 0.130267
v 0.155000 4.305000 0.145000
v 0.155000 4.285000 0.125000
v 0.135000 4.285000 0.145000
v 0.155000 4.302328 0.135013
v 0.145013 4.302328 0.145000
v 0.145436 4.299733 0.135436
v 0.145013 4.285000 0.127672
v 0.155000 4.294987 0.127672
v 0.145436 4.294564 0.130267
v 0.137672 4.294987 0.145000
v 0.137672 4.285000 0.135013
v 0.140267 4.294564 0.135436
v 0.185000 -0.255000 0.165000
v 0.205000 -0.235000 0.165000
v 0.185000 -0.235000 0.185000
v 0.194987 -0.252328 0.165000
v 0.185000 -0.252328 0.174987
v 0.194564 -0.249733 0.174564
v 0.202328 -0.235000 0.174987
v 0.202328 -0.244987 0.165000
v 0.199733 -0.244564 0.174564
v 0.185000 -0.244987 0.182328
v 0.194987 -0.235000 0.182328
v 0.194564 -0.244564 0.179733
v 0.185000 4.305000 0.165000
v 0.185000 4.285000 0.185000
v 0.205000 4.285000 0.165000
v 0.185000 4.302328 0.174987
v 0.194987 4.302328 0.165000
v 0.194564 4.299733 0.174564
v 0.194987 4.285000 0.182328
v 0.185000 4.294987 0.182328
v 0.194564 4.294564 0.179732
v 0.202328 4.294987 0.165000
v 0.202328 4.285000 0.174987
v 0.199733 4.294564 0.174564
v 0.185000 -0.255000 0.145000
v 0.185000 -0.235000 0.125000
v 0.205000 -0.235000 0.145000
v 0.185000 -0.252328 0.135013
v 0.194987 -0.252328 0.145000
v 0.194564 -0.249733 0.135436
v 0.194987 -0.235000 0.127672
v 0.185000 -0.244987 0.127672
v 0.194564 -0.244564 0.130267
v 0.202328 -0.244987 0.145000
v 0.202328 -0.235000 0.135013
v 0.199733 -0.244564 0.135436
v 0.185000 4.305000 0.145000
v 0.205000 4.285000 0.145000
v 0.185000 4.285000 0.125000
v 0.194987 4.302328 0.145000
v 0.185000 4.302328 0.135013
v 0.194564 4.299733 0.135436
v 0.202328 4.285000 0.135013
v 0.202328 4.294987 0.145000
v 0.199733 4.294564 0.135436
v 0.185000 4.294987 0.127672
v 0.194987 4.285000 0.127672
v 0.194564 4.294564 0.130267
v -0.190000 -3.800000 0.100000
v -1.090000 -3.800000 0.100000
v -1.090000 -1.000000 0.100000
v -0.190000 -1.000000 0.100000
v -0.190000 -3.800000 0.121000
v -1.090000 -3.800000 0.121000
v -1.090000 -1.000000 0.121000
v -0.190000 -1.000000 0.121000
v -0.350000 -3.640000 0.160000
v -0.930000 -3.640000 0.160000
v -0.930000 -1.160000 0.160000
v -0.350000 -1.160000 0.160000
v -1.110000 -1.015000 0.165000
v -1.110000 -0.995000 0.185000
v -1.130000 -0.995000 0.165000
v -1.110000 -1.012328 0.174987
v -1.119987 -1.012328 0.165000
v -1.119564 -1.009733 0.174564
v -1.119987 -0.995000 0.182328
v -1.110000 -1.004987 0.182328
v -1.119564 -1.004564 0.179733
v -1.127328 -1.004987 0.165000
v -1.127328 -0.995000 0.174987
v -1.124732 -1.004564 0.174564
v -1.110000 -0.965000 0.185000
v -1.110000 -0.945000 0.165000
v -1.130000 -0.965000 0.165000
v -1.110000 -0.955013 0.182328
v -1.119987 -0.965000 0.182328
v -1.119564 -0.955436 0.179733
v -1.119987 -0.947672 0.165000
v -1.110000 -0.947672 0.174987
v -1.119564 -0.950267 0.174564
v -1.127328 -0.965000 0.174987
v -1.127328 -0.955013 0.165000
v -1.124732 -0.955436 0.174564
v -1.110000 -1.015000 0.145000
v -1.130000 -0.995000 0.145000
v -1.110000 -0.995000 0.125000
v -1.119987 -1.012328 0.145000
v -1.110000 -1.012328 0.135013
v -1.119564 -1.009733 0.135436
v -1.127328 -0.995000 0.135013
v -1.127328 -1.004987 0.145000
v -1.124732 -1.004564 0.135436
v -1.110000 -1.004987 0.127672
v -1.119987 -0.995000 0.127672
v -1.119564 -1.004564 0.130267
v -1.110000 -0.945000 0.145000
v -1.110000 -0.965000 0.125000
v -1.130000 -0.965000 0.145000
v -1.110000 -0.947672 0.135013
v -1.119987 -0.947672 0.145000
v -1.119564 -0.950267 0.135436
v -1.119987 -0.965000 0.127672
v -1.110000 -0.955013 0.127672
v -1.119564 -0.955436 0.130267
v -1.127328 -0.955013 0.145000
v -1.127328 -0.965000 0.135013
v -1.124732 -0.955436 0.135436
v -0.170000 -1.015000 0.165000
v -0.150000 -0.995000 0.165000
v -0.170000 -0.995000 0.185000
v -0.160013 -1.012328 0.165000
v -0.170000 -1.012328 0.174987
v -0.160436 -1.009733 0.174564
v -0.152672 -0.995000 0.174987
v -0.152672 -1.004987 0.165000
v -0.155267 -1.004564 0.174564
v -0.170000 -1.004987 0.182328
v -0.160013 -0.995000 0.182328
v -0.160436 -1.004564 0.179733
v -0.170000 -0.945000 0.165000
v -0.170000 -0.965000 0.185000
v -0.150000 -0.965000 0.165000
v -0.170000 -0.947672 0.174987
v -0.160013 -0.947672 0.165000
v -0.160436 -0.950267 0.174564
v -0.160013 -0.965000 0.182328
v -0.170000 -0.955013 0.182328
v -0.160436 -0.955436 0.179733
v -0.152672 -0.955013 0.165000
v -0.152672 -0.965000 0.174987
v -0.155267 -0.955436 0.174564
v -0.170000 -1.015000 0.145000
v -0.170000 -0.995000 0.125000
v -0.150000 -0.995000 0.145000
v -0.170000 -1.012328 0.135013
v -0.160013 -1.012328 0.145000
v -0.160436 -1.009733 0.135436
v -0.160013 -0.995000 0.127672
v -0.170000 -1.004987 0.127672
v -0.160436 -1.004564 0.130267
v -0.152672 -1.004987 0.145000
v -0.152672 -0.995000 0.135013
v -0.155267 -1.004564 0.135436
v -0.170000 -0.945000 0.145000
v -0.150000 -0.965000 0.145000
v -0.170000 -0.965000 0.125000
v -0.160013 -0.947672 0.145000
v -0.170000 -0.947672 0.135013
v -0.160436 -0.950267 0.135436
v -0.152672 -0.965000 0.135013
v -0.152672 -0.955013 0.145000
v -0.155267 -0.955436 0.135436
v -0.170000 -0.955013 0.127672
v -0.160013 -0.965000 0.127672
v -0.160436 -0.955436 0.130267
v -1.110000 -3.855000 0.165000
v -1.110000 -3.835000 0.185000
v -1.130000 -3.835000 0.165000
v -1.110000 -3.852328 0.174987
v -1.119987 -3.852328 0.165000
v -1.119564 -3.849732 0.174564
v -1.119987 -3.835000 0.182328
v -1.110000 -3.844987 0.182328
v -1.119564 -3.844564 0.179733
v -1.127328 -3.844987 0.165000
v -1.127328 -3.835000 0.174987
v -1.124732 -3.844564 0.174564
v -1.110000 -3.805000 0.185000
v -1.110000 -3.785000 0.165000
v -1.130000 -3.805000 0.165000
v -1.110000 -3.795013 0.182328
v -1.119987 -3.805000 0.182328
v -1.119564 -3.795436 0.179733
v -1.119987 -3.787672 0.165000
v -1.110000 -3.787672 0.174987
v -1.119564 -3.790267 0.174564
v -1.127328 -3.805000 0.174987
v -1.127328 -3.795013 0.165000
v -1.124732 -3.795436 0.174564
v -1.110000 -3.855000 0.145000
v -1.130000 -3.835000 0.145000
v -1.110000 -3.835000 0.125000
v -1.119987 -3.852328 0.145000
v -1.110000 -3.852328 0.135013
v -1.119564 -3.849732 0.135436
v -1.127328 -3.835000 0.135013
v -1.127328 -3.844987 0.145000
v -1.124732 -3.844564 0.135436
v -1.110000 -3.844987 0.127672
v -1.119987 -3.835000 0.127672
v -1.119564 -3.844564 0.130268
v -1.110000 -3.785000 0.145000
v -1.110000 -3.805000 0.125000
v -1.130000 -3.805000 0.145000
v -1.110000 -3.787672 0.135013
v -1.119987 -3.787672 0.145000
v -1.119564 -3.790267 0.135436
v -1.119987 -3.805000 0.127672
v -1.110000 -3.795013 0.127672
v -1.119564 -3.795436 0.130268
v -1.127328 -3.795013 0.145000
v -1.127328 -3.805000 0.135013
v -1.124732 -3.795436 0.135436
v -0.170000 -3.855000 0.165000
v -0.150000 -3.835000 0.165000
v -0.170000 -3.835000 0.185000
v -0.160013 -3.852328 0.165000
v -0.170000 -3.852328 0.174987
v -0.160436 -3.849732 0.174564
v -0.152672 -3.835000 0.174987
v -0.152672 -3.844987 0.165000
v -0.155267 -3.844564 0.174564
v -0.170000 -3.844987 0.182328
v -0.160013 -3.835000 0.182328
v -0.160436 -3.844564 0.179733
v -0.170000 -3.785000 0.165000
v -0.170000 -3.805000 0.185000
v -0.150000 -3.805000 0.165000
v -0.170000 -3.787672 0.174987
v -0.160013 -3.787672 0.165000
v -0.160436 -3.790267 0.174564
v -0.160013 -3.805000 0.182328
v -0.170000 -3.795013 0.182328
v -0.160436 -3.795436 0.179733
v -0.152672 -3.795013 0.165000
v -0.152672 -3.805000 0.174987
v -0.155267 -3.795436 0.174564
v -0.170000 -3.855000 0.145000
v -0.170000 -3.835000 0.125000
v -0.150000 -3.835000 0.145000
v -0.170000 -3.852328 0.135013
v -0.160013 -3.852328 0.145000
v -0.160436 -3.849732 0.135436
v -0.160013 -3.835000 0.127672
v -0.170000 -3.844987 0.127672
v -0.160436 -3.844564 0.130268
v -0.152672 -3.844987 0.145000
v -0.152672 -3.835000 0.135013
v -0.155267 -3.844564 0.135436
v -0.170000 -3.785000 0.145000
v -0.150000 -3.805000 0.145000
v -0.170000 -3.805000 0.125000
v -0.160013 -3.787672 0.145000
v -0.170000 -3.787672 0.135013
v -0.160436 -3.790267 0.135436
v -0.152672 -3.805000 0.135013
v -0.152672 -3.795013 0.145000
v -0.155267 -3.795436 0.135436
v -0.170000 -3.795013 0.127672
v -0.160013 -3.805000 0.127672
v -0.160436 -3.795436 0.130268
v -0.185000 -3.855000 0.165000
v -0.185000 -3.835000 0.185000
v -0.205000 -3.835000 0.165000
v -0.185000 -3.852328 0.174987
v -0.194987 -3.852328 0.165000
v -0.194564 -3.849732 0.174564
v -0.194987 -3.835000 0.182328
v -0.185000 -3.844987 0.182328
v -0.194564 -3.844564 0.179733
v -0.202328 -3.844987 0.165000
v -0.202328 -3.835000 0.174987
v -0.199733 -3.844564 0.174564
v -0.185000 -0.965000 0.185000
v -0.185000 -0.945000 0.165000
v -0.205000 -0.965000 0.165000
v -0.185000 -0.955013 0.182328
v -0.194987 -0.965000 0.182328
v -0.194564 -0.955436 0.179733
v -0.194987 -0.947672 0.165000
v -0.185000 -0.947672 0.174987
v -0.194564 -0.950267 0.174564
v -0.202328 -0.965000 0.174987
v -0.202328 -0.955013 0.165000
v -0.199733 -0.955436 0.174564
v -0.185000 -3.855000 0.145000
v -0.205000 -3.835000 0.145000
v -0.185000 -3.835000 0.125000
v -0.194987 -3.852328 0.145000
v -0.185000 -3.852328 0.135013
v -0.194564 -3.849732 0.135436
v -0.202328 -3.835000 0.135013
v -0.202328 -3.844987 0.145000
v -0.199733 -3.844564 0.135436
v -0.185000 -3.844987 0.127672
v -0.194987 -3.835000 0.127672
v -0.194564 -3.844564 0.130268
v -0.185000 -0.945000 0.145000
v -0.185000 -0.965000 0.125000
v -0.205000 -0.965000 0.145000
v -0.185000 -0.947672 0.135013
v -0.194987 -0.947672 0.145000
v -0.194564 -0.950267 0.135436
v -0.194987 -0.965000 0.127672
v -0.185000 -0.955013 0.127672
v -0.194564 -0.955436 0.130267
v -0.202328 -0.955013 0.145000
v -0.202328 -0.965000 0.135013
v -0.199733 -0.955436 0.135436
v -0.155000 -3.855000 0.165000
v -0.135000 -3.835000 0.165000
v -0.155000 -3.835000 0.185000
v -0.145013 -3.852328 0.165000
v -0.155000 -3.852328 0.174987
v -0.145436 -3.849732 0.174564
v -0.137672 -3.835000 0.174987
v -0.137672 -3.844987 0.165000
v -0.140267 -3.844564 0.174564
v -0.155000 -3.844987 0.182328
v -0.145013 -3.835000 0.182328
v -0.145436 -3.844564 0.179733
v -0.155000 -0.945000 0.165000
v -0.155000 -0.965000 0.185000
v -0.135000 -0.965000 0.165000
v -0.155000 -0.947672 0.174987
v -0.145013 -0.947672 0.165000
v -0.145436 -0.950267 0.174564
v -0.145013 -0.965000 0.182328
v -0.155000 -0.955013 0.182328
v -0.145436 -0.955436 0.179733
v -0.137672 -0.955013 0.165000
v -0.137672 -0.965000 0.174987
v -0.140267 -0.955436 0.174564
v -0.155000 -3.855000 0.145000
v -0.155000 -3.835000 0.125000
v -0.135000 -3.835000 0.145000
v -0.155000 -3.852328 0.135013
v -0.145013 -3.852328 0.145000
v -0.145436 -3.849732 0.135436
v -0.145013 -3.835000 0.127672
v -0.155000 -3.844987 0.127672
v -0.145436 -3.844564 0.130268
v -0.137672 -3.844987 0.145000
v -0.137672 -3.835000 0.135013
v -0.140267 -3.844564 0.135436
v -0.155000 -0.945000 0.145000
v -0.135000 -0.965000 0.145000
v -0.155000 -0.965000 0.125000
v -0.145013 -0.947672 0.145000
v -0.155000 -0.947672 0.135013
v -0.145436 -0.950267 0.135436
v -0.137672 -0.965000 0.135013
v -0.137672 -0.955013 0.145000
v -0.140267 -0.955436 0.135436
v -0.155000 -0.955013 0.127672
v -0.145013 -0.965000 0.127672
v -0.145436 -0.955436 0.130267
v -1.125000 -3.855000 0.165000
v -1.125000 -3.835000 0.185000
v -1.145000 -3.835000 0.165000
v -1.125000 -3.852328 0.174987
v -1.134987 -3.852328 0.165000
v -1.134564 -3.849732 0.174564
v -1.134987 -3.835000 0.182328
v -1.125000 -3.844987 0.182328
v -1.134564 -3.844564 0.179733
v -1.142328 -3.844987 0.165000
v -1.142328 -3.835000 0.174987
v -1.139733 -3.844564 0.174564
v -1.125000 -0.965000 0.185000
v -1.125000 -0.945000 0.165000
v -1.145000 -0.965000 0.165000
v -1.125000 -0.955013 0.182328
v -1.134987 -0.965000 0.182328
v -1.134564 -0.955436 0.179733
v -1.134987 -0.947672 0.165000
v -1.125000 -0.947672 0.174987
v -1.134564 -0.950267 0.174564
v -1.142328 -0.965000 0.174987
v -1.142328 -0.955013 0.165000
v -1.139733 -0.955436 0.174564
v -1.125000 -3.855000 0.145000
v -1.145000 -3.835000 0.145000
v -1.125000 -3.835000 0.125000
v -1.134987 -3.852328 0.145000
v -1.125000 -3.852328 0.135013
v -1.134564 -3.849732 0.135436
v -1.142328 -3.835000 0.135013
v -1.142328 -3.844987 0.145000
v -1.139733 -3.844564 0.135436
v -1.125000 -3.844987 0.127672
v -1.134987 -3.835000 0.127672
v -1.134564 -3.844564 0.130268
v -1.125000 -0.945000 0.145000
v -1.125000 -0.965000 0.125000
v -1.145000 -0.965000 0.145000
v -1.125000 -0.947672 0.135013
v -1.134987 -0.947672 0.145000
v -1.134564 -0.950267 0.135436
v -1.134987 -0.965000 0.127672
v -1.125000 -0.955013 0.127672
v -1.134564 -0.955436 0.130267
v -1.142328 -0.955013 0.145000
v -1.142328 -0.965000 0.135013
v -1.139733 -0.955436 0.135436
v -1.095000 -3.855000 0.165000
v -1.075000 -3.835000 0.165000
v -1.095000 -3.835000 0.185000
v -1.085013 -3.852328 0.165000
v -1.095000 -3.852328 0.174987
v -1.085436 -3.849732 0.174564
v -1.077672 -3.835000 0.174987
v -1.077672 -3.844987 0.165000
v -1.080267 -3.844564 0.174564
v -1.095000 -3.844987 0.182328
v -1.085013 -3.835000 0.182328
v -1.085436 -3.844564 0.179733
v -1.095000 -0.945000 0.165000
v -1.095000 -0.965000 0.185000
v -1.075000 -0.965000 0.165000
v -1.095000 -0.947672 0.174987
v -1.085013 -0.947672 0.165000
v -1.085436 -0.950267 0.174564
v -1.085013 -0.965000 0.182328
v -1.095000 -0.955013 0.182328
v -1.085436 -0.955436 0.179733
v -1.077672 -0.955013 0.165000
v -1.077672 -0.965000 0.174987
v -1.080267 -0.955436 0.174564
v -1.095000 -3.855000 0.145000
v -1.095000 -3.835000 0.125000
v -1.075000 -3.835000 0.145000
v -1.095000 -3.852328 0.135013
v -1.085013 -3.852328 0.145000
v -1.085436 -3.849732 0.135436
v -1.085013 -3.835000 0.127672
v -1.095000 -3.844987 0.127672
v -1.085436 -3.844564 0.130268
v -1.077672 -3.844987 0.145000
v -1.077672 -3.835000 0.135013
v -1.080267 -3.844564 0.135436
v -1.095000 -0.945000 0.145000
v -1.075000 -0.965000 0.145000
v -1.095000 -0.965000 0.125000
v -1.085013 -0.947672 0.145000
v -1.095000 -0.947672 0.135013
v -1.085436 -0.950267 0.135436
v -1.077672 -0.965000 0.135013
v -1.077672 -0.955013 0.145000
v -1.080267 -0.955436 0.135436
v -1.095000 -0.955013 0.127672
v -1.085013 -0.965000 0.127672
v -1.085436 -0.955436 0.130267
v 1.090000 -3.800000 0.100000
v 0.190000 -3.800000 0.100000
v 0.190000 -1.000000 0.100000
v 1.090000 -1.000000 0.100000
v 1.090000 -3.800000 0.121000
v 0.190000 -3.800000 0.121000
v 0.190000 -1.000000 0.121000
v 1.090000 -1.000000 0.121000
v 0.930000 -3.640000 0.160000
v 0.350000 -3.640000 0.160000
v 0.350000 -1.160000 0.160000
v 0.930000 -1.160000 0.160000
v 0.170000 -1.015000 0.165000
v 0.170000 -0.995000 0.185000
v 0.150000 -0.995000 0.165000
v 0.170000 -1.012328 0.174987
v 0.160013 -1.012328 0.165000
v 0.160436 -1.009733 0.174564
v 0.160013 -0.995000 0.182328
v 0.170000 -1.004987 0.182328
v 0.160436 -1.004564 0.179733
v 0.152672 -1.004987 0.165000
v 0.152672 -0.995000 0.174987
v 0.155267 -1.004564 0.174564
v 0.170000 -0.965000 0.185000
v 0.170000 -0.945000 0.165000
v 0.150000 -0.965000 0.165000
v 0.170000 -0.955013 0.182328
v 0.160013 -0.965000 0.182328
v 0.160436 -0.955436 0.179733
v 0.160013 -0.947672 0.165000
v 0.170000 -0.947672 0.174987
v 0.160436 -0.950267 0.174564
v 0.152672 -0.965000 0.174987
v 0.152672 -0.955013 0.165000
v 0.155267 -0.955436 0.174564
v 0.170000 -1.015000 0.145000
v 0.150000 -0.995000 0.145000
v 0.170000 -0.995000 0.125000
v 0.160013 -1.012328 0.145000
v 0.170000 -1.012328 0.135013
v 0.160436 -1.009733 0.135436
v 0.152672 -0.995000 0.135013
v 0.152672 -1.004987 0.145000
v 0.155267 -1.004564 0.135436
v 0.170000 -1.004987 0.127672
v 0.160013 -0.995000 0.127672
v 0.160436 -1.004564 0.130267
v 0.170000 -0.945000 0.145000
v 0.170000 -0.965000 0.125000
v 0.150000 -0.965000 0.145000
v 0.170000 -0.947672 0.135013
v 0.160013 -0.947672 0.145000
v 0.160436 -0.950267 0.135436
v 0.160013 -0.965000 0.127672
v 0.170000 -0.955013 0.127672
v 0.160436 -0.955436 0.130267
v 0.152672 -0.955013 0.145000
v 0.152672 -0.965000 0.135013
v 0.155267 -0.955436 0.135436
v 1.110000 -1.015000 0.165000
v 1.130000 -0.995000 0.165000
v 1.110000 -0.995000 0.185000
v 1.119987 -1.012328 0.165000
v 1.110000 -1.012328 0.174987
v 1.119564 -1.009733 0.174564
v 1.127328 -0.995000 0.174987
v 1.127328 -1.004987 0.165000
v 1.124732 -1.004564 0.174564
v 1.110000 -1.004987 0.182328
v 1.119987 -0.995000 0.182328
v 1.119564 -1.004564 0.179733
v 1.110000 -0.945000 0.165000
v 1.110000 -0.965000 0.185000
v 1.130000 -0.965000 0.165000
v 1.110000 -0.947672 0.174987
v 1.119987 -0.947672 0.165000
v 1.119564 -0.950267 0.174564
v 1.119987 -0.965000 0.182328
v 1.110000 -0.955013 0.182328
v 1.119564 -0.955436 0.179733
v 1.127328 -0.955013 0.165000
v 1.127328 -0.965000 0.174987
v 1.124732 -0.955436 0.174564
v 1.110000 -1.015000 0.145000
v 1.110000 -0.995000 0.125000
v 1.130000 -0.995000 0.145000
v 1.110000 -1.012328 0.135013
v 1.119987 -1.012328 0.145000
v 1.119564 -1.009733 0.135436
v 1.119987 -0.995000 0.127672
v 1.110000 -1.004987 0.127672
v 1.119564 -1.004564 0.130267
v 1.127328 -1.004987 0.145000
v 1.127328 -0.995000 0.135013
v 1.124732 -1.004564 0.135436
v 1.110000 -0.945000 0.145000
v 1.130000 -0.965000 0.145000
v 1.110000 -0.965000 0.125000
v 1.119987 -0.947672 0.145000
v 1.110000 -0.947672 0.135013
v 1.119564 -0.950267 0.135436
v 1.127328 -0.965000 0.135013
v 1.127328 -0.955013 0.145000
v 1.124732 -0.955436 0.135436
v 1.110000 -0.955013 0.127672
v 1.119987 -0.965000 0.127672
v 1.119564 -0.955436 0.130267
v 0.170000 -3.855000 0.165000
v 0.170000 -3.835000 0.185000
v 0.150000 -3.835000 0.165000
v 0.170000 -3.852328 0.174987
v 0.160013 -3.852328 0.165000
v 0.160436 -3.849732 0.174564
v 0.160013 -3.835000 0.182328
v 0.170000 -3.844987 0.182328
v 0.160436 -3.844564 0.179733
v 0.152672 -3.844987 0.165000
v 0.152672 -3.835000 0.174987
v 0.155267 -3.844564 0.174564
v 0.170000 -3.805000 0.185000
v 0.170000 -3.785000 0.165000
v 0.150000 -3.805000 0.165000
v 0.170000 -3.795013 0.182328
v 0.160013 -3.805000 0.182328
v 0.160436 -3.795436 0.179733
v 0.160013 -3.787672 0.165000
v 0.170000 -3.787672 0.174987
v 0.160436 -3.790267 0.174564
v 0.152672 -3.805000 0.174987
v 0.152672 -3.795013 0.165000
v 0.155267 -3.795436 0.174564
v 0.170000 -3.855000 0.145000
v 0.150000 -3.835000 0.145000
v 0.170000 -3.835000 0.125000
v 0.160013 -3.852328 0.145000
v 0.170000 -3.852328 0.135013
v 0.160436 -3.849732 0.135436
v 0.152672 -3.835000 0.135013
v 0.152672 -3.844987 0.145000
v 0.155267 -3.844564 0.135436
v 0.170000 -3.844987 0.127672
v 0.160013 -3.835000 0.127672
v 0.160436 -3.844564 0.130268
v 0.170000 -3.785000 0.145000
v 0.170000 -3.805000 0.125000
v 0.150000 -3.805000 0.145000
v 0.170000 -3.787672 0.135013
v 0.160013 -3.787672 0.145000
v 0.160436 -3.790267 0.135436
v 0.160013 -3.805000 0.127672
v 0.170000 -3.795013 0.127672
v 0.160436 -3.795436 0.130268
v 0.152672 -3.795013 0.145000
v 0.152672 -3.805000 0.135013
v 0.155267 -3.795436 0.135436
v 1.110000 -3.855000 0.165000
v 1.130000 -3.835000 0.165000
v 1.110000 -3.835000 0.185000
v 1.119987 -3.852328 0.165000
v 1.110000 -3.852328 0.174987
v 1.119564 -3.849732 0.174564
v 1.127328 -3.835000 0.174987
v 1.127328 -3.844987 0.165000
v 1.124732 -3.844564 0.174564
v 1.110000 -3.844987 0.182328
v 1.119987 -3.835000 0.182328
v 1.119564 -3.844564 0.179733
v 1.110000 -3.785000 0.165000
v 1.110000 -3.805000 0.185000
v 1.130000 -3.805000 0.165000
v 1.110000 -3.787672 0.174987
v 1.119987 -3.787672 0.165000
v 1.119564 -3.790267 0.174564
v 1.119987 -3.805000 0.182328
v 1.110000 -3.795013 0.182328
v 1.119564 -3.795436 0.179733
v 1.127328 -3.795013 0.165000
v 1.127328 -3.805000 0.174987
v 1.124732 -3.795436 0.174564
v 1.110000 -3.855000 0.145000
v 1.110000 -3.835000 0.125000
v 1.130000 -3.835000 0.145000
v 1.110000 -3.852328 0.135013
v 1.119987 -3.852328 0.145000
v 1.119564 -3.849732 0.135436
v 1.119987 -3.835000 0.127672
v 1.110000 -3.844987 0.127672
v 1.119564 -3.844564 0.130268
v 1.127328 -3.844987 0.145000
v 1.127328 -3.835000 0.135013
v 1.124732 -3.844564 0.135436
v 1.110000 -3.785000 0.145000
v 1.130000 -3.805000 0.145000
v 1.110000 -3.805000 0.125000
v 1.119987 -3.787672 0.145000
v 1.110000 -3.787672 0.135013
v 1.119564 -3.790267 0.135436
v 1.127328 -3.805000 0.135013
v 1.127328 -3.795013 0.145000
v 1.124732 -3.795436 0.135436
v 1.110000 -3.795013 0.127672
v 1.119987 -3.805000 0.127672
v 1.119564 -3.795436 0.130268
v 1.095000 -3.855000 0.165000
v 1.095000 -3.835000 0.185000
v 1.075000 -3.835000 0.165000
v 1.095000 -3.852328 0.174987
v 1.085013 -3.852328 0.165000
v 1.085436 -3.849732 0.174564
v 1.085013 -3.835000 0.182328
v 1.095000 -3.844987 0.182328
v 1.085436 -3.844564 0.179733
v 1.077672 -3.844987 0.165000
v 1.077672 -3.835000 0.174987
v 1.080267 -3.844564 0.174564
v 1.095000 -0.965000 0.185000
v 1.095000 -0.945000 0.165000
v 1.075000 -0.965000 0.165000
v 1.095000 -0.955013 0.182328
v 1.085013 -0.965000 0.182328
v 1.085436 -0.955436 0.179733
v 1.085013 -0.947672 0.165000
v 1.095000 -0.947672 0.174987
v 1.085436 -0.950267 0.174564
v 1.077672 -0.965000 0.174987
v 1.077672 -0.955013 0.165000
v 1.080267 -0.955436 0.174564
v 1.095000 -3.855000 0.145000
v 1.075000 -3.835000 0.145000
v 1.095000 -3.835000 0.125000
v 1.085013 -3.852328 0.145000
v 1.095000 -3.852328 0.135013
v 1.085436 -3.849732 0.135436
v 1.077672 -3.835000 0.135013
v 1.077672 -3.844987 0.145000
v 1.080267 -3.844564 0.135436
v 1.095000 -3.844987 0.127672
v 1.085013 -3.835000 0.127672
v 1.085436 -3.844564 0.130268
v 1.095000 -0.945000 0.145000
v 1.095000 -0.965000 0.125000
v 1.075000 -0.965000 0.145000
v 1.095000 -0.947672 0.135013
v 1.085013 -0.947672 0.145000
v 1.085436 -0.950267 0.135436
v 1.085013 -0.965000 0.127672
v 1.095000 -0.955013 0.127672
v 1.085436 -0.955436 0.130267
v 1.077672 -0.955013 0.145000
v 1.077672 -0.965000 0.135013
v 1.080267 -0.955436 0.135436
v 1.125000 -3.855000 0.165000
v 1.145000 -3.835000 0.165000
v 1.125000 -3.835000 0.185000
v 1.134987 -3.852328 0.165000
v 1.125000 -3.852328 0.174987
v 1.134564 -3.849732 0.174564
v 1.142328 -3.835000 0.174987
v 1.142328 -3.844987 0.165000
v 1.139733 -3.844564 0.174564
v 1.125000 -3.844987 0.182328
v 1.134987 -3.835000 0.182328
v 1.134564 -3.844564 0.179733
v 1.125000 -0.945000 0.165000
v 1.125000 -0.965000 0.185000
v 1.145000 -0.965000 0.165000
v 1.125000 -0.947672 0.174987
v 1.134987 -0.947672 0.165000
v 1.134564 -0.950267 0.174564
v 1.134987 -0.965000 0.182328
v 1.125000 -0.955013 0.182328
v 1.134564 -0.955436 0.179733
v 1.142328 -0.955013 0.165000
v 1.142328 -0.965000 0.174987
v 1.139733 -0.955436 0.174564
v 1.125000 -3.855000 0.145000
v 1.125000 -3.835000 0.125000
v 1.145000 -3.835000 0.145000
v 1.125000 -3.852328 0.135013
v 1.134987 -3.852328 0.145000
v 1.134564 -3.849732 0.135436
v 1.134987 -3.835000 0.127672
v 1.125000 -3.844987 0.127672
v 1.134564 -3.844564 0.130268
v 1.142328 -3.844987 0.145000
v 1.142328 -3.835000 0.135013
v 1.139733 -3.844564 0.135436
v 1.125000 -0.945000 0.145000
v 1.145000 -0.965000 0.145000
v 1.125000 -0.965000 0.125000
v 1.134987 -0.947672 0.145000
v 1.125000 -0.947672 0.135013
v 1.134564 -0.950267 0.135436
v 1.142328 -0.965000 0.135013
v 1.142328 -0.955013 0.145000
v 1.139733 -0.955436 0.135436
v 1.125000 -0.955013 0.127672
v 1.134987 -0.965000 0.127672
v 1.134564 -0.955436 0.130267
v 0.155000 -3.855000 0.165000
v 0.155000 -3.835000 0.185000
v 0.135000 -3.835000 0.165000
v 0.155000 -3.852328 0.174987
v 0.145013 -3.852328 0.165000
v 0.145436 -3.849732 0.174564
v 0.145013 -3.835000 0.182328
v 0.155000 -3.844987 0.182328
v 0.145436 -3.844564 0.179733
v 0.137672 -3.844987 0.165000
v 0.137672 -3.835000 0.174987
v 0.140267 -3.844564 0.174564
v 0.155000 -0.965000 0.185000
v 0.155000 -0.945000 0.165000
v 0.135000 -0.965000 0.165000
v 0.155000 -0.955013 0.182328
v 0.145013 -0.965000 0.182328
v 0.145436 -0.955436 0.179733
v 0.145013 -0.947672 0.165000
v 0.155000 -0.947672 0.174987
v 0.145436 -0.950267 0.174564
v 0.137672 -0.965000 0.174987
v 0.137672 -0.955013 0.165000
v 0.140267 -0.955436 0.174564
v 0.155000 -3.855000 0.145000
v 0.135000 -3.835000 0.145000
v 0.155000 -3.835000 0.125000
v 0.145013 -3.852328 0.145000
v 0.155000 -3.852328 0.135013
v 0.145436 -3.849732 0.135436
v 0.137672 -3.835000 0.135013
v 0.137672 -3.844987 0.145000
v 0.140267 -3.844564 0.135436
v 0.155000 -3.844987 0.127672
v 0.145013 -3.835000 0.127672
v 0.145436 -3.844564 0.130268
v 0.155000 -0.945000 0.145000
v 0.155000 -0.965000 0.125000
v 0.135000 -0.965000 0.145000
v 0.155000 -0.947672 0.135013
v 0.145013 -0.947672 0.145000
v 0.145436 -0.950267 0.135436
v 0.145013 -0.965000 0.127672
v 0.155000 -0.955013 0.127672
v 0.145436 -0.955436 0.130267
v 0.137672 -0.955013 0.145000
v 0.137672 -0.965000 0.135013
v 0.140267 -0.955436 0.135436
v 0.185000 -3.855000 0.165000
v 0.205000 -3.835000 0.165000
v 0.185000 -3.835000 0.185000
v 0.194987 -3.852328 0.165000
v 0.185000 -3.852328 0.174987
v 0.194564 -3.849732 0.174564
v 0.202328 -3.835000 0.174987
v 0.202328 -3.844987 0.165000
v 0.199733 -3.844564 0.174564
v 0.185000 -3.844987 0.182328
v 0.194987 -3.835000 0.182328
v 0.194564 -3.844564 0.179733
v 0.185000 -0.945000 0.165000
v 0.185000 -0.965000 0.185000
v 0.205000 -0.965000 0.165000
v 0.185000 -0.947672 0.174987
v 0.194987 -0.947672 0.165000
v 0.194564 -0.950267 0.174564
v 0.194987 -0.965000 0.182328
v 0.185000 -0.955013 0.182328
v 0.194564 -0.955436 0.179733
v 0.202328 -0.955013 0.165000
v 0.202328 -0.965000 0.174987
v 0.199733 -0.955436 0.174564
v 0.185000 -3.855000 0.145000
v 0.185000 -3.835000 0.125000
v 0.205000 -3.835000 0.145000
v 0.185000 -3.852328 0.135013
v 0.194987 -3.852328 0.145000
v 0.194564 -3.849732 0.135436
v 0.194987 -3.835000 0.127672
v 0.185000 -3.844987 0.127672
v 0.194564 -3.844564 0.130268
v 0.202328 -3.844987 0.145000
v 0.202328 -3.835000 0.135013
v 0.199733 -3.844564 0.135436
v 0.185000 -0.945000 0.145000
v 0.205000 -0.965000 0.145000
v 0.185000 -0.965000 0.125000
v 0.194987 -0.947672 0.145000
v 0.185000 -0.947672 0.135013
v 0.194564 -0.950267 0.135436
v 0.202328 -0.965000 0.135013
v 0.202328 -0.955013 0.145000
v 0.199733 -0.955436 0.135436
v 0.185000 -0.955013 0.127672
v 0.194987 -0.965000 0.127672
v 0.194564 -0.955436 0.130267
v -1.635000 -4.800000 -0.115000
v -1.635000 -4.785000 -0.100000
v -1.650000 -4.785000 -0.115000
v -1.635000 -4.795607 -0.104393
v -1.643660 -4.793661 -0.106340
v -1.645607 -4.785000 -0.104393
v -1.645607 -4.795607 -0.115000
v -1.635000 4.785000 -0.100000
v -1.635000 4.800000 -0.115000
v -1.650000 4.785000 -0.115000
v -1.635000 4.795607 -0.104394
v -1.643660 4.793661 -0.106340
v -1.645607 4.795607 -0.115000
v -1.645607 4.785000 -0.104394
v -1.635000 -4.800000 -0.145000
v -1.650000 -4.785000 -0.145000
v -1.635000 -4.785000 -0.160000
v -1.645607 -4.795607 -0.145000
v -1.643660 -4.793661 -0.153660
v -1.645607 -4.785000 -0.155606
v -1.635000 -4.795607 -0.155606
v -1.635000 4.800000 -0.145000
v -1.635000 4.785000 -0.160000
v -1.650000 4.785000 -0.145000
v -1.635000 4.795607 -0.155607
v -1.643660 4.793661 -0.153660
v -1.645607 4.785000 -0.155607
v -1.645607 4.795607 -0.145000
v -1.115000 -4.800000 -0.115000
v -1.100000 -4.785000 -0.115000
v -1.115000 -4.785000 -0.100000
v -1.104393 -4.795607 -0.115000
v -1.106340 -4.793661 -0.106340
v -1.104393 -4.785000 -0.104393
v -1.115000 -4.795607 -0.104393
v -1.115000 4.800000 -0.115000
v -1.115000 4.785000 -0.100000
v -1.100000 4.785000 -0.115000
v -1.115000 4.795607 -0.104394
v -1.106340 4.793661 -0.106340
v -1.104393 4.785000 -0.104394
v -1.104393 4.795607 -0.115000
v -1.115000 -4.800000 -0.145000
v -1.115000 -4.785000 -0.160000
v -1.100000 -4.785000 -0.145000
v -1.115000 -4.795607 -0.155606
v -1.106340 -4.793661 -0.153660
v -1.104393 -4.785000 -0.155606
v -1.104393 -4.795607 -0.145000
v -1.115000 4.800000 -0.145000
v -1.100000 4.785000 -0.145000
v -1.115000 4.785000 -0.160000
v -1.104393 4.795607 -0.145000
v -1.106340 4.793661 -0.153660
v -1.104393 4.785000 -0.155607
v -1.115000 4.795607 -0.155607
v 1.115000 -4.800000 -0.115000
v 1.115000 -4.785000 -0.100000
v 1.100000 -4.785000 -0.115000
v 1.115000 -4.795607 -0.104393
v 1.106340 -4.793661 -0.106340
v 1.104393 -4.785000 -0.104393
v 1.104393 -4.795607 -0.115000
v 1.115000 4.785000 -0.100000
v 1.115000 4.800000 -0.115000
v 1.100000 4.785000 -0.115000
v 1.115000 4.795607 -0.104394
v 1.106340 4.793661 -0.106340
v 1.104393 4.795607 -0.115000
v 1.104393 4.785000 -0.104394
v 1.115000 -4.800000 -0.145000
v 1.100000 -4.785000 -0.145000
v 1.115000 -4.785000 -0.160000
v 1.104393 -4.795607 -0.145000
v 1.106340 -4.793661 -0.153660
v 1.104393 -4.785000 -0.155606
v 1.115000 -4.795607 -0.155606
v 1.115000 4.800000 -0.145000
v 1.115000 4.785000 -0.160000
v 1.100000 4.785000 -0.145000
v 1.115000 4.795607 -0.155607
v 1.106340 4.793661 -0.153660
v 1.104393 4.785000 -0.155607
v 1.104393 4.795607 -0.145000
v 1.635000 -4.800000 -0.115000
v 1.650000 -4.785000 -0.115000
v 1.635000 -4.785000 -0.100000
v 1.645607 -4.795607 -0.115000
v 1.643660 -4.793661 -0.106340
v 1.645607 -4.785000 -0.104393
v 1.635000 -4.795607 -0.104393
v 1.635000 4.800000 -0.115000
v 1.635000 4.785000 -0.100000
v 1.650000 4.785000 -0.115000
v 1.635000 4.795607 -0.104394
v 1.643660 4.793661 -0.106340
v 1.645607 4.785000 -0.104394
v 1.645607 4.795607 -0.115000
v 1.635000 -4.800000 -0.145000
v 1.635000 -4.785000 -0.160000
v 1.650000 -4.785000 -0.145000
v 1.635000 -4.795607 -0.155606
v 1.643660 -4.793661 -0.153660
v 1.645607 -4.785000 -0.155606
v 1.645607 -4.795607 -0.145000
v 1.635000 4.800000 -0.145000
v 1.650000 4.785000 -0.145000
v 1.635000 4.785000 -0.160000
v 1.645607 4.795607 -0.145000
v 1.643660 4.793661 -0.153660
v 1.645607 4.785000 -0.155607
v 1.635000 4.795607 -0.155607
v -1.088000 4.250000 -0.117000
v -1.088000 4.262000 -0.105000
v -1.100000 4.262000 -0.117000
v -1.088000 4.253515 -0.108515
v -1.094928 4.255072 -0.110072
v -1.096485 4.262000 -0.108515
v -1.096485 4.253515 -0.117000
v -1.088000 4.788000 -0.105000
v -1.088000 4.800000 -0.117000
v -1.100000 4.788000 -0.117000
v -1.088000 4.796485 -0.108515
v -1.094928 4.794929 -0.110072
v -1.096485 4.796485 -0.117000
v -1.096485 4.788000 -0.108515
v -1.088000 4.250000 -0.143000
v -1.100000 4.262000 -0.143000
v -1.088000 4.262000 -0.155000
v -1.096485 4.253515 -0.143000
v -1.094928 4.255072 -0.149928
v -1.096485 4.262000 -0.151485
v -1.088000 4.253515 -0.151485
v -1.088000 4.800000 -0.143000
v -1.088000 4.788000 -0.155000
v -1.100000 4.788000 -0.143000
v -1.088000 4.796485 -0.151485
v -1.094928 4.794929 -0.149928
v -1.096485 4.788000 -0.151485
v -1.096485 4.796485 -0.143000
v 1.088000 4.250000 -0.117000
v 1.100000 4.262000 -0.117000
v 1.088000 4.262000 -0.105000
v 1.096485 4.253515 -0.117000
v 1.094928 4.255072 -0.110072
v 1.096485 4.262000 -0.108515
v 1.088000 4.253515 -0.108515
v 1.088000 4.800000 -0.117000
v 1.088000 4.788000 -0.105000
v 1.100000 4.788000 -0.117000
v 1.088000 4.796485 -0.108515
v 1.094928 4.794929 -0.110072
v 1.096485 4.788000 -0.108515
v 1.096485 4.796485 -0.117000
v 1.088000 4.250000 -0.143000
v 1.088000 4.262000 -0.155000
v 1.100000 4.262000 -0.143000
v 1.088000 4.253515 -0.151485
v 1.094928 4.255072 -0.149928
v 1.096485 4.262000 -0.151485
v 1.096485 4.253515 -0.143000
v 1.088000 4.800000 -0.143000
v 1.100000 4.788000 -0.143000
v 1.088000 4.788000 -0.155000
v 1.096485 4.796485 -0.143000
v 1.094928 4.794929 -0.149928
v 1.096485 4.788000 -0.151485
v 1.088000 4.796485 -0.151485
v -1.088000 -1.000000 -0.117000
v -1.088000 -0.988000 -0.105000
v -1.100000 -0.988000 -0.117000
v -1.088000 -0.996485 -0.108515
v -1.094928 -0.994928 -0.110072
v -1.096485 -0.988000 -0.108515
v -1.096485 -0.996485 -0.117000
v -1.088000 -0.212000 -0.105000
v -1.088000 -0.200000 -0.117000
v -1.100000 -0.212000 -0.117000
v -1.088000 -0.203515 -0.108515
v -1.094928 -0.205072 -0.110072
v -1.096485 -0.203515 -0.117000
v -1.096485 -0.212000 -0.108515
v -1.088000 -1.000000 -0.143000
v -1.100000 -0.988000 -0.143000
v -1.088000 -0.988000 -0.155000
v -1.096485 -0.996485 -0.143000
v -1.094928 -0.994928 -0.149928
v -1.096485 -0.988000 -0.151485
v -1.088000 -0.996485 -0.151485
v -1.088000 -0.200000 -0.143000
v -1.088000 -0.212000 -0.155000
v -1.100000 -0.212000 -0.143000
v -1.088000 -0.203515 -0.151485
v -1.094928 -0.205072 -0.149928
v -1.096485 -0.212000 -0.151485
v -1.096485 -0.203515 -0.143000
v 1.088000 -1.000000 -0.117000
v 1.100000 -0.988000 -0.117000
v 1.088000 -0.988000 -0.105000
v 1.096485 -0.996485 -0.117000
v 1.094928 -0.994928 -0.110072
v 1.096485 -0.988000 -0.108515
v 1.088000 -0.996485 -0.108515
v 1.088000 -0.200000 -0.117000
v 1.088000 -0.212000 -0.105000
v 1.100000 -0.212000 -0.117000
v 1.088000 -0.203515 -0.108515
v 1.094928 -0.205072 -0.110072
v 1.096485 -0.212000 -0.108515
v 1.096485 -0.203515 -0.117000
v 1.088000 -1.000000 -0.143000
v 1.088000 -0.988000 -0.155000
v 1.100000 -0.988000 -0.143000
v 1.088000 -0.996485 -0.151485
v 1.094928 -0.994928 -0.149928
v 1.096485 -0.988000 -0.151485
v 1.096485 -0.996485 -0.143000
v 1.088000 -0.200000 -0.143000
v 1.100000 -0.212000 -0.143000
v 1.088000 -0.212000 -0.155000
v 1.096485 -0.203515 -0.143000
v 1.094928 -0.205072 -0.149928
v 1.096485 -0.212000 -0.151485
v 1.088000 -0.203515 -0.151485
v -1.088000 -4.800000 -0.117000
v -1.088000 -4.788000 -0.105000
v -1.100000 -4.788000 -0.117000
v -1.088000 -4.796485 -0.108515
v -1.094928 -4.794929 -0.110072
v -1.096485 -4.788000 -0.108515
v -1.096485 -4.796485 -0.117000
v -1.088000 -3.812000 -0.105000
v -1.088000 -3.800000 -0.117000
v -1.100000 -3.812000 -0.117000
v -1.088000 -3.803515 -0.108515
v -1.094928 -3.805072 -0.110072
v -1.096485 -3.803515 -0.117000
v -1.096485 -3.812000 -0.108515
v -1.088000 -4.800000 -0.143000
v -1.100000 -4.788000 -0.143000
v -1.088000 -4.788000 -0.155000
v -1.096485 -4.796485 -0.143000
v -1.094928 -4.794929 -0.149928
v -1.096485 -4.788000 -0.151485
v -1.088000 -4.796485 -0.151485
v -1.088000 -3.800000 -0.143000
v -1.088000 -3.812000 -0.155000
v -1.100000 -3.812000 -0.143000
v -1.088000 -3.803515 -0.151485
v -1.094928 -3.805072 -0.149928
v -1.096485 -3.812000 -0.151485
v -1.096485 -3.803515 -0.143000
v 1.088000 -4.800000 -0.117000
v 1.100000 -4.788000 -0.117000
v 1.088000 -4.788000 -0.105000
v 1.096485 -4.796485 -0.117000
v 1.094928 -4.794929 -0.110072
v 1.096485 -4.788000 -0.108515
v 1.088000 -4.796485 -0.108515
v 1.088000 -3.800000 -0.117000
v 1.088000 -3.812000 -0.105000
v 1.100000 -3.812000 -0.117000
v 1.088000 -3.803515 -0.108515
v 1.094928 -3.805072 -0.110072
v 1.096485 -3.812000 -0.108515
v 1.096485 -3.803515 -0.117000
v 1.088000 -4.800000 -0.143000
v 1.088000 -4.788000 -0.155000
v 1.100000 -4.788000 -0.143000
v 1.088000 -4.796485 -0.151485
v 1.094928 -4.794929 -0.149928
v 1.096485 -4.788000 -0.151485
v 1.096485 -4.796485 -0.143000
v 1.088000 -3.800000 -0.143000
v 1.100000 -3.812000 -0.143000
v 1.088000 -3.812000 -0.155000
v 1.096485 -3.803515 -0.143000
v 1.094928 -3.805072 -0.149928
v 1.096485 -3.812000 -0.151485
v 1.088000 -3.803515 -0.151485
v -0.168000 -0.200000 -0.117000
v -0.168000 -0.188000 -0.105000
v -0.180000 -0.188000 -0.117000
v -0.168000 -0.196485 -0.108515
v -0.174928 -0.194928 -0.110072
v -0.176485 -0.188000 -0.108515
v -0.176485 -0.196485 -0.117000
v -0.168000 4.238000 -0.105000
v -0.168000 4.250000 -0.117000
v -0.180000 4.238000 -0.117000
v -0.168000 4.246485 -0.108515
v -0.174928 4.244928 -0.110072
v -0.176485 4.246485 -0.117000
v -0.176485 4.238000 -0.108515
v -0.168000 -0.200000 -0.143000
v -0.180000 -0.188000 -0.143000
v -0.168000 -0.188000 -0.155000
v -0.176485 -0.196485 -0.143000
v -0.174928 -0.194928 -0.149928
v -0.176485 -0.188000 -0.151485
v -0.168000 -0.196485 -0.151485
v -0.168000 4.250000 -0.143000
v -0.168000 4.238000 -0.155000
v -0.180000 4.238000 -0.143000
v -0.168000 4.246485 -0.151485
v -0.174928 4.244928 -0.149928
v -0.176485 4.238000 -0.151485
v -0.176485 4.246485 -0.143000
v 0.168000 -0.200000 -0.117000
v 0.180000 -0.188000 -0.117000
v 0.168000 -0.188000 -0.105000
v 0.176485 -0.196485 -0.117000
v 0.174928 -0.194928 -0.110072
v 0.176485 -0.188000 -0.108515
v 0.168000 -0.196485 -0.108515
v 0.168000 4.250000 -0.117000
v 0.168000 4.238000 -0.105000
v 0.180000 4.238000 -0.117000
v 0.168000 4.246485 -0.108515
v 0.174928 4.244928 -0.110072
v 0.176485 4.238000 -0.108515
v 0.176485 4.246485 -0.117000
v 0.168000 -0.200000 -0.143000
v 0.168000 -0.188000 -0.155000
v 0.180000 -0.188000 -0.143000
v 0.168000 -0.196485 -0.151485
v 0.174928 -0.194928 -0.149928
v 0.176485 -0.188000 -0.151485
v 0.176485 -0.196485 -0.143000
v 0.168000 4.250000 -0.143000
v 0.180000 4.238000 -0.143000
v 0.168000 4.238000 -0.155000
v 0.176485 4.246485 -0.143000
v 0.174928 4.244928 -0.149928
v 0.176485 4.238000 -0.151485
v 0.168000 4.246485 -0.151485
v -0.168000 -3.800000 -0.117000
v -0.168000 -3.788000 -0.105000
v -0.180000 -3.788000 -0.117000
v -0.168000 -3.796485 -0.108515
v -0.174928 -3.794928 -0.110072
v -0.176485 -3.788000 -0.108515
v -0.176485 -3.796485 -0.117000
v -0.168000 -1.012000 -0.105000
v -0.168000 -1.000000 -0.117000
v -0.180000 -1.012000 -0.117000
v -0.168000 -1.003515 -0.108515
v -0.174928 -1.005072 -0.110072
v -0.176485 -1.003515 -0.117000
v -0.176485 -1.012000 -0.108515
v -0.168000 -3.800000 -0.143000
v -0.180000 -3.788000 -0.143000
v -0.168000 -3.788000 -0.155000
v -0.176485 -3.796485 -0.143000
v -0.174928 -3.794928 -0.149928
v -0.176485 -3.788000 -0.151485
v -0.168000 -3.796485 -0.151485
v -0.168000 -1.000000 -0.143000
v -0.168000 -1.012000 -0.155000
v -0.180000 -1.012000 -0.143000
v -0.168000 -1.003515 -0.151485
v -0.174928 -1.005072 -0.149928
v -0.176485 -1.012000 -0.151485
v -0.176485 -1.003515 -0.143000
v 0.168000 -3.800000 -0.117000
v 0.180000 -3.788000 -0.117000
v 0.168000 -3.788000 -0.105000
v 0.176485 -3.796485 -0.117000
v 0.174928 -3.794928 -0.110072
v 0.176485 -3.788000 -0.108515
v 0.168000 -3.796485 -0.108515
v 0.168000 -1.000000 -0.117000
v 0.168000 -1.012000 -0.105000
v 0.180000 -1.012000 -0.117000
v 0.168000 -1.003515 -0.108515
v 0.174928 -1.005072 -0.110072
v 0.176485 -1.012000 -0.108515
v 0.176485 -1.003515 -0.117000
v 0.168000 -3.800000 -0.143000
v 0.168000 -3.788000 -0.155000
v 0.180000 -3.788000 -0.143000
v 0.168000 -3.796485 -0.151485
v 0.174928 -3.794928 -0.149928
v 0.176485 -3.788000 -0.151485
v 0.176485 -3.796485 -0.143000
v 0.168000 -1.000000 -0.143000
v 0.180000 -1.012000 -0.143000
v 0.168000 -1.012000 -0.155000
v 0.176485 -1.003515 -0.143000
v 0.174928 -1.005072 -0.149928
v 0.176485 -1.012000 -0.151485
v 0.168000 -1.003515 -0.151485
v -1.090000 -0.200000 -0.100000
v -0.190000 -0.200000 -0.100000
v -0.190000 4.250000 -0.100000
v -1.090000 4.250000 -0.100000
v -1.090000 -0.200000 -0.121000
v -0.190000 -0.200000 -0.121000
v -0.190000 4.250000 -0.121000
v -1.090000 4.250000 -0.121000
v -0.930000 -0.040000 -0.160000
v -0.350000 -0.040000 -0.160000
v -0.350000 4.090000 -0.160000
v -0.930000 4.090000 -0.160000
v -1.110000 4.235000 -0.145000
v -1.110000 4.255000 -0.125000
v -1.130000 4.255000 -0.145000
v -1.110000 4.237672 -0.135013
v -1.119987 4.237672 -0.145000
v -1.119564 4.240267 -0.135436
v -1.119987 4.255000 -0.127672
v -1.110000 4.245013 -0.127672
v -1.119564 4.245436 -0.130268
v -1.127328 4.245013 -0.145000
v -1.127328 4.255000 -0.135013
v -1.124732 4.245436 -0.135436
v -1.110000 4.285000 -0.125000
v -1.110000 4.305000 -0.145000
v -1.130000 4.285000 -0.145000
v -1.110000 4.294987 -0.127672
v -1.119987 4.285000 -0.127672
v -1.119564 4.294564 -0.130268
v -1.119987 4.302328 -0.145000
v -1.110000 4.302328 -0.135013
v -1.119564 4.299733 -0.135436
v -1.127328 4.285000 -0.135013
v -1.127328 4.294987 -0.145000
v -1.124732 4.294564 -0.135436
v -1.110000 4.235000 -0.165000
v -1.130000 4.255000 -0.165000
v -1.110000 4.255000 -0.185000
v -1.119987 4.237672 -0.165000
v -1.110000 4.237672 -0.174987
v -1.119564 4.240267 -0.174564
v -1.127328 4.255000 -0.174987
v -1.127328 4.245013 -0.165000
v -1.124732 4.245436 -0.174564
v -1.110000 4.245013 -0.182328
v -1.119987 4.255000 -0.182328
v -1.119564 4.245436 -0.179733
v -1.110000 4.305000 -0.165000
v -1.110000 4.285000 -0.185000
v -1.130000 4.285000 -0.165000
v -1.110000 4.302328 -0.174987
v -1.119987 4.302328 -0.165000
v -1.119564 4.299733 -0.174564
v -1.119987 4.285000 -0.182328
v -1.110000 4.294987 -0.182328
v -1.119564 4.294564 -0.179733
v -1.127328 4.294987 -0.165000
v -1.127328 4.285000 -0.174987
v -1.124732 4.294564 -0.174564
v -0.170000 4.235000 -0.145000
v -0.150000 4.255000 -0.145000
v -0.170000 4.255000 -0.125000
v -0.160013 4.237672 -0.145000
v -0.170000 4.237672 -0.135013
v -0.160436 4.240267 -0.135436
v -0.152672 4.255000 -0.135013
v -0.152672 4.245013 -0.145000
v -0.155267 4.245436 -0.135436
v -0.170000 4.245013 -0.127672
v -0.160013 4.255000 -0.127672
v -0.160436 4.245436 -0.130268
v -0.170000 4.305000 -0.145000
v -0.170000 4.285000 -0.125000
v -0.150000 4.285000 -0.145000
v -0.170000 4.302328 -0.135013
v -0.160013 4.302328 -0.145000
v -0.160436 4.299733 -0.135436
v -0.160013 4.285000 -0.127672
v -0.170000 4.294987 -0.127672
v -0.160436 4.294564 -0.130268
v -0.152672 4.294987 -0.145000
v -0.152672 4.285000 -0.135013
v -0.155267 4.294564 -0.135436
v -0.170000 4.235000 -0.165000
v -0.170000 4.255000 -0.185000
v -0.150000 4.255000 -0.165000
v -0.170000 4.237672 -0.174987
v -0.160013 4.237672 -0.165000
v -0.160436 4.240267 -0.174564
v -0.160013 4.255000 -0.182328
v -0.170000 4.245013 -0.182328
v -0.160436 4.245436 -0.179733
v -0.152672 4.245013 -0.165000
v -0.152672 4.255000 -0.174987
v -0.155267 4.245436 -0.174564
v -0.170000 4.305000 -0.165000
v -0.150000 4.285000 -0.165000
v -0.170000 4.285000 -0.185000
v -0.160013 4.302328 -0.165000
v -0.170000 4.302328 -0.174987
v -0.160436 4.299733 -0.174564
v -0.152672 4.285000 -0.174987
v -0.152672 4.294987 -0.165000
v -0.155267 4.294564 -0.174564
v -0.170000 4.294987 -0.182328
v -0.160013 4.285000 -0.182328
v -0.160436 4.294564 -0.179733
v -1.110000 -0.255000 -0.145000
v -1.110000 -0.235000 -0.125000
v -1.130000 -0.235000 -0.145000
v -1.110000 -0.252328 -0.135013
v -1.119987 -0.252328 -0.145000
v -1.119564 -0.249733 -0.135436
v -1.119987 -0.235000 -0.127672
v -1.110000 -0.244987 -0.127672
v -1.119564 -0.244564 -0.130267
v -1.127328 -0.244987 -0.145000
v -1.127328 -0.235000 -0.135013
v -1.124732 -0.244564 -0.135436
v -1.110000 -0.205000 -0.125000
v -1.110000 -0.185000 -0.145000
v -1.130000 -0.205000 -0.145000
v -1.110000 -0.195013 -0.127672
v -1.119987 -0.205000 -0.127672
v -1.119564 -0.195436 -0.130267
v -1.119987 -0.187672 -0.145000
v -1.110000 -0.187672 -0.135013
v -1.119564 -0.190267 -0.135436
v -1.127328 -0.205000 -0.135013
v -1.127328 -0.195013 -0.145000
v -1.124732 -0.195436 -0.135436
v -1.110000 -0.255000 -0.165000
v -1.130000 -0.235000 -0.165000
v -1.110000 -0.235000 -0.185000
v -1.119987 -0.252328 -0.165000
v -1.110000 -0.252328 -0.174987
v -1.119564 -0.249733 -0.174564
v -1.127328 -0.235000 -0.174987
v -1.127328 -0.244987 -0.165000
v -1.124732 -0.244564 -0.174564
v -1.110000 -0.244987 -0.182328
v -1.119987 -0.235000 -0.182328
v -1.119564 -0.244564 -0.179733
v -1.110000 -0.185000 -0.165000
v -1.110000 -0.205000 -0.185000
v -1.130000 -0.205000 -0.165000
v -1.110000 -0.187672 -0.174987
v -1.119987 -0.187672 -0.165000
v -1.119564 -0.190267 -0.174564
v -1.119987 -0.205000 -0.182328
v -1.110000 -0.195013 -0.182328
v -1.119564 -0.195436 -0.179733
v -1.127328 -0.195013 -0.165000
v -1.127328 -0.205000 -0.174987
v -1.124732 -0.195436 -0.174564
v -0.170000 -0.255000 -0.145000
v -0.150000 -0.235000 -0.145000
v -0.170000 -0.235000 -0.125000
v -0.160013 -0.252328 -0.145000
v -0.170000 -0.252328 -0.135013
v -0.160436 -0.249733 -0.135436
v -0.152672 -0.235000 -0.135013
v -0.152672 -0.244987 -0.145000
v -0.155267 -0.244564 -0.135436
v -0.170000 -0.244987 -0.127672
v -0.160013 -0.235000 -0.127672
v -0.160436 -0.244564 -0.130267
v -0.170000 -0.185000 -0.145000
v -0.170000 -0.205000 -0.125000
v -0.150000 -0.205000 -0.145000
v -0.170000 -0.187672 -0.135013
v -0.160013 -0.187672 -0.145000
v -0.160436 -0.190267 -0.135436
v -0.160013 -0.205000 -0.127672
v -0.170000 -0.195013 -0.127672
v -0.160436 -0.195436 -0.130267
v -0.152672 -0.195013 -0.145000
v -0.152672 -0.205000 -0.135013
v -0.155267 -0.195436 -0.135436
v -0.170000 -0.255000 -0.165000
v -0.170000 -0.235000 -0.185000
v -0.150000 -0.235000 -0.165000
v -0.170000 -0.252328 -0.174987
v -0.160013 -0.252328 -0.165000
v -0.160436 -0.249733 -0.174564
v -0.160013 -0.235000 -0.182328
v -0.170000 -0.244987 -0.182328
v -0.160436 -0.244564 -0.179733
v -0.152672 -0.244987 -0.165000
v -0.152672 -0.235000 -0.174987
v -0.155267 -0.244564 -0.174564
v -0.170000 -0.185000 -0.165000
v -0.150000 -0.205000 -0.165000
v -0.170000 -0.205000 -0.185000
v -0.160013 -0.187672 -0.165000
v -0.170000 -0.187672 -0.174987
v -0.160436 -0.190267 -0.174564
v -0.152672 -0.205000 -0.174987
v -0.152672 -0.195013 -0.165000
v -0.155267 -0.195436 -0.174564
v -0.170000 -0.195013 -0.182328
v -0.160013 -0.205000 -0.182328
v -0.160436 -0.195436 -0.179733
v -0.185000 -0.255000 -0.145000
v -0.185000 -0.235000 -0.125000
v -0.205000 -0.235000 -0.145000
v -0.185000 -0.252328 -0.135013
v -0.194987 -0.252328 -0.145000
v -0.194564 -0.249733 -0.135436
v -0.194987 -0.235000 -0.127672
v -0.185000 -0.244987 -0.127672
v -0.194564 -0.244564 -0.130267
v -0.202328 -0.244987 -0.145000
v -0.202328 -0.235000 -0.135013
v -0.199733 -0.244564 -0.135436
v -0.185000 4.285000 -0.125000
v -0.185000 4.305000 -0.145000
v -0.205000 4.285000 -0.145000
v -0.185000 4.294987 -0.127672
v -0.194987 4.285000 -0.127672
v -0.194564 4.294564 -0.130268
v -0.194987 4.302328 -0.145000
v -0.185000 4.302328 -0.135013
v -0.194564 4.299733 -0.135436
v -0.202328 4.285000 -0.135013
v -0.202328 4.294987 -0.145000
v -0.199733 4.294564 -0.135436
v -0.185000 -0.255000 -0.165000
v -0.205000 -0.235000 -0.165000
v -0.185000 -0.235000 -0.185000
v -0.194987 -0.252328 -0.165000
v -0.185000 -0.252328 -0.174987
v -0.194564 -0.249733 -0.174564
v -0.202328 -0.235000 -0.174987
v -0.202328 -0.244987 -0.165000
v -0.199733 -0.244564 -0.174564
v -0.185000 -0.244987 -0.182328
v -0.194987 -0.235000 -0.182328
v -0.194564 -0.244564 -0.179733
v -0.185000 4.305000 -0.165000
v -0.185000 4.285000 -0.185000
v -0.205000 4.285000 -0.165000
v -0.185000 4.302328 -0.174987
v -0.194987 4.302328 -0.165000
v -0.194564 4.299733 -0.174564
v -0.194987 4.285000 -0.182328
v -0.185000 4.294987 -0.182328
v -0.194564 4.294564 -0.179733
v -0.202328 4.294987 -0.165000
v -0.202328 4.285000 -0.174987
v -0.199733 4.294564 -0.174564
v -0.155000 -0.255000 -0.145000
v -0.135000 -0.235000 -0.145000
v -0.155000 -0.235000 -0.125000
v -0.145013 -0.252328 -0.145000
v -0.155000 -0.252328 -0.135013
v -0.145436 -0.249733 -0.135436
v -0.137672 -0.235000 -0.135013
v -0.137672 -0.244987 -0.145000
v -0.140267 -0.244564 -0.135436
v -0.155000 -0.244987 -0.127672
v -0.145013 -0.235000 -0.127672
v -0.145436 -0.244564 -0.130267
v -0.155000 4.305000 -0.145000
v -0.155000 4.285000 -0.125000
v -0.135000 4.285000 -0.145000
v -0.155000 4.302328 -0.135013
v -0.145013 4.302328 -0.145000
v -0.145436 4.299733 -0.135436
v -0.145013 4.285000 -0.127672
v -0.155000 4.294987 -0.127672
v -0.145436 4.294564 -0.130268
v -0.137672 4.294987 -0.145000
v -0.137672 4.285000 -0.135013
v -0.140267 4.294564 -0.135436
v -0.155000 -0.255000 -0.165000
v -0.155000 -0.235000 -0.185000
v -0.135000 -0.235000 -0.165000
v -0.155000 -0.252328 -0.174987
v -0.145013 -0.252328 -0.165000
v -0.145436 -0.249733 -0.174564
v -0.145013 -0.235000 -0.182328
v -0.155000 -0.244987 -0.182328
v -0.145436 -0.244564 -0.179733
v -0.137672 -0.244987 -0.165000
v -0.137672 -0.235000 -0.174987
v -0.140267 -0.244564 -0.174564
v -0.155000 4.305000 -0.165000
v -0.135000 4.285000 -0.165000
v -0.155000 4.285000 -0.185000
v -0.145013 4.302328 -0.165000
v -0.155000 4.302328 -0.174987
v -0.145436 4.299733 -0.174564
v -0.137672 4.285000 -0.174987
v -0.137672 4.294987 -0.165000
v -0.140267 4.294564 -0.174564
v -0.155000 4.294987 -0.182328
v -0.145013 4.285000 -0.182328
v -0.145436 4.294564 -0.179733
v -1.125000 -0.255000 -0.145000
v -1.125000 -0.235000 -0.125000
v -1.145000 -0.235000 -0.145000
v -1.125000 -0.252328 -0.135013
v -1.134987 -0.252328 -0.145000
v -1.134564 -0.249733 -0.135436
v -1.134987 -0.235000 -0.127672
v -1.125000 -0.244987 -0.127672
v -1.134564 -0.244564 -0.130267
v -1.142328 -0.244987 -0.145000
v -1.142328 -0.235000 -0.135013
v -1.139733 -0.244564 -0.135436
v -1.125000 4.285000 -0.125000
v -1.125000 4.305000 -0.145000
v -1.145000 4.285000 -0.145000
v -1.125000 4.294987 -0.127672
v -1.134987 4.285000 -0.127672
v -1.134564 4.294564 -0.130268
v -1.134987 4.302328 -0.145000
v -1.125000 4.302328 -0.135013
v -1.134564 4.299733 -0.135436
v -1.142328 4.285000 -0.135013
v -1.142328 4.294987 -0.145000
v -1.139733 4.294564 -0.135436
v -1.125000 -0.255000 -0.165000
v -1.145000 -0.235000 -0.165000
v -1.125000 -0.235000 -0.185000
v -1.134987 -0.252328 -0.165000
v -1.125000 -0.252328 -0.174987
v -1.134564 -0.249733 -0.174564
v -1.142328 -0.235000 -0.174987
v -1.142328 -0.244987 -0.165000
v -1.139733 -0.244564 -0.174564
v -1.125000 -0.244987 -0.182328
v -1.134987 -0.235000 -0.182328
v -1.134564 -0.244564 -0.179733
v -1.125000 4.305000 -0.165000
v -1.125000 4.285000 -0.185000
v -1.145000 4.285000 -0.165000
v -1.125000 4.302328 -0.174987
v -1.134987 4.302328 -0.165000
v -1.134564 4.299733 -0.174564
v -1.134987 4.285000 -0.182328
v -1.125000 4.294987 -0.182328
v -1.134564 4.294564 -0.179733
v -1.142328 4.294987 -0.165000
v -1.142328 4.285000 -0.174987
v -1.139733 4.294564 -0.174564
v -1.095000 -0.255000 -0.145000
v -1.075000 -0.235000 -0.145000
v -1.095000 -0.235000 -0.125000
v -1.085013 -0.252328 -0.145000
v -1.095000 -0.252328 -0.135013
v -1.085436 -0.249733 -0.135436
v -1.077672 -0.235000 -0.135013
v -1.077672 -0.244987 -0.145000
v -1.080267 -0.244564 -0.135436
v -1.095000 -0.244987 -0.127672
v -1.085013 -0.235000 -0.127672
v -1.085436 -0.244564 -0.130267
v -1.095000 4.305000 -0.145000
v -1.095000 4.285000 -0.125000
v -1.075000 4.285000 -0.145000
v -1.095000 4.302328 -0.135013
v -1.085013 4.302328 -0.145000
v -1.085436 4.299733 -0.135436
v -1.085013 4.285000 -0.127672
v -1.095000 4.294987 -0.127672
v -1.085436 4.294564 -0.130268
v -1.077672 4.294987 -0.145000
v -1.077672 4.285000 -0.135013
v -1.080267 4.294564 -0.135436
v -1.095000 -0.255000 -0.165000
v -1.095000 -0.235000 -0.185000
v -1.075000 -0.235000 -0.165000
v -1.095000 -0.252328 -0.174987
v -1.085013 -0.252328 -0.165000
v -1.085436 -0.249733 -0.174564
v -1.085013 -0.235000 -0.182328
v -1.095000 -0.244987 -0.182328
v -1.085436 -0.244564 -0.179733
v -1.077672 -0.244987 -0.165000
v -1.077672 -0.235000 -0.174987
v -1.080267 -0.244564 -0.174564
v -1.095000 4.305000 -0.165000
v -1.075000 4.285000 -0.165000
v -1.095000 4.285000 -0.185000
v -1.085013 4.302328 -0.165000
v -1.095000 4.302328 -0.174987
v -1.085436 4.299733 -0.174564
v -1.077672 4.285000 -0.174987
v -1.077672 4.294987 -0.165000
v -1.080267 4.294564 -0.174564
v -1.095000 4.294987 -0.182328
v -1.085013 4.285000 -0.182328
v -1.085436 4.294564 -0.179733
v 0.190000 -0.200000 -0.100000
v 1.090000 -0.200000 -0.100000
v 1.090000 4.250000 -0.100000
v 0.190000 4.250000 -0.100000
v 0.190000 -0.200000 -0.121000
v 1.090000 -0.200000 -0.121000
v 1.090000 4.250000 -0.121000
v 0.190000 4.250000 -0.121000
v 0.350000 -0.040000 -0.160000
v 0.930000 -0.040000 -0.160000
v 0.930000 4.090000 -0.160000
v 0.350000 4.090000 -0.160000
v 0.170000 4.235000 -0.145000
v 0.170000 4.255000 -0.125000
v 0.150000 4.255000 -0.145000
v 0.170000 4.237672 -0.135013
v 0.160013 4.237672 -0.145000
v 0.160436 4.240267 -0.135436
v 0.160013 4.255000 -0.127672
v 0.170000 4.245013 -0.127672
v 0.160436 4.245436 -0.130268
v 0.152672 4.245013 -0.145000
v 0.152672 4.255000 -0.135013
v 0.155267 4.245436 -0.135436
v 0.170000 4.285000 -0.125000
v 0.170000 4.305000 -0.145000
v 0.150000 4.285000 -0.145000
v 0.170000 4.294987 -0.127672
v 0.160013 4.285000 -0.127672
v 0.160436 4.294564 -0.130268
v 0.160013 4.302328 -0.145000
v 0.170000 4.302328 -0.135013
v 0.160436 4.299733 -0.135436
v 0.152672 4.285000 -0.135013
v 0.152672 4.294987 -0.145000
v 0.155267 4.294564 -0.135436
v 0.170000 4.235000 -0.165000
v 0.150000 4.255000 -0.165000
v 0.170000 4.255000 -0.185000
v 0.160013 4.237672 -0.165000
v 0.170000 4.237672 -0.174987
v 0.160436 4.240267 -0.174564
v 0.152672 4.255000 -0.174987
v 0.152672 4.245013 -0.165000
v 0.155267 4.245436 -0.174564
v 0.170000 4.245013 -0.182328
v 0.160013 4.255000 -0.182328
v 0.160436 4.245436 -0.179733
v 0.170000 4.305000 -0.165000
v 0.170000 4.285000 -0.185000
v 0.150000 4.285000 -0.165000
v 0.170000 4.302328 -0.174987
v 0.160013 4.302328 -0.165000
v 0.160436 4.299733 -0.174564
v 0.160013 4.285000 -0.182328
v 0.170000 4.294987 -0.182328
v 0.160436 4.294564 -0.179733
v 0.152672 4.294987 -0.165000
v 0.152672 4.285000 -0.174987
v 0.155267 4.294564 -0.174564
v 1.110000 4.235000 -0.145000
v 1.130000 4.255000 -0.145000
v 1.110000 4.255000 -0.125000
v 1.119987 4.237672 -0.145000
v 1.110000 4.237672 -0.135013
v 1.119564 4.240267 -0.135436
v 1.127328 4.255000 -0.135013
v 1.127328 4.245013 -0.145000
v 1.124732 4.245436 -0.135436
v 1.110000 4.245013 -0.127672
v 1.119987 4.255000 -0.127672
v 1.119564 4.245436 -0.130268
v 1.110000 4.305000 -0.145000
v 1.110000 4.285000 -0.125000
v 1.130000 4.285000 -0.145000
v 1.110000 4.302328 -0.135013
v 1.119987 4.302328 -0.145000
v 1.119564 4.299733 -0.135436
v 1.119987 4.285000 -0.127672
v 1.110000 4.294987 -0.127672
v 1.119564 4.294564 -0.130268
v 1.127328 4.294987 -0.145000
v 1.127328 4.285000 -0.135013
v 1.124732 4.294564 -0.135436
v 1.110000 4.235000 -0.165000
v 1.110000 4.255000 -0.185000
v 1.130000 4.255000 -0.165000
v 1.110000 4.237672 -0.174987
v 1.119987 4.237672 -0.165000
v 1.119564 4.240267 -0.174564
v 1.119987 4.255000 -0.182328
v 1.110000 4.245013 -0.182328
v 1.119564 4.245436 -0.179733
v 1.127328 4.245013 -0.165000
v 1.127328 4.255000 -0.174987
v 1.124732 4.245436 -0.174564
v 1.110000 4.305000 -0.165000
v 1.130000 4.285000 -0.165000
v 1.110000 4.285000 -0.185000
v 1.119987 4.302328 -0.165000
v 1.110000 4.302328 -0.174987
v 1.119564 4.299733 -0.174564
v 1.127328 4.285000 -0.174987
v 1.127328 4.294987 -0.165000
v 1.124732 4.294564 -0.174564
v 1.110000 4.294987 -0.182328
v 1.119987 4.285000 -0.182328
v 1.119564 4.294564 -0.179733
v 0.170000 -0.255000 -0.145000
v 0.170000 -0.235000 -0.125000
v 0.150000 -0.235000 -0.145000
v 0.170000 -0.252328 -0.135013
v 0.160013 -0.252328 -0.145000
v 0.160436 -0.249733 -0.135436
v 0.160013 -0.235000 -0.127672
v 0.170000 -0.244987 -0.127672
v 0.160436 -0.244564 -0.130267
v 0.152672 -0.244987 -0.145000
v 0.152672 -0.235000 -0.135013
v 0.155267 -0.244564 -0.135436
v 0.170000 -0.205000 -0.125000
v 0.170000 -0.185000 -0.145000
v 0.150000 -0.205000 -0.145000
v 0.170000 -0.195013 -0.127672
v 0.160013 -0.205000 -0.127672
v 0.160436 -0.195436 -0.130267
v 0.160013 -0.187672 -0.145000
v 0.170000 -0.187672 -0.135013
v 0.160436 -0.190267 -0.135436
v 0.152672 -0.205000 -0.135013
v 0.152672 -0.195013 -0.145000
v 0.155267 -0.195436 -0.135436
v 0.170000 -0.255000 -0.165000
v 0.150000 -0.235000 -0.165000
v 0.170000 -0.235000 -0.185000
v 0.160013 -0.252328 -0.165000
v 0.170000 -0.252328 -0.174987
v 0.160436 -0.249733 -0.174564
v 0.152672 -0.235000 -0.174987
v 0.152672 -0.244987 -0.165000
v 0.155267 -0.244564 -0.174564
v 0.170000 -0.244987 -0.182328
v 0.160013 -0.235000 -0.182328
v 0.160436 -0.244564 -0.179733
v 0.170000 -0.185000 -0.165000
v 0.170000 -0.205000 -0.185000
v 0.150000 -0.205000 -0.165000
v 0.170000 -0.187672 -0.174987
v 0.160013 -0.187672 -0.165000
v 0.160436 -0.190267 -0.174564
v 0.160013 -0.205000 -0.182328
v 0.170000 -0.195013 -0.182328
v 0.160436 -0.195436 -0.179733
v 0.152672 -0.195013 -0.165000
v 0.152672 -0.205000 -0.174987
v 0.155267 -0.195436 -0.174564
v 1.110000 -0.255000 -0.145000
v 1.130000 -0.235000 -0.145000
v 1.110000 -0.235000 -0.125000
v 1.119987 -0.252328 -0.145000
v 1.110000 -0.252328 -0.135013
v 1.119564 -0.249733 -0.135436
v 1.127328 -0.235000 -0.135013
v 1.127328 -0.244987 -0.145000
v 1.124732 -0.244564 -0.135436
v 1.110000 -0.244987 -0.127672
v 1.119987 -0.235000 -0.127672
v 1.119564 -0.244564 -0.130267
v 1.110000 -0.185000 -0.145000
v 1.110000 -0.205000 -0.125000
v 1.130000 -0.205000 -0.145000
v 1.110000 -0.187672 -0.135013
v 1.119987 -0.187672 -0.145000
v 1.119564 -0.190267 -0.135436
v 1.119987 -0.205000 -0.127672
v 1.110000 -0.195013 -0.127672
v 1.119564 -0.195436 -0.130267
v 1.127328 -0.195013 -0.145000
v 1.127328 -0.205000 -0.135013
v 1.124732 -0.195436 -0.135436
v 1.110000 -0.255000 -0.165000
v 1.110000 -0.235000 -0.185000
v 1.130000 -0.235000 -0.165000
v 1.110000 -0.252328 -0.174987
v 1.119987 -0.252328 -0.165000
v 1.119564 -0.249733 -0.174564
v 1.119987 -0.235000 -0.182328
v 1.110000 -0.244987 -0.182328
v 1.119564 -0.244564 -0.179733
v 1.127328 -0.244987 -0.165000
v 1.127328 -0.235000 -0.174987
v 1.124732 -0.244564 -0.174564
v 1.110000 -0.185000 -0.165000
v 1.130000 -0.205000 -0.165000
v 1.110000 -0.205000 -0.185000
v 1.119987 -0.187672 -0.165000
v 1.110000 -0.187672 -0.174987
v 1.119564 -0.190267 -0.174564
v 1.127328 -0.205000 -0.174987
v 1.127328 -0.195013 -0.165000
v 1.124732 -0.195436 -0.174564
v 1.110000 -0.195013 -0.182328
v 1.119987 -0.205000 -0.182328
v 1.119564 -0.195436 -0.179733
v 1.095000 -0.255000 -0.145000
v 1.095000 -0.235000 -0.125000
v 1.075000 -0.235000 -0.145000
v 1.095000 -0.252328 -0.135013
v 1.085013 -0.252328 -0.145000
v 1.085436 -0.249733 -0.135436
v 1.085013 -0.235000 -0.127672
v 1.095000 -0.244987 -0.127672
v 1.085436 -0.244564 -0.130267
v 1.077672 -0.244987 -0.145000
v 1.077672 -0.235000 -0.135013
v 1.080267 -0.244564 -0.135436
v 1.095000 4.285000 -0.125000
v 1.095000 4.305000 -0.145000
v 1.075000 4.285000 -0.145000
v 1.095000 4.294987 -0.127672
v 1.085013 4.285000 -0.127672
v 1.085436 4.294564 -0.130268
v 1.085013 4.302328 -0.145000
v 1.095000 4.302328 -0.135013
v 1.085436 4.299733 -0.135436
v 1.077672 4.285000 -0.135013
v 1.077672 4.294987 -0.145000
v 1.080267 4.294564 -0.135436
v 1.095000 -0.255000 -0.165000
v 1.075000 -0.235000 -0.165000
v 1.095000 -0.235000 -0.185000
v 1.085013 -0.252328 -0.165000
v 1.095000 -0.252328 -0.174987
v 1.085436 -0.249733 -0.174564
v 1.077672 -0.235000 -0.174987
v 1.077672 -0.244987 -0.165000
v 1.080267 -0.244564 -0.174564
v 1.095000 -0.244987 -0.182328
v 1.085013 -0.235000 -0.182328
v 1.085436 -0.244564 -0.179733
v 1.095000 4.305000 -0.165000
v 1.095000 4.285000 -0.185000
v 1.075000 4.285000 -0.165000
v 1.095000 4.302328 -0.174987
v 1.085013 4.302328 -0.165000
v 1.085436 4.299733 -0.174564
v 1.085013 4.285000 -0.182328
v 1.095000 4.294987 -0.182328
v 1.085436 4.294564 -0.179733
v 1.077672 4.294987 -0.165000
v 1.077672 4.285000 -0.174987
v 1.080267 4.294564 -0.174564
v 1.125000 -0.255000 -0.145000
v 1.145000 -0.235000 -0.145000
v 1.125000 -0.235000 -0.125000
v 1.134987 -0.252328 -0.145000
v 1.125000 -0.252328 -0.135013
v 1.134564 -0.249733 -0.135436
v 1.142328 -0.235000 -0.135013
v 1.142328 -0.244987 -0.145000
v 1.139733 -0.244564 -0.135436
v 1.125000 -0.244987 -0.127672
v 1.134987 -0.235000 -0.127672
v 1.134564 -0.244564 -0.130267
v 1.125000 4.305000 -0.145000
v 1.125000 4.285000 -0.125000
v 1.145000 4.285000 -0.145000
v 1.125000 4.302328 -0.135013
v 1.134987 4.302328 -0.145000
v 1.134564 4.299733 -0.135436
v 1.134987 4.285000 -0.127672
v 1.125000 4.294987 -0.127672
v 1.134564 4.294564 -0.130268
v 1.142328 4.294987 -0.145000
v 1.142328 4.285000 -0.135013
v 1.139733 4.294564 -0.135436
v 1.125000 -0.255000 -0.165000
v 1.125000 -0.235000 -0.185000
v 1.145000 -0.235000 -0.165000
v 1.125000 -0.252328 -0.174987
v 1.134987 -0.252328 -0.165000
v 1.134564 -0.249733 -0.174564
v 1.134987 -0.235000 -0.182328
v 1.125000 -0.244987 -0.182328
v 1.134564 -0.244564 -0.179733
v 1.142328 -0.244987 -0.165000
v 1.142328 -0.235000 -0.174987
v 1.139733 -0.244564 -0.174564
v 1.125000 4.305000 -0.165000
v 1.145000 4.285000 -0.165000
v 1.125000 4.285000 -0.185000
v 1.134987 4.302328 -0.165000
v 1.125000 4.302328 -0.174987
v 1.134564 4.299733 -0.174564
v 1.142328 4.285000 -0.174987
v 1.142328 4.294987 -0.165000
v 1.139733 4.294564 -0.174564
v 1.125000 4.294987 -0.182328
v 1.134987 4.285000 -0.182328
v 1.134564 4.294564 -0.179733
v 0.155000 -0.255000 -0.145000
v 0.155000 -0.235000 -0.125000
v 0.135000 -0.235000 -0.145000
v 0.155000 -0.252328 -0.135013
v 0.145013 -0.252328 -0.145000
v 0.145436 -0.249733 -0.135436
v 0.145013 -0.235000 -0.127672
v 0.155000 -0.244987 -0.127672
v 0.145436 -0.244564 -0.130267
v 0.137672 -0.244987 -0.145000
v 0.137672 -0.235000 -0.135013
v 0.140267 -0.244564 -0.135436
v 0.155000 4.285000 -0.125000
v 0.155000 4.305000 -0.145000
v 0.135000 4.285000 -0.145000
v 0.155000 4.294987 -0.127672
v 0.145013 4.285000 -0.127672
v 0.145436 4.294564 -0.130268
v 0.145013 4.302328 -0.145000
v 0.155000 4.302328 -0.135013
v 0.145436 4.299733 -0.135436
v 0.137672 4.285000 -0.135013
v 0.137672 4.294987 -0.145000
v 0.140267 4.294564 -0.135436
v 0.155000 -0.255000 -0.165000
v 0.135000 -0.235000 -0.165000
v 0.155000 -0.235000 -0.185000
v 0.145013 -0.252328 -0.165000
v 0.155000 -0.252328 -0.174987
v 0.145436 -0.249733 -0.174564
v 0.137672 -0.235000 -0.174987
v 0.137672 -0.244987 -0.165000
v 0.140267 -0.244564 -0.174564
v 0.155000 -0.244987 -0.182328
v 0.145013 -0.235000 -0.182328
v 0.145436 -0.244564 -0.179733
v 0.155000 4.305000 -0.165000
v 0.155000 4.285000 -0.185000
v 0.135000 4.285000 -0.165000
v 0.155000 4.302328 -0.174987
v 0.145013 4.302328 -0.165000
v 0.145436 4.299733 -0.174564
v 0.145013 4.285000 -0.182328
v 0.155000 4.294987 -0.182328
v 0.145436 4.294564 -0.179733
v 0.137672 4.294987 -0.165000
v 0.137672 4.285000 -0.174987
v 0.140267 4.294564 -0.174564
v 0.185000 -0.255000 -0.145000
v 0.205000 -0.235000 -0.145000
v 0.185000 -0.235000 -0.125000
v 0.194987 -0.252328 -0.145000
v 0.185000 -0.252328 -0.135013
v 0.194564 -0.249733 -0.135436
v 0.202328 -0.235000 -0.135013
v 0.202328 -0.244987 -0.145000
v 0.199733 -0.244564 -0.135436
v 0.185000 -0.244987 -0.127672
v 0.194987 -0.235000 -0.127672
v 0.194564 -0.244564 -0.130267
v 0.185000 4.305000 -0.145000
v 0.185000 4.285000 -0.125000
v 0.205000 4.285000 -0.145000
v 0.185000 4.302328 -0.135013
v 0.194987 4.302328 -0.145000
v 0.194564 4.299733 -0.135436
v 0.194987 4.285000 -0.127672
v 0.185000 4.294987 -0.127672
v 0.194564 4.294564 -0.130268
v 0.202328 4.294987 -0.145000
v 0.202328 4.285000 -0.135013
v 0.199733 4.294564 -0.135436
v 0.185000 -0.255000 -0.165000
v 0.185000 -0.235000 -0.185000
v 0.205000 -0.235000 -0.165000
v 0.185000 -0.252328 -0.174987
v 0.194987 -0.252328 -0.165000
v 0.194564 -0.249733 -0.174564
v 0.194987 -0.235000 -0.182328
v 0.185000 -0.244987 -0.182328
v 0.194564 -0.244564 -0.179733
v 0.202328 -0.244987 -0.165000
v 0.202328 -0.235000 -0.174987
v 0.199733 -0.244564 -0.174564
v 0.185000 4.305000 -0.165000
v 0.205000 4.285000 -0.165000
v 0.185000 4.285000 -0.185000
v 0.194987 4.302328 -0.165000
v 0.185000 4.302328 -0.174987
v 0.194564 4.299733 -0.174564
v 0.202328 4.285000 -0.174987
v 0.202328 4.294987 -0.165000
v 0.199733 4.294564 -0.174564
v 0.185000 4.294987 -0.182328
v 0.194987 4.285000 -0.182328
v 0.194564 4.294564 -0.179733
v -1.090000 -3.800000 -0.100000
v -0.190000 -3.800000 -0.100000
v -0.190000 -1.000000 -0.100000
v -1.090000 -1.000000 -0.100000
v -1.090000 -3.800000 -0.121000
v -0.190000 -3.800000 -0.121000
v -0.190000 -1.000000 -0.121000
v -1.090000 -1.000000 -0.121000
v -0.930000 -3.640000 -0.160000
v -0.350000 -3.640000 -0.160000
v -0.350000 -1.160000 -0.160000
v -0.930000 -1.160000 -0.160000
v -1.110000 -1.015000 -0.145000
v -1.110000 -0.995000 -0.125000
v -1.130000 -0.995000 -0.145000
v -1.110000 -1.012328 -0.135013
v -1.119987 -1.012328 -0.145000
v -1.119564 -1.009733 -0.135436
v -1.119987 -0.995000 -0.127672
v -1.110000 -1.004987 -0.127672
v -1.119564 -1.004564 -0.130267
v -1.127328 -1.004987 -0.145000
v -1.127328 -0.995000 -0.135013
v -1.124732 -1.004564 -0.135436
v -1.110000 -0.965000 -0.125000
v -1.110000 -0.945000 -0.145000
v -1.130000 -0.965000 -0.145000
v -1.110000 -0.955013 -0.127672
v -1.119987 -0.965000 -0.127672
v -1.119564 -0.955436 -0.130267
v -1.119987 -0.947672 -0.145000
v -1.110000 -0.947672 -0.135013
v -1.119564 -0.950267 -0.135436
v -1.127328 -0.965000 -0.135013
v -1.127328 -0.955013 -0.145000
v -1.124732 -0.955436 -0.135436
v -1.110000 -1.015000 -0.165000
v -1.130000 -0.995000 -0.165000
v -1.110000 -0.995000 -0.185000
v -1.119987 -1.012328 -0.165000
v -1.110000 -1.012328 -0.174987
v -1.119564 -1.009733 -0.174564
v -1.127328 -0.995000 -0.174987
v -1.127328 -1.004987 -0.165000
v -1.124732 -1.004564 -0.174564
v -1.110000 -1.004987 -0.182328
v -1.119987 -0.995000 -0.182328
v -1.119564 -1.004564 -0.179733
v -1.110000 -0.945000 -0.165000
v -1.110000 -0.965000 -0.185000
v -1.130000 -0.965000 -0.165000
v -1.110000 -0.947672 -0.174987
v -1.119987 -0.947672 -0.165000
v -1.119564 -0.950267 -0.174564
v -1.119987 -0.965000 -0.182328
v -1.110000 -0.955013 -0.182328
v -1.119564 -0.955436 -0.179733
v -1.127328 -0.955013 -0.165000
v -1.127328 -0.965000 -0.174987
v -1.124732 -0.955436 -0.174564
v -0.170000 -1.015000 -0.145000
v -0.150000 -0.995000 -0.145000
v -0.170000 -0.995000 -0.125000
v -0.160013 -1.012328 -0.145000
v -0.170000 -1.012328 -0.135013
v -0.160436 -1.009733 -0.135436
v -0.152672 -0.995000 -0.135013
v -0.152672 -1.004987 -0.145000
v -0.155267 -1.004564 -0.135436
v -0.170000 -1.004987 -0.127672
v -0.160013 -0.995000 -0.127672
v -0.160436 -1.004564 -0.130267
v -0.170000 -0.945000 -0.145000
v -0.170000 -0.965000 -0.125000
v -0.150000 -0.965000 -0.145000
v -0.170000 -0.947672 -0.135013
v -0.160013 -0.947672 -0.145000
v -0.160436 -0.950267 -0.135436
v -0.160013 -0.965000 -0.127672
v -0.170000 -0.955013 -0.127672
v -0.160436 -0.955436 -0.130267
v -0.152672 -0.955013 -0.145000
v -0.152672 -0.965000 -0.135013
v -0.155267 -0.955436 -0.135436
v -0.170000 -1.015000 -0.165000
v -0.170000 -0.995000 -0.185000
v -0.150000 -0.995000 -0.165000
v -0.170000 -1.012328 -0.174987
v -0.160013 -1.012328 -0.165000
v -0.160436 -1.009733 -0.174564
v -0.160013 -0.995000 -0.182328
v -0.170000 -1.004987 -0.182328
v -0.160436 -1.004564 -0.179733
v -0.152672 -1.004987 -0.165000
v -0.152672 -0.995000 -0.174987
v -0.155267 -1.004564 -0.174564
v -0.170000 -0.945000 -0.165000
v -0.150000 -0.965000 -0.165000
v -0.170000 -0.965000 -0.185000
v -0.160013 -0.947672 -0.165000
v -0.170000 -0.947672 -0.174987
v -0.160436 -0.950267 -0.174564
v -0.152672 -0.965000 -0.174987
v -0.152672 -0.955013 -0.165000
v -0.155267 -0.955436 -0.174564
v -0.170000 -0.955013 -0.182328
v -0.160013 -0.965000 -0.182328
v -0.160436 -0.955436 -0.179733
v -1.110000 -3.855000 -0.145000
v -1.110000 -3.835000 -0.125000
v -1.130000 -3.835000 -0.145000
v -1.110000 -3.852328 -0.135013
v -1.119987 -3.852328 -0.145000
v -1.119564 -3.849732 -0.135436
v -1.119987 -3.835000 -0.127672
v -1.110000 -3.844987 -0.127672
v -1.119564 -3.844564 -0.130267
v -1.127328 -3.844987 -0.145000
v -1.127328 -3.835000 -0.135013
v -1.124732 -3.844564 -0.135436
v -1.110000 -3.805000 -0.125000
v -1.110000 -3.785000 -0.145000
v -1.130000 -3.805000 -0.145000
v -1.110000 -3.795013 -0.127672
v -1.119987 -3.805000 -0.127672
v -1.119564 -3.795436 -0.130267
v -1.119987 -3.787672 -0.145000
v -1.110000 -3.787672 -0.135013
v -1.119564 -3.790267 -0.135436
v -1.127328 -3.805000 -0.135013
v -1.127328 -3.795013 -0.145000
v -1.124732 -3.795436 -0.135436
v -1.110000 -3.855000 -0.165000
v -1.130000 -3.835000 -0.165000
v -1.110000 -3.835000 -0.185000
v -1.119987 -3.852328 -0.165000
v -1.110000 -3.852328 -0.174987
v -1.119564 -3.849732 -0.174564
v -1.127328 -3.835000 -0.174987
v -1.127328 -3.844987 -0.165000
v -1.124732 -3.844564 -0.174564
v -1.110000 -3.844987 -0.182328
v -1.119987 -3.835000 -0.182328
v -1.119564 -3.844564 -0.179732
v -1.110000 -3.785000 -0.165000
v -1.110000 -3.805000 -0.185000
v -1.130000 -3.805000 -0.165000
v -1.110000 -3.787672 -0.174987
v -1.119987 -3.787672 -0.165000
v -1.119564 -3.790267 -0.174564
v -1.119987 -3.805000 -0.182328
v -1.110000 -3.795013 -0.182328
v -1.119564 -3.795436 -0.179733
v -1.127328 -3.795013 -0.165000
v -1.127328 -3.805000 -0.174987
v -1.124732 -3.795436 -0.174564
v -0.170000 -3.855000 -0.145000
v -0.150000 -3.835000 -0.145000
v -0.170000 -3.835000 -0.125000
v -0.160013 -3.852328 -0.145000
v -0.170000 -3.852328 -0.135013
v -0.160436 -3.849732 -0.135436
v -0.152672 -3.835000 -0.135013
v -0.152672 -3.844987 -0.145000
v -0.155267 -3.844564 -0.135436
v -0.170000 -3.844987 -0.127672
v -0.160013 -3.835000 -0.127672
v -0.160436 -3.844564 -0.130267
v -0.170000 -3.785000 -0.145000
v -0.170000 -3.805000 -0.125000
v -0.150000 -3.805000 -0.145000
v -0.170000 -3.787672 -0.135013
v -0.160013 -3.787672 -0.145000
v -0.160436 -3.790267 -0.135436
v -0.160013 -3.805000 -0.127672
v -0.170000 -3.795013 -0.127672
v -0.160436 -3.795436 -0.130267
v -0.152672 -3.795013 -0.145000
v -0.152672 -3.805000 -0.135013
v -0.155267 -3.795436 -0.135436
v -0.170000 -3.855000 -0.165000
v -0.170000 -3.835000 -0.185000
v -0.150000 -3.835000 -0.165000
v -0.170000 -3.852328 -0.174987
v -0.160013 -3.852328 -0.165000
v -0.160436 -3.849732 -0.174564
v -0.160013 -3.835000 -0.182328
v -0.170000 -3.844987 -0.182328
v -0.160436 -3.844564 -0.179733
v -0.152672 -3.844987 -0.165000
v -0.152672 -3.835000 -0.174987
v -0.155267 -3.844564 -0.174564
v -0.170000 -3.785000 -0.165000
v -0.150000 -3.805000 -0.165000
v -0.170000 -3.805000 -0.185000
v -0.160013 -3.787672 -0.165000
v -0.170000 -3.787672 -0.174987
v -0.160436 -3.790267 -0.174564
v -0.152672 -3.805000 -0.174987
v -0.152672 -3.795013 -0.165000
v -0.155267 -3.795436 -0.174564
v -0.170000 -3.795013 -0.182328
v -0.160013 -3.805000 -0.182328
v -0.160436 -3.795436 -0.179732
v -0.185000 -3.855000 -0.145000
v -0.185000 -3.835000 -0.125000
v -0.205000 -3.835000 -0.145000
v -0.185000 -3.852328 -0.135013
v -0.194987 -3.852328 -0.145000
v -0.194564 -3.849732 -0.135436
v -0.194987 -3.835000 -0.127672
v -0.185000 -3.844987 -0.127672
v -0.194564 -3.844564 -0.130267
v -0.202328 -3.844987 -0.145000
v -0.202328 -3.835000 -0.135013
v -0.199733 -3.844564 -0.135436
v -0.185000 -0.965000 -0.125000
v -0.185000 -0.945000 -0.145000
v -0.205000 -0.965000 -0.145000
v -0.185000 -0.955013 -0.127672
v -0.194987 -0.965000 -0.127672
v -0.194564 -0.955436 -0.130267
v -0.194987 -0.947672 -0.145000
v -0.185000 -0.947672 -0.135013
v -0.194564 -0.950267 -0.135436
v -0.202328 -0.965000 -0.135013
v -0.202328 -0.955013 -0.145000
v -0.199733 -0.955436 -0.135436
v -0.185000 -3.855000 -0.165000
v -0.205000 -3.835000 -0.165000
v -0.185000 -3.835000 -0.185000
v -0.194987 -3.852328 -0.165000
v -0.185000 -3.852328 -0.174987
v -0.194564 -3.849732 -0.174564
v -0.202328 -3.835000 -0.174987
v -0.202328 -3.844987 -0.165000
v -0.199733 -3.844564 -0.174564
v -0.185000 -3.844987 -0.182328
v -0.194987 -3.835000 -0.182328
v -0.194564 -3.844564 -0.179732
v -0.185000 -0.945000 -0.165000
v -0.185000 -0.965000 -0.185000
v -0.205000 -0.965000 -0.165000
v -0.185000 -0.947672 -0.174987
v -0.194987 -0.947672 -0.165000
v -0.194564 -0.950267 -0.174564
v -0.194987 -0.965000 -0.182328
v -0.185000 -0.955013 -0.182328
v -0.194564 -0.955436 -0.179733
v -0.202328 -0.955013 -0.165000
v -0.202328 -0.965000 -0.174987
v -0.199733 -0.955436 -0.174564
v -0.155000 -3.855000 -0.145000
v -0.135000 -3.835000 -0.145000
v -0.155000 -3.835000 -0.125000
v -0.145013 -3.852328 -0.145000
v -0.155000 -3.852328 -0.135013
v -0.145436 -3.849732 -0.135436
v -0.137672 -3.835000 -0.135013
v -0.137672 -3.844987 -0.145000
v -0.140267 -3.844564 -0.135436
v -0.155000 -3.844987 -0.127672
v -0.145013 -3.835000 -0.127672
v -0.145436 -3.844564 -0.130267
v -0.155000 -0.945000 -0.145000
v -0.155000 -0.965000 -0.125000
v -0.135000 -0.965000 -0.145000
v -0.155000 -0.947672 -0.135013
v -0.145013 -0.947672 -0.145000
v -0.145436 -0.950267 -0.135436
v -0.145013 -0.965000 -0.127672
v -0.155000 -0.955013 -0.127672
v -0.145436 -0.955436 -0.130267
v -0.137672 -0.955013 -0.145000
v -0.137672 -0.965000 -0.135013
v -0.140267 -0.955436 -0.135436
v -0.155000 -3.855000 -0.165000
v -0.155000 -3.835000 -0.185000
v -0.135000 -3.835000 -0.165000
v -0.155000 -3.852328 -0.174987
v -0.145013 -3.852328 -0.165000
v -0.145436 -3.849732 -0.174564
v -0.145013 -3.835000 -0.182328
v -0.155000 -3.844987 -0.182328
v -0.145436 -3.844564 -0.179733
v -0.137672 -3.844987 -0.165000
v -0.137672 -3.835000 -0.174987
v -0.140267 -3.844564 -0.174564
v -0.155000 -0.945000 -0.165000
v -0.135000 -0.965000 -0.165000
v -0.155000 -0.965000 -0.185000
v -0.145013 -0.947672 -0.165000
v -0.155000 -0.947672 -0.174987
v -0.145436 -0.950267 -0.174564
v -0.137672 -0.965000 -0.174987
v -0.137672 -0.955013 -0.165000
v -0.140267 -0.955436 -0.174564
v -0.155000 -0.955013 -0.182328
v -0.145013 -0.965000 -0.182328
v -0.145436 -0.955436 -0.179733
v -1.125000 -3.855000 -0.145000
v -1.125000 -3.835000 -0.125000
v -1.145000 -3.835000 -0.145000
v -1.125000 -3.852328 -0.135013
v -1.134987 -3.852328 -0.145000
v -1.134564 -3.849732 -0.135436
v -1.134987 -3.835000 -0.127672
v -1.125000 -3.844987 -0.127672
v -1.134564 -3.844564 -0.130267
v -1.142328 -3.844987 -0.145000
v -1.142328 -3.835000 -0.135013
v -1.139733 -3.844564 -0.135436
v -1.125000 -0.965000 -0.125000
v -1.125000 -0.945000 -0.145000
v -1.145000 -0.965000 -0.145000
v -1.125000 -0.955013 -0.127672
v -1.134987 -0.965000 -0.127672
v -1.134564 -0.955436 -0.130267
v -1.134987 -0.947672 -0.145000
v -1.125000 -0.947672 -0.135013
v -1.134564 -0.950267 -0.135436
v -1.142328 -0.965000 -0.135013
v -1.142328 -0.955013 -0.145000
v -1.139733 -0.955436 -0.135436
v -1.125000 -3.855000 -0.165000
v -1.145000 -3.835000 -0.165000
v -1.125000 -3.835000 -0.185000
v -1.134987 -3.852328 -0.165000
v -1.125000 -3.852328 -0.174987
v -1.134564 -3.849732 -0.174564
v -1.142328 -3.835000 -0.174987
v -1.142328 -3.844987 -0.165000
v -1.139733 -3.844564 -0.174564
v -1.125000 -3.844987 -0.182328
v -1.134987 -3.835000 -0.182328
v -1.134564 -3.844564 -0.179732
v -1.125000 -0.945000 -0.165000
v -1.125000 -0.965000 -0.185000
v -1.145000 -0.965000 -0.165000
v -1.125000 -0.947672 -0.174987
v -1.134987 -0.947672 -0.165000
v -1.134564 -0.950267 -0.174564
v -1.134987 -0.965000 -0.182328
v -1.125000 -0.955013 -0.182328
v -1.134564 -0.955436 -0.179733
v -1.142328 -0.955013 -0.165000
v -1.142328 -0.965000 -0.174987
v -1.139733 -0.955436 -0.174564
v -1.095000 -3.855000 -0.145000
v -1.075000 -3.835000 -0.145000
v -1.095000 -3.835000 -0.125000
v -1.085013 -3.852328 -0.145000
v -1.095000 -3.852328 -0.135013
v -1.085436 -3.849732 -0.135436
v -1.077672 -3.835000 -0.135013
v -1.077672 -3.844987 -0.145000
v -1.080267 -3.844564 -0.135436
v -1.095000 -3.844987 -0.127672
v -1.085013 -3.835000 -0.127672
v -1.085436 -3.844564 -0.130267
v -1.095000 -0.945000 -0.145000
v -1.095000 -0.965000 -0.125000
v -1.075000 -0.965000 -0.145000
v -1.095000 -0.947672 -0.135013
v -1.085013 -0.947672 -0.145000
v -1.085436 -0.950267 -0.135436
v -1.085013 -0.965000 -0.127672
v -1.095000 -0.955013 -0.127672
v -1.085436 -0.955436 -0.130267
v -1.077672 -0.955013 -0.145000
v -1.077672 -0.965000 -0.135013
v -1.080267 -0.955436 -0.135436
v -1.095000 -3.855000 -0.165000
v -1.095000 -3.835000 -0.185000
v -1.075000 -3.835000 -0.165000
v -1.095000 -3.852328 -0.174987
v -1.085013 -3.852328 -0.165000
v -1.085436 -3.849732 -0.174564
v -1.085013 -3.835000 -0.182328
v -1.095000 -3.844987 -0.182328
v -1.085436 -3.844564 -0.179733
v -1.077672 -3.844987 -0.165000
v -1.077672 -3.835000 -0.174987
v -1.080267 -3.844564 -0.174564
v -1.095000 -0.945000 -0.165000
v -1.075000 -0.965000 -0.165000
v -1.095000 -0.965000 -0.185000
v -1.085013 -0.947672 -0.165000
v -1.095000 -0.947672 -0.174987
v -1.085436 -0.950267 -0.174564
v -1.077672 -0.965000 -0.174987
v -1.077672 -0.955013 -0.165000
v -1.080267 -0.955436 -0.174564
v -1.095000 -0.955013 -0.182328
v -1.085013 -0.965000 -0.182328
v -1.085436 -0.955436 -0.179733
v 0.190000 -3.800000 -0.100000
v 1.090000 -3.800000 -0.100000
v 1.090000 -1.000000 -0.100000
v 0.190000 -1.000000 -0.100000
v 0.190000 -3.800000 -0.121000
v 1.090000 -3.800000 -0.121000
v 1.090000 -1.000000 -0.121000
v 0.190000 -1.000000 -0.121000
v 0.350000 -3.640000 -0.160000
v 0.930000 -3.640000 -0.160000
v 0.930000 -1.160000 -0.160000
v 0.350000 -1.160000 -0.160000
v 0.170000 -1.015000 -0.145000
v 0.170000 -0.995000 -0.125000
v 0.150000 -0.995000 -0.145000
v 0.170000 -1.012328 -0.135013
v 0.160013 -1.012328 -0.145000
v 0.160436 -1.009733 -0.135436
v 0.160013 -0.995000 -0.127672
v 0.170000 -1.004987 -0.127672
v 0.160436 -1.004564 -0.130267
v 0.152672 -1.004987 -0.145000
v 0.152672 -0.995000 -0.135013
v 0.155267 -1.004564 -0.135436
v 0.170000 -0.965000 -0.125000
v 0.170000 -0.945000 -0.145000
v 0.150000 -0.965000 -0.145000
v 0.170000 -0.955013 -0.127672
v 0.160013 -0.965000 -0.127672
v 0.160436 -0.955436 -0.130267
v 0.160013 -0.947672 -0.145000
v 0.170000 -0.947672 -0.135013
v 0.160436 -0.950267 -0.135436
v 0.152672 -0.965000 -0.135013
v 0.152672 -0.955013 -0.145000
v 0.155267 -0.955436 -0.135436
v 0.170000 -1.015000 -0.165000
v 0.150000 -0.995000 -0.165000
v 0.170000 -0.995000 -0.185000
v 0.160013 -1.012328 -0.165000
v 0.170000 -1.012328 -0.174987
v 0.160436 -1.009733 -0.174564
v 0.152672 -0.995000 -0.174987
v 0.152672 -1.004987 -0.165000
v 0.155267 -1.004564 -0.174564
v 0.170000 -1.004987 -0.182328
v 0.160013 -0.995000 -0.182328
v 0.160436 -1.004564 -0.179733
v 0.170000 -0.945000 -0.165000
v 0.170000 -0.965000 -0.185000
v 0.150000 -0.965000 -0.165000
v 0.170000 -0.947672 -0.174987
v 0.160013 -0.947672 -0.165000
v 0.160436 -0.950267 -0.174564
v 0.160013 -0.965000 -0.182328
v 0.170000 -0.955013 -0.182328
v 0.160436 -0.955436 -0.179733
v 0.152672 -0.955013 -0.165000
v 0.152672 -0.965000 -0.174987
v 0.155267 -0.955436 -0.174564
v 1.110000 -1.015000 -0.145000
v 1.130000 -0.995000 -0.145000
v 1.110000 -0.995000 -0.125000
v 1.119987 -1.012328 -0.145000
v 1.110000 -1.012328 -0.135013
v 1.119564 -1.009733 -0.135436
v 1.127328 -0.995000 -0.135013
v 1.127328 -1.004987 -0.145000
v 1.124732 -1.004564 -0.135436
v 1.110000 -1.004987 -0.127672
v 1.119987 -0.995000 -0.127672
v 1.119564 -1.004564 -0.130267
v 1.110000 -0.945000 -0.145000
v 1.110000 -0.965000 -0.125000
v 1.130000 -0.965000 -0.145000
v 1.110000 -0.947672 -0.135013
v 1.119987 -0.947672 -0.145000
v 1.119564 -0.950267 -0.135436
v 1.119987 -0.965000 -0.127672
v 1.110000 -0.955013 -0.127672
v 1.119564 -0.955436 -0.130267
v 1.127328 -0.955013 -0.145000
v 1.127328 -0.965000 -0.135013
v 1.124732 -0.955436 -0.135436
v 1.110000 -1.015000 -0.165000
v 1.110000 -0.995000 -0.185000
v 1.130000 -0.995000 -0.165000
v 1.110000 -1.012328 -0.174987
v 1.119987 -1.012328 -0.165000
v 1.119564 -1.009733 -0.174564
v 1.119987 -0.995000 -0.182328
v 1.110000 -1.004987 -0.182328
v 1.119564 -1.004564 -0.179733
v 1.127328 -1.004987 -0.165000
v 1.127328 -0.995000 -0.174987
v 1.124732 -1.004564 -0.174564
v 1.110000 -0.945000 -0.165000
v 1.130000 -0.965000 -0.165000
v 1.110000 -0.965000 -0.185000
v 1.119987 -0.947672 -0.165000
v 1.110000 -0.947672 -0.174987
v 1.119564 -0.950267 -0.174564
v 1.127328 -0.965000 -0.174987
v 1.127328 -0.955013 -0.165000
v 1.124732 -0.955436 -0.174564
v 1.110000 -0.955013 -0.182328
v 1.119987 -0.965000 -0.182328
v 1.119564 -0.955436 -0.179733
v 0.170000 -3.855000 -0.145000
v 0.170000 -3.835000 -0.125000
v 0.150000 -3.835000 -0.145000
v 0.170000 -3.852328 -0.135013
v 0.160013 -3.852328 -0.145000
v 0.160436 -3.849732 -0.135436
v 0.160013 -3.835000 -0.127672
v 0.170000 -3.844987 -0.127672
v 0.160436 -3.844564 -0.130267
v 0.152672 -3.844987 -0.145000
v 0.152672 -3.835000 -0.135013
v 0.155267 -3.844564 -0.135436
v 0.170000 -3.805000 -0.125000
v 0.170000 -3.785000 -0.145000
v 0.150000 -3.805000 -0.145000
v 0.170000 -3.795013 -0.127672
v 0.160013 -3.805000 -0.127672
v 0.160436 -3.795436 -0.130267
v 0.160013 -3.787672 -0.145000
v 0.170000 -3.787672 -0.135013
v 0.160436 -3.790267 -0.135436
v 0.152672 -3.805000 -0.135013
v 0.152672 -3.795013 -0.145000
v 0.155267 -3.795436 -0.135436
v 0.170000 -3.855000 -0.165000
v 0.150000 -3.835000 -0.165000
v 0.170000 -3.835000 -0.185000
v 0.160013 -3.852328 -0.165000
v 0.170000 -3.852328 -0.174987
v 0.160436 -3.849732 -0.174564
v 0.152672 -3.835000 -0.174987
v 0.152672 -3.844987 -0.165000
v 0.155267 -3.844564 -0.174564
v 0.170000 -3.844987 -0.182328
v 0.160013 -3.835000 -0.182328
v 0.160436 -3.844564 -0.179732
v 0.170000 -3.785000 -0.165000
v 0.170000 -3.805000 -0.185000
v 0.150000 -3.805000 -0.165000
v 0.170000 -3.787672 -0.174987
v 0.160013 -3.787672 -0.165000
v 0.160436 -3.790267 -0.174564
v 0.160013 -3.805000 -0.182328
v 0.170000 -3.795013 -0.182328
v 0.160436 -3.795436 -0.179733
v 0.152672 -3.795013 -0.165000
v 0.152672 -3.805000 -0.174987
v 0.155267 -3.795436 -0.174564
v 1.110000 -3.855000 -0.145000
v 1.130000 -3.835000 -0.145000
v 1.110000 -3.835000 -0.125000
v 1.119987 -3.852328 -0.145000
v 1.110000 -3.852328 -0.135013
v 1.119564 -3.849732 -0.135436
v 1.127328 -3.835000 -0.135013
v 1.127328 -3.844987 -0.145000
v 1.124732 -3.844564 -0.135436
v 1.110000 -3.844987 -0.127672
v 1.119987 -3.835000 -0.127672
v 1.119564 -3.844564 -0.130267
v 1.110000 -3.785000 -0.145000
v 1.110000 -3.805000 -0.125000
v 1.130000 -3.805000 -0.145000
v 1.110000 -3.787672 -0.135013
v 1.119987 -3.787672 -0.145000
v 1.119564 -3.790267 -0.135436
v 1.119987 -3.805000 -0.127672
v 1.110000 -3.795013 -0.127672
v 1.119564 -3.795436 -0.130267
v 1.127328 -3.795013 -0.145000
v 1.127328 -3.805000 -0.135013
v 1.124732 -3.795436 -0.135436
v 1.110000 -3.855000 -0.165000
v 1.110000 -3.835000 -0.185000
v 1.130000 -3.835000 -0.165000
v 1.110000 -3.852328 -0.174987
v 1.119987 -3.852328 -0.165000
v 1.119564 -3.849732 -0.174564
v 1.119987 -3.835000 -0.182328
v 1.110000 -3.844987 -0.182328
v 1.119564 -3.844564 -0.179733
v 1.127328 -3.844987 -0.165000
v 1.127328 -3.835000 -0.174987
v 1.124732 -3.844564 -0.174564
v 1.110000 -3.785000 -0.165000
v 1.130000 -3.805000 -0.165000
v 1.110000 -3.805000 -0.185000
v 1.119987 -3.787672 -0.165000
v 1.110000 -3.787672 -0.174987
v 1.119564 -3.790267 -0.174564
v 1.127328 -3.805000 -0.174987
v 1.127328 -3.795013 -0.165000
v 1.124732 -3.795436 -0.174564
v 1.110000 -3.795013 -0.182328
v 1.119987 -3.805000 -0.182328
v 1.119564 -3.795436 -0.179732
v 1.095000 -3.855000 -0.145000
v 1.095000 -3.835000 -0.125000
v 1.075000 -3.835000 -0.145000
v 1.095000 -3.852328 -0.135013
v 1.085013 -3.852328 -0.145000
v 1.085436 -3.849732 -0.135436
v 1.085013 -3.835000 -0.127672
v 1.095000 -3.844987 -0.127672
v 1.085436 -3.844564 -0.130267
v 1.077672 -3.844987 -0.145000
v 1.077672 -3.835000 -0.135013
v 1.080267 -3.844564 -0.135436
v 1.095000 -0.965000 -0.125000
v 1.095000 -0.945000 -0.145000
v 1.075000 -0.965000 -0.145000
v 1.095000 -0.955013 -0.127672
v 1.085013 -0.965000 -0.127672
v 1.085436 -0.955436 -0.130267
v 1.085013 -0.947672 -0.145000
v 1.095000 -0.947672 -0.135013
v 1.085436 -0.950267 -0.135436
v 1.077672 -0.965000 -0.135013
v 1.077672 -0.955013 -0.145000
v 1.080267 -0.955436 -0.135436
v 1.095000 -3.855000 -0.165000
v 1.075000 -3.835000 -0.165000
v 1.095000 -3.835000 -0.185000
v 1.085013 -3.852328 -0.165000
v 1.095000 -3.852328 -0.174987
v 1.085436 -3.849732 -0.174564
v 1.077672 -3.835000 -0.174987
v 1.077672 -3.844987 -0.165000
v 1.080267 -3.844564 -0.174564
v 1.095000 -3.844987 -0.182328
v 1.085013 -3.835000 -0.182328
v 1.085436 -3.844564 -0.179732
v 1.095000 -0.945000 -0.165000
v 1.095000 -0.965000 -0.185000
v 1.075000 -0.965000 -0.165000
v 1.095000 -0.947672 -0.174987
v 1.085013 -0.947672 -0.165000
v 1.085436 -0.950267 -0.174564
v 1.085013 -0.965000 -0.182328
v 1.095000 -0.955013 -0.182328
v 1.085436 -0.955436 -0.179733
v 1.077672 -0.955013 -0.165000
v 1.077672 -0.965000 -0.174987
v 1.080267 -0.955436 -0.174564
v 1.125000 -3.855000 -0.145000
v 1.145000 -3.835000 -0.145000
v 1.125000 -3.835000 -0.125000
v 1.134987 -3.852328 -0.145000
v 1.125000 -3.852328 -0.135013
v 1.134564 -3.849732 -0.135436
v 1.142328 -3.835000 -0.135013
v 1.142328 -3.844987 -0.145000
v 1.139733 -3.844564 -0.135436
v 1.125000 -3.844987 -0.127672
v 1.134987 -3.835000 -0.127672
v 1.134564 -3.844564 -0.130267
v 1.125000 -0.945000 -0.145000
v 1.125000 -0.965000 -0.125000
v 1.145000 -0.965000 -0.145000
v 1.125000 -0.947672 -0.135013
v 1.134987 -0.947672 -0.145000
v 1.134564 -0.950267 -0.135436
v 1.134987 -0.965000 -0.127672
v 1.125000 -0.955013 -0.127672
v 1.134564 -0.955436 -0.130267
v 1.142328 -0.955013 -0.145000
v 1.142328 -0.965000 -0.135013
v 1.139733 -0.955436 -0.135436
v 1.125000 -3.855000 -0.165000
v 1.125000 -3.835000 -0.185000
v 1.145000 -3.835000 -0.165000
v 1.125000 -3.852328 -0.174987
v 1.134987 -3.852328 -0.165000
v 1.134564 -3.849732 -0.174564
v 1.134987 -3.835000 -0.182328
v 1.125000 -3.844987 -0.182328
v 1.134564 -3.844564 -0.179733
v 1.142328 -3.844987 -0.165000
v 1.142328 -3.835000 -0.174987
v 1.139733 -3.844564 -0.174564
v 1.125000 -0.945000 -0.165000
v 1.145000 -0.965000 -0.165000
v 1.125000 -0.965000 -0.185000
v 1.134987 -0.947672 -0.165000
v 1.125000 -0.947672 -0.174987
v 1.134564 -0.950267 -0.174564
v 1.142328 -0.965000 -0.174987
v 1.142328 -0.955013 -0.165000
v 1.139733 -0.955436 -0.174564
v 1.125000 -0.955013 -0.182328
v 1.134987 -0.965000 -0.182328
v 1.134564 -0.955436 -0.179733
v 0.155000 -3.855000 -0.145000
v 0.155000 -3.835000 -0.125000
v 0.135000 -3.835000 -0.145000
v 0.155000 -3.852328 -0.135013
v 0.145013 -3.852328 -0.145000
v 0.145436 -3.849732 -0.135436
v 0.145013 -3.835000 -0.127672
v 0.155000 -3.844987 -0.127672
v 0.145436 -3.844564 -0.130267
v 0.137672 -3.844987 -0.145000
v 0.137672 -3.835000 -0.135013
v 0.140267 -3.844564 -0.135436
v 0.155000 -0.965000 -0.125000
v 0.155000 -0.945000 -0.145000
v 0.135000 -0.965000 -0.145000
v 0.155000 -0.955013 -0.127672
v 0.145013 -0.965000 -0.127672
v 0.145436 -0.955436 -0.130267
v 0.145013 -0.947672 -0.145000
v 0.155000 -0.947672 -0.135013
v 0.145436 -0.950267 -0.135436
v 0.137672 -0.965000 -0.135013
v 0.137672 -0.955013 -0.145000
v 0.140267 -0.955436 -0.135436
v 0.155000 -3.855000 -0.165000
v 0.135000 -3.835000 -0.165000
v 0.155000 -3.835000 -0.185000
v 0.145013 -3.852328 -0.165000
v 0.155000 -3.852328 -0.174987
v 0.145436 -3.849732 -0.174564
v 0.137672 -3.835000 -0.174987
v 0.137672 -3.844987 -0.165000
v 0.140267 -3.844564 -0.174564
v 0.155000 -3.844987 -0.182328
v 0.145013 -3.835000 -0.182328
v 0.145436 -3.844564 -0.179732
v 0.155000 -0.945000 -0.165000
v 0.155000 -0.965000 -0.185000
v 0.135000 -0.965000 -0.165000
v 0.155000 -0.947672 -0.174987
v 0.145013 -0.947672 -0.165000
v 0.145436 -0.950267 -0.174564
v 0.145013 -0.965000 -0.182328
v 0.155000 -0.955013 -0.182328
v 0.145436 -0.955436 -0.179733
v 0.137672 -0.955013 -0.165000
v 0.137672 -0.965000 -0.174987
v 0.140267 -0.955436 -0.174564
v 0.185000 -3.855000 -0.145000
v 0.205000 -3.835000 -0.145000
v 0.185000 -3.835000 -0.125000
v 0.194987 -3.852328 -0.145000
v 0.185000 -3.852328 -0.135013
v 0.194564 -3.849732 -0.135436
v 0.202328 -3.835000 -0.135013
v 0.202328 -3.844987 -0.145000
v 0.199733 -3.844564 -0.135436
v 0.185000 -3.844987 -0.127672
v 0.194987 -3.835000 -0.127672
v 0.194564 -3.844564 -0.130267
v 0.185000 -0.945000 -0.145000
v 0.185000 -0.965000 -0.125000
v 0.205000 -0.965000 -0.145000
v 0.185000 -0.947672 -0.135013
v 0.194987 -0.947672 -0.145000
v 0.194564 -0.950267 -0.135436
v 0.194987 -0.965000 -0.127672
v 0.185000 -0.955013 -0.127672
v 0.194564 -0.955436 -0.130267
v 0.202328 -0.955013 -0.145000
v 0.202328 -0.965000 -0.135013
v 0.199733 -0.955436 -0.135436
v 0.185000 -3.855000 -0.165000
v 0.185000 -3.835000 -0.185000
v 0.205000 -3.835000 -0.165000
v 0.185000 -3.852328 -0.174987
v 0.194987 -3.852328 -0.165000
v 0.194564 -3.849732 -0.174564
v 0.194987 -3.835000 -0.182328
v 0.185000 -3.844987 -0.182328
v 0.194564 -3.844564 -0.179733
v 0.202328 -3.844987 -0.165000
v 0.202328 -3.835000 -0.174987
v 0.199733 -3.844564 -0.174564
v 0.185000 -0.945000 -0.165000
v 0.205000 -0.965000 -0.165000
v 0.185000 -0.965000 -0.185000
v 0.194987 -0.947672 -0.165000
v 0.185000 -0.947672 -0.174987
v 0.194564 -0.950267 -0.174564
v 0.202328 -0.965000 -0.174987
v 0.202328 -0.955013 -0.165000
v 0.199733 -0.955436 -0.174564
v 0.185000 -0.955013 -0.182328
v 0.194987 -0.965000 -0.182328
v 0.194564 -0.955436 -0.179733
vn -0.1794 -0.9673 0.1794
vn -0.3250 -0.8881 0.3251
vn -0.3791 -0.9152 0.1369
vn -0.1794 -0.1794 0.9673
vn -0.3251 -0.3251 0.8881
vn -0.1369 -0.3791 0.9152
vn -0.9673 -0.1794 0.1794
vn -0.8881 -0.3251 0.3251
vn -0.9152 -0.1369 0.3791
vn -0.1794 0.1794 0.9673
vn -0.3251 0.3251 0.8881
vn -0.3791 0.1369 0.9152
vn -0.1794 0.9673 0.1794
vn -0.3250 0.8881 0.3251
vn -0.1369 0.9152 0.3791
vn -0.9673 0.1794 0.1794
vn -0.8881 0.3251 0.3251
vn -0.9152 0.3791 0.1369
vn -0.1794 -0.9673 -0.1794
vn -0.3250 -0.8881 -0.3251
vn -0.1369 -0.9152 -0.3791
vn -0.9673 -0.1794 -0.1794
vn -0.8881 -0.3251 -0.3251
vn -0.9152 -0.3791 -0.1369
vn -0.1794 -0.1794 -0.9673
vn -0.3251 -0.3251 -0.8881
vn -0.3791 -0.1369 -0.9152
vn -0.1794 0.9673 -0.1794
vn -0.3250 0.8881 -0.3251
vn -0.3791 0.9152 -0.1369
vn -0.1794 0.1794 -0.9673
vn -0.3251 0.3251 -0.8881
vn -0.1369 0.3791 -0.9152
vn -0.9673 0.1794 -0.1794
vn -0.8881 0.3251 -0.3251
vn -0.9152 0.1369 -0.3791
vn 0.1794 -0.9673 0.1794
vn 0.3250 -0.8881 0.3251
vn 0.1369 -0.9152 0.3791
vn 0.9673 -0.1794 0.1794
vn 0.8881 -0.3251 0.3251
vn 0.9152 -0.3791 0.1369
vn 0.1794 -0.1794 0.9673
vn 0.3251 -0.3251 0.8881
vn 0.3791 -0.1369 0.9152
vn 0.1794 0.9673 0.1794
vn 0.3250 0.8881 0.3251
vn 0.3791 0.9152 0.1369
vn 0.1794 0.1794 0.9673
vn 0.3251 0.3251 0.8881
vn 0.1369 0.3791 0.9152
vn 0.9673 0.1794 0.1794
vn 0.8881 0.3251 0.3251
vn 0.9152 0.1369 0.3791
vn 0.1794 -0.9673 -0.1794
vn 0.3250 -0.8881 -0.3251
vn 0.3791 -0.9152 -0.1369
vn 0.1794 -0.1794 -0.9673
vn 0.3251 -0.3251 -0.8881
vn 0.1369 -0.3791 -0.9152
vn 0.9673 -0.1794 -0.1794
vn 0.8881 -0.3251 -0.3251
vn 0.9152 -0.1369 -0.3791
vn 0.1794 0.9673 -0.1794
vn 0.3250 0.8881 -0.3251
vn 0.1369 0.9152 -0.3791
vn 0.9673 0.1794 -0.1794
vn 0.8881 0.3251 -0.3251
vn 0.9152 0.3791 -0.1369
vn 0.1794 0.1794 -0.9673
vn 0.3251 0.3251 -0.8881
vn 0.3791 0.1369 -0.9152
vn -0.3791 -0.9152 -0.1369
vn -0.9152 -0.3791 0.1368
vn -0.3791 -0.1369 0.9152
vn -0.9152 0.1369 0.3791
vn -0.3791 0.9152 0.1369
vn -0.9152 0.3791 -0.1368
vn -0.3791 0.1369 -0.9152
vn -0.9152 -0.1369 -0.3791
vn 0.1369 -0.9152 -0.3791
vn -0.1369 -0.3791 -0.9152
vn -0.1369 0.9152 -0.3791
vn 0.1369 0.3791 -0.9152
vn 0.9152 0.1369 -0.3791
vn 0.3791 -0.1369 -0.9152
vn 0.3791 -0.9152 0.1369
vn 0.9152 -0.3791 -0.1368
vn 0.3791 0.9152 -0.1369
vn 0.9152 0.3791 0.1368
vn 0.3791 0.1369 0.9152
vn 0.9152 -0.1369 0.3791
vn -0.1369 -0.9152 0.3791
vn 0.1369 -0.3791 0.9152
vn 0.1369 0.9152 0.3791
vn -0.1369 0.3791 0.9152
vn -0.3251 -0.8881 0.3250
vn -0.3250 -0.3251 0.8881
vn -0.1368 -0.3791 0.9152
vn -0.8881 -0.3251 0.3250
vn -0.3250 0.3251 0.8881
vn -0.3251 0.8881 0.3250
vn -0.1368 0.9152 0.3791
vn -0.8881 0.3251 0.3250
vn -0.9152 0.3791 0.1368
vn -0.3251 -0.8881 -0.3250
vn -0.1368 -0.9152 -0.3791
vn -0.8881 -0.3251 -0.3250
vn -0.9152 -0.3791 -0.1368
vn -0.3250 -0.3251 -0.8881
vn -0.3251 0.8881 -0.3250
vn -0.3250 0.3251 -0.8881
vn -0.1368 0.3791 -0.9152
vn -0.8881 0.3251 -0.3250
vn 0.3251 -0.8881 0.3250
vn 0.1368 -0.9152 0.3791
vn 0.8881 -0.3251 0.3250
vn 0.9152 -0.3791 0.1368
vn 0.3250 -0.3251 0.8881
vn 0.3250 0.8881 0.3250
vn 0.3250 0.3251 0.8881
vn 0.1368 0.3791 0.9152
vn 0.8881 0.3251 0.3250
vn 0.3250 -0.8881 -0.3250
vn 0.3250 -0.3251 -0.8881
vn 0.1368 -0.3791 -0.9152
vn 0.8881 -0.3251 -0.3250
vn 0.3251 0.8881 -0.3250
vn 0.1368 0.9152 -0.3791
vn 0.8881 0.3251 -0.3250
vn 0.9152 0.3791 -0.1368
vn 0.3250 0.3251 -0.8881
vn 0.1368 -0.9152 -0.3790
vn -0.1368 -0.3791 -0.9152
vn -0.1368 0.9152 -0.3790
vn 0.1368 0.3791 -0.9152
vn -0.1368 -0.9152 0.3790
vn 0.1368 -0.3791 0.9152
vn 0.1368 0.9152 0.3790
vn -0.1368 0.3791 0.9152
vn -0.3250 0.8881 0.3250
vn -0.3250 -0.8881 -0.3250
vn 0.3251 0.8881 0.3250
vn 0.3251 -0.8881 -0.3250
vn -0.3251 -0.8881 0.3251
vn -0.3791 -0.9152 0.1368
vn -0.3251 -0.8881 -0.3251
vn -0.3791 0.9152 -0.1368
vn -0.9152 0.1368 -0.3791
vn 0.3251 -0.8881 0.3251
vn 0.3791 0.9152 0.1368
vn 0.3251 -0.8881 -0.3251
vn 0.3791 -0.9152 -0.1368
vn 0.9152 -0.1368 -0.3791
vn -0.3791 -0.9152 -0.1368
vn -0.3791 0.9152 0.1368
vn -0.9152 0.3791 -0.1369
vn -0.9152 -0.1368 -0.3791
vn 0.1368 -0.9152 -0.3792
vn -0.1368 0.9152 -0.3792
vn 0.9152 0.1368 -0.3791
vn 0.3791 -0.9152 0.1368
vn 0.9152 -0.3791 -0.1369
vn 0.3791 0.9152 -0.1368
vn 0.9152 0.3791 0.1369
vn -0.1368 -0.9152 0.3792
vn 0.1368 0.9152 0.3792
vn -0.3251 0.8881 0.3251
vn -0.3251 0.8881 -0.3251
vn 0.3251 0.8881 0.3251
vn 0.3251 0.8881 -0.3251
vn -0.9152 -0.3791 0.1369
vn -0.3791 0.1368 0.9152
vn 0.3791 0.1368 0.9152
vn -0.1368 0.9152 -0.3791
vn 0.1368 0.9152 0.3791
vn -0.0000 -0.0000 -1.0000
vn -0.0000 -1.0000 -0.0000
vn 0.0899 -0.0899 0.9919
vn -0.1201 -0.1201 0.9855
vn 0.1201 -0.1201 0.9855
vn -1.0000 -0.0000 -0.0000
vn -0.0899 -0.0899 0.9919
vn -0.1201 0.1201 0.9855
vn -0.0000 1.0000 -0.0000
vn -0.0899 0.0899 0.9919
vn 0.1201 0.1201 0.9855
vn 1.0000 -0.0000 -0.0000
vn 0.0899 0.0899 0.9919
vn -0.1216 -0.8623 0.4916
vn -0.4916 -0.8623 0.1216
vn -0.1280 -0.9835 0.1280
vn -0.1216 -0.4916 0.8623
vn -0.4488 -0.7727 0.4488
vn -0.4916 -0.1216 0.8623
vn -0.1280 -0.1280 0.9835
vn -0.8623 -0.1216 0.4916
vn -0.4488 -0.4488 0.7727
vn -0.8623 -0.4916 0.1216
vn -0.9835 -0.1280 0.1280
vn -0.7727 -0.4488 0.4488
vn -0.1216 0.4916 0.8623
vn -0.4916 0.1216 0.8623
vn -0.1280 0.1280 0.9835
vn -0.1216 0.8623 0.4916
vn -0.4489 0.4488 0.7727
vn -0.4916 0.8623 0.1216
vn -0.1280 0.9835 0.1280
vn -0.7727 0.4488 0.4488
vn -0.4488 0.7727 0.4489
vn -0.8623 0.1216 0.4916
vn -0.8623 0.4916 0.1216
vn -0.9835 0.1280 0.1280
vn -0.4916 -0.8623 -0.1216
vn -0.1216 -0.8623 -0.4916
vn -0.1280 -0.9835 -0.1280
vn -0.7727 -0.4488 -0.4488
vn -0.4488 -0.7727 -0.4488
vn -0.8623 -0.1216 -0.4916
vn -0.8623 -0.4916 -0.1216
vn -0.9835 -0.1280 -0.1280
vn -0.4488 -0.4488 -0.7727
vn -0.1216 -0.4916 -0.8623
vn -0.4916 -0.1216 -0.8623
vn -0.1280 -0.1280 -0.9835
vn -0.1216 0.8623 -0.4916
vn -0.4916 0.8623 -0.1216
vn -0.1280 0.9835 -0.1280
vn -0.1216 0.4916 -0.8623
vn -0.4488 0.7727 -0.4489
vn -0.4916 0.1216 -0.8623
vn -0.1280 0.1280 -0.9835
vn -0.8623 0.1216 -0.4916
vn -0.4489 0.4488 -0.7727
vn -0.8623 0.4916 -0.1216
vn -0.9835 0.1280 -0.1280
vn -0.7727 0.4488 -0.4488
vn 0.4916 -0.8623 0.1216
vn 0.1216 -0.8623 0.4916
vn 0.1280 -0.9835 0.1280
vn 0.8623 -0.4916 0.1216
vn 0.4488 -0.7727 0.4489
vn 0.8623 -0.1216 0.4916
vn 0.9835 -0.1280 0.1280
vn 0.4916 -0.1216 0.8623
vn 0.7727 -0.4488 0.4488
vn 0.1216 -0.4916 0.8623
vn 0.1280 -0.1280 0.9835
vn 0.4488 -0.4489 0.7727
vn 0.1216 0.8623 0.4916
vn 0.4916 0.8623 0.1216
vn 0.1280 0.9835 0.1280
vn 0.4488 0.4488 0.7727
vn 0.4488 0.7727 0.4488
vn 0.4916 0.1216 0.8623
vn 0.1216 0.4916 0.8623
vn 0.1280 0.1280 0.9835
vn 0.7727 0.4488 0.4488
vn 0.8623 0.4916 0.1216
vn 0.8623 0.1216 0.4916
vn 0.9835 0.1280 0.1280
vn 0.1216 -0.8623 -0.4916
vn 0.4916 -0.8623 -0.1216
vn 0.1280 -0.9835 -0.1280
vn 0.4488 -0.4488 -0.7727
vn 0.4488 -0.7727 -0.4488
vn 0.4916 -0.1216 -0.8623
vn 0.1216 -0.4916 -0.8623
vn 0.1280 -0.1280 -0.9835
vn 0.7727 -0.4488 -0.4488
vn 0.8623 -0.4916 -0.1216
vn 0.8623 -0.1216 -0.4916
vn 0.9835 -0.1280 -0.1280
vn 0.4916 0.8623 -0.1216
vn 0.1216 0.8623 -0.4916
vn 0.1280 0.9835 -0.1280
vn 0.8623 0.4916 -0.1216
vn 0.4488 0.7727 -0.4489
vn 0.8623 0.1216 -0.4916
vn 0.9835 0.1280 -0.1280
vn 0.4916 0.1216 -0.8623
vn 0.7727 0.4488 -0.4488
vn 0.1216 0.4916 -0.8623
vn 0.1280 0.1280 -0.9835
vn 0.4488 0.4488 -0.7727
vn -0.4489 -0.4488 0.7727
vn -0.4488 0.7727 0.4488
vn -0.4489 -0.4488 -0.7727
vn -0.4488 0.7727 -0.4488
vn 0.4489 -0.7727 0.4488
vn 0.4488 -0.4488 0.7727
vn 0.4489 0.4488 0.7727
vn 0.4488 -0.7727 -0.4489
vn 0.4488 0.7727 -0.4488
vn -0.4488 0.4488 0.7727
vn -0.4488 -0.7727 -0.4489
vn -0.4488 0.4488 -0.7727
vn 0.4488 -0.7727 0.4488
vn 0.4489 -0.4488 0.7727
vn 0.4488 0.7727 0.4489
vn 0.4489 -0.4488 -0.7727
vn -0.4488 -0.7727 0.4489
vn -0.4488 -0.4489 0.7727
vn -0.4488 -0.4489 -0.7727
vn 0.4489 -0.7727 -0.4488
vn 0.4489 0.4488 -0.7727
vn -0.4489 -0.7727 -0.4488
vn -0.7727 0.4488 -0.4489
vn 0.4489 0.7727 -0.4488
vn -0.4489 0.7727 -0.4488
vn -0.7727 -0.4488 0.4489
vn -0.4489 0.4489 0.7727
vn -0.7727 -0.4488 -0.4489
vn -0.4489 0.4489 -0.7727
vn 0.7727 -0.4488 0.4489
vn 0.4488 0.4489 0.7727
vn 0.4489 0.7727 0.4488
vn 0.7727 -0.4488 -0.4489
vn 0.4489 0.4489 -0.7727
vn -0.4489 -0.7727 0.4489
vn -0.4489 0.7727 0.4488
vn 0.4489 -0.7727 -0.4489
vn 0.4489 0.4489 0.7727
vn -0.9152 -0.1368 0.3791
vn 0.9152 0.1368 0.3791
vn -0.9152 0.1368 0.3791
vn 0.9152 -0.1368 0.3791
vn 0.3791 0.1368 -0.9152
vn -0.3791 0.1368 -0.9152
vn -0.0000 -0.0000 1.0000
vn -0.0899 -0.0899 -0.9919
vn 0.1201 -0.1201 -0.9855
vn -0.1201 -0.1201 -0.9855
vn 0.0899 -0.0899 -0.9919
vn 0.1201 0.1201 -0.9855
vn 0.0899 0.0899 -0.9919
vn -0.1201 0.1201 -0.9855
vn -0.0899 0.0899 -0.9919
vn -0.4489 -0.7727 0.4488
vn 0.4488 -0.4489 -0.7727
vn 0.7727 0.4488 0.4489
vn -0.7727 0.4488 0.4489
vn -0.7727 0.4489 -0.4488
vn 0.7727 0.4488 -0.4489
vt 0.850970 0.175101
vt 0.850222 0.175712
vt 0.850222 0.175101
vt 0.175489 0.508682
vt 0.176100 0.509292
vt 0.175489 0.509430
vt 0.849475 0.175101
vt 0.849694 0.175849
vt 0.175489 0.004133
vt 0.176100 0.003522
vt 0.176237 0.004133
vt 0.841957 0.004097
vt 0.842567 0.003536
vt 0.842705 0.004129
vt 0.741194 0.004193
vt 0.740583 0.003471
vt 0.741194 0.003385
vt 0.850970 0.164523
vt 0.850222 0.163913
vt 0.850751 0.163775
vt 0.849475 0.164523
vt 0.850222 0.164523
vt 0.183755 0.508682
vt 0.183144 0.509292
vt 0.183007 0.508682
vt 0.831379 0.004097
vt 0.830769 0.003536
vt 0.831379 0.003385
vt 0.183755 0.004133
vt 0.183144 0.003522
vt 0.183755 0.003385
vt 0.751772 0.004193
vt 0.752382 0.003471
vt 0.752519 0.004093
vt 0.843268 0.491591
vt 0.843981 0.490934
vt 0.844074 0.491568
vt 0.695015 0.505933
vt 0.695626 0.506586
vt 0.695015 0.506709
vt 0.004133 0.508682
vt 0.003522 0.509292
vt 0.003385 0.508682
vt 0.841957 0.174532
vt 0.842567 0.175185
vt 0.841957 0.175308
vt 0.004133 0.004133
vt 0.003522 0.003522
vt 0.004133 0.003385
vt 0.695015 0.004097
vt 0.695626 0.003536
vt 0.695763 0.004129
vt 0.833132 0.490760
vt 0.832674 0.490008
vt 0.833220 0.489960
vt 0.355111 0.508682
vt 0.355722 0.509292
vt 0.355111 0.509430
vt 0.684437 0.505933
vt 0.683827 0.506586
vt 0.683689 0.505965
vt 0.831379 0.174532
vt 0.830769 0.175185
vt 0.830631 0.174564
vt 0.684437 0.004097
vt 0.683827 0.003536
vt 0.684437 0.003385
vt 0.355111 0.004133
vt 0.355722 0.003522
vt 0.355859 0.004133
vt 0.176237 0.508682
vt 0.740446 0.004093
vt 0.741194 0.481890
vt 0.740446 0.481790
vt 0.841957 0.003385
vt 0.751772 0.003385
vt 0.183007 0.004133
vt 0.752519 0.481790
vt 0.833132 0.655524
vt 0.832503 0.490620
vt 0.183755 0.509430
vt 0.830631 0.004129
vt 0.355111 0.003385
vt 0.683689 0.004129
vt 0.355859 0.508682
vt 0.843357 0.490790
vt 0.684437 0.506709
vt 0.831379 0.175308
vt 0.695015 0.003385
vt 0.003385 0.004133
vt 0.695763 0.505965
vt 0.844074 0.656332
vt 0.843268 0.656355
vt 0.004133 0.509430
vt 0.842705 0.174564
vt 0.175489 0.003385
vt 0.751772 0.481890
vt 0.490035 0.936021
vt 0.489474 0.936479
vt 0.489474 0.936021
vt 0.461478 0.510081
vt 0.461936 0.510539
vt 0.461478 0.510642
vt 0.488913 0.936021
vt 0.489077 0.936582
vt 0.461478 0.003946
vt 0.461936 0.003488
vt 0.462039 0.003946
vt 0.615088 0.914178
vt 0.615546 0.913757
vt 0.615649 0.914202
vt 0.722050 0.003991
vt 0.721592 0.003449
vt 0.722050 0.003385
vt 0.490035 0.934434
vt 0.489474 0.933976
vt 0.489871 0.933873
vt 0.488913 0.934434
vt 0.489474 0.934434
vt 0.469370 0.510081
vt 0.468912 0.510539
vt 0.468809 0.510081
vt 0.613501 0.914178
vt 0.613043 0.913757
vt 0.613501 0.913644
vt 0.469370 0.003946
vt 0.468912 0.003488
vt 0.469370 0.003385
vt 0.723637 0.003991
vt 0.724095 0.003449
vt 0.724198 0.003916
vt 0.546458 0.914741
vt 0.546993 0.914248
vt 0.547062 0.914724
vt 0.647923 0.507333
vt 0.648381 0.507823
vt 0.647923 0.507915
vt 0.433977 0.510081
vt 0.433519 0.510539
vt 0.433416 0.510081
vt 0.615088 0.941532
vt 0.615546 0.942022
vt 0.615088 0.942114
vt 0.433977 0.003946
vt 0.433519 0.003488
vt 0.433977 0.003385
vt 0.647923 0.003919
vt 0.648381 0.003498
vt 0.648484 0.003943
vt 0.544937 0.914617
vt 0.544594 0.914052
vt 0.545004 0.914016
vt 0.496872 0.510081
vt 0.497330 0.510539
vt 0.496872 0.510642
vt 0.646337 0.507333
vt 0.645879 0.507823
vt 0.645776 0.507357
vt 0.613501 0.941532
vt 0.613043 0.942022
vt 0.612940 0.941556
vt 0.646337 0.003919
vt 0.645879 0.003498
vt 0.646337 0.003385
vt 0.496872 0.003946
vt 0.497330 0.003488
vt 0.497433 0.003946
vt 0.462039 0.510081
vt 0.721489 0.003916
vt 0.722050 0.483190
vt 0.721489 0.483115
vt 0.615088 0.913644
vt 0.723637 0.003385
vt 0.468809 0.003946
vt 0.723637 0.483190
vt 0.544937 0.941060
vt 0.544466 0.914511
vt 0.469370 0.510642
vt 0.612940 0.914202
vt 0.496872 0.003385
vt 0.645776 0.003943
vt 0.497433 0.510081
vt 0.546524 0.914140
vt 0.646337 0.507915
vt 0.613501 0.942114
vt 0.647923 0.003385
vt 0.433416 0.003946
vt 0.648484 0.507357
vt 0.547062 0.941168
vt 0.546458 0.941185
vt 0.433977 0.510642
vt 0.615649 0.941556
vt 0.461478 0.003385
vt 0.433847 0.936021
vt 0.433286 0.936479
vt 0.433286 0.936021
vt 0.532265 0.510081
vt 0.532723 0.510539
vt 0.532265 0.510642
vt 0.432725 0.936021
vt 0.432889 0.936582
vt 0.532265 0.003946
vt 0.532723 0.003488
vt 0.532826 0.003946
vt 0.932046 0.786502
vt 0.932504 0.786081
vt 0.932607 0.786526
vt 0.703094 0.003991
vt 0.702636 0.003449
vt 0.703094 0.003385
vt 0.433847 0.934434
vt 0.433286 0.933976
vt 0.433682 0.933873
vt 0.432725 0.934434
vt 0.433286 0.934434
vt 0.398583 0.510081
vt 0.398125 0.510539
vt 0.398022 0.510081
vt 0.930459 0.786502
vt 0.930001 0.786081
vt 0.930459 0.785968
vt 0.398583 0.003946
vt 0.398125 0.003488
vt 0.398583 0.003385
vt 0.704680 0.003991
vt 0.705138 0.003449
vt 0.705241 0.003916
vt 0.569237 0.914741
vt 0.569771 0.914248
vt 0.569841 0.914724
vt 0.657402 0.507333
vt 0.657860 0.507823
vt 0.657402 0.507915
vt 0.504763 0.510081
vt 0.504305 0.510539
vt 0.504202 0.510081
vt 0.932046 0.813856
vt 0.932504 0.814346
vt 0.932046 0.814438
vt 0.504763 0.003946
vt 0.504305 0.003488
vt 0.504763 0.003385
vt 0.657402 0.003919
vt 0.657860 0.003498
vt 0.657963 0.003943
vt 0.567716 0.914617
vt 0.567373 0.914052
vt 0.567783 0.914016
vt 0.426085 0.510081
vt 0.426543 0.510539
vt 0.426085 0.510642
vt 0.655815 0.507333
vt 0.655357 0.507823
vt 0.655254 0.507357
vt 0.930459 0.813856
vt 0.930001 0.814346
vt 0.929898 0.813880
vt 0.655815 0.003919
vt 0.655357 0.003498
vt 0.655815 0.003385
vt 0.426085 0.003946
vt 0.426543 0.003488
vt 0.426646 0.003946
vt 0.532826 0.510081
vt 0.702533 0.003916
vt 0.703094 0.483190
vt 0.702533 0.483115
vt 0.932046 0.785968
vt 0.704680 0.003385
vt 0.398022 0.003946
vt 0.705241 0.483115
vt 0.567716 0.941060
vt 0.567245 0.914511
vt 0.398583 0.510642
vt 0.929898 0.786526
vt 0.426085 0.003385
vt 0.655254 0.003943
vt 0.426646 0.510081
vt 0.569303 0.914140
vt 0.655815 0.507915
vt 0.930459 0.814438
vt 0.657402 0.003385
vt 0.504202 0.003946
vt 0.657963 0.507357
vt 0.569841 0.941168
vt 0.569237 0.941185
vt 0.504763 0.510642
vt 0.932607 0.813880
vt 0.532265 0.003385
vt 0.704680 0.483190
vt 0.881640 0.175469
vt 0.881191 0.175835
vt 0.881191 0.175469
vt 0.994179 0.003834
vt 0.994546 0.003467
vt 0.994628 0.003834
vt 0.880742 0.175469
vt 0.880874 0.175918
vt 0.966360 0.003834
vt 0.965994 0.003467
vt 0.966360 0.003385
vt 0.125544 0.762505
vt 0.125910 0.762169
vt 0.125993 0.762524
vt 0.664777 0.913954
vt 0.664411 0.913521
vt 0.664777 0.913469
vt 0.881640 0.174094
vt 0.881191 0.173727
vt 0.881508 0.173645
vt 0.880742 0.174094
vt 0.881191 0.174094
vt 0.988789 0.778657
vt 0.989156 0.779023
vt 0.988789 0.779106
vt 0.124169 0.762505
vt 0.123802 0.762169
vt 0.124169 0.762078
vt 0.960971 0.778657
vt 0.960604 0.779023
vt 0.960522 0.778657
vt 0.666152 0.913954
vt 0.666518 0.913521
vt 0.666601 0.913894
vt 0.917268 0.126724
vt 0.917696 0.126330
vt 0.917751 0.126711
vt 0.913637 0.813972
vt 0.914004 0.814364
vt 0.913637 0.814438
vt 0.994179 0.118917
vt 0.994546 0.119284
vt 0.994179 0.119366
vt 0.125544 0.876970
vt 0.125910 0.877362
vt 0.125544 0.877436
vt 0.966360 0.118917
vt 0.965994 0.119284
vt 0.965912 0.118917
vt 0.913637 0.786303
vt 0.914004 0.785966
vt 0.914086 0.786322
vt 0.915951 0.126616
vt 0.915676 0.126165
vt 0.916004 0.126136
vt 0.988789 0.663573
vt 0.989156 0.663207
vt 0.989238 0.663573
vt 0.912262 0.813972
vt 0.911896 0.814364
vt 0.911813 0.813991
vt 0.124169 0.876970
vt 0.123802 0.877362
vt 0.123720 0.876989
vt 0.912262 0.786303
vt 0.911896 0.785966
vt 0.912262 0.785876
vt 0.960971 0.663573
vt 0.960604 0.663207
vt 0.960971 0.663124
vt 0.994179 0.003385
vt 0.664328 0.913894
vt 0.664777 0.940292
vt 0.664328 0.940232
vt 0.125544 0.762078
vt 0.666152 0.913469
vt 0.960971 0.779106
vt 0.666601 0.940232
vt 0.915951 0.237273
vt 0.915574 0.126532
vt 0.989238 0.778657
vt 0.123720 0.762525
vt 0.960522 0.663573
vt 0.911813 0.786322
vt 0.988789 0.663124
vt 0.917321 0.126244
vt 0.912262 0.814438
vt 0.124169 0.877436
vt 0.913637 0.785876
vt 0.966360 0.119366
vt 0.914086 0.813991
vt 0.917751 0.237367
vt 0.917268 0.237381
vt 0.994628 0.118917
vt 0.125993 0.876989
vt 0.965912 0.003834
vt 0.666152 0.940292
vt 0.823648 0.234804
vt 0.823200 0.235170
vt 0.823200 0.234804
vt 0.955239 0.245582
vt 0.955605 0.245216
vt 0.955688 0.245582
vt 0.822751 0.234804
vt 0.822882 0.235252
vt 0.914198 0.245582
vt 0.913831 0.245216
vt 0.914198 0.245133
vt 0.134586 0.762505
vt 0.134953 0.762169
vt 0.135035 0.762524
vt 0.927146 0.613195
vt 0.926780 0.612762
vt 0.927146 0.612711
vt 0.823648 0.233429
vt 0.823200 0.233062
vt 0.823517 0.232980
vt 0.822751 0.233429
vt 0.823200 0.233429
vt 0.984225 0.937739
vt 0.984592 0.938106
vt 0.984225 0.938188
vt 0.133211 0.762505
vt 0.132845 0.762169
vt 0.133211 0.762078
vt 0.943185 0.937739
vt 0.942818 0.938106
vt 0.942736 0.937739
vt 0.928522 0.613195
vt 0.928888 0.612762
vt 0.928970 0.613136
vt 0.933339 0.368473
vt 0.933767 0.368079
vt 0.933822 0.368459
vt 0.910437 0.653958
vt 0.910803 0.654350
vt 0.910437 0.654424
vt 0.955239 0.360666
vt 0.955605 0.361032
vt 0.955239 0.361115
vt 0.134586 0.876970
vt 0.134953 0.877362
vt 0.134586 0.877436
vt 0.914198 0.360666
vt 0.913831 0.361032
vt 0.913749 0.360666
vt 0.910437 0.613138
vt 0.910803 0.612801
vt 0.910885 0.613157
vt 0.932022 0.368365
vt 0.931747 0.367913
vt 0.932075 0.367884
vt 0.984225 0.822656
vt 0.984592 0.822289
vt 0.984674 0.822656
vt 0.909062 0.653958
vt 0.908695 0.654350
vt 0.908613 0.653977
vt 0.133211 0.876970
vt 0.132845 0.877362
vt 0.132762 0.876989
vt 0.909062 0.613138
vt 0.908695 0.612801
vt 0.909062 0.612711
vt 0.943185 0.822656
vt 0.942818 0.822289
vt 0.943185 0.822207
vt 0.955239 0.245133
vt 0.926698 0.651992
vt 0.927146 0.652052
vt 0.134586 0.762078
vt 0.928522 0.612711
vt 0.943185 0.938188
vt 0.928970 0.651992
vt 0.932022 0.479021
vt 0.931645 0.368281
vt 0.984674 0.937739
vt 0.132762 0.762524
vt 0.942736 0.822656
vt 0.908613 0.613157
vt 0.984225 0.822207
vt 0.933392 0.367992
vt 0.909062 0.654424
vt 0.133211 0.877436
vt 0.910437 0.612711
vt 0.914198 0.361115
vt 0.910885 0.653977
vt 0.933822 0.479115
vt 0.933339 0.479129
vt 0.955688 0.360666
vt 0.135035 0.876989
vt 0.913749 0.245582
vt 0.928522 0.652052
vt 0.825520 0.935493
vt 0.825072 0.935860
vt 0.825072 0.935493
vt 0.057302 0.763915
vt 0.057669 0.763549
vt 0.057751 0.763915
vt 0.824623 0.935493
vt 0.824754 0.935942
vt 0.005684 0.763915
vt 0.005318 0.763549
vt 0.005684 0.763466
vt 0.817404 0.879984
vt 0.817771 0.879647
vt 0.817853 0.880003
vt 0.960503 0.426063
vt 0.960136 0.425630
vt 0.960503 0.425578
vt 0.825520 0.934118
vt 0.825072 0.933752
vt 0.825389 0.933670
vt 0.824623 0.934118
vt 0.825072 0.934118
vt 0.960680 0.605492
vt 0.961046 0.605859
vt 0.960680 0.605941
vt 0.816029 0.879984
vt 0.815663 0.879647
vt 0.816029 0.879557
vt 0.909062 0.605492
vt 0.908695 0.605859
vt 0.908613 0.605492
vt 0.961878 0.426063
vt 0.962244 0.425630
vt 0.962326 0.426003
vt 0.908321 0.126724
vt 0.908748 0.126330
vt 0.908804 0.126711
vt 0.832455 0.233846
vt 0.832822 0.234238
vt 0.832455 0.234311
vt 0.057302 0.878999
vt 0.057669 0.879365
vt 0.057302 0.879448
vt 0.817404 0.994449
vt 0.817771 0.994841
vt 0.817404 0.994914
vt 0.005684 0.878999
vt 0.005318 0.879365
vt 0.005235 0.878999
vt 0.832455 0.182505
vt 0.832822 0.182168
vt 0.832904 0.182524
vt 0.907003 0.126616
vt 0.906728 0.126165
vt 0.907056 0.126136
vt 0.960680 0.490408
vt 0.961046 0.490042
vt 0.961129 0.490408
vt 0.831080 0.233846
vt 0.830714 0.234238
vt 0.830631 0.233865
vt 0.816029 0.994449
vt 0.815663 0.994841
vt 0.815580 0.994468
vt 0.831080 0.182505
vt 0.830714 0.182168
vt 0.831080 0.182078
vt 0.909062 0.490408
vt 0.908695 0.490042
vt 0.909062 0.489960
vt 0.057302 0.763466
vt 0.960054 0.426003
vt 0.960503 0.474934
vt 0.960054 0.474875
vt 0.817404 0.879557
vt 0.961878 0.425578
vt 0.909062 0.605941
vt 0.962326 0.474875
vt 0.907003 0.237273
vt 0.906626 0.126532
vt 0.961129 0.605492
vt 0.815580 0.880003
vt 0.908613 0.490408
vt 0.830631 0.182524
vt 0.960680 0.489960
vt 0.908374 0.126244
vt 0.831080 0.234311
vt 0.816029 0.994914
vt 0.832455 0.182078
vt 0.005684 0.879448
vt 0.832904 0.233865
vt 0.908804 0.237367
vt 0.908321 0.237381
vt 0.057751 0.878999
vt 0.817853 0.994468
vt 0.005235 0.763915
vt 0.961878 0.474934
vt 0.779616 0.940810
vt 0.779167 0.941177
vt 0.779167 0.940810
vt 0.777508 0.237915
vt 0.777875 0.238281
vt 0.777508 0.238364
vt 0.778719 0.940810
vt 0.778850 0.941259
vt 0.777508 0.003834
vt 0.777875 0.003467
vt 0.777957 0.003834
vt 0.839718 0.464954
vt 0.840084 0.464618
vt 0.840166 0.464974
vt 0.829300 0.245618
vt 0.828934 0.245185
vt 0.829300 0.245133
vt 0.779616 0.939435
vt 0.779167 0.939069
vt 0.779485 0.938986
vt 0.778719 0.939435
vt 0.779167 0.939435
vt 0.613389 0.751942
vt 0.613022 0.752308
vt 0.612940 0.751942
vt 0.838342 0.464954
vt 0.837976 0.464618
vt 0.838342 0.464527
vt 0.613389 0.517861
vt 0.613022 0.517495
vt 0.613389 0.517412
vt 0.830675 0.245618
vt 0.831042 0.245185
vt 0.831124 0.245558
vt 0.891398 0.158033
vt 0.891825 0.157638
vt 0.891881 0.158019
vt 0.786551 0.478383
vt 0.786917 0.478775
vt 0.786551 0.478848
vt 0.759738 0.237915
vt 0.759372 0.238281
vt 0.759289 0.237915
vt 0.839718 0.482629
vt 0.840084 0.483021
vt 0.839718 0.483095
vt 0.759738 0.003834
vt 0.759372 0.003467
vt 0.759738 0.003385
vt 0.786551 0.245560
vt 0.786917 0.245224
vt 0.787000 0.245580
vt 0.890080 0.157925
vt 0.889805 0.157473
vt 0.890133 0.157444
vt 0.631159 0.751942
vt 0.631525 0.752308
vt 0.631159 0.752391
vt 0.785176 0.478383
vt 0.784809 0.478775
vt 0.784727 0.478402
vt 0.838342 0.482629
vt 0.837976 0.483021
vt 0.837894 0.482648
vt 0.785176 0.245560
vt 0.784809 0.245224
vt 0.785176 0.245133
vt 0.631159 0.517861
vt 0.631525 0.517495
vt 0.631608 0.517861
vt 0.777957 0.237915
vt 0.828851 0.245558
vt 0.829300 0.467241
vt 0.828851 0.467182
vt 0.839718 0.464527
vt 0.830675 0.245133
vt 0.612940 0.517861
vt 0.831124 0.467182
vt 0.890080 0.175011
vt 0.889703 0.157840
vt 0.613389 0.752391
vt 0.837894 0.464974
vt 0.631159 0.517412
vt 0.784727 0.245580
vt 0.631608 0.751942
vt 0.891451 0.157552
vt 0.785176 0.478848
vt 0.838342 0.483095
vt 0.786551 0.245133
vt 0.759289 0.003834
vt 0.787000 0.478402
vt 0.891881 0.175105
vt 0.891398 0.175119
vt 0.759738 0.238364
vt 0.840166 0.482648
vt 0.777508 0.003385
vt 0.830675 0.467241
vt 0.825520 0.944536
vt 0.825072 0.944902
vt 0.825072 0.944536
vt 0.543954 0.906797
vt 0.544321 0.907164
vt 0.543954 0.907246
vt 0.824623 0.944536
vt 0.824754 0.944985
vt 0.543954 0.759981
vt 0.544321 0.759615
vt 0.544403 0.759981
vt 0.848760 0.464268
vt 0.849126 0.463932
vt 0.849209 0.464287
vt 0.064970 0.762563
vt 0.064603 0.762130
vt 0.064970 0.762078
vt 0.825520 0.943161
vt 0.825072 0.942794
vt 0.825389 0.942712
vt 0.824623 0.943161
vt 0.825072 0.943161
vt 0.551622 0.906797
vt 0.551255 0.907164
vt 0.551173 0.906797
vt 0.847385 0.464268
vt 0.847018 0.463932
vt 0.847385 0.463841
vt 0.551622 0.759981
vt 0.551255 0.759615
vt 0.551622 0.759532
vt 0.066345 0.762563
vt 0.066711 0.762130
vt 0.066794 0.762503
vt 0.875758 0.464429
vt 0.876186 0.464035
vt 0.876241 0.464416
vt 0.899407 0.149839
vt 0.899774 0.150231
vt 0.899407 0.150304
vt 0.526184 0.906797
vt 0.525818 0.907164
vt 0.525735 0.906797
vt 0.848760 0.481943
vt 0.849126 0.482335
vt 0.848760 0.482408
vt 0.526184 0.759981
vt 0.525818 0.759615
vt 0.526184 0.759532
vt 0.899407 0.003812
vt 0.899774 0.003475
vt 0.899856 0.003831
vt 0.874440 0.464321
vt 0.874166 0.463870
vt 0.874494 0.463841
vt 0.569392 0.906797
vt 0.569758 0.907164
vt 0.569392 0.907246
vt 0.898032 0.149839
vt 0.897666 0.150231
vt 0.897583 0.149858
vt 0.847385 0.481943
vt 0.847018 0.482335
vt 0.846936 0.481962
vt 0.898032 0.003812
vt 0.897666 0.003475
vt 0.898032 0.003385
vt 0.569392 0.759981
vt 0.569758 0.759615
vt 0.569841 0.759981
vt 0.544403 0.906797
vt 0.064521 0.762503
vt 0.064970 0.901566
vt 0.064521 0.901506
vt 0.848760 0.463841
vt 0.066345 0.762078
vt 0.551173 0.759981
vt 0.066794 0.901506
vt 0.874440 0.481408
vt 0.874063 0.464237
vt 0.551622 0.907246
vt 0.846936 0.464287
vt 0.569392 0.759532
vt 0.897583 0.003831
vt 0.569841 0.906797
vt 0.875811 0.463949
vt 0.898032 0.150304
vt 0.847385 0.482408
vt 0.899407 0.003385
vt 0.525735 0.759981
vt 0.899856 0.149858
vt 0.876241 0.481502
vt 0.875758 0.481516
vt 0.526184 0.907246
vt 0.849209 0.481962
vt 0.543954 0.759532
vt 0.066345 0.901566
vt 0.189404 0.751550
vt 0.141805 0.516199
vt 0.189404 0.516199
vt 0.330686 0.913262
vt 0.329622 0.958943
vt 0.329622 0.913175
vt 0.204636 0.743088
vt 0.243773 0.751550
vt 0.196174 0.751550
vt 0.813090 0.467958
vt 0.814201 0.245133
vt 0.814201 0.467958
vt 0.235311 0.743088
vt 0.243773 0.516200
vt 0.825734 0.879557
vt 0.824623 0.926900
vt 0.824623 0.879557
vt 0.235311 0.524662
vt 0.196174 0.516200
vt 0.705241 0.489960
vt 0.704131 0.724045
vt 0.704131 0.489960
vt 0.204636 0.524662
vt 0.207479 0.962085
vt 0.206972 0.962551
vt 0.206932 0.962081
vt 0.207962 0.962013
vt 0.207496 0.962533
vt 0.046943 0.886606
vt 0.047471 0.887134
vt 0.046943 0.887134
vt 0.046943 0.886218
vt 0.047449 0.886628
vt 0.498647 0.945351
vt 0.498274 0.945879
vt 0.498174 0.945351
vt 0.499196 0.945351
vt 0.498729 0.945857
vt 0.499115 0.945857
vt 0.498922 0.946131
vt 0.044828 0.887134
vt 0.045356 0.886606
vt 0.045356 0.887134
vt 0.044440 0.887134
vt 0.044850 0.886628
vt 0.952368 0.367884
vt 0.952896 0.368410
vt 0.952368 0.368395
vt 0.432725 0.926187
vt 0.433194 0.926693
vt 0.432847 0.926693
vt 0.433717 0.926715
vt 0.433217 0.926187
vt 0.433763 0.926187
vt 0.433106 0.926966
vt 0.499196 0.944294
vt 0.499570 0.943765
vt 0.499670 0.944294
vt 0.498729 0.943788
vt 0.499115 0.943788
vt 0.498274 0.943765
vt 0.498647 0.944294
vt 0.498174 0.944294
vt 0.852366 0.234311
vt 0.852872 0.233900
vt 0.852872 0.234174
vt 0.852894 0.233395
vt 0.852366 0.233923
vt 0.852366 0.233395
vt 0.853283 0.233395
vt 0.498922 0.943514
vt 0.950782 0.368410
vt 0.951310 0.367884
vt 0.951310 0.368395
vt 0.850251 0.233395
vt 0.850000 0.233900
vt 0.849863 0.233395
vt 0.850780 0.233923
vt 0.850780 0.233395
vt 0.433717 0.924601
vt 0.433106 0.924350
vt 0.433592 0.924213
vt 0.433217 0.925129
vt 0.433763 0.925129
vt 0.432725 0.925129
vt 0.433194 0.924623
vt 0.432847 0.924623
vt 0.206972 0.913734
vt 0.207479 0.914283
vt 0.206932 0.914279
vt 0.207083 0.913258
vt 0.207496 0.913759
vt 0.416074 0.934254
vt 0.416535 0.934839
vt 0.415998 0.934777
vt 0.416158 0.933873
vt 0.416585 0.934336
vt 0.047471 0.936848
vt 0.046943 0.937377
vt 0.046943 0.936848
vt 0.207962 0.914211
vt 0.207836 0.913708
vt 0.207574 0.913424
vt 0.952896 0.417857
vt 0.952368 0.418382
vt 0.952368 0.417842
vt 0.953147 0.418402
vt 0.952873 0.418374
vt 0.045356 0.937377
vt 0.044828 0.936848
vt 0.045356 0.936848
vt 0.044850 0.937628
vt 0.044850 0.937354
vt 0.413923 0.934536
vt 0.414506 0.934072
vt 0.414431 0.934595
vt 0.952368 0.418809
vt 0.952873 0.418674
vt 0.205453 0.914117
vt 0.205959 0.913651
vt 0.205918 0.914196
vt 0.853283 0.183680
vt 0.852872 0.183174
vt 0.853145 0.183174
vt 0.852366 0.183152
vt 0.852894 0.183680
vt 0.852366 0.183680
vt 0.415825 0.936745
vt 0.416346 0.936392
vt 0.416343 0.936666
vt 0.416413 0.935890
vt 0.415830 0.936354
vt 0.415876 0.935828
vt 0.205591 0.913261
vt 0.206070 0.913175
vt 0.416645 0.936426
vt 0.951310 0.418382
vt 0.950782 0.417857
vt 0.951310 0.417842
vt 0.951310 0.418809
vt 0.950804 0.418374
vt 0.414262 0.936172
vt 0.413801 0.935587
vt 0.414309 0.935646
vt 0.850780 0.183152
vt 0.850274 0.182901
vt 0.850780 0.182764
vt 0.850251 0.183680
vt 0.850780 0.183680
vt 0.950531 0.418402
vt 0.950393 0.417897
vt 0.950804 0.418674
vt 0.499670 0.945351
vt 0.435265 0.926187
vt 0.435219 0.926715
vt 0.850780 0.234311
vt 0.435219 0.924601
vt 0.205453 0.961919
vt 0.849863 0.183680
vt 0.852366 0.182764
vt 0.045356 0.937765
vt 0.044440 0.936848
vt 0.205918 0.961998
vt 0.435265 0.925129
vt 0.216758 0.962085
vt 0.216251 0.962551
vt 0.216211 0.962081
vt 0.217241 0.962013
vt 0.216775 0.962533
vt 0.676003 0.884855
vt 0.676531 0.885384
vt 0.676003 0.885384
vt 0.676003 0.884467
vt 0.676509 0.884878
vt 0.433198 0.945189
vt 0.432825 0.945717
vt 0.432725 0.945189
vt 0.433747 0.945189
vt 0.433279 0.945694
vt 0.433666 0.945694
vt 0.433473 0.945968
vt 0.673888 0.885384
vt 0.674417 0.884855
vt 0.674417 0.885384
vt 0.673637 0.884878
vt 0.673911 0.884878
vt 0.945244 0.184453
vt 0.945773 0.184979
vt 0.945244 0.184964
vt 0.423907 0.926187
vt 0.423537 0.926693
vt 0.423414 0.926187
vt 0.424407 0.926715
vt 0.424452 0.926187
vt 0.423796 0.926966
vt 0.423884 0.926693
vt 0.433747 0.944131
vt 0.434121 0.943603
vt 0.434220 0.944131
vt 0.433198 0.944131
vt 0.433666 0.943625
vt 0.432825 0.943603
vt 0.432725 0.944131
vt 0.869818 0.457071
vt 0.870324 0.456661
vt 0.870324 0.456934
vt 0.870346 0.456155
vt 0.869818 0.456683
vt 0.869818 0.456155
vt 0.870597 0.456661
vt 0.433279 0.943625
vt 0.433473 0.943352
vt 0.943658 0.184979
vt 0.944187 0.184453
vt 0.944187 0.184964
vt 0.867703 0.456155
vt 0.867452 0.456661
vt 0.867315 0.456155
vt 0.868231 0.456683
vt 0.868231 0.456155
vt 0.424407 0.924601
vt 0.423796 0.924350
vt 0.424282 0.924213
vt 0.423907 0.925129
vt 0.424452 0.925129
vt 0.423537 0.924623
vt 0.423884 0.924623
vt 0.216251 0.913734
vt 0.216758 0.914283
vt 0.216211 0.914279
vt 0.216362 0.913258
vt 0.216775 0.913759
vt 0.406438 0.934254
vt 0.406899 0.934839
vt 0.406363 0.934777
vt 0.407009 0.934068
vt 0.406950 0.934336
vt 0.676531 0.935098
vt 0.676003 0.935626
vt 0.676003 0.935098
vt 0.217115 0.913708
vt 0.217241 0.914211
vt 0.216853 0.913424
vt 0.945773 0.234426
vt 0.945244 0.234951
vt 0.945244 0.234411
vt 0.946161 0.234466
vt 0.945750 0.234943
vt 0.674417 0.935626
vt 0.673888 0.935098
vt 0.674417 0.935098
vt 0.674417 0.936015
vt 0.673911 0.935604
vt 0.404288 0.934536
vt 0.404871 0.934072
vt 0.404795 0.934595
vt 0.945750 0.235243
vt 0.945244 0.235377
vt 0.946024 0.234971
vt 0.214731 0.914117
vt 0.215238 0.913651
vt 0.215197 0.914196
vt 0.870346 0.406440
vt 0.870597 0.405934
vt 0.870734 0.406440
vt 0.869818 0.405912
vt 0.869818 0.406440
vt 0.406190 0.936745
vt 0.406711 0.936392
vt 0.406708 0.936666
vt 0.406777 0.935890
vt 0.406195 0.936354
vt 0.406241 0.935828
vt 0.214870 0.913262
vt 0.215349 0.913175
vt 0.407009 0.936426
vt 0.944187 0.234951
vt 0.943658 0.234426
vt 0.944187 0.234411
vt 0.943681 0.235243
vt 0.943681 0.234943
vt 0.404627 0.936172
vt 0.404166 0.935587
vt 0.404673 0.935646
vt 0.868231 0.405524
vt 0.867725 0.405934
vt 0.867725 0.405661
vt 0.867703 0.406440
vt 0.868231 0.405912
vt 0.868231 0.406440
vt 0.943270 0.234466
vt 0.943407 0.234971
vt 0.434220 0.945189
vt 0.425909 0.926715
vt 0.425955 0.926187
vt 0.423414 0.925129
vt 0.868231 0.457071
vt 0.425909 0.924601
vt 0.215197 0.961998
vt 0.870734 0.456155
vt 0.867315 0.406440
vt 0.869818 0.405524
vt 0.944187 0.235377
vt 0.673500 0.885384
vt 0.673500 0.935098
vt 0.425955 0.925129
vt 0.823632 0.481905
vt 0.823126 0.482371
vt 0.823085 0.481901
vt 0.824115 0.481833
vt 0.823650 0.482353
vt 0.026795 0.756168
vt 0.026267 0.756697
vt 0.026267 0.756168
vt 0.027183 0.756168
vt 0.026773 0.756674
vt 0.386717 0.945351
vt 0.386343 0.945879
vt 0.386243 0.945351
vt 0.387184 0.945857
vt 0.386798 0.945857
vt 0.386991 0.946130
vt 0.026267 0.516588
vt 0.026795 0.517116
vt 0.026267 0.517116
vt 0.026267 0.516199
vt 0.026773 0.516610
vt 0.393203 0.914388
vt 0.393731 0.914913
vt 0.393203 0.914899
vt 0.787516 0.490452
vt 0.787010 0.490082
vt 0.787516 0.489960
vt 0.786987 0.490952
vt 0.787516 0.490998
vt 0.786599 0.490827
vt 0.787010 0.490429
vt 0.786736 0.490341
vt 0.387266 0.944293
vt 0.387639 0.943765
vt 0.387739 0.944293
vt 0.386798 0.943788
vt 0.387184 0.943788
vt 0.386343 0.943765
vt 0.386717 0.944293
vt 0.386243 0.944293
vt 0.732778 0.729929
vt 0.732527 0.730434
vt 0.732390 0.729929
vt 0.733306 0.730457
vt 0.733306 0.729929
vt 0.732800 0.730708
vt 0.732800 0.730434
vt 0.386991 0.943514
vt 0.391617 0.914913
vt 0.392145 0.914388
vt 0.392145 0.914899
vt 0.733306 0.489960
vt 0.732800 0.490370
vt 0.732800 0.490097
vt 0.732778 0.490876
vt 0.733306 0.490348
vt 0.733306 0.490876
vt 0.789490 0.490827
vt 0.789079 0.490429
vt 0.789352 0.490341
vt 0.788573 0.490452
vt 0.789102 0.490952
vt 0.788573 0.490998
vt 0.789079 0.490082
vt 0.823126 0.479830
vt 0.823632 0.480379
vt 0.823085 0.480375
vt 0.823237 0.479354
vt 0.823650 0.479855
vt 0.115326 0.754494
vt 0.114797 0.755019
vt 0.114798 0.754479
vt 0.115576 0.755040
vt 0.115303 0.755011
vt 0.024680 0.756697
vt 0.024152 0.756168
vt 0.024680 0.756168
vt 0.823990 0.479805
vt 0.824115 0.480308
vt 0.823728 0.479520
vt 0.393731 0.916491
vt 0.393203 0.917017
vt 0.393203 0.916477
vt 0.393982 0.917037
vt 0.393709 0.917009
vt 0.024152 0.517116
vt 0.024680 0.516588
vt 0.024680 0.517116
vt 0.023901 0.516610
vt 0.024174 0.516610
vt 0.115187 0.516201
vt 0.115714 0.516727
vt 0.115186 0.516712
vt 0.393709 0.917309
vt 0.393203 0.917443
vt 0.821606 0.480213
vt 0.822112 0.479747
vt 0.822072 0.480292
vt 0.734893 0.730845
vt 0.735399 0.730434
vt 0.735399 0.730708
vt 0.735421 0.729929
vt 0.734893 0.730457
vt 0.734893 0.729929
vt 0.113212 0.754491
vt 0.112960 0.755036
vt 0.112823 0.754530
vt 0.113739 0.755017
vt 0.113740 0.754477
vt 0.821745 0.479358
vt 0.822223 0.479271
vt 0.113233 0.755308
vt 0.113233 0.755008
vt 0.392145 0.917017
vt 0.391617 0.916491
vt 0.392145 0.916477
vt 0.392145 0.917443
vt 0.391639 0.917009
vt 0.113600 0.516724
vt 0.114129 0.516199
vt 0.114128 0.516710
vt 0.735421 0.490876
vt 0.735672 0.490370
vt 0.735809 0.490876
vt 0.734893 0.490348
vt 0.734893 0.490876
vt 0.391366 0.917037
vt 0.391229 0.916531
vt 0.391639 0.917309
vt 0.387739 0.945351
vt 0.387266 0.945351
vt 0.787516 0.717328
vt 0.786987 0.717282
vt 0.788573 0.489960
vt 0.732390 0.490876
vt 0.789102 0.717282
vt 0.822072 0.481818
vt 0.734893 0.489960
vt 0.735809 0.729929
vt 0.023764 0.517116
vt 0.024680 0.516199
vt 0.788573 0.717328
vt 0.859766 0.166409
vt 0.859260 0.166875
vt 0.859220 0.166405
vt 0.860249 0.166337
vt 0.859784 0.166857
vt 0.036984 0.756168
vt 0.036456 0.756697
vt 0.036456 0.756168
vt 0.037373 0.756168
vt 0.036962 0.756674
vt 0.403248 0.945351
vt 0.402875 0.945879
vt 0.402775 0.945351
vt 0.403716 0.945857
vt 0.403329 0.945857
vt 0.403523 0.946130
vt 0.036456 0.516588
vt 0.036984 0.517116
vt 0.036456 0.517116
vt 0.036962 0.516337
vt 0.036962 0.516610
vt 0.402863 0.914388
vt 0.403392 0.914913
vt 0.402863 0.914899
vt 0.794686 0.003877
vt 0.794180 0.003508
vt 0.794686 0.003385
vt 0.794158 0.004378
vt 0.794686 0.004423
vt 0.793907 0.003766
vt 0.794180 0.003854
vt 0.403797 0.944294
vt 0.404171 0.943765
vt 0.404271 0.944294
vt 0.403248 0.944294
vt 0.403716 0.943788
vt 0.402875 0.943765
vt 0.402775 0.944294
vt 0.742579 0.729929
vt 0.742990 0.730434
vt 0.742716 0.730434
vt 0.743496 0.730457
vt 0.742967 0.729929
vt 0.743496 0.729929
vt 0.742990 0.730708
vt 0.403329 0.943788
vt 0.403523 0.943514
vt 0.401277 0.914913
vt 0.401806 0.914388
vt 0.401806 0.914899
vt 0.743496 0.490348
vt 0.742990 0.490097
vt 0.743496 0.489960
vt 0.742967 0.490876
vt 0.743496 0.490876
vt 0.796272 0.004378
vt 0.796523 0.003766
vt 0.796660 0.004253
vt 0.795744 0.003877
vt 0.795744 0.004423
vt 0.796249 0.003508
vt 0.796249 0.003854
vt 0.859260 0.164334
vt 0.859766 0.164883
vt 0.859220 0.164879
vt 0.859371 0.163858
vt 0.859784 0.164359
vt 0.096005 0.754494
vt 0.095476 0.755019
vt 0.095477 0.754479
vt 0.096255 0.755040
vt 0.095982 0.755011
vt 0.034869 0.756697
vt 0.034341 0.756168
vt 0.034869 0.756168
vt 0.860249 0.164812
vt 0.860124 0.164308
vt 0.859862 0.164024
vt 0.403392 0.916491
vt 0.402863 0.917017
vt 0.402863 0.916477
vt 0.403780 0.916531
vt 0.403369 0.917009
vt 0.034341 0.517116
vt 0.034869 0.516588
vt 0.034869 0.517116
vt 0.034090 0.516610
vt 0.034364 0.516610
vt 0.095866 0.516201
vt 0.096393 0.516727
vt 0.095865 0.516712
vt 0.403369 0.917309
vt 0.402863 0.917443
vt 0.403643 0.917037
vt 0.857740 0.164717
vt 0.858246 0.164251
vt 0.858206 0.164796
vt 0.745082 0.730457
vt 0.745588 0.730708
vt 0.745082 0.730845
vt 0.745610 0.729929
vt 0.745082 0.729929
vt 0.093891 0.754491
vt 0.093639 0.755036
vt 0.093502 0.754530
vt 0.094418 0.755017
vt 0.094419 0.754477
vt 0.858357 0.163775
vt 0.857801 0.164197
vt 0.857879 0.163862
vt 0.093912 0.755308
vt 0.093912 0.755008
vt 0.401806 0.917017
vt 0.401277 0.916491
vt 0.401806 0.916477
vt 0.401300 0.917309
vt 0.401300 0.917009
vt 0.094279 0.516724
vt 0.094808 0.516200
vt 0.094807 0.516710
vt 0.745610 0.490876
vt 0.745861 0.490370
vt 0.745999 0.490876
vt 0.745082 0.490348
vt 0.745082 0.490876
vt 0.400889 0.916531
vt 0.401026 0.917037
vt 0.404271 0.945351
vt 0.403797 0.945351
vt 0.794686 0.230753
vt 0.794158 0.230708
vt 0.795744 0.003385
vt 0.742579 0.490876
vt 0.795744 0.230753
vt 0.857740 0.166243
vt 0.745082 0.489960
vt 0.745999 0.729929
vt 0.401806 0.917443
vt 0.033953 0.517116
vt 0.036456 0.516199
vt 0.034869 0.516199
vt 0.858206 0.166322
vt 0.497433 0.752762
vt 0.449834 0.517412
vt 0.497433 0.517412
vt 0.322852 0.913262
vt 0.321788 0.958943
vt 0.321788 0.913175
vt 0.250542 0.751550
vt 0.289679 0.743088
vt 0.298141 0.751550
vt 0.815580 0.712785
vt 0.816691 0.489960
vt 0.816691 0.712785
vt 0.298141 0.516199
vt 0.798621 0.883180
vt 0.797511 0.930523
vt 0.797511 0.883180
vt 0.289679 0.524662
vt 0.250542 0.516199
vt 0.764068 0.489960
vt 0.762958 0.724045
vt 0.762958 0.489960
vt 0.259004 0.524662
vt 0.259004 0.743088
vt 0.226036 0.962085
vt 0.225530 0.962551
vt 0.225490 0.962081
vt 0.226519 0.962013
vt 0.226054 0.962533
vt 0.647520 0.884856
vt 0.648048 0.885384
vt 0.647520 0.885384
vt 0.648026 0.884605
vt 0.648026 0.884878
vt 0.675509 0.944621
vt 0.675135 0.945149
vt 0.675035 0.944621
vt 0.676058 0.944621
vt 0.675590 0.945127
vt 0.675977 0.945127
vt 0.675783 0.945400
vt 0.645405 0.885384
vt 0.645934 0.884856
vt 0.645934 0.885384
vt 0.645154 0.884878
vt 0.645428 0.884878
vt 0.952368 0.425578
vt 0.952896 0.426104
vt 0.952368 0.426089
vt 0.481870 0.926187
vt 0.481500 0.926693
vt 0.481377 0.926187
vt 0.482370 0.926715
vt 0.482415 0.926187
vt 0.482245 0.927103
vt 0.481847 0.926693
vt 0.481759 0.926966
vt 0.676058 0.943564
vt 0.676431 0.943035
vt 0.676531 0.943564
vt 0.675509 0.943564
vt 0.675977 0.943058
vt 0.675135 0.943035
vt 0.675035 0.943564
vt 0.872745 0.233923
vt 0.873251 0.234174
vt 0.872745 0.234311
vt 0.873273 0.233395
vt 0.872745 0.233395
vt 0.873524 0.233900
vt 0.873251 0.233900
vt 0.675590 0.943058
vt 0.675783 0.942784
vt 0.950782 0.426104
vt 0.951310 0.425578
vt 0.951310 0.426089
vt 0.870242 0.233395
vt 0.870652 0.233900
vt 0.870379 0.233900
vt 0.871158 0.233923
vt 0.870630 0.233395
vt 0.871158 0.233395
vt 0.482245 0.924213
vt 0.481847 0.924623
vt 0.481759 0.924350
vt 0.481870 0.925129
vt 0.482370 0.924601
vt 0.482415 0.925129
vt 0.481500 0.924623
vt 0.225530 0.913734
vt 0.226036 0.914283
vt 0.225490 0.914279
vt 0.226132 0.913424
vt 0.226054 0.913759
vt 0.508734 0.934254
vt 0.509195 0.934839
vt 0.508659 0.934777
vt 0.509305 0.934068
vt 0.509245 0.934336
vt 0.648048 0.935098
vt 0.647520 0.935626
vt 0.647520 0.935098
vt 0.226519 0.914211
vt 0.226394 0.913708
vt 0.952896 0.475551
vt 0.952368 0.476076
vt 0.952368 0.475536
vt 0.953284 0.475591
vt 0.952873 0.476068
vt 0.645934 0.935626
vt 0.645405 0.935098
vt 0.645934 0.935098
vt 0.645934 0.936015
vt 0.645428 0.935604
vt 0.506584 0.934536
vt 0.507167 0.934072
vt 0.507091 0.934595
vt 0.952873 0.476368
vt 0.952368 0.476503
vt 0.953147 0.476097
vt 0.224010 0.914117
vt 0.224516 0.913651
vt 0.224476 0.914196
vt 0.873661 0.183680
vt 0.873251 0.183174
vt 0.873524 0.183174
vt 0.872745 0.183152
vt 0.873273 0.183680
vt 0.872745 0.183680
vt 0.508490 0.936354
vt 0.509003 0.936666
vt 0.508486 0.936745
vt 0.509073 0.935890
vt 0.508537 0.935828
vt 0.224149 0.913262
vt 0.224627 0.913175
vt 0.509305 0.936426
vt 0.509007 0.936392
vt 0.951310 0.476076
vt 0.950782 0.475551
vt 0.951310 0.475536
vt 0.950804 0.476368
vt 0.950804 0.476068
vt 0.506923 0.936172
vt 0.506462 0.935587
vt 0.506969 0.935646
vt 0.871158 0.182764
vt 0.870652 0.183174
vt 0.870652 0.182901
vt 0.870630 0.183680
vt 0.871158 0.183152
vt 0.871158 0.183680
vt 0.950531 0.476097
vt 0.950393 0.475591
vt 0.676531 0.944621
vt 0.647520 0.884467
vt 0.483918 0.926187
vt 0.483872 0.926715
vt 0.481377 0.925129
vt 0.871158 0.234311
vt 0.483872 0.924601
vt 0.224476 0.961998
vt 0.873661 0.233395
vt 0.870242 0.183680
vt 0.872745 0.182764
vt 0.225641 0.913258
vt 0.951310 0.476503
vt 0.645017 0.885384
vt 0.645017 0.935098
vt 0.483918 0.925129
vt 0.280405 0.962085
vt 0.279899 0.962551
vt 0.279859 0.962081
vt 0.280888 0.962013
vt 0.280423 0.962533
vt 0.935972 0.126524
vt 0.936500 0.127052
vt 0.935972 0.127052
vt 0.935972 0.126136
vt 0.936478 0.126547
vt 0.806897 0.943334
vt 0.806524 0.943863
vt 0.806424 0.943334
vt 0.807365 0.943840
vt 0.806978 0.943840
vt 0.807172 0.944114
vt 0.933857 0.127052
vt 0.934386 0.126524
vt 0.934386 0.127052
vt 0.933606 0.126547
vt 0.933880 0.126547
vt 0.954905 0.126136
vt 0.955433 0.126661
vt 0.954905 0.126647
vt 0.442035 0.926187
vt 0.442504 0.926693
vt 0.442158 0.926693
vt 0.443027 0.926715
vt 0.442527 0.926187
vt 0.443073 0.926187
vt 0.442416 0.926966
vt 0.807446 0.942277
vt 0.807820 0.941748
vt 0.807919 0.942277
vt 0.806897 0.942277
vt 0.807365 0.941771
vt 0.806524 0.941748
vt 0.806424 0.942277
vt 0.880007 0.456683
vt 0.880513 0.456934
vt 0.880007 0.457071
vt 0.880535 0.456155
vt 0.880007 0.456155
vt 0.880924 0.456155
vt 0.880513 0.456661
vt 0.806978 0.941771
vt 0.807172 0.941497
vt 0.953319 0.126661
vt 0.953847 0.126136
vt 0.953847 0.126647
vt 0.877892 0.456155
vt 0.877641 0.456661
vt 0.877504 0.456155
vt 0.878421 0.456683
vt 0.878421 0.456155
vt 0.442902 0.924213
vt 0.442504 0.924623
vt 0.442416 0.924350
vt 0.442527 0.925129
vt 0.443027 0.924601
vt 0.443073 0.925129
vt 0.442158 0.924623
vt 0.279899 0.913734
vt 0.280405 0.914283
vt 0.279859 0.914279
vt 0.280010 0.913258
vt 0.280423 0.913759
vt 0.396803 0.934254
vt 0.397264 0.934839
vt 0.396728 0.934777
vt 0.397374 0.934068
vt 0.397315 0.934336
vt 0.936500 0.176767
vt 0.935972 0.177295
vt 0.935972 0.176767
vt 0.280888 0.914211
vt 0.280763 0.913708
vt 0.280501 0.913424
vt 0.955433 0.176108
vt 0.954905 0.176634
vt 0.954905 0.176094
vt 0.955821 0.176149
vt 0.955411 0.176626
vt 0.934386 0.177295
vt 0.933857 0.176767
vt 0.934386 0.176767
vt 0.934386 0.177683
vt 0.933880 0.177273
vt 0.394653 0.934536
vt 0.395236 0.934072
vt 0.395160 0.934595
vt 0.954905 0.177060
vt 0.955411 0.176926
vt 0.955684 0.176654
vt 0.278379 0.914117
vt 0.278885 0.913651
vt 0.278845 0.914196
vt 0.880924 0.406440
vt 0.880513 0.405934
vt 0.880786 0.405934
vt 0.880007 0.405912
vt 0.880535 0.406440
vt 0.880007 0.406440
vt 0.396560 0.936354
vt 0.397073 0.936666
vt 0.396555 0.936745
vt 0.397142 0.935890
vt 0.396606 0.935828
vt 0.278996 0.913175
vt 0.278440 0.913596
vt 0.278518 0.913261
vt 0.397374 0.936426
vt 0.397076 0.936392
vt 0.953847 0.176634
vt 0.953319 0.176108
vt 0.953847 0.176094
vt 0.953847 0.177060
vt 0.953341 0.176626
vt 0.394992 0.936172
vt 0.394531 0.935587
vt 0.395038 0.935646
vt 0.878421 0.405524
vt 0.877915 0.405934
vt 0.877915 0.405661
vt 0.877892 0.406440
vt 0.878421 0.405912
vt 0.878421 0.406440
vt 0.952931 0.176149
vt 0.953068 0.176654
vt 0.953341 0.176926
vt 0.807919 0.943334
vt 0.444530 0.926715
vt 0.444575 0.926187
vt 0.442035 0.925129
vt 0.878421 0.457071
vt 0.444530 0.924601
vt 0.278845 0.961998
vt 0.877504 0.406440
vt 0.933469 0.127052
vt 0.933469 0.176767
vt 0.444575 0.925129
vt 0.852869 0.652984
vt 0.852363 0.653450
vt 0.852323 0.652979
vt 0.853352 0.652912
vt 0.852887 0.653432
vt 0.047174 0.756168
vt 0.046645 0.756697
vt 0.046645 0.756168
vt 0.047562 0.756168
vt 0.047151 0.756674
vt 0.423888 0.945370
vt 0.423514 0.945899
vt 0.423414 0.945370
vt 0.424356 0.945876
vt 0.423969 0.945876
vt 0.424162 0.946150
vt 0.046645 0.516588
vt 0.047174 0.517116
vt 0.046645 0.517116
vt 0.047151 0.516337
vt 0.047151 0.516610
vt 0.412524 0.914388
vt 0.413052 0.914913
vt 0.412524 0.914899
vt 0.794686 0.245133
vt 0.794180 0.245603
vt 0.794180 0.245256
vt 0.794158 0.246126
vt 0.794686 0.245626
vt 0.794686 0.246172
vt 0.793769 0.246001
vt 0.793907 0.245515
vt 0.424437 0.944313
vt 0.424810 0.943785
vt 0.424910 0.944313
vt 0.423888 0.944313
vt 0.424356 0.943807
vt 0.423514 0.943785
vt 0.423414 0.944313
vt 0.684078 0.753447
vt 0.683827 0.753953
vt 0.683689 0.753447
vt 0.684606 0.753976
vt 0.684606 0.753447
vt 0.684100 0.754227
vt 0.684100 0.753953
vt 0.423969 0.943807
vt 0.424162 0.943534
vt 0.410938 0.914913
vt 0.411466 0.914388
vt 0.411466 0.914899
vt 0.684606 0.513867
vt 0.684100 0.513616
vt 0.684606 0.513478
vt 0.684078 0.514395
vt 0.684606 0.514395
vt 0.796660 0.246001
vt 0.796249 0.245603
vt 0.796523 0.245515
vt 0.795744 0.245626
vt 0.796272 0.246126
vt 0.795744 0.246172
vt 0.795744 0.245133
vt 0.796249 0.245256
vt 0.852363 0.650909
vt 0.852869 0.651458
vt 0.852323 0.651454
vt 0.852474 0.650433
vt 0.852887 0.650934
vt 0.105665 0.754494
vt 0.105136 0.755019
vt 0.105137 0.754479
vt 0.105916 0.755040
vt 0.105642 0.755011
vt 0.045059 0.756697
vt 0.044531 0.756168
vt 0.045059 0.756168
vt 0.853352 0.651386
vt 0.853227 0.650883
vt 0.852965 0.650599
vt 0.413052 0.916491
vt 0.412524 0.917017
vt 0.412524 0.916477
vt 0.413440 0.916531
vt 0.413030 0.917009
vt 0.044531 0.517116
vt 0.045059 0.516588
vt 0.045059 0.517116
vt 0.044142 0.517116
vt 0.044553 0.516610
vt 0.105526 0.516201
vt 0.106054 0.516727
vt 0.105525 0.516712
vt 0.412524 0.917443
vt 0.413030 0.917309
vt 0.413303 0.917037
vt 0.850843 0.651292
vt 0.851350 0.650826
vt 0.851309 0.651371
vt 0.686193 0.753976
vt 0.686698 0.754227
vt 0.686193 0.754364
vt 0.686721 0.753447
vt 0.686193 0.753447
vt 0.103551 0.754491
vt 0.103299 0.755036
vt 0.103163 0.754530
vt 0.104079 0.755017
vt 0.104080 0.754477
vt 0.851461 0.650350
vt 0.850904 0.650771
vt 0.850982 0.650437
vt 0.103572 0.755308
vt 0.103573 0.755008
vt 0.411466 0.917017
vt 0.410938 0.916491
vt 0.411466 0.916477
vt 0.411466 0.917443
vt 0.410960 0.917009
vt 0.103940 0.516724
vt 0.104469 0.516200
vt 0.104468 0.516710
vt 0.687109 0.514395
vt 0.686698 0.513889
vt 0.686972 0.513889
vt 0.686193 0.513867
vt 0.686721 0.514395
vt 0.686193 0.514395
vt 0.410687 0.917037
vt 0.410550 0.916531
vt 0.410960 0.917309
vt 0.424910 0.945370
vt 0.424437 0.945370
vt 0.794686 0.472502
vt 0.794158 0.472456
vt 0.683689 0.514395
vt 0.796272 0.472456
vt 0.851309 0.652896
vt 0.686193 0.513478
vt 0.687109 0.753447
vt 0.046645 0.516199
vt 0.045059 0.516199
vt 0.795744 0.472502
vt 0.902933 0.476344
vt 0.902427 0.476811
vt 0.902386 0.476340
vt 0.903291 0.476742
vt 0.902951 0.476793
vt 0.057363 0.756168
vt 0.056835 0.756697
vt 0.056835 0.756168
vt 0.057751 0.756168
vt 0.057341 0.756674
vt 0.471483 0.945096
vt 0.471110 0.945624
vt 0.471010 0.945096
vt 0.471951 0.945602
vt 0.471564 0.945602
vt 0.471758 0.945875
vt 0.056835 0.516588
vt 0.057363 0.517116
vt 0.056835 0.517116
vt 0.057341 0.516337
vt 0.057341 0.516610
vt 0.434699 0.914388
vt 0.435227 0.914913
vt 0.434699 0.914899
vt 0.797176 0.490452
vt 0.796670 0.490082
vt 0.797176 0.489960
vt 0.796648 0.490952
vt 0.797176 0.490998
vt 0.796260 0.490827
vt 0.796670 0.490429
vt 0.796397 0.490341
vt 0.472032 0.944038
vt 0.472406 0.943510
vt 0.472506 0.944038
vt 0.471564 0.943532
vt 0.471951 0.943532
vt 0.471110 0.943510
vt 0.471483 0.944038
vt 0.471010 0.944038
vt 0.693879 0.753447
vt 0.694289 0.753953
vt 0.694016 0.753953
vt 0.694795 0.753976
vt 0.694267 0.753447
vt 0.694795 0.753447
vt 0.694795 0.754364
vt 0.471758 0.943259
vt 0.433113 0.914913
vt 0.433641 0.914388
vt 0.433641 0.914899
vt 0.694795 0.513478
vt 0.694289 0.513889
vt 0.694289 0.513616
vt 0.694267 0.514395
vt 0.694795 0.513867
vt 0.694795 0.514395
vt 0.799150 0.490827
vt 0.798740 0.490429
vt 0.799013 0.490341
vt 0.798234 0.490452
vt 0.798762 0.490952
vt 0.798234 0.490998
vt 0.798234 0.489960
vt 0.798740 0.490082
vt 0.902427 0.474269
vt 0.902933 0.474819
vt 0.902386 0.474814
vt 0.902538 0.473794
vt 0.902951 0.474294
vt 0.124986 0.754494
vt 0.124457 0.755019
vt 0.124458 0.754479
vt 0.125237 0.755040
vt 0.124963 0.755011
vt 0.055248 0.756697
vt 0.054720 0.756168
vt 0.055248 0.756168
vt 0.903416 0.474747
vt 0.903291 0.474244
vt 0.903029 0.473960
vt 0.435227 0.916491
vt 0.434699 0.917017
vt 0.434699 0.916477
vt 0.435478 0.917037
vt 0.435205 0.917009
vt 0.054720 0.517116
vt 0.055248 0.516588
vt 0.055248 0.517116
vt 0.054469 0.516610
vt 0.054742 0.516610
vt 0.124847 0.516201
vt 0.125375 0.516727
vt 0.124846 0.516712
vt 0.434699 0.917443
vt 0.435205 0.917309
vt 0.900907 0.474653
vt 0.901413 0.474186
vt 0.901373 0.474731
vt 0.696382 0.753976
vt 0.696888 0.754227
vt 0.696382 0.754364
vt 0.696910 0.753447
vt 0.696382 0.753447
vt 0.122484 0.754530
vt 0.122894 0.755008
vt 0.122620 0.755036
vt 0.123400 0.755017
vt 0.122872 0.754491
vt 0.123401 0.754477
vt 0.901046 0.473797
vt 0.901524 0.473711
vt 0.122893 0.755308
vt 0.433641 0.917017
vt 0.433113 0.916491
vt 0.433641 0.916477
vt 0.433641 0.917443
vt 0.433135 0.917009
vt 0.123260 0.516724
vt 0.123790 0.516200
vt 0.123789 0.516710
vt 0.696910 0.514395
vt 0.697161 0.513889
vt 0.697298 0.514395
vt 0.696382 0.513867
vt 0.696382 0.514395
vt 0.432862 0.917037
vt 0.432725 0.916531
vt 0.433135 0.917309
vt 0.472506 0.945096
vt 0.472032 0.945096
vt 0.797176 0.717328
vt 0.796648 0.717282
vt 0.693879 0.514395
vt 0.798762 0.717282
vt 0.901373 0.476257
vt 0.696382 0.513478
vt 0.054332 0.517116
vt 0.903416 0.476272
vt 0.056835 0.516199
vt 0.055248 0.516199
vt 0.798234 0.717328
vt 0.518965 0.907618
vt 0.471366 0.759532
vt 0.518965 0.759532
vt 0.315018 0.913262
vt 0.313954 0.958943
vt 0.313954 0.913175
vt 0.141805 0.906405
vt 0.180942 0.897943
vt 0.189404 0.906405
vt 0.083842 0.902283
vt 0.084953 0.762078
vt 0.084953 0.902283
vt 0.189404 0.758320
vt 0.705241 0.884874
vt 0.704131 0.932217
vt 0.704131 0.884874
vt 0.150267 0.766782
vt 0.141805 0.758320
vt 0.705241 0.730814
vt 0.704131 0.878104
vt 0.704131 0.730814
vt 0.150267 0.897943
vt 0.162389 0.962085
vt 0.161882 0.962551
vt 0.161842 0.962081
vt 0.162872 0.962013
vt 0.162406 0.962533
vt 0.935972 0.184841
vt 0.936500 0.185370
vt 0.935972 0.185370
vt 0.935972 0.184453
vt 0.936478 0.184864
vt 0.411514 0.945351
vt 0.411140 0.945879
vt 0.411040 0.945351
vt 0.411982 0.945857
vt 0.411595 0.945857
vt 0.411788 0.946130
vt 0.933857 0.185370
vt 0.934386 0.184841
vt 0.934386 0.185370
vt 0.933606 0.184864
vt 0.933880 0.184864
vt 0.954905 0.184453
vt 0.955433 0.184979
vt 0.954905 0.184964
vt 0.507257 0.926187
vt 0.506887 0.926693
vt 0.506765 0.926187
vt 0.507757 0.926715
vt 0.507803 0.926187
vt 0.507146 0.926966
vt 0.507234 0.926693
vt 0.412063 0.944294
vt 0.412436 0.943765
vt 0.412536 0.944294
vt 0.411514 0.944294
vt 0.411982 0.943788
vt 0.411140 0.943765
vt 0.411040 0.944294
vt 0.882934 0.234311
vt 0.883440 0.233900
vt 0.883440 0.234174
vt 0.883462 0.233395
vt 0.882934 0.233923
vt 0.882934 0.233395
vt 0.883713 0.233900
vt 0.411595 0.943788
vt 0.411788 0.943514
vt 0.953319 0.184979
vt 0.953847 0.184453
vt 0.953847 0.184964
vt 0.880431 0.233395
vt 0.880842 0.233900
vt 0.880568 0.233900
vt 0.881348 0.233923
vt 0.880819 0.233395
vt 0.881348 0.233395
vt 0.507632 0.924213
vt 0.507234 0.924623
vt 0.507146 0.924350
vt 0.507257 0.925129
vt 0.507757 0.924601
vt 0.507803 0.925129
vt 0.506887 0.924623
vt 0.161882 0.913734
vt 0.162389 0.914283
vt 0.161842 0.914279
vt 0.162485 0.913424
vt 0.162406 0.913759
vt 0.799083 0.941878
vt 0.799544 0.942464
vt 0.799007 0.942401
vt 0.799167 0.941497
vt 0.799594 0.941960
vt 0.936500 0.235084
vt 0.935972 0.235612
vt 0.935972 0.235084
vt 0.162747 0.913708
vt 0.162872 0.914211
vt 0.955433 0.234426
vt 0.954905 0.234951
vt 0.954905 0.234411
vt 0.955821 0.234466
vt 0.955411 0.234943
vt 0.934386 0.235612
vt 0.933857 0.235084
vt 0.934386 0.235084
vt 0.934386 0.236001
vt 0.933880 0.235590
vt 0.796933 0.942161
vt 0.797515 0.941697
vt 0.797440 0.942220
vt 0.954905 0.235377
vt 0.955411 0.235243
vt 0.955684 0.234971
vt 0.160363 0.914117
vt 0.160869 0.913651
vt 0.160828 0.914196
vt 0.883851 0.183680
vt 0.883440 0.183174
vt 0.883713 0.183174
vt 0.882934 0.183152
vt 0.883462 0.183680
vt 0.882934 0.183680
vt 0.798839 0.943978
vt 0.799352 0.944291
vt 0.798834 0.944369
vt 0.799422 0.943514
vt 0.798885 0.943452
vt 0.160501 0.913262
vt 0.160980 0.913175
vt 0.799654 0.944051
vt 0.799356 0.944016
vt 0.953847 0.234951
vt 0.953319 0.234426
vt 0.953847 0.234411
vt 0.953847 0.235377
vt 0.953341 0.234943
vt 0.797271 0.943797
vt 0.796811 0.943211
vt 0.797318 0.943270
vt 0.881348 0.182764
vt 0.880842 0.183174
vt 0.880842 0.182901
vt 0.880819 0.183680
vt 0.881348 0.183152
vt 0.881348 0.183680
vt 0.952931 0.234466
vt 0.953068 0.234971
vt 0.953341 0.235243
vt 0.412536 0.945351
vt 0.412063 0.945351
vt 0.509305 0.926187
vt 0.509260 0.926715
vt 0.506765 0.925129
vt 0.881348 0.234311
vt 0.509305 0.925129
vt 0.160363 0.961919
vt 0.883851 0.233395
vt 0.880431 0.183680
vt 0.882934 0.182764
vt 0.161993 0.913258
vt 0.933469 0.185370
vt 0.933469 0.235084
vt 0.160828 0.961998
vt 0.252569 0.962085
vt 0.252062 0.962551
vt 0.252022 0.962081
vt 0.253052 0.962013
vt 0.252586 0.962533
vt 0.771421 0.890285
vt 0.771949 0.890813
vt 0.771421 0.890813
vt 0.771927 0.890034
vt 0.771927 0.890307
vt 0.516548 0.945351
vt 0.516175 0.945879
vt 0.516075 0.945351
vt 0.517016 0.945857
vt 0.516629 0.945857
vt 0.516823 0.946130
vt 0.769306 0.890813
vt 0.769834 0.890285
vt 0.769834 0.890813
vt 0.769055 0.890307
vt 0.769328 0.890307
vt 0.743388 0.892470
vt 0.743917 0.892996
vt 0.743388 0.892981
vt 0.381919 0.926187
vt 0.382388 0.926693
vt 0.382041 0.926693
vt 0.382911 0.926715
vt 0.382411 0.926187
vt 0.382957 0.926187
vt 0.382786 0.927103
vt 0.382300 0.926966
vt 0.517097 0.944294
vt 0.517471 0.943765
vt 0.517571 0.944294
vt 0.516548 0.944294
vt 0.517016 0.943788
vt 0.516175 0.943765
vt 0.516075 0.944294
vt 0.842177 0.233923
vt 0.842683 0.234174
vt 0.842177 0.234311
vt 0.842705 0.233395
vt 0.842177 0.233395
vt 0.842956 0.233901
vt 0.842683 0.233901
vt 0.516629 0.943788
vt 0.516823 0.943514
vt 0.741803 0.892996
vt 0.742331 0.892470
vt 0.742331 0.892981
vt 0.839674 0.233395
vt 0.840084 0.233901
vt 0.839811 0.233901
vt 0.840590 0.233923
vt 0.840062 0.233395
vt 0.840590 0.233395
vt 0.382786 0.924213
vt 0.382388 0.924623
vt 0.382300 0.924350
vt 0.382411 0.925129
vt 0.382911 0.924601
vt 0.382957 0.925129
vt 0.382041 0.924623
vt 0.252062 0.913734
vt 0.252569 0.914283
vt 0.252022 0.914279
vt 0.252173 0.913258
vt 0.252586 0.913759
vt 0.499099 0.934254
vt 0.499560 0.934839
vt 0.499024 0.934777
vt 0.499670 0.934068
vt 0.499610 0.934336
vt 0.771949 0.940528
vt 0.771421 0.941056
vt 0.771421 0.940528
vt 0.253052 0.914211
vt 0.252926 0.913708
vt 0.252664 0.913424
vt 0.743917 0.942443
vt 0.743388 0.942968
vt 0.743388 0.942428
vt 0.744168 0.942989
vt 0.743894 0.942960
vt 0.769834 0.941056
vt 0.769306 0.940528
vt 0.769834 0.940528
vt 0.769834 0.941444
vt 0.769328 0.941034
vt 0.496949 0.934536
vt 0.497531 0.934072
vt 0.497456 0.934595
vt 0.743388 0.943395
vt 0.743894 0.943260
vt 0.250543 0.914117
vt 0.251049 0.913651
vt 0.251008 0.914196
vt 0.842705 0.183680
vt 0.842956 0.183174
vt 0.843093 0.183680
vt 0.842177 0.183152
vt 0.842177 0.183680
vt 0.498855 0.936354
vt 0.499368 0.936666
vt 0.498851 0.936745
vt 0.499438 0.935890
vt 0.498902 0.935828
vt 0.251160 0.913175
vt 0.250603 0.913596
vt 0.250681 0.913261
vt 0.499670 0.936426
vt 0.499372 0.936392
vt 0.742331 0.942968
vt 0.741803 0.942443
vt 0.742331 0.942428
vt 0.742331 0.943395
vt 0.741825 0.942960
vt 0.497288 0.936172
vt 0.496827 0.935587
vt 0.497334 0.935646
vt 0.840590 0.182764
vt 0.840084 0.183174
vt 0.840084 0.182901
vt 0.840062 0.183680
vt 0.840590 0.183152
vt 0.840590 0.183680
vt 0.741552 0.942989
vt 0.741414 0.942483
vt 0.741825 0.943260
vt 0.517571 0.945351
vt 0.517097 0.945351
vt 0.771421 0.889897
vt 0.384413 0.926715
vt 0.384459 0.926187
vt 0.381919 0.925129
vt 0.840590 0.234311
vt 0.384413 0.924601
vt 0.250543 0.961919
vt 0.843093 0.233395
vt 0.839674 0.183680
vt 0.842177 0.182764
vt 0.768918 0.890813
vt 0.768918 0.940528
vt 0.251008 0.961998
vt 0.384459 0.925129
vt 0.869045 0.166409
vt 0.868539 0.166875
vt 0.868499 0.166405
vt 0.869528 0.166337
vt 0.869063 0.166857
vt 0.862695 0.156089
vt 0.862167 0.156617
vt 0.862167 0.156089
vt 0.862946 0.156595
vt 0.862673 0.156595
vt 0.461453 0.945351
vt 0.461080 0.945880
vt 0.460980 0.945351
vt 0.461921 0.945857
vt 0.461535 0.945857
vt 0.461728 0.946131
vt 0.862167 0.003773
vt 0.862695 0.004301
vt 0.862167 0.004301
vt 0.862167 0.003385
vt 0.862673 0.003796
vt 0.473341 0.914388
vt 0.473869 0.914913
vt 0.473341 0.914899
vt 0.694795 0.761626
vt 0.694289 0.761256
vt 0.694795 0.761134
vt 0.694267 0.762126
vt 0.694795 0.762172
vt 0.694016 0.761515
vt 0.694289 0.761603
vt 0.462003 0.944294
vt 0.462376 0.943765
vt 0.462476 0.944294
vt 0.461453 0.944294
vt 0.461921 0.943788
vt 0.461080 0.943765
vt 0.460980 0.944294
vt 0.832892 0.815829
vt 0.832641 0.816334
vt 0.832503 0.815829
vt 0.833420 0.816357
vt 0.833420 0.815829
vt 0.832914 0.816608
vt 0.832914 0.816334
vt 0.461535 0.943788
vt 0.461728 0.943514
vt 0.471755 0.914913
vt 0.472283 0.914388
vt 0.472283 0.914899
vt 0.833420 0.663124
vt 0.832914 0.663535
vt 0.832914 0.663262
vt 0.832892 0.664041
vt 0.833420 0.663513
vt 0.833420 0.664041
vt 0.696381 0.762126
vt 0.696632 0.761515
vt 0.696769 0.762001
vt 0.695853 0.761626
vt 0.695853 0.762172
vt 0.696359 0.761256
vt 0.696359 0.761603
vt 0.868539 0.164334
vt 0.869045 0.164883
vt 0.868499 0.164879
vt 0.868650 0.163858
vt 0.869063 0.164359
vt 0.798762 0.875598
vt 0.798232 0.876122
vt 0.798234 0.875582
vt 0.799012 0.876145
vt 0.798738 0.876116
vt 0.860580 0.156617
vt 0.860052 0.156089
vt 0.860580 0.156089
vt 0.869528 0.164812
vt 0.869403 0.164309
vt 0.869141 0.164024
vt 0.473869 0.916491
vt 0.473341 0.917017
vt 0.473341 0.916477
vt 0.474257 0.916531
vt 0.473847 0.917009
vt 0.860052 0.004301
vt 0.860580 0.003773
vt 0.860580 0.004301
vt 0.859801 0.003796
vt 0.860074 0.003796
vt 0.798623 0.724100
vt 0.799150 0.724627
vt 0.798622 0.724611
vt 0.473847 0.917309
vt 0.473341 0.917443
vt 0.474120 0.917037
vt 0.867019 0.164717
vt 0.867525 0.164251
vt 0.867485 0.164796
vt 0.835006 0.816357
vt 0.835512 0.816608
vt 0.835006 0.816745
vt 0.835535 0.815829
vt 0.835006 0.815829
vt 0.796648 0.875593
vt 0.796396 0.876138
vt 0.796260 0.875632
vt 0.797175 0.876119
vt 0.797176 0.875580
vt 0.867636 0.163775
vt 0.867080 0.164197
vt 0.867158 0.163862
vt 0.796668 0.876410
vt 0.796669 0.876110
vt 0.472283 0.917017
vt 0.471755 0.916491
vt 0.472283 0.916477
vt 0.471777 0.917309
vt 0.471777 0.917009
vt 0.797036 0.724622
vt 0.797566 0.724098
vt 0.797564 0.724608
vt 0.835923 0.664041
vt 0.835512 0.663535
vt 0.835786 0.663535
vt 0.835006 0.663513
vt 0.835535 0.664041
vt 0.835006 0.664041
vt 0.471366 0.916531
vt 0.471504 0.917037
vt 0.462476 0.945351
vt 0.462003 0.945351
vt 0.863083 0.156089
vt 0.694795 0.905881
vt 0.694267 0.905836
vt 0.695853 0.761134
vt 0.832503 0.664041
vt 0.696381 0.905836
vt 0.867485 0.166322
vt 0.833420 0.816745
vt 0.835923 0.815829
vt 0.472283 0.917443
vt 0.859664 0.004301
vt 0.860580 0.003385
vt 0.695853 0.905881
vt 0.871427 0.652984
vt 0.870921 0.653450
vt 0.870881 0.652979
vt 0.871785 0.653382
vt 0.871445 0.653432
vt 0.818612 0.872259
vt 0.818084 0.872787
vt 0.818084 0.872259
vt 0.818863 0.872765
vt 0.818589 0.872765
vt 0.451818 0.945351
vt 0.451445 0.945880
vt 0.451345 0.945351
vt 0.452286 0.945857
vt 0.451900 0.945857
vt 0.452093 0.946131
vt 0.818084 0.719943
vt 0.818612 0.720471
vt 0.818084 0.720471
vt 0.818084 0.719555
vt 0.818589 0.719965
vt 0.483001 0.914388
vt 0.483529 0.914913
vt 0.483001 0.914899
vt 0.899869 0.490452
vt 0.899363 0.490083
vt 0.899869 0.489960
vt 0.899341 0.490952
vt 0.899869 0.490998
vt 0.898952 0.490827
vt 0.899363 0.490429
vt 0.899090 0.490341
vt 0.452367 0.944294
vt 0.452741 0.943765
vt 0.452841 0.944294
vt 0.451818 0.944294
vt 0.452286 0.943788
vt 0.451445 0.943765
vt 0.451345 0.944294
vt 0.838282 0.397838
vt 0.838031 0.398343
vt 0.837894 0.397838
vt 0.838810 0.398366
vt 0.838810 0.397838
vt 0.838810 0.398754
vt 0.838304 0.398343
vt 0.451900 0.943788
vt 0.452093 0.943514
vt 0.481415 0.914913
vt 0.481943 0.914388
vt 0.481943 0.914899
vt 0.838810 0.245522
vt 0.838304 0.245271
vt 0.838810 0.245133
vt 0.838282 0.246050
vt 0.838810 0.246050
vt 0.901843 0.490827
vt 0.901432 0.490429
vt 0.901706 0.490341
vt 0.900927 0.490452
vt 0.901455 0.490952
vt 0.900927 0.490998
vt 0.901432 0.490083
vt 0.870921 0.650909
vt 0.871427 0.651458
vt 0.870881 0.651454
vt 0.871032 0.650433
vt 0.871445 0.650934
vt 0.789102 0.875598
vt 0.788572 0.876122
vt 0.788573 0.875582
vt 0.789351 0.876145
vt 0.789078 0.876116
vt 0.816497 0.872787
vt 0.815969 0.872259
vt 0.816497 0.872259
vt 0.871910 0.651386
vt 0.871785 0.650883
vt 0.871523 0.650599
vt 0.483529 0.916491
vt 0.483001 0.917017
vt 0.483001 0.916477
vt 0.483918 0.916531
vt 0.483507 0.917009
vt 0.815969 0.720471
vt 0.816497 0.719943
vt 0.816497 0.720471
vt 0.815718 0.719965
vt 0.815991 0.719965
vt 0.788963 0.724101
vt 0.789490 0.724627
vt 0.788962 0.724611
vt 0.483001 0.917443
vt 0.483507 0.917309
vt 0.483780 0.917037
vt 0.869401 0.651292
vt 0.869907 0.650826
vt 0.869867 0.651371
vt 0.840397 0.398754
vt 0.840903 0.398343
vt 0.840903 0.398617
vt 0.840925 0.397838
vt 0.840397 0.398366
vt 0.840397 0.397838
vt 0.786988 0.875593
vt 0.786735 0.876138
vt 0.786599 0.875632
vt 0.787514 0.876120
vt 0.787516 0.875580
vt 0.870018 0.650350
vt 0.869462 0.650771
vt 0.869540 0.650437
vt 0.787008 0.876410
vt 0.787009 0.876110
vt 0.481943 0.917017
vt 0.481415 0.916491
vt 0.481943 0.916477
vt 0.481943 0.917443
vt 0.481438 0.917009
vt 0.787376 0.724622
vt 0.787905 0.724098
vt 0.787904 0.724609
vt 0.841313 0.246050
vt 0.840903 0.245544
vt 0.841176 0.245544
vt 0.840397 0.245522
vt 0.840925 0.246050
vt 0.840397 0.246050
vt 0.481027 0.916531
vt 0.481164 0.917037
vt 0.481438 0.917309
vt 0.452841 0.945351
vt 0.452367 0.945351
vt 0.819000 0.872259
vt 0.899869 0.634707
vt 0.899341 0.634662
vt 0.900927 0.489960
vt 0.837894 0.246050
vt 0.901455 0.634662
vt 0.869867 0.652896
vt 0.815580 0.720471
vt 0.871910 0.652912
vt 0.816497 0.719555
vt 0.900927 0.634707
vt 0.243773 0.906405
vt 0.196174 0.758320
vt 0.243773 0.758320
vt 0.354189 0.913262
vt 0.353125 0.958943
vt 0.353125 0.913175
vt 0.250543 0.906405
vt 0.289679 0.897943
vt 0.298142 0.906405
vt 0.091723 0.902283
vt 0.092833 0.762078
vt 0.092833 0.902283
vt 0.298142 0.758320
vt 0.779829 0.884874
vt 0.778719 0.932217
vt 0.778719 0.884874
vt 0.259005 0.766782
vt 0.250543 0.758320
vt 0.779829 0.730814
vt 0.778719 0.878104
vt 0.778719 0.730814
vt 0.259005 0.897943
vt 0.198200 0.962085
vt 0.197694 0.962551
vt 0.197653 0.962081
vt 0.198683 0.962013
vt 0.198217 0.962533
vt 0.943095 0.368273
vt 0.943624 0.368801
vt 0.943095 0.368801
vt 0.943095 0.367884
vt 0.943601 0.368295
vt 0.364115 0.945396
vt 0.363742 0.945924
vt 0.363642 0.945396
vt 0.364665 0.945396
vt 0.364197 0.945902
vt 0.364583 0.945902
vt 0.364390 0.946175
vt 0.940981 0.368801
vt 0.941509 0.368273
vt 0.941509 0.368801
vt 0.940730 0.368295
vt 0.941003 0.368295
vt 0.066495 0.908335
vt 0.067023 0.908861
vt 0.066495 0.908846
vt 0.423907 0.935847
vt 0.423537 0.936353
vt 0.423414 0.935847
vt 0.424407 0.936376
vt 0.424452 0.935847
vt 0.423796 0.936627
vt 0.423884 0.936353
vt 0.364665 0.944338
vt 0.365038 0.943810
vt 0.365138 0.944338
vt 0.364197 0.943832
vt 0.364583 0.943832
vt 0.363742 0.943810
vt 0.364115 0.944338
vt 0.363642 0.944338
vt 0.890197 0.457071
vt 0.890702 0.456661
vt 0.890702 0.456934
vt 0.890725 0.456155
vt 0.890197 0.456683
vt 0.890197 0.456155
vt 0.891113 0.456155
vt 0.364390 0.943559
vt 0.064909 0.908861
vt 0.065437 0.908335
vt 0.065437 0.908846
vt 0.888082 0.456155
vt 0.887831 0.456661
vt 0.887693 0.456155
vt 0.888610 0.456683
vt 0.888610 0.456155
vt 0.424407 0.934261
vt 0.423796 0.934010
vt 0.424282 0.933873
vt 0.423907 0.934790
vt 0.424452 0.934790
vt 0.423537 0.934284
vt 0.423884 0.934284
vt 0.197693 0.913734
vt 0.198200 0.914283
vt 0.197653 0.914279
vt 0.197804 0.913258
vt 0.198217 0.913759
vt 0.788893 0.941878
vt 0.789354 0.942464
vt 0.788818 0.942401
vt 0.789464 0.941692
vt 0.789405 0.941960
vt 0.943624 0.418515
vt 0.943095 0.419043
vt 0.943095 0.418515
vt 0.198683 0.914211
vt 0.198558 0.913708
vt 0.198296 0.913424
vt 0.067023 0.958308
vt 0.066495 0.958833
vt 0.066495 0.958293
vt 0.067412 0.958348
vt 0.067001 0.958825
vt 0.941509 0.419043
vt 0.940981 0.418515
vt 0.941509 0.418515
vt 0.941003 0.419294
vt 0.941003 0.419021
vt 0.786743 0.942161
vt 0.787326 0.941697
vt 0.787250 0.942219
vt 0.066495 0.959260
vt 0.067001 0.959125
vt 0.067274 0.958854
vt 0.196174 0.914117
vt 0.196680 0.913651
vt 0.196639 0.914196
vt 0.890725 0.406440
vt 0.890976 0.405934
vt 0.891113 0.406440
vt 0.890197 0.405912
vt 0.890197 0.406440
vt 0.788650 0.943978
vt 0.789163 0.944291
vt 0.788645 0.944369
vt 0.789232 0.943514
vt 0.788696 0.943452
vt 0.196791 0.913175
vt 0.196234 0.913596
vt 0.196312 0.913262
vt 0.789464 0.944051
vt 0.789166 0.944016
vt 0.065437 0.958833
vt 0.064909 0.958308
vt 0.065437 0.958293
vt 0.065437 0.959260
vt 0.064932 0.958825
vt 0.787082 0.943797
vt 0.786621 0.943211
vt 0.787129 0.943270
vt 0.888610 0.405912
vt 0.888104 0.405661
vt 0.888610 0.405524
vt 0.888082 0.406440
vt 0.888610 0.406440
vt 0.064521 0.958348
vt 0.064658 0.958854
vt 0.064932 0.959125
vt 0.365138 0.945396
vt 0.425955 0.935847
vt 0.425909 0.936376
vt 0.423414 0.934790
vt 0.888610 0.457071
vt 0.425955 0.934790
vt 0.196639 0.961998
vt 0.887693 0.406440
vt 0.890197 0.405524
vt 0.941509 0.419432
vt 0.940592 0.368801
vt 0.940592 0.418515
vt 0.261847 0.962085
vt 0.261341 0.962551
vt 0.261301 0.962081
vt 0.262330 0.962013
vt 0.261865 0.962533
vt 0.007738 0.886606
vt 0.008267 0.887134
vt 0.007738 0.887134
vt 0.007738 0.886217
vt 0.008244 0.886628
vt 0.945256 0.614548
vt 0.944882 0.615076
vt 0.944782 0.614548
vt 0.945724 0.615053
vt 0.945337 0.615053
vt 0.945530 0.615327
vt 0.005624 0.887134
vt 0.006152 0.886606
vt 0.006152 0.887134
vt 0.005235 0.887134
vt 0.005646 0.886628
vt 0.105137 0.908335
vt 0.105665 0.908861
vt 0.105137 0.908846
vt 0.414597 0.926187
vt 0.414227 0.926693
vt 0.414104 0.926187
vt 0.415097 0.926715
vt 0.415142 0.926187
vt 0.414486 0.926966
vt 0.414574 0.926693
vt 0.945805 0.613490
vt 0.946178 0.612962
vt 0.946278 0.613490
vt 0.945256 0.613490
vt 0.945724 0.612984
vt 0.944882 0.612962
vt 0.944782 0.613490
vt 0.893124 0.234311
vt 0.893629 0.233900
vt 0.893629 0.234174
vt 0.893652 0.233395
vt 0.893124 0.233923
vt 0.893124 0.233395
vt 0.893903 0.233900
vt 0.945337 0.612984
vt 0.945530 0.612711
vt 0.103551 0.908861
vt 0.104079 0.908335
vt 0.104079 0.908846
vt 0.890620 0.233395
vt 0.891031 0.233900
vt 0.890758 0.233900
vt 0.891537 0.233923
vt 0.891009 0.233395
vt 0.891537 0.233395
vt 0.415097 0.924601
vt 0.414486 0.924350
vt 0.414972 0.924213
vt 0.414597 0.925129
vt 0.415142 0.925129
vt 0.414227 0.924623
vt 0.414574 0.924623
vt 0.261341 0.913734
vt 0.261847 0.914283
vt 0.261301 0.914279
vt 0.261452 0.913258
vt 0.261865 0.913759
vt 0.387168 0.934254
vt 0.387629 0.934839
vt 0.387093 0.934777
vt 0.387253 0.933873
vt 0.387679 0.934336
vt 0.008267 0.936848
vt 0.007738 0.937377
vt 0.007738 0.936848
vt 0.262330 0.914211
vt 0.262205 0.913708
vt 0.261943 0.913424
vt 0.105665 0.958308
vt 0.105137 0.958833
vt 0.105137 0.958293
vt 0.105916 0.958854
vt 0.105643 0.958825
vt 0.006152 0.937377
vt 0.005624 0.936848
vt 0.006152 0.936848
vt 0.005646 0.937628
vt 0.005646 0.937354
vt 0.385018 0.934536
vt 0.385601 0.934072
vt 0.385525 0.934595
vt 0.105137 0.959260
vt 0.105643 0.959125
vt 0.259821 0.914117
vt 0.260328 0.913651
vt 0.260287 0.914196
vt 0.893652 0.183680
vt 0.893903 0.183174
vt 0.894040 0.183680
vt 0.893124 0.183152
vt 0.893124 0.183680
vt 0.386920 0.936745
vt 0.387441 0.936392
vt 0.387437 0.936666
vt 0.387507 0.935890
vt 0.386924 0.936354
vt 0.386971 0.935828
vt 0.260439 0.913175
vt 0.259882 0.913596
vt 0.259960 0.913262
vt 0.387739 0.936426
vt 0.104079 0.958833
vt 0.103551 0.958308
vt 0.104079 0.958293
vt 0.103574 0.959125
vt 0.103574 0.958825
vt 0.385357 0.936172
vt 0.384896 0.935587
vt 0.385403 0.935646
vt 0.891537 0.183152
vt 0.891031 0.182901
vt 0.891537 0.182764
vt 0.891009 0.183680
vt 0.891537 0.183680
vt 0.103163 0.958348
vt 0.103300 0.958854
vt 0.945805 0.614548
vt 0.416599 0.926715
vt 0.416645 0.926187
vt 0.414104 0.925129
vt 0.891537 0.234311
vt 0.416599 0.924601
vt 0.260287 0.961998
vt 0.894040 0.233395
vt 0.890620 0.183680
vt 0.893124 0.182764
vt 0.104079 0.959260
vt 0.006152 0.937765
vt 0.005235 0.936848
vt 0.416645 0.925129
vt 0.878324 0.166409
vt 0.877818 0.166875
vt 0.877777 0.166405
vt 0.878682 0.166807
vt 0.878342 0.166857
vt 0.872884 0.156089
vt 0.872356 0.156617
vt 0.872356 0.156089
vt 0.873273 0.156089
vt 0.872862 0.156595
vt 0.945256 0.623933
vt 0.944882 0.624462
vt 0.944782 0.623933
vt 0.945724 0.624439
vt 0.945337 0.624439
vt 0.945530 0.624713
vt 0.872356 0.003773
vt 0.872884 0.004301
vt 0.872356 0.004301
vt 0.872862 0.003522
vt 0.872862 0.003796
vt 0.492662 0.914388
vt 0.493190 0.914913
vt 0.492662 0.914899
vt 0.685135 0.761626
vt 0.684629 0.761256
vt 0.685135 0.761134
vt 0.684607 0.762126
vt 0.685135 0.762172
vt 0.684356 0.761515
vt 0.684629 0.761603
vt 0.945805 0.622876
vt 0.946178 0.622348
vt 0.946278 0.622876
vt 0.945256 0.622876
vt 0.945724 0.622370
vt 0.944882 0.622348
vt 0.944782 0.622876
vt 0.842693 0.815829
vt 0.843103 0.816334
vt 0.842830 0.816334
vt 0.843609 0.816357
vt 0.843081 0.815829
vt 0.843609 0.815829
vt 0.843103 0.816608
vt 0.945337 0.622370
vt 0.945530 0.622097
vt 0.491076 0.914913
vt 0.491604 0.914388
vt 0.491604 0.914899
vt 0.843609 0.663513
vt 0.843103 0.663262
vt 0.843609 0.663124
vt 0.843081 0.664041
vt 0.843609 0.664041
vt 0.687109 0.762001
vt 0.686698 0.761603
vt 0.686972 0.761515
vt 0.686193 0.761626
vt 0.686721 0.762126
vt 0.686193 0.762172
vt 0.686698 0.761256
vt 0.877818 0.164334
vt 0.878324 0.164883
vt 0.877777 0.164879
vt 0.877929 0.163858
vt 0.878342 0.164359
vt 0.808423 0.875598
vt 0.807893 0.876122
vt 0.807894 0.875582
vt 0.808811 0.875640
vt 0.808399 0.876116
vt 0.870770 0.156617
vt 0.870241 0.156089
vt 0.870770 0.156089
vt 0.878682 0.164308
vt 0.878807 0.164812
vt 0.878420 0.164024
vt 0.493190 0.916491
vt 0.492662 0.917017
vt 0.492662 0.916477
vt 0.493441 0.917037
vt 0.493167 0.917009
vt 0.870241 0.004301
vt 0.870770 0.003773
vt 0.870770 0.004301
vt 0.869990 0.003796
vt 0.870264 0.003796
vt 0.808284 0.724101
vt 0.808811 0.724627
vt 0.808283 0.724611
vt 0.492662 0.917443
vt 0.493167 0.917309
vt 0.876298 0.164717
vt 0.876804 0.164251
vt 0.876764 0.164796
vt 0.845196 0.816745
vt 0.845702 0.816334
vt 0.845702 0.816608
vt 0.845724 0.815829
vt 0.845196 0.816357
vt 0.845196 0.815829
vt 0.805920 0.875632
vt 0.806329 0.876110
vt 0.806056 0.876138
vt 0.806835 0.876120
vt 0.806308 0.875593
vt 0.806837 0.875580
vt 0.876915 0.163775
vt 0.876359 0.164197
vt 0.876437 0.163862
vt 0.806329 0.876410
vt 0.491604 0.917017
vt 0.491076 0.916491
vt 0.491604 0.916477
vt 0.491604 0.917443
vt 0.491098 0.917009
vt 0.806697 0.724622
vt 0.807226 0.724098
vt 0.807225 0.724608
vt 0.845724 0.664041
vt 0.845975 0.663535
vt 0.846112 0.664041
vt 0.845196 0.663513
vt 0.845196 0.664041
vt 0.490687 0.916531
vt 0.490825 0.917037
vt 0.491098 0.917309
vt 0.946278 0.623933
vt 0.945805 0.623933
vt 0.685135 0.905881
vt 0.684607 0.905836
vt 0.686193 0.761134
vt 0.842693 0.664041
vt 0.686721 0.905836
vt 0.876764 0.166322
vt 0.843609 0.816745
vt 0.869853 0.156089
vt 0.869853 0.004301
vt 0.878807 0.166337
vt 0.872356 0.003385
vt 0.870770 0.003385
vt 0.686193 0.905881
vt 0.880706 0.652984
vt 0.880200 0.653450
vt 0.880159 0.652979
vt 0.881189 0.652912
vt 0.880724 0.653432
vt 0.864064 0.642664
vt 0.863536 0.643192
vt 0.863536 0.642664
vt 0.864452 0.642664
vt 0.864042 0.643170
vt 0.945256 0.633319
vt 0.944882 0.633848
vt 0.944782 0.633319
vt 0.945724 0.633825
vt 0.945337 0.633825
vt 0.945530 0.634099
vt 0.863536 0.490348
vt 0.864064 0.490876
vt 0.863536 0.490876
vt 0.864042 0.490097
vt 0.864042 0.490370
vt 0.444359 0.914388
vt 0.444887 0.914913
vt 0.444359 0.914899
vt 0.657410 0.761952
vt 0.656905 0.762421
vt 0.656905 0.762074
vt 0.656882 0.762944
vt 0.657410 0.762444
vt 0.657410 0.762990
vt 0.656494 0.762819
vt 0.656631 0.762333
vt 0.945805 0.632262
vt 0.946178 0.631733
vt 0.946278 0.632262
vt 0.945256 0.632262
vt 0.945724 0.631756
vt 0.944882 0.631733
vt 0.944782 0.632262
vt 0.848083 0.397838
vt 0.848494 0.398343
vt 0.848220 0.398343
vt 0.848999 0.398366
vt 0.848471 0.397838
vt 0.848999 0.397838
vt 0.848494 0.398617
vt 0.945337 0.631756
vt 0.945530 0.631483
vt 0.442773 0.914913
vt 0.443301 0.914388
vt 0.443301 0.914899
vt 0.848999 0.245522
vt 0.848494 0.245271
vt 0.848999 0.245133
vt 0.848471 0.246050
vt 0.848999 0.246050
vt 0.658996 0.762944
vt 0.659247 0.762333
vt 0.659385 0.762819
vt 0.658468 0.762444
vt 0.658468 0.762990
vt 0.658468 0.761952
vt 0.658974 0.762421
vt 0.658974 0.762074
vt 0.880200 0.650909
vt 0.880706 0.651458
vt 0.880159 0.651454
vt 0.880311 0.650433
vt 0.880724 0.650934
vt 0.881153 0.396634
vt 0.880624 0.397158
vt 0.880625 0.396618
vt 0.881542 0.396675
vt 0.881130 0.397151
vt 0.861949 0.643192
vt 0.861421 0.642664
vt 0.861949 0.642664
vt 0.881189 0.651386
vt 0.881064 0.650883
vt 0.880802 0.650599
vt 0.444887 0.916491
vt 0.444359 0.917017
vt 0.444359 0.916477
vt 0.445138 0.917037
vt 0.444865 0.917009
vt 0.861421 0.490876
vt 0.861949 0.490348
vt 0.861949 0.490876
vt 0.861033 0.490876
vt 0.861443 0.490370
vt 0.881015 0.245136
vt 0.881542 0.245663
vt 0.881013 0.245647
vt 0.444865 0.917309
vt 0.444359 0.917443
vt 0.878680 0.651292
vt 0.879186 0.650826
vt 0.879146 0.651371
vt 0.850586 0.398366
vt 0.851092 0.398617
vt 0.850586 0.398754
vt 0.851114 0.397838
vt 0.850586 0.397838
vt 0.878651 0.396668
vt 0.879060 0.397146
vt 0.878787 0.397173
vt 0.879566 0.397155
vt 0.879039 0.396628
vt 0.879568 0.396615
vt 0.879297 0.650350
vt 0.878741 0.650771
vt 0.878819 0.650437
vt 0.879060 0.397446
vt 0.443301 0.917017
vt 0.442773 0.916491
vt 0.443301 0.916477
vt 0.443301 0.917443
vt 0.442796 0.917009
vt 0.879428 0.245657
vt 0.879957 0.245133
vt 0.879956 0.245644
vt 0.851503 0.246050
vt 0.851092 0.245544
vt 0.851365 0.245544
vt 0.850586 0.245522
vt 0.851114 0.246050
vt 0.850586 0.246050
vt 0.442522 0.917037
vt 0.442385 0.916531
vt 0.442796 0.917309
vt 0.946278 0.633319
vt 0.945805 0.633319
vt 0.657410 0.906699
vt 0.656882 0.906654
vt 0.848083 0.246050
vt 0.658996 0.906654
vt 0.879146 0.652896
vt 0.848999 0.398754
vt 0.851503 0.397838
vt 0.863536 0.489960
vt 0.861949 0.489960
vt 0.658468 0.906699
vt 0.899773 0.174558
vt 0.899212 0.175016
vt 0.899212 0.174558
vt 0.567658 0.510081
vt 0.568116 0.510539
vt 0.567658 0.510642
vt 0.898651 0.174558
vt 0.898815 0.175119
vt 0.567658 0.003946
vt 0.568116 0.003488
vt 0.568219 0.003946
vt 0.941524 0.786502
vt 0.941982 0.786081
vt 0.942085 0.786526
vt 0.731529 0.003991
vt 0.731071 0.003449
vt 0.731529 0.003385
vt 0.899773 0.172972
vt 0.899212 0.172514
vt 0.899608 0.172411
vt 0.898651 0.172972
vt 0.899212 0.172972
vt 0.575550 0.510081
vt 0.575092 0.510539
vt 0.574989 0.510081
vt 0.939938 0.786502
vt 0.939480 0.786081
vt 0.939938 0.785968
vt 0.575550 0.003946
vt 0.575092 0.003488
vt 0.575550 0.003385
vt 0.733115 0.003991
vt 0.733573 0.003449
vt 0.733676 0.003916
vt 0.537093 0.914741
vt 0.537627 0.914248
vt 0.537696 0.914724
vt 0.666880 0.507333
vt 0.667338 0.507823
vt 0.666880 0.507915
vt 0.540157 0.510081
vt 0.539699 0.510539
vt 0.539596 0.510081
vt 0.941524 0.813856
vt 0.941982 0.814346
vt 0.941524 0.814438
vt 0.540157 0.003946
vt 0.539699 0.003488
vt 0.540157 0.003385
vt 0.666880 0.003919
vt 0.667338 0.003498
vt 0.667441 0.003943
vt 0.535572 0.914617
vt 0.535229 0.914052
vt 0.535638 0.914016
vt 0.603052 0.510081
vt 0.603510 0.510539
vt 0.603052 0.510642
vt 0.665294 0.507333
vt 0.664836 0.507823
vt 0.664733 0.507357
vt 0.939938 0.813856
vt 0.939480 0.814346
vt 0.939377 0.813880
vt 0.665294 0.003919
vt 0.664836 0.003498
vt 0.665294 0.003385
vt 0.603052 0.003946
vt 0.603510 0.003488
vt 0.603613 0.003946
vt 0.568219 0.510081
vt 0.730968 0.483115
vt 0.731529 0.483190
vt 0.941524 0.785968
vt 0.733115 0.003385
vt 0.574989 0.003946
vt 0.733676 0.483115
vt 0.535572 0.941060
vt 0.535101 0.914511
vt 0.575550 0.510642
vt 0.939377 0.786526
vt 0.603052 0.003385
vt 0.664733 0.003943
vt 0.603613 0.510081
vt 0.537159 0.914141
vt 0.665294 0.507915
vt 0.939938 0.814438
vt 0.666880 0.003385
vt 0.539596 0.003946
vt 0.667441 0.507357
vt 0.537696 0.941168
vt 0.537093 0.941185
vt 0.540157 0.510642
vt 0.942085 0.813880
vt 0.567658 0.003385
vt 0.733115 0.483190
vt 0.899773 0.159592
vt 0.899212 0.160050
vt 0.899212 0.159592
vt 0.390691 0.510081
vt 0.391149 0.510539
vt 0.390691 0.510642
vt 0.898651 0.159592
vt 0.898815 0.160153
vt 0.390691 0.003946
vt 0.391149 0.003488
vt 0.391252 0.003946
vt 0.631047 0.914178
vt 0.631505 0.913757
vt 0.631608 0.914202
vt 0.712572 0.003991
vt 0.712114 0.003449
vt 0.712572 0.003385
vt 0.899773 0.158005
vt 0.899212 0.157547
vt 0.899608 0.157444
vt 0.898651 0.158005
vt 0.899212 0.158005
vt 0.610943 0.510081
vt 0.610485 0.510539
vt 0.610382 0.510081
vt 0.629460 0.914178
vt 0.629002 0.913757
vt 0.629460 0.913644
vt 0.610943 0.003946
vt 0.610485 0.003488
vt 0.610943 0.003385
vt 0.714159 0.003991
vt 0.714617 0.003449
vt 0.714719 0.003916
vt 0.527727 0.914741
vt 0.528262 0.914248
vt 0.528331 0.914724
vt 0.676359 0.507333
vt 0.676817 0.507823
vt 0.676359 0.507915
vt 0.363190 0.510081
vt 0.362732 0.510539
vt 0.362629 0.510081
vt 0.631047 0.941532
vt 0.631505 0.942022
vt 0.631047 0.942114
vt 0.363190 0.003946
vt 0.362732 0.003488
vt 0.363190 0.003385
vt 0.676359 0.003919
vt 0.676817 0.003498
vt 0.676920 0.003943
vt 0.526206 0.914617
vt 0.525863 0.914052
vt 0.526273 0.914016
vt 0.638445 0.510081
vt 0.638903 0.510539
vt 0.638445 0.510642
vt 0.674772 0.507333
vt 0.674314 0.507823
vt 0.674211 0.507357
vt 0.629460 0.941532
vt 0.629002 0.942022
vt 0.628899 0.941556
vt 0.674772 0.003919
vt 0.674314 0.003498
vt 0.674772 0.003385
vt 0.638445 0.003946
vt 0.638903 0.003488
vt 0.639006 0.003946
vt 0.391252 0.510081
vt 0.712011 0.003916
vt 0.712572 0.483190
vt 0.712011 0.483115
vt 0.631047 0.913644
vt 0.714159 0.003385
vt 0.610382 0.003946
vt 0.714719 0.483115
vt 0.526206 0.941060
vt 0.525735 0.914511
vt 0.610943 0.510642
vt 0.628899 0.914202
vt 0.638445 0.003385
vt 0.674211 0.003943
vt 0.639006 0.510081
vt 0.527793 0.914140
vt 0.674772 0.507915
vt 0.629460 0.942114
vt 0.676359 0.003385
vt 0.362629 0.003946
vt 0.676920 0.507357
vt 0.528331 0.941168
vt 0.527727 0.941185
vt 0.363190 0.510642
vt 0.631608 0.941556
vt 0.390691 0.003385
vt 0.714159 0.483190
vt 0.039205 0.946358
vt 0.038756 0.946725
vt 0.038756 0.946358
vt 0.996166 0.490408
vt 0.996533 0.490042
vt 0.996615 0.490408
vt 0.038308 0.946358
vt 0.038439 0.946807
vt 0.968347 0.490408
vt 0.967981 0.490042
vt 0.968347 0.489960
vt 0.675324 0.762767
vt 0.675690 0.762430
vt 0.675773 0.762786
vt 0.558651 0.914501
vt 0.558285 0.914067
vt 0.558651 0.914016
vt 0.039205 0.944983
vt 0.038756 0.944617
vt 0.039074 0.944535
vt 0.038308 0.944983
vt 0.038756 0.944983
vt 0.990725 0.360666
vt 0.991091 0.361032
vt 0.990725 0.361115
vt 0.673949 0.762767
vt 0.673582 0.762430
vt 0.673949 0.762340
vt 0.962906 0.360666
vt 0.962540 0.361032
vt 0.962457 0.360666
vt 0.560026 0.914501
vt 0.560393 0.914067
vt 0.560475 0.914441
vt 0.924392 0.368473
vt 0.924819 0.368079
vt 0.924875 0.368459
vt 0.922680 0.813972
vt 0.923046 0.814364
vt 0.922680 0.814438
vt 0.996166 0.605492
vt 0.996533 0.605859
vt 0.996166 0.605941
vt 0.675324 0.877232
vt 0.675690 0.877624
vt 0.675324 0.877697
vt 0.968347 0.605492
vt 0.967981 0.605859
vt 0.967899 0.605492
vt 0.922680 0.786303
vt 0.923046 0.785966
vt 0.923129 0.786322
vt 0.923074 0.368365
vt 0.922799 0.367913
vt 0.923127 0.367884
vt 0.990725 0.245582
vt 0.991091 0.245216
vt 0.991174 0.245582
vt 0.921305 0.813972
vt 0.920938 0.814364
vt 0.920856 0.813991
vt 0.673949 0.877232
vt 0.673582 0.877624
vt 0.673500 0.877251
vt 0.921305 0.786303
vt 0.920938 0.785966
vt 0.921305 0.785876
vt 0.962906 0.245582
vt 0.962540 0.245216
vt 0.962906 0.245133
vt 0.996166 0.489960
vt 0.558202 0.914441
vt 0.558651 0.940839
vt 0.558202 0.940779
vt 0.675324 0.762340
vt 0.560026 0.914016
vt 0.962906 0.361115
vt 0.560475 0.940779
vt 0.923074 0.479021
vt 0.922697 0.368281
vt 0.991174 0.360666
vt 0.673500 0.762786
vt 0.962457 0.245582
vt 0.920856 0.786322
vt 0.924445 0.367992
vt 0.921305 0.814438
vt 0.673949 0.877697
vt 0.922680 0.785876
vt 0.968347 0.605941
vt 0.923129 0.813991
vt 0.924875 0.479115
vt 0.924392 0.479129
vt 0.996615 0.605492
vt 0.675773 0.877251
vt 0.967899 0.490408
vt 0.560026 0.940839
vt 0.858638 0.175469
vt 0.858189 0.175835
vt 0.858189 0.175469
vt 0.873993 0.823964
vt 0.874359 0.823597
vt 0.874442 0.823964
vt 0.857740 0.175469
vt 0.857872 0.175918
vt 0.832952 0.823964
vt 0.832586 0.823597
vt 0.832952 0.823515
vt 0.647600 0.762767
vt 0.647966 0.762430
vt 0.648048 0.762786
vt 0.936189 0.613195
vt 0.935822 0.612762
vt 0.936189 0.612711
vt 0.858638 0.174094
vt 0.858189 0.173728
vt 0.858506 0.173645
vt 0.857740 0.174094
vt 0.858189 0.174094
vt 0.953303 0.778657
vt 0.953669 0.779023
vt 0.953303 0.779106
vt 0.646225 0.762767
vt 0.645858 0.762430
vt 0.646225 0.762340
vt 0.912262 0.778657
vt 0.911896 0.779023
vt 0.911813 0.778657
vt 0.937564 0.613195
vt 0.937930 0.612762
vt 0.938013 0.613136
vt 0.915444 0.368473
vt 0.915872 0.368079
vt 0.915927 0.368459
vt 0.919479 0.653958
vt 0.919846 0.654350
vt 0.919479 0.654424
vt 0.873993 0.939047
vt 0.874359 0.939414
vt 0.873993 0.939496
vt 0.647600 0.877232
vt 0.647966 0.877624
vt 0.647600 0.877697
vt 0.832952 0.939047
vt 0.832586 0.939414
vt 0.832503 0.939047
vt 0.919479 0.613138
vt 0.919846 0.612801
vt 0.919928 0.613157
vt 0.914126 0.368365
vt 0.913852 0.367913
vt 0.914179 0.367884
vt 0.953303 0.663573
vt 0.953670 0.663207
vt 0.953752 0.663573
vt 0.918104 0.653958
vt 0.917738 0.654350
vt 0.917655 0.653977
vt 0.646225 0.877232
vt 0.645858 0.877624
vt 0.645776 0.877251
vt 0.918104 0.613138
vt 0.917738 0.612801
vt 0.918104 0.612711
vt 0.912262 0.663573
vt 0.911896 0.663207
vt 0.912262 0.663124
vt 0.873993 0.823515
vt 0.935740 0.651992
vt 0.936189 0.652052
vt 0.647600 0.762340
vt 0.937564 0.612711
vt 0.912262 0.779106
vt 0.938013 0.651992
vt 0.914126 0.479021
vt 0.913749 0.368281
vt 0.953752 0.778657
vt 0.645776 0.762786
vt 0.911813 0.663573
vt 0.917655 0.613157
vt 0.953303 0.663124
vt 0.915497 0.367992
vt 0.918104 0.654424
vt 0.646225 0.877697
vt 0.919479 0.612711
vt 0.832952 0.939496
vt 0.919928 0.653977
vt 0.915927 0.479115
vt 0.915444 0.479129
vt 0.874442 0.939047
vt 0.648048 0.877251
vt 0.832503 0.823964
vt 0.937564 0.652052
vt 0.031538 0.946359
vt 0.031089 0.946725
vt 0.031089 0.946359
vt 0.958693 0.003834
vt 0.959059 0.003467
vt 0.959142 0.003834
vt 0.030640 0.946359
vt 0.030772 0.946807
vt 0.907075 0.003834
vt 0.906708 0.003467
vt 0.907075 0.003385
vt 0.993268 0.822634
vt 0.993634 0.822297
vt 0.993717 0.822653
vt 0.305360 0.913660
vt 0.304994 0.913227
vt 0.305360 0.913175
vt 0.031538 0.944983
vt 0.031089 0.944617
vt 0.031406 0.944535
vt 0.030640 0.944983
vt 0.031089 0.944983
vt 0.935517 0.937739
vt 0.935884 0.938106
vt 0.935517 0.938188
vt 0.991893 0.822634
vt 0.991526 0.822297
vt 0.991893 0.822207
vt 0.883899 0.937739
vt 0.883532 0.938106
vt 0.883450 0.937739
vt 0.306735 0.913660
vt 0.307102 0.913227
vt 0.307184 0.913600
vt 0.926216 0.126724
vt 0.926644 0.126330
vt 0.926699 0.126711
vt 0.839718 0.457292
vt 0.840084 0.457684
vt 0.839718 0.457757
vt 0.958693 0.118917
vt 0.959059 0.119284
vt 0.958693 0.119366
vt 0.993268 0.937099
vt 0.993634 0.937491
vt 0.993268 0.937564
vt 0.907075 0.118917
vt 0.906708 0.119284
vt 0.906626 0.118917
vt 0.839718 0.405951
vt 0.840084 0.405614
vt 0.840166 0.405970
vt 0.924898 0.126616
vt 0.924624 0.126165
vt 0.924951 0.126136
vt 0.935517 0.822656
vt 0.935884 0.822289
vt 0.935966 0.822656
vt 0.838342 0.457292
vt 0.837976 0.457684
vt 0.837894 0.457311
vt 0.991893 0.937099
vt 0.991526 0.937491
vt 0.991444 0.937118
vt 0.838342 0.405951
vt 0.837976 0.405614
vt 0.838342 0.405524
vt 0.883899 0.822656
vt 0.883532 0.822289
vt 0.883899 0.822207
vt 0.958693 0.003385
vt 0.304911 0.913600
vt 0.305360 0.962531
vt 0.304911 0.962471
vt 0.993268 0.822207
vt 0.306735 0.913175
vt 0.883899 0.938188
vt 0.307184 0.962471
vt 0.924898 0.237273
vt 0.924521 0.126532
vt 0.935966 0.937739
vt 0.991444 0.822653
vt 0.883450 0.822656
vt 0.837894 0.405970
vt 0.935517 0.822207
vt 0.926269 0.126244
vt 0.838342 0.457757
vt 0.991893 0.937564
vt 0.839718 0.405524
vt 0.907075 0.119366
vt 0.840166 0.457311
vt 0.926699 0.237367
vt 0.926216 0.237381
vt 0.959142 0.118917
vt 0.993717 0.937118
vt 0.906626 0.003834
vt 0.306735 0.962531
vt 0.866305 0.175469
vt 0.865856 0.175835
vt 0.865856 0.175469
vt 0.777508 0.479663
vt 0.777875 0.480030
vt 0.777508 0.480112
vt 0.865408 0.175469
vt 0.865539 0.175918
vt 0.777508 0.245582
vt 0.777875 0.245216
vt 0.777957 0.245582
vt 0.857802 0.464268
vt 0.858169 0.463932
vt 0.858251 0.464287
vt 0.823910 0.490444
vt 0.823543 0.490011
vt 0.823910 0.489960
vt 0.866305 0.174094
vt 0.865856 0.173728
vt 0.866174 0.173645
vt 0.865408 0.174094
vt 0.865856 0.174094
vt 0.417446 0.751942
vt 0.417080 0.752308
vt 0.416998 0.751942
vt 0.856427 0.464268
vt 0.856061 0.463932
vt 0.856427 0.463841
vt 0.417446 0.517861
vt 0.417080 0.517494
vt 0.417446 0.517412
vt 0.825285 0.490444
vt 0.825651 0.490011
vt 0.825734 0.490385
vt 0.884706 0.464429
vt 0.885134 0.464035
vt 0.885189 0.464416
vt 0.786551 0.236634
vt 0.786917 0.237027
vt 0.786551 0.237100
vt 0.759738 0.479663
vt 0.759372 0.480030
vt 0.759289 0.479663
vt 0.857802 0.481943
vt 0.858169 0.482335
vt 0.857802 0.482408
vt 0.759738 0.245582
vt 0.759372 0.245216
vt 0.759738 0.245133
vt 0.786551 0.003812
vt 0.786917 0.003475
vt 0.787000 0.003831
vt 0.883388 0.464321
vt 0.883114 0.463870
vt 0.883441 0.463841
vt 0.435217 0.751942
vt 0.435583 0.752308
vt 0.435217 0.752391
vt 0.785176 0.236634
vt 0.784809 0.237027
vt 0.784727 0.236654
vt 0.856427 0.481943
vt 0.856061 0.482335
vt 0.855979 0.481962
vt 0.785176 0.003812
vt 0.784809 0.003475
vt 0.785176 0.003385
vt 0.435217 0.517861
vt 0.435583 0.517494
vt 0.435666 0.517861
vt 0.777957 0.479663
vt 0.823461 0.490385
vt 0.823910 0.712068
vt 0.823461 0.712008
vt 0.857802 0.463841
vt 0.825285 0.489960
vt 0.416998 0.517861
vt 0.825734 0.712008
vt 0.883388 0.481408
vt 0.883011 0.464237
vt 0.417446 0.752391
vt 0.855979 0.464287
vt 0.435217 0.517412
vt 0.784727 0.003831
vt 0.435666 0.751942
vt 0.884759 0.463949
vt 0.785176 0.237100
vt 0.856427 0.482408
vt 0.786551 0.003385
vt 0.759289 0.245582
vt 0.787000 0.236654
vt 0.885189 0.481502
vt 0.884706 0.481516
vt 0.759738 0.480112
vt 0.858251 0.481962
vt 0.777508 0.245133
vt 0.825285 0.712068
vt 0.873972 0.175469
vt 0.873524 0.175835
vt 0.873524 0.175469
vt 0.631159 0.906426
vt 0.631525 0.906792
vt 0.631159 0.906874
vt 0.873075 0.175469
vt 0.873206 0.175918
vt 0.631159 0.759609
vt 0.631525 0.759243
vt 0.631608 0.759609
vt 0.866845 0.464268
vt 0.867211 0.463932
vt 0.867294 0.464287
vt 0.103612 0.762563
vt 0.103245 0.762130
vt 0.103612 0.762078
vt 0.873972 0.174094
vt 0.873524 0.173728
vt 0.873841 0.173645
vt 0.873075 0.174094
vt 0.873524 0.174094
vt 0.888760 0.392399
vt 0.888394 0.392765
vt 0.888311 0.392399
vt 0.865470 0.464268
vt 0.865103 0.463932
vt 0.865470 0.463841
vt 0.888760 0.245582
vt 0.888394 0.245216
vt 0.888760 0.245133
vt 0.104987 0.762563
vt 0.105353 0.762130
vt 0.105436 0.762503
vt 0.893654 0.464429
vt 0.894082 0.464035
vt 0.894137 0.464416
vt 0.894934 0.809578
vt 0.895301 0.809971
vt 0.894934 0.810044
vt 0.613389 0.906426
vt 0.613022 0.906792
vt 0.612940 0.906426
vt 0.866845 0.481943
vt 0.867211 0.482335
vt 0.866845 0.482408
vt 0.613389 0.759609
vt 0.613022 0.759243
vt 0.613389 0.759161
vt 0.894934 0.663552
vt 0.895301 0.663215
vt 0.895383 0.663571
vt 0.892336 0.464321
vt 0.892061 0.463870
vt 0.892389 0.463841
vt 0.906530 0.392399
vt 0.906897 0.392765
vt 0.906530 0.392847
vt 0.893559 0.809578
vt 0.893193 0.809971
vt 0.893111 0.809598
vt 0.865470 0.481943
vt 0.865103 0.482335
vt 0.865021 0.481962
vt 0.893559 0.663552
vt 0.893193 0.663215
vt 0.893559 0.663124
vt 0.906530 0.245582
vt 0.906897 0.245216
vt 0.906979 0.245582
vt 0.631608 0.906426
vt 0.103163 0.762503
vt 0.103612 0.901566
vt 0.103163 0.901506
vt 0.866845 0.463841
vt 0.104987 0.762078
vt 0.888311 0.245582
vt 0.105436 0.901506
vt 0.892336 0.481408
vt 0.891959 0.464237
vt 0.888760 0.392847
vt 0.865021 0.464287
vt 0.906530 0.245133
vt 0.893111 0.663571
vt 0.906979 0.392399
vt 0.893707 0.463949
vt 0.893559 0.810044
vt 0.865470 0.482408
vt 0.894934 0.663124
vt 0.612940 0.759609
vt 0.895383 0.809598
vt 0.894137 0.481502
vt 0.893654 0.481516
vt 0.613389 0.906874
vt 0.867294 0.481962
vt 0.631159 0.759161
vt 0.104987 0.901566
vt 0.355859 0.751550
vt 0.308260 0.516200
vt 0.355859 0.516200
vt 0.345290 0.958943
vt 0.346355 0.913262
vt 0.346355 0.959030
vt 0.567033 0.744300
vt 0.606170 0.752762
vt 0.558571 0.752762
vt 0.770838 0.724045
vt 0.771949 0.489960
vt 0.771949 0.724045
vt 0.597708 0.744300
vt 0.606170 0.517412
vt 0.112823 0.956395
vt 0.113934 0.909052
vt 0.113934 0.956395
vt 0.597708 0.525874
vt 0.558571 0.517412
vt 0.822081 0.245133
vt 0.820971 0.467958
vt 0.820971 0.245133
vt 0.567033 0.525874
vt 0.235315 0.962085
vt 0.234809 0.962551
vt 0.234769 0.962081
vt 0.235673 0.962483
vt 0.235333 0.962533
vt 0.017539 0.886606
vt 0.018068 0.887134
vt 0.017539 0.887134
vt 0.017539 0.886217
vt 0.018045 0.886628
vt 0.945256 0.642705
vt 0.944883 0.643234
vt 0.944783 0.642705
vt 0.945805 0.642705
vt 0.945337 0.643211
vt 0.945724 0.643211
vt 0.945531 0.643485
vt 0.015425 0.887134
vt 0.015953 0.886606
vt 0.015953 0.887134
vt 0.015036 0.887134
vt 0.015447 0.886628
vt 0.077936 0.909053
vt 0.078464 0.909578
vt 0.077936 0.909563
vt 0.400889 0.926187
vt 0.401359 0.926693
vt 0.401012 0.926693
vt 0.401882 0.926715
vt 0.401382 0.926187
vt 0.401927 0.926187
vt 0.401271 0.926966
vt 0.945805 0.641648
vt 0.946179 0.641119
vt 0.946278 0.641648
vt 0.945337 0.641142
vt 0.945724 0.641142
vt 0.944883 0.641119
vt 0.945256 0.641648
vt 0.944783 0.641648
vt 0.900386 0.457071
vt 0.900892 0.456661
vt 0.900892 0.456934
vt 0.900914 0.456155
vt 0.900386 0.456683
vt 0.900386 0.456155
vt 0.901165 0.456661
vt 0.945531 0.640868
vt 0.076350 0.909578
vt 0.076878 0.909053
vt 0.076878 0.909563
vt 0.898271 0.456155
vt 0.898020 0.456661
vt 0.897883 0.456155
vt 0.898799 0.456683
vt 0.898799 0.456155
vt 0.401882 0.924601
vt 0.401271 0.924350
vt 0.401757 0.924213
vt 0.401382 0.925129
vt 0.401927 0.925129
vt 0.400889 0.925129
vt 0.401359 0.924623
vt 0.401012 0.924623
vt 0.234809 0.913734
vt 0.235315 0.914283
vt 0.234769 0.914279
vt 0.234920 0.913258
vt 0.235333 0.913759
vt 0.453639 0.934254
vt 0.454100 0.934840
vt 0.453564 0.934777
vt 0.453724 0.933873
vt 0.454151 0.934336
vt 0.018068 0.936848
vt 0.017539 0.937377
vt 0.017539 0.936848
vt 0.235798 0.914211
vt 0.235673 0.913708
vt 0.235411 0.913424
vt 0.078464 0.959025
vt 0.077936 0.959550
vt 0.077936 0.959010
vt 0.078715 0.959571
vt 0.078442 0.959542
vt 0.015953 0.937377
vt 0.015425 0.936848
vt 0.015953 0.936848
vt 0.015447 0.937628
vt 0.015447 0.937354
vt 0.451489 0.934537
vt 0.452072 0.934072
vt 0.451996 0.934595
vt 0.077936 0.959977
vt 0.078442 0.959843
vt 0.233289 0.914117
vt 0.233795 0.913651
vt 0.233755 0.914196
vt 0.900914 0.406440
vt 0.901165 0.405934
vt 0.901302 0.406440
vt 0.900386 0.405912
vt 0.900386 0.406440
vt 0.453391 0.936745
vt 0.453912 0.936392
vt 0.453909 0.936667
vt 0.453978 0.935890
vt 0.453396 0.936354
vt 0.453442 0.935828
vt 0.233428 0.913261
vt 0.233906 0.913175
vt 0.454210 0.936426
vt 0.076878 0.959550
vt 0.076350 0.959025
vt 0.076878 0.959010
vt 0.076878 0.959977
vt 0.076372 0.959542
vt 0.451828 0.936172
vt 0.451367 0.935587
vt 0.451874 0.935646
vt 0.898799 0.405912
vt 0.898293 0.405661
vt 0.898799 0.405524
vt 0.898271 0.406440
vt 0.898799 0.406440
vt 0.075962 0.959065
vt 0.076099 0.959571
vt 0.076372 0.959843
vt 0.946278 0.642705
vt 0.403430 0.926187
vt 0.403384 0.926715
vt 0.898799 0.457071
vt 0.403384 0.924601
vt 0.233289 0.961919
vt 0.901302 0.456155
vt 0.897883 0.406440
vt 0.900386 0.405524
vt 0.015953 0.937765
vt 0.235798 0.962013
vt 0.015036 0.936848
vt 0.233755 0.961998
vt 0.403430 0.925129
vt 0.188921 0.962085
vt 0.188415 0.962551
vt 0.188374 0.962081
vt 0.189279 0.962483
vt 0.188939 0.962533
vt 0.027341 0.886606
vt 0.027869 0.887134
vt 0.027341 0.887134
vt 0.027341 0.886218
vt 0.027846 0.886628
vt 0.471483 0.935710
vt 0.471110 0.936238
vt 0.471010 0.935710
vt 0.471951 0.936216
vt 0.471564 0.936216
vt 0.471758 0.936489
vt 0.025226 0.887134
vt 0.025754 0.886606
vt 0.025754 0.887134
vt 0.024975 0.886628
vt 0.025248 0.886628
vt 0.093697 0.909053
vt 0.094225 0.909578
vt 0.093697 0.909563
vt 0.461148 0.926187
vt 0.460778 0.926693
vt 0.460655 0.926187
vt 0.461648 0.926715
vt 0.461693 0.926187
vt 0.461037 0.926966
vt 0.461125 0.926693
vt 0.472032 0.934652
vt 0.472406 0.934124
vt 0.472506 0.934652
vt 0.471483 0.934652
vt 0.471951 0.934147
vt 0.471110 0.934124
vt 0.471010 0.934652
vt 0.807894 0.934728
vt 0.808400 0.934317
vt 0.808400 0.934590
vt 0.808422 0.933811
vt 0.807894 0.934339
vt 0.807894 0.933811
vt 0.808811 0.933811
vt 0.471564 0.934147
vt 0.471758 0.933873
vt 0.092111 0.909578
vt 0.092639 0.909053
vt 0.092639 0.909563
vt 0.805779 0.933811
vt 0.805528 0.934317
vt 0.805391 0.933811
vt 0.806308 0.934339
vt 0.806308 0.933811
vt 0.461648 0.924601
vt 0.461037 0.924350
vt 0.461523 0.924213
vt 0.461148 0.925129
vt 0.461693 0.925129
vt 0.460778 0.924623
vt 0.461125 0.924623
vt 0.188415 0.913734
vt 0.188921 0.914283
vt 0.188374 0.914279
vt 0.188526 0.913258
vt 0.188939 0.913759
vt 0.463274 0.934254
vt 0.463735 0.934839
vt 0.463199 0.934777
vt 0.463359 0.933873
vt 0.463786 0.934336
vt 0.027869 0.936848
vt 0.027341 0.937377
vt 0.027341 0.936848
vt 0.189279 0.913708
vt 0.189404 0.914211
vt 0.189017 0.913424
vt 0.094225 0.959025
vt 0.093697 0.959550
vt 0.093697 0.959010
vt 0.094613 0.959065
vt 0.094203 0.959542
vt 0.025754 0.937377
vt 0.025226 0.936848
vt 0.025754 0.936848
vt 0.025248 0.937628
vt 0.025248 0.937354
vt 0.461124 0.934536
vt 0.461707 0.934072
vt 0.461631 0.934595
vt 0.093697 0.959977
vt 0.094203 0.959843
vt 0.094476 0.959571
vt 0.186895 0.914117
vt 0.187401 0.913651
vt 0.187361 0.914196
vt 0.808811 0.884097
vt 0.808400 0.883591
vt 0.808673 0.883591
vt 0.807894 0.883569
vt 0.808422 0.884097
vt 0.807894 0.884097
vt 0.463031 0.936354
vt 0.463544 0.936666
vt 0.463026 0.936745
vt 0.463613 0.935890
vt 0.463077 0.935828
vt 0.187034 0.913262
vt 0.187512 0.913175
vt 0.463845 0.936426
vt 0.463547 0.936392
vt 0.092639 0.959550
vt 0.092111 0.959025
vt 0.092639 0.959010
vt 0.092639 0.959977
vt 0.092133 0.959542
vt 0.461463 0.936172
vt 0.461002 0.935587
vt 0.461509 0.935646
vt 0.806308 0.883180
vt 0.805802 0.883591
vt 0.805802 0.883318
vt 0.805779 0.884097
vt 0.806308 0.883569
vt 0.806308 0.884097
vt 0.091860 0.959571
vt 0.091722 0.959065
vt 0.092133 0.959843
vt 0.472506 0.935710
vt 0.472032 0.935710
vt 0.463195 0.926187
vt 0.463150 0.926715
vt 0.460655 0.925129
vt 0.806308 0.934728
vt 0.463195 0.925129
vt 0.187361 0.961998
vt 0.805391 0.884097
vt 0.807894 0.883180
vt 0.025754 0.937765
vt 0.189404 0.962013
vt 0.024838 0.887134
vt 0.024838 0.936848
vt 0.889985 0.652984
vt 0.889479 0.653450
vt 0.889438 0.652979
vt 0.890468 0.652912
vt 0.890003 0.653432
vt 0.006416 0.756168
vt 0.005888 0.756697
vt 0.005888 0.756168
vt 0.006667 0.756674
vt 0.006394 0.756674
vt 0.394982 0.945351
vt 0.394609 0.945879
vt 0.394509 0.945351
vt 0.395531 0.945351
vt 0.395064 0.945857
vt 0.395450 0.945857
vt 0.395257 0.946130
vt 0.005888 0.516588
vt 0.006416 0.517116
vt 0.005888 0.517116
vt 0.005888 0.516199
vt 0.006394 0.516610
vt 0.518049 0.914388
vt 0.518577 0.914913
vt 0.518049 0.914899
vt 0.804346 0.003877
vt 0.803841 0.003508
vt 0.804346 0.003385
vt 0.803818 0.004378
vt 0.804346 0.004423
vt 0.803430 0.004253
vt 0.803841 0.003854
vt 0.803567 0.003766
vt 0.395531 0.944293
vt 0.395905 0.943765
vt 0.396005 0.944293
vt 0.395064 0.943788
vt 0.395450 0.943788
vt 0.394609 0.943765
vt 0.394982 0.944293
vt 0.394509 0.944293
vt 0.673500 0.754654
vt 0.673911 0.755159
vt 0.673637 0.755159
vt 0.674417 0.755182
vt 0.673888 0.754654
vt 0.674417 0.754654
vt 0.674417 0.755570
vt 0.395257 0.943514
vt 0.516463 0.914913
vt 0.516991 0.914388
vt 0.516991 0.914899
vt 0.674417 0.514685
vt 0.673911 0.515095
vt 0.673911 0.514822
vt 0.673888 0.515601
vt 0.674417 0.515073
vt 0.674417 0.515601
vt 0.806321 0.004253
vt 0.805910 0.003854
vt 0.806183 0.003766
vt 0.805404 0.003877
vt 0.805932 0.004378
vt 0.805404 0.004423
vt 0.805910 0.003508
vt 0.889479 0.650909
vt 0.889985 0.651458
vt 0.889438 0.651454
vt 0.890081 0.650599
vt 0.890003 0.650934
vt 0.067023 0.754494
vt 0.066494 0.755019
vt 0.066495 0.754479
vt 0.067274 0.755040
vt 0.067000 0.755011
vt 0.004301 0.756697
vt 0.003773 0.756168
vt 0.004301 0.756168
vt 0.890343 0.650883
vt 0.890468 0.651386
vt 0.518577 0.916491
vt 0.518049 0.917017
vt 0.518049 0.916477
vt 0.518828 0.917037
vt 0.518555 0.917009
vt 0.003773 0.517116
vt 0.004301 0.516588
vt 0.004301 0.517116
vt 0.003522 0.516610
vt 0.003796 0.516610
vt 0.066884 0.516201
vt 0.067412 0.516727
vt 0.066884 0.516712
vt 0.518049 0.917443
vt 0.518555 0.917309
vt 0.887959 0.651292
vt 0.888465 0.650826
vt 0.888425 0.651371
vt 0.676003 0.755570
vt 0.676509 0.755159
vt 0.676509 0.755433
vt 0.676531 0.754654
vt 0.676003 0.755182
vt 0.676003 0.754654
vt 0.064909 0.754491
vt 0.064658 0.755036
vt 0.064521 0.754530
vt 0.065437 0.755017
vt 0.065438 0.754477
vt 0.888097 0.650437
vt 0.888576 0.650350
vt 0.064930 0.755308
vt 0.064931 0.755008
vt 0.516991 0.917017
vt 0.516463 0.916491
vt 0.516991 0.916477
vt 0.516485 0.917309
vt 0.516485 0.917009
vt 0.065298 0.516724
vt 0.065827 0.516200
vt 0.065826 0.516710
vt 0.676531 0.515601
vt 0.676782 0.515095
vt 0.676920 0.515601
vt 0.676003 0.515073
vt 0.676003 0.515601
vt 0.516075 0.916531
vt 0.516212 0.917037
vt 0.396005 0.945351
vt 0.006804 0.756168
vt 0.804346 0.230753
vt 0.803818 0.230708
vt 0.805404 0.003385
vt 0.673500 0.515601
vt 0.805404 0.230753
vt 0.888425 0.652896
vt 0.676920 0.754654
vt 0.889590 0.650433
vt 0.516991 0.917443
vt 0.003385 0.517116
vt 0.004301 0.516199
vt 0.795795 0.481905
vt 0.795289 0.482371
vt 0.795249 0.481901
vt 0.796153 0.482303
vt 0.795813 0.482353
vt 0.016606 0.756168
vt 0.016077 0.756697
vt 0.016077 0.756168
vt 0.016994 0.756168
vt 0.016583 0.756674
vt 0.123823 0.944360
vt 0.123450 0.944888
vt 0.123350 0.944360
vt 0.124291 0.944866
vt 0.123905 0.944866
vt 0.124098 0.945139
vt 0.016077 0.516588
vt 0.016606 0.517116
vt 0.016077 0.517116
vt 0.016077 0.516199
vt 0.016583 0.516610
vt 0.463680 0.914388
vt 0.464208 0.914913
vt 0.463680 0.914899
vt 0.804346 0.245626
vt 0.803840 0.245256
vt 0.804346 0.245133
vt 0.803818 0.246126
vt 0.804346 0.246171
vt 0.803567 0.245515
vt 0.803840 0.245603
vt 0.124372 0.943302
vt 0.124746 0.942774
vt 0.124846 0.943302
vt 0.123823 0.943302
vt 0.124291 0.942796
vt 0.123450 0.942774
vt 0.123350 0.943302
vt 0.722200 0.729929
vt 0.722611 0.730434
vt 0.722338 0.730434
vt 0.723117 0.730457
vt 0.722589 0.729929
vt 0.723117 0.729929
vt 0.722611 0.730708
vt 0.123905 0.942796
vt 0.124098 0.942523
vt 0.462094 0.914913
vt 0.462622 0.914388
vt 0.462622 0.914899
vt 0.723117 0.490348
vt 0.722611 0.490097
vt 0.723117 0.489960
vt 0.722589 0.490876
vt 0.723117 0.490876
vt 0.805932 0.246126
vt 0.806183 0.245515
vt 0.806320 0.246001
vt 0.805404 0.245626
vt 0.805404 0.246171
vt 0.805910 0.245256
vt 0.805910 0.245603
vt 0.795289 0.479830
vt 0.795795 0.480379
vt 0.795249 0.480375
vt 0.795400 0.479354
vt 0.795813 0.479855
vt 0.076684 0.754494
vt 0.076155 0.755019
vt 0.076156 0.754479
vt 0.077072 0.754535
vt 0.076661 0.755011
vt 0.014491 0.756697
vt 0.013963 0.756168
vt 0.014491 0.756168
vt 0.796278 0.480308
vt 0.796153 0.479805
vt 0.795891 0.479520
vt 0.464208 0.916491
vt 0.463680 0.917017
vt 0.463680 0.916477
vt 0.464597 0.916531
vt 0.464186 0.917009
vt 0.013963 0.517116
vt 0.014491 0.516588
vt 0.014491 0.517116
vt 0.013712 0.516610
vt 0.013985 0.516610
vt 0.076545 0.516201
vt 0.077072 0.516727
vt 0.076544 0.516712
vt 0.464186 0.917309
vt 0.463680 0.917443
vt 0.464459 0.917037
vt 0.793769 0.480213
vt 0.794276 0.479747
vt 0.794235 0.480292
vt 0.724703 0.730845
vt 0.725209 0.730434
vt 0.725209 0.730708
vt 0.725232 0.729929
vt 0.724703 0.730457
vt 0.724703 0.729929
vt 0.074182 0.754530
vt 0.074591 0.755008
vt 0.074318 0.755036
vt 0.075097 0.755017
vt 0.074570 0.754491
vt 0.075098 0.754477
vt 0.794387 0.479271
vt 0.793830 0.479693
vt 0.793908 0.479358
vt 0.074591 0.755308
vt 0.462622 0.917017
vt 0.462094 0.916491
vt 0.462622 0.916477
vt 0.462117 0.917309
vt 0.462117 0.917009
vt 0.074958 0.516724
vt 0.075487 0.516200
vt 0.075486 0.516710
vt 0.725232 0.490876
vt 0.725483 0.490370
vt 0.725620 0.490876
vt 0.724703 0.490348
vt 0.724703 0.490876
vt 0.461706 0.916531
vt 0.461843 0.917037
vt 0.124846 0.944360
vt 0.124372 0.944360
vt 0.803818 0.472456
vt 0.804346 0.472502
vt 0.805404 0.245133
vt 0.722200 0.490876
vt 0.805404 0.472502
vt 0.793769 0.481739
vt 0.724703 0.489960
vt 0.725620 0.729929
vt 0.462622 0.917443
vt 0.013574 0.756168
vt 0.013574 0.517116
vt 0.796278 0.481833
vt 0.014491 0.516199
vt 0.794235 0.481818
vt 0.410228 0.752762
vt 0.362629 0.517412
vt 0.410228 0.517412
vt 0.337456 0.958943
vt 0.338521 0.913262
vt 0.338521 0.959030
vt 0.512664 0.744300
vt 0.551801 0.752762
vt 0.504202 0.752762
vt 0.778719 0.724045
vt 0.779829 0.489960
vt 0.779829 0.724045
vt 0.543339 0.744300
vt 0.551801 0.517412
vt 0.179014 0.960518
vt 0.180125 0.913175
vt 0.180125 0.960518
vt 0.543339 0.525874
vt 0.504202 0.517412
vt 0.823861 0.003385
vt 0.822751 0.226210
vt 0.822751 0.003385
vt 0.512664 0.525874
vt 0.695905 0.961561
vt 0.695399 0.962027
vt 0.695358 0.961557
vt 0.696263 0.961959
vt 0.695923 0.962009
vt 0.734116 0.892859
vt 0.734644 0.893387
vt 0.734116 0.893387
vt 0.734622 0.892608
vt 0.734622 0.892881
vt 0.945256 0.652091
vt 0.944883 0.652619
vt 0.944783 0.652091
vt 0.945805 0.652091
vt 0.945337 0.652597
vt 0.945724 0.652597
vt 0.945531 0.652871
vt 0.732001 0.893387
vt 0.732530 0.892859
vt 0.732530 0.893387
vt 0.731613 0.893387
vt 0.732024 0.892881
vt 0.605254 0.911050
vt 0.605782 0.911575
vt 0.605254 0.911561
vt 0.392072 0.926187
vt 0.391702 0.926693
vt 0.391579 0.926187
vt 0.392572 0.926715
vt 0.392617 0.926187
vt 0.392447 0.927103
vt 0.392049 0.926693
vt 0.391961 0.926966
vt 0.945805 0.651034
vt 0.946178 0.650505
vt 0.946278 0.651034
vt 0.945256 0.651034
vt 0.945724 0.650528
vt 0.944883 0.650505
vt 0.944783 0.651034
vt 0.789102 0.934339
vt 0.789608 0.934590
vt 0.789102 0.934728
vt 0.789630 0.933811
vt 0.789102 0.933811
vt 0.789881 0.934317
vt 0.789608 0.934317
vt 0.945337 0.650528
vt 0.945531 0.650254
vt 0.603668 0.911575
vt 0.604196 0.911050
vt 0.604196 0.911561
vt 0.786599 0.933811
vt 0.787010 0.934317
vt 0.786736 0.934317
vt 0.787516 0.934339
vt 0.786987 0.933811
vt 0.787516 0.933811
vt 0.392447 0.924213
vt 0.392049 0.924623
vt 0.391961 0.924350
vt 0.392072 0.925129
vt 0.392572 0.924601
vt 0.392617 0.925129
vt 0.391702 0.924623
vt 0.695399 0.913210
vt 0.695905 0.913759
vt 0.695358 0.913755
vt 0.696001 0.912900
vt 0.695923 0.913235
vt 0.444004 0.934254
vt 0.444465 0.934840
vt 0.443929 0.934777
vt 0.444575 0.934068
vt 0.444515 0.934336
vt 0.734644 0.943101
vt 0.734116 0.943629
vt 0.734116 0.943101
vt 0.696263 0.913184
vt 0.696388 0.913687
vt 0.605782 0.961022
vt 0.605254 0.961548
vt 0.605254 0.961008
vt 0.606170 0.961063
vt 0.605760 0.961540
vt 0.732530 0.943629
vt 0.732001 0.943101
vt 0.732530 0.943101
vt 0.732530 0.944018
vt 0.732024 0.943607
vt 0.441854 0.934537
vt 0.442437 0.934072
vt 0.442361 0.934595
vt 0.605760 0.961840
vt 0.605254 0.961974
vt 0.606033 0.961568
vt 0.693879 0.913593
vt 0.694385 0.913127
vt 0.694345 0.913672
vt 0.789630 0.884097
vt 0.789881 0.883591
vt 0.790019 0.884097
vt 0.789102 0.883569
vt 0.789102 0.884097
vt 0.443760 0.936354
vt 0.444274 0.936667
vt 0.443756 0.936745
vt 0.444343 0.935890
vt 0.443807 0.935828
vt 0.694017 0.912738
vt 0.694496 0.912651
vt 0.444575 0.936426
vt 0.444277 0.936392
vt 0.604196 0.961548
vt 0.603668 0.961022
vt 0.604196 0.961008
vt 0.603690 0.961840
vt 0.603690 0.961540
vt 0.442193 0.936172
vt 0.441732 0.935587
vt 0.442239 0.935646
vt 0.787516 0.883180
vt 0.787010 0.883591
vt 0.787010 0.883318
vt 0.786987 0.884097
vt 0.787516 0.883569
vt 0.787516 0.884097
vt 0.603417 0.961568
vt 0.603280 0.961063
vt 0.946278 0.652091
vt 0.734116 0.892470
vt 0.394119 0.926187
vt 0.394074 0.926715
vt 0.391579 0.925129
vt 0.787516 0.934728
vt 0.394074 0.924601
vt 0.694345 0.961474
vt 0.790019 0.933811
vt 0.786599 0.884097
vt 0.789102 0.883180
vt 0.695510 0.912734
vt 0.604196 0.961974
vt 0.696388 0.961489
vt 0.731613 0.943101
vt 0.394119 0.925129
vt 0.171667 0.962085
vt 0.171161 0.962551
vt 0.171121 0.962081
vt 0.172150 0.962013
vt 0.171685 0.962533
vt 0.037142 0.886606
vt 0.037670 0.887134
vt 0.037142 0.887134
vt 0.037648 0.886355
vt 0.037648 0.886628
vt 0.372381 0.945516
vt 0.372008 0.946044
vt 0.371908 0.945516
vt 0.372930 0.945516
vt 0.372462 0.946022
vt 0.372849 0.946022
vt 0.372656 0.946295
vt 0.035027 0.887134
vt 0.035555 0.886606
vt 0.035555 0.887134
vt 0.034776 0.886628
vt 0.035049 0.886628
vt 0.595593 0.911050
vt 0.596121 0.911575
vt 0.595593 0.911561
vt 0.363090 0.926232
vt 0.362720 0.926737
vt 0.362598 0.926232
vt 0.363590 0.926760
vt 0.363636 0.926232
vt 0.363465 0.927148
vt 0.363067 0.926737
vt 0.362979 0.927011
vt 0.372930 0.944458
vt 0.373304 0.943930
vt 0.373404 0.944458
vt 0.372381 0.944458
vt 0.372849 0.943952
vt 0.372008 0.943930
vt 0.371908 0.944458
vt 0.134119 0.935753
vt 0.134624 0.935342
vt 0.134624 0.935616
vt 0.134647 0.934837
vt 0.134119 0.935365
vt 0.134119 0.934837
vt 0.135035 0.934837
vt 0.372462 0.943952
vt 0.372656 0.943679
vt 0.594007 0.911575
vt 0.594535 0.911050
vt 0.594535 0.911561
vt 0.132004 0.934837
vt 0.131753 0.935342
vt 0.131616 0.934837
vt 0.132532 0.935365
vt 0.132532 0.934837
vt 0.363590 0.924646
vt 0.362979 0.924395
vt 0.363465 0.924257
vt 0.363090 0.925174
vt 0.363636 0.925174
vt 0.362720 0.924668
vt 0.363067 0.924668
vt 0.171161 0.913734
vt 0.171667 0.914283
vt 0.171121 0.914279
vt 0.171272 0.913258
vt 0.171685 0.913759
vt 0.518369 0.934254
vt 0.518830 0.934839
vt 0.518294 0.934777
vt 0.518940 0.934068
vt 0.518880 0.934336
vt 0.037670 0.936848
vt 0.037142 0.937377
vt 0.037142 0.936848
vt 0.172025 0.913708
vt 0.172150 0.914211
vt 0.171763 0.913424
vt 0.596121 0.961022
vt 0.595593 0.961548
vt 0.595593 0.961008
vt 0.596510 0.961063
vt 0.596099 0.961540
vt 0.035555 0.937377
vt 0.035027 0.936848
vt 0.035555 0.936848
vt 0.035555 0.937765
vt 0.035049 0.937354
vt 0.516219 0.934536
vt 0.516802 0.934072
vt 0.516726 0.934595
vt 0.595593 0.961974
vt 0.596099 0.961840
vt 0.596372 0.961568
vt 0.169641 0.914117
vt 0.170148 0.913651
vt 0.170107 0.914196
vt 0.135035 0.885122
vt 0.134624 0.884616
vt 0.134898 0.884616
vt 0.134119 0.884594
vt 0.134647 0.885122
vt 0.134119 0.885122
vt 0.518125 0.936354
vt 0.518638 0.936666
vt 0.518121 0.936745
vt 0.518708 0.935890
vt 0.518172 0.935828
vt 0.170259 0.913175
vt 0.169702 0.913596
vt 0.169780 0.913262
vt 0.518940 0.936426
vt 0.518642 0.936392
vt 0.594535 0.961548
vt 0.594007 0.961022
vt 0.594535 0.961008
vt 0.594535 0.961974
vt 0.594030 0.961540
vt 0.516558 0.936172
vt 0.516097 0.935587
vt 0.516604 0.935646
vt 0.132532 0.884206
vt 0.132026 0.884616
vt 0.132026 0.884343
vt 0.132004 0.885122
vt 0.132532 0.884594
vt 0.132532 0.885122
vt 0.593619 0.961063
vt 0.593756 0.961568
vt 0.594030 0.961840
vt 0.373404 0.945516
vt 0.037142 0.886217
vt 0.365138 0.926232
vt 0.365092 0.926760
vt 0.362598 0.925174
vt 0.132532 0.935753
vt 0.365138 0.925174
vt 0.170107 0.961998
vt 0.131616 0.885122
vt 0.134119 0.884206
vt 0.037142 0.937765
vt 0.034639 0.887134
vt 0.034639 0.936848
vt 0.364655 0.917021
vt 0.364149 0.917488
vt 0.364108 0.917017
vt 0.365138 0.916950
vt 0.364673 0.917470
vt 0.658996 0.754654
vt 0.658468 0.755182
vt 0.658468 0.754654
vt 0.659385 0.754654
vt 0.658974 0.755159
vt 0.015510 0.946372
vt 0.015136 0.946900
vt 0.015036 0.946372
vt 0.015978 0.946877
vt 0.015591 0.946877
vt 0.015784 0.947151
vt 0.658468 0.515073
vt 0.658996 0.515601
vt 0.658468 0.515601
vt 0.658974 0.514822
vt 0.658974 0.515095
vt 0.502322 0.914388
vt 0.502850 0.914913
vt 0.502322 0.914899
vt 0.806836 0.490452
vt 0.806331 0.490083
vt 0.806836 0.489960
vt 0.806308 0.490952
vt 0.806836 0.490998
vt 0.805920 0.490827
vt 0.806331 0.490429
vt 0.806057 0.490341
vt 0.016059 0.945314
vt 0.016432 0.944786
vt 0.016532 0.945314
vt 0.015591 0.944808
vt 0.015978 0.944808
vt 0.015136 0.944786
vt 0.015510 0.945314
vt 0.015036 0.945314
vt 0.645776 0.754654
vt 0.646186 0.755159
vt 0.645913 0.755159
vt 0.646692 0.755182
vt 0.646164 0.754654
vt 0.646692 0.754654
vt 0.646692 0.755570
vt 0.015784 0.944535
vt 0.500736 0.914913
vt 0.501264 0.914388
vt 0.501264 0.914899
vt 0.646692 0.515073
vt 0.646186 0.514822
vt 0.646692 0.514685
vt 0.646164 0.515601
vt 0.646692 0.515601
vt 0.808811 0.490827
vt 0.808400 0.490429
vt 0.808673 0.490341
vt 0.807894 0.490452
vt 0.808422 0.490952
vt 0.807894 0.490998
vt 0.807894 0.489960
vt 0.808400 0.490083
vt 0.364149 0.914946
vt 0.364655 0.915496
vt 0.364108 0.915491
vt 0.364260 0.914471
vt 0.364673 0.914971
vt 0.086344 0.754494
vt 0.085815 0.755019
vt 0.085816 0.754479
vt 0.086595 0.755040
vt 0.086321 0.755011
vt 0.656882 0.755182
vt 0.656353 0.754654
vt 0.656882 0.754654
vt 0.365138 0.915424
vt 0.365013 0.914921
vt 0.364751 0.914637
vt 0.502850 0.916491
vt 0.502322 0.917017
vt 0.502322 0.916477
vt 0.503239 0.916531
vt 0.502828 0.917009
vt 0.656353 0.515601
vt 0.656882 0.515073
vt 0.656882 0.515601
vt 0.655965 0.515601
vt 0.656376 0.515095
vt 0.086205 0.516201
vt 0.086733 0.516727
vt 0.086204 0.516712
vt 0.502322 0.917443
vt 0.502828 0.917309
vt 0.503101 0.917037
vt 0.362629 0.915330
vt 0.363135 0.914863
vt 0.363095 0.915408
vt 0.648279 0.755570
vt 0.648785 0.755159
vt 0.648785 0.755433
vt 0.648807 0.754654
vt 0.648279 0.755182
vt 0.648279 0.754654
vt 0.084230 0.754491
vt 0.083978 0.755036
vt 0.083842 0.754530
vt 0.084758 0.755017
vt 0.084759 0.754477
vt 0.363246 0.914388
vt 0.362689 0.914809
vt 0.362768 0.914474
vt 0.084251 0.755308
vt 0.084252 0.755008
vt 0.501264 0.917017
vt 0.500736 0.916491
vt 0.501264 0.916477
vt 0.501264 0.917443
vt 0.500759 0.917009
vt 0.084619 0.516724
vt 0.085148 0.516200
vt 0.085147 0.516710
vt 0.649195 0.515601
vt 0.648785 0.515095
vt 0.649058 0.515095
vt 0.648279 0.515073
vt 0.648807 0.515601
vt 0.648279 0.515601
vt 0.500348 0.916531
vt 0.500485 0.917037
vt 0.500759 0.917309
vt 0.016532 0.946372
vt 0.016059 0.946372
vt 0.806836 0.717328
vt 0.806308 0.717283
vt 0.645776 0.515601
vt 0.807894 0.717328
vt 0.362629 0.916855
vt 0.648279 0.514685
vt 0.649195 0.754654
vt 0.658468 0.514685
vt 0.656882 0.514685
vt 0.363095 0.916934
vt 0.805074 0.481905
vt 0.804568 0.482371
vt 0.804528 0.481901
vt 0.805432 0.482303
vt 0.805092 0.482353
vt 0.755800 0.729929
vt 0.755271 0.730457
vt 0.755271 0.729929
vt 0.756188 0.729929
vt 0.755777 0.730434
vt 0.442183 0.945351
vt 0.441810 0.945880
vt 0.441710 0.945351
vt 0.442732 0.945351
vt 0.442264 0.945857
vt 0.442651 0.945857
vt 0.442458 0.946131
vt 0.755271 0.490348
vt 0.755800 0.490876
vt 0.755271 0.490876
vt 0.755271 0.489960
vt 0.755777 0.490370
vt 0.422184 0.914388
vt 0.422713 0.914913
vt 0.422184 0.914899
vt 0.814007 0.003385
vt 0.813501 0.003855
vt 0.813501 0.003508
vt 0.813479 0.004378
vt 0.814007 0.003878
vt 0.814007 0.004423
vt 0.813090 0.004253
vt 0.813228 0.003766
vt 0.442732 0.944294
vt 0.443106 0.943765
vt 0.443206 0.944294
vt 0.442183 0.944294
vt 0.442651 0.943788
vt 0.441810 0.943765
vt 0.441710 0.944294
vt 0.712011 0.729929
vt 0.712422 0.730434
vt 0.712148 0.730434
vt 0.712928 0.730457
vt 0.712399 0.729929
vt 0.712928 0.729929
vt 0.712928 0.730845
vt 0.442264 0.943788
vt 0.442458 0.943514
vt 0.420598 0.914913
vt 0.421127 0.914388
vt 0.421127 0.914899
vt 0.712928 0.489960
vt 0.712422 0.490370
vt 0.712422 0.490097
vt 0.712399 0.490876
vt 0.712928 0.490348
vt 0.712928 0.490876
vt 0.815981 0.004253
vt 0.815570 0.003855
vt 0.815844 0.003766
vt 0.815065 0.003878
vt 0.815593 0.004378
vt 0.815065 0.004423
vt 0.815065 0.003385
vt 0.815570 0.003508
vt 0.804568 0.479830
vt 0.805074 0.480379
vt 0.804528 0.480375
vt 0.805170 0.479520
vt 0.805092 0.479855
vt 0.134647 0.754494
vt 0.134118 0.755019
vt 0.134119 0.754479
vt 0.135035 0.754535
vt 0.134624 0.755011
vt 0.753685 0.730457
vt 0.753157 0.729929
vt 0.753685 0.729929
vt 0.805557 0.480308
vt 0.805432 0.479805
vt 0.422713 0.916491
vt 0.422184 0.917017
vt 0.422184 0.916477
vt 0.422964 0.917037
vt 0.422690 0.917009
vt 0.753157 0.490876
vt 0.753685 0.490348
vt 0.753685 0.490876
vt 0.752906 0.490370
vt 0.753179 0.490370
vt 0.134508 0.516201
vt 0.135035 0.516727
vt 0.134507 0.516712
vt 0.422184 0.917443
vt 0.422690 0.917309
vt 0.803048 0.480213
vt 0.803554 0.479747
vt 0.803514 0.480292
vt 0.714514 0.730845
vt 0.715020 0.730434
vt 0.715020 0.730708
vt 0.715042 0.729929
vt 0.714514 0.730457
vt 0.714514 0.729929
vt 0.132533 0.754491
vt 0.132281 0.755036
vt 0.132144 0.754530
vt 0.133060 0.755017
vt 0.133061 0.754477
vt 0.803187 0.479358
vt 0.803665 0.479271
vt 0.132554 0.755308
vt 0.132554 0.755008
vt 0.421127 0.917017
vt 0.420598 0.916491
vt 0.421127 0.916477
vt 0.421127 0.917443
vt 0.420621 0.917009
vt 0.132921 0.516724
vt 0.133450 0.516200
vt 0.133449 0.516710
vt 0.715042 0.490876
vt 0.715293 0.490370
vt 0.715431 0.490876
vt 0.714514 0.490348
vt 0.714514 0.490876
vt 0.420348 0.917037
vt 0.420210 0.916531
vt 0.420621 0.917309
vt 0.443206 0.945351
vt 0.814007 0.230753
vt 0.813479 0.230708
vt 0.712011 0.490876
vt 0.815065 0.230753
vt 0.803514 0.481818
vt 0.715431 0.729929
vt 0.804679 0.479354
vt 0.752768 0.490876
vt 0.805557 0.481833
vt 0.753685 0.489960
vt 0.352510 0.906405
vt 0.304911 0.758320
vt 0.352510 0.758320
vt 0.297077 0.958943
vt 0.298142 0.913262
vt 0.298142 0.959030
vt 0.371091 0.899156
vt 0.410228 0.907618
vt 0.362629 0.907618
vt 0.889703 0.150674
vt 0.890814 0.003385
vt 0.890814 0.150674
vt 0.401766 0.899156
vt 0.410228 0.759532
vt 0.242568 0.960518
vt 0.243679 0.913175
vt 0.243679 0.960518
vt 0.401766 0.767994
vt 0.362629 0.759532
vt 0.077072 0.762078
vt 0.075962 0.902283
vt 0.075962 0.762078
vt 0.371091 0.767994
vt 0.143831 0.962085
vt 0.143325 0.962551
vt 0.143284 0.962081
vt 0.144314 0.962013
vt 0.143849 0.962533
vt 0.943095 0.426590
vt 0.943624 0.427118
vt 0.943095 0.427118
vt 0.943095 0.426202
vt 0.943601 0.426612
vt 0.704219 0.940823
vt 0.703845 0.941352
vt 0.703745 0.940823
vt 0.704687 0.941329
vt 0.704300 0.941329
vt 0.704493 0.941603
vt 0.940981 0.427118
vt 0.941509 0.426590
vt 0.941509 0.427118
vt 0.940592 0.427118
vt 0.941003 0.426612
vt 0.758694 0.892470
vt 0.759222 0.892996
vt 0.758694 0.892981
vt 0.491180 0.926187
vt 0.490810 0.926693
vt 0.490687 0.926187
vt 0.491680 0.926715
vt 0.491726 0.926187
vt 0.491555 0.927103
vt 0.491157 0.926693
vt 0.491069 0.926966
vt 0.704768 0.939766
vt 0.705141 0.939237
vt 0.705241 0.939766
vt 0.704219 0.939766
vt 0.704687 0.939260
vt 0.703845 0.939237
vt 0.703745 0.939766
vt 0.859628 0.457071
vt 0.860134 0.456661
vt 0.860134 0.456934
vt 0.860157 0.456155
vt 0.859628 0.456683
vt 0.859628 0.456155
vt 0.860545 0.456155
vt 0.704300 0.939260
vt 0.704493 0.938986
vt 0.757108 0.892996
vt 0.757636 0.892470
vt 0.757636 0.892981
vt 0.857514 0.456155
vt 0.857263 0.456661
vt 0.857125 0.456155
vt 0.858042 0.456683
vt 0.858042 0.456155
vt 0.491555 0.924213
vt 0.491157 0.924623
vt 0.491069 0.924350
vt 0.491180 0.925129
vt 0.491680 0.924601
vt 0.491726 0.925129
vt 0.490810 0.924623
vt 0.143325 0.913734
vt 0.143831 0.914283
vt 0.143284 0.914279
vt 0.143436 0.913258
vt 0.143849 0.913759
vt 0.134464 0.942904
vt 0.134925 0.943489
vt 0.134389 0.943427
vt 0.134549 0.942523
vt 0.134975 0.942986
vt 0.943624 0.476832
vt 0.943095 0.477361
vt 0.943095 0.476832
vt 0.144189 0.913708
vt 0.144314 0.914211
vt 0.143927 0.913424
vt 0.759222 0.942443
vt 0.758694 0.942968
vt 0.758694 0.942428
vt 0.759610 0.942483
vt 0.759199 0.942960
vt 0.941509 0.477361
vt 0.940981 0.476832
vt 0.941509 0.476832
vt 0.941509 0.477749
vt 0.941003 0.477338
vt 0.132314 0.943186
vt 0.132897 0.942722
vt 0.132821 0.943245
vt 0.758694 0.943395
vt 0.759199 0.943260
vt 0.759473 0.942989
vt 0.141805 0.914117
vt 0.142311 0.913651
vt 0.142271 0.914196
vt 0.860545 0.406440
vt 0.860134 0.405934
vt 0.860408 0.405934
vt 0.859628 0.405912
vt 0.860157 0.406440
vt 0.859628 0.406440
vt 0.134220 0.945004
vt 0.134733 0.945316
vt 0.134216 0.945394
vt 0.134803 0.944540
vt 0.134267 0.944477
vt 0.141944 0.913262
vt 0.142422 0.913175
vt 0.135035 0.945076
vt 0.134737 0.945041
vt 0.757636 0.942968
vt 0.757108 0.942443
vt 0.757636 0.942428
vt 0.757636 0.943395
vt 0.757130 0.942960
vt 0.132653 0.944822
vt 0.132192 0.944237
vt 0.132699 0.944296
vt 0.858042 0.405912
vt 0.857536 0.405661
vt 0.858042 0.405524
vt 0.857514 0.406440
vt 0.858042 0.406440
vt 0.756719 0.942483
vt 0.756857 0.942989
vt 0.757130 0.943260
vt 0.705241 0.940823
vt 0.704768 0.940823
vt 0.493228 0.926187
vt 0.493182 0.926715
vt 0.490687 0.925129
vt 0.858042 0.457071
vt 0.493228 0.925129
vt 0.141805 0.961919
vt 0.857125 0.406440
vt 0.859628 0.405524
vt 0.940592 0.476832
vt 0.142271 0.961998
vt 0.271126 0.962085
vt 0.270620 0.962551
vt 0.270580 0.962081
vt 0.271609 0.962013
vt 0.271144 0.962533
vt 0.057223 0.886606
vt 0.057751 0.887134
vt 0.057223 0.887134
vt 0.057729 0.886355
vt 0.057729 0.886628
vt 0.645490 0.944621
vt 0.645117 0.945150
vt 0.645017 0.944621
vt 0.645958 0.945127
vt 0.645572 0.945127
vt 0.645765 0.945401
vt 0.055108 0.887134
vt 0.055636 0.886606
vt 0.055636 0.887134
vt 0.054857 0.886628
vt 0.055131 0.886628
vt 0.585933 0.911050
vt 0.586461 0.911575
vt 0.585933 0.911561
vt 0.470458 0.926187
vt 0.470088 0.926693
vt 0.469965 0.926187
vt 0.470958 0.926715
vt 0.471003 0.926187
vt 0.470833 0.927103
vt 0.470435 0.926693
vt 0.470347 0.926966
vt 0.646040 0.943564
vt 0.646413 0.943035
vt 0.646513 0.943564
vt 0.645490 0.943564
vt 0.645958 0.943058
vt 0.645117 0.943035
vt 0.645017 0.943564
vt 0.849439 0.456683
vt 0.849945 0.456934
vt 0.849439 0.457071
vt 0.849967 0.456155
vt 0.849439 0.456155
vt 0.850218 0.456661
vt 0.849945 0.456661
vt 0.645572 0.943058
vt 0.645765 0.942784
vt 0.584347 0.911575
vt 0.584875 0.911050
vt 0.584875 0.911561
vt 0.846936 0.456155
vt 0.847347 0.456661
vt 0.847073 0.456661
vt 0.847853 0.456683
vt 0.847324 0.456155
vt 0.847853 0.456155
vt 0.470833 0.924213
vt 0.470435 0.924623
vt 0.470347 0.924350
vt 0.470458 0.925129
vt 0.470958 0.924601
vt 0.471003 0.925129
vt 0.469965 0.925129
vt 0.470088 0.924623
vt 0.270620 0.913734
vt 0.271126 0.914283
vt 0.270580 0.914279
vt 0.270731 0.913258
vt 0.271144 0.913759
vt 0.364567 0.934299
vt 0.365028 0.934884
vt 0.364492 0.934822
vt 0.365138 0.934112
vt 0.365078 0.934381
vt 0.057751 0.936848
vt 0.057223 0.937377
vt 0.057223 0.936848
vt 0.271609 0.914211
vt 0.271484 0.913708
vt 0.271222 0.913424
vt 0.586461 0.961022
vt 0.585933 0.961548
vt 0.585933 0.961008
vt 0.586712 0.961568
vt 0.586439 0.961540
vt 0.055636 0.937377
vt 0.055108 0.936848
vt 0.055636 0.936848
vt 0.055636 0.937765
vt 0.055131 0.937354
vt 0.362417 0.934581
vt 0.362999 0.934117
vt 0.362924 0.934640
vt 0.586439 0.961840
vt 0.585933 0.961974
vt 0.269100 0.914117
vt 0.269607 0.913651
vt 0.269566 0.914196
vt 0.849967 0.406440
vt 0.850218 0.405935
vt 0.850356 0.406440
vt 0.849439 0.405912
vt 0.849439 0.406440
vt 0.364323 0.936399
vt 0.364836 0.936711
vt 0.364318 0.936789
vt 0.364906 0.935935
vt 0.364370 0.935873
vt 0.269717 0.913175
vt 0.269161 0.913596
vt 0.269239 0.913261
vt 0.365138 0.936471
vt 0.364840 0.936436
vt 0.584875 0.961548
vt 0.584347 0.961022
vt 0.584875 0.961008
vt 0.584875 0.961974
vt 0.584369 0.961540
vt 0.362756 0.936217
vt 0.362295 0.935632
vt 0.362802 0.935691
vt 0.847853 0.405524
vt 0.847347 0.405935
vt 0.847347 0.405661
vt 0.847324 0.406440
vt 0.847853 0.405912
vt 0.847853 0.406440
vt 0.584096 0.961568
vt 0.583959 0.961063
vt 0.584369 0.961840
vt 0.646513 0.944621
vt 0.646040 0.944621
vt 0.057223 0.886217
vt 0.472460 0.926715
vt 0.472506 0.926187
vt 0.847853 0.457071
vt 0.472460 0.924601
vt 0.269566 0.961998
vt 0.850356 0.456155
vt 0.846936 0.406440
vt 0.849439 0.405524
vt 0.054720 0.887134
vt 0.054720 0.936848
vt 0.472506 0.925129
vt 0.899264 0.652984
vt 0.898757 0.653450
vt 0.898717 0.652979
vt 0.899747 0.652912
vt 0.899281 0.653432
vt 0.866103 0.815829
vt 0.865574 0.816357
vt 0.865574 0.815829
vt 0.866354 0.816334
vt 0.866080 0.816334
vt 0.007244 0.946372
vt 0.006871 0.946900
vt 0.006771 0.946372
vt 0.007712 0.946877
vt 0.007325 0.946877
vt 0.007519 0.947151
vt 0.865574 0.663513
vt 0.866103 0.664041
vt 0.865574 0.664041
vt 0.865574 0.663124
vt 0.866080 0.663535
vt 0.373882 0.924213
vt 0.374410 0.924738
vt 0.373882 0.924724
vt 0.584875 0.760025
vt 0.584369 0.759655
vt 0.584875 0.759532
vt 0.584347 0.760525
vt 0.584875 0.760570
vt 0.584096 0.759914
vt 0.584369 0.760002
vt 0.007793 0.945314
vt 0.008167 0.944786
vt 0.008266 0.945314
vt 0.007244 0.945314
vt 0.007712 0.944808
vt 0.006871 0.944786
vt 0.006771 0.945314
vt 0.849863 0.156089
vt 0.849612 0.156595
vt 0.849474 0.156089
vt 0.850391 0.156617
vt 0.850391 0.156089
vt 0.849885 0.156868
vt 0.849885 0.156595
vt 0.007325 0.944808
vt 0.007519 0.944535
vt 0.372296 0.924738
vt 0.372824 0.924213
vt 0.372824 0.924724
vt 0.850391 0.003385
vt 0.849885 0.003796
vt 0.849885 0.003522
vt 0.849863 0.004301
vt 0.850391 0.003773
vt 0.850391 0.004301
vt 0.586461 0.760525
vt 0.586712 0.759914
vt 0.586849 0.760400
vt 0.585933 0.760025
vt 0.585933 0.760570
vt 0.586439 0.759655
vt 0.586439 0.760002
vt 0.898757 0.650909
vt 0.899264 0.651458
vt 0.898717 0.651454
vt 0.898868 0.650433
vt 0.899281 0.650934
vt 0.882545 0.154885
vt 0.882015 0.155409
vt 0.882017 0.154869
vt 0.882795 0.155432
vt 0.882521 0.155403
vt 0.863988 0.816357
vt 0.863460 0.815829
vt 0.863988 0.815829
vt 0.899747 0.651386
vt 0.899621 0.650883
vt 0.899360 0.650599
vt 0.374410 0.926316
vt 0.373882 0.926842
vt 0.373882 0.926302
vt 0.374798 0.926356
vt 0.374388 0.926834
vt 0.863460 0.664041
vt 0.863988 0.663513
vt 0.863988 0.664041
vt 0.863071 0.664041
vt 0.863482 0.663535
vt 0.882406 0.003388
vt 0.882933 0.003914
vt 0.882405 0.003898
vt 0.374388 0.927134
vt 0.373882 0.927268
vt 0.374661 0.926862
vt 0.897238 0.651292
vt 0.897744 0.650826
vt 0.897703 0.651371
vt 0.851978 0.156617
vt 0.852483 0.156868
vt 0.851978 0.157006
vt 0.852506 0.156089
vt 0.851978 0.156089
vt 0.880431 0.154880
vt 0.880178 0.155425
vt 0.880042 0.154919
vt 0.880958 0.155407
vt 0.880959 0.154867
vt 0.897855 0.650350
vt 0.897298 0.650771
vt 0.897376 0.650437
vt 0.880451 0.155698
vt 0.880452 0.155397
vt 0.372824 0.926842
vt 0.372296 0.926316
vt 0.372824 0.926302
vt 0.372318 0.927134
vt 0.372318 0.926834
vt 0.880819 0.003909
vt 0.881349 0.003385
vt 0.881347 0.003896
vt 0.852894 0.004301
vt 0.852483 0.003796
vt 0.852757 0.003796
vt 0.851978 0.003773
vt 0.852506 0.004301
vt 0.851978 0.004301
vt 0.371908 0.926356
vt 0.372045 0.926862
vt 0.008266 0.946372
vt 0.007793 0.946372
vt 0.866491 0.815829
vt 0.584875 0.904280
vt 0.584347 0.904235
vt 0.585933 0.759532
vt 0.849474 0.004301
vt 0.586461 0.904235
vt 0.897238 0.652818
vt 0.851978 0.003385
vt 0.852894 0.156089
vt 0.372824 0.927268
vt 0.863988 0.663124
vt 0.897703 0.652896
vt 0.585933 0.904280
vt 0.902933 0.466475
vt 0.902427 0.466941
vt 0.902386 0.466470
vt 0.903291 0.466873
vt 0.902951 0.466923
vt 0.874253 0.642664
vt 0.873725 0.643192
vt 0.873725 0.642664
vt 0.874504 0.643170
vt 0.874231 0.643170
vt 0.054714 0.946372
vt 0.054341 0.946900
vt 0.054241 0.946372
vt 0.055182 0.946877
vt 0.054795 0.946877
vt 0.054989 0.947151
vt 0.873725 0.490348
vt 0.874253 0.490876
vt 0.873725 0.490876
vt 0.874231 0.490097
vt 0.874231 0.490370
vt 0.373882 0.914388
vt 0.374410 0.914913
vt 0.373882 0.914899
vt 0.604196 0.760025
vt 0.603690 0.759655
vt 0.604196 0.759532
vt 0.603668 0.760525
vt 0.604196 0.760570
vt 0.603280 0.760400
vt 0.603690 0.760002
vt 0.603417 0.759914
vt 0.055263 0.945314
vt 0.055637 0.944786
vt 0.055737 0.945314
vt 0.054714 0.945314
vt 0.055182 0.944808
vt 0.054341 0.944786
vt 0.054241 0.945314
vt 0.858661 0.397838
vt 0.858410 0.398343
vt 0.858272 0.397838
vt 0.859189 0.398366
vt 0.859189 0.397838
vt 0.859189 0.398754
vt 0.858683 0.398343
vt 0.054795 0.944808
vt 0.054989 0.944535
vt 0.372296 0.914913
vt 0.372824 0.914388
vt 0.372824 0.914899
vt 0.859189 0.245522
vt 0.858683 0.245271
vt 0.859189 0.245133
vt 0.858661 0.246050
vt 0.859189 0.246050
vt 0.606170 0.760400
vt 0.605760 0.760002
vt 0.606033 0.759914
vt 0.605254 0.760025
vt 0.605782 0.760525
vt 0.605254 0.760570
vt 0.605760 0.759655
vt 0.902427 0.464400
vt 0.902933 0.464949
vt 0.902386 0.464945
vt 0.902538 0.463924
vt 0.902951 0.464425
vt 0.771561 0.882315
vt 0.771031 0.882839
vt 0.771033 0.882299
vt 0.771810 0.882861
vt 0.771537 0.882832
vt 0.872139 0.643192
vt 0.871610 0.642664
vt 0.872139 0.642664
vt 0.903416 0.464877
vt 0.903291 0.464374
vt 0.903029 0.464090
vt 0.374410 0.916491
vt 0.373882 0.917017
vt 0.373882 0.916477
vt 0.374798 0.916531
vt 0.374388 0.917009
vt 0.871610 0.490876
vt 0.872139 0.490348
vt 0.872139 0.490876
vt 0.871222 0.490876
vt 0.871633 0.490370
vt 0.771422 0.730817
vt 0.771949 0.731344
vt 0.771421 0.731328
vt 0.373882 0.917443
vt 0.374388 0.917309
vt 0.374661 0.917037
vt 0.900907 0.464783
vt 0.901413 0.464317
vt 0.901373 0.464862
vt 0.860775 0.398754
vt 0.861281 0.398343
vt 0.861281 0.398617
vt 0.861304 0.397838
vt 0.860775 0.398366
vt 0.860775 0.397838
vt 0.769447 0.882309
vt 0.769194 0.882854
vt 0.769058 0.882349
vt 0.769973 0.882836
vt 0.769975 0.882296
vt 0.901524 0.463841
vt 0.900967 0.464262
vt 0.901046 0.463927
vt 0.769467 0.883127
vt 0.769468 0.882827
vt 0.372824 0.917017
vt 0.372296 0.916491
vt 0.372824 0.916477
vt 0.372824 0.917443
vt 0.372318 0.917009
vt 0.769835 0.731338
vt 0.770364 0.730814
vt 0.770363 0.731325
vt 0.861692 0.246050
vt 0.861281 0.245544
vt 0.861555 0.245544
vt 0.860775 0.245522
vt 0.861304 0.246050
vt 0.860775 0.246050
vt 0.371908 0.916531
vt 0.372045 0.917037
vt 0.372318 0.917309
vt 0.055737 0.946372
vt 0.055263 0.946372
vt 0.874642 0.642664
vt 0.604196 0.904280
vt 0.603668 0.904235
vt 0.605254 0.759532
vt 0.858272 0.246050
vt 0.605782 0.904235
vt 0.900907 0.466309
vt 0.860775 0.245133
vt 0.861692 0.397838
vt 0.871222 0.642664
vt 0.903416 0.466403
vt 0.873725 0.489960
vt 0.872139 0.489960
vt 0.901373 0.466387
vt 0.605254 0.904280
vt 0.464597 0.907618
vt 0.416998 0.759532
vt 0.464597 0.759532
vt 0.656494 0.959237
vt 0.657558 0.913556
vt 0.657558 0.959324
vt 0.720473 0.877239
vt 0.759610 0.885701
vt 0.712011 0.885701
vt 0.891072 0.637249
vt 0.892183 0.489960
vt 0.892183 0.637249
vt 0.751148 0.877239
vt 0.759610 0.737615
vt 0.287658 0.960518
vt 0.288769 0.913175
vt 0.288769 0.960518
vt 0.751148 0.746077
vt 0.712011 0.737615
vt 0.113934 0.762078
vt 0.112823 0.902283
vt 0.112823 0.762078
vt 0.720473 0.746077
vt 0.153110 0.962085
vt 0.152604 0.962551
vt 0.152563 0.962081
vt 0.153593 0.962013
vt 0.153128 0.962533
vt 0.714514 0.892859
vt 0.715042 0.893387
vt 0.714514 0.893387
vt 0.714514 0.892470
vt 0.715020 0.892881
vt 0.046448 0.946372
vt 0.046075 0.946900
vt 0.045975 0.946372
vt 0.046998 0.946372
vt 0.046530 0.946877
vt 0.046916 0.946877
vt 0.046723 0.947151
vt 0.712399 0.893387
vt 0.712928 0.892859
vt 0.712928 0.893387
vt 0.712148 0.892881
vt 0.712422 0.892881
vt 0.962028 0.367884
vt 0.962556 0.368410
vt 0.962028 0.368395
vt 0.451837 0.926187
vt 0.451468 0.926693
vt 0.451345 0.926187
vt 0.452338 0.926715
vt 0.452383 0.926187
vt 0.451726 0.926966
vt 0.451814 0.926693
vt 0.046998 0.945314
vt 0.047371 0.944786
vt 0.047471 0.945314
vt 0.046530 0.944808
vt 0.046916 0.944808
vt 0.046075 0.944786
vt 0.046448 0.945314
vt 0.045975 0.945314
vt 0.862556 0.233923
vt 0.863061 0.234174
vt 0.862556 0.234311
vt 0.863084 0.233395
vt 0.862556 0.233395
vt 0.863472 0.233395
vt 0.863061 0.233900
vt 0.046723 0.944535
vt 0.960442 0.368410
vt 0.960970 0.367884
vt 0.960970 0.368395
vt 0.860441 0.233395
vt 0.860190 0.233900
vt 0.860052 0.233395
vt 0.860969 0.233923
vt 0.860969 0.233395
vt 0.452338 0.924601
vt 0.451726 0.924350
vt 0.452213 0.924213
vt 0.451837 0.925129
vt 0.452383 0.925129
vt 0.451468 0.924623
vt 0.451814 0.924623
vt 0.152604 0.913734
vt 0.153110 0.914283
vt 0.152563 0.914279
vt 0.152715 0.913258
vt 0.153128 0.913759
vt 0.481570 0.934254
vt 0.482031 0.934839
vt 0.481494 0.934777
vt 0.482141 0.934068
vt 0.482081 0.934336
vt 0.715042 0.943101
vt 0.714514 0.943629
vt 0.714514 0.943101
vt 0.153593 0.914211
vt 0.153468 0.913708
vt 0.153206 0.913424
vt 0.962556 0.417857
vt 0.962028 0.418382
vt 0.962028 0.417842
vt 0.962807 0.418402
vt 0.962534 0.418374
vt 0.712928 0.943629
vt 0.712399 0.943101
vt 0.712928 0.943101
vt 0.712422 0.943880
vt 0.712422 0.943607
vt 0.479420 0.934536
vt 0.480002 0.934072
vt 0.479927 0.934595
vt 0.962028 0.418809
vt 0.962534 0.418674
vt 0.151084 0.914117
vt 0.151590 0.913651
vt 0.151550 0.914196
vt 0.863084 0.183680
vt 0.863335 0.183174
vt 0.863472 0.183680
vt 0.862556 0.183152
vt 0.862556 0.183680
vt 0.481326 0.936354
vt 0.481839 0.936666
vt 0.481321 0.936745
vt 0.481909 0.935890
vt 0.481372 0.935828
vt 0.151701 0.913175
vt 0.151144 0.913596
vt 0.151222 0.913262
vt 0.482141 0.936426
vt 0.481843 0.936392
vt 0.960970 0.418382
vt 0.960442 0.417857
vt 0.960970 0.417842
vt 0.960970 0.418809
vt 0.960464 0.418374
vt 0.479759 0.936172
vt 0.479298 0.935587
vt 0.479805 0.935646
vt 0.860969 0.183152
vt 0.860463 0.182901
vt 0.860969 0.182764
vt 0.860441 0.183680
vt 0.860969 0.183680
vt 0.960191 0.418403
vt 0.960054 0.417897
vt 0.960464 0.418674
vt 0.047471 0.946372
vt 0.453885 0.926187
vt 0.453840 0.926715
vt 0.451345 0.925129
vt 0.860969 0.234311
vt 0.453885 0.925129
vt 0.151550 0.961998
vt 0.860052 0.183680
vt 0.862556 0.182764
vt 0.712928 0.944018
vt 0.712011 0.893387
vt 0.712011 0.943101
vt 0.686244 0.961561
vt 0.685738 0.962027
vt 0.685698 0.961557
vt 0.686727 0.961489
vt 0.686262 0.962009
vt 0.724315 0.892859
vt 0.724843 0.893387
vt 0.724315 0.893387
vt 0.724315 0.892470
vt 0.724821 0.892881
vt 0.489384 0.945351
vt 0.489011 0.945880
vt 0.488911 0.945351
vt 0.489852 0.945857
vt 0.489465 0.945857
vt 0.489659 0.946131
vt 0.722200 0.893387
vt 0.722729 0.892859
vt 0.722729 0.893387
vt 0.721812 0.893387
vt 0.722223 0.892881
vt 0.945244 0.126136
vt 0.945773 0.126661
vt 0.945244 0.126647
vt 0.516567 0.926187
vt 0.516198 0.926693
vt 0.516075 0.926187
vt 0.517067 0.926715
vt 0.517113 0.926187
vt 0.516456 0.926966
vt 0.516544 0.926693
vt 0.489933 0.944294
vt 0.490307 0.943765
vt 0.490406 0.944294
vt 0.489384 0.944294
vt 0.489852 0.943788
vt 0.489011 0.943765
vt 0.488911 0.944294
vt 0.123929 0.935753
vt 0.124435 0.935342
vt 0.124435 0.935616
vt 0.124457 0.934837
vt 0.123929 0.935365
vt 0.123929 0.934837
vt 0.124708 0.935342
vt 0.489465 0.943788
vt 0.489659 0.943514
vt 0.943658 0.126661
vt 0.944187 0.126136
vt 0.944187 0.126647
vt 0.121426 0.934837
vt 0.121837 0.935342
vt 0.121564 0.935342
vt 0.122343 0.935365
vt 0.121814 0.934837
vt 0.122343 0.934837
vt 0.517067 0.924601
vt 0.516456 0.924350
vt 0.516943 0.924213
vt 0.516567 0.925129
vt 0.517113 0.925129
vt 0.516075 0.925129
vt 0.516544 0.924623
vt 0.516198 0.924623
vt 0.685738 0.913210
vt 0.686244 0.913759
vt 0.685698 0.913755
vt 0.685849 0.912734
vt 0.686262 0.913235
vt 0.374202 0.934419
vt 0.374663 0.935004
vt 0.374127 0.934942
vt 0.374287 0.934038
vt 0.374713 0.934501
vt 0.724843 0.943101
vt 0.724315 0.943629
vt 0.724315 0.943101
vt 0.686727 0.913687
vt 0.686602 0.913184
vt 0.686340 0.912900
vt 0.945773 0.176108
vt 0.945244 0.176634
vt 0.945244 0.176094
vt 0.946024 0.176654
vt 0.945750 0.176626
vt 0.722729 0.943629
vt 0.722200 0.943101
vt 0.722729 0.943101
vt 0.722223 0.943880
vt 0.722223 0.943607
vt 0.372052 0.934701
vt 0.372634 0.934237
vt 0.372559 0.934760
vt 0.945750 0.176926
vt 0.945244 0.177060
vt 0.684218 0.913593
vt 0.684725 0.913127
vt 0.684684 0.913672
vt 0.124457 0.885122
vt 0.124708 0.884616
vt 0.124846 0.885122
vt 0.123929 0.884594
vt 0.123929 0.885122
vt 0.373953 0.936909
vt 0.374475 0.936556
vt 0.374471 0.936831
vt 0.374541 0.936055
vt 0.373958 0.936519
vt 0.374005 0.935992
vt 0.684835 0.912651
vt 0.684279 0.913072
vt 0.684357 0.912738
vt 0.374773 0.936591
vt 0.944187 0.176634
vt 0.943658 0.176108
vt 0.944187 0.176094
vt 0.943681 0.176926
vt 0.943681 0.176626
vt 0.372391 0.936337
vt 0.371930 0.935752
vt 0.372437 0.935811
vt 0.122343 0.884594
vt 0.121837 0.884343
vt 0.122343 0.884206
vt 0.121814 0.885122
vt 0.122343 0.885122
vt 0.943270 0.176149
vt 0.943407 0.176654
vt 0.490406 0.945351
vt 0.489933 0.945351
vt 0.518570 0.926715
vt 0.518615 0.926187
vt 0.122343 0.935753
vt 0.518570 0.924601
vt 0.684684 0.961474
vt 0.124846 0.934837
vt 0.121426 0.885122
vt 0.123929 0.884206
vt 0.944187 0.177060
vt 0.722729 0.944018
vt 0.721812 0.943101
vt 0.518615 0.925129
vt 0.814353 0.481905
vt 0.813847 0.482371
vt 0.813807 0.481901
vt 0.814711 0.482303
vt 0.814371 0.482353
vt 0.876292 0.815829
vt 0.875764 0.816357
vt 0.875764 0.815829
vt 0.876680 0.815829
vt 0.876270 0.816334
vt 0.481118 0.945351
vt 0.480745 0.945879
vt 0.480645 0.945351
vt 0.481586 0.945857
vt 0.481200 0.945857
vt 0.481393 0.946130
vt 0.875764 0.663513
vt 0.876292 0.664041
vt 0.875764 0.664041
vt 0.876270 0.663262
vt 0.876270 0.663535
vt 0.383542 0.914388
vt 0.384071 0.914913
vt 0.383542 0.914899
vt 0.903069 0.663617
vt 0.902564 0.663247
vt 0.903069 0.663124
vt 0.902541 0.664117
vt 0.903069 0.664163
vt 0.902290 0.663506
vt 0.902564 0.663594
vt 0.481667 0.944293
vt 0.482041 0.943765
vt 0.482141 0.944293
vt 0.481118 0.944293
vt 0.481586 0.943788
vt 0.480745 0.943765
vt 0.480645 0.944293
vt 0.852882 0.815829
vt 0.853293 0.816334
vt 0.853019 0.816334
vt 0.853798 0.816357
vt 0.853270 0.815829
vt 0.853798 0.815829
vt 0.853293 0.816608
vt 0.481200 0.943788
vt 0.481393 0.943514
vt 0.381957 0.914913
vt 0.382485 0.914388
vt 0.382485 0.914899
vt 0.853798 0.663513
vt 0.853293 0.663262
vt 0.853798 0.663124
vt 0.853270 0.664041
vt 0.853798 0.664041
vt 0.905044 0.663992
vt 0.904633 0.663594
vt 0.904906 0.663506
vt 0.904127 0.663617
vt 0.904655 0.664117
vt 0.904127 0.664163
vt 0.904633 0.663247
vt 0.813847 0.479830
vt 0.814353 0.480379
vt 0.813807 0.480375
vt 0.813958 0.479355
vt 0.814371 0.479855
vt 0.883914 0.641460
vt 0.883384 0.641984
vt 0.883386 0.641444
vt 0.884302 0.641501
vt 0.883890 0.641977
vt 0.874177 0.816357
vt 0.873649 0.815829
vt 0.874177 0.815829
vt 0.814711 0.479805
vt 0.814836 0.480308
vt 0.814449 0.479520
vt 0.384071 0.916491
vt 0.383542 0.917017
vt 0.383542 0.916477
vt 0.384459 0.916531
vt 0.384048 0.917009
vt 0.873649 0.664041
vt 0.874177 0.663513
vt 0.874177 0.664041
vt 0.873398 0.663535
vt 0.873671 0.663535
vt 0.883775 0.489962
vt 0.884302 0.490489
vt 0.883774 0.490473
vt 0.383542 0.917443
vt 0.384048 0.917309
vt 0.384322 0.917037
vt 0.812327 0.480213
vt 0.812833 0.479747
vt 0.812793 0.480292
vt 0.855385 0.816745
vt 0.855891 0.816334
vt 0.855891 0.816608
vt 0.855913 0.815829
vt 0.855385 0.816357
vt 0.855385 0.815829
vt 0.881411 0.641494
vt 0.881821 0.641972
vt 0.881547 0.642000
vt 0.882327 0.641981
vt 0.881800 0.641455
vt 0.882328 0.641441
vt 0.812944 0.479271
vt 0.812388 0.479693
vt 0.812466 0.479358
vt 0.881820 0.642272
vt 0.382485 0.917017
vt 0.381957 0.916491
vt 0.382485 0.916477
vt 0.382485 0.917443
vt 0.381979 0.917009
vt 0.882188 0.490484
vt 0.882717 0.489960
vt 0.882716 0.490470
vt 0.855913 0.664041
vt 0.856164 0.663535
vt 0.856301 0.664041
vt 0.855385 0.663513
vt 0.855385 0.664041
vt 0.381706 0.917037
vt 0.381568 0.916531
vt 0.381979 0.917309
vt 0.482141 0.945351
vt 0.481667 0.945351
vt 0.903069 0.807872
vt 0.902541 0.807827
vt 0.904127 0.663124
vt 0.852882 0.664041
vt 0.904655 0.807827
vt 0.812327 0.481739
vt 0.855385 0.663124
vt 0.873261 0.815829
vt 0.873261 0.664041
vt 0.814836 0.481833
vt 0.875764 0.663124
vt 0.874177 0.663124
vt 0.812793 0.481818
vt 0.904127 0.807872
vt 0.862148 0.652984
vt 0.861642 0.653450
vt 0.861602 0.652979
vt 0.862631 0.652912
vt 0.862166 0.653432
vt 0.871493 0.397838
vt 0.870965 0.398366
vt 0.870965 0.397838
vt 0.871881 0.397838
vt 0.871471 0.398343
vt 0.506913 0.945351
vt 0.506540 0.945880
vt 0.506440 0.945351
vt 0.507381 0.945857
vt 0.506994 0.945857
vt 0.507188 0.946131
vt 0.870965 0.245522
vt 0.871493 0.246050
vt 0.870965 0.246050
vt 0.871471 0.245271
vt 0.871471 0.245544
vt 0.454020 0.914388
vt 0.454548 0.914913
vt 0.454020 0.914899
vt 0.594535 0.759532
vt 0.594030 0.760002
vt 0.594030 0.759655
vt 0.594007 0.760525
vt 0.594535 0.760025
vt 0.594535 0.760570
vt 0.593756 0.759914
vt 0.507462 0.944294
vt 0.507836 0.943765
vt 0.507936 0.944294
vt 0.506913 0.944294
vt 0.507381 0.943788
vt 0.506540 0.943765
vt 0.506440 0.944294
vt 0.850843 0.642664
vt 0.851254 0.643170
vt 0.850981 0.643170
vt 0.851760 0.643192
vt 0.851232 0.642664
vt 0.851760 0.642664
vt 0.851254 0.643443
vt 0.506994 0.943788
vt 0.507188 0.943514
vt 0.452434 0.914913
vt 0.452962 0.914388
vt 0.452962 0.914899
vt 0.851760 0.490348
vt 0.851254 0.490097
vt 0.851760 0.489960
vt 0.851232 0.490876
vt 0.851760 0.490876
vt 0.596510 0.760400
vt 0.596099 0.760002
vt 0.596372 0.759914
vt 0.595593 0.760025
vt 0.596121 0.760525
vt 0.595593 0.760570
vt 0.595593 0.759532
vt 0.596099 0.759655
vt 0.861642 0.650909
vt 0.862148 0.651458
vt 0.861602 0.651454
vt 0.861753 0.650433
vt 0.862166 0.650934
vt 0.885953 0.814625
vt 0.885423 0.815149
vt 0.885424 0.814609
vt 0.886341 0.814666
vt 0.885929 0.815142
vt 0.869378 0.398366
vt 0.868850 0.397838
vt 0.869378 0.397838
vt 0.862631 0.651386
vt 0.862506 0.650883
vt 0.862244 0.650599
vt 0.454548 0.916491
vt 0.454020 0.917017
vt 0.454020 0.916477
vt 0.454799 0.917037
vt 0.454526 0.917009
vt 0.868850 0.246050
vt 0.869378 0.245522
vt 0.869378 0.246050
vt 0.868462 0.246050
vt 0.868872 0.245544
vt 0.885814 0.663127
vt 0.886341 0.663654
vt 0.885813 0.663638
vt 0.454020 0.917443
vt 0.454526 0.917309
vt 0.860122 0.651292
vt 0.860628 0.650826
vt 0.860588 0.651371
vt 0.853346 0.643192
vt 0.853852 0.643443
vt 0.853346 0.643580
vt 0.853875 0.642664
vt 0.853346 0.642664
vt 0.883450 0.814659
vt 0.883859 0.815137
vt 0.883586 0.815164
vt 0.884365 0.815146
vt 0.883838 0.814619
vt 0.884367 0.814606
vt 0.860739 0.650350
vt 0.860183 0.650771
vt 0.860261 0.650437
vt 0.883859 0.815437
vt 0.452962 0.917017
vt 0.452434 0.916491
vt 0.452962 0.916477
vt 0.452962 0.917443
vt 0.452456 0.917009
vt 0.884227 0.663648
vt 0.884756 0.663124
vt 0.884755 0.663635
vt 0.854263 0.490876
vt 0.853852 0.490370
vt 0.854126 0.490370
vt 0.853346 0.490348
vt 0.853875 0.490876
vt 0.853346 0.490876
vt 0.452183 0.917037
vt 0.452046 0.916531
vt 0.452456 0.917309
vt 0.507936 0.945351
vt 0.507462 0.945351
vt 0.594535 0.904280
vt 0.594007 0.904235
vt 0.850843 0.490876
vt 0.596121 0.904235
vt 0.860122 0.652818
vt 0.853346 0.489960
vt 0.854263 0.642664
vt 0.870965 0.245133
vt 0.869378 0.245133
vt 0.860588 0.652896
vt 0.595593 0.904280
vt 0.850751 0.175849
vt 0.849694 0.163775
vt 0.832503 0.655384
vt 0.489871 0.936582
vt 0.489077 0.933873
vt 0.724198 0.483115
vt 0.544466 0.940955
vt 0.433682 0.936582
vt 0.432889 0.933873
vt 0.567245 0.940955
vt 0.881508 0.175918
vt 0.880874 0.173645
vt 0.915574 0.237189
vt 0.823517 0.235252
vt 0.926698 0.613136
vt 0.822882 0.232980
vt 0.931645 0.478937
vt 0.825389 0.935942
vt 0.824754 0.933670
vt 0.906626 0.237189
vt 0.779485 0.941259
vt 0.778850 0.938986
vt 0.889703 0.174927
vt 0.825389 0.944985
vt 0.824754 0.942712
vt 0.874064 0.481324
vt 0.141805 0.751550
vt 0.330686 0.959030
vt 0.813090 0.245133
vt 0.825734 0.926900
vt 0.705241 0.724045
vt 0.207836 0.962483
vt 0.047449 0.886355
vt 0.044577 0.886628
vt 0.952874 0.367921
vt 0.433592 0.927103
vt 0.853145 0.233900
vt 0.950804 0.367921
vt 0.850274 0.233900
vt 0.416645 0.934068
vt 0.047449 0.937354
vt 0.953284 0.417897
vt 0.414018 0.934038
vt 0.205513 0.913596
vt 0.413779 0.936094
vt 0.850274 0.183174
vt 0.045356 0.886218
vt 0.046943 0.937765
vt 0.217115 0.962483
vt 0.676509 0.884605
vt 0.945750 0.184490
vt 0.424282 0.927103
vt 0.943681 0.184490
vt 0.867725 0.456661
vt 0.406523 0.933873
vt 0.676509 0.935604
vt 0.673911 0.935877
vt 0.404383 0.934038
vt 0.214792 0.913596
vt 0.870324 0.405934
vt 0.404144 0.936094
vt 0.674417 0.884467
vt 0.214731 0.961919
vt 0.676003 0.936015
vt 0.823990 0.482303
vt 0.027046 0.756674
vt 0.026773 0.516337
vt 0.393709 0.914424
vt 0.733306 0.730845
vt 0.391639 0.914424
vt 0.115714 0.754535
vt 0.024174 0.756674
vt 0.394119 0.916531
vt 0.115693 0.516239
vt 0.821667 0.479693
vt 0.113623 0.516235
vt 0.735399 0.490370
vt 0.027183 0.517116
vt 0.821606 0.481739
vt 0.023764 0.756168
vt 0.860124 0.166807
vt 0.037235 0.756674
vt 0.403369 0.914424
vt 0.793769 0.004253
vt 0.743496 0.730845
vt 0.401300 0.914424
vt 0.742990 0.490370
vt 0.096393 0.754535
vt 0.034364 0.756674
vt 0.096372 0.516239
vt 0.745588 0.730434
vt 0.094302 0.516235
vt 0.745588 0.490370
vt 0.037373 0.517116
vt 0.796272 0.230708
vt 0.033953 0.756168
vt 0.449834 0.752762
vt 0.322852 0.959030
vt 0.815580 0.489960
vt 0.798621 0.930523
vt 0.764068 0.724045
vt 0.226394 0.962483
vt 0.952873 0.425615
vt 0.950804 0.425615
vt 0.508819 0.933873
vt 0.648026 0.935604
vt 0.645428 0.935877
vt 0.506678 0.934038
vt 0.224071 0.913596
vt 0.506440 0.936094
vt 0.645934 0.884467
vt 0.224010 0.961919
vt 0.647520 0.936015
vt 0.280763 0.962483
vt 0.936478 0.126273
vt 0.807446 0.943334
vt 0.955411 0.126172
vt 0.442902 0.927103
vt 0.880786 0.456661
vt 0.953341 0.126172
vt 0.877915 0.456661
vt 0.396888 0.933873
vt 0.936478 0.177273
vt 0.933880 0.177546
vt 0.394747 0.934038
vt 0.394509 0.936094
vt 0.934386 0.126136
vt 0.278379 0.961919
vt 0.880007 0.405524
vt 0.935972 0.177683
vt 0.853227 0.653382
vt 0.047425 0.756674
vt 0.413030 0.914424
vt 0.684606 0.754364
vt 0.410960 0.914424
vt 0.684100 0.513889
vt 0.106054 0.754535
vt 0.044553 0.756674
vt 0.044280 0.516610
vt 0.106032 0.516239
vt 0.686698 0.753953
vt 0.103963 0.516235
vt 0.047562 0.517116
vt 0.850843 0.652818
vt 0.044142 0.756168
vt 0.057614 0.756674
vt 0.435205 0.914424
vt 0.694289 0.754227
vt 0.433135 0.914424
vt 0.125375 0.754535
vt 0.054742 0.756674
vt 0.435615 0.916531
vt 0.125353 0.516239
vt 0.900967 0.474132
vt 0.696888 0.753953
vt 0.123284 0.516235
vt 0.696888 0.513889
vt 0.057751 0.517116
vt 0.900907 0.476178
vt 0.697298 0.753447
vt 0.054332 0.756168
vt 0.471366 0.907618
vt 0.315018 0.959030
vt 0.083842 0.762078
vt 0.180942 0.766782
vt 0.705241 0.932217
vt 0.705241 0.878104
vt 0.162747 0.962483
vt 0.936478 0.184591
vt 0.955411 0.184490
vt 0.507632 0.927103
vt 0.953341 0.184490
vt 0.799654 0.941692
vt 0.936478 0.235590
vt 0.933880 0.235863
vt 0.797027 0.941662
vt 0.160423 0.913596
vt 0.796788 0.943718
vt 0.934386 0.184453
vt 0.509260 0.924601
vt 0.935972 0.236001
vt 0.252926 0.962483
vt 0.743894 0.892507
vt 0.741825 0.892507
vt 0.499184 0.933873
vt 0.771926 0.941034
vt 0.744305 0.942483
vt 0.769328 0.941307
vt 0.497043 0.934038
vt 0.842683 0.183174
vt 0.496805 0.936094
vt 0.769834 0.889897
vt 0.771421 0.941444
vt 0.869403 0.166807
vt 0.862673 0.003522
vt 0.473847 0.914424
vt 0.693879 0.762001
vt 0.471777 0.914424
vt 0.799150 0.875639
vt 0.860074 0.156595
vt 0.799129 0.724138
vt 0.835512 0.816334
vt 0.797060 0.724133
vt 0.863083 0.004301
vt 0.867019 0.166243
vt 0.835006 0.663124
vt 0.859664 0.156089
vt 0.818589 0.719692
vt 0.483507 0.914424
vt 0.838304 0.398617
vt 0.481438 0.914424
vt 0.838304 0.245544
vt 0.789490 0.875640
vt 0.815991 0.872765
vt 0.789469 0.724138
vt 0.787399 0.724133
vt 0.819000 0.720471
vt 0.869401 0.652818
vt 0.840397 0.245133
vt 0.841313 0.397838
vt 0.815580 0.872259
vt 0.196174 0.906405
vt 0.354189 0.959030
vt 0.091723 0.762078
vt 0.289679 0.766782
vt 0.779829 0.932217
vt 0.779829 0.878104
vt 0.198558 0.962483
vt 0.943601 0.368022
vt 0.067001 0.908372
vt 0.424282 0.936764
vt 0.890976 0.456661
vt 0.064932 0.908372
vt 0.888104 0.456661
vt 0.788978 0.941497
vt 0.943601 0.419021
vt 0.786838 0.941662
vt 0.890702 0.405934
vt 0.786599 0.943718
vt 0.888104 0.405934
vt 0.941509 0.367884
vt 0.425909 0.934261
vt 0.196174 0.961919
vt 0.943095 0.419432
vt 0.262205 0.962483
vt 0.008244 0.886355
vt 0.005373 0.886628
vt 0.105643 0.908372
vt 0.414972 0.927103
vt 0.103574 0.908372
vt 0.387739 0.934068
vt 0.008244 0.937354
vt 0.106054 0.958348
vt 0.385112 0.934038
vt 0.893629 0.183174
vt 0.384874 0.936094
vt 0.891031 0.183174
vt 0.946278 0.614548
vt 0.006152 0.886217
vt 0.259821 0.961919
vt 0.007738 0.937765
vt 0.873135 0.156595
vt 0.493167 0.914424
vt 0.684218 0.762001
vt 0.491098 0.914424
vt 0.843103 0.663535
vt 0.808672 0.876145
vt 0.870264 0.156595
vt 0.493578 0.916531
vt 0.808790 0.724138
vt 0.806720 0.724133
vt 0.845702 0.663535
vt 0.873273 0.004301
vt 0.876298 0.166243
vt 0.845196 0.663124
vt 0.846112 0.815829
vt 0.881064 0.653382
vt 0.864315 0.643170
vt 0.444865 0.914424
vt 0.442796 0.914424
vt 0.848494 0.245544
vt 0.881403 0.397180
vt 0.861443 0.643170
vt 0.445276 0.916531
vt 0.861170 0.490370
vt 0.881521 0.245174
vt 0.851092 0.398343
vt 0.879451 0.245169
vt 0.864452 0.490876
vt 0.878680 0.652818
vt 0.850586 0.245133
vt 0.861033 0.642664
vt 0.899608 0.175119
vt 0.730968 0.003916
vt 0.898815 0.172411
vt 0.535101 0.940955
vt 0.899608 0.160153
vt 0.898815 0.157444
vt 0.525735 0.940955
vt 0.039074 0.946807
vt 0.038439 0.944535
vt 0.990725 0.245133
vt 0.922697 0.478937
vt 0.858506 0.175918
vt 0.935740 0.613136
vt 0.857872 0.173645
vt 0.913749 0.478937
vt 0.031406 0.946807
vt 0.030772 0.944535
vt 0.924521 0.237189
vt 0.866174 0.175918
vt 0.865539 0.173645
vt 0.883011 0.481324
vt 0.873841 0.175918
vt 0.873206 0.173645
vt 0.891959 0.481324
vt 0.308260 0.751550
vt 0.345290 0.913175
vt 0.770838 0.489960
vt 0.112823 0.909052
vt 0.822081 0.467958
vt 0.018045 0.886355
vt 0.015174 0.886628
vt 0.078442 0.909089
vt 0.401757 0.927103
vt 0.076372 0.909089
vt 0.898293 0.456661
vt 0.454210 0.934068
vt 0.018045 0.937354
vt 0.078852 0.959065
vt 0.451583 0.934038
vt 0.233350 0.913596
vt 0.900892 0.405934
vt 0.451345 0.936094
vt 0.898293 0.405934
vt 0.015953 0.886217
vt 0.017539 0.937765
vt 0.027846 0.886355
vt 0.094203 0.909089
vt 0.461523 0.927103
vt 0.808673 0.934317
vt 0.092133 0.909089
vt 0.805802 0.934317
vt 0.463845 0.934068
vt 0.027846 0.937354
vt 0.461219 0.934038
vt 0.186955 0.913596
vt 0.460980 0.936094
vt 0.025754 0.886218
vt 0.463150 0.924601
vt 0.186895 0.961919
vt 0.027341 0.937765
vt 0.890343 0.653382
vt 0.006394 0.516337
vt 0.518555 0.914424
vt 0.673911 0.755433
vt 0.516485 0.914424
vt 0.067412 0.754535
vt 0.003796 0.756674
vt 0.518965 0.916531
vt 0.067390 0.516239
vt 0.888019 0.650771
vt 0.065321 0.516235
vt 0.676509 0.515095
vt 0.006804 0.517116
vt 0.805932 0.230708
vt 0.887959 0.652818
vt 0.676003 0.514685
vt 0.003385 0.756168
vt 0.016856 0.756674
vt 0.016583 0.516337
vt 0.464186 0.914424
vt 0.803430 0.246001
vt 0.723117 0.730845
vt 0.462117 0.914424
vt 0.722611 0.490370
vt 0.076934 0.755040
vt 0.013985 0.756674
vt 0.077051 0.516239
vt 0.074981 0.516235
vt 0.725209 0.490370
vt 0.016994 0.517116
vt 0.805932 0.472456
vt 0.362629 0.752762
vt 0.337456 0.913175
vt 0.778719 0.489960
vt 0.179014 0.913175
vt 0.823861 0.226210
vt 0.731750 0.892881
vt 0.605760 0.911086
vt 0.603690 0.911086
vt 0.444089 0.933873
vt 0.734622 0.943607
vt 0.732024 0.943880
vt 0.441948 0.934038
vt 0.693939 0.913072
vt 0.789608 0.883591
vt 0.441710 0.936094
vt 0.732530 0.892470
vt 0.693879 0.961395
vt 0.734116 0.944018
vt 0.172025 0.962483
vt 0.596099 0.911086
vt 0.134898 0.935342
vt 0.594030 0.911086
vt 0.132026 0.935342
vt 0.518454 0.933873
vt 0.037648 0.937354
vt 0.035049 0.937628
vt 0.516313 0.934038
vt 0.516075 0.936094
vt 0.035555 0.886217
vt 0.365092 0.924646
vt 0.169641 0.961919
vt 0.365013 0.917419
vt 0.659247 0.755159
vt 0.502828 0.914424
vt 0.646186 0.755433
vt 0.500759 0.914424
vt 0.646186 0.515095
vt 0.086733 0.754535
vt 0.656376 0.755159
vt 0.656102 0.515095
vt 0.086711 0.516239
vt 0.084642 0.516235
vt 0.659385 0.515601
vt 0.808422 0.717283
vt 0.655965 0.754654
vt 0.756051 0.730434
vt 0.755777 0.490097
vt 0.422690 0.914424
vt 0.712422 0.730708
vt 0.420621 0.914424
vt 0.134897 0.755040
vt 0.753179 0.730434
vt 0.423101 0.916531
vt 0.135014 0.516239
vt 0.803109 0.479693
vt 0.132944 0.516235
vt 0.715020 0.490370
vt 0.756188 0.490876
vt 0.815593 0.230708
vt 0.803048 0.481739
vt 0.714514 0.489960
vt 0.752768 0.729929
vt 0.304911 0.906405
vt 0.297077 0.913175
vt 0.889703 0.003385
vt 0.242568 0.913175
vt 0.077072 0.902283
vt 0.144189 0.962483
vt 0.943601 0.426339
vt 0.940730 0.426612
vt 0.759199 0.892507
vt 0.860408 0.456661
vt 0.757130 0.892507
vt 0.857536 0.456661
vt 0.135035 0.942717
vt 0.943601 0.477338
vt 0.941003 0.477612
vt 0.132408 0.942688
vt 0.141866 0.913596
vt 0.132170 0.944743
vt 0.857536 0.405934
vt 0.941509 0.426202
vt 0.493182 0.924601
vt 0.943095 0.477749
vt 0.271484 0.962483
vt 0.586438 0.911086
vt 0.584369 0.911086
vt 0.364652 0.933918
vt 0.057729 0.937354
vt 0.586849 0.961063
vt 0.055131 0.937628
vt 0.362511 0.934083
vt 0.849945 0.405935
vt 0.362273 0.936138
vt 0.055636 0.886217
vt 0.269100 0.961919
vt 0.057223 0.937765
vt 0.899621 0.653382
vt 0.866080 0.663262
vt 0.374388 0.924249
vt 0.583959 0.760400
vt 0.850391 0.157006
vt 0.372318 0.924249
vt 0.882933 0.154927
vt 0.863482 0.816334
vt 0.863209 0.663535
vt 0.882912 0.003425
vt 0.852483 0.156595
vt 0.880843 0.003420
vt 0.866491 0.664041
vt 0.863071 0.815829
vt 0.374388 0.914424
vt 0.858683 0.398617
vt 0.372318 0.914424
vt 0.858683 0.245544
vt 0.771949 0.882356
vt 0.871633 0.643170
vt 0.871359 0.490370
vt 0.771928 0.730855
vt 0.769858 0.730850
vt 0.874642 0.490876
vt 0.416998 0.907618
vt 0.656494 0.913469
vt 0.891072 0.489960
vt 0.287658 0.913175
vt 0.113934 0.902283
vt 0.153468 0.962483
vt 0.715020 0.892608
vt 0.962534 0.367921
vt 0.452213 0.927103
vt 0.863335 0.233900
vt 0.960464 0.367921
vt 0.860463 0.233900
vt 0.481655 0.933873
vt 0.715020 0.943607
vt 0.962944 0.417897
vt 0.479514 0.934038
vt 0.863061 0.183174
vt 0.479275 0.936094
vt 0.860463 0.183174
vt 0.712928 0.892470
vt 0.453840 0.924601
vt 0.151084 0.961919
vt 0.714514 0.944018
vt 0.686602 0.961959
vt 0.724821 0.892608
vt 0.721949 0.892881
vt 0.945750 0.126172
vt 0.516943 0.927103
vt 0.943681 0.126172
vt 0.374773 0.934232
vt 0.724821 0.943607
vt 0.946161 0.176149
vt 0.372146 0.934203
vt 0.124435 0.884616
vt 0.371908 0.936258
vt 0.121837 0.884616
vt 0.722729 0.892470
vt 0.684218 0.961395
vt 0.724315 0.944018
vt 0.876543 0.816334
vt 0.384048 0.914424
vt 0.902153 0.663992
vt 0.853798 0.816745
vt 0.381979 0.914424
vt 0.853293 0.663535
vt 0.884163 0.642006
vt 0.873671 0.816334
vt 0.884281 0.490000
vt 0.882212 0.489995
vt 0.855891 0.663535
vt 0.876680 0.664041
vt 0.856301 0.815829
vt 0.862506 0.653382
vt 0.871744 0.398343
vt 0.454526 0.914424
vt 0.593619 0.760400
vt 0.851760 0.643580
vt 0.452456 0.914424
vt 0.851254 0.490370
vt 0.886202 0.815171
vt 0.868872 0.398343
vt 0.454936 0.916531
vt 0.868599 0.245544
vt 0.886320 0.663165
vt 0.853852 0.643170
vt 0.884250 0.663160
vt 0.871881 0.246050
vt 0.868462 0.397838
s 1
f 1/1/1 5/2/2 7/3/3
f 2/4/4 5/5/5 4/6/6
f 3/7/7 5/2/8 6/8/9
f 8/9/10 12/10/11 14/11/12
f 9/12/13 12/13/14 11/14/15
f 10/15/16 12/16/17 13/17/18
f 15/18/19 19/19/20 21/20/21
f 16/21/22 19/19/23 18/22/24
f 17/23/25 19/24/26 20/25/27
f 22/26/28 26/27/29 28/28/30
f 23/29/31 26/30/32 25/31/33
f 24/32/34 26/33/35 27/34/36
f 29/35/37 33/36/38 35/37/39
f 30/38/40 33/39/41 32/40/42
f 31/41/43 33/42/44 34/43/45
f 36/44/46 40/45/47 42/46/48
f 37/47/49 40/48/50 39/49/51
f 38/50/52 40/51/53 41/52/54
f 43/53/55 47/54/56 49/55/57
f 44/56/58 47/57/59 46/58/60
f 45/59/61 47/60/62 48/61/63
f 50/62/64 54/63/65 56/64/66
f 51/65/67 54/66/68 53/67/69
f 52/68/70 54/69/71 55/70/72
f 1/1/1 18/22/73 15/18/19
f 7/3/74 16/21/22 18/22/24
f 8/9/10 6/71/75 2/4/4
f 14/72/76 3/73/7 6/74/9
f 22/26/28 13/75/77 9/12/13
f 28/76/78 10/15/16 13/17/18
f 17/23/25 27/77/79 23/29/31
f 20/78/80 24/32/34 27/34/36
f 15/79/19 46/80/81 43/53/55
f 21/81/82 44/56/58 46/58/60
f 50/62/64 25/82/83 22/26/28
f 56/83/84 23/29/31 25/31/33
f 45/59/61 55/84/85 51/65/67
f 48/85/86 52/68/70 55/70/72
f 43/53/55 32/86/87 29/35/37
f 49/87/88 30/38/40 32/40/42
f 36/44/46 53/88/89 50/62/64
f 42/89/90 51/65/67 53/67/69
f 31/41/43 41/90/91 37/47/49
f 34/91/92 38/50/52 41/52/54
f 29/35/37 4/92/93 1/93/1
f 35/94/94 2/4/4 4/6/6
f 9/12/13 39/95/95 36/44/46
f 11/96/96 37/47/49 39/49/51
f 43/53/55 1/93/1 15/79/19
f 10/15/16 16/97/22 3/73/7
f 37/47/49 2/4/4 31/41/43
f 22/26/28 36/44/46 50/62/64
f 23/29/31 44/56/58 17/23/25
f 51/65/67 30/38/40 45/59/61
f 57/98/1 61/99/97 63/100/3
f 58/101/4 61/102/98 60/103/99
f 59/104/7 61/99/100 62/105/9
f 64/106/10 68/107/101 70/108/12
f 65/109/13 68/110/102 67/111/103
f 66/112/16 68/113/104 69/114/105
f 71/115/19 75/116/106 77/117/107
f 72/118/22 75/116/108 74/119/109
f 73/120/25 75/121/110 76/122/27
f 78/123/28 82/124/111 84/125/30
f 79/126/31 82/127/112 81/128/113
f 80/129/34 82/130/114 83/131/36
f 85/132/37 89/133/115 91/134/116
f 86/135/40 89/136/117 88/137/118
f 87/138/43 89/139/119 90/140/45
f 92/141/46 96/142/120 98/143/48
f 93/144/49 96/145/121 95/146/122
f 94/147/52 96/148/123 97/149/54
f 99/150/55 103/151/124 105/152/57
f 100/153/58 103/154/125 102/155/126
f 101/156/61 103/157/127 104/158/63
f 106/159/64 110/160/128 112/161/129
f 107/162/67 110/163/130 109/164/131
f 108/165/70 110/166/132 111/167/72
f 57/98/1 74/119/73 71/115/19
f 63/100/74 72/118/22 74/119/109
f 64/106/10 62/168/75 58/101/4
f 70/169/76 59/170/7 62/171/9
f 78/123/28 69/172/77 65/109/13
f 84/173/78 66/112/16 69/114/105
f 73/120/25 83/174/79 79/126/31
f 83/131/36 72/175/22 80/129/34
f 71/176/19 102/177/133 99/150/55
f 77/178/134 100/153/58 102/155/126
f 106/159/64 81/179/135 78/123/28
f 112/180/136 79/126/31 81/128/113
f 101/156/61 111/181/85 107/162/67
f 104/182/86 108/165/70 111/167/72
f 99/150/55 88/183/87 85/132/37
f 105/184/88 86/135/40 88/137/118
f 92/141/46 109/185/89 106/159/64
f 98/186/90 107/162/67 109/164/131
f 87/138/43 97/187/91 93/144/49
f 90/188/92 94/147/52 97/149/54
f 85/132/37 60/189/137 57/190/1
f 91/191/138 58/101/4 60/103/99
f 65/109/13 95/192/139 92/141/46
f 67/193/140 93/144/49 95/146/122
f 99/150/55 57/190/1 71/176/19
f 66/112/16 72/175/22 59/170/7
f 93/144/49 58/101/4 87/138/43
f 78/123/28 92/141/46 106/159/64
f 79/126/31 100/153/58 73/120/25
f 107/162/67 86/135/40 101/156/61
f 113/194/1 117/195/97 119/196/3
f 114/197/4 117/198/98 116/199/99
f 115/200/7 117/195/100 118/201/9
f 120/202/10 124/203/101 126/204/12
f 121/205/13 124/206/141 123/207/103
f 122/208/16 124/209/104 125/210/105
f 127/211/19 131/212/142 133/213/107
f 128/214/22 131/212/108 130/215/109
f 129/216/25 131/217/110 132/218/27
f 134/219/28 138/220/111 140/221/30
f 135/222/31 138/223/112 137/224/113
f 136/225/34 138/226/114 139/227/36
f 141/228/37 145/229/115 147/230/116
f 142/231/40 145/232/117 144/233/118
f 143/234/43 145/235/119 146/236/45
f 148/237/46 152/238/143 154/239/48
f 149/240/49 152/241/121 151/242/122
f 150/243/52 152/244/123 153/245/54
f 155/246/55 159/247/144 161/248/57
f 156/249/58 159/250/125 158/251/126
f 157/252/61 159/253/127 160/254/63
f 162/255/64 166/256/128 168/257/129
f 163/258/67 166/259/130 165/260/131
f 164/261/70 166/262/132 167/263/72
f 113/194/1 130/215/73 127/211/19
f 119/196/74 128/214/22 130/215/109
f 120/202/10 118/264/75 114/197/4
f 126/265/76 115/266/7 118/267/9
f 134/219/28 125/268/77 121/205/13
f 140/269/78 122/208/16 125/210/105
f 129/216/25 139/270/79 135/222/31
f 132/271/80 136/225/34 139/227/36
f 127/272/19 158/273/133 155/246/55
f 133/274/134 156/249/58 158/251/126
f 162/255/64 137/275/135 134/219/28
f 168/276/136 135/222/31 137/224/113
f 157/252/61 167/277/85 163/258/67
f 160/278/86 164/261/70 167/263/72
f 155/246/55 144/279/87 141/228/37
f 161/280/88 142/231/40 144/233/118
f 148/237/46 165/281/89 162/255/64
f 154/282/90 163/258/67 165/260/131
f 143/234/43 153/283/91 149/240/49
f 146/284/92 150/243/52 153/245/54
f 141/228/37 116/285/137 113/286/1
f 147/287/138 114/197/4 116/199/99
f 121/205/13 151/288/139 148/237/46
f 123/289/140 149/240/49 151/242/122
f 155/246/55 113/286/1 127/272/19
f 122/208/16 128/290/22 115/266/7
f 149/240/49 114/197/4 143/234/43
f 134/219/28 148/237/46 162/255/64
f 135/222/31 156/249/58 129/216/25
f 163/258/67 142/231/40 157/252/61
f 169/291/1 173/292/145 175/293/146
f 170/294/4 173/295/5 172/296/6
f 171/297/7 173/292/8 174/298/9
f 176/299/10 180/300/11 182/301/12
f 177/302/13 180/303/102 179/304/103
f 178/305/16 180/306/17 181/307/18
f 183/308/19 187/309/147 189/310/107
f 184/311/22 187/309/23 186/312/24
f 185/313/25 187/314/26 188/315/27
f 190/316/28 194/317/111 196/318/148
f 191/319/31 194/320/32 193/321/33
f 192/322/34 194/323/35 195/324/149
f 197/325/37 201/326/150 203/327/116
f 198/328/40 201/329/41 200/330/42
f 199/331/43 201/332/44 202/333/45
f 204/334/46 208/335/143 210/336/151
f 205/337/49 208/338/50 207/339/51
f 206/340/52 208/341/53 209/342/54
f 211/343/55 215/344/152 217/345/153
f 212/346/58 215/347/59 214/348/60
f 213/349/61 215/350/62 216/351/154
f 218/352/64 222/353/128 224/354/129
f 219/355/67 222/356/68 221/357/69
f 220/358/70 222/359/71 223/360/72
f 169/291/1 186/312/155 183/308/19
f 186/312/24 171/297/7 184/311/22
f 176/299/10 174/361/75 170/294/4
f 182/362/76 171/363/7 174/364/9
f 190/316/28 181/365/156 177/302/13
f 196/366/157 178/305/16 181/307/18
f 185/313/25 195/367/79 191/319/31
f 188/368/158 192/322/34 195/324/149
f 183/369/19 214/370/159 211/343/55
f 189/371/82 212/346/58 214/348/60
f 218/352/64 193/372/160 190/316/28
f 224/373/84 191/319/31 193/321/33
f 213/349/61 223/374/161 219/355/67
f 216/375/86 220/358/70 223/360/72
f 211/343/55 200/376/162 197/325/37
f 217/377/163 198/328/40 200/330/42
f 204/334/46 221/378/164 218/352/64
f 210/379/165 219/355/67 221/357/69
f 205/337/49 202/333/45 209/380/91
f 202/381/92 206/340/52 209/342/54
f 197/325/37 172/382/166 169/383/1
f 203/384/94 170/294/4 172/296/6
f 177/302/13 207/385/167 204/334/46
f 179/386/96 205/337/49 207/339/51
f 211/343/55 169/383/1 183/369/19
f 171/363/7 192/322/34 184/387/22
f 205/337/49 170/294/4 199/331/43
f 190/316/28 204/334/46 218/352/64
f 191/319/31 212/346/58 185/313/25
f 213/349/61 206/340/52 198/328/40
f 225/388/1 229/389/145 231/390/3
f 226/391/4 229/392/5 228/393/6
f 227/394/7 229/389/8 230/395/9
f 232/396/10 236/397/11 238/398/12
f 233/399/13 236/400/168 235/401/15
f 234/402/16 236/403/17 237/404/18
f 239/405/19 243/406/147 245/407/21
f 240/408/22 243/406/23 242/409/24
f 241/410/25 243/411/26 244/412/27
f 246/413/28 250/414/169 252/415/30
f 247/416/31 250/417/32 249/418/33
f 248/419/34 250/420/35 251/421/36
f 253/422/37 257/423/150 259/424/39
f 254/425/40 257/426/41 256/427/42
f 255/428/43 257/429/44 258/430/45
f 260/431/46 264/432/170 266/433/48
f 261/434/49 264/435/50 263/436/51
f 262/437/52 264/438/53 265/439/54
f 267/440/55 271/441/152 273/442/57
f 268/443/58 271/444/59 270/445/60
f 269/446/61 271/447/62 272/448/63
f 274/449/64 278/450/171 280/451/66
f 275/452/67 278/453/68 277/454/69
f 276/455/70 278/456/71 279/457/72
f 225/388/1 242/409/73 239/405/19
f 231/390/172 240/408/22 242/409/24
f 232/396/10 230/458/75 226/391/4
f 230/459/9 234/402/16 227/460/7
f 246/413/28 237/461/77 233/399/13
f 252/462/157 234/402/16 237/404/18
f 247/416/31 244/412/27 251/463/79
f 244/464/80 248/419/34 251/421/36
f 239/465/19 270/466/81 267/440/55
f 245/467/82 268/443/58 270/445/60
f 274/449/64 249/468/83 246/413/28
f 280/469/84 247/416/31 249/418/33
f 275/452/67 272/448/63 279/470/85
f 272/471/86 276/455/70 279/457/72
f 267/440/55 256/472/87 253/422/37
f 273/473/163 254/425/40 256/427/42
f 260/431/46 277/474/89 274/449/64
f 266/475/165 275/452/67 277/454/69
f 261/434/49 258/430/45 265/476/91
f 258/477/92 262/437/52 265/439/54
f 253/422/37 228/478/93 225/479/1
f 259/480/94 226/391/4 228/393/6
f 233/399/13 263/481/95 260/431/46
f 235/482/96 261/434/49 263/436/51
f 267/440/55 225/479/1 239/465/19
f 234/402/16 240/483/22 227/460/7
f 261/434/49 226/391/4 255/428/43
f 246/413/28 260/431/46 274/449/64
f 247/416/31 268/443/58 241/410/25
f 275/452/67 254/425/40 269/446/61
f 281/484/1 285/485/97 287/486/146
f 282/487/4 285/488/5 284/489/6
f 283/490/7 285/485/8 286/491/9
f 288/492/10 292/493/11 294/494/173
f 289/495/13 292/496/168 291/497/15
f 290/498/16 292/499/17 293/500/18
f 295/501/19 299/502/106 301/503/107
f 296/504/22 299/502/23 298/505/24
f 297/506/25 299/507/26 300/508/27
f 302/509/28 306/510/169 308/511/148
f 303/512/31 306/513/32 305/514/33
f 304/515/34 306/516/35 307/517/36
f 309/518/37 313/519/115 315/520/116
f 310/521/40 313/522/41 312/523/42
f 311/524/43 313/525/44 314/526/45
f 316/527/46 320/528/170 322/529/151
f 317/530/49 320/531/50 319/532/51
f 318/533/52 320/534/53 321/535/54
f 323/536/55 327/537/144 329/538/153
f 324/539/58 327/540/59 326/541/60
f 325/542/61 327/543/62 328/544/154
f 330/545/64 334/546/171 336/547/66
f 331/548/67 334/549/68 333/550/69
f 332/551/70 334/552/71 335/553/72
f 281/484/1 298/505/155 295/501/19
f 287/486/172 296/504/22 298/505/24
f 288/492/10 286/554/75 282/487/4
f 294/555/76 283/556/7 286/557/9
f 302/509/28 293/558/156 289/495/13
f 308/559/157 290/498/16 293/500/18
f 297/506/25 307/560/79 303/512/31
f 300/561/158 304/515/34 307/517/36
f 295/562/19 326/563/159 323/536/55
f 301/564/82 324/539/58 326/541/60
f 330/545/64 305/565/83 302/509/28
f 336/566/84 303/512/31 305/514/33
f 325/542/61 335/567/85 331/548/67
f 328/568/86 332/551/70 335/553/72
f 323/536/55 312/569/162 309/518/37
f 329/570/163 310/521/40 312/523/42
f 316/527/46 333/571/164 330/545/64
f 322/572/165 331/548/67 333/550/69
f 311/524/43 321/573/174 317/530/49
f 314/574/92 318/533/52 321/535/54
f 309/518/37 284/575/166 281/576/1
f 315/577/94 282/487/4 284/489/6
f 289/495/13 319/578/95 316/527/46
f 291/579/96 317/530/49 319/532/51
f 323/536/55 281/576/1 295/562/19
f 283/556/7 304/515/34 296/580/22
f 317/530/49 282/487/4 311/524/43
f 302/509/28 316/527/46 330/545/64
f 303/512/31 324/539/58 297/506/25
f 331/548/67 310/521/40 325/542/61
f 337/581/1 341/582/145 343/583/3
f 338/584/4 341/585/5 340/586/6
f 339/587/7 341/582/8 342/588/9
f 344/589/10 348/590/11 350/591/12
f 345/592/13 348/593/14 347/594/103
f 346/595/16 348/596/17 349/597/18
f 351/598/19 355/599/147 357/600/21
f 352/601/22 355/599/23 354/602/24
f 353/603/25 355/604/26 356/605/27
f 358/606/28 362/607/29 364/608/148
f 359/609/31 362/610/32 361/611/33
f 360/612/34 362/613/35 363/614/36
f 365/615/37 369/616/150 371/617/39
f 366/618/40 369/619/41 368/620/42
f 367/621/43 369/622/44 370/623/45
f 372/624/46 376/625/47 378/626/151
f 373/627/49 376/628/50 375/629/51
f 374/630/52 376/631/53 377/632/54
f 379/633/55 383/634/152 385/635/57
f 380/636/58 383/637/59 382/638/60
f 381/639/61 383/640/62 384/641/63
f 386/642/64 390/643/65 392/644/129
f 387/645/67 390/646/68 389/647/69
f 388/648/70 390/649/71 391/650/72
f 337/581/1 354/602/73 351/598/19
f 343/583/172 352/601/22 354/602/24
f 344/589/10 342/651/75 338/584/4
f 350/652/76 339/653/7 342/654/9
f 358/606/28 349/655/156 345/592/13
f 364/656/157 346/595/16 349/597/18
f 353/603/25 363/657/79 359/609/31
f 356/658/80 360/612/34 363/614/36
f 351/659/19 382/660/81 379/633/55
f 357/661/82 380/636/58 382/638/60
f 386/642/64 361/662/175 358/606/28
f 392/663/84 359/609/31 361/611/33
f 381/639/61 391/664/85 387/645/67
f 384/665/86 388/648/70 391/650/72
f 379/633/55 368/666/87 365/615/37
f 385/667/163 366/618/40 368/620/42
f 372/624/46 389/668/164 386/642/64
f 378/669/165 387/645/67 389/647/69
f 367/621/43 377/670/91 373/627/49
f 370/671/92 374/630/52 377/632/54
f 365/615/37 340/672/93 337/673/1
f 371/674/94 338/584/4 340/586/6
f 345/592/13 375/675/176 372/624/46
f 347/676/96 373/627/49 375/629/51
f 379/633/55 337/673/1 351/659/19
f 346/595/16 352/677/22 339/653/7
f 373/627/49 338/584/4 367/621/43
f 358/606/28 372/624/46 386/642/64
f 359/609/31 380/636/58 353/603/25
f 387/645/67 366/618/40 381/639/61
f 393/678/1 397/679/145 399/680/3
f 394/681/4 397/682/5 396/683/6
f 395/684/7 397/679/100 398/685/9
f 400/686/10 404/687/11 406/688/12
f 401/689/13 404/690/168 403/691/15
f 402/692/16 404/693/17 405/694/18
f 407/695/19 411/696/147 413/697/21
f 408/698/22 411/696/108 410/699/109
f 409/700/25 411/701/26 412/702/27
f 414/703/28 418/704/169 420/705/30
f 415/706/31 418/707/32 417/708/33
f 416/709/34 418/710/35 419/711/36
f 421/712/37 425/713/150 427/714/39
f 422/715/40 425/716/117 424/717/118
f 423/718/43 425/719/44 426/720/45
f 428/721/46 432/722/170 434/723/48
f 429/724/49 432/725/50 431/726/51
f 430/727/52 432/728/53 433/729/54
f 435/730/55 439/731/152 441/732/57
f 436/733/58 439/734/59 438/735/60
f 437/736/61 439/737/127 440/738/63
f 442/739/64 446/740/171 448/741/66
f 443/742/67 446/743/68 445/744/69
f 444/745/70 446/746/71 447/747/72
f 393/678/1 410/699/73 407/695/19
f 399/680/74 408/698/22 410/699/109
f 400/686/10 398/748/75 394/681/4
f 406/749/76 395/750/7 398/751/9
f 414/703/28 405/752/77 401/689/13
f 420/753/157 402/692/16 405/694/18
f 409/700/25 419/754/79 415/706/31
f 412/755/80 416/709/34 419/711/36
f 407/756/19 438/757/81 435/730/55
f 413/758/82 436/733/58 438/735/60
f 442/739/64 417/759/83 414/703/28
f 448/760/84 415/706/31 417/708/33
f 437/736/61 447/761/85 443/742/67
f 440/762/86 444/745/70 447/747/72
f 435/730/55 424/763/87 421/712/37
f 441/764/88 422/715/40 424/717/118
f 428/721/46 445/765/89 442/739/64
f 434/766/165 443/742/67 445/744/69
f 423/718/43 433/767/91 429/724/49
f 426/768/92 430/727/52 433/729/54
f 421/712/37 396/769/93 393/770/1
f 427/771/94 394/681/4 396/683/6
f 401/689/13 431/772/95 428/721/46
f 403/773/96 429/724/49 431/726/51
f 435/730/55 393/770/1 407/756/19
f 402/692/16 408/774/22 395/750/7
f 429/724/49 394/681/4 423/718/43
f 414/703/28 428/721/46 442/739/64
f 415/706/31 436/733/58 409/700/25
f 443/742/67 422/715/40 437/736/61
f 449/775/177 451/776/177 452/777/177
f 453/778/178 450/779/178 449/780/178
f 457/781/179 454/782/180 453/783/181
f 454/784/182 451/785/182 450/786/182
f 458/787/183 455/788/184 454/782/180
f 455/789/185 452/790/185 451/791/185
f 459/792/186 456/793/187 455/788/184
f 456/794/188 449/795/188 452/796/188
f 456/793/187 457/781/179 453/783/181
f 460/797/189 458/787/183 457/781/179
f 464/798/190 465/799/191 461/800/192
f 468/801/193 466/802/194 464/798/190
f 467/803/195 468/804/193 462/805/196
f 471/806/197 469/807/198 467/803/195
f 470/808/199 471/809/197 463/810/200
f 465/811/191 472/812/201 470/808/199
f 466/813/194 469/814/198 472/812/201
f 476/815/202 477/816/203 473/817/204
f 480/818/205 478/819/206 476/815/202
f 479/820/207 480/821/205 474/822/208
f 479/823/207 484/824/209 481/825/210
f 482/826/211 483/827/212 475/828/213
f 482/826/211 478/829/206 484/824/209
f 478/829/206 481/825/210 484/824/209
f 488/830/214 489/831/215 485/832/216
f 488/830/214 493/833/217 490/834/218
f 491/835/219 492/836/220 486/837/221
f 491/838/219 496/839/222 493/840/217
f 494/841/223 495/842/224 487/843/225
f 489/844/215 496/839/222 494/841/223
f 490/834/218 493/833/217 496/845/222
f 500/846/226 501/847/227 497/848/228
f 504/849/229 502/850/230 500/851/226
f 503/852/231 504/849/229 498/853/232
f 507/854/233 505/855/234 503/856/231
f 506/857/235 507/854/233 499/858/236
f 501/859/227 508/860/237 506/857/235
f 502/861/230 505/855/234 508/860/237
f 512/862/238 513/863/239 509/864/240
f 516/865/241 514/866/242 512/862/238
f 515/867/243 516/868/241 510/869/244
f 519/870/245 517/871/246 515/867/243
f 518/872/247 519/873/245 511/874/248
f 518/875/247 514/866/242 520/876/249
f 514/866/242 517/877/246 520/876/249
f 524/878/250 525/879/251 521/880/252
f 524/878/250 529/881/253 526/882/254
f 527/883/255 528/884/256 522/885/257
f 527/883/255 532/886/258 529/887/253
f 530/888/259 531/889/260 523/890/261
f 530/891/259 526/882/254 532/892/258
f 526/882/254 529/881/253 532/892/258
f 536/893/262 537/894/263 533/895/264
f 536/896/262 541/897/265 538/898/266
f 539/899/267 540/900/268 534/901/269
f 539/902/267 544/903/270 541/904/265
f 542/905/271 543/906/272 535/907/273
f 537/894/263 544/908/270 542/909/271
f 538/910/266 541/904/265 544/903/270
f 548/911/274 549/912/275 545/913/276
f 552/914/277 550/915/278 548/911/274
f 551/916/279 552/917/277 546/918/280
f 555/919/281 553/920/282 551/921/279
f 554/922/283 555/919/281 547/923/284
f 549/912/275 556/924/285 554/925/283
f 550/915/278 553/926/282 556/924/285
f 461/927/192 488/830/214 485/832/216
f 465/811/191 492/836/220 488/830/214
f 492/836/220 463/810/200 486/837/221
f 473/817/204 467/803/195 462/805/196
f 477/816/203 471/806/197 467/803/195
f 482/826/211 463/928/200 471/929/197
f 497/848/228 479/820/207 474/822/208
f 501/859/227 483/827/212 479/823/207
f 506/857/235 475/828/213 483/827/212
f 487/843/225 503/852/231 498/853/232
f 495/842/224 507/930/233 503/852/231
f 491/931/219 499/858/236 507/854/233
f 533/895/264 489/932/215 536/893/262
f 489/844/215 540/900/268 536/896/262
f 494/841/223 534/901/269 540/900/268
f 545/913/276 500/846/226 497/848/228
f 549/933/275 504/849/229 500/851/226
f 554/922/283 498/853/232 504/849/229
f 535/907/273 551/916/279 546/918/280
f 543/934/272 555/919/281 551/921/279
f 539/899/267 547/923/284 555/919/281
f 533/895/264 512/862/238 509/864/240
f 512/862/238 542/909/271 516/865/241
f 516/868/241 535/907/273 510/869/244
f 521/880/252 548/911/274 545/913/276
f 548/911/274 530/891/259 552/914/277
f 552/917/277 523/890/261 546/918/280
f 511/874/248 527/883/255 522/885/257
f 519/873/245 531/935/260 527/883/255
f 515/867/243 523/890/261 531/889/260
f 509/864/240 464/798/190 461/800/192
f 513/863/239 468/801/193 464/798/190
f 518/872/247 462/805/196 468/804/193
f 474/822/208 524/878/250 521/880/252
f 480/818/205 528/884/256 524/936/250
f 476/815/202 522/885/257 528/884/256
f 533/895/264 461/800/192 485/937/216
f 475/828/213 486/938/221 463/928/200
f 522/885/257 462/805/196 511/874/248
f 497/848/228 521/880/252 545/913/276
f 498/853/232 534/901/269 487/843/225
f 535/907/273 523/890/261 510/869/244
f 560/939/190 561/940/191 557/941/192
f 564/942/193 562/943/194 560/939/190
f 563/944/195 564/945/193 558/946/196
f 567/947/197 565/948/286 563/944/195
f 566/949/199 567/950/197 559/951/200
f 561/952/191 568/953/201 566/949/199
f 562/954/194 565/955/286 568/953/201
f 572/956/202 573/957/203 569/958/204
f 572/956/202 577/959/287 574/960/206
f 575/961/207 576/962/205 570/963/208
f 579/964/212 577/965/287 575/966/207
f 578/967/211 579/964/212 571/968/213
f 578/967/211 574/969/206 580/970/209
f 574/969/206 577/965/287 580/970/209
f 584/971/214 585/972/215 581/973/216
f 588/974/220 586/975/218 584/971/214
f 587/976/219 588/974/220 582/977/221
f 587/978/219 592/979/288 589/980/217
f 590/981/223 591/982/224 583/983/225
f 590/981/223 586/984/218 592/979/288
f 586/975/218 589/985/217 592/986/288
f 596/987/226 597/988/227 593/989/228
f 600/990/229 598/991/289 596/992/226
f 599/993/231 600/990/229 594/994/232
f 603/995/233 601/996/234 599/997/231
f 602/998/235 603/995/233 595/999/236
f 602/998/235 598/1000/289 604/1001/237
f 598/1000/289 601/996/234 604/1001/237
f 608/1002/238 609/1003/239 605/1004/240
f 612/1005/241 610/1006/290 608/1002/238
f 611/1007/243 612/1008/241 606/1009/244
f 611/1007/243 616/1010/291 613/1011/246
f 614/1012/247 615/1013/245 607/1014/248
f 609/1003/239 616/1015/291 614/1016/247
f 610/1006/290 613/1017/246 616/1015/291
f 620/1018/250 621/1019/251 617/1020/252
f 624/1021/256 622/1022/254 620/1018/250
f 623/1023/255 624/1024/256 618/1025/257
f 627/1026/260 625/1027/292 623/1023/255
f 626/1028/259 627/1029/260 619/1030/261
f 621/1019/251 628/1031/258 626/1032/259
f 622/1022/254 625/1033/292 628/1031/258
f 632/1034/262 633/1035/263 629/1036/264
f 636/1037/268 634/1038/293 632/1039/262
f 635/1040/267 636/1037/268 630/1041/269
f 635/1042/267 640/1043/270 637/1044/265
f 638/1045/271 639/1046/272 631/1047/273
f 633/1035/263 640/1048/270 638/1049/271
f 634/1050/293 637/1044/265 640/1043/270
f 644/1051/274 645/1052/275 641/1053/276
f 644/1051/274 649/1054/282 646/1055/294
f 647/1056/279 648/1057/277 642/1058/280
f 647/1059/279 652/1060/285 649/1061/282
f 650/1062/283 651/1063/281 643/1064/284
f 650/1065/283 646/1055/294 652/1066/285
f 646/1055/294 649/1054/282 652/1066/285
f 557/1067/192 584/971/214 581/973/216
f 561/952/191 588/974/220 584/971/214
f 588/974/220 559/951/200 582/977/221
f 569/958/204 563/944/195 558/946/196
f 573/957/203 567/947/197 563/944/195
f 567/1068/197 571/968/213 559/1069/200
f 593/989/228 575/961/207 570/963/208
f 597/1070/227 579/964/212 575/966/207
f 602/998/235 571/968/213 579/964/212
f 594/994/232 591/982/224 599/993/231
f 599/993/231 587/978/219 603/1071/233
f 587/1072/219 595/999/236 603/995/233
f 581/1073/216 632/1034/262 629/1036/264
f 585/1074/215 636/1037/268 632/1039/262
f 590/981/223 630/1041/269 636/1037/268
f 641/1053/276 596/987/226 593/989/228
f 645/1075/275 600/990/229 596/992/226
f 650/1062/283 594/994/232 600/990/229
f 631/1047/273 647/1056/279 642/1058/280
f 639/1076/272 651/1063/281 647/1059/279
f 651/1063/281 630/1041/269 643/1064/284
f 629/1036/264 608/1002/238 605/1004/240
f 608/1002/238 638/1049/271 612/1005/241
f 612/1008/241 631/1047/273 606/1009/244
f 617/1020/252 644/1051/274 641/1053/276
f 644/1051/274 626/1032/259 648/1077/277
f 648/1057/277 619/1030/261 642/1058/280
f 607/1014/248 623/1023/255 618/1025/257
f 615/1013/245 627/1026/260 623/1023/255
f 611/1007/243 619/1030/261 627/1029/260
f 605/1004/240 560/939/190 557/941/192
f 609/1003/239 564/942/193 560/939/190
f 614/1012/247 558/946/196 564/945/193
f 570/963/208 620/1018/250 617/1020/252
f 576/1078/205 624/1024/256 620/1079/250
f 572/956/202 618/1025/257 624/1024/256
f 629/1036/264 557/941/192 581/1073/216
f 571/968/213 582/1080/221 559/1069/200
f 618/1025/257 558/946/196 607/1014/248
f 593/989/228 617/1020/252 641/1053/276
f 594/994/232 630/1041/269 583/983/225
f 642/1058/280 606/1009/244 631/1047/273
f 656/1081/190 657/1082/191 653/1083/192
f 660/1084/193 658/1085/194 656/1081/190
f 659/1086/195 660/1087/193 654/1088/196
f 663/1089/197 661/1090/198 659/1086/195
f 662/1091/199 663/1092/197 655/1093/200
f 662/1091/199 658/1094/194 664/1095/201
f 658/1094/194 661/1096/198 664/1095/201
f 668/1097/202 669/1098/203 665/1099/204
f 672/1100/205 670/1101/295 668/1097/202
f 671/1102/207 672/1103/205 666/1104/208
f 675/1105/212 673/1106/210 671/1107/207
f 674/1108/211 675/1105/212 667/1109/213
f 669/1110/203 676/1111/209 674/1108/211
f 670/1112/295 673/1106/210 676/1111/209
f 680/1113/214 681/1114/215 677/1115/216
f 680/1113/214 685/1116/217 682/1117/296
f 683/1118/219 684/1119/220 678/1120/221
f 687/1121/224 685/1122/217 683/1123/219
f 686/1124/223 687/1121/224 679/1125/225
f 686/1124/223 682/1126/296 688/1127/222
f 682/1117/296 685/1116/217 688/1128/222
f 692/1129/226 693/1130/227 689/1131/228
f 692/1132/226 697/1133/297 694/1134/289
f 695/1135/231 696/1136/229 690/1137/232
f 695/1138/231 700/1139/237 697/1140/297
f 698/1141/235 699/1142/233 691/1143/236
f 698/1141/235 694/1144/289 700/1139/237
f 694/1144/289 697/1140/297 700/1139/237
f 704/1145/238 705/1146/239 701/1147/240
f 708/1148/241 706/1149/290 704/1145/238
f 707/1150/243 708/1151/241 702/1152/244
f 707/1150/243 712/1153/291 709/1154/246
f 710/1155/247 711/1156/245 703/1157/248
f 705/1146/239 712/1158/291 710/1159/247
f 706/1149/290 709/1160/246 712/1158/291
f 716/1161/250 717/1162/251 713/1163/252
f 716/1161/250 721/1164/253 718/1165/254
f 719/1166/255 720/1167/256 714/1168/257
f 719/1166/255 724/1169/258 721/1170/253
f 722/1171/259 723/1172/260 715/1173/261
f 717/1162/251 724/1174/258 722/1175/259
f 718/1165/254 721/1164/253 724/1174/258
f 728/1176/262 729/1177/263 725/1178/264
f 728/1179/262 733/1180/265 730/1181/266
f 731/1182/267 732/1183/268 726/1184/269
f 735/1185/272 733/1186/265 731/1187/267
f 734/1188/271 735/1185/272 727/1189/273
f 729/1177/263 736/1190/270 734/1191/271
f 730/1192/266 733/1186/265 736/1193/270
f 740/1194/274 741/1195/275 737/1196/276
f 744/1197/277 742/1198/278 740/1194/274
f 743/1199/279 744/1200/277 738/1201/280
f 747/1202/281 745/1203/282 743/1204/279
f 746/1205/283 747/1202/281 739/1206/284
f 741/1195/275 748/1207/285 746/1208/283
f 742/1198/278 745/1209/282 748/1207/285
f 653/1210/192 680/1113/214 677/1115/216
f 657/1211/191 684/1119/220 680/1113/214
f 684/1119/220 655/1093/200 678/1120/221
f 654/1088/196 669/1098/203 659/1086/195
f 669/1098/203 663/1089/197 659/1086/195
f 674/1108/211 655/1212/200 663/1213/197
f 689/1131/228 671/1102/207 666/1104/208
f 693/1214/227 675/1105/212 671/1107/207
f 698/1141/235 667/1109/213 675/1105/212
f 679/1125/225 695/1135/231 690/1137/232
f 687/1121/224 699/1215/233 695/1135/231
f 683/1216/219 691/1143/236 699/1142/233
f 677/1217/216 728/1176/262 725/1178/264
f 728/1179/262 686/1124/223 732/1183/268
f 732/1183/268 679/1125/225 726/1184/269
f 689/1131/228 741/1195/275 692/1129/226
f 741/1218/275 696/1136/229 692/1132/226
f 746/1205/283 690/1137/232 696/1136/229
f 727/1189/273 743/1199/279 738/1201/280
f 735/1219/272 747/1202/281 743/1204/279
f 731/1182/267 739/1206/284 747/1202/281
f 725/1178/264 704/1145/238 701/1147/240
f 729/1177/263 708/1148/241 704/1145/238
f 708/1151/241 727/1189/273 702/1152/244
f 713/1163/252 740/1194/274 737/1196/276
f 717/1162/251 744/1197/277 740/1194/274
f 744/1200/277 715/1173/261 738/1201/280
f 703/1157/248 719/1166/255 714/1168/257
f 711/1156/245 723/1220/260 719/1166/255
f 723/1172/260 702/1152/244 715/1173/261
f 701/1147/240 656/1081/190 653/1083/192
f 705/1146/239 660/1084/193 656/1081/190
f 710/1155/247 654/1088/196 660/1087/193
f 666/1104/208 716/1161/250 713/1163/252
f 672/1100/205 720/1167/256 716/1221/250
f 668/1097/202 714/1168/257 720/1167/256
f 725/1178/264 653/1083/192 677/1217/216
f 667/1109/213 678/1222/221 655/1212/200
f 714/1168/257 654/1088/196 703/1157/248
f 689/1131/228 713/1163/252 737/1196/276
f 690/1137/232 726/1184/269 679/1125/225
f 738/1201/280 702/1152/244 727/1189/273
f 752/1223/190 753/1224/191 749/1225/192
f 756/1226/193 754/1227/194 752/1223/190
f 755/1228/195 756/1229/193 750/1230/196
f 759/1231/197 757/1232/286 755/1228/195
f 758/1233/199 759/1234/197 751/1235/200
f 758/1233/199 754/1236/194 760/1237/201
f 754/1236/194 757/1238/286 760/1237/201
f 764/1239/202 765/1240/203 761/1241/204
f 764/1239/202 769/1242/210 766/1243/206
f 767/1244/207 768/1245/205 762/1246/208
f 771/1247/212 769/1248/210 767/1249/207
f 770/1250/211 771/1247/212 763/1251/213
f 770/1250/211 766/1252/206 772/1253/209
f 766/1252/206 769/1248/210 772/1253/209
f 776/1254/214 777/1255/215 773/1256/216
f 780/1257/220 778/1258/218 776/1254/214
f 779/1259/219 780/1257/220 774/1260/221
f 779/1261/219 784/1262/288 781/1263/217
f 782/1264/223 783/1265/224 775/1266/225
f 782/1264/223 778/1267/218 784/1262/288
f 778/1258/218 781/1268/217 784/1269/288
f 788/1270/226 789/1271/227 785/1272/228
f 792/1273/229 790/1274/230 788/1275/226
f 791/1276/231 792/1273/229 786/1277/232
f 795/1278/233 793/1279/234 791/1280/231
f 794/1281/235 795/1278/233 787/1282/236
f 794/1281/235 790/1283/230 796/1284/237
f 790/1283/230 793/1279/234 796/1284/237
f 800/1285/238 801/1286/239 797/1287/240
f 804/1288/241 802/1289/298 800/1285/238
f 803/1290/243 804/1291/241 798/1292/244
f 803/1290/243 808/1293/299 805/1294/246
f 806/1295/247 807/1296/245 799/1297/248
f 806/1298/247 802/1289/298 808/1299/299
f 802/1289/298 805/1300/246 808/1299/299
f 812/1301/250 813/1302/251 809/1303/252
f 816/1304/256 814/1305/300 812/1301/250
f 815/1306/255 816/1307/256 810/1308/257
f 815/1306/255 820/1309/258 817/1310/253
f 818/1311/259 819/1312/260 811/1313/261
f 813/1302/251 820/1314/258 818/1315/259
f 814/1305/300 817/1316/253 820/1314/258
f 824/1317/262 825/1318/263 821/1319/264
f 828/1320/268 826/1321/266 824/1322/262
f 827/1323/267 828/1320/268 822/1324/269
f 831/1325/272 829/1326/301 827/1327/267
f 830/1328/271 831/1325/272 823/1329/273
f 830/1330/271 826/1331/266 832/1332/270
f 826/1333/266 829/1326/301 832/1334/270
f 836/1335/274 837/1336/275 833/1337/276
f 836/1335/274 841/1338/282 838/1339/278
f 839/1340/279 840/1341/277 834/1342/280
f 843/1343/281 841/1344/282 839/1345/279
f 842/1346/283 843/1343/281 835/1347/284
f 842/1348/283 838/1339/278 844/1349/285
f 838/1339/278 841/1338/282 844/1349/285
f 749/1350/192 776/1254/214 773/1256/216
f 753/1351/191 780/1257/220 776/1254/214
f 780/1257/220 751/1235/200 774/1260/221
f 761/1241/204 755/1228/195 750/1230/196
f 765/1240/203 759/1231/197 755/1228/195
f 770/1250/211 751/1352/200 759/1353/197
f 785/1272/228 767/1244/207 762/1246/208
f 789/1354/227 771/1247/212 767/1249/207
f 794/1281/235 763/1251/213 771/1247/212
f 775/1266/225 791/1276/231 786/1277/232
f 783/1265/224 795/1355/233 791/1276/231
f 795/1278/233 774/1356/221 787/1282/236
f 821/1319/264 777/1357/215 824/1317/262
f 824/1322/262 782/1264/223 828/1320/268
f 828/1320/268 775/1266/225 822/1324/269
f 785/1272/228 837/1336/275 788/1270/226
f 837/1358/275 792/1273/229 788/1275/226
f 842/1346/283 786/1277/232 792/1273/229
f 823/1329/273 839/1340/279 834/1342/280
f 831/1359/272 843/1343/281 839/1345/279
f 827/1323/267 835/1347/284 843/1343/281
f 821/1319/264 800/1285/238 797/1287/240
f 825/1318/263 804/1288/241 800/1285/238
f 804/1291/241 823/1329/273 798/1292/244
f 809/1303/252 836/1335/274 833/1337/276
f 813/1302/251 840/1360/277 836/1335/274
f 840/1341/277 811/1313/261 834/1342/280
f 799/1297/248 815/1306/255 810/1308/257
f 807/1296/245 819/1361/260 815/1306/255
f 819/1312/260 798/1292/244 811/1313/261
f 749/1225/192 801/1286/239 752/1223/190
f 752/1223/190 806/1298/247 756/1226/193
f 756/1229/193 799/1297/248 750/1230/196
f 762/1246/208 812/1301/250 809/1303/252
f 768/1362/205 816/1307/256 812/1363/250
f 764/1239/202 810/1308/257 816/1307/256
f 821/1319/264 749/1225/192 773/1364/216
f 763/1251/213 774/1356/221 751/1352/200
f 810/1308/257 750/1230/196 799/1297/248
f 785/1272/228 809/1303/252 833/1337/276
f 786/1277/232 822/1324/269 775/1266/225
f 834/1342/280 798/1292/244 823/1329/273
f 845/1365/177 847/1366/177 848/1367/177
f 849/1368/178 846/1369/178 845/1370/178
f 849/1371/181 854/1372/183 850/1373/180
f 850/1374/182 847/1375/182 846/1376/182
f 854/1372/183 851/1377/184 850/1373/180
f 851/1378/185 848/1379/185 847/1380/185
f 855/1381/186 852/1382/187 851/1377/184
f 852/1383/188 845/1384/188 848/1385/188
f 856/1386/189 849/1371/181 852/1382/187
f 856/1386/189 854/1372/183 853/1387/179
f 860/1388/190 861/1389/191 857/1390/192
f 864/1391/193 862/1392/302 860/1388/190
f 863/1393/195 864/1394/193 858/1395/196
f 863/1393/195 868/1396/201 865/1397/303
f 866/1398/199 867/1399/197 859/1400/200
f 861/1401/191 868/1402/201 866/1398/199
f 862/1403/302 865/1404/303 868/1402/201
f 872/1405/202 873/1406/203 869/1407/204
f 872/1405/202 877/1408/210 874/1409/295
f 875/1410/207 876/1411/205 870/1412/208
f 879/1413/212 877/1414/210 875/1415/207
f 878/1416/211 879/1413/212 871/1417/213
f 873/1418/203 880/1419/209 878/1416/211
f 874/1420/295 877/1414/210 880/1419/209
f 884/1421/214 885/1422/215 881/1423/216
f 888/1424/220 886/1425/296 884/1421/214
f 887/1426/219 888/1424/220 882/1427/221
f 891/1428/224 889/1429/217 887/1430/219
f 890/1431/223 891/1428/224 883/1432/225
f 890/1431/223 886/1433/296 892/1434/304
f 886/1425/296 889/1435/217 892/1436/304
f 896/1437/226 897/1438/227 893/1439/228
f 896/1440/226 901/1441/297 898/1442/289
f 899/1443/231 900/1444/229 894/1445/232
f 899/1446/231 904/1447/237 901/1448/297
f 902/1449/235 903/1450/233 895/1451/236
f 902/1449/235 898/1452/289 904/1447/237
f 898/1452/289 901/1448/297 904/1447/237
f 908/1453/238 909/1454/239 905/1455/240
f 908/1453/238 913/1456/246 910/1457/242
f 911/1458/243 912/1459/241 906/1460/244
f 911/1458/243 916/1461/291 913/1462/246
f 914/1463/247 915/1464/245 907/1465/248
f 914/1466/247 910/1457/242 916/1467/291
f 910/1457/242 913/1456/246 916/1467/291
f 920/1468/250 921/1469/251 917/1470/252
f 924/1471/256 922/1472/300 920/1468/250
f 923/1473/255 924/1474/256 918/1475/257
f 927/1476/260 925/1477/292 923/1473/255
f 926/1478/259 927/1479/260 919/1480/261
f 921/1469/251 928/1481/258 926/1482/259
f 922/1472/300 925/1483/292 928/1481/258
f 932/1484/262 933/1485/263 929/1486/264
f 932/1487/262 937/1488/265 934/1489/305
f 935/1490/267 936/1491/268 930/1492/269
f 939/1493/272 937/1494/265 935/1495/267
f 938/1496/271 939/1493/272 931/1497/273
f 933/1485/263 940/1498/270 938/1499/271
f 934/1500/305 937/1494/265 940/1501/270
f 944/1502/274 945/1503/275 941/1504/276
f 944/1502/274 949/1505/282 946/1506/278
f 947/1507/279 948/1508/277 942/1509/280
f 947/1510/279 952/1511/306 949/1512/282
f 950/1513/283 951/1514/281 943/1515/284
f 945/1503/275 952/1516/306 950/1517/283
f 946/1506/278 949/1505/282 952/1516/306
f 857/1518/192 884/1421/214 881/1423/216
f 884/1421/214 866/1398/199 888/1424/220
f 888/1424/220 859/1400/200 882/1427/221
f 869/1407/204 863/1393/195 858/1395/196
f 873/1406/203 867/1519/197 863/1393/195
f 878/1416/211 859/1520/200 867/1521/197
f 893/1439/228 875/1410/207 870/1412/208
f 897/1522/227 879/1413/212 875/1415/207
f 902/1449/235 871/1417/213 879/1413/212
f 883/1432/225 899/1443/231 894/1445/232
f 891/1428/224 903/1523/233 899/1443/231
f 887/1524/219 895/1451/236 903/1450/233
f 881/1525/216 932/1484/262 929/1486/264
f 885/1526/215 936/1491/268 932/1487/262
f 890/1431/223 930/1492/269 936/1491/268
f 893/1439/228 945/1503/275 896/1437/226
f 945/1527/275 900/1444/229 896/1440/226
f 950/1513/283 894/1445/232 900/1444/229
f 931/1497/273 947/1507/279 942/1509/280
f 939/1528/272 951/1514/281 947/1510/279
f 935/1490/267 943/1515/284 951/1514/281
f 929/1486/264 908/1453/238 905/1455/240
f 933/1485/263 912/1529/241 908/1453/238
f 912/1459/241 931/1497/273 906/1460/244
f 917/1470/252 944/1502/274 941/1504/276
f 921/1469/251 948/1530/277 944/1502/274
f 948/1508/277 919/1480/261 942/1509/280
f 907/1465/248 923/1473/255 918/1475/257
f 915/1464/245 927/1476/260 923/1473/255
f 911/1458/243 919/1480/261 927/1479/260
f 857/1390/192 909/1454/239 860/1388/190
f 909/1454/239 864/1391/193 860/1388/190
f 914/1463/247 858/1395/196 864/1394/193
f 870/1412/208 920/1468/250 917/1470/252
f 876/1531/205 924/1474/256 920/1532/250
f 872/1405/202 918/1475/257 924/1474/256
f 929/1486/264 857/1390/192 881/1525/216
f 871/1417/213 882/1533/221 859/1520/200
f 918/1475/257 858/1395/196 907/1465/248
f 893/1439/228 917/1470/252 941/1504/276
f 894/1445/232 930/1492/269 883/1432/225
f 931/1497/273 919/1480/261 906/1460/244
f 956/1534/190 957/1535/191 953/1536/192
f 960/1537/193 958/1538/194 956/1534/190
f 959/1539/195 960/1540/193 954/1541/196
f 963/1542/197 961/1543/198 959/1539/195
f 962/1544/199 963/1545/197 955/1546/200
f 962/1544/199 958/1547/194 964/1548/201
f 958/1547/194 961/1549/198 964/1548/201
f 968/1550/202 969/1551/203 965/1552/204
f 968/1550/202 973/1553/287 970/1554/206
f 971/1555/207 972/1556/205 966/1557/208
f 971/1558/207 976/1559/209 973/1560/287
f 974/1561/211 975/1562/212 967/1563/213
f 974/1561/211 970/1564/206 976/1559/209
f 970/1564/206 973/1560/287 976/1559/209
f 980/1565/214 981/1566/215 977/1567/216
f 984/1568/220 982/1569/307 980/1565/214
f 983/1570/219 984/1568/220 978/1571/221
f 987/1572/224 985/1573/217 983/1574/219
f 986/1575/223 987/1572/224 979/1576/225
f 981/1577/215 988/1578/222 986/1575/223
f 982/1569/307 985/1579/217 988/1580/222
f 992/1581/226 993/1582/227 989/1583/228
f 996/1584/229 994/1585/289 992/1586/226
f 995/1587/231 996/1584/229 990/1588/232
f 995/1589/231 1000/1590/308 997/1591/297
f 998/1592/235 999/1593/233 991/1594/236
f 998/1592/235 994/1595/289 1000/1590/308
f 994/1595/289 997/1591/297 1000/1590/308
f 1004/1596/238 1005/1597/239 1001/1598/240
f 1008/1599/241 1006/1600/298 1004/1596/238
f 1007/1601/243 1008/1602/241 1002/1603/244
f 1007/1601/243 1012/1604/299 1009/1605/246
f 1010/1606/247 1011/1607/245 1003/1608/248
f 1010/1609/247 1006/1600/298 1012/1610/299
f 1006/1600/298 1009/1611/246 1012/1610/299
f 1016/1612/250 1017/1613/251 1013/1614/252
f 1020/1615/256 1018/1616/254 1016/1612/250
f 1019/1617/255 1020/1618/256 1014/1619/257
f 1023/1620/260 1021/1621/292 1019/1617/255
f 1022/1622/259 1023/1623/260 1015/1624/261
f 1022/1625/259 1018/1616/254 1024/1626/258
f 1018/1616/254 1021/1627/292 1024/1626/258
f 1028/1628/262 1029/1629/263 1025/1630/264
f 1028/1631/262 1033/1632/265 1030/1633/305
f 1031/1634/267 1032/1635/268 1026/1636/269
f 1035/1637/272 1033/1638/265 1031/1639/267
f 1034/1640/271 1035/1637/272 1027/1641/273
f 1034/1642/271 1030/1643/305 1036/1644/270
f 1030/1645/305 1033/1638/265 1036/1646/270
f 1040/1647/274 1041/1648/275 1037/1649/276
f 1044/1650/277 1042/1651/294 1040/1647/274
f 1043/1652/279 1044/1653/277 1038/1654/280
f 1043/1655/279 1048/1656/306 1045/1657/282
f 1046/1658/283 1047/1659/281 1039/1660/284
f 1046/1661/283 1042/1651/294 1048/1662/306
f 1042/1651/294 1045/1663/282 1048/1662/306
f 953/1664/192 980/1565/214 977/1567/216
f 980/1565/214 962/1544/199 984/1568/220
f 984/1568/220 955/1546/200 978/1571/221
f 965/1552/204 959/1539/195 954/1541/196
f 969/1551/203 963/1542/197 959/1539/195
f 963/1665/197 967/1563/213 955/1666/200
f 989/1583/228 971/1555/207 966/1557/208
f 993/1667/227 975/1562/212 971/1558/207
f 998/1592/235 967/1563/213 975/1562/212
f 990/1588/232 987/1572/224 995/1587/231
f 987/1572/224 999/1668/233 995/1587/231
f 983/1669/219 991/1594/236 999/1593/233
f 977/1670/216 1028/1628/262 1025/1630/264
f 981/1577/215 1032/1635/268 1028/1631/262
f 986/1575/223 1026/1636/269 1032/1635/268
f 1037/1649/276 992/1581/226 989/1583/228
f 1041/1671/275 996/1584/229 992/1586/226
f 1046/1658/283 990/1588/232 996/1584/229
f 1027/1641/273 1043/1652/279 1038/1654/280
f 1043/1655/279 1031/1634/267 1047/1659/281
f 1047/1659/281 1026/1636/269 1039/1660/284
f 1025/1630/264 1004/1596/238 1001/1598/240
f 1029/1629/263 1008/1599/241 1004/1596/238
f 1008/1602/241 1027/1641/273 1002/1603/244
f 1013/1614/252 1040/1647/274 1037/1649/276
f 1017/1613/251 1044/1650/277 1040/1647/274
f 1044/1653/277 1015/1624/261 1038/1654/280
f 1003/1608/248 1019/1617/255 1014/1619/257
f 1011/1607/245 1023/1620/260 1019/1617/255
f 1007/1601/243 1015/1624/261 1023/1623/260
f 1001/1598/240 956/1534/190 953/1536/192
f 1005/1597/239 960/1537/193 956/1534/190
f 1010/1606/247 954/1541/196 960/1540/193
f 966/1557/208 1016/1612/250 1013/1614/252
f 972/1672/205 1020/1618/256 1016/1673/250
f 968/1550/202 1014/1619/257 1020/1618/256
f 1025/1630/264 953/1536/192 977/1670/216
f 967/1563/213 978/1674/221 955/1666/200
f 1014/1619/257 954/1541/196 1003/1608/248
f 989/1583/228 1013/1614/252 1037/1649/276
f 990/1588/232 1026/1636/269 979/1576/225
f 1038/1654/280 1002/1603/244 1027/1641/273
f 1052/1675/190 1053/1676/191 1049/1677/192
f 1056/1678/193 1054/1679/194 1052/1675/190
f 1055/1680/195 1056/1681/193 1050/1682/196
f 1059/1683/197 1057/1684/286 1055/1680/195
f 1058/1685/199 1059/1686/197 1051/1687/200
f 1058/1685/199 1054/1688/194 1060/1689/201
f 1054/1688/194 1057/1690/286 1060/1689/201
f 1064/1691/202 1065/1692/203 1061/1693/204
f 1064/1691/202 1069/1694/210 1066/1695/295
f 1067/1696/207 1068/1697/205 1062/1698/208
f 1067/1699/207 1072/1700/209 1069/1701/210
f 1070/1702/211 1071/1703/212 1063/1704/213
f 1065/1705/203 1072/1700/209 1070/1702/211
f 1066/1706/295 1069/1701/210 1072/1700/209
f 1076/1707/214 1077/1708/215 1073/1709/216
f 1080/1710/220 1078/1711/218 1076/1707/214
f 1079/1712/219 1080/1710/220 1074/1713/221
f 1083/1714/224 1081/1715/217 1079/1716/219
f 1082/1717/223 1083/1714/224 1075/1718/225
f 1082/1717/223 1078/1719/218 1084/1720/222
f 1078/1711/218 1081/1721/217 1084/1722/222
f 1088/1723/226 1089/1724/227 1085/1725/228
f 1092/1726/229 1090/1727/230 1088/1728/226
f 1091/1729/231 1092/1726/229 1086/1730/232
f 1091/1731/231 1096/1732/237 1093/1733/297
f 1094/1734/235 1095/1735/233 1087/1736/236
f 1089/1737/227 1096/1732/237 1094/1734/235
f 1090/1738/230 1093/1733/297 1096/1732/237
f 1100/1739/238 1101/1740/239 1097/1741/240
f 1104/1742/241 1102/1743/298 1100/1739/238
f 1103/1744/243 1104/1745/241 1098/1746/244
f 1103/1744/243 1108/1747/299 1105/1748/246
f 1106/1749/247 1107/1750/245 1099/1751/248
f 1106/1752/247 1102/1743/298 1108/1753/299
f 1102/1743/298 1105/1754/246 1108/1753/299
f 1112/1755/250 1113/1756/251 1109/1757/252
f 1116/1758/256 1114/1759/300 1112/1755/250
f 1115/1760/255 1116/1761/256 1110/1762/257
f 1119/1763/260 1117/1764/292 1115/1760/255
f 1118/1765/259 1119/1766/260 1111/1767/261
f 1118/1768/259 1114/1759/300 1120/1769/258
f 1114/1759/300 1117/1770/292 1120/1769/258
f 1124/1771/262 1125/1772/263 1121/1773/264
f 1128/1774/268 1126/1775/266 1124/1776/262
f 1127/1777/267 1128/1774/268 1122/1778/269
f 1131/1779/272 1129/1780/301 1127/1781/267
f 1130/1782/271 1131/1779/272 1123/1783/273
f 1130/1784/271 1126/1785/266 1132/1786/270
f 1126/1787/266 1129/1780/301 1132/1788/270
f 1136/1789/274 1137/1790/275 1133/1791/276
f 1140/1792/277 1138/1793/309 1136/1789/274
f 1139/1794/279 1140/1795/277 1134/1796/280
f 1139/1797/279 1144/1798/306 1141/1799/282
f 1142/1800/283 1143/1801/281 1135/1802/284
f 1137/1790/275 1144/1803/306 1142/1804/283
f 1138/1793/309 1141/1805/282 1144/1803/306
f 1049/1806/192 1076/1707/214 1073/1709/216
f 1053/1807/191 1080/1710/220 1076/1707/214
f 1080/1710/220 1051/1687/200 1074/1713/221
f 1050/1682/196 1065/1692/203 1055/1680/195
f 1065/1692/203 1059/1683/197 1055/1680/195
f 1070/1702/211 1051/1808/200 1059/1809/197
f 1085/1725/228 1067/1696/207 1062/1698/208
f 1089/1737/227 1071/1703/212 1067/1699/207
f 1094/1734/235 1063/1704/213 1071/1703/212
f 1075/1718/225 1091/1729/231 1086/1730/232
f 1083/1714/224 1095/1810/233 1091/1729/231
f 1079/1811/219 1087/1736/236 1095/1735/233
f 1073/1812/216 1124/1771/262 1121/1773/264
f 1124/1776/262 1082/1717/223 1128/1774/268
f 1128/1774/268 1075/1718/225 1122/1778/269
f 1085/1725/228 1137/1790/275 1088/1723/226
f 1137/1813/275 1092/1726/229 1088/1728/226
f 1142/1800/283 1086/1730/232 1092/1726/229
f 1123/1783/273 1139/1794/279 1134/1796/280
f 1131/1814/272 1143/1801/281 1139/1797/279
f 1143/1801/281 1122/1778/269 1135/1802/284
f 1121/1773/264 1100/1739/238 1097/1741/240
f 1125/1772/263 1104/1742/241 1100/1739/238
f 1104/1745/241 1123/1783/273 1098/1746/244
f 1109/1757/252 1136/1789/274 1133/1791/276
f 1113/1756/251 1140/1792/277 1136/1789/274
f 1140/1795/277 1111/1767/261 1134/1796/280
f 1099/1751/248 1115/1760/255 1110/1762/257
f 1107/1750/245 1119/1763/260 1115/1760/255
f 1119/1766/260 1098/1746/244 1111/1767/261
f 1049/1677/192 1101/1740/239 1052/1675/190
f 1052/1675/190 1106/1752/247 1056/1678/193
f 1056/1681/193 1099/1751/248 1050/1682/196
f 1062/1698/208 1112/1755/250 1109/1757/252
f 1068/1815/205 1116/1761/256 1112/1816/250
f 1064/1691/202 1110/1762/257 1116/1761/256
f 1121/1773/264 1049/1677/192 1073/1812/216
f 1063/1704/213 1074/1817/221 1051/1808/200
f 1110/1762/257 1050/1682/196 1099/1751/248
f 1085/1725/228 1109/1757/252 1133/1791/276
f 1086/1730/232 1122/1778/269 1075/1718/225
f 1134/1796/280 1098/1746/244 1123/1783/273
f 1148/1818/190 1149/1819/191 1145/1820/192
f 1148/1818/190 1153/1821/198 1150/1822/194
f 1151/1823/195 1152/1824/193 1146/1825/196
f 1155/1826/197 1153/1827/198 1151/1823/195
f 1154/1828/199 1155/1829/197 1147/1830/200
f 1154/1828/199 1150/1831/194 1156/1832/201
f 1150/1831/194 1153/1833/198 1156/1832/201
f 1160/1834/202 1161/1835/203 1157/1836/204
f 1160/1834/202 1165/1837/210 1162/1838/295
f 1163/1839/207 1164/1840/205 1158/1841/208
f 1167/1842/212 1165/1843/210 1163/1844/207
f 1166/1845/211 1167/1842/212 1159/1846/213
f 1161/1847/203 1168/1848/209 1166/1845/211
f 1162/1849/295 1165/1843/210 1168/1848/209
f 1172/1850/214 1173/1851/215 1169/1852/216
f 1172/1850/214 1177/1853/217 1174/1854/218
f 1175/1855/219 1176/1856/220 1170/1857/221
f 1175/1858/219 1180/1859/222 1177/1860/217
f 1178/1861/223 1179/1862/224 1171/1863/225
f 1173/1864/215 1180/1859/222 1178/1861/223
f 1174/1854/218 1177/1853/217 1180/1865/222
f 1184/1866/226 1185/1867/227 1181/1868/228
f 1184/1869/226 1189/1870/297 1186/1871/289
f 1187/1872/231 1188/1873/229 1182/1874/232
f 1187/1875/231 1192/1876/237 1189/1877/297
f 1190/1878/235 1191/1879/233 1183/1880/236
f 1185/1881/227 1192/1876/237 1190/1878/235
f 1186/1882/289 1189/1877/297 1192/1876/237
f 1196/1883/238 1197/1884/239 1193/1885/240
f 1200/1886/241 1198/1887/298 1196/1883/238
f 1199/1888/243 1200/1889/241 1194/1890/244
f 1199/1888/243 1204/1891/291 1201/1892/246
f 1202/1893/247 1203/1894/245 1195/1895/248
f 1202/1896/247 1198/1887/298 1204/1897/291
f 1198/1887/298 1201/1898/246 1204/1897/291
f 1208/1899/250 1209/1900/251 1205/1901/252
f 1208/1899/250 1213/1902/253 1210/1903/254
f 1211/1904/255 1212/1905/256 1206/1906/257
f 1211/1904/255 1216/1907/258 1213/1908/253
f 1214/1909/259 1215/1910/260 1207/1911/261
f 1214/1912/259 1210/1903/254 1216/1913/258
f 1210/1903/254 1213/1902/253 1216/1913/258
f 1220/1914/262 1221/1915/263 1217/1916/264
f 1224/1917/268 1222/1918/293 1220/1919/262
f 1223/1920/267 1224/1917/268 1218/1921/269
f 1223/1922/267 1228/1923/270 1225/1924/265
f 1226/1925/271 1227/1926/272 1219/1927/273
f 1221/1915/263 1228/1928/270 1226/1929/271
f 1222/1930/293 1225/1924/265 1228/1923/270
f 1232/1931/274 1233/1932/275 1229/1933/276
f 1236/1934/277 1234/1935/278 1232/1931/274
f 1235/1936/279 1236/1937/277 1230/1938/280
f 1239/1939/281 1237/1940/282 1235/1941/279
f 1238/1942/283 1239/1939/281 1231/1943/284
f 1233/1932/275 1240/1944/285 1238/1945/283
f 1234/1935/278 1237/1946/282 1240/1944/285
f 1145/1947/192 1172/1850/214 1169/1852/216
f 1149/1948/191 1176/1856/220 1172/1850/214
f 1176/1856/220 1147/1830/200 1170/1857/221
f 1146/1825/196 1161/1835/203 1151/1823/195
f 1161/1835/203 1155/1826/197 1151/1823/195
f 1166/1845/211 1147/1949/200 1155/1950/197
f 1181/1868/228 1163/1839/207 1158/1841/208
f 1185/1881/227 1167/1842/212 1163/1844/207
f 1190/1878/235 1159/1846/213 1167/1842/212
f 1171/1863/225 1187/1872/231 1182/1874/232
f 1179/1862/224 1191/1951/233 1187/1872/231
f 1175/1952/219 1183/1880/236 1191/1879/233
f 1169/1953/216 1220/1914/262 1217/1916/264
f 1220/1919/262 1178/1861/223 1224/1917/268
f 1224/1917/268 1171/1863/225 1218/1921/269
f 1181/1868/228 1233/1932/275 1184/1866/226
f 1233/1954/275 1188/1873/229 1184/1869/226
f 1238/1942/283 1182/1874/232 1188/1873/229
f 1219/1927/273 1235/1936/279 1230/1938/280
f 1235/1941/279 1223/1920/267 1239/1939/281
f 1239/1939/281 1218/1921/269 1231/1943/284
f 1217/1916/264 1196/1883/238 1193/1885/240
f 1221/1915/263 1200/1886/241 1196/1883/238
f 1200/1889/241 1219/1927/273 1194/1890/244
f 1205/1901/252 1232/1931/274 1229/1933/276
f 1209/1900/251 1236/1934/277 1232/1931/274
f 1236/1937/277 1207/1911/261 1230/1938/280
f 1206/1906/257 1203/1894/245 1211/1904/255
f 1203/1894/245 1215/1955/260 1211/1904/255
f 1215/1910/260 1194/1890/244 1207/1911/261
f 1193/1885/240 1148/1818/190 1145/1820/192
f 1197/1884/239 1152/1956/193 1148/1818/190
f 1202/1893/247 1146/1825/196 1152/1824/193
f 1158/1841/208 1208/1899/250 1205/1901/252
f 1164/1957/205 1212/1905/256 1208/1958/250
f 1160/1834/202 1206/1906/257 1212/1905/256
f 1217/1916/264 1145/1820/192 1169/1953/216
f 1159/1846/213 1170/1959/221 1147/1949/200
f 1206/1906/257 1146/1825/196 1195/1895/248
f 1181/1868/228 1205/1901/252 1229/1933/276
f 1182/1874/232 1218/1921/269 1171/1863/225
f 1230/1938/280 1194/1890/244 1219/1927/273
f 1241/1960/177 1243/1961/177 1244/1962/177
f 1245/1963/178 1242/1964/178 1241/1965/178
f 1245/1966/181 1250/1967/183 1246/1968/180
f 1246/1969/182 1243/1970/182 1242/1971/182
f 1250/1967/183 1247/1972/184 1246/1968/180
f 1247/1973/185 1244/1974/185 1243/1975/185
f 1247/1972/184 1252/1976/189 1248/1977/187
f 1248/1978/188 1241/1979/188 1244/1980/188
f 1252/1976/189 1245/1966/181 1248/1977/187
f 1252/1976/189 1250/1967/183 1249/1981/179
f 1256/1982/190 1257/1983/191 1253/1984/192
f 1260/1985/193 1258/1986/194 1256/1982/190
f 1259/1987/195 1260/1988/193 1254/1989/196
f 1263/1990/197 1261/1991/286 1259/1987/195
f 1262/1992/199 1263/1993/197 1255/1994/200
f 1262/1992/199 1258/1995/194 1264/1996/201
f 1258/1995/194 1261/1997/286 1264/1996/201
f 1268/1998/202 1269/1999/203 1265/2000/204
f 1268/1998/202 1273/2001/287 1270/2002/206
f 1271/2003/207 1272/2004/205 1266/2005/208
f 1275/2006/212 1273/2007/287 1271/2008/207
f 1274/2009/211 1275/2006/212 1267/2010/213
f 1274/2009/211 1270/2011/206 1276/2012/209
f 1270/2011/206 1273/2007/287 1276/2012/209
f 1280/2013/214 1281/2014/215 1277/2015/216
f 1284/2016/220 1282/2017/218 1280/2013/214
f 1283/2018/219 1284/2016/220 1278/2019/221
f 1283/2020/219 1288/2021/288 1285/2022/217
f 1286/2023/223 1287/2024/224 1279/2025/225
f 1286/2023/223 1282/2026/218 1288/2021/288
f 1282/2017/218 1285/2027/217 1288/2028/288
f 1292/2029/226 1293/2030/227 1289/2031/228
f 1292/2032/226 1297/2033/297 1294/2034/310
f 1295/2035/231 1296/2036/229 1290/2037/232
f 1295/2038/231 1300/2039/237 1297/2040/297
f 1298/2041/235 1299/2042/233 1291/2043/236
f 1298/2041/235 1294/2044/310 1300/2039/237
f 1294/2044/310 1297/2040/297 1300/2039/237
f 1304/2045/238 1305/2046/239 1301/2047/240
f 1304/2045/238 1309/2048/246 1306/2049/298
f 1307/2050/243 1308/2051/241 1302/2052/244
f 1311/2053/245 1309/2054/246 1307/2050/243
f 1310/2055/247 1311/2056/245 1303/2057/248
f 1305/2046/239 1312/2058/291 1310/2059/247
f 1306/2049/298 1309/2048/246 1312/2058/291
f 1316/2060/250 1317/2061/251 1313/2062/252
f 1320/2063/256 1318/2064/254 1316/2060/250
f 1319/2065/255 1320/2066/256 1314/2067/257
f 1323/2068/260 1321/2069/292 1319/2065/255
f 1322/2070/259 1323/2071/260 1315/2072/261
f 1322/2073/259 1318/2064/254 1324/2074/258
f 1318/2064/254 1321/2075/292 1324/2074/258
f 1328/2076/262 1329/2077/263 1325/2078/264
f 1328/2079/262 1333/2080/265 1330/2081/266
f 1331/2082/267 1332/2083/268 1326/2084/269
f 1335/2085/272 1333/2086/265 1331/2087/267
f 1334/2088/271 1335/2085/272 1327/2089/273
f 1329/2077/263 1336/2090/270 1334/2091/271
f 1330/2092/266 1333/2086/265 1336/2093/270
f 1340/2094/274 1341/2095/275 1337/2096/276
f 1344/2097/277 1342/2098/294 1340/2094/274
f 1343/2099/279 1344/2100/277 1338/2101/280
f 1343/2102/279 1348/2103/306 1345/2104/282
f 1346/2105/283 1347/2106/281 1339/2107/284
f 1346/2108/283 1342/2098/294 1348/2109/306
f 1342/2098/294 1345/2110/282 1348/2109/306
f 1253/2111/192 1280/2013/214 1277/2015/216
f 1257/2112/191 1284/2016/220 1280/2013/214
f 1284/2016/220 1255/1994/200 1278/2019/221
f 1254/1989/196 1269/1999/203 1259/1987/195
f 1269/1999/203 1263/1990/197 1259/1987/195
f 1274/2009/211 1255/2113/200 1263/2114/197
f 1289/2031/228 1271/2003/207 1266/2005/208
f 1293/2115/227 1275/2006/212 1271/2008/207
f 1298/2041/235 1267/2010/213 1275/2006/212
f 1279/2025/225 1295/2035/231 1290/2037/232
f 1287/2024/224 1299/2116/233 1295/2035/231
f 1299/2042/233 1278/2117/221 1291/2043/236
f 1325/2078/264 1281/2118/215 1328/2076/262
f 1281/2119/215 1332/2083/268 1328/2079/262
f 1286/2023/223 1326/2084/269 1332/2083/268
f 1337/2096/276 1292/2029/226 1289/2031/228
f 1341/2120/275 1296/2036/229 1292/2032/226
f 1346/2105/283 1290/2037/232 1296/2036/229
f 1327/2089/273 1343/2099/279 1338/2101/280
f 1335/2121/272 1347/2106/281 1343/2102/279
f 1347/2106/281 1326/2084/269 1339/2107/284
f 1325/2078/264 1304/2045/238 1301/2047/240
f 1329/2077/263 1308/2122/241 1304/2045/238
f 1308/2051/241 1327/2089/273 1302/2052/244
f 1313/2062/252 1340/2094/274 1337/2096/276
f 1317/2061/251 1344/2097/277 1340/2094/274
f 1344/2100/277 1315/2072/261 1338/2101/280
f 1303/2057/248 1319/2065/255 1314/2067/257
f 1311/2056/245 1323/2068/260 1319/2065/255
f 1323/2071/260 1302/2052/244 1315/2072/261
f 1301/2047/240 1256/1982/190 1253/1984/192
f 1305/2046/239 1260/1985/193 1256/1982/190
f 1310/2055/247 1254/1989/196 1260/1988/193
f 1266/2005/208 1316/2060/250 1313/2062/252
f 1272/2123/205 1320/2066/256 1316/2124/250
f 1268/1998/202 1314/2067/257 1320/2066/256
f 1325/2078/264 1253/1984/192 1277/2125/216
f 1267/2010/213 1278/2117/221 1255/2113/200
f 1314/2067/257 1254/1989/196 1303/2057/248
f 1289/2031/228 1313/2062/252 1337/2096/276
f 1290/2037/232 1326/2084/269 1279/2025/225
f 1338/2101/280 1302/2052/244 1327/2089/273
f 1352/2126/190 1353/2127/191 1349/2128/192
f 1356/2129/193 1354/2130/302 1352/2126/190
f 1355/2131/195 1356/2132/193 1350/2133/196
f 1355/2131/195 1360/2134/311 1357/2135/286
f 1358/2136/199 1359/2137/197 1351/2138/200
f 1358/2136/199 1354/2139/302 1360/2140/311
f 1354/2139/302 1357/2141/286 1360/2140/311
f 1364/2142/202 1365/2143/203 1361/2144/204
f 1364/2142/202 1369/2145/287 1366/2146/312
f 1367/2147/207 1368/2148/205 1362/2149/208
f 1367/2150/207 1372/2151/209 1369/2152/287
f 1370/2153/211 1371/2154/212 1363/2155/213
f 1365/2156/203 1372/2151/209 1370/2153/211
f 1366/2157/312 1369/2152/287 1372/2151/209
f 1376/2158/214 1377/2159/215 1373/2160/216
f 1380/2161/220 1378/2162/218 1376/2158/214
f 1379/2163/219 1380/2161/220 1374/2164/221
f 1383/2165/224 1381/2166/313 1379/2167/219
f 1382/2168/223 1383/2165/224 1375/2169/225
f 1382/2168/223 1378/2170/218 1384/2171/288
f 1378/2162/218 1381/2172/313 1384/2173/288
f 1388/2174/226 1389/2175/227 1385/2176/228
f 1388/2177/226 1393/2178/314 1390/2179/310
f 1391/2180/231 1392/2181/229 1386/2182/232
f 1391/2183/231 1396/2184/237 1393/2185/314
f 1394/2186/235 1395/2187/233 1387/2188/236
f 1394/2186/235 1390/2189/310 1396/2184/237
f 1390/2189/310 1393/2185/314 1396/2184/237
f 1400/2190/238 1401/2191/239 1397/2192/240
f 1404/2193/241 1402/2194/242 1400/2190/238
f 1403/2195/243 1404/2196/241 1398/2197/244
f 1403/2195/243 1408/2198/299 1405/2199/315
f 1406/2200/247 1407/2201/245 1399/2202/248
f 1406/2203/247 1402/2194/242 1408/2204/299
f 1402/2194/242 1405/2205/315 1408/2204/299
f 1412/2206/250 1413/2207/251 1409/2208/252
f 1412/2206/250 1417/2209/316 1414/2210/317
f 1415/2211/255 1416/2212/256 1410/2213/257
f 1419/2214/260 1417/2215/316 1415/2211/255
f 1418/2216/259 1419/2217/260 1411/2218/261
f 1418/2219/259 1414/2210/317 1420/2220/258
f 1414/2210/317 1417/2209/316 1420/2220/258
f 1424/2221/262 1425/2222/263 1421/2223/264
f 1428/2224/268 1426/2225/293 1424/2226/262
f 1427/2227/267 1428/2224/268 1422/2228/269
f 1431/2229/272 1429/2230/301 1427/2231/267
f 1430/2232/271 1431/2229/272 1423/2233/273
f 1430/2234/271 1426/2235/293 1432/2236/318
f 1426/2237/293 1429/2230/301 1432/2238/318
f 1436/2239/274 1437/2240/275 1433/2241/276
f 1440/2242/277 1438/2243/309 1436/2239/274
f 1439/2244/279 1440/2245/277 1434/2246/280
f 1439/2247/279 1444/2248/319 1441/2249/282
f 1442/2250/283 1443/2251/281 1435/2252/284
f 1437/2240/275 1444/2253/319 1442/2254/283
f 1438/2243/309 1441/2255/282 1444/2253/319
f 1349/2256/192 1376/2158/214 1373/2160/216
f 1353/2257/191 1380/2161/220 1376/2158/214
f 1380/2161/220 1351/2138/200 1374/2164/221
f 1361/2144/204 1355/2131/195 1350/2133/196
f 1365/2143/203 1359/2258/197 1355/2131/195
f 1359/2259/197 1363/2155/213 1351/2260/200
f 1385/2176/228 1367/2147/207 1362/2149/208
f 1389/2261/227 1371/2154/212 1367/2150/207
f 1394/2186/235 1363/2155/213 1371/2154/212
f 1386/2182/232 1383/2165/224 1391/2180/231
f 1383/2165/224 1395/2262/233 1391/2180/231
f 1379/2263/219 1387/2188/236 1395/2187/233
f 1421/2223/264 1377/2264/215 1424/2221/262
f 1377/2265/215 1428/2224/268 1424/2226/262
f 1382/2168/223 1422/2228/269 1428/2224/268
f 1433/2241/276 1388/2174/226 1385/2176/228
f 1437/2266/275 1392/2181/229 1388/2177/226
f 1442/2250/283 1386/2182/232 1392/2181/229
f 1434/2246/280 1431/2229/272 1439/2244/279
f 1431/2267/272 1443/2251/281 1439/2247/279
f 1427/2227/267 1435/2252/284 1443/2251/281
f 1421/2223/264 1400/2190/238 1397/2192/240
f 1425/2222/263 1404/2193/241 1400/2190/238
f 1404/2196/241 1423/2233/273 1398/2197/244
f 1409/2208/252 1436/2239/274 1433/2241/276
f 1413/2207/251 1440/2242/277 1436/2239/274
f 1440/2245/277 1411/2218/261 1434/2246/280
f 1410/2213/257 1407/2201/245 1415/2211/255
f 1407/2201/245 1419/2214/260 1415/2211/255
f 1403/2195/243 1411/2218/261 1419/2217/260
f 1397/2192/240 1352/2126/190 1349/2128/192
f 1401/2191/239 1356/2129/193 1352/2126/190
f 1406/2200/247 1350/2133/196 1356/2132/193
f 1409/2208/252 1368/2148/205 1412/2206/250
f 1368/2268/205 1416/2212/256 1412/2269/250
f 1364/2142/202 1410/2213/257 1416/2212/256
f 1421/2223/264 1349/2128/192 1373/2270/216
f 1363/2155/213 1374/2271/221 1351/2260/200
f 1410/2213/257 1350/2133/196 1399/2202/248
f 1385/2176/228 1409/2208/252 1433/2241/276
f 1386/2182/232 1422/2228/269 1375/2169/225
f 1434/2246/280 1398/2197/244 1423/2233/273
f 1448/2272/190 1449/2273/191 1445/2274/192
f 1452/2275/193 1450/2276/302 1448/2272/190
f 1451/2277/195 1452/2278/193 1446/2279/196
f 1451/2277/195 1456/2280/311 1453/2281/198
f 1454/2282/199 1455/2283/197 1447/2284/200
f 1454/2282/199 1450/2285/302 1456/2286/311
f 1450/2285/302 1453/2287/198 1456/2286/311
f 1460/2288/202 1461/2289/203 1457/2290/204
f 1464/2291/205 1462/2292/295 1460/2288/202
f 1463/2293/207 1464/2294/205 1458/2295/208
f 1467/2296/212 1465/2297/287 1463/2298/207
f 1466/2299/211 1467/2296/212 1459/2300/213
f 1466/2299/211 1462/2301/295 1468/2302/209
f 1462/2301/295 1465/2297/287 1468/2302/209
f 1472/2303/214 1473/2304/215 1469/2305/216
f 1476/2306/220 1474/2307/296 1472/2303/214
f 1475/2308/219 1476/2306/220 1470/2309/221
f 1479/2310/224 1477/2311/313 1475/2312/219
f 1478/2313/223 1479/2310/224 1471/2314/225
f 1478/2313/223 1474/2315/296 1480/2316/222
f 1474/2307/296 1477/2317/313 1480/2318/222
f 1484/2319/226 1485/2320/227 1481/2321/228
f 1484/2322/226 1489/2323/297 1486/2324/289
f 1487/2325/231 1488/2326/229 1482/2327/232
f 1491/2328/233 1489/2329/297 1487/2330/231
f 1490/2331/235 1491/2328/233 1483/2332/236
f 1490/2331/235 1486/2333/289 1492/2334/237
f 1486/2333/289 1489/2329/297 1492/2334/237
f 1496/2335/238 1497/2336/239 1493/2337/240
f 1500/2338/241 1498/2339/242 1496/2335/238
f 1499/2340/243 1500/2341/241 1494/2342/244
f 1499/2340/243 1504/2343/299 1501/2344/315
f 1502/2345/247 1503/2346/245 1495/2347/248
f 1502/2348/247 1498/2339/242 1504/2349/299
f 1498/2339/242 1501/2350/315 1504/2349/299
f 1508/2351/250 1509/2352/251 1505/2353/252
f 1512/2354/256 1510/2355/254 1508/2351/250
f 1511/2356/255 1512/2357/256 1506/2358/257
f 1511/2356/255 1516/2359/258 1513/2360/253
f 1514/2361/259 1515/2362/260 1507/2363/261
f 1509/2352/251 1516/2364/258 1514/2365/259
f 1510/2355/254 1513/2366/253 1516/2364/258
f 1520/2367/262 1521/2368/263 1517/2369/264
f 1524/2370/268 1522/2371/293 1520/2372/262
f 1523/2373/267 1524/2370/268 1518/2374/269
f 1527/2375/272 1525/2376/301 1523/2377/267
f 1526/2378/271 1527/2375/272 1519/2379/273
f 1526/2380/271 1522/2381/293 1528/2382/318
f 1522/2383/293 1525/2376/301 1528/2384/318
f 1532/2385/274 1533/2386/275 1529/2387/276
f 1532/2385/274 1537/2388/282 1534/2389/294
f 1535/2390/279 1536/2391/277 1530/2392/280
f 1535/2393/279 1540/2394/285 1537/2395/282
f 1538/2396/283 1539/2397/281 1531/2398/284
f 1538/2399/283 1534/2389/294 1540/2400/285
f 1534/2389/294 1537/2388/282 1540/2400/285
f 1445/2401/192 1472/2303/214 1469/2305/216
f 1449/2402/191 1476/2306/220 1472/2303/214
f 1476/2306/220 1447/2284/200 1470/2309/221
f 1457/2290/204 1451/2277/195 1446/2279/196
f 1461/2289/203 1455/2403/197 1451/2277/195
f 1466/2299/211 1447/2404/200 1455/2405/197
f 1481/2321/228 1463/2293/207 1458/2295/208
f 1485/2406/227 1467/2296/212 1463/2298/207
f 1490/2331/235 1459/2300/213 1467/2296/212
f 1471/2314/225 1487/2325/231 1482/2327/232
f 1479/2310/224 1491/2407/233 1487/2325/231
f 1475/2408/219 1483/2332/236 1491/2328/233
f 1469/2409/216 1520/2367/262 1517/2369/264
f 1473/2410/215 1524/2370/268 1520/2372/262
f 1478/2313/223 1518/2374/269 1524/2370/268
f 1481/2321/228 1533/2386/275 1484/2319/226
f 1484/2322/226 1538/2396/283 1488/2326/229
f 1488/2326/229 1531/2398/284 1482/2327/232
f 1530/2392/280 1527/2375/272 1535/2390/279
f 1527/2411/272 1539/2397/281 1535/2393/279
f 1523/2373/267 1531/2398/284 1539/2397/281
f 1517/2369/264 1496/2335/238 1493/2337/240
f 1521/2368/263 1500/2338/241 1496/2335/238
f 1500/2341/241 1519/2379/273 1494/2342/244
f 1505/2353/252 1532/2385/274 1529/2387/276
f 1509/2352/251 1536/2412/277 1532/2385/274
f 1536/2391/277 1507/2363/261 1530/2392/280
f 1495/2347/248 1511/2356/255 1506/2358/257
f 1503/2346/245 1515/2413/260 1511/2356/255
f 1499/2340/243 1507/2363/261 1515/2362/260
f 1493/2337/240 1448/2272/190 1445/2274/192
f 1448/2272/190 1502/2348/247 1452/2275/193
f 1502/2345/247 1446/2279/196 1452/2278/193
f 1458/2295/208 1508/2351/250 1505/2353/252
f 1464/2291/205 1512/2357/256 1508/2414/250
f 1460/2288/202 1506/2358/257 1512/2357/256
f 1517/2369/264 1445/2274/192 1469/2409/216
f 1459/2300/213 1470/2415/221 1447/2404/200
f 1506/2358/257 1446/2279/196 1495/2347/248
f 1481/2321/228 1505/2353/252 1529/2387/276
f 1482/2327/232 1518/2374/269 1471/2314/225
f 1530/2392/280 1494/2342/244 1519/2379/273
f 1544/2416/190 1545/2417/191 1541/2418/192
f 1544/2416/190 1549/2419/198 1546/2420/320
f 1547/2421/195 1548/2422/193 1542/2423/196
f 1547/2421/195 1552/2424/311 1549/2425/198
f 1550/2426/199 1551/2427/197 1543/2428/200
f 1550/2426/199 1546/2429/320 1552/2430/311
f 1546/2429/320 1549/2431/198 1552/2430/311
f 1556/2432/202 1557/2433/203 1553/2434/204
f 1560/2435/205 1558/2436/295 1556/2432/202
f 1559/2437/207 1560/2438/205 1554/2439/208
f 1563/2440/212 1561/2441/321 1559/2442/207
f 1562/2443/211 1563/2440/212 1555/2444/213
f 1557/2445/203 1564/2446/209 1562/2443/211
f 1558/2447/295 1561/2441/321 1564/2446/209
f 1568/2448/214 1569/2449/215 1565/2450/216
f 1572/2451/220 1570/2452/307 1568/2448/214
f 1571/2453/219 1572/2451/220 1566/2454/221
f 1575/2455/224 1573/2456/313 1571/2457/219
f 1574/2458/223 1575/2455/224 1567/2459/225
f 1569/2460/215 1576/2461/288 1574/2458/223
f 1570/2452/307 1573/2462/313 1576/2463/288
f 1580/2464/226 1581/2465/227 1577/2466/228
f 1584/2467/229 1582/2468/289 1580/2469/226
f 1583/2470/231 1584/2467/229 1578/2471/232
f 1583/2472/231 1588/2473/237 1585/2474/297
f 1586/2475/235 1587/2476/233 1579/2477/236
f 1586/2475/235 1582/2478/289 1588/2473/237
f 1582/2478/289 1585/2474/297 1588/2473/237
f 1592/2479/238 1593/2480/239 1589/2481/240
f 1596/2482/241 1594/2483/298 1592/2479/238
f 1595/2484/243 1596/2485/241 1590/2486/244
f 1595/2484/243 1600/2487/299 1597/2488/315
f 1598/2489/247 1599/2490/245 1591/2491/248
f 1598/2492/247 1594/2483/298 1600/2493/299
f 1594/2483/298 1597/2494/315 1600/2493/299
f 1604/2495/250 1605/2496/251 1601/2497/252
f 1608/2498/256 1606/2499/254 1604/2495/250
f 1607/2500/255 1608/2501/256 1602/2502/257
f 1607/2500/255 1612/2503/258 1609/2504/253
f 1610/2505/259 1611/2506/260 1603/2507/261
f 1610/2508/259 1606/2499/254 1612/2509/258
f 1606/2499/254 1609/2510/253 1612/2509/258
f 1616/2511/262 1617/2512/263 1613/2513/264
f 1616/2514/262 1621/2515/301 1618/2516/322
f 1619/2517/267 1620/2518/268 1614/2519/269
f 1623/2520/272 1621/2521/301 1619/2522/267
f 1622/2523/271 1623/2520/272 1615/2524/273
f 1622/2525/271 1618/2526/322 1624/2527/318
f 1618/2528/322 1621/2521/301 1624/2529/318
f 1628/2530/274 1629/2531/275 1625/2532/276
f 1632/2533/277 1630/2534/294 1628/2530/274
f 1631/2535/279 1632/2536/277 1626/2537/280
f 1631/2538/279 1636/2539/306 1633/2540/282
f 1634/2541/283 1635/2542/281 1627/2543/284
f 1634/2544/283 1630/2534/294 1636/2545/306
f 1630/2534/294 1633/2546/282 1636/2545/306
f 1541/2547/192 1568/2448/214 1565/2450/216
f 1545/2548/191 1572/2451/220 1568/2448/214
f 1572/2451/220 1543/2428/200 1566/2454/221
f 1553/2434/204 1547/2421/195 1542/2423/196
f 1557/2433/203 1551/2549/197 1547/2421/195
f 1562/2443/211 1543/2550/200 1551/2551/197
f 1577/2466/228 1559/2437/207 1554/2439/208
f 1581/2552/227 1563/2440/212 1559/2442/207
f 1586/2475/235 1555/2444/213 1563/2440/212
f 1567/2459/225 1583/2470/231 1578/2471/232
f 1575/2455/224 1587/2553/233 1583/2470/231
f 1571/2554/219 1579/2477/236 1587/2476/233
f 1565/2555/216 1616/2511/262 1613/2513/264
f 1569/2460/215 1620/2518/268 1616/2514/262
f 1574/2458/223 1614/2519/269 1620/2518/268
f 1577/2466/228 1629/2531/275 1580/2464/226
f 1580/2469/226 1634/2541/283 1584/2467/229
f 1634/2541/283 1578/2471/232 1584/2467/229
f 1615/2524/273 1631/2535/279 1626/2537/280
f 1631/2538/279 1619/2517/267 1635/2542/281
f 1619/2517/267 1627/2543/284 1635/2542/281
f 1613/2513/264 1592/2479/238 1589/2481/240
f 1617/2512/263 1596/2482/241 1592/2479/238
f 1596/2485/241 1615/2524/273 1590/2486/244
f 1601/2497/252 1628/2530/274 1625/2532/276
f 1605/2496/251 1632/2533/277 1628/2530/274
f 1632/2536/277 1603/2507/261 1626/2537/280
f 1602/2502/257 1599/2490/245 1607/2500/255
f 1599/2490/245 1611/2556/260 1607/2500/255
f 1595/2484/243 1603/2507/261 1611/2506/260
f 1589/2481/240 1544/2416/190 1541/2418/192
f 1544/2416/190 1598/2492/247 1548/2557/193
f 1598/2489/247 1542/2423/196 1548/2422/193
f 1554/2439/208 1604/2495/250 1601/2497/252
f 1560/2435/205 1608/2501/256 1604/2558/250
f 1556/2432/202 1602/2502/257 1608/2501/256
f 1613/2513/264 1541/2418/192 1565/2555/216
f 1555/2444/213 1566/2559/221 1543/2550/200
f 1602/2502/257 1542/2423/196 1591/2491/248
f 1577/2466/228 1601/2497/252 1625/2532/276
f 1578/2471/232 1614/2519/269 1567/2459/225
f 1626/2537/280 1590/2486/244 1615/2524/273
f 1637/2560/177 1639/2561/177 1640/2562/177
f 1641/2563/178 1638/2564/178 1637/2565/178
f 1641/2566/181 1646/2567/183 1642/2568/180
f 1642/2569/182 1639/2570/182 1638/2571/182
f 1646/2567/183 1643/2572/184 1642/2568/180
f 1643/2573/185 1640/2574/185 1639/2575/185
f 1643/2572/184 1648/2576/189 1644/2577/187
f 1644/2578/188 1637/2579/188 1640/2580/188
f 1644/2577/187 1645/2581/179 1641/2566/181
f 1648/2576/189 1646/2567/183 1645/2581/179
f 1652/2582/190 1653/2583/191 1649/2584/192
f 1656/2585/193 1654/2586/302 1652/2582/190
f 1655/2587/195 1656/2588/193 1650/2589/196
f 1659/2590/197 1657/2591/198 1655/2587/195
f 1658/2592/199 1659/2593/197 1651/2594/200
f 1653/2595/191 1660/2596/201 1658/2592/199
f 1654/2597/302 1657/2598/198 1660/2596/201
f 1664/2599/202 1665/2600/203 1661/2601/204
f 1664/2599/202 1669/2602/287 1666/2603/206
f 1667/2604/207 1668/2605/205 1662/2606/208
f 1671/2607/212 1669/2608/287 1667/2609/207
f 1670/2610/211 1671/2607/212 1663/2611/213
f 1670/2610/211 1666/2612/206 1672/2613/209
f 1666/2612/206 1669/2608/287 1672/2613/209
f 1676/2614/214 1677/2615/215 1673/2616/216
f 1676/2614/214 1681/2617/217 1678/2618/218
f 1679/2619/219 1680/2620/220 1674/2621/221
f 1679/2622/219 1684/2623/222 1681/2624/217
f 1682/2625/223 1683/2626/224 1675/2627/225
f 1677/2628/215 1684/2623/222 1682/2625/223
f 1678/2618/218 1681/2617/217 1684/2629/222
f 1688/2630/226 1689/2631/227 1685/2632/228
f 1692/2633/229 1690/2634/289 1688/2635/226
f 1691/2636/231 1692/2633/229 1686/2637/232
f 1695/2638/233 1693/2639/234 1691/2640/231
f 1694/2641/235 1695/2638/233 1687/2642/236
f 1694/2641/235 1690/2643/289 1696/2644/237
f 1690/2643/289 1693/2639/234 1696/2644/237
f 1700/2645/238 1701/2646/239 1697/2647/240
f 1704/2648/241 1702/2649/298 1700/2645/238
f 1703/2650/243 1704/2651/241 1698/2652/244
f 1703/2650/243 1708/2653/299 1705/2654/246
f 1706/2655/247 1707/2656/245 1699/2657/248
f 1706/2658/247 1702/2649/298 1708/2659/299
f 1702/2649/298 1705/2660/246 1708/2659/299
f 1712/2661/250 1713/2662/251 1709/2663/252
f 1716/2664/256 1714/2665/254 1712/2661/250
f 1715/2666/255 1716/2667/256 1710/2668/257
f 1715/2666/255 1720/2669/258 1717/2670/253
f 1718/2671/259 1719/2672/260 1711/2673/261
f 1718/2674/259 1714/2665/254 1720/2675/258
f 1714/2665/254 1717/2676/253 1720/2675/258
f 1724/2677/262 1725/2678/263 1721/2679/264
f 1728/2680/268 1726/2681/266 1724/2682/262
f 1727/2683/267 1728/2680/268 1722/2684/269
f 1731/2685/272 1729/2686/301 1727/2687/267
f 1730/2688/271 1731/2685/272 1723/2689/273
f 1730/2690/271 1726/2691/266 1732/2692/270
f 1726/2693/266 1729/2686/301 1732/2694/270
f 1736/2695/274 1737/2696/275 1733/2697/276
f 1740/2698/277 1738/2699/294 1736/2695/274
f 1739/2700/279 1740/2701/277 1734/2702/280
f 1743/2703/281 1741/2704/282 1739/2705/279
f 1742/2706/283 1743/2703/281 1735/2707/284
f 1742/2708/283 1738/2699/294 1744/2709/285
f 1738/2699/294 1741/2710/282 1744/2709/285
f 1649/2711/192 1676/2614/214 1673/2616/216
f 1653/2595/191 1680/2620/220 1676/2614/214
f 1680/2620/220 1651/2594/200 1674/2621/221
f 1650/2589/196 1665/2600/203 1655/2587/195
f 1665/2600/203 1659/2590/197 1655/2587/195
f 1670/2610/211 1651/2712/200 1659/2713/197
f 1685/2632/228 1667/2604/207 1662/2606/208
f 1689/2714/227 1671/2607/212 1667/2609/207
f 1694/2641/235 1663/2611/213 1671/2607/212
f 1675/2627/225 1691/2636/231 1686/2637/232
f 1683/2626/224 1695/2715/233 1691/2636/231
f 1695/2638/233 1674/2716/221 1687/2642/236
f 1673/2717/216 1724/2677/262 1721/2679/264
f 1677/2628/215 1728/2680/268 1724/2682/262
f 1682/2625/223 1722/2684/269 1728/2680/268
f 1733/2697/276 1688/2630/226 1685/2632/228
f 1737/2718/275 1692/2633/229 1688/2635/226
f 1742/2706/283 1686/2637/232 1692/2633/229
f 1723/2689/273 1739/2700/279 1734/2702/280
f 1731/2719/272 1743/2703/281 1739/2705/279
f 1743/2703/281 1722/2684/269 1735/2707/284
f 1721/2679/264 1700/2645/238 1697/2647/240
f 1725/2678/263 1704/2648/241 1700/2645/238
f 1704/2651/241 1723/2689/273 1698/2652/244
f 1709/2663/252 1736/2695/274 1733/2697/276
f 1713/2662/251 1740/2698/277 1736/2695/274
f 1740/2701/277 1711/2673/261 1734/2702/280
f 1699/2657/248 1715/2666/255 1710/2668/257
f 1707/2656/245 1719/2720/260 1715/2666/255
f 1719/2672/260 1698/2652/244 1711/2673/261
f 1697/2647/240 1652/2582/190 1649/2584/192
f 1701/2646/239 1656/2585/193 1652/2582/190
f 1706/2655/247 1650/2589/196 1656/2588/193
f 1662/2606/208 1712/2661/250 1709/2663/252
f 1668/2721/205 1716/2667/256 1712/2722/250
f 1664/2599/202 1710/2668/257 1716/2667/256
f 1721/2679/264 1649/2584/192 1673/2717/216
f 1663/2611/213 1674/2716/221 1651/2712/200
f 1710/2668/257 1650/2589/196 1699/2657/248
f 1685/2632/228 1709/2663/252 1733/2697/276
f 1686/2637/232 1722/2684/269 1675/2627/225
f 1734/2702/280 1698/2652/244 1723/2689/273
f 1748/2723/190 1749/2724/191 1745/2725/192
f 1752/2726/193 1750/2727/302 1748/2723/190
f 1751/2728/195 1752/2729/193 1746/2730/196
f 1755/2731/197 1753/2732/198 1751/2728/195
f 1754/2733/199 1755/2734/197 1747/2735/200
f 1754/2733/199 1750/2736/302 1756/2737/311
f 1750/2736/302 1753/2738/198 1756/2737/311
f 1760/2739/202 1761/2740/203 1757/2741/204
f 1764/2742/205 1762/2743/312 1760/2739/202
f 1763/2744/207 1764/2745/205 1758/2746/208
f 1767/2747/212 1765/2748/321 1763/2749/207
f 1766/2750/211 1767/2747/212 1759/2751/213
f 1766/2750/211 1762/2752/312 1768/2753/209
f 1762/2752/312 1765/2748/321 1768/2753/209
f 1772/2754/214 1773/2755/215 1769/2756/216
f 1776/2757/220 1774/2758/296 1772/2754/214
f 1775/2759/219 1776/2757/220 1770/2760/221
f 1775/2761/219 1780/2762/288 1777/2763/313
f 1778/2764/223 1779/2765/224 1771/2766/225
f 1778/2764/223 1774/2767/296 1780/2762/288
f 1774/2758/296 1777/2768/313 1780/2769/288
f 1784/2770/226 1785/2771/227 1781/2772/228
f 1784/2773/226 1789/2774/314 1786/2775/310
f 1787/2776/231 1788/2777/229 1782/2778/232
f 1791/2779/233 1789/2780/314 1787/2781/231
f 1790/2782/235 1791/2779/233 1783/2783/236
f 1790/2782/235 1786/2784/310 1792/2785/237
f 1786/2784/310 1789/2780/314 1792/2785/237
f 1796/2786/238 1797/2787/239 1793/2788/240
f 1800/2789/241 1798/2790/298 1796/2786/238
f 1799/2791/243 1800/2792/241 1794/2793/244
f 1803/2794/245 1801/2795/315 1799/2791/243
f 1802/2796/247 1803/2797/245 1795/2798/248
f 1802/2799/247 1798/2790/298 1804/2800/299
f 1798/2790/298 1801/2801/315 1804/2800/299
f 1808/2802/250 1809/2803/251 1805/2804/252
f 1808/2802/250 1813/2805/323 1810/2806/317
f 1811/2807/255 1812/2808/256 1806/2809/257
f 1811/2807/255 1816/2810/258 1813/2811/323
f 1814/2812/259 1815/2813/260 1807/2814/261
f 1814/2815/259 1810/2806/317 1816/2816/258
f 1810/2806/317 1813/2805/323 1816/2816/258
f 1820/2817/262 1821/2818/263 1817/2819/264
f 1824/2820/268 1822/2821/293 1820/2822/262
f 1823/2823/267 1824/2820/268 1818/2824/269
f 1823/2825/267 1828/2826/318 1825/2827/301
f 1826/2828/271 1827/2829/272 1819/2830/273
f 1826/2831/271 1822/2832/293 1828/2833/318
f 1822/2834/293 1825/2827/301 1828/2826/318
f 1832/2835/274 1833/2836/275 1829/2837/276
f 1832/2835/274 1837/2838/282 1834/2839/294
f 1835/2840/279 1836/2841/277 1830/2842/280
f 1839/2843/281 1837/2844/282 1835/2845/279
f 1838/2846/283 1839/2843/281 1831/2847/284
f 1838/2848/283 1834/2839/294 1840/2849/319
f 1834/2839/294 1837/2838/282 1840/2849/319
f 1769/2756/216 1749/2850/191 1772/2754/214
f 1749/2850/191 1776/2757/220 1772/2754/214
f 1776/2757/220 1747/2735/200 1770/2760/221
f 1757/2741/204 1751/2728/195 1746/2730/196
f 1761/2740/203 1755/2731/197 1751/2728/195
f 1755/2851/197 1759/2751/213 1747/2852/200
f 1781/2772/228 1763/2744/207 1758/2746/208
f 1785/2853/227 1767/2747/212 1763/2749/207
f 1790/2782/235 1759/2751/213 1767/2747/212
f 1782/2778/232 1779/2765/224 1787/2776/231
f 1779/2765/224 1791/2854/233 1787/2776/231
f 1775/2855/219 1783/2783/236 1791/2779/233
f 1769/2856/216 1820/2817/262 1817/2819/264
f 1773/2857/215 1824/2820/268 1820/2822/262
f 1824/2820/268 1771/2766/225 1818/2824/269
f 1829/2837/276 1784/2770/226 1781/2772/228
f 1833/2858/275 1788/2777/229 1784/2773/226
f 1838/2846/283 1782/2778/232 1788/2777/229
f 1830/2842/280 1827/2829/272 1835/2840/279
f 1827/2859/272 1839/2843/281 1835/2845/279
f 1823/2823/267 1831/2847/284 1839/2843/281
f 1817/2819/264 1796/2786/238 1793/2788/240
f 1821/2818/263 1800/2789/241 1796/2786/238
f 1800/2792/241 1819/2830/273 1794/2793/244
f 1805/2804/252 1832/2835/274 1829/2837/276
f 1809/2803/251 1836/2860/277 1832/2835/274
f 1836/2841/277 1807/2814/261 1830/2842/280
f 1806/2809/257 1803/2797/245 1811/2807/255
f 1803/2797/245 1815/2861/260 1811/2807/255
f 1799/2791/243 1807/2814/261 1815/2813/260
f 1745/2725/192 1797/2787/239 1748/2723/190
f 1797/2787/239 1752/2726/193 1748/2723/190
f 1802/2796/247 1746/2730/196 1752/2729/193
f 1758/2746/208 1808/2802/250 1805/2804/252
f 1764/2742/205 1812/2808/256 1808/2862/250
f 1760/2739/202 1806/2809/257 1812/2808/256
f 1817/2819/264 1745/2725/192 1769/2856/216
f 1759/2751/213 1770/2863/221 1747/2852/200
f 1806/2809/257 1746/2730/196 1795/2798/248
f 1781/2772/228 1805/2804/252 1829/2837/276
f 1782/2778/232 1818/2824/269 1771/2766/225
f 1830/2842/280 1794/2793/244 1819/2830/273
f 1844/2864/190 1845/2865/191 1841/2866/192
f 1844/2864/190 1849/2867/286 1846/2868/320
f 1847/2869/195 1848/2870/193 1842/2871/196
f 1851/2872/197 1849/2873/286 1847/2869/195
f 1850/2874/199 1851/2875/197 1843/2876/200
f 1850/2874/199 1846/2877/320 1852/2878/311
f 1846/2877/320 1849/2879/286 1852/2878/311
f 1856/2880/202 1857/2881/203 1853/2882/204
f 1856/2880/202 1861/2883/287 1858/2884/206
f 1859/2885/207 1860/2886/205 1854/2887/208
f 1863/2888/212 1861/2889/287 1859/2890/207
f 1862/2891/211 1863/2888/212 1855/2892/213
f 1862/2891/211 1858/2893/206 1864/2894/209
f 1858/2893/206 1861/2889/287 1864/2894/209
f 1868/2895/214 1869/2896/215 1865/2897/216
f 1872/2898/220 1870/2899/218 1868/2895/214
f 1871/2900/219 1872/2898/220 1866/2901/221
f 1871/2902/219 1876/2903/288 1873/2904/313
f 1874/2905/223 1875/2906/224 1867/2907/225
f 1874/2905/223 1870/2908/218 1876/2903/288
f 1870/2899/218 1873/2909/313 1876/2910/288
f 1880/2911/226 1881/2912/227 1877/2913/228
f 1884/2914/229 1882/2915/289 1880/2916/226
f 1883/2917/231 1884/2914/229 1878/2918/232
f 1883/2919/231 1888/2920/237 1885/2921/297
f 1886/2922/235 1887/2923/233 1879/2924/236
f 1886/2922/235 1882/2925/289 1888/2920/237
f 1882/2925/289 1885/2921/297 1888/2920/237
f 1892/2926/238 1893/2927/239 1889/2928/240
f 1896/2929/241 1894/2930/290 1892/2926/238
f 1895/2931/243 1896/2932/241 1890/2933/244
f 1899/2934/245 1897/2935/315 1895/2931/243
f 1898/2936/247 1899/2937/245 1891/2938/248
f 1893/2927/239 1900/2939/299 1898/2940/247
f 1894/2930/290 1897/2941/315 1900/2939/299
f 1904/2942/250 1905/2943/251 1901/2944/252
f 1904/2942/250 1909/2945/253 1906/2946/317
f 1907/2947/255 1908/2948/256 1902/2949/257
f 1907/2947/255 1912/2950/258 1909/2951/253
f 1910/2952/259 1911/2953/260 1903/2954/261
f 1910/2955/259 1906/2946/317 1912/2956/258
f 1906/2946/317 1909/2945/253 1912/2956/258
f 1916/2957/262 1917/2958/263 1913/2959/264
f 1916/2960/262 1921/2961/301 1918/2962/322
f 1919/2963/267 1920/2964/268 1914/2965/269
f 1919/2966/267 1924/2967/318 1921/2968/301
f 1922/2969/271 1923/2970/272 1915/2971/273
f 1922/2972/271 1918/2973/322 1924/2974/318
f 1918/2975/322 1921/2968/301 1924/2967/318
f 1928/2976/274 1929/2977/275 1925/2978/276
f 1932/2979/277 1930/2980/294 1928/2976/274
f 1931/2981/279 1932/2982/277 1926/2983/280
f 1935/2984/281 1933/2985/282 1931/2986/279
f 1934/2987/283 1935/2984/281 1927/2988/284
f 1934/2989/283 1930/2980/294 1936/2990/285
f 1930/2980/294 1933/2991/282 1936/2990/285
f 1841/2992/192 1868/2895/214 1865/2897/216
f 1845/2993/191 1872/2898/220 1868/2895/214
f 1872/2898/220 1843/2876/200 1866/2901/221
f 1853/2882/204 1847/2869/195 1842/2871/196
f 1857/2881/203 1851/2872/197 1847/2869/195
f 1862/2891/211 1843/2994/200 1851/2995/197
f 1877/2913/228 1859/2885/207 1854/2887/208
f 1881/2996/227 1863/2888/212 1859/2890/207
f 1886/2922/235 1855/2892/213 1863/2888/212
f 1867/2907/225 1883/2917/231 1878/2918/232
f 1875/2906/224 1887/2997/233 1883/2917/231
f 1871/2998/219 1879/2924/236 1887/2923/233
f 1865/2999/216 1916/2957/262 1913/2959/264
f 1869/3000/215 1920/2964/268 1916/2960/262
f 1874/2905/223 1914/2965/269 1920/2964/268
f 1877/2913/228 1929/2977/275 1880/2911/226
f 1880/2916/226 1934/2987/283 1884/2914/229
f 1934/2987/283 1878/2918/232 1884/2914/229
f 1915/2971/273 1931/2981/279 1926/2983/280
f 1931/2986/279 1919/2963/267 1935/2984/281
f 1935/2984/281 1914/2965/269 1927/2988/284
f 1913/2959/264 1892/2926/238 1889/2928/240
f 1917/2958/263 1896/2929/241 1892/2926/238
f 1896/2932/241 1915/2971/273 1890/2933/244
f 1901/2944/252 1928/2976/274 1925/2978/276
f 1905/2943/251 1932/2979/277 1928/2976/274
f 1932/2982/277 1903/2954/261 1926/2983/280
f 1891/2938/248 1907/2947/255 1902/2949/257
f 1907/2947/255 1895/3001/243 1911/3002/260
f 1895/2931/243 1903/2954/261 1911/2953/260
f 1889/2928/240 1844/2864/190 1841/2866/192
f 1844/2864/190 1898/2940/247 1848/3003/193
f 1898/2936/247 1842/2871/196 1848/2870/193
f 1854/2887/208 1904/2942/250 1901/2944/252
f 1860/3004/205 1908/2948/256 1904/3005/250
f 1856/2880/202 1902/2949/257 1908/2948/256
f 1913/2959/264 1841/2866/192 1865/2999/216
f 1855/2892/213 1866/3006/221 1843/2994/200
f 1902/2949/257 1842/2871/196 1891/2938/248
f 1877/2913/228 1901/2944/252 1925/2978/276
f 1878/2918/232 1914/2965/269 1867/2907/225
f 1926/2983/280 1890/2933/244 1915/2971/273
f 1940/3007/190 1941/3008/191 1937/3009/192
f 1944/3010/193 1942/3011/302 1940/3007/190
f 1943/3012/195 1944/3013/193 1938/3014/196
f 1947/3015/197 1945/3016/198 1943/3012/195
f 1946/3017/199 1947/3018/197 1939/3019/200
f 1946/3017/199 1942/3020/302 1948/3021/311
f 1942/3020/302 1945/3022/198 1948/3021/311
f 1952/3023/202 1953/3024/203 1949/3025/204
f 1952/3023/202 1957/3026/287 1954/3027/295
f 1955/3028/207 1956/3029/205 1950/3030/208
f 1955/3031/207 1960/3032/209 1957/3033/287
f 1958/3034/211 1959/3035/212 1951/3036/213
f 1953/3037/203 1960/3032/209 1958/3034/211
f 1954/3038/295 1957/3033/287 1960/3032/209
f 1964/3039/214 1965/3040/215 1961/3041/216
f 1968/3042/220 1966/3043/296 1964/3039/214
f 1967/3044/219 1968/3042/220 1962/3045/221
f 1967/3046/219 1972/3047/288 1969/3048/313
f 1970/3049/223 1971/3050/224 1963/3051/225
f 1970/3049/223 1966/3052/296 1972/3047/288
f 1966/3043/296 1969/3053/313 1972/3054/288
f 1976/3055/226 1977/3056/227 1973/3057/228
f 1980/3058/229 1978/3059/289 1976/3060/226
f 1979/3061/231 1980/3058/229 1974/3062/232
f 1983/3063/233 1981/3064/297 1979/3065/231
f 1982/3066/235 1983/3063/233 1975/3067/236
f 1977/3068/227 1984/3069/237 1982/3066/235
f 1978/3070/289 1981/3064/297 1984/3069/237
f 1988/3071/238 1989/3072/239 1985/3073/240
f 1992/3074/241 1990/3075/242 1988/3071/238
f 1991/3076/243 1992/3077/241 1986/3078/244
f 1995/3079/245 1993/3080/315 1991/3076/243
f 1994/3081/247 1995/3082/245 1987/3083/248
f 1994/3084/247 1990/3075/242 1996/3085/291
f 1990/3075/242 1993/3086/315 1996/3085/291
f 2000/3087/250 2001/3088/251 1997/3089/252
f 2000/3087/250 2005/3090/253 2002/3091/254
f 2003/3092/255 2004/3093/256 1998/3094/257
f 2007/3095/260 2005/3096/253 2003/3092/255
f 2006/3097/259 2007/3098/260 1999/3099/261
f 2001/3088/251 2008/3100/258 2006/3101/259
f 2002/3091/254 2005/3090/253 2008/3100/258
f 2012/3102/262 2013/3103/263 2009/3104/264
f 2016/3105/268 2014/3106/293 2012/3107/262
f 2015/3108/267 2016/3105/268 2010/3109/269
f 2015/3110/267 2020/3111/318 2017/3112/265
f 2018/3113/271 2019/3114/272 2011/3115/273
f 2018/3116/271 2014/3117/293 2020/3118/318
f 2014/3119/293 2017/3112/265 2020/3111/318
f 2024/3120/274 2025/3121/275 2021/3122/276
f 2028/3123/277 2026/3124/309 2024/3120/274
f 2027/3125/279 2028/3126/277 2022/3127/280
f 2027/3128/279 2032/3129/285 2029/3130/282
f 2030/3131/283 2031/3132/281 2023/3133/284
f 2025/3121/275 2032/3134/285 2030/3135/283
f 2026/3124/309 2029/3136/282 2032/3134/285
f 1937/3137/192 1964/3039/214 1961/3041/216
f 1941/3138/191 1968/3042/220 1964/3039/214
f 1968/3042/220 1939/3019/200 1962/3045/221
f 1949/3025/204 1943/3012/195 1938/3014/196
f 1953/3024/203 1947/3015/197 1943/3012/195
f 1958/3034/211 1939/3139/200 1947/3140/197
f 1973/3057/228 1955/3028/207 1950/3030/208
f 1977/3068/227 1959/3035/212 1955/3031/207
f 1982/3066/235 1951/3036/213 1959/3035/212
f 1963/3051/225 1979/3061/231 1974/3062/232
f 1979/3061/231 1967/3046/219 1983/3141/233
f 1967/3142/219 1975/3067/236 1983/3063/233
f 1961/3143/216 2012/3102/262 2009/3104/264
f 1965/3144/215 2016/3105/268 2012/3107/262
f 1970/3049/223 2010/3109/269 2016/3105/268
f 1973/3057/228 2025/3121/275 1976/3055/226
f 1976/3060/226 2030/3131/283 1980/3058/229
f 1980/3058/229 2023/3133/284 1974/3062/232
f 2022/3127/280 2019/3114/272 2027/3125/279
f 2019/3145/272 2031/3132/281 2027/3128/279
f 2015/3108/267 2023/3133/284 2031/3132/281
f 2009/3104/264 1988/3071/238 1985/3073/240
f 2013/3103/263 1992/3074/241 1988/3071/238
f 1992/3077/241 2011/3115/273 1986/3078/244
f 1997/3089/252 2024/3120/274 2021/3122/276
f 2001/3088/251 2028/3123/277 2024/3120/274
f 2028/3126/277 1999/3099/261 2022/3127/280
f 1987/3083/248 2003/3092/255 1998/3094/257
f 1995/3082/245 2007/3095/260 2003/3092/255
f 1991/3076/243 1999/3099/261 2007/3098/260
f 1985/3073/240 1940/3007/190 1937/3009/192
f 1940/3007/190 1994/3084/247 1944/3010/193
f 1994/3081/247 1938/3014/196 1944/3013/193
f 1950/3030/208 2000/3087/250 1997/3089/252
f 1956/3146/205 2004/3093/256 2000/3147/250
f 1952/3023/202 1998/3094/257 2004/3093/256
f 2009/3104/264 1937/3009/192 1961/3143/216
f 1951/3036/213 1962/3148/221 1939/3139/200
f 1998/3094/257 1938/3014/196 1987/3083/248
f 1973/3057/228 1997/3089/252 2021/3122/276
f 1974/3062/232 2010/3109/269 1963/3051/225
f 2022/3127/280 1986/3078/244 2011/3115/273
f 2033/3149/1 2037/3150/97 2039/3151/3
f 2034/3152/4 2037/3153/98 2036/3154/99
f 2035/3155/7 2037/3150/100 2038/3156/9
f 2040/3157/10 2044/3158/101 2046/3159/12
f 2041/3160/13 2044/3161/102 2043/3162/103
f 2042/3163/16 2044/3164/104 2045/3165/105
f 2047/3166/19 2051/3167/106 2053/3168/107
f 2048/3169/22 2051/3167/108 2050/3170/109
f 2049/3171/25 2051/3172/110 2052/3173/27
f 2054/3174/28 2058/3175/111 2060/3176/30
f 2055/3177/31 2058/3178/112 2057/3179/113
f 2056/3180/34 2058/3181/114 2059/3182/36
f 2061/3183/37 2065/3184/115 2067/3185/116
f 2062/3186/40 2065/3187/117 2064/3188/118
f 2063/3189/43 2065/3190/119 2066/3191/45
f 2068/3192/46 2072/3193/120 2074/3194/48
f 2069/3195/49 2072/3196/121 2071/3197/122
f 2070/3198/52 2072/3199/123 2073/3200/54
f 2075/3201/55 2079/3202/124 2081/3203/57
f 2076/3204/58 2079/3205/125 2078/3206/126
f 2077/3207/61 2079/3208/127 2080/3209/63
f 2082/3210/64 2086/3211/128 2088/3212/129
f 2083/3213/67 2086/3214/130 2085/3215/131
f 2084/3216/70 2086/3217/132 2087/3218/72
f 2033/3149/1 2050/3170/73 2047/3166/19
f 2039/3151/74 2048/3169/22 2050/3170/109
f 2040/3157/10 2038/3219/75 2034/3152/4
f 2038/3220/9 2042/3163/16 2035/3221/7
f 2054/3174/28 2045/3222/77 2041/3160/13
f 2060/3223/78 2042/3163/16 2045/3165/105
f 2049/3171/25 2059/3224/79 2055/3177/31
f 2052/3225/80 2056/3180/34 2059/3182/36
f 2047/3226/19 2078/3227/133 2075/3201/55
f 2053/3228/134 2076/3204/58 2078/3206/126
f 2082/3210/64 2057/3229/135 2054/3174/28
f 2088/3230/136 2055/3177/31 2057/3179/113
f 2077/3207/61 2087/3231/85 2083/3213/67
f 2080/3232/86 2084/3216/70 2087/3218/72
f 2075/3201/55 2064/3233/87 2061/3183/37
f 2081/3234/88 2062/3186/40 2064/3188/118
f 2068/3192/46 2085/3235/89 2082/3210/64
f 2074/3236/90 2083/3213/67 2085/3215/131
f 2063/3189/43 2073/3237/91 2069/3195/49
f 2066/3238/92 2070/3198/52 2073/3200/54
f 2061/3183/37 2036/3239/137 2033/3240/1
f 2067/3241/138 2034/3152/4 2036/3154/99
f 2041/3160/13 2071/3242/139 2068/3192/46
f 2043/3243/140 2069/3195/49 2071/3197/122
f 2075/3201/55 2033/3240/1 2047/3226/19
f 2042/3163/16 2048/3244/22 2035/3221/7
f 2069/3195/49 2034/3152/4 2063/3189/43
f 2054/3174/28 2068/3192/46 2082/3210/64
f 2055/3177/31 2076/3204/58 2049/3171/25
f 2083/3213/67 2062/3186/40 2077/3207/61
f 2089/3245/1 2093/3246/97 2095/3247/3
f 2090/3248/4 2093/3249/98 2092/3250/99
f 2091/3251/7 2093/3246/100 2094/3252/9
f 2096/3253/10 2100/3254/101 2102/3255/12
f 2097/3256/13 2100/3257/141 2099/3258/103
f 2098/3259/16 2100/3260/104 2101/3261/105
f 2103/3262/19 2107/3263/142 2109/3264/107
f 2104/3265/22 2107/3263/108 2106/3266/109
f 2105/3267/25 2107/3268/110 2108/3269/27
f 2110/3270/28 2114/3271/111 2116/3272/30
f 2111/3273/31 2114/3274/112 2113/3275/113
f 2112/3276/34 2114/3277/114 2115/3278/36
f 2117/3279/37 2121/3280/115 2123/3281/116
f 2118/3282/40 2121/3283/117 2120/3284/118
f 2119/3285/43 2121/3286/119 2122/3287/45
f 2124/3288/46 2128/3289/143 2130/3290/48
f 2125/3291/49 2128/3292/121 2127/3293/122
f 2126/3294/52 2128/3295/123 2129/3296/54
f 2131/3297/55 2135/3298/144 2137/3299/57
f 2132/3300/58 2135/3301/125 2134/3302/126
f 2133/3303/61 2135/3304/127 2136/3305/63
f 2138/3306/64 2142/3307/128 2144/3308/129
f 2139/3309/67 2142/3310/130 2141/3311/131
f 2140/3312/70 2142/3313/132 2143/3314/72
f 2089/3245/1 2106/3266/73 2103/3262/19
f 2095/3247/74 2104/3265/22 2106/3266/109
f 2096/3253/10 2094/3315/75 2090/3248/4
f 2102/3316/76 2091/3317/7 2094/3318/9
f 2110/3270/28 2101/3319/77 2097/3256/13
f 2116/3320/78 2098/3259/16 2101/3261/105
f 2105/3267/25 2115/3321/79 2111/3273/31
f 2108/3322/80 2112/3276/34 2115/3278/36
f 2103/3323/19 2134/3324/133 2131/3297/55
f 2109/3325/134 2132/3300/58 2134/3302/126
f 2138/3306/64 2113/3326/135 2110/3270/28
f 2144/3327/136 2111/3273/31 2113/3275/113
f 2133/3303/61 2143/3328/85 2139/3309/67
f 2136/3329/86 2140/3312/70 2143/3314/72
f 2131/3297/55 2120/3330/87 2117/3279/37
f 2137/3331/88 2118/3282/40 2120/3284/118
f 2124/3288/46 2141/3332/89 2138/3306/64
f 2130/3333/90 2139/3309/67 2141/3311/131
f 2119/3285/43 2129/3334/91 2125/3291/49
f 2122/3335/92 2126/3294/52 2129/3296/54
f 2117/3279/37 2092/3336/137 2089/3337/1
f 2123/3338/138 2090/3248/4 2092/3250/99
f 2097/3256/13 2127/3339/139 2124/3288/46
f 2099/3340/140 2125/3291/49 2127/3293/122
f 2131/3297/55 2089/3337/1 2103/3323/19
f 2098/3259/16 2104/3341/22 2091/3317/7
f 2125/3291/49 2090/3248/4 2119/3285/43
f 2110/3270/28 2124/3288/46 2138/3306/64
f 2111/3273/31 2132/3300/58 2105/3267/25
f 2139/3309/67 2118/3282/40 2133/3303/61
f 2145/3342/1 2149/3343/145 2151/3344/146
f 2146/3345/4 2149/3346/5 2148/3347/6
f 2147/3348/7 2149/3343/8 2150/3349/324
f 2152/3350/10 2156/3351/11 2158/3352/12
f 2153/3353/13 2156/3354/102 2155/3355/103
f 2154/3356/16 2156/3357/17 2157/3358/18
f 2159/3359/19 2163/3360/147 2165/3361/107
f 2160/3362/22 2163/3360/23 2162/3363/24
f 2161/3364/25 2163/3365/26 2164/3366/27
f 2166/3367/28 2170/3368/111 2172/3369/148
f 2167/3370/31 2170/3371/32 2169/3372/33
f 2168/3373/34 2170/3374/35 2171/3375/36
f 2173/3376/37 2177/3377/150 2179/3378/116
f 2174/3379/40 2177/3380/41 2176/3381/42
f 2175/3382/43 2177/3383/44 2178/3384/45
f 2180/3385/46 2184/3386/143 2186/3387/151
f 2181/3388/49 2184/3389/50 2183/3390/51
f 2182/3391/52 2184/3392/53 2185/3393/325
f 2187/3394/55 2191/3395/152 2193/3396/153
f 2188/3397/58 2191/3398/59 2190/3399/60
f 2189/3400/61 2191/3401/62 2192/3402/63
f 2194/3403/64 2198/3404/128 2200/3405/129
f 2195/3406/67 2198/3407/68 2197/3408/69
f 2196/3409/70 2198/3410/71 2199/3411/72
f 2145/3342/1 2162/3363/155 2159/3359/19
f 2162/3363/24 2147/3348/7 2160/3362/22
f 2152/3350/10 2150/3412/75 2146/3345/4
f 2158/3413/326 2147/3414/7 2150/3415/324
f 2166/3367/28 2157/3416/156 2153/3353/13
f 2172/3417/157 2154/3356/16 2157/3358/18
f 2161/3364/25 2171/3418/79 2167/3370/31
f 2164/3419/80 2168/3373/34 2171/3375/36
f 2159/3420/19 2190/3421/159 2187/3394/55
f 2165/3422/82 2188/3397/58 2190/3399/60
f 2194/3403/64 2169/3423/160 2166/3367/28
f 2200/3424/84 2167/3370/31 2169/3372/33
f 2189/3400/61 2199/3425/85 2195/3406/67
f 2199/3411/72 2188/3397/58 2196/3409/70
f 2187/3394/55 2176/3426/162 2173/3376/37
f 2193/3427/163 2174/3379/40 2176/3381/42
f 2180/3385/46 2197/3428/164 2194/3403/64
f 2186/3429/165 2195/3406/67 2197/3408/69
f 2175/3382/43 2185/3430/91 2181/3388/49
f 2178/3431/327 2182/3391/52 2185/3393/325
f 2173/3376/37 2148/3432/166 2145/3433/1
f 2179/3434/94 2146/3345/4 2148/3347/6
f 2153/3353/13 2183/3435/167 2180/3385/46
f 2155/3436/96 2181/3388/49 2183/3390/51
f 2187/3394/55 2145/3433/1 2159/3420/19
f 2154/3356/16 2160/3437/22 2147/3414/7
f 2181/3388/49 2146/3345/4 2175/3382/43
f 2166/3367/28 2180/3385/46 2194/3403/64
f 2167/3370/31 2188/3397/58 2161/3364/25
f 2195/3406/67 2174/3379/40 2189/3400/61
f 2201/3438/1 2205/3439/145 2207/3440/3
f 2202/3441/4 2205/3442/5 2204/3443/6
f 2203/3444/7 2205/3439/8 2206/3445/9
f 2208/3446/10 2212/3447/11 2214/3448/12
f 2209/3449/13 2212/3450/168 2211/3451/15
f 2210/3452/16 2212/3453/17 2213/3454/18
f 2215/3455/19 2219/3456/147 2221/3457/21
f 2216/3458/22 2219/3456/23 2218/3459/24
f 2217/3460/25 2219/3461/26 2220/3462/27
f 2222/3463/28 2226/3464/169 2228/3465/30
f 2223/3466/31 2226/3467/32 2225/3468/33
f 2224/3469/34 2226/3470/35 2227/3471/36
f 2229/3472/37 2233/3473/150 2235/3474/39
f 2230/3475/40 2233/3476/41 2232/3477/42
f 2231/3478/43 2233/3479/44 2234/3480/45
f 2236/3481/46 2240/3482/170 2242/3483/48
f 2237/3484/49 2240/3485/50 2239/3486/51
f 2238/3487/52 2240/3488/53 2241/3489/54
f 2243/3490/55 2247/3491/152 2249/3492/57
f 2244/3493/58 2247/3494/59 2246/3495/60
f 2245/3496/61 2247/3497/62 2248/3498/63
f 2250/3499/64 2254/3500/171 2256/3501/66
f 2251/3502/67 2254/3503/68 2253/3504/69
f 2252/3505/70 2254/3506/71 2255/3507/72
f 2201/3438/1 2218/3459/73 2215/3455/19
f 2207/3440/172 2216/3458/22 2218/3459/24
f 2208/3446/10 2206/3508/75 2202/3441/4
f 2206/3509/9 2210/3452/16 2203/3510/7
f 2222/3463/28 2213/3511/77 2209/3449/13
f 2228/3512/157 2210/3452/16 2213/3454/18
f 2223/3466/31 2220/3462/27 2227/3513/79
f 2220/3514/80 2224/3469/34 2227/3471/36
f 2215/3515/19 2246/3516/81 2243/3490/55
f 2221/3517/82 2244/3493/58 2246/3495/60
f 2250/3499/64 2225/3518/83 2222/3463/28
f 2256/3519/84 2223/3466/31 2225/3468/33
f 2251/3502/67 2248/3498/63 2255/3520/85
f 2248/3521/86 2252/3505/70 2255/3507/72
f 2243/3490/55 2232/3522/87 2229/3472/37
f 2249/3523/163 2230/3475/40 2232/3477/42
f 2236/3481/46 2253/3524/89 2250/3499/64
f 2242/3525/165 2251/3502/67 2253/3504/69
f 2231/3478/43 2241/3526/91 2237/3484/49
f 2234/3527/92 2238/3487/52 2241/3489/54
f 2229/3472/37 2204/3528/93 2201/3529/1
f 2235/3530/94 2202/3441/4 2204/3443/6
f 2209/3449/13 2239/3531/95 2236/3481/46
f 2211/3532/96 2237/3484/49 2239/3486/51
f 2243/3490/55 2201/3529/1 2215/3515/19
f 2210/3452/16 2216/3533/22 2203/3510/7
f 2237/3484/49 2202/3441/4 2231/3478/43
f 2222/3463/28 2236/3481/46 2250/3499/64
f 2223/3466/31 2244/3493/58 2217/3460/25
f 2251/3502/67 2230/3475/40 2245/3496/61
f 2257/3534/1 2261/3535/97 2263/3536/146
f 2258/3537/4 2261/3538/5 2260/3539/6
f 2259/3540/7 2261/3535/8 2262/3541/324
f 2264/3542/10 2268/3543/11 2270/3544/12
f 2265/3545/13 2268/3546/168 2267/3547/15
f 2266/3548/16 2268/3549/17 2269/3550/18
f 2271/3551/19 2275/3552/106 2277/3553/107
f 2272/3554/22 2275/3552/23 2274/3555/24
f 2273/3556/25 2275/3557/26 2276/3558/27
f 2278/3559/28 2282/3560/169 2284/3561/148
f 2279/3562/31 2282/3563/32 2281/3564/33
f 2280/3565/34 2282/3566/35 2283/3567/36
f 2285/3568/37 2289/3569/115 2291/3570/116
f 2286/3571/40 2289/3572/41 2288/3573/42
f 2287/3574/43 2289/3575/44 2290/3576/45
f 2292/3577/46 2296/3578/170 2298/3579/151
f 2293/3580/49 2296/3581/50 2295/3582/51
f 2294/3583/52 2296/3584/53 2297/3585/54
f 2299/3586/55 2303/3587/144 2305/3588/153
f 2300/3589/58 2303/3590/59 2302/3591/60
f 2301/3592/61 2303/3593/62 2304/3594/63
f 2306/3595/64 2310/3596/171 2312/3597/66
f 2307/3598/67 2310/3599/68 2309/3600/69
f 2308/3601/70 2310/3602/71 2311/3603/328
f 2257/3534/1 2274/3555/155 2271/3551/19
f 2263/3536/172 2272/3554/22 2274/3555/24
f 2264/3542/10 2262/3604/75 2258/3537/4
f 2270/3605/76 2259/3606/7 2262/3607/324
f 2278/3559/28 2269/3608/156 2265/3545/13
f 2284/3609/157 2266/3548/16 2269/3550/18
f 2273/3556/25 2283/3610/329 2279/3562/31
f 2276/3611/80 2280/3565/34 2283/3567/36
f 2271/3612/19 2302/3613/159 2299/3586/55
f 2277/3614/82 2300/3589/58 2302/3591/60
f 2306/3595/64 2281/3615/83 2278/3559/28
f 2312/3616/84 2279/3562/31 2281/3564/33
f 2301/3592/61 2311/3617/85 2307/3598/67
f 2304/3618/86 2308/3601/70 2311/3603/328
f 2299/3586/55 2288/3619/162 2285/3568/37
f 2305/3620/163 2286/3571/40 2288/3573/42
f 2292/3577/46 2309/3621/164 2306/3595/64
f 2298/3622/165 2307/3598/67 2309/3600/69
f 2293/3580/49 2290/3576/45 2297/3623/91
f 2290/3624/327 2294/3583/52 2297/3585/54
f 2285/3568/37 2260/3625/166 2257/3626/1
f 2291/3627/94 2258/3537/4 2260/3539/6
f 2265/3545/13 2295/3628/95 2292/3577/46
f 2267/3629/96 2293/3580/49 2295/3582/51
f 2299/3586/55 2257/3626/1 2271/3612/19
f 2259/3606/7 2280/3565/34 2272/3630/22
f 2293/3580/49 2258/3537/4 2287/3574/43
f 2278/3559/28 2292/3577/46 2306/3595/64
f 2279/3562/31 2300/3589/58 2273/3556/25
f 2307/3598/67 2286/3571/40 2301/3592/61
f 2313/3631/1 2317/3632/145 2319/3633/3
f 2314/3634/4 2317/3635/5 2316/3636/6
f 2315/3637/7 2317/3632/8 2318/3638/9
f 2320/3639/10 2324/3640/11 2326/3641/12
f 2321/3642/13 2324/3643/14 2323/3644/103
f 2322/3645/16 2324/3646/17 2325/3647/18
f 2327/3648/19 2331/3649/147 2333/3650/21
f 2328/3651/22 2331/3649/23 2330/3652/24
f 2329/3653/25 2331/3654/26 2332/3655/27
f 2334/3656/28 2338/3657/29 2340/3658/148
f 2335/3659/31 2338/3660/32 2337/3661/33
f 2336/3662/34 2338/3663/35 2339/3664/36
f 2341/3665/37 2345/3666/150 2347/3667/39
f 2342/3668/40 2345/3669/41 2344/3670/42
f 2343/3671/43 2345/3672/44 2346/3673/45
f 2348/3674/46 2352/3675/47 2354/3676/151
f 2349/3677/49 2352/3678/50 2351/3679/51
f 2350/3680/52 2352/3681/53 2353/3682/54
f 2355/3683/55 2359/3684/152 2361/3685/57
f 2356/3686/58 2359/3687/59 2358/3688/60
f 2357/3689/61 2359/3690/62 2360/3691/63
f 2362/3692/64 2366/3693/65 2368/3694/129
f 2363/3695/67 2366/3696/68 2365/3697/69
f 2364/3698/70 2366/3699/71 2367/3700/72
f 2313/3631/1 2330/3652/73 2327/3648/19
f 2319/3633/172 2328/3651/22 2330/3652/24
f 2320/3639/10 2318/3701/75 2314/3634/4
f 2326/3702/76 2315/3703/7 2318/3704/9
f 2334/3656/28 2325/3705/156 2321/3642/13
f 2340/3706/157 2322/3645/16 2325/3647/18
f 2329/3653/25 2339/3707/79 2335/3659/31
f 2332/3708/80 2336/3662/34 2339/3664/36
f 2327/3709/19 2358/3710/81 2355/3683/55
f 2333/3711/82 2356/3686/58 2358/3688/60
f 2362/3692/64 2337/3712/175 2334/3656/28
f 2368/3713/84 2335/3659/31 2337/3661/33
f 2357/3689/61 2367/3714/85 2363/3695/67
f 2360/3715/86 2364/3698/70 2367/3700/72
f 2355/3683/55 2344/3716/87 2341/3665/37
f 2361/3717/163 2342/3668/40 2344/3670/42
f 2348/3674/46 2365/3718/164 2362/3692/64
f 2354/3719/165 2363/3695/67 2365/3697/69
f 2343/3671/43 2353/3720/91 2349/3677/49
f 2346/3721/92 2350/3680/52 2353/3682/54
f 2341/3665/37 2316/3722/93 2313/3723/1
f 2347/3724/94 2314/3634/4 2316/3636/6
f 2321/3642/13 2351/3725/176 2348/3674/46
f 2323/3726/96 2349/3677/49 2351/3679/51
f 2355/3683/55 2313/3723/1 2327/3709/19
f 2322/3645/16 2328/3727/22 2315/3703/7
f 2349/3677/49 2314/3634/4 2343/3671/43
f 2334/3656/28 2348/3674/46 2362/3692/64
f 2335/3659/31 2356/3686/58 2329/3653/25
f 2363/3695/67 2342/3668/40 2357/3689/61
f 2369/3728/1 2373/3729/145 2375/3730/3
f 2370/3731/4 2373/3732/5 2372/3733/6
f 2371/3734/7 2373/3729/100 2374/3735/9
f 2376/3736/10 2380/3737/11 2382/3738/12
f 2377/3739/13 2380/3740/168 2379/3741/15
f 2378/3742/16 2380/3743/17 2381/3744/18
f 2383/3745/19 2387/3746/147 2389/3747/21
f 2384/3748/22 2387/3746/108 2386/3749/109
f 2385/3750/25 2387/3751/26 2388/3752/27
f 2390/3753/28 2394/3754/169 2396/3755/30
f 2391/3756/31 2394/3757/32 2393/3758/33
f 2392/3759/34 2394/3760/35 2395/3761/36
f 2397/3762/37 2401/3763/150 2403/3764/39
f 2398/3765/40 2401/3766/117 2400/3767/118
f 2399/3768/43 2401/3769/44 2402/3770/45
f 2404/3771/46 2408/3772/170 2410/3773/48
f 2405/3774/49 2408/3775/50 2407/3776/51
f 2406/3777/52 2408/3778/53 2409/3779/54
f 2411/3780/55 2415/3781/152 2417/3782/57
f 2412/3783/58 2415/3784/59 2414/3785/60
f 2413/3786/61 2415/3787/127 2416/3788/63
f 2418/3789/64 2422/3790/171 2424/3791/66
f 2419/3792/67 2422/3793/68 2421/3794/69
f 2420/3795/70 2422/3796/71 2423/3797/72
f 2369/3728/1 2386/3749/73 2383/3745/19
f 2375/3730/74 2384/3748/22 2386/3749/109
f 2376/3736/10 2374/3798/75 2370/3731/4
f 2382/3799/76 2371/3800/7 2374/3801/9
f 2390/3753/28 2381/3802/77 2377/3739/13
f 2396/3803/157 2378/3742/16 2381/3744/18
f 2385/3750/25 2395/3804/79 2391/3756/31
f 2388/3805/80 2392/3759/34 2395/3761/36
f 2383/3806/19 2414/3807/81 2411/3780/55
f 2389/3808/82 2412/3783/58 2414/3785/60
f 2418/3789/64 2393/3809/83 2390/3753/28
f 2424/3810/84 2391/3756/31 2393/3758/33
f 2413/3786/61 2423/3811/85 2419/3792/67
f 2416/3812/86 2420/3795/70 2423/3797/72
f 2411/3780/55 2400/3813/87 2397/3762/37
f 2417/3814/88 2398/3765/40 2400/3767/118
f 2404/3771/46 2421/3815/89 2418/3789/64
f 2410/3816/165 2419/3792/67 2421/3794/69
f 2399/3768/43 2409/3817/91 2405/3774/49
f 2402/3818/92 2406/3777/52 2409/3779/54
f 2397/3762/37 2372/3819/93 2369/3820/1
f 2403/3821/94 2370/3731/4 2372/3733/6
f 2377/3739/13 2407/3822/95 2404/3771/46
f 2379/3823/96 2405/3774/49 2407/3776/51
f 2411/3780/55 2369/3820/1 2383/3806/19
f 2378/3742/16 2384/3824/22 2371/3800/7
f 2405/3774/49 2370/3731/4 2399/3768/43
f 2390/3753/28 2404/3771/46 2418/3789/64
f 2391/3756/31 2412/3783/58 2385/3750/25
f 2419/3792/67 2398/3765/40 2413/3786/61
f 2425/3825/330 2427/3826/330 2428/3827/330
f 2429/3828/178 2426/3829/178 2425/3830/178
f 2433/3831/331 2430/3832/332 2429/3833/333
f 2430/3834/188 2427/3835/188 2426/3836/188
f 2434/3837/334 2431/3838/335 2430/3832/332
f 2431/3839/185 2428/3840/185 2427/3841/185
f 2435/3842/336 2432/3843/337 2431/3838/335
f 2432/3844/182 2425/3845/182 2428/3846/182
f 2436/3847/338 2429/3833/333 2432/3843/337
f 2436/3847/338 2434/3837/334 2433/3831/331
f 2440/3848/190 2441/3849/191 2437/3850/192
f 2440/3848/190 2445/3851/198 2442/3852/339
f 2443/3853/195 2444/3854/193 2438/3855/196
f 2447/3856/197 2445/3857/198 2443/3853/195
f 2446/3858/199 2447/3859/197 2439/3860/200
f 2441/3861/191 2448/3862/201 2446/3858/199
f 2442/3863/339 2445/3864/198 2448/3862/201
f 2452/3865/202 2453/3866/203 2449/3867/204
f 2456/3868/205 2454/3869/206 2452/3865/202
f 2455/3870/207 2456/3871/205 2450/3872/208
f 2455/3873/207 2460/3874/209 2457/3875/210
f 2458/3876/211 2459/3877/212 2451/3878/213
f 2458/3876/211 2454/3879/206 2460/3874/209
f 2454/3879/206 2457/3875/210 2460/3874/209
f 2464/3880/214 2465/3881/215 2461/3882/216
f 2464/3880/214 2469/3883/217 2466/3884/296
f 2467/3885/219 2468/3886/220 2462/3887/221
f 2467/3888/219 2472/3889/222 2469/3890/217
f 2470/3891/223 2471/3892/224 2463/3893/225
f 2470/3891/223 2466/3894/296 2472/3889/222
f 2466/3884/296 2469/3883/217 2472/3895/222
f 2476/3896/226 2477/3897/227 2473/3898/228
f 2480/3899/229 2478/3900/230 2476/3901/226
f 2479/3902/231 2480/3899/229 2474/3903/232
f 2483/3904/233 2481/3905/234 2479/3906/231
f 2482/3907/235 2483/3904/233 2475/3908/236
f 2477/3909/227 2484/3910/237 2482/3907/235
f 2478/3911/230 2481/3905/234 2484/3910/237
f 2488/3912/238 2489/3913/239 2485/3914/240
f 2492/3915/241 2490/3916/242 2488/3912/238
f 2491/3917/243 2492/3918/241 2486/3919/244
f 2495/3920/245 2493/3921/246 2491/3917/243
f 2494/3922/247 2495/3923/245 2487/3924/248
f 2494/3925/247 2490/3916/242 2496/3926/249
f 2490/3916/242 2493/3927/246 2496/3926/249
f 2500/3928/250 2501/3929/251 2497/3930/252
f 2500/3928/250 2505/3931/253 2502/3932/254
f 2503/3933/255 2504/3934/256 2498/3935/257
f 2503/3933/255 2508/3936/258 2505/3937/253
f 2506/3938/259 2507/3939/260 2499/3940/261
f 2506/3941/259 2502/3932/254 2508/3942/258
f 2502/3932/254 2505/3931/253 2508/3942/258
f 2512/3943/262 2513/3944/263 2509/3945/264
f 2516/3946/268 2514/3947/293 2512/3948/262
f 2515/3949/267 2516/3946/268 2510/3950/269
f 2515/3951/267 2520/3952/270 2517/3953/340
f 2518/3954/271 2519/3955/272 2511/3956/273
f 2513/3944/263 2520/3957/270 2518/3958/271
f 2514/3959/293 2517/3953/340 2520/3952/270
f 2524/3960/274 2525/3961/275 2521/3962/276
f 2528/3963/277 2526/3964/278 2524/3960/274
f 2527/3965/279 2528/3966/277 2522/3967/280
f 2531/3968/281 2529/3969/282 2527/3970/279
f 2530/3971/283 2531/3968/281 2523/3972/284
f 2530/3973/283 2526/3964/278 2532/3974/285
f 2526/3964/278 2529/3975/282 2532/3974/285
f 2437/3976/192 2464/3880/214 2461/3882/216
f 2441/3861/191 2468/3886/220 2464/3880/214
f 2468/3886/220 2439/3860/200 2462/3887/221
f 2449/3867/204 2443/3853/195 2438/3855/196
f 2453/3866/203 2447/3856/197 2443/3853/195
f 2458/3876/211 2439/3977/200 2447/3978/197
f 2473/3898/228 2455/3870/207 2450/3872/208
f 2477/3909/227 2459/3877/212 2455/3873/207
f 2482/3907/235 2451/3878/213 2459/3877/212
f 2463/3893/225 2479/3902/231 2474/3903/232
f 2479/3902/231 2467/3888/219 2483/3979/233
f 2467/3980/219 2475/3908/236 2483/3904/233
f 2509/3945/264 2465/3981/215 2512/3943/262
f 2465/3982/215 2516/3946/268 2512/3948/262
f 2470/3891/223 2510/3950/269 2516/3946/268
f 2521/3962/276 2476/3896/226 2473/3898/228
f 2525/3983/275 2480/3899/229 2476/3901/226
f 2530/3971/283 2474/3903/232 2480/3899/229
f 2511/3956/273 2527/3965/279 2522/3967/280
f 2519/3984/272 2531/3968/281 2527/3970/279
f 2515/3949/267 2523/3972/284 2531/3968/281
f 2509/3945/264 2488/3912/238 2485/3914/240
f 2488/3912/238 2518/3958/271 2492/3915/241
f 2492/3918/241 2511/3956/273 2486/3919/244
f 2497/3930/252 2524/3960/274 2521/3962/276
f 2524/3960/274 2506/3941/259 2528/3963/277
f 2528/3966/277 2499/3940/261 2522/3967/280
f 2498/3935/257 2495/3923/245 2503/3933/255
f 2495/3923/245 2507/3985/260 2503/3933/255
f 2491/3917/243 2499/3940/261 2507/3939/260
f 2485/3914/240 2440/3848/190 2437/3850/192
f 2489/3913/239 2444/3986/193 2440/3848/190
f 2494/3922/247 2438/3855/196 2444/3854/193
f 2497/3930/252 2456/3871/205 2500/3928/250
f 2456/3868/205 2504/3934/256 2500/3987/250
f 2452/3865/202 2498/3935/257 2504/3934/256
f 2509/3945/264 2437/3850/192 2461/3988/216
f 2451/3878/213 2462/3989/221 2439/3977/200
f 2498/3935/257 2438/3855/196 2487/3924/248
f 2473/3898/228 2497/3930/252 2521/3962/276
f 2474/3903/232 2510/3950/269 2463/3893/225
f 2511/3956/273 2499/3940/261 2486/3919/244
f 2536/3990/190 2537/3991/191 2533/3992/192
f 2536/3990/190 2541/3993/198 2538/3994/339
f 2539/3995/195 2540/3996/193 2534/3997/196
f 2543/3998/197 2541/3999/198 2539/3995/195
f 2542/4000/199 2543/4001/197 2535/4002/200
f 2542/4000/199 2538/4003/339 2544/4004/201
f 2538/4003/339 2541/4005/198 2544/4004/201
f 2548/4006/202 2549/4007/203 2545/4008/204
f 2548/4006/202 2553/4009/287 2550/4010/206
f 2551/4011/207 2552/4012/205 2546/4013/208
f 2555/4014/212 2553/4015/287 2551/4016/207
f 2554/4017/211 2555/4014/212 2547/4018/213
f 2554/4017/211 2550/4019/206 2556/4020/209
f 2550/4019/206 2553/4015/287 2556/4020/209
f 2560/4021/214 2561/4022/215 2557/4023/216
f 2564/4024/220 2562/4025/307 2560/4021/214
f 2563/4026/219 2564/4024/220 2558/4027/221
f 2563/4028/219 2568/4029/222 2565/4030/217
f 2566/4031/223 2567/4032/224 2559/4033/225
f 2561/4034/215 2568/4029/222 2566/4031/223
f 2562/4025/307 2565/4035/217 2568/4036/222
f 2572/4037/226 2573/4038/227 2569/4039/228
f 2576/4040/229 2574/4041/289 2572/4042/226
f 2575/4043/231 2576/4040/229 2570/4044/232
f 2579/4045/233 2577/4046/234 2575/4047/231
f 2578/4048/235 2579/4045/233 2571/4049/236
f 2578/4048/235 2574/4050/289 2580/4051/237
f 2574/4050/289 2577/4046/234 2580/4051/237
f 2584/4052/238 2585/4053/239 2581/4054/240
f 2588/4055/241 2586/4056/290 2584/4052/238
f 2587/4057/243 2588/4058/241 2582/4059/244
f 2591/4060/245 2589/4061/246 2587/4057/243
f 2590/4062/247 2591/4063/245 2583/4064/248
f 2585/4053/239 2592/4065/291 2590/4066/247
f 2586/4056/290 2589/4067/246 2592/4065/291
f 2596/4068/250 2597/4069/251 2593/4070/252
f 2600/4071/256 2598/4072/254 2596/4068/250
f 2599/4073/255 2600/4074/256 2594/4075/257
f 2599/4073/255 2604/4076/341 2601/4077/253
f 2602/4078/259 2603/4079/260 2595/4080/261
f 2602/4081/259 2598/4072/254 2604/4082/341
f 2598/4072/254 2601/4083/253 2604/4082/341
f 2608/4084/262 2609/4085/263 2605/4086/264
f 2608/4087/262 2613/4088/265 2610/4089/266
f 2611/4090/267 2612/4091/268 2606/4092/269
f 2615/4093/272 2613/4094/265 2611/4095/267
f 2614/4096/271 2615/4093/272 2607/4097/273
f 2609/4085/263 2616/4098/270 2614/4099/271
f 2610/4100/266 2613/4094/265 2616/4101/270
f 2620/4102/274 2621/4103/275 2617/4104/276
f 2624/4105/277 2622/4106/294 2620/4102/274
f 2623/4107/279 2624/4108/277 2618/4109/280
f 2623/4110/279 2628/4111/285 2625/4112/282
f 2626/4113/283 2627/4114/281 2619/4115/284
f 2621/4103/275 2628/4116/285 2626/4117/283
f 2622/4106/294 2625/4118/282 2628/4116/285
f 2533/4119/192 2560/4021/214 2557/4023/216
f 2537/4120/191 2564/4024/220 2560/4021/214
f 2564/4024/220 2535/4002/200 2558/4027/221
f 2545/4008/204 2539/3995/195 2534/3997/196
f 2549/4007/203 2543/3998/197 2539/3995/195
f 2554/4017/211 2535/4121/200 2543/4122/197
f 2569/4039/228 2551/4011/207 2546/4013/208
f 2573/4123/227 2555/4014/212 2551/4016/207
f 2578/4048/235 2547/4018/213 2555/4014/212
f 2559/4033/225 2575/4043/231 2570/4044/232
f 2567/4032/224 2579/4124/233 2575/4043/231
f 2579/4045/233 2558/4125/221 2571/4049/236
f 2557/4126/216 2608/4084/262 2605/4086/264
f 2561/4034/215 2612/4091/268 2608/4087/262
f 2566/4031/223 2606/4092/269 2612/4091/268
f 2617/4104/276 2572/4037/226 2569/4039/228
f 2621/4127/275 2576/4040/229 2572/4042/226
f 2626/4113/283 2570/4044/232 2576/4040/229
f 2607/4097/273 2623/4107/279 2618/4109/280
f 2615/4128/272 2627/4114/281 2623/4110/279
f 2611/4090/267 2619/4115/284 2627/4114/281
f 2605/4086/264 2584/4052/238 2581/4054/240
f 2584/4052/238 2614/4099/271 2588/4055/241
f 2588/4058/241 2607/4097/273 2582/4059/244
f 2593/4070/252 2620/4102/274 2617/4104/276
f 2620/4102/274 2602/4081/259 2624/4105/277
f 2624/4108/277 2595/4080/261 2618/4109/280
f 2594/4075/257 2591/4063/245 2599/4073/255
f 2591/4063/245 2603/4129/260 2599/4073/255
f 2587/4057/243 2595/4080/261 2603/4079/260
f 2581/4054/240 2536/3990/190 2533/3992/192
f 2585/4053/239 2540/4130/193 2536/3990/190
f 2590/4062/247 2534/3997/196 2540/3996/193
f 2546/4013/208 2596/4068/250 2593/4070/252
f 2552/4131/205 2600/4074/256 2596/4132/250
f 2548/4006/202 2594/4075/257 2600/4074/256
f 2605/4086/264 2533/3992/192 2557/4126/216
f 2547/4018/213 2558/4125/221 2535/4121/200
f 2594/4075/257 2534/3997/196 2583/4064/248
f 2569/4039/228 2593/4070/252 2617/4104/276
f 2570/4044/232 2606/4092/269 2559/4033/225
f 2618/4109/280 2582/4059/244 2607/4097/273
f 2632/4133/190 2633/4134/191 2629/4135/192
f 2636/4136/193 2634/4137/302 2632/4133/190
f 2635/4138/195 2636/4139/193 2630/4140/196
f 2635/4138/195 2640/4141/201 2637/4142/198
f 2638/4143/199 2639/4144/197 2631/4145/200
f 2633/4146/191 2640/4147/201 2638/4143/199
f 2634/4148/302 2637/4149/198 2640/4147/201
f 2644/4150/202 2645/4151/203 2641/4152/204
f 2648/4153/205 2646/4154/295 2644/4150/202
f 2647/4155/207 2648/4156/205 2642/4157/208
f 2651/4158/212 2649/4159/210 2647/4160/207
f 2650/4161/211 2651/4158/212 2643/4162/213
f 2645/4163/203 2652/4164/209 2650/4161/211
f 2646/4165/295 2649/4159/210 2652/4164/209
f 2656/4166/214 2657/4167/215 2653/4168/216
f 2656/4166/214 2661/4169/217 2658/4170/218
f 2659/4171/219 2660/4172/220 2654/4173/221
f 2659/4174/219 2664/4175/222 2661/4176/217
f 2662/4177/223 2663/4178/224 2655/4179/225
f 2657/4180/215 2664/4175/222 2662/4177/223
f 2658/4170/218 2661/4169/217 2664/4181/222
f 2668/4182/226 2669/4183/227 2665/4184/228
f 2668/4185/226 2673/4186/297 2670/4187/289
f 2671/4188/231 2672/4189/229 2666/4190/232
f 2671/4191/231 2676/4192/237 2673/4193/297
f 2674/4194/235 2675/4195/233 2667/4196/236
f 2674/4194/235 2670/4197/289 2676/4192/237
f 2670/4197/289 2673/4193/297 2676/4192/237
f 2680/4198/238 2681/4199/239 2677/4200/240
f 2680/4198/238 2685/4201/246 2682/4202/298
f 2683/4203/243 2684/4204/241 2678/4205/244
f 2683/4203/243 2688/4206/291 2685/4207/246
f 2686/4208/247 2687/4209/245 2679/4210/248
f 2681/4199/239 2688/4211/291 2686/4212/247
f 2682/4202/298 2685/4201/246 2688/4211/291
f 2692/4213/250 2693/4214/251 2689/4215/252
f 2692/4213/250 2697/4216/253 2694/4217/254
f 2695/4218/255 2696/4219/256 2690/4220/257
f 2695/4218/255 2700/4221/258 2697/4222/253
f 2698/4223/259 2699/4224/260 2691/4225/261
f 2698/4226/259 2694/4217/254 2700/4227/258
f 2694/4217/254 2697/4216/253 2700/4227/258
f 2704/4228/262 2705/4229/263 2701/4230/264
f 2704/4231/262 2709/4232/265 2706/4233/266
f 2707/4234/267 2708/4235/268 2702/4236/269
f 2711/4237/272 2709/4238/265 2707/4239/267
f 2710/4240/271 2711/4237/272 2703/4241/273
f 2705/4229/263 2712/4242/270 2710/4243/271
f 2706/4244/266 2709/4238/265 2712/4245/270
f 2716/4246/274 2717/4247/275 2713/4248/276
f 2716/4246/274 2721/4249/282 2718/4250/278
f 2719/4251/279 2720/4252/277 2714/4253/280
f 2723/4254/281 2721/4255/282 2719/4256/279
f 2722/4257/283 2723/4254/281 2715/4258/284
f 2722/4259/283 2718/4250/278 2724/4260/285
f 2718/4250/278 2721/4249/282 2724/4260/285
f 2629/4261/192 2656/4166/214 2653/4168/216
f 2633/4146/191 2660/4172/220 2656/4166/214
f 2660/4172/220 2631/4145/200 2654/4173/221
f 2630/4140/196 2645/4151/203 2635/4138/195
f 2645/4151/203 2639/4262/197 2635/4138/195
f 2650/4161/211 2631/4263/200 2639/4264/197
f 2665/4184/228 2647/4155/207 2642/4157/208
f 2669/4265/227 2651/4158/212 2647/4160/207
f 2674/4194/235 2643/4162/213 2651/4158/212
f 2655/4179/225 2671/4188/231 2666/4190/232
f 2663/4178/224 2675/4266/233 2671/4188/231
f 2675/4195/233 2654/4267/221 2667/4196/236
f 2653/4268/216 2704/4228/262 2701/4230/264
f 2657/4180/215 2708/4235/268 2704/4231/262
f 2662/4177/223 2702/4236/269 2708/4235/268
f 2665/4184/228 2717/4247/275 2668/4182/226
f 2668/4185/226 2722/4257/283 2672/4189/229
f 2722/4257/283 2666/4190/232 2672/4189/229
f 2703/4241/273 2719/4251/279 2714/4253/280
f 2711/4269/272 2723/4254/281 2719/4256/279
f 2707/4234/267 2715/4258/284 2723/4254/281
f 2701/4230/264 2680/4198/238 2677/4200/240
f 2705/4229/263 2684/4270/241 2680/4198/238
f 2684/4204/241 2703/4241/273 2678/4205/244
f 2689/4215/252 2716/4246/274 2713/4248/276
f 2693/4214/251 2720/4271/277 2716/4246/274
f 2720/4252/277 2691/4225/261 2714/4253/280
f 2679/4210/248 2695/4218/255 2690/4220/257
f 2687/4209/245 2699/4272/260 2695/4218/255
f 2683/4203/243 2691/4225/261 2699/4224/260
f 2677/4200/240 2632/4133/190 2629/4135/192
f 2681/4199/239 2636/4136/193 2632/4133/190
f 2636/4139/193 2679/4210/248 2630/4140/196
f 2642/4157/208 2692/4213/250 2689/4215/252
f 2648/4153/205 2696/4219/256 2692/4273/250
f 2644/4150/202 2690/4220/257 2696/4219/256
f 2701/4230/264 2629/4135/192 2653/4268/216
f 2643/4162/213 2654/4267/221 2631/4263/200
f 2690/4220/257 2630/4140/196 2679/4210/248
f 2665/4184/228 2689/4215/252 2713/4248/276
f 2666/4190/232 2702/4236/269 2655/4179/225
f 2714/4253/280 2678/4205/244 2703/4241/273
f 2728/4274/190 2729/4275/191 2725/4276/192
f 2728/4274/190 2733/4277/198 2730/4278/339
f 2731/4279/195 2732/4280/193 2726/4281/196
f 2735/4282/197 2733/4283/198 2731/4279/195
f 2734/4284/199 2735/4285/197 2727/4286/200
f 2734/4284/199 2730/4287/339 2736/4288/201
f 2730/4287/339 2733/4289/198 2736/4288/201
f 2740/4290/202 2741/4291/203 2737/4292/204
f 2744/4293/205 2742/4294/206 2740/4290/202
f 2743/4295/207 2744/4296/205 2738/4297/208
f 2747/4298/212 2745/4299/321 2743/4300/207
f 2746/4301/211 2747/4298/212 2739/4302/213
f 2746/4301/211 2742/4303/206 2748/4304/209
f 2742/4303/206 2745/4299/321 2748/4304/209
f 2752/4305/214 2753/4306/215 2749/4307/216
f 2756/4308/220 2754/4309/218 2752/4305/214
f 2755/4310/219 2756/4308/220 2750/4311/221
f 2755/4312/219 2760/4313/288 2757/4314/217
f 2758/4315/223 2759/4316/224 2751/4317/225
f 2758/4315/223 2754/4318/218 2760/4313/288
f 2754/4309/218 2757/4319/217 2760/4320/288
f 2764/4321/226 2765/4322/227 2761/4323/228
f 2768/4324/229 2766/4325/230 2764/4326/226
f 2767/4327/231 2768/4324/229 2762/4328/232
f 2771/4329/233 2769/4330/234 2767/4331/231
f 2770/4332/235 2771/4329/233 2763/4333/236
f 2770/4332/235 2766/4334/230 2772/4335/237
f 2766/4334/230 2769/4330/234 2772/4335/237
f 2776/4336/238 2777/4337/239 2773/4338/240
f 2780/4339/241 2778/4340/298 2776/4336/238
f 2779/4341/243 2780/4342/241 2774/4343/244
f 2783/4344/245 2781/4345/246 2779/4341/243
f 2782/4346/247 2783/4347/245 2775/4348/248
f 2782/4349/247 2778/4340/298 2784/4350/291
f 2778/4340/298 2781/4351/246 2784/4350/291
f 2788/4352/250 2789/4353/251 2785/4354/252
f 2792/4355/256 2790/4356/300 2788/4352/250
f 2791/4357/255 2792/4358/256 2786/4359/257
f 2791/4357/255 2796/4360/258 2793/4361/253
f 2794/4362/259 2795/4363/260 2787/4364/261
f 2789/4353/251 2796/4365/258 2794/4366/259
f 2790/4356/300 2793/4367/253 2796/4365/258
f 2800/4368/262 2801/4369/263 2797/4370/264
f 2800/4371/262 2805/4372/265 2802/4373/305
f 2803/4374/267 2804/4375/268 2798/4376/269
f 2803/4377/267 2808/4378/270 2805/4379/265
f 2806/4380/271 2807/4381/272 2799/4382/273
f 2806/4383/271 2802/4384/305 2808/4385/270
f 2802/4386/305 2805/4379/265 2808/4378/270
f 2812/4387/274 2813/4388/275 2809/4389/276
f 2812/4387/274 2817/4390/282 2814/4391/278
f 2815/4392/279 2816/4393/277 2810/4394/280
f 2819/4395/281 2817/4396/282 2815/4397/279
f 2818/4398/283 2819/4395/281 2811/4399/284
f 2818/4400/283 2814/4391/278 2820/4401/285
f 2814/4391/278 2817/4390/282 2820/4401/285
f 2725/4402/192 2752/4305/214 2749/4307/216
f 2729/4403/191 2756/4308/220 2752/4305/214
f 2756/4308/220 2727/4286/200 2750/4311/221
f 2737/4292/204 2731/4279/195 2726/4281/196
f 2741/4291/203 2735/4282/197 2731/4279/195
f 2735/4404/197 2739/4302/213 2727/4405/200
f 2761/4323/228 2743/4295/207 2738/4297/208
f 2765/4406/227 2747/4298/212 2743/4300/207
f 2770/4332/235 2739/4302/213 2747/4298/212
f 2751/4317/225 2767/4327/231 2762/4328/232
f 2759/4316/224 2771/4407/233 2767/4327/231
f 2771/4329/233 2750/4408/221 2763/4333/236
f 2797/4370/264 2753/4409/215 2800/4368/262
f 2800/4371/262 2758/4315/223 2804/4375/268
f 2804/4375/268 2751/4317/225 2798/4376/269
f 2761/4323/228 2813/4388/275 2764/4321/226
f 2813/4410/275 2768/4324/229 2764/4326/226
f 2818/4398/283 2762/4328/232 2768/4324/229
f 2799/4382/273 2815/4392/279 2810/4394/280
f 2807/4411/272 2819/4395/281 2815/4397/279
f 2803/4374/267 2811/4399/284 2819/4395/281
f 2797/4370/264 2776/4336/238 2773/4338/240
f 2801/4369/263 2780/4339/241 2776/4336/238
f 2780/4342/241 2799/4382/273 2774/4343/244
f 2785/4354/252 2812/4387/274 2809/4389/276
f 2789/4353/251 2816/4412/277 2812/4387/274
f 2816/4393/277 2787/4364/261 2810/4394/280
f 2775/4348/248 2791/4357/255 2786/4359/257
f 2791/4357/255 2779/4413/243 2795/4414/260
f 2795/4363/260 2774/4343/244 2787/4364/261
f 2773/4338/240 2728/4274/190 2725/4276/192
f 2728/4274/190 2782/4349/247 2732/4415/193
f 2732/4280/193 2775/4348/248 2726/4281/196
f 2738/4297/208 2788/4352/250 2785/4354/252
f 2744/4293/205 2792/4358/256 2788/4416/250
f 2740/4290/202 2786/4359/257 2792/4358/256
f 2797/4370/264 2725/4276/192 2749/4417/216
f 2739/4302/213 2750/4408/221 2727/4405/200
f 2786/4359/257 2726/4281/196 2775/4348/248
f 2761/4323/228 2785/4354/252 2809/4389/276
f 2762/4328/232 2798/4376/269 2751/4317/225
f 2810/4394/280 2774/4343/244 2799/4382/273
f 2821/4418/330 2823/4419/330 2824/4420/330
f 2825/4421/178 2822/4422/178 2821/4423/178
f 2829/4424/331 2826/4425/332 2825/4426/333
f 2826/4427/188 2823/4428/188 2822/4429/188
f 2830/4430/334 2827/4431/335 2826/4425/332
f 2827/4432/185 2824/4433/185 2823/4434/185
f 2831/4435/336 2828/4436/337 2827/4431/335
f 2828/4437/182 2821/4438/182 2824/4439/182
f 2832/4440/338 2825/4426/333 2828/4436/337
f 2832/4440/338 2830/4430/334 2829/4424/331
f 2836/4441/190 2837/4442/191 2833/4443/192
f 2836/4441/190 2841/4444/198 2838/4445/194
f 2839/4446/195 2840/4447/193 2834/4448/196
f 2839/4446/195 2844/4449/201 2841/4450/198
f 2842/4451/199 2843/4452/197 2835/4453/200
f 2837/4454/191 2844/4455/201 2842/4451/199
f 2838/4456/194 2841/4457/198 2844/4455/201
f 2848/4458/202 2849/4459/203 2845/4460/204
f 2852/4461/205 2850/4462/295 2848/4458/202
f 2851/4463/207 2852/4464/205 2846/4465/208
f 2855/4466/212 2853/4467/210 2851/4468/207
f 2854/4469/211 2855/4466/212 2847/4470/213
f 2849/4471/203 2856/4472/209 2854/4469/211
f 2850/4473/295 2853/4467/210 2856/4472/209
f 2860/4474/214 2861/4475/215 2857/4476/216
f 2864/4477/220 2862/4478/296 2860/4474/214
f 2863/4479/219 2864/4477/220 2858/4480/221
f 2867/4481/224 2865/4482/217 2863/4483/219
f 2866/4484/223 2867/4481/224 2859/4485/225
f 2866/4484/223 2862/4486/296 2868/4487/304
f 2862/4478/296 2865/4488/217 2868/4489/304
f 2872/4490/226 2873/4491/227 2869/4492/228
f 2872/4493/226 2877/4494/297 2874/4495/289
f 2875/4496/231 2876/4497/229 2870/4498/232
f 2875/4499/231 2880/4500/237 2877/4501/297
f 2878/4502/235 2879/4503/233 2871/4504/236
f 2878/4502/235 2874/4505/289 2880/4500/237
f 2874/4505/289 2877/4501/297 2880/4500/237
f 2884/4506/238 2885/4507/239 2881/4508/240
f 2884/4506/238 2889/4509/246 2886/4510/298
f 2887/4511/243 2888/4512/241 2882/4513/244
f 2887/4511/243 2892/4514/291 2889/4515/246
f 2890/4516/247 2891/4517/245 2883/4518/248
f 2885/4507/239 2892/4519/291 2890/4520/247
f 2886/4510/298 2889/4509/246 2892/4519/291
f 2896/4521/250 2897/4522/251 2893/4523/252
f 2900/4524/256 2898/4525/300 2896/4521/250
f 2899/4526/255 2900/4527/256 2894/4528/257
f 2903/4529/260 2901/4530/292 2899/4526/255
f 2902/4531/259 2903/4532/260 2895/4533/261
f 2897/4522/251 2904/4534/258 2902/4535/259
f 2898/4525/300 2901/4536/292 2904/4534/258
f 2908/4537/262 2909/4538/263 2905/4539/264
f 2912/4540/268 2910/4541/266 2908/4542/262
f 2911/4543/267 2912/4540/268 2906/4544/269
f 2915/4545/272 2913/4546/265 2911/4547/267
f 2914/4548/271 2915/4545/272 2907/4549/273
f 2909/4538/263 2916/4550/270 2914/4551/271
f 2910/4552/266 2913/4546/265 2916/4553/270
f 2920/4554/274 2921/4555/275 2917/4556/276
f 2920/4554/274 2925/4557/282 2922/4558/278
f 2923/4559/279 2924/4560/277 2918/4561/280
f 2923/4562/279 2928/4563/306 2925/4564/282
f 2926/4565/283 2927/4566/281 2919/4567/284
f 2921/4555/275 2928/4568/306 2926/4569/283
f 2922/4558/278 2925/4557/282 2928/4568/306
f 2833/4570/192 2860/4474/214 2857/4476/216
f 2860/4474/214 2842/4451/199 2864/4477/220
f 2864/4477/220 2835/4453/200 2858/4480/221
f 2845/4460/204 2839/4446/195 2834/4448/196
f 2849/4459/203 2843/4571/197 2839/4446/195
f 2854/4469/211 2835/4572/200 2843/4573/197
f 2869/4492/228 2851/4463/207 2846/4465/208
f 2873/4574/227 2855/4466/212 2851/4468/207
f 2878/4502/235 2847/4470/213 2855/4466/212
f 2859/4485/225 2875/4496/231 2870/4498/232
f 2867/4481/224 2879/4575/233 2875/4496/231
f 2863/4576/219 2871/4504/236 2879/4503/233
f 2857/4577/216 2908/4537/262 2905/4539/264
f 2861/4578/215 2912/4540/268 2908/4542/262
f 2866/4484/223 2906/4544/269 2912/4540/268
f 2869/4492/228 2921/4555/275 2872/4490/226
f 2921/4579/275 2876/4497/229 2872/4493/226
f 2926/4565/283 2870/4498/232 2876/4497/229
f 2907/4549/273 2923/4559/279 2918/4561/280
f 2915/4580/272 2927/4566/281 2923/4562/279
f 2911/4543/267 2919/4567/284 2927/4566/281
f 2905/4539/264 2884/4506/238 2881/4508/240
f 2909/4538/263 2888/4581/241 2884/4506/238
f 2888/4512/241 2907/4549/273 2882/4513/244
f 2893/4523/252 2920/4554/274 2917/4556/276
f 2897/4522/251 2924/4582/277 2920/4554/274
f 2924/4560/277 2895/4533/261 2918/4561/280
f 2883/4518/248 2899/4526/255 2894/4528/257
f 2891/4517/245 2903/4529/260 2899/4526/255
f 2903/4532/260 2882/4513/244 2895/4533/261
f 2833/4443/192 2885/4507/239 2836/4441/190
f 2885/4507/239 2840/4583/193 2836/4441/190
f 2890/4516/247 2834/4448/196 2840/4447/193
f 2846/4465/208 2896/4521/250 2893/4523/252
f 2852/4461/205 2900/4527/256 2896/4584/250
f 2848/4458/202 2894/4528/257 2900/4527/256
f 2905/4539/264 2833/4443/192 2857/4577/216
f 2847/4470/213 2858/4585/221 2835/4572/200
f 2894/4528/257 2834/4448/196 2883/4518/248
f 2869/4492/228 2893/4523/252 2917/4556/276
f 2870/4498/232 2906/4544/269 2859/4485/225
f 2907/4549/273 2895/4533/261 2882/4513/244
f 2932/4586/190 2933/4587/191 2929/4588/192
f 2936/4589/193 2934/4590/302 2932/4586/190
f 2935/4591/195 2936/4592/193 2930/4593/196
f 2935/4591/195 2940/4594/201 2937/4595/198
f 2938/4596/199 2939/4597/197 2931/4598/200
f 2933/4599/191 2940/4600/201 2938/4596/199
f 2934/4601/302 2937/4602/198 2940/4600/201
f 2944/4603/202 2945/4604/203 2941/4605/204
f 2944/4603/202 2949/4606/287 2946/4607/295
f 2947/4608/207 2948/4609/205 2942/4610/208
f 2951/4611/212 2949/4612/287 2947/4613/207
f 2950/4614/211 2951/4611/212 2943/4615/213
f 2945/4616/203 2952/4617/342 2950/4614/211
f 2946/4618/295 2949/4612/287 2952/4617/342
f 2956/4619/214 2957/4620/215 2953/4621/216
f 2960/4622/220 2958/4623/218 2956/4619/214
f 2959/4624/219 2960/4622/220 2954/4625/221
f 2959/4626/219 2964/4627/222 2961/4628/217
f 2962/4629/223 2963/4630/224 2955/4631/225
f 2957/4632/215 2964/4627/222 2962/4629/223
f 2958/4623/218 2961/4633/217 2964/4634/222
f 2968/4635/226 2969/4636/227 2965/4637/228
f 2972/4638/229 2970/4639/289 2968/4640/226
f 2971/4641/231 2972/4638/229 2966/4642/232
f 2975/4643/233 2973/4644/297 2971/4645/231
f 2974/4646/235 2975/4643/233 2967/4647/236
f 2974/4646/235 2970/4648/289 2976/4649/237
f 2970/4648/289 2973/4644/297 2976/4649/237
f 2980/4650/238 2981/4651/239 2977/4652/240
f 2984/4653/241 2982/4654/290 2980/4650/238
f 2983/4655/243 2984/4656/241 2978/4657/244
f 2983/4655/243 2988/4658/291 2985/4659/246
f 2986/4660/247 2987/4661/245 2979/4662/248
f 2981/4651/239 2988/4663/291 2986/4664/247
f 2982/4654/290 2985/4665/246 2988/4663/291
f 2992/4666/250 2993/4667/251 2989/4668/252
f 2996/4669/256 2994/4670/254 2992/4666/250
f 2995/4671/255 2996/4672/256 2990/4673/257
f 2999/4674/260 2997/4675/292 2995/4671/255
f 2998/4676/259 2999/4677/260 2991/4678/261
f 2998/4679/259 2994/4670/254 3000/4680/258
f 2994/4670/254 2997/4681/292 3000/4680/258
f 3004/4682/262 3005/4683/263 3001/4684/264
f 3004/4685/262 3009/4686/265 3006/4687/305
f 3007/4688/267 3008/4689/268 3002/4690/269
f 3011/4691/272 3009/4692/265 3007/4693/267
f 3010/4694/271 3011/4691/272 3003/4695/273
f 3010/4696/271 3006/4697/305 3012/4698/270
f 3006/4699/305 3009/4692/265 3012/4700/270
f 3016/4701/274 3017/4702/275 3013/4703/276
f 3020/4704/277 3018/4705/294 3016/4701/274
f 3019/4706/279 3020/4707/277 3014/4708/280
f 3019/4709/279 3024/4710/306 3021/4711/282
f 3022/4712/283 3023/4713/281 3015/4714/284
f 3022/4715/283 3018/4705/294 3024/4716/306
f 3018/4705/294 3021/4717/282 3024/4716/306
f 2929/4718/192 2956/4619/214 2953/4621/216
f 2956/4619/214 2938/4596/199 2960/4622/220
f 2960/4622/220 2931/4598/200 2954/4625/221
f 2941/4605/204 2935/4591/195 2930/4593/196
f 2945/4604/203 2939/4719/197 2935/4591/195
f 2950/4614/211 2931/4720/200 2939/4721/197
f 2965/4637/228 2947/4608/207 2942/4610/208
f 2969/4722/227 2951/4611/212 2947/4613/207
f 2974/4646/235 2943/4615/213 2951/4611/212
f 2955/4631/225 2971/4641/231 2966/4642/232
f 2963/4630/224 2975/4723/233 2971/4641/231
f 2975/4643/233 2954/4724/221 2967/4647/236
f 2953/4725/216 3004/4682/262 3001/4684/264
f 2957/4632/215 3008/4689/268 3004/4685/262
f 2962/4629/223 3002/4690/269 3008/4689/268
f 2965/4637/228 3017/4702/275 2968/4635/226
f 3017/4726/275 2972/4638/229 2968/4640/226
f 3022/4712/283 2966/4642/232 2972/4638/229
f 3003/4695/273 3019/4706/279 3014/4708/280
f 3011/4727/272 3023/4713/281 3019/4709/279
f 3007/4688/267 3015/4714/284 3023/4713/281
f 3001/4684/264 2980/4650/238 2977/4652/240
f 3005/4683/263 2984/4653/241 2980/4650/238
f 2984/4656/241 3003/4695/273 2978/4657/244
f 2989/4668/252 3016/4701/274 3013/4703/276
f 2993/4667/251 3020/4704/277 3016/4701/274
f 3020/4707/277 2991/4678/261 3014/4708/280
f 2990/4673/257 2987/4661/245 2995/4671/255
f 2995/4671/255 2983/4728/243 2999/4674/260
f 2983/4655/243 2991/4678/261 2999/4677/260
f 2929/4588/192 2981/4651/239 2932/4586/190
f 2981/4651/239 2936/4589/193 2932/4586/190
f 2986/4660/247 2930/4593/196 2936/4592/193
f 2942/4610/208 2992/4666/250 2989/4668/252
f 2948/4729/205 2996/4672/256 2992/4730/250
f 2944/4603/202 2990/4673/257 2996/4672/256
f 3001/4684/264 2929/4588/192 2953/4725/216
f 2943/4615/213 2954/4724/221 2931/4720/200
f 2990/4673/257 2930/4593/196 2979/4662/248
f 2965/4637/228 2989/4668/252 3013/4703/276
f 2966/4642/232 3002/4690/269 2955/4631/225
f 3014/4708/280 2978/4657/244 3003/4695/273
f 3028/4731/190 3029/4732/191 3025/4733/192
f 3032/4734/193 3030/4735/194 3028/4731/190
f 3031/4736/195 3032/4737/193 3026/4738/196
f 3035/4739/197 3033/4740/286 3031/4736/195
f 3034/4741/199 3035/4742/197 3027/4743/200
f 3034/4741/199 3030/4744/194 3036/4745/201
f 3030/4744/194 3033/4746/286 3036/4745/201
f 3040/4747/202 3041/4748/203 3037/4749/204
f 3040/4747/202 3045/4750/210 3042/4751/295
f 3043/4752/207 3044/4753/205 3038/4754/208
f 3047/4755/212 3045/4756/210 3043/4757/207
f 3046/4758/211 3047/4755/212 3039/4759/213
f 3041/4760/203 3048/4761/209 3046/4758/211
f 3042/4762/295 3045/4756/210 3048/4761/209
f 3052/4763/214 3053/4764/215 3049/4765/216
f 3052/4763/214 3057/4766/217 3054/4767/218
f 3055/4768/219 3056/4769/220 3050/4770/221
f 3055/4771/219 3060/4772/222 3057/4773/217
f 3058/4774/223 3059/4775/224 3051/4776/225
f 3053/4777/215 3060/4772/222 3058/4774/223
f 3054/4767/218 3057/4766/217 3060/4778/222
f 3064/4779/226 3065/4780/227 3061/4781/228
f 3068/4782/229 3066/4783/230 3064/4784/226
f 3067/4785/231 3068/4782/229 3062/4786/232
f 3067/4787/231 3072/4788/237 3069/4789/297
f 3070/4790/235 3071/4791/233 3063/4792/236
f 3065/4793/227 3072/4788/237 3070/4790/235
f 3066/4794/230 3069/4789/297 3072/4788/237
f 3076/4795/238 3077/4796/239 3073/4797/240
f 3080/4798/241 3078/4799/298 3076/4795/238
f 3079/4800/243 3080/4801/241 3074/4802/244
f 3079/4800/243 3084/4803/299 3081/4804/246
f 3082/4805/247 3083/4806/245 3075/4807/248
f 3082/4808/247 3078/4799/298 3084/4809/299
f 3078/4799/298 3081/4810/246 3084/4809/299
f 3088/4811/250 3089/4812/251 3085/4813/252
f 3092/4814/256 3090/4815/300 3088/4811/250
f 3091/4816/255 3092/4817/256 3086/4818/257
f 3095/4819/260 3093/4820/292 3091/4816/255
f 3094/4821/259 3095/4822/260 3087/4823/261
f 3094/4824/259 3090/4815/300 3096/4825/258
f 3090/4815/300 3093/4826/292 3096/4825/258
f 3100/4827/262 3101/4828/263 3097/4829/264
f 3100/4830/262 3105/4831/265 3102/4832/305
f 3103/4833/267 3104/4834/268 3098/4835/269
f 3107/4836/272 3105/4837/265 3103/4838/267
f 3106/4839/271 3107/4836/272 3099/4840/273
f 3106/4841/271 3102/4842/305 3108/4843/270
f 3102/4844/305 3105/4837/265 3108/4845/270
f 3112/4846/274 3113/4847/275 3109/4848/276
f 3116/4849/277 3114/4850/278 3112/4846/274
f 3115/4851/279 3116/4852/277 3110/4853/280
f 3115/4854/279 3120/4855/306 3117/4856/282
f 3118/4857/283 3119/4858/281 3111/4859/284
f 3118/4860/283 3114/4850/278 3120/4861/306
f 3114/4850/278 3117/4862/282 3120/4861/306
f 3025/4863/192 3052/4763/214 3049/4765/216
f 3029/4864/191 3056/4769/220 3052/4763/214
f 3056/4769/220 3027/4743/200 3050/4770/221
f 3037/4749/204 3031/4736/195 3026/4738/196
f 3041/4748/203 3035/4739/197 3031/4736/195
f 3046/4758/211 3027/4865/200 3035/4866/197
f 3061/4781/228 3043/4752/207 3038/4754/208
f 3065/4793/227 3047/4755/212 3043/4757/207
f 3070/4790/235 3039/4759/213 3047/4755/212
f 3051/4776/225 3067/4785/231 3062/4786/232
f 3059/4775/224 3071/4867/233 3067/4785/231
f 3071/4791/233 3050/4868/221 3063/4792/236
f 3097/4829/264 3053/4869/215 3100/4827/262
f 3100/4830/262 3058/4774/223 3104/4834/268
f 3104/4834/268 3051/4776/225 3098/4835/269
f 3061/4781/228 3113/4847/275 3064/4779/226
f 3113/4870/275 3068/4782/229 3064/4784/226
f 3118/4857/283 3062/4786/232 3068/4782/229
f 3099/4840/273 3115/4851/279 3110/4853/280
f 3107/4871/272 3119/4858/281 3115/4854/279
f 3103/4833/267 3111/4859/284 3119/4858/281
f 3097/4829/264 3076/4795/238 3073/4797/240
f 3101/4828/263 3080/4798/241 3076/4795/238
f 3080/4801/241 3099/4840/273 3074/4802/244
f 3085/4813/252 3112/4846/274 3109/4848/276
f 3089/4812/251 3116/4849/277 3112/4846/274
f 3116/4852/277 3087/4823/261 3110/4853/280
f 3075/4807/248 3091/4816/255 3086/4818/257
f 3083/4806/245 3095/4819/260 3091/4816/255
f 3079/4800/243 3087/4823/261 3095/4822/260
f 3073/4797/240 3028/4731/190 3025/4733/192
f 3028/4731/190 3082/4808/247 3032/4734/193
f 3032/4737/193 3075/4807/248 3026/4738/196
f 3038/4754/208 3088/4811/250 3085/4813/252
f 3044/4872/205 3092/4817/256 3088/4873/250
f 3040/4747/202 3086/4818/257 3092/4817/256
f 3097/4829/264 3025/4733/192 3049/4874/216
f 3039/4759/213 3050/4868/221 3027/4865/200
f 3086/4818/257 3026/4738/196 3075/4807/248
f 3061/4781/228 3085/4813/252 3109/4848/276
f 3062/4786/232 3098/4835/269 3051/4776/225
f 3110/4853/280 3074/4802/244 3099/4840/273
f 3124/4875/190 3125/4876/191 3121/4877/192
f 3124/4875/190 3129/4878/198 3126/4879/194
f 3127/4880/195 3128/4881/193 3122/4882/196
f 3131/4883/197 3129/4884/198 3127/4880/195
f 3130/4885/199 3131/4886/197 3123/4887/200
f 3125/4888/191 3132/4889/201 3130/4885/199
f 3126/4890/194 3129/4891/198 3132/4889/201
f 3136/4892/202 3137/4893/203 3133/4894/204
f 3140/4895/205 3138/4896/295 3136/4892/202
f 3139/4897/207 3140/4898/205 3134/4899/208
f 3139/4900/207 3144/4901/209 3141/4902/287
f 3142/4903/211 3143/4904/212 3135/4905/213
f 3137/4906/203 3144/4901/209 3142/4903/211
f 3138/4907/295 3141/4902/287 3144/4901/209
f 3148/4908/214 3149/4909/215 3145/4910/216
f 3152/4911/220 3150/4912/218 3148/4908/214
f 3151/4913/219 3152/4911/220 3146/4914/221
f 3151/4915/219 3156/4916/222 3153/4917/217
f 3154/4918/223 3155/4919/224 3147/4920/225
f 3149/4921/215 3156/4916/222 3154/4918/223
f 3150/4912/218 3153/4922/217 3156/4923/222
f 3160/4924/226 3161/4925/227 3157/4926/228
f 3160/4927/226 3165/4928/297 3162/4929/289
f 3163/4930/231 3164/4931/229 3158/4932/232
f 3163/4933/231 3168/4934/237 3165/4935/297
f 3166/4936/235 3167/4937/233 3159/4938/236
f 3161/4939/227 3168/4934/237 3166/4936/235
f 3162/4940/289 3165/4935/297 3168/4934/237
f 3172/4941/238 3173/4942/239 3169/4943/240
f 3172/4941/238 3177/4944/246 3174/4945/242
f 3175/4946/243 3176/4947/241 3170/4948/244
f 3179/4949/245 3177/4950/246 3175/4946/243
f 3178/4951/247 3179/4952/245 3171/4953/248
f 3178/4954/247 3174/4945/242 3180/4955/291
f 3174/4945/242 3177/4944/246 3180/4955/291
f 3184/4956/250 3185/4957/251 3181/4958/252
f 3184/4956/250 3189/4959/253 3186/4960/254
f 3187/4961/255 3188/4962/256 3182/4963/257
f 3187/4961/255 3192/4964/258 3189/4965/253
f 3190/4966/259 3191/4967/260 3183/4968/261
f 3190/4969/259 3186/4960/254 3192/4970/258
f 3186/4960/254 3189/4959/253 3192/4970/258
f 3196/4971/262 3197/4972/263 3193/4973/264
f 3196/4974/262 3201/4975/265 3198/4976/266
f 3199/4977/267 3200/4978/268 3194/4979/269
f 3203/4980/272 3201/4981/265 3199/4982/267
f 3202/4983/271 3203/4980/272 3195/4984/273
f 3197/4972/263 3204/4985/270 3202/4986/271
f 3198/4987/266 3201/4981/265 3204/4988/270
f 3208/4989/274 3209/4990/275 3205/4991/276
f 3212/4992/277 3210/4993/278 3208/4989/274
f 3211/4994/279 3212/4995/277 3206/4996/280
f 3215/4997/281 3213/4998/282 3211/4999/279
f 3214/5000/283 3215/4997/281 3207/5001/284
f 3209/4990/275 3216/5002/285 3214/5003/283
f 3210/4993/278 3213/5004/282 3216/5002/285
f 3121/5005/192 3148/4908/214 3145/4910/216
f 3125/4888/191 3152/4911/220 3148/4908/214
f 3152/4911/220 3123/4887/200 3146/4914/221
f 3122/4882/196 3137/4893/203 3127/4880/195
f 3137/4893/203 3131/4883/197 3127/4880/195
f 3142/4903/211 3123/5006/200 3131/5007/197
f 3157/4926/228 3139/4897/207 3134/4899/208
f 3161/4939/227 3143/4904/212 3139/4900/207
f 3166/4936/235 3135/4905/213 3143/4904/212
f 3147/4920/225 3163/4930/231 3158/4932/232
f 3155/4919/224 3167/5008/233 3163/4930/231
f 3167/4937/233 3146/5009/221 3159/4938/236
f 3145/5010/216 3196/4971/262 3193/4973/264
f 3149/4921/215 3200/4978/268 3196/4974/262
f 3154/4918/223 3194/4979/269 3200/4978/268
f 3157/4926/228 3209/4990/275 3160/4924/226
f 3160/4927/226 3214/5000/283 3164/4931/229
f 3214/5000/283 3158/4932/232 3164/4931/229
f 3195/4984/273 3211/4994/279 3206/4996/280
f 3203/5011/272 3215/4997/281 3211/4999/279
f 3215/4997/281 3194/4979/269 3207/5001/284
f 3193/4973/264 3172/4941/238 3169/4943/240
f 3197/4972/263 3176/5012/241 3172/4941/238
f 3176/4947/241 3195/4984/273 3170/4948/244
f 3181/4958/252 3208/4989/274 3205/4991/276
f 3185/4957/251 3212/4992/277 3208/4989/274
f 3212/4995/277 3183/4968/261 3206/4996/280
f 3171/4953/248 3187/4961/255 3182/4963/257
f 3179/4952/245 3191/5013/260 3187/4961/255
f 3175/4946/243 3183/4968/261 3191/4967/260
f 3169/4943/240 3124/4875/190 3121/4877/192
f 3173/4942/239 3128/5014/193 3124/4875/190
f 3128/4881/193 3171/4953/248 3122/4882/196
f 3134/4899/208 3184/4956/250 3181/4958/252
f 3140/4895/205 3188/4962/256 3184/5015/250
f 3136/4892/202 3182/4963/257 3188/4962/256
f 3193/4973/264 3121/4877/192 3145/5010/216
f 3135/4905/213 3146/5009/221 3123/5006/200
f 3182/4963/257 3122/4882/196 3171/4953/248
f 3157/4926/228 3181/4958/252 3205/4991/276
f 3158/4932/232 3194/4979/269 3147/4920/225
f 3206/4996/280 3170/4948/244 3195/4984/273
f 3217/5016/330 3219/5017/330 3220/5018/330
f 3221/5019/178 3218/5020/178 3217/5021/178
f 3225/5022/331 3222/5023/332 3221/5024/333
f 3222/5025/188 3219/5026/188 3218/5027/188
f 3226/5028/334 3223/5029/335 3222/5023/332
f 3223/5030/185 3220/5031/185 3219/5032/185
f 3227/5033/336 3224/5034/337 3223/5029/335
f 3224/5035/182 3217/5036/182 3220/5037/182
f 3228/5038/338 3221/5024/333 3224/5034/337
f 3228/5038/338 3226/5028/334 3225/5022/331
f 3232/5039/190 3233/5040/191 3229/5041/192
f 3236/5042/193 3234/5043/194 3232/5039/190
f 3235/5044/195 3236/5045/193 3230/5046/196
f 3239/5047/197 3237/5048/286 3235/5044/195
f 3238/5049/199 3239/5050/197 3231/5051/200
f 3238/5049/199 3234/5052/194 3240/5053/201
f 3234/5052/194 3237/5054/286 3240/5053/201
f 3244/5055/202 3245/5056/203 3241/5057/204
f 3248/5058/205 3246/5059/295 3244/5055/202
f 3247/5060/207 3248/5061/205 3242/5062/208
f 3251/5063/212 3249/5064/321 3247/5065/207
f 3250/5066/211 3251/5063/212 3243/5067/213
f 3245/5068/203 3252/5069/209 3250/5066/211
f 3246/5070/295 3249/5064/321 3252/5069/209
f 3256/5071/214 3257/5072/215 3253/5073/216
f 3260/5074/220 3258/5075/307 3256/5071/214
f 3259/5076/219 3260/5074/220 3254/5077/221
f 3259/5078/219 3264/5079/222 3261/5080/217
f 3262/5081/223 3263/5082/224 3255/5083/225
f 3257/5084/215 3264/5079/222 3262/5081/223
f 3258/5075/307 3261/5085/217 3264/5086/222
f 3268/5087/226 3269/5088/227 3265/5089/228
f 3272/5090/229 3270/5091/289 3268/5092/226
f 3271/5093/231 3272/5090/229 3266/5094/232
f 3271/5095/231 3276/5096/237 3273/5097/297
f 3274/5098/235 3275/5099/233 3267/5100/236
f 3274/5098/235 3270/5101/289 3276/5096/237
f 3270/5101/289 3273/5097/297 3276/5096/237
f 3280/5102/238 3281/5103/239 3277/5104/240
f 3284/5105/241 3282/5106/290 3280/5102/238
f 3283/5107/243 3284/5108/241 3278/5109/244
f 3287/5110/245 3285/5111/246 3283/5107/243
f 3286/5112/247 3287/5113/245 3279/5114/248
f 3281/5103/239 3288/5115/291 3286/5116/247
f 3282/5106/290 3285/5117/246 3288/5115/291
f 3292/5118/250 3293/5119/251 3289/5120/252
f 3296/5121/256 3294/5122/254 3292/5118/250
f 3295/5123/255 3296/5124/256 3290/5125/257
f 3299/5126/260 3297/5127/292 3295/5123/255
f 3298/5128/259 3299/5129/260 3291/5130/261
f 3298/5131/259 3294/5122/254 3300/5132/258
f 3294/5122/254 3297/5133/292 3300/5132/258
f 3304/5134/262 3305/5135/263 3301/5136/264
f 3304/5137/262 3309/5138/265 3306/5139/266
f 3307/5140/267 3308/5141/268 3302/5142/269
f 3311/5143/272 3309/5144/265 3307/5145/267
f 3310/5146/271 3311/5143/272 3303/5147/273
f 3305/5135/263 3312/5148/270 3310/5149/271
f 3306/5150/266 3309/5144/265 3312/5151/270
f 3316/5152/274 3317/5153/275 3313/5154/276
f 3320/5155/277 3318/5156/294 3316/5152/274
f 3319/5157/279 3320/5158/277 3314/5159/280
f 3323/5160/281 3321/5161/282 3319/5162/279
f 3322/5163/283 3323/5160/281 3315/5164/284
f 3322/5165/283 3318/5156/294 3324/5166/285
f 3318/5156/294 3321/5167/282 3324/5166/285
f 3229/5168/192 3256/5071/214 3253/5073/216
f 3233/5169/191 3260/5074/220 3256/5071/214
f 3260/5074/220 3231/5051/200 3254/5077/221
f 3230/5046/196 3245/5056/203 3235/5044/195
f 3245/5056/203 3239/5047/197 3235/5044/195
f 3250/5066/211 3231/5170/200 3239/5171/197
f 3265/5089/228 3247/5060/207 3242/5062/208
f 3269/5172/227 3251/5063/212 3247/5065/207
f 3274/5098/235 3243/5067/213 3251/5063/212
f 3255/5083/225 3271/5093/231 3266/5094/232
f 3263/5082/224 3275/5173/233 3271/5093/231
f 3275/5099/233 3254/5174/221 3267/5100/236
f 3301/5136/264 3257/5175/215 3304/5134/262
f 3257/5084/215 3308/5141/268 3304/5137/262
f 3262/5081/223 3302/5142/269 3308/5141/268
f 3313/5154/276 3268/5087/226 3265/5089/228
f 3317/5176/275 3272/5090/229 3268/5092/226
f 3272/5090/229 3315/5164/284 3266/5094/232
f 3303/5147/273 3319/5157/279 3314/5159/280
f 3311/5177/272 3323/5160/281 3319/5162/279
f 3323/5160/281 3302/5142/269 3315/5164/284
f 3301/5136/264 3280/5102/238 3277/5104/240
f 3305/5135/263 3284/5105/241 3280/5102/238
f 3284/5108/241 3303/5147/273 3278/5109/244
f 3289/5120/252 3316/5152/274 3313/5154/276
f 3316/5152/274 3298/5131/259 3320/5155/277
f 3320/5158/277 3291/5130/261 3314/5159/280
f 3279/5114/248 3295/5123/255 3290/5125/257
f 3287/5113/245 3299/5126/260 3295/5123/255
f 3299/5129/260 3278/5109/244 3291/5130/261
f 3277/5104/240 3232/5039/190 3229/5041/192
f 3281/5103/239 3236/5042/193 3232/5039/190
f 3236/5045/193 3279/5114/248 3230/5046/196
f 3242/5062/208 3292/5118/250 3289/5120/252
f 3248/5058/205 3296/5124/256 3292/5178/250
f 3244/5055/202 3290/5125/257 3296/5124/256
f 3301/5136/264 3229/5041/192 3253/5179/216
f 3243/5067/213 3254/5174/221 3231/5170/200
f 3290/5125/257 3230/5046/196 3279/5114/248
f 3265/5089/228 3289/5120/252 3313/5154/276
f 3266/5094/232 3302/5142/269 3255/5083/225
f 3314/5159/280 3278/5109/244 3303/5147/273
f 3328/5180/190 3329/5181/191 3325/5182/192
f 3332/5183/193 3330/5184/302 3328/5180/190
f 3331/5185/195 3332/5186/193 3326/5187/196
f 3331/5185/195 3336/5188/311 3333/5189/286
f 3334/5190/199 3335/5191/197 3327/5192/200
f 3334/5190/199 3330/5193/302 3336/5194/311
f 3330/5193/302 3333/5195/286 3336/5194/311
f 3340/5196/202 3341/5197/203 3337/5198/204
f 3340/5196/202 3345/5199/287 3342/5200/312
f 3343/5201/207 3344/5202/205 3338/5203/208
f 3347/5204/212 3345/5205/287 3343/5206/207
f 3346/5207/211 3347/5204/212 3339/5208/213
f 3341/5209/203 3348/5210/209 3346/5207/211
f 3342/5211/312 3345/5205/287 3348/5210/209
f 3352/5212/214 3353/5213/215 3349/5214/216
f 3356/5215/220 3354/5216/218 3352/5212/214
f 3355/5217/219 3356/5215/220 3350/5218/221
f 3359/5219/224 3357/5220/313 3355/5221/219
f 3358/5222/223 3359/5219/224 3351/5223/225
f 3358/5222/223 3354/5224/218 3360/5225/288
f 3354/5216/218 3357/5226/313 3360/5227/288
f 3364/5228/226 3365/5229/227 3361/5230/228
f 3364/5231/226 3369/5232/314 3366/5233/230
f 3367/5234/231 3368/5235/229 3362/5236/232
f 3367/5237/231 3372/5238/237 3369/5239/314
f 3370/5240/235 3371/5241/233 3363/5242/236
f 3365/5243/227 3372/5238/237 3370/5240/235
f 3366/5244/230 3369/5239/314 3372/5238/237
f 3376/5245/238 3377/5246/239 3373/5247/240
f 3380/5248/241 3378/5249/242 3376/5245/238
f 3379/5250/243 3380/5251/241 3374/5252/244
f 3379/5250/243 3384/5253/299 3381/5254/315
f 3382/5255/247 3383/5256/245 3375/5257/248
f 3382/5258/247 3378/5249/242 3384/5259/299
f 3378/5249/242 3381/5260/315 3384/5259/299
f 3388/5261/250 3389/5262/251 3385/5263/252
f 3388/5261/250 3393/5264/323 3390/5265/254
f 3391/5266/255 3392/5267/256 3386/5268/257
f 3395/5269/260 3393/5270/323 3391/5266/255
f 3394/5271/259 3395/5272/260 3387/5273/261
f 3389/5262/251 3396/5274/258 3394/5275/259
f 3390/5265/254 3393/5264/323 3396/5274/258
f 3400/5276/262 3401/5277/263 3397/5278/264
f 3404/5279/268 3402/5280/293 3400/5281/262
f 3403/5282/267 3404/5279/268 3398/5283/269
f 3407/5284/272 3405/5285/265 3403/5286/267
f 3406/5287/271 3407/5284/272 3399/5288/273
f 3406/5289/271 3402/5290/293 3408/5291/318
f 3402/5292/293 3405/5285/265 3408/5293/318
f 3412/5294/274 3413/5295/275 3409/5296/276
f 3416/5297/277 3414/5298/309 3412/5294/274
f 3415/5299/279 3416/5300/277 3410/5301/280
f 3415/5302/279 3420/5303/319 3417/5304/282
f 3418/5305/283 3419/5306/281 3411/5307/284
f 3413/5295/275 3420/5308/319 3418/5309/283
f 3414/5298/309 3417/5310/282 3420/5308/319
f 3325/5311/192 3352/5212/214 3349/5214/216
f 3329/5312/191 3356/5215/220 3352/5212/214
f 3356/5215/220 3327/5192/200 3350/5218/221
f 3337/5198/204 3331/5185/195 3326/5187/196
f 3341/5197/203 3335/5313/197 3331/5185/195
f 3335/5314/197 3339/5208/213 3327/5315/200
f 3361/5230/228 3343/5201/207 3338/5203/208
f 3365/5243/227 3347/5204/212 3343/5206/207
f 3370/5240/235 3339/5208/213 3347/5204/212
f 3362/5236/232 3359/5219/224 3367/5234/231
f 3359/5219/224 3371/5316/233 3367/5234/231
f 3355/5317/219 3363/5242/236 3371/5241/233
f 3349/5318/216 3400/5276/262 3397/5278/264
f 3353/5319/215 3404/5279/268 3400/5281/262
f 3358/5222/223 3398/5283/269 3404/5279/268
f 3409/5296/276 3364/5228/226 3361/5230/228
f 3413/5320/275 3368/5235/229 3364/5231/226
f 3418/5305/283 3362/5236/232 3368/5235/229
f 3410/5301/280 3407/5284/272 3415/5299/279
f 3407/5321/272 3419/5306/281 3415/5302/279
f 3403/5282/267 3411/5307/284 3419/5306/281
f 3373/5247/240 3401/5277/263 3376/5245/238
f 3401/5277/263 3380/5248/241 3376/5245/238
f 3380/5251/241 3399/5288/273 3374/5252/244
f 3385/5263/252 3412/5294/274 3409/5296/276
f 3389/5262/251 3416/5297/277 3412/5294/274
f 3416/5300/277 3387/5273/261 3410/5301/280
f 3386/5268/257 3383/5256/245 3391/5266/255
f 3383/5256/245 3395/5269/260 3391/5266/255
f 3379/5250/243 3387/5273/261 3395/5272/260
f 3373/5247/240 3328/5180/190 3325/5182/192
f 3377/5246/239 3332/5183/193 3328/5180/190
f 3382/5255/247 3326/5187/196 3332/5186/193
f 3385/5263/252 3344/5202/205 3388/5261/250
f 3344/5322/205 3392/5267/256 3388/5323/250
f 3340/5196/202 3386/5268/257 3392/5267/256
f 3397/5278/264 3325/5182/192 3349/5318/216
f 3339/5208/213 3350/5324/221 3327/5315/200
f 3386/5268/257 3326/5187/196 3375/5257/248
f 3361/5230/228 3385/5263/252 3409/5296/276
f 3362/5236/232 3398/5283/269 3351/5223/225
f 3410/5301/280 3374/5252/244 3399/5288/273
f 3424/5325/190 3425/5326/191 3421/5327/192
f 3428/5328/193 3426/5329/302 3424/5325/190
f 3427/5330/195 3428/5331/193 3422/5332/196
f 3427/5330/195 3432/5333/311 3429/5334/198
f 3430/5335/199 3431/5336/197 3423/5337/200
f 3430/5335/199 3426/5338/302 3432/5339/311
f 3426/5338/302 3429/5340/198 3432/5339/311
f 3436/5341/202 3437/5342/203 3433/5343/204
f 3440/5344/205 3438/5345/295 3436/5341/202
f 3439/5346/207 3440/5347/205 3434/5348/208
f 3443/5349/212 3441/5350/287 3439/5351/207
f 3442/5352/211 3443/5349/212 3435/5353/213
f 3442/5352/211 3438/5354/295 3444/5355/209
f 3438/5354/295 3441/5350/287 3444/5355/209
f 3448/5356/214 3449/5357/215 3445/5358/216
f 3452/5359/220 3450/5360/296 3448/5356/214
f 3451/5361/219 3452/5359/220 3446/5362/221
f 3455/5363/224 3453/5364/313 3451/5365/219
f 3454/5366/223 3455/5363/224 3447/5367/225
f 3454/5366/223 3450/5368/296 3456/5369/222
f 3450/5360/296 3453/5370/313 3456/5371/222
f 3460/5372/226 3461/5373/227 3457/5374/228
f 3460/5375/226 3465/5376/297 3462/5377/310
f 3463/5378/231 3464/5379/229 3458/5380/232
f 3467/5381/233 3465/5382/297 3463/5383/231
f 3466/5384/235 3467/5381/233 3459/5385/236
f 3466/5384/235 3462/5386/310 3468/5387/237
f 3462/5386/310 3465/5382/297 3468/5387/237
f 3472/5388/238 3473/5389/239 3469/5390/240
f 3476/5391/241 3474/5392/242 3472/5388/238
f 3475/5393/243 3476/5394/241 3470/5395/244
f 3475/5393/243 3480/5396/299 3477/5397/315
f 3478/5398/247 3479/5399/245 3471/5400/248
f 3478/5401/247 3474/5392/242 3480/5402/299
f 3474/5392/242 3477/5403/315 3480/5402/299
f 3484/5404/250 3485/5405/251 3481/5406/252
f 3488/5407/256 3486/5408/254 3484/5404/250
f 3487/5409/255 3488/5410/256 3482/5411/257
f 3491/5412/260 3489/5413/253 3487/5409/255
f 3490/5414/259 3491/5415/260 3483/5416/261
f 3485/5405/251 3492/5417/258 3490/5418/259
f 3486/5408/254 3489/5419/253 3492/5417/258
f 3496/5420/262 3497/5421/263 3493/5422/264
f 3500/5423/268 3498/5424/293 3496/5425/262
f 3499/5426/267 3500/5423/268 3494/5427/269
f 3503/5428/272 3501/5429/265 3499/5430/267
f 3502/5431/271 3503/5428/272 3495/5432/273
f 3502/5433/271 3498/5434/293 3504/5435/318
f 3498/5436/293 3501/5429/265 3504/5437/318
f 3508/5438/274 3509/5439/275 3505/5440/276
f 3508/5438/274 3513/5441/282 3510/5442/294
f 3511/5443/279 3512/5444/277 3506/5445/280
f 3511/5446/279 3516/5447/285 3513/5448/282
f 3514/5449/283 3515/5450/281 3507/5451/284
f 3514/5452/283 3510/5442/294 3516/5453/285
f 3510/5442/294 3513/5441/282 3516/5453/285
f 3421/5454/192 3448/5356/214 3445/5358/216
f 3425/5455/191 3452/5359/220 3448/5356/214
f 3452/5359/220 3423/5337/200 3446/5362/221
f 3433/5343/204 3427/5330/195 3422/5332/196
f 3437/5342/203 3431/5456/197 3427/5330/195
f 3442/5352/211 3423/5457/200 3431/5458/197
f 3457/5374/228 3439/5346/207 3434/5348/208
f 3461/5459/227 3443/5349/212 3439/5351/207
f 3466/5384/235 3435/5353/213 3443/5349/212
f 3447/5367/225 3463/5378/231 3458/5380/232
f 3455/5363/224 3467/5460/233 3463/5378/231
f 3451/5461/219 3459/5385/236 3467/5381/233
f 3493/5422/264 3449/5462/215 3496/5420/262
f 3496/5425/262 3454/5366/223 3500/5423/268
f 3454/5366/223 3494/5427/269 3500/5423/268
f 3457/5374/228 3509/5439/275 3460/5372/226
f 3509/5463/275 3464/5379/229 3460/5375/226
f 3464/5379/229 3507/5451/284 3458/5380/232
f 3506/5445/280 3503/5428/272 3511/5443/279
f 3503/5464/272 3515/5450/281 3511/5446/279
f 3499/5426/267 3507/5451/284 3515/5450/281
f 3493/5422/264 3472/5388/238 3469/5390/240
f 3497/5421/263 3476/5391/241 3472/5388/238
f 3476/5394/241 3495/5432/273 3470/5395/244
f 3481/5406/252 3508/5438/274 3505/5440/276
f 3485/5405/251 3512/5465/277 3508/5438/274
f 3512/5444/277 3483/5416/261 3506/5445/280
f 3471/5400/248 3487/5409/255 3482/5411/257
f 3479/5399/245 3491/5412/260 3487/5409/255
f 3475/5393/243 3483/5416/261 3491/5415/260
f 3469/5390/240 3424/5325/190 3421/5327/192
f 3473/5389/239 3428/5328/193 3424/5325/190
f 3478/5398/247 3422/5332/196 3428/5331/193
f 3434/5348/208 3484/5404/250 3481/5406/252
f 3440/5344/205 3488/5410/256 3484/5466/250
f 3436/5341/202 3482/5411/257 3488/5410/256
f 3493/5422/264 3421/5327/192 3445/5467/216
f 3435/5353/213 3446/5468/221 3423/5457/200
f 3482/5411/257 3422/5332/196 3471/5400/248
f 3457/5374/228 3481/5406/252 3505/5440/276
f 3458/5380/232 3494/5427/269 3447/5367/225
f 3506/5445/280 3470/5395/244 3495/5432/273
f 3520/5469/190 3521/5470/191 3517/5471/192
f 3520/5469/190 3525/5472/286 3522/5473/320
f 3523/5474/195 3524/5475/193 3518/5476/196
f 3523/5474/195 3528/5477/311 3525/5478/286
f 3526/5479/199 3527/5480/197 3519/5481/200
f 3526/5479/199 3522/5482/320 3528/5483/311
f 3522/5482/320 3525/5484/286 3528/5483/311
f 3532/5485/202 3533/5486/203 3529/5487/204
f 3532/5485/202 3537/5488/287 3534/5489/295
f 3535/5490/207 3536/5491/205 3530/5492/208
f 3539/5493/212 3537/5494/287 3535/5495/207
f 3538/5496/211 3539/5493/212 3531/5497/213
f 3533/5498/203 3540/5499/209 3538/5496/211
f 3534/5500/295 3537/5494/287 3540/5499/209
f 3544/5501/214 3545/5502/215 3541/5503/216
f 3548/5504/220 3546/5505/307 3544/5501/214
f 3547/5506/219 3548/5504/220 3542/5507/221
f 3551/5508/224 3549/5509/313 3547/5510/219
f 3550/5511/223 3551/5508/224 3543/5512/225
f 3545/5513/215 3552/5514/288 3550/5511/223
f 3546/5505/307 3549/5515/313 3552/5516/288
f 3556/5517/226 3557/5518/227 3553/5519/228
f 3560/5520/229 3558/5521/289 3556/5522/226
f 3559/5523/231 3560/5520/229 3554/5524/232
f 3559/5525/231 3564/5526/237 3561/5527/297
f 3562/5528/235 3563/5529/233 3555/5530/236
f 3562/5528/235 3558/5531/289 3564/5526/237
f 3558/5531/289 3561/5527/297 3564/5526/237
f 3568/5532/238 3569/5533/239 3565/5534/240
f 3572/5535/241 3570/5536/298 3568/5532/238
f 3571/5537/243 3572/5538/241 3566/5539/244
f 3571/5537/243 3576/5540/299 3573/5541/315
f 3574/5542/247 3575/5543/245 3567/5544/248
f 3574/5545/247 3570/5536/298 3576/5546/299
f 3570/5536/298 3573/5547/315 3576/5546/299
f 3580/5548/250 3581/5549/251 3577/5550/252
f 3584/5551/256 3582/5552/254 3580/5548/250
f 3583/5553/255 3584/5554/256 3578/5555/257
f 3587/5556/260 3585/5557/292 3583/5553/255
f 3586/5558/259 3587/5559/260 3579/5560/261
f 3586/5561/259 3582/5552/254 3588/5562/258
f 3582/5552/254 3585/5563/292 3588/5562/258
f 3592/5564/262 3593/5565/263 3589/5566/264
f 3592/5567/262 3597/5568/301 3594/5569/322
f 3595/5570/267 3596/5571/268 3590/5572/269
f 3599/5573/272 3597/5574/301 3595/5575/267
f 3598/5576/271 3599/5573/272 3591/5577/273
f 3598/5578/271 3594/5579/322 3600/5580/318
f 3594/5581/322 3597/5574/301 3600/5582/318
f 3604/5583/274 3605/5584/275 3601/5585/276
f 3608/5586/277 3606/5587/294 3604/5583/274
f 3607/5588/279 3608/5589/277 3602/5590/280
f 3607/5591/279 3612/5592/306 3609/5593/282
f 3610/5594/283 3611/5595/281 3603/5596/284
f 3610/5597/283 3606/5587/294 3612/5598/306
f 3606/5587/294 3609/5599/282 3612/5598/306
f 3517/5600/192 3544/5501/214 3541/5503/216
f 3521/5601/191 3548/5504/220 3544/5501/214
f 3548/5504/220 3519/5481/200 3542/5507/221
f 3529/5487/204 3523/5474/195 3518/5476/196
f 3533/5486/203 3527/5602/197 3523/5474/195
f 3538/5496/211 3519/5603/200 3527/5604/197
f 3553/5519/228 3535/5490/207 3530/5492/208
f 3557/5605/227 3539/5493/212 3535/5495/207
f 3562/5528/235 3531/5497/213 3539/5493/212
f 3543/5512/225 3559/5523/231 3554/5524/232
f 3551/5508/224 3563/5606/233 3559/5523/231
f 3547/5607/219 3555/5530/236 3563/5529/233
f 3589/5566/264 3545/5608/215 3592/5564/262
f 3592/5567/262 3550/5511/223 3596/5571/268
f 3550/5511/223 3590/5572/269 3596/5571/268
f 3601/5585/276 3556/5517/226 3553/5519/228
f 3605/5609/275 3560/5520/229 3556/5522/226
f 3560/5520/229 3603/5596/284 3554/5524/232
f 3591/5577/273 3607/5588/279 3602/5590/280
f 3599/5610/272 3611/5595/281 3607/5591/279
f 3595/5570/267 3603/5596/284 3611/5595/281
f 3589/5566/264 3568/5532/238 3565/5534/240
f 3593/5565/263 3572/5535/241 3568/5532/238
f 3572/5538/241 3591/5577/273 3566/5539/244
f 3577/5550/252 3604/5583/274 3601/5585/276
f 3581/5549/251 3608/5586/277 3604/5583/274
f 3608/5589/277 3579/5560/261 3602/5590/280
f 3567/5544/248 3583/5553/255 3578/5555/257
f 3583/5553/255 3571/5611/243 3587/5556/260
f 3571/5537/243 3579/5560/261 3587/5559/260
f 3565/5534/240 3520/5469/190 3517/5471/192
f 3569/5533/239 3524/5612/193 3520/5469/190
f 3574/5542/247 3518/5476/196 3524/5475/193
f 3530/5492/208 3580/5548/250 3577/5550/252
f 3536/5613/205 3584/5554/256 3580/5614/250
f 3532/5485/202 3578/5555/257 3584/5554/256
f 3589/5566/264 3517/5471/192 3541/5615/216
f 3531/5497/213 3542/5616/221 3519/5603/200
f 3578/5555/257 3518/5476/196 3567/5544/248
f 3553/5519/228 3577/5550/252 3601/5585/276
f 3554/5524/232 3590/5572/269 3543/5512/225
f 3602/5590/280 3566/5539/244 3591/5577/273
f 3613/5617/330 3615/5618/330 3616/5619/330
f 3617/5620/178 3614/5621/178 3613/5622/178
f 3621/5623/331 3618/5624/332 3617/5625/333
f 3618/5626/188 3615/5627/188 3614/5628/188
f 3622/5629/334 3619/5630/335 3618/5624/332
f 3619/5631/185 3616/5632/185 3615/5633/185
f 3623/5634/336 3620/5635/337 3619/5630/335
f 3620/5636/182 3613/5637/182 3616/5638/182
f 3624/5639/338 3617/5625/333 3620/5635/337
f 3624/5639/338 3622/5629/334 3621/5623/331
f 3628/5640/190 3629/5641/191 3625/5642/192
f 3632/5643/193 3630/5644/302 3628/5640/190
f 3631/5645/195 3632/5646/193 3626/5647/196
f 3635/5648/197 3633/5649/198 3631/5645/195
f 3634/5650/199 3635/5651/197 3627/5652/200
f 3629/5653/191 3636/5654/201 3634/5650/199
f 3630/5655/302 3633/5656/198 3636/5654/201
f 3640/5657/202 3641/5658/203 3637/5659/204
f 3640/5657/202 3645/5660/287 3642/5661/206
f 3643/5662/207 3644/5663/205 3638/5664/208
f 3647/5665/212 3645/5666/287 3643/5667/207
f 3646/5668/211 3647/5665/212 3639/5669/213
f 3646/5668/211 3642/5670/206 3648/5671/209
f 3642/5670/206 3645/5666/287 3648/5671/209
f 3652/5672/214 3653/5673/215 3649/5674/216
f 3652/5672/214 3657/5675/217 3654/5676/218
f 3655/5677/219 3656/5678/220 3650/5679/221
f 3659/5680/224 3657/5681/217 3655/5682/219
f 3658/5683/223 3659/5680/224 3651/5684/225
f 3653/5685/215 3660/5686/222 3658/5683/223
f 3654/5676/218 3657/5675/217 3660/5687/222
f 3664/5688/226 3665/5689/227 3661/5690/228
f 3668/5691/229 3666/5692/289 3664/5693/226
f 3667/5694/231 3668/5691/229 3662/5695/232
f 3671/5696/233 3669/5697/234 3667/5698/231
f 3670/5699/235 3671/5696/233 3663/5700/236
f 3670/5699/235 3666/5701/289 3672/5702/237
f 3666/5701/289 3669/5697/234 3672/5702/237
f 3676/5703/238 3677/5704/239 3673/5705/240
f 3680/5706/241 3678/5707/298 3676/5703/238
f 3679/5708/243 3680/5709/241 3674/5710/244
f 3679/5708/243 3684/5711/299 3681/5712/246
f 3682/5713/247 3683/5714/245 3675/5715/248
f 3682/5716/247 3678/5707/298 3684/5717/299
f 3678/5707/298 3681/5718/246 3684/5717/299
f 3688/5719/250 3689/5720/251 3685/5721/252
f 3688/5719/250 3693/5722/253 3690/5723/317
f 3691/5724/255 3692/5725/256 3686/5726/257
f 3691/5724/255 3696/5727/258 3693/5728/253
f 3694/5729/259 3695/5730/260 3687/5731/261
f 3694/5732/259 3690/5723/317 3696/5733/258
f 3690/5723/317 3693/5722/253 3696/5733/258
f 3700/5734/262 3701/5735/263 3697/5736/264
f 3704/5737/268 3702/5738/266 3700/5739/262
f 3703/5740/267 3704/5737/268 3698/5741/269
f 3707/5742/272 3705/5743/301 3703/5744/267
f 3706/5745/271 3707/5742/272 3699/5746/273
f 3706/5747/271 3702/5748/266 3708/5749/270
f 3702/5750/266 3705/5743/301 3708/5751/270
f 3712/5752/274 3713/5753/275 3709/5754/276
f 3716/5755/277 3714/5756/309 3712/5752/274
f 3715/5757/279 3716/5758/277 3710/5759/280
f 3719/5760/281 3717/5761/282 3715/5762/279
f 3718/5763/283 3719/5760/281 3711/5764/284
f 3713/5753/275 3720/5765/285 3718/5766/283
f 3714/5756/309 3717/5767/282 3720/5765/285
f 3625/5768/192 3652/5672/214 3649/5674/216
f 3629/5653/191 3656/5678/220 3652/5672/214
f 3656/5678/220 3627/5652/200 3650/5679/221
f 3626/5647/196 3641/5658/203 3631/5645/195
f 3641/5658/203 3635/5648/197 3631/5645/195
f 3646/5668/211 3627/5769/200 3635/5770/197
f 3661/5690/228 3643/5662/207 3638/5664/208
f 3665/5771/227 3647/5665/212 3643/5667/207
f 3670/5699/235 3639/5669/213 3647/5665/212
f 3651/5684/225 3667/5694/231 3662/5695/232
f 3659/5680/224 3671/5772/233 3667/5694/231
f 3671/5696/233 3650/5773/221 3663/5700/236
f 3649/5774/216 3700/5734/262 3697/5736/264
f 3653/5685/215 3704/5737/268 3700/5739/262
f 3704/5737/268 3651/5684/225 3698/5741/269
f 3709/5754/276 3664/5688/226 3661/5690/228
f 3713/5775/275 3668/5691/229 3664/5693/226
f 3718/5763/283 3662/5695/232 3668/5691/229
f 3699/5746/273 3715/5757/279 3710/5759/280
f 3707/5776/272 3719/5760/281 3715/5762/279
f 3719/5760/281 3698/5741/269 3711/5764/284
f 3697/5736/264 3676/5703/238 3673/5705/240
f 3701/5735/263 3680/5706/241 3676/5703/238
f 3680/5709/241 3699/5746/273 3674/5710/244
f 3685/5721/252 3712/5752/274 3709/5754/276
f 3689/5720/251 3716/5755/277 3712/5752/274
f 3716/5758/277 3687/5731/261 3710/5759/280
f 3675/5715/248 3691/5724/255 3686/5726/257
f 3683/5714/245 3695/5777/260 3691/5724/255
f 3695/5730/260 3674/5710/244 3687/5731/261
f 3673/5705/240 3628/5640/190 3625/5642/192
f 3677/5704/239 3632/5643/193 3628/5640/190
f 3682/5713/247 3626/5647/196 3632/5646/193
f 3638/5664/208 3688/5719/250 3685/5721/252
f 3644/5778/205 3692/5725/256 3688/5779/250
f 3640/5657/202 3686/5726/257 3692/5725/256
f 3697/5736/264 3625/5642/192 3649/5774/216
f 3639/5669/213 3650/5773/221 3627/5769/200
f 3686/5726/257 3626/5647/196 3675/5715/248
f 3661/5690/228 3685/5721/252 3709/5754/276
f 3662/5695/232 3698/5741/269 3651/5684/225
f 3710/5759/280 3674/5710/244 3699/5746/273
f 3724/5780/190 3725/5781/191 3721/5782/192
f 3728/5783/193 3726/5784/302 3724/5780/190
f 3727/5785/195 3728/5786/193 3722/5787/196
f 3731/5788/197 3729/5789/198 3727/5785/195
f 3730/5790/199 3731/5791/197 3723/5792/200
f 3730/5790/199 3726/5793/302 3732/5794/311
f 3726/5793/302 3729/5795/198 3732/5794/311
f 3736/5796/202 3737/5797/203 3733/5798/204
f 3740/5799/205 3738/5800/312 3736/5796/202
f 3739/5801/207 3740/5802/205 3734/5803/208
f 3743/5804/212 3741/5805/321 3739/5806/207
f 3742/5807/211 3743/5804/212 3735/5808/213
f 3742/5807/211 3738/5809/312 3744/5810/209
f 3738/5809/312 3741/5805/321 3744/5810/209
f 3748/5811/214 3749/5812/215 3745/5813/216
f 3752/5814/220 3750/5815/296 3748/5811/214
f 3751/5816/219 3752/5814/220 3746/5817/221
f 3751/5818/219 3756/5819/288 3753/5820/313
f 3754/5821/223 3755/5822/224 3747/5823/225
f 3754/5821/223 3750/5824/296 3756/5819/288
f 3750/5815/296 3753/5825/313 3756/5826/288
f 3760/5827/226 3761/5828/227 3757/5829/228
f 3760/5830/226 3765/5831/314 3762/5832/289
f 3763/5833/231 3764/5834/229 3758/5835/232
f 3767/5836/233 3765/5837/314 3763/5838/231
f 3766/5839/235 3767/5836/233 3759/5840/236
f 3761/5841/227 3768/5842/343 3766/5839/235
f 3762/5843/289 3765/5837/314 3768/5842/343
f 3772/5844/238 3773/5845/239 3769/5846/240
f 3776/5847/241 3774/5848/298 3772/5844/238
f 3775/5849/243 3776/5850/241 3770/5851/244
f 3779/5852/245 3777/5853/315 3775/5849/243
f 3778/5854/247 3779/5855/245 3771/5856/248
f 3778/5857/247 3774/5848/298 3780/5858/299
f 3774/5848/298 3777/5859/315 3780/5858/299
f 3784/5860/250 3785/5861/251 3781/5862/252
f 3784/5860/250 3789/5863/323 3786/5864/300
f 3787/5865/255 3788/5866/256 3782/5867/257
f 3787/5865/255 3792/5868/258 3789/5869/323
f 3790/5870/259 3791/5871/260 3783/5872/261
f 3785/5861/251 3792/5873/258 3790/5874/259
f 3786/5864/300 3789/5863/323 3792/5873/258
f 3796/5875/262 3797/5876/263 3793/5877/264
f 3800/5878/268 3798/5879/293 3796/5880/262
f 3799/5881/267 3800/5878/268 3794/5882/269
f 3799/5883/267 3804/5884/318 3801/5885/301
f 3802/5886/271 3803/5887/272 3795/5888/273
f 3802/5889/271 3798/5890/293 3804/5891/318
f 3798/5892/293 3801/5885/301 3804/5884/318
f 3808/5893/274 3809/5894/275 3805/5895/276
f 3808/5893/274 3813/5896/282 3810/5897/294
f 3811/5898/279 3812/5899/277 3806/5900/280
f 3815/5901/281 3813/5902/282 3811/5903/279
f 3814/5904/283 3815/5901/281 3807/5905/284
f 3814/5906/283 3810/5897/294 3816/5907/319
f 3810/5897/294 3813/5896/282 3816/5907/319
f 3721/5908/192 3748/5811/214 3745/5813/216
f 3725/5909/191 3752/5814/220 3748/5811/214
f 3752/5814/220 3723/5792/200 3746/5817/221
f 3733/5798/204 3727/5785/195 3722/5787/196
f 3737/5797/203 3731/5788/197 3727/5785/195
f 3731/5910/197 3735/5808/213 3723/5911/200
f 3757/5829/228 3739/5801/207 3734/5803/208
f 3761/5841/227 3743/5804/212 3739/5806/207
f 3766/5839/235 3735/5808/213 3743/5804/212
f 3758/5835/232 3755/5822/224 3763/5833/231
f 3755/5822/224 3767/5912/233 3763/5833/231
f 3751/5913/219 3759/5840/236 3767/5836/233
f 3745/5914/216 3796/5875/262 3793/5877/264
f 3749/5915/215 3800/5878/268 3796/5880/262
f 3754/5821/223 3794/5882/269 3800/5878/268
f 3757/5829/228 3809/5894/275 3760/5827/226
f 3809/5916/275 3764/5834/229 3760/5830/226
f 3814/5904/283 3758/5835/232 3764/5834/229
f 3806/5900/280 3803/5887/272 3811/5898/279
f 3803/5917/272 3815/5901/281 3811/5903/279
f 3799/5881/267 3807/5905/284 3815/5901/281
f 3793/5877/264 3772/5844/238 3769/5846/240
f 3797/5876/263 3776/5847/241 3772/5844/238
f 3776/5850/241 3795/5888/273 3770/5851/244
f 3781/5862/252 3808/5893/274 3805/5895/276
f 3785/5861/251 3812/5918/277 3808/5893/274
f 3812/5899/277 3783/5872/261 3806/5900/280
f 3782/5867/257 3779/5855/245 3787/5865/255
f 3779/5855/245 3791/5919/260 3787/5865/255
f 3775/5849/243 3783/5872/261 3791/5871/260
f 3721/5782/192 3773/5845/239 3724/5780/190
f 3773/5845/239 3728/5783/193 3724/5780/190
f 3778/5854/247 3722/5787/196 3728/5786/193
f 3734/5803/208 3784/5860/250 3781/5862/252
f 3740/5799/205 3788/5866/256 3784/5920/250
f 3736/5796/202 3782/5867/257 3788/5866/256
f 3793/5877/264 3721/5782/192 3745/5914/216
f 3735/5808/213 3746/5921/221 3723/5911/200
f 3782/5867/257 3722/5787/196 3771/5856/248
f 3757/5829/228 3781/5862/252 3805/5895/276
f 3758/5835/232 3794/5882/269 3747/5823/225
f 3806/5900/280 3770/5851/244 3795/5888/273
f 3820/5922/190 3821/5923/191 3817/5924/192
f 3820/5922/190 3825/5925/286 3822/5926/320
f 3823/5927/195 3824/5928/193 3818/5929/196
f 3827/5930/197 3825/5931/286 3823/5927/195
f 3826/5932/199 3827/5933/197 3819/5934/200
f 3826/5932/199 3822/5935/320 3828/5936/311
f 3822/5935/320 3825/5937/286 3828/5936/311
f 3832/5938/202 3833/5939/203 3829/5940/204
f 3832/5938/202 3837/5941/287 3834/5942/206
f 3835/5943/207 3836/5944/205 3830/5945/208
f 3839/5946/212 3837/5947/287 3835/5948/207
f 3838/5949/211 3839/5946/212 3831/5950/213
f 3838/5949/211 3834/5951/206 3840/5952/209
f 3834/5951/206 3837/5947/287 3840/5952/209
f 3844/5953/214 3845/5954/215 3841/5955/216
f 3848/5956/220 3846/5957/218 3844/5953/214
f 3847/5958/219 3848/5956/220 3842/5959/221
f 3847/5960/219 3852/5961/288 3849/5962/313
f 3850/5963/223 3851/5964/224 3843/5965/225
f 3850/5963/223 3846/5966/218 3852/5961/288
f 3846/5957/218 3849/5967/313 3852/5968/288
f 3856/5969/226 3857/5970/227 3853/5971/228
f 3860/5972/229 3858/5973/289 3856/5974/226
f 3859/5975/231 3860/5972/229 3854/5976/232
f 3859/5977/231 3864/5978/237 3861/5979/297
f 3862/5980/235 3863/5981/233 3855/5982/236
f 3862/5980/235 3858/5983/289 3864/5978/237
f 3858/5983/289 3861/5979/297 3864/5978/237
f 3868/5984/238 3869/5985/239 3865/5986/240
f 3872/5987/241 3870/5988/290 3868/5984/238
f 3871/5989/243 3872/5990/241 3866/5991/244
f 3875/5992/245 3873/5993/315 3871/5989/243
f 3874/5994/247 3875/5995/245 3867/5996/248
f 3869/5985/239 3876/5997/299 3874/5998/247
f 3870/5988/290 3873/5999/315 3876/5997/299
f 3880/6000/250 3881/6001/251 3877/6002/252
f 3884/6003/256 3882/6004/254 3880/6000/250
f 3883/6005/255 3884/6006/256 3878/6007/257
f 3883/6005/255 3888/6008/258 3885/6009/253
f 3886/6010/259 3887/6011/260 3879/6012/261
f 3886/6013/259 3882/6004/254 3888/6014/258
f 3882/6004/254 3885/6015/253 3888/6014/258
f 3892/6016/262 3893/6017/263 3889/6018/264
f 3892/6019/262 3897/6020/265 3894/6021/322
f 3895/6022/267 3896/6023/268 3890/6024/269
f 3895/6025/267 3900/6026/318 3897/6027/265
f 3898/6028/271 3899/6029/272 3891/6030/273
f 3898/6031/271 3894/6032/322 3900/6033/318
f 3894/6034/322 3897/6027/265 3900/6026/318
f 3904/6035/274 3905/6036/275 3901/6037/276
f 3908/6038/277 3906/6039/309 3904/6035/274
f 3907/6040/279 3908/6041/277 3902/6042/280
f 3911/6043/281 3909/6044/344 3907/6045/279
f 3910/6046/283 3911/6043/281 3903/6047/284
f 3905/6036/275 3912/6048/285 3910/6049/283
f 3906/6039/309 3909/6050/344 3912/6048/285
f 3817/6051/192 3844/5953/214 3841/5955/216
f 3821/6052/191 3848/5956/220 3844/5953/214
f 3848/5956/220 3819/5934/200 3842/5959/221
f 3829/5940/204 3823/5927/195 3818/5929/196
f 3833/5939/203 3827/5930/197 3823/5927/195
f 3838/5949/211 3819/6053/200 3827/6054/197
f 3853/5971/228 3835/5943/207 3830/5945/208
f 3857/6055/227 3839/5946/212 3835/5948/207
f 3862/5980/235 3831/5950/213 3839/5946/212
f 3843/5965/225 3859/5975/231 3854/5976/232
f 3851/5964/224 3863/6056/233 3859/5975/231
f 3847/6057/219 3855/5982/236 3863/5981/233
f 3889/6018/264 3845/6058/215 3892/6016/262
f 3892/6019/262 3850/5963/223 3896/6023/268
f 3850/5963/223 3890/6024/269 3896/6023/268
f 3901/6037/276 3856/5969/226 3853/5971/228
f 3905/6059/275 3860/5972/229 3856/5974/226
f 3860/5972/229 3903/6047/284 3854/5976/232
f 3891/6030/273 3907/6040/279 3902/6042/280
f 3907/6045/279 3895/6022/267 3911/6043/281
f 3911/6043/281 3890/6024/269 3903/6047/284
f 3889/6018/264 3868/5984/238 3865/5986/240
f 3893/6017/263 3872/5987/241 3868/5984/238
f 3872/5990/241 3891/6030/273 3866/5991/244
f 3877/6002/252 3904/6035/274 3901/6037/276
f 3881/6001/251 3908/6038/277 3904/6035/274
f 3908/6041/277 3879/6012/261 3902/6042/280
f 3867/5996/248 3883/6005/255 3878/6007/257
f 3883/6005/255 3871/6060/243 3887/6061/260
f 3871/5989/243 3879/6012/261 3887/6011/260
f 3865/5986/240 3820/5922/190 3817/5924/192
f 3869/5985/239 3824/6062/193 3820/5922/190
f 3874/5994/247 3818/5929/196 3824/5928/193
f 3830/5945/208 3880/6000/250 3877/6002/252
f 3836/6063/205 3884/6006/256 3880/6064/250
f 3832/5938/202 3878/6007/257 3884/6006/256
f 3889/6018/264 3817/5924/192 3841/6065/216
f 3831/5950/213 3842/6066/221 3819/6053/200
f 3878/6007/257 3818/5929/196 3867/5996/248
f 3853/5971/228 3877/6002/252 3901/6037/276
f 3854/5976/232 3890/6024/269 3843/5965/225
f 3902/6042/280 3866/5991/244 3891/6030/273
f 3916/6067/190 3917/6068/191 3913/6069/192
f 3920/6070/193 3918/6071/302 3916/6067/190
f 3919/6072/195 3920/6073/193 3914/6074/196
f 3923/6075/197 3921/6076/198 3919/6072/195
f 3922/6077/199 3923/6078/197 3915/6079/200
f 3922/6077/199 3918/6080/302 3924/6081/311
f 3918/6080/302 3921/6082/198 3924/6081/311
f 3928/6083/202 3929/6084/203 3925/6085/204
f 3928/6083/202 3933/6086/287 3930/6087/295
f 3931/6088/207 3932/6089/205 3926/6090/208
f 3931/6091/207 3936/6092/209 3933/6093/287
f 3934/6094/211 3935/6095/212 3927/6096/213
f 3934/6094/211 3930/6097/295 3936/6092/209
f 3930/6097/295 3933/6093/287 3936/6092/209
f 3940/6098/214 3941/6099/215 3937/6100/216
f 3944/6101/220 3942/6102/296 3940/6098/214
f 3943/6103/219 3944/6101/220 3938/6104/221
f 3943/6105/219 3948/6106/288 3945/6107/313
f 3946/6108/223 3947/6109/224 3939/6110/225
f 3946/6108/223 3942/6111/296 3948/6106/288
f 3942/6102/296 3945/6112/313 3948/6113/288
f 3952/6114/226 3953/6115/227 3949/6116/228
f 3956/6117/229 3954/6118/289 3952/6119/226
f 3955/6120/231 3956/6117/229 3950/6121/232
f 3955/6122/231 3960/6123/237 3957/6124/297
f 3958/6125/235 3959/6126/233 3951/6127/236
f 3953/6128/227 3960/6123/237 3958/6125/235
f 3954/6129/289 3957/6124/297 3960/6123/237
f 3964/6130/238 3965/6131/239 3961/6132/240
f 3968/6133/241 3966/6134/242 3964/6130/238
f 3967/6135/243 3968/6136/241 3962/6137/244
f 3971/6138/245 3969/6139/315 3967/6135/243
f 3970/6140/247 3971/6141/245 3963/6142/248
f 3970/6143/247 3966/6134/242 3972/6144/291
f 3966/6134/242 3969/6145/315 3972/6144/291
f 3976/6146/250 3977/6147/251 3973/6148/252
f 3976/6146/250 3981/6149/253 3978/6150/254
f 3979/6151/255 3980/6152/256 3974/6153/257
f 3983/6154/260 3981/6155/253 3979/6151/255
f 3982/6156/259 3983/6157/260 3975/6158/261
f 3982/6159/259 3978/6150/254 3984/6160/258
f 3978/6150/254 3981/6149/253 3984/6160/258
f 3988/6161/262 3989/6162/263 3985/6163/264
f 3992/6164/268 3990/6165/293 3988/6166/262
f 3991/6167/267 3992/6164/268 3986/6168/269
f 3991/6169/267 3996/6170/318 3993/6171/265
f 3994/6172/271 3995/6173/272 3987/6174/273
f 3994/6175/271 3990/6176/293 3996/6177/318
f 3990/6178/293 3993/6171/265 3996/6170/318
f 4000/6179/274 4001/6180/275 3997/6181/276
f 4004/6182/277 4002/6183/309 4000/6179/274
f 4003/6184/279 4004/6185/277 3998/6186/280
f 4003/6187/279 4008/6188/285 4005/6189/282
f 4006/6190/283 4007/6191/281 3999/6192/284
f 4001/6180/275 4008/6193/285 4006/6194/283
f 4002/6183/309 4005/6195/282 4008/6193/285
f 3913/6196/192 3940/6098/214 3937/6100/216
f 3917/6197/191 3944/6101/220 3940/6098/214
f 3944/6101/220 3915/6079/200 3938/6104/221
f 3925/6085/204 3919/6072/195 3914/6074/196
f 3929/6084/203 3923/6075/197 3919/6072/195
f 3934/6094/211 3915/6198/200 3923/6199/197
f 3949/6116/228 3931/6088/207 3926/6090/208
f 3953/6128/227 3935/6095/212 3931/6091/207
f 3958/6125/235 3927/6096/213 3935/6095/212
f 3939/6110/225 3955/6120/231 3950/6121/232
f 3947/6109/224 3959/6200/233 3955/6120/231
f 3943/6201/219 3951/6127/236 3959/6126/233
f 3985/6163/264 3941/6202/215 3988/6161/262
f 3988/6166/262 3946/6108/223 3992/6164/268
f 3946/6108/223 3986/6168/269 3992/6164/268
f 3949/6116/228 4001/6180/275 3952/6114/226
f 4001/6203/275 3956/6117/229 3952/6119/226
f 3956/6117/229 3999/6192/284 3950/6121/232
f 3998/6186/280 3995/6173/272 4003/6184/279
f 3995/6204/272 4007/6191/281 4003/6187/279
f 3991/6167/267 3999/6192/284 4007/6191/281
f 3985/6163/264 3964/6130/238 3961/6132/240
f 3989/6162/263 3968/6133/241 3964/6130/238
f 3968/6136/241 3987/6174/273 3962/6137/244
f 3973/6148/252 4000/6179/274 3997/6181/276
f 3977/6147/251 4004/6182/277 4000/6179/274
f 4004/6185/277 3975/6158/261 3998/6186/280
f 3963/6142/248 3979/6151/255 3974/6153/257
f 3971/6141/245 3983/6154/260 3979/6151/255
f 3967/6135/243 3975/6158/261 3983/6157/260
f 3961/6132/240 3916/6067/190 3913/6069/192
f 3965/6131/239 3920/6070/193 3916/6067/190
f 3970/6140/247 3914/6074/196 3920/6073/193
f 3926/6090/208 3976/6146/250 3973/6148/252
f 3932/6205/205 3980/6152/256 3976/6206/250
f 3928/6083/202 3974/6153/257 3980/6152/256
f 3985/6163/264 3913/6069/192 3937/6207/216
f 3927/6096/213 3938/6208/221 3915/6198/200
f 3974/6153/257 3914/6074/196 3963/6142/248
f 3949/6116/228 3973/6148/252 3997/6181/276
f 3950/6121/232 3986/6168/269 3939/6110/225
f 3998/6186/280 3962/6137/244 3987/6174/273
f 1/1/1 4/6209/93 5/2/2
f 2/4/4 6/71/75 5/5/5
f 3/7/7 7/3/74 5/2/8
f 8/9/10 11/96/96 12/10/11
f 9/12/13 13/75/77 12/13/14
f 10/15/16 14/72/76 12/16/17
f 15/18/19 18/22/73 19/19/20
f 16/21/22 20/6210/80 19/19/23
f 17/23/25 21/81/82 19/24/26
f 22/26/28 25/82/83 26/27/29
f 23/29/31 27/77/79 26/30/32
f 24/32/34 28/76/78 26/33/35
f 29/35/37 32/86/87 33/36/38
f 30/38/40 34/91/92 33/39/41
f 31/41/43 35/94/94 33/42/44
f 36/44/46 39/95/95 40/45/47
f 37/47/49 41/90/91 40/48/50
f 38/50/52 42/89/90 40/51/53
f 43/53/55 46/80/81 47/54/56
f 44/56/58 48/85/86 47/57/59
f 45/59/61 49/87/88 47/60/62
f 50/62/64 53/88/89 54/63/65
f 51/65/67 55/84/85 54/66/68
f 52/68/70 56/83/84 54/69/71
f 1/1/1 7/3/3 18/22/73
f 7/3/74 3/7/7 16/21/22
f 8/9/10 14/11/12 6/71/75
f 14/72/76 10/15/16 3/73/7
f 22/26/28 28/28/30 13/75/77
f 28/76/78 24/32/34 10/15/16
f 17/23/25 20/25/27 27/77/79
f 20/78/80 16/97/22 24/32/34
f 15/79/19 21/6211/21 46/80/81
f 21/81/82 17/23/25 44/56/58
f 50/62/64 56/64/66 25/82/83
f 56/83/84 52/68/70 23/29/31
f 45/59/61 48/61/63 55/84/85
f 48/85/86 44/56/58 52/68/70
f 43/53/55 49/55/57 32/86/87
f 49/87/88 45/59/61 30/38/40
f 36/44/46 42/46/48 53/88/89
f 42/89/90 38/50/52 51/65/67
f 31/41/43 34/43/45 41/90/91
f 34/91/92 30/38/40 38/50/52
f 29/35/37 35/37/39 4/92/93
f 35/94/94 31/41/43 2/4/4
f 9/12/13 11/14/15 39/95/95
f 11/96/96 8/9/10 37/47/49
f 43/53/55 29/35/37 1/93/1
f 10/15/16 24/32/34 16/97/22
f 37/47/49 8/9/10 2/4/4
f 22/26/28 9/12/13 36/44/46
f 23/29/31 52/68/70 44/56/58
f 51/65/67 38/50/52 30/38/40
f 57/98/1 60/6212/137 61/99/97
f 58/101/4 62/168/75 61/102/98
f 59/104/7 63/100/74 61/99/100
f 64/106/10 67/193/140 68/107/101
f 65/109/13 69/172/77 68/110/102
f 66/112/16 70/169/76 68/113/104
f 71/115/19 74/119/73 75/116/106
f 72/118/22 76/6213/80 75/116/108
f 73/120/25 77/178/134 75/121/110
f 78/123/28 81/179/135 82/124/111
f 79/126/31 83/174/79 82/127/112
f 80/129/34 84/173/78 82/130/114
f 85/132/37 88/183/87 89/133/115
f 86/135/40 90/188/92 89/136/117
f 87/138/43 91/191/138 89/139/119
f 92/141/46 95/192/139 96/142/120
f 93/144/49 97/187/91 96/145/121
f 94/147/52 98/186/90 96/148/123
f 99/150/55 102/177/133 103/151/124
f 100/153/58 104/182/86 103/154/125
f 101/156/61 105/184/88 103/157/127
f 106/159/64 109/185/89 110/160/128
f 107/162/67 111/181/85 110/163/130
f 108/165/70 112/180/136 110/166/132
f 57/98/1 63/100/3 74/119/73
f 63/100/74 59/104/7 72/118/22
f 64/106/10 70/108/12 62/168/75
f 70/169/76 66/112/16 59/170/7
f 78/123/28 84/125/30 69/172/77
f 84/173/78 80/129/34 66/112/16
f 73/120/25 76/122/27 83/174/79
f 83/131/36 76/6214/80 72/175/22
f 71/176/19 77/6215/107 102/177/133
f 77/178/134 73/120/25 100/153/58
f 106/159/64 112/161/129 81/179/135
f 112/180/136 108/165/70 79/126/31
f 101/156/61 104/158/63 111/181/85
f 104/182/86 100/153/58 108/165/70
f 99/150/55 105/152/57 88/183/87
f 105/184/88 101/156/61 86/135/40
f 92/141/46 98/143/48 109/185/89
f 98/186/90 94/147/52 107/162/67
f 87/138/43 90/140/45 97/187/91
f 90/188/92 86/135/40 94/147/52
f 85/132/37 91/134/116 60/189/137
f 91/191/138 87/138/43 58/101/4
f 65/109/13 67/111/103 95/192/139
f 67/193/140 64/106/10 93/144/49
f 99/150/55 85/132/37 57/190/1
f 66/112/16 80/129/34 72/175/22
f 93/144/49 64/106/10 58/101/4
f 78/123/28 65/109/13 92/141/46
f 79/126/31 108/165/70 100/153/58
f 107/162/67 94/147/52 86/135/40
f 113/194/1 116/6216/137 117/195/97
f 114/197/4 118/264/75 117/198/98
f 115/200/7 119/196/74 117/195/100
f 120/202/10 123/289/140 124/203/101
f 121/205/13 125/268/77 124/206/141
f 122/208/16 126/265/76 124/209/104
f 127/211/19 130/215/73 131/212/142
f 128/214/22 132/6217/80 131/212/108
f 129/216/25 133/274/134 131/217/110
f 134/219/28 137/275/135 138/220/111
f 135/222/31 139/270/79 138/223/112
f 136/225/34 140/269/78 138/226/114
f 141/228/37 144/279/87 145/229/115
f 142/231/40 146/284/92 145/232/117
f 143/234/43 147/287/138 145/235/119
f 148/237/46 151/288/139 152/238/143
f 149/240/49 153/283/91 152/241/121
f 150/243/52 154/282/90 152/244/123
f 155/246/55 158/273/133 159/247/144
f 156/249/58 160/278/86 159/250/125
f 157/252/61 161/280/88 159/253/127
f 162/255/64 165/281/89 166/256/128
f 163/258/67 167/277/85 166/259/130
f 164/261/70 168/276/136 166/262/132
f 113/194/1 119/196/3 130/215/73
f 119/196/74 115/200/7 128/214/22
f 120/202/10 126/204/12 118/264/75
f 126/265/76 122/208/16 115/266/7
f 134/219/28 140/221/30 125/268/77
f 140/269/78 136/225/34 122/208/16
f 129/216/25 132/218/27 139/270/79
f 132/271/80 128/290/22 136/225/34
f 127/272/19 133/6218/107 158/273/133
f 133/274/134 129/216/25 156/249/58
f 162/255/64 168/257/129 137/275/135
f 168/276/136 164/261/70 135/222/31
f 157/252/61 160/254/63 167/277/85
f 160/278/86 156/249/58 164/261/70
f 155/246/55 161/248/57 144/279/87
f 161/280/88 157/252/61 142/231/40
f 148/237/46 154/239/48 165/281/89
f 154/282/90 150/243/52 163/258/67
f 143/234/43 146/236/45 153/283/91
f 146/284/92 142/231/40 150/243/52
f 141/228/37 147/230/116 116/285/137
f 147/287/138 143/234/43 114/197/4
f 121/205/13 123/207/103 151/288/139
f 123/289/140 120/202/10 149/240/49
f 155/246/55 141/228/37 113/286/1
f 122/208/16 136/225/34 128/290/22
f 149/240/49 120/202/10 114/197/4
f 134/219/28 121/205/13 148/237/46
f 135/222/31 164/261/70 156/249/58
f 163/258/67 150/243/52 142/231/40
f 169/291/1 172/6219/166 173/292/145
f 170/294/4 174/361/75 173/295/5
f 171/297/7 175/293/172 173/292/8
f 176/299/10 179/386/96 180/300/11
f 177/302/13 181/365/156 180/303/102
f 178/305/16 182/362/76 180/306/17
f 183/308/19 186/312/155 187/309/147
f 184/311/22 188/6220/158 187/309/23
f 185/313/25 189/371/82 187/314/26
f 190/316/28 193/372/160 194/317/111
f 191/319/31 195/367/79 194/320/32
f 192/322/34 196/366/157 194/323/35
f 197/325/37 200/376/162 201/326/150
f 198/328/40 202/381/92 201/329/41
f 199/331/43 203/384/94 201/332/44
f 204/334/46 207/385/167 208/335/143
f 205/337/49 209/380/91 208/338/50
f 206/340/52 210/379/165 208/341/53
f 211/343/55 214/370/159 215/344/152
f 212/346/58 216/375/86 215/347/59
f 213/349/61 217/377/163 215/350/62
f 218/352/64 221/378/164 222/353/128
f 219/355/67 223/374/161 222/356/68
f 220/358/70 224/373/84 222/359/71
f 169/291/1 175/293/146 186/312/155
f 186/312/24 175/293/172 171/297/7
f 176/299/10 182/301/12 174/361/75
f 182/362/76 178/305/16 171/363/7
f 190/316/28 196/318/148 181/365/156
f 196/366/157 192/322/34 178/305/16
f 185/313/25 188/315/27 195/367/79
f 188/368/158 184/387/22 192/322/34
f 183/369/19 189/6221/107 214/370/159
f 189/371/82 185/313/25 212/346/58
f 218/352/64 224/354/129 193/372/160
f 224/373/84 220/358/70 191/319/31
f 213/349/61 216/351/154 223/374/161
f 216/375/86 212/346/58 220/358/70
f 211/343/55 217/345/153 200/376/162
f 217/377/163 213/349/61 198/328/40
f 204/334/46 210/336/151 221/378/164
f 210/379/165 206/340/52 219/355/67
f 205/337/49 199/331/43 202/333/45
f 202/381/92 198/328/40 206/340/52
f 197/325/37 203/327/116 172/382/166
f 203/384/94 199/331/43 170/294/4
f 177/302/13 179/304/103 207/385/167
f 179/386/96 176/299/10 205/337/49
f 211/343/55 197/325/37 169/383/1
f 171/363/7 178/305/16 192/322/34
f 205/337/49 176/299/10 170/294/4
f 190/316/28 177/302/13 204/334/46
f 191/319/31 220/358/70 212/346/58
f 213/349/61 219/355/67 206/340/52
f 225/388/1 228/6222/93 229/389/145
f 226/391/4 230/458/75 229/392/5
f 227/394/7 231/390/172 229/389/8
f 232/396/10 235/482/96 236/397/11
f 233/399/13 237/461/77 236/400/168
f 234/402/16 238/6223/76 236/403/17
f 239/405/19 242/409/73 243/406/147
f 240/408/22 244/6224/80 243/406/23
f 241/410/25 245/467/82 243/411/26
f 246/413/28 249/468/83 250/414/169
f 247/416/31 251/463/79 250/417/32
f 248/419/34 252/462/157 250/420/35
f 253/422/37 256/472/87 257/423/150
f 254/425/40 258/477/92 257/426/41
f 255/428/43 259/480/94 257/429/44
f 260/431/46 263/481/95 264/432/170
f 261/434/49 265/476/91 264/435/50
f 262/437/52 266/475/165 264/438/53
f 267/440/55 270/466/81 271/441/152
f 268/443/58 272/471/86 271/444/59
f 269/446/61 273/473/163 271/447/62
f 274/449/64 277/474/89 278/450/171
f 275/452/67 279/470/85 278/453/68
f 276/455/70 280/469/84 278/456/71
f 225/388/1 231/390/3 242/409/73
f 231/390/172 227/394/7 240/408/22
f 232/396/10 238/398/12 230/458/75
f 230/459/9 238/6223/76 234/402/16
f 246/413/28 252/415/30 237/461/77
f 252/462/157 248/419/34 234/402/16
f 247/416/31 241/410/25 244/412/27
f 244/464/80 240/483/22 248/419/34
f 239/465/19 245/6225/21 270/466/81
f 245/467/82 241/410/25 268/443/58
f 274/449/64 280/451/66 249/468/83
f 280/469/84 276/455/70 247/416/31
f 275/452/67 269/446/61 272/448/63
f 272/471/86 268/443/58 276/455/70
f 267/440/55 273/442/57 256/472/87
f 273/473/163 269/446/61 254/425/40
f 260/431/46 266/433/48 277/474/89
f 266/475/165 262/437/52 275/452/67
f 261/434/49 255/428/43 258/430/45
f 258/477/92 254/425/40 262/437/52
f 253/422/37 259/424/39 228/478/93
f 259/480/94 255/428/43 226/391/4
f 233/399/13 235/401/15 263/481/95
f 235/482/96 232/396/10 261/434/49
f 267/440/55 253/422/37 225/479/1
f 234/402/16 248/419/34 240/483/22
f 261/434/49 232/396/10 226/391/4
f 246/413/28 233/399/13 260/431/46
f 247/416/31 276/455/70 268/443/58
f 275/452/67 262/437/52 254/425/40
f 281/484/1 284/6226/166 285/485/97
f 282/487/4 286/554/75 285/488/5
f 283/490/7 287/486/172 285/485/8
f 288/492/10 291/579/96 292/493/11
f 289/495/13 293/558/156 292/496/168
f 290/498/16 294/555/76 292/499/17
f 295/501/19 298/505/155 299/502/106
f 296/504/22 300/6227/158 299/502/23
f 297/506/25 301/564/82 299/507/26
f 302/509/28 305/565/83 306/510/169
f 303/512/31 307/560/79 306/513/32
f 304/515/34 308/559/157 306/516/35
f 309/518/37 312/569/162 313/519/115
f 310/521/40 314/574/92 313/522/41
f 311/524/43 315/577/94 313/525/44
f 316/527/46 319/578/95 320/528/170
f 317/530/49 321/573/174 320/531/50
f 318/533/52 322/572/165 320/534/53
f 323/536/55 326/563/159 327/537/144
f 324/539/58 328/568/86 327/540/59
f 325/542/61 329/570/163 327/543/62
f 330/545/64 333/571/164 334/546/171
f 331/548/67 335/567/85 334/549/68
f 332/551/70 336/566/84 334/552/71
f 281/484/1 287/486/146 298/505/155
f 287/486/172 283/490/7 296/504/22
f 288/492/10 294/494/173 286/554/75
f 294/555/76 290/498/16 283/556/7
f 302/509/28 308/511/148 293/558/156
f 308/559/157 304/515/34 290/498/16
f 297/506/25 300/508/27 307/560/79
f 300/561/158 296/580/22 304/515/34
f 295/562/19 301/6228/107 326/563/159
f 301/564/82 297/506/25 324/539/58
f 330/545/64 336/547/66 305/565/83
f 336/566/84 332/551/70 303/512/31
f 325/542/61 328/544/154 335/567/85
f 328/568/86 324/539/58 332/551/70
f 323/536/55 329/538/153 312/569/162
f 329/570/163 325/542/61 310/521/40
f 316/527/46 322/529/151 333/571/164
f 322/572/165 318/533/52 331/548/67
f 311/524/43 314/526/45 321/573/174
f 314/574/92 310/521/40 318/533/52
f 309/518/37 315/520/116 284/575/166
f 315/577/94 311/524/43 282/487/4
f 289/495/13 291/497/15 319/578/95
f 291/579/96 288/492/10 317/530/49
f 323/536/55 309/518/37 281/576/1
f 283/556/7 290/498/16 304/515/34
f 317/530/49 288/492/10 282/487/4
f 302/509/28 289/495/13 316/527/46
f 303/512/31 332/551/70 324/539/58
f 331/548/67 318/533/52 310/521/40
f 337/581/1 340/6229/93 341/582/145
f 338/584/4 342/651/75 341/585/5
f 339/587/7 343/583/172 341/582/8
f 344/589/10 347/676/96 348/590/11
f 345/592/13 349/655/156 348/593/14
f 346/595/16 350/652/76 348/596/17
f 351/598/19 354/602/73 355/599/147
f 352/601/22 356/6230/80 355/599/23
f 353/603/25 357/661/82 355/604/26
f 358/606/28 361/662/175 362/607/29
f 359/609/31 363/657/79 362/610/32
f 360/612/34 364/656/157 362/613/35
f 365/615/37 368/666/87 369/616/150
f 366/618/40 370/671/92 369/619/41
f 367/621/43 371/674/94 369/622/44
f 372/624/46 375/675/176 376/625/47
f 373/627/49 377/670/91 376/628/50
f 374/630/52 378/669/165 376/631/53
f 379/633/55 382/660/81 383/634/152
f 380/636/58 384/665/86 383/637/59
f 381/639/61 385/667/163 383/640/62
f 386/642/64 389/668/164 390/643/65
f 387/645/67 391/664/85 390/646/68
f 388/648/70 392/663/84 390/649/71
f 337/581/1 343/583/3 354/602/73
f 343/583/172 339/587/7 352/601/22
f 344/589/10 350/591/12 342/651/75
f 350/652/76 346/595/16 339/653/7
f 358/606/28 364/608/148 349/655/156
f 364/656/157 360/612/34 346/595/16
f 353/603/25 356/605/27 363/657/79
f 356/658/80 352/677/22 360/612/34
f 351/659/19 357/6231/21 382/660/81
f 357/661/82 353/603/25 380/636/58
f 386/642/64 392/644/129 361/662/175
f 392/663/84 388/648/70 359/609/31
f 381/639/61 384/641/63 391/664/85
f 384/665/86 380/636/58 388/648/70
f 379/633/55 385/635/57 368/666/87
f 385/667/163 381/639/61 366/618/40
f 372/624/46 378/626/151 389/668/164
f 378/669/165 374/630/52 387/645/67
f 367/621/43 370/623/45 377/670/91
f 370/671/92 366/618/40 374/630/52
f 365/615/37 371/617/39 340/672/93
f 371/674/94 367/621/43 338/584/4
f 345/592/13 347/594/103 375/675/176
f 347/676/96 344/589/10 373/627/49
f 379/633/55 365/615/37 337/673/1
f 346/595/16 360/612/34 352/677/22
f 373/627/49 344/589/10 338/584/4
f 358/606/28 345/592/13 372/624/46
f 359/609/31 388/648/70 380/636/58
f 387/645/67 374/630/52 366/618/40
f 393/678/1 396/6232/93 397/679/145
f 394/681/4 398/748/75 397/682/5
f 395/684/7 399/680/74 397/679/100
f 400/686/10 403/773/96 404/687/11
f 401/689/13 405/752/77 404/690/168
f 402/692/16 406/749/76 404/693/17
f 407/695/19 410/699/73 411/696/147
f 408/698/22 412/6233/80 411/696/108
f 409/700/25 413/758/82 411/701/26
f 414/703/28 417/759/83 418/704/169
f 415/706/31 419/754/79 418/707/32
f 416/709/34 420/753/157 418/710/35
f 421/712/37 424/763/87 425/713/150
f 422/715/40 426/768/92 425/716/117
f 423/718/43 427/771/94 425/719/44
f 428/721/46 431/772/95 432/722/170
f 429/724/49 433/767/91 432/725/50
f 430/727/52 434/766/165 432/728/53
f 435/730/55 438/757/81 439/731/152
f 436/733/58 440/762/86 439/734/59
f 437/736/61 441/764/88 439/737/127
f 442/739/64 445/765/89 446/740/171
f 443/742/67 447/761/85 446/743/68
f 444/745/70 448/760/84 446/746/71
f 393/678/1 399/680/3 410/699/73
f 399/680/74 395/684/7 408/698/22
f 400/686/10 406/688/12 398/748/75
f 406/749/76 402/692/16 395/750/7
f 414/703/28 420/705/30 405/752/77
f 420/753/157 416/709/34 402/692/16
f 409/700/25 412/702/27 419/754/79
f 412/755/80 408/774/22 416/709/34
f 407/756/19 413/6234/21 438/757/81
f 413/758/82 409/700/25 436/733/58
f 442/739/64 448/741/66 417/759/83
f 448/760/84 444/745/70 415/706/31
f 437/736/61 440/738/63 447/761/85
f 440/762/86 436/733/58 444/745/70
f 435/730/55 441/732/57 424/763/87
f 441/764/88 437/736/61 422/715/40
f 428/721/46 434/723/48 445/765/89
f 434/766/165 430/727/52 443/742/67
f 423/718/43 426/720/45 433/767/91
f 426/768/92 422/715/40 430/727/52
f 421/712/37 427/714/39 396/769/93
f 427/771/94 423/718/43 394/681/4
f 401/689/13 403/691/15 431/772/95
f 403/773/96 400/686/10 429/724/49
f 435/730/55 421/712/37 393/770/1
f 402/692/16 416/709/34 408/774/22
f 429/724/49 400/686/10 394/681/4
f 414/703/28 401/689/13 428/721/46
f 415/706/31 444/745/70 436/733/58
f 443/742/67 430/727/52 422/715/40
f 449/775/177 450/6235/177 451/776/177
f 453/778/178 454/6236/178 450/779/178
f 457/781/179 458/787/183 454/782/180
f 454/784/182 455/6237/182 451/785/182
f 458/787/183 459/792/186 455/788/184
f 455/789/185 456/6238/185 452/790/185
f 459/792/186 460/797/189 456/793/187
f 456/794/188 453/6239/188 449/795/188
f 456/793/187 460/797/189 457/781/179
f 460/797/189 459/792/186 458/787/183
f 464/798/190 466/802/194 465/799/191
f 468/801/193 469/6240/198 466/802/194
f 467/803/195 469/807/198 468/804/193
f 471/806/197 472/6241/201 469/807/198
f 470/808/199 472/812/201 471/809/197
f 465/811/191 466/813/194 472/812/201
f 476/815/202 478/819/206 477/816/203
f 480/818/205 481/6242/210 478/819/206
f 479/820/207 481/6243/210 480/821/205
f 479/823/207 483/827/212 484/824/209
f 482/826/211 484/824/209 483/827/212
f 482/826/211 477/6244/203 478/829/206
f 488/830/214 490/834/218 489/831/215
f 488/830/214 492/836/220 493/833/217
f 491/835/219 493/833/217 492/836/220
f 491/838/219 495/842/224 496/839/222
f 494/841/223 496/839/222 495/842/224
f 489/844/215 490/6245/218 496/839/222
f 500/846/226 502/6246/230 501/847/227
f 504/849/229 505/6247/234 502/850/230
f 503/852/231 505/6247/234 504/849/229
f 507/854/233 508/860/237 505/855/234
f 506/857/235 508/860/237 507/854/233
f 501/859/227 502/861/230 508/860/237
f 512/862/238 514/866/242 513/863/239
f 516/865/241 517/877/246 514/866/242
f 515/867/243 517/871/246 516/868/241
f 519/870/245 520/6248/249 517/871/246
f 518/872/247 520/6249/249 519/873/245
f 518/875/247 513/863/239 514/866/242
f 524/878/250 526/882/254 525/879/251
f 524/878/250 528/6250/256 529/881/253
f 527/883/255 529/887/253 528/884/256
f 527/883/255 531/935/260 532/886/258
f 530/888/259 532/6251/258 531/889/260
f 530/891/259 525/879/251 526/882/254
f 536/893/262 538/6252/266 537/894/263
f 536/896/262 540/900/268 541/897/265
f 539/899/267 541/897/265 540/900/268
f 539/902/267 543/906/272 544/903/270
f 542/905/271 544/903/270 543/906/272
f 537/894/263 538/6252/266 544/908/270
f 548/911/274 550/915/278 549/912/275
f 552/914/277 553/926/282 550/915/278
f 551/916/279 553/6253/282 552/917/277
f 555/919/281 556/6254/285 553/920/282
f 554/922/283 556/6254/285 555/919/281
f 549/912/275 550/915/278 556/924/285
f 461/927/192 465/811/191 488/830/214
f 465/811/191 470/808/199 492/836/220
f 492/836/220 470/808/199 463/810/200
f 473/817/204 477/816/203 467/803/195
f 477/816/203 482/6255/211 471/806/197
f 482/826/211 475/828/213 463/928/200
f 497/848/228 501/847/227 479/820/207
f 501/859/227 506/857/235 483/827/212
f 506/857/235 499/858/236 475/828/213
f 487/843/225 495/842/224 503/852/231
f 495/842/224 491/838/219 507/930/233
f 491/931/219 486/938/221 499/858/236
f 533/895/264 485/937/216 489/932/215
f 489/844/215 494/841/223 540/900/268
f 494/841/223 487/843/225 534/901/269
f 545/913/276 549/912/275 500/846/226
f 549/933/275 554/922/283 504/849/229
f 554/922/283 547/923/284 498/853/232
f 535/907/273 543/906/272 551/916/279
f 543/934/272 539/899/267 555/919/281
f 539/899/267 534/901/269 547/923/284
f 533/895/264 537/894/263 512/862/238
f 512/862/238 537/894/263 542/909/271
f 516/868/241 542/905/271 535/907/273
f 521/880/252 525/879/251 548/911/274
f 548/911/274 525/879/251 530/891/259
f 552/917/277 530/888/259 523/890/261
f 511/874/248 519/873/245 527/883/255
f 519/873/245 515/6256/243 531/935/260
f 515/867/243 510/869/244 523/890/261
f 509/864/240 513/863/239 464/798/190
f 513/863/239 518/875/247 468/801/193
f 518/872/247 511/874/248 462/805/196
f 474/822/208 480/821/205 524/878/250
f 480/818/205 476/815/202 528/884/256
f 476/815/202 473/817/204 522/885/257
f 533/895/264 509/864/240 461/800/192
f 475/828/213 499/858/236 486/938/221
f 522/885/257 473/817/204 462/805/196
f 497/848/228 474/822/208 521/880/252
f 498/853/232 547/923/284 534/901/269
f 535/907/273 546/918/280 523/890/261
f 560/939/190 562/943/194 561/940/191
f 564/942/193 565/6257/286 562/943/194
f 563/944/195 565/948/286 564/945/193
f 567/947/197 568/6258/201 565/948/286
f 566/949/199 568/953/201 567/950/197
f 561/952/191 562/954/194 568/953/201
f 572/956/202 574/960/206 573/957/203
f 572/956/202 576/1078/205 577/959/287
f 575/961/207 577/6259/287 576/962/205
f 579/964/212 580/970/209 577/965/287
f 578/967/211 580/970/209 579/964/212
f 578/967/211 573/6260/203 574/969/206
f 584/971/214 586/975/218 585/972/215
f 588/974/220 589/985/217 586/975/218
f 587/976/219 589/985/217 588/974/220
f 587/978/219 591/982/224 592/979/288
f 590/981/223 592/979/288 591/982/224
f 590/981/223 585/1074/215 586/984/218
f 596/987/226 598/6261/289 597/988/227
f 600/990/229 601/6262/234 598/991/289
f 599/993/231 601/6262/234 600/990/229
f 603/995/233 604/1001/237 601/996/234
f 602/998/235 604/1001/237 603/995/233
f 602/998/235 597/1070/227 598/1000/289
f 608/1002/238 610/1006/290 609/1003/239
f 612/1005/241 613/1017/246 610/1006/290
f 611/1007/243 613/1011/246 612/1008/241
f 611/1007/243 615/6263/245 616/1010/291
f 614/1012/247 616/6264/291 615/1013/245
f 609/1003/239 610/1006/290 616/1015/291
f 620/1018/250 622/1022/254 621/1019/251
f 624/1021/256 625/1033/292 622/1022/254
f 623/1023/255 625/1027/292 624/1024/256
f 627/1026/260 628/6265/258 625/1027/292
f 626/1028/259 628/6266/258 627/1029/260
f 621/1019/251 622/1022/254 628/1031/258
f 632/1034/262 634/6267/293 633/1035/263
f 636/1037/268 637/6268/265 634/1038/293
f 635/1040/267 637/6268/265 636/1037/268
f 635/1042/267 639/1046/272 640/1043/270
f 638/1045/271 640/1043/270 639/1046/272
f 633/1035/263 634/6267/293 640/1048/270
f 644/1051/274 646/1055/294 645/1052/275
f 644/1051/274 648/1077/277 649/1054/282
f 647/1056/279 649/6269/282 648/1057/277
f 647/1059/279 651/1063/281 652/1060/285
f 650/1062/283 652/1060/285 651/1063/281
f 650/1065/283 645/1052/275 646/1055/294
f 557/1067/192 561/952/191 584/971/214
f 561/952/191 566/949/199 588/974/220
f 588/974/220 566/949/199 559/951/200
f 569/958/204 573/957/203 563/944/195
f 573/957/203 578/6270/211 567/947/197
f 567/1068/197 578/967/211 571/968/213
f 593/989/228 597/988/227 575/961/207
f 597/1070/227 602/998/235 579/964/212
f 602/998/235 595/999/236 571/968/213
f 594/994/232 583/983/225 591/982/224
f 599/993/231 591/982/224 587/978/219
f 587/1072/219 582/1080/221 595/999/236
f 581/1073/216 585/6271/215 632/1034/262
f 585/1074/215 590/981/223 636/1037/268
f 590/981/223 583/983/225 630/1041/269
f 641/1053/276 645/1052/275 596/987/226
f 645/1075/275 650/1062/283 600/990/229
f 650/1062/283 643/1064/284 594/994/232
f 631/1047/273 639/1046/272 647/1056/279
f 639/1076/272 635/1040/267 651/1063/281
f 651/1063/281 635/1040/267 630/1041/269
f 629/1036/264 633/1035/263 608/1002/238
f 608/1002/238 633/1035/263 638/1049/271
f 612/1008/241 638/1045/271 631/1047/273
f 617/1020/252 621/1019/251 644/1051/274
f 644/1051/274 621/1019/251 626/1032/259
f 648/1057/277 626/1028/259 619/1030/261
f 607/1014/248 615/1013/245 623/1023/255
f 615/1013/245 611/6272/243 627/1026/260
f 611/1007/243 606/1009/244 619/1030/261
f 605/1004/240 609/1003/239 560/939/190
f 609/1003/239 614/1016/247 564/942/193
f 614/1012/247 607/1014/248 558/946/196
f 570/963/208 576/962/205 620/1018/250
f 576/1078/205 572/956/202 624/1024/256
f 572/956/202 569/958/204 618/1025/257
f 629/1036/264 605/1004/240 557/941/192
f 571/968/213 595/999/236 582/1080/221
f 618/1025/257 569/958/204 558/946/196
f 593/989/228 570/963/208 617/1020/252
f 594/994/232 643/1064/284 630/1041/269
f 642/1058/280 619/1030/261 606/1009/244
f 656/1081/190 658/1085/194 657/1082/191
f 660/1084/193 661/6273/198 658/1085/194
f 659/1086/195 661/1090/198 660/1087/193
f 663/1089/197 664/6274/201 661/1090/198
f 662/1091/199 664/1095/201 663/1092/197
f 662/1091/199 657/1211/191 658/1094/194
f 668/1097/202 670/1101/295 669/1098/203
f 672/1100/205 673/6275/210 670/1101/295
f 671/1102/207 673/6276/210 672/1103/205
f 675/1105/212 676/1111/209 673/1106/210
f 674/1108/211 676/1111/209 675/1105/212
f 669/1110/203 670/1112/295 676/1111/209
f 680/1113/214 682/1117/296 681/1114/215
f 680/1113/214 684/1119/220 685/1116/217
f 683/1118/219 685/1116/217 684/1119/220
f 687/1121/224 688/1127/222 685/1122/217
f 686/1124/223 688/1127/222 687/1121/224
f 686/1124/223 681/6277/215 682/1126/296
f 692/1129/226 694/6278/289 693/1130/227
f 692/1132/226 696/1136/229 697/1133/297
f 695/1135/231 697/1133/297 696/1136/229
f 695/1138/231 699/1142/233 700/1139/237
f 698/1141/235 700/1139/237 699/1142/233
f 698/1141/235 693/1214/227 694/1144/289
f 704/1145/238 706/1149/290 705/1146/239
f 708/1148/241 709/1160/246 706/1149/290
f 707/1150/243 709/1154/246 708/1151/241
f 707/1150/243 711/6279/245 712/1153/291
f 710/1155/247 712/6280/291 711/1156/245
f 705/1146/239 706/1149/290 712/1158/291
f 716/1161/250 718/1165/254 717/1162/251
f 716/1161/250 720/6281/256 721/1164/253
f 719/1166/255 721/1170/253 720/1167/256
f 719/1166/255 723/1220/260 724/1169/258
f 722/1171/259 724/6282/258 723/1172/260
f 717/1162/251 718/1165/254 724/1174/258
f 728/1176/262 730/6283/266 729/1177/263
f 728/1179/262 732/1183/268 733/1180/265
f 731/1182/267 733/1180/265 732/1183/268
f 735/1185/272 736/1193/270 733/1186/265
f 734/1188/271 736/1193/270 735/1185/272
f 729/1177/263 730/6283/266 736/1190/270
f 740/1194/274 742/1198/278 741/1195/275
f 744/1197/277 745/1209/282 742/1198/278
f 743/1199/279 745/6284/282 744/1200/277
f 747/1202/281 748/6285/285 745/1203/282
f 746/1205/283 748/6285/285 747/1202/281
f 741/1195/275 742/1198/278 748/1207/285
f 653/1210/192 657/1211/191 680/1113/214
f 657/1211/191 662/1091/199 684/1119/220
f 684/1119/220 662/1091/199 655/1093/200
f 654/1088/196 665/1099/204 669/1098/203
f 669/1098/203 674/6286/211 663/1089/197
f 674/1108/211 667/1109/213 655/1212/200
f 689/1131/228 693/1130/227 671/1102/207
f 693/1214/227 698/1141/235 675/1105/212
f 698/1141/235 691/1143/236 667/1109/213
f 679/1125/225 687/1121/224 695/1135/231
f 687/1121/224 683/1123/219 699/1215/233
f 683/1216/219 678/1222/221 691/1143/236
f 677/1217/216 681/6287/215 728/1176/262
f 728/1179/262 681/6277/215 686/1124/223
f 732/1183/268 686/1124/223 679/1125/225
f 689/1131/228 737/1196/276 741/1195/275
f 741/1218/275 746/1205/283 696/1136/229
f 746/1205/283 739/1206/284 690/1137/232
f 727/1189/273 735/1185/272 743/1199/279
f 735/1219/272 731/1182/267 747/1202/281
f 731/1182/267 726/1184/269 739/1206/284
f 725/1178/264 729/1177/263 704/1145/238
f 729/1177/263 734/1191/271 708/1148/241
f 708/1151/241 734/1188/271 727/1189/273
f 713/1163/252 717/1162/251 740/1194/274
f 717/1162/251 722/1175/259 744/1197/277
f 744/1200/277 722/1171/259 715/1173/261
f 703/1157/248 711/1156/245 719/1166/255
f 711/1156/245 707/6288/243 723/1220/260
f 723/1172/260 707/1150/243 702/1152/244
f 701/1147/240 705/1146/239 656/1081/190
f 705/1146/239 710/1159/247 660/1084/193
f 710/1155/247 703/1157/248 654/1088/196
f 666/1104/208 672/1103/205 716/1161/250
f 672/1100/205 668/1097/202 720/1167/256
f 668/1097/202 665/1099/204 714/1168/257
f 725/1178/264 701/1147/240 653/1083/192
f 667/1109/213 691/1143/236 678/1222/221
f 714/1168/257 665/1099/204 654/1088/196
f 689/1131/228 666/1104/208 713/1163/252
f 690/1137/232 739/1206/284 726/1184/269
f 738/1201/280 715/1173/261 702/1152/244
f 752/1223/190 754/1227/194 753/1224/191
f 756/1226/193 757/6289/286 754/1227/194
f 755/1228/195 757/1232/286 756/1229/193
f 759/1231/197 760/6290/201 757/1232/286
f 758/1233/199 760/1237/201 759/1234/197
f 758/1233/199 753/1351/191 754/1236/194
f 764/1239/202 766/1243/206 765/1240/203
f 764/1239/202 768/1362/205 769/1242/210
f 767/1244/207 769/6291/210 768/1245/205
f 771/1247/212 772/1253/209 769/1248/210
f 770/1250/211 772/1253/209 771/1247/212
f 770/1250/211 765/6292/203 766/1252/206
f 776/1254/214 778/1258/218 777/1255/215
f 780/1257/220 781/1268/217 778/1258/218
f 779/1259/219 781/1268/217 780/1257/220
f 779/1261/219 783/1265/224 784/1262/288
f 782/1264/223 784/1262/288 783/1265/224
f 782/1264/223 777/6293/215 778/1267/218
f 788/1270/226 790/6294/230 789/1271/227
f 792/1273/229 793/6295/234 790/1274/230
f 791/1276/231 793/6295/234 792/1273/229
f 795/1278/233 796/1284/237 793/1279/234
f 794/1281/235 796/1284/237 795/1278/233
f 794/1281/235 789/1354/227 790/1283/230
f 800/1285/238 802/1289/298 801/1286/239
f 804/1288/241 805/1300/246 802/1289/298
f 803/1290/243 805/1294/246 804/1291/241
f 803/1290/243 807/6296/245 808/1293/299
f 806/1295/247 808/6297/299 807/1296/245
f 806/1298/247 801/1286/239 802/1289/298
f 812/1301/250 814/1305/300 813/1302/251
f 816/1304/256 817/1316/253 814/1305/300
f 815/1306/255 817/1310/253 816/1307/256
f 815/1306/255 819/1361/260 820/1309/258
f 818/1311/259 820/6298/258 819/1312/260
f 813/1302/251 814/1305/300 820/1314/258
f 824/1317/262 826/1331/266 825/1318/263
f 828/1320/268 829/6299/301 826/1321/266
f 827/1323/267 829/6299/301 828/1320/268
f 831/1325/272 832/1334/270 829/1326/301
f 830/1328/271 832/1334/270 831/1325/272
f 830/1330/271 825/1318/263 826/1331/266
f 836/1335/274 838/1339/278 837/1336/275
f 836/1335/274 840/1360/277 841/1338/282
f 839/1340/279 841/6300/282 840/1341/277
f 843/1343/281 844/6301/285 841/1344/282
f 842/1346/283 844/6301/285 843/1343/281
f 842/1348/283 837/1336/275 838/1339/278
f 749/1350/192 753/1351/191 776/1254/214
f 753/1351/191 758/1233/199 780/1257/220
f 780/1257/220 758/1233/199 751/1235/200
f 761/1241/204 765/1240/203 755/1228/195
f 765/1240/203 770/6302/211 759/1231/197
f 770/1250/211 763/1251/213 751/1352/200
f 785/1272/228 789/1271/227 767/1244/207
f 789/1354/227 794/1281/235 771/1247/212
f 794/1281/235 787/1282/236 763/1251/213
f 775/1266/225 783/1265/224 791/1276/231
f 783/1265/224 779/1261/219 795/1355/233
f 795/1278/233 779/6303/219 774/1356/221
f 821/1319/264 773/1364/216 777/1357/215
f 824/1322/262 777/6293/215 782/1264/223
f 828/1320/268 782/1264/223 775/1266/225
f 785/1272/228 833/1337/276 837/1336/275
f 837/1358/275 842/1346/283 792/1273/229
f 842/1346/283 835/1347/284 786/1277/232
f 823/1329/273 831/1325/272 839/1340/279
f 831/1359/272 827/1323/267 843/1343/281
f 827/1323/267 822/1324/269 835/1347/284
f 821/1319/264 825/1318/263 800/1285/238
f 825/1318/263 830/1330/271 804/1288/241
f 804/1291/241 830/1328/271 823/1329/273
f 809/1303/252 813/1302/251 836/1335/274
f 813/1302/251 818/1315/259 840/1360/277
f 840/1341/277 818/1311/259 811/1313/261
f 799/1297/248 807/1296/245 815/1306/255
f 807/1296/245 803/6304/243 819/1361/260
f 819/1312/260 803/1290/243 798/1292/244
f 749/1225/192 797/1287/240 801/1286/239
f 752/1223/190 801/1286/239 806/1298/247
f 756/1229/193 806/1295/247 799/1297/248
f 762/1246/208 768/1245/205 812/1301/250
f 768/1362/205 764/1239/202 816/1307/256
f 764/1239/202 761/1241/204 810/1308/257
f 821/1319/264 797/1287/240 749/1225/192
f 763/1251/213 787/1282/236 774/1356/221
f 810/1308/257 761/1241/204 750/1230/196
f 785/1272/228 762/1246/208 809/1303/252
f 786/1277/232 835/1347/284 822/1324/269
f 834/1342/280 811/1313/261 798/1292/244
f 845/1365/177 846/6305/177 847/1366/177
f 849/1368/178 850/6306/178 846/1369/178
f 849/1371/181 853/1387/179 854/1372/183
f 850/1374/182 851/6307/182 847/1375/182
f 854/1372/183 855/1381/186 851/1377/184
f 851/1378/185 852/6308/185 848/1379/185
f 855/1381/186 856/1386/189 852/1382/187
f 852/1383/188 849/6309/188 845/1384/188
f 856/1386/189 853/1387/179 849/1371/181
f 856/1386/189 855/1381/186 854/1372/183
f 860/1388/190 862/1392/302 861/1389/191
f 864/1391/193 865/6310/303 862/1392/302
f 863/1393/195 865/1397/303 864/1394/193
f 863/1393/195 867/1519/197 868/1396/201
f 866/1398/199 868/1402/201 867/1399/197
f 861/1401/191 862/1403/302 868/1402/201
f 872/1405/202 874/1409/295 873/1406/203
f 872/1405/202 876/1531/205 877/1408/210
f 875/1410/207 877/6311/210 876/1411/205
f 879/1413/212 880/1419/209 877/1414/210
f 878/1416/211 880/1419/209 879/1413/212
f 873/1418/203 874/1420/295 880/1419/209
f 884/1421/214 886/1425/296 885/1422/215
f 888/1424/220 889/1435/217 886/1425/296
f 887/1426/219 889/1435/217 888/1424/220
f 891/1428/224 892/1434/304 889/1429/217
f 890/1431/223 892/1434/304 891/1428/224
f 890/1431/223 885/1526/215 886/1433/296
f 896/1437/226 898/6312/289 897/1438/227
f 896/1440/226 900/1444/229 901/1441/297
f 899/1443/231 901/1441/297 900/1444/229
f 899/1446/231 903/1450/233 904/1447/237
f 902/1449/235 904/1447/237 903/1450/233
f 902/1449/235 897/1522/227 898/1452/289
f 908/1453/238 910/1457/242 909/1454/239
f 908/1453/238 912/1529/241 913/1456/246
f 911/1458/243 913/1462/246 912/1459/241
f 911/1458/243 915/6313/245 916/1461/291
f 914/1463/247 916/6314/291 915/1464/245
f 914/1466/247 909/1454/239 910/1457/242
f 920/1468/250 922/1472/300 921/1469/251
f 924/1471/256 925/1483/292 922/1472/300
f 923/1473/255 925/1477/292 924/1474/256
f 927/1476/260 928/6315/258 925/1477/292
f 926/1478/259 928/6316/258 927/1479/260
f 921/1469/251 922/1472/300 928/1481/258
f 932/1484/262 934/6317/305 933/1485/263
f 932/1487/262 936/1491/268 937/1488/265
f 935/1490/267 937/1488/265 936/1491/268
f 939/1493/272 940/1501/270 937/1494/265
f 938/1496/271 940/1501/270 939/1493/272
f 933/1485/263 934/6317/305 940/1498/270
f 944/1502/274 946/1506/278 945/1503/275
f 944/1502/274 948/1530/277 949/1505/282
f 947/1507/279 949/6318/282 948/1508/277
f 947/1510/279 951/1514/281 952/1511/306
f 950/1513/283 952/1511/306 951/1514/281
f 945/1503/275 946/1506/278 952/1516/306
f 857/1518/192 861/1401/191 884/1421/214
f 884/1421/214 861/1401/191 866/1398/199
f 888/1424/220 866/1398/199 859/1400/200
f 869/1407/204 873/1406/203 863/1393/195
f 873/1406/203 878/6319/211 867/1519/197
f 878/1416/211 871/1417/213 859/1520/200
f 893/1439/228 897/1438/227 875/1410/207
f 897/1522/227 902/1449/235 879/1413/212
f 902/1449/235 895/1451/236 871/1417/213
f 883/1432/225 891/1428/224 899/1443/231
f 891/1428/224 887/1430/219 903/1523/233
f 887/1524/219 882/1533/221 895/1451/236
f 881/1525/216 885/6320/215 932/1484/262
f 885/1526/215 890/1431/223 936/1491/268
f 890/1431/223 883/1432/225 930/1492/269
f 893/1439/228 941/1504/276 945/1503/275
f 945/1527/275 950/1513/283 900/1444/229
f 950/1513/283 943/1515/284 894/1445/232
f 931/1497/273 939/1493/272 947/1507/279
f 939/1528/272 935/1490/267 951/1514/281
f 935/1490/267 930/1492/269 943/1515/284
f 929/1486/264 933/1485/263 908/1453/238
f 933/1485/263 938/1499/271 912/1529/241
f 912/1459/241 938/1496/271 931/1497/273
f 917/1470/252 921/1469/251 944/1502/274
f 921/1469/251 926/1482/259 948/1530/277
f 948/1508/277 926/1478/259 919/1480/261
f 907/1465/248 915/1464/245 923/1473/255
f 915/1464/245 911/6321/243 927/1476/260
f 911/1458/243 906/1460/244 919/1480/261
f 857/1390/192 905/1455/240 909/1454/239
f 909/1454/239 914/1466/247 864/1391/193
f 914/1463/247 907/1465/248 858/1395/196
f 870/1412/208 876/1411/205 920/1468/250
f 876/1531/205 872/1405/202 924/1474/256
f 872/1405/202 869/1407/204 918/1475/257
f 929/1486/264 905/1455/240 857/1390/192
f 871/1417/213 895/1451/236 882/1533/221
f 918/1475/257 869/1407/204 858/1395/196
f 893/1439/228 870/1412/208 917/1470/252
f 894/1445/232 943/1515/284 930/1492/269
f 931/1497/273 942/1509/280 919/1480/261
f 956/1534/190 958/1538/194 957/1535/191
f 960/1537/193 961/6322/198 958/1538/194
f 959/1539/195 961/1543/198 960/1540/193
f 963/1542/197 964/6323/201 961/1543/198
f 962/1544/199 964/1548/201 963/1545/197
f 962/1544/199 957/6324/191 958/1547/194
f 968/1550/202 970/1554/206 969/1551/203
f 968/1550/202 972/1672/205 973/1553/287
f 971/1555/207 973/6325/287 972/1556/205
f 971/1558/207 975/1562/212 976/1559/209
f 974/1561/211 976/1559/209 975/1562/212
f 974/1561/211 969/6326/203 970/1564/206
f 980/1565/214 982/1569/307 981/1566/215
f 984/1568/220 985/1579/217 982/1569/307
f 983/1570/219 985/1579/217 984/1568/220
f 987/1572/224 988/1578/222 985/1573/217
f 986/1575/223 988/1578/222 987/1572/224
f 981/1577/215 982/6327/307 988/1578/222
f 992/1581/226 994/6328/289 993/1582/227
f 996/1584/229 997/6329/297 994/1585/289
f 995/1587/231 997/6329/297 996/1584/229
f 995/1589/231 999/1593/233 1000/1590/308
f 998/1592/235 1000/1590/308 999/1593/233
f 998/1592/235 993/1667/227 994/1595/289
f 1004/1596/238 1006/1600/298 1005/1597/239
f 1008/1599/241 1009/1611/246 1006/1600/298
f 1007/1601/243 1009/1605/246 1008/1602/241
f 1007/1601/243 1011/6330/245 1012/1604/299
f 1010/1606/247 1012/6331/299 1011/1607/245
f 1010/1609/247 1005/1597/239 1006/1600/298
f 1016/1612/250 1018/1616/254 1017/1613/251
f 1020/1615/256 1021/1627/292 1018/1616/254
f 1019/1617/255 1021/1621/292 1020/1618/256
f 1023/1620/260 1024/6332/258 1021/1621/292
f 1022/1622/259 1024/6333/258 1023/1623/260
f 1022/1625/259 1017/1613/251 1018/1616/254
f 1028/1628/262 1030/1643/305 1029/1629/263
f 1028/1631/262 1032/1635/268 1033/1632/265
f 1031/1634/267 1033/1632/265 1032/1635/268
f 1035/1637/272 1036/1646/270 1033/1638/265
f 1034/1640/271 1036/1646/270 1035/1637/272
f 1034/1642/271 1029/1629/263 1030/1643/305
f 1040/1647/274 1042/1651/294 1041/1648/275
f 1044/1650/277 1045/1663/282 1042/1651/294
f 1043/1652/279 1045/6334/282 1044/1653/277
f 1043/1655/279 1047/1659/281 1048/1656/306
f 1046/1658/283 1048/1656/306 1047/1659/281
f 1046/1661/283 1041/1648/275 1042/1651/294
f 953/1664/192 957/6324/191 980/1565/214
f 980/1565/214 957/6324/191 962/1544/199
f 984/1568/220 962/1544/199 955/1546/200
f 965/1552/204 969/1551/203 959/1539/195
f 969/1551/203 974/6335/211 963/1542/197
f 963/1665/197 974/1561/211 967/1563/213
f 989/1583/228 993/1582/227 971/1555/207
f 993/1667/227 998/1592/235 975/1562/212
f 998/1592/235 991/1594/236 967/1563/213
f 990/1588/232 979/1576/225 987/1572/224
f 987/1572/224 983/1574/219 999/1668/233
f 983/1669/219 978/1674/221 991/1594/236
f 977/1670/216 981/6336/215 1028/1628/262
f 981/1577/215 986/1575/223 1032/1635/268
f 986/1575/223 979/1576/225 1026/1636/269
f 1037/1649/276 1041/1648/275 992/1581/226
f 1041/1671/275 1046/1658/283 996/1584/229
f 1046/1658/283 1039/1660/284 990/1588/232
f 1027/1641/273 1035/1637/272 1043/1652/279
f 1043/1655/279 1035/6337/272 1031/1634/267
f 1047/1659/281 1031/1634/267 1026/1636/269
f 1025/1630/264 1029/1629/263 1004/1596/238
f 1029/1629/263 1034/1642/271 1008/1599/241
f 1008/1602/241 1034/1640/271 1027/1641/273
f 1013/1614/252 1017/1613/251 1040/1647/274
f 1017/1613/251 1022/1625/259 1044/1650/277
f 1044/1653/277 1022/1622/259 1015/1624/261
f 1003/1608/248 1011/1607/245 1019/1617/255
f 1011/1607/245 1007/6338/243 1023/1620/260
f 1007/1601/243 1002/1603/244 1015/1624/261
f 1001/1598/240 1005/1597/239 956/1534/190
f 1005/1597/239 1010/1609/247 960/1537/193
f 1010/1606/247 1003/1608/248 954/1541/196
f 966/1557/208 972/1556/205 1016/1612/250
f 972/1672/205 968/1550/202 1020/1618/256
f 968/1550/202 965/1552/204 1014/1619/257
f 1025/1630/264 1001/1598/240 953/1536/192
f 967/1563/213 991/1594/236 978/1674/221
f 1014/1619/257 965/1552/204 954/1541/196
f 989/1583/228 966/1557/208 1013/1614/252
f 990/1588/232 1039/1660/284 1026/1636/269
f 1038/1654/280 1015/1624/261 1002/1603/244
f 1052/1675/190 1054/1679/194 1053/1676/191
f 1056/1678/193 1057/6339/286 1054/1679/194
f 1055/1680/195 1057/1684/286 1056/1681/193
f 1059/1683/197 1060/6340/201 1057/1684/286
f 1058/1685/199 1060/1689/201 1059/1686/197
f 1058/1685/199 1053/1807/191 1054/1688/194
f 1064/1691/202 1066/1695/295 1065/1692/203
f 1064/1691/202 1068/1815/205 1069/1694/210
f 1067/1696/207 1069/6341/210 1068/1697/205
f 1067/1699/207 1071/1703/212 1072/1700/209
f 1070/1702/211 1072/1700/209 1071/1703/212
f 1065/1705/203 1066/1706/295 1072/1700/209
f 1076/1707/214 1078/1711/218 1077/1708/215
f 1080/1710/220 1081/1721/217 1078/1711/218
f 1079/1712/219 1081/1721/217 1080/1710/220
f 1083/1714/224 1084/1720/222 1081/1715/217
f 1082/1717/223 1084/1720/222 1083/1714/224
f 1082/1717/223 1077/6342/215 1078/1719/218
f 1088/1723/226 1090/6343/230 1089/1724/227
f 1092/1726/229 1093/6344/297 1090/1727/230
f 1091/1729/231 1093/6344/297 1092/1726/229
f 1091/1731/231 1095/1735/233 1096/1732/237
f 1094/1734/235 1096/1732/237 1095/1735/233
f 1089/1737/227 1090/1738/230 1096/1732/237
f 1100/1739/238 1102/1743/298 1101/1740/239
f 1104/1742/241 1105/1754/246 1102/1743/298
f 1103/1744/243 1105/1748/246 1104/1745/241
f 1103/1744/243 1107/6345/245 1108/1747/299
f 1106/1749/247 1108/6346/299 1107/1750/245
f 1106/1752/247 1101/1740/239 1102/1743/298
f 1112/1755/250 1114/1759/300 1113/1756/251
f 1116/1758/256 1117/1770/292 1114/1759/300
f 1115/1760/255 1117/1764/292 1116/1761/256
f 1119/1763/260 1120/6347/258 1117/1764/292
f 1118/1765/259 1120/6348/258 1119/1766/260
f 1118/1768/259 1113/1756/251 1114/1759/300
f 1124/1771/262 1126/1785/266 1125/1772/263
f 1128/1774/268 1129/6349/301 1126/1775/266
f 1127/1777/267 1129/6349/301 1128/1774/268
f 1131/1779/272 1132/1788/270 1129/1780/301
f 1130/1782/271 1132/1788/270 1131/1779/272
f 1130/1784/271 1125/1772/263 1126/1785/266
f 1136/1789/274 1138/1793/309 1137/1790/275
f 1140/1792/277 1141/1805/282 1138/1793/309
f 1139/1794/279 1141/6350/282 1140/1795/277
f 1139/1797/279 1143/1801/281 1144/1798/306
f 1142/1800/283 1144/1798/306 1143/1801/281
f 1137/1790/275 1138/1793/309 1144/1803/306
f 1049/1806/192 1053/1807/191 1076/1707/214
f 1053/1807/191 1058/1685/199 1080/1710/220
f 1080/1710/220 1058/1685/199 1051/1687/200
f 1050/1682/196 1061/1693/204 1065/1692/203
f 1065/1692/203 1070/6351/211 1059/1683/197
f 1070/1702/211 1063/1704/213 1051/1808/200
f 1085/1725/228 1089/1724/227 1067/1696/207
f 1089/1737/227 1094/1734/235 1071/1703/212
f 1094/1734/235 1087/1736/236 1063/1704/213
f 1075/1718/225 1083/1714/224 1091/1729/231
f 1083/1714/224 1079/1716/219 1095/1810/233
f 1079/1811/219 1074/1817/221 1087/1736/236
f 1073/1812/216 1077/6352/215 1124/1771/262
f 1124/1776/262 1077/6342/215 1082/1717/223
f 1128/1774/268 1082/1717/223 1075/1718/225
f 1085/1725/228 1133/1791/276 1137/1790/275
f 1137/1813/275 1142/1800/283 1092/1726/229
f 1142/1800/283 1135/1802/284 1086/1730/232
f 1123/1783/273 1131/1779/272 1139/1794/279
f 1131/1814/272 1127/1777/267 1143/1801/281
f 1143/1801/281 1127/1777/267 1122/1778/269
f 1121/1773/264 1125/1772/263 1100/1739/238
f 1125/1772/263 1130/1784/271 1104/1742/241
f 1104/1745/241 1130/1782/271 1123/1783/273
f 1109/1757/252 1113/1756/251 1136/1789/274
f 1113/1756/251 1118/1768/259 1140/1792/277
f 1140/1795/277 1118/1765/259 1111/1767/261
f 1099/1751/248 1107/1750/245 1115/1760/255
f 1107/1750/245 1103/6353/243 1119/1763/260
f 1119/1766/260 1103/1744/243 1098/1746/244
f 1049/1677/192 1097/1741/240 1101/1740/239
f 1052/1675/190 1101/1740/239 1106/1752/247
f 1056/1681/193 1106/1749/247 1099/1751/248
f 1062/1698/208 1068/1697/205 1112/1755/250
f 1068/1815/205 1064/1691/202 1116/1761/256
f 1064/1691/202 1061/1693/204 1110/1762/257
f 1121/1773/264 1097/1741/240 1049/1677/192
f 1063/1704/213 1087/1736/236 1074/1817/221
f 1110/1762/257 1061/1693/204 1050/1682/196
f 1085/1725/228 1062/1698/208 1109/1757/252
f 1086/1730/232 1135/1802/284 1122/1778/269
f 1134/1796/280 1111/1767/261 1098/1746/244
f 1148/1818/190 1150/1822/194 1149/1819/191
f 1148/1818/190 1152/1956/193 1153/1821/198
f 1151/1823/195 1153/1827/198 1152/1824/193
f 1155/1826/197 1156/6354/201 1153/1827/198
f 1154/1828/199 1156/1832/201 1155/1829/197
f 1154/1828/199 1149/1948/191 1150/1831/194
f 1160/1834/202 1162/1838/295 1161/1835/203
f 1160/1834/202 1164/1957/205 1165/1837/210
f 1163/1839/207 1165/6355/210 1164/1840/205
f 1167/1842/212 1168/1848/209 1165/1843/210
f 1166/1845/211 1168/1848/209 1167/1842/212
f 1161/1847/203 1162/1849/295 1168/1848/209
f 1172/1850/214 1174/1854/218 1173/1851/215
f 1172/1850/214 1176/1856/220 1177/1853/217
f 1175/1855/219 1177/1853/217 1176/1856/220
f 1175/1858/219 1179/1862/224 1180/1859/222
f 1178/1861/223 1180/1859/222 1179/1862/224
f 1173/1864/215 1174/6356/218 1180/1859/222
f 1184/1866/226 1186/6357/289 1185/1867/227
f 1184/1869/226 1188/1873/229 1189/1870/297
f 1187/1872/231 1189/1870/297 1188/1873/229
f 1187/1875/231 1191/1879/233 1192/1876/237
f 1190/1878/235 1192/1876/237 1191/1879/233
f 1185/1881/227 1186/1882/289 1192/1876/237
f 1196/1883/238 1198/1887/298 1197/1884/239
f 1200/1886/241 1201/1898/246 1198/1887/298
f 1199/1888/243 1201/1892/246 1200/1889/241
f 1199/1888/243 1203/6358/245 1204/1891/291
f 1202/1893/247 1204/6359/291 1203/1894/245
f 1202/1896/247 1197/1884/239 1198/1887/298
f 1208/1899/250 1210/1903/254 1209/1900/251
f 1208/1899/250 1212/6360/256 1213/1902/253
f 1211/1904/255 1213/1908/253 1212/1905/256
f 1211/1904/255 1215/1955/260 1216/1907/258
f 1214/1909/259 1216/6361/258 1215/1910/260
f 1214/1912/259 1209/1900/251 1210/1903/254
f 1220/1914/262 1222/6362/293 1221/1915/263
f 1224/1917/268 1225/6363/265 1222/1918/293
f 1223/1920/267 1225/6363/265 1224/1917/268
f 1223/1922/267 1227/1926/272 1228/1923/270
f 1226/1925/271 1228/1923/270 1227/1926/272
f 1221/1915/263 1222/6362/293 1228/1928/270
f 1232/1931/274 1234/1935/278 1233/1932/275
f 1236/1934/277 1237/1946/282 1234/1935/278
f 1235/1936/279 1237/6364/282 1236/1937/277
f 1239/1939/281 1240/6365/285 1237/1940/282
f 1238/1942/283 1240/6365/285 1239/1939/281
f 1233/1932/275 1234/1935/278 1240/1944/285
f 1145/1947/192 1149/1948/191 1172/1850/214
f 1149/1948/191 1154/1828/199 1176/1856/220
f 1176/1856/220 1154/1828/199 1147/1830/200
f 1146/1825/196 1157/1836/204 1161/1835/203
f 1161/1835/203 1166/6366/211 1155/1826/197
f 1166/1845/211 1159/1846/213 1147/1949/200
f 1181/1868/228 1185/1867/227 1163/1839/207
f 1185/1881/227 1190/1878/235 1167/1842/212
f 1190/1878/235 1183/1880/236 1159/1846/213
f 1171/1863/225 1179/1862/224 1187/1872/231
f 1179/1862/224 1175/1858/219 1191/1951/233
f 1175/1952/219 1170/1959/221 1183/1880/236
f 1169/1953/216 1173/6367/215 1220/1914/262
f 1220/1919/262 1173/1864/215 1178/1861/223
f 1224/1917/268 1178/1861/223 1171/1863/225
f 1181/1868/228 1229/1933/276 1233/1932/275
f 1233/1954/275 1238/1942/283 1188/1873/229
f 1238/1942/283 1231/1943/284 1182/1874/232
f 1219/1927/273 1227/1926/272 1235/1936/279
f 1235/1941/279 1227/6368/272 1223/1920/267
f 1239/1939/281 1223/1920/267 1218/1921/269
f 1217/1916/264 1221/1915/263 1196/1883/238
f 1221/1915/263 1226/1929/271 1200/1886/241
f 1200/1889/241 1226/1925/271 1219/1927/273
f 1205/1901/252 1209/1900/251 1232/1931/274
f 1209/1900/251 1214/1912/259 1236/1934/277
f 1236/1937/277 1214/1909/259 1207/1911/261
f 1206/1906/257 1195/1895/248 1203/1894/245
f 1203/1894/245 1199/6369/243 1215/1955/260
f 1215/1910/260 1199/1888/243 1194/1890/244
f 1193/1885/240 1197/1884/239 1148/1818/190
f 1197/1884/239 1202/1896/247 1152/1956/193
f 1202/1893/247 1195/1895/248 1146/1825/196
f 1158/1841/208 1164/1840/205 1208/1899/250
f 1164/1957/205 1160/1834/202 1212/1905/256
f 1160/1834/202 1157/1836/204 1206/1906/257
f 1217/1916/264 1193/1885/240 1145/1820/192
f 1159/1846/213 1183/1880/236 1170/1959/221
f 1206/1906/257 1157/1836/204 1146/1825/196
f 1181/1868/228 1158/1841/208 1205/1901/252
f 1182/1874/232 1231/1943/284 1218/1921/269
f 1230/1938/280 1207/1911/261 1194/1890/244
f 1241/1960/177 1242/6370/177 1243/1961/177
f 1245/1963/178 1246/6371/178 1242/1964/178
f 1245/1966/181 1249/1981/179 1250/1967/183
f 1246/1969/182 1247/6372/182 1243/1970/182
f 1250/1967/183 1251/6373/186 1247/1972/184
f 1247/1973/185 1248/6374/185 1244/1974/185
f 1247/1972/184 1251/6373/186 1252/1976/189
f 1248/1978/188 1245/6375/188 1241/1979/188
f 1252/1976/189 1249/1981/179 1245/1966/181
f 1252/1976/189 1251/6373/186 1250/1967/183
f 1256/1982/190 1258/1986/194 1257/1983/191
f 1260/1985/193 1261/6376/286 1258/1986/194
f 1259/1987/195 1261/1991/286 1260/1988/193
f 1263/1990/197 1264/6377/201 1261/1991/286
f 1262/1992/199 1264/1996/201 1263/1993/197
f 1262/1992/199 1257/2112/191 1258/1995/194
f 1268/1998/202 1270/2002/206 1269/1999/203
f 1268/1998/202 1272/2123/205 1273/2001/287
f 1271/2003/207 1273/6378/287 1272/2004/205
f 1275/2006/212 1276/2012/209 1273/2007/287
f 1274/2009/211 1276/2012/209 1275/2006/212
f 1274/2009/211 1269/6379/203 1270/2011/206
f 1280/2013/214 1282/2017/218 1281/2014/215
f 1284/2016/220 1285/2027/217 1282/2017/218
f 1283/2018/219 1285/2027/217 1284/2016/220
f 1283/2020/219 1287/2024/224 1288/2021/288
f 1286/2023/223 1288/2021/288 1287/2024/224
f 1286/2023/223 1281/2119/215 1282/2026/218
f 1292/2029/226 1294/6380/310 1293/2030/227
f 1292/2032/226 1296/2036/229 1297/2033/297
f 1295/2035/231 1297/2033/297 1296/2036/229
f 1295/2038/231 1299/2042/233 1300/2039/237
f 1298/2041/235 1300/2039/237 1299/2042/233
f 1298/2041/235 1293/2115/227 1294/2044/310
f 1304/2045/238 1306/2049/298 1305/2046/239
f 1304/2045/238 1308/2122/241 1309/2048/246
f 1307/2050/243 1309/2054/246 1308/2051/241
f 1311/2053/245 1312/6381/291 1309/2054/246
f 1310/2055/247 1312/6382/291 1311/2056/245
f 1305/2046/239 1306/2049/298 1312/2058/291
f 1316/2060/250 1318/2064/254 1317/2061/251
f 1320/2063/256 1321/2075/292 1318/2064/254
f 1319/2065/255 1321/2069/292 1320/2066/256
f 1323/2068/260 1324/6383/258 1321/2069/292
f 1322/2070/259 1324/6384/258 1323/2071/260
f 1322/2073/259 1317/2061/251 1318/2064/254
f 1328/2076/262 1330/6385/266 1329/2077/263
f 1328/2079/262 1332/2083/268 1333/2080/265
f 1331/2082/267 1333/2080/265 1332/2083/268
f 1335/2085/272 1336/2093/270 1333/2086/265
f 1334/2088/271 1336/2093/270 1335/2085/272
f 1329/2077/263 1330/6385/266 1336/2090/270
f 1340/2094/274 1342/2098/294 1341/2095/275
f 1344/2097/277 1345/2110/282 1342/2098/294
f 1343/2099/279 1345/6386/282 1344/2100/277
f 1343/2102/279 1347/2106/281 1348/2103/306
f 1346/2105/283 1348/2103/306 1347/2106/281
f 1346/2108/283 1341/2095/275 1342/2098/294
f 1253/2111/192 1257/2112/191 1280/2013/214
f 1257/2112/191 1262/1992/199 1284/2016/220
f 1284/2016/220 1262/1992/199 1255/1994/200
f 1254/1989/196 1265/2000/204 1269/1999/203
f 1269/1999/203 1274/6387/211 1263/1990/197
f 1274/2009/211 1267/2010/213 1255/2113/200
f 1289/2031/228 1293/2030/227 1271/2003/207
f 1293/2115/227 1298/2041/235 1275/2006/212
f 1298/2041/235 1291/2043/236 1267/2010/213
f 1279/2025/225 1287/2024/224 1295/2035/231
f 1287/2024/224 1283/2020/219 1299/2116/233
f 1299/2042/233 1283/6388/219 1278/2117/221
f 1325/2078/264 1277/2125/216 1281/2118/215
f 1281/2119/215 1286/2023/223 1332/2083/268
f 1286/2023/223 1279/2025/225 1326/2084/269
f 1337/2096/276 1341/2095/275 1292/2029/226
f 1341/2120/275 1346/2105/283 1296/2036/229
f 1346/2105/283 1339/2107/284 1290/2037/232
f 1327/2089/273 1335/2085/272 1343/2099/279
f 1335/2121/272 1331/2082/267 1347/2106/281
f 1347/2106/281 1331/2082/267 1326/2084/269
f 1325/2078/264 1329/2077/263 1304/2045/238
f 1329/2077/263 1334/2091/271 1308/2122/241
f 1308/2051/241 1334/2088/271 1327/2089/273
f 1313/2062/252 1317/2061/251 1340/2094/274
f 1317/2061/251 1322/2073/259 1344/2097/277
f 1344/2100/277 1322/2070/259 1315/2072/261
f 1303/2057/248 1311/2056/245 1319/2065/255
f 1311/2056/245 1307/6389/243 1323/2068/260
f 1323/2071/260 1307/2050/243 1302/2052/244
f 1301/2047/240 1305/2046/239 1256/1982/190
f 1305/2046/239 1310/2059/247 1260/1985/193
f 1310/2055/247 1303/2057/248 1254/1989/196
f 1266/2005/208 1272/2004/205 1316/2060/250
f 1272/2123/205 1268/1998/202 1320/2066/256
f 1268/1998/202 1265/2000/204 1314/2067/257
f 1325/2078/264 1301/2047/240 1253/1984/192
f 1267/2010/213 1291/2043/236 1278/2117/221
f 1314/2067/257 1265/2000/204 1254/1989/196
f 1289/2031/228 1266/2005/208 1313/2062/252
f 1290/2037/232 1339/2107/284 1326/2084/269
f 1338/2101/280 1315/2072/261 1302/2052/244
f 1352/2126/190 1354/2130/302 1353/2127/191
f 1356/2129/193 1357/6390/286 1354/2130/302
f 1355/2131/195 1357/2135/286 1356/2132/193
f 1355/2131/195 1359/2258/197 1360/2134/311
f 1358/2136/199 1360/2140/311 1359/2137/197
f 1358/2136/199 1353/2257/191 1354/2139/302
f 1364/2142/202 1366/2146/312 1365/2143/203
f 1364/2142/202 1368/2268/205 1369/2145/287
f 1367/2147/207 1369/6391/287 1368/2148/205
f 1367/2150/207 1371/2154/212 1372/2151/209
f 1370/2153/211 1372/2151/209 1371/2154/212
f 1365/2156/203 1366/2157/312 1372/2151/209
f 1376/2158/214 1378/2162/218 1377/2159/215
f 1380/2161/220 1381/2172/313 1378/2162/218
f 1379/2163/219 1381/2172/313 1380/2161/220
f 1383/2165/224 1384/2171/288 1381/2166/313
f 1382/2168/223 1384/2171/288 1383/2165/224
f 1382/2168/223 1377/2265/215 1378/2170/218
f 1388/2174/226 1390/6392/310 1389/2175/227
f 1388/2177/226 1392/2181/229 1393/2178/314
f 1391/2180/231 1393/2178/314 1392/2181/229
f 1391/2183/231 1395/2187/233 1396/2184/237
f 1394/2186/235 1396/2184/237 1395/2187/233
f 1394/2186/235 1389/2261/227 1390/2189/310
f 1400/2190/238 1402/2194/242 1401/2191/239
f 1404/2193/241 1405/2205/315 1402/2194/242
f 1403/2195/243 1405/2199/315 1404/2196/241
f 1403/2195/243 1407/6393/245 1408/2198/299
f 1406/2200/247 1408/6394/299 1407/2201/245
f 1406/2203/247 1401/2191/239 1402/2194/242
f 1412/2206/250 1414/2210/317 1413/2207/251
f 1412/2206/250 1416/6395/256 1417/2209/316
f 1415/2211/255 1417/2215/316 1416/2212/256
f 1419/2214/260 1420/6396/258 1417/2215/316
f 1418/2216/259 1420/6397/258 1419/2217/260
f 1418/2219/259 1413/2207/251 1414/2210/317
f 1424/2221/262 1426/2235/293 1425/2222/263
f 1428/2224/268 1429/6398/301 1426/2225/293
f 1427/2227/267 1429/6398/301 1428/2224/268
f 1431/2229/272 1432/2238/318 1429/2230/301
f 1430/2232/271 1432/2238/318 1431/2229/272
f 1430/2234/271 1425/2222/263 1426/2235/293
f 1436/2239/274 1438/2243/309 1437/2240/275
f 1440/2242/277 1441/2255/282 1438/2243/309
f 1439/2244/279 1441/6399/282 1440/2245/277
f 1439/2247/279 1443/2251/281 1444/2248/319
f 1442/2250/283 1444/2248/319 1443/2251/281
f 1437/2240/275 1438/2243/309 1444/2253/319
f 1349/2256/192 1353/2257/191 1376/2158/214
f 1353/2257/191 1358/2136/199 1380/2161/220
f 1380/2161/220 1358/2136/199 1351/2138/200
f 1361/2144/204 1365/2143/203 1355/2131/195
f 1365/2143/203 1370/6400/211 1359/2258/197
f 1359/2259/197 1370/2153/211 1363/2155/213
f 1385/2176/228 1389/2175/227 1367/2147/207
f 1389/2261/227 1394/2186/235 1371/2154/212
f 1394/2186/235 1387/2188/236 1363/2155/213
f 1386/2182/232 1375/2169/225 1383/2165/224
f 1383/2165/224 1379/2167/219 1395/2262/233
f 1379/2263/219 1374/2271/221 1387/2188/236
f 1421/2223/264 1373/2270/216 1377/2264/215
f 1377/2265/215 1382/2168/223 1428/2224/268
f 1382/2168/223 1375/2169/225 1422/2228/269
f 1433/2241/276 1437/2240/275 1388/2174/226
f 1437/2266/275 1442/2250/283 1392/2181/229
f 1442/2250/283 1435/2252/284 1386/2182/232
f 1434/2246/280 1423/2233/273 1431/2229/272
f 1431/2267/272 1427/2227/267 1443/2251/281
f 1427/2227/267 1422/2228/269 1435/2252/284
f 1421/2223/264 1425/2222/263 1400/2190/238
f 1425/2222/263 1430/2234/271 1404/2193/241
f 1404/2196/241 1430/2232/271 1423/2233/273
f 1409/2208/252 1413/2207/251 1436/2239/274
f 1413/2207/251 1418/2219/259 1440/2242/277
f 1440/2245/277 1418/2216/259 1411/2218/261
f 1410/2213/257 1399/2202/248 1407/2201/245
f 1407/2201/245 1403/6401/243 1419/2214/260
f 1403/2195/243 1398/2197/244 1411/2218/261
f 1397/2192/240 1401/2191/239 1352/2126/190
f 1401/2191/239 1406/2203/247 1356/2129/193
f 1406/2200/247 1399/2202/248 1350/2133/196
f 1409/2208/252 1362/2149/208 1368/2148/205
f 1368/2268/205 1364/2142/202 1416/2212/256
f 1364/2142/202 1361/2144/204 1410/2213/257
f 1421/2223/264 1397/2192/240 1349/2128/192
f 1363/2155/213 1387/2188/236 1374/2271/221
f 1410/2213/257 1361/2144/204 1350/2133/196
f 1385/2176/228 1362/2149/208 1409/2208/252
f 1386/2182/232 1435/2252/284 1422/2228/269
f 1434/2246/280 1411/2218/261 1398/2197/244
f 1448/2272/190 1450/2276/302 1449/2273/191
f 1452/2275/193 1453/6402/198 1450/2276/302
f 1451/2277/195 1453/2281/198 1452/2278/193
f 1451/2277/195 1455/2403/197 1456/2280/311
f 1454/2282/199 1456/2286/311 1455/2283/197
f 1454/2282/199 1449/2402/191 1450/2285/302
f 1460/2288/202 1462/2292/295 1461/2289/203
f 1464/2291/205 1465/6403/287 1462/2292/295
f 1463/2293/207 1465/6404/287 1464/2294/205
f 1467/2296/212 1468/2302/209 1465/2297/287
f 1466/2299/211 1468/2302/209 1467/2296/212
f 1466/2299/211 1461/6405/203 1462/2301/295
f 1472/2303/214 1474/2307/296 1473/2304/215
f 1476/2306/220 1477/2317/313 1474/2307/296
f 1475/2308/219 1477/2317/313 1476/2306/220
f 1479/2310/224 1480/2316/222 1477/2311/313
f 1478/2313/223 1480/2316/222 1479/2310/224
f 1478/2313/223 1473/2410/215 1474/2315/296
f 1484/2319/226 1486/6406/289 1485/2320/227
f 1484/2322/226 1488/2326/229 1489/2323/297
f 1487/2325/231 1489/2323/297 1488/2326/229
f 1491/2328/233 1492/2334/237 1489/2329/297
f 1490/2331/235 1492/2334/237 1491/2328/233
f 1490/2331/235 1485/2406/227 1486/2333/289
f 1496/2335/238 1498/2339/242 1497/2336/239
f 1500/2338/241 1501/2350/315 1498/2339/242
f 1499/2340/243 1501/2344/315 1500/2341/241
f 1499/2340/243 1503/6407/245 1504/2343/299
f 1502/2345/247 1504/6408/299 1503/2346/245
f 1502/2348/247 1497/2336/239 1498/2339/242
f 1508/2351/250 1510/2355/254 1509/2352/251
f 1512/2354/256 1513/2366/253 1510/2355/254
f 1511/2356/255 1513/2360/253 1512/2357/256
f 1511/2356/255 1515/2413/260 1516/2359/258
f 1514/2361/259 1516/6409/258 1515/2362/260
f 1509/2352/251 1510/2355/254 1516/2364/258
f 1520/2367/262 1522/2381/293 1521/2368/263
f 1524/2370/268 1525/6410/301 1522/2371/293
f 1523/2373/267 1525/6410/301 1524/2370/268
f 1527/2375/272 1528/2384/318 1525/2376/301
f 1526/2378/271 1528/2384/318 1527/2375/272
f 1526/2380/271 1521/2368/263 1522/2381/293
f 1532/2385/274 1534/2389/294 1533/2386/275
f 1532/2385/274 1536/2412/277 1537/2388/282
f 1535/2390/279 1537/6411/282 1536/2391/277
f 1535/2393/279 1539/2397/281 1540/2394/285
f 1538/2396/283 1540/2394/285 1539/2397/281
f 1538/2399/283 1533/2386/275 1534/2389/294
f 1445/2401/192 1449/2402/191 1472/2303/214
f 1449/2402/191 1454/2282/199 1476/2306/220
f 1476/2306/220 1454/2282/199 1447/2284/200
f 1457/2290/204 1461/2289/203 1451/2277/195
f 1461/2289/203 1466/6412/211 1455/2403/197
f 1466/2299/211 1459/2300/213 1447/2404/200
f 1481/2321/228 1485/2320/227 1463/2293/207
f 1485/2406/227 1490/2331/235 1467/2296/212
f 1490/2331/235 1483/2332/236 1459/2300/213
f 1471/2314/225 1479/2310/224 1487/2325/231
f 1479/2310/224 1475/2312/219 1491/2407/233
f 1475/2408/219 1470/2415/221 1483/2332/236
f 1469/2409/216 1473/6413/215 1520/2367/262
f 1473/2410/215 1478/2313/223 1524/2370/268
f 1478/2313/223 1471/2314/225 1518/2374/269
f 1481/2321/228 1529/2387/276 1533/2386/275
f 1484/2322/226 1533/6414/275 1538/2396/283
f 1488/2326/229 1538/2396/283 1531/2398/284
f 1530/2392/280 1519/2379/273 1527/2375/272
f 1527/2411/272 1523/2373/267 1539/2397/281
f 1523/2373/267 1518/2374/269 1531/2398/284
f 1517/2369/264 1521/2368/263 1496/2335/238
f 1521/2368/263 1526/2380/271 1500/2338/241
f 1500/2341/241 1526/2378/271 1519/2379/273
f 1505/2353/252 1509/2352/251 1532/2385/274
f 1509/2352/251 1514/2365/259 1536/2412/277
f 1536/2391/277 1514/2361/259 1507/2363/261
f 1495/2347/248 1503/2346/245 1511/2356/255
f 1503/2346/245 1499/6415/243 1515/2413/260
f 1499/2340/243 1494/2342/244 1507/2363/261
f 1493/2337/240 1497/2336/239 1448/2272/190
f 1448/2272/190 1497/2336/239 1502/2348/247
f 1502/2345/247 1495/2347/248 1446/2279/196
f 1458/2295/208 1464/2294/205 1508/2351/250
f 1464/2291/205 1460/2288/202 1512/2357/256
f 1460/2288/202 1457/2290/204 1506/2358/257
f 1517/2369/264 1493/2337/240 1445/2274/192
f 1459/2300/213 1483/2332/236 1470/2415/221
f 1506/2358/257 1457/2290/204 1446/2279/196
f 1481/2321/228 1458/2295/208 1505/2353/252
f 1482/2327/232 1531/2398/284 1518/2374/269
f 1530/2392/280 1507/2363/261 1494/2342/244
f 1544/2416/190 1546/2420/320 1545/2417/191
f 1544/2416/190 1548/2557/193 1549/2419/198
f 1547/2421/195 1549/2425/198 1548/2422/193
f 1547/2421/195 1551/2549/197 1552/2424/311
f 1550/2426/199 1552/2430/311 1551/2427/197
f 1550/2426/199 1545/2548/191 1546/2429/320
f 1556/2432/202 1558/2436/295 1557/2433/203
f 1560/2435/205 1561/6416/321 1558/2436/295
f 1559/2437/207 1561/6417/321 1560/2438/205
f 1563/2440/212 1564/2446/209 1561/2441/321
f 1562/2443/211 1564/2446/209 1563/2440/212
f 1557/2445/203 1558/2447/295 1564/2446/209
f 1568/2448/214 1570/2452/307 1569/2449/215
f 1572/2451/220 1573/2462/313 1570/2452/307
f 1571/2453/219 1573/2462/313 1572/2451/220
f 1575/2455/224 1576/2461/288 1573/2456/313
f 1574/2458/223 1576/2461/288 1575/2455/224
f 1569/2460/215 1570/6418/307 1576/2461/288
f 1580/2464/226 1582/6419/289 1581/2465/227
f 1584/2467/229 1585/6420/297 1582/2468/289
f 1583/2470/231 1585/6420/297 1584/2467/229
f 1583/2472/231 1587/2476/233 1588/2473/237
f 1586/2475/235 1588/2473/237 1587/2476/233
f 1586/2475/235 1581/2552/227 1582/2478/289
f 1592/2479/238 1594/2483/298 1593/2480/239
f 1596/2482/241 1597/2494/315 1594/2483/298
f 1595/2484/243 1597/2488/315 1596/2485/241
f 1595/2484/243 1599/6421/245 1600/2487/299
f 1598/2489/247 1600/6422/299 1599/2490/245
f 1598/2492/247 1593/2480/239 1594/2483/298
f 1604/2495/250 1606/2499/254 1605/2496/251
f 1608/2498/256 1609/2510/253 1606/2499/254
f 1607/2500/255 1609/2504/253 1608/2501/256
f 1607/2500/255 1611/2556/260 1612/2503/258
f 1610/2505/259 1612/6423/258 1611/2506/260
f 1610/2508/259 1605/2496/251 1606/2499/254
f 1616/2511/262 1618/2526/322 1617/2512/263
f 1616/2514/262 1620/2518/268 1621/2515/301
f 1619/2517/267 1621/2515/301 1620/2518/268
f 1623/2520/272 1624/2529/318 1621/2521/301
f 1622/2523/271 1624/2529/318 1623/2520/272
f 1622/2525/271 1617/2512/263 1618/2526/322
f 1628/2530/274 1630/2534/294 1629/2531/275
f 1632/2533/277 1633/2546/282 1630/2534/294
f 1631/2535/279 1633/6424/282 1632/2536/277
f 1631/2538/279 1635/2542/281 1636/2539/306
f 1634/2541/283 1636/2539/306 1635/2542/281
f 1634/2544/283 1629/2531/275 1630/2534/294
f 1541/2547/192 1545/2548/191 1568/2448/214
f 1545/2548/191 1550/2426/199 1572/2451/220
f 1572/2451/220 1550/2426/199 1543/2428/200
f 1553/2434/204 1557/2433/203 1547/2421/195
f 1557/2433/203 1562/6425/211 1551/2549/197
f 1562/2443/211 1555/2444/213 1543/2550/200
f 1577/2466/228 1581/2465/227 1559/2437/207
f 1581/2552/227 1586/2475/235 1563/2440/212
f 1586/2475/235 1579/2477/236 1555/2444/213
f 1567/2459/225 1575/2455/224 1583/2470/231
f 1575/2455/224 1571/2457/219 1587/2553/233
f 1571/2554/219 1566/2559/221 1579/2477/236
f 1565/2555/216 1569/6426/215 1616/2511/262
f 1569/2460/215 1574/2458/223 1620/2518/268
f 1574/2458/223 1567/2459/225 1614/2519/269
f 1577/2466/228 1625/2532/276 1629/2531/275
f 1580/2469/226 1629/6427/275 1634/2541/283
f 1634/2541/283 1627/2543/284 1578/2471/232
f 1615/2524/273 1623/2520/272 1631/2535/279
f 1631/2538/279 1623/6428/272 1619/2517/267
f 1619/2517/267 1614/2519/269 1627/2543/284
f 1613/2513/264 1617/2512/263 1592/2479/238
f 1617/2512/263 1622/2525/271 1596/2482/241
f 1596/2485/241 1622/2523/271 1615/2524/273
f 1601/2497/252 1605/2496/251 1628/2530/274
f 1605/2496/251 1610/2508/259 1632/2533/277
f 1632/2536/277 1610/2505/259 1603/2507/261
f 1602/2502/257 1591/2491/248 1599/2490/245
f 1599/2490/245 1595/6429/243 1611/2556/260
f 1595/2484/243 1590/2486/244 1603/2507/261
f 1589/2481/240 1593/2480/239 1544/2416/190
f 1544/2416/190 1593/2480/239 1598/2492/247
f 1598/2489/247 1591/2491/248 1542/2423/196
f 1554/2439/208 1560/2438/205 1604/2495/250
f 1560/2435/205 1556/2432/202 1608/2501/256
f 1556/2432/202 1553/2434/204 1602/2502/257
f 1613/2513/264 1589/2481/240 1541/2418/192
f 1555/2444/213 1579/2477/236 1566/2559/221
f 1602/2502/257 1553/2434/204 1542/2423/196
f 1577/2466/228 1554/2439/208 1601/2497/252
f 1578/2471/232 1627/2543/284 1614/2519/269
f 1626/2537/280 1603/2507/261 1590/2486/244
f 1637/2560/177 1638/6430/177 1639/2561/177
f 1641/2563/178 1642/6431/178 1638/2564/178
f 1641/2566/181 1645/2581/179 1646/2567/183
f 1642/2569/182 1643/6432/182 1639/2570/182
f 1646/2567/183 1647/6433/186 1643/2572/184
f 1643/2573/185 1644/6434/185 1640/2574/185
f 1643/2572/184 1647/6433/186 1648/2576/189
f 1644/2578/188 1641/6435/188 1637/2579/188
f 1644/2577/187 1648/2576/189 1645/2581/179
f 1648/2576/189 1647/6433/186 1646/2567/183
f 1652/2582/190 1654/2586/302 1653/2583/191
f 1656/2585/193 1657/6436/198 1654/2586/302
f 1655/2587/195 1657/2591/198 1656/2588/193
f 1659/2590/197 1660/6437/201 1657/2591/198
f 1658/2592/199 1660/2596/201 1659/2593/197
f 1653/2595/191 1654/2597/302 1660/2596/201
f 1664/2599/202 1666/2603/206 1665/2600/203
f 1664/2599/202 1668/2721/205 1669/2602/287
f 1667/2604/207 1669/6438/287 1668/2605/205
f 1671/2607/212 1672/2613/209 1669/2608/287
f 1670/2610/211 1672/2613/209 1671/2607/212
f 1670/2610/211 1665/6439/203 1666/2612/206
f 1676/2614/214 1678/2618/218 1677/2615/215
f 1676/2614/214 1680/2620/220 1681/2617/217
f 1679/2619/219 1681/2617/217 1680/2620/220
f 1679/2622/219 1683/2626/224 1684/2623/222
f 1682/2625/223 1684/2623/222 1683/2626/224
f 1677/2628/215 1678/6440/218 1684/2623/222
f 1688/2630/226 1690/6441/289 1689/2631/227
f 1692/2633/229 1693/6442/234 1690/2634/289
f 1691/2636/231 1693/6442/234 1692/2633/229
f 1695/2638/233 1696/2644/237 1693/2639/234
f 1694/2641/235 1696/2644/237 1695/2638/233
f 1694/2641/235 1689/2714/227 1690/2643/289
f 1700/2645/238 1702/2649/298 1701/2646/239
f 1704/2648/241 1705/2660/246 1702/2649/298
f 1703/2650/243 1705/2654/246 1704/2651/241
f 1703/2650/243 1707/6443/245 1708/2653/299
f 1706/2655/247 1708/6444/299 1707/2656/245
f 1706/2658/247 1701/2646/239 1702/2649/298
f 1712/2661/250 1714/2665/254 1713/2662/251
f 1716/2664/256 1717/2676/253 1714/2665/254
f 1715/2666/255 1717/2670/253 1716/2667/256
f 1715/2666/255 1719/2720/260 1720/2669/258
f 1718/2671/259 1720/6445/258 1719/2672/260
f 1718/2674/259 1713/2662/251 1714/2665/254
f 1724/2677/262 1726/2691/266 1725/2678/263
f 1728/2680/268 1729/6446/301 1726/2681/266
f 1727/2683/267 1729/6446/301 1728/2680/268
f 1731/2685/272 1732/2694/270 1729/2686/301
f 1730/2688/271 1732/2694/270 1731/2685/272
f 1730/2690/271 1725/2678/263 1726/2691/266
f 1736/2695/274 1738/2699/294 1737/2696/275
f 1740/2698/277 1741/2710/282 1738/2699/294
f 1739/2700/279 1741/6447/282 1740/2701/277
f 1743/2703/281 1744/6448/285 1741/2704/282
f 1742/2706/283 1744/6448/285 1743/2703/281
f 1742/2708/283 1737/2696/275 1738/2699/294
f 1649/2711/192 1653/2595/191 1676/2614/214
f 1653/2595/191 1658/2592/199 1680/2620/220
f 1680/2620/220 1658/2592/199 1651/2594/200
f 1650/2589/196 1661/2601/204 1665/2600/203
f 1665/2600/203 1670/6449/211 1659/2590/197
f 1670/2610/211 1663/2611/213 1651/2712/200
f 1685/2632/228 1689/2631/227 1667/2604/207
f 1689/2714/227 1694/2641/235 1671/2607/212
f 1694/2641/235 1687/2642/236 1663/2611/213
f 1675/2627/225 1683/2626/224 1691/2636/231
f 1683/2626/224 1679/2622/219 1695/2715/233
f 1695/2638/233 1679/6450/219 1674/2716/221
f 1673/2717/216 1677/6451/215 1724/2677/262
f 1677/2628/215 1682/2625/223 1728/2680/268
f 1682/2625/223 1675/2627/225 1722/2684/269
f 1733/2697/276 1737/2696/275 1688/2630/226
f 1737/2718/275 1742/2706/283 1692/2633/229
f 1742/2706/283 1735/2707/284 1686/2637/232
f 1723/2689/273 1731/2685/272 1739/2700/279
f 1731/2719/272 1727/2683/267 1743/2703/281
f 1743/2703/281 1727/2683/267 1722/2684/269
f 1721/2679/264 1725/2678/263 1700/2645/238
f 1725/2678/263 1730/2690/271 1704/2648/241
f 1704/2651/241 1730/2688/271 1723/2689/273
f 1709/2663/252 1713/2662/251 1736/2695/274
f 1713/2662/251 1718/2674/259 1740/2698/277
f 1740/2701/277 1718/2671/259 1711/2673/261
f 1699/2657/248 1707/2656/245 1715/2666/255
f 1707/2656/245 1703/6452/243 1719/2720/260
f 1719/2672/260 1703/2650/243 1698/2652/244
f 1697/2647/240 1701/2646/239 1652/2582/190
f 1701/2646/239 1706/2658/247 1656/2585/193
f 1706/2655/247 1699/2657/248 1650/2589/196
f 1662/2606/208 1668/2605/205 1712/2661/250
f 1668/2721/205 1664/2599/202 1716/2667/256
f 1664/2599/202 1661/2601/204 1710/2668/257
f 1721/2679/264 1697/2647/240 1649/2584/192
f 1663/2611/213 1687/2642/236 1674/2716/221
f 1710/2668/257 1661/2601/204 1650/2589/196
f 1685/2632/228 1662/2606/208 1709/2663/252
f 1686/2637/232 1735/2707/284 1722/2684/269
f 1734/2702/280 1711/2673/261 1698/2652/244
f 1748/2723/190 1750/2727/302 1749/2724/191
f 1752/2726/193 1753/6453/198 1750/2727/302
f 1751/2728/195 1753/2732/198 1752/2729/193
f 1755/2731/197 1756/6454/311 1753/2732/198
f 1754/2733/199 1756/2737/311 1755/2734/197
f 1754/2733/199 1749/2850/191 1750/2736/302
f 1760/2739/202 1762/2743/312 1761/2740/203
f 1764/2742/205 1765/6455/321 1762/2743/312
f 1763/2744/207 1765/6456/321 1764/2745/205
f 1767/2747/212 1768/2753/209 1765/2748/321
f 1766/2750/211 1768/2753/209 1767/2747/212
f 1766/2750/211 1761/6457/203 1762/2752/312
f 1772/2754/214 1774/2758/296 1773/2755/215
f 1776/2757/220 1777/2768/313 1774/2758/296
f 1775/2759/219 1777/2768/313 1776/2757/220
f 1775/2761/219 1779/2765/224 1780/2762/288
f 1778/2764/223 1780/2762/288 1779/2765/224
f 1778/2764/223 1773/2857/215 1774/2767/296
f 1784/2770/226 1786/6458/310 1785/2771/227
f 1784/2773/226 1788/2777/229 1789/2774/314
f 1787/2776/231 1789/2774/314 1788/2777/229
f 1791/2779/233 1792/2785/237 1789/2780/314
f 1790/2782/235 1792/2785/237 1791/2779/233
f 1790/2782/235 1785/2853/227 1786/2784/310
f 1796/2786/238 1798/2790/298 1797/2787/239
f 1800/2789/241 1801/2801/315 1798/2790/298
f 1799/2791/243 1801/2795/315 1800/2792/241
f 1803/2794/245 1804/6459/299 1801/2795/315
f 1802/2796/247 1804/6460/299 1803/2797/245
f 1802/2799/247 1797/2787/239 1798/2790/298
f 1808/2802/250 1810/2806/317 1809/2803/251
f 1808/2802/250 1812/6461/256 1813/2805/323
f 1811/2807/255 1813/2811/323 1812/2808/256
f 1811/2807/255 1815/2861/260 1816/2810/258
f 1814/2812/259 1816/6462/258 1815/2813/260
f 1814/2815/259 1809/2803/251 1810/2806/317
f 1820/2817/262 1822/2832/293 1821/2818/263
f 1824/2820/268 1825/6463/301 1822/2821/293
f 1823/2823/267 1825/6463/301 1824/2820/268
f 1823/2825/267 1827/2829/272 1828/2826/318
f 1826/2828/271 1828/2826/318 1827/2829/272
f 1826/2831/271 1821/2818/263 1822/2832/293
f 1832/2835/274 1834/2839/294 1833/2836/275
f 1832/2835/274 1836/2860/277 1837/2838/282
f 1835/2840/279 1837/6464/282 1836/2841/277
f 1839/2843/281 1840/6465/319 1837/2844/282
f 1838/2846/283 1840/6465/319 1839/2843/281
f 1838/2848/283 1833/2836/275 1834/2839/294
f 1769/2756/216 1745/6466/192 1749/2850/191
f 1749/2850/191 1754/2733/199 1776/2757/220
f 1776/2757/220 1754/2733/199 1747/2735/200
f 1757/2741/204 1761/2740/203 1751/2728/195
f 1761/2740/203 1766/6467/211 1755/2731/197
f 1755/2851/197 1766/2750/211 1759/2751/213
f 1781/2772/228 1785/2771/227 1763/2744/207
f 1785/2853/227 1790/2782/235 1767/2747/212
f 1790/2782/235 1783/2783/236 1759/2751/213
f 1782/2778/232 1771/2766/225 1779/2765/224
f 1779/2765/224 1775/2761/219 1791/2854/233
f 1775/2855/219 1770/2863/221 1783/2783/236
f 1769/2856/216 1773/6468/215 1820/2817/262
f 1773/2857/215 1778/2764/223 1824/2820/268
f 1824/2820/268 1778/2764/223 1771/2766/225
f 1829/2837/276 1833/2836/275 1784/2770/226
f 1833/2858/275 1838/2846/283 1788/2777/229
f 1838/2846/283 1831/2847/284 1782/2778/232
f 1830/2842/280 1819/2830/273 1827/2829/272
f 1827/2859/272 1823/2823/267 1839/2843/281
f 1823/2823/267 1818/2824/269 1831/2847/284
f 1817/2819/264 1821/2818/263 1796/2786/238
f 1821/2818/263 1826/2831/271 1800/2789/241
f 1800/2792/241 1826/2828/271 1819/2830/273
f 1805/2804/252 1809/2803/251 1832/2835/274
f 1809/2803/251 1814/2815/259 1836/2860/277
f 1836/2841/277 1814/2812/259 1807/2814/261
f 1806/2809/257 1795/2798/248 1803/2797/245
f 1803/2797/245 1799/6469/243 1815/2861/260
f 1799/2791/243 1794/2793/244 1807/2814/261
f 1745/2725/192 1793/2788/240 1797/2787/239
f 1797/2787/239 1802/2799/247 1752/2726/193
f 1802/2796/247 1795/2798/248 1746/2730/196
f 1758/2746/208 1764/2745/205 1808/2802/250
f 1764/2742/205 1760/2739/202 1812/2808/256
f 1760/2739/202 1757/2741/204 1806/2809/257
f 1817/2819/264 1793/2788/240 1745/2725/192
f 1759/2751/213 1783/2783/236 1770/2863/221
f 1806/2809/257 1757/2741/204 1746/2730/196
f 1781/2772/228 1758/2746/208 1805/2804/252
f 1782/2778/232 1831/2847/284 1818/2824/269
f 1830/2842/280 1807/2814/261 1794/2793/244
f 1844/2864/190 1846/2868/320 1845/2865/191
f 1844/2864/190 1848/3003/193 1849/2867/286
f 1847/2869/195 1849/2873/286 1848/2870/193
f 1851/2872/197 1852/6470/311 1849/2873/286
f 1850/2874/199 1852/2878/311 1851/2875/197
f 1850/2874/199 1845/2993/191 1846/2877/320
f 1856/2880/202 1858/2884/206 1857/2881/203
f 1856/2880/202 1860/3004/205 1861/2883/287
f 1859/2885/207 1861/6471/287 1860/2886/205
f 1863/2888/212 1864/2894/209 1861/2889/287
f 1862/2891/211 1864/2894/209 1863/2888/212
f 1862/2891/211 1857/6472/203 1858/2893/206
f 1868/2895/214 1870/2899/218 1869/2896/215
f 1872/2898/220 1873/2909/313 1870/2899/218
f 1871/2900/219 1873/2909/313 1872/2898/220
f 1871/2902/219 1875/2906/224 1876/2903/288
f 1874/2905/223 1876/2903/288 1875/2906/224
f 1874/2905/223 1869/3000/215 1870/2908/218
f 1880/2911/226 1882/6473/289 1881/2912/227
f 1884/2914/229 1885/6474/297 1882/2915/289
f 1883/2917/231 1885/6474/297 1884/2914/229
f 1883/2919/231 1887/2923/233 1888/2920/237
f 1886/2922/235 1888/2920/237 1887/2923/233
f 1886/2922/235 1881/2996/227 1882/2925/289
f 1892/2926/238 1894/2930/290 1893/2927/239
f 1896/2929/241 1897/2941/315 1894/2930/290
f 1895/2931/243 1897/2935/315 1896/2932/241
f 1899/2934/245 1900/6475/299 1897/2935/315
f 1898/2936/247 1900/6476/299 1899/2937/245
f 1893/2927/239 1894/2930/290 1900/2939/299
f 1904/2942/250 1906/2946/317 1905/2943/251
f 1904/2942/250 1908/6477/256 1909/2945/253
f 1907/2947/255 1909/2951/253 1908/2948/256
f 1907/2947/255 1911/3002/260 1912/2950/258
f 1910/2952/259 1912/6478/258 1911/2953/260
f 1910/2955/259 1905/2943/251 1906/2946/317
f 1916/2957/262 1918/2973/322 1917/2958/263
f 1916/2960/262 1920/2964/268 1921/2961/301
f 1919/2963/267 1921/2961/301 1920/2964/268
f 1919/2966/267 1923/2970/272 1924/2967/318
f 1922/2969/271 1924/2967/318 1923/2970/272
f 1922/2972/271 1917/2958/263 1918/2973/322
f 1928/2976/274 1930/2980/294 1929/2977/275
f 1932/2979/277 1933/2991/282 1930/2980/294
f 1931/2981/279 1933/6479/282 1932/2982/277
f 1935/2984/281 1936/6480/285 1933/2985/282
f 1934/2987/283 1936/6480/285 1935/2984/281
f 1934/2989/283 1929/2977/275 1930/2980/294
f 1841/2992/192 1845/2993/191 1868/2895/214
f 1845/2993/191 1850/2874/199 1872/2898/220
f 1872/2898/220 1850/2874/199 1843/2876/200
f 1853/2882/204 1857/2881/203 1847/2869/195
f 1857/2881/203 1862/6481/211 1851/2872/197
f 1862/2891/211 1855/2892/213 1843/2994/200
f 1877/2913/228 1881/2912/227 1859/2885/207
f 1881/2996/227 1886/2922/235 1863/2888/212
f 1886/2922/235 1879/2924/236 1855/2892/213
f 1867/2907/225 1875/2906/224 1883/2917/231
f 1875/2906/224 1871/2902/219 1887/2997/233
f 1871/2998/219 1866/3006/221 1879/2924/236
f 1865/2999/216 1869/6482/215 1916/2957/262
f 1869/3000/215 1874/2905/223 1920/2964/268
f 1874/2905/223 1867/2907/225 1914/2965/269
f 1877/2913/228 1925/2978/276 1929/2977/275
f 1880/2916/226 1929/6483/275 1934/2987/283
f 1934/2987/283 1927/2988/284 1878/2918/232
f 1915/2971/273 1923/2970/272 1931/2981/279
f 1931/2986/279 1923/6484/272 1919/2963/267
f 1935/2984/281 1919/2963/267 1914/2965/269
f 1913/2959/264 1917/2958/263 1892/2926/238
f 1917/2958/263 1922/2972/271 1896/2929/241
f 1896/2932/241 1922/2969/271 1915/2971/273
f 1901/2944/252 1905/2943/251 1928/2976/274
f 1905/2943/251 1910/2955/259 1932/2979/277
f 1932/2982/277 1910/2952/259 1903/2954/261
f 1891/2938/248 1899/2937/245 1907/2947/255
f 1907/2947/255 1899/2937/245 1895/3001/243
f 1895/2931/243 1890/2933/244 1903/2954/261
f 1889/2928/240 1893/2927/239 1844/2864/190
f 1844/2864/190 1893/2927/239 1898/2940/247
f 1898/2936/247 1891/2938/248 1842/2871/196
f 1854/2887/208 1860/2886/205 1904/2942/250
f 1860/3004/205 1856/2880/202 1908/2948/256
f 1856/2880/202 1853/2882/204 1902/2949/257
f 1913/2959/264 1889/2928/240 1841/2866/192
f 1855/2892/213 1879/2924/236 1866/3006/221
f 1902/2949/257 1853/2882/204 1842/2871/196
f 1877/2913/228 1854/2887/208 1901/2944/252
f 1878/2918/232 1927/2988/284 1914/2965/269
f 1926/2983/280 1903/2954/261 1890/2933/244
f 1940/3007/190 1942/3011/302 1941/3008/191
f 1944/3010/193 1945/6485/198 1942/3011/302
f 1943/3012/195 1945/3016/198 1944/3013/193
f 1947/3015/197 1948/6486/311 1945/3016/198
f 1946/3017/199 1948/3021/311 1947/3018/197
f 1946/3017/199 1941/3138/191 1942/3020/302
f 1952/3023/202 1954/3027/295 1953/3024/203
f 1952/3023/202 1956/3146/205 1957/3026/287
f 1955/3028/207 1957/6487/287 1956/3029/205
f 1955/3031/207 1959/3035/212 1960/3032/209
f 1958/3034/211 1960/3032/209 1959/3035/212
f 1953/3037/203 1954/3038/295 1960/3032/209
f 1964/3039/214 1966/3043/296 1965/3040/215
f 1968/3042/220 1969/3053/313 1966/3043/296
f 1967/3044/219 1969/3053/313 1968/3042/220
f 1967/3046/219 1971/3050/224 1972/3047/288
f 1970/3049/223 1972/3047/288 1971/3050/224
f 1970/3049/223 1965/3144/215 1966/3052/296
f 1976/3055/226 1978/6488/289 1977/3056/227
f 1980/3058/229 1981/6489/297 1978/3059/289
f 1979/3061/231 1981/6489/297 1980/3058/229
f 1983/3063/233 1984/3069/237 1981/3064/297
f 1982/3066/235 1984/3069/237 1983/3063/233
f 1977/3068/227 1978/3070/289 1984/3069/237
f 1988/3071/238 1990/3075/242 1989/3072/239
f 1992/3074/241 1993/3086/315 1990/3075/242
f 1991/3076/243 1993/3080/315 1992/3077/241
f 1995/3079/245 1996/6490/291 1993/3080/315
f 1994/3081/247 1996/6491/291 1995/3082/245
f 1994/3084/247 1989/3072/239 1990/3075/242
f 2000/3087/250 2002/3091/254 2001/3088/251
f 2000/3087/250 2004/6492/256 2005/3090/253
f 2003/3092/255 2005/3096/253 2004/3093/256
f 2007/3095/260 2008/6493/258 2005/3096/253
f 2006/3097/259 2008/6494/258 2007/3098/260
f 2001/3088/251 2002/3091/254 2008/3100/258
f 2012/3102/262 2014/3117/293 2013/3103/263
f 2016/3105/268 2017/6495/265 2014/3106/293
f 2015/3108/267 2017/6495/265 2016/3105/268
f 2015/3110/267 2019/3114/272 2020/3111/318
f 2018/3113/271 2020/3111/318 2019/3114/272
f 2018/3116/271 2013/3103/263 2014/3117/293
f 2024/3120/274 2026/3124/309 2025/3121/275
f 2028/3123/277 2029/3136/282 2026/3124/309
f 2027/3125/279 2029/6496/282 2028/3126/277
f 2027/3128/279 2031/3132/281 2032/3129/285
f 2030/3131/283 2032/3129/285 2031/3132/281
f 2025/3121/275 2026/3124/309 2032/3134/285
f 1937/3137/192 1941/3138/191 1964/3039/214
f 1941/3138/191 1946/3017/199 1968/3042/220
f 1968/3042/220 1946/3017/199 1939/3019/200
f 1949/3025/204 1953/3024/203 1943/3012/195
f 1953/3024/203 1958/6497/211 1947/3015/197
f 1958/3034/211 1951/3036/213 1939/3139/200
f 1973/3057/228 1977/3056/227 1955/3028/207
f 1977/3068/227 1982/3066/235 1959/3035/212
f 1982/3066/235 1975/3067/236 1951/3036/213
f 1963/3051/225 1971/3050/224 1979/3061/231
f 1979/3061/231 1971/3050/224 1967/3046/219
f 1967/3142/219 1962/3148/221 1975/3067/236
f 1961/3143/216 1965/6498/215 2012/3102/262
f 1965/3144/215 1970/3049/223 2016/3105/268
f 1970/3049/223 1963/3051/225 2010/3109/269
f 1973/3057/228 2021/3122/276 2025/3121/275
f 1976/3060/226 2025/6499/275 2030/3131/283
f 1980/3058/229 2030/3131/283 2023/3133/284
f 2022/3127/280 2011/3115/273 2019/3114/272
f 2019/3145/272 2015/3108/267 2031/3132/281
f 2015/3108/267 2010/3109/269 2023/3133/284
f 2009/3104/264 2013/3103/263 1988/3071/238
f 2013/3103/263 2018/3116/271 1992/3074/241
f 1992/3077/241 2018/3113/271 2011/3115/273
f 1997/3089/252 2001/3088/251 2024/3120/274
f 2001/3088/251 2006/3101/259 2028/3123/277
f 2028/3126/277 2006/3097/259 1999/3099/261
f 1987/3083/248 1995/3082/245 2003/3092/255
f 1995/3082/245 1991/6500/243 2007/3095/260
f 1991/3076/243 1986/3078/244 1999/3099/261
f 1985/3073/240 1989/3072/239 1940/3007/190
f 1940/3007/190 1989/3072/239 1994/3084/247
f 1994/3081/247 1987/3083/248 1938/3014/196
f 1950/3030/208 1956/3029/205 2000/3087/250
f 1956/3146/205 1952/3023/202 2004/3093/256
f 1952/3023/202 1949/3025/204 1998/3094/257
f 2009/3104/264 1985/3073/240 1937/3009/192
f 1951/3036/213 1975/3067/236 1962/3148/221
f 1998/3094/257 1949/3025/204 1938/3014/196
f 1973/3057/228 1950/3030/208 1997/3089/252
f 1974/3062/232 2023/3133/284 2010/3109/269
f 2022/3127/280 1999/3099/261 1986/3078/244
f 2033/3149/1 2036/6501/137 2037/3150/97
f 2034/3152/4 2038/3219/75 2037/3153/98
f 2035/3155/7 2039/3151/74 2037/3150/100
f 2040/3157/10 2043/3243/140 2044/3158/101
f 2041/3160/13 2045/3222/77 2044/3161/102
f 2042/3163/16 2046/6502/76 2044/3164/104
f 2047/3166/19 2050/3170/73 2051/3167/106
f 2048/3169/22 2052/6503/80 2051/3167/108
f 2049/3171/25 2053/3228/134 2051/3172/110
f 2054/3174/28 2057/3229/135 2058/3175/111
f 2055/3177/31 2059/3224/79 2058/3178/112
f 2056/3180/34 2060/3223/78 2058/3181/114
f 2061/3183/37 2064/3233/87 2065/3184/115
f 2062/3186/40 2066/3238/92 2065/3187/117
f 2063/3189/43 2067/3241/138 2065/3190/119
f 2068/3192/46 2071/3242/139 2072/3193/120
f 2069/3195/49 2073/3237/91 2072/3196/121
f 2070/3198/52 2074/3236/90 2072/3199/123
f 2075/3201/55 2078/3227/133 2079/3202/124
f 2076/3204/58 2080/3232/86 2079/3205/125
f 2077/3207/61 2081/3234/88 2079/3208/127
f 2082/3210/64 2085/3235/89 2086/3211/128
f 2083/3213/67 2087/3231/85 2086/3214/130
f 2084/3216/70 2088/3230/136 2086/3217/132
f 2033/3149/1 2039/3151/3 2050/3170/73
f 2039/3151/74 2035/3155/7 2048/3169/22
f 2040/3157/10 2046/3159/12 2038/3219/75
f 2038/3220/9 2046/6502/76 2042/3163/16
f 2054/3174/28 2060/3176/30 2045/3222/77
f 2060/3223/78 2056/3180/34 2042/3163/16
f 2049/3171/25 2052/3173/27 2059/3224/79
f 2052/3225/80 2048/3244/22 2056/3180/34
f 2047/3226/19 2053/6504/107 2078/3227/133
f 2053/3228/134 2049/3171/25 2076/3204/58
f 2082/3210/64 2088/3212/129 2057/3229/135
f 2088/3230/136 2084/3216/70 2055/3177/31
f 2077/3207/61 2080/3209/63 2087/3231/85
f 2080/3232/86 2076/3204/58 2084/3216/70
f 2075/3201/55 2081/3203/57 2064/3233/87
f 2081/3234/88 2077/3207/61 2062/3186/40
f 2068/3192/46 2074/3194/48 2085/3235/89
f 2074/3236/90 2070/3198/52 2083/3213/67
f 2063/3189/43 2066/3191/45 2073/3237/91
f 2066/3238/92 2062/3186/40 2070/3198/52
f 2061/3183/37 2067/3185/116 2036/3239/137
f 2067/3241/138 2063/3189/43 2034/3152/4
f 2041/3160/13 2043/3162/103 2071/3242/139
f 2043/3243/140 2040/3157/10 2069/3195/49
f 2075/3201/55 2061/3183/37 2033/3240/1
f 2042/3163/16 2056/3180/34 2048/3244/22
f 2069/3195/49 2040/3157/10 2034/3152/4
f 2054/3174/28 2041/3160/13 2068/3192/46
f 2055/3177/31 2084/3216/70 2076/3204/58
f 2083/3213/67 2070/3198/52 2062/3186/40
f 2089/3245/1 2092/6505/137 2093/3246/97
f 2090/3248/4 2094/3315/75 2093/3249/98
f 2091/3251/7 2095/3247/74 2093/3246/100
f 2096/3253/10 2099/3340/140 2100/3254/101
f 2097/3256/13 2101/3319/77 2100/3257/141
f 2098/3259/16 2102/3316/76 2100/3260/104
f 2103/3262/19 2106/3266/73 2107/3263/142
f 2104/3265/22 2108/6506/80 2107/3263/108
f 2105/3267/25 2109/3325/134 2107/3268/110
f 2110/3270/28 2113/3326/135 2114/3271/111
f 2111/3273/31 2115/3321/79 2114/3274/112
f 2112/3276/34 2116/3320/78 2114/3277/114
f 2117/3279/37 2120/3330/87 2121/3280/115
f 2118/3282/40 2122/3335/92 2121/3283/117
f 2119/3285/43 2123/3338/138 2121/3286/119
f 2124/3288/46 2127/3339/139 2128/3289/143
f 2125/3291/49 2129/3334/91 2128/3292/121
f 2126/3294/52 2130/3333/90 2128/3295/123
f 2131/3297/55 2134/3324/133 2135/3298/144
f 2132/3300/58 2136/3329/86 2135/3301/125
f 2133/3303/61 2137/3331/88 2135/3304/127
f 2138/3306/64 2141/3332/89 2142/3307/128
f 2139/3309/67 2143/3328/85 2142/3310/130
f 2140/3312/70 2144/3327/136 2142/3313/132
f 2089/3245/1 2095/3247/3 2106/3266/73
f 2095/3247/74 2091/3251/7 2104/3265/22
f 2096/3253/10 2102/3255/12 2094/3315/75
f 2102/3316/76 2098/3259/16 2091/3317/7
f 2110/3270/28 2116/3272/30 2101/3319/77
f 2116/3320/78 2112/3276/34 2098/3259/16
f 2105/3267/25 2108/3269/27 2115/3321/79
f 2108/3322/80 2104/3341/22 2112/3276/34
f 2103/3323/19 2109/6507/107 2134/3324/133
f 2109/3325/134 2105/3267/25 2132/3300/58
f 2138/3306/64 2144/3308/129 2113/3326/135
f 2144/3327/136 2140/3312/70 2111/3273/31
f 2133/3303/61 2136/3305/63 2143/3328/85
f 2136/3329/86 2132/3300/58 2140/3312/70
f 2131/3297/55 2137/3299/57 2120/3330/87
f 2137/3331/88 2133/3303/61 2118/3282/40
f 2124/3288/46 2130/3290/48 2141/3332/89
f 2130/3333/90 2126/3294/52 2139/3309/67
f 2119/3285/43 2122/3287/45 2129/3334/91
f 2122/3335/92 2118/3282/40 2126/3294/52
f 2117/3279/37 2123/3281/116 2092/3336/137
f 2123/3338/138 2119/3285/43 2090/3248/4
f 2097/3256/13 2099/3258/103 2127/3339/139
f 2099/3340/140 2096/3253/10 2125/3291/49
f 2131/3297/55 2117/3279/37 2089/3337/1
f 2098/3259/16 2112/3276/34 2104/3341/22
f 2125/3291/49 2096/3253/10 2090/3248/4
f 2110/3270/28 2097/3256/13 2124/3288/46
f 2111/3273/31 2140/3312/70 2132/3300/58
f 2139/3309/67 2126/3294/52 2118/3282/40
f 2145/3342/1 2148/6508/166 2149/3343/145
f 2146/3345/4 2150/3412/75 2149/3346/5
f 2147/3348/7 2151/3344/172 2149/3343/8
f 2152/3350/10 2155/3436/96 2156/3351/11
f 2153/3353/13 2157/3416/156 2156/3354/102
f 2154/3356/16 2158/3413/326 2156/3357/17
f 2159/3359/19 2162/3363/155 2163/3360/147
f 2160/3362/22 2164/6509/80 2163/3360/23
f 2161/3364/25 2165/3422/82 2163/3365/26
f 2166/3367/28 2169/3423/160 2170/3368/111
f 2167/3370/31 2171/3418/79 2170/3371/32
f 2168/3373/34 2172/3417/157 2170/3374/35
f 2173/3376/37 2176/3426/162 2177/3377/150
f 2174/3379/40 2178/3431/327 2177/3380/41
f 2175/3382/43 2179/3434/94 2177/3383/44
f 2180/3385/46 2183/3435/167 2184/3386/143
f 2181/3388/49 2185/3430/91 2184/3389/50
f 2182/3391/52 2186/3429/165 2184/3392/53
f 2187/3394/55 2190/3421/159 2191/3395/152
f 2188/3397/58 2192/6510/86 2191/3398/59
f 2189/3400/61 2193/3427/163 2191/3401/62
f 2194/3403/64 2197/3428/164 2198/3404/128
f 2195/3406/67 2199/3425/85 2198/3407/68
f 2196/3409/70 2200/3424/84 2198/3410/71
f 2145/3342/1 2151/3344/146 2162/3363/155
f 2162/3363/24 2151/3344/172 2147/3348/7
f 2152/3350/10 2158/3352/12 2150/3412/75
f 2158/3413/326 2154/3356/16 2147/3414/7
f 2166/3367/28 2172/3369/148 2157/3416/156
f 2172/3417/157 2168/3373/34 2154/3356/16
f 2161/3364/25 2164/3366/27 2171/3418/79
f 2164/3419/80 2160/3437/22 2168/3373/34
f 2159/3420/19 2165/6511/107 2190/3421/159
f 2165/3422/82 2161/3364/25 2188/3397/58
f 2194/3403/64 2200/3405/129 2169/3423/160
f 2200/3424/84 2196/3409/70 2167/3370/31
f 2189/3400/61 2192/3402/63 2199/3425/85
f 2199/3411/72 2192/6510/86 2188/3397/58
f 2187/3394/55 2193/3396/153 2176/3426/162
f 2193/3427/163 2189/3400/61 2174/3379/40
f 2180/3385/46 2186/3387/151 2197/3428/164
f 2186/3429/165 2182/3391/52 2195/3406/67
f 2175/3382/43 2178/3384/45 2185/3430/91
f 2178/3431/327 2174/3379/40 2182/3391/52
f 2173/3376/37 2179/3378/116 2148/3432/166
f 2179/3434/94 2175/3382/43 2146/3345/4
f 2153/3353/13 2155/3355/103 2183/3435/167
f 2155/3436/96 2152/3350/10 2181/3388/49
f 2187/3394/55 2173/3376/37 2145/3433/1
f 2154/3356/16 2168/3373/34 2160/3437/22
f 2181/3388/49 2152/3350/10 2146/3345/4
f 2166/3367/28 2153/3353/13 2180/3385/46
f 2167/3370/31 2196/3409/70 2188/3397/58
f 2195/3406/67 2182/3391/52 2174/3379/40
f 2201/3438/1 2204/6512/93 2205/3439/145
f 2202/3441/4 2206/3508/75 2205/3442/5
f 2203/3444/7 2207/3440/172 2205/3439/8
f 2208/3446/10 2211/3532/96 2212/3447/11
f 2209/3449/13 2213/3511/77 2212/3450/168
f 2210/3452/16 2214/6513/76 2212/3453/17
f 2215/3455/19 2218/3459/73 2219/3456/147
f 2216/3458/22 2220/6514/80 2219/3456/23
f 2217/3460/25 2221/3517/82 2219/3461/26
f 2222/3463/28 2225/3518/83 2226/3464/169
f 2223/3466/31 2227/3513/79 2226/3467/32
f 2224/3469/34 2228/3512/157 2226/3470/35
f 2229/3472/37 2232/3522/87 2233/3473/150
f 2230/3475/40 2234/3527/92 2233/3476/41
f 2231/3478/43 2235/3530/94 2233/3479/44
f 2236/3481/46 2239/3531/95 2240/3482/170
f 2237/3484/49 2241/3526/91 2240/3485/50
f 2238/3487/52 2242/3525/165 2240/3488/53
f 2243/3490/55 2246/3516/81 2247/3491/152
f 2244/3493/58 2248/3521/86 2247/3494/59
f 2245/3496/61 2249/3523/163 2247/3497/62
f 2250/3499/64 2253/3524/89 2254/3500/171
f 2251/3502/67 2255/3520/85 2254/3503/68
f 2252/3505/70 2256/3519/84 2254/3506/71
f 2201/3438/1 2207/3440/3 2218/3459/73
f 2207/3440/172 2203/3444/7 2216/3458/22
f 2208/3446/10 2214/3448/12 2206/3508/75
f 2206/3509/9 2214/6513/76 2210/3452/16
f 2222/3463/28 2228/3465/30 2213/3511/77
f 2228/3512/157 2224/3469/34 2210/3452/16
f 2223/3466/31 2217/3460/25 2220/3462/27
f 2220/3514/80 2216/3533/22 2224/3469/34
f 2215/3515/19 2221/6515/21 2246/3516/81
f 2221/3517/82 2217/3460/25 2244/3493/58
f 2250/3499/64 2256/3501/66 2225/3518/83
f 2256/3519/84 2252/3505/70 2223/3466/31
f 2251/3502/67 2245/3496/61 2248/3498/63
f 2248/3521/86 2244/3493/58 2252/3505/70
f 2243/3490/55 2249/3492/57 2232/3522/87
f 2249/3523/163 2245/3496/61 2230/3475/40
f 2236/3481/46 2242/3483/48 2253/3524/89
f 2242/3525/165 2238/3487/52 2251/3502/67
f 2231/3478/43 2234/3480/45 2241/3526/91
f 2234/3527/92 2230/3475/40 2238/3487/52
f 2229/3472/37 2235/3474/39 2204/3528/93
f 2235/3530/94 2231/3478/43 2202/3441/4
f 2209/3449/13 2211/3451/15 2239/3531/95
f 2211/3532/96 2208/3446/10 2237/3484/49
f 2243/3490/55 2229/3472/37 2201/3529/1
f 2210/3452/16 2224/3469/34 2216/3533/22
f 2237/3484/49 2208/3446/10 2202/3441/4
f 2222/3463/28 2209/3449/13 2236/3481/46
f 2223/3466/31 2252/3505/70 2244/3493/58
f 2251/3502/67 2238/3487/52 2230/3475/40
f 2257/3534/1 2260/6516/166 2261/3535/97
f 2258/3537/4 2262/3604/75 2261/3538/5
f 2259/3540/7 2263/3536/172 2261/3535/8
f 2264/3542/10 2267/3629/96 2268/3543/11
f 2265/3545/13 2269/3608/156 2268/3546/168
f 2266/3548/16 2270/3605/76 2268/3549/17
f 2271/3551/19 2274/3555/155 2275/3552/106
f 2272/3554/22 2276/6517/80 2275/3552/23
f 2273/3556/25 2277/3614/82 2275/3557/26
f 2278/3559/28 2281/3615/83 2282/3560/169
f 2279/3562/31 2283/3610/329 2282/3563/32
f 2280/3565/34 2284/3609/157 2282/3566/35
f 2285/3568/37 2288/3619/162 2289/3569/115
f 2286/3571/40 2290/3624/327 2289/3572/41
f 2287/3574/43 2291/3627/94 2289/3575/44
f 2292/3577/46 2295/3628/95 2296/3578/170
f 2293/3580/49 2297/3623/91 2296/3581/50
f 2294/3583/52 2298/3622/165 2296/3584/53
f 2299/3586/55 2302/3613/159 2303/3587/144
f 2300/3589/58 2304/3618/86 2303/3590/59
f 2301/3592/61 2305/3620/163 2303/3593/62
f 2306/3595/64 2309/3621/164 2310/3596/171
f 2307/3598/67 2311/3617/85 2310/3599/68
f 2308/3601/70 2312/3616/84 2310/3602/71
f 2257/3534/1 2263/3536/146 2274/3555/155
f 2263/3536/172 2259/3540/7 2272/3554/22
f 2264/3542/10 2270/3544/12 2262/3604/75
f 2270/3605/76 2266/3548/16 2259/3606/7
f 2278/3559/28 2284/3561/148 2269/3608/156
f 2284/3609/157 2280/3565/34 2266/3548/16
f 2273/3556/25 2276/3558/27 2283/3610/329
f 2276/3611/80 2272/3630/22 2280/3565/34
f 2271/3612/19 2277/6518/107 2302/3613/159
f 2277/3614/82 2273/3556/25 2300/3589/58
f 2306/3595/64 2312/3597/66 2281/3615/83
f 2312/3616/84 2308/3601/70 2279/3562/31
f 2301/3592/61 2304/3594/63 2311/3617/85
f 2304/3618/86 2300/3589/58 2308/3601/70
f 2299/3586/55 2305/3588/153 2288/3619/162
f 2305/3620/163 2301/3592/61 2286/3571/40
f 2292/3577/46 2298/3579/151 2309/3621/164
f 2298/3622/165 2294/3583/52 2307/3598/67
f 2293/3580/49 2287/3574/43 2290/3576/45
f 2290/3624/327 2286/3571/40 2294/3583/52
f 2285/3568/37 2291/3570/116 2260/3625/166
f 2291/3627/94 2287/3574/43 2258/3537/4
f 2265/3545/13 2267/3547/15 2295/3628/95
f 2267/3629/96 2264/3542/10 2293/3580/49
f 2299/3586/55 2285/3568/37 2257/3626/1
f 2259/3606/7 2266/3548/16 2280/3565/34
f 2293/3580/49 2264/3542/10 2258/3537/4
f 2278/3559/28 2265/3545/13 2292/3577/46
f 2279/3562/31 2308/3601/70 2300/3589/58
f 2307/3598/67 2294/3583/52 2286/3571/40
f 2313/3631/1 2316/6519/93 2317/3632/145
f 2314/3634/4 2318/3701/75 2317/3635/5
f 2315/3637/7 2319/3633/172 2317/3632/8
f 2320/3639/10 2323/3726/96 2324/3640/11
f 2321/3642/13 2325/3705/156 2324/3643/14
f 2322/3645/16 2326/3702/76 2324/3646/17
f 2327/3648/19 2330/3652/73 2331/3649/147
f 2328/3651/22 2332/6520/80 2331/3649/23
f 2329/3653/25 2333/3711/82 2331/3654/26
f 2334/3656/28 2337/3712/175 2338/3657/29
f 2335/3659/31 2339/3707/79 2338/3660/32
f 2336/3662/34 2340/3706/157 2338/3663/35
f 2341/3665/37 2344/3716/87 2345/3666/150
f 2342/3668/40 2346/3721/92 2345/3669/41
f 2343/3671/43 2347/3724/94 2345/3672/44
f 2348/3674/46 2351/3725/176 2352/3675/47
f 2349/3677/49 2353/3720/91 2352/3678/50
f 2350/3680/52 2354/3719/165 2352/3681/53
f 2355/3683/55 2358/3710/81 2359/3684/152
f 2356/3686/58 2360/3715/86 2359/3687/59
f 2357/3689/61 2361/3717/163 2359/3690/62
f 2362/3692/64 2365/3718/164 2366/3693/65
f 2363/3695/67 2367/3714/85 2366/3696/68
f 2364/3698/70 2368/3713/84 2366/3699/71
f 2313/3631/1 2319/3633/3 2330/3652/73
f 2319/3633/172 2315/3637/7 2328/3651/22
f 2320/3639/10 2326/3641/12 2318/3701/75
f 2326/3702/76 2322/3645/16 2315/3703/7
f 2334/3656/28 2340/3658/148 2325/3705/156
f 2340/3706/157 2336/3662/34 2322/3645/16
f 2329/3653/25 2332/3655/27 2339/3707/79
f 2332/3708/80 2328/3727/22 2336/3662/34
f 2327/3709/19 2333/6521/21 2358/3710/81
f 2333/3711/82 2329/3653/25 2356/3686/58
f 2362/3692/64 2368/3694/129 2337/3712/175
f 2368/3713/84 2364/3698/70 2335/3659/31
f 2357/3689/61 2360/3691/63 2367/3714/85
f 2360/3715/86 2356/3686/58 2364/3698/70
f 2355/3683/55 2361/3685/57 2344/3716/87
f 2361/3717/163 2357/3689/61 2342/3668/40
f 2348/3674/46 2354/3676/151 2365/3718/164
f 2354/3719/165 2350/3680/52 2363/3695/67
f 2343/3671/43 2346/3673/45 2353/3720/91
f 2346/3721/92 2342/3668/40 2350/3680/52
f 2341/3665/37 2347/3667/39 2316/3722/93
f 2347/3724/94 2343/3671/43 2314/3634/4
f 2321/3642/13 2323/3644/103 2351/3725/176
f 2323/3726/96 2320/3639/10 2349/3677/49
f 2355/3683/55 2341/3665/37 2313/3723/1
f 2322/3645/16 2336/3662/34 2328/3727/22
f 2349/3677/49 2320/3639/10 2314/3634/4
f 2334/3656/28 2321/3642/13 2348/3674/46
f 2335/3659/31 2364/3698/70 2356/3686/58
f 2363/3695/67 2350/3680/52 2342/3668/40
f 2369/3728/1 2372/6522/93 2373/3729/145
f 2370/3731/4 2374/3798/75 2373/3732/5
f 2371/3734/7 2375/3730/74 2373/3729/100
f 2376/3736/10 2379/3823/96 2380/3737/11
f 2377/3739/13 2381/3802/77 2380/3740/168
f 2378/3742/16 2382/3799/76 2380/3743/17
f 2383/3745/19 2386/3749/73 2387/3746/147
f 2384/3748/22 2388/6523/80 2387/3746/108
f 2385/3750/25 2389/3808/82 2387/3751/26
f 2390/3753/28 2393/3809/83 2394/3754/169
f 2391/3756/31 2395/3804/79 2394/3757/32
f 2392/3759/34 2396/3803/157 2394/3760/35
f 2397/3762/37 2400/3813/87 2401/3763/150
f 2398/3765/40 2402/3818/92 2401/3766/117
f 2399/3768/43 2403/3821/94 2401/3769/44
f 2404/3771/46 2407/3822/95 2408/3772/170
f 2405/3774/49 2409/3817/91 2408/3775/50
f 2406/3777/52 2410/3816/165 2408/3778/53
f 2411/3780/55 2414/3807/81 2415/3781/152
f 2412/3783/58 2416/3812/86 2415/3784/59
f 2413/3786/61 2417/3814/88 2415/3787/127
f 2418/3789/64 2421/3815/89 2422/3790/171
f 2419/3792/67 2423/3811/85 2422/3793/68
f 2420/3795/70 2424/3810/84 2422/3796/71
f 2369/3728/1 2375/3730/3 2386/3749/73
f 2375/3730/74 2371/3734/7 2384/3748/22
f 2376/3736/10 2382/3738/12 2374/3798/75
f 2382/3799/76 2378/3742/16 2371/3800/7
f 2390/3753/28 2396/3755/30 2381/3802/77
f 2396/3803/157 2392/3759/34 2378/3742/16
f 2385/3750/25 2388/3752/27 2395/3804/79
f 2388/3805/80 2384/3824/22 2392/3759/34
f 2383/3806/19 2389/6524/21 2414/3807/81
f 2389/3808/82 2385/3750/25 2412/3783/58
f 2418/3789/64 2424/3791/66 2393/3809/83
f 2424/3810/84 2420/3795/70 2391/3756/31
f 2413/3786/61 2416/3788/63 2423/3811/85
f 2416/3812/86 2412/3783/58 2420/3795/70
f 2411/3780/55 2417/3782/57 2400/3813/87
f 2417/3814/88 2413/3786/61 2398/3765/40
f 2404/3771/46 2410/3773/48 2421/3815/89
f 2410/3816/165 2406/3777/52 2419/3792/67
f 2399/3768/43 2402/3770/45 2409/3817/91
f 2402/3818/92 2398/3765/40 2406/3777/52
f 2397/3762/37 2403/3764/39 2372/3819/93
f 2403/3821/94 2399/3768/43 2370/3731/4
f 2377/3739/13 2379/3741/15 2407/3822/95
f 2379/3823/96 2376/3736/10 2405/3774/49
f 2411/3780/55 2397/3762/37 2369/3820/1
f 2378/3742/16 2392/3759/34 2384/3824/22
f 2405/3774/49 2376/3736/10 2370/3731/4
f 2390/3753/28 2377/3739/13 2404/3771/46
f 2391/3756/31 2420/3795/70 2412/3783/58
f 2419/3792/67 2406/3777/52 2398/3765/40
f 2425/3825/330 2426/6525/330 2427/3826/330
f 2429/3828/178 2430/6526/178 2426/3829/178
f 2433/3831/331 2434/3837/334 2430/3832/332
f 2430/3834/188 2431/6527/188 2427/3835/188
f 2434/3837/334 2435/3842/336 2431/3838/335
f 2431/3839/185 2432/6528/185 2428/3840/185
f 2435/3842/336 2436/3847/338 2432/3843/337
f 2432/3844/182 2429/6529/182 2425/3845/182
f 2436/3847/338 2433/3831/331 2429/3833/333
f 2436/3847/338 2435/3842/336 2434/3837/334
f 2440/3848/190 2442/3852/339 2441/3849/191
f 2440/3848/190 2444/3986/193 2445/3851/198
f 2443/3853/195 2445/3857/198 2444/3854/193
f 2447/3856/197 2448/6530/201 2445/3857/198
f 2446/3858/199 2448/3862/201 2447/3859/197
f 2441/3861/191 2442/3863/339 2448/3862/201
f 2452/3865/202 2454/3869/206 2453/3866/203
f 2456/3868/205 2457/6531/210 2454/3869/206
f 2455/3870/207 2457/6532/210 2456/3871/205
f 2455/3873/207 2459/3877/212 2460/3874/209
f 2458/3876/211 2460/3874/209 2459/3877/212
f 2458/3876/211 2453/6533/203 2454/3879/206
f 2464/3880/214 2466/3884/296 2465/3881/215
f 2464/3880/214 2468/3886/220 2469/3883/217
f 2467/3885/219 2469/3883/217 2468/3886/220
f 2467/3888/219 2471/3892/224 2472/3889/222
f 2470/3891/223 2472/3889/222 2471/3892/224
f 2470/3891/223 2465/3982/215 2466/3894/296
f 2476/3896/226 2478/6534/230 2477/3897/227
f 2480/3899/229 2481/6535/234 2478/3900/230
f 2479/3902/231 2481/6535/234 2480/3899/229
f 2483/3904/233 2484/3910/237 2481/3905/234
f 2482/3907/235 2484/3910/237 2483/3904/233
f 2477/3909/227 2478/3911/230 2484/3910/237
f 2488/3912/238 2490/3916/242 2489/3913/239
f 2492/3915/241 2493/3927/246 2490/3916/242
f 2491/3917/243 2493/3921/246 2492/3918/241
f 2495/3920/245 2496/6536/249 2493/3921/246
f 2494/3922/247 2496/6537/249 2495/3923/245
f 2494/3925/247 2489/3913/239 2490/3916/242
f 2500/3928/250 2502/3932/254 2501/3929/251
f 2500/3928/250 2504/6538/256 2505/3931/253
f 2503/3933/255 2505/3937/253 2504/3934/256
f 2503/3933/255 2507/3985/260 2508/3936/258
f 2506/3938/259 2508/6539/258 2507/3939/260
f 2506/3941/259 2501/3929/251 2502/3932/254
f 2512/3943/262 2514/6540/293 2513/3944/263
f 2516/3946/268 2517/6541/340 2514/3947/293
f 2515/3949/267 2517/6541/340 2516/3946/268
f 2515/3951/267 2519/3955/272 2520/3952/270
f 2518/3954/271 2520/3952/270 2519/3955/272
f 2513/3944/263 2514/6540/293 2520/3957/270
f 2524/3960/274 2526/3964/278 2525/3961/275
f 2528/3963/277 2529/3975/282 2526/3964/278
f 2527/3965/279 2529/6542/282 2528/3966/277
f 2531/3968/281 2532/6543/285 2529/3969/282
f 2530/3971/283 2532/6543/285 2531/3968/281
f 2530/3973/283 2525/3961/275 2526/3964/278
f 2437/3976/192 2441/3861/191 2464/3880/214
f 2441/3861/191 2446/3858/199 2468/3886/220
f 2468/3886/220 2446/3858/199 2439/3860/200
f 2449/3867/204 2453/3866/203 2443/3853/195
f 2453/3866/203 2458/6544/211 2447/3856/197
f 2458/3876/211 2451/3878/213 2439/3977/200
f 2473/3898/228 2477/3897/227 2455/3870/207
f 2477/3909/227 2482/3907/235 2459/3877/212
f 2482/3907/235 2475/3908/236 2451/3878/213
f 2463/3893/225 2471/3892/224 2479/3902/231
f 2479/3902/231 2471/3892/224 2467/3888/219
f 2467/3980/219 2462/3989/221 2475/3908/236
f 2509/3945/264 2461/3988/216 2465/3981/215
f 2465/3982/215 2470/3891/223 2516/3946/268
f 2470/3891/223 2463/3893/225 2510/3950/269
f 2521/3962/276 2525/3961/275 2476/3896/226
f 2525/3983/275 2530/3971/283 2480/3899/229
f 2530/3971/283 2523/3972/284 2474/3903/232
f 2511/3956/273 2519/3955/272 2527/3965/279
f 2519/3984/272 2515/3949/267 2531/3968/281
f 2515/3949/267 2510/3950/269 2523/3972/284
f 2509/3945/264 2513/3944/263 2488/3912/238
f 2488/3912/238 2513/3944/263 2518/3958/271
f 2492/3918/241 2518/3954/271 2511/3956/273
f 2497/3930/252 2501/3929/251 2524/3960/274
f 2524/3960/274 2501/3929/251 2506/3941/259
f 2528/3966/277 2506/3938/259 2499/3940/261
f 2498/3935/257 2487/3924/248 2495/3923/245
f 2495/3923/245 2491/6545/243 2507/3985/260
f 2491/3917/243 2486/3919/244 2499/3940/261
f 2485/3914/240 2489/3913/239 2440/3848/190
f 2489/3913/239 2494/3925/247 2444/3986/193
f 2494/3922/247 2487/3924/248 2438/3855/196
f 2497/3930/252 2450/3872/208 2456/3871/205
f 2456/3868/205 2452/3865/202 2504/3934/256
f 2452/3865/202 2449/3867/204 2498/3935/257
f 2509/3945/264 2485/3914/240 2437/3850/192
f 2451/3878/213 2475/3908/236 2462/3989/221
f 2498/3935/257 2449/3867/204 2438/3855/196
f 2473/3898/228 2450/3872/208 2497/3930/252
f 2474/3903/232 2523/3972/284 2510/3950/269
f 2511/3956/273 2522/3967/280 2499/3940/261
f 2536/3990/190 2538/3994/339 2537/3991/191
f 2536/3990/190 2540/4130/193 2541/3993/198
f 2539/3995/195 2541/3999/198 2540/3996/193
f 2543/3998/197 2544/6546/201 2541/3999/198
f 2542/4000/199 2544/4004/201 2543/4001/197
f 2542/4000/199 2537/4120/191 2538/4003/339
f 2548/4006/202 2550/4010/206 2549/4007/203
f 2548/4006/202 2552/4131/205 2553/4009/287
f 2551/4011/207 2553/6547/287 2552/4012/205
f 2555/4014/212 2556/4020/209 2553/4015/287
f 2554/4017/211 2556/4020/209 2555/4014/212
f 2554/4017/211 2549/6548/203 2550/4019/206
f 2560/4021/214 2562/4025/307 2561/4022/215
f 2564/4024/220 2565/4035/217 2562/4025/307
f 2563/4026/219 2565/4035/217 2564/4024/220
f 2563/4028/219 2567/4032/224 2568/4029/222
f 2566/4031/223 2568/4029/222 2567/4032/224
f 2561/4034/215 2562/6549/307 2568/4029/222
f 2572/4037/226 2574/6550/289 2573/4038/227
f 2576/4040/229 2577/6551/234 2574/4041/289
f 2575/4043/231 2577/6551/234 2576/4040/229
f 2579/4045/233 2580/4051/237 2577/4046/234
f 2578/4048/235 2580/4051/237 2579/4045/233
f 2578/4048/235 2573/4123/227 2574/4050/289
f 2584/4052/238 2586/4056/290 2585/4053/239
f 2588/4055/241 2589/4067/246 2586/4056/290
f 2587/4057/243 2589/4061/246 2588/4058/241
f 2591/4060/245 2592/6552/291 2589/4061/246
f 2590/4062/247 2592/6553/291 2591/4063/245
f 2585/4053/239 2586/4056/290 2592/4065/291
f 2596/4068/250 2598/4072/254 2597/4069/251
f 2600/4071/256 2601/4083/253 2598/4072/254
f 2599/4073/255 2601/4077/253 2600/4074/256
f 2599/4073/255 2603/4129/260 2604/4076/341
f 2602/4078/259 2604/6554/341 2603/4079/260
f 2602/4081/259 2597/4069/251 2598/4072/254
f 2608/4084/262 2610/6555/266 2609/4085/263
f 2608/4087/262 2612/4091/268 2613/4088/265
f 2611/4090/267 2613/4088/265 2612/4091/268
f 2615/4093/272 2616/4101/270 2613/4094/265
f 2614/4096/271 2616/4101/270 2615/4093/272
f 2609/4085/263 2610/6555/266 2616/4098/270
f 2620/4102/274 2622/4106/294 2621/4103/275
f 2624/4105/277 2625/4118/282 2622/4106/294
f 2623/4107/279 2625/6556/282 2624/4108/277
f 2623/4110/279 2627/4114/281 2628/4111/285
f 2626/4113/283 2628/4111/285 2627/4114/281
f 2621/4103/275 2622/4106/294 2628/4116/285
f 2533/4119/192 2537/4120/191 2560/4021/214
f 2537/4120/191 2542/4000/199 2564/4024/220
f 2564/4024/220 2542/4000/199 2535/4002/200
f 2545/4008/204 2549/4007/203 2539/3995/195
f 2549/4007/203 2554/6557/211 2543/3998/197
f 2554/4017/211 2547/4018/213 2535/4121/200
f 2569/4039/228 2573/4038/227 2551/4011/207
f 2573/4123/227 2578/4048/235 2555/4014/212
f 2578/4048/235 2571/4049/236 2547/4018/213
f 2559/4033/225 2567/4032/224 2575/4043/231
f 2567/4032/224 2563/4028/219 2579/4124/233
f 2579/4045/233 2563/6558/219 2558/4125/221
f 2557/4126/216 2561/6559/215 2608/4084/262
f 2561/4034/215 2566/4031/223 2612/4091/268
f 2566/4031/223 2559/4033/225 2606/4092/269
f 2617/4104/276 2621/4103/275 2572/4037/226
f 2621/4127/275 2626/4113/283 2576/4040/229
f 2626/4113/283 2619/4115/284 2570/4044/232
f 2607/4097/273 2615/4093/272 2623/4107/279
f 2615/4128/272 2611/4090/267 2627/4114/281
f 2611/4090/267 2606/4092/269 2619/4115/284
f 2605/4086/264 2609/4085/263 2584/4052/238
f 2584/4052/238 2609/4085/263 2614/4099/271
f 2588/4058/241 2614/4096/271 2607/4097/273
f 2593/4070/252 2597/4069/251 2620/4102/274
f 2620/4102/274 2597/4069/251 2602/4081/259
f 2624/4108/277 2602/4078/259 2595/4080/261
f 2594/4075/257 2583/4064/248 2591/4063/245
f 2591/4063/245 2587/6560/243 2603/4129/260
f 2587/4057/243 2582/4059/244 2595/4080/261
f 2581/4054/240 2585/4053/239 2536/3990/190
f 2585/4053/239 2590/4066/247 2540/4130/193
f 2590/4062/247 2583/4064/248 2534/3997/196
f 2546/4013/208 2552/4012/205 2596/4068/250
f 2552/4131/205 2548/4006/202 2600/4074/256
f 2548/4006/202 2545/4008/204 2594/4075/257
f 2605/4086/264 2581/4054/240 2533/3992/192
f 2547/4018/213 2571/4049/236 2558/4125/221
f 2594/4075/257 2545/4008/204 2534/3997/196
f 2569/4039/228 2546/4013/208 2593/4070/252
f 2570/4044/232 2619/4115/284 2606/4092/269
f 2618/4109/280 2595/4080/261 2582/4059/244
f 2632/4133/190 2634/4137/302 2633/4134/191
f 2636/4136/193 2637/6561/198 2634/4137/302
f 2635/4138/195 2637/4142/198 2636/4139/193
f 2635/4138/195 2639/4262/197 2640/4141/201
f 2638/4143/199 2640/4147/201 2639/4144/197
f 2633/4146/191 2634/4148/302 2640/4147/201
f 2644/4150/202 2646/4154/295 2645/4151/203
f 2648/4153/205 2649/6562/210 2646/4154/295
f 2647/4155/207 2649/6563/210 2648/4156/205
f 2651/4158/212 2652/4164/209 2649/4159/210
f 2650/4161/211 2652/4164/209 2651/4158/212
f 2645/4163/203 2646/4165/295 2652/4164/209
f 2656/4166/214 2658/4170/218 2657/4167/215
f 2656/4166/214 2660/4172/220 2661/4169/217
f 2659/4171/219 2661/4169/217 2660/4172/220
f 2659/4174/219 2663/4178/224 2664/4175/222
f 2662/4177/223 2664/4175/222 2663/4178/224
f 2657/4180/215 2658/6564/218 2664/4175/222
f 2668/4182/226 2670/6565/289 2669/4183/227
f 2668/4185/226 2672/4189/229 2673/4186/297
f 2671/4188/231 2673/4186/297 2672/4189/229
f 2671/4191/231 2675/4195/233 2676/4192/237
f 2674/4194/235 2676/4192/237 2675/4195/233
f 2674/4194/235 2669/4265/227 2670/4197/289
f 2680/4198/238 2682/4202/298 2681/4199/239
f 2680/4198/238 2684/4270/241 2685/4201/246
f 2683/4203/243 2685/4207/246 2684/4204/241
f 2683/4203/243 2687/6566/245 2688/4206/291
f 2686/4208/247 2688/6567/291 2687/4209/245
f 2681/4199/239 2682/4202/298 2688/4211/291
f 2692/4213/250 2694/4217/254 2693/4214/251
f 2692/4213/250 2696/6568/256 2697/4216/253
f 2695/4218/255 2697/4222/253 2696/4219/256
f 2695/4218/255 2699/4272/260 2700/4221/258
f 2698/4223/259 2700/6569/258 2699/4224/260
f 2698/4226/259 2693/4214/251 2694/4217/254
f 2704/4228/262 2706/6570/266 2705/4229/263
f 2704/4231/262 2708/4235/268 2709/4232/265
f 2707/4234/267 2709/4232/265 2708/4235/268
f 2711/4237/272 2712/4245/270 2709/4238/265
f 2710/4240/271 2712/4245/270 2711/4237/272
f 2705/4229/263 2706/6570/266 2712/4242/270
f 2716/4246/274 2718/4250/278 2717/4247/275
f 2716/4246/274 2720/4271/277 2721/4249/282
f 2719/4251/279 2721/6571/282 2720/4252/277
f 2723/4254/281 2724/6572/285 2721/4255/282
f 2722/4257/283 2724/6572/285 2723/4254/281
f 2722/4259/283 2717/4247/275 2718/4250/278
f 2629/4261/192 2633/4146/191 2656/4166/214
f 2633/4146/191 2638/4143/199 2660/4172/220
f 2660/4172/220 2638/4143/199 2631/4145/200
f 2630/4140/196 2641/4152/204 2645/4151/203
f 2645/4151/203 2650/6573/211 2639/4262/197
f 2650/4161/211 2643/4162/213 2631/4263/200
f 2665/4184/228 2669/4183/227 2647/4155/207
f 2669/4265/227 2674/4194/235 2651/4158/212
f 2674/4194/235 2667/4196/236 2643/4162/213
f 2655/4179/225 2663/4178/224 2671/4188/231
f 2663/4178/224 2659/4174/219 2675/4266/233
f 2675/4195/233 2659/6574/219 2654/4267/221
f 2653/4268/216 2657/6575/215 2704/4228/262
f 2657/4180/215 2662/4177/223 2708/4235/268
f 2662/4177/223 2655/4179/225 2702/4236/269
f 2665/4184/228 2713/4248/276 2717/4247/275
f 2668/4185/226 2717/6576/275 2722/4257/283
f 2722/4257/283 2715/4258/284 2666/4190/232
f 2703/4241/273 2711/4237/272 2719/4251/279
f 2711/4269/272 2707/4234/267 2723/4254/281
f 2707/4234/267 2702/4236/269 2715/4258/284
f 2701/4230/264 2705/4229/263 2680/4198/238
f 2705/4229/263 2710/4243/271 2684/4270/241
f 2684/4204/241 2710/4240/271 2703/4241/273
f 2689/4215/252 2693/4214/251 2716/4246/274
f 2693/4214/251 2698/4226/259 2720/4271/277
f 2720/4252/277 2698/4223/259 2691/4225/261
f 2679/4210/248 2687/4209/245 2695/4218/255
f 2687/4209/245 2683/6577/243 2699/4272/260
f 2683/4203/243 2678/4205/244 2691/4225/261
f 2677/4200/240 2681/4199/239 2632/4133/190
f 2681/4199/239 2686/4212/247 2636/4136/193
f 2636/4139/193 2686/4208/247 2679/4210/248
f 2642/4157/208 2648/4156/205 2692/4213/250
f 2648/4153/205 2644/4150/202 2696/4219/256
f 2644/4150/202 2641/4152/204 2690/4220/257
f 2701/4230/264 2677/4200/240 2629/4135/192
f 2643/4162/213 2667/4196/236 2654/4267/221
f 2690/4220/257 2641/4152/204 2630/4140/196
f 2665/4184/228 2642/4157/208 2689/4215/252
f 2666/4190/232 2715/4258/284 2702/4236/269
f 2714/4253/280 2691/4225/261 2678/4205/244
f 2728/4274/190 2730/4278/339 2729/4275/191
f 2728/4274/190 2732/4415/193 2733/4277/198
f 2731/4279/195 2733/4283/198 2732/4280/193
f 2735/4282/197 2736/6578/201 2733/4283/198
f 2734/4284/199 2736/4288/201 2735/4285/197
f 2734/4284/199 2729/4403/191 2730/4287/339
f 2740/4290/202 2742/4294/206 2741/4291/203
f 2744/4293/205 2745/6579/321 2742/4294/206
f 2743/4295/207 2745/6580/321 2744/4296/205
f 2747/4298/212 2748/4304/209 2745/4299/321
f 2746/4301/211 2748/4304/209 2747/4298/212
f 2746/4301/211 2741/6581/203 2742/4303/206
f 2752/4305/214 2754/4309/218 2753/4306/215
f 2756/4308/220 2757/4319/217 2754/4309/218
f 2755/4310/219 2757/4319/217 2756/4308/220
f 2755/4312/219 2759/4316/224 2760/4313/288
f 2758/4315/223 2760/4313/288 2759/4316/224
f 2758/4315/223 2753/6582/215 2754/4318/218
f 2764/4321/226 2766/6583/230 2765/4322/227
f 2768/4324/229 2769/6584/234 2766/4325/230
f 2767/4327/231 2769/6584/234 2768/4324/229
f 2771/4329/233 2772/4335/237 2769/4330/234
f 2770/4332/235 2772/4335/237 2771/4329/233
f 2770/4332/235 2765/4406/227 2766/4334/230
f 2776/4336/238 2778/4340/298 2777/4337/239
f 2780/4339/241 2781/4351/246 2778/4340/298
f 2779/4341/243 2781/4345/246 2780/4342/241
f 2783/4344/245 2784/6585/291 2781/4345/246
f 2782/4346/247 2784/6586/291 2783/4347/245
f 2782/4349/247 2777/4337/239 2778/4340/298
f 2788/4352/250 2790/4356/300 2789/4353/251
f 2792/4355/256 2793/4367/253 2790/4356/300
f 2791/4357/255 2793/4361/253 2792/4358/256
f 2791/4357/255 2795/4414/260 2796/4360/258
f 2794/4362/259 2796/6587/258 2795/4363/260
f 2789/4353/251 2790/4356/300 2796/4365/258
f 2800/4368/262 2802/4384/305 2801/4369/263
f 2800/4371/262 2804/4375/268 2805/4372/265
f 2803/4374/267 2805/4372/265 2804/4375/268
f 2803/4377/267 2807/4381/272 2808/4378/270
f 2806/4380/271 2808/4378/270 2807/4381/272
f 2806/4383/271 2801/4369/263 2802/4384/305
f 2812/4387/274 2814/4391/278 2813/4388/275
f 2812/4387/274 2816/4412/277 2817/4390/282
f 2815/4392/279 2817/6588/282 2816/4393/277
f 2819/4395/281 2820/6589/285 2817/4396/282
f 2818/4398/283 2820/6589/285 2819/4395/281
f 2818/4400/283 2813/4388/275 2814/4391/278
f 2725/4402/192 2729/4403/191 2752/4305/214
f 2729/4403/191 2734/4284/199 2756/4308/220
f 2756/4308/220 2734/4284/199 2727/4286/200
f 2737/4292/204 2741/4291/203 2731/4279/195
f 2741/4291/203 2746/6590/211 2735/4282/197
f 2735/4404/197 2746/4301/211 2739/4302/213
f 2761/4323/228 2765/4322/227 2743/4295/207
f 2765/4406/227 2770/4332/235 2747/4298/212
f 2770/4332/235 2763/4333/236 2739/4302/213
f 2751/4317/225 2759/4316/224 2767/4327/231
f 2759/4316/224 2755/4312/219 2771/4407/233
f 2771/4329/233 2755/6591/219 2750/4408/221
f 2797/4370/264 2749/4417/216 2753/4409/215
f 2800/4371/262 2753/6582/215 2758/4315/223
f 2804/4375/268 2758/4315/223 2751/4317/225
f 2761/4323/228 2809/4389/276 2813/4388/275
f 2813/4410/275 2818/4398/283 2768/4324/229
f 2818/4398/283 2811/4399/284 2762/4328/232
f 2799/4382/273 2807/4381/272 2815/4392/279
f 2807/4411/272 2803/4374/267 2819/4395/281
f 2803/4374/267 2798/4376/269 2811/4399/284
f 2797/4370/264 2801/4369/263 2776/4336/238
f 2801/4369/263 2806/4383/271 2780/4339/241
f 2780/4342/241 2806/4380/271 2799/4382/273
f 2785/4354/252 2789/4353/251 2812/4387/274
f 2789/4353/251 2794/4366/259 2816/4412/277
f 2816/4393/277 2794/4362/259 2787/4364/261
f 2775/4348/248 2783/4347/245 2791/4357/255
f 2791/4357/255 2783/4347/245 2779/4413/243
f 2795/4363/260 2779/4341/243 2774/4343/244
f 2773/4338/240 2777/4337/239 2728/4274/190
f 2728/4274/190 2777/4337/239 2782/4349/247
f 2732/4280/193 2782/4346/247 2775/4348/248
f 2738/4297/208 2744/4296/205 2788/4352/250
f 2744/4293/205 2740/4290/202 2792/4358/256
f 2740/4290/202 2737/4292/204 2786/4359/257
f 2797/4370/264 2773/4338/240 2725/4276/192
f 2739/4302/213 2763/4333/236 2750/4408/221
f 2786/4359/257 2737/4292/204 2726/4281/196
f 2761/4323/228 2738/4297/208 2785/4354/252
f 2762/4328/232 2811/4399/284 2798/4376/269
f 2810/4394/280 2787/4364/261 2774/4343/244
f 2821/4418/330 2822/6592/330 2823/4419/330
f 2825/4421/178 2826/6593/178 2822/4422/178
f 2829/4424/331 2830/4430/334 2826/4425/332
f 2826/4427/188 2827/6594/188 2823/4428/188
f 2830/4430/334 2831/4435/336 2827/4431/335
f 2827/4432/185 2828/6595/185 2824/4433/185
f 2831/4435/336 2832/4440/338 2828/4436/337
f 2828/4437/182 2825/6596/182 2821/4438/182
f 2832/4440/338 2829/4424/331 2825/4426/333
f 2832/4440/338 2831/4435/336 2830/4430/334
f 2836/4441/190 2838/4445/194 2837/4442/191
f 2836/4441/190 2840/4583/193 2841/4444/198
f 2839/4446/195 2841/4450/198 2840/4447/193
f 2839/4446/195 2843/4571/197 2844/4449/201
f 2842/4451/199 2844/4455/201 2843/4452/197
f 2837/4454/191 2838/4456/194 2844/4455/201
f 2848/4458/202 2850/4462/295 2849/4459/203
f 2852/4461/205 2853/6597/210 2850/4462/295
f 2851/4463/207 2853/6598/210 2852/4464/205
f 2855/4466/212 2856/4472/209 2853/4467/210
f 2854/4469/211 2856/4472/209 2855/4466/212
f 2849/4471/203 2850/4473/295 2856/4472/209
f 2860/4474/214 2862/4478/296 2861/4475/215
f 2864/4477/220 2865/4488/217 2862/4478/296
f 2863/4479/219 2865/4488/217 2864/4477/220
f 2867/4481/224 2868/4487/304 2865/4482/217
f 2866/4484/223 2868/4487/304 2867/4481/224
f 2866/4484/223 2861/4578/215 2862/4486/296
f 2872/4490/226 2874/6599/289 2873/4491/227
f 2872/4493/226 2876/4497/229 2877/4494/297
f 2875/4496/231 2877/4494/297 2876/4497/229
f 2875/4499/231 2879/4503/233 2880/4500/237
f 2878/4502/235 2880/4500/237 2879/4503/233
f 2878/4502/235 2873/4574/227 2874/4505/289
f 2884/4506/238 2886/4510/298 2885/4507/239
f 2884/4506/238 2888/4581/241 2889/4509/246
f 2887/4511/243 2889/4515/246 2888/4512/241
f 2887/4511/243 2891/6600/245 2892/4514/291
f 2890/4516/247 2892/6601/291 2891/4517/245
f 2885/4507/239 2886/4510/298 2892/4519/291
f 2896/4521/250 2898/4525/300 2897/4522/251
f 2900/4524/256 2901/4536/292 2898/4525/300
f 2899/4526/255 2901/4530/292 2900/4527/256
f 2903/4529/260 2904/6602/258 2901/4530/292
f 2902/4531/259 2904/6603/258 2903/4532/260
f 2897/4522/251 2898/4525/300 2904/4534/258
f 2908/4537/262 2910/6604/266 2909/4538/263
f 2912/4540/268 2913/6605/265 2910/4541/266
f 2911/4543/267 2913/6605/265 2912/4540/268
f 2915/4545/272 2916/4553/270 2913/4546/265
f 2914/4548/271 2916/4553/270 2915/4545/272
f 2909/4538/263 2910/6604/266 2916/4550/270
f 2920/4554/274 2922/4558/278 2921/4555/275
f 2920/4554/274 2924/4582/277 2925/4557/282
f 2923/4559/279 2925/6606/282 2924/4560/277
f 2923/4562/279 2927/4566/281 2928/4563/306
f 2926/4565/283 2928/4563/306 2927/4566/281
f 2921/4555/275 2922/4558/278 2928/4568/306
f 2833/4570/192 2837/4454/191 2860/4474/214
f 2860/4474/214 2837/4454/191 2842/4451/199
f 2864/4477/220 2842/4451/199 2835/4453/200
f 2845/4460/204 2849/4459/203 2839/4446/195
f 2849/4459/203 2854/6607/211 2843/4571/197
f 2854/4469/211 2847/4470/213 2835/4572/200
f 2869/4492/228 2873/4491/227 2851/4463/207
f 2873/4574/227 2878/4502/235 2855/4466/212
f 2878/4502/235 2871/4504/236 2847/4470/213
f 2859/4485/225 2867/4481/224 2875/4496/231
f 2867/4481/224 2863/4483/219 2879/4575/233
f 2863/4576/219 2858/4585/221 2871/4504/236
f 2857/4577/216 2861/6608/215 2908/4537/262
f 2861/4578/215 2866/4484/223 2912/4540/268
f 2866/4484/223 2859/4485/225 2906/4544/269
f 2869/4492/228 2917/4556/276 2921/4555/275
f 2921/4579/275 2926/4565/283 2876/4497/229
f 2926/4565/283 2919/4567/284 2870/4498/232
f 2907/4549/273 2915/4545/272 2923/4559/279
f 2915/4580/272 2911/4543/267 2927/4566/281
f 2911/4543/267 2906/4544/269 2919/4567/284
f 2905/4539/264 2909/4538/263 2884/4506/238
f 2909/4538/263 2914/4551/271 2888/4581/241
f 2888/4512/241 2914/4548/271 2907/4549/273
f 2893/4523/252 2897/4522/251 2920/4554/274
f 2897/4522/251 2902/4535/259 2924/4582/277
f 2924/4560/277 2902/4531/259 2895/4533/261
f 2883/4518/248 2891/4517/245 2899/4526/255
f 2891/4517/245 2887/6609/243 2903/4529/260
f 2903/4532/260 2887/4511/243 2882/4513/244
f 2833/4443/192 2881/4508/240 2885/4507/239
f 2885/4507/239 2890/4520/247 2840/4583/193
f 2890/4516/247 2883/4518/248 2834/4448/196
f 2846/4465/208 2852/4464/205 2896/4521/250
f 2852/4461/205 2848/4458/202 2900/4527/256
f 2848/4458/202 2845/4460/204 2894/4528/257
f 2905/4539/264 2881/4508/240 2833/4443/192
f 2847/4470/213 2871/4504/236 2858/4585/221
f 2894/4528/257 2845/4460/204 2834/4448/196
f 2869/4492/228 2846/4465/208 2893/4523/252
f 2870/4498/232 2919/4567/284 2906/4544/269
f 2907/4549/273 2918/4561/280 2895/4533/261
f 2932/4586/190 2934/4590/302 2933/4587/191
f 2936/4589/193 2937/6610/198 2934/4590/302
f 2935/4591/195 2937/4595/198 2936/4592/193
f 2935/4591/195 2939/4719/197 2940/4594/201
f 2938/4596/199 2940/4600/201 2939/4597/197
f 2933/4599/191 2934/4601/302 2940/4600/201
f 2944/4603/202 2946/4607/295 2945/4604/203
f 2944/4603/202 2948/4729/205 2949/4606/287
f 2947/4608/207 2949/6611/287 2948/4609/205
f 2951/4611/212 2952/4617/342 2949/4612/287
f 2950/4614/211 2952/4617/342 2951/4611/212
f 2945/4616/203 2946/4618/295 2952/4617/342
f 2956/4619/214 2958/4623/218 2957/4620/215
f 2960/4622/220 2961/4633/217 2958/4623/218
f 2959/4624/219 2961/4633/217 2960/4622/220
f 2959/4626/219 2963/4630/224 2964/4627/222
f 2962/4629/223 2964/4627/222 2963/4630/224
f 2957/4632/215 2958/6612/218 2964/4627/222
f 2968/4635/226 2970/6613/289 2969/4636/227
f 2972/4638/229 2973/6614/297 2970/4639/289
f 2971/4641/231 2973/6614/297 2972/4638/229
f 2975/4643/233 2976/4649/237 2973/4644/297
f 2974/4646/235 2976/4649/237 2975/4643/233
f 2974/4646/235 2969/4722/227 2970/4648/289
f 2980/4650/238 2982/4654/290 2981/4651/239
f 2984/4653/241 2985/4665/246 2982/4654/290
f 2983/4655/243 2985/4659/246 2984/4656/241
f 2983/4655/243 2987/6615/245 2988/4658/291
f 2986/4660/247 2988/6616/291 2987/4661/245
f 2981/4651/239 2982/4654/290 2988/4663/291
f 2992/4666/250 2994/4670/254 2993/4667/251
f 2996/4669/256 2997/4681/292 2994/4670/254
f 2995/4671/255 2997/4675/292 2996/4672/256
f 2999/4674/260 3000/6617/258 2997/4675/292
f 2998/4676/259 3000/6618/258 2999/4677/260
f 2998/4679/259 2993/4667/251 2994/4670/254
f 3004/4682/262 3006/4697/305 3005/4683/263
f 3004/4685/262 3008/4689/268 3009/4686/265
f 3007/4688/267 3009/4686/265 3008/4689/268
f 3011/4691/272 3012/4700/270 3009/4692/265
f 3010/4694/271 3012/4700/270 3011/4691/272
f 3010/4696/271 3005/4683/263 3006/4697/305
f 3016/4701/274 3018/4705/294 3017/4702/275
f 3020/4704/277 3021/4717/282 3018/4705/294
f 3019/4706/279 3021/6619/282 3020/4707/277
f 3019/4709/279 3023/4713/281 3024/4710/306
f 3022/4712/283 3024/4710/306 3023/4713/281
f 3022/4715/283 3017/4702/275 3018/4705/294
f 2929/4718/192 2933/4599/191 2956/4619/214
f 2956/4619/214 2933/4599/191 2938/4596/199
f 2960/4622/220 2938/4596/199 2931/4598/200
f 2941/4605/204 2945/4604/203 2935/4591/195
f 2945/4604/203 2950/6620/211 2939/4719/197
f 2950/4614/211 2943/4615/213 2931/4720/200
f 2965/4637/228 2969/4636/227 2947/4608/207
f 2969/4722/227 2974/4646/235 2951/4611/212
f 2974/4646/235 2967/4647/236 2943/4615/213
f 2955/4631/225 2963/4630/224 2971/4641/231
f 2963/4630/224 2959/4626/219 2975/4723/233
f 2975/4643/233 2959/6621/219 2954/4724/221
f 2953/4725/216 2957/6622/215 3004/4682/262
f 2957/4632/215 2962/4629/223 3008/4689/268
f 2962/4629/223 2955/4631/225 3002/4690/269
f 2965/4637/228 3013/4703/276 3017/4702/275
f 3017/4726/275 3022/4712/283 2972/4638/229
f 3022/4712/283 3015/4714/284 2966/4642/232
f 3003/4695/273 3011/4691/272 3019/4706/279
f 3011/4727/272 3007/4688/267 3023/4713/281
f 3007/4688/267 3002/4690/269 3015/4714/284
f 3001/4684/264 3005/4683/263 2980/4650/238
f 3005/4683/263 3010/4696/271 2984/4653/241
f 2984/4656/241 3010/4694/271 3003/4695/273
f 2989/4668/252 2993/4667/251 3016/4701/274
f 2993/4667/251 2998/4679/259 3020/4704/277
f 3020/4707/277 2998/4676/259 2991/4678/261
f 2990/4673/257 2979/4662/248 2987/4661/245
f 2995/4671/255 2987/4661/245 2983/4728/243
f 2983/4655/243 2978/4657/244 2991/4678/261
f 2929/4588/192 2977/4652/240 2981/4651/239
f 2981/4651/239 2986/4664/247 2936/4589/193
f 2986/4660/247 2979/4662/248 2930/4593/196
f 2942/4610/208 2948/4609/205 2992/4666/250
f 2948/4729/205 2944/4603/202 2996/4672/256
f 2944/4603/202 2941/4605/204 2990/4673/257
f 3001/4684/264 2977/4652/240 2929/4588/192
f 2943/4615/213 2967/4647/236 2954/4724/221
f 2990/4673/257 2941/4605/204 2930/4593/196
f 2965/4637/228 2942/4610/208 2989/4668/252
f 2966/4642/232 3015/4714/284 3002/4690/269
f 3014/4708/280 2991/4678/261 2978/4657/244
f 3028/4731/190 3030/4735/194 3029/4732/191
f 3032/4734/193 3033/6623/286 3030/4735/194
f 3031/4736/195 3033/4740/286 3032/4737/193
f 3035/4739/197 3036/6624/201 3033/4740/286
f 3034/4741/199 3036/4745/201 3035/4742/197
f 3034/4741/199 3029/4864/191 3030/4744/194
f 3040/4747/202 3042/4751/295 3041/4748/203
f 3040/4747/202 3044/4872/205 3045/4750/210
f 3043/4752/207 3045/6625/210 3044/4753/205
f 3047/4755/212 3048/4761/209 3045/4756/210
f 3046/4758/211 3048/4761/209 3047/4755/212
f 3041/4760/203 3042/4762/295 3048/4761/209
f 3052/4763/214 3054/4767/218 3053/4764/215
f 3052/4763/214 3056/4769/220 3057/4766/217
f 3055/4768/219 3057/4766/217 3056/4769/220
f 3055/4771/219 3059/4775/224 3060/4772/222
f 3058/4774/223 3060/4772/222 3059/4775/224
f 3053/4777/215 3054/6626/218 3060/4772/222
f 3064/4779/226 3066/6627/230 3065/4780/227
f 3068/4782/229 3069/6628/297 3066/4783/230
f 3067/4785/231 3069/6628/297 3068/4782/229
f 3067/4787/231 3071/4791/233 3072/4788/237
f 3070/4790/235 3072/4788/237 3071/4791/233
f 3065/4793/227 3066/4794/230 3072/4788/237
f 3076/4795/238 3078/4799/298 3077/4796/239
f 3080/4798/241 3081/4810/246 3078/4799/298
f 3079/4800/243 3081/4804/246 3080/4801/241
f 3079/4800/243 3083/6629/245 3084/4803/299
f 3082/4805/247 3084/6630/299 3083/4806/245
f 3082/4808/247 3077/4796/239 3078/4799/298
f 3088/4811/250 3090/4815/300 3089/4812/251
f 3092/4814/256 3093/4826/292 3090/4815/300
f 3091/4816/255 3093/4820/292 3092/4817/256
f 3095/4819/260 3096/6631/258 3093/4820/292
f 3094/4821/259 3096/6632/258 3095/4822/260
f 3094/4824/259 3089/4812/251 3090/4815/300
f 3100/4827/262 3102/4842/305 3101/4828/263
f 3100/4830/262 3104/4834/268 3105/4831/265
f 3103/4833/267 3105/4831/265 3104/4834/268
f 3107/4836/272 3108/4845/270 3105/4837/265
f 3106/4839/271 3108/4845/270 3107/4836/272
f 3106/4841/271 3101/4828/263 3102/4842/305
f 3112/4846/274 3114/4850/278 3113/4847/275
f 3116/4849/277 3117/4862/282 3114/4850/278
f 3115/4851/279 3117/6633/282 3116/4852/277
f 3115/4854/279 3119/4858/281 3120/4855/306
f 3118/4857/283 3120/4855/306 3119/4858/281
f 3118/4860/283 3113/4847/275 3114/4850/278
f 3025/4863/192 3029/4864/191 3052/4763/214
f 3029/4864/191 3034/4741/199 3056/4769/220
f 3056/4769/220 3034/4741/199 3027/4743/200
f 3037/4749/204 3041/4748/203 3031/4736/195
f 3041/4748/203 3046/6634/211 3035/4739/197
f 3046/4758/211 3039/4759/213 3027/4865/200
f 3061/4781/228 3065/4780/227 3043/4752/207
f 3065/4793/227 3070/4790/235 3047/4755/212
f 3070/4790/235 3063/4792/236 3039/4759/213
f 3051/4776/225 3059/4775/224 3067/4785/231
f 3059/4775/224 3055/4771/219 3071/4867/233
f 3071/4791/233 3055/6635/219 3050/4868/221
f 3097/4829/264 3049/4874/216 3053/4869/215
f 3100/4830/262 3053/4777/215 3058/4774/223
f 3104/4834/268 3058/4774/223 3051/4776/225
f 3061/4781/228 3109/4848/276 3113/4847/275
f 3113/4870/275 3118/4857/283 3068/4782/229
f 3118/4857/283 3111/4859/284 3062/4786/232
f 3099/4840/273 3107/4836/272 3115/4851/279
f 3107/4871/272 3103/4833/267 3119/4858/281
f 3103/4833/267 3098/4835/269 3111/4859/284
f 3097/4829/264 3101/4828/263 3076/4795/238
f 3101/4828/263 3106/4841/271 3080/4798/241
f 3080/4801/241 3106/4839/271 3099/4840/273
f 3085/4813/252 3089/4812/251 3112/4846/274
f 3089/4812/251 3094/4824/259 3116/4849/277
f 3116/4852/277 3094/4821/259 3087/4823/261
f 3075/4807/248 3083/4806/245 3091/4816/255
f 3083/4806/245 3079/6636/243 3095/4819/260
f 3079/4800/243 3074/4802/244 3087/4823/261
f 3073/4797/240 3077/4796/239 3028/4731/190
f 3028/4731/190 3077/4796/239 3082/4808/247
f 3032/4737/193 3082/4805/247 3075/4807/248
f 3038/4754/208 3044/4753/205 3088/4811/250
f 3044/4872/205 3040/4747/202 3092/4817/256
f 3040/4747/202 3037/4749/204 3086/4818/257
f 3097/4829/264 3073/4797/240 3025/4733/192
f 3039/4759/213 3063/4792/236 3050/4868/221
f 3086/4818/257 3037/4749/204 3026/4738/196
f 3061/4781/228 3038/4754/208 3085/4813/252
f 3062/4786/232 3111/4859/284 3098/4835/269
f 3110/4853/280 3087/4823/261 3074/4802/244
f 3124/4875/190 3126/4879/194 3125/4876/191
f 3124/4875/190 3128/5014/193 3129/4878/198
f 3127/4880/195 3129/4884/198 3128/4881/193
f 3131/4883/197 3132/6637/201 3129/4884/198
f 3130/4885/199 3132/4889/201 3131/4886/197
f 3125/4888/191 3126/4890/194 3132/4889/201
f 3136/4892/202 3138/4896/295 3137/4893/203
f 3140/4895/205 3141/6638/287 3138/4896/295
f 3139/4897/207 3141/6639/287 3140/4898/205
f 3139/4900/207 3143/4904/212 3144/4901/209
f 3142/4903/211 3144/4901/209 3143/4904/212
f 3137/4906/203 3138/4907/295 3144/4901/209
f 3148/4908/214 3150/4912/218 3149/4909/215
f 3152/4911/220 3153/4922/217 3150/4912/218
f 3151/4913/219 3153/4922/217 3152/4911/220
f 3151/4915/219 3155/4919/224 3156/4916/222
f 3154/4918/223 3156/4916/222 3155/4919/224
f 3149/4921/215 3150/6640/218 3156/4916/222
f 3160/4924/226 3162/6641/289 3161/4925/227
f 3160/4927/226 3164/4931/229 3165/4928/297
f 3163/4930/231 3165/4928/297 3164/4931/229
f 3163/4933/231 3167/4937/233 3168/4934/237
f 3166/4936/235 3168/4934/237 3167/4937/233
f 3161/4939/227 3162/4940/289 3168/4934/237
f 3172/4941/238 3174/4945/242 3173/4942/239
f 3172/4941/238 3176/5012/241 3177/4944/246
f 3175/4946/243 3177/4950/246 3176/4947/241
f 3179/4949/245 3180/6642/291 3177/4950/246
f 3178/4951/247 3180/6643/291 3179/4952/245
f 3178/4954/247 3173/4942/239 3174/4945/242
f 3184/4956/250 3186/4960/254 3185/4957/251
f 3184/4956/250 3188/6644/256 3189/4959/253
f 3187/4961/255 3189/4965/253 3188/4962/256
f 3187/4961/255 3191/5013/260 3192/4964/258
f 3190/4966/259 3192/6645/258 3191/4967/260
f 3190/4969/259 3185/4957/251 3186/4960/254
f 3196/4971/262 3198/6646/266 3197/4972/263
f 3196/4974/262 3200/4978/268 3201/4975/265
f 3199/4977/267 3201/4975/265 3200/4978/268
f 3203/4980/272 3204/4988/270 3201/4981/265
f 3202/4983/271 3204/4988/270 3203/4980/272
f 3197/4972/263 3198/6646/266 3204/4985/270
f 3208/4989/274 3210/4993/278 3209/4990/275
f 3212/4992/277 3213/5004/282 3210/4993/278
f 3211/4994/279 3213/6647/282 3212/4995/277
f 3215/4997/281 3216/6648/285 3213/4998/282
f 3214/5000/283 3216/6648/285 3215/4997/281
f 3209/4990/275 3210/4993/278 3216/5002/285
f 3121/5005/192 3125/4888/191 3148/4908/214
f 3125/4888/191 3130/4885/199 3152/4911/220
f 3152/4911/220 3130/4885/199 3123/4887/200
f 3122/4882/196 3133/4894/204 3137/4893/203
f 3137/4893/203 3142/6649/211 3131/4883/197
f 3142/4903/211 3135/4905/213 3123/5006/200
f 3157/4926/228 3161/4925/227 3139/4897/207
f 3161/4939/227 3166/4936/235 3143/4904/212
f 3166/4936/235 3159/4938/236 3135/4905/213
f 3147/4920/225 3155/4919/224 3163/4930/231
f 3155/4919/224 3151/4915/219 3167/5008/233
f 3167/4937/233 3151/6650/219 3146/5009/221
f 3145/5010/216 3149/6651/215 3196/4971/262
f 3149/4921/215 3154/4918/223 3200/4978/268
f 3154/4918/223 3147/4920/225 3194/4979/269
f 3157/4926/228 3205/4991/276 3209/4990/275
f 3160/4927/226 3209/6652/275 3214/5000/283
f 3214/5000/283 3207/5001/284 3158/4932/232
f 3195/4984/273 3203/4980/272 3211/4994/279
f 3203/5011/272 3199/4977/267 3215/4997/281
f 3215/4997/281 3199/4977/267 3194/4979/269
f 3193/4973/264 3197/4972/263 3172/4941/238
f 3197/4972/263 3202/4986/271 3176/5012/241
f 3176/4947/241 3202/4983/271 3195/4984/273
f 3181/4958/252 3185/4957/251 3208/4989/274
f 3185/4957/251 3190/4969/259 3212/4992/277
f 3212/4995/277 3190/4966/259 3183/4968/261
f 3171/4953/248 3179/4952/245 3187/4961/255
f 3179/4952/245 3175/6653/243 3191/5013/260
f 3175/4946/243 3170/4948/244 3183/4968/261
f 3169/4943/240 3173/4942/239 3124/4875/190
f 3173/4942/239 3178/4954/247 3128/5014/193
f 3128/4881/193 3178/4951/247 3171/4953/248
f 3134/4899/208 3140/4898/205 3184/4956/250
f 3140/4895/205 3136/4892/202 3188/4962/256
f 3136/4892/202 3133/4894/204 3182/4963/257
f 3193/4973/264 3169/4943/240 3121/4877/192
f 3135/4905/213 3159/4938/236 3146/5009/221
f 3182/4963/257 3133/4894/204 3122/4882/196
f 3157/4926/228 3134/4899/208 3181/4958/252
f 3158/4932/232 3207/5001/284 3194/4979/269
f 3206/4996/280 3183/4968/261 3170/4948/244
f 3217/5016/330 3218/6654/330 3219/5017/330
f 3221/5019/178 3222/6655/178 3218/5020/178
f 3225/5022/331 3226/5028/334 3222/5023/332
f 3222/5025/188 3223/6656/188 3219/5026/188
f 3226/5028/334 3227/5033/336 3223/5029/335
f 3223/5030/185 3224/6657/185 3220/5031/185
f 3227/5033/336 3228/5038/338 3224/5034/337
f 3224/5035/182 3221/6658/182 3217/5036/182
f 3228/5038/338 3225/5022/331 3221/5024/333
f 3228/5038/338 3227/5033/336 3226/5028/334
f 3232/5039/190 3234/5043/194 3233/5040/191
f 3236/5042/193 3237/6659/286 3234/5043/194
f 3235/5044/195 3237/5048/286 3236/5045/193
f 3239/5047/197 3240/6660/201 3237/5048/286
f 3238/5049/199 3240/5053/201 3239/5050/197
f 3238/5049/199 3233/5169/191 3234/5052/194
f 3244/5055/202 3246/5059/295 3245/5056/203
f 3248/5058/205 3249/6661/321 3246/5059/295
f 3247/5060/207 3249/6662/321 3248/5061/205
f 3251/5063/212 3252/5069/209 3249/5064/321
f 3250/5066/211 3252/5069/209 3251/5063/212
f 3245/5068/203 3246/5070/295 3252/5069/209
f 3256/5071/214 3258/5075/307 3257/5072/215
f 3260/5074/220 3261/5085/217 3258/5075/307
f 3259/5076/219 3261/5085/217 3260/5074/220
f 3259/5078/219 3263/5082/224 3264/5079/222
f 3262/5081/223 3264/5079/222 3263/5082/224
f 3257/5084/215 3258/6663/307 3264/5079/222
f 3268/5087/226 3270/6664/289 3269/5088/227
f 3272/5090/229 3273/6665/297 3270/5091/289
f 3271/5093/231 3273/6665/297 3272/5090/229
f 3271/5095/231 3275/5099/233 3276/5096/237
f 3274/5098/235 3276/5096/237 3275/5099/233
f 3274/5098/235 3269/5172/227 3270/5101/289
f 3280/5102/238 3282/5106/290 3281/5103/239
f 3284/5105/241 3285/5117/246 3282/5106/290
f 3283/5107/243 3285/5111/246 3284/5108/241
f 3287/5110/245 3288/6666/291 3285/5111/246
f 3286/5112/247 3288/6667/291 3287/5113/245
f 3281/5103/239 3282/5106/290 3288/5115/291
f 3292/5118/250 3294/5122/254 3293/5119/251
f 3296/5121/256 3297/5133/292 3294/5122/254
f 3295/5123/255 3297/5127/292 3296/5124/256
f 3299/5126/260 3300/6668/258 3297/5127/292
f 3298/5128/259 3300/6669/258 3299/5129/260
f 3298/5131/259 3293/5119/251 3294/5122/254
f 3304/5134/262 3306/6670/266 3305/5135/263
f 3304/5137/262 3308/5141/268 3309/5138/265
f 3307/5140/267 3309/5138/265 3308/5141/268
f 3311/5143/272 3312/5151/270 3309/5144/265
f 3310/5146/271 3312/5151/270 3311/5143/272
f 3305/5135/263 3306/6670/266 3312/5148/270
f 3316/5152/274 3318/5156/294 3317/5153/275
f 3320/5155/277 3321/5167/282 3318/5156/294
f 3319/5157/279 3321/6671/282 3320/5158/277
f 3323/5160/281 3324/6672/285 3321/5161/282
f 3322/5163/283 3324/6672/285 3323/5160/281
f 3322/5165/283 3317/5153/275 3318/5156/294
f 3229/5168/192 3233/5169/191 3256/5071/214
f 3233/5169/191 3238/5049/199 3260/5074/220
f 3260/5074/220 3238/5049/199 3231/5051/200
f 3230/5046/196 3241/5057/204 3245/5056/203
f 3245/5056/203 3250/6673/211 3239/5047/197
f 3250/5066/211 3243/5067/213 3231/5170/200
f 3265/5089/228 3269/5088/227 3247/5060/207
f 3269/5172/227 3274/5098/235 3251/5063/212
f 3274/5098/235 3267/5100/236 3243/5067/213
f 3255/5083/225 3263/5082/224 3271/5093/231
f 3263/5082/224 3259/5078/219 3275/5173/233
f 3275/5099/233 3259/6674/219 3254/5174/221
f 3301/5136/264 3253/5179/216 3257/5175/215
f 3257/5084/215 3262/5081/223 3308/5141/268
f 3262/5081/223 3255/5083/225 3302/5142/269
f 3313/5154/276 3317/5153/275 3268/5087/226
f 3317/5176/275 3322/5163/283 3272/5090/229
f 3272/5090/229 3322/5163/283 3315/5164/284
f 3303/5147/273 3311/5143/272 3319/5157/279
f 3311/5177/272 3307/5140/267 3323/5160/281
f 3323/5160/281 3307/5140/267 3302/5142/269
f 3301/5136/264 3305/5135/263 3280/5102/238
f 3305/5135/263 3310/5149/271 3284/5105/241
f 3284/5108/241 3310/5146/271 3303/5147/273
f 3289/5120/252 3293/5119/251 3316/5152/274
f 3316/5152/274 3293/5119/251 3298/5131/259
f 3320/5158/277 3298/5128/259 3291/5130/261
f 3279/5114/248 3287/5113/245 3295/5123/255
f 3287/5113/245 3283/6675/243 3299/5126/260
f 3299/5129/260 3283/5107/243 3278/5109/244
f 3277/5104/240 3281/5103/239 3232/5039/190
f 3281/5103/239 3286/5116/247 3236/5042/193
f 3236/5045/193 3286/5112/247 3279/5114/248
f 3242/5062/208 3248/5061/205 3292/5118/250
f 3248/5058/205 3244/5055/202 3296/5124/256
f 3244/5055/202 3241/5057/204 3290/5125/257
f 3301/5136/264 3277/5104/240 3229/5041/192
f 3243/5067/213 3267/5100/236 3254/5174/221
f 3290/5125/257 3241/5057/204 3230/5046/196
f 3265/5089/228 3242/5062/208 3289/5120/252
f 3266/5094/232 3315/5164/284 3302/5142/269
f 3314/5159/280 3291/5130/261 3278/5109/244
f 3328/5180/190 3330/5184/302 3329/5181/191
f 3332/5183/193 3333/6676/286 3330/5184/302
f 3331/5185/195 3333/5189/286 3332/5186/193
f 3331/5185/195 3335/5313/197 3336/5188/311
f 3334/5190/199 3336/5194/311 3335/5191/197
f 3334/5190/199 3329/5312/191 3330/5193/302
f 3340/5196/202 3342/5200/312 3341/5197/203
f 3340/5196/202 3344/5322/205 3345/5199/287
f 3343/5201/207 3345/6677/287 3344/5202/205
f 3347/5204/212 3348/5210/209 3345/5205/287
f 3346/5207/211 3348/5210/209 3347/5204/212
f 3341/5209/203 3342/5211/312 3348/5210/209
f 3352/5212/214 3354/5216/218 3353/5213/215
f 3356/5215/220 3357/5226/313 3354/5216/218
f 3355/5217/219 3357/5226/313 3356/5215/220
f 3359/5219/224 3360/5225/288 3357/5220/313
f 3358/5222/223 3360/5225/288 3359/5219/224
f 3358/5222/223 3353/5319/215 3354/5224/218
f 3364/5228/226 3366/6678/230 3365/5229/227
f 3364/5231/226 3368/5235/229 3369/5232/314
f 3367/5234/231 3369/5232/314 3368/5235/229
f 3367/5237/231 3371/5241/233 3372/5238/237
f 3370/5240/235 3372/5238/237 3371/5241/233
f 3365/5243/227 3366/5244/230 3372/5238/237
f 3376/5245/238 3378/5249/242 3377/5246/239
f 3380/5248/241 3381/5260/315 3378/5249/242
f 3379/5250/243 3381/5254/315 3380/5251/241
f 3379/5250/243 3383/6679/245 3384/5253/299
f 3382/5255/247 3384/6680/299 3383/5256/245
f 3382/5258/247 3377/5246/239 3378/5249/242
f 3388/5261/250 3390/5265/254 3389/5262/251
f 3388/5261/250 3392/6681/256 3393/5264/323
f 3391/5266/255 3393/5270/323 3392/5267/256
f 3395/5269/260 3396/6682/258 3393/5270/323
f 3394/5271/259 3396/6683/258 3395/5272/260
f 3389/5262/251 3390/5265/254 3396/5274/258
f 3400/5276/262 3402/5290/293 3401/5277/263
f 3404/5279/268 3405/6684/265 3402/5280/293
f 3403/5282/267 3405/6684/265 3404/5279/268
f 3407/5284/272 3408/5293/318 3405/5285/265
f 3406/5287/271 3408/5293/318 3407/5284/272
f 3406/5289/271 3401/5277/263 3402/5290/293
f 3412/5294/274 3414/5298/309 3413/5295/275
f 3416/5297/277 3417/5310/282 3414/5298/309
f 3415/5299/279 3417/6685/282 3416/5300/277
f 3415/5302/279 3419/5306/281 3420/5303/319
f 3418/5305/283 3420/5303/319 3419/5306/281
f 3413/5295/275 3414/5298/309 3420/5308/319
f 3325/5311/192 3329/5312/191 3352/5212/214
f 3329/5312/191 3334/5190/199 3356/5215/220
f 3356/5215/220 3334/5190/199 3327/5192/200
f 3337/5198/204 3341/5197/203 3331/5185/195
f 3341/5197/203 3346/6686/211 3335/5313/197
f 3335/5314/197 3346/5207/211 3339/5208/213
f 3361/5230/228 3365/5229/227 3343/5201/207
f 3365/5243/227 3370/5240/235 3347/5204/212
f 3370/5240/235 3363/5242/236 3339/5208/213
f 3362/5236/232 3351/5223/225 3359/5219/224
f 3359/5219/224 3355/5221/219 3371/5316/233
f 3355/5317/219 3350/5324/221 3363/5242/236
f 3349/5318/216 3353/6687/215 3400/5276/262
f 3353/5319/215 3358/5222/223 3404/5279/268
f 3358/5222/223 3351/5223/225 3398/5283/269
f 3409/5296/276 3413/5295/275 3364/5228/226
f 3413/5320/275 3418/5305/283 3368/5235/229
f 3418/5305/283 3411/5307/284 3362/5236/232
f 3410/5301/280 3399/5288/273 3407/5284/272
f 3407/5321/272 3403/5282/267 3419/5306/281
f 3403/5282/267 3398/5283/269 3411/5307/284
f 3373/5247/240 3397/5278/264 3401/5277/263
f 3401/5277/263 3406/5289/271 3380/5248/241
f 3380/5251/241 3406/5287/271 3399/5288/273
f 3385/5263/252 3389/5262/251 3412/5294/274
f 3389/5262/251 3394/5275/259 3416/5297/277
f 3416/5300/277 3394/5271/259 3387/5273/261
f 3386/5268/257 3375/5257/248 3383/5256/245
f 3383/5256/245 3379/6688/243 3395/5269/260
f 3379/5250/243 3374/5252/244 3387/5273/261
f 3373/5247/240 3377/5246/239 3328/5180/190
f 3377/5246/239 3382/5258/247 3332/5183/193
f 3382/5255/247 3375/5257/248 3326/5187/196
f 3385/5263/252 3338/5203/208 3344/5202/205
f 3344/5322/205 3340/5196/202 3392/5267/256
f 3340/5196/202 3337/5198/204 3386/5268/257
f 3397/5278/264 3373/5247/240 3325/5182/192
f 3339/5208/213 3363/5242/236 3350/5324/221
f 3386/5268/257 3337/5198/204 3326/5187/196
f 3361/5230/228 3338/5203/208 3385/5263/252
f 3362/5236/232 3411/5307/284 3398/5283/269
f 3410/5301/280 3387/5273/261 3374/5252/244
f 3424/5325/190 3426/5329/302 3425/5326/191
f 3428/5328/193 3429/6689/198 3426/5329/302
f 3427/5330/195 3429/5334/198 3428/5331/193
f 3427/5330/195 3431/5456/197 3432/5333/311
f 3430/5335/199 3432/5339/311 3431/5336/197
f 3430/5335/199 3425/5455/191 3426/5338/302
f 3436/5341/202 3438/5345/295 3437/5342/203
f 3440/5344/205 3441/6690/287 3438/5345/295
f 3439/5346/207 3441/6691/287 3440/5347/205
f 3443/5349/212 3444/5355/209 3441/5350/287
f 3442/5352/211 3444/5355/209 3443/5349/212
f 3442/5352/211 3437/6692/203 3438/5354/295
f 3448/5356/214 3450/5360/296 3449/5357/215
f 3452/5359/220 3453/5370/313 3450/5360/296
f 3451/5361/219 3453/5370/313 3452/5359/220
f 3455/5363/224 3456/5369/222 3453/5364/313
f 3454/5366/223 3456/5369/222 3455/5363/224
f 3454/5366/223 3449/6693/215 3450/5368/296
f 3460/5372/226 3462/6694/310 3461/5373/227
f 3460/5375/226 3464/5379/229 3465/5376/297
f 3463/5378/231 3465/5376/297 3464/5379/229
f 3467/5381/233 3468/5387/237 3465/5382/297
f 3466/5384/235 3468/5387/237 3467/5381/233
f 3466/5384/235 3461/5459/227 3462/5386/310
f 3472/5388/238 3474/5392/242 3473/5389/239
f 3476/5391/241 3477/5403/315 3474/5392/242
f 3475/5393/243 3477/5397/315 3476/5394/241
f 3475/5393/243 3479/6695/245 3480/5396/299
f 3478/5398/247 3480/6696/299 3479/5399/245
f 3478/5401/247 3473/5389/239 3474/5392/242
f 3484/5404/250 3486/5408/254 3485/5405/251
f 3488/5407/256 3489/5419/253 3486/5408/254
f 3487/5409/255 3489/5413/253 3488/5410/256
f 3491/5412/260 3492/6697/258 3489/5413/253
f 3490/5414/259 3492/6698/258 3491/5415/260
f 3485/5405/251 3486/5408/254 3492/5417/258
f 3496/5420/262 3498/5434/293 3497/5421/263
f 3500/5423/268 3501/6699/265 3498/5424/293
f 3499/5426/267 3501/6699/265 3500/5423/268
f 3503/5428/272 3504/5437/318 3501/5429/265
f 3502/5431/271 3504/5437/318 3503/5428/272
f 3502/5433/271 3497/5421/263 3498/5434/293
f 3508/5438/274 3510/5442/294 3509/5439/275
f 3508/5438/274 3512/5465/277 3513/5441/282
f 3511/5443/279 3513/6700/282 3512/5444/277
f 3511/5446/279 3515/5450/281 3516/5447/285
f 3514/5449/283 3516/5447/285 3515/5450/281
f 3514/5452/283 3509/5439/275 3510/5442/294
f 3421/5454/192 3425/5455/191 3448/5356/214
f 3425/5455/191 3430/5335/199 3452/5359/220
f 3452/5359/220 3430/5335/199 3423/5337/200
f 3433/5343/204 3437/5342/203 3427/5330/195
f 3437/5342/203 3442/6701/211 3431/5456/197
f 3442/5352/211 3435/5353/213 3423/5457/200
f 3457/5374/228 3461/5373/227 3439/5346/207
f 3461/5459/227 3466/5384/235 3443/5349/212
f 3466/5384/235 3459/5385/236 3435/5353/213
f 3447/5367/225 3455/5363/224 3463/5378/231
f 3455/5363/224 3451/5365/219 3467/5460/233
f 3451/5461/219 3446/5468/221 3459/5385/236
f 3493/5422/264 3445/5467/216 3449/5462/215
f 3496/5425/262 3449/6693/215 3454/5366/223
f 3454/5366/223 3447/5367/225 3494/5427/269
f 3457/5374/228 3505/5440/276 3509/5439/275
f 3509/5463/275 3514/5449/283 3464/5379/229
f 3464/5379/229 3514/5449/283 3507/5451/284
f 3506/5445/280 3495/5432/273 3503/5428/272
f 3503/5464/272 3499/5426/267 3515/5450/281
f 3499/5426/267 3494/5427/269 3507/5451/284
f 3493/5422/264 3497/5421/263 3472/5388/238
f 3497/5421/263 3502/5433/271 3476/5391/241
f 3476/5394/241 3502/5431/271 3495/5432/273
f 3481/5406/252 3485/5405/251 3508/5438/274
f 3485/5405/251 3490/5418/259 3512/5465/277
f 3512/5444/277 3490/5414/259 3483/5416/261
f 3471/5400/248 3479/5399/245 3487/5409/255
f 3479/5399/245 3475/6702/243 3491/5412/260
f 3475/5393/243 3470/5395/244 3483/5416/261
f 3469/5390/240 3473/5389/239 3424/5325/190
f 3473/5389/239 3478/5401/247 3428/5328/193
f 3478/5398/247 3471/5400/248 3422/5332/196
f 3434/5348/208 3440/5347/205 3484/5404/250
f 3440/5344/205 3436/5341/202 3488/5410/256
f 3436/5341/202 3433/5343/204 3482/5411/257
f 3493/5422/264 3469/5390/240 3421/5327/192
f 3435/5353/213 3459/5385/236 3446/5468/221
f 3482/5411/257 3433/5343/204 3422/5332/196
f 3457/5374/228 3434/5348/208 3481/5406/252
f 3458/5380/232 3507/5451/284 3494/5427/269
f 3506/5445/280 3483/5416/261 3470/5395/244
f 3520/5469/190 3522/5473/320 3521/5470/191
f 3520/5469/190 3524/5612/193 3525/5472/286
f 3523/5474/195 3525/5478/286 3524/5475/193
f 3523/5474/195 3527/5602/197 3528/5477/311
f 3526/5479/199 3528/5483/311 3527/5480/197
f 3526/5479/199 3521/5601/191 3522/5482/320
f 3532/5485/202 3534/5489/295 3533/5486/203
f 3532/5485/202 3536/5613/205 3537/5488/287
f 3535/5490/207 3537/6703/287 3536/5491/205
f 3539/5493/212 3540/5499/209 3537/5494/287
f 3538/5496/211 3540/5499/209 3539/5493/212
f 3533/5498/203 3534/5500/295 3540/5499/209
f 3544/5501/214 3546/5505/307 3545/5502/215
f 3548/5504/220 3549/5515/313 3546/5505/307
f 3547/5506/219 3549/5515/313 3548/5504/220
f 3551/5508/224 3552/5514/288 3549/5509/313
f 3550/5511/223 3552/5514/288 3551/5508/224
f 3545/5513/215 3546/6704/307 3552/5514/288
f 3556/5517/226 3558/6705/289 3557/5518/227
f 3560/5520/229 3561/6706/297 3558/5521/289
f 3559/5523/231 3561/6706/297 3560/5520/229
f 3559/5525/231 3563/5529/233 3564/5526/237
f 3562/5528/235 3564/5526/237 3563/5529/233
f 3562/5528/235 3557/5605/227 3558/5531/289
f 3568/5532/238 3570/5536/298 3569/5533/239
f 3572/5535/241 3573/5547/315 3570/5536/298
f 3571/5537/243 3573/5541/315 3572/5538/241
f 3571/5537/243 3575/6707/245 3576/5540/299
f 3574/5542/247 3576/6708/299 3575/5543/245
f 3574/5545/247 3569/5533/239 3570/5536/298
f 3580/5548/250 3582/5552/254 3581/5549/251
f 3584/5551/256 3585/5563/292 3582/5552/254
f 3583/5553/255 3585/5557/292 3584/5554/256
f 3587/5556/260 3588/6709/258 3585/5557/292
f 3586/5558/259 3588/6710/258 3587/5559/260
f 3586/5561/259 3581/5549/251 3582/5552/254
f 3592/5564/262 3594/5579/322 3593/5565/263
f 3592/5567/262 3596/5571/268 3597/5568/301
f 3595/5570/267 3597/5568/301 3596/5571/268
f 3599/5573/272 3600/5582/318 3597/5574/301
f 3598/5576/271 3600/5582/318 3599/5573/272
f 3598/5578/271 3593/5565/263 3594/5579/322
f 3604/5583/274 3606/5587/294 3605/5584/275
f 3608/5586/277 3609/5599/282 3606/5587/294
f 3607/5588/279 3609/6711/282 3608/5589/277
f 3607/5591/279 3611/5595/281 3612/5592/306
f 3610/5594/283 3612/5592/306 3611/5595/281
f 3610/5597/283 3605/5584/275 3606/5587/294
f 3517/5600/192 3521/5601/191 3544/5501/214
f 3521/5601/191 3526/5479/199 3548/5504/220
f 3548/5504/220 3526/5479/199 3519/5481/200
f 3529/5487/204 3533/5486/203 3523/5474/195
f 3533/5486/203 3538/6712/211 3527/5602/197
f 3538/5496/211 3531/5497/213 3519/5603/200
f 3553/5519/228 3557/5518/227 3535/5490/207
f 3557/5605/227 3562/5528/235 3539/5493/212
f 3562/5528/235 3555/5530/236 3531/5497/213
f 3543/5512/225 3551/5508/224 3559/5523/231
f 3551/5508/224 3547/5510/219 3563/5606/233
f 3547/5607/219 3542/5616/221 3555/5530/236
f 3589/5566/264 3541/5615/216 3545/5608/215
f 3592/5567/262 3545/5513/215 3550/5511/223
f 3550/5511/223 3543/5512/225 3590/5572/269
f 3601/5585/276 3605/5584/275 3556/5517/226
f 3605/5609/275 3610/5594/283 3560/5520/229
f 3560/5520/229 3610/5594/283 3603/5596/284
f 3591/5577/273 3599/5573/272 3607/5588/279
f 3599/5610/272 3595/5570/267 3611/5595/281
f 3595/5570/267 3590/5572/269 3603/5596/284
f 3589/5566/264 3593/5565/263 3568/5532/238
f 3593/5565/263 3598/5578/271 3572/5535/241
f 3572/5538/241 3598/5576/271 3591/5577/273
f 3577/5550/252 3581/5549/251 3604/5583/274
f 3581/5549/251 3586/5561/259 3608/5586/277
f 3608/5589/277 3586/5558/259 3579/5560/261
f 3567/5544/248 3575/5543/245 3583/5553/255
f 3583/5553/255 3575/5543/245 3571/5611/243
f 3571/5537/243 3566/5539/244 3579/5560/261
f 3565/5534/240 3569/5533/239 3520/5469/190
f 3569/5533/239 3574/5545/247 3524/5612/193
f 3574/5542/247 3567/5544/248 3518/5476/196
f 3530/5492/208 3536/5491/205 3580/5548/250
f 3536/5613/205 3532/5485/202 3584/5554/256
f 3532/5485/202 3529/5487/204 3578/5555/257
f 3589/5566/264 3565/5534/240 3517/5471/192
f 3531/5497/213 3555/5530/236 3542/5616/221
f 3578/5555/257 3529/5487/204 3518/5476/196
f 3553/5519/228 3530/5492/208 3577/5550/252
f 3554/5524/232 3603/5596/284 3590/5572/269
f 3602/5590/280 3579/5560/261 3566/5539/244
f 3613/5617/330 3614/6713/330 3615/5618/330
f 3617/5620/178 3618/6714/178 3614/5621/178
f 3621/5623/331 3622/5629/334 3618/5624/332
f 3618/5626/188 3619/6715/188 3615/5627/188
f 3622/5629/334 3623/5634/336 3619/5630/335
f 3619/5631/185 3620/6716/185 3616/5632/185
f 3623/5634/336 3624/5639/338 3620/5635/337
f 3620/5636/182 3617/6717/182 3613/5637/182
f 3624/5639/338 3621/5623/331 3617/5625/333
f 3624/5639/338 3623/5634/336 3622/5629/334
f 3628/5640/190 3630/5644/302 3629/5641/191
f 3632/5643/193 3633/6718/198 3630/5644/302
f 3631/5645/195 3633/5649/198 3632/5646/193
f 3635/5648/197 3636/6719/201 3633/5649/198
f 3634/5650/199 3636/5654/201 3635/5651/197
f 3629/5653/191 3630/5655/302 3636/5654/201
f 3640/5657/202 3642/5661/206 3641/5658/203
f 3640/5657/202 3644/5778/205 3645/5660/287
f 3643/5662/207 3645/6720/287 3644/5663/205
f 3647/5665/212 3648/5671/209 3645/5666/287
f 3646/5668/211 3648/5671/209 3647/5665/212
f 3646/5668/211 3641/6721/203 3642/5670/206
f 3652/5672/214 3654/5676/218 3653/5673/215
f 3652/5672/214 3656/5678/220 3657/5675/217
f 3655/5677/219 3657/5675/217 3656/5678/220
f 3659/5680/224 3660/5686/222 3657/5681/217
f 3658/5683/223 3660/5686/222 3659/5680/224
f 3653/5685/215 3654/6722/218 3660/5686/222
f 3664/5688/226 3666/6723/289 3665/5689/227
f 3668/5691/229 3669/6724/234 3666/5692/289
f 3667/5694/231 3669/6724/234 3668/5691/229
f 3671/5696/233 3672/5702/237 3669/5697/234
f 3670/5699/235 3672/5702/237 3671/5696/233
f 3670/5699/235 3665/5771/227 3666/5701/289
f 3676/5703/238 3678/5707/298 3677/5704/239
f 3680/5706/241 3681/5718/246 3678/5707/298
f 3679/5708/243 3681/5712/246 3680/5709/241
f 3679/5708/243 3683/6725/245 3684/5711/299
f 3682/5713/247 3684/6726/299 3683/5714/245
f 3682/5716/247 3677/5704/239 3678/5707/298
f 3688/5719/250 3690/5723/317 3689/5720/251
f 3688/5719/250 3692/6727/256 3693/5722/253
f 3691/5724/255 3693/5728/253 3692/5725/256
f 3691/5724/255 3695/5777/260 3696/5727/258
f 3694/5729/259 3696/6728/258 3695/5730/260
f 3694/5732/259 3689/5720/251 3690/5723/317
f 3700/5734/262 3702/5748/266 3701/5735/263
f 3704/5737/268 3705/6729/301 3702/5738/266
f 3703/5740/267 3705/6729/301 3704/5737/268
f 3707/5742/272 3708/5751/270 3705/5743/301
f 3706/5745/271 3708/5751/270 3707/5742/272
f 3706/5747/271 3701/5735/263 3702/5748/266
f 3712/5752/274 3714/5756/309 3713/5753/275
f 3716/5755/277 3717/5767/282 3714/5756/309
f 3715/5757/279 3717/6730/282 3716/5758/277
f 3719/5760/281 3720/6731/285 3717/5761/282
f 3718/5763/283 3720/6731/285 3719/5760/281
f 3713/5753/275 3714/5756/309 3720/5765/285
f 3625/5768/192 3629/5653/191 3652/5672/214
f 3629/5653/191 3634/5650/199 3656/5678/220
f 3656/5678/220 3634/5650/199 3627/5652/200
f 3626/5647/196 3637/5659/204 3641/5658/203
f 3641/5658/203 3646/6732/211 3635/5648/197
f 3646/5668/211 3639/5669/213 3627/5769/200
f 3661/5690/228 3665/5689/227 3643/5662/207
f 3665/5771/227 3670/5699/235 3647/5665/212
f 3670/5699/235 3663/5700/236 3639/5669/213
f 3651/5684/225 3659/5680/224 3667/5694/231
f 3659/5680/224 3655/5682/219 3671/5772/233
f 3671/5696/233 3655/6733/219 3650/5773/221
f 3649/5774/216 3653/6734/215 3700/5734/262
f 3653/5685/215 3658/5683/223 3704/5737/268
f 3704/5737/268 3658/5683/223 3651/5684/225
f 3709/5754/276 3713/5753/275 3664/5688/226
f 3713/5775/275 3718/5763/283 3668/5691/229
f 3718/5763/283 3711/5764/284 3662/5695/232
f 3699/5746/273 3707/5742/272 3715/5757/279
f 3707/5776/272 3703/5740/267 3719/5760/281
f 3719/5760/281 3703/5740/267 3698/5741/269
f 3697/5736/264 3701/5735/263 3676/5703/238
f 3701/5735/263 3706/5747/271 3680/5706/241
f 3680/5709/241 3706/5745/271 3699/5746/273
f 3685/5721/252 3689/5720/251 3712/5752/274
f 3689/5720/251 3694/5732/259 3716/5755/277
f 3716/5758/277 3694/5729/259 3687/5731/261
f 3675/5715/248 3683/5714/245 3691/5724/255
f 3683/5714/245 3679/6735/243 3695/5777/260
f 3695/5730/260 3679/5708/243 3674/5710/244
f 3673/5705/240 3677/5704/239 3628/5640/190
f 3677/5704/239 3682/5716/247 3632/5643/193
f 3682/5713/247 3675/5715/248 3626/5647/196
f 3638/5664/208 3644/5663/205 3688/5719/250
f 3644/5778/205 3640/5657/202 3692/5725/256
f 3640/5657/202 3637/5659/204 3686/5726/257
f 3697/5736/264 3673/5705/240 3625/5642/192
f 3639/5669/213 3663/5700/236 3650/5773/221
f 3686/5726/257 3637/5659/204 3626/5647/196
f 3661/5690/228 3638/5664/208 3685/5721/252
f 3662/5695/232 3711/5764/284 3698/5741/269
f 3710/5759/280 3687/5731/261 3674/5710/244
f 3724/5780/190 3726/5784/302 3725/5781/191
f 3728/5783/193 3729/6736/198 3726/5784/302
f 3727/5785/195 3729/5789/198 3728/5786/193
f 3731/5788/197 3732/6737/311 3729/5789/198
f 3730/5790/199 3732/5794/311 3731/5791/197
f 3730/5790/199 3725/5909/191 3726/5793/302
f 3736/5796/202 3738/5800/312 3737/5797/203
f 3740/5799/205 3741/6738/321 3738/5800/312
f 3739/5801/207 3741/6739/321 3740/5802/205
f 3743/5804/212 3744/5810/209 3741/5805/321
f 3742/5807/211 3744/5810/209 3743/5804/212
f 3742/5807/211 3737/6740/203 3738/5809/312
f 3748/5811/214 3750/5815/296 3749/5812/215
f 3752/5814/220 3753/5825/313 3750/5815/296
f 3751/5816/219 3753/5825/313 3752/5814/220
f 3751/5818/219 3755/5822/224 3756/5819/288
f 3754/5821/223 3756/5819/288 3755/5822/224
f 3754/5821/223 3749/5915/215 3750/5824/296
f 3760/5827/226 3762/6741/289 3761/5828/227
f 3760/5830/226 3764/5834/229 3765/5831/314
f 3763/5833/231 3765/5831/314 3764/5834/229
f 3767/5836/233 3768/5842/343 3765/5837/314
f 3766/5839/235 3768/5842/343 3767/5836/233
f 3761/5841/227 3762/5843/289 3768/5842/343
f 3772/5844/238 3774/5848/298 3773/5845/239
f 3776/5847/241 3777/5859/315 3774/5848/298
f 3775/5849/243 3777/5853/315 3776/5850/241
f 3779/5852/245 3780/6742/299 3777/5853/315
f 3778/5854/247 3780/6743/299 3779/5855/245
f 3778/5857/247 3773/5845/239 3774/5848/298
f 3784/5860/250 3786/5864/300 3785/5861/251
f 3784/5860/250 3788/6744/256 3789/5863/323
f 3787/5865/255 3789/5869/323 3788/5866/256
f 3787/5865/255 3791/5919/260 3792/5868/258
f 3790/5870/259 3792/6745/258 3791/5871/260
f 3785/5861/251 3786/5864/300 3792/5873/258
f 3796/5875/262 3798/5890/293 3797/5876/263
f 3800/5878/268 3801/6746/301 3798/5879/293
f 3799/5881/267 3801/6746/301 3800/5878/268
f 3799/5883/267 3803/5887/272 3804/5884/318
f 3802/5886/271 3804/5884/318 3803/5887/272
f 3802/5889/271 3797/5876/263 3798/5890/293
f 3808/5893/274 3810/5897/294 3809/5894/275
f 3808/5893/274 3812/5918/277 3813/5896/282
f 3811/5898/279 3813/6747/282 3812/5899/277
f 3815/5901/281 3816/6748/319 3813/5902/282
f 3814/5904/283 3816/6748/319 3815/5901/281
f 3814/5906/283 3809/5894/275 3810/5897/294
f 3721/5908/192 3725/5909/191 3748/5811/214
f 3725/5909/191 3730/5790/199 3752/5814/220
f 3752/5814/220 3730/5790/199 3723/5792/200
f 3733/5798/204 3737/5797/203 3727/5785/195
f 3737/5797/203 3742/6749/211 3731/5788/197
f 3731/5910/197 3742/5807/211 3735/5808/213
f 3757/5829/228 3761/5828/227 3739/5801/207
f 3761/5841/227 3766/5839/235 3743/5804/212
f 3766/5839/235 3759/5840/236 3735/5808/213
f 3758/5835/232 3747/5823/225 3755/5822/224
f 3755/5822/224 3751/5818/219 3767/5912/233
f 3751/5913/219 3746/5921/221 3759/5840/236
f 3745/5914/216 3749/6750/215 3796/5875/262
f 3749/5915/215 3754/5821/223 3800/5878/268
f 3754/5821/223 3747/5823/225 3794/5882/269
f 3757/5829/228 3805/5895/276 3809/5894/275
f 3809/5916/275 3814/5904/283 3764/5834/229
f 3814/5904/283 3807/5905/284 3758/5835/232
f 3806/5900/280 3795/5888/273 3803/5887/272
f 3803/5917/272 3799/5881/267 3815/5901/281
f 3799/5881/267 3794/5882/269 3807/5905/284
f 3793/5877/264 3797/5876/263 3772/5844/238
f 3797/5876/263 3802/5889/271 3776/5847/241
f 3776/5850/241 3802/5886/271 3795/5888/273
f 3781/5862/252 3785/5861/251 3808/5893/274
f 3785/5861/251 3790/5874/259 3812/5918/277
f 3812/5899/277 3790/5870/259 3783/5872/261
f 3782/5867/257 3771/5856/248 3779/5855/245
f 3779/5855/245 3775/6751/243 3791/5919/260
f 3775/5849/243 3770/5851/244 3783/5872/261
f 3721/5782/192 3769/5846/240 3773/5845/239
f 3773/5845/239 3778/5857/247 3728/5783/193
f 3778/5854/247 3771/5856/248 3722/5787/196
f 3734/5803/208 3740/5802/205 3784/5860/250
f 3740/5799/205 3736/5796/202 3788/5866/256
f 3736/5796/202 3733/5798/204 3782/5867/257
f 3793/5877/264 3769/5846/240 3721/5782/192
f 3735/5808/213 3759/5840/236 3746/5921/221
f 3782/5867/257 3733/5798/204 3722/5787/196
f 3757/5829/228 3734/5803/208 3781/5862/252
f 3758/5835/232 3807/5905/284 3794/5882/269
f 3806/5900/280 3783/5872/261 3770/5851/244
f 3820/5922/190 3822/5926/320 3821/5923/191
f 3820/5922/190 3824/6062/193 3825/5925/286
f 3823/5927/195 3825/5931/286 3824/5928/193
f 3827/5930/197 3828/6752/311 3825/5931/286
f 3826/5932/199 3828/5936/311 3827/5933/197
f 3826/5932/199 3821/6052/191 3822/5935/320
f 3832/5938/202 3834/5942/206 3833/5939/203
f 3832/5938/202 3836/6063/205 3837/5941/287
f 3835/5943/207 3837/6753/287 3836/5944/205
f 3839/5946/212 3840/5952/209 3837/5947/287
f 3838/5949/211 3840/5952/209 3839/5946/212
f 3838/5949/211 3833/6754/203 3834/5951/206
f 3844/5953/214 3846/5957/218 3845/5954/215
f 3848/5956/220 3849/5967/313 3846/5957/218
f 3847/5958/219 3849/5967/313 3848/5956/220
f 3847/5960/219 3851/5964/224 3852/5961/288
f 3850/5963/223 3852/5961/288 3851/5964/224
f 3850/5963/223 3845/6755/215 3846/5966/218
f 3856/5969/226 3858/6756/289 3857/5970/227
f 3860/5972/229 3861/6757/297 3858/5973/289
f 3859/5975/231 3861/6757/297 3860/5972/229
f 3859/5977/231 3863/5981/233 3864/5978/237
f 3862/5980/235 3864/5978/237 3863/5981/233
f 3862/5980/235 3857/6055/227 3858/5983/289
f 3868/5984/238 3870/5988/290 3869/5985/239
f 3872/5987/241 3873/5999/315 3870/5988/290
f 3871/5989/243 3873/5993/315 3872/5990/241
f 3875/5992/245 3876/6758/299 3873/5993/315
f 3874/5994/247 3876/6759/299 3875/5995/245
f 3869/5985/239 3870/5988/290 3876/5997/299
f 3880/6000/250 3882/6004/254 3881/6001/251
f 3884/6003/256 3885/6015/253 3882/6004/254
f 3883/6005/255 3885/6009/253 3884/6006/256
f 3883/6005/255 3887/6061/260 3888/6008/258
f 3886/6010/259 3888/6760/258 3887/6011/260
f 3886/6013/259 3881/6001/251 3882/6004/254
f 3892/6016/262 3894/6032/322 3893/6017/263
f 3892/6019/262 3896/6023/268 3897/6020/265
f 3895/6022/267 3897/6020/265 3896/6023/268
f 3895/6025/267 3899/6029/272 3900/6026/318
f 3898/6028/271 3900/6026/318 3899/6029/272
f 3898/6031/271 3893/6017/263 3894/6032/322
f 3904/6035/274 3906/6039/309 3905/6036/275
f 3908/6038/277 3909/6050/344 3906/6039/309
f 3907/6040/279 3909/6761/344 3908/6041/277
f 3911/6043/281 3912/6762/285 3909/6044/344
f 3910/6046/283 3912/6762/285 3911/6043/281
f 3905/6036/275 3906/6039/309 3912/6048/285
f 3817/6051/192 3821/6052/191 3844/5953/214
f 3821/6052/191 3826/5932/199 3848/5956/220
f 3848/5956/220 3826/5932/199 3819/5934/200
f 3829/5940/204 3833/5939/203 3823/5927/195
f 3833/5939/203 3838/6763/211 3827/5930/197
f 3838/5949/211 3831/5950/213 3819/6053/200
f 3853/5971/228 3857/5970/227 3835/5943/207
f 3857/6055/227 3862/5980/235 3839/5946/212
f 3862/5980/235 3855/5982/236 3831/5950/213
f 3843/5965/225 3851/5964/224 3859/5975/231
f 3851/5964/224 3847/5960/219 3863/6056/233
f 3847/6057/219 3842/6066/221 3855/5982/236
f 3889/6018/264 3841/6065/216 3845/6058/215
f 3892/6019/262 3845/6755/215 3850/5963/223
f 3850/5963/223 3843/5965/225 3890/6024/269
f 3901/6037/276 3905/6036/275 3856/5969/226
f 3905/6059/275 3910/6046/283 3860/5972/229
f 3860/5972/229 3910/6046/283 3903/6047/284
f 3891/6030/273 3899/6029/272 3907/6040/279
f 3907/6045/279 3899/6764/272 3895/6022/267
f 3911/6043/281 3895/6022/267 3890/6024/269
f 3889/6018/264 3893/6017/263 3868/5984/238
f 3893/6017/263 3898/6031/271 3872/5987/241
f 3872/5990/241 3898/6028/271 3891/6030/273
f 3877/6002/252 3881/6001/251 3904/6035/274
f 3881/6001/251 3886/6013/259 3908/6038/277
f 3908/6041/277 3886/6010/259 3879/6012/261
f 3867/5996/248 3875/5995/245 3883/6005/255
f 3883/6005/255 3875/5995/245 3871/6060/243
f 3871/5989/243 3866/5991/244 3879/6012/261
f 3865/5986/240 3869/5985/239 3820/5922/190
f 3869/5985/239 3874/5998/247 3824/6062/193
f 3874/5994/247 3867/5996/248 3818/5929/196
f 3830/5945/208 3836/5944/205 3880/6000/250
f 3836/6063/205 3832/5938/202 3884/6006/256
f 3832/5938/202 3829/5940/204 3878/6007/257
f 3889/6018/264 3865/5986/240 3817/5924/192
f 3831/5950/213 3855/5982/236 3842/6066/221
f 3878/6007/257 3829/5940/204 3818/5929/196
f 3853/5971/228 3830/5945/208 3877/6002/252
f 3854/5976/232 3903/6047/284 3890/6024/269
f 3902/6042/280 3879/6012/261 3866/5991/244
f 3916/6067/190 3918/6071/302 3917/6068/191
f 3920/6070/193 3921/6765/198 3918/6071/302
f 3919/6072/195 3921/6076/198 3920/6073/193
f 3923/6075/197 3924/6766/311 3921/6076/198
f 3922/6077/199 3924/6081/311 3923/6078/197
f 3922/6077/199 3917/6197/191 3918/6080/302
f 3928/6083/202 3930/6087/295 3929/6084/203
f 3928/6083/202 3932/6205/205 3933/6086/287
f 3931/6088/207 3933/6767/287 3932/6089/205
f 3931/6091/207 3935/6095/212 3936/6092/209
f 3934/6094/211 3936/6092/209 3935/6095/212
f 3934/6094/211 3929/6768/203 3930/6097/295
f 3940/6098/214 3942/6102/296 3941/6099/215
f 3944/6101/220 3945/6112/313 3942/6102/296
f 3943/6103/219 3945/6112/313 3944/6101/220
f 3943/6105/219 3947/6109/224 3948/6106/288
f 3946/6108/223 3948/6106/288 3947/6109/224
f 3946/6108/223 3941/6769/215 3942/6111/296
f 3952/6114/226 3954/6770/289 3953/6115/227
f 3956/6117/229 3957/6771/297 3954/6118/289
f 3955/6120/231 3957/6771/297 3956/6117/229
f 3955/6122/231 3959/6126/233 3960/6123/237
f 3958/6125/235 3960/6123/237 3959/6126/233
f 3953/6128/227 3954/6129/289 3960/6123/237
f 3964/6130/238 3966/6134/242 3965/6131/239
f 3968/6133/241 3969/6145/315 3966/6134/242
f 3967/6135/243 3969/6139/315 3968/6136/241
f 3971/6138/245 3972/6772/291 3969/6139/315
f 3970/6140/247 3972/6773/291 3971/6141/245
f 3970/6143/247 3965/6131/239 3966/6134/242
f 3976/6146/250 3978/6150/254 3977/6147/251
f 3976/6146/250 3980/6774/256 3981/6149/253
f 3979/6151/255 3981/6155/253 3980/6152/256
f 3983/6154/260 3984/6775/258 3981/6155/253
f 3982/6156/259 3984/6776/258 3983/6157/260
f 3982/6159/259 3977/6147/251 3978/6150/254
f 3988/6161/262 3990/6176/293 3989/6162/263
f 3992/6164/268 3993/6777/265 3990/6165/293
f 3991/6167/267 3993/6777/265 3992/6164/268
f 3991/6169/267 3995/6173/272 3996/6170/318
f 3994/6172/271 3996/6170/318 3995/6173/272
f 3994/6175/271 3989/6162/263 3990/6176/293
f 4000/6179/274 4002/6183/309 4001/6180/275
f 4004/6182/277 4005/6195/282 4002/6183/309
f 4003/6184/279 4005/6778/282 4004/6185/277
f 4003/6187/279 4007/6191/281 4008/6188/285
f 4006/6190/283 4008/6188/285 4007/6191/281
f 4001/6180/275 4002/6183/309 4008/6193/285
f 3913/6196/192 3917/6197/191 3940/6098/214
f 3917/6197/191 3922/6077/199 3944/6101/220
f 3944/6101/220 3922/6077/199 3915/6079/200
f 3925/6085/204 3929/6084/203 3919/6072/195
f 3929/6084/203 3934/6779/211 3923/6075/197
f 3934/6094/211 3927/6096/213 3915/6198/200
f 3949/6116/228 3953/6115/227 3931/6088/207
f 3953/6128/227 3958/6125/235 3935/6095/212
f 3958/6125/235 3951/6127/236 3927/6096/213
f 3939/6110/225 3947/6109/224 3955/6120/231
f 3947/6109/224 3943/6105/219 3959/6200/233
f 3943/6201/219 3938/6208/221 3951/6127/236
f 3985/6163/264 3937/6207/216 3941/6202/215
f 3988/6166/262 3941/6769/215 3946/6108/223
f 3946/6108/223 3939/6110/225 3986/6168/269
f 3949/6116/228 3997/6181/276 4001/6180/275
f 4001/6203/275 4006/6190/283 3956/6117/229
f 3956/6117/229 4006/6190/283 3999/6192/284
f 3998/6186/280 3987/6174/273 3995/6173/272
f 3995/6204/272 3991/6167/267 4007/6191/281
f 3991/6167/267 3986/6168/269 3999/6192/284
f 3985/6163/264 3989/6162/263 3964/6130/238
f 3989/6162/263 3994/6175/271 3968/6133/241
f 3968/6136/241 3994/6172/271 3987/6174/273
f 3973/6148/252 3977/6147/251 4000/6179/274
f 3977/6147/251 3982/6159/259 4004/6182/277
f 4004/6185/277 3982/6156/259 3975/6158/261
f 3963/6142/248 3971/6141/245 3979/6151/255
f 3971/6141/245 3967/6780/243 3983/6154/260
f 3967/6135/243 3962/6137/244 3975/6158/261
f 3961/6132/240 3965/6131/239 3916/6067/190
f 3965/6131/239 3970/6143/247 3920/6070/193
f 3970/6140/247 3963/6142/248 3914/6074/196
f 3926/6090/208 3932/6089/205 3976/6146/250
f 3932/6205/205 3928/6083/202 3980/6152/256
f 3928/6083/202 3925/6085/204 3974/6153/257
f 3985/6163/264 3961/6132/240 3913/6069/192
f 3927/6096/213 3951/6127/236 3938/6208/221
f 3974/6153/257 3925/6085/204 3914/6074/196
f 3949/6116/228 3926/6090/208 3973/6148/252
f 3950/6121/232 3999/6192/284 3986/6168/269
f 3998/6186/280 3975/6158/261 3962/6137/244
