# Blender 5.2.2 LTS
# www.blender.org
o FilingCabinet
v -0.870000 0.100000 1.070000
v -0.870000 0.130000 1.100000
v -0.900000 0.130000 1.070000
v -0.870000 0.108787 1.091213
v -0.887320 0.112679 1.087321
v -0.891213 0.130000 1.091213
v -0.891213 0.108787 1.070000
v -0.870000 4.370000 1.100000
v -0.870000 4.400000 1.070000
v -0.900000 4.370000 1.070000
v -0.870000 4.391213 1.091213
v -0.887320 4.387321 1.087320
v -0.891213 4.391213 1.070000
v -0.891213 4.370000 1.091213
v -0.870000 0.100000 -1.070000
v -0.900000 0.130000 -1.070000
v -0.870000 0.130000 -1.100000
v -0.891213 0.108787 -1.070000
v -0.887320 0.112679 -1.087321
v -0.891213 0.130000 -1.091213
v -0.870000 0.108787 -1.091213
v -0.870000 4.400000 -1.070000
v -0.870000 4.370000 -1.100000
v -0.900000 4.370000 -1.070000
v -0.870000 4.391213 -1.091214
v -0.887320 4.387321 -1.087321
v -0.891213 4.370000 -1.091214
v -0.891213 4.391213 -1.070000
v 0.870000 0.100000 1.070000
v 0.900000 0.130000 1.070000
v 0.870000 0.130000 1.100000
v 0.891213 0.108787 1.070000
v 0.887320 0.112679 1.087321
v 0.891213 0.130000 1.091213
v 0.870000 0.108787 1.091213
v 0.870000 4.400000 1.070000
v 0.870000 4.370000 1.100000
v 0.900000 4.370000 1.070000
v 0.870000 4.391213 1.091213
v 0.887320 4.387321 1.087320
v 0.891213 4.370000 1.091213
v 0.891213 4.391213 1.070000
v 0.870000 0.100000 -1.070000
v 0.870000 0.130000 -1.100000
v 0.900000 0.130000 -1.070000
v 0.870000 0.108787 -1.091213
v 0.887320 0.112679 -1.087321
v 0.891213 0.130000 -1.091213
v 0.891213 0.108787 -1.070000
v 0.870000 4.400000 -1.070000
v 0.900000 4.370000 -1.070000
v 0.870000 4.370000 -1.100000
v 0.891213 4.391213 -1.070000
v 0.887320 4.387321 -1.087321
v 0.891213 4.370000 -1.091214
v 0.870000 4.391213 -1.091214
v -0.790000 0.000000 1.010000
v -0.790000 0.010000 1.020000
v -0.800000 0.010000 1.010000
v -0.790000 0.002929 1.017071
v -0.795774 0.004227 1.015774
v -0.797071 0.010000 1.017071
v -0.797071 0.002929 1.010000
v -0.790000 0.110000 1.020000
v -0.790000 0.120000 1.010000
v -0.800000 0.110000 1.010000
v -0.790000 0.117071 1.017071
v -0.795774 0.115774 1.015774
v -0.797071 0.117071 1.010000
v -0.797071 0.110000 1.017071
v -0.790000 -0.000000 -0.970000
v -0.800000 0.010000 -0.970000
v -0.790000 0.010000 -0.980000
v -0.797071 0.002929 -0.970000
v -0.795774 0.004226 -0.975774
v -0.797071 0.010000 -0.977071
v -0.790000 0.002929 -0.977071
v -0.790000 0.120000 -0.970000
v -0.790000 0.110000 -0.980000
v -0.800000 0.110000 -0.970000
v -0.790000 0.117071 -0.977071
v -0.795774 0.115773 -0.975774
v -0.797071 0.110000 -0.977071
v -0.797071 0.117071 -0.970000
v 0.790000 0.000000 1.010000
v 0.800000 0.010000 1.010000
v 0.790000 0.010000 1.020000
v 0.797071 0.002929 1.010000
v 0.795774 0.004227 1.015774
v 0.797071 0.010000 1.017071
v 0.790000 0.002929 1.017071
v 0.790000 0.120000 1.010000
v 0.790000 0.110000 1.020000
v 0.800000 0.110000 1.010000
v 0.790000 0.117071 1.017071
v 0.795774 0.115774 1.015774
v 0.797071 0.110000 1.017071
v 0.797071 0.117071 1.010000
v 0.790000 -0.000000 -0.970000
v 0.790000 0.010000 -0.980000
v 0.800000 0.010000 -0.970000
v 0.790000 0.002929 -0.977071
v 0.795774 0.004226 -0.975774
v 0.797071 0.010000 -0.977071
v 0.797071 0.002929 -0.970000
v 0.790000 0.120000 -0.970000
v 0.800000 0.110000 -0.970000
v 0.790000 0.110000 -0.980000
v 0.797071 0.117071 -0.970000
v 0.795774 0.115773 -0.975774
v 0.797071 0.110000 -0.977071
v 0.790000 0.117071 -0.977071
v -0.774000 0.160000 -1.116000
v -0.774000 0.196000 -1.080000
v -0.810000 0.196000 -1.116000
v -0.774000 0.164809 -1.098024
v -0.791976 0.164809 -1.116000
v -0.791216 0.169481 -1.098785
v -0.791976 0.196000 -1.084810
v -0.774000 0.178024 -1.084810
v -0.791216 0.178784 -1.089481
v -0.805191 0.178024 -1.116000
v -0.805191 0.196000 -1.098024
v -0.800519 0.178784 -1.098785
v -0.774000 1.404000 -1.080000
v -0.774000 1.440000 -1.116000
v -0.810000 1.404000 -1.116000
v -0.774000 1.421976 -1.084810
v -0.791976 1.404000 -1.084810
v -0.791216 1.421216 -1.089481
v -0.791976 1.435191 -1.116000
v -0.774000 1.435191 -1.098024
v -0.791216 1.430519 -1.098785
v -0.805191 1.404000 -1.098024
v -0.805191 1.421976 -1.116000
v -0.800519 1.421216 -1.098785
v -0.774000 0.160000 -1.124000
v -0.810000 0.196000 -1.124000
v -0.774000 0.196000 -1.160000
v -0.791976 0.164809 -1.124000
v -0.774000 0.164809 -1.141976
v -0.791216 0.169481 -1.141216
v -0.805191 0.196000 -1.141976
v -0.805191 0.178024 -1.124000
v -0.800519 0.178784 -1.141216
v -0.774000 0.178024 -1.155191
v -0.791976 0.196000 -1.155191
v -0.791216 0.178784 -1.150519
v -0.774000 1.440000 -1.124000
v -0.774000 1.404000 -1.160000
v -0.810000 1.404000 -1.124000
v -0.774000 1.435191 -1.141977
v -0.791976 1.435191 -1.124000
v -0.791216 1.430519 -1.141216
v -0.791976 1.404000 -1.155191
v -0.774000 1.421976 -1.155191
v -0.791216 1.421216 -1.150519
v -0.805191 1.421976 -1.124000
v -0.805191 1.404000 -1.141977
v -0.800519 1.421216 -1.141216
v 0.774000 0.160000 -1.116000
v 0.810000 0.196000 -1.116000
v 0.774000 0.196000 -1.080000
v 0.791976 0.164809 -1.116000
v 0.774000 0.164809 -1.098024
v 0.791216 0.169481 -1.098785
v 0.805191 0.196000 -1.098024
v 0.805191 0.178024 -1.116000
v 0.800519 0.178784 -1.098785
v 0.774000 0.178024 -1.084810
v 0.791976 0.196000 -1.084810
v 0.791216 0.178784 -1.089481
v 0.774000 1.440000 -1.116000
v 0.774000 1.404000 -1.080000
v 0.810000 1.404000 -1.116000
v 0.774000 1.435191 -1.098024
v 0.791976 1.435191 -1.116000
v 0.791216 1.430519 -1.098785
v 0.791976 1.404000 -1.084810
v 0.774000 1.421976 -1.084810
v 0.791216 1.421216 -1.089481
v 0.805191 1.421976 -1.116000
v 0.805191 1.404000 -1.098024
v 0.800519 1.421216 -1.098785
v 0.774000 0.160000 -1.124000
v 0.774000 0.196000 -1.160000
v 0.810000 0.196000 -1.124000
v 0.774000 0.164809 -1.141976
v 0.791976 0.164809 -1.124000
v 0.791216 0.169481 -1.141216
v 0.791976 0.196000 -1.155191
v 0.774000 0.178024 -1.155191
v 0.791216 0.178784 -1.150519
v 0.805191 0.178024 -1.124000
v 0.805191 0.196000 -1.141976
v 0.800519 0.178784 -1.141216
v 0.774000 1.440000 -1.124000
v 0.810000 1.404000 -1.124000
v 0.774000 1.404000 -1.160000
v 0.791976 1.435191 -1.124000
v 0.774000 1.435191 -1.141977
v 0.791216 1.430519 -1.141216
v 0.805191 1.404000 -1.141977
v 0.805191 1.421976 -1.124000
v 0.800519 1.421216 -1.141216
v 0.774000 1.421976 -1.155191
v 0.791976 1.404000 -1.155191
v 0.791216 1.421216 -1.150519
v -0.632000 0.300000 -1.158000
v -0.632000 0.318000 -1.140000
v -0.650000 0.318000 -1.158000
v -0.632000 0.305272 -1.145272
v -0.642392 0.307608 -1.147608
v -0.644728 0.318000 -1.145272
v -0.644728 0.305272 -1.158000
v -0.632000 1.182000 -1.140000
v -0.632000 1.200000 -1.158000
v -0.650000 1.182000 -1.158000
v -0.632000 1.194728 -1.145272
v -0.642392 1.192392 -1.147608
v -0.644728 1.194728 -1.158000
v -0.644728 1.182000 -1.145272
v -0.632000 0.300000 -1.162000
v -0.650000 0.318000 -1.162000
v -0.632000 0.318000 -1.180000
v -0.644728 0.305272 -1.162000
v -0.642392 0.307608 -1.172392
v -0.644728 0.318000 -1.174728
v -0.632000 0.305272 -1.174728
v -0.632000 1.200000 -1.162000
v -0.632000 1.182000 -1.180000
v -0.650000 1.182000 -1.162000
v -0.632000 1.194728 -1.174728
v -0.642392 1.192392 -1.172392
v -0.644728 1.182000 -1.174728
v -0.644728 1.194728 -1.162000
v 0.632000 0.300000 -1.158000
v 0.650000 0.318000 -1.158000
v 0.632000 0.318000 -1.140000
v 0.644728 0.305272 -1.158000
v 0.642392 0.307608 -1.147608
v 0.644728 0.318000 -1.145272
v 0.632000 0.305272 -1.145272
v 0.632000 1.200000 -1.158000
v 0.632000 1.182000 -1.140000
v 0.650000 1.182000 -1.158000
v 0.632000 1.194728 -1.145272
v 0.642392 1.192392 -1.147608
v 0.644728 1.182000 -1.145272
v 0.644728 1.194728 -1.158000
v 0.632000 0.300000 -1.162000
v 0.632000 0.318000 -1.180000
v 0.650000 0.318000 -1.162000
v 0.632000 0.305272 -1.174728
v 0.642392 0.307608 -1.172392
v 0.644728 0.318000 -1.174728
v 0.644728 0.305272 -1.162000
v 0.632000 1.200000 -1.162000
v 0.650000 1.182000 -1.162000
v 0.632000 1.182000 -1.180000
v 0.644728 1.194728 -1.162000
v 0.642392 1.192392 -1.172392
v 0.644728 1.182000 -1.174728
v 0.632000 1.194728 -1.174728
v -0.240000 1.105000 -1.175000
v -0.240000 1.115000 -1.165000
v -0.250000 1.115000 -1.175000
v -0.240000 1.107929 -1.167929
v -0.245774 1.109226 -1.169227
v -0.247071 1.115000 -1.167929
v -0.247071 1.107929 -1.175000
v -0.240000 1.345000 -1.165000
v -0.240000 1.355000 -1.175000
v -0.250000 1.345000 -1.175000
v -0.240000 1.352071 -1.167929
v -0.245774 1.350774 -1.169227
v -0.247071 1.352071 -1.175000
v -0.247071 1.345000 -1.167929
v -0.240000 1.105000 -1.205000
v -0.250000 1.115000 -1.205000
v -0.240000 1.115000 -1.215000
v -0.247071 1.107929 -1.205000
v -0.245774 1.109226 -1.210773
v -0.247071 1.115000 -1.212071
v -0.240000 1.107929 -1.212071
v -0.240000 1.355000 -1.205000
v -0.240000 1.345000 -1.215000
v -0.250000 1.345000 -1.205000
v -0.240000 1.352071 -1.212071
v -0.245774 1.350774 -1.210773
v -0.247071 1.345000 -1.212071
v -0.247071 1.352071 -1.205000
v 0.240000 1.105000 -1.175000
v 0.250000 1.115000 -1.175000
v 0.240000 1.115000 -1.165000
v 0.247071 1.107929 -1.175000
v 0.245774 1.109226 -1.169227
v 0.247071 1.115000 -1.167929
v 0.240000 1.107929 -1.167929
v 0.240000 1.355000 -1.175000
v 0.240000 1.345000 -1.165000
v 0.250000 1.345000 -1.175000
v 0.240000 1.352071 -1.167929
v 0.245774 1.350774 -1.169227
v 0.247071 1.345000 -1.167929
v 0.247071 1.352071 -1.175000
v 0.240000 1.105000 -1.205000
v 0.240000 1.115000 -1.215000
v 0.250000 1.115000 -1.205000
v 0.240000 1.107929 -1.212071
v 0.245774 1.109226 -1.210773
v 0.247071 1.115000 -1.212071
v 0.247071 1.107929 -1.205000
v 0.240000 1.355000 -1.205000
v 0.250000 1.345000 -1.205000
v 0.240000 1.345000 -1.215000
v 0.247071 1.352071 -1.205000
v 0.245774 1.350774 -1.210773
v 0.247071 1.345000 -1.212071
v 0.240000 1.352071 -1.212071
v -0.270000 0.910000 -1.210000
v -0.270000 0.940000 -1.180000
v -0.300000 0.940000 -1.210000
v -0.270000 0.914008 -1.195020
v -0.284980 0.914008 -1.210000
v -0.284346 0.917901 -1.195654
v -0.284980 0.940000 -1.184008
v -0.270000 0.925020 -1.184008
v -0.284346 0.925654 -1.187901
v -0.295992 0.925020 -1.210000
v -0.295992 0.940000 -1.195020
v -0.292099 0.925654 -1.195654
v -0.270000 0.960000 -1.180000
v -0.270000 0.990000 -1.210000
v -0.300000 0.960000 -1.210000
v -0.270000 0.974980 -1.184008
v -0.284980 0.960000 -1.184008
v -0.284346 0.974346 -1.187901
v -0.284980 0.985992 -1.210000
v -0.270000 0.985992 -1.195020
v -0.284346 0.982099 -1.195654
v -0.295992 0.960000 -1.195020
v -0.295992 0.974980 -1.210000
v -0.292099 0.974346 -1.195654
v -0.270000 0.910000 -1.270000
v -0.300000 0.940000 -1.270000
v -0.270000 0.940000 -1.300000
v -0.284980 0.914008 -1.270000
v -0.270000 0.914008 -1.284980
v -0.284346 0.917901 -1.284346
v -0.295992 0.940000 -1.284980
v -0.295992 0.925020 -1.270000
v -0.292099 0.925654 -1.284346
v -0.270000 0.925020 -1.295992
v -0.284980 0.940000 -1.295992
v -0.284346 0.925654 -1.292099
v -0.270000 0.990000 -1.270000
v -0.270000 0.960000 -1.300000
v -0.300000 0.960000 -1.270000
v -0.270000 0.985992 -1.284980
v -0.284980 0.985992 -1.270000
v -0.284346 0.982099 -1.284346
v -0.284980 0.960000 -1.295992
v -0.270000 0.974980 -1.295992
v -0.284346 0.974346 -1.292099
v -0.295992 0.974980 -1.270000
v -0.295992 0.960000 -1.284980
v -0.292099 0.974346 -1.284346
v 0.270000 0.910000 -1.210000
v 0.300000 0.940000 -1.210000
v 0.270000 0.940000 -1.180000
v 0.284980 0.914008 -1.210000
v 0.270000 0.914008 -1.195020
v 0.284346 0.917901 -1.195654
v 0.295992 0.940000 -1.195020
v 0.295992 0.925020 -1.210000
v 0.292099 0.925654 -1.195654
v 0.270000 0.925020 -1.184008
v 0.284980 0.940000 -1.184008
v 0.284346 0.925654 -1.187901
v 0.270000 0.990000 -1.210000
v 0.270000 0.960000 -1.180000
v 0.300000 0.960000 -1.210000
v 0.270000 0.985992 -1.195020
v 0.284980 0.985992 -1.210000
v 0.284346 0.982099 -1.195654
v 0.284980 0.960000 -1.184008
v 0.270000 0.974980 -1.184008
v 0.284346 0.974346 -1.187901
v 0.295992 0.974980 -1.210000
v 0.295992 0.960000 -1.195020
v 0.292099 0.974346 -1.195654
v 0.270000 0.910000 -1.270000
v 0.270000 0.940000 -1.300000
v 0.300000 0.940000 -1.270000
v 0.270000 0.914008 -1.284980
v 0.284980 0.914008 -1.270000
v 0.284346 0.917901 -1.284346
v 0.284980 0.940000 -1.295992
v 0.270000 0.925020 -1.295992
v 0.284346 0.925654 -1.292099
v 0.295992 0.925020 -1.270000
v 0.295992 0.940000 -1.284980
v 0.292099 0.925654 -1.284346
v 0.270000 0.990000 -1.270000
v 0.300000 0.960000 -1.270000
v 0.270000 0.960000 -1.300000
v 0.284980 0.985992 -1.270000
v 0.270000 0.985992 -1.284980
v 0.284346 0.982099 -1.284346
v 0.295992 0.960000 -1.284980
v 0.295992 0.974980 -1.270000
v 0.292099 0.974346 -1.284346
v 0.270000 0.974980 -1.295992
v 0.284980 0.960000 -1.295992
v 0.284346 0.974346 -1.292099
v -0.774000 1.560000 -1.116000
v -0.774000 1.596000 -1.080000
v -0.810000 1.596000 -1.116000
v -0.774000 1.564810 -1.098024
v -0.791976 1.564810 -1.116000
v -0.791216 1.569481 -1.098785
v -0.791976 1.596000 -1.084810
v -0.774000 1.578024 -1.084810
v -0.791216 1.578785 -1.089481
v -0.805191 1.578024 -1.116000
v -0.805191 1.596000 -1.098024
v -0.800519 1.578785 -1.098785
v -0.774000 2.804000 -1.080000
v -0.774000 2.840000 -1.116000
v -0.810000 2.804000 -1.116000
v -0.774000 2.821976 -1.084810
v -0.791976 2.804000 -1.084810
v -0.791216 2.821216 -1.089481
v -0.791976 2.835191 -1.116000
v -0.774000 2.835191 -1.098024
v -0.791216 2.830519 -1.098785
v -0.805191 2.804000 -1.098024
v -0.805191 2.821976 -1.116000
v -0.800519 2.821216 -1.098785
v -0.774000 1.560000 -1.124000
v -0.810000 1.596000 -1.124000
v -0.774000 1.596000 -1.160000
v -0.791976 1.564810 -1.124000
v -0.774000 1.564810 -1.141977
v -0.791216 1.569481 -1.141216
v -0.805191 1.596000 -1.141977
v -0.805191 1.578024 -1.124000
v -0.800519 1.578785 -1.141216
v -0.774000 1.578024 -1.155191
v -0.791976 1.596000 -1.155191
v -0.791216 1.578785 -1.150519
v -0.774000 2.840000 -1.124000
v -0.774000 2.804000 -1.160000
v -0.810000 2.804000 -1.124000
v -0.774000 2.835191 -1.141977
v -0.791976 2.835191 -1.124000
v -0.791216 2.830519 -1.141216
v -0.791976 2.804000 -1.155191
v -0.774000 2.821976 -1.155191
v -0.791216 2.821216 -1.150519
v -0.805191 2.821976 -1.124000
v -0.805191 2.804000 -1.141977
v -0.800519 2.821216 -1.141216
v 0.774000 1.560000 -1.116000
v 0.810000 1.596000 -1.116000
v 0.774000 1.596000 -1.080000
v 0.791976 1.564810 -1.116000
v 0.774000 1.564810 -1.098024
v 0.791216 1.569481 -1.098785
v 0.805191 1.596000 -1.098024
v 0.805191 1.578024 -1.116000
v 0.800519 1.578785 -1.098785
v 0.774000 1.578024 -1.084810
v 0.791976 1.596000 -1.084810
v 0.791216 1.578785 -1.089481
v 0.774000 2.840000 -1.116000
v 0.774000 2.804000 -1.080000
v 0.810000 2.804000 -1.116000
v 0.774000 2.835191 -1.098024
v 0.791976 2.835191 -1.116000
v 0.791216 2.830519 -1.098785
v 0.791976 2.804000 -1.084810
v 0.774000 2.821976 -1.084810
v 0.791216 2.821216 -1.089481
v 0.805191 2.821976 -1.116000
v 0.805191 2.804000 -1.098024
v 0.800519 2.821216 -1.098785
v 0.774000 1.560000 -1.124000
v 0.774000 1.596000 -1.160000
v 0.810000 1.596000 -1.124000
v 0.774000 1.564810 -1.141977
v 0.791976 1.564810 -1.124000
v 0.791216 1.569481 -1.141216
v 0.791976 1.596000 -1.155191
v 0.774000 1.578024 -1.155191
v 0.791216 1.578785 -1.150519
v 0.805191 1.578024 -1.124000
v 0.805191 1.596000 -1.141977
v 0.800519 1.578785 -1.141216
v 0.774000 2.840000 -1.124000
v 0.810000 2.804000 -1.124000
v 0.774000 2.804000 -1.160000
v 0.791976 2.835191 -1.124000
v 0.774000 2.835191 -1.141977
v 0.791216 2.830519 -1.141216
v 0.805191 2.804000 -1.141977
v 0.805191 2.821976 -1.124000
v 0.800519 2.821216 -1.141216
v 0.774000 2.821976 -1.155191
v 0.791976 2.804000 -1.155191
v 0.791216 2.821216 -1.150519
v -0.632000 1.700000 -1.158000
v -0.632000 1.718000 -1.140000
v -0.650000 1.718000 -1.158000
v -0.632000 1.705272 -1.145272
v -0.642392 1.707608 -1.147608
v -0.644728 1.718000 -1.145272
v -0.644728 1.705272 -1.158000
v -0.632000 2.582000 -1.140000
v -0.632000 2.600000 -1.158000
v -0.650000 2.582000 -1.158000
v -0.632000 2.594728 -1.145272
v -0.642392 2.592392 -1.147608
v -0.644728 2.594728 -1.158000
v -0.644728 2.582000 -1.145272
v -0.632000 1.700000 -1.162000
v -0.650000 1.718000 -1.162000
v -0.632000 1.718000 -1.180000
v -0.644728 1.705272 -1.162000
v -0.642392 1.707608 -1.172392
v -0.644728 1.718000 -1.174728
v -0.632000 1.705272 -1.174728
v -0.632000 2.600000 -1.162000
v -0.632000 2.582000 -1.180000
v -0.650000 2.582000 -1.162000
v -0.632000 2.594728 -1.174728
v -0.642392 2.592392 -1.172392
v -0.644728 2.582000 -1.174728
v -0.644728 2.594728 -1.162000
v 0.632000 1.700000 -1.158000
v 0.650000 1.718000 -1.158000
v 0.632000 1.718000 -1.140000
v 0.644728 1.705272 -1.158000
v 0.642392 1.707608 -1.147608
v 0.644728 1.718000 -1.145272
v 0.632000 1.705272 -1.145272
v 0.632000 2.600000 -1.158000
v 0.632000 2.582000 -1.140000
v 0.650000 2.582000 -1.158000
v 0.632000 2.594728 -1.145272
v 0.642392 2.592392 -1.147608
v 0.644728 2.582000 -1.145272
v 0.644728 2.594728 -1.158000
v 0.632000 1.700000 -1.162000
v 0.632000 1.718000 -1.180000
v 0.650000 1.718000 -1.162000
v 0.632000 1.705272 -1.174728
v 0.642392 1.707608 -1.172392
v 0.644728 1.718000 -1.174728
v 0.644728 1.705272 -1.162000
v 0.632000 2.600000 -1.162000
v 0.650000 2.582000 -1.162000
v 0.632000 2.582000 -1.180000
v 0.644728 2.594728 -1.162000
v 0.642392 2.592392 -1.172392
v 0.644728 2.582000 -1.174728
v 0.632000 2.594728 -1.174728
v -0.240000 2.505000 -1.175000
v -0.240000 2.515000 -1.165000
v -0.250000 2.515000 -1.175000
v -0.240000 2.507929 -1.167929
v -0.245774 2.509227 -1.169227
v -0.247071 2.515000 -1.167929
v -0.247071 2.507929 -1.175000
v -0.240000 2.745000 -1.165000
v -0.240000 2.755000 -1.175000
v -0.250000 2.745000 -1.175000
v -0.240000 2.752071 -1.167929
v -0.245774 2.750773 -1.169227
v -0.247071 2.752071 -1.175000
v -0.247071 2.745000 -1.167929
v -0.240000 2.505000 -1.205000
v -0.250000 2.515000 -1.205000
v -0.240000 2.515000 -1.215000
v -0.247071 2.507929 -1.205000
v -0.245774 2.509227 -1.210774
v -0.247071 2.515000 -1.212071
v -0.240000 2.507929 -1.212071
v -0.240000 2.755000 -1.205000
v -0.240000 2.745000 -1.215000
v -0.250000 2.745000 -1.205000
v -0.240000 2.752071 -1.212071
v -0.245774 2.750773 -1.210774
v -0.247071 2.745000 -1.212071
v -0.247071 2.752071 -1.205000
v 0.240000 2.505000 -1.175000
v 0.250000 2.515000 -1.175000
v 0.240000 2.515000 -1.165000
v 0.247071 2.507929 -1.175000
v 0.245774 2.509227 -1.169227
v 0.247071 2.515000 -1.167929
v 0.240000 2.507929 -1.167929
v 0.240000 2.755000 -1.175000
v 0.240000 2.745000 -1.165000
v 0.250000 2.745000 -1.175000
v 0.240000 2.752071 -1.167929
v 0.245774 2.750773 -1.169227
v 0.247071 2.745000 -1.167929
v 0.247071 2.752071 -1.175000
v 0.240000 2.505000 -1.205000
v 0.240000 2.515000 -1.215000
v 0.250000 2.515000 -1.205000
v 0.240000 2.507929 -1.212071
v 0.245774 2.509227 -1.210774
v 0.247071 2.515000 -1.212071
v 0.247071 2.507929 -1.205000
v 0.240000 2.755000 -1.205000
v 0.250000 2.745000 -1.205000
v 0.240000 2.745000 -1.215000
v 0.247071 2.752071 -1.205000
v 0.245774 2.750773 -1.210774
v 0.247071 2.745000 -1.212071
v 0.240000 2.752071 -1.212071
v -0.270000 2.310000 -1.210000
v -0.270000 2.340000 -1.180000
v -0.300000 2.340000 -1.210000
v -0.270000 2.314008 -1.195020
v -0.284980 2.314008 -1.210000
v -0.284346 2.317901 -1.195654
v -0.284980 2.340000 -1.184008
v -0.270000 2.325020 -1.184008
v -0.284346 2.325654 -1.187901
v -0.295992 2.325020 -1.210000
v -0.295992 2.340000 -1.195020
v -0.292099 2.325654 -1.195654
v -0.270000 2.360000 -1.180000
v -0.270000 2.390000 -1.210000
v -0.300000 2.360000 -1.210000
v -0.270000 2.374980 -1.184008
v -0.284980 2.360000 -1.184008
v -0.284346 2.374346 -1.187901
v -0.284980 2.385992 -1.210000
v -0.270000 2.385992 -1.195020
v -0.284346 2.382099 -1.195654
v -0.295992 2.360000 -1.195020
v -0.295992 2.374980 -1.210000
v -0.292099 2.374346 -1.195654
v -0.270000 2.310000 -1.270000
v -0.300000 2.340000 -1.270000
v -0.270000 2.340000 -1.300000
v -0.284980 2.314008 -1.270000
v -0.270000 2.314008 -1.284980
v -0.284346 2.317901 -1.284346
v -0.295992 2.340000 -1.284980
v -0.295992 2.325020 -1.270000
v -0.292099 2.325654 -1.284346
v -0.270000 2.325020 -1.295992
v -0.284980 2.340000 -1.295992
v -0.284346 2.325654 -1.292099
v -0.270000 2.390000 -1.270000
v -0.270000 2.360000 -1.300000
v -0.300000 2.360000 -1.270000
v -0.270000 2.385992 -1.284980
v -0.284980 2.385992 -1.270000
v -0.284346 2.382099 -1.284346
v -0.284980 2.360000 -1.295992
v -0.270000 2.374980 -1.295992
v -0.284346 2.374346 -1.292099
v -0.295992 2.374980 -1.270000
v -0.295992 2.360000 -1.284980
v -0.292099 2.374346 -1.284346
v 0.270000 2.310000 -1.210000
v 0.300000 2.340000 -1.210000
v 0.270000 2.340000 -1.180000
v 0.284980 2.314008 -1.210000
v 0.270000 2.314008 -1.195020
v 0.284346 2.317901 -1.195654
v 0.295992 2.340000 -1.195020
v 0.295992 2.325020 -1.210000
v 0.292099 2.325654 -1.195654
v 0.270000 2.325020 -1.184008
v 0.284980 2.340000 -1.184008
v 0.284346 2.325654 -1.187901
v 0.270000 2.390000 -1.210000
v 0.270000 2.360000 -1.180000
v 0.300000 2.360000 -1.210000
v 0.270000 2.385992 -1.195020
v 0.284980 2.385992 -1.210000
v 0.284346 2.382099 -1.195654
v 0.284980 2.360000 -1.184008
v 0.270000 2.374980 -1.184008
v 0.284346 2.374346 -1.187901
v 0.295992 2.374980 -1.210000
v 0.295992 2.360000 -1.195020
v 0.292099 2.374346 -1.195654
v 0.270000 2.310000 -1.270000
v 0.270000 2.340000 -1.300000
v 0.300000 2.340000 -1.270000
v 0.270000 2.314008 -1.284980
v 0.284980 2.314008 -1.270000
v 0.284346 2.317901 -1.284346
v 0.284980 2.340000 -1.295992
v 0.270000 2.325020 -1.295992
v 0.284346 2.325654 -1.292099
v 0.295992 2.325020 -1.270000
v 0.295992 2.340000 -1.284980
v 0.292099 2.325654 -1.284346
v 0.270000 2.390000 -1.270000
v 0.300000 2.360000 -1.270000
v 0.270000 2.360000 -1.300000
v 0.284980 2.385992 -1.270000
v 0.270000 2.385992 -1.284980
v 0.284346 2.382099 -1.284346
v 0.295992 2.360000 -1.284980
v 0.295992 2.374980 -1.270000
v 0.292099 2.374346 -1.284346
v 0.270000 2.374980 -1.295992
v 0.284980 2.360000 -1.295992
v 0.284346 2.374346 -1.292099
v -0.774000 2.960000 -1.116000
v -0.774000 2.996000 -1.080000
v -0.810000 2.996000 -1.116000
v -0.774000 2.964810 -1.098024
v -0.791976 2.964810 -1.116000
v -0.791216 2.969481 -1.098785
v -0.791976 2.996000 -1.084810
v -0.774000 2.978024 -1.084810
v -0.791216 2.978785 -1.089481
v -0.805191 2.978024 -1.116000
v -0.805191 2.996000 -1.098024
v -0.800519 2.978785 -1.098785
v -0.774000 4.204000 -1.080000
v -0.774000 4.240000 -1.116000
v -0.810000 4.204000 -1.116000
v -0.774000 4.221977 -1.084810
v -0.791976 4.204000 -1.084810
v -0.791216 4.221216 -1.089482
v -0.791976 4.235191 -1.116000
v -0.774000 4.235191 -1.098024
v -0.791216 4.230519 -1.098785
v -0.805191 4.204000 -1.098024
v -0.805191 4.221977 -1.116000
v -0.800519 4.221216 -1.098785
v -0.774000 2.960000 -1.124000
v -0.810000 2.996000 -1.124000
v -0.774000 2.996000 -1.160000
v -0.791976 2.964810 -1.124000
v -0.774000 2.964810 -1.141977
v -0.791216 2.969481 -1.141216
v -0.805191 2.996000 -1.141977
v -0.805191 2.978024 -1.124000
v -0.800519 2.978785 -1.141216
v -0.774000 2.978024 -1.155191
v -0.791976 2.996000 -1.155191
v -0.791216 2.978785 -1.150519
v -0.774000 4.240000 -1.124000
v -0.774000 4.204000 -1.160000
v -0.810000 4.204000 -1.124000
v -0.774000 4.235191 -1.141977
v -0.791976 4.235191 -1.124000
v -0.791216 4.230519 -1.141216
v -0.791976 4.204000 -1.155191
v -0.774000 4.221977 -1.155191
v -0.791216 4.221216 -1.150519
v -0.805191 4.221977 -1.124000
v -0.805191 4.204000 -1.141977
v -0.800519 4.221216 -1.141216
v 0.774000 2.960000 -1.116000
v 0.810000 2.996000 -1.116000
v 0.774000 2.996000 -1.080000
v 0.791976 2.964810 -1.116000
v 0.774000 2.964810 -1.098024
v 0.791216 2.969481 -1.098785
v 0.805191 2.996000 -1.098024
v 0.805191 2.978024 -1.116000
v 0.800519 2.978785 -1.098785
v 0.774000 2.978024 -1.084810
v 0.791976 2.996000 -1.084810
v 0.791216 2.978785 -1.089481
v 0.774000 4.240000 -1.116000
v 0.774000 4.204000 -1.080000
v 0.810000 4.204000 -1.116000
v 0.774000 4.235191 -1.098024
v 0.791976 4.235191 -1.116000
v 0.791216 4.230519 -1.098785
v 0.791976 4.204000 -1.084810
v 0.774000 4.221977 -1.084810
v 0.791216 4.221216 -1.089482
v 0.805191 4.221977 -1.116000
v 0.805191 4.204000 -1.098024
v 0.800519 4.221216 -1.098785
v 0.774000 2.960000 -1.124000
v 0.774000 2.996000 -1.160000
v 0.810000 2.996000 -1.124000
v 0.774000 2.964810 -1.141977
v 0.791976 2.964810 -1.124000
v 0.791216 2.969481 -1.141216
v 0.791976 2.996000 -1.155191
v 0.774000 2.978024 -1.155191
v 0.791216 2.978785 -1.150519
v 0.805191 2.978024 -1.124000
v 0.805191 2.996000 -1.141977
v 0.800519 2.978785 -1.141216
v 0.774000 4.240000 -1.124000
v 0.810000 4.204000 -1.124000
v 0.774000 4.204000 -1.160000
v 0.791976 4.235191 -1.124000
v 0.774000 4.235191 -1.141977
v 0.791216 4.230519 -1.141216
v 0.805191 4.204000 -1.141977
v 0.805191 4.221977 -1.124000
v 0.800519 4.221216 -1.141216
v 0.774000 4.221977 -1.155191
v 0.791976 4.204000 -1.155191
v 0.791216 4.221216 -1.150519
v -0.632000 3.100000 -1.158000
v -0.632000 3.118000 -1.140000
v -0.650000 3.118000 -1.158000
v -0.632000 3.105272 -1.145272
v -0.642392 3.107608 -1.147608
v -0.644728 3.118000 -1.145272
v -0.644728 3.105272 -1.158000
v -0.632000 3.982000 -1.140000
v -0.632000 4.000000 -1.158000
v -0.650000 3.982000 -1.158000
v -0.632000 3.994728 -1.145272
v -0.642392 3.992393 -1.147608
v -0.644728 3.994728 -1.158000
v -0.644728 3.982000 -1.145272
v -0.632000 3.100000 -1.162000
v -0.650000 3.118000 -1.162000
v -0.632000 3.118000 -1.180000
v -0.644728 3.105272 -1.162000
v -0.642392 3.107608 -1.172392
v -0.644728 3.118000 -1.174728
v -0.632000 3.105272 -1.174728
v -0.632000 4.000000 -1.162000
v -0.632000 3.982000 -1.180000
v -0.650000 3.982000 -1.162000
v -0.632000 3.994728 -1.174728
v -0.642392 3.992393 -1.172392
v -0.644728 3.982000 -1.174728
v -0.644728 3.994728 -1.162000
v 0.632000 3.100000 -1.158000
v 0.650000 3.118000 -1.158000
v 0.632000 3.118000 -1.140000
v 0.644728 3.105272 -1.158000
v 0.642392 3.107608 -1.147608
v 0.644728 3.118000 -1.145272
v 0.632000 3.105272 -1.145272
v 0.632000 4.000000 -1.158000
v 0.632000 3.982000 -1.140000
v 0.650000 3.982000 -1.158000
v 0.632000 3.994728 -1.145272
v 0.642392 3.992393 -1.147608
v 0.644728 3.982000 -1.145272
v 0.644728 3.994728 -1.158000
v 0.632000 3.100000 -1.162000
v 0.632000 3.118000 -1.180000
v 0.650000 3.118000 -1.162000
v 0.632000 3.105272 -1.174728
v 0.642392 3.107608 -1.172392
v 0.644728 3.118000 -1.174728
v 0.644728 3.105272 -1.162000
v 0.632000 4.000000 -1.162000
v 0.650000 3.982000 -1.162000
v 0.632000 3.982000 -1.180000
v 0.644728 3.994728 -1.162000
v 0.642392 3.992393 -1.172392
v 0.644728 3.982000 -1.174728
v 0.632000 3.994728 -1.174728
v -0.240000 3.905000 -1.175000
v -0.240000 3.915000 -1.165000
v -0.250000 3.915000 -1.175000
v -0.240000 3.907929 -1.167929
v -0.245774 3.909227 -1.169227
v -0.247071 3.915000 -1.167929
v -0.247071 3.907929 -1.175000
v -0.240000 4.145000 -1.165000
v -0.240000 4.155000 -1.175000
v -0.250000 4.145000 -1.175000
v -0.240000 4.152071 -1.167929
v -0.245774 4.150773 -1.169227
v -0.247071 4.152071 -1.175000
v -0.247071 4.145000 -1.167929
v -0.240000 3.905000 -1.205000
v -0.250000 3.915000 -1.205000
v -0.240000 3.915000 -1.215000
v -0.247071 3.907929 -1.205000
v -0.245774 3.909227 -1.210774
v -0.247071 3.915000 -1.212071
v -0.240000 3.907929 -1.212071
v -0.240000 4.155000 -1.205000
v -0.240000 4.145000 -1.215000
v -0.250000 4.145000 -1.205000
v -0.240000 4.152071 -1.212071
v -0.245774 4.150773 -1.210774
v -0.247071 4.145000 -1.212071
v -0.247071 4.152071 -1.205000
v 0.240000 3.905000 -1.175000
v 0.250000 3.915000 -1.175000
v 0.240000 3.915000 -1.165000
v 0.247071 3.907929 -1.175000
v 0.245774 3.909227 -1.169227
v 0.247071 3.915000 -1.167929
v 0.240000 3.907929 -1.167929
v 0.240000 4.155000 -1.175000
v 0.240000 4.145000 -1.165000
v 0.250000 4.145000 -1.175000
v 0.240000 4.152071 -1.167929
v 0.245774 4.150773 -1.169227
v 0.247071 4.145000 -1.167929
v 0.247071 4.152071 -1.175000
v 0.240000 3.905000 -1.205000
v 0.240000 3.915000 -1.215000
v 0.250000 3.915000 -1.205000
v 0.240000 3.907929 -1.212071
v 0.245774 3.909227 -1.210774
v 0.247071 3.915000 -1.212071
v 0.247071 3.907929 -1.205000
v 0.240000 4.155000 -1.205000
v 0.250000 4.145000 -1.205000
v 0.240000 4.145000 -1.215000
v 0.247071 4.152071 -1.205000
v 0.245774 4.150773 -1.210774
v 0.247071 4.145000 -1.212071
v 0.240000 4.152071 -1.212071
v -0.270000 3.710000 -1.210000
v -0.270000 3.740000 -1.180000
v -0.300000 3.740000 -1.210000
v -0.270000 3.714008 -1.195020
v -0.284980 3.714008 -1.210000
v -0.284346 3.717901 -1.195654
v -0.284980 3.740000 -1.184008
v -0.270000 3.725019 -1.184008
v -0.284346 3.725653 -1.187901
v -0.295992 3.725019 -1.210000
v -0.295992 3.740000 -1.195020
v -0.292099 3.725653 -1.195654
v -0.270000 3.760000 -1.180000
v -0.270000 3.790000 -1.210000
v -0.300000 3.760000 -1.210000
v -0.270000 3.774981 -1.184008
v -0.284980 3.760000 -1.184008
v -0.284346 3.774347 -1.187901
v -0.284980 3.785992 -1.210000
v -0.270000 3.785992 -1.195020
v -0.284346 3.782099 -1.195654
v -0.295992 3.760000 -1.195020
v -0.295992 3.774981 -1.210000
v -0.292099 3.774347 -1.195654
v -0.270000 3.710000 -1.270000
v -0.300000 3.740000 -1.270000
v -0.270000 3.740000 -1.300000
v -0.284980 3.714008 -1.270000
v -0.270000 3.714008 -1.284980
v -0.284346 3.717901 -1.284346
v -0.295992 3.740000 -1.284980
v -0.295992 3.725019 -1.270000
v -0.292099 3.725653 -1.284346
v -0.270000 3.725019 -1.295992
v -0.284980 3.740000 -1.295992
v -0.284346 3.725653 -1.292099
v -0.270000 3.790000 -1.270000
v -0.270000 3.760000 -1.300000
v -0.300000 3.760000 -1.270000
v -0.270000 3.785992 -1.284980
v -0.284980 3.785992 -1.270000
v -0.284346 3.782099 -1.284346
v -0.284980 3.760000 -1.295992
v -0.270000 3.774981 -1.295992
v -0.284346 3.774347 -1.292099
v -0.295992 3.774981 -1.270000
v -0.295992 3.760000 -1.284980
v -0.292099 3.774347 -1.284346
v 0.270000 3.710000 -1.210000
v 0.300000 3.740000 -1.210000
v 0.270000 3.740000 -1.180000
v 0.284980 3.714008 -1.210000
v 0.270000 3.714008 -1.195020
v 0.284346 3.717901 -1.195654
v 0.295992 3.740000 -1.195020
v 0.295992 3.725019 -1.210000
v 0.292099 3.725653 -1.195654
v 0.270000 3.725019 -1.184008
v 0.284980 3.740000 -1.184008
v 0.284346 3.725653 -1.187901
v 0.270000 3.790000 -1.210000
v 0.270000 3.760000 -1.180000
v 0.300000 3.760000 -1.210000
v 0.270000 3.785992 -1.195020
v 0.284980 3.785992 -1.210000
v 0.284346 3.782099 -1.195654
v 0.284980 3.760000 -1.184008
v 0.270000 3.774981 -1.184008
v 0.284346 3.774347 -1.187901
v 0.295992 3.774981 -1.210000
v 0.295992 3.760000 -1.195020
v 0.292099 3.774347 -1.195654
v 0.270000 3.710000 -1.270000
v 0.270000 3.740000 -1.300000
v 0.300000 3.740000 -1.270000
v 0.270000 3.714008 -1.284980
v 0.284980 3.714008 -1.270000
v 0.284346 3.717901 -1.284346
v 0.284980 3.740000 -1.295992
v 0.270000 3.725019 -1.295992
v 0.284346 3.725653 -1.292099
v 0.295992 3.725019 -1.270000
v 0.295992 3.740000 -1.284980
v 0.292099 3.725653 -1.284346
v 0.270000 3.790000 -1.270000
v 0.300000 3.760000 -1.270000
v 0.270000 3.760000 -1.300000
v 0.284980 3.785992 -1.270000
v 0.270000 3.785992 -1.284980
v 0.284346 3.782099 -1.284346
v 0.295992 3.760000 -1.284980
v 0.295992 3.774981 -1.270000
v 0.292099 3.774347 -1.284346
v 0.270000 3.774981 -1.295992
v 0.284980 3.760000 -1.295992
v 0.284346 3.774347 -1.292099
v 0.690000 4.250000 -1.160000
v 0.680622 4.285000 -1.160000
v 0.655000 4.310622 -1.160000
v 0.620000 4.320000 -1.160000
v 0.585000 4.310622 -1.160000
v 0.559378 4.285000 -1.160000
v 0.550000 4.250000 -1.160000
v 0.559378 4.215000 -1.160000
v 0.585000 4.189378 -1.160000
v 0.620000 4.180000 -1.160000
v 0.655000 4.189378 -1.160000
v 0.680622 4.215000 -1.160000
v 0.690000 4.250000 -1.100000
v 0.680622 4.285000 -1.100000
v 0.655000 4.310622 -1.100000
v 0.620000 4.320000 -1.100000
v 0.585000 4.310622 -1.100000
v 0.559378 4.285000 -1.100000
v 0.550000 4.250000 -1.100000
v 0.559378 4.215000 -1.100000
v 0.585000 4.189378 -1.100000
v 0.620000 4.180000 -1.100000
v 0.655000 4.189378 -1.100000
v 0.680622 4.215000 -1.100000
vn -0.1794 -0.9673 0.1794
vn -0.3251 -0.8881 0.3251
vn -0.3791 -0.9152 0.1369
vn -0.1794 -0.1794 0.9673
vn -0.3251 -0.3251 0.8881
vn -0.1369 -0.3791 0.9152
vn -0.9673 -0.1794 0.1794
vn -0.8881 -0.3251 0.3251
vn -0.9152 -0.1369 0.3791
vn -0.1794 0.1794 0.9673
vn -0.3251 0.3250 0.8881
vn -0.3791 0.1369 0.9152
vn -0.1794 0.9673 0.1794
vn -0.3251 0.8881 0.3251
vn -0.1369 0.9152 0.3791
vn -0.9673 0.1794 0.1794
vn -0.8881 0.3251 0.3251
vn -0.9152 0.3791 0.1369
vn -0.1794 -0.9673 -0.1794
vn -0.3251 -0.8881 -0.3251
vn -0.1369 -0.9152 -0.3791
vn -0.9673 -0.1794 -0.1794
vn -0.8881 -0.3251 -0.3251
vn -0.9152 -0.3791 -0.1369
vn -0.1794 -0.1794 -0.9673
vn -0.3251 -0.3251 -0.8881
vn -0.3791 -0.1369 -0.9152
vn -0.1794 0.9673 -0.1794
vn -0.3251 0.8881 -0.3251
vn -0.3791 0.9152 -0.1369
vn -0.1794 0.1794 -0.9673
vn -0.3251 0.3250 -0.8881
vn -0.1369 0.3791 -0.9152
vn -0.9673 0.1794 -0.1794
vn -0.8881 0.3251 -0.3251
vn -0.9152 0.1369 -0.3791
vn 0.1794 -0.9673 0.1794
vn 0.3251 -0.8881 0.3251
vn 0.1369 -0.9152 0.3791
vn 0.9673 -0.1794 0.1794
vn 0.8881 -0.3251 0.3251
vn 0.9152 -0.3791 0.1369
vn 0.1794 -0.1794 0.9673
vn 0.3251 -0.3251 0.8881
vn 0.3791 -0.1369 0.9152
vn 0.1794 0.9673 0.1794
vn 0.3251 0.8881 0.3251
vn 0.3791 0.9152 0.1369
vn 0.1794 0.1794 0.9673
vn 0.3251 0.3250 0.8881
vn 0.1369 0.3791 0.9152
vn 0.9673 0.1794 0.1794
vn 0.8881 0.3251 0.3251
vn 0.9152 0.1369 0.3791
vn 0.1794 -0.9673 -0.1794
vn 0.3251 -0.8881 -0.3251
vn 0.3791 -0.9152 -0.1369
vn 0.1794 -0.1794 -0.9673
vn 0.3251 -0.3251 -0.8881
vn 0.1369 -0.3791 -0.9152
vn 0.9673 -0.1794 -0.1794
vn 0.8881 -0.3251 -0.3251
vn 0.9152 -0.1369 -0.3791
vn 0.1794 0.9673 -0.1794
vn 0.3251 0.8881 -0.3251
vn 0.1369 0.9152 -0.3791
vn 0.9673 0.1794 -0.1794
vn 0.8881 0.3251 -0.3251
vn 0.9152 0.3791 -0.1369
vn 0.1794 0.1794 -0.9673
vn 0.3251 0.3250 -0.8881
vn 0.3791 0.1369 -0.9152
vn -0.3791 -0.9152 -0.1369
vn -0.9152 -0.3791 0.1369
vn -0.3791 -0.1369 0.9152
vn -0.9152 0.1369 0.3791
vn -0.3791 0.9152 0.1369
vn -0.9152 0.3791 -0.1369
vn -0.3791 0.1369 -0.9152
vn -0.9152 -0.1369 -0.3791
vn 0.1369 -0.9152 -0.3791
vn -0.1369 -0.3791 -0.9152
vn -0.1369 0.9152 -0.3791
vn 0.1369 0.3791 -0.9152
vn 0.9152 0.1369 -0.3791
vn 0.3791 -0.1369 -0.9152
vn 0.3791 -0.9152 0.1369
vn 0.9152 -0.3791 -0.1369
vn 0.3791 0.9152 -0.1369
vn 0.9152 0.3791 0.1369
vn 0.3791 0.1369 0.9152
vn 0.9152 -0.1369 0.3791
vn -0.1369 -0.9152 0.3791
vn 0.1369 -0.3791 0.9152
vn 0.1369 0.9152 0.3791
vn -0.1369 0.3791 0.9152
vn -0.3250 -0.3251 0.8881
vn -0.3250 -0.3251 -0.8881
vn -0.3251 0.3251 -0.8881
vn 0.3251 0.3251 -0.8881
vn -0.1216 -0.8623 0.4916
vn -0.4916 -0.8623 0.1216
vn -0.1280 -0.9835 0.1280
vn -0.1216 -0.4916 0.8623
vn -0.4488 -0.7727 0.4489
vn -0.4916 -0.1216 0.8623
vn -0.1280 -0.1280 0.9835
vn -0.7727 -0.4488 0.4488
vn -0.4488 -0.4488 0.7727
vn -0.8623 -0.4916 0.1216
vn -0.8623 -0.1216 0.4916
vn -0.9835 -0.1280 0.1280
vn -0.1216 0.4916 0.8623
vn -0.4916 0.1216 0.8623
vn -0.1280 0.1280 0.9835
vn -0.1216 0.8623 0.4916
vn -0.4488 0.4488 0.7727
vn -0.4916 0.8623 0.1216
vn -0.1280 0.9835 0.1280
vn -0.7727 0.4488 0.4488
vn -0.4488 0.7727 0.4488
vn -0.8623 0.1216 0.4916
vn -0.8623 0.4916 0.1216
vn -0.9835 0.1280 0.1280
vn -0.4916 -0.8623 -0.1216
vn -0.1216 -0.8623 -0.4916
vn -0.1280 -0.9835 -0.1280
vn -0.7727 -0.4488 -0.4488
vn -0.4488 -0.7727 -0.4488
vn -0.8623 -0.1216 -0.4916
vn -0.8623 -0.4916 -0.1216
vn -0.9835 -0.1280 -0.1280
vn -0.4916 -0.1216 -0.8623
vn -0.1216 -0.4916 -0.8623
vn -0.1280 -0.1280 -0.9835
vn -0.4488 -0.4488 -0.7727
vn -0.1216 0.8623 -0.4916
vn -0.4916 0.8623 -0.1216
vn -0.1280 0.9835 -0.1280
vn -0.4488 0.4488 -0.7727
vn -0.4489 0.7727 -0.4488
vn -0.4916 0.1216 -0.8623
vn -0.1216 0.4916 -0.8623
vn -0.1280 0.1280 -0.9835
vn -0.7727 0.4488 -0.4488
vn -0.8623 0.4916 -0.1216
vn -0.8623 0.1216 -0.4916
vn -0.9835 0.1280 -0.1280
vn 0.4916 -0.8623 0.1216
vn 0.1216 -0.8623 0.4916
vn 0.1280 -0.9835 0.1280
vn 0.7727 -0.4488 0.4488
vn 0.4488 -0.7727 0.4489
vn 0.8623 -0.1216 0.4916
vn 0.8623 -0.4916 0.1216
vn 0.9835 -0.1280 0.1280
vn 0.4916 -0.1216 0.8623
vn 0.1216 -0.4916 0.8623
vn 0.1280 -0.1280 0.9835
vn 0.4488 -0.4488 0.7727
vn 0.1216 0.8623 0.4916
vn 0.4916 0.8623 0.1216
vn 0.1280 0.9835 0.1280
vn 0.4488 0.4488 0.7727
vn 0.4488 0.7727 0.4488
vn 0.4916 0.1216 0.8623
vn 0.1216 0.4916 0.8623
vn 0.1280 0.1280 0.9835
vn 0.7727 0.4488 0.4488
vn 0.8623 0.4916 0.1216
vn 0.8623 0.1216 0.4916
vn 0.9835 0.1280 0.1280
vn 0.1216 -0.8623 -0.4916
vn 0.4916 -0.8623 -0.1216
vn 0.1280 -0.9835 -0.1280
vn 0.1216 -0.4916 -0.8623
vn 0.4488 -0.7727 -0.4489
vn 0.4916 -0.1216 -0.8623
vn 0.1280 -0.1280 -0.9835
vn 0.7727 -0.4488 -0.4488
vn 0.4488 -0.4488 -0.7727
vn 0.8623 -0.4916 -0.1216
vn 0.8623 -0.1216 -0.4916
vn 0.9835 -0.1280 -0.1280
vn 0.4916 0.8623 -0.1216
vn 0.1216 0.8623 -0.4916
vn 0.1280 0.9835 -0.1280
vn 0.7727 0.4488 -0.4488
vn 0.4489 0.7727 -0.4488
vn 0.8623 0.1216 -0.4916
vn 0.8623 0.4916 -0.1216
vn 0.9835 0.1280 -0.1280
vn 0.4916 0.1216 -0.8623
vn 0.1216 0.4916 -0.8623
vn 0.1280 0.1280 -0.9835
vn 0.4488 0.4488 -0.7727
vn -0.3251 0.3251 0.8881
vn -0.3250 0.3251 -0.8881
vn 0.3250 -0.3251 0.8881
vn 0.3251 0.3251 0.8881
vn 0.3250 0.3251 -0.8881
vn -0.3791 -0.9152 0.1368
vn -0.1368 -0.3791 0.9152
vn -0.3791 0.1368 0.9152
vn -0.3791 -0.1368 -0.9152
vn -0.3791 0.9152 -0.1368
vn 0.3791 -0.1368 0.9152
vn 0.3791 0.9152 0.1368
vn 0.1368 0.3791 0.9152
vn 0.3791 -0.9152 -0.1368
vn 0.3791 0.1368 -0.9152
vn -0.3791 -0.1368 0.9152
vn -0.3791 0.9152 0.1368
vn -0.3791 0.1368 -0.9152
vn 0.3791 -0.1368 -0.9152
vn 0.3791 0.9152 -0.1368
vn 0.3791 0.1368 0.9152
vn 0.1368 -0.3791 0.9152
vn -0.1368 0.3791 0.9152
vn -0.4488 -0.7727 0.4488
vn -0.4488 0.7727 -0.4488
vn 0.4488 -0.7727 0.4488
vn 0.4488 -0.7727 -0.4488
vn 0.4488 0.7727 -0.4488
vn -0.4489 0.7727 0.4488
vn 0.4489 0.7727 0.4488
vn -0.9152 0.3791 0.1368
vn 0.9152 0.3791 -0.1368
vn -0.3250 0.3251 0.8881
vn -0.1368 0.9152 0.3791
vn -0.1368 -0.9152 -0.3792
vn -0.1368 0.3791 -0.9152
vn 0.1368 -0.9152 0.3792
vn 0.3250 0.3251 0.8881
vn 0.1368 -0.3791 -0.9152
vn 0.1368 0.9152 -0.3791
vn -0.3791 -0.9152 -0.1368
vn 0.1368 -0.9152 -0.3791
vn -0.1368 -0.3791 -0.9152
vn -0.1368 0.9152 -0.3791
vn 0.1368 0.3791 -0.9152
vn 0.3791 -0.9152 0.1368
vn -0.1368 -0.9152 0.3791
vn 0.1368 0.9152 0.3791
vn -0.4489 -0.7727 0.4488
vn -0.4489 -0.4488 0.7727
vn -0.4489 0.4488 0.7727
vn -0.4489 0.4488 -0.7727
vn 0.4489 0.4488 0.7727
vn 0.4489 -0.7727 -0.4488
vn 0.4489 -0.4489 -0.7727
vn 0.4489 0.4488 -0.7727
vn -0.7727 -0.4489 0.4488
vn -0.7727 0.4489 0.4488
vn -0.4489 -0.7727 -0.4488
vn -0.7727 -0.4489 -0.4488
vn -0.1216 0.8623 -0.4915
vn 0.4489 -0.7727 0.4488
vn 0.7727 -0.4489 -0.4488
vn 0.3250 0.8881 0.3251
vn 0.3250 0.8881 -0.3251
vn -0.8881 -0.3251 0.3250
vn -0.3251 0.8880 0.3251
vn -0.1369 0.9151 0.3792
vn -0.8881 -0.3251 -0.3250
vn -0.9152 -0.3791 -0.1368
vn -0.3251 0.8880 -0.3251
vn -0.3792 0.9151 -0.1369
vn -0.9152 0.1368 -0.3791
vn 0.8881 -0.3251 0.3250
vn 0.9152 -0.3791 0.1368
vn 0.3251 0.8880 0.3251
vn 0.3792 0.9151 0.1369
vn 0.9152 0.1368 0.3791
vn 0.8881 -0.3251 -0.3250
vn 0.3251 0.8880 -0.3251
vn 0.1369 0.9151 -0.3792
vn -0.9152 -0.3791 0.1368
vn -0.9152 0.1368 0.3791
vn -0.3792 0.9151 0.1369
vn -0.1369 0.9152 -0.3792
vn 0.9152 0.1368 -0.3791
vn 0.9152 -0.3791 -0.1368
vn 0.3792 0.9151 -0.1369
vn 0.1368 0.9152 0.3792
vn -0.7727 -0.4488 0.4489
vn -0.7727 0.4488 0.4489
vn -0.7727 -0.4488 -0.4489
vn -0.4488 -0.7727 -0.4489
vn -0.7727 0.4488 -0.4489
vn 0.7727 -0.4488 0.4489
vn 0.7727 0.4488 0.4489
vn 0.7727 -0.4488 -0.4489
vn 0.7727 0.4488 -0.4489
vn 0.8660 0.5000 -0.0000
vn 1.0000 -0.0000 -0.0000
vn 0.5000 0.8660 -0.0000
vn -0.0000 1.0000 -0.0000
vn -0.5000 0.8660 -0.0000
vn -0.8660 0.5000 -0.0000
vn -1.0000 -0.0000 -0.0000
vn -0.8660 -0.5000 -0.0000
vn -0.5000 -0.8660 -0.0000
vn -0.0000 -1.0000 -0.0000
vn 0.5000 -0.8660 -0.0000
vn 0.8660 -0.5000 -0.0000
vn -0.0000 -0.0000 -1.0000
vn -0.0000 -0.0000 1.0000
vt 0.743964 0.004669
vt 0.741466 0.002629
vt 0.743232 0.002171
vt 0.738968 0.004669
vt 0.741466 0.004669
vt 0.004669 0.503880
vt 0.002629 0.505919
vt 0.002171 0.503880
vt 0.732129 0.004866
vt 0.734168 0.002464
vt 0.734626 0.004545
vt 0.004669 0.512778
vt 0.002629 0.511297
vt 0.004669 0.510719
vt 0.004669 0.004669
vt 0.002629 0.002629
vt 0.004669 0.002171
vt 0.527264 0.841669
vt 0.525225 0.839171
vt 0.527264 0.839171
vt 0.256629 0.503880
vt 0.258668 0.505919
vt 0.256629 0.506378
vt 0.527264 0.836673
vt 0.524766 0.837405
vt 0.004669 0.752523
vt 0.002629 0.754923
vt 0.002171 0.752842
vt 0.004669 0.756971
vt 0.004669 0.755218
vt 0.256629 0.004669
vt 0.258668 0.002629
vt 0.259127 0.004669
vt 0.743964 0.209534
vt 0.741466 0.211573
vt 0.741466 0.209534
vt 0.517927 0.503880
vt 0.519966 0.505919
vt 0.517927 0.506378
vt 0.738968 0.209534
vt 0.739700 0.212031
vt 0.209534 0.512778
vt 0.211573 0.511297
vt 0.212031 0.513096
vt 0.527264 0.004866
vt 0.525225 0.002464
vt 0.527264 0.002171
vt 0.517927 0.004669
vt 0.519966 0.002629
vt 0.520424 0.004669
vt 0.732129 0.841669
vt 0.734168 0.839171
vt 0.734626 0.840937
vt 0.732129 0.836673
vt 0.732129 0.839171
vt 0.265966 0.503880
vt 0.263927 0.505919
vt 0.263469 0.503880
vt 0.209534 0.752523
vt 0.211573 0.754923
vt 0.209534 0.755218
vt 0.265966 0.004669
vt 0.263927 0.002629
vt 0.265966 0.002171
vt 0.209534 0.756971
vt 0.212031 0.755986
vt 0.921395 0.002171
vt 0.922126 0.004669
vt 0.004669 0.506378
vt 0.734626 0.479013
vt 0.732129 0.479335
vt 0.002171 0.004669
vt 0.002171 0.513096
vt 0.256629 0.002171
vt 0.524766 0.484408
vt 0.527264 0.483677
vt 0.259127 0.503880
vt 0.263469 0.004669
vt 0.734626 0.837405
vt 0.732129 0.483677
vt 0.734626 0.484408
vt 0.922126 0.209534
vt 0.743232 0.212031
vt 0.265966 0.506378
vt 0.212031 0.752842
vt 0.517927 0.002171
vt 0.527264 0.479335
vt 0.524766 0.004545
vt 0.520424 0.503880
vt 0.209534 0.510719
vt 0.732129 0.002171
vt 0.265134 0.739883
vt 0.264301 0.739203
vt 0.264890 0.739051
vt 0.263469 0.739883
vt 0.264301 0.739883
vt 0.246760 0.744674
vt 0.247440 0.745354
vt 0.246760 0.745507
vt 0.491245 0.704398
vt 0.490445 0.703718
vt 0.491138 0.703565
vt 0.264301 0.511406
vt 0.263621 0.510912
vt 0.264301 0.510720
vt 0.234987 0.744674
vt 0.234307 0.745354
vt 0.234154 0.744674
vt 0.465493 0.891525
vt 0.464660 0.892205
vt 0.464660 0.891525
vt 0.246760 0.511552
vt 0.247440 0.510872
vt 0.247593 0.511552
vt 0.463828 0.891525
vt 0.464072 0.892357
vt 0.264301 0.733226
vt 0.263621 0.734026
vt 0.263469 0.733332
vt 0.264301 0.734709
vt 0.264301 0.734124
vt 0.234987 0.511552
vt 0.234307 0.510872
vt 0.234987 0.510720
vt 0.265134 0.925910
vt 0.264301 0.926590
vt 0.264301 0.925910
vt 0.228980 0.511552
vt 0.229659 0.510872
vt 0.229812 0.511552
vt 0.263469 0.925910
vt 0.263712 0.926743
vt 0.450328 0.511406
vt 0.451008 0.510912
vt 0.451161 0.511512
vt 0.491245 0.890425
vt 0.490445 0.891104
vt 0.490347 0.890425
vt 0.217206 0.511552
vt 0.216526 0.510872
vt 0.217206 0.510720
vt 0.465493 0.705498
vt 0.464660 0.704818
vt 0.465249 0.704665
vt 0.463828 0.705498
vt 0.464660 0.705498
vt 0.228979 0.744674
vt 0.229659 0.745354
vt 0.228979 0.745507
vt 0.450328 0.733226
vt 0.451008 0.734026
vt 0.450328 0.734124
vt 0.217206 0.744674
vt 0.216526 0.745354
vt 0.216373 0.744674
vt 0.450328 0.734709
vt 0.451161 0.734381
vt 0.429732 0.739051
vt 0.429976 0.739883
vt 0.247593 0.744674
vt 0.502436 0.704398
vt 0.502328 0.703565
vt 0.234987 0.745507
vt 0.263469 0.511512
vt 0.234154 0.511552
vt 0.455746 0.892357
vt 0.455503 0.891525
vt 0.217206 0.745507
vt 0.455746 0.704665
vt 0.455503 0.705498
vt 0.429976 0.925910
vt 0.264890 0.926743
vt 0.229812 0.744674
vt 0.451161 0.733332
vt 0.216373 0.511552
vt 0.502436 0.890425
vt 0.491138 0.891257
vt 0.450328 0.510720
vt 0.490347 0.704398
vt 0.256032 0.513842
vt 0.257529 0.511725
vt 0.257929 0.513842
vt 0.253832 0.513842
vt 0.255707 0.511815
vt 0.252335 0.511725
vt 0.251935 0.513842
vt 0.939097 0.148071
vt 0.940742 0.150098
vt 0.939647 0.150098
vt 0.942769 0.150188
vt 0.940652 0.148071
vt 0.942769 0.148071
vt 0.942769 0.151744
vt 0.254157 0.511815
vt 0.254932 0.510720
vt 0.740931 0.607937
vt 0.742943 0.605821
vt 0.743119 0.607937
vt 0.738968 0.607937
vt 0.740845 0.605910
vt 0.457516 0.698768
vt 0.455503 0.696651
vt 0.457342 0.696651
vt 0.942769 0.002171
vt 0.940742 0.003816
vt 0.940742 0.002721
vt 0.940652 0.005843
vt 0.942769 0.003727
vt 0.942769 0.005843
vt 0.740504 0.604815
vt 0.742459 0.604265
vt 0.739463 0.605910
vt 0.845133 0.985709
vt 0.843636 0.983592
vt 0.845533 0.983592
vt 0.943711 0.151744
vt 0.945738 0.150098
vt 0.945738 0.151194
vt 0.945827 0.148071
vt 0.943711 0.150188
vt 0.943711 0.148071
vt 0.947383 0.148071
vt 0.841436 0.983592
vt 0.839940 0.985709
vt 0.839539 0.983592
vt 0.841762 0.985619
vt 0.843311 0.985619
vt 0.842536 0.986715
vt 0.460427 0.696651
vt 0.458413 0.698768
vt 0.458239 0.696651
vt 0.461890 0.698678
vt 0.460511 0.698678
vt 0.463037 0.698768
vt 0.462386 0.696651
vt 0.463575 0.696651
vt 0.947383 0.005843
vt 0.945738 0.003816
vt 0.946833 0.003816
vt 0.943711 0.003727
vt 0.945827 0.005843
vt 0.943711 0.005843
vt 0.458891 0.700323
vt 0.460847 0.699773
vt 0.257529 0.698218
vt 0.256032 0.696101
vt 0.257929 0.696101
vt 0.446604 0.888623
vt 0.448631 0.886978
vt 0.448631 0.888073
vt 0.448721 0.884951
vt 0.446604 0.887068
vt 0.446604 0.884951
vt 0.450276 0.884951
vt 0.253832 0.696101
vt 0.252335 0.698218
vt 0.251935 0.696101
vt 0.255707 0.698128
vt 0.254157 0.698128
vt 0.254932 0.699223
vt 0.455503 0.514392
vt 0.457516 0.512275
vt 0.457342 0.514392
vt 0.738968 0.790196
vt 0.740845 0.792223
vt 0.739463 0.792223
vt 0.742943 0.792313
vt 0.740931 0.790196
vt 0.743119 0.790196
vt 0.740504 0.793319
vt 0.446604 0.740606
vt 0.448721 0.742723
vt 0.446604 0.742723
vt 0.446604 0.739051
vt 0.448631 0.740696
vt 0.843636 0.801333
vt 0.845133 0.799217
vt 0.845533 0.801333
vt 0.841436 0.801333
vt 0.843311 0.799306
vt 0.839940 0.799217
vt 0.839539 0.801333
vt 0.441990 0.884951
vt 0.443635 0.886978
vt 0.442540 0.886978
vt 0.445662 0.887068
vt 0.443546 0.884951
vt 0.445662 0.884951
vt 0.445662 0.888623
vt 0.841762 0.799306
vt 0.842536 0.798211
vt 0.458413 0.512275
vt 0.460427 0.514392
vt 0.458239 0.514392
vt 0.460847 0.511270
vt 0.460511 0.512365
vt 0.443546 0.742723
vt 0.445662 0.740606
vt 0.445662 0.742723
vt 0.441990 0.742723
vt 0.443635 0.740696
vt 0.462386 0.514392
vt 0.463037 0.512275
vt 0.463575 0.514392
vt 0.461890 0.512365
vt 0.258595 0.513842
vt 0.258195 0.511725
vt 0.878121 0.605821
vt 0.878297 0.607937
vt 0.939097 0.005843
vt 0.943711 0.002171
vt 0.739369 0.985709
vt 0.738968 0.983592
vt 0.738968 0.801333
vt 0.739369 0.799217
vt 0.258595 0.696101
vt 0.445662 0.739051
vt 0.878297 0.790197
vt 0.450276 0.742723
vt 0.437315 0.740549
vt 0.435816 0.739326
vt 0.436876 0.739051
vt 0.434318 0.740549
vt 0.435816 0.740549
vt 0.899758 0.788080
vt 0.898534 0.789303
vt 0.898259 0.788080
vt 0.884257 0.217872
vt 0.882815 0.216648
vt 0.884064 0.216373
vt 0.481567 0.817200
vt 0.480678 0.818424
vt 0.480332 0.817200
vt 0.899758 0.686353
vt 0.898534 0.685130
vt 0.899758 0.684855
vt 0.957568 0.679014
vt 0.956069 0.680238
vt 0.956069 0.679014
vt 0.900229 0.788080
vt 0.901453 0.789303
vt 0.900229 0.789578
vt 0.954571 0.679014
vt 0.955010 0.680513
vt 0.482015 0.817200
vt 0.483455 0.818424
vt 0.482206 0.818699
vt 0.484684 0.817200
vt 0.483632 0.817200
vt 0.900229 0.686353
vt 0.901453 0.685130
vt 0.901728 0.686353
vt 0.437315 0.889371
vt 0.435816 0.890594
vt 0.435816 0.889371
vt 0.908039 0.788080
vt 0.909263 0.789303
vt 0.908039 0.789578
vt 0.434318 0.889371
vt 0.434757 0.890869
vt 0.481567 0.668379
vt 0.480678 0.667155
vt 0.481758 0.666880
vt 0.884257 0.366693
vt 0.882815 0.367917
vt 0.882639 0.366693
vt 0.908039 0.686353
vt 0.909263 0.685130
vt 0.909538 0.686353
vt 0.957568 0.530193
vt 0.956069 0.528969
vt 0.957129 0.528694
vt 0.954571 0.530193
vt 0.956069 0.530193
vt 0.907568 0.788080
vt 0.906345 0.789303
vt 0.906070 0.788080
vt 0.482015 0.668379
vt 0.483455 0.667155
vt 0.483632 0.668379
vt 0.907568 0.686353
vt 0.906345 0.685130
vt 0.907568 0.684855
vt 0.484684 0.668379
vt 0.484093 0.666880
vt 0.437209 0.739051
vt 0.437648 0.740549
vt 0.899758 0.789578
vt 0.980748 0.216373
vt 0.980941 0.217872
vt 0.898259 0.686353
vt 0.481758 0.818699
vt 0.900229 0.684855
vt 0.883078 0.680513
vt 0.882639 0.679014
vt 0.901728 0.788080
vt 0.906070 0.686353
vt 0.955010 0.528694
vt 0.882639 0.530193
vt 0.883078 0.528694
vt 0.437648 0.889371
vt 0.436876 0.890869
vt 0.907568 0.789578
vt 0.482206 0.666880
vt 0.908039 0.684855
vt 0.980941 0.366693
vt 0.884064 0.368192
vt 0.909538 0.788080
vt 0.480332 0.668379
vt 0.882639 0.217872
vt 0.503014 0.896432
vt 0.502182 0.895752
vt 0.502770 0.895599
vt 0.501349 0.896432
vt 0.502182 0.896432
vt 0.927301 0.183998
vt 0.926621 0.184678
vt 0.926468 0.183998
vt 0.458946 0.897915
vt 0.458145 0.897235
vt 0.458839 0.897082
vt 0.965040 0.122039
vt 0.964546 0.122719
vt 0.964354 0.122039
vt 0.927301 0.156918
vt 0.926621 0.156238
vt 0.927301 0.156086
vt 0.247491 0.961111
vt 0.246659 0.961790
vt 0.246659 0.961111
vt 0.930833 0.183998
vt 0.931513 0.184678
vt 0.930833 0.184831
vt 0.245826 0.961111
vt 0.246070 0.961943
vt 0.968401 0.122039
vt 0.969201 0.122719
vt 0.968507 0.122872
vt 0.969883 0.122039
vt 0.969299 0.122039
vt 0.930833 0.156918
vt 0.931513 0.156238
vt 0.931665 0.156918
vt 0.503014 0.952946
vt 0.502182 0.953626
vt 0.502182 0.952946
vt 0.933864 0.788746
vt 0.934544 0.789425
vt 0.933864 0.789578
vt 0.501349 0.952946
vt 0.501593 0.953779
vt 0.965040 0.065525
vt 0.964546 0.064845
vt 0.965146 0.064692
vt 0.458946 0.954429
vt 0.458145 0.955109
vt 0.458047 0.954429
vt 0.933864 0.761666
vt 0.934544 0.760986
vt 0.934697 0.761666
vt 0.247491 0.904596
vt 0.246659 0.903916
vt 0.247248 0.903764
vt 0.245826 0.904596
vt 0.246659 0.904596
vt 0.930332 0.788746
vt 0.929652 0.789425
vt 0.929500 0.788746
vt 0.968401 0.065525
vt 0.969201 0.064845
vt 0.969299 0.065525
vt 0.930332 0.761666
vt 0.929652 0.760986
vt 0.930332 0.760833
vt 0.969883 0.065525
vt 0.969555 0.064692
vt 0.505268 0.895599
vt 0.505512 0.896432
vt 0.927301 0.184831
vt 0.484576 0.897082
vt 0.484684 0.897915
vt 0.926468 0.156918
vt 0.965146 0.122872
vt 0.930833 0.156086
vt 0.226922 0.961943
vt 0.226678 0.961111
vt 0.931665 0.183998
vt 0.929500 0.761666
vt 0.246070 0.903764
vt 0.226678 0.904596
vt 0.226922 0.903764
vt 0.505512 0.952946
vt 0.502770 0.953779
vt 0.930332 0.789578
vt 0.968507 0.064692
vt 0.933864 0.760833
vt 0.484684 0.954429
vt 0.458839 0.955262
vt 0.934697 0.788746
vt 0.964354 0.065525
vt 0.458047 0.897915
vt 0.932914 0.687457
vt 0.934161 0.685693
vt 0.934495 0.687457
vt 0.931352 0.685768
vt 0.932643 0.685768
vt 0.929833 0.685693
vt 0.931080 0.687457
vt 0.929500 0.687457
vt 0.362489 0.944269
vt 0.364178 0.942898
vt 0.364178 0.943811
vt 0.364253 0.941209
vt 0.362489 0.942973
vt 0.362489 0.941209
vt 0.365549 0.941209
vt 0.931997 0.684855
vt 0.254534 0.862786
vt 0.256210 0.861022
vt 0.256357 0.862786
vt 0.252899 0.862786
vt 0.254462 0.861097
vt 0.684985 0.914413
vt 0.683307 0.912650
vt 0.684840 0.912650
vt 0.357074 0.941209
vt 0.358445 0.942898
vt 0.357533 0.942898
vt 0.360134 0.942973
vt 0.358371 0.941209
vt 0.360134 0.941209
vt 0.255807 0.859726
vt 0.254179 0.860184
vt 0.253311 0.861097
vt 0.958845 0.939280
vt 0.957598 0.937516
vt 0.959179 0.937516
vt 0.365549 0.934145
vt 0.364178 0.932456
vt 0.365091 0.932456
vt 0.362489 0.932381
vt 0.364253 0.934145
vt 0.362489 0.934145
vt 0.364178 0.931543
vt 0.955765 0.937516
vt 0.954518 0.939280
vt 0.954184 0.937516
vt 0.956036 0.939205
vt 0.957327 0.939205
vt 0.956681 0.940118
vt 0.693385 0.912650
vt 0.691707 0.914413
vt 0.691562 0.912650
vt 0.694605 0.914339
vt 0.693455 0.914339
vt 0.695560 0.914413
vt 0.695018 0.912650
vt 0.696009 0.912650
vt 0.360134 0.932381
vt 0.358445 0.931543
vt 0.360134 0.931084
vt 0.358371 0.934145
vt 0.360134 0.934145
vt 0.693736 0.915251
vt 0.692106 0.915710
vt 0.934161 0.752799
vt 0.932914 0.751036
vt 0.934495 0.751036
vt 0.378367 0.934145
vt 0.376996 0.932456
vt 0.377908 0.932456
vt 0.375306 0.932381
vt 0.377070 0.934145
vt 0.375306 0.934145
vt 0.375306 0.931084
vt 0.931080 0.751036
vt 0.929833 0.752799
vt 0.929500 0.751036
vt 0.931352 0.752725
vt 0.932643 0.752725
vt 0.931997 0.753637
vt 0.683307 0.849071
vt 0.684985 0.847307
vt 0.684840 0.849071
vt 0.252899 0.926365
vt 0.254462 0.928054
vt 0.253311 0.928054
vt 0.256210 0.928129
vt 0.254534 0.926365
vt 0.256357 0.926365
vt 0.255807 0.929425
vt 0.371188 0.934145
vt 0.372952 0.932381
vt 0.372952 0.934145
vt 0.369891 0.934145
vt 0.371263 0.932456
vt 0.254179 0.928967
vt 0.957598 0.873937
vt 0.958845 0.872173
vt 0.959179 0.873937
vt 0.956036 0.872248
vt 0.957327 0.872248
vt 0.954518 0.872173
vt 0.955765 0.873937
vt 0.954184 0.873937
vt 0.375306 0.942973
vt 0.376996 0.943811
vt 0.375306 0.944269
vt 0.377070 0.941209
vt 0.375306 0.941209
vt 0.378367 0.941209
vt 0.376996 0.942898
vt 0.956681 0.871335
vt 0.691707 0.847307
vt 0.693385 0.849071
vt 0.691562 0.849071
vt 0.693736 0.846469
vt 0.693455 0.847382
vt 0.372952 0.942973
vt 0.371188 0.941209
vt 0.372952 0.941209
vt 0.371263 0.943811
vt 0.371263 0.942898
vt 0.695018 0.849071
vt 0.695560 0.847307
vt 0.696009 0.849071
vt 0.694605 0.847382
vt 0.939156 0.685693
vt 0.939490 0.687457
vt 0.258448 0.861022
vt 0.258595 0.862786
vt 0.360134 0.944269
vt 0.357074 0.934145
vt 0.952519 0.937516
vt 0.952852 0.939280
vt 0.362489 0.931084
vt 0.372952 0.944269
vt 0.952519 0.873937
vt 0.952852 0.872173
vt 0.939490 0.751036
vt 0.369891 0.941209
vt 0.258448 0.928129
vt 0.372952 0.931084
vt 0.258595 0.926365
vt 0.494444 0.513842
vt 0.495941 0.511725
vt 0.496341 0.513842
vt 0.492244 0.513842
vt 0.494119 0.511815
vt 0.490747 0.511725
vt 0.490347 0.513842
vt 0.926468 0.148071
vt 0.928114 0.150098
vt 0.927018 0.150098
vt 0.930141 0.150188
vt 0.928024 0.148071
vt 0.930141 0.148071
vt 0.930141 0.151744
vt 0.492570 0.511815
vt 0.493344 0.510720
vt 0.740931 0.220045
vt 0.742943 0.217929
vt 0.743119 0.220045
vt 0.738968 0.220045
vt 0.740845 0.218019
vt 0.514365 0.698768
vt 0.512351 0.696651
vt 0.514191 0.696651
vt 0.930141 0.003727
vt 0.928114 0.002721
vt 0.930141 0.002171
vt 0.928024 0.005843
vt 0.930141 0.005843
vt 0.742459 0.216373
vt 0.740504 0.216923
vt 0.739463 0.218019
vt 0.219242 0.948811
vt 0.217746 0.946694
vt 0.219643 0.946694
vt 0.931082 0.151744
vt 0.933109 0.150098
vt 0.933109 0.151194
vt 0.933199 0.148071
vt 0.931082 0.150188
vt 0.931082 0.148071
vt 0.934755 0.148071
vt 0.215546 0.946694
vt 0.214049 0.948811
vt 0.213649 0.946694
vt 0.217420 0.948721
vt 0.215871 0.948721
vt 0.216646 0.949817
vt 0.517276 0.696651
vt 0.515262 0.698768
vt 0.515087 0.696651
vt 0.518739 0.698678
vt 0.517359 0.698678
vt 0.519885 0.698768
vt 0.519234 0.696651
vt 0.520424 0.696651
vt 0.934755 0.005843
vt 0.933109 0.003816
vt 0.934205 0.003816
vt 0.931082 0.003727
vt 0.933199 0.005843
vt 0.931082 0.005843
vt 0.515740 0.700323
vt 0.517696 0.699773
vt 0.495941 0.698218
vt 0.494444 0.696101
vt 0.496341 0.696101
vt 0.956339 0.151744
vt 0.958366 0.150098
vt 0.958366 0.151194
vt 0.958456 0.148071
vt 0.956339 0.150188
vt 0.956339 0.148071
vt 0.960012 0.148071
vt 0.492244 0.696101
vt 0.490747 0.698218
vt 0.490347 0.696101
vt 0.494119 0.698128
vt 0.492570 0.698128
vt 0.493344 0.699223
vt 0.512351 0.514392
vt 0.514365 0.512275
vt 0.514191 0.514392
vt 0.738968 0.402305
vt 0.740845 0.404332
vt 0.739463 0.404332
vt 0.742943 0.404421
vt 0.740931 0.402305
vt 0.743119 0.402305
vt 0.742459 0.405977
vt 0.956339 0.003727
vt 0.958456 0.005843
vt 0.956339 0.005843
vt 0.958366 0.002721
vt 0.958366 0.003816
vt 0.740504 0.405427
vt 0.217746 0.764435
vt 0.219242 0.762318
vt 0.219643 0.764435
vt 0.215546 0.764435
vt 0.217420 0.762408
vt 0.214049 0.762318
vt 0.213649 0.764435
vt 0.951725 0.148071
vt 0.953371 0.150098
vt 0.952275 0.150098
vt 0.955397 0.150188
vt 0.953281 0.148071
vt 0.955397 0.148071
vt 0.955397 0.151744
vt 0.215871 0.762408
vt 0.216646 0.761313
vt 0.515262 0.512275
vt 0.517276 0.514392
vt 0.515087 0.514392
vt 0.515740 0.510720
vt 0.517359 0.512365
vt 0.953281 0.005843
vt 0.955397 0.003727
vt 0.955397 0.005843
vt 0.952275 0.003816
vt 0.953371 0.003816
vt 0.519234 0.514392
vt 0.519885 0.512275
vt 0.520424 0.514392
vt 0.518739 0.512365
vt 0.517696 0.511270
vt 0.497007 0.513842
vt 0.496607 0.511725
vt 0.878297 0.220045
vt 0.878121 0.217929
vt 0.926468 0.005843
vt 0.931082 0.002171
vt 0.113478 0.948811
vt 0.113078 0.946694
vt 0.951725 0.005843
vt 0.113078 0.764435
vt 0.113478 0.762318
vt 0.497007 0.696101
vt 0.956339 0.002171
vt 0.955397 0.002171
vt 0.878297 0.402305
vt 0.960012 0.005843
vt 0.472832 0.706164
vt 0.471333 0.704940
vt 0.472393 0.704665
vt 0.469835 0.706164
vt 0.471333 0.706164
vt 0.884138 0.788080
vt 0.882914 0.789303
vt 0.882639 0.788080
vt 0.884257 0.374032
vt 0.882815 0.372809
vt 0.884064 0.372534
vt 0.255479 0.853885
vt 0.254590 0.855109
vt 0.254244 0.853885
vt 0.884138 0.686353
vt 0.882914 0.685130
vt 0.884138 0.684855
vt 0.599695 0.996330
vt 0.598196 0.997554
vt 0.598196 0.996330
vt 0.884609 0.788080
vt 0.885832 0.789303
vt 0.884609 0.789578
vt 0.596698 0.996330
vt 0.597136 0.997829
vt 0.255927 0.853885
vt 0.257367 0.855109
vt 0.256118 0.855384
vt 0.258595 0.853885
vt 0.257544 0.853885
vt 0.884609 0.686353
vt 0.885832 0.685130
vt 0.886107 0.686353
vt 0.472832 0.854985
vt 0.471333 0.856209
vt 0.471333 0.854985
vt 0.892419 0.788080
vt 0.893642 0.789303
vt 0.892419 0.789578
vt 0.469835 0.854985
vt 0.470274 0.856484
vt 0.255479 0.705064
vt 0.254590 0.703840
vt 0.255670 0.703565
vt 0.884257 0.522854
vt 0.882815 0.524077
vt 0.882639 0.522854
vt 0.892419 0.686353
vt 0.893642 0.685130
vt 0.893918 0.686353
vt 0.599695 0.847509
vt 0.598196 0.846285
vt 0.599256 0.846010
vt 0.596698 0.847509
vt 0.598196 0.847509
vt 0.891948 0.788080
vt 0.890724 0.789303
vt 0.890449 0.788080
vt 0.255927 0.705064
vt 0.257367 0.703840
vt 0.257544 0.705064
vt 0.891948 0.686353
vt 0.890724 0.685130
vt 0.891948 0.684855
vt 0.258595 0.705064
vt 0.258005 0.703565
vt 0.472726 0.704665
vt 0.473165 0.706164
vt 0.884138 0.789578
vt 0.980748 0.372534
vt 0.980941 0.374032
vt 0.882639 0.686353
vt 0.255670 0.855384
vt 0.884609 0.684855
vt 0.525205 0.997829
vt 0.524766 0.996330
vt 0.886107 0.788080
vt 0.890449 0.686353
vt 0.597136 0.846010
vt 0.524766 0.847509
vt 0.525205 0.846010
vt 0.473165 0.854985
vt 0.472393 0.856484
vt 0.891948 0.789578
vt 0.256118 0.703565
vt 0.892419 0.684855
vt 0.980941 0.522854
vt 0.884064 0.524352
vt 0.893918 0.788080
vt 0.254244 0.705064
vt 0.882639 0.374032
vt 0.966019 0.128047
vt 0.965186 0.127367
vt 0.965775 0.127214
vt 0.964354 0.128047
vt 0.965186 0.128047
vt 0.936840 0.183998
vt 0.936160 0.184678
vt 0.936007 0.183998
vt 0.684206 0.920884
vt 0.683405 0.920205
vt 0.684098 0.920052
vt 0.964207 0.928682
vt 0.963713 0.929362
vt 0.963521 0.928682
vt 0.936840 0.156918
vt 0.936160 0.156238
vt 0.936840 0.156086
vt 0.982723 0.586041
vt 0.981891 0.586721
vt 0.981891 0.586041
vt 0.940372 0.183998
vt 0.941052 0.184678
vt 0.940372 0.184831
vt 0.981058 0.586041
vt 0.981302 0.586874
vt 0.967568 0.928682
vt 0.968368 0.929362
vt 0.967674 0.929515
vt 0.969050 0.928682
vt 0.968466 0.928682
vt 0.940372 0.156918
vt 0.941052 0.156238
vt 0.941204 0.156918
vt 0.966019 0.184561
vt 0.965186 0.185241
vt 0.965186 0.184561
vt 0.943403 0.788746
vt 0.944083 0.789425
vt 0.943403 0.789578
vt 0.964354 0.184561
vt 0.964598 0.185394
vt 0.964207 0.872168
vt 0.963713 0.871488
vt 0.964313 0.871335
vt 0.684206 0.977399
vt 0.683405 0.978079
vt 0.683307 0.977399
vt 0.943403 0.761666
vt 0.944083 0.760986
vt 0.944236 0.761666
vt 0.982723 0.529527
vt 0.981891 0.528847
vt 0.982479 0.528694
vt 0.981058 0.529527
vt 0.981891 0.529527
vt 0.939871 0.788746
vt 0.939191 0.789425
vt 0.939039 0.788746
vt 0.967568 0.872168
vt 0.968368 0.871488
vt 0.968466 0.872168
vt 0.939871 0.761666
vt 0.939191 0.760986
vt 0.939871 0.760833
vt 0.969050 0.872168
vt 0.968722 0.871335
vt 0.968273 0.127214
vt 0.968516 0.128047
vt 0.936840 0.184831
vt 0.709836 0.920052
vt 0.709943 0.920884
vt 0.936007 0.156918
vt 0.964313 0.929515
vt 0.962154 0.586874
vt 0.961910 0.586041
vt 0.941204 0.183998
vt 0.939039 0.761666
vt 0.962154 0.528694
vt 0.961910 0.529527
vt 0.968516 0.184561
vt 0.965775 0.185394
vt 0.939871 0.789578
vt 0.967674 0.871335
vt 0.709943 0.977399
vt 0.684098 0.978231
vt 0.944236 0.788746
vt 0.963521 0.872168
vt 0.683307 0.920884
vt 0.947246 0.687457
vt 0.948493 0.685693
vt 0.948827 0.687457
vt 0.945413 0.687457
vt 0.946975 0.685768
vt 0.944166 0.685693
vt 0.943832 0.687457
vt 0.336855 0.942973
vt 0.338544 0.943811
vt 0.336855 0.944269
vt 0.338618 0.941209
vt 0.336855 0.941209
vt 0.339457 0.942898
vt 0.338544 0.942898
vt 0.945684 0.685768
vt 0.946330 0.684855
vt 0.511621 0.863886
vt 0.513297 0.862122
vt 0.513444 0.863886
vt 0.510398 0.862197
vt 0.511549 0.862197
vt 0.723602 0.914413
vt 0.721924 0.912650
vt 0.723457 0.912650
vt 0.332736 0.941209
vt 0.331898 0.942898
vt 0.331440 0.941209
vt 0.334500 0.942973
vt 0.334500 0.941209
vt 0.512894 0.860826
vt 0.511265 0.861284
vt 0.448316 0.960910
vt 0.447069 0.959146
vt 0.448650 0.959146
vt 0.338618 0.934145
vt 0.339457 0.932456
vt 0.339915 0.934145
vt 0.336855 0.932381
vt 0.336855 0.934145
vt 0.336855 0.931084
vt 0.338544 0.932456
vt 0.445236 0.959146
vt 0.443989 0.960910
vt 0.443655 0.959146
vt 0.445507 0.960835
vt 0.446798 0.960835
vt 0.446152 0.961748
vt 0.732003 0.912650
vt 0.730324 0.914413
vt 0.730179 0.912650
vt 0.733222 0.914339
vt 0.732073 0.914339
vt 0.734177 0.914413
vt 0.733635 0.912650
vt 0.734626 0.912650
vt 0.334500 0.932381
vt 0.332811 0.931543
vt 0.334500 0.931084
vt 0.332736 0.934145
vt 0.334500 0.934145
vt 0.730723 0.915710
vt 0.732353 0.915251
vt 0.948493 0.752799
vt 0.947246 0.751036
vt 0.948827 0.751036
vt 0.351436 0.934145
vt 0.352274 0.932456
vt 0.352732 0.934145
vt 0.349672 0.932381
vt 0.349672 0.934145
vt 0.351361 0.931543
vt 0.351361 0.932456
vt 0.945413 0.751036
vt 0.944166 0.752799
vt 0.943832 0.751036
vt 0.945684 0.752725
vt 0.946975 0.752725
vt 0.946330 0.753637
vt 0.721924 0.849071
vt 0.723602 0.847307
vt 0.723457 0.849071
vt 0.511621 0.927465
vt 0.510398 0.929154
vt 0.509985 0.927465
vt 0.513297 0.929229
vt 0.513444 0.927465
vt 0.512894 0.930525
vt 0.511549 0.929154
vt 0.345553 0.934145
vt 0.347317 0.932381
vt 0.347317 0.934145
vt 0.344715 0.932456
vt 0.345628 0.932456
vt 0.511265 0.930067
vt 0.447069 0.895567
vt 0.448316 0.893804
vt 0.448650 0.895567
vt 0.445236 0.895567
vt 0.446798 0.893878
vt 0.443989 0.893804
vt 0.443655 0.895567
vt 0.349672 0.944269
vt 0.351361 0.942898
vt 0.351361 0.943811
vt 0.351436 0.941209
vt 0.349672 0.942973
vt 0.349672 0.941209
vt 0.352274 0.942898
vt 0.445507 0.893878
vt 0.446152 0.892965
vt 0.730324 0.847307
vt 0.732003 0.849071
vt 0.730179 0.849071
vt 0.730723 0.846010
vt 0.732073 0.847382
vt 0.347317 0.942973
vt 0.345553 0.941209
vt 0.347317 0.941209
vt 0.345628 0.943811
vt 0.345628 0.942898
vt 0.733635 0.849071
vt 0.734177 0.847307
vt 0.734626 0.849071
vt 0.733222 0.847382
vt 0.732353 0.846469
vt 0.953489 0.685693
vt 0.953822 0.687457
vt 0.339915 0.941209
vt 0.515535 0.862122
vt 0.515682 0.863886
vt 0.334500 0.944269
vt 0.331440 0.934145
vt 0.442324 0.960910
vt 0.441990 0.959146
vt 0.347317 0.944269
vt 0.441990 0.895567
vt 0.442324 0.893804
vt 0.953822 0.751036
vt 0.352732 0.941209
vt 0.344257 0.934145
vt 0.344257 0.941209
vt 0.515682 0.927465
vt 0.349672 0.931084
vt 0.347317 0.931084
vt 0.509985 0.863886
vt 0.505446 0.513842
vt 0.506943 0.511725
vt 0.507344 0.513842
vt 0.503572 0.511815
vt 0.505121 0.511815
vt 0.501750 0.511725
vt 0.503246 0.513842
vt 0.501349 0.513842
vt 0.240862 0.895749
vt 0.239856 0.897776
vt 0.239306 0.895749
vt 0.242979 0.897866
vt 0.242979 0.895749
vt 0.242979 0.899422
vt 0.240952 0.897776
vt 0.504346 0.510720
vt 0.740931 0.413991
vt 0.742943 0.411875
vt 0.743119 0.413991
vt 0.738968 0.413991
vt 0.740845 0.411964
vt 0.469931 0.698768
vt 0.467917 0.696651
vt 0.469757 0.696651
vt 0.242979 0.751405
vt 0.240952 0.750399
vt 0.242979 0.749849
vt 0.240862 0.753521
vt 0.242979 0.753521
vt 0.742459 0.410319
vt 0.740504 0.410869
vt 0.739463 0.411964
vt 0.108335 0.948811
vt 0.106839 0.946694
vt 0.108736 0.946694
vt 0.243921 0.897866
vt 0.245947 0.898872
vt 0.243921 0.899422
vt 0.246037 0.895749
vt 0.243921 0.895749
vt 0.247043 0.897776
vt 0.245947 0.897776
vt 0.104639 0.946694
vt 0.103142 0.948811
vt 0.102742 0.946694
vt 0.104964 0.948721
vt 0.106513 0.948721
vt 0.105739 0.949817
vt 0.472841 0.696651
vt 0.470827 0.698768
vt 0.470653 0.696651
vt 0.474304 0.698678
vt 0.472925 0.698678
vt 0.475451 0.698768
vt 0.474800 0.696651
vt 0.475990 0.696651
vt 0.246037 0.753521
vt 0.247043 0.751494
vt 0.247593 0.753521
vt 0.243921 0.751405
vt 0.243921 0.753521
vt 0.473262 0.699773
vt 0.471306 0.700323
vt 0.506943 0.698218
vt 0.505446 0.696101
vt 0.507343 0.696101
vt 0.231292 0.897866
vt 0.233319 0.898872
vt 0.231292 0.899422
vt 0.233409 0.895749
vt 0.231292 0.895749
vt 0.234965 0.895749
vt 0.233319 0.897776
vt 0.503246 0.696101
vt 0.501750 0.698218
vt 0.501349 0.696101
vt 0.503572 0.698128
vt 0.505121 0.698128
vt 0.504346 0.699223
vt 0.467917 0.514392
vt 0.469931 0.512275
vt 0.469757 0.514392
vt 0.738968 0.596251
vt 0.740845 0.598278
vt 0.739463 0.598278
vt 0.742943 0.598367
vt 0.740931 0.596251
vt 0.743119 0.596251
vt 0.742459 0.599923
vt 0.231292 0.751405
vt 0.233409 0.753521
vt 0.231292 0.753521
vt 0.231292 0.749849
vt 0.233319 0.751494
vt 0.740504 0.599373
vt 0.106839 0.764435
vt 0.108336 0.762318
vt 0.108736 0.764435
vt 0.104639 0.764435
vt 0.106513 0.762408
vt 0.103142 0.762318
vt 0.102742 0.764435
vt 0.228234 0.895749
vt 0.227228 0.897776
vt 0.226678 0.895749
vt 0.230350 0.897866
vt 0.230350 0.895749
vt 0.230350 0.899422
vt 0.228323 0.897776
vt 0.104964 0.762408
vt 0.105739 0.761313
vt 0.470827 0.512275
vt 0.472841 0.514392
vt 0.470653 0.514392
vt 0.473262 0.511270
vt 0.472925 0.512365
vt 0.228234 0.753521
vt 0.230350 0.751405
vt 0.230350 0.753521
vt 0.227228 0.751494
vt 0.228323 0.751494
vt 0.474800 0.514392
vt 0.475451 0.512275
vt 0.475990 0.514392
vt 0.474304 0.512365
vt 0.508009 0.513842
vt 0.507609 0.511725
vt 0.878121 0.411875
vt 0.878297 0.413991
vt 0.239306 0.753521
vt 0.243921 0.749849
vt 0.002171 0.946694
vt 0.002571 0.948811
vt 0.247593 0.895749
vt 0.226678 0.753521
vt 0.002171 0.764435
vt 0.002571 0.762318
vt 0.508009 0.696101
vt 0.230350 0.749849
vt 0.878121 0.598367
vt 0.234965 0.753521
vt 0.878297 0.596251
vt 0.515349 0.706164
vt 0.513850 0.704940
vt 0.514910 0.704665
vt 0.512351 0.706164
vt 0.513850 0.706164
vt 0.923188 0.788080
vt 0.921965 0.789303
vt 0.921690 0.788080
vt 0.851493 0.799709
vt 0.850051 0.798486
vt 0.851300 0.798211
vt 0.481567 0.661040
vt 0.480678 0.662263
vt 0.480332 0.661040
vt 0.923188 0.686353
vt 0.921965 0.685130
vt 0.923188 0.684855
vt 0.678965 0.996330
vt 0.677467 0.997554
vt 0.677467 0.996330
vt 0.923659 0.788080
vt 0.924883 0.789303
vt 0.923659 0.789578
vt 0.675968 0.996330
vt 0.676407 0.997829
vt 0.482015 0.661040
vt 0.483455 0.662263
vt 0.482206 0.662538
vt 0.484684 0.661040
vt 0.483632 0.661040
vt 0.923659 0.686353
vt 0.924883 0.685130
vt 0.925158 0.686353
vt 0.515349 0.854985
vt 0.513850 0.856209
vt 0.513850 0.854985
vt 0.915849 0.788080
vt 0.917073 0.789303
vt 0.915849 0.789578
vt 0.512351 0.854985
vt 0.512790 0.856484
vt 0.481567 0.512218
vt 0.480678 0.510994
vt 0.481758 0.510719
vt 0.851493 0.948531
vt 0.850051 0.949754
vt 0.849875 0.948531
vt 0.915849 0.686353
vt 0.917073 0.685130
vt 0.917348 0.686353
vt 0.678965 0.847509
vt 0.677467 0.846285
vt 0.678526 0.846010
vt 0.675968 0.847509
vt 0.677467 0.847509
vt 0.915378 0.788080
vt 0.914155 0.789303
vt 0.913880 0.788080
vt 0.482015 0.512218
vt 0.483455 0.510994
vt 0.483632 0.512218
vt 0.915378 0.686353
vt 0.914155 0.685130
vt 0.915378 0.684855
vt 0.484684 0.512218
vt 0.484093 0.510719
vt 0.515243 0.704665
vt 0.515682 0.706164
vt 0.923188 0.789578
vt 0.947984 0.798211
vt 0.948177 0.799709
vt 0.481758 0.662538
vt 0.923659 0.684855
vt 0.604037 0.996330
vt 0.604476 0.997829
vt 0.925158 0.788080
vt 0.913880 0.686353
vt 0.676407 0.846010
vt 0.604037 0.847509
vt 0.604476 0.846010
vt 0.515682 0.854985
vt 0.514910 0.856484
vt 0.915378 0.789578
vt 0.482206 0.510719
vt 0.915849 0.684855
vt 0.947984 0.950029
vt 0.851300 0.950029
vt 0.917348 0.788080
vt 0.480332 0.512218
vt 0.849875 0.799709
vt 0.948177 0.948531
vt 0.968516 0.799043
vt 0.967684 0.798364
vt 0.968272 0.798211
vt 0.966851 0.799043
vt 0.967684 0.799043
vt 0.730262 0.947964
vt 0.729582 0.948644
vt 0.729429 0.947964
vt 0.959063 0.685687
vt 0.958262 0.685008
vt 0.958956 0.684855
vt 0.965040 0.059518
vt 0.964546 0.060198
vt 0.964354 0.059518
vt 0.730262 0.920884
vt 0.729582 0.920205
vt 0.730262 0.920052
vt 0.982723 0.648563
vt 0.981891 0.649243
vt 0.981891 0.648563
vt 0.733794 0.947964
vt 0.734474 0.948644
vt 0.733794 0.948797
vt 0.981058 0.648563
vt 0.981302 0.649395
vt 0.968401 0.059518
vt 0.969201 0.060198
vt 0.968507 0.060351
vt 0.969883 0.059518
vt 0.969299 0.059518
vt 0.733794 0.920884
vt 0.734474 0.920205
vt 0.734626 0.920884
vt 0.968516 0.855558
vt 0.967684 0.856238
vt 0.967684 0.855558
vt 0.718650 0.947964
vt 0.719330 0.948644
vt 0.718650 0.948797
vt 0.966851 0.855558
vt 0.967095 0.856390
vt 0.965040 0.003004
vt 0.964546 0.002324
vt 0.965146 0.002171
vt 0.959063 0.742202
vt 0.958262 0.742882
vt 0.958164 0.742202
vt 0.718650 0.920884
vt 0.719330 0.920205
vt 0.719482 0.920884
vt 0.982723 0.592048
vt 0.981891 0.591368
vt 0.982479 0.591216
vt 0.981058 0.592048
vt 0.981891 0.592048
vt 0.715118 0.947964
vt 0.714438 0.948644
vt 0.714285 0.947964
vt 0.968401 0.003004
vt 0.969201 0.002324
vt 0.969299 0.003004
vt 0.715118 0.920884
vt 0.714438 0.920205
vt 0.715118 0.920052
vt 0.969883 0.003004
vt 0.969555 0.002171
vt 0.970770 0.798211
vt 0.971014 0.799043
vt 0.730262 0.948797
vt 0.984800 0.685687
vt 0.984693 0.684855
vt 0.729429 0.920884
vt 0.965146 0.060351
vt 0.962154 0.649395
vt 0.961910 0.648563
vt 0.714285 0.920884
vt 0.962154 0.591216
vt 0.961910 0.592048
vt 0.971014 0.855558
vt 0.968272 0.856390
vt 0.715118 0.948797
vt 0.968507 0.002171
vt 0.984800 0.742202
vt 0.958956 0.743034
vt 0.964354 0.003004
vt 0.955933 0.800813
vt 0.957180 0.799049
vt 0.957514 0.800813
vt 0.954100 0.800813
vt 0.955662 0.799123
vt 0.952852 0.799049
vt 0.952519 0.800813
vt 0.311220 0.942973
vt 0.312909 0.943811
vt 0.311220 0.944269
vt 0.312984 0.941209
vt 0.311220 0.941209
vt 0.314280 0.941209
vt 0.312909 0.942898
vt 0.954371 0.799123
vt 0.955016 0.798211
vt 0.480622 0.826101
vt 0.482299 0.824337
vt 0.482445 0.826101
vt 0.478987 0.826101
vt 0.480551 0.824412
vt 0.702030 0.914413
vt 0.700351 0.912650
vt 0.701885 0.912650
vt 0.307101 0.941209
vt 0.306263 0.942898
vt 0.305805 0.941209
vt 0.308865 0.942973
vt 0.308865 0.941209
vt 0.481896 0.823041
vt 0.480267 0.823499
vt 0.479399 0.824412
vt 0.496674 0.963544
vt 0.495426 0.961780
vt 0.497007 0.961780
vt 0.314280 0.934145
vt 0.312909 0.932456
vt 0.313822 0.932456
vt 0.311220 0.932381
vt 0.312984 0.934145
vt 0.311220 0.934145
vt 0.312909 0.931543
vt 0.493593 0.961780
vt 0.492346 0.963544
vt 0.492012 0.961780
vt 0.495155 0.963469
vt 0.493864 0.963469
vt 0.494510 0.964382
vt 0.710430 0.912650
vt 0.708751 0.914413
vt 0.708606 0.912650
vt 0.711649 0.914339
vt 0.710500 0.914339
vt 0.712605 0.914413
vt 0.712062 0.912650
vt 0.713054 0.912650
vt 0.308865 0.931084
vt 0.307176 0.932456
vt 0.307176 0.931543
vt 0.307101 0.934145
vt 0.308865 0.932381
vt 0.308865 0.934145
vt 0.709150 0.915710
vt 0.710780 0.915251
vt 0.957180 0.866155
vt 0.955933 0.864391
vt 0.957514 0.864391
vt 0.325801 0.934145
vt 0.326639 0.932456
vt 0.327098 0.934145
vt 0.324037 0.932381
vt 0.324037 0.934145
vt 0.325727 0.931543
vt 0.325727 0.932456
vt 0.954099 0.864391
vt 0.952852 0.866155
vt 0.952519 0.864391
vt 0.955662 0.866081
vt 0.954371 0.866081
vt 0.955016 0.866993
vt 0.700351 0.849071
vt 0.702030 0.847307
vt 0.701885 0.849071
vt 0.478987 0.889680
vt 0.480551 0.891369
vt 0.479399 0.891369
vt 0.482299 0.891443
vt 0.480622 0.889680
vt 0.482445 0.889680
vt 0.480267 0.892282
vt 0.319919 0.934145
vt 0.321683 0.932381
vt 0.321683 0.934145
vt 0.319081 0.932456
vt 0.319993 0.932456
vt 0.495426 0.898201
vt 0.496674 0.896437
vt 0.497007 0.898201
vt 0.493593 0.898201
vt 0.495155 0.896512
vt 0.492346 0.896437
vt 0.492012 0.898201
vt 0.324037 0.942973
vt 0.325727 0.943811
vt 0.324037 0.944269
vt 0.325801 0.941209
vt 0.324037 0.941209
vt 0.326639 0.942898
vt 0.325727 0.942898
vt 0.493864 0.896512
vt 0.494510 0.895599
vt 0.708751 0.847307
vt 0.710430 0.849071
vt 0.708606 0.849071
vt 0.709150 0.846010
vt 0.710500 0.847382
vt 0.321683 0.942973
vt 0.319919 0.941209
vt 0.321683 0.941209
vt 0.319993 0.943811
vt 0.319993 0.942898
vt 0.712062 0.849071
vt 0.712605 0.847307
vt 0.713054 0.849071
vt 0.711649 0.847382
vt 0.710780 0.846469
vt 0.962175 0.799049
vt 0.962509 0.800813
vt 0.484537 0.824337
vt 0.484684 0.826101
vt 0.308865 0.944269
vt 0.305805 0.934145
vt 0.490681 0.963544
vt 0.490347 0.961780
vt 0.311220 0.931084
vt 0.321683 0.944269
vt 0.490347 0.898201
vt 0.490681 0.896437
vt 0.962509 0.864391
vt 0.327098 0.941209
vt 0.318622 0.934145
vt 0.318622 0.941209
vt 0.484683 0.889680
vt 0.324037 0.931084
vt 0.321683 0.931084
vt 0.282992 0.934101
vt 0.290057 0.938222
vt 0.282992 0.938222
vt 0.282992 0.931084
vt 0.290057 0.934101
vt 0.383048 0.935205
vt 0.389430 0.939326
vt 0.382709 0.939326
vt 0.382709 0.931084
vt 0.389770 0.935205
vt 0.301463 0.934101
vt 0.294399 0.931084
vt 0.301463 0.931084
vt 0.301463 0.938222
vt 0.294399 0.934101
vt 0.301463 0.942343
vt 0.294399 0.938222
vt 0.301463 0.945359
vt 0.294399 0.942343
vt 0.399888 0.935205
vt 0.394112 0.931084
vt 0.399107 0.931084
vt 0.399107 0.939326
vt 0.394893 0.935205
vt 0.282992 0.942343
vt 0.290057 0.945359
vt 0.282992 0.945359
vt 0.290057 0.942343
vt 0.937920 0.207043
vt 0.928002 0.208922
vt 0.930660 0.195836
vt 0.278650 0.941004
vt 0.265503 0.945021
vt 0.269026 0.931188
vt 0.739700 0.002171
vt 0.524766 0.840937
vt 0.002171 0.755986
vt 0.921395 0.212031
vt 0.524766 0.479013
vt 0.263712 0.739051
vt 0.465249 0.892357
vt 0.246760 0.510720
vt 0.263469 0.734381
vt 0.228980 0.510720
vt 0.464072 0.704665
vt 0.429732 0.926743
vt 0.502328 0.891257
vt 0.940742 0.151194
vt 0.455757 0.698678
vt 0.946833 0.150098
vt 0.449726 0.886978
vt 0.455757 0.512365
vt 0.742459 0.793869
vt 0.448631 0.739601
vt 0.443635 0.888073
vt 0.458891 0.510720
vt 0.442540 0.740696
vt 0.258195 0.698218
vt 0.878121 0.792313
vt 0.434757 0.739051
vt 0.957129 0.680513
vt 0.484093 0.818699
vt 0.437209 0.890869
vt 0.980748 0.368192
vt 0.501593 0.895599
vt 0.247248 0.961943
vt 0.969555 0.122872
vt 0.505268 0.953779
vt 0.484576 0.955262
vt 0.365091 0.942898
vt 0.683519 0.914339
vt 0.358445 0.932456
vt 0.376996 0.931543
vt 0.683519 0.847382
vt 0.370350 0.932456
vt 0.377908 0.942898
vt 0.692106 0.846010
vt 0.939156 0.752799
vt 0.928114 0.151194
vt 0.512606 0.698678
vt 0.928114 0.003816
vt 0.934205 0.150098
vt 0.959462 0.150098
vt 0.512606 0.512365
vt 0.953371 0.151194
vt 0.496607 0.698218
vt 0.878121 0.404421
vt 0.470274 0.704665
vt 0.599256 0.997829
vt 0.258005 0.855384
vt 0.472726 0.856484
vt 0.980748 0.524352
vt 0.964598 0.127214
vt 0.982479 0.586874
vt 0.968722 0.929515
vt 0.940372 0.156086
vt 0.943403 0.760833
vt 0.981302 0.528694
vt 0.968273 0.185394
vt 0.709836 0.978231
vt 0.722136 0.914339
vt 0.332811 0.942898
vt 0.338544 0.931543
vt 0.332811 0.932456
vt 0.722136 0.847382
vt 0.953489 0.752799
vt 0.515535 0.929229
vt 0.240952 0.898872
vt 0.468172 0.698678
vt 0.240952 0.751494
vt 0.245947 0.751494
vt 0.234414 0.897776
vt 0.468172 0.512365
vt 0.233319 0.750399
vt 0.228323 0.898872
vt 0.471306 0.510720
vt 0.507609 0.698218
vt 0.512790 0.704665
vt 0.921690 0.686353
vt 0.678526 0.997829
vt 0.484093 0.662538
vt 0.515243 0.856484
vt 0.967095 0.798211
vt 0.958164 0.685687
vt 0.982479 0.649395
vt 0.734626 0.947964
vt 0.969555 0.060351
vt 0.733794 0.920052
vt 0.719482 0.947964
vt 0.718650 0.920052
vt 0.981302 0.591216
vt 0.970770 0.856390
vt 0.984693 0.743034
vt 0.313822 0.942898
vt 0.700563 0.914339
vt 0.307176 0.942898
vt 0.700563 0.847382
vt 0.481896 0.892740
vt 0.962175 0.866155
vt 0.484537 0.891443
vt 0.290057 0.931084
vt 0.389430 0.931084
vt 0.294399 0.945359
vt 0.394112 0.939326
vt 0.933728 0.196378
vt 0.936386 0.198945
vt 0.937920 0.202849
vt 0.936386 0.210404
vt 0.933728 0.212031
vt 0.930660 0.211489
vt 0.926468 0.205019
vt 0.926468 0.200824
vt 0.928002 0.197463
vt 0.273094 0.931084
vt 0.276616 0.933121
vt 0.278650 0.936752
vt 0.276616 0.944739
vt 0.273093 0.946955
vt 0.269026 0.947058
vt 0.263469 0.941390
vt 0.263469 0.937138
vt 0.265503 0.933404
s 1
f 1/1/1 5/2/2 7/3/3
f 2/4/4 5/2/5 4/5/6
f 3/6/7 5/7/8 6/8/9
f 8/9/10 12/10/11 14/11/12
f 9/12/13 12/13/14 11/14/15
f 10/15/16 12/16/17 13/17/18
f 15/18/19 19/19/20 21/20/21
f 16/21/22 19/22/23 18/23/24
f 17/24/25 19/19/26 20/25/27
f 22/26/28 26/27/29 28/28/30
f 23/29/31 26/27/32 25/30/33
f 24/31/34 26/32/35 27/33/36
f 29/34/37 33/35/38 35/36/39
f 30/37/40 33/38/41 32/39/42
f 31/40/43 33/35/44 34/41/45
f 36/42/46 40/43/47 42/44/48
f 37/45/49 40/46/50 39/47/51
f 38/48/52 40/49/53 41/50/54
f 43/51/55 47/52/56 49/53/57
f 44/54/58 47/52/59 46/55/60
f 45/56/61 47/57/62 48/58/63
f 50/59/64 54/60/65 56/61/66
f 51/62/67 54/63/68 53/64/69
f 52/65/70 54/60/71 55/66/72
f 1/1/1 18/67/73 15/68/19
f 7/69/74 16/21/22 18/23/24
f 8/9/10 6/70/75 2/71/4
f 14/72/76 3/6/7 6/8/9
f 22/26/28 13/73/77 9/12/13
f 28/74/78 10/15/16 13/17/18
f 17/24/25 27/75/79 23/76/31
f 20/77/80 24/31/34 27/33/36
f 15/18/19 46/55/81 43/51/55
f 21/20/82 44/54/58 46/55/60
f 50/59/64 25/30/83 22/26/28
f 56/61/84 23/29/31 25/30/33
f 51/62/67 48/58/63 55/78/85
f 48/79/86 52/80/70 55/81/72
f 43/82/55 32/83/87 29/34/37
f 49/84/88 30/37/40 32/39/42
f 36/42/46 53/85/89 50/59/64
f 42/86/90 51/62/67 53/64/69
f 31/87/43 41/88/91 37/45/49
f 34/89/92 38/48/52 41/50/54
f 29/34/37 4/5/93 1/1/1
f 35/36/94 2/4/4 4/5/6
f 9/12/13 39/90/95 36/42/46
f 11/91/96 37/45/49 39/47/51
f 43/82/55 1/1/1 15/68/19
f 10/15/16 16/21/22 3/6/7
f 37/45/49 2/71/4 31/87/43
f 22/26/28 36/42/46 50/59/64
f 23/76/31 44/54/58 17/24/25
f 45/56/61 38/48/52 30/37/40
f 57/92/1 61/93/2 63/94/3
f 58/95/4 61/93/97 60/96/6
f 59/97/7 61/98/8 62/99/9
f 64/100/10 68/101/11 70/102/12
f 65/103/13 68/104/14 67/105/15
f 66/106/16 68/107/17 69/108/18
f 71/109/19 75/110/20 77/111/21
f 72/112/22 75/113/23 74/114/24
f 73/115/25 75/110/98 76/116/27
f 78/117/28 82/118/29 84/119/30
f 79/120/31 82/118/99 81/121/33
f 80/122/34 82/123/35 83/124/36
f 85/125/37 89/126/38 91/127/39
f 86/128/40 89/129/41 88/130/42
f 87/131/43 89/126/44 90/132/45
f 92/133/46 96/134/47 98/135/48
f 93/136/49 96/137/50 95/138/51
f 94/139/52 96/140/53 97/141/54
f 99/142/55 103/143/56 105/144/57
f 100/145/58 103/143/59 102/146/60
f 101/147/61 103/148/62 104/149/63
f 106/150/64 110/151/65 112/152/66
f 107/153/67 110/154/68 109/155/69
f 108/156/70 110/151/100 111/157/72
f 57/92/1 74/158/73 71/159/19
f 63/160/74 72/112/22 74/114/24
f 58/161/4 70/102/12 62/162/75
f 70/163/76 59/97/7 62/99/9
f 78/117/28 69/164/77 65/103/13
f 84/165/78 66/106/16 69/108/18
f 73/115/25 83/166/79 79/167/31
f 83/124/36 72/112/22 80/122/34
f 71/109/19 102/146/81 99/142/55
f 77/111/82 100/145/58 102/146/60
f 106/150/64 81/121/83 78/117/28
f 81/121/33 108/156/70 79/120/31
f 101/147/61 111/168/85 107/153/67
f 111/169/72 100/145/58 108/170/70
f 99/171/55 88/172/87 85/125/37
f 105/173/88 86/128/40 88/130/42
f 92/133/46 109/174/89 106/150/64
f 98/175/90 107/153/67 109/155/69
f 87/176/43 97/177/91 93/136/49
f 97/141/54 86/128/40 94/139/52
f 85/125/37 60/96/93 57/92/1
f 91/127/94 58/95/4 60/96/6
f 65/103/13 95/178/95 92/133/46
f 67/179/96 93/136/49 95/138/51
f 99/171/55 57/92/1 71/159/19
f 66/106/16 72/112/22 59/97/7
f 93/136/49 58/161/4 87/176/43
f 78/117/28 92/133/46 106/150/64
f 79/167/31 100/145/58 73/115/25
f 107/153/67 86/128/40 101/147/61
f 116/180/101 117/181/102 113/182/103
f 120/183/104 118/184/105 116/180/101
f 119/185/106 120/183/104 114/186/107
f 119/187/106 124/188/108 121/189/109
f 122/190/110 123/191/111 115/192/112
f 117/193/102 124/188/108 122/190/110
f 118/184/105 121/194/109 124/195/108
f 128/196/113 129/197/114 125/198/115
f 132/199/116 130/200/117 128/196/113
f 131/201/118 132/202/116 126/203/119
f 131/204/118 136/205/120 133/206/121
f 134/207/122 135/208/123 127/209/124
f 129/197/114 136/210/120 134/211/122
f 130/200/117 133/212/121 136/210/120
f 140/213/125 141/214/126 137/215/127
f 140/216/125 145/217/128 142/218/129
f 143/219/130 144/220/131 138/221/132
f 147/222/133 145/217/128 143/219/130
f 146/223/134 147/224/133 139/225/135
f 141/214/126 148/226/136 146/223/134
f 142/227/129 145/228/128 148/226/136
f 152/229/137 153/230/138 149/231/139
f 152/229/137 157/232/140 154/233/141
f 155/234/142 156/235/143 150/236/144
f 155/237/142 160/238/145 157/239/140
f 158/240/146 159/241/147 151/242/148
f 158/243/146 154/233/141 160/244/145
f 154/233/141 157/232/140 160/244/145
f 164/245/149 165/246/150 161/247/151
f 164/248/149 169/249/152 166/250/153
f 167/251/154 168/252/155 162/253/156
f 171/254/157 169/249/152 167/251/154
f 170/255/158 171/256/157 163/257/159
f 170/255/158 166/258/153 172/259/160
f 166/258/153 169/260/152 172/259/160
f 176/261/161 177/262/162 173/263/163
f 176/264/161 181/265/164 178/266/165
f 179/267/166 180/268/167 174/269/168
f 179/267/166 184/270/169 181/265/164
f 182/271/170 183/272/171 175/273/172
f 177/274/162 184/275/169 182/271/170
f 178/266/165 181/265/164 184/270/169
f 188/276/173 189/277/174 185/278/175
f 192/279/176 190/280/177 188/276/173
f 191/281/178 192/279/176 186/282/179
f 191/283/178 196/284/180 193/285/181
f 194/286/182 195/287/183 187/288/184
f 189/289/174 196/284/180 194/286/182
f 190/280/177 193/290/181 196/291/180
f 200/292/185 201/293/186 197/294/187
f 200/292/185 205/295/188 202/296/189
f 203/297/190 204/298/191 198/299/192
f 207/300/193 205/301/188 203/297/190
f 206/302/194 207/303/193 199/304/195
f 201/293/186 208/305/196 206/302/194
f 202/296/189 205/295/188 208/305/196
f 137/306/127 117/181/102 140/307/125
f 117/193/102 144/220/131 140/216/125
f 122/190/110 138/221/132 144/220/131
f 125/198/115 119/308/106 114/309/107
f 129/310/114 123/191/111 119/187/106
f 134/207/122 115/192/112 123/191/111
f 149/231/139 131/201/118 126/203/119
f 153/311/138 135/208/123 131/204/118
f 135/208/123 151/242/148 127/209/124
f 139/225/135 155/312/142 150/313/144
f 147/222/133 159/241/147 155/237/142
f 143/219/130 151/242/148 159/241/147
f 137/215/127 188/276/173 185/278/175
f 141/214/126 192/279/176 188/276/173
f 146/223/134 186/282/179 192/279/176
f 197/294/187 152/229/137 149/231/139
f 201/293/186 156/235/143 152/229/137
f 206/302/194 150/236/144 156/235/143
f 187/288/184 203/297/190 198/299/192
f 203/297/190 191/283/178 207/300/193
f 191/281/178 199/314/195 207/315/193
f 185/316/175 164/245/149 161/247/151
f 189/289/174 168/252/155 164/248/149
f 168/252/155 187/288/184 162/253/156
f 197/294/187 177/262/162 200/292/185
f 177/274/162 204/298/191 200/317/185
f 182/271/170 198/299/192 204/298/191
f 163/318/159 179/267/166 174/269/168
f 171/254/157 183/272/171 179/319/166
f 167/251/154 175/273/172 183/272/171
f 161/247/151 116/180/101 113/182/103
f 165/246/150 120/183/104 116/180/101
f 170/255/158 114/186/107 120/183/104
f 126/203/119 176/261/161 173/263/163
f 132/199/116 180/268/167 176/264/161
f 128/196/113 174/269/168 180/268/167
f 185/316/175 113/182/103 137/306/127
f 127/209/124 138/221/132 115/192/112
f 174/269/168 114/309/107 163/318/159
f 149/231/139 173/263/163 197/294/187
f 150/313/144 186/282/179 139/225/135
f 198/299/192 162/253/156 187/288/184
f 209/320/1 213/321/2 215/322/3
f 210/323/4 213/321/97 212/324/6
f 211/325/7 213/326/8 214/327/9
f 216/328/10 220/329/197 222/330/12
f 217/331/13 220/332/14 219/333/15
f 218/334/16 220/335/17 221/336/18
f 223/337/19 227/338/20 229/339/21
f 224/340/22 227/341/23 226/342/24
f 225/343/25 227/338/26 228/344/27
f 230/345/28 234/346/29 236/347/30
f 231/348/31 234/346/198 233/349/33
f 232/350/34 234/351/35 235/352/36
f 237/353/37 241/354/38 243/355/39
f 238/356/40 241/357/41 240/358/42
f 239/359/43 241/354/199 242/360/45
f 244/361/46 248/362/47 250/363/48
f 245/364/49 248/365/200 247/366/51
f 246/367/52 248/368/53 249/369/54
f 251/370/55 255/371/56 257/372/57
f 252/373/58 255/371/59 254/374/60
f 253/375/61 255/376/62 256/377/63
f 258/378/64 262/379/65 264/380/66
f 259/381/67 262/382/68 261/383/69
f 260/384/70 262/379/201 263/385/72
f 209/320/1 226/386/73 223/387/19
f 215/388/74 224/340/22 226/342/24
f 216/328/10 214/389/75 210/390/4
f 222/391/76 211/325/7 214/327/9
f 230/345/28 221/392/77 217/331/13
f 236/393/78 218/334/16 221/336/18
f 225/343/25 235/394/79 231/395/31
f 228/396/80 232/350/34 235/352/36
f 223/337/19 254/374/81 251/370/55
f 229/339/82 252/373/58 254/374/60
f 258/378/64 233/349/83 230/345/28
f 264/380/84 231/348/31 233/349/33
f 253/375/61 263/397/85 259/381/67
f 256/398/86 260/399/70 263/400/72
f 251/401/55 240/402/87 237/353/37
f 257/403/88 238/356/40 240/358/42
f 244/361/46 261/404/89 258/378/64
f 250/405/90 259/381/67 261/383/69
f 239/406/43 249/407/91 245/364/49
f 242/408/92 246/367/52 249/369/54
f 237/353/37 212/324/93 209/320/1
f 243/355/94 210/323/4 212/324/6
f 217/331/13 247/409/95 244/361/46
f 219/410/96 245/364/49 247/366/51
f 251/401/55 209/320/1 223/387/19
f 218/334/16 224/340/22 211/325/7
f 245/364/49 210/390/4 239/406/43
f 230/345/28 244/361/46 258/378/64
f 231/395/31 252/373/58 225/343/25
f 259/381/67 238/356/40 253/375/61
f 265/411/1 269/412/2 271/413/202
f 266/414/4 269/412/5 268/415/203
f 267/416/7 269/417/8 270/418/9
f 272/419/10 276/420/197 278/421/204
f 273/422/13 276/423/14 275/424/15
f 274/425/16 276/426/17 277/427/18
f 279/428/19 283/429/20 285/430/21
f 280/431/22 283/432/23 282/433/24
f 281/434/25 283/429/26 284/435/205
f 286/436/28 290/437/29 292/438/206
f 287/439/31 290/437/99 289/440/33
f 288/441/34 290/442/35 291/443/36
f 293/444/37 297/445/38 299/446/39
f 294/447/40 297/448/41 296/449/42
f 295/450/43 297/445/44 298/451/207
f 300/452/46 304/453/47 306/454/208
f 301/455/49 304/456/200 303/457/209
f 302/458/52 304/459/53 305/460/54
f 307/461/55 311/462/56 313/463/210
f 308/464/58 311/462/59 310/465/60
f 309/466/61 311/467/62 312/468/63
f 314/469/64 318/470/65 320/471/66
f 315/472/67 318/473/68 317/474/69
f 316/475/70 318/470/100 319/476/211
f 265/411/1 282/477/73 279/478/19
f 271/479/74 280/431/22 282/433/24
f 272/419/10 270/480/212 266/481/4
f 278/482/76 267/416/7 270/418/9
f 286/436/28 277/483/213 273/422/13
f 292/484/78 274/425/16 277/427/18
f 281/434/25 291/485/214 287/486/31
f 284/487/80 288/441/34 291/443/36
f 279/428/19 310/465/81 307/461/55
f 285/430/82 308/464/58 310/465/60
f 314/469/64 289/440/83 286/436/28
f 320/471/84 287/439/31 289/440/33
f 309/466/61 319/488/85 315/472/67
f 312/489/215 316/490/70 319/491/211
f 307/492/55 296/493/87 293/444/37
f 313/494/88 294/447/40 296/449/42
f 300/452/46 317/495/216 314/469/64
f 306/496/90 315/472/67 317/474/69
f 295/497/43 305/498/217 301/455/49
f 298/499/92 302/458/52 305/460/54
f 293/444/37 268/415/93 265/411/1
f 299/446/218 266/414/4 268/415/203
f 273/422/13 303/500/95 300/452/46
f 275/501/219 301/455/49 303/457/209
f 307/492/55 265/411/1 279/478/19
f 274/425/16 280/431/22 267/416/7
f 301/455/49 266/481/4 295/497/43
f 286/436/28 300/452/46 314/469/64
f 287/486/31 308/464/58 281/434/25
f 315/472/67 294/447/40 309/466/61
f 324/502/101 325/503/102 321/504/103
f 324/502/101 329/505/109 326/506/220
f 327/507/106 328/508/104 322/509/107
f 327/510/106 332/511/108 329/512/109
f 330/513/110 331/514/111 323/515/112
f 325/516/102 332/511/108 330/513/110
f 326/506/220 329/505/109 332/517/108
f 336/518/113 337/519/114 333/520/115
f 340/521/116 338/522/117 336/518/113
f 339/523/118 340/524/116 334/525/119
f 339/526/118 344/527/120 341/528/121
f 342/529/122 343/530/123 335/531/124
f 342/532/122 338/522/117 344/533/120
f 338/522/117 341/534/121 344/533/120
f 348/535/125 349/536/126 345/537/127
f 348/538/125 353/539/128 350/540/129
f 351/541/130 352/542/131 346/543/132
f 351/541/130 356/544/136 353/539/128
f 354/545/134 355/546/133 347/547/135
f 349/536/126 356/548/136 354/545/134
f 350/549/129 353/550/128 356/548/136
f 360/551/137 361/552/138 357/553/139
f 360/551/137 365/554/140 362/555/221
f 363/556/142 364/557/143 358/558/144
f 367/559/147 365/560/140 363/561/142
f 366/562/146 367/559/147 359/563/148
f 361/552/138 368/564/145 366/565/146
f 362/555/221 365/554/140 368/564/145
f 372/566/149 373/567/150 369/568/151
f 372/569/149 377/570/152 374/571/222
f 375/572/154 376/573/155 370/574/156
f 379/575/157 377/570/152 375/572/154
f 378/576/158 379/577/157 371/578/159
f 373/567/150 380/579/160 378/576/158
f 374/580/222 377/581/152 380/579/160
f 384/582/161 385/583/162 381/584/163
f 384/585/161 389/586/164 386/587/165
f 387/588/166 388/589/167 382/590/168
f 391/591/171 389/586/164 387/588/166
f 390/592/170 391/593/171 383/594/172
f 385/595/162 392/596/169 390/592/170
f 386/587/165 389/586/164 392/597/169
f 396/598/173 397/599/174 393/600/175
f 396/598/173 401/601/181 398/602/223
f 399/603/178 400/604/176 394/605/179
f 403/606/183 401/607/181 399/608/178
f 402/609/182 403/606/183 395/610/184
f 397/611/174 404/612/180 402/609/182
f 398/602/223 401/601/181 404/613/180
f 408/614/185 409/615/186 405/616/187
f 408/614/185 413/617/188 410/618/224
f 411/619/190 412/620/191 406/621/192
f 411/619/190 416/622/196 413/623/188
f 414/624/194 415/625/193 407/626/195
f 409/615/186 416/627/196 414/624/194
f 410/618/224 413/617/188 416/627/196
f 321/504/103 348/628/125 345/629/127
f 325/516/102 352/542/131 348/538/125
f 330/513/110 346/543/132 352/542/131
f 333/520/115 327/630/106 322/631/107
f 337/632/114 331/514/111 327/510/106
f 331/514/111 335/531/124 323/515/112
f 357/553/139 339/523/118 334/525/119
f 361/633/138 343/530/123 339/526/118
f 366/562/146 335/531/124 343/530/123
f 358/634/144 355/546/133 363/635/142
f 355/636/133 367/559/147 363/561/142
f 351/541/130 359/563/148 367/559/147
f 345/537/127 396/598/173 393/600/175
f 349/536/126 400/604/176 396/598/173
f 354/545/134 394/605/179 400/604/176
f 405/616/187 360/551/137 357/553/139
f 409/615/186 364/557/143 360/551/137
f 414/624/194 358/558/144 364/557/143
f 406/621/192 403/606/183 411/619/190
f 403/606/183 415/637/193 411/619/190
f 399/603/178 407/638/195 415/639/193
f 393/640/175 372/566/149 369/568/151
f 397/611/174 376/573/155 372/569/149
f 402/609/182 370/574/156 376/573/155
f 381/584/163 408/614/185 405/616/187
f 385/595/162 412/620/191 408/641/185
f 390/592/170 406/621/192 412/620/191
f 382/590/168 379/642/157 387/588/166
f 379/575/157 391/593/171 387/643/166
f 375/572/154 383/594/172 391/593/171
f 369/568/151 324/502/101 321/504/103
f 373/567/150 328/508/104 324/502/101
f 378/576/158 322/509/107 328/508/104
f 334/525/119 384/582/161 381/584/163
f 340/521/116 388/589/167 384/585/161
f 336/518/113 382/590/168 388/589/167
f 393/640/175 321/504/103 345/629/127
f 335/531/124 346/543/132 323/515/112
f 382/590/168 322/631/107 371/644/159
f 357/553/139 381/584/163 405/616/187
f 358/634/144 394/605/179 347/547/135
f 406/621/192 370/574/156 395/610/184
f 420/645/101 421/646/102 417/647/103
f 424/648/104 422/649/220 420/645/101
f 423/650/106 424/648/104 418/651/107
f 423/652/106 428/653/108 425/654/109
f 426/655/110 427/656/111 419/657/112
f 421/658/102 428/653/108 426/655/110
f 422/649/220 425/659/109 428/660/108
f 432/661/113 433/662/114 429/663/115
f 436/664/116 434/665/117 432/661/113
f 435/666/118 436/667/116 430/668/119
f 439/669/123 437/670/225 435/671/118
f 438/672/122 439/669/123 431/673/124
f 438/674/122 434/665/117 440/675/120
f 434/665/117 437/676/225 440/675/120
f 444/677/125 445/678/126 441/679/127
f 444/680/125 449/681/128 446/682/129
f 447/683/130 448/684/131 442/685/132
f 451/686/133 449/681/128 447/683/130
f 450/687/134 451/688/133 443/689/135
f 450/687/134 446/690/129 452/691/136
f 446/690/129 449/692/128 452/691/136
f 456/693/137 457/694/138 453/695/139
f 456/693/137 461/696/140 458/697/141
f 459/698/142 460/699/143 454/700/144
f 459/701/142 464/702/145 461/703/140
f 462/704/146 463/705/147 455/706/148
f 462/707/146 458/697/141 464/708/145
f 458/697/141 461/696/140 464/708/145
f 468/709/149 469/710/150 465/711/151
f 468/712/149 473/713/152 470/714/222
f 471/715/154 472/716/155 466/717/156
f 475/718/157 473/713/152 471/715/154
f 474/719/158 475/720/157 467/721/159
f 474/719/158 470/722/222 476/723/160
f 470/722/222 473/724/152 476/723/160
f 480/725/161 481/726/162 477/727/163
f 480/728/161 485/729/164 482/730/226
f 483/731/166 484/732/167 478/733/168
f 487/734/171 485/729/164 483/731/166
f 486/735/170 487/736/171 479/737/172
f 486/735/170 482/738/226 488/739/169
f 482/730/226 485/729/164 488/740/169
f 492/741/173 493/742/174 489/743/175
f 496/744/176 494/745/223 492/741/173
f 495/746/178 496/744/176 490/747/179
f 495/748/178 500/749/180 497/750/181
f 498/751/182 499/752/183 491/753/184
f 493/754/174 500/749/180 498/751/182
f 494/745/223 497/755/181 500/756/180
f 504/757/185 505/758/186 501/759/187
f 508/760/191 506/761/189 504/757/185
f 507/762/190 508/763/191 502/764/192
f 507/762/190 512/765/196 509/766/188
f 510/767/194 511/768/193 503/769/195
f 505/758/186 512/770/196 510/767/194
f 506/761/189 509/771/188 512/770/196
f 441/772/127 421/646/102 444/773/125
f 421/658/102 448/684/131 444/680/125
f 426/655/110 442/685/132 448/684/131
f 418/774/107 433/662/114 423/775/106
f 433/776/114 427/656/111 423/652/106
f 438/672/122 419/657/112 427/656/111
f 453/695/139 435/666/118 430/668/119
f 457/777/138 439/669/123 435/671/118
f 439/669/123 455/706/148 431/673/124
f 443/689/135 459/778/142 454/779/144
f 451/686/133 463/705/147 459/701/142
f 463/705/147 442/685/132 455/706/148
f 441/679/127 492/741/173 489/743/175
f 445/678/126 496/744/176 492/741/173
f 450/687/134 490/747/179 496/744/176
f 501/759/187 456/693/137 453/695/139
f 505/758/186 460/699/143 456/693/137
f 510/767/194 454/700/144 460/699/143
f 491/753/184 507/762/190 502/764/192
f 499/752/183 511/780/193 507/762/190
f 495/746/178 503/781/195 511/782/193
f 489/783/175 468/709/149 465/711/151
f 493/754/174 472/716/155 468/712/149
f 472/716/155 491/753/184 466/717/156
f 501/759/187 481/726/162 504/757/185
f 481/784/162 508/763/191 504/785/185
f 486/735/170 502/764/192 508/763/191
f 467/786/159 483/731/166 478/733/168
f 475/718/157 487/736/171 483/787/166
f 487/736/171 466/717/156 479/737/172
f 465/711/151 420/645/101 417/647/103
f 469/710/150 424/648/104 420/645/101
f 474/719/158 418/651/107 424/648/104
f 430/668/119 480/725/161 477/727/163
f 436/664/116 484/732/167 480/728/161
f 432/661/113 478/733/168 484/732/167
f 489/783/175 417/647/103 441/772/127
f 431/673/124 442/685/132 419/657/112
f 478/733/168 418/774/107 467/786/159
f 453/695/139 477/727/163 501/759/187
f 454/779/144 490/747/179 443/689/135
f 502/764/192 466/717/156 491/753/184
f 513/788/1 517/789/2 519/790/3
f 514/791/4 517/789/5 516/792/6
f 515/793/7 517/794/8 518/795/9
f 520/796/10 524/797/197 526/798/12
f 521/799/13 524/800/14 523/801/15
f 522/802/16 524/803/17 525/804/227
f 527/805/19 531/806/20 533/807/21
f 528/808/22 531/809/23 530/810/24
f 529/811/25 531/806/26 532/812/27
f 534/813/28 538/814/29 540/815/30
f 535/816/31 538/814/99 537/817/33
f 536/818/34 538/819/35 539/820/36
f 541/821/37 545/822/38 547/823/39
f 542/824/40 545/825/41 544/826/42
f 543/827/43 545/822/44 546/828/45
f 548/829/46 552/830/47 554/831/48
f 549/832/49 552/833/200 551/834/51
f 550/835/52 552/836/53 553/837/54
f 555/838/55 559/839/56 561/840/57
f 556/841/58 559/839/59 558/842/60
f 557/843/61 559/844/62 560/845/63
f 562/846/64 566/847/65 568/848/66
f 563/849/67 566/850/68 565/851/228
f 564/852/70 566/847/100 567/853/72
f 513/788/1 530/854/73 527/855/19
f 519/856/74 528/808/22 530/810/24
f 520/796/10 518/857/75 514/858/4
f 526/859/76 515/793/7 518/795/9
f 534/813/28 525/860/77 521/799/13
f 540/861/78 522/802/16 525/804/227
f 529/811/25 539/862/79 535/863/31
f 532/864/80 536/818/34 539/820/36
f 527/805/19 558/842/81 555/838/55
f 533/807/82 556/841/58 558/842/60
f 562/846/64 537/817/83 534/813/28
f 568/848/84 535/816/31 537/817/33
f 557/843/61 567/865/85 563/849/67
f 560/866/86 564/867/70 567/868/72
f 555/869/55 544/870/87 541/821/37
f 561/871/88 542/824/40 544/826/42
f 548/829/46 565/872/89 562/846/64
f 554/873/90 563/849/67 565/851/228
f 543/874/43 553/875/91 549/832/49
f 546/876/92 550/835/52 553/837/54
f 541/821/37 516/792/93 513/788/1
f 547/823/94 514/791/4 516/792/6
f 521/799/13 551/877/95 548/829/46
f 523/878/96 549/832/49 551/834/51
f 555/869/55 513/788/1 527/855/19
f 522/802/16 528/808/22 515/793/7
f 549/832/49 514/858/4 543/874/43
f 534/813/28 548/829/46 562/846/64
f 535/863/31 556/841/58 529/811/25
f 563/849/67 542/824/40 557/843/61
f 569/879/1 573/880/2 575/881/202
f 570/882/4 573/880/5 572/883/203
f 571/884/7 573/885/8 574/886/9
f 576/887/10 580/888/229 582/889/12
f 577/890/13 580/891/14 579/892/230
f 578/893/16 580/894/17 581/895/18
f 583/896/19 587/897/20 589/898/231
f 584/899/22 587/900/23 586/901/24
f 585/902/25 587/897/26 588/903/27
f 590/904/28 594/905/29 596/906/30
f 591/907/31 594/905/99 593/908/232
f 592/909/34 594/910/35 595/911/36
f 597/912/37 601/913/38 603/914/233
f 598/915/40 601/916/41 600/917/42
f 599/918/43 601/913/44 602/919/45
f 604/920/46 608/921/47 610/922/48
f 605/923/49 608/924/234 607/925/209
f 606/926/52 608/927/53 609/928/54
f 611/929/55 615/930/56 617/931/210
f 612/932/58 615/930/59 614/933/235
f 613/934/61 615/935/62 616/936/63
f 618/937/64 622/938/65 624/939/236
f 619/940/67 622/941/68 621/942/69
f 620/943/70 622/938/100 623/944/72
f 569/879/1 586/945/237 583/946/19
f 575/947/74 584/899/22 586/901/24
f 576/887/10 574/948/75 570/949/4
f 582/950/76 571/884/7 574/886/9
f 590/904/28 581/951/77 577/890/13
f 581/895/18 592/909/34 578/893/16
f 585/902/25 595/952/79 591/953/31
f 588/954/80 592/909/34 595/911/36
f 583/896/19 614/933/238 611/929/55
f 589/898/239 612/932/58 614/933/235
f 618/937/64 593/908/240 590/904/28
f 624/939/241 591/907/31 593/908/232
f 613/934/61 623/955/85 619/940/67
f 623/956/72 612/932/58 620/957/70
f 611/958/55 600/959/242 597/912/37
f 617/960/88 598/915/40 600/917/42
f 604/920/46 621/961/89 618/937/64
f 621/942/69 606/926/52 619/940/67
f 599/962/43 609/963/91 605/923/49
f 602/964/92 606/926/52 609/928/54
f 597/912/37 572/883/243 569/879/1
f 603/914/218 570/882/4 572/883/203
f 577/890/13 607/965/244 604/920/46
f 579/966/219 605/923/49 607/925/209
f 611/958/55 569/879/1 583/946/19
f 578/893/16 584/899/22 571/884/7
f 605/923/49 570/949/4 599/962/43
f 590/904/28 604/920/46 618/937/64
f 591/953/31 612/932/58 585/902/25
f 619/940/67 598/915/40 613/934/61
f 628/967/101 629/968/102 625/969/103
f 632/970/104 630/971/245 628/967/101
f 631/972/106 632/970/104 626/973/107
f 635/974/111 633/975/246 631/976/106
f 634/977/110 635/974/111 627/978/112
f 634/977/110 630/979/245 636/980/108
f 630/971/245 633/981/246 636/982/108
f 640/983/113 641/984/114 637/985/115
f 640/983/113 645/986/121 642/987/247
f 643/988/118 644/989/116 638/990/119
f 647/991/123 645/992/121 643/993/118
f 646/994/122 647/991/123 639/995/124
f 646/996/122 642/987/247 648/997/120
f 642/987/247 645/986/121 648/997/120
f 652/998/125 653/999/126 649/1000/127
f 656/1001/131 654/1002/129 652/1003/125
f 655/1004/130 656/1001/131 650/1005/132
f 659/1006/133 657/1007/128 655/1004/130
f 658/1008/134 659/1009/133 651/1010/135
f 653/999/126 660/1011/136 658/1008/134
f 654/1012/129 657/1013/128 660/1011/136
f 664/1014/137 665/1015/138 661/1016/139
f 664/1014/137 669/1017/248 666/1018/221
f 667/1019/142 668/1020/143 662/1021/144
f 671/1022/147 669/1023/248 667/1024/142
f 670/1025/146 671/1022/147 663/1026/148
f 670/1027/146 666/1018/221 672/1028/145
f 666/1018/221 669/1017/248 672/1028/145
f 676/1029/149 677/1030/150 673/1031/151
f 680/1032/155 678/1033/222 676/1034/149
f 679/1035/154 680/1032/155 674/1036/156
f 679/1035/154 684/1037/160 681/1038/152
f 682/1039/158 683/1040/157 675/1041/159
f 677/1030/150 684/1042/160 682/1039/158
f 678/1043/222 681/1044/152 684/1042/160
f 688/1045/161 689/1046/162 685/1047/163
f 692/1048/167 690/1049/165 688/1050/161
f 691/1051/166 692/1048/167 686/1052/168
f 695/1053/171 693/1054/249 691/1051/166
f 694/1055/170 695/1056/171 687/1057/172
f 694/1055/170 690/1058/165 696/1059/169
f 690/1049/165 693/1054/249 696/1060/169
f 700/1061/173 701/1062/174 697/1063/175
f 704/1064/176 702/1065/250 700/1061/173
f 703/1066/178 704/1064/176 698/1067/179
f 703/1068/178 708/1069/180 705/1070/251
f 706/1071/182 707/1072/183 699/1073/184
f 706/1071/182 702/1074/250 708/1069/180
f 702/1065/250 705/1075/251 708/1076/180
f 712/1077/185 713/1078/186 709/1079/187
f 716/1080/191 714/1081/224 712/1077/185
f 715/1082/190 716/1083/191 710/1084/192
f 715/1082/190 720/1085/252 717/1086/188
f 718/1087/194 719/1088/193 711/1089/195
f 713/1078/186 720/1090/252 718/1087/194
f 714/1081/224 717/1091/188 720/1090/252
f 625/969/103 652/1092/125 649/1093/127
f 629/1094/102 656/1001/131 652/1003/125
f 634/977/110 650/1005/132 656/1001/131
f 637/985/115 631/1095/106 626/1096/107
f 641/1097/114 635/974/111 631/976/106
f 646/994/122 627/978/112 635/974/111
f 661/1016/139 643/988/118 638/990/119
f 665/1098/138 647/991/123 643/993/118
f 670/1025/146 639/995/124 647/991/123
f 651/1010/135 667/1099/142 662/1100/144
f 659/1006/133 671/1022/147 667/1024/142
f 655/1004/130 663/1026/148 671/1022/147
f 649/1000/127 700/1061/173 697/1063/175
f 653/999/126 704/1064/176 700/1061/173
f 658/1008/134 698/1067/179 704/1064/176
f 709/1079/187 664/1014/137 661/1016/139
f 713/1078/186 668/1020/143 664/1014/137
f 718/1087/194 662/1021/144 668/1020/143
f 699/1073/184 715/1082/190 710/1084/192
f 707/1072/183 719/1101/193 715/1082/190
f 703/1066/178 711/1102/195 719/1103/193
f 697/1104/175 676/1029/149 673/1031/151
f 701/1105/174 680/1032/155 676/1034/149
f 706/1071/182 674/1036/156 680/1032/155
f 685/1047/163 712/1077/185 709/1079/187
f 689/1106/162 716/1083/191 712/1107/185
f 694/1055/170 710/1084/192 716/1083/191
f 675/1108/159 691/1051/166 686/1052/168
f 683/1109/157 695/1056/171 691/1110/166
f 679/1035/154 687/1057/172 695/1056/171
f 673/1031/151 628/967/101 625/969/103
f 677/1030/150 632/970/104 628/967/101
f 682/1039/158 626/973/107 632/970/104
f 638/990/119 688/1045/161 685/1047/163
f 644/1111/116 692/1048/167 688/1050/161
f 640/983/113 686/1052/168 692/1048/167
f 697/1104/175 625/969/103 649/1093/127
f 639/995/124 650/1005/132 627/978/112
f 686/1052/168 626/1096/107 675/1108/159
f 661/1016/139 685/1047/163 709/1079/187
f 662/1100/144 698/1067/179 651/1010/135
f 710/1084/192 674/1036/156 699/1073/184
f 724/1112/101 725/1113/102 721/1114/103
f 724/1112/101 729/1115/109 726/1116/220
f 727/1117/106 728/1118/104 722/1119/107
f 731/1120/111 729/1121/109 727/1122/106
f 730/1123/110 731/1120/111 723/1124/112
f 725/1125/102 732/1126/253 730/1123/110
f 726/1116/220 729/1115/109 732/1127/253
f 736/1128/113 737/1129/114 733/1130/115
f 740/1131/116 738/1132/117 736/1128/113
f 739/1133/118 740/1134/116 734/1135/119
f 743/1136/123 741/1137/121 739/1138/118
f 742/1139/122 743/1136/123 735/1140/124
f 742/1141/122 738/1132/117 744/1142/254
f 738/1132/117 741/1143/121 744/1142/254
f 748/1144/125 749/1145/126 745/1146/127
f 752/1147/131 750/1148/255 748/1149/125
f 751/1150/130 752/1147/131 746/1151/132
f 751/1150/130 756/1152/136 753/1153/256
f 754/1154/134 755/1155/133 747/1156/135
f 749/1145/126 756/1157/136 754/1154/134
f 750/1158/255 753/1159/256 756/1157/136
f 760/1160/257 761/1161/138 757/1162/139
f 760/1160/257 765/1163/140 762/1164/221
f 763/1165/142 764/1166/143 758/1167/144
f 767/1168/147 765/1169/140 763/1170/142
f 766/1171/146 767/1168/147 759/1172/148
f 761/1161/138 768/1173/145 766/1174/146
f 762/1164/221 765/1163/140 768/1173/145
f 772/1175/149 773/1176/150 769/1177/151
f 776/1178/155 774/1179/258 772/1180/149
f 775/1181/154 776/1178/155 770/1182/156
f 779/1183/157 777/1184/152 775/1181/154
f 778/1185/158 779/1186/157 771/1187/159
f 773/1176/150 780/1188/160 778/1185/158
f 774/1189/258 777/1190/152 780/1188/160
f 784/1191/161 785/1192/162 781/1193/163
f 784/1194/161 789/1195/164 786/1196/165
f 787/1197/166 788/1198/167 782/1199/168
f 791/1200/171 789/1195/164 787/1197/166
f 790/1201/170 791/1202/171 783/1203/172
f 785/1204/162 792/1205/169 790/1201/170
f 786/1196/165 789/1195/164 792/1206/169
f 796/1207/173 797/1208/174 793/1209/175
f 800/1210/176 798/1211/177 796/1207/173
f 799/1212/178 800/1210/176 794/1213/179
f 803/1214/183 801/1215/181 799/1216/178
f 802/1217/182 803/1214/183 795/1218/184
f 797/1219/174 804/1220/259 802/1217/182
f 798/1211/177 801/1221/181 804/1222/259
f 808/1223/185 809/1224/186 805/1225/187
f 808/1223/185 813/1226/188 810/1227/224
f 811/1228/190 812/1229/191 806/1230/192
f 811/1228/190 816/1231/196 813/1232/188
f 814/1233/194 815/1234/193 807/1235/195
f 809/1224/186 816/1236/196 814/1233/194
f 810/1227/224 813/1226/188 816/1236/196
f 745/1237/127 725/1113/102 748/1238/125
f 725/1125/102 752/1147/131 748/1149/125
f 730/1123/110 746/1151/132 752/1147/131
f 733/1130/115 727/1239/106 722/1240/107
f 737/1241/114 731/1120/111 727/1122/106
f 731/1120/111 735/1140/124 723/1124/112
f 757/1162/139 739/1133/118 734/1135/119
f 761/1242/138 743/1136/123 739/1138/118
f 743/1136/123 759/1172/148 735/1140/124
f 758/1243/144 755/1155/133 763/1244/142
f 755/1245/133 767/1168/147 763/1170/142
f 751/1150/130 759/1172/148 767/1168/147
f 745/1146/127 796/1207/173 793/1209/175
f 749/1145/126 800/1210/176 796/1207/173
f 754/1154/134 794/1213/179 800/1210/176
f 805/1225/187 760/1160/257 757/1162/139
f 809/1224/186 764/1166/143 760/1160/257
f 814/1233/194 758/1167/144 764/1166/143
f 806/1230/192 803/1214/183 811/1228/190
f 803/1214/183 815/1246/193 811/1228/190
f 799/1212/178 807/1247/195 815/1248/193
f 793/1249/175 772/1175/149 769/1177/151
f 797/1219/174 776/1178/155 772/1180/149
f 776/1178/155 795/1218/184 770/1182/156
f 805/1225/187 785/1192/162 808/1223/185
f 785/1204/162 812/1229/191 808/1250/185
f 790/1201/170 806/1230/192 812/1229/191
f 782/1199/168 779/1251/157 787/1197/166
f 779/1183/157 791/1202/171 787/1252/166
f 775/1181/154 783/1203/172 791/1202/171
f 769/1177/151 724/1112/101 721/1114/103
f 773/1176/150 728/1118/104 724/1112/101
f 778/1185/158 722/1119/107 728/1118/104
f 781/1193/163 740/1134/116 784/1191/161
f 740/1131/116 788/1198/167 784/1194/161
f 736/1128/113 782/1199/168 788/1198/167
f 793/1249/175 721/1114/103 745/1237/127
f 735/1140/124 746/1151/132 723/1124/112
f 782/1199/168 722/1240/107 771/1253/159
f 757/1162/139 781/1193/163 805/1225/187
f 758/1243/144 794/1213/179 747/1156/135
f 806/1230/192 770/1182/156 795/1218/184
f 817/1254/1 821/1255/2 823/1256/3
f 818/1257/4 821/1255/5 820/1258/6
f 819/1259/7 821/1260/8 822/1261/9
f 824/1262/10 828/1263/197 830/1264/12
f 825/1265/13 828/1266/14 827/1267/15
f 826/1268/16 828/1269/17 829/1270/18
f 831/1271/19 835/1272/20 837/1273/21
f 832/1274/22 835/1275/23 834/1276/24
f 833/1277/25 835/1272/26 836/1278/27
f 838/1279/28 842/1280/29 844/1281/30
f 839/1282/31 842/1280/99 841/1283/33
f 840/1284/34 842/1285/35 843/1286/36
f 845/1287/37 849/1288/38 851/1289/39
f 846/1290/40 849/1291/41 848/1292/42
f 847/1293/43 849/1288/44 850/1294/45
f 852/1295/46 856/1296/260 858/1297/48
f 853/1298/49 856/1299/200 855/1300/51
f 854/1301/52 856/1302/53 857/1303/54
f 859/1304/55 863/1305/56 865/1306/57
f 860/1307/58 863/1305/59 862/1308/60
f 861/1309/61 863/1310/62 864/1311/63
f 866/1312/64 870/1313/261 872/1314/236
f 867/1315/67 870/1316/68 869/1317/69
f 868/1318/70 870/1313/100 871/1319/72
f 817/1254/1 834/1320/73 831/1321/19
f 823/1322/74 832/1274/22 834/1276/24
f 824/1262/10 822/1323/75 818/1324/4
f 822/1261/9 826/1268/16 819/1259/7
f 838/1279/28 829/1325/77 825/1265/13
f 844/1326/78 826/1268/16 829/1270/18
f 839/1327/31 836/1278/27 843/1328/79
f 836/1329/80 840/1284/34 843/1286/36
f 831/1271/19 862/1308/81 859/1304/55
f 837/1273/82 860/1307/58 862/1308/60
f 866/1312/64 841/1283/240 838/1279/28
f 872/1314/84 839/1282/31 841/1283/33
f 867/1315/67 864/1311/63 871/1330/85
f 864/1331/86 868/1332/70 871/1333/72
f 859/1334/55 848/1335/87 845/1287/37
f 865/1336/88 846/1290/40 848/1292/42
f 852/1295/46 869/1337/89 866/1312/64
f 858/1338/90 867/1315/67 869/1317/69
f 853/1298/49 850/1339/45 857/1340/91
f 850/1341/92 854/1301/52 857/1303/54
f 845/1287/37 820/1258/93 817/1254/1
f 851/1289/94 818/1257/4 820/1258/6
f 825/1265/13 855/1342/244 852/1295/46
f 827/1343/96 853/1298/49 855/1300/51
f 859/1334/55 817/1254/1 831/1321/19
f 826/1268/16 832/1274/22 819/1259/7
f 853/1298/49 818/1324/4 847/1344/43
f 838/1279/28 852/1295/46 866/1312/64
f 839/1327/31 860/1307/58 833/1277/25
f 867/1315/67 846/1290/40 861/1309/61
f 873/1345/1 877/1346/2 879/1347/3
f 874/1348/4 877/1346/5 876/1349/6
f 875/1350/7 877/1351/262 878/1352/9
f 880/1353/10 884/1354/197 886/1355/204
f 881/1356/13 884/1357/263 883/1358/264
f 882/1359/16 884/1360/17 885/1361/18
f 887/1362/19 891/1363/20 893/1364/21
f 888/1365/22 891/1366/265 890/1367/266
f 889/1368/25 891/1363/26 892/1369/27
f 894/1370/28 898/1371/267 900/1372/268
f 895/1373/31 898/1371/99 897/1374/232
f 896/1375/34 898/1376/35 899/1377/269
f 901/1378/37 905/1379/38 907/1380/39
f 902/1381/40 905/1382/270 904/1383/271
f 903/1384/43 905/1379/44 906/1385/45
f 908/1386/46 912/1387/272 914/1388/273
f 909/1389/49 912/1390/200 911/1391/51
f 910/1392/52 912/1393/53 913/1394/274
f 915/1395/55 919/1396/56 921/1397/57
f 916/1398/58 919/1396/59 918/1399/60
f 917/1400/61 919/1401/275 920/1402/63
f 922/1403/64 926/1404/276 928/1405/277
f 923/1406/67 926/1407/68 925/1408/69
f 924/1409/70 926/1404/100 927/1410/211
f 873/1345/1 890/1411/73 887/1412/19
f 879/1413/278 888/1365/22 890/1367/266
f 874/1414/4 886/1355/204 878/1415/75
f 886/1416/279 875/1350/7 878/1352/9
f 894/1370/28 885/1417/280 881/1356/13
f 885/1361/18 896/1375/34 882/1359/16
f 889/1368/25 899/1418/214 895/1419/31
f 899/1377/269 888/1365/22 896/1375/34
f 887/1362/19 918/1399/81 915/1395/55
f 893/1364/82 916/1398/58 918/1399/60
f 922/1403/64 897/1374/281 894/1370/28
f 897/1374/232 924/1409/70 895/1373/31
f 917/1400/61 927/1420/282 923/1406/67
f 927/1421/211 916/1398/58 924/1422/70
f 915/1423/55 904/1424/87 901/1378/37
f 921/1425/283 902/1381/40 904/1383/271
f 908/1386/46 925/1426/284 922/1403/64
f 925/1408/69 910/1392/52 923/1406/67
f 903/1427/43 913/1428/217 909/1389/49
f 913/1394/274 902/1381/40 910/1392/52
f 901/1378/37 876/1349/93 873/1345/1
f 907/1380/94 874/1348/4 876/1349/6
f 881/1356/13 911/1429/285 908/1386/46
f 911/1391/51 880/1353/10 909/1389/49
f 915/1423/55 873/1345/1 887/1412/19
f 882/1359/16 888/1365/22 875/1350/7
f 909/1389/49 874/1414/4 903/1427/43
f 894/1370/28 908/1386/46 922/1403/64
f 895/1419/31 916/1398/58 889/1368/25
f 917/1400/61 910/1392/52 902/1381/40
f 932/1430/101 933/1431/102 929/1432/103
f 936/1433/104 934/1434/105 932/1430/101
f 935/1435/106 936/1433/104 930/1436/107
f 939/1437/111 937/1438/109 935/1439/106
f 938/1440/110 939/1437/111 931/1441/112
f 933/1442/102 940/1443/286 938/1440/110
f 934/1434/105 937/1444/109 940/1445/286
f 944/1446/113 945/1447/114 941/1448/115
f 948/1449/116 946/1450/117 944/1446/113
f 947/1451/118 948/1452/116 942/1453/119
f 951/1454/123 949/1455/121 947/1456/118
f 950/1457/122 951/1454/123 943/1458/124
f 950/1459/122 946/1450/117 952/1460/287
f 946/1450/117 949/1461/121 952/1460/287
f 956/1462/125 957/1463/126 953/1464/127
f 956/1465/125 961/1466/288 958/1467/289
f 959/1468/130 960/1469/131 954/1470/132
f 959/1468/130 964/1471/136 961/1466/288
f 962/1472/134 963/1473/133 955/1474/135
f 962/1472/134 958/1475/289 964/1476/136
f 958/1475/289 961/1477/288 964/1476/136
f 968/1478/137 969/1479/138 965/1480/139
f 968/1478/137 973/1481/140 970/1482/221
f 971/1483/142 972/1484/143 966/1485/144
f 971/1486/142 976/1487/290 973/1488/140
f 974/1489/146 975/1490/147 967/1491/148
f 974/1492/146 970/1482/221 976/1493/290
f 970/1482/221 973/1481/140 976/1493/290
f 980/1494/149 981/1495/150 977/1496/151
f 984/1497/155 982/1498/153 980/1499/149
f 983/1500/154 984/1497/155 978/1501/156
f 983/1500/154 988/1502/160 985/1503/291
f 986/1504/158 987/1505/157 979/1506/159
f 986/1504/158 982/1507/153 988/1508/160
f 982/1507/153 985/1509/291 988/1508/160
f 992/1510/161 993/1511/162 989/1512/163
f 992/1513/161 997/1514/164 994/1515/165
f 995/1516/166 996/1517/167 990/1518/168
f 995/1516/166 1000/1519/292 997/1514/164
f 998/1520/170 999/1521/171 991/1522/172
f 998/1520/170 994/1523/165 1000/1524/292
f 994/1515/165 997/1514/164 1000/1519/292
f 1004/1525/173 1005/1526/174 1001/1527/175
f 1008/1528/176 1006/1529/177 1004/1525/173
f 1007/1530/178 1008/1528/176 1002/1531/179
f 1011/1532/183 1009/1533/181 1007/1534/178
f 1010/1535/182 1011/1532/183 1003/1536/184
f 1010/1535/182 1006/1537/177 1012/1538/293
f 1006/1529/177 1009/1539/181 1012/1540/293
f 1016/1541/185 1017/1542/186 1013/1543/187
f 1020/1544/191 1018/1545/224 1016/1541/185
f 1019/1546/190 1020/1547/191 1014/1548/192
f 1019/1546/190 1024/1549/196 1021/1550/294
f 1022/1551/194 1023/1552/193 1015/1553/195
f 1017/1542/186 1024/1554/196 1022/1551/194
f 1018/1545/224 1021/1555/294 1024/1554/196
f 929/1432/103 956/1556/125 953/1557/127
f 933/1442/102 960/1469/131 956/1465/125
f 938/1440/110 954/1470/132 960/1469/131
f 941/1448/115 935/1558/106 930/1559/107
f 945/1560/114 939/1437/111 935/1439/106
f 950/1457/122 931/1441/112 939/1437/111
f 965/1480/139 947/1451/118 942/1453/119
f 969/1561/138 951/1454/123 947/1456/118
f 974/1489/146 943/1458/124 951/1454/123
f 955/1474/135 971/1562/142 966/1563/144
f 963/1564/133 975/1490/147 971/1486/142
f 959/1468/130 967/1491/148 975/1490/147
f 953/1464/127 1004/1525/173 1001/1527/175
f 957/1463/126 1008/1528/176 1004/1525/173
f 962/1472/134 1002/1531/179 1008/1528/176
f 1013/1543/187 968/1478/137 965/1480/139
f 1017/1542/186 972/1484/143 968/1478/137
f 1022/1551/194 966/1485/144 972/1484/143
f 1003/1536/184 1019/1546/190 1014/1548/192
f 1011/1532/183 1023/1565/193 1019/1546/190
f 1007/1530/178 1015/1566/195 1023/1567/193
f 1001/1568/175 980/1494/149 977/1496/151
f 1005/1569/174 984/1497/155 980/1499/149
f 1010/1535/182 978/1501/156 984/1497/155
f 989/1512/163 1016/1541/185 1013/1543/187
f 993/1570/162 1020/1547/191 1016/1571/185
f 998/1520/170 1014/1548/192 1020/1547/191
f 979/1572/159 995/1516/166 990/1518/168
f 987/1573/157 999/1521/171 995/1574/166
f 983/1500/154 991/1522/172 999/1521/171
f 977/1496/151 932/1430/101 929/1432/103
f 981/1495/150 936/1433/104 932/1430/101
f 986/1504/158 930/1436/107 936/1433/104
f 942/1453/119 992/1510/161 989/1512/163
f 948/1449/116 996/1517/167 992/1513/161
f 944/1446/113 990/1518/168 996/1517/167
f 1001/1568/175 929/1432/103 953/1557/127
f 943/1458/124 954/1470/132 931/1441/112
f 990/1518/168 930/1559/107 979/1572/159
f 965/1480/139 989/1512/163 1013/1543/187
f 966/1563/144 1002/1531/179 955/1474/135
f 1014/1548/192 978/1501/156 1003/1536/184
f 1026/1575/295 1037/1576/296 1025/1577/296
f 1027/1578/297 1038/1579/295 1026/1575/295
f 1028/1580/298 1039/1581/297 1027/1582/297
f 1029/1583/299 1040/1584/298 1028/1580/298
f 1030/1585/300 1041/1586/299 1029/1587/299
f 1031/1588/301 1042/1589/300 1030/1585/300
f 1032/1590/302 1043/1591/301 1031/1588/301
f 1033/1592/303 1044/1593/302 1032/1590/302
f 1034/1594/304 1045/1595/303 1033/1596/303
f 1035/1597/305 1046/1598/304 1034/1594/304
f 1036/1599/306 1047/1600/305 1035/1601/305
f 1025/1577/296 1048/1602/306 1036/1599/306
f 1033/1603/307 1029/1604/307 1025/1605/307
f 1040/1606/308 1044/1607/308 1048/1608/308
f 1/1/1 4/5/93 5/2/2
f 2/4/4 6/1609/75 5/2/5
f 3/6/7 7/69/74 5/7/8
f 8/9/10 11/91/96 12/10/11
f 9/12/13 13/73/77 12/13/14
f 10/15/16 14/72/76 12/16/17
f 15/18/19 18/1610/73 19/19/20
f 16/21/22 20/77/80 19/22/23
f 17/24/25 21/20/82 19/19/26
f 22/26/28 25/30/83 26/27/29
f 23/29/31 27/1611/79 26/27/32
f 24/31/34 28/74/78 26/32/35
f 29/34/37 32/83/87 33/35/38
f 30/37/40 34/89/92 33/38/41
f 31/40/43 35/36/94 33/35/44
f 36/42/46 39/90/95 40/43/47
f 37/45/49 41/88/91 40/46/50
f 38/48/52 42/86/90 40/49/53
f 43/51/55 46/55/81 47/52/56
f 44/54/58 48/79/86 47/52/59
f 45/56/61 49/84/88 47/57/62
f 50/59/64 53/85/89 54/60/65
f 51/62/67 55/78/85 54/63/68
f 52/65/70 56/61/84 54/60/71
f 1/1/1 7/3/3 18/67/73
f 7/69/74 3/6/7 16/21/22
f 8/9/10 14/11/12 6/70/75
f 14/72/76 10/15/16 3/6/7
f 22/26/28 28/28/30 13/73/77
f 28/74/78 24/31/34 10/15/16
f 17/24/25 20/25/27 27/75/79
f 20/77/80 16/21/22 24/31/34
f 15/18/19 21/20/21 46/55/81
f 21/20/82 17/24/25 44/54/58
f 50/59/64 56/61/66 25/30/83
f 56/61/84 52/65/70 23/29/31
f 51/62/67 45/56/61 48/58/63
f 48/79/86 44/54/58 52/80/70
f 43/82/55 49/1612/57 32/83/87
f 49/84/88 45/56/61 30/37/40
f 36/42/46 42/44/48 53/85/89
f 42/86/90 38/48/52 51/62/67
f 31/87/43 34/1613/45 41/88/91
f 34/89/92 30/37/40 38/48/52
f 29/34/37 35/36/39 4/5/93
f 35/36/94 31/40/43 2/4/4
f 9/12/13 11/14/15 39/90/95
f 11/91/96 8/9/10 37/45/49
f 43/82/55 29/34/37 1/1/1
f 10/15/16 24/31/34 16/21/22
f 37/45/49 8/9/10 2/71/4
f 22/26/28 9/12/13 36/42/46
f 23/76/31 52/80/70 44/54/58
f 45/56/61 51/62/67 38/48/52
f 57/92/1 60/96/93 61/93/2
f 58/95/4 62/1614/75 61/93/97
f 59/97/7 63/160/74 61/98/8
f 64/100/10 67/179/96 68/101/11
f 65/103/13 69/164/77 68/104/14
f 66/106/16 70/163/76 68/107/17
f 71/109/19 74/1615/73 75/110/20
f 72/112/22 76/1616/80 75/113/23
f 73/115/25 77/111/82 75/110/98
f 78/117/28 81/121/83 82/118/29
f 79/120/31 83/1617/79 82/118/99
f 80/122/34 84/165/78 82/123/35
f 85/125/37 88/172/87 89/126/38
f 86/128/40 90/1618/92 89/129/41
f 87/131/43 91/127/94 89/126/44
f 92/133/46 95/178/95 96/134/47
f 93/136/49 97/177/91 96/137/50
f 94/139/52 98/175/90 96/140/53
f 99/142/55 102/146/81 103/143/56
f 100/145/58 104/1619/86 103/143/59
f 101/147/61 105/173/88 103/148/62
f 106/150/64 109/174/89 110/151/65
f 107/153/67 111/168/85 110/154/68
f 108/156/70 112/152/84 110/151/100
f 57/92/1 63/94/3 74/158/73
f 63/160/74 59/97/7 72/112/22
f 58/161/4 64/100/10 70/102/12
f 70/163/76 66/106/16 59/97/7
f 78/117/28 84/119/30 69/164/77
f 84/165/78 80/122/34 66/106/16
f 73/115/25 76/116/27 83/166/79
f 83/124/36 76/1616/80 72/112/22
f 71/109/19 77/111/21 102/146/81
f 77/111/82 73/115/25 100/145/58
f 106/150/64 112/152/66 81/121/83
f 81/121/33 112/152/84 108/156/70
f 101/147/61 104/149/63 111/168/85
f 111/169/72 104/1619/86 100/145/58
f 99/171/55 105/1620/57 88/172/87
f 105/173/88 101/147/61 86/128/40
f 92/133/46 98/135/48 109/174/89
f 98/175/90 94/139/52 107/153/67
f 87/176/43 90/1621/45 97/177/91
f 97/141/54 90/1618/92 86/128/40
f 85/125/37 91/127/39 60/96/93
f 91/127/94 87/131/43 58/95/4
f 65/103/13 67/105/15 95/178/95
f 67/179/96 64/100/10 93/136/49
f 99/171/55 85/125/37 57/92/1
f 66/106/16 80/122/34 72/112/22
f 93/136/49 64/100/10 58/161/4
f 78/117/28 65/103/13 92/133/46
f 79/167/31 108/170/70 100/145/58
f 107/153/67 94/139/52 86/128/40
f 116/180/101 118/184/105 117/181/102
f 120/183/104 121/194/109 118/184/105
f 119/185/106 121/194/109 120/183/104
f 119/187/106 123/191/111 124/188/108
f 122/190/110 124/188/108 123/191/111
f 117/193/102 118/1622/105 124/188/108
f 128/196/113 130/200/117 129/197/114
f 132/199/116 133/212/121 130/200/117
f 131/201/118 133/1623/121 132/202/116
f 131/204/118 135/208/123 136/205/120
f 134/207/122 136/205/120 135/208/123
f 129/197/114 130/200/117 136/210/120
f 140/213/125 142/227/129 141/214/126
f 140/216/125 144/220/131 145/217/128
f 143/219/130 145/217/128 144/220/131
f 147/222/133 148/1624/136 145/217/128
f 146/223/134 148/226/136 147/224/133
f 141/214/126 142/227/129 148/226/136
f 152/229/137 154/233/141 153/230/138
f 152/229/137 156/235/143 157/232/140
f 155/234/142 157/232/140 156/235/143
f 155/237/142 159/241/147 160/238/145
f 158/240/146 160/238/145 159/241/147
f 158/243/146 153/230/138 154/233/141
f 164/245/149 166/258/153 165/246/150
f 164/248/149 168/252/155 169/249/152
f 167/251/154 169/249/152 168/252/155
f 171/254/157 172/1625/160 169/249/152
f 170/255/158 172/259/160 171/256/157
f 170/255/158 165/246/150 166/258/153
f 176/261/161 178/1626/165 177/262/162
f 176/264/161 180/268/167 181/265/164
f 179/267/166 181/265/164 180/268/167
f 179/267/166 183/1627/171 184/270/169
f 182/271/170 184/275/169 183/272/171
f 177/274/162 178/1628/165 184/275/169
f 188/276/173 190/280/177 189/277/174
f 192/279/176 193/290/181 190/280/177
f 191/281/178 193/290/181 192/279/176
f 191/283/178 195/287/183 196/284/180
f 194/286/182 196/284/180 195/287/183
f 189/289/174 190/1629/177 196/284/180
f 200/292/185 202/296/189 201/293/186
f 200/292/185 204/1630/191 205/295/188
f 203/297/190 205/301/188 204/298/191
f 207/300/193 208/1631/196 205/301/188
f 206/302/194 208/305/196 207/303/193
f 201/293/186 202/296/189 208/305/196
f 137/306/127 113/182/103 117/181/102
f 117/193/102 122/190/110 144/220/131
f 122/190/110 115/192/112 138/221/132
f 125/198/115 129/197/114 119/308/106
f 129/310/114 134/207/122 123/191/111
f 134/207/122 127/209/124 115/192/112
f 149/231/139 153/230/138 131/201/118
f 153/311/138 158/240/146 135/208/123
f 135/208/123 158/240/146 151/242/148
f 139/225/135 147/224/133 155/312/142
f 147/222/133 143/219/130 159/241/147
f 143/219/130 138/221/132 151/242/148
f 137/215/127 141/214/126 188/276/173
f 141/214/126 146/223/134 192/279/176
f 146/223/134 139/225/135 186/282/179
f 197/294/187 201/293/186 152/229/137
f 201/293/186 206/302/194 156/235/143
f 206/302/194 199/304/195 150/236/144
f 187/288/184 195/287/183 203/297/190
f 203/297/190 195/287/183 191/283/178
f 191/281/178 186/282/179 199/314/195
f 185/316/175 189/1632/174 164/245/149
f 189/289/174 194/286/182 168/252/155
f 168/252/155 194/286/182 187/288/184
f 197/294/187 173/263/163 177/262/162
f 177/274/162 182/271/170 204/298/191
f 182/271/170 175/273/172 198/299/192
f 163/318/159 171/1633/157 179/267/166
f 171/254/157 167/251/154 183/272/171
f 167/251/154 162/253/156 175/273/172
f 161/247/151 165/246/150 116/180/101
f 165/246/150 170/255/158 120/183/104
f 170/255/158 163/257/159 114/186/107
f 126/203/119 132/202/116 176/261/161
f 132/199/116 128/196/113 180/268/167
f 128/196/113 125/198/115 174/269/168
f 185/316/175 161/247/151 113/182/103
f 127/209/124 151/242/148 138/221/132
f 174/269/168 125/198/115 114/309/107
f 149/231/139 126/203/119 173/263/163
f 150/313/144 199/314/195 186/282/179
f 198/299/192 175/273/172 162/253/156
f 209/320/1 212/324/93 213/321/2
f 210/323/4 214/1634/75 213/321/97
f 211/325/7 215/388/74 213/326/8
f 216/328/10 219/410/96 220/329/197
f 217/331/13 221/392/77 220/332/14
f 218/334/16 222/391/76 220/335/17
f 223/337/19 226/1635/73 227/338/20
f 224/340/22 228/396/80 227/341/23
f 225/343/25 229/339/82 227/338/26
f 230/345/28 233/349/83 234/346/29
f 231/348/31 235/1636/79 234/346/198
f 232/350/34 236/393/78 234/351/35
f 237/353/37 240/402/87 241/354/38
f 238/356/40 242/408/92 241/357/41
f 239/359/43 243/355/94 241/354/199
f 244/361/46 247/409/95 248/362/47
f 245/364/49 249/407/91 248/365/200
f 246/367/52 250/405/90 248/368/53
f 251/370/55 254/374/81 255/371/56
f 252/373/58 256/398/86 255/371/59
f 253/375/61 257/403/88 255/376/62
f 258/378/64 261/404/89 262/379/65
f 259/381/67 263/397/85 262/382/68
f 260/384/70 264/380/84 262/379/201
f 209/320/1 215/322/3 226/386/73
f 215/388/74 211/325/7 224/340/22
f 216/328/10 222/330/12 214/389/75
f 222/391/76 218/334/16 211/325/7
f 230/345/28 236/347/30 221/392/77
f 236/393/78 232/350/34 218/334/16
f 225/343/25 228/344/27 235/394/79
f 228/396/80 224/340/22 232/350/34
f 223/337/19 229/339/21 254/374/81
f 229/339/82 225/343/25 252/373/58
f 258/378/64 264/380/66 233/349/83
f 264/380/84 260/384/70 231/348/31
f 253/375/61 256/377/63 263/397/85
f 256/398/86 252/373/58 260/399/70
f 251/401/55 257/1637/57 240/402/87
f 257/403/88 253/375/61 238/356/40
f 244/361/46 250/363/48 261/404/89
f 250/405/90 246/367/52 259/381/67
f 239/406/43 242/1638/45 249/407/91
f 242/408/92 238/356/40 246/367/52
f 237/353/37 243/355/39 212/324/93
f 243/355/94 239/359/43 210/323/4
f 217/331/13 219/333/15 247/409/95
f 219/410/96 216/328/10 245/364/49
f 251/401/55 237/353/37 209/320/1
f 218/334/16 232/350/34 224/340/22
f 245/364/49 216/328/10 210/390/4
f 230/345/28 217/331/13 244/361/46
f 231/395/31 260/399/70 252/373/58
f 259/381/67 246/367/52 238/356/40
f 265/411/1 268/415/93 269/412/2
f 266/414/4 270/1639/212 269/412/5
f 267/416/7 271/479/74 269/417/8
f 272/419/10 275/501/219 276/420/197
f 273/422/13 277/483/213 276/423/14
f 274/425/16 278/482/76 276/426/17
f 279/428/19 282/1640/73 283/429/20
f 280/431/22 284/487/80 283/432/23
f 281/434/25 285/430/82 283/429/26
f 286/436/28 289/440/83 290/437/29
f 287/439/31 291/1641/214 290/437/99
f 288/441/34 292/484/78 290/442/35
f 293/444/37 296/493/87 297/445/38
f 294/447/40 298/499/92 297/448/41
f 295/450/43 299/446/218 297/445/44
f 300/452/46 303/500/95 304/453/47
f 301/455/49 305/498/217 304/456/200
f 302/458/52 306/496/90 304/459/53
f 307/461/55 310/465/81 311/462/56
f 308/464/58 312/489/215 311/462/59
f 309/466/61 313/494/88 311/467/62
f 314/469/64 317/495/216 318/470/65
f 315/472/67 319/488/85 318/473/68
f 316/475/70 320/471/84 318/470/100
f 265/411/1 271/413/202 282/477/73
f 271/479/74 267/416/7 280/431/22
f 272/419/10 278/421/204 270/480/212
f 278/482/76 274/425/16 267/416/7
f 286/436/28 292/438/206 277/483/213
f 292/484/78 288/441/34 274/425/16
f 281/434/25 284/435/205 291/485/214
f 284/487/80 280/431/22 288/441/34
f 279/428/19 285/430/21 310/465/81
f 285/430/82 281/434/25 308/464/58
f 314/469/64 320/471/66 289/440/83
f 320/471/84 316/475/70 287/439/31
f 309/466/61 312/468/63 319/488/85
f 312/489/215 308/464/58 316/490/70
f 307/492/55 313/1642/210 296/493/87
f 313/494/88 309/466/61 294/447/40
f 300/452/46 306/454/208 317/495/216
f 306/496/90 302/458/52 315/472/67
f 295/497/43 298/1643/207 305/498/217
f 298/499/92 294/447/40 302/458/52
f 293/444/37 299/446/39 268/415/93
f 299/446/218 295/450/43 266/414/4
f 273/422/13 275/424/15 303/500/95
f 275/501/219 272/419/10 301/455/49
f 307/492/55 293/444/37 265/411/1
f 274/425/16 288/441/34 280/431/22
f 301/455/49 272/419/10 266/481/4
f 286/436/28 273/422/13 300/452/46
f 287/486/31 316/490/70 308/464/58
f 315/472/67 302/458/52 294/447/40
f 324/502/101 326/506/220 325/503/102
f 324/502/101 328/508/104 329/505/109
f 327/507/106 329/505/109 328/508/104
f 327/510/106 331/514/111 332/511/108
f 330/513/110 332/511/108 331/514/111
f 325/516/102 326/1644/220 332/511/108
f 336/518/113 338/522/117 337/519/114
f 340/521/116 341/534/121 338/522/117
f 339/523/118 341/1645/121 340/524/116
f 339/526/118 343/530/123 344/527/120
f 342/529/122 344/527/120 343/530/123
f 342/532/122 337/519/114 338/522/117
f 348/535/125 350/549/129 349/536/126
f 348/538/125 352/542/131 353/539/128
f 351/541/130 353/539/128 352/542/131
f 351/541/130 355/636/133 356/544/136
f 354/545/134 356/548/136 355/546/133
f 349/536/126 350/549/129 356/548/136
f 360/551/137 362/555/221 361/552/138
f 360/551/137 364/557/143 365/554/140
f 363/556/142 365/554/140 364/557/143
f 367/559/147 368/1646/145 365/560/140
f 366/562/146 368/1646/145 367/559/147
f 361/552/138 362/555/221 368/564/145
f 372/566/149 374/580/222 373/567/150
f 372/569/149 376/573/155 377/570/152
f 375/572/154 377/570/152 376/573/155
f 379/575/157 380/1647/160 377/570/152
f 378/576/158 380/579/160 379/577/157
f 373/567/150 374/580/222 380/579/160
f 384/582/161 386/1648/165 385/583/162
f 384/585/161 388/589/167 389/586/164
f 387/588/166 389/586/164 388/589/167
f 391/591/171 392/597/169 389/586/164
f 390/592/170 392/596/169 391/593/171
f 385/595/162 386/1649/165 392/596/169
f 396/598/173 398/602/223 397/599/174
f 396/598/173 400/604/176 401/601/181
f 399/603/178 401/601/181 400/604/176
f 403/606/183 404/612/180 401/607/181
f 402/609/182 404/612/180 403/606/183
f 397/611/174 398/1650/223 404/612/180
f 408/614/185 410/618/224 409/615/186
f 408/614/185 412/1651/191 413/617/188
f 411/619/190 413/623/188 412/620/191
f 411/619/190 415/637/193 416/622/196
f 414/624/194 416/627/196 415/625/193
f 409/615/186 410/618/224 416/627/196
f 321/504/103 325/503/102 348/628/125
f 325/516/102 330/513/110 352/542/131
f 330/513/110 323/515/112 346/543/132
f 333/520/115 337/519/114 327/630/106
f 337/632/114 342/529/122 331/514/111
f 331/514/111 342/529/122 335/531/124
f 357/553/139 361/552/138 339/523/118
f 361/633/138 366/562/146 343/530/123
f 366/562/146 359/563/148 335/531/124
f 358/634/144 347/547/135 355/546/133
f 355/636/133 351/541/130 367/559/147
f 351/541/130 346/543/132 359/563/148
f 345/537/127 349/536/126 396/598/173
f 349/536/126 354/545/134 400/604/176
f 354/545/134 347/547/135 394/605/179
f 405/616/187 409/615/186 360/551/137
f 409/615/186 414/624/194 364/557/143
f 414/624/194 407/626/195 358/558/144
f 406/621/192 395/610/184 403/606/183
f 403/606/183 399/608/178 415/637/193
f 399/603/178 394/605/179 407/638/195
f 393/640/175 397/1652/174 372/566/149
f 397/611/174 402/609/182 376/573/155
f 402/609/182 395/610/184 370/574/156
f 381/584/163 385/583/162 408/614/185
f 385/595/162 390/592/170 412/620/191
f 390/592/170 383/594/172 406/621/192
f 382/590/168 371/644/159 379/642/157
f 379/575/157 375/572/154 391/593/171
f 375/572/154 370/574/156 383/594/172
f 369/568/151 373/567/150 324/502/101
f 373/567/150 378/576/158 328/508/104
f 378/576/158 371/578/159 322/509/107
f 334/525/119 340/524/116 384/582/161
f 340/521/116 336/518/113 388/589/167
f 336/518/113 333/520/115 382/590/168
f 393/640/175 369/568/151 321/504/103
f 335/531/124 359/563/148 346/543/132
f 382/590/168 333/520/115 322/631/107
f 357/553/139 334/525/119 381/584/163
f 358/634/144 407/638/195 394/605/179
f 406/621/192 383/594/172 370/574/156
f 420/645/101 422/649/220 421/646/102
f 424/648/104 425/659/109 422/649/220
f 423/650/106 425/659/109 424/648/104
f 423/652/106 427/656/111 428/653/108
f 426/655/110 428/653/108 427/656/111
f 421/658/102 422/1653/220 428/653/108
f 432/661/113 434/665/117 433/662/114
f 436/664/116 437/676/225 434/665/117
f 435/666/118 437/1654/225 436/667/116
f 439/669/123 440/1655/120 437/670/225
f 438/672/122 440/1655/120 439/669/123
f 438/674/122 433/662/114 434/665/117
f 444/677/125 446/690/129 445/678/126
f 444/680/125 448/684/131 449/681/128
f 447/683/130 449/681/128 448/684/131
f 451/686/133 452/1656/136 449/681/128
f 450/687/134 452/691/136 451/688/133
f 450/687/134 445/678/126 446/690/129
f 456/693/137 458/697/141 457/694/138
f 456/693/137 460/699/143 461/696/140
f 459/698/142 461/696/140 460/699/143
f 459/701/142 463/705/147 464/702/145
f 462/704/146 464/702/145 463/705/147
f 462/707/146 457/694/138 458/697/141
f 468/709/149 470/722/222 469/710/150
f 468/712/149 472/716/155 473/713/152
f 471/715/154 473/713/152 472/716/155
f 475/718/157 476/1657/160 473/713/152
f 474/719/158 476/723/160 475/720/157
f 474/719/158 469/710/150 470/722/222
f 480/725/161 482/1658/226 481/726/162
f 480/728/161 484/732/167 485/729/164
f 483/731/166 485/729/164 484/732/167
f 487/734/171 488/740/169 485/729/164
f 486/735/170 488/739/169 487/736/171
f 486/735/170 481/784/162 482/738/226
f 492/741/173 494/745/223 493/742/174
f 496/744/176 497/755/181 494/745/223
f 495/746/178 497/755/181 496/744/176
f 495/748/178 499/752/183 500/749/180
f 498/751/182 500/749/180 499/752/183
f 493/754/174 494/1659/223 500/749/180
f 504/757/185 506/761/189 505/758/186
f 508/760/191 509/771/188 506/761/189
f 507/762/190 509/766/188 508/763/191
f 507/762/190 511/780/193 512/765/196
f 510/767/194 512/770/196 511/768/193
f 505/758/186 506/761/189 512/770/196
f 441/772/127 417/647/103 421/646/102
f 421/658/102 426/655/110 448/684/131
f 426/655/110 419/657/112 442/685/132
f 418/774/107 429/663/115 433/662/114
f 433/776/114 438/672/122 427/656/111
f 438/672/122 431/673/124 419/657/112
f 453/695/139 457/694/138 435/666/118
f 457/777/138 462/704/146 439/669/123
f 439/669/123 462/704/146 455/706/148
f 443/689/135 451/688/133 459/778/142
f 451/686/133 447/683/130 463/705/147
f 463/705/147 447/683/130 442/685/132
f 441/679/127 445/678/126 492/741/173
f 445/678/126 450/687/134 496/744/176
f 450/687/134 443/689/135 490/747/179
f 501/759/187 505/758/186 456/693/137
f 505/758/186 510/767/194 460/699/143
f 510/767/194 503/769/195 454/700/144
f 491/753/184 499/752/183 507/762/190
f 499/752/183 495/748/178 511/780/193
f 495/746/178 490/747/179 503/781/195
f 489/783/175 493/1660/174 468/709/149
f 493/754/174 498/751/182 472/716/155
f 472/716/155 498/751/182 491/753/184
f 501/759/187 477/727/163 481/726/162
f 481/784/162 486/735/170 508/763/191
f 486/735/170 479/737/172 502/764/192
f 467/786/159 475/1661/157 483/731/166
f 475/718/157 471/715/154 487/736/171
f 487/736/171 471/715/154 466/717/156
f 465/711/151 469/710/150 420/645/101
f 469/710/150 474/719/158 424/648/104
f 474/719/158 467/721/159 418/651/107
f 430/668/119 436/667/116 480/725/161
f 436/664/116 432/661/113 484/732/167
f 432/661/113 429/663/115 478/733/168
f 489/783/175 465/711/151 417/647/103
f 431/673/124 455/706/148 442/685/132
f 478/733/168 429/663/115 418/774/107
f 453/695/139 430/668/119 477/727/163
f 454/779/144 503/781/195 490/747/179
f 502/764/192 479/737/172 466/717/156
f 513/788/1 516/792/93 517/789/2
f 514/791/4 518/1662/75 517/789/5
f 515/793/7 519/856/74 517/794/8
f 520/796/10 523/878/96 524/797/197
f 521/799/13 525/860/77 524/800/14
f 522/802/16 526/859/76 524/803/17
f 527/805/19 530/1663/73 531/806/20
f 528/808/22 532/864/80 531/809/23
f 529/811/25 533/807/82 531/806/26
f 534/813/28 537/817/83 538/814/29
f 535/816/31 539/1664/79 538/814/99
f 536/818/34 540/861/78 538/819/35
f 541/821/37 544/870/87 545/822/38
f 542/824/40 546/876/92 545/825/41
f 543/827/43 547/823/94 545/822/44
f 548/829/46 551/877/95 552/830/47
f 549/832/49 553/875/91 552/833/200
f 550/835/52 554/873/90 552/836/53
f 555/838/55 558/842/81 559/839/56
f 556/841/58 560/866/86 559/839/59
f 557/843/61 561/871/88 559/844/62
f 562/846/64 565/872/89 566/847/65
f 563/849/67 567/865/85 566/850/68
f 564/852/70 568/848/84 566/847/100
f 513/788/1 519/790/3 530/854/73
f 519/856/74 515/793/7 528/808/22
f 520/796/10 526/798/12 518/857/75
f 526/859/76 522/802/16 515/793/7
f 534/813/28 540/815/30 525/860/77
f 540/861/78 536/818/34 522/802/16
f 529/811/25 532/812/27 539/862/79
f 532/864/80 528/808/22 536/818/34
f 527/805/19 533/807/21 558/842/81
f 533/807/82 529/811/25 556/841/58
f 562/846/64 568/848/66 537/817/83
f 568/848/84 564/852/70 535/816/31
f 557/843/61 560/845/63 567/865/85
f 560/866/86 556/841/58 564/867/70
f 555/869/55 561/1665/57 544/870/87
f 561/871/88 557/843/61 542/824/40
f 548/829/46 554/831/48 565/872/89
f 554/873/90 550/835/52 563/849/67
f 543/874/43 546/1666/45 553/875/91
f 546/876/92 542/824/40 550/835/52
f 541/821/37 547/823/39 516/792/93
f 547/823/94 543/827/43 514/791/4
f 521/799/13 523/801/15 551/877/95
f 523/878/96 520/796/10 549/832/49
f 555/869/55 541/821/37 513/788/1
f 522/802/16 536/818/34 528/808/22
f 549/832/49 520/796/10 514/858/4
f 534/813/28 521/799/13 548/829/46
f 535/863/31 564/867/70 556/841/58
f 563/849/67 550/835/52 542/824/40
f 569/879/1 572/883/243 573/880/2
f 570/882/4 574/1667/75 573/880/5
f 571/884/7 575/947/74 573/885/8
f 576/887/10 579/966/219 580/888/229
f 577/890/13 581/951/77 580/891/14
f 578/893/16 582/950/76 580/894/17
f 583/896/19 586/1668/237 587/897/20
f 584/899/22 588/954/80 587/900/23
f 585/902/25 589/898/239 587/897/26
f 590/904/28 593/908/240 594/905/29
f 591/907/31 595/1669/79 594/905/99
f 592/909/34 596/1670/78 594/910/35
f 597/912/37 600/959/242 601/913/38
f 598/915/40 602/964/92 601/916/41
f 599/918/43 603/914/218 601/913/44
f 604/920/46 607/965/244 608/921/47
f 605/923/49 609/963/91 608/924/234
f 606/926/52 610/1671/90 608/927/53
f 611/929/55 614/933/238 615/930/56
f 612/932/58 616/1672/86 615/930/59
f 613/934/61 617/960/88 615/935/62
f 618/937/64 621/961/89 622/938/65
f 619/940/67 623/955/85 622/941/68
f 620/943/70 624/939/241 622/938/100
f 569/879/1 575/881/202 586/945/237
f 575/947/74 571/884/7 584/899/22
f 576/887/10 582/889/12 574/948/75
f 582/950/76 578/893/16 571/884/7
f 590/904/28 596/906/30 581/951/77
f 581/895/18 596/1670/78 592/909/34
f 585/902/25 588/903/27 595/952/79
f 588/954/80 584/899/22 592/909/34
f 583/896/19 589/898/231 614/933/238
f 589/898/239 585/902/25 612/932/58
f 618/937/64 624/939/236 593/908/240
f 624/939/241 620/943/70 591/907/31
f 613/934/61 616/936/63 623/955/85
f 623/956/72 616/1672/86 612/932/58
f 611/958/55 617/1673/210 600/959/242
f 617/960/88 613/934/61 598/915/40
f 604/920/46 610/922/48 621/961/89
f 621/942/69 610/1671/90 606/926/52
f 599/962/43 602/1674/45 609/963/91
f 602/964/92 598/915/40 606/926/52
f 597/912/37 603/914/233 572/883/243
f 603/914/218 599/918/43 570/882/4
f 577/890/13 579/892/230 607/965/244
f 579/966/219 576/887/10 605/923/49
f 611/958/55 597/912/37 569/879/1
f 578/893/16 592/909/34 584/899/22
f 605/923/49 576/887/10 570/949/4
f 590/904/28 577/890/13 604/920/46
f 591/953/31 620/957/70 612/932/58
f 619/940/67 606/926/52 598/915/40
f 628/967/101 630/971/245 629/968/102
f 632/970/104 633/981/246 630/971/245
f 631/972/106 633/981/246 632/970/104
f 635/974/111 636/980/108 633/975/246
f 634/977/110 636/980/108 635/974/111
f 634/977/110 629/1094/102 630/979/245
f 640/983/113 642/987/247 641/984/114
f 640/983/113 644/1111/116 645/986/121
f 643/988/118 645/1675/121 644/989/116
f 647/991/123 648/1676/120 645/992/121
f 646/994/122 648/1676/120 647/991/123
f 646/996/122 641/984/114 642/987/247
f 652/998/125 654/1012/129 653/999/126
f 656/1001/131 657/1007/128 654/1002/129
f 655/1004/130 657/1007/128 656/1001/131
f 659/1006/133 660/1677/136 657/1007/128
f 658/1008/134 660/1011/136 659/1009/133
f 653/999/126 654/1012/129 660/1011/136
f 664/1014/137 666/1018/221 665/1015/138
f 664/1014/137 668/1020/143 669/1017/248
f 667/1019/142 669/1017/248 668/1020/143
f 671/1022/147 672/1678/145 669/1023/248
f 670/1025/146 672/1678/145 671/1022/147
f 670/1027/146 665/1015/138 666/1018/221
f 676/1029/149 678/1043/222 677/1030/150
f 680/1032/155 681/1038/152 678/1033/222
f 679/1035/154 681/1038/152 680/1032/155
f 679/1035/154 683/1109/157 684/1037/160
f 682/1039/158 684/1042/160 683/1040/157
f 677/1030/150 678/1043/222 684/1042/160
f 688/1045/161 690/1679/165 689/1046/162
f 692/1048/167 693/1054/249 690/1049/165
f 691/1051/166 693/1054/249 692/1048/167
f 695/1053/171 696/1060/169 693/1054/249
f 694/1055/170 696/1059/169 695/1056/171
f 694/1055/170 689/1106/162 690/1058/165
f 700/1061/173 702/1065/250 701/1062/174
f 704/1064/176 705/1075/251 702/1065/250
f 703/1066/178 705/1075/251 704/1064/176
f 703/1068/178 707/1072/183 708/1069/180
f 706/1071/182 708/1069/180 707/1072/183
f 706/1071/182 701/1105/174 702/1074/250
f 712/1077/185 714/1081/224 713/1078/186
f 716/1080/191 717/1091/188 714/1081/224
f 715/1082/190 717/1086/188 716/1083/191
f 715/1082/190 719/1101/193 720/1085/252
f 718/1087/194 720/1090/252 719/1088/193
f 713/1078/186 714/1081/224 720/1090/252
f 625/969/103 629/968/102 652/1092/125
f 629/1094/102 634/977/110 656/1001/131
f 634/977/110 627/978/112 650/1005/132
f 637/985/115 641/984/114 631/1095/106
f 641/1097/114 646/994/122 635/974/111
f 646/994/122 639/995/124 627/978/112
f 661/1016/139 665/1015/138 643/988/118
f 665/1098/138 670/1025/146 647/991/123
f 670/1025/146 663/1026/148 639/995/124
f 651/1010/135 659/1009/133 667/1099/142
f 659/1006/133 655/1004/130 671/1022/147
f 655/1004/130 650/1005/132 663/1026/148
f 649/1000/127 653/999/126 700/1061/173
f 653/999/126 658/1008/134 704/1064/176
f 658/1008/134 651/1010/135 698/1067/179
f 709/1079/187 713/1078/186 664/1014/137
f 713/1078/186 718/1087/194 668/1020/143
f 718/1087/194 711/1089/195 662/1021/144
f 699/1073/184 707/1072/183 715/1082/190
f 707/1072/183 703/1068/178 719/1101/193
f 703/1066/178 698/1067/179 711/1102/195
f 697/1104/175 701/1680/174 676/1029/149
f 701/1105/174 706/1071/182 680/1032/155
f 706/1071/182 699/1073/184 674/1036/156
f 685/1047/163 689/1046/162 712/1077/185
f 689/1106/162 694/1055/170 716/1083/191
f 694/1055/170 687/1057/172 710/1084/192
f 675/1108/159 683/1681/157 691/1051/166
f 683/1109/157 679/1035/154 695/1056/171
f 679/1035/154 674/1036/156 687/1057/172
f 673/1031/151 677/1030/150 628/967/101
f 677/1030/150 682/1039/158 632/970/104
f 682/1039/158 675/1041/159 626/973/107
f 638/990/119 644/989/116 688/1045/161
f 644/1111/116 640/983/113 692/1048/167
f 640/983/113 637/985/115 686/1052/168
f 697/1104/175 673/1031/151 625/969/103
f 639/995/124 663/1026/148 650/1005/132
f 686/1052/168 637/985/115 626/1096/107
f 661/1016/139 638/990/119 685/1047/163
f 662/1100/144 711/1102/195 698/1067/179
f 710/1084/192 687/1057/172 674/1036/156
f 724/1112/101 726/1116/220 725/1113/102
f 724/1112/101 728/1118/104 729/1115/109
f 727/1117/106 729/1115/109 728/1118/104
f 731/1120/111 732/1126/253 729/1121/109
f 730/1123/110 732/1126/253 731/1120/111
f 725/1125/102 726/1682/220 732/1126/253
f 736/1128/113 738/1132/117 737/1129/114
f 740/1131/116 741/1143/121 738/1132/117
f 739/1133/118 741/1683/121 740/1134/116
f 743/1136/123 744/1684/254 741/1137/121
f 742/1139/122 744/1684/254 743/1136/123
f 742/1141/122 737/1129/114 738/1132/117
f 748/1144/125 750/1158/255 749/1145/126
f 752/1147/131 753/1153/256 750/1148/255
f 751/1150/130 753/1153/256 752/1147/131
f 751/1150/130 755/1245/133 756/1152/136
f 754/1154/134 756/1157/136 755/1155/133
f 749/1145/126 750/1158/255 756/1157/136
f 760/1160/257 762/1164/221 761/1161/138
f 760/1160/257 764/1166/143 765/1163/140
f 763/1165/142 765/1163/140 764/1166/143
f 767/1168/147 768/1685/145 765/1169/140
f 766/1171/146 768/1685/145 767/1168/147
f 761/1161/138 762/1164/221 768/1173/145
f 772/1175/149 774/1189/258 773/1176/150
f 776/1178/155 777/1184/152 774/1179/258
f 775/1181/154 777/1184/152 776/1178/155
f 779/1183/157 780/1686/160 777/1184/152
f 778/1185/158 780/1188/160 779/1186/157
f 773/1176/150 774/1189/258 780/1188/160
f 784/1191/161 786/1687/165 785/1192/162
f 784/1194/161 788/1198/167 789/1195/164
f 787/1197/166 789/1195/164 788/1198/167
f 791/1200/171 792/1206/169 789/1195/164
f 790/1201/170 792/1205/169 791/1202/171
f 785/1204/162 786/1688/165 792/1205/169
f 796/1207/173 798/1211/177 797/1208/174
f 800/1210/176 801/1221/181 798/1211/177
f 799/1212/178 801/1221/181 800/1210/176
f 803/1214/183 804/1220/259 801/1215/181
f 802/1217/182 804/1220/259 803/1214/183
f 797/1219/174 798/1689/177 804/1220/259
f 808/1223/185 810/1227/224 809/1224/186
f 808/1223/185 812/1690/191 813/1226/188
f 811/1228/190 813/1232/188 812/1229/191
f 811/1228/190 815/1246/193 816/1231/196
f 814/1233/194 816/1236/196 815/1234/193
f 809/1224/186 810/1227/224 816/1236/196
f 745/1237/127 721/1114/103 725/1113/102
f 725/1125/102 730/1123/110 752/1147/131
f 730/1123/110 723/1124/112 746/1151/132
f 733/1130/115 737/1129/114 727/1239/106
f 737/1241/114 742/1139/122 731/1120/111
f 731/1120/111 742/1139/122 735/1140/124
f 757/1162/139 761/1161/138 739/1133/118
f 761/1242/138 766/1171/146 743/1136/123
f 743/1136/123 766/1171/146 759/1172/148
f 758/1243/144 747/1156/135 755/1155/133
f 755/1245/133 751/1150/130 767/1168/147
f 751/1150/130 746/1151/132 759/1172/148
f 745/1146/127 749/1145/126 796/1207/173
f 749/1145/126 754/1154/134 800/1210/176
f 754/1154/134 747/1156/135 794/1213/179
f 805/1225/187 809/1224/186 760/1160/257
f 809/1224/186 814/1233/194 764/1166/143
f 814/1233/194 807/1235/195 758/1167/144
f 806/1230/192 795/1218/184 803/1214/183
f 803/1214/183 799/1216/178 815/1246/193
f 799/1212/178 794/1213/179 807/1247/195
f 793/1249/175 797/1691/174 772/1175/149
f 797/1219/174 802/1217/182 776/1178/155
f 776/1178/155 802/1217/182 795/1218/184
f 805/1225/187 781/1193/163 785/1192/162
f 785/1204/162 790/1201/170 812/1229/191
f 790/1201/170 783/1203/172 806/1230/192
f 782/1199/168 771/1253/159 779/1251/157
f 779/1183/157 775/1181/154 791/1202/171
f 775/1181/154 770/1182/156 783/1203/172
f 769/1177/151 773/1176/150 724/1112/101
f 773/1176/150 778/1185/158 728/1118/104
f 778/1185/158 771/1187/159 722/1119/107
f 781/1193/163 734/1135/119 740/1134/116
f 740/1131/116 736/1128/113 788/1198/167
f 736/1128/113 733/1130/115 782/1199/168
f 793/1249/175 769/1177/151 721/1114/103
f 735/1140/124 759/1172/148 746/1151/132
f 782/1199/168 733/1130/115 722/1240/107
f 757/1162/139 734/1135/119 781/1193/163
f 758/1243/144 807/1247/195 794/1213/179
f 806/1230/192 783/1203/172 770/1182/156
f 817/1254/1 820/1258/93 821/1255/2
f 818/1257/4 822/1692/75 821/1255/5
f 819/1259/7 823/1322/74 821/1260/8
f 824/1262/10 827/1343/96 828/1263/197
f 825/1265/13 829/1325/77 828/1266/14
f 826/1268/16 830/1693/76 828/1269/17
f 831/1271/19 834/1694/73 835/1272/20
f 832/1274/22 836/1329/80 835/1275/23
f 833/1277/25 837/1273/82 835/1272/26
f 838/1279/28 841/1283/240 842/1280/29
f 839/1282/31 843/1695/79 842/1280/99
f 840/1284/34 844/1326/78 842/1285/35
f 845/1287/37 848/1335/87 849/1288/38
f 846/1290/40 850/1341/92 849/1291/41
f 847/1293/43 851/1289/94 849/1288/44
f 852/1295/46 855/1342/244 856/1296/260
f 853/1298/49 857/1340/91 856/1299/200
f 854/1301/52 858/1338/90 856/1302/53
f 859/1304/55 862/1308/81 863/1305/56
f 860/1307/58 864/1331/86 863/1305/59
f 861/1309/61 865/1336/88 863/1310/62
f 866/1312/64 869/1337/89 870/1313/261
f 867/1315/67 871/1330/85 870/1316/68
f 868/1318/70 872/1314/84 870/1313/100
f 817/1254/1 823/1256/3 834/1320/73
f 823/1322/74 819/1259/7 832/1274/22
f 824/1262/10 830/1264/12 822/1323/75
f 822/1261/9 830/1693/76 826/1268/16
f 838/1279/28 844/1281/30 829/1325/77
f 844/1326/78 840/1284/34 826/1268/16
f 839/1327/31 833/1277/25 836/1278/27
f 836/1329/80 832/1274/22 840/1284/34
f 831/1271/19 837/1273/21 862/1308/81
f 837/1273/82 833/1277/25 860/1307/58
f 866/1312/64 872/1314/236 841/1283/240
f 872/1314/84 868/1318/70 839/1282/31
f 867/1315/67 861/1309/61 864/1311/63
f 864/1331/86 860/1307/58 868/1332/70
f 859/1334/55 865/1696/57 848/1335/87
f 865/1336/88 861/1309/61 846/1290/40
f 852/1295/46 858/1297/48 869/1337/89
f 858/1338/90 854/1301/52 867/1315/67
f 853/1298/49 847/1344/43 850/1339/45
f 850/1341/92 846/1290/40 854/1301/52
f 845/1287/37 851/1289/39 820/1258/93
f 851/1289/94 847/1293/43 818/1257/4
f 825/1265/13 827/1267/15 855/1342/244
f 827/1343/96 824/1262/10 853/1298/49
f 859/1334/55 845/1287/37 817/1254/1
f 826/1268/16 840/1284/34 832/1274/22
f 853/1298/49 824/1262/10 818/1324/4
f 838/1279/28 825/1265/13 852/1295/46
f 839/1327/31 868/1332/70 860/1307/58
f 867/1315/67 854/1301/52 846/1290/40
f 873/1345/1 876/1349/93 877/1346/2
f 874/1348/4 878/1697/75 877/1346/5
f 875/1350/7 879/1413/278 877/1351/262
f 880/1353/10 883/1698/96 884/1354/197
f 881/1356/13 885/1417/280 884/1357/263
f 882/1359/16 886/1416/279 884/1360/17
f 887/1362/19 890/1699/73 891/1363/20
f 888/1365/22 892/1700/80 891/1366/265
f 889/1368/25 893/1364/82 891/1363/26
f 894/1370/28 897/1374/281 898/1371/267
f 895/1373/31 899/1701/214 898/1371/99
f 896/1375/34 900/1702/78 898/1376/35
f 901/1378/37 904/1424/87 905/1379/38
f 902/1381/40 906/1703/92 905/1382/270
f 903/1384/43 907/1380/94 905/1379/44
f 908/1386/46 911/1429/285 912/1387/272
f 909/1389/49 913/1428/217 912/1390/200
f 910/1392/52 914/1704/90 912/1393/53
f 915/1395/55 918/1399/81 919/1396/56
f 916/1398/58 920/1705/86 919/1396/59
f 917/1400/61 921/1425/283 919/1401/275
f 922/1403/64 925/1426/284 926/1404/276
f 923/1406/67 927/1420/282 926/1407/68
f 924/1409/70 928/1405/241 926/1404/100
f 873/1345/1 879/1347/3 890/1411/73
f 879/1413/278 875/1350/7 888/1365/22
f 874/1414/4 880/1353/10 886/1355/204
f 886/1416/279 882/1359/16 875/1350/7
f 894/1370/28 900/1372/268 885/1417/280
f 885/1361/18 900/1702/78 896/1375/34
f 889/1368/25 892/1369/27 899/1418/214
f 899/1377/269 892/1700/80 888/1365/22
f 887/1362/19 893/1364/21 918/1399/81
f 893/1364/82 889/1368/25 916/1398/58
f 922/1403/64 928/1405/277 897/1374/281
f 897/1374/232 928/1405/241 924/1409/70
f 917/1400/61 920/1402/63 927/1420/282
f 927/1421/211 920/1705/86 916/1398/58
f 915/1423/55 921/1706/57 904/1424/87
f 921/1425/283 917/1400/61 902/1381/40
f 908/1386/46 914/1388/273 925/1426/284
f 925/1408/69 914/1704/90 910/1392/52
f 903/1427/43 906/1707/45 913/1428/217
f 913/1394/274 906/1703/92 902/1381/40
f 901/1378/37 907/1380/39 876/1349/93
f 907/1380/94 903/1384/43 874/1348/4
f 881/1356/13 883/1358/264 911/1429/285
f 911/1391/51 883/1698/96 880/1353/10
f 915/1423/55 901/1378/37 873/1345/1
f 882/1359/16 896/1375/34 888/1365/22
f 909/1389/49 880/1353/10 874/1414/4
f 894/1370/28 881/1356/13 908/1386/46
f 895/1419/31 924/1422/70 916/1398/58
f 917/1400/61 923/1406/67 910/1392/52
f 932/1430/101 934/1434/105 933/1431/102
f 936/1433/104 937/1444/109 934/1434/105
f 935/1435/106 937/1444/109 936/1433/104
f 939/1437/111 940/1443/286 937/1438/109
f 938/1440/110 940/1443/286 939/1437/111
f 933/1442/102 934/1708/105 940/1443/286
f 944/1446/113 946/1450/117 945/1447/114
f 948/1449/116 949/1461/121 946/1450/117
f 947/1451/118 949/1709/121 948/1452/116
f 951/1454/123 952/1710/287 949/1455/121
f 950/1457/122 952/1710/287 951/1454/123
f 950/1459/122 945/1447/114 946/1450/117
f 956/1462/125 958/1475/289 957/1463/126
f 956/1465/125 960/1469/131 961/1466/288
f 959/1468/130 961/1466/288 960/1469/131
f 959/1468/130 963/1564/133 964/1471/136
f 962/1472/134 964/1476/136 963/1473/133
f 962/1472/134 957/1463/126 958/1475/289
f 968/1478/137 970/1482/221 969/1479/138
f 968/1478/137 972/1484/143 973/1481/140
f 971/1483/142 973/1481/140 972/1484/143
f 971/1486/142 975/1490/147 976/1487/290
f 974/1489/146 976/1487/290 975/1490/147
f 974/1492/146 969/1479/138 970/1482/221
f 980/1494/149 982/1507/153 981/1495/150
f 984/1497/155 985/1503/291 982/1498/153
f 983/1500/154 985/1503/291 984/1497/155
f 983/1500/154 987/1573/157 988/1502/160
f 986/1504/158 988/1508/160 987/1505/157
f 986/1504/158 981/1495/150 982/1507/153
f 992/1510/161 994/1711/165 993/1511/162
f 992/1513/161 996/1517/167 997/1514/164
f 995/1516/166 997/1514/164 996/1517/167
f 995/1516/166 999/1712/171 1000/1519/292
f 998/1520/170 1000/1524/292 999/1521/171
f 998/1520/170 993/1570/162 994/1523/165
f 1004/1525/173 1006/1529/177 1005/1526/174
f 1008/1528/176 1009/1539/181 1006/1529/177
f 1007/1530/178 1009/1539/181 1008/1528/176
f 1011/1532/183 1012/1538/293 1009/1533/181
f 1010/1535/182 1012/1538/293 1011/1532/183
f 1010/1535/182 1005/1569/174 1006/1537/177
f 1016/1541/185 1018/1545/224 1017/1542/186
f 1020/1544/191 1021/1555/294 1018/1545/224
f 1019/1546/190 1021/1550/294 1020/1547/191
f 1019/1546/190 1023/1565/193 1024/1549/196
f 1022/1551/194 1024/1554/196 1023/1552/193
f 1017/1542/186 1018/1545/224 1024/1554/196
f 929/1432/103 933/1431/102 956/1556/125
f 933/1442/102 938/1440/110 960/1469/131
f 938/1440/110 931/1441/112 954/1470/132
f 941/1448/115 945/1447/114 935/1558/106
f 945/1560/114 950/1457/122 939/1437/111
f 950/1457/122 943/1458/124 931/1441/112
f 965/1480/139 969/1479/138 947/1451/118
f 969/1561/138 974/1489/146 951/1454/123
f 974/1489/146 967/1491/148 943/1458/124
f 955/1474/135 963/1473/133 971/1562/142
f 963/1564/133 959/1468/130 975/1490/147
f 959/1468/130 954/1470/132 967/1491/148
f 953/1464/127 957/1463/126 1004/1525/173
f 957/1463/126 962/1472/134 1008/1528/176
f 962/1472/134 955/1474/135 1002/1531/179
f 1013/1543/187 1017/1542/186 968/1478/137
f 1017/1542/186 1022/1551/194 972/1484/143
f 1022/1551/194 1015/1553/195 966/1485/144
f 1003/1536/184 1011/1532/183 1019/1546/190
f 1011/1532/183 1007/1534/178 1023/1565/193
f 1007/1530/178 1002/1531/179 1015/1566/195
f 1001/1568/175 1005/1713/174 980/1494/149
f 1005/1569/174 1010/1535/182 984/1497/155
f 1010/1535/182 1003/1536/184 978/1501/156
f 989/1512/163 993/1511/162 1016/1541/185
f 993/1570/162 998/1520/170 1020/1547/191
f 998/1520/170 991/1522/172 1014/1548/192
f 979/1572/159 987/1714/157 995/1516/166
f 987/1573/157 983/1500/154 999/1521/171
f 983/1500/154 978/1501/156 991/1522/172
f 977/1496/151 981/1495/150 932/1430/101
f 981/1495/150 986/1504/158 936/1433/104
f 986/1504/158 979/1506/159 930/1436/107
f 942/1453/119 948/1452/116 992/1510/161
f 948/1449/116 944/1446/113 996/1517/167
f 944/1446/113 941/1448/115 990/1518/168
f 1001/1568/175 977/1496/151 929/1432/103
f 943/1458/124 967/1491/148 954/1470/132
f 990/1518/168 941/1448/115 930/1559/107
f 965/1480/139 942/1453/119 989/1512/163
f 966/1563/144 1015/1566/195 1002/1531/179
f 1014/1548/192 991/1522/172 978/1501/156
f 1026/1575/295 1038/1579/295 1037/1576/296
f 1027/1578/297 1039/1715/297 1038/1579/295
f 1028/1580/298 1040/1584/298 1039/1581/297
f 1029/1583/299 1041/1716/299 1040/1584/298
f 1030/1585/300 1042/1589/300 1041/1586/299
f 1031/1588/301 1043/1591/301 1042/1589/300
f 1032/1590/302 1044/1593/302 1043/1591/301
f 1033/1592/303 1045/1717/303 1044/1593/302
f 1034/1594/304 1046/1598/304 1045/1595/303
f 1035/1597/305 1047/1718/305 1046/1598/304
f 1036/1599/306 1048/1602/306 1047/1600/305
f 1025/1577/296 1037/1576/296 1048/1602/306
f 1025/1605/307 1036/1719/307 1035/1720/307
f 1035/1720/307 1034/1721/307 1033/1603/307
f 1033/1603/307 1032/1722/307 1031/1723/307
f 1031/1723/307 1030/1724/307 1029/1604/307
f 1029/1604/307 1028/1725/307 1027/1726/307
f 1027/1726/307 1026/1727/307 1025/1605/307
f 1025/1605/307 1035/1720/307 1033/1603/307
f 1033/1603/307 1031/1723/307 1029/1604/307
f 1029/1604/307 1027/1726/307 1025/1605/307
f 1048/1608/308 1037/1728/308 1038/1729/308
f 1038/1729/308 1039/1730/308 1040/1606/308
f 1040/1606/308 1041/1731/308 1042/1732/308
f 1042/1732/308 1043/1733/308 1044/1607/308
f 1044/1607/308 1045/1734/308 1046/1735/308
f 1046/1735/308 1047/1736/308 1048/1608/308
f 1048/1608/308 1038/1729/308 1040/1606/308
f 1040/1606/308 1042/1732/308 1044/1607/308
f 1044/1607/308 1046/1735/308 1048/1608/308
