# Blender 5.2.2 LTS
# www.blender.org
o MetalShelf
v -2.992000 0.000000 0.782000
v -2.992000 0.008000 0.790000
v -3.000000 0.008000 0.782000
v -2.992000 0.002343 0.787657
v -2.996619 0.003381 0.786619
v -2.997657 0.008000 0.787657
v -2.997657 0.002343 0.782000
v -2.992000 6.992000 0.790000
v -2.992000 7.000000 0.782000
v -3.000000 6.992000 0.782000
v -2.992000 6.997657 0.787656
v -2.996619 6.996619 0.786618
v -2.997657 6.997657 0.782000
v -2.997657 6.992001 0.787656
v -2.992000 0.000000 0.758000
v -3.000000 0.008000 0.758000
v -2.992000 0.008000 0.750000
v -2.997657 0.002343 0.758000
v -2.996619 0.003381 0.753381
v -2.997657 0.008000 0.752343
v -2.992000 0.002343 0.752343
v -2.992000 7.000000 0.758000
v -2.992000 6.992000 0.750000
v -3.000000 6.992000 0.758000
v -2.992000 6.997657 0.752343
v -2.996619 6.996619 0.753381
v -2.997657 6.992001 0.752343
v -2.997657 6.997657 0.758000
v -2.808000 0.000000 0.782000
v -2.800000 0.008000 0.782000
v -2.808000 0.008000 0.790000
v -2.802343 0.002343 0.782000
v -2.803381 0.003381 0.786619
v -2.802343 0.008000 0.787657
v -2.808000 0.002343 0.787657
v -2.808000 7.000000 0.782000
v -2.808000 6.992000 0.790000
v -2.800000 6.992000 0.782000
v -2.808000 6.997657 0.787656
v -2.803381 6.996619 0.786618
v -2.802343 6.992001 0.787656
v -2.802343 6.997657 0.782000
v -2.808000 0.000000 0.758000
v -2.808000 0.008000 0.750000
v -2.800000 0.008000 0.758000
v -2.808000 0.002343 0.752343
v -2.803381 0.003381 0.753381
v -2.802343 0.008000 0.752343
v -2.802343 0.002343 0.758000
v -2.808000 7.000000 0.758000
v -2.800000 6.992000 0.758000
v -2.808000 6.992000 0.750000
v -2.802343 6.997657 0.758000
v -2.803381 6.996619 0.753381
v -2.802343 6.992001 0.752343
v -2.808000 6.997657 0.752343
v -2.832000 0.000000 0.942000
v -2.832000 0.008000 0.950000
v -2.840000 0.008000 0.942000
v -2.832000 0.002343 0.947657
v -2.836618 0.003381 0.946619
v -2.837656 0.008000 0.947657
v -2.837656 0.002343 0.942000
v -2.832000 6.992000 0.950000
v -2.832000 7.000000 0.942000
v -2.840000 6.992000 0.942000
v -2.832000 6.997657 0.947657
v -2.836618 6.996619 0.946619
v -2.837656 6.997657 0.942000
v -2.837656 6.992001 0.947657
v -2.832000 0.000000 0.758000
v -2.840000 0.008000 0.758000
v -2.832000 0.008000 0.750000
v -2.837656 0.002343 0.758000
v -2.836618 0.003381 0.753381
v -2.837656 0.008000 0.752343
v -2.832000 0.002343 0.752343
v -2.832000 7.000000 0.758000
v -2.832000 6.992000 0.750000
v -2.840000 6.992000 0.758000
v -2.832000 6.997657 0.752343
v -2.836618 6.996619 0.753381
v -2.837656 6.992001 0.752343
v -2.837656 6.997657 0.758000
v -2.808000 0.000000 0.942000
v -2.800000 0.008000 0.942000
v -2.808000 0.008000 0.950000
v -2.802343 0.002343 0.942000
v -2.803381 0.003381 0.946619
v -2.802343 0.008000 0.947657
v -2.808000 0.002343 0.947657
v -2.808000 7.000000 0.942000
v -2.808000 6.992000 0.950000
v -2.800000 6.992000 0.942000
v -2.808000 6.997657 0.947657
v -2.803381 6.996619 0.946619
v -2.802343 6.992001 0.947657
v -2.802343 6.997657 0.942000
v -2.808000 0.000000 0.758000
v -2.808000 0.008000 0.750000
v -2.800000 0.008000 0.758000
v -2.808000 0.002343 0.752343
v -2.803381 0.003381 0.753381
v -2.802343 0.008000 0.752343
v -2.802343 0.002343 0.758000
v -2.808000 7.000000 0.758000
v -2.800000 6.992000 0.758000
v -2.808000 6.992000 0.750000
v -2.802343 6.997657 0.758000
v -2.803381 6.996619 0.753381
v -2.802343 6.992001 0.752343
v -2.808000 6.997657 0.752343
v -3.060000 0.000000 1.010000
v -3.060000 0.010000 1.020000
v -3.070000 0.010000 1.010000
v -3.060000 0.002929 1.017071
v -3.065774 0.004227 1.015774
v -3.067071 0.010000 1.017071
v -3.067071 0.002929 1.010000
v -3.060000 0.030000 1.020000
v -3.060000 0.040000 1.010000
v -3.070000 0.030000 1.010000
v -3.060000 0.037071 1.017071
v -3.065774 0.035774 1.015774
v -3.067071 0.037071 1.010000
v -3.067071 0.030000 1.017071
v -3.060000 0.000000 0.690000
v -3.070000 0.010000 0.690000
v -3.060000 0.010000 0.680000
v -3.067071 0.002929 0.690000
v -3.065774 0.004227 0.684226
v -3.067071 0.010000 0.682929
v -3.060000 0.002929 0.682929
v -3.060000 0.040000 0.690000
v -3.060000 0.030000 0.680000
v -3.070000 0.030000 0.690000
v -3.060000 0.037071 0.682929
v -3.065774 0.035774 0.684226
v -3.067071 0.030000 0.682929
v -3.067071 0.037071 0.690000
v -2.740000 0.000000 1.010000
v -2.730000 0.010000 1.010000
v -2.740000 0.010000 1.020000
v -2.732929 0.002929 1.010000
v -2.734226 0.004227 1.015774
v -2.732929 0.010000 1.017071
v -2.740000 0.002929 1.017071
v -2.740000 0.040000 1.010000
v -2.740000 0.030000 1.020000
v -2.730000 0.030000 1.010000
v -2.740000 0.037071 1.017071
v -2.734226 0.035774 1.015774
v -2.732929 0.030000 1.017071
v -2.732929 0.037071 1.010000
v -2.740000 0.000000 0.690000
v -2.740000 0.010000 0.680000
v -2.730000 0.010000 0.690000
v -2.740000 0.002929 0.682929
v -2.734226 0.004227 0.684226
v -2.732929 0.010000 0.682929
v -2.732929 0.002929 0.690000
v -2.740000 0.040000 0.690000
v -2.730000 0.030000 0.690000
v -2.740000 0.030000 0.680000
v -2.732929 0.037071 0.690000
v -2.734226 0.035774 0.684226
v -2.732929 0.030000 0.682929
v -2.740000 0.037071 0.682929
v -2.992000 -0.000000 -0.758000
v -2.992000 0.008000 -0.750000
v -3.000000 0.008000 -0.758000
v -2.992000 0.002343 -0.752343
v -2.996619 0.003381 -0.753381
v -2.997657 0.008000 -0.752343
v -2.997657 0.002343 -0.758000
v -2.992000 6.992000 -0.750000
v -2.992000 7.000000 -0.758000
v -3.000000 6.992000 -0.758000
v -2.992000 6.997657 -0.752343
v -2.996619 6.996619 -0.753381
v -2.997657 6.997657 -0.758000
v -2.997657 6.992001 -0.752343
v -2.992000 -0.000000 -0.782000
v -3.000000 0.008000 -0.782000
v -2.992000 0.008000 -0.790000
v -2.997657 0.002343 -0.782000
v -2.996619 0.003381 -0.786619
v -2.997657 0.008000 -0.787657
v -2.992000 0.002343 -0.787657
v -2.992000 7.000000 -0.782000
v -2.992000 6.992000 -0.790000
v -3.000000 6.992000 -0.782000
v -2.992000 6.997657 -0.787657
v -2.996619 6.996619 -0.786619
v -2.997657 6.992001 -0.787657
v -2.997657 6.997657 -0.782000
v -2.808000 -0.000000 -0.758000
v -2.800000 0.008000 -0.758000
v -2.808000 0.008000 -0.750000
v -2.802343 0.002343 -0.758000
v -2.803381 0.003381 -0.753381
v -2.802343 0.008000 -0.752343
v -2.808000 0.002343 -0.752343
v -2.808000 7.000000 -0.758000
v -2.808000 6.992000 -0.750000
v -2.800000 6.992000 -0.758000
v -2.808000 6.997657 -0.752343
v -2.803381 6.996619 -0.753381
v -2.802343 6.992001 -0.752343
v -2.802343 6.997657 -0.758000
v -2.808000 -0.000000 -0.782000
v -2.808000 0.008000 -0.790000
v -2.800000 0.008000 -0.782000
v -2.808000 0.002343 -0.787657
v -2.803381 0.003381 -0.786619
v -2.802343 0.008000 -0.787657
v -2.802343 0.002343 -0.782000
v -2.808000 7.000000 -0.782000
v -2.800000 6.992000 -0.782000
v -2.808000 6.992000 -0.790000
v -2.802343 6.997657 -0.782000
v -2.803381 6.996619 -0.786619
v -2.802343 6.992001 -0.787657
v -2.808000 6.997657 -0.787657
v -2.832000 -0.000000 -0.758000
v -2.832000 0.008000 -0.750000
v -2.840000 0.008000 -0.758000
v -2.832000 0.002343 -0.752343
v -2.836618 0.003381 -0.753381
v -2.837656 0.008000 -0.752343
v -2.837656 0.002343 -0.758000
v -2.832000 6.992000 -0.750000
v -2.832000 7.000000 -0.758000
v -2.840000 6.992000 -0.758000
v -2.832000 6.997657 -0.752343
v -2.836618 6.996619 -0.753381
v -2.837656 6.997657 -0.758000
v -2.837656 6.992001 -0.752343
v -2.832000 -0.000000 -0.942000
v -2.840000 0.008000 -0.942000
v -2.832000 0.008000 -0.950000
v -2.837656 0.002343 -0.942000
v -2.836618 0.003381 -0.946619
v -2.837656 0.008000 -0.947657
v -2.832000 0.002343 -0.947657
v -2.832000 7.000000 -0.942000
v -2.832000 6.992000 -0.950000
v -2.840000 6.992000 -0.942000
v -2.832000 6.997657 -0.947657
v -2.836618 6.996619 -0.946619
v -2.837656 6.992001 -0.947657
v -2.837656 6.997657 -0.942000
v -2.808000 -0.000000 -0.758000
v -2.800000 0.008000 -0.758000
v -2.808000 0.008000 -0.750000
v -2.802343 0.002343 -0.758000
v -2.803381 0.003381 -0.753381
v -2.802343 0.008000 -0.752343
v -2.808000 0.002343 -0.752343
v -2.808000 7.000000 -0.758000
v -2.808000 6.992000 -0.750000
v -2.800000 6.992000 -0.758000
v -2.808000 6.997657 -0.752343
v -2.803381 6.996619 -0.753381
v -2.802343 6.992001 -0.752343
v -2.802343 6.997657 -0.758000
v -2.808000 -0.000000 -0.942000
v -2.808000 0.008000 -0.950000
v -2.800000 0.008000 -0.942000
v -2.808000 0.002343 -0.947657
v -2.803381 0.003381 -0.946619
v -2.802343 0.008000 -0.947657
v -2.802343 0.002343 -0.942000
v -2.808000 7.000000 -0.942000
v -2.800000 6.992000 -0.942000
v -2.808000 6.992000 -0.950000
v -2.802343 6.997657 -0.942000
v -2.803381 6.996619 -0.946619
v -2.802343 6.992001 -0.947657
v -2.808000 6.997657 -0.947657
v -3.060000 -0.000000 -0.690000
v -3.060000 0.010000 -0.680000
v -3.070000 0.010000 -0.690000
v -3.060000 0.002929 -0.682929
v -3.065774 0.004226 -0.684226
v -3.067071 0.010000 -0.682929
v -3.067071 0.002929 -0.690000
v -3.060000 0.030000 -0.680000
v -3.060000 0.040000 -0.690000
v -3.070000 0.030000 -0.690000
v -3.060000 0.037071 -0.682929
v -3.065774 0.035773 -0.684226
v -3.067071 0.037071 -0.690000
v -3.067071 0.030000 -0.682929
v -3.060000 -0.000000 -1.010000
v -3.070000 0.010000 -1.010000
v -3.060000 0.010000 -1.020000
v -3.067071 0.002929 -1.010000
v -3.065774 0.004226 -1.015774
v -3.067071 0.010000 -1.017071
v -3.060000 0.002929 -1.017071
v -3.060000 0.040000 -1.010000
v -3.060000 0.030000 -1.020000
v -3.070000 0.030000 -1.010000
v -3.060000 0.037071 -1.017071
v -3.065774 0.035773 -1.015774
v -3.067071 0.030000 -1.017071
v -3.067071 0.037071 -1.010000
v -2.740000 -0.000000 -0.690000
v -2.730000 0.010000 -0.690000
v -2.740000 0.010000 -0.680000
v -2.732929 0.002929 -0.690000
v -2.734226 0.004226 -0.684226
v -2.732929 0.010000 -0.682929
v -2.740000 0.002929 -0.682929
v -2.740000 0.040000 -0.690000
v -2.740000 0.030000 -0.680000
v -2.730000 0.030000 -0.690000
v -2.740000 0.037071 -0.682929
v -2.734226 0.035773 -0.684226
v -2.732929 0.030000 -0.682929
v -2.732929 0.037071 -0.690000
v -2.740000 -0.000000 -1.010000
v -2.740000 0.010000 -1.020000
v -2.730000 0.010000 -1.010000
v -2.740000 0.002929 -1.017071
v -2.734226 0.004226 -1.015774
v -2.732929 0.010000 -1.017071
v -2.732929 0.002929 -1.010000
v -2.740000 0.040000 -1.010000
v -2.730000 0.030000 -1.010000
v -2.740000 0.030000 -1.020000
v -2.732929 0.037071 -1.010000
v -2.734226 0.035773 -1.015774
v -2.732929 0.030000 -1.017071
v -2.740000 0.037071 -1.017071
v 2.808000 0.000000 0.782000
v 2.808000 0.008000 0.790000
v 2.800000 0.008000 0.782000
v 2.808000 0.002343 0.787657
v 2.803381 0.003381 0.786619
v 2.802343 0.008000 0.787657
v 2.802343 0.002343 0.782000
v 2.808000 6.992000 0.790000
v 2.808000 7.000000 0.782000
v 2.800000 6.992000 0.782000
v 2.808000 6.997657 0.787656
v 2.803381 6.996619 0.786618
v 2.802343 6.997657 0.782000
v 2.802343 6.992001 0.787656
v 2.808000 0.000000 0.758000
v 2.800000 0.008000 0.758000
v 2.808000 0.008000 0.750000
v 2.802343 0.002343 0.758000
v 2.803381 0.003381 0.753381
v 2.802343 0.008000 0.752343
v 2.808000 0.002343 0.752343
v 2.808000 7.000000 0.758000
v 2.808000 6.992000 0.750000
v 2.800000 6.992000 0.758000
v 2.808000 6.997657 0.752343
v 2.803381 6.996619 0.753381
v 2.802343 6.992001 0.752343
v 2.802343 6.997657 0.758000
v 2.992000 0.000000 0.782000
v 3.000000 0.008000 0.782000
v 2.992000 0.008000 0.790000
v 2.997657 0.002343 0.782000
v 2.996619 0.003381 0.786619
v 2.997657 0.008000 0.787657
v 2.992000 0.002343 0.787657
v 2.992000 7.000000 0.782000
v 2.992000 6.992000 0.790000
v 3.000000 6.992000 0.782000
v 2.992000 6.997657 0.787656
v 2.996619 6.996619 0.786618
v 2.997657 6.992001 0.787656
v 2.997657 6.997657 0.782000
v 2.992000 0.000000 0.758000
v 2.992000 0.008000 0.750000
v 3.000000 0.008000 0.758000
v 2.992000 0.002343 0.752343
v 2.996619 0.003381 0.753381
v 2.997657 0.008000 0.752343
v 2.997657 0.002343 0.758000
v 2.992000 7.000000 0.758000
v 3.000000 6.992000 0.758000
v 2.992000 6.992000 0.750000
v 2.997657 6.997657 0.758000
v 2.996619 6.996619 0.753381
v 2.997657 6.992001 0.752343
v 2.992000 6.997657 0.752343
v 2.808000 0.000000 0.942000
v 2.808000 0.008000 0.950000
v 2.800000 0.008000 0.942000
v 2.808000 0.002343 0.947657
v 2.803381 0.003381 0.946619
v 2.802343 0.008000 0.947657
v 2.802343 0.002343 0.942000
v 2.808000 6.992000 0.950000
v 2.808000 7.000000 0.942000
v 2.800000 6.992000 0.942000
v 2.808000 6.997657 0.947657
v 2.803381 6.996619 0.946619
v 2.802343 6.997657 0.942000
v 2.802343 6.992001 0.947657
v 2.808000 0.000000 0.758000
v 2.800000 0.008000 0.758000
v 2.808000 0.008000 0.750000
v 2.802343 0.002343 0.758000
v 2.803381 0.003381 0.753381
v 2.802343 0.008000 0.752343
v 2.808000 0.002343 0.752343
v 2.808000 7.000000 0.758000
v 2.808000 6.992000 0.750000
v 2.800000 6.992000 0.758000
v 2.808000 6.997657 0.752343
v 2.803381 6.996619 0.753381
v 2.802343 6.992001 0.752343
v 2.802343 6.997657 0.758000
v 2.832000 0.000000 0.942000
v 2.840000 0.008000 0.942000
v 2.832000 0.008000 0.950000
v 2.837656 0.002343 0.942000
v 2.836618 0.003381 0.946619
v 2.837656 0.008000 0.947657
v 2.832000 0.002343 0.947657
v 2.832000 7.000000 0.942000
v 2.832000 6.992000 0.950000
v 2.840000 6.992000 0.942000
v 2.832000 6.997657 0.947657
v 2.836618 6.996619 0.946619
v 2.837656 6.992001 0.947657
v 2.837656 6.997657 0.942000
v 2.832000 0.000000 0.758000
v 2.832000 0.008000 0.750000
v 2.840000 0.008000 0.758000
v 2.832000 0.002343 0.752343
v 2.836618 0.003381 0.753381
v 2.837656 0.008000 0.752343
v 2.837656 0.002343 0.758000
v 2.832000 7.000000 0.758000
v 2.840000 6.992000 0.758000
v 2.832000 6.992000 0.750000
v 2.837656 6.997657 0.758000
v 2.836618 6.996619 0.753381
v 2.837656 6.992001 0.752343
v 2.832000 6.997657 0.752343
v 2.740000 0.000000 1.010000
v 2.740000 0.010000 1.020000
v 2.730000 0.010000 1.010000
v 2.740000 0.002929 1.017071
v 2.734226 0.004227 1.015774
v 2.732929 0.010000 1.017071
v 2.732929 0.002929 1.010000
v 2.740000 0.030000 1.020000
v 2.740000 0.040000 1.010000
v 2.730000 0.030000 1.010000
v 2.740000 0.037071 1.017071
v 2.734226 0.035774 1.015774
v 2.732929 0.037071 1.010000
v 2.732929 0.030000 1.017071
v 2.740000 0.000000 0.690000
v 2.730000 0.010000 0.690000
v 2.740000 0.010000 0.680000
v 2.732929 0.002929 0.690000
v 2.734226 0.004227 0.684226
v 2.732929 0.010000 0.682929
v 2.740000 0.002929 0.682929
v 2.740000 0.040000 0.690000
v 2.740000 0.030000 0.680000
v 2.730000 0.030000 0.690000
v 2.740000 0.037071 0.682929
v 2.734226 0.035774 0.684226
v 2.732929 0.030000 0.682929
v 2.732929 0.037071 0.690000
v 3.060000 0.000000 1.010000
v 3.070000 0.010000 1.010000
v 3.060000 0.010000 1.020000
v 3.067071 0.002929 1.010000
v 3.065774 0.004227 1.015774
v 3.067071 0.010000 1.017071
v 3.060000 0.002929 1.017071
v 3.060000 0.040000 1.010000
v 3.060000 0.030000 1.020000
v 3.070000 0.030000 1.010000
v 3.060000 0.037071 1.017071
v 3.065774 0.035774 1.015774
v 3.067071 0.030000 1.017071
v 3.067071 0.037071 1.010000
v 3.060000 0.000000 0.690000
v 3.060000 0.010000 0.680000
v 3.070000 0.010000 0.690000
v 3.060000 0.002929 0.682929
v 3.065774 0.004227 0.684226
v 3.067071 0.010000 0.682929
v 3.067071 0.002929 0.690000
v 3.060000 0.040000 0.690000
v 3.070000 0.030000 0.690000
v 3.060000 0.030000 0.680000
v 3.067071 0.037071 0.690000
v 3.065774 0.035774 0.684226
v 3.067071 0.030000 0.682929
v 3.060000 0.037071 0.682929
v 2.808000 -0.000000 -0.758000
v 2.808000 0.008000 -0.750000
v 2.800000 0.008000 -0.758000
v 2.808000 0.002343 -0.752343
v 2.803381 0.003381 -0.753381
v 2.802343 0.008000 -0.752343
v 2.802343 0.002343 -0.758000
v 2.808000 6.992000 -0.750000
v 2.808000 7.000000 -0.758000
v 2.800000 6.992000 -0.758000
v 2.808000 6.997657 -0.752343
v 2.803381 6.996619 -0.753381
v 2.802343 6.997657 -0.758000
v 2.802343 6.992001 -0.752343
v 2.808000 -0.000000 -0.782000
v 2.800000 0.008000 -0.782000
v 2.808000 0.008000 -0.790000
v 2.802343 0.002343 -0.782000
v 2.803381 0.003381 -0.786619
v 2.802343 0.008000 -0.787657
v 2.808000 0.002343 -0.787657
v 2.808000 7.000000 -0.782000
v 2.808000 6.992000 -0.790000
v 2.800000 6.992000 -0.782000
v 2.808000 6.997657 -0.787657
v 2.803381 6.996619 -0.786619
v 2.802343 6.992001 -0.787657
v 2.802343 6.997657 -0.782000
v 2.992000 -0.000000 -0.758000
v 3.000000 0.008000 -0.758000
v 2.992000 0.008000 -0.750000
v 2.997657 0.002343 -0.758000
v 2.996619 0.003381 -0.753381
v 2.997657 0.008000 -0.752343
v 2.992000 0.002343 -0.752343
v 2.992000 7.000000 -0.758000
v 2.992000 6.992000 -0.750000
v 3.000000 6.992000 -0.758000
v 2.992000 6.997657 -0.752343
v 2.996619 6.996619 -0.753381
v 2.997657 6.992001 -0.752343
v 2.997657 6.997657 -0.758000
v 2.992000 -0.000000 -0.782000
v 2.992000 0.008000 -0.790000
v 3.000000 0.008000 -0.782000
v 2.992000 0.002343 -0.787657
v 2.996619 0.003381 -0.786619
v 2.997657 0.008000 -0.787657
v 2.997657 0.002343 -0.782000
v 2.992000 7.000000 -0.782000
v 3.000000 6.992000 -0.782000
v 2.992000 6.992000 -0.790000
v 2.997657 6.997657 -0.782000
v 2.996619 6.996619 -0.786619
v 2.997657 6.992001 -0.787657
v 2.992000 6.997657 -0.787657
v 2.808000 -0.000000 -0.758000
v 2.808000 0.008000 -0.750000
v 2.800000 0.008000 -0.758000
v 2.808000 0.002343 -0.752343
v 2.803381 0.003381 -0.753381
v 2.802343 0.008000 -0.752343
v 2.802343 0.002343 -0.758000
v 2.808000 6.992000 -0.750000
v 2.808000 7.000000 -0.758000
v 2.800000 6.992000 -0.758000
v 2.808000 6.997657 -0.752343
v 2.803381 6.996619 -0.753381
v 2.802343 6.997657 -0.758000
v 2.802343 6.992001 -0.752343
v 2.808000 -0.000000 -0.942000
v 2.800000 0.008000 -0.942000
v 2.808000 0.008000 -0.950000
v 2.802343 0.002343 -0.942000
v 2.803381 0.003381 -0.946619
v 2.802343 0.008000 -0.947657
v 2.808000 0.002343 -0.947657
v 2.808000 7.000000 -0.942000
v 2.808000 6.992000 -0.950000
v 2.800000 6.992000 -0.942000
v 2.808000 6.997657 -0.947657
v 2.803381 6.996619 -0.946619
v 2.802343 6.992001 -0.947657
v 2.802343 6.997657 -0.942000
v 2.832000 -0.000000 -0.758000
v 2.840000 0.008000 -0.758000
v 2.832000 0.008000 -0.750000
v 2.837656 0.002343 -0.758000
v 2.836618 0.003381 -0.753381
v 2.837656 0.008000 -0.752343
v 2.832000 0.002343 -0.752343
v 2.832000 7.000000 -0.758000
v 2.832000 6.992000 -0.750000
v 2.840000 6.992000 -0.758000
v 2.832000 6.997657 -0.752343
v 2.836618 6.996619 -0.753381
v 2.837656 6.992001 -0.752343
v 2.837656 6.997657 -0.758000
v 2.832000 -0.000000 -0.942000
v 2.832000 0.008000 -0.950000
v 2.840000 0.008000 -0.942000
v 2.832000 0.002343 -0.947657
v 2.836618 0.003381 -0.946619
v 2.837656 0.008000 -0.947657
v 2.837656 0.002343 -0.942000
v 2.832000 7.000000 -0.942000
v 2.840000 6.992000 -0.942000
v 2.832000 6.992000 -0.950000
v 2.837656 6.997657 -0.942000
v 2.836618 6.996619 -0.946619
v 2.837656 6.992001 -0.947657
v 2.832000 6.997657 -0.947657
v 2.740000 -0.000000 -0.690000
v 2.740000 0.010000 -0.680000
v 2.730000 0.010000 -0.690000
v 2.740000 0.002929 -0.682929
v 2.734226 0.004226 -0.684226
v 2.732929 0.010000 -0.682929
v 2.732929 0.002929 -0.690000
v 2.740000 0.030000 -0.680000
v 2.740000 0.040000 -0.690000
v 2.730000 0.030000 -0.690000
v 2.740000 0.037071 -0.682929
v 2.734226 0.035773 -0.684226
v 2.732929 0.037071 -0.690000
v 2.732929 0.030000 -0.682929
v 2.740000 -0.000000 -1.010000
v 2.730000 0.010000 -1.010000
v 2.740000 0.010000 -1.020000
v 2.732929 0.002929 -1.010000
v 2.734226 0.004226 -1.015774
v 2.732929 0.010000 -1.017071
v 2.740000 0.002929 -1.017071
v 2.740000 0.040000 -1.010000
v 2.740000 0.030000 -1.020000
v 2.730000 0.030000 -1.010000
v 2.740000 0.037071 -1.017071
v 2.734226 0.035773 -1.015774
v 2.732929 0.030000 -1.017071
v 2.732929 0.037071 -1.010000
v 3.060000 -0.000000 -0.690000
v 3.070000 0.010000 -0.690000
v 3.060000 0.010000 -0.680000
v 3.067071 0.002929 -0.690000
v 3.065774 0.004226 -0.684226
v 3.067071 0.010000 -0.682929
v 3.060000 0.002929 -0.682929
v 3.060000 0.040000 -0.690000
v 3.060000 0.030000 -0.680000
v 3.070000 0.030000 -0.690000
v 3.060000 0.037071 -0.682929
v 3.065774 0.035773 -0.684226
v 3.067071 0.030000 -0.682929
v 3.067071 0.037071 -0.690000
v 3.060000 -0.000000 -1.010000
v 3.060000 0.010000 -1.020000
v 3.070000 0.010000 -1.010000
v 3.060000 0.002929 -1.017071
v 3.065774 0.004226 -1.015774
v 3.067071 0.010000 -1.017071
v 3.067071 0.002929 -1.010000
v 3.060000 0.040000 -1.010000
v 3.070000 0.030000 -1.010000
v 3.060000 0.030000 -1.020000
v 3.067071 0.037071 -1.010000
v 3.065774 0.035773 -1.015774
v 3.067071 0.030000 -1.017071
v 3.060000 0.037071 -1.017071
v -2.990000 0.470000 0.990000
v -2.990000 0.480000 1.000000
v -3.000000 0.480000 0.990000
v -2.990000 0.472929 0.997071
v -2.995773 0.474227 0.995773
v -2.997071 0.480000 0.997071
v -2.997071 0.472929 0.990000
v -2.990000 0.520000 1.000000
v -2.990000 0.530000 0.990000
v -3.000000 0.520000 0.990000
v -2.990000 0.527071 0.997071
v -2.995773 0.525774 0.995773
v -2.997071 0.527071 0.990000
v -2.997071 0.520000 0.997071
v -2.990000 0.470000 -0.990000
v -3.000000 0.480000 -0.990000
v -2.990000 0.480000 -1.000000
v -2.997071 0.472929 -0.990000
v -2.995773 0.474226 -0.995773
v -2.997071 0.480000 -0.997071
v -2.990000 0.472929 -0.997071
v -2.990000 0.530000 -0.990000
v -2.990000 0.520000 -1.000000
v -3.000000 0.520000 -0.990000
v -2.990000 0.527071 -0.997071
v -2.995773 0.525773 -0.995773
v -2.997071 0.520000 -0.997071
v -2.997071 0.527071 -0.990000
v 2.990000 0.470000 0.990000
v 3.000000 0.480000 0.990000
v 2.990000 0.480000 1.000000
v 2.997071 0.472929 0.990000
v 2.995773 0.474227 0.995773
v 2.997071 0.480000 0.997071
v 2.990000 0.472929 0.997071
v 2.990000 0.530000 0.990000
v 2.990000 0.520000 1.000000
v 3.000000 0.520000 0.990000
v 2.990000 0.527071 0.997071
v 2.995773 0.525774 0.995773
v 2.997071 0.520000 0.997071
v 2.997071 0.527071 0.990000
v 2.990000 0.470000 -0.990000
v 2.990000 0.480000 -1.000000
v 3.000000 0.480000 -0.990000
v 2.990000 0.472929 -0.997071
v 2.995773 0.474226 -0.995773
v 2.997071 0.480000 -0.997071
v 2.997071 0.472929 -0.990000
v 2.990000 0.530000 -0.990000
v 3.000000 0.520000 -0.990000
v 2.990000 0.520000 -1.000000
v 2.997071 0.527071 -0.990000
v 2.995773 0.525773 -0.995773
v 2.997071 0.520000 -0.997071
v 2.990000 0.527071 -0.997071
v -2.790000 0.250000 -1.010000
v -2.790000 0.260000 -1.000000
v -2.800000 0.260000 -1.010000
v -2.790000 0.252929 -1.002929
v -2.795774 0.254226 -1.004226
v -2.797071 0.260000 -1.002929
v -2.797071 0.252929 -1.010000
v -2.790000 0.540000 -1.000000
v -2.790000 0.550000 -1.010000
v -2.800000 0.540000 -1.010000
v -2.790000 0.547071 -1.002929
v -2.795774 0.545774 -1.004226
v -2.797071 0.547071 -1.010000
v -2.797071 0.540000 -1.002929
v -2.790000 0.250000 -1.030000
v -2.800000 0.260000 -1.030000
v -2.790000 0.260000 -1.040000
v -2.797071 0.252929 -1.030000
v -2.795774 0.254226 -1.035774
v -2.797071 0.260000 -1.037071
v -2.790000 0.252929 -1.037071
v -2.790000 0.550000 -1.030000
v -2.790000 0.540000 -1.040000
v -2.800000 0.540000 -1.030000
v -2.790000 0.547071 -1.037071
v -2.795774 0.545774 -1.035774
v -2.797071 0.540000 -1.037071
v -2.797071 0.547071 -1.030000
v 2.790000 0.250000 -1.010000
v 2.800000 0.260000 -1.010000
v 2.790000 0.260000 -1.000000
v 2.797071 0.252929 -1.010000
v 2.795774 0.254226 -1.004226
v 2.797071 0.260000 -1.002929
v 2.790000 0.252929 -1.002929
v 2.790000 0.550000 -1.010000
v 2.790000 0.540000 -1.000000
v 2.800000 0.540000 -1.010000
v 2.790000 0.547071 -1.002929
v 2.795774 0.545774 -1.004226
v 2.797071 0.540000 -1.002929
v 2.797071 0.547071 -1.010000
v 2.790000 0.250000 -1.030000
v 2.790000 0.260000 -1.040000
v 2.800000 0.260000 -1.030000
v 2.790000 0.252929 -1.037071
v 2.795774 0.254226 -1.035774
v 2.797071 0.260000 -1.037071
v 2.797071 0.252929 -1.030000
v 2.790000 0.550000 -1.030000
v 2.800000 0.540000 -1.030000
v 2.790000 0.540000 -1.040000
v 2.797071 0.547071 -1.030000
v 2.795774 0.545774 -1.035774
v 2.797071 0.540000 -1.037071
v 2.790000 0.547071 -1.037071
v -2.790000 0.250000 1.030000
v -2.790000 0.260000 1.040000
v -2.800000 0.260000 1.030000
v -2.790000 0.252929 1.037071
v -2.795774 0.254227 1.035774
v -2.797071 0.260000 1.037071
v -2.797071 0.252929 1.030000
v -2.790000 0.540000 1.040000
v -2.790000 0.550000 1.030000
v -2.800000 0.540000 1.030000
v -2.790000 0.547071 1.037071
v -2.795774 0.545774 1.035774
v -2.797071 0.547071 1.030000
v -2.797071 0.540000 1.037071
v -2.790000 0.250000 1.010000
v -2.800000 0.260000 1.010000
v -2.790000 0.260000 1.000000
v -2.797071 0.252929 1.010000
v -2.795774 0.254227 1.004226
v -2.797071 0.260000 1.002929
v -2.790000 0.252929 1.002929
v -2.790000 0.550000 1.010000
v -2.790000 0.540000 1.000000
v -2.800000 0.540000 1.010000
v -2.790000 0.547071 1.002929
v -2.795774 0.545774 1.004226
v -2.797071 0.540000 1.002929
v -2.797071 0.547071 1.010000
v 2.790000 0.250000 1.030000
v 2.800000 0.260000 1.030000
v 2.790000 0.260000 1.040000
v 2.797071 0.252929 1.030000
v 2.795774 0.254227 1.035774
v 2.797071 0.260000 1.037071
v 2.790000 0.252929 1.037071
v 2.790000 0.550000 1.030000
v 2.790000 0.540000 1.040000
v 2.800000 0.540000 1.030000
v 2.790000 0.547071 1.037071
v 2.795774 0.545774 1.035774
v 2.797071 0.540000 1.037071
v 2.797071 0.547071 1.030000
v 2.790000 0.250000 1.010000
v 2.790000 0.260000 1.000000
v 2.800000 0.260000 1.010000
v 2.790000 0.252929 1.002929
v 2.795774 0.254227 1.004226
v 2.797071 0.260000 1.002929
v 2.797071 0.252929 1.010000
v 2.790000 0.550000 1.010000
v 2.800000 0.540000 1.010000
v 2.790000 0.540000 1.000000
v 2.797071 0.547071 1.010000
v 2.795774 0.545774 1.004226
v 2.797071 0.540000 1.002929
v 2.790000 0.547071 1.002929
v -2.990000 2.570000 0.990000
v -2.990000 2.580000 1.000000
v -3.000000 2.580000 0.990000
v -2.990000 2.572929 0.997071
v -2.995773 2.574226 0.995773
v -2.997071 2.580000 0.997071
v -2.997071 2.572929 0.990000
v -2.990000 2.620000 1.000000
v -2.990000 2.630000 0.990000
v -3.000000 2.620000 0.990000
v -2.990000 2.627071 0.997071
v -2.995773 2.625773 0.995773
v -2.997071 2.627071 0.990000
v -2.997071 2.620000 0.997071
v -2.990000 2.570000 -0.990000
v -3.000000 2.580000 -0.990000
v -2.990000 2.580000 -1.000000
v -2.997071 2.572929 -0.990000
v -2.995773 2.574226 -0.995774
v -2.997071 2.580000 -0.997071
v -2.990000 2.572929 -0.997071
v -2.990000 2.630000 -0.990000
v -2.990000 2.620000 -1.000000
v -3.000000 2.620000 -0.990000
v -2.990000 2.627071 -0.997071
v -2.995773 2.625773 -0.995774
v -2.997071 2.620000 -0.997071
v -2.997071 2.627071 -0.990000
v 2.990000 2.570000 0.990000
v 3.000000 2.580000 0.990000
v 2.990000 2.580000 1.000000
v 2.997071 2.572929 0.990000
v 2.995773 2.574226 0.995773
v 2.997071 2.580000 0.997071
v 2.990000 2.572929 0.997071
v 2.990000 2.630000 0.990000
v 2.990000 2.620000 1.000000
v 3.000000 2.620000 0.990000
v 2.990000 2.627071 0.997071
v 2.995773 2.625773 0.995773
v 2.997071 2.620000 0.997071
v 2.997071 2.627071 0.990000
v 2.990000 2.570000 -0.990000
v 2.990000 2.580000 -1.000000
v 3.000000 2.580000 -0.990000
v 2.990000 2.572929 -0.997071
v 2.995773 2.574226 -0.995774
v 2.997071 2.580000 -0.997071
v 2.997071 2.572929 -0.990000
v 2.990000 2.630000 -0.990000
v 3.000000 2.620000 -0.990000
v 2.990000 2.620000 -1.000000
v 2.997071 2.627071 -0.990000
v 2.995773 2.625773 -0.995774
v 2.997071 2.620000 -0.997071
v 2.990000 2.627071 -0.997071
v -2.790000 2.350000 -1.010000
v -2.790000 2.360000 -1.000000
v -2.800000 2.360000 -1.010000
v -2.790000 2.352929 -1.002929
v -2.795774 2.354226 -1.004227
v -2.797071 2.360000 -1.002929
v -2.797071 2.352929 -1.010000
v -2.790000 2.640000 -1.000000
v -2.790000 2.650000 -1.010000
v -2.800000 2.640000 -1.010000
v -2.790000 2.647071 -1.002929
v -2.795774 2.645774 -1.004227
v -2.797071 2.647071 -1.010000
v -2.797071 2.640000 -1.002929
v -2.790000 2.350000 -1.030000
v -2.800000 2.360000 -1.030000
v -2.790000 2.360000 -1.040000
v -2.797071 2.352929 -1.030000
v -2.795774 2.354226 -1.035774
v -2.797071 2.360000 -1.037071
v -2.790000 2.352929 -1.037071
v -2.790000 2.650000 -1.030000
v -2.790000 2.640000 -1.040000
v -2.800000 2.640000 -1.030000
v -2.790000 2.647071 -1.037071
v -2.795774 2.645774 -1.035774
v -2.797071 2.640000 -1.037071
v -2.797071 2.647071 -1.030000
v 2.790000 2.350000 -1.010000
v 2.800000 2.360000 -1.010000
v 2.790000 2.360000 -1.000000
v 2.797071 2.352929 -1.010000
v 2.795774 2.354226 -1.004227
v 2.797071 2.360000 -1.002929
v 2.790000 2.352929 -1.002929
v 2.790000 2.650000 -1.010000
v 2.790000 2.640000 -1.000000
v 2.800000 2.640000 -1.010000
v 2.790000 2.647071 -1.002929
v 2.795774 2.645774 -1.004227
v 2.797071 2.640000 -1.002929
v 2.797071 2.647071 -1.010000
v 2.790000 2.350000 -1.030000
v 2.790000 2.360000 -1.040000
v 2.800000 2.360000 -1.030000
v 2.790000 2.352929 -1.037071
v 2.795774 2.354226 -1.035774
v 2.797071 2.360000 -1.037071
v 2.797071 2.352929 -1.030000
v 2.790000 2.650000 -1.030000
v 2.800000 2.640000 -1.030000
v 2.790000 2.640000 -1.040000
v 2.797071 2.647071 -1.030000
v 2.795774 2.645774 -1.035774
v 2.797071 2.640000 -1.037071
v 2.790000 2.647071 -1.037071
v -2.790000 2.350000 1.030000
v -2.790000 2.360000 1.040000
v -2.800000 2.360000 1.030000
v -2.790000 2.352929 1.037071
v -2.795774 2.354226 1.035773
v -2.797071 2.360000 1.037071
v -2.797071 2.352929 1.030000
v -2.790000 2.640000 1.040000
v -2.790000 2.650000 1.030000
v -2.800000 2.640000 1.030000
v -2.790000 2.647071 1.037071
v -2.795774 2.645774 1.035773
v -2.797071 2.647071 1.030000
v -2.797071 2.640000 1.037071
v -2.790000 2.350000 1.010000
v -2.800000 2.360000 1.010000
v -2.790000 2.360000 1.000000
v -2.797071 2.352929 1.010000
v -2.795774 2.354226 1.004226
v -2.797071 2.360000 1.002929
v -2.790000 2.352929 1.002929
v -2.790000 2.650000 1.010000
v -2.790000 2.640000 1.000000
v -2.800000 2.640000 1.010000
v -2.790000 2.647071 1.002929
v -2.795774 2.645774 1.004226
v -2.797071 2.640000 1.002929
v -2.797071 2.647071 1.010000
v 2.790000 2.350000 1.030000
v 2.800000 2.360000 1.030000
v 2.790000 2.360000 1.040000
v 2.797071 2.352929 1.030000
v 2.795774 2.354226 1.035773
v 2.797071 2.360000 1.037071
v 2.790000 2.352929 1.037071
v 2.790000 2.650000 1.030000
v 2.790000 2.640000 1.040000
v 2.800000 2.640000 1.030000
v 2.790000 2.647071 1.037071
v 2.795774 2.645774 1.035773
v 2.797071 2.640000 1.037071
v 2.797071 2.647071 1.030000
v 2.790000 2.350000 1.010000
v 2.790000 2.360000 1.000000
v 2.800000 2.360000 1.010000
v 2.790000 2.352929 1.002929
v 2.795774 2.354226 1.004226
v 2.797071 2.360000 1.002929
v 2.797071 2.352929 1.010000
v 2.790000 2.650000 1.010000
v 2.800000 2.640000 1.010000
v 2.790000 2.640000 1.000000
v 2.797071 2.647071 1.010000
v 2.795774 2.645774 1.004226
v 2.797071 2.640000 1.002929
v 2.790000 2.647071 1.002929
v -2.990000 4.670000 0.990000
v -2.990000 4.680000 1.000000
v -3.000000 4.680000 0.990000
v -2.990000 4.672928 0.997071
v -2.995773 4.674226 0.995773
v -2.997071 4.679999 0.997071
v -2.997071 4.672928 0.990000
v -2.990000 4.720000 1.000000
v -2.990000 4.730000 0.990000
v -3.000000 4.720000 0.990000
v -2.990000 4.727071 0.997071
v -2.995773 4.725774 0.995773
v -2.997071 4.727071 0.990000
v -2.997071 4.720000 0.997071
v -2.990000 4.670000 -0.990000
v -3.000000 4.680000 -0.990000
v -2.990000 4.680000 -1.000000
v -2.997071 4.672928 -0.990000
v -2.995773 4.674226 -0.995774
v -2.997071 4.679999 -0.997071
v -2.990000 4.672928 -0.997071
v -2.990000 4.730000 -0.990000
v -2.990000 4.720000 -1.000000
v -3.000000 4.720000 -0.990000
v -2.990000 4.727071 -0.997071
v -2.995773 4.725774 -0.995774
v -2.997071 4.720000 -0.997071
v -2.997071 4.727071 -0.990000
v 2.990000 4.670000 0.990000
v 3.000000 4.680000 0.990000
v 2.990000 4.680000 1.000000
v 2.997071 4.672928 0.990000
v 2.995773 4.674226 0.995773
v 2.997071 4.679999 0.997071
v 2.990000 4.672928 0.997071
v 2.990000 4.730000 0.990000
v 2.990000 4.720000 1.000000
v 3.000000 4.720000 0.990000
v 2.990000 4.727071 0.997071
v 2.995773 4.725774 0.995773
v 2.997071 4.720000 0.997071
v 2.997071 4.727071 0.990000
v 2.990000 4.670000 -0.990000
v 2.990000 4.680000 -1.000000
v 3.000000 4.680000 -0.990000
v 2.990000 4.672928 -0.997071
v 2.995773 4.674226 -0.995774
v 2.997071 4.679999 -0.997071
v 2.997071 4.672928 -0.990000
v 2.990000 4.730000 -0.990000
v 3.000000 4.720000 -0.990000
v 2.990000 4.720000 -1.000000
v 2.997071 4.727071 -0.990000
v 2.995773 4.725774 -0.995774
v 2.997071 4.720000 -0.997071
v 2.990000 4.727071 -0.997071
v -2.790000 4.450000 -1.010000
v -2.790000 4.460000 -1.000000
v -2.800000 4.460000 -1.010000
v -2.790000 4.452929 -1.002929
v -2.795774 4.454226 -1.004227
v -2.797071 4.460000 -1.002929
v -2.797071 4.452929 -1.010000
v -2.790000 4.740000 -1.000000
v -2.790000 4.750000 -1.010000
v -2.800000 4.740000 -1.010000
v -2.790000 4.747071 -1.002929
v -2.795774 4.745773 -1.004227
v -2.797071 4.747071 -1.010000
v -2.797071 4.740000 -1.002929
v -2.790000 4.450000 -1.030000
v -2.800000 4.460000 -1.030000
v -2.790000 4.460000 -1.040000
v -2.797071 4.452929 -1.030000
v -2.795774 4.454226 -1.035774
v -2.797071 4.460000 -1.037071
v -2.790000 4.452929 -1.037071
v -2.790000 4.750000 -1.030000
v -2.790000 4.740000 -1.040000
v -2.800000 4.740000 -1.030000
v -2.790000 4.747071 -1.037071
v -2.795774 4.745773 -1.035774
v -2.797071 4.740000 -1.037071
v -2.797071 4.747071 -1.030000
v 2.790000 4.450000 -1.010000
v 2.800000 4.460000 -1.010000
v 2.790000 4.460000 -1.000000
v 2.797071 4.452929 -1.010000
v 2.795774 4.454226 -1.004227
v 2.797071 4.460000 -1.002929
v 2.790000 4.452929 -1.002929
v 2.790000 4.750000 -1.010000
v 2.790000 4.740000 -1.000000
v 2.800000 4.740000 -1.010000
v 2.790000 4.747071 -1.002929
v 2.795774 4.745773 -1.004227
v 2.797071 4.740000 -1.002929
v 2.797071 4.747071 -1.010000
v 2.790000 4.450000 -1.030000
v 2.790000 4.460000 -1.040000
v 2.800000 4.460000 -1.030000
v 2.790000 4.452929 -1.037071
v 2.795774 4.454226 -1.035774
v 2.797071 4.460000 -1.037071
v 2.797071 4.452929 -1.030000
v 2.790000 4.750000 -1.030000
v 2.800000 4.740000 -1.030000
v 2.790000 4.740000 -1.040000
v 2.797071 4.747071 -1.030000
v 2.795774 4.745773 -1.035774
v 2.797071 4.740000 -1.037071
v 2.790000 4.747071 -1.037071
v -2.790000 4.450000 1.030000
v -2.790000 4.460000 1.040000
v -2.800000 4.460000 1.030000
v -2.790000 4.452929 1.037071
v -2.795774 4.454226 1.035773
v -2.797071 4.460000 1.037071
v -2.797071 4.452929 1.030000
v -2.790000 4.740000 1.040000
v -2.790000 4.750000 1.030000
v -2.800000 4.740000 1.030000
v -2.790000 4.747071 1.037071
v -2.795774 4.745773 1.035773
v -2.797071 4.747071 1.030000
v -2.797071 4.740000 1.037071
v -2.790000 4.450000 1.010000
v -2.800000 4.460000 1.010000
v -2.790000 4.460000 1.000000
v -2.797071 4.452929 1.010000
v -2.795774 4.454226 1.004226
v -2.797071 4.460000 1.002929
v -2.790000 4.452929 1.002929
v -2.790000 4.750000 1.010000
v -2.790000 4.740000 1.000000
v -2.800000 4.740000 1.010000
v -2.790000 4.747071 1.002929
v -2.795774 4.745773 1.004226
v -2.797071 4.740000 1.002929
v -2.797071 4.747071 1.010000
v 2.790000 4.450000 1.030000
v 2.800000 4.460000 1.030000
v 2.790000 4.460000 1.040000
v 2.797071 4.452929 1.030000
v 2.795774 4.454226 1.035773
v 2.797071 4.460000 1.037071
v 2.790000 4.452929 1.037071
v 2.790000 4.750000 1.030000
v 2.790000 4.740000 1.040000
v 2.800000 4.740000 1.030000
v 2.790000 4.747071 1.037071
v 2.795774 4.745773 1.035773
v 2.797071 4.740000 1.037071
v 2.797071 4.747071 1.030000
v 2.790000 4.450000 1.010000
v 2.790000 4.460000 1.000000
v 2.800000 4.460000 1.010000
v 2.790000 4.452929 1.002929
v 2.795774 4.454226 1.004226
v 2.797071 4.460000 1.002929
v 2.797071 4.452929 1.010000
v 2.790000 4.750000 1.010000
v 2.800000 4.740000 1.010000
v 2.790000 4.740000 1.000000
v 2.797071 4.747071 1.010000
v 2.795774 4.745773 1.004226
v 2.797071 4.740000 1.002929
v 2.790000 4.747071 1.002929
v -2.990000 6.770000 0.990000
v -2.990000 6.780000 1.000000
v -3.000000 6.780000 0.990000
v -2.990000 6.772929 0.997071
v -2.995773 6.774226 0.995773
v -2.997071 6.780000 0.997071
v -2.997071 6.772929 0.990000
v -2.990000 6.820000 1.000000
v -2.990000 6.830000 0.990000
v -3.000000 6.820000 0.990000
v -2.990000 6.827072 0.997071
v -2.995773 6.825774 0.995773
v -2.997071 6.827072 0.990000
v -2.997071 6.820001 0.997071
v -2.990000 6.770000 -0.990000
v -3.000000 6.780000 -0.990000
v -2.990000 6.780000 -1.000000
v -2.997071 6.772929 -0.990000
v -2.995773 6.774226 -0.995774
v -2.997071 6.780000 -0.997071
v -2.990000 6.772929 -0.997071
v -2.990000 6.830000 -0.990000
v -2.990000 6.820000 -1.000000
v -3.000000 6.820000 -0.990000
v -2.990000 6.827072 -0.997071
v -2.995773 6.825774 -0.995774
v -2.997071 6.820001 -0.997071
v -2.997071 6.827072 -0.990000
v 2.990000 6.770000 0.990000
v 3.000000 6.780000 0.990000
v 2.990000 6.780000 1.000000
v 2.997071 6.772929 0.990000
v 2.995773 6.774226 0.995773
v 2.997071 6.780000 0.997071
v 2.990000 6.772929 0.997071
v 2.990000 6.830000 0.990000
v 2.990000 6.820000 1.000000
v 3.000000 6.820000 0.990000
v 2.990000 6.827072 0.997071
v 2.995773 6.825774 0.995773
v 2.997071 6.820001 0.997071
v 2.997071 6.827072 0.990000
v 2.990000 6.770000 -0.990000
v 2.990000 6.780000 -1.000000
v 3.000000 6.780000 -0.990000
v 2.990000 6.772929 -0.997071
v 2.995773 6.774226 -0.995774
v 2.997071 6.780000 -0.997071
v 2.997071 6.772929 -0.990000
v 2.990000 6.830000 -0.990000
v 3.000000 6.820000 -0.990000
v 2.990000 6.820000 -1.000000
v 2.997071 6.827072 -0.990000
v 2.995773 6.825774 -0.995774
v 2.997071 6.820001 -0.997071
v 2.990000 6.827072 -0.997071
v -2.790000 6.550000 -1.010000
v -2.790000 6.560000 -1.000000
v -2.800000 6.560000 -1.010000
v -2.790000 6.552929 -1.002929
v -2.795774 6.554227 -1.004227
v -2.797071 6.560000 -1.002929
v -2.797071 6.552929 -1.010000
v -2.790000 6.840000 -1.000000
v -2.790000 6.850000 -1.010000
v -2.800000 6.840000 -1.010000
v -2.790000 6.847070 -1.002929
v -2.795774 6.845773 -1.004227
v -2.797071 6.847070 -1.010000
v -2.797071 6.839999 -1.002929
v -2.790000 6.550000 -1.030000
v -2.800000 6.560000 -1.030000
v -2.790000 6.560000 -1.040000
v -2.797071 6.552929 -1.030000
v -2.795774 6.554227 -1.035774
v -2.797071 6.560000 -1.037071
v -2.790000 6.552929 -1.037071
v -2.790000 6.850000 -1.030000
v -2.790000 6.840000 -1.040000
v -2.800000 6.840000 -1.030000
v -2.790000 6.847070 -1.037071
v -2.795774 6.845773 -1.035774
v -2.797071 6.839999 -1.037071
v -2.797071 6.847070 -1.030000
v 2.790000 6.550000 -1.010000
v 2.800000 6.560000 -1.010000
v 2.790000 6.560000 -1.000000
v 2.797071 6.552929 -1.010000
v 2.795774 6.554227 -1.004227
v 2.797071 6.560000 -1.002929
v 2.790000 6.552929 -1.002929
v 2.790000 6.850000 -1.010000
v 2.790000 6.840000 -1.000000
v 2.800000 6.840000 -1.010000
v 2.790000 6.847070 -1.002929
v 2.795774 6.845773 -1.004227
v 2.797071 6.839999 -1.002929
v 2.797071 6.847070 -1.010000
v 2.790000 6.550000 -1.030000
v 2.790000 6.560000 -1.040000
v 2.800000 6.560000 -1.030000
v 2.790000 6.552929 -1.037071
v 2.795774 6.554227 -1.035774
v 2.797071 6.560000 -1.037071
v 2.797071 6.552929 -1.030000
v 2.790000 6.850000 -1.030000
v 2.800000 6.840000 -1.030000
v 2.790000 6.840000 -1.040000
v 2.797071 6.847070 -1.030000
v 2.795774 6.845773 -1.035774
v 2.797071 6.839999 -1.037071
v 2.790000 6.847070 -1.037071
v -2.790000 6.550000 1.030000
v -2.790000 6.560000 1.040000
v -2.800000 6.560000 1.030000
v -2.790000 6.552929 1.037071
v -2.795774 6.554227 1.035773
v -2.797071 6.560000 1.037071
v -2.797071 6.552929 1.030000
v -2.790000 6.840000 1.040000
v -2.790000 6.850000 1.030000
v -2.800000 6.840000 1.030000
v -2.790000 6.847070 1.037071
v -2.795774 6.845773 1.035773
v -2.797071 6.847070 1.030000
v -2.797071 6.839999 1.037071
v -2.790000 6.550000 1.010000
v -2.800000 6.560000 1.010000
v -2.790000 6.560000 1.000000
v -2.797071 6.552929 1.010000
v -2.795774 6.554227 1.004226
v -2.797071 6.560000 1.002929
v -2.790000 6.552929 1.002929
v -2.790000 6.850000 1.010000
v -2.790000 6.840000 1.000000
v -2.800000 6.840000 1.010000
v -2.790000 6.847070 1.002929
v -2.795774 6.845773 1.004226
v -2.797071 6.839999 1.002929
v -2.797071 6.847070 1.010000
v 2.790000 6.550000 1.030000
v 2.800000 6.560000 1.030000
v 2.790000 6.560000 1.040000
v 2.797071 6.552929 1.030000
v 2.795774 6.554227 1.035773
v 2.797071 6.560000 1.037071
v 2.790000 6.552929 1.037071
v 2.790000 6.850000 1.030000
v 2.790000 6.840000 1.040000
v 2.800000 6.840000 1.030000
v 2.790000 6.847070 1.037071
v 2.795774 6.845773 1.035773
v 2.797071 6.839999 1.037071
v 2.797071 6.847070 1.030000
v 2.790000 6.550000 1.010000
v 2.790000 6.560000 1.000000
v 2.800000 6.560000 1.010000
v 2.790000 6.552929 1.002929
v 2.795774 6.554227 1.004226
v 2.797071 6.560000 1.002929
v 2.797071 6.552929 1.010000
v 2.790000 6.850000 1.010000
v 2.800000 6.840000 1.010000
v 2.790000 6.840000 1.000000
v 2.797071 6.847070 1.010000
v 2.795774 6.845773 1.004226
v 2.797071 6.839999 1.002929
v 2.790000 6.847070 1.002929
v -2.829896 6.773426 0.965000
v -2.770104 6.826575 0.965000
v -2.829896 6.773426 0.935000
v -2.770104 6.826575 0.935000
v 2.770104 0.473425 0.965000
v 2.829896 0.526575 0.965000
v 2.770104 0.473425 0.935000
v 2.829896 0.526575 0.935000
v -2.770104 0.473425 0.965000
v -2.829896 0.526575 0.965000
v -2.770104 0.473425 0.935000
v -2.829896 0.526575 0.935000
v 2.829896 6.773426 0.965000
v 2.770104 6.826575 0.965000
v 2.829896 6.773426 0.935000
v 2.770104 6.826575 0.935000
vn -0.1794 -0.9673 0.1794
vn -0.3251 -0.8881 0.3251
vn -0.3791 -0.9152 0.1369
vn -0.1794 -0.1794 0.9673
vn -0.3251 -0.3251 0.8881
vn -0.1369 -0.3791 0.9152
vn -0.9673 -0.1794 0.1794
vn -0.8881 -0.3251 0.3251
vn -0.9152 -0.1369 0.3791
vn -0.1794 0.1794 0.9673
vn -0.3251 0.3251 0.8881
vn -0.3791 0.1369 0.9152
vn -0.1794 0.9673 0.1794
vn -0.3250 0.8881 0.3251
vn -0.1369 0.9152 0.3790
vn -0.9673 0.1794 0.1794
vn -0.8881 0.3251 0.3250
vn -0.9152 0.3791 0.1369
vn -0.1794 -0.9673 -0.1794
vn -0.3251 -0.8881 -0.3251
vn -0.1368 -0.9152 -0.3791
vn -0.9673 -0.1794 -0.1794
vn -0.8881 -0.3251 -0.3251
vn -0.9152 -0.3791 -0.1369
vn -0.1794 -0.1794 -0.9673
vn -0.3251 -0.3251 -0.8881
vn -0.3791 -0.1369 -0.9152
vn -0.1794 0.9673 -0.1794
vn -0.3250 0.8881 -0.3251
vn -0.3790 0.9152 -0.1370
vn -0.1794 0.1794 -0.9673
vn -0.3250 0.3251 -0.8881
vn -0.1368 0.3791 -0.9152
vn -0.9673 0.1794 -0.1794
vn -0.8881 0.3251 -0.3250
vn -0.9152 0.1369 -0.3790
vn 0.1794 -0.9673 0.1794
vn 0.3251 -0.8881 0.3251
vn 0.1369 -0.9152 0.3791
vn 0.9673 -0.1794 0.1794
vn 0.8881 -0.3251 0.3251
vn 0.9152 -0.3791 0.1369
vn 0.1794 -0.1794 0.9673
vn 0.3251 -0.3251 0.8881
vn 0.3791 -0.1369 0.9152
vn 0.1794 0.9673 0.1794
vn 0.3250 0.8881 0.3251
vn 0.3790 0.9152 0.1370
vn 0.1794 0.1794 0.9673
vn 0.3251 0.3251 0.8881
vn 0.1369 0.3791 0.9152
vn 0.9673 0.1794 0.1794
vn 0.8881 0.3251 0.3250
vn 0.9152 0.1369 0.3790
vn 0.1794 -0.9673 -0.1794
vn 0.3251 -0.8881 -0.3251
vn 0.3791 -0.9152 -0.1369
vn 0.1794 -0.1794 -0.9673
vn 0.3251 -0.3251 -0.8881
vn 0.1369 -0.3791 -0.9152
vn 0.9673 -0.1794 -0.1794
vn 0.8881 -0.3251 -0.3251
vn 0.9152 -0.1369 -0.3791
vn 0.1794 0.9673 -0.1794
vn 0.3250 0.8881 -0.3251
vn 0.1369 0.9152 -0.3790
vn 0.9673 0.1794 -0.1794
vn 0.8881 0.3251 -0.3250
vn 0.9152 0.3791 -0.1369
vn 0.1794 0.1794 -0.9673
vn 0.3250 0.3251 -0.8881
vn 0.3791 0.1369 -0.9152
vn -0.3791 -0.9152 -0.1369
vn -0.9152 -0.3791 0.1369
vn -0.3791 -0.1369 0.9152
vn -0.9152 0.1369 0.3790
vn -0.3790 0.9152 0.1370
vn -0.9152 0.3791 -0.1369
vn -0.3791 0.1369 -0.9152
vn -0.9152 -0.1369 -0.3791
vn 0.1369 -0.9152 -0.3791
vn -0.1369 -0.3791 -0.9152
vn -0.1369 0.9152 -0.3790
vn 0.1368 0.3791 -0.9152
vn 0.9152 0.1369 -0.3790
vn 0.3791 -0.1369 -0.9152
vn 0.3791 -0.9152 0.1369
vn 0.9152 -0.3791 -0.1369
vn 0.3790 0.9152 -0.1370
vn 0.9152 0.3791 0.1369
vn 0.3791 0.1369 0.9152
vn 0.9152 -0.1369 0.3791
vn -0.1368 -0.9152 0.3791
vn 0.1369 -0.3791 0.9152
vn 0.1369 0.9152 0.3790
vn -0.1369 0.3791 0.9152
vn -0.8881 -0.3250 0.3251
vn -0.9152 -0.1368 0.3791
vn -0.3251 0.3251 0.8880
vn -0.3792 0.1369 0.9151
vn -0.1794 0.9673 0.1793
vn -0.8881 0.3250 0.3250
vn -0.1369 -0.9152 -0.3791
vn -0.8881 -0.3250 -0.3251
vn -0.1794 0.9673 -0.1793
vn -0.3251 0.3251 -0.8880
vn -0.8881 0.3250 -0.3251
vn -0.9152 0.1368 -0.3791
vn 0.8881 -0.3251 0.3250
vn 0.9152 -0.3791 0.1368
vn 0.3251 -0.3250 0.8881
vn 0.3791 -0.1368 0.9152
vn 0.3251 0.3250 0.8881
vn 0.1368 0.3790 0.9152
vn 0.3251 -0.3250 -0.8881
vn 0.8881 -0.3251 -0.3250
vn 0.9152 0.3791 -0.1368
vn 0.3251 0.3250 -0.8881
vn -0.9152 0.1368 0.3791
vn -0.9152 -0.1368 -0.3791
vn 0.3791 -0.1368 -0.9152
vn 0.9152 -0.3790 -0.1369
vn 0.9152 0.3790 0.1368
vn -0.1369 -0.9152 0.3791
vn -0.1368 0.3791 0.9152
vn -0.3791 0.1368 0.9152
vn -0.3251 0.8881 0.3251
vn -0.1369 0.9152 0.3791
vn -0.8881 0.3251 0.3251
vn -0.9152 0.3791 0.1368
vn -0.3251 0.8881 -0.3251
vn -0.3791 0.9152 -0.1369
vn -0.3251 0.3251 -0.8881
vn -0.1369 0.3791 -0.9152
vn -0.9152 0.1369 -0.3791
vn 0.9152 -0.3790 0.1368
vn 0.3251 0.8881 0.3251
vn 0.3791 0.9152 0.1369
vn 0.8881 0.3251 0.3251
vn 0.9152 0.1369 0.3791
vn 0.3251 0.8881 -0.3251
vn 0.1369 0.9152 -0.3791
vn 0.8881 0.3251 -0.3251
vn 0.3251 0.3251 -0.8881
vn 0.3791 0.1368 -0.9152
vn -0.9152 -0.3791 0.1368
vn -0.3791 -0.1368 0.9152
vn -0.9152 0.1369 0.3791
vn -0.3791 0.9152 0.1369
vn -0.1369 0.9152 -0.3791
vn 0.1369 0.3791 -0.9152
vn 0.9152 0.1369 -0.3791
vn 0.3791 0.9152 -0.1369
vn 0.1369 0.9152 0.3791
vn 0.1368 0.3791 0.9152
vn 0.1368 -0.9152 -0.3791
vn -0.8881 0.3250 -0.3250
vn -0.8881 -0.3251 0.3250
vn -0.3791 -0.1368 -0.9152
vn -0.8881 0.3251 -0.3251
vn 0.1368 -0.3791 -0.9152
vn -0.9152 0.3791 -0.1368
vn -0.3791 0.1368 -0.9152
vn -0.1368 -0.3791 -0.9152
vn 0.9152 -0.3790 -0.1368
vn 0.9152 0.3790 0.1369
vn 0.3791 0.1368 0.9152
vn 0.1368 -0.9152 0.3791
vn -0.3251 -0.3250 0.8881
vn -0.3251 0.3250 0.8881
vn -0.8881 -0.3251 -0.3250
vn -0.3251 -0.3250 -0.8881
vn -0.3251 0.3250 -0.8881
vn -0.1368 0.3790 -0.9152
vn 0.8881 -0.3250 0.3251
vn 0.1794 0.9673 0.1793
vn 0.3251 0.3251 0.8880
vn 0.8881 0.3250 0.3250
vn 0.9152 0.1368 0.3791
vn 0.8881 -0.3250 -0.3251
vn 0.9152 -0.1368 -0.3791
vn 0.1794 0.9673 -0.1793
vn 0.8881 0.3250 -0.3251
vn 0.3251 0.3251 -0.8880
vn -0.9152 -0.3790 0.1368
vn -0.9152 0.3790 -0.1368
vn 0.9152 0.1368 -0.3791
vn 0.9152 -0.1368 0.3791
vn -0.9152 0.3790 0.1368
vn 0.9152 0.3791 0.1368
vn 0.8881 0.3250 -0.3250
vn -0.9152 -0.3790 0.1369
vn -0.9152 -0.3790 -0.1368
vn 0.9152 -0.3791 -0.1368
vn -0.3791 -0.9152 0.1368
vn 0.3791 -0.9152 -0.1368
vn -0.3791 -0.9152 -0.1368
vn 0.3791 -0.9152 0.1368
vn -0.8881 0.3250 0.3251
vn -0.3251 -0.8881 -0.3250
vn 0.8881 0.3250 0.3251
vn 0.3251 -0.8881 -0.3250
vn -0.3251 -0.8881 0.3250
vn -0.3251 0.8881 0.3250
vn -0.3250 0.8881 -0.3250
vn 0.3251 -0.8881 0.3250
vn 0.3251 0.8881 0.3250
vn 0.3250 0.8881 -0.3250
vn -0.1368 -0.3791 0.9152
vn -0.1368 0.9152 0.3791
vn -0.3251 0.8881 -0.3250
vn -0.3791 0.9152 -0.1368
vn 0.3791 0.9152 0.1368
vn 0.3251 0.8881 -0.3250
vn 0.1368 0.9152 -0.3791
vn -0.3791 0.9152 0.1368
vn -0.1368 0.9152 -0.3791
vn 0.3791 0.9152 -0.1368
vn 0.1368 -0.3791 0.9152
vn 0.1368 0.9152 0.3791
vn -0.3250 -0.8881 0.3251
vn -0.3250 -0.8881 -0.3251
vn -0.9152 -0.3791 -0.1368
vn 0.3250 -0.8881 0.3251
vn 0.3250 -0.8881 -0.3251
vn -0.3251 -0.3251 0.8880
vn -0.1368 -0.9152 -0.3792
vn 0.3251 -0.3251 0.8880
vn -0.1368 -0.9152 0.3792
vn -0.3250 0.3251 0.8881
vn -0.3250 -0.3251 -0.8881
vn 0.3250 0.3251 0.8881
vn 0.3250 -0.3251 -0.8881
vn -0.3250 0.8881 0.3250
vn -0.1794 -0.1793 -0.9673
vn 0.3250 0.8881 0.3250
vn 0.1368 -0.3790 -0.9152
vn -0.1368 -0.3790 -0.9152
vn -0.1368 0.9151 -0.3792
vn 0.1369 -0.3790 0.9152
vn 0.1369 0.9151 0.3792
vn -0.3251 -0.8880 0.3252
vn -0.3792 -0.9151 0.1369
vn -0.8881 -0.3250 0.3250
vn -0.3251 0.8880 0.3252
vn -0.1369 0.9151 0.3792
vn -0.3251 -0.8880 -0.3252
vn -0.1369 -0.9151 -0.3792
vn -0.8881 -0.3250 -0.3250
vn -0.3251 0.8880 -0.3252
vn -0.3792 0.9151 -0.1369
vn 0.3251 -0.8880 0.3252
vn 0.1369 -0.9151 0.3792
vn 0.8881 -0.3250 0.3250
vn 0.3251 0.8880 0.3252
vn 0.3792 0.9151 0.1369
vn 0.3251 -0.8880 -0.3252
vn 0.3792 -0.9151 -0.1369
vn 0.8881 -0.3250 -0.3250
vn 0.3251 0.8880 -0.3252
vn 0.1369 0.9151 -0.3792
vn -0.3792 -0.9151 -0.1369
vn -0.3792 0.9151 0.1369
vn -0.1369 0.9151 -0.3792
vn 0.3792 -0.9151 0.1369
vn 0.3792 0.9151 -0.1369
vn -0.3250 -0.3251 0.8881
vn 0.3250 -0.3251 0.8881
vn -0.6644 0.7474 -0.0000
vn -0.0000 -0.0000 -1.0000
vn 0.6644 -0.7474 -0.0000
vn -0.0000 -0.0000 1.0000
vn -0.7474 -0.6644 -0.0000
vn 0.7474 0.6644 -0.0000
vn -0.6644 -0.7474 -0.0000
vn 0.6644 0.7474 -0.0000
vn 0.7474 -0.6644 -0.0000
vn -0.7474 0.6644 -0.0000
vn 0.1368 0.3790 -0.9152
vn -0.1368 0.3790 0.9152
vt 0.434268 0.756185
vt 0.433991 0.755908
vt 0.434268 0.755846
vt 0.051413 0.421585
vt 0.051734 0.421862
vt 0.051450 0.421924
vt 0.367072 0.421585
vt 0.366860 0.421862
vt 0.366783 0.421585
vt 0.051413 0.002748
vt 0.051734 0.002470
vt 0.051777 0.002747
vt 0.490913 0.767220
vt 0.490636 0.767497
vt 0.490574 0.767220
vt 0.367072 0.002748
vt 0.366860 0.002470
vt 0.367110 0.002408
vt 0.435708 0.756185
vt 0.435985 0.755908
vt 0.436047 0.756185
vt 0.368458 0.421585
vt 0.368780 0.421862
vt 0.368496 0.421924
vt 0.121349 0.421585
vt 0.121135 0.421862
vt 0.121059 0.421585
vt 0.492353 0.767220
vt 0.492630 0.767497
vt 0.492353 0.767559
vt 0.121349 0.002748
vt 0.121135 0.002470
vt 0.121386 0.002408
vt 0.368458 0.002748
vt 0.368780 0.002470
vt 0.368823 0.002747
vt 0.434268 0.767220
vt 0.433991 0.767497
vt 0.433929 0.767220
vt 0.361602 0.421585
vt 0.361924 0.421862
vt 0.361640 0.421924
vt 0.040768 0.421585
vt 0.040554 0.421862
vt 0.040478 0.421585
vt 0.490913 0.756185
vt 0.490636 0.755908
vt 0.490913 0.755846
vt 0.040768 0.002748
vt 0.040554 0.002471
vt 0.040805 0.002408
vt 0.361602 0.002748
vt 0.361924 0.002471
vt 0.361967 0.002747
vt 0.435708 0.767220
vt 0.435985 0.767497
vt 0.435708 0.767559
vt 0.131994 0.421585
vt 0.132315 0.421862
vt 0.132031 0.421924
vt 0.360216 0.421585
vt 0.360004 0.421862
vt 0.359927 0.421585
vt 0.492353 0.756185
vt 0.492630 0.755908
vt 0.492692 0.756185
vt 0.360216 0.002748
vt 0.360004 0.002471
vt 0.360254 0.002408
vt 0.131994 0.002748
vt 0.132315 0.002470
vt 0.132358 0.002747
vt 0.435708 0.755846
vt 0.367110 0.421924
vt 0.051777 0.421585
vt 0.366783 0.002747
vt 0.490913 0.767559
vt 0.368496 0.002408
vt 0.121059 0.002747
vt 0.368823 0.421585
vt 0.436047 0.767220
vt 0.121386 0.421924
vt 0.492692 0.767220
vt 0.132031 0.002408
vt 0.359927 0.002747
vt 0.132358 0.421585
vt 0.434268 0.767559
vt 0.360254 0.421924
vt 0.492353 0.755846
vt 0.361640 0.002408
vt 0.040478 0.002748
vt 0.361967 0.421585
vt 0.433929 0.756185
vt 0.040805 0.421924
vt 0.490574 0.756185
vt 0.051450 0.002408
vt 0.542063 0.756185
vt 0.542340 0.755908
vt 0.542403 0.756185
vt 0.306733 0.421585
vt 0.307053 0.421862
vt 0.306770 0.421924
vt 0.266286 0.421585
vt 0.266074 0.421862
vt 0.265997 0.421585
vt 0.306733 0.002748
vt 0.307053 0.002471
vt 0.307097 0.002747
vt 0.508834 0.756185
vt 0.508557 0.755908
vt 0.508834 0.755846
vt 0.266286 0.002748
vt 0.266074 0.002471
vt 0.266324 0.002408
vt 0.542063 0.767220
vt 0.542340 0.767497
vt 0.542063 0.767559
vt 0.276915 0.421585
vt 0.277236 0.421862
vt 0.276952 0.421924
vt 0.312204 0.421585
vt 0.311990 0.421862
vt 0.311913 0.421585
vt 0.508834 0.767220
vt 0.508557 0.767497
vt 0.508495 0.767220
vt 0.312204 0.002748
vt 0.311990 0.002471
vt 0.312241 0.002408
vt 0.276915 0.002748
vt 0.277236 0.002470
vt 0.277279 0.002747
vt 0.540624 0.756185
vt 0.540347 0.755908
vt 0.540624 0.755846
vt 0.293013 0.421585
vt 0.293334 0.421862
vt 0.293051 0.421924
vt 0.305344 0.421585
vt 0.305130 0.421862
vt 0.305054 0.421585
vt 0.510274 0.756185
vt 0.510551 0.755908
vt 0.510613 0.756185
vt 0.305344 0.002748
vt 0.305130 0.002471
vt 0.305381 0.002408
vt 0.293013 0.002748
vt 0.293334 0.002470
vt 0.293378 0.002747
vt 0.540624 0.767220
vt 0.540347 0.767497
vt 0.540285 0.767220
vt 0.313592 0.421585
vt 0.313913 0.421862
vt 0.313629 0.421924
vt 0.282385 0.421585
vt 0.282172 0.421862
vt 0.282096 0.421585
vt 0.510274 0.767220
vt 0.510551 0.767497
vt 0.510274 0.767559
vt 0.282385 0.002748
vt 0.282172 0.002470
vt 0.282423 0.002408
vt 0.313592 0.002748
vt 0.313913 0.002471
vt 0.313956 0.002747
vt 0.542403 0.767220
vt 0.266324 0.421924
vt 0.307097 0.421585
vt 0.265997 0.002748
vt 0.508495 0.756185
vt 0.276952 0.002408
vt 0.311913 0.002747
vt 0.277279 0.421585
vt 0.540624 0.767559
vt 0.312241 0.421924
vt 0.508834 0.767559
vt 0.282096 0.002747
vt 0.313956 0.421585
vt 0.540285 0.756185
vt 0.282423 0.421924
vt 0.510613 0.767220
vt 0.293051 0.002408
vt 0.305054 0.002747
vt 0.293378 0.421585
vt 0.542063 0.755846
vt 0.510274 0.755846
vt 0.306770 0.002408
vt 0.691231 0.718725
vt 0.690885 0.718379
vt 0.691231 0.718301
vt 0.605407 0.731446
vt 0.605753 0.731045
vt 0.605831 0.731399
vt 0.639727 0.749930
vt 0.640074 0.750196
vt 0.639727 0.750291
vt 0.604208 0.731446
vt 0.603862 0.731045
vt 0.604208 0.730990
vt 0.503255 0.750605
vt 0.503601 0.750951
vt 0.503255 0.751029
vt 0.638528 0.749930
vt 0.638182 0.750196
vt 0.638104 0.749883
vt 0.710422 0.718725
vt 0.710768 0.718379
vt 0.710846 0.718725
vt 0.639727 0.731446
vt 0.640074 0.731044
vt 0.640151 0.731399
vt 0.590480 0.731353
vt 0.590133 0.731086
vt 0.590480 0.730990
vt 0.503255 0.731414
vt 0.503601 0.731068
vt 0.503679 0.731414
vt 0.591679 0.731353
vt 0.592025 0.731086
vt 0.592103 0.731399
vt 0.638528 0.731446
vt 0.638182 0.731044
vt 0.638528 0.730990
vt 0.691231 0.737916
vt 0.690885 0.738262
vt 0.690807 0.737916
vt 0.611072 0.749836
vt 0.610726 0.750237
vt 0.610648 0.749883
vt 0.605407 0.749959
vt 0.605753 0.750226
vt 0.605407 0.750322
vt 0.484064 0.750605
vt 0.483718 0.750951
vt 0.483640 0.750605
vt 0.604208 0.749959
vt 0.603862 0.750226
vt 0.603784 0.749913
vt 0.612271 0.749836
vt 0.612618 0.750237
vt 0.612271 0.750291
vt 0.710422 0.737916
vt 0.710768 0.738262
vt 0.710422 0.738340
vt 0.590480 0.749867
vt 0.590133 0.750267
vt 0.590056 0.749913
vt 0.611072 0.731352
vt 0.610726 0.731086
vt 0.611072 0.730990
vt 0.484064 0.731414
vt 0.483718 0.731068
vt 0.484064 0.730990
vt 0.612271 0.731352
vt 0.612618 0.731086
vt 0.612695 0.731399
vt 0.591679 0.749867
vt 0.592025 0.750267
vt 0.591679 0.750322
vt 0.710422 0.718301
vt 0.640151 0.749883
vt 0.605407 0.730990
vt 0.638528 0.750291
vt 0.503679 0.750605
vt 0.591679 0.730990
vt 0.639727 0.730990
vt 0.710846 0.737916
vt 0.590056 0.731399
vt 0.503255 0.730990
vt 0.592103 0.749913
vt 0.612271 0.730990
vt 0.590480 0.750322
vt 0.691231 0.738340
vt 0.483640 0.731414
vt 0.612695 0.749883
vt 0.604208 0.750322
vt 0.611072 0.750291
vt 0.690807 0.718725
vt 0.605831 0.749913
vt 0.484064 0.751029
vt 0.603784 0.731399
vt 0.477045 0.756185
vt 0.476768 0.755908
vt 0.477045 0.755846
vt 0.148110 0.421585
vt 0.148431 0.421862
vt 0.148147 0.421924
vt 0.373929 0.421585
vt 0.373716 0.421862
vt 0.373640 0.421585
vt 0.148110 0.002748
vt 0.148431 0.002470
vt 0.148474 0.002747
vt 0.638373 0.766482
vt 0.638096 0.766759
vt 0.638034 0.766482
vt 0.373929 0.002748
vt 0.373716 0.002471
vt 0.373966 0.002408
vt 0.478484 0.756185
vt 0.478761 0.755908
vt 0.478823 0.756185
vt 0.375315 0.421585
vt 0.375636 0.421862
vt 0.375353 0.421924
vt 0.056884 0.421585
vt 0.056670 0.421862
vt 0.056594 0.421585
vt 0.639812 0.766482
vt 0.640089 0.766759
vt 0.639812 0.766821
vt 0.056884 0.002748
vt 0.056670 0.002470
vt 0.056921 0.002408
vt 0.375315 0.002748
vt 0.375636 0.002471
vt 0.375679 0.002747
vt 0.477045 0.767220
vt 0.476768 0.767497
vt 0.476705 0.767220
vt 0.395884 0.421585
vt 0.396205 0.421862
vt 0.395922 0.421924
vt 0.137465 0.421585
vt 0.137251 0.421862
vt 0.137175 0.421585
vt 0.638373 0.755447
vt 0.638096 0.755170
vt 0.638373 0.755108
vt 0.137465 0.002748
vt 0.137251 0.002470
vt 0.137502 0.002408
vt 0.395884 0.002748
vt 0.396205 0.002470
vt 0.396248 0.002747
vt 0.478484 0.767220
vt 0.478761 0.767497
vt 0.478484 0.767559
vt 0.067529 0.421585
vt 0.067850 0.421862
vt 0.067566 0.421924
vt 0.394498 0.421585
vt 0.394285 0.421862
vt 0.394209 0.421585
vt 0.639812 0.755447
vt 0.640089 0.755170
vt 0.640151 0.755447
vt 0.394498 0.002748
vt 0.394285 0.002470
vt 0.394535 0.002408
vt 0.067529 0.002748
vt 0.067850 0.002470
vt 0.067893 0.002747
vt 0.478484 0.755846
vt 0.373966 0.421924
vt 0.148474 0.421585
vt 0.373640 0.002747
vt 0.638373 0.766821
vt 0.375353 0.002408
vt 0.056594 0.002747
vt 0.375679 0.421585
vt 0.478823 0.767220
vt 0.056921 0.421924
vt 0.640151 0.766482
vt 0.067566 0.002408
vt 0.394209 0.002747
vt 0.067893 0.421585
vt 0.477045 0.767559
vt 0.394535 0.421924
vt 0.639812 0.755108
vt 0.395922 0.002408
vt 0.137175 0.002747
vt 0.396248 0.421585
vt 0.476705 0.756185
vt 0.137502 0.421924
vt 0.638034 0.755447
vt 0.148147 0.002408
vt 0.663855 0.755447
vt 0.664132 0.755170
vt 0.664194 0.755447
vt 0.327311 0.421585
vt 0.327632 0.421862
vt 0.327348 0.421924
vt 0.217991 0.421585
vt 0.217779 0.421862
vt 0.217702 0.421585
vt 0.327311 0.002748
vt 0.327632 0.002471
vt 0.327676 0.002748
vt 0.483979 0.756185
vt 0.483702 0.755908
vt 0.483979 0.755846
vt 0.217991 0.002748
vt 0.217779 0.002471
vt 0.218029 0.002408
vt 0.663855 0.766482
vt 0.664132 0.766759
vt 0.663855 0.766821
vt 0.228620 0.421585
vt 0.228941 0.421862
vt 0.228657 0.421924
vt 0.332782 0.421585
vt 0.332568 0.421862
vt 0.332492 0.421585
vt 0.483979 0.767220
vt 0.483702 0.767497
vt 0.483640 0.767220
vt 0.332782 0.002747
vt 0.332568 0.002470
vt 0.332819 0.002408
vt 0.228620 0.002748
vt 0.228941 0.002471
vt 0.228984 0.002748
vt 0.662415 0.755447
vt 0.662138 0.755170
vt 0.662415 0.755108
vt 0.244718 0.421585
vt 0.245039 0.421862
vt 0.244756 0.421924
vt 0.325923 0.421585
vt 0.325709 0.421862
vt 0.325632 0.421585
vt 0.485418 0.756185
vt 0.485695 0.755908
vt 0.485758 0.756185
vt 0.325923 0.002748
vt 0.325709 0.002471
vt 0.325960 0.002408
vt 0.244718 0.002748
vt 0.245039 0.002471
vt 0.245083 0.002748
vt 0.662415 0.766482
vt 0.662138 0.766759
vt 0.662076 0.766482
vt 0.334171 0.421585
vt 0.334491 0.421862
vt 0.334208 0.421924
vt 0.234090 0.421585
vt 0.233877 0.421862
vt 0.233801 0.421585
vt 0.485418 0.767220
vt 0.485695 0.767497
vt 0.485418 0.767559
vt 0.234090 0.002748
vt 0.233877 0.002471
vt 0.234127 0.002408
vt 0.334171 0.002747
vt 0.334491 0.002470
vt 0.334535 0.002747
vt 0.664194 0.766482
vt 0.218029 0.421924
vt 0.327676 0.421585
vt 0.217702 0.002748
vt 0.483640 0.756185
vt 0.228657 0.002408
vt 0.332492 0.002747
vt 0.228984 0.421585
vt 0.662415 0.766821
vt 0.332819 0.421924
vt 0.483979 0.767559
vt 0.233801 0.002748
vt 0.334535 0.421585
vt 0.662076 0.755447
vt 0.234127 0.421924
vt 0.485758 0.767220
vt 0.244756 0.002408
vt 0.325632 0.002748
vt 0.245083 0.421585
vt 0.663855 0.755108
vt 0.485418 0.755846
vt 0.327348 0.002408
vt 0.508919 0.750605
vt 0.508573 0.750951
vt 0.508495 0.750605
vt 0.408345 0.414960
vt 0.407999 0.415361
vt 0.407921 0.415007
vt 0.617936 0.731352
vt 0.617590 0.731086
vt 0.617936 0.730990
vt 0.409545 0.414960
vt 0.409891 0.415361
vt 0.409545 0.415416
vt 0.716086 0.737916
vt 0.715740 0.738262
vt 0.715662 0.737916
vt 0.619135 0.731352
vt 0.619482 0.731086
vt 0.619559 0.731399
vt 0.508919 0.731414
vt 0.508573 0.731068
vt 0.508919 0.730990
vt 0.617936 0.749836
vt 0.617590 0.750237
vt 0.617512 0.749883
vt 0.597344 0.731353
vt 0.596997 0.731086
vt 0.597344 0.730990
vt 0.735277 0.737916
vt 0.735623 0.738262
vt 0.735277 0.738340
vt 0.598543 0.731353
vt 0.598889 0.731086
vt 0.598967 0.731399
vt 0.619135 0.749836
vt 0.619482 0.750237
vt 0.619135 0.750291
vt 0.528110 0.750605
vt 0.528456 0.750951
vt 0.528110 0.751029
vt 0.625999 0.731446
vt 0.626346 0.731044
vt 0.626423 0.731399
vt 0.408345 0.396447
vt 0.407999 0.396180
vt 0.408345 0.396084
vt 0.716086 0.718725
vt 0.715740 0.718379
vt 0.716086 0.718301
vt 0.409545 0.396447
vt 0.409891 0.396180
vt 0.409969 0.396493
vt 0.624800 0.731446
vt 0.624454 0.731044
vt 0.624800 0.730990
vt 0.528110 0.731414
vt 0.528456 0.731068
vt 0.528534 0.731414
vt 0.597344 0.749866
vt 0.596997 0.750267
vt 0.596920 0.749913
vt 0.625999 0.749930
vt 0.626346 0.750196
vt 0.625999 0.750291
vt 0.735277 0.718725
vt 0.735623 0.718379
vt 0.735701 0.718725
vt 0.624800 0.749930
vt 0.624454 0.750196
vt 0.624376 0.749883
vt 0.598543 0.749866
vt 0.598889 0.750267
vt 0.598543 0.750322
vt 0.508495 0.731414
vt 0.617512 0.731399
vt 0.408345 0.415416
vt 0.716086 0.738340
vt 0.619559 0.749883
vt 0.598543 0.730990
vt 0.617936 0.750291
vt 0.528110 0.730990
vt 0.596920 0.731399
vt 0.735701 0.737916
vt 0.598967 0.749913
vt 0.624800 0.750291
vt 0.597344 0.750322
vt 0.528534 0.750605
vt 0.626423 0.749883
vt 0.735277 0.718301
vt 0.624376 0.731399
vt 0.409545 0.396084
vt 0.625999 0.730990
vt 0.508919 0.751029
vt 0.407921 0.396493
vt 0.715662 0.718725
vt 0.409969 0.415007
vt 0.631439 0.755447
vt 0.631162 0.755170
vt 0.631439 0.755108
vt 0.164226 0.421585
vt 0.164547 0.421862
vt 0.164263 0.421924
vt 0.380785 0.421585
vt 0.380573 0.421862
vt 0.380496 0.421585
vt 0.164226 0.002748
vt 0.164547 0.002471
vt 0.164591 0.002747
vt 0.624504 0.766482
vt 0.624227 0.766759
vt 0.624165 0.766482
vt 0.380785 0.002748
vt 0.380573 0.002471
vt 0.380823 0.002408
vt 0.632878 0.755447
vt 0.633155 0.755170
vt 0.633217 0.755447
vt 0.382171 0.421585
vt 0.382493 0.421862
vt 0.382209 0.421924
vt 0.073000 0.421585
vt 0.072786 0.421862
vt 0.072710 0.421585
vt 0.625944 0.766482
vt 0.626221 0.766759
vt 0.625944 0.766821
vt 0.073000 0.002748
vt 0.072786 0.002470
vt 0.073037 0.002408
vt 0.382171 0.002748
vt 0.382493 0.002471
vt 0.382536 0.002747
vt 0.631439 0.766482
vt 0.631162 0.766759
vt 0.631099 0.766482
vt 0.402740 0.421585
vt 0.403062 0.421862
vt 0.402778 0.421924
vt 0.153581 0.421585
vt 0.153367 0.421862
vt 0.153291 0.421585
vt 0.624504 0.755447
vt 0.624227 0.755170
vt 0.624504 0.755108
vt 0.153581 0.002748
vt 0.153367 0.002471
vt 0.153618 0.002408
vt 0.402740 0.002748
vt 0.403062 0.002470
vt 0.403105 0.002747
vt 0.632878 0.766482
vt 0.633155 0.766759
vt 0.632878 0.766821
vt 0.083645 0.421585
vt 0.083966 0.421862
vt 0.083682 0.421924
vt 0.401354 0.421585
vt 0.401142 0.421862
vt 0.401065 0.421585
vt 0.625944 0.755447
vt 0.626221 0.755170
vt 0.626283 0.755447
vt 0.401354 0.002748
vt 0.401142 0.002470
vt 0.401392 0.002408
vt 0.083645 0.002748
vt 0.083966 0.002470
vt 0.084010 0.002747
vt 0.632878 0.755108
vt 0.380823 0.421924
vt 0.164591 0.421585
vt 0.380496 0.002747
vt 0.624504 0.766821
vt 0.382209 0.002408
vt 0.072710 0.002747
vt 0.382536 0.421585
vt 0.633217 0.766482
vt 0.073037 0.421924
vt 0.626283 0.766482
vt 0.083682 0.002408
vt 0.401065 0.002747
vt 0.084010 0.421585
vt 0.631439 0.766821
vt 0.401392 0.421924
vt 0.625944 0.755108
vt 0.402778 0.002408
vt 0.153291 0.002747
vt 0.403105 0.421585
vt 0.631099 0.755447
vt 0.153618 0.421924
vt 0.624165 0.755447
vt 0.164263 0.002408
vt 0.584970 0.755478
vt 0.585247 0.755201
vt 0.585310 0.755478
vt 0.341030 0.421585
vt 0.341351 0.421862
vt 0.341067 0.421924
vt 0.169696 0.421585
vt 0.169484 0.421862
vt 0.169407 0.421585
vt 0.341030 0.002747
vt 0.341351 0.002470
vt 0.341395 0.002747
vt 0.597118 0.755478
vt 0.596841 0.755201
vt 0.597118 0.755138
vt 0.169696 0.002748
vt 0.169484 0.002471
vt 0.169734 0.002408
vt 0.584970 0.766512
vt 0.585247 0.766789
vt 0.584970 0.766851
vt 0.180324 0.421585
vt 0.180646 0.421862
vt 0.180362 0.421924
vt 0.346501 0.421585
vt 0.346287 0.421862
vt 0.346211 0.421585
vt 0.597118 0.766512
vt 0.596841 0.766789
vt 0.596779 0.766512
vt 0.346501 0.002747
vt 0.346287 0.002470
vt 0.346538 0.002408
vt 0.180324 0.002748
vt 0.180646 0.002471
vt 0.180689 0.002748
vt 0.583531 0.755478
vt 0.583254 0.755201
vt 0.583531 0.755138
vt 0.260816 0.421585
vt 0.261138 0.421862
vt 0.260854 0.421924
vt 0.339642 0.421585
vt 0.339428 0.421862
vt 0.339352 0.421585
vt 0.598558 0.755478
vt 0.598835 0.755201
vt 0.598897 0.755478
vt 0.339642 0.002747
vt 0.339428 0.002470
vt 0.339679 0.002408
vt 0.260816 0.002748
vt 0.261138 0.002471
vt 0.261181 0.002748
vt 0.583531 0.766512
vt 0.583254 0.766789
vt 0.583192 0.766512
vt 0.347890 0.421585
vt 0.348210 0.421862
vt 0.347927 0.421924
vt 0.250188 0.421585
vt 0.249976 0.421862
vt 0.249899 0.421585
vt 0.598558 0.766512
vt 0.598835 0.766789
vt 0.598558 0.766851
vt 0.250188 0.002748
vt 0.249976 0.002471
vt 0.250226 0.002408
vt 0.347890 0.002747
vt 0.348210 0.002470
vt 0.348254 0.002747
vt 0.585310 0.766512
vt 0.169734 0.421924
vt 0.341395 0.421585
vt 0.596779 0.755478
vt 0.180362 0.002408
vt 0.346211 0.002747
vt 0.180689 0.421585
vt 0.583531 0.766851
vt 0.597118 0.766851
vt 0.347927 0.002408
vt 0.249899 0.002748
vt 0.348254 0.421585
vt 0.583192 0.755478
vt 0.250226 0.421924
vt 0.598897 0.766512
vt 0.260854 0.002408
vt 0.339352 0.002747
vt 0.261181 0.421585
vt 0.584970 0.755138
vt 0.339679 0.421924
vt 0.598558 0.755138
vt 0.558760 0.750605
vt 0.558414 0.750951
vt 0.558336 0.750605
vt 0.676303 0.749866
vt 0.675957 0.750267
vt 0.675879 0.749913
vt 0.632863 0.749930
vt 0.633210 0.750196
vt 0.632863 0.750291
vt 0.677503 0.749866
vt 0.677849 0.750267
vt 0.677503 0.750322
vt 0.434353 0.750605
vt 0.434007 0.750951
vt 0.433929 0.750605
vt 0.631664 0.749930
vt 0.631318 0.750196
vt 0.631240 0.749883
vt 0.558760 0.731414
vt 0.558414 0.731068
vt 0.558760 0.730990
vt 0.632863 0.731446
vt 0.633210 0.731044
vt 0.633287 0.731399
vt 0.415210 0.396447
vt 0.414863 0.396180
vt 0.415210 0.396084
vt 0.453544 0.750605
vt 0.453890 0.750951
vt 0.453544 0.751029
vt 0.416409 0.396447
vt 0.416755 0.396180
vt 0.416833 0.396493
vt 0.631664 0.731446
vt 0.631318 0.731044
vt 0.631664 0.730990
vt 0.577951 0.750605
vt 0.578297 0.750951
vt 0.577951 0.751029
vt 0.669439 0.749836
vt 0.669093 0.750237
vt 0.669015 0.749883
vt 0.676303 0.731353
vt 0.675957 0.731086
vt 0.676303 0.730990
vt 0.434353 0.731414
vt 0.434007 0.731068
vt 0.434353 0.730990
vt 0.677503 0.731353
vt 0.677849 0.731086
vt 0.677927 0.731399
vt 0.670639 0.749836
vt 0.670985 0.750237
vt 0.670639 0.750291
vt 0.577951 0.731414
vt 0.578297 0.731068
vt 0.578375 0.731414
vt 0.415210 0.414960
vt 0.414863 0.415361
vt 0.414785 0.415007
vt 0.669439 0.731352
vt 0.669093 0.731086
vt 0.669439 0.730990
vt 0.453544 0.731414
vt 0.453890 0.731068
vt 0.453968 0.731414
vt 0.670639 0.731352
vt 0.670985 0.731086
vt 0.671063 0.731399
vt 0.416409 0.414960
vt 0.416755 0.415361
vt 0.416409 0.415416
vt 0.558336 0.731414
vt 0.633287 0.749883
vt 0.676303 0.750322
vt 0.434353 0.751029
vt 0.416409 0.396084
vt 0.632863 0.730990
vt 0.577951 0.730990
vt 0.414785 0.396493
vt 0.453968 0.750605
vt 0.416833 0.415007
vt 0.670639 0.730990
vt 0.415210 0.415416
vt 0.578375 0.750605
vt 0.453544 0.730990
vt 0.671063 0.749883
vt 0.677503 0.730990
vt 0.669439 0.750291
vt 0.558760 0.751029
vt 0.675879 0.731399
vt 0.433929 0.731414
vt 0.677927 0.749913
vt 0.617570 0.755447
vt 0.617293 0.755170
vt 0.617570 0.755108
vt 0.099762 0.421585
vt 0.100082 0.421862
vt 0.099799 0.421924
vt 0.387641 0.421585
vt 0.387429 0.421862
vt 0.387352 0.421585
vt 0.099762 0.002748
vt 0.100082 0.002470
vt 0.100126 0.002747
vt 0.604053 0.766512
vt 0.603776 0.766789
vt 0.603714 0.766512
vt 0.387641 0.002748
vt 0.387429 0.002470
vt 0.387679 0.002408
vt 0.619009 0.755447
vt 0.619286 0.755170
vt 0.619349 0.755447
vt 0.389028 0.421585
vt 0.389349 0.421862
vt 0.389065 0.421924
vt 0.105233 0.421585
vt 0.105019 0.421862
vt 0.104942 0.421585
vt 0.605492 0.766512
vt 0.605769 0.766789
vt 0.605492 0.766851
vt 0.105233 0.002748
vt 0.105019 0.002471
vt 0.105270 0.002408
vt 0.389028 0.002748
vt 0.389349 0.002470
vt 0.389392 0.002747
vt 0.617570 0.766482
vt 0.617293 0.766759
vt 0.617231 0.766482
vt 0.354746 0.421585
vt 0.355067 0.421862
vt 0.354784 0.421924
vt 0.089117 0.421585
vt 0.088903 0.421862
vt 0.088826 0.421585
vt 0.604053 0.755478
vt 0.603776 0.755201
vt 0.604053 0.755138
vt 0.089117 0.002748
vt 0.088903 0.002470
vt 0.089154 0.002408
vt 0.354746 0.002748
vt 0.355067 0.002471
vt 0.355110 0.002748
vt 0.619009 0.766482
vt 0.619286 0.766759
vt 0.619009 0.766821
vt 0.115878 0.421585
vt 0.116198 0.421862
vt 0.115915 0.421924
vt 0.353360 0.421585
vt 0.353147 0.421862
vt 0.353071 0.421585
vt 0.605492 0.755478
vt 0.605769 0.755201
vt 0.605831 0.755478
vt 0.353360 0.002748
vt 0.353147 0.002471
vt 0.353397 0.002408
vt 0.115878 0.002748
vt 0.116198 0.002470
vt 0.116242 0.002747
vt 0.619009 0.755108
vt 0.387679 0.421924
vt 0.100126 0.421585
vt 0.387352 0.002747
vt 0.604053 0.766851
vt 0.389065 0.002408
vt 0.104942 0.002748
vt 0.389392 0.421585
vt 0.619349 0.766482
vt 0.105270 0.421924
vt 0.605831 0.766512
vt 0.115915 0.002408
vt 0.353071 0.002748
vt 0.116242 0.421585
vt 0.617570 0.766821
vt 0.353397 0.421924
vt 0.605492 0.755138
vt 0.354784 0.002408
vt 0.088826 0.002747
vt 0.355110 0.421585
vt 0.617231 0.755447
vt 0.089154 0.421924
vt 0.603714 0.755478
vt 0.099799 0.002408
vt 0.535129 0.756185
vt 0.535406 0.755908
vt 0.535468 0.756185
vt 0.299873 0.421585
vt 0.300194 0.421862
vt 0.299910 0.421924
vt 0.185794 0.421585
vt 0.185582 0.421862
vt 0.185505 0.421585
vt 0.299873 0.002748
vt 0.300194 0.002471
vt 0.300237 0.002748
vt 0.676148 0.755478
vt 0.675871 0.755201
vt 0.676148 0.755138
vt 0.185794 0.002748
vt 0.185582 0.002471
vt 0.185832 0.002408
vt 0.535129 0.767220
vt 0.535406 0.767497
vt 0.535129 0.767559
vt 0.196423 0.421585
vt 0.196744 0.421862
vt 0.196461 0.421924
vt 0.319063 0.421585
vt 0.318849 0.421862
vt 0.318773 0.421585
vt 0.676148 0.766512
vt 0.675871 0.766789
vt 0.675809 0.766512
vt 0.319063 0.002748
vt 0.318849 0.002470
vt 0.319100 0.002408
vt 0.196423 0.002748
vt 0.196744 0.002471
vt 0.196787 0.002747
vt 0.533690 0.756185
vt 0.533413 0.755908
vt 0.533690 0.755846
vt 0.212521 0.421585
vt 0.212843 0.421862
vt 0.212559 0.421924
vt 0.298484 0.421585
vt 0.298271 0.421862
vt 0.298194 0.421585
vt 0.677588 0.755478
vt 0.677865 0.755201
vt 0.677927 0.755478
vt 0.298484 0.002748
vt 0.298271 0.002471
vt 0.298521 0.002408
vt 0.212521 0.002748
vt 0.212843 0.002471
vt 0.212886 0.002748
vt 0.533690 0.767220
vt 0.533413 0.767497
vt 0.533350 0.767220
vt 0.320452 0.421585
vt 0.320772 0.421862
vt 0.320489 0.421924
vt 0.201893 0.421585
vt 0.201681 0.421862
vt 0.201604 0.421585
vt 0.677588 0.766512
vt 0.677865 0.766789
vt 0.677588 0.766851
vt 0.201893 0.002748
vt 0.201681 0.002471
vt 0.201931 0.002408
vt 0.320452 0.002748
vt 0.320772 0.002470
vt 0.320816 0.002747
vt 0.535468 0.767220
vt 0.185832 0.421924
vt 0.300237 0.421585
vt 0.185505 0.002747
vt 0.675809 0.755478
vt 0.196461 0.002408
vt 0.318773 0.002747
vt 0.196787 0.421585
vt 0.533690 0.767559
vt 0.676148 0.766851
vt 0.320489 0.002408
vt 0.201604 0.002748
vt 0.320816 0.421585
vt 0.533350 0.756185
vt 0.201931 0.421924
vt 0.677927 0.766512
vt 0.212559 0.002408
vt 0.298194 0.002748
vt 0.212886 0.421585
vt 0.535129 0.755846
vt 0.298521 0.421924
vt 0.677588 0.755138
vt 0.459208 0.731414
vt 0.458862 0.731068
vt 0.459208 0.730990
vt 0.683168 0.737177
vt 0.682821 0.737578
vt 0.682743 0.737223
vt 0.662575 0.731352
vt 0.662229 0.731086
vt 0.662575 0.730990
vt 0.684367 0.737177
vt 0.684713 0.737578
vt 0.684367 0.737633
vt 0.553096 0.750605
vt 0.553442 0.750951
vt 0.553096 0.751029
vt 0.663775 0.731352
vt 0.664121 0.731086
vt 0.664199 0.731399
vt 0.478399 0.731414
vt 0.478745 0.731068
vt 0.478823 0.731414
vt 0.662575 0.749836
vt 0.662229 0.750237
vt 0.662151 0.749883
vt 0.584815 0.749959
vt 0.585161 0.750226
vt 0.584815 0.750322
vt 0.553096 0.731414
vt 0.553442 0.731068
vt 0.553520 0.731414
vt 0.583616 0.749959
vt 0.583269 0.750226
vt 0.583192 0.749913
vt 0.663775 0.749836
vt 0.664121 0.750237
vt 0.663775 0.750291
vt 0.459208 0.750605
vt 0.458862 0.750951
vt 0.458784 0.750605
vt 0.656911 0.731446
vt 0.657257 0.731044
vt 0.657335 0.731399
vt 0.683168 0.718664
vt 0.682821 0.718397
vt 0.683168 0.718301
vt 0.533905 0.750605
vt 0.533559 0.750951
vt 0.533481 0.750605
vt 0.684367 0.718664
vt 0.684713 0.718397
vt 0.684791 0.718710
vt 0.655711 0.731446
vt 0.655365 0.731044
vt 0.655711 0.730990
vt 0.478399 0.750605
vt 0.478745 0.750951
vt 0.478399 0.751029
vt 0.584815 0.731446
vt 0.585161 0.731045
vt 0.585239 0.731399
vt 0.656911 0.749930
vt 0.657257 0.750196
vt 0.656911 0.750291
vt 0.533905 0.731414
vt 0.533559 0.731068
vt 0.533905 0.730990
vt 0.655711 0.749930
vt 0.655365 0.750196
vt 0.655287 0.749883
vt 0.583616 0.731446
vt 0.583269 0.731045
vt 0.583616 0.730990
vt 0.478399 0.730990
vt 0.683168 0.737633
vt 0.663775 0.730990
vt 0.553520 0.750605
vt 0.664199 0.749883
vt 0.583616 0.750322
vt 0.662575 0.750291
vt 0.478823 0.750605
vt 0.585239 0.749913
vt 0.553096 0.730990
vt 0.583192 0.731399
vt 0.655711 0.750291
vt 0.584815 0.730990
vt 0.459208 0.751029
vt 0.657335 0.749883
vt 0.533481 0.731414
vt 0.684367 0.718301
vt 0.656911 0.730990
vt 0.458784 0.731414
vt 0.682743 0.718710
vt 0.533905 0.751029
vt 0.684791 0.737223
vt 0.434353 0.002832
vt 0.434007 0.002486
vt 0.434353 0.002408
vt 0.685566 0.367155
vt 0.685913 0.366754
vt 0.685990 0.367108
vt 0.031384 0.505459
vt 0.031038 0.505194
vt 0.031384 0.505098
vt 0.683167 0.367155
vt 0.682821 0.366754
vt 0.683167 0.366699
vt 0.558760 0.361459
vt 0.558414 0.361805
vt 0.558336 0.361459
vt 0.033783 0.505459
vt 0.034129 0.505194
vt 0.034207 0.505506
vt 0.553096 0.002832
vt 0.553442 0.002486
vt 0.553520 0.002832
vt 0.031384 0.619829
vt 0.031038 0.620231
vt 0.030960 0.619877
vt 0.701693 0.713122
vt 0.702040 0.713389
vt 0.701693 0.713485
vt 0.677503 0.361459
vt 0.677849 0.361805
vt 0.677503 0.361883
vt 0.699295 0.713122
vt 0.698948 0.713389
vt 0.698871 0.713075
vt 0.033783 0.619829
vt 0.034129 0.620231
vt 0.033783 0.620285
vt 0.434353 0.361459
vt 0.434007 0.361805
vt 0.433929 0.361459
vt 0.031384 0.739833
vt 0.031038 0.740235
vt 0.030960 0.739881
vt 0.685566 0.713122
vt 0.685913 0.713389
vt 0.685566 0.713485
vt 0.558760 0.002832
vt 0.558414 0.002486
vt 0.558760 0.002408
vt 0.683168 0.713122
vt 0.682821 0.713389
vt 0.682743 0.713075
vt 0.033783 0.739833
vt 0.034129 0.740235
vt 0.033783 0.740289
vt 0.553096 0.361459
vt 0.553442 0.361805
vt 0.553096 0.361883
vt 0.701693 0.367155
vt 0.702040 0.366754
vt 0.702117 0.367108
vt 0.031384 0.625463
vt 0.031038 0.625197
vt 0.031384 0.625102
vt 0.677503 0.002832
vt 0.677849 0.002486
vt 0.677927 0.002832
vt 0.033783 0.625463
vt 0.034129 0.625197
vt 0.034207 0.625510
vt 0.699295 0.367155
vt 0.698948 0.366754
vt 0.699295 0.366699
vt 0.553096 0.002408
vt 0.030960 0.505506
vt 0.685566 0.366699
vt 0.033783 0.505098
vt 0.558760 0.361883
vt 0.034207 0.619877
vt 0.699295 0.713485
vt 0.553520 0.361459
vt 0.702118 0.713075
vt 0.677927 0.361459
vt 0.698870 0.367108
vt 0.033783 0.625102
vt 0.434353 0.361883
vt 0.030960 0.625510
vt 0.677503 0.002408
vt 0.034207 0.739881
vt 0.683168 0.713485
vt 0.433929 0.002832
vt 0.685990 0.713075
vt 0.558336 0.002832
vt 0.682743 0.367108
vt 0.427489 0.396508
vt 0.427143 0.396162
vt 0.427489 0.396084
vt 0.845637 0.689888
vt 0.845291 0.690288
vt 0.845213 0.689934
vt 0.427426 0.753603
vt 0.427161 0.753949
vt 0.427065 0.753603
vt 0.862429 0.689888
vt 0.862775 0.690288
vt 0.862429 0.690343
vt 0.747676 0.701761
vt 0.747329 0.702108
vt 0.747252 0.701761
vt 0.427426 0.736811
vt 0.427161 0.736464
vt 0.427473 0.736387
vt 0.428689 0.396508
vt 0.429035 0.396162
vt 0.429113 0.396508
vt 0.428582 0.753603
vt 0.428983 0.753949
vt 0.428629 0.754027
vt 0.850623 0.002771
vt 0.850277 0.002504
vt 0.850623 0.002408
vt 0.748875 0.701761
vt 0.749221 0.702108
vt 0.748875 0.702186
vt 0.867415 0.002771
vt 0.867761 0.002504
vt 0.867839 0.002817
vt 0.428582 0.736811
vt 0.428983 0.736464
vt 0.429037 0.736811
vt 0.427489 0.731146
vt 0.427143 0.731492
vt 0.427065 0.731146
vt 0.714879 0.760372
vt 0.715281 0.760719
vt 0.714927 0.760796
vt 0.845637 0.367062
vt 0.845291 0.366795
vt 0.845637 0.366699
vt 0.747676 0.367123
vt 0.747329 0.366777
vt 0.747676 0.366699
vt 0.862429 0.367062
vt 0.862775 0.366795
vt 0.862853 0.367108
vt 0.714879 0.743581
vt 0.715281 0.743234
vt 0.715335 0.743581
vt 0.428689 0.731146
vt 0.429035 0.731492
vt 0.428689 0.731570
vt 0.850623 0.325597
vt 0.850277 0.325997
vt 0.850199 0.325643
vt 0.713724 0.760372
vt 0.713459 0.760719
vt 0.713363 0.760372
vt 0.748875 0.367123
vt 0.749221 0.366777
vt 0.749299 0.367123
vt 0.713724 0.743581
vt 0.713459 0.743234
vt 0.713771 0.743156
vt 0.867415 0.325597
vt 0.867762 0.325997
vt 0.867415 0.326052
vt 0.428689 0.396084
vt 0.427473 0.754027
vt 0.845637 0.690343
vt 0.747676 0.702186
vt 0.428629 0.736387
vt 0.867415 0.002408
vt 0.429037 0.753603
vt 0.429113 0.731146
vt 0.850199 0.002817
vt 0.749299 0.701761
vt 0.867839 0.325643
vt 0.713363 0.743581
vt 0.850623 0.326052
vt 0.427489 0.731570
vt 0.713771 0.760796
vt 0.748875 0.366699
vt 0.714927 0.743156
vt 0.862429 0.366699
vt 0.715335 0.760372
vt 0.427065 0.396508
vt 0.845213 0.367108
vt 0.747252 0.367123
vt 0.862853 0.689934
vt 0.754540 0.367123
vt 0.754194 0.366777
vt 0.754540 0.366699
vt 0.895536 0.325597
vt 0.895190 0.325997
vt 0.895112 0.325643
vt 0.706936 0.760372
vt 0.706670 0.760719
vt 0.706574 0.760372
vt 0.912328 0.325597
vt 0.912675 0.325997
vt 0.912328 0.326052
vt 0.418645 0.761803
vt 0.418299 0.762149
vt 0.418221 0.761803
vt 0.706936 0.743581
vt 0.706670 0.743234
vt 0.706983 0.743156
vt 0.755739 0.367123
vt 0.756085 0.366777
vt 0.756163 0.367123
vt 0.708091 0.760372
vt 0.708493 0.760719
vt 0.708138 0.760796
vt 0.935463 0.367062
vt 0.935117 0.366795
vt 0.935463 0.366699
vt 0.419845 0.761803
vt 0.420191 0.762149
vt 0.419845 0.762227
vt 0.952255 0.367062
vt 0.952601 0.366795
vt 0.952679 0.367108
vt 0.708091 0.743581
vt 0.708493 0.743234
vt 0.708547 0.743581
vt 0.754540 0.701761
vt 0.754194 0.702108
vt 0.754116 0.701761
vt 0.684335 0.759665
vt 0.684737 0.760011
vt 0.684382 0.760089
vt 0.895536 0.002771
vt 0.895190 0.002504
vt 0.895536 0.002408
vt 0.418646 0.427165
vt 0.418299 0.426818
vt 0.418646 0.426741
vt 0.912328 0.002771
vt 0.912675 0.002504
vt 0.912752 0.002817
vt 0.684335 0.742873
vt 0.684737 0.742527
vt 0.684791 0.742873
vt 0.755739 0.701761
vt 0.756085 0.702108
vt 0.755739 0.702186
vt 0.935463 0.689888
vt 0.935117 0.690288
vt 0.935039 0.689934
vt 0.683180 0.759665
vt 0.682915 0.760011
vt 0.682819 0.759665
vt 0.419845 0.427165
vt 0.420191 0.426818
vt 0.420269 0.427165
vt 0.683180 0.742873
vt 0.682915 0.742527
vt 0.683227 0.742449
vt 0.952255 0.689888
vt 0.952601 0.690288
vt 0.952255 0.690343
vt 0.755739 0.366699
vt 0.706983 0.760796
vt 0.895536 0.326052
vt 0.418645 0.762227
vt 0.708138 0.743156
vt 0.952255 0.366699
vt 0.708547 0.760372
vt 0.756163 0.701761
vt 0.935039 0.367108
vt 0.420269 0.761803
vt 0.952679 0.689934
vt 0.682819 0.742873
vt 0.935463 0.690343
vt 0.754540 0.702186
vt 0.683227 0.760089
vt 0.419845 0.426741
vt 0.684382 0.742449
vt 0.912328 0.002408
vt 0.684791 0.759665
vt 0.754116 0.367123
vt 0.895112 0.002817
vt 0.418221 0.427165
vt 0.912752 0.325643
vt 0.294238 0.427165
vt 0.293892 0.426818
vt 0.294238 0.426741
vt 0.691231 0.713029
vt 0.690885 0.713430
vt 0.690807 0.713075
vt 0.747676 0.707363
vt 0.747329 0.707098
vt 0.747676 0.707002
vt 0.693630 0.713029
vt 0.693976 0.713430
vt 0.693630 0.713485
vt 0.434353 0.725750
vt 0.434007 0.726096
vt 0.433929 0.725750
vt 0.750074 0.707363
vt 0.750421 0.707098
vt 0.750498 0.707410
vt 0.412981 0.427165
vt 0.413327 0.426818
vt 0.413405 0.427165
vt 0.747676 0.821734
vt 0.747329 0.822135
vt 0.747252 0.821781
vt 0.707358 0.367062
vt 0.707012 0.366795
vt 0.707358 0.366699
vt 0.553096 0.725750
vt 0.553442 0.726096
vt 0.553096 0.726174
vt 0.709757 0.367062
vt 0.710103 0.366795
vt 0.710181 0.367108
vt 0.750074 0.821734
vt 0.750421 0.822135
vt 0.750074 0.822189
vt 0.294238 0.785791
vt 0.293892 0.786137
vt 0.293814 0.785791
vt 0.775132 0.821734
vt 0.774786 0.822135
vt 0.774708 0.821781
vt 0.691231 0.367062
vt 0.690885 0.366795
vt 0.691231 0.366699
vt 0.434353 0.367123
vt 0.434007 0.366777
vt 0.434353 0.366699
vt 0.693630 0.367062
vt 0.693976 0.366795
vt 0.694054 0.367108
vt 0.777531 0.821734
vt 0.777877 0.822135
vt 0.777531 0.822189
vt 0.412981 0.785791
vt 0.413327 0.786137
vt 0.412981 0.786215
vt 0.707358 0.713029
vt 0.707012 0.713430
vt 0.706934 0.713075
vt 0.775132 0.707363
vt 0.774786 0.707098
vt 0.775132 0.707002
vt 0.553096 0.367123
vt 0.553442 0.366777
vt 0.553520 0.367123
vt 0.777531 0.707363
vt 0.777877 0.707098
vt 0.777955 0.707410
vt 0.709757 0.713029
vt 0.710103 0.713430
vt 0.709757 0.713485
vt 0.412981 0.426741
vt 0.747252 0.707410
vt 0.691231 0.713485
vt 0.750074 0.707002
vt 0.434353 0.726174
vt 0.750499 0.821781
vt 0.709757 0.366699
vt 0.747676 0.822189
vt 0.413405 0.785791
vt 0.706934 0.367108
vt 0.553520 0.725750
vt 0.710181 0.713075
vt 0.777531 0.707002
vt 0.707358 0.713485
vt 0.294238 0.786215
vt 0.774708 0.707410
vt 0.553096 0.366699
vt 0.777955 0.821781
vt 0.693630 0.366699
vt 0.775132 0.822189
vt 0.293814 0.427165
vt 0.690807 0.367108
vt 0.433929 0.367123
vt 0.694054 0.713075
vt 0.814439 0.002832
vt 0.814093 0.002486
vt 0.814439 0.002408
vt 0.828167 0.325597
vt 0.827821 0.325997
vt 0.827743 0.325643
vt 0.691168 0.760372
vt 0.690903 0.760719
vt 0.690807 0.760372
vt 0.844959 0.325597
vt 0.845305 0.325997
vt 0.844959 0.326052
vt 0.761404 0.701761
vt 0.761058 0.702108
vt 0.760980 0.701761
vt 0.691168 0.743581
vt 0.690903 0.743234
vt 0.691215 0.743156
vt 0.815638 0.002832
vt 0.815984 0.002486
vt 0.816062 0.002832
vt 0.692323 0.760372
vt 0.692725 0.760719
vt 0.692371 0.760796
vt 0.913006 0.367062
vt 0.912660 0.366795
vt 0.913006 0.366699
vt 0.762603 0.701761
vt 0.762949 0.702108
vt 0.762603 0.702186
vt 0.929798 0.367062
vt 0.930145 0.366795
vt 0.930222 0.367108
vt 0.692323 0.743581
vt 0.692725 0.743234
vt 0.692779 0.743581
vt 0.814439 0.337470
vt 0.814093 0.337817
vt 0.814015 0.337470
vt 0.735245 0.760372
vt 0.735647 0.760719
vt 0.735293 0.760796
vt 0.828167 0.002771
vt 0.827821 0.002504
vt 0.828167 0.002408
vt 0.761404 0.367123
vt 0.761058 0.366777
vt 0.761404 0.366699
vt 0.844959 0.002771
vt 0.845305 0.002504
vt 0.845383 0.002817
vt 0.735245 0.743580
vt 0.735647 0.743234
vt 0.735701 0.743580
vt 0.815638 0.337470
vt 0.815984 0.337817
vt 0.815638 0.337894
vt 0.913006 0.689888
vt 0.912660 0.690288
vt 0.912582 0.689934
vt 0.734090 0.760372
vt 0.733825 0.760719
vt 0.733729 0.760372
vt 0.762603 0.367123
vt 0.762949 0.366777
vt 0.763027 0.367123
vt 0.734090 0.743580
vt 0.733825 0.743234
vt 0.734137 0.743156
vt 0.929798 0.689888
vt 0.930145 0.690288
vt 0.929798 0.690343
vt 0.815638 0.002408
vt 0.691215 0.760796
vt 0.828167 0.326052
vt 0.690807 0.743581
vt 0.761404 0.702186
vt 0.692371 0.743156
vt 0.929798 0.366699
vt 0.692779 0.760372
vt 0.816062 0.337470
vt 0.912582 0.367108
vt 0.763027 0.701761
vt 0.930222 0.689934
vt 0.733729 0.743580
vt 0.913006 0.690343
vt 0.814439 0.337894
vt 0.734137 0.760796
vt 0.762603 0.366699
vt 0.735293 0.743156
vt 0.844959 0.002408
vt 0.735701 0.760372
vt 0.814015 0.002832
vt 0.827743 0.002817
vt 0.760980 0.367123
vt 0.845383 0.325643
vt 0.768268 0.367123
vt 0.767922 0.366777
vt 0.768268 0.366699
vt 0.917993 0.325597
vt 0.917647 0.325997
vt 0.917569 0.325643
vt 0.700147 0.760372
vt 0.699882 0.760719
vt 0.699786 0.760372
vt 0.934785 0.325597
vt 0.935131 0.325997
vt 0.934785 0.326052
vt 0.816316 0.701761
vt 0.815970 0.702108
vt 0.815892 0.701761
vt 0.700147 0.743580
vt 0.699882 0.743234
vt 0.700194 0.743156
vt 0.769467 0.367123
vt 0.769814 0.366777
vt 0.769891 0.367123
vt 0.701302 0.760372
vt 0.701704 0.760719
vt 0.701349 0.760796
vt 0.940449 0.002771
vt 0.940103 0.002504
vt 0.940449 0.002408
vt 0.817516 0.701761
vt 0.817862 0.702108
vt 0.817516 0.702186
vt 0.957241 0.002771
vt 0.957588 0.002504
vt 0.957665 0.002817
vt 0.701302 0.743580
vt 0.701704 0.743234
vt 0.701758 0.743580
vt 0.768268 0.701761
vt 0.767922 0.702108
vt 0.767844 0.701761
vt 0.646484 0.748206
vt 0.646886 0.748553
vt 0.646532 0.748630
vt 0.917993 0.002771
vt 0.917647 0.002504
vt 0.917993 0.002408
vt 0.816316 0.367123
vt 0.815970 0.366777
vt 0.816316 0.366699
vt 0.934785 0.002771
vt 0.935131 0.002504
vt 0.935209 0.002817
vt 0.646484 0.731414
vt 0.646886 0.731068
vt 0.646940 0.731414
vt 0.769467 0.701761
vt 0.769814 0.702108
vt 0.769467 0.702186
vt 0.940449 0.325597
vt 0.940103 0.325997
vt 0.940025 0.325643
vt 0.645329 0.748206
vt 0.645064 0.748553
vt 0.644968 0.748206
vt 0.817516 0.367123
vt 0.817862 0.366777
vt 0.817940 0.367123
vt 0.645329 0.731414
vt 0.645064 0.731068
vt 0.645376 0.730990
vt 0.957241 0.325597
vt 0.957588 0.325997
vt 0.957241 0.326052
vt 0.769467 0.366699
vt 0.700194 0.760796
vt 0.917993 0.326052
vt 0.699786 0.743580
vt 0.816316 0.702186
vt 0.701349 0.743156
vt 0.957241 0.002408
vt 0.701758 0.760372
vt 0.769891 0.701761
vt 0.940025 0.002817
vt 0.817940 0.701761
vt 0.957665 0.325643
vt 0.644968 0.731414
vt 0.940449 0.326052
vt 0.768268 0.702186
vt 0.645376 0.748630
vt 0.817516 0.366699
vt 0.646532 0.730990
vt 0.934785 0.002408
vt 0.646940 0.748206
vt 0.767844 0.367123
vt 0.917569 0.002817
vt 0.815892 0.367123
vt 0.935209 0.325643
vt 0.683168 0.002832
vt 0.682821 0.002486
vt 0.683168 0.002408
vt 0.717820 0.367155
vt 0.718167 0.366754
vt 0.718245 0.367108
vt 0.791259 0.821828
vt 0.791605 0.822093
vt 0.791259 0.822189
vt 0.715422 0.367155
vt 0.715075 0.366754
vt 0.715422 0.366699
vt 0.040902 0.785791
vt 0.040555 0.786137
vt 0.040478 0.785791
vt 0.788860 0.821828
vt 0.788514 0.822093
vt 0.788436 0.821781
vt 0.801910 0.002832
vt 0.802256 0.002486
vt 0.802334 0.002832
vt 0.791259 0.707458
vt 0.791605 0.707056
vt 0.791683 0.707410
vt 0.725884 0.713122
vt 0.726230 0.713389
vt 0.725884 0.713485
vt 0.159644 0.785791
vt 0.159990 0.786137
vt 0.159644 0.786215
vt 0.723485 0.713122
vt 0.723139 0.713389
vt 0.723061 0.713075
vt 0.788860 0.707458
vt 0.788514 0.707056
vt 0.788860 0.707002
vt 0.683168 0.361459
vt 0.682821 0.361805
vt 0.682743 0.361459
vt 0.762603 0.707458
vt 0.762950 0.707056
vt 0.763027 0.707410
vt 0.717820 0.713122
vt 0.718167 0.713389
vt 0.717821 0.713485
vt 0.040902 0.427165
vt 0.040556 0.426818
vt 0.040902 0.426741
vt 0.715422 0.713122
vt 0.715075 0.713389
vt 0.714998 0.713075
vt 0.760204 0.707458
vt 0.759858 0.707056
vt 0.760204 0.707002
vt 0.801910 0.361459
vt 0.802256 0.361805
vt 0.801910 0.361883
vt 0.725884 0.367155
vt 0.726230 0.366754
vt 0.726308 0.367108
vt 0.762603 0.821828
vt 0.762950 0.822093
vt 0.762603 0.822189
vt 0.159644 0.427165
vt 0.159991 0.426818
vt 0.160068 0.427165
vt 0.760204 0.821828
vt 0.759858 0.822093
vt 0.759780 0.821781
vt 0.723485 0.367155
vt 0.723139 0.366754
vt 0.723485 0.366699
vt 0.801910 0.002408
vt 0.791683 0.821781
vt 0.717821 0.366699
vt 0.788860 0.822189
vt 0.040902 0.786215
vt 0.788436 0.707410
vt 0.723485 0.713485
vt 0.791259 0.707002
vt 0.802334 0.361459
vt 0.726308 0.713075
vt 0.160068 0.785791
vt 0.723061 0.367108
vt 0.760204 0.822189
vt 0.725884 0.366699
vt 0.683168 0.361883
vt 0.763027 0.821781
vt 0.159644 0.426741
vt 0.759780 0.707410
vt 0.715422 0.713485
vt 0.762603 0.707002
vt 0.682744 0.002832
vt 0.718245 0.713075
vt 0.040478 0.427165
vt 0.714998 0.367108
vt 0.775132 0.367123
vt 0.774786 0.366777
vt 0.775132 0.366699
vt 0.974711 0.367155
vt 0.975057 0.366754
vt 0.975135 0.367108
vt 0.727301 0.760372
vt 0.727036 0.760719
vt 0.726940 0.760372
vt 0.957919 0.367155
vt 0.957573 0.366754
vt 0.957919 0.366699
vt 0.781996 0.701761
vt 0.781650 0.702108
vt 0.781572 0.701761
vt 0.727301 0.743580
vt 0.727036 0.743234
vt 0.727349 0.743156
vt 0.776331 0.367123
vt 0.776678 0.366777
vt 0.776756 0.367123
vt 0.728457 0.760372
vt 0.728858 0.760719
vt 0.728504 0.760796
vt 0.889872 0.325689
vt 0.890218 0.325956
vt 0.889872 0.326052
vt 0.783196 0.701761
vt 0.783542 0.702108
vt 0.783196 0.702186
vt 0.873080 0.325689
vt 0.872734 0.325956
vt 0.872656 0.325643
vt 0.728457 0.743580
vt 0.728858 0.743234
vt 0.728912 0.743580
vt 0.775132 0.701761
vt 0.774786 0.702108
vt 0.774708 0.701761
vt 0.033752 0.762321
vt 0.034153 0.762668
vt 0.033799 0.762745
vt 0.974711 0.689980
vt 0.975057 0.690247
vt 0.974711 0.690343
vt 0.781996 0.367123
vt 0.781650 0.366777
vt 0.781996 0.366699
vt 0.957919 0.689980
vt 0.957573 0.690247
vt 0.957495 0.689934
vt 0.033752 0.745530
vt 0.034153 0.745183
vt 0.034207 0.745530
vt 0.776331 0.701761
vt 0.776678 0.702108
vt 0.776331 0.702186
vt 0.889872 0.002864
vt 0.890218 0.002463
vt 0.890296 0.002817
vt 0.032596 0.762321
vt 0.032331 0.762668
vt 0.032235 0.762321
vt 0.783196 0.367123
vt 0.783542 0.366777
vt 0.783620 0.367123
vt 0.032596 0.745530
vt 0.032331 0.745183
vt 0.032644 0.745106
vt 0.873080 0.002864
vt 0.872734 0.002463
vt 0.873080 0.002408
vt 0.776331 0.366699
vt 0.727349 0.760796
vt 0.974711 0.366699
vt 0.726940 0.743580
vt 0.781996 0.702186
vt 0.728504 0.743156
vt 0.873080 0.326052
vt 0.728912 0.760372
vt 0.776756 0.701761
vt 0.890296 0.325643
vt 0.783620 0.701761
vt 0.872656 0.002817
vt 0.032235 0.745530
vt 0.889872 0.002408
vt 0.775132 0.702186
vt 0.032644 0.762745
vt 0.783196 0.366699
vt 0.033799 0.745106
vt 0.957919 0.690343
vt 0.034207 0.762321
vt 0.774708 0.367123
vt 0.975135 0.689934
vt 0.781572 0.367123
vt 0.957495 0.367108
vt 0.788860 0.367123
vt 0.788514 0.366777
vt 0.788860 0.366699
vt 0.884885 0.367155
vt 0.885232 0.366754
vt 0.885309 0.367108
vt 0.768205 0.724218
vt 0.767940 0.724564
vt 0.767844 0.724218
vt 0.868093 0.367155
vt 0.867747 0.366754
vt 0.868093 0.366699
vt 0.795724 0.701761
vt 0.795378 0.702108
vt 0.795300 0.701761
vt 0.768205 0.707426
vt 0.767940 0.707080
vt 0.768252 0.707002
vt 0.790060 0.367123
vt 0.790406 0.366777
vt 0.790484 0.367123
vt 0.769360 0.724218
vt 0.769762 0.724564
vt 0.769408 0.724642
vt 0.025720 0.828379
vt 0.026066 0.828646
vt 0.025720 0.828741
vt 0.796924 0.701761
vt 0.797270 0.702108
vt 0.796924 0.702186
vt 0.008928 0.828379
vt 0.008582 0.828646
vt 0.008504 0.828332
vt 0.769360 0.707426
vt 0.769762 0.707080
vt 0.769816 0.707426
vt 0.788860 0.701761
vt 0.788514 0.702108
vt 0.788436 0.701761
vt 0.721668 0.760372
vt 0.722070 0.760719
vt 0.721715 0.760796
vt 0.884885 0.689980
vt 0.885232 0.690247
vt 0.884885 0.690343
vt 0.795724 0.367123
vt 0.795378 0.366777
vt 0.795724 0.366699
vt 0.868093 0.689980
vt 0.867747 0.690247
vt 0.867669 0.689934
vt 0.721668 0.743580
vt 0.722070 0.743234
vt 0.722124 0.743580
vt 0.790060 0.701761
vt 0.790406 0.702108
vt 0.790060 0.702186
vt 0.025720 0.505553
vt 0.026066 0.505152
vt 0.026144 0.505507
vt 0.720513 0.760372
vt 0.720247 0.760719
vt 0.720152 0.760372
vt 0.796924 0.367123
vt 0.797270 0.366777
vt 0.797348 0.367123
vt 0.720513 0.743580
vt 0.720247 0.743234
vt 0.720560 0.743156
vt 0.008928 0.505553
vt 0.008582 0.505152
vt 0.008928 0.505098
vt 0.790060 0.366699
vt 0.768252 0.724642
vt 0.884885 0.366699
vt 0.767844 0.707426
vt 0.795724 0.702186
vt 0.769408 0.707002
vt 0.008928 0.828741
vt 0.769816 0.724218
vt 0.790484 0.701761
vt 0.026144 0.828332
vt 0.797348 0.701761
vt 0.008504 0.505507
vt 0.720152 0.743580
vt 0.025720 0.505098
vt 0.788860 0.702186
vt 0.720560 0.760796
vt 0.796924 0.366699
vt 0.721715 0.743156
vt 0.868093 0.690343
vt 0.722124 0.760372
vt 0.788436 0.367123
vt 0.885309 0.689934
vt 0.795300 0.367123
vt 0.867669 0.367108
vt 0.169831 0.427165
vt 0.169485 0.426818
vt 0.169831 0.426741
vt 0.733947 0.367155
vt 0.734294 0.366754
vt 0.734372 0.367108
vt 0.804987 0.821828
vt 0.805333 0.822093
vt 0.804987 0.822189
vt 0.731549 0.367155
vt 0.731202 0.366754
vt 0.731549 0.366699
vt 0.558760 0.725750
vt 0.558414 0.726096
vt 0.558336 0.725750
vt 0.802588 0.821828
vt 0.802242 0.822093
vt 0.802164 0.821781
vt 0.288574 0.427165
vt 0.288920 0.426818
vt 0.288998 0.427165
vt 0.804987 0.707458
vt 0.805333 0.707056
vt 0.805411 0.707410
vt 0.742011 0.713122
vt 0.742357 0.713389
vt 0.742011 0.713485
vt 0.677503 0.725750
vt 0.677849 0.726096
vt 0.677503 0.726174
vt 0.739612 0.713122
vt 0.739266 0.713389
vt 0.739188 0.713075
vt 0.802588 0.707458
vt 0.802242 0.707056
vt 0.802588 0.707002
vt 0.169831 0.785791
vt 0.169485 0.786137
vt 0.169407 0.785791
vt 0.813051 0.707458
vt 0.813397 0.707056
vt 0.813475 0.707410
vt 0.733947 0.713122
vt 0.734294 0.713389
vt 0.733947 0.713485
vt 0.558760 0.367123
vt 0.558414 0.366777
vt 0.558760 0.366699
vt 0.731549 0.713122
vt 0.731202 0.713389
vt 0.731125 0.713075
vt 0.810652 0.707458
vt 0.810306 0.707056
vt 0.810652 0.707002
vt 0.288574 0.785791
vt 0.288920 0.786137
vt 0.288574 0.786215
vt 0.742011 0.367155
vt 0.742357 0.366754
vt 0.742435 0.367108
vt 0.813051 0.821828
vt 0.813397 0.822093
vt 0.813051 0.822189
vt 0.677503 0.367123
vt 0.677849 0.366777
vt 0.677927 0.367123
vt 0.810652 0.821828
vt 0.810306 0.822093
vt 0.810228 0.821781
vt 0.739612 0.367155
vt 0.739266 0.366754
vt 0.739612 0.366699
vt 0.288574 0.426741
vt 0.805411 0.821781
vt 0.733947 0.366699
vt 0.802588 0.822189
vt 0.558760 0.726174
vt 0.802164 0.707410
vt 0.739612 0.713485
vt 0.804987 0.707002
vt 0.288998 0.785791
vt 0.742435 0.713075
vt 0.677927 0.725750
vt 0.739188 0.367108
vt 0.810652 0.822189
vt 0.742011 0.366699
vt 0.169831 0.786215
vt 0.813475 0.821781
vt 0.677503 0.366699
vt 0.810228 0.707410
vt 0.731549 0.713485
vt 0.813051 0.707002
vt 0.169407 0.427165
vt 0.734372 0.713075
vt 0.558336 0.367123
vt 0.731125 0.367108
vt 0.802588 0.367123
vt 0.802242 0.366777
vt 0.802588 0.366699
vt 0.839972 0.367155
vt 0.840319 0.366754
vt 0.840396 0.367108
vt 0.768205 0.746674
vt 0.767940 0.747021
vt 0.767844 0.746674
vt 0.823181 0.367155
vt 0.822834 0.366754
vt 0.823181 0.366699
vt 0.807575 0.337470
vt 0.807228 0.337817
vt 0.807151 0.337470
vt 0.768205 0.729882
vt 0.767940 0.729536
vt 0.768252 0.729458
vt 0.803788 0.367123
vt 0.804134 0.366777
vt 0.804212 0.367123
vt 0.769360 0.746674
vt 0.769762 0.747021
vt 0.769408 0.747098
vt 0.979698 0.325689
vt 0.980044 0.325956
vt 0.979698 0.326052
vt 0.808774 0.337470
vt 0.809120 0.337817
vt 0.808774 0.337894
vt 0.962906 0.325689
vt 0.962560 0.325956
vt 0.962482 0.325643
vt 0.769360 0.729882
vt 0.769762 0.729536
vt 0.769816 0.729883
vt 0.802588 0.701761
vt 0.802242 0.702108
vt 0.802164 0.701761
vt 0.646484 0.770663
vt 0.646886 0.771009
vt 0.646532 0.771087
vt 0.839972 0.689980
vt 0.840319 0.690247
vt 0.839972 0.690343
vt 0.807575 0.002832
vt 0.807228 0.002486
vt 0.807575 0.002408
vt 0.823181 0.689980
vt 0.822834 0.690247
vt 0.822757 0.689934
vt 0.646484 0.753871
vt 0.646886 0.753525
vt 0.646940 0.753871
vt 0.803788 0.701761
vt 0.804134 0.702108
vt 0.803788 0.702186
vt 0.979698 0.002864
vt 0.980044 0.002463
vt 0.980122 0.002817
vt 0.645329 0.770663
vt 0.645064 0.771009
vt 0.644968 0.770663
vt 0.808774 0.002832
vt 0.809120 0.002486
vt 0.809198 0.002832
vt 0.645329 0.753871
vt 0.645064 0.753525
vt 0.645376 0.753447
vt 0.962906 0.002864
vt 0.962560 0.002463
vt 0.962906 0.002408
vt 0.803788 0.366699
vt 0.768252 0.747098
vt 0.839972 0.366699
vt 0.767844 0.729883
vt 0.807575 0.337894
vt 0.769408 0.729458
vt 0.962906 0.326052
vt 0.804212 0.701761
vt 0.980122 0.325643
vt 0.809198 0.337470
vt 0.962482 0.002817
vt 0.644968 0.753871
vt 0.802588 0.702186
vt 0.645376 0.771087
vt 0.808774 0.002408
vt 0.646532 0.753447
vt 0.823181 0.690343
vt 0.802164 0.367123
vt 0.840396 0.689934
vt 0.807151 0.002832
vt 0.822757 0.367108
vt 0.821303 0.002832
vt 0.820957 0.002486
vt 0.821303 0.002408
vt 0.997168 0.367155
vt 0.997514 0.366754
vt 0.997592 0.367108
vt 0.655649 0.772324
vt 0.655383 0.772670
vt 0.655287 0.772324
vt 0.980376 0.367155
vt 0.980030 0.366754
vt 0.980376 0.366699
vt 0.809452 0.701761
vt 0.809106 0.702108
vt 0.809028 0.701761
vt 0.655649 0.755532
vt 0.655383 0.755186
vt 0.655696 0.755108
vt 0.822502 0.002832
vt 0.822848 0.002486
vt 0.822926 0.002832
vt 0.656804 0.772324
vt 0.657205 0.772670
vt 0.656851 0.772748
vt 0.907342 0.689980
vt 0.907688 0.690247
vt 0.907342 0.690343
vt 0.810652 0.701761
vt 0.810998 0.702108
vt 0.810652 0.702186
vt 0.890550 0.689980
vt 0.890204 0.690247
vt 0.890126 0.689934
vt 0.656804 0.755532
vt 0.657205 0.755186
vt 0.657260 0.755532
vt 0.821303 0.337470
vt 0.820957 0.337817
vt 0.820879 0.337470
vt 0.769360 0.769131
vt 0.769762 0.769477
vt 0.769408 0.769555
vt 0.997168 0.689980
vt 0.997514 0.690247
vt 0.997168 0.690343
vt 0.809452 0.367123
vt 0.809106 0.366777
vt 0.809452 0.366699
vt 0.980376 0.689980
vt 0.980030 0.690247
vt 0.979952 0.689934
vt 0.769360 0.752339
vt 0.769762 0.751993
vt 0.769816 0.752339
vt 0.822502 0.337470
vt 0.822848 0.337817
vt 0.822502 0.337894
vt 0.907342 0.367155
vt 0.907688 0.366754
vt 0.907766 0.367108
vt 0.768205 0.769131
vt 0.767940 0.769477
vt 0.767844 0.769131
vt 0.810652 0.367123
vt 0.810998 0.366777
vt 0.811076 0.367123
vt 0.768205 0.752339
vt 0.767940 0.751993
vt 0.768252 0.751915
vt 0.890550 0.367155
vt 0.890204 0.366754
vt 0.890550 0.366699
vt 0.822502 0.002408
vt 0.655696 0.772748
vt 0.997168 0.366699
vt 0.655287 0.755532
vt 0.809452 0.702186
vt 0.656851 0.755108
vt 0.890550 0.690343
vt 0.657260 0.772324
vt 0.822926 0.337470
vt 0.907766 0.689934
vt 0.811076 0.701761
vt 0.890126 0.367108
vt 0.767844 0.752339
vt 0.821303 0.337894
vt 0.768252 0.769555
vt 0.810652 0.366699
vt 0.769408 0.751915
vt 0.980376 0.690343
vt 0.769816 0.769131
vt 0.820879 0.002832
vt 0.997592 0.689934
vt 0.809028 0.367123
vt 0.979952 0.367108
vt 0.740518 0.735106
vt 0.742317 0.738692
vt 0.740518 0.738692
vt 0.021443 0.002576
vt 0.026144 0.500113
vt 0.021443 0.500281
vt 0.742317 0.747094
vt 0.740518 0.743508
vt 0.742317 0.743508
vt 0.007109 0.500281
vt 0.002408 0.002408
vt 0.007109 0.002576
vt 0.416109 0.391268
vt 0.414423 0.002408
vt 0.416109 0.002811
vt 0.420925 0.002811
vt 0.422611 0.390865
vt 0.420925 0.391267
vt 0.740518 0.718301
vt 0.742317 0.721887
vt 0.740518 0.721887
vt 0.016626 0.500281
vt 0.011926 0.002408
vt 0.016626 0.002576
vt 0.742317 0.730289
vt 0.740518 0.726703
vt 0.742317 0.726703
vt 0.030960 0.002576
vt 0.035661 0.500113
vt 0.030960 0.500281
vt 0.407921 0.002408
vt 0.409607 0.391268
vt 0.407921 0.390865
vt 0.429113 0.390865
vt 0.427427 0.002811
vt 0.429113 0.002408
vt 0.305381 0.421924
vt 0.313629 0.002408
vt 0.638104 0.731399
vt 0.610648 0.731399
vt 0.325960 0.421924
vt 0.334208 0.002408
vt 0.619135 0.730990
vt 0.341067 0.002408
vt 0.169407 0.002748
vt 0.346538 0.421924
vt 0.631664 0.750291
vt 0.631240 0.731399
vt 0.669015 0.731399
vt 0.299910 0.002408
vt 0.319100 0.421924
vt 0.662151 0.731399
vt 0.655287 0.731399
vt 0.031384 0.620285
vt 0.031384 0.740289
vt 0.701693 0.366699
vt 0.427065 0.736811
vt 0.706574 0.743581
vt 0.769816 0.746674
vt 0.646940 0.770663
vt 0.979698 0.002408
vt 0.907342 0.366699
vt 0.742317 0.735106
vt 0.026144 0.002408
vt 0.740518 0.747094
vt 0.002408 0.500114
vt 0.414423 0.390865
vt 0.422611 0.002408
vt 0.742317 0.718301
vt 0.011926 0.500113
vt 0.740518 0.730289
vt 0.035661 0.002408
vt 0.409607 0.002811
vt 0.427427 0.391267
s 1
f 1/1/1 5/2/2 7/3/3
f 2/4/4 5/5/5 4/6/6
f 3/7/7 5/8/8 6/9/9
f 8/10/10 12/11/11 14/12/12
f 9/13/13 12/14/14 11/15/15
f 10/16/16 12/17/17 13/18/18
f 15/19/19 19/20/20 21/21/21
f 16/22/22 19/23/23 18/24/24
f 17/25/25 19/26/26 20/27/27
f 22/28/28 26/29/29 28/30/30
f 23/31/31 26/32/32 25/33/33
f 24/34/34 26/35/35 27/36/36
f 29/37/37 33/38/38 35/39/39
f 30/40/40 33/41/41 32/42/42
f 31/43/43 33/44/44 34/45/45
f 36/46/46 40/47/47 42/48/48
f 37/49/49 40/50/50 39/51/51
f 38/52/52 40/53/53 41/54/54
f 43/55/55 47/56/56 49/57/57
f 44/58/58 47/59/59 46/60/60
f 45/61/61 47/62/62 48/63/63
f 50/64/64 54/65/65 56/66/66
f 51/67/67 54/68/68 53/69/69
f 52/70/70 54/71/71 55/72/72
f 1/1/1 18/73/73 15/19/19
f 7/74/74 16/22/22 18/24/24
f 8/10/10 6/75/75 2/4/4
f 14/76/76 3/7/7 6/9/9
f 22/28/28 13/77/77 9/13/13
f 28/78/78 10/16/16 13/18/18
f 17/25/25 27/79/79 23/31/31
f 20/80/80 24/34/34 27/36/36
f 15/19/19 46/81/81 43/55/55
f 21/82/82 44/58/58 46/60/60
f 50/64/64 25/83/83 22/28/28
f 56/84/84 23/31/31 25/33/33
f 45/61/61 55/85/85 51/67/67
f 48/86/86 52/70/70 55/72/72
f 43/55/55 32/87/87 29/37/37
f 49/88/88 30/40/40 32/42/42
f 36/46/46 53/89/89 50/64/64
f 42/90/90 51/67/67 53/69/69
f 31/43/43 41/91/91 37/49/49
f 34/92/92 38/52/52 41/54/54
f 29/37/37 4/93/93 1/1/1
f 35/94/94 2/4/4 4/6/6
f 9/13/13 39/95/95 36/46/46
f 11/96/96 37/49/49 39/51/51
f 43/55/55 1/1/1 15/19/19
f 10/16/16 16/22/22 3/7/7
f 37/49/49 2/4/4 31/43/43
f 22/28/28 36/46/46 50/64/64
f 23/31/31 44/58/58 17/25/25
f 51/67/67 30/40/40 45/61/61
f 57/97/1 61/98/2 63/99/3
f 58/100/4 61/101/5 60/102/6
f 59/103/7 61/104/97 62/105/98
f 64/106/10 68/107/99 70/108/100
f 65/109/101 68/110/14 67/111/15
f 66/112/16 68/113/102 69/114/18
f 71/115/19 75/116/20 77/117/103
f 72/118/22 75/119/104 74/120/24
f 73/121/25 75/122/26 76/123/27
f 78/124/105 82/125/29 84/126/30
f 79/127/31 82/128/106 81/129/33
f 80/130/34 82/131/107 83/132/108
f 85/133/37 89/134/38 91/135/39
f 86/136/40 89/137/109 88/138/110
f 87/139/43 89/140/111 90/141/112
f 92/142/46 96/143/47 98/144/48
f 93/145/49 96/146/113 95/147/114
f 94/148/52 96/149/53 97/150/54
f 99/151/55 103/152/56 105/153/57
f 100/154/58 103/155/115 102/156/60
f 101/157/61 103/158/116 104/159/63
f 106/160/64 110/161/65 112/162/66
f 107/163/67 110/164/68 109/165/117
f 108/166/70 110/167/118 111/168/72
f 57/97/1 74/169/73 71/115/19
f 63/170/74 72/118/22 74/120/24
f 64/106/10 62/171/75 58/100/4
f 70/172/119 59/103/7 62/105/98
f 78/124/105 69/173/77 65/109/101
f 84/174/78 66/112/16 69/114/18
f 79/127/31 76/123/27 83/175/79
f 76/176/120 80/130/34 83/132/108
f 99/151/55 77/117/103 102/177/81
f 77/178/82 100/154/58 102/156/60
f 106/160/64 81/179/83 78/124/105
f 81/129/33 108/166/70 79/127/31
f 101/157/61 111/180/85 107/163/67
f 104/181/121 108/166/70 111/168/72
f 99/151/55 88/182/87 85/133/37
f 105/183/122 86/136/40 88/138/110
f 92/142/46 109/184/89 106/160/64
f 98/185/123 107/163/67 109/165/117
f 93/145/49 90/141/112 97/186/91
f 90/187/92 94/148/52 97/150/54
f 85/133/37 60/188/124 57/97/1
f 60/102/6 87/139/43 58/100/4
f 92/142/46 67/111/15 95/189/95
f 67/190/125 93/145/49 95/147/114
f 99/151/55 57/97/1 71/115/19
f 66/112/16 72/118/22 59/103/7
f 93/145/49 58/100/4 87/139/43
f 78/124/105 92/142/46 106/160/64
f 79/127/31 100/154/58 73/121/25
f 107/163/67 86/136/40 101/157/61
f 113/191/1 117/192/2 119/193/3
f 114/194/4 117/195/5 116/196/6
f 115/197/7 117/198/8 118/199/9
f 120/200/10 124/201/11 126/202/126
f 121/203/13 124/204/127 123/205/128
f 122/206/16 124/207/129 125/208/130
f 127/209/19 131/210/20 133/211/103
f 128/212/22 131/213/23 130/214/24
f 129/215/25 131/216/26 132/217/27
f 134/218/28 138/219/131 140/220/132
f 135/221/31 138/222/133 137/223/134
f 136/224/34 138/225/35 139/226/135
f 141/227/37 145/228/38 147/229/39
f 142/230/40 145/231/41 144/232/136
f 143/233/43 145/234/44 146/235/112
f 148/236/46 152/237/137 154/238/138
f 149/239/49 152/240/50 151/241/51
f 150/242/52 152/243/139 153/244/140
f 155/245/55 159/246/56 161/247/57
f 156/248/58 159/249/59 158/250/60
f 157/251/61 159/252/62 160/253/63
f 162/254/64 166/255/141 168/256/142
f 163/257/67 166/258/143 165/259/69
f 164/260/70 166/261/144 167/262/145
f 127/209/19 119/193/3 130/263/73
f 119/264/146 128/212/22 130/214/24
f 120/200/10 118/265/147 114/194/4
f 126/266/148 115/197/7 118/199/9
f 134/218/28 125/267/149 121/203/13
f 125/208/130 136/224/34 122/206/16
f 135/221/31 132/217/27 139/268/79
f 132/269/80 136/224/34 139/226/135
f 127/209/19 158/270/81 155/245/55
f 133/271/82 156/248/58 158/250/60
f 162/254/64 137/272/150 134/218/28
f 168/273/151 135/221/31 137/223/134
f 157/251/61 167/274/152 163/257/67
f 160/275/86 164/260/70 167/262/145
f 155/245/55 144/276/87 141/227/37
f 144/232/136 157/251/61 142/230/40
f 162/254/64 154/238/138 165/277/153
f 154/278/123 163/257/67 165/259/69
f 143/233/43 153/279/91 149/239/49
f 146/280/92 150/242/52 153/244/140
f 141/227/37 116/281/124 113/191/1
f 147/282/94 114/194/4 116/196/6
f 121/203/13 151/283/154 148/236/46
f 123/284/96 149/239/49 151/241/51
f 155/245/55 113/191/1 127/209/19
f 122/206/16 128/212/22 115/197/7
f 149/239/49 114/194/4 143/233/43
f 134/218/28 148/236/46 162/254/64
f 135/221/31 156/248/58 129/215/25
f 157/251/61 150/242/52 142/230/40
f 169/285/1 173/286/2 175/287/3
f 170/288/4 173/289/5 172/290/6
f 171/291/7 173/292/8 174/293/9
f 176/294/10 180/295/11 182/296/12
f 177/297/13 180/298/14 179/299/15
f 178/300/16 180/301/17 181/302/18
f 183/303/19 187/304/20 189/305/103
f 184/306/22 187/307/23 186/308/24
f 185/309/25 187/310/26 188/311/27
f 190/312/28 194/313/29 196/314/30
f 191/315/31 194/316/32 193/317/33
f 192/318/34 194/319/35 195/320/36
f 197/321/37 201/322/38 203/323/39
f 198/324/40 201/325/41 200/326/42
f 199/327/43 201/328/44 202/329/45
f 204/330/46 208/331/47 210/332/48
f 205/333/49 208/334/50 207/335/155
f 206/336/52 208/337/53 209/338/54
f 211/339/55 215/340/56 217/341/57
f 212/342/58 215/343/59 214/344/60
f 213/345/61 215/346/62 216/347/63
f 218/348/64 222/349/65 224/350/66
f 219/351/67 222/352/68 221/353/69
f 220/354/70 222/355/71 223/356/72
f 169/285/1 186/357/73 183/303/19
f 175/358/74 184/306/22 186/308/24
f 176/294/10 174/359/75 170/288/4
f 182/360/76 171/291/7 174/293/9
f 190/312/28 181/361/77 177/297/13
f 196/362/78 178/300/16 181/302/18
f 185/309/25 195/363/79 191/315/31
f 188/364/80 192/318/34 195/320/36
f 183/303/19 214/365/156 211/339/55
f 189/366/82 212/342/58 214/344/60
f 218/348/64 193/367/83 190/312/28
f 224/368/84 191/315/31 193/317/33
f 213/345/61 223/369/85 219/351/67
f 216/370/86 220/354/70 223/356/72
f 211/339/55 200/371/87 197/321/37
f 217/372/88 198/324/40 200/326/42
f 204/330/46 221/373/89 218/348/64
f 210/374/90 219/351/67 221/353/69
f 199/327/43 209/375/91 205/333/49
f 202/376/92 206/336/52 209/338/54
f 197/321/37 172/377/93 169/285/1
f 203/378/94 170/288/4 172/290/6
f 177/297/13 207/379/95 204/330/46
f 179/380/125 205/333/49 207/335/155
f 211/339/55 169/285/1 183/303/19
f 178/300/16 184/306/22 171/291/7
f 205/333/49 170/288/4 199/327/43
f 190/312/28 204/330/46 218/348/64
f 191/315/31 212/342/58 185/309/25
f 219/351/67 198/324/40 213/345/61
f 225/381/1 229/382/2 231/383/3
f 226/384/4 229/385/5 228/386/6
f 227/387/7 229/388/97 230/389/98
f 232/390/10 236/391/99 238/392/12
f 233/393/101 236/394/14 235/395/15
f 234/396/16 236/397/102 237/398/18
f 239/399/19 243/400/20 245/401/103
f 240/402/22 243/403/104 242/404/24
f 241/405/25 243/406/26 244/407/27
f 246/408/105 250/409/29 252/410/30
f 247/411/31 250/412/106 249/413/134
f 248/414/34 250/415/157 251/416/108
f 253/417/37 257/418/38 259/419/39
f 254/420/40 257/421/109 256/422/42
f 255/423/43 257/424/111 258/425/112
f 260/426/46 264/427/47 266/428/48
f 261/429/49 264/430/113 263/431/114
f 262/432/52 264/433/53 265/434/54
f 267/435/55 271/436/56 273/437/57
f 268/438/58 271/439/115 270/440/60
f 269/441/61 271/442/116 272/443/63
f 274/444/64 278/445/65 280/446/66
f 275/447/67 278/448/68 277/449/117
f 276/450/70 278/451/118 279/452/72
f 225/381/1 242/453/73 239/399/19
f 231/454/74 240/402/22 242/404/24
f 232/390/10 230/455/75 226/384/4
f 238/456/119 227/387/7 230/389/98
f 246/408/105 237/457/77 233/393/101
f 252/458/78 234/396/16 237/398/18
f 247/411/31 244/407/27 251/459/79
f 244/460/120 248/414/34 251/416/108
f 267/435/55 245/401/103 270/461/81
f 245/462/82 268/438/58 270/440/60
f 274/444/64 249/463/83 246/408/105
f 249/413/134 276/450/70 247/411/31
f 269/441/61 279/464/85 275/447/67
f 272/465/121 276/450/70 279/452/72
f 267/435/55 256/466/87 253/417/37
f 273/467/122 254/420/40 256/422/42
f 260/426/46 277/468/89 274/444/64
f 266/469/123 275/447/67 277/449/117
f 261/429/49 258/425/112 265/470/91
f 258/471/92 262/432/52 265/434/54
f 253/417/37 228/472/124 225/381/1
f 228/386/6 255/423/43 226/384/4
f 260/426/46 235/395/15 263/473/95
f 235/474/125 261/429/49 263/431/114
f 267/435/55 225/381/1 239/399/19
f 234/396/16 240/402/22 227/387/7
f 261/429/49 226/384/4 255/423/43
f 246/408/105 260/426/46 274/444/64
f 247/411/31 268/438/58 241/405/25
f 275/447/67 254/420/40 269/441/61
f 281/475/1 285/476/2 287/477/3
f 282/478/4 285/479/5 284/480/6
f 283/481/7 285/482/158 286/483/9
f 288/484/10 292/485/11 294/486/12
f 289/487/13 292/488/127 291/489/128
f 290/490/16 292/491/17 293/492/18
f 295/493/19 299/494/20 301/495/103
f 296/496/22 299/497/23 298/498/24
f 297/499/25 299/500/26 300/501/159
f 302/502/28 306/503/131 308/504/132
f 303/505/31 306/506/133 305/507/134
f 304/508/34 306/509/160 307/510/135
f 309/511/37 313/512/38 315/513/39
f 310/514/40 313/515/41 312/516/42
f 311/517/43 313/518/44 314/519/45
f 316/520/46 320/521/137 322/522/138
f 317/523/49 320/524/50 319/525/51
f 318/526/52 320/527/139 321/528/140
f 323/529/55 327/530/56 329/531/57
f 324/532/58 327/533/59 326/534/161
f 325/535/61 327/536/62 328/537/63
f 330/538/64 334/539/141 336/540/142
f 331/541/67 334/542/143 333/543/69
f 332/544/70 334/545/144 335/546/145
f 281/475/1 298/547/73 295/493/19
f 287/548/74 296/496/22 298/498/24
f 288/484/10 286/549/75 282/478/4
f 286/483/9 290/490/16 283/481/7
f 289/487/13 308/504/132 293/550/149
f 308/551/162 290/490/16 293/492/18
f 297/499/25 307/552/163 303/505/31
f 300/553/80 304/508/34 307/510/135
f 295/493/19 326/554/81 323/529/55
f 301/555/164 324/532/58 326/534/161
f 330/538/64 305/556/150 302/502/28
f 336/557/151 303/505/31 305/507/134
f 331/541/67 328/537/63 335/558/152
f 328/559/86 332/544/70 335/546/145
f 309/511/37 329/531/57 312/560/87
f 329/561/165 310/514/40 312/516/42
f 316/520/46 333/562/153 330/538/64
f 322/563/166 331/541/67 333/543/69
f 317/523/49 314/519/45 321/564/167
f 314/565/92 318/526/52 321/528/140
f 309/511/37 284/566/124 281/475/1
f 315/567/94 282/478/4 284/480/6
f 289/487/13 319/568/154 316/520/46
f 291/569/96 317/523/49 319/525/51
f 323/529/55 281/475/1 295/493/19
f 290/490/16 296/496/22 283/481/7
f 317/523/49 282/478/4 311/517/43
f 302/502/28 316/520/46 330/538/64
f 303/505/31 324/532/58 297/499/25
f 325/535/61 318/526/52 310/514/40
f 337/570/1 341/571/2 343/572/3
f 338/573/4 341/574/5 340/575/6
f 339/576/7 341/577/8 342/578/9
f 344/579/10 348/580/11 350/581/12
f 345/582/13 348/583/14 347/584/15
f 346/585/16 348/586/17 349/587/18
f 351/588/19 355/589/20 357/590/103
f 352/591/22 355/592/23 354/593/24
f 353/594/25 355/595/26 356/596/27
f 358/597/28 362/598/29 364/599/30
f 359/600/31 362/601/32 361/602/33
f 360/603/34 362/604/35 363/605/36
f 365/606/37 369/607/38 371/608/168
f 366/609/40 369/610/41 368/611/42
f 367/612/43 369/613/44 370/614/45
f 372/615/46 376/616/47 378/617/48
f 373/618/49 376/619/50 375/620/51
f 374/621/52 376/622/53 377/623/54
f 379/624/55 383/625/56 385/626/57
f 380/627/58 383/628/59 382/629/60
f 381/630/61 383/631/62 384/632/63
f 386/633/64 390/634/65 392/635/66
f 387/636/67 390/637/68 389/638/69
f 388/639/70 390/640/71 391/641/72
f 337/570/1 354/642/73 351/588/19
f 343/643/74 352/591/22 354/593/24
f 344/579/10 342/644/75 338/573/4
f 350/645/76 339/576/7 342/578/9
f 358/597/28 349/646/77 345/582/13
f 364/647/78 346/585/16 349/587/18
f 353/594/25 363/648/79 359/600/31
f 356/649/80 360/603/34 363/605/36
f 351/588/19 382/650/81 379/624/55
f 357/651/82 380/627/58 382/629/60
f 386/633/64 361/652/83 358/597/28
f 392/653/84 359/600/31 361/602/33
f 381/630/61 391/654/85 387/636/67
f 384/655/86 388/639/70 391/641/72
f 379/624/55 368/656/87 365/606/37
f 385/657/88 366/609/40 368/611/42
f 372/615/46 389/658/89 386/633/64
f 378/659/90 387/636/67 389/638/69
f 367/612/43 377/660/91 373/618/49
f 370/661/92 374/621/52 377/623/54
f 365/606/37 340/662/124 337/570/1
f 371/663/94 338/573/4 340/575/6
f 345/582/13 375/664/95 372/615/46
f 347/665/125 373/618/49 375/620/51
f 379/624/55 337/570/1 351/588/19
f 346/585/16 352/591/22 339/576/7
f 373/618/49 338/573/4 367/612/43
f 358/597/28 372/615/46 386/633/64
f 359/600/31 380/627/58 353/594/25
f 387/636/67 366/609/40 381/630/61
f 393/666/1 397/667/2 399/668/3
f 394/669/4 397/670/169 396/671/6
f 395/672/7 397/673/158 398/674/9
f 400/675/10 404/676/170 406/677/12
f 401/678/13 404/679/14 403/680/15
f 402/681/16 404/682/17 405/683/130
f 407/684/19 411/685/20 413/686/103
f 408/687/22 411/688/171 410/689/24
f 409/690/25 411/691/172 412/692/159
f 414/693/28 418/694/29 420/695/30
f 415/696/31 418/697/173 417/698/174
f 416/699/34 418/700/35 419/701/36
f 421/702/37 425/703/38 427/704/39
f 422/705/40 425/706/175 424/707/42
f 423/708/43 425/709/44 426/710/45
f 428/711/176 432/712/47 434/713/48
f 429/714/49 432/715/177 431/716/155
f 430/717/52 432/718/178 433/719/179
f 435/720/55 439/721/56 441/722/57
f 436/723/58 439/724/59 438/725/60
f 437/726/61 439/727/180 440/728/181
f 442/729/182 446/730/65 448/731/66
f 443/732/67 446/733/183 445/734/69
f 444/735/70 446/736/184 447/737/72
f 393/666/1 410/738/73 407/684/19
f 399/739/185 408/687/22 410/689/24
f 400/675/10 398/740/147 394/669/4
f 398/674/9 402/681/16 395/672/7
f 414/693/28 405/741/77 401/678/13
f 420/742/186 402/681/16 405/683/130
f 415/696/31 412/692/159 419/743/79
f 412/744/80 416/699/34 419/701/36
f 407/684/19 438/745/81 435/720/55
f 438/725/60 409/690/25 436/723/58
f 414/693/28 448/731/66 417/746/83
f 448/747/84 415/696/31 417/698/174
f 437/726/61 447/748/187 443/732/67
f 440/749/86 444/735/70 447/737/72
f 435/720/55 424/750/87 421/702/37
f 441/751/88 422/705/40 424/707/42
f 428/711/176 445/752/89 442/729/182
f 434/753/90 443/732/67 445/734/69
f 423/708/43 433/754/91 429/714/49
f 426/755/188 430/717/52 433/719/179
f 393/666/1 427/704/39 396/756/124
f 427/757/94 394/669/4 396/671/6
f 401/678/13 431/758/95 428/711/176
f 431/716/155 400/675/10 429/714/49
f 435/720/55 393/666/1 407/684/19
f 402/681/16 408/687/22 395/672/7
f 429/714/49 394/669/4 423/708/43
f 414/693/28 428/711/176 442/729/182
f 415/696/31 436/723/58 409/690/25
f 443/732/67 422/705/40 437/726/61
f 449/759/1 453/760/2 455/761/3
f 450/762/4 453/763/5 452/764/6
f 451/765/7 453/766/8 454/767/9
f 456/768/10 460/769/11 462/770/126
f 457/771/13 460/772/127 459/773/128
f 458/774/16 460/775/129 461/776/189
f 463/777/19 467/778/20 469/779/103
f 464/780/22 467/781/23 466/782/24
f 465/783/25 467/784/26 468/785/27
f 470/786/28 474/787/131 476/788/132
f 471/789/31 474/790/133 473/791/134
f 472/792/34 474/793/160 475/794/135
f 477/795/37 481/796/38 483/797/39
f 478/798/40 481/799/41 480/800/110
f 479/801/43 481/802/44 482/803/112
f 484/804/46 488/805/137 490/806/138
f 485/807/49 488/808/50 487/809/51
f 486/810/52 488/811/139 489/812/140
f 491/813/55 495/814/56 497/815/57
f 492/816/58 495/817/59 494/818/60
f 493/819/61 495/820/62 496/821/63
f 498/822/64 502/823/141 504/824/142
f 499/825/67 502/826/68 501/827/69
f 500/828/70 502/829/144 503/830/72
f 463/777/19 455/761/3 466/831/73
f 455/832/185 464/780/22 466/782/24
f 456/768/10 454/833/75 450/762/4
f 454/767/9 458/774/16 451/765/7
f 470/786/28 461/834/149 457/771/13
f 461/776/189 472/792/34 458/774/16
f 471/789/31 468/785/27 475/835/163
f 468/836/80 472/792/34 475/794/135
f 463/777/19 494/837/81 491/813/55
f 469/838/82 492/816/58 494/818/60
f 498/822/64 473/839/150 470/786/28
f 504/840/151 471/789/31 473/791/134
f 499/825/67 496/821/63 503/841/152
f 496/842/86 500/828/70 503/830/72
f 491/813/55 480/843/87 477/795/37
f 480/800/110 493/819/61 478/798/40
f 484/804/46 501/844/153 498/822/64
f 490/845/190 499/825/67 501/827/69
f 479/801/43 489/846/167 485/807/49
f 482/847/92 486/810/52 489/812/140
f 477/795/37 452/848/124 449/759/1
f 483/849/94 450/762/4 452/764/6
f 457/771/13 487/850/154 484/804/46
f 459/851/96 485/807/49 487/809/51
f 491/813/55 449/759/1 463/777/19
f 458/774/16 464/780/22 451/765/7
f 485/807/49 450/762/4 479/801/43
f 470/786/28 484/804/46 498/822/64
f 471/789/31 492/816/58 465/783/25
f 493/819/61 486/810/52 478/798/40
f 505/852/1 509/853/2 511/854/3
f 506/855/4 509/856/5 508/857/6
f 507/858/7 509/859/8 510/860/9
f 512/861/10 516/862/11 518/863/12
f 513/864/13 516/865/14 515/866/15
f 514/867/16 516/868/17 517/869/18
f 519/870/19 523/871/20 525/872/103
f 520/873/22 523/874/23 522/875/24
f 521/876/25 523/877/26 524/878/27
f 526/879/28 530/880/29 532/881/30
f 527/882/31 530/883/32 529/884/33
f 528/885/34 530/886/35 531/887/36
f 533/888/37 537/889/38 539/890/39
f 534/891/40 537/892/41 536/893/42
f 535/894/43 537/895/44 538/896/45
f 540/897/46 544/898/47 546/899/48
f 541/900/49 544/901/50 543/902/155
f 542/903/52 544/904/53 545/905/54
f 547/906/55 551/907/56 553/908/57
f 548/909/58 551/910/59 550/911/60
f 549/912/61 551/913/62 552/914/63
f 554/915/64 558/916/65 560/917/66
f 555/918/67 558/919/68 557/920/69
f 556/921/70 558/922/71 559/923/72
f 505/852/1 522/924/73 519/870/19
f 511/925/74 520/873/22 522/875/24
f 512/861/10 510/926/75 506/855/4
f 518/927/76 507/858/7 510/860/9
f 526/879/28 517/928/77 513/864/13
f 532/929/78 514/867/16 517/869/18
f 521/876/25 531/930/79 527/882/31
f 524/931/80 528/885/34 531/887/36
f 519/870/19 550/932/156 547/906/55
f 525/933/82 548/909/58 550/911/60
f 554/915/64 529/934/83 526/879/28
f 560/935/84 527/882/31 529/884/33
f 549/912/61 559/936/85 555/918/67
f 552/937/86 556/921/70 559/923/72
f 547/906/55 536/938/87 533/888/37
f 553/939/88 534/891/40 536/893/42
f 540/897/46 557/940/89 554/915/64
f 546/941/90 555/918/67 557/920/69
f 535/894/43 545/942/91 541/900/49
f 538/943/92 542/903/52 545/905/54
f 533/888/37 508/944/93 505/852/1
f 539/945/94 506/855/4 508/857/6
f 513/864/13 543/946/95 540/897/46
f 515/947/125 541/900/49 543/902/155
f 547/906/55 505/852/1 519/870/19
f 514/867/16 520/873/22 507/858/7
f 541/900/49 506/855/4 535/894/43
f 526/879/28 540/897/46 554/915/64
f 527/882/31 548/909/58 521/876/25
f 555/918/67 534/891/40 549/912/61
f 561/948/1 565/949/2 567/950/3
f 562/951/4 565/952/169 564/953/6
f 563/954/7 565/955/158 566/956/9
f 568/957/10 572/958/170 574/959/12
f 569/960/13 572/961/14 571/962/15
f 570/963/16 572/964/17 573/965/130
f 575/966/19 579/967/20 581/968/103
f 576/969/22 579/970/171 578/971/24
f 577/972/25 579/973/172 580/974/159
f 582/975/28 586/976/29 588/977/30
f 583/978/31 586/979/173 585/980/174
f 584/981/34 586/982/35 587/983/36
f 589/984/37 593/985/38 595/986/39
f 590/987/40 593/988/175 592/989/42
f 591/990/43 593/991/44 594/992/45
f 596/993/176 600/994/47 602/995/48
f 597/996/49 600/997/177 599/998/155
f 598/999/52 600/1000/178 601/1001/179
f 603/1002/55 607/1003/56 609/1004/57
f 604/1005/58 607/1006/59 606/1007/60
f 605/1008/61 607/1009/180 608/1010/181
f 610/1011/182 614/1012/65 616/1013/66
f 611/1014/67 614/1015/191 613/1016/69
f 612/1017/70 614/1018/184 615/1019/72
f 561/948/1 578/1020/73 575/966/19
f 567/1021/192 576/969/22 578/971/24
f 568/957/10 566/1022/147 562/951/4
f 574/1023/76 563/954/7 566/956/9
f 582/975/28 573/1024/77 569/960/13
f 588/1025/186 570/963/16 573/965/130
f 583/978/31 580/974/159 587/1026/79
f 580/1027/80 584/981/34 587/983/36
f 575/966/19 606/1028/81 603/1002/55
f 606/1007/60 577/972/25 604/1005/58
f 582/975/28 616/1013/66 585/1029/83
f 616/1030/151 583/978/31 585/980/174
f 605/1008/61 615/1031/187 611/1014/67
f 608/1032/86 612/1017/70 615/1019/72
f 603/1002/55 592/1033/87 589/984/37
f 609/1034/88 590/987/40 592/989/42
f 596/993/176 613/1035/89 610/1011/182
f 602/1036/90 611/1014/67 613/1016/69
f 591/990/43 601/1037/91 597/996/49
f 594/1038/188 598/999/52 601/1001/179
f 561/948/1 595/986/39 564/1039/124
f 595/1040/94 562/951/4 564/953/6
f 569/960/13 599/1041/95 596/993/176
f 599/998/155 568/957/10 597/996/49
f 603/1002/55 561/948/1 575/966/19
f 570/963/16 576/969/22 563/954/7
f 597/996/49 562/951/4 591/990/43
f 582/975/28 596/993/176 610/1011/182
f 583/978/31 604/1005/58 577/972/25
f 611/1014/67 590/987/40 605/1008/61
f 617/1042/1 621/1043/2 623/1044/3
f 618/1045/4 621/1046/5 620/1047/6
f 619/1048/7 621/1049/8 622/1050/9
f 624/1051/10 628/1052/11 630/1053/126
f 625/1054/13 628/1055/127 627/1056/128
f 626/1057/16 628/1058/129 629/1059/18
f 631/1060/19 635/1061/20 637/1062/103
f 632/1063/22 635/1064/23 634/1065/193
f 633/1066/25 635/1067/26 636/1068/159
f 638/1069/28 642/1070/131 644/1071/132
f 639/1072/31 642/1073/133 641/1074/134
f 640/1075/34 642/1076/160 643/1077/135
f 645/1078/37 649/1079/38 651/1080/39
f 646/1081/40 649/1082/109 648/1083/42
f 647/1084/43 649/1085/44 650/1086/45
f 652/1087/46 656/1088/137 658/1089/138
f 653/1090/49 656/1091/50 655/1092/51
f 654/1093/52 656/1094/53 657/1095/140
f 659/1096/55 663/1097/56 665/1098/57
f 660/1099/58 663/1100/59 662/1101/161
f 661/1102/61 663/1103/62 664/1104/63
f 666/1105/64 670/1106/141 672/1107/142
f 667/1108/67 670/1109/143 669/1110/117
f 668/1111/70 670/1112/144 671/1113/145
f 617/1042/1 634/1114/73 631/1060/19
f 634/1065/193 619/1048/7 632/1063/22
f 624/1051/10 622/1115/75 618/1045/4
f 630/1116/148 619/1048/7 622/1050/9
f 638/1069/28 629/1117/149 625/1054/13
f 644/1118/186 626/1057/16 629/1059/18
f 633/1066/25 643/1119/79 639/1072/31
f 636/1120/80 640/1075/34 643/1077/135
f 631/1060/19 662/1121/81 659/1096/55
f 637/1122/164 660/1099/58 662/1101/161
f 666/1105/64 641/1123/150 638/1069/28
f 672/1124/151 639/1072/31 641/1074/134
f 667/1108/67 664/1104/63 671/1125/152
f 664/1126/121 668/1111/70 671/1113/145
f 645/1078/37 665/1098/57 648/1127/87
f 665/1128/194 646/1081/40 648/1083/42
f 652/1087/46 669/1129/153 666/1105/64
f 669/1110/117 654/1093/52 667/1108/67
f 653/1090/49 650/1086/45 657/1130/91
f 650/1131/92 654/1093/52 657/1095/140
f 645/1078/37 620/1132/124 617/1042/1
f 651/1133/94 618/1045/4 620/1047/6
f 625/1054/13 655/1134/154 652/1087/46
f 627/1135/96 653/1090/49 655/1092/51
f 659/1096/55 617/1042/1 631/1060/19
f 626/1057/16 632/1063/22 619/1048/7
f 653/1090/49 618/1045/4 647/1084/43
f 638/1069/28 652/1087/46 666/1105/64
f 639/1072/31 660/1099/58 633/1066/25
f 661/1102/61 654/1093/52 646/1081/40
f 673/1136/1 677/1137/2 679/1138/195
f 674/1139/4 677/1140/5 676/1141/6
f 675/1142/7 677/1143/8 678/1144/9
f 680/1145/10 684/1146/11 686/1147/12
f 681/1148/13 684/1149/127 683/1150/128
f 682/1151/16 684/1152/129 685/1153/18
f 687/1154/19 691/1155/20 693/1156/103
f 688/1157/22 691/1158/23 690/1159/24
f 689/1160/25 691/1161/26 692/1162/27
f 694/1163/28 698/1164/131 700/1165/132
f 695/1166/31 698/1167/133 697/1168/134
f 696/1169/34 698/1170/160 699/1171/135
f 701/1172/37 705/1173/38 707/1174/39
f 702/1175/40 705/1176/41 704/1177/42
f 703/1178/43 705/1179/44 706/1180/45
f 708/1181/46 712/1182/137 714/1183/138
f 709/1184/49 712/1185/50 711/1186/51
f 710/1187/52 712/1188/139 713/1189/140
f 715/1190/55 719/1191/56 721/1192/196
f 716/1193/58 719/1194/59 718/1195/60
f 717/1196/61 719/1197/62 720/1198/63
f 722/1199/64 726/1200/141 728/1201/142
f 723/1202/67 726/1203/143 725/1204/69
f 724/1205/70 726/1206/144 727/1207/72
f 673/1136/1 690/1208/197 687/1154/19
f 679/1209/74 688/1157/22 690/1159/24
f 674/1139/4 686/1147/12 678/1210/75
f 686/1211/148 675/1142/7 678/1144/9
f 694/1163/28 685/1212/149 681/1148/13
f 700/1213/78 682/1151/16 685/1153/18
f 689/1160/25 699/1214/79 695/1166/31
f 699/1171/135 688/1157/22 696/1169/34
f 715/1190/55 693/1156/103 718/1215/81
f 693/1216/82 716/1193/58 718/1195/60
f 694/1163/28 728/1201/142 697/1217/150
f 728/1218/151 695/1166/31 697/1168/134
f 717/1196/61 727/1219/152 723/1202/67
f 727/1207/72 716/1193/58 724/1205/70
f 715/1190/55 704/1220/198 701/1172/37
f 721/1221/88 702/1175/40 704/1177/42
f 708/1181/46 725/1222/153 722/1199/64
f 714/1223/90 723/1202/67 725/1204/69
f 703/1178/43 713/1224/91 709/1184/49
f 713/1189/140 702/1175/40 710/1187/52
f 673/1136/1 707/1174/39 676/1225/124
f 707/1226/94 674/1139/4 676/1141/6
f 708/1181/46 683/1150/128 711/1227/154
f 683/1228/96 709/1184/49 711/1186/51
f 715/1190/55 673/1136/1 687/1154/19
f 682/1151/16 688/1157/22 675/1142/7
f 709/1184/49 674/1139/4 703/1178/43
f 694/1163/28 708/1181/46 722/1199/64
f 695/1166/31 716/1193/58 689/1160/25
f 723/1202/67 702/1175/40 717/1196/61
f 729/1229/1 733/1230/2 735/1231/3
f 730/1232/4 733/1233/5 732/1234/6
f 731/1235/7 733/1236/97 734/1237/98
f 736/1238/10 740/1239/11 742/1240/126
f 737/1241/13 740/1242/14 739/1243/128
f 738/1244/16 740/1245/199 741/1246/18
f 743/1247/19 747/1248/200 749/1249/103
f 744/1250/22 747/1251/104 746/1252/24
f 745/1253/25 747/1254/26 748/1255/159
f 750/1256/28 754/1257/131 756/1258/132
f 751/1259/31 754/1260/133 753/1261/134
f 752/1262/34 754/1263/107 755/1264/108
f 757/1265/37 761/1266/38 763/1267/39
f 758/1268/40 761/1269/175 760/1270/42
f 759/1271/43 761/1272/44 762/1273/112
f 764/1274/46 768/1275/47 770/1276/138
f 765/1277/49 768/1278/50 767/1279/51
f 766/1280/52 768/1281/201 769/1282/179
f 771/1283/55 775/1284/202 777/1285/57
f 772/1286/58 775/1287/59 774/1288/60
f 773/1289/61 775/1290/180 776/1291/181
f 778/1292/64 782/1293/141 784/1294/142
f 779/1295/67 782/1296/183 781/1297/69
f 780/1298/70 782/1299/144 783/1300/145
f 729/1229/1 746/1301/73 743/1247/19
f 735/1302/74 744/1250/22 746/1252/24
f 736/1238/10 734/1303/147 730/1232/4
f 734/1237/98 738/1244/16 731/1235/7
f 750/1256/28 741/1304/149 737/1241/13
f 756/1305/78 738/1244/16 741/1246/18
f 751/1259/31 748/1255/159 755/1306/163
f 748/1307/120 752/1262/34 755/1264/108
f 743/1247/19 774/1308/81 771/1283/55
f 749/1309/82 772/1286/58 774/1288/60
f 778/1292/64 753/1310/150 750/1256/28
f 784/1311/151 751/1259/31 753/1261/134
f 779/1295/67 776/1291/181 783/1312/187
f 776/1313/121 780/1298/70 783/1300/145
f 757/1265/37 777/1285/57 760/1314/87
f 777/1315/88 758/1268/40 760/1270/42
f 764/1274/46 781/1316/153 778/1292/64
f 770/1317/90 779/1295/67 781/1297/69
f 765/1277/49 762/1273/112 769/1318/167
f 762/1319/188 766/1280/52 769/1282/179
f 757/1265/37 732/1320/93 729/1229/1
f 763/1321/94 730/1232/4 732/1234/6
f 737/1241/13 767/1322/154 764/1274/46
f 739/1323/96 765/1277/49 767/1279/51
f 771/1283/55 729/1229/1 743/1247/19
f 738/1244/16 744/1250/22 731/1235/7
f 765/1277/49 730/1232/4 759/1271/43
f 750/1256/28 764/1274/46 778/1292/64
f 751/1259/31 772/1286/58 745/1253/25
f 779/1295/67 758/1268/40 773/1289/61
f 785/1324/1 789/1325/203 791/1326/3
f 786/1327/4 789/1328/5 788/1329/6
f 787/1330/7 789/1331/97 790/1332/98
f 792/1333/10 796/1334/170 798/1335/126
f 793/1336/13 796/1337/204 795/1338/128
f 794/1339/16 796/1340/199 797/1341/18
f 799/1342/19 803/1343/20 805/1344/103
f 800/1345/22 803/1346/104 802/1347/24
f 801/1348/25 803/1349/26 804/1350/159
f 806/1351/28 810/1352/205 812/1353/132
f 807/1354/31 810/1355/173 809/1356/134
f 808/1357/34 810/1358/107 811/1359/108
f 813/1360/37 817/1361/206 819/1362/39
f 814/1363/40 817/1364/175 816/1365/42
f 815/1366/43 817/1367/44 818/1368/112
f 820/1369/46 824/1370/207 826/1371/138
f 821/1372/49 824/1373/113 823/1374/51
f 822/1375/52 824/1376/201 825/1377/179
f 827/1378/55 831/1379/56 833/1380/57
f 828/1381/58 831/1382/59 830/1383/60
f 829/1384/61 831/1385/180 832/1386/181
f 834/1387/64 838/1388/208 840/1389/142
f 835/1390/67 838/1391/183 837/1392/69
f 836/1393/70 838/1394/118 839/1395/145
f 785/1324/1 802/1396/73 799/1342/19
f 791/1397/74 800/1345/22 802/1347/24
f 792/1333/10 790/1398/147 786/1327/4
f 790/1332/98 794/1339/16 787/1330/7
f 806/1351/28 797/1399/149 793/1336/13
f 812/1400/78 794/1339/16 797/1341/18
f 807/1354/31 804/1350/159 811/1401/163
f 804/1402/120 808/1357/34 811/1359/108
f 799/1342/19 830/1403/81 827/1378/55
f 805/1404/82 828/1381/58 830/1383/60
f 834/1387/64 809/1405/150 806/1351/28
f 840/1406/151 807/1354/31 809/1356/134
f 835/1390/67 832/1386/181 839/1407/187
f 832/1408/121 836/1393/70 839/1395/145
f 827/1378/55 816/1409/87 813/1360/37
f 833/1410/88 814/1363/40 816/1365/42
f 820/1369/46 837/1411/153 834/1387/64
f 826/1412/90 835/1390/67 837/1392/69
f 821/1372/49 818/1368/112 825/1413/167
f 818/1414/188 822/1375/52 825/1377/179
f 813/1360/37 788/1415/124 785/1324/1
f 819/1416/94 786/1327/4 788/1329/6
f 793/1336/13 823/1417/154 820/1369/46
f 795/1418/96 821/1372/49 823/1374/51
f 827/1378/55 785/1324/1 799/1342/19
f 787/1330/7 808/1357/34 800/1345/22
f 821/1372/49 786/1327/4 815/1366/43
f 806/1351/28 820/1369/46 834/1387/64
f 807/1354/31 828/1381/58 801/1348/25
f 835/1390/67 814/1363/40 829/1384/61
f 841/1419/1 845/1420/2 847/1421/195
f 842/1422/4 845/1423/5 844/1424/209
f 843/1425/7 845/1426/8 846/1427/9
f 848/1428/10 852/1429/11 854/1430/12
f 849/1431/13 852/1432/204 851/1433/210
f 850/1434/16 852/1435/129 853/1436/130
f 855/1437/19 859/1438/20 861/1439/21
f 856/1440/22 859/1441/23 858/1442/24
f 857/1443/25 859/1444/26 860/1445/27
f 862/1446/28 866/1447/211 868/1448/212
f 863/1449/31 866/1450/133 865/1451/134
f 864/1452/34 866/1453/160 867/1454/135
f 869/1455/37 873/1456/38 875/1457/168
f 870/1458/40 873/1459/41 872/1460/42
f 871/1461/43 873/1462/44 874/1463/45
f 876/1464/46 880/1465/207 882/1466/213
f 877/1467/49 880/1468/50 879/1469/155
f 878/1470/52 880/1471/139 881/1472/140
f 883/1473/55 887/1474/56 889/1475/196
f 884/1476/58 887/1477/59 886/1478/60
f 885/1479/61 887/1480/62 888/1481/63
f 890/1482/64 894/1483/214 896/1484/215
f 891/1485/67 894/1486/143 893/1487/117
f 892/1488/70 894/1489/144 895/1490/72
f 841/1419/1 858/1491/197 855/1437/19
f 847/1492/74 856/1440/22 858/1442/24
f 848/1428/10 846/1493/75 842/1422/4
f 854/1494/148 843/1425/7 846/1427/9
f 862/1446/28 853/1495/216 849/1431/13
f 868/1496/162 850/1434/16 853/1436/130
f 857/1443/25 867/1497/79 863/1449/31
f 860/1498/80 864/1452/34 867/1454/135
f 855/1437/19 886/1499/156 883/1473/55
f 861/1500/82 884/1476/58 886/1478/60
f 890/1482/64 865/1501/217 862/1446/28
f 896/1502/151 863/1449/31 865/1451/134
f 885/1479/61 895/1503/152 891/1485/67
f 888/1504/86 892/1488/70 895/1490/72
f 883/1473/55 872/1505/198 869/1455/37
f 889/1506/88 870/1458/40 872/1460/42
f 876/1464/46 893/1507/218 890/1482/64
f 882/1508/190 891/1485/67 893/1487/117
f 871/1461/43 881/1509/91 877/1467/49
f 874/1510/92 878/1470/52 881/1472/140
f 869/1455/37 844/1511/93 841/1419/1
f 875/1512/219 842/1422/4 844/1424/209
f 849/1431/13 879/1513/220 876/1464/46
f 851/1514/125 877/1467/49 879/1469/155
f 883/1473/55 841/1419/1 855/1437/19
f 850/1434/16 856/1440/22 843/1425/7
f 877/1467/49 842/1422/4 871/1461/43
f 862/1446/28 876/1464/46 890/1482/64
f 863/1449/31 884/1476/58 857/1443/25
f 891/1485/67 870/1458/40 885/1479/61
f 897/1515/1 901/1516/221 903/1517/3
f 898/1518/4 901/1519/5 900/1520/209
f 899/1521/7 901/1522/97 902/1523/98
f 904/1524/10 908/1525/11 910/1526/126
f 905/1527/13 908/1528/14 907/1529/210
f 906/1530/16 908/1531/199 909/1532/130
f 911/1533/19 915/1534/222 917/1535/21
f 912/1536/22 915/1537/104 914/1538/223
f 913/1539/25 915/1540/26 916/1541/159
f 918/1542/28 922/1543/29 924/1544/132
f 919/1545/31 922/1546/133 921/1547/33
f 920/1548/34 922/1549/107 923/1550/108
f 925/1551/37 929/1552/224 931/1553/168
f 926/1554/40 929/1555/175 928/1556/110
f 927/1557/43 929/1558/44 930/1559/112
f 932/1560/46 936/1561/47 938/1562/138
f 933/1563/49 936/1564/50 935/1565/155
f 934/1566/52 936/1567/201 937/1568/179
f 939/1569/55 943/1570/225 945/1571/57
f 940/1572/58 943/1573/59 942/1574/161
f 941/1575/61 943/1576/180 944/1577/181
f 946/1578/64 950/1579/65 952/1580/215
f 947/1581/67 950/1582/183 949/1583/117
f 948/1584/70 950/1585/144 951/1586/145
f 897/1515/1 914/1587/73 911/1533/19
f 903/1588/74 912/1536/22 914/1538/223
f 904/1524/10 902/1589/147 898/1518/4
f 910/1590/119 899/1521/7 902/1523/98
f 918/1542/28 909/1591/149 905/1527/13
f 924/1592/78 906/1530/16 909/1532/130
f 913/1539/25 923/1593/163 919/1545/31
f 916/1594/120 920/1548/34 923/1550/108
f 911/1533/19 942/1595/156 939/1569/55
f 917/1596/164 940/1572/58 942/1574/161
f 946/1578/64 921/1597/217 918/1542/28
f 952/1598/84 919/1545/31 921/1547/33
f 941/1575/61 951/1599/187 947/1581/67
f 944/1600/121 948/1584/70 951/1586/145
f 939/1569/55 928/1601/87 925/1551/37
f 945/1602/88 926/1554/40 928/1556/110
f 932/1560/46 949/1603/153 946/1578/64
f 938/1604/90 947/1581/67 949/1583/117
f 927/1557/43 937/1605/167 933/1563/49
f 930/1606/188 934/1566/52 937/1568/179
f 925/1551/37 900/1607/93 897/1515/1
f 931/1608/219 898/1518/4 900/1520/209
f 905/1527/13 935/1609/220 932/1560/46
f 907/1610/125 933/1563/49 935/1565/155
f 939/1569/55 897/1515/1 911/1533/19
f 906/1530/16 912/1536/22 899/1521/7
f 933/1563/49 898/1518/4 927/1557/43
f 918/1542/28 932/1560/46 946/1578/64
f 919/1545/31 940/1572/58 913/1539/25
f 947/1581/67 926/1554/40 941/1575/61
f 953/1611/1 957/1612/221 959/1613/3
f 954/1614/4 957/1615/5 956/1616/209
f 955/1617/7 957/1618/97 958/1619/98
f 960/1620/10 964/1621/11 966/1622/126
f 961/1623/13 964/1624/14 963/1625/128
f 962/1626/16 964/1627/199 965/1628/130
f 967/1629/19 971/1630/222 973/1631/21
f 968/1632/22 971/1633/104 970/1634/223
f 969/1635/25 971/1636/26 972/1637/159
f 974/1638/28 978/1639/29 980/1640/132
f 975/1641/31 978/1642/133 977/1643/134
f 976/1644/34 978/1645/107 979/1646/108
f 981/1647/37 985/1648/224 987/1649/39
f 982/1650/40 985/1651/175 984/1652/110
f 983/1653/43 985/1654/44 986/1655/112
f 988/1656/46 992/1657/47 994/1658/138
f 989/1659/49 992/1660/50 991/1661/155
f 990/1662/52 992/1663/201 993/1664/179
f 995/1665/55 999/1666/225 1001/1667/57
f 996/1668/58 999/1669/59 998/1670/60
f 997/1671/61 999/1672/180 1000/1673/181
f 1002/1674/64 1006/1675/65 1008/1676/215
f 1003/1677/67 1006/1678/183 1005/1679/117
f 1004/1680/70 1006/1681/144 1007/1682/145
f 953/1611/1 970/1683/73 967/1629/19
f 959/1684/74 968/1632/22 970/1634/223
f 960/1620/10 958/1685/147 954/1614/4
f 966/1686/119 955/1617/7 958/1619/98
f 974/1638/28 965/1687/149 961/1623/13
f 980/1688/78 962/1626/16 965/1628/130
f 969/1635/25 979/1689/163 975/1641/31
f 972/1690/120 976/1644/34 979/1646/108
f 967/1629/19 998/1691/156 995/1665/55
f 973/1692/82 996/1668/58 998/1670/60
f 1002/1674/64 977/1693/217 974/1638/28
f 1008/1694/151 975/1641/31 977/1643/134
f 997/1671/61 1007/1695/187 1003/1677/67
f 1000/1696/121 1004/1680/70 1007/1682/145
f 995/1665/55 984/1697/87 981/1647/37
f 1001/1698/88 982/1650/40 984/1652/110
f 988/1656/46 1005/1699/153 1002/1674/64
f 994/1700/90 1003/1677/67 1005/1679/117
f 983/1653/43 993/1701/167 989/1659/49
f 986/1702/188 990/1662/52 993/1664/179
f 981/1647/37 956/1703/124 953/1611/1
f 987/1704/219 954/1614/4 956/1616/209
f 961/1623/13 991/1705/154 988/1656/46
f 963/1706/125 989/1659/49 991/1661/155
f 995/1665/55 953/1611/1 967/1629/19
f 962/1626/16 968/1632/22 955/1617/7
f 989/1659/49 954/1614/4 983/1653/43
f 974/1638/28 988/1656/46 1002/1674/64
f 975/1641/31 996/1668/58 969/1635/25
f 1003/1677/67 982/1650/40 997/1671/61
f 1009/1707/1 1013/1708/221 1015/1709/195
f 1010/1710/4 1013/1711/226 1012/1712/6
f 1011/1713/7 1013/1714/158 1014/1715/9
f 1016/1716/10 1020/1717/99 1022/1718/12
f 1017/1719/13 1020/1720/14 1019/1721/210
f 1018/1722/16 1020/1723/17 1021/1724/130
f 1023/1725/19 1027/1726/222 1029/1727/227
f 1024/1728/22 1027/1729/171 1026/1730/223
f 1025/1731/25 1027/1732/26 1028/1733/27
f 1030/1734/28 1034/1735/29 1036/1736/212
f 1031/1737/31 1034/1738/133 1033/1739/134
f 1032/1740/34 1034/1741/35 1035/1742/135
f 1037/1743/37 1041/1744/224 1043/1745/39
f 1038/1746/40 1041/1747/109 1040/1748/110
f 1039/1749/43 1041/1750/228 1042/1751/45
f 1044/1752/46 1048/1753/47 1050/1754/213
f 1045/1755/49 1048/1756/177 1047/1757/51
f 1046/1758/52 1048/1759/53 1049/1760/140
f 1051/1761/55 1055/1762/225 1057/1763/196
f 1052/1764/58 1055/1765/59 1054/1766/60
f 1053/1767/61 1055/1768/116 1056/1769/63
f 1058/1770/64 1062/1771/65 1064/1772/215
f 1059/1773/67 1062/1774/68 1061/1775/117
f 1060/1776/70 1062/1777/144 1063/1778/72
f 1009/1707/1 1026/1779/197 1023/1725/19
f 1015/1780/146 1024/1728/22 1026/1730/223
f 1016/1716/10 1014/1781/75 1010/1710/4
f 1022/1782/148 1011/1713/7 1014/1715/9
f 1030/1734/28 1021/1783/216 1017/1719/13
f 1036/1784/162 1018/1722/16 1021/1724/130
f 1025/1731/25 1035/1785/79 1031/1737/31
f 1028/1786/80 1032/1740/34 1035/1742/135
f 1023/1725/19 1054/1787/156 1051/1761/55
f 1029/1788/82 1052/1764/58 1054/1766/60
f 1030/1734/28 1064/1772/215 1033/1789/217
f 1064/1790/151 1031/1737/31 1033/1739/134
f 1053/1767/61 1063/1791/152 1059/1773/67
f 1056/1792/86 1060/1776/70 1063/1778/72
f 1051/1761/55 1040/1793/198 1037/1743/37
f 1057/1794/194 1038/1746/40 1040/1748/110
f 1044/1752/46 1061/1795/218 1058/1770/64
f 1050/1796/190 1059/1773/67 1061/1775/117
f 1039/1749/43 1049/1797/91 1045/1755/49
f 1042/1798/92 1046/1758/52 1049/1760/140
f 1009/1707/1 1043/1745/39 1012/1799/229
f 1043/1800/94 1010/1710/4 1012/1712/6
f 1017/1719/13 1047/1801/154 1044/1752/46
f 1019/1802/96 1045/1755/49 1047/1757/51
f 1051/1761/55 1009/1707/1 1023/1725/19
f 1018/1722/16 1024/1728/22 1011/1713/7
f 1045/1755/49 1010/1710/4 1039/1749/43
f 1030/1734/28 1044/1752/46 1058/1770/64
f 1031/1737/31 1052/1764/58 1025/1731/25
f 1059/1773/67 1038/1746/40 1053/1767/61
f 1065/1803/1 1069/1804/2 1071/1805/3
f 1066/1806/4 1069/1807/5 1068/1808/6
f 1067/1809/7 1069/1810/97 1070/1811/98
f 1072/1812/10 1076/1813/230 1078/1814/126
f 1073/1815/13 1076/1816/127 1075/1817/210
f 1074/1818/16 1076/1819/102 1077/1820/130
f 1079/1821/19 1083/1822/20 1085/1823/103
f 1080/1824/22 1083/1825/104 1082/1826/24
f 1081/1827/25 1083/1828/231 1084/1829/159
f 1086/1830/28 1090/1831/131 1092/1832/132
f 1087/1833/31 1090/1834/32 1089/1835/134
f 1088/1836/34 1090/1837/157 1091/1838/108
f 1093/1839/37 1097/1840/38 1099/1841/168
f 1094/1842/40 1097/1843/175 1096/1844/42
f 1095/1845/43 1097/1846/44 1098/1847/112
f 1100/1848/46 1104/1849/137 1106/1850/138
f 1101/1851/49 1104/1852/232 1103/1853/51
f 1102/1854/52 1104/1855/178 1105/1856/179
f 1107/1857/55 1111/1858/56 1113/1859/57
f 1108/1860/58 1111/1861/233 1110/1862/60
f 1109/1863/61 1111/1864/180 1112/1865/181
f 1114/1866/64 1118/1867/141 1120/1868/142
f 1115/1869/67 1118/1870/191 1117/1871/117
f 1116/1872/70 1118/1873/71 1119/1874/145
f 1065/1803/1 1082/1875/73 1079/1821/19
f 1071/1876/74 1080/1824/22 1082/1826/24
f 1072/1812/10 1070/1877/147 1066/1806/4
f 1078/1878/119 1067/1809/7 1070/1811/98
f 1086/1830/28 1077/1879/149 1073/1815/13
f 1092/1880/162 1074/1818/16 1077/1820/130
f 1081/1827/25 1091/1881/163 1087/1833/31
f 1084/1882/120 1088/1836/34 1091/1838/108
f 1079/1821/19 1110/1883/81 1107/1857/55
f 1085/1884/82 1108/1860/58 1110/1862/60
f 1114/1866/64 1089/1885/150 1086/1830/28
f 1120/1886/151 1087/1833/31 1089/1835/134
f 1109/1863/61 1119/1887/187 1115/1869/67
f 1112/1888/121 1116/1872/70 1119/1874/145
f 1107/1857/55 1096/1889/87 1093/1839/37
f 1113/1890/88 1094/1842/40 1096/1844/42
f 1100/1848/46 1117/1891/153 1114/1866/64
f 1106/1892/190 1115/1869/67 1117/1871/117
f 1095/1845/43 1105/1893/167 1101/1851/49
f 1098/1894/188 1102/1854/52 1105/1856/179
f 1093/1839/37 1068/1895/93 1065/1803/1
f 1099/1896/94 1066/1806/4 1068/1808/6
f 1073/1815/13 1103/1897/220 1100/1848/46
f 1075/1898/96 1101/1851/49 1103/1853/51
f 1107/1857/55 1065/1803/1 1079/1821/19
f 1074/1818/16 1080/1824/22 1067/1809/7
f 1101/1851/49 1066/1806/4 1095/1845/43
f 1086/1830/28 1100/1848/46 1114/1866/64
f 1087/1833/31 1108/1860/58 1081/1827/25
f 1115/1869/67 1094/1842/40 1109/1863/61
f 1121/1899/1 1125/1900/2 1127/1901/3
f 1122/1902/4 1125/1903/5 1124/1904/6
f 1123/1905/7 1125/1906/97 1126/1907/98
f 1128/1908/10 1132/1909/230 1134/1910/126
f 1129/1911/13 1132/1912/127 1131/1913/210
f 1130/1914/16 1132/1915/102 1133/1916/130
f 1135/1917/19 1139/1918/20 1141/1919/21
f 1136/1920/22 1139/1921/104 1138/1922/24
f 1137/1923/25 1139/1924/26 1140/1925/159
f 1142/1926/28 1146/1927/131 1148/1928/132
f 1143/1929/31 1146/1930/133 1145/1931/134
f 1144/1932/34 1146/1933/157 1147/1934/108
f 1149/1935/37 1153/1936/38 1155/1937/168
f 1150/1938/40 1153/1939/175 1152/1940/42
f 1151/1941/43 1153/1942/44 1154/1943/112
f 1156/1944/46 1160/1945/137 1162/1946/138
f 1157/1947/49 1160/1948/232 1159/1949/51
f 1158/1950/52 1160/1951/178 1161/1952/179
f 1163/1953/55 1167/1954/56 1169/1955/57
f 1164/1956/58 1167/1957/59 1166/1958/60
f 1165/1959/61 1167/1960/180 1168/1961/181
f 1170/1962/64 1174/1963/141 1176/1964/215
f 1171/1965/67 1174/1966/191 1173/1967/117
f 1172/1968/70 1174/1969/144 1175/1970/145
f 1121/1899/1 1138/1971/73 1135/1917/19
f 1127/1972/74 1136/1920/22 1138/1922/24
f 1128/1908/10 1126/1973/147 1122/1902/4
f 1134/1974/119 1123/1905/7 1126/1907/98
f 1142/1926/28 1133/1975/149 1129/1911/13
f 1148/1976/162 1130/1914/16 1133/1916/130
f 1137/1923/25 1147/1977/163 1143/1929/31
f 1140/1978/120 1144/1932/34 1147/1934/108
f 1135/1917/19 1166/1979/156 1163/1953/55
f 1141/1980/82 1164/1956/58 1166/1958/60
f 1170/1962/64 1145/1981/217 1142/1926/28
f 1176/1982/151 1143/1929/31 1145/1931/134
f 1165/1959/61 1175/1983/187 1171/1965/67
f 1168/1984/121 1172/1968/70 1175/1970/145
f 1163/1953/55 1152/1985/87 1149/1935/37
f 1169/1986/88 1150/1938/40 1152/1940/42
f 1156/1944/46 1173/1987/153 1170/1962/64
f 1162/1988/190 1171/1965/67 1173/1967/117
f 1151/1941/43 1161/1989/167 1157/1947/49
f 1154/1990/188 1158/1950/52 1161/1952/179
f 1149/1935/37 1124/1991/93 1121/1899/1
f 1155/1992/94 1122/1902/4 1124/1904/6
f 1129/1911/13 1159/1993/220 1156/1944/46
f 1131/1994/96 1157/1947/49 1159/1949/51
f 1163/1953/55 1121/1899/1 1135/1917/19
f 1130/1914/16 1136/1920/22 1123/1905/7
f 1157/1947/49 1122/1902/4 1151/1941/43
f 1142/1926/28 1156/1944/46 1170/1962/64
f 1143/1929/31 1164/1956/58 1137/1923/25
f 1171/1965/67 1150/1938/40 1165/1959/61
f 1177/1995/1 1181/1996/221 1183/1997/3
f 1178/1998/4 1181/1999/5 1180/2000/6
f 1179/2001/7 1181/2002/158 1182/2003/9
f 1184/2004/10 1188/2005/99 1190/2006/12
f 1185/2007/101 1188/2008/234 1187/2009/210
f 1186/2010/16 1188/2011/17 1189/2012/130
f 1191/2013/19 1195/2014/222 1197/2015/21
f 1192/2016/22 1195/2017/171 1194/2018/223
f 1193/2019/235 1195/2020/231 1196/2021/27
f 1198/2022/28 1202/2023/205 1204/2024/212
f 1199/2025/31 1202/2026/133 1201/2027/134
f 1200/2028/34 1202/2029/35 1203/2030/135
f 1205/2031/37 1209/2032/224 1211/2033/168
f 1206/2034/40 1209/2035/109 1208/2036/110
f 1207/2037/43 1209/2038/44 1210/2039/45
f 1212/2040/46 1216/2041/236 1218/2042/213
f 1213/2043/49 1216/2044/177 1215/2045/51
f 1214/2046/52 1216/2047/53 1217/2048/140
f 1219/2049/55 1223/2050/225 1225/2051/57
f 1220/2052/58 1223/2053/233 1222/2054/237
f 1221/2055/61 1223/2056/116 1224/2057/63
f 1226/2058/182 1230/2059/208 1232/2060/215
f 1227/2061/67 1230/2062/68 1229/2063/117
f 1228/2064/70 1230/2065/144 1231/2066/72
f 1177/1995/1 1194/2067/73 1191/2013/19
f 1183/2068/146 1192/2016/22 1194/2018/223
f 1184/2004/10 1182/2069/75 1178/1998/4
f 1190/2070/148 1179/2001/7 1182/2003/9
f 1198/2022/28 1189/2071/216 1185/2007/101
f 1204/2072/162 1186/2010/16 1189/2012/130
f 1193/2019/235 1203/2073/79 1199/2025/31
f 1196/2074/80 1200/2028/34 1203/2030/135
f 1191/2013/19 1222/2075/156 1219/2049/55
f 1197/2076/238 1220/2052/58 1222/2054/237
f 1226/2058/182 1201/2077/239 1198/2022/28
f 1232/2078/151 1199/2025/31 1201/2027/134
f 1221/2055/61 1231/2079/152 1227/2061/67
f 1224/2080/86 1228/2064/70 1231/2066/72
f 1219/2049/55 1208/2081/87 1205/2031/37
f 1225/2082/194 1206/2034/40 1208/2036/110
f 1212/2040/46 1229/2083/218 1226/2058/182
f 1218/2084/190 1227/2061/67 1229/2063/117
f 1207/2037/43 1217/2085/91 1213/2043/49
f 1210/2086/92 1214/2046/52 1217/2048/140
f 1205/2031/37 1180/2087/124 1177/1995/1
f 1211/2088/240 1178/1998/4 1180/2000/6
f 1185/2007/101 1215/2089/241 1212/2040/46
f 1187/2090/96 1213/2043/49 1215/2045/51
f 1219/2049/55 1177/1995/1 1191/2013/19
f 1186/2010/16 1192/2016/22 1179/2001/7
f 1213/2043/49 1178/1998/4 1207/2037/43
f 1198/2022/28 1212/2040/46 1226/2058/182
f 1199/2025/31 1220/2052/58 1193/2019/235
f 1227/2061/67 1206/2034/40 1221/2055/61
f 1233/2091/1 1237/2092/242 1239/2093/243
f 1234/2094/4 1237/2095/169 1236/2096/6
f 1235/2097/7 1237/2098/244 1238/2099/98
f 1240/2100/10 1244/2101/11 1246/2102/126
f 1241/2103/13 1244/2104/245 1243/2105/246
f 1242/2106/16 1244/2107/199 1245/2108/18
f 1247/2109/19 1251/2110/247 1253/2111/248
f 1248/2112/22 1251/2113/249 1250/2114/223
f 1249/2115/25 1251/2116/231 1252/2117/159
f 1254/2118/28 1258/2119/250 1260/2120/251
f 1255/2121/31 1258/2122/133 1257/2123/33
f 1256/2124/34 1258/2125/107 1259/2126/108
f 1261/2127/37 1265/2128/252 1267/2129/253
f 1262/2130/40 1265/2131/254 1264/2132/110
f 1263/2133/43 1265/2134/111 1266/2135/112
f 1268/2136/46 1272/2137/255 1274/2138/256
f 1269/2139/49 1272/2140/50 1271/2141/155
f 1270/2142/52 1272/2143/201 1273/2144/179
f 1275/2145/55 1279/2146/257 1281/2147/258
f 1276/2148/58 1279/2149/233 1278/2150/161
f 1277/2151/61 1279/2152/259 1280/2153/181
f 1282/2154/64 1286/2155/260 1288/2156/261
f 1283/2157/67 1286/2158/183 1285/2159/69
f 1284/2160/70 1286/2161/144 1287/2162/145
f 1233/2091/1 1250/2163/262 1247/2109/19
f 1239/2164/146 1248/2112/22 1250/2114/223
f 1240/2100/10 1238/2165/147 1234/2094/4
f 1246/2166/119 1235/2097/7 1238/2099/98
f 1254/2118/28 1245/2167/263 1241/2103/13
f 1260/2168/78 1242/2106/16 1245/2108/18
f 1249/2115/25 1259/2169/163 1255/2121/31
f 1259/2126/108 1248/2112/22 1256/2124/34
f 1247/2109/19 1278/2170/81 1275/2145/55
f 1253/2171/164 1276/2148/58 1278/2150/161
f 1282/2154/64 1257/2172/264 1254/2118/28
f 1288/2173/84 1255/2121/31 1257/2123/33
f 1277/2151/61 1287/2174/187 1283/2157/67
f 1287/2162/145 1276/2148/58 1284/2160/70
f 1275/2145/55 1264/2175/265 1261/2127/37
f 1281/2176/194 1262/2130/40 1264/2132/110
f 1268/2136/46 1285/2177/266 1282/2154/64
f 1274/2178/90 1283/2157/67 1285/2159/69
f 1269/2139/49 1266/2135/112 1273/2179/167
f 1273/2144/179 1262/2130/40 1270/2142/52
f 1261/2127/37 1236/2180/124 1233/2091/1
f 1267/2181/94 1234/2094/4 1236/2096/6
f 1241/2103/13 1271/2182/241 1268/2136/46
f 1243/2183/125 1269/2139/49 1271/2141/155
f 1275/2145/55 1233/2091/1 1247/2109/19
f 1242/2106/16 1248/2112/22 1235/2097/7
f 1269/2139/49 1234/2094/4 1263/2133/43
f 1254/2118/28 1268/2136/46 1282/2154/64
f 1255/2121/31 1276/2148/58 1249/2115/25
f 1277/2151/61 1270/2142/52 1262/2130/40
f 1289/2184/1 1293/2185/242 1295/2186/243
f 1290/2187/4 1293/2188/267 1292/2189/6
f 1291/2190/7 1293/2191/244 1294/2192/98
f 1296/2193/10 1300/2194/11 1302/2195/126
f 1297/2196/13 1300/2197/245 1299/2198/246
f 1298/2199/16 1300/2200/199 1301/2201/18
f 1303/2202/19 1307/2203/247 1309/2204/248
f 1304/2205/22 1307/2206/249 1306/2207/223
f 1305/2208/25 1307/2209/172 1308/2210/159
f 1310/2211/28 1314/2212/250 1316/2213/251
f 1311/2214/31 1314/2215/133 1313/2216/33
f 1312/2217/34 1314/2218/107 1315/2219/108
f 1317/2220/37 1321/2221/252 1323/2222/253
f 1318/2223/40 1321/2224/254 1320/2225/110
f 1319/2226/43 1321/2227/268 1322/2228/112
f 1324/2229/46 1328/2230/255 1330/2231/256
f 1325/2232/49 1328/2233/50 1327/2234/155
f 1326/2235/52 1328/2236/201 1329/2237/179
f 1331/2238/55 1335/2239/257 1337/2240/258
f 1332/2241/58 1335/2242/115 1334/2243/60
f 1333/2244/61 1335/2245/259 1336/2246/181
f 1338/2247/64 1342/2248/260 1344/2249/261
f 1339/2250/67 1342/2251/183 1341/2252/69
f 1340/2253/70 1342/2254/144 1343/2255/72
f 1289/2184/1 1306/2256/262 1303/2202/19
f 1295/2257/146 1304/2205/22 1306/2207/223
f 1296/2193/10 1294/2258/147 1290/2187/4
f 1302/2259/119 1291/2190/7 1294/2192/98
f 1310/2211/28 1301/2260/263 1297/2196/13
f 1316/2261/78 1298/2199/16 1301/2201/18
f 1305/2208/25 1315/2262/79 1311/2214/31
f 1308/2263/120 1312/2217/34 1315/2219/108
f 1303/2202/19 1334/2264/81 1331/2238/55
f 1309/2265/82 1332/2241/58 1334/2243/60
f 1338/2247/64 1313/2266/264 1310/2211/28
f 1344/2267/84 1311/2214/31 1313/2216/33
f 1333/2244/61 1343/2268/187 1339/2250/67
f 1343/2255/72 1332/2241/58 1340/2253/70
f 1331/2238/55 1320/2269/265 1317/2220/37
f 1337/2270/194 1318/2223/40 1320/2225/110
f 1324/2229/46 1341/2271/266 1338/2247/64
f 1330/2272/90 1339/2250/67 1341/2252/69
f 1325/2232/49 1322/2228/112 1329/2273/167
f 1322/2274/188 1326/2235/52 1329/2237/179
f 1317/2220/37 1292/2275/124 1289/2184/1
f 1323/2276/94 1290/2187/4 1292/2189/6
f 1297/2196/13 1327/2277/241 1324/2229/46
f 1299/2278/125 1325/2232/49 1327/2234/155
f 1331/2238/55 1289/2184/1 1303/2202/19
f 1298/2199/16 1304/2205/22 1291/2190/7
f 1325/2232/49 1290/2187/4 1319/2226/43
f 1310/2211/28 1324/2229/46 1338/2247/64
f 1311/2214/31 1332/2241/58 1305/2208/25
f 1333/2244/61 1326/2235/52 1318/2223/40
f 1346/2279/269 1347/2280/269 1345/2281/269
f 1347/2282/270 1352/2283/270 1351/2284/270
f 1352/2285/271 1349/2286/271 1351/2287/271
f 1349/2288/272 1346/2289/272 1345/2290/272
f 1351/2291/273 1345/2292/273 1347/2293/273
f 1348/2294/274 1350/2295/274 1352/2296/274
f 1354/2297/275 1355/2298/275 1353/2299/275
f 1355/2300/270 1360/2301/270 1359/2302/270
f 1360/2303/276 1357/2304/276 1359/2305/276
f 1357/2306/272 1354/2307/272 1353/2308/272
f 1359/2309/277 1353/2310/277 1355/2311/277
f 1356/2312/278 1358/2313/278 1360/2314/278
f 1/1/1 4/93/93 5/2/2
f 2/4/4 6/75/75 5/5/5
f 3/7/7 7/74/74 5/8/8
f 8/10/10 11/96/96 12/11/11
f 9/13/13 13/77/77 12/14/14
f 10/16/16 14/76/76 12/17/17
f 15/19/19 18/73/73 19/20/20
f 16/22/22 20/80/80 19/23/23
f 17/25/25 21/82/82 19/26/26
f 22/28/28 25/83/83 26/29/29
f 23/31/31 27/79/79 26/32/32
f 24/34/34 28/78/78 26/35/35
f 29/37/37 32/87/87 33/38/38
f 30/40/40 34/92/92 33/41/41
f 31/43/43 35/94/94 33/44/44
f 36/46/46 39/95/95 40/47/47
f 37/49/49 41/91/91 40/50/50
f 38/52/52 42/90/90 40/53/53
f 43/55/55 46/81/81 47/56/56
f 44/58/58 48/86/86 47/59/59
f 45/61/61 49/88/88 47/62/62
f 50/64/64 53/89/89 54/65/65
f 51/67/67 55/85/85 54/68/68
f 52/70/70 56/84/84 54/71/71
f 1/1/1 7/3/3 18/73/73
f 7/74/74 3/7/7 16/22/22
f 8/10/10 14/12/12 6/75/75
f 14/76/76 10/16/16 3/7/7
f 22/28/28 28/30/30 13/77/77
f 28/78/78 24/34/34 10/16/16
f 17/25/25 20/27/27 27/79/79
f 20/80/80 16/22/22 24/34/34
f 15/19/19 21/21/21 46/81/81
f 21/82/82 17/25/25 44/58/58
f 50/64/64 56/66/66 25/83/83
f 56/84/84 52/70/70 23/31/31
f 45/61/61 48/63/63 55/85/85
f 48/86/86 44/58/58 52/70/70
f 43/55/55 49/57/57 32/87/87
f 49/88/88 45/61/61 30/40/40
f 36/46/46 42/48/48 53/89/89
f 42/90/90 38/52/52 51/67/67
f 31/43/43 34/45/45 41/91/91
f 34/92/92 30/40/40 38/52/52
f 29/37/37 35/39/39 4/93/93
f 35/94/94 31/43/43 2/4/4
f 9/13/13 11/15/15 39/95/95
f 11/96/96 8/10/10 37/49/49
f 43/55/55 29/37/37 1/1/1
f 10/16/16 24/34/34 16/22/22
f 37/49/49 8/10/10 2/4/4
f 22/28/28 9/13/13 36/46/46
f 23/31/31 52/70/70 44/58/58
f 51/67/67 38/52/52 30/40/40
f 57/97/1 60/188/124 61/98/2
f 58/100/4 62/171/75 61/101/5
f 59/103/7 63/170/74 61/104/97
f 64/106/10 67/190/125 68/107/99
f 65/109/101 69/173/77 68/110/14
f 66/112/16 70/172/119 68/113/102
f 71/115/19 74/169/73 75/116/20
f 72/118/22 76/176/120 75/119/104
f 73/121/25 77/178/82 75/122/26
f 78/124/105 81/179/83 82/125/29
f 79/127/31 83/175/79 82/128/106
f 80/130/34 84/174/78 82/131/107
f 85/133/37 88/182/87 89/134/38
f 86/136/40 90/187/92 89/137/109
f 87/139/43 91/2315/94 89/140/111
f 92/142/46 95/189/95 96/143/47
f 93/145/49 97/186/91 96/146/113
f 94/148/52 98/185/123 96/149/53
f 99/151/55 102/177/81 103/152/56
f 100/154/58 104/181/121 103/155/115
f 101/157/61 105/183/122 103/158/116
f 106/160/64 109/184/89 110/161/65
f 107/163/67 111/180/85 110/164/68
f 108/166/70 112/2316/279 110/167/118
f 57/97/1 63/99/3 74/169/73
f 63/170/74 59/103/7 72/118/22
f 64/106/10 70/108/100 62/171/75
f 70/172/119 66/112/16 59/103/7
f 78/124/105 84/126/30 69/173/77
f 84/174/78 80/130/34 66/112/16
f 79/127/31 73/121/25 76/123/27
f 76/176/120 72/118/22 80/130/34
f 99/151/55 71/115/19 77/117/103
f 77/178/82 73/121/25 100/154/58
f 106/160/64 112/162/66 81/179/83
f 81/129/33 112/2316/279 108/166/70
f 101/157/61 104/159/63 111/180/85
f 104/181/121 100/154/58 108/166/70
f 99/151/55 105/153/57 88/182/87
f 105/183/122 101/157/61 86/136/40
f 92/142/46 98/144/48 109/184/89
f 98/185/123 94/148/52 107/163/67
f 93/145/49 87/139/43 90/141/112
f 90/187/92 86/136/40 94/148/52
f 85/133/37 91/135/39 60/188/124
f 60/102/6 91/2315/94 87/139/43
f 92/142/46 65/109/101 67/111/15
f 67/190/125 64/106/10 93/145/49
f 99/151/55 85/133/37 57/97/1
f 66/112/16 80/130/34 72/118/22
f 93/145/49 64/106/10 58/100/4
f 78/124/105 65/109/101 92/142/46
f 79/127/31 108/166/70 100/154/58
f 107/163/67 94/148/52 86/136/40
f 113/191/1 116/281/124 117/192/2
f 114/194/4 118/265/147 117/195/5
f 115/197/7 119/264/146 117/198/8
f 120/200/10 123/284/96 124/201/11
f 121/203/13 125/267/149 124/204/127
f 122/206/16 126/266/148 124/207/129
f 127/209/19 130/263/73 131/210/20
f 128/212/22 132/269/80 131/213/23
f 129/215/25 133/271/82 131/216/26
f 134/218/28 137/272/150 138/219/131
f 135/221/31 139/268/79 138/222/133
f 136/224/34 140/2317/78 138/225/35
f 141/227/37 144/276/87 145/228/38
f 142/230/40 146/280/92 145/231/41
f 143/233/43 147/282/94 145/234/44
f 148/236/46 151/283/154 152/237/137
f 149/239/49 153/279/91 152/240/50
f 150/242/52 154/278/123 152/243/139
f 155/245/55 158/270/81 159/246/56
f 156/248/58 160/275/86 159/249/59
f 157/251/61 161/2318/88 159/252/62
f 162/254/64 165/277/153 166/255/141
f 163/257/67 167/274/152 166/258/143
f 164/260/70 168/273/151 166/261/144
f 127/209/19 113/191/1 119/193/3
f 119/264/146 115/197/7 128/212/22
f 120/200/10 126/202/126 118/265/147
f 126/266/148 122/206/16 115/197/7
f 134/218/28 140/220/132 125/267/149
f 125/208/130 140/2317/78 136/224/34
f 135/221/31 129/215/25 132/217/27
f 132/269/80 128/212/22 136/224/34
f 127/209/19 133/211/103 158/270/81
f 133/271/82 129/215/25 156/248/58
f 162/254/64 168/256/142 137/272/150
f 168/273/151 164/260/70 135/221/31
f 157/251/61 160/253/63 167/274/152
f 160/275/86 156/248/58 164/260/70
f 155/245/55 161/247/57 144/276/87
f 144/232/136 161/2318/88 157/251/61
f 162/254/64 148/236/46 154/238/138
f 154/278/123 150/242/52 163/257/67
f 143/233/43 146/235/112 153/279/91
f 146/280/92 142/230/40 150/242/52
f 141/227/37 147/229/39 116/281/124
f 147/282/94 143/233/43 114/194/4
f 121/203/13 123/205/128 151/283/154
f 123/284/96 120/200/10 149/239/49
f 155/245/55 141/227/37 113/191/1
f 122/206/16 136/224/34 128/212/22
f 149/239/49 120/200/10 114/194/4
f 134/218/28 121/203/13 148/236/46
f 135/221/31 164/260/70 156/248/58
f 157/251/61 163/257/67 150/242/52
f 169/285/1 172/377/93 173/286/2
f 170/288/4 174/359/75 173/289/5
f 171/291/7 175/358/74 173/292/8
f 176/294/10 179/380/125 180/295/11
f 177/297/13 181/361/77 180/298/14
f 178/300/16 182/360/76 180/301/17
f 183/303/19 186/357/73 187/304/20
f 184/306/22 188/364/80 187/307/23
f 185/309/25 189/366/82 187/310/26
f 190/312/28 193/367/83 194/313/29
f 191/315/31 195/363/79 194/316/32
f 192/318/34 196/362/78 194/319/35
f 197/321/37 200/371/87 201/322/38
f 198/324/40 202/376/92 201/325/41
f 199/327/43 203/378/94 201/328/44
f 204/330/46 207/379/95 208/331/47
f 205/333/49 209/375/91 208/334/50
f 206/336/52 210/374/90 208/337/53
f 211/339/55 214/365/156 215/340/56
f 212/342/58 216/370/86 215/343/59
f 213/345/61 217/372/88 215/346/62
f 218/348/64 221/373/89 222/349/65
f 219/351/67 223/369/85 222/352/68
f 220/354/70 224/368/84 222/355/71
f 169/285/1 175/287/3 186/357/73
f 175/358/74 171/291/7 184/306/22
f 176/294/10 182/296/12 174/359/75
f 182/360/76 178/300/16 171/291/7
f 190/312/28 196/314/30 181/361/77
f 196/362/78 192/318/34 178/300/16
f 185/309/25 188/311/27 195/363/79
f 188/364/80 184/306/22 192/318/34
f 183/303/19 189/305/103 214/365/156
f 189/366/82 185/309/25 212/342/58
f 218/348/64 224/350/66 193/367/83
f 224/368/84 220/354/70 191/315/31
f 213/345/61 216/347/63 223/369/85
f 216/370/86 212/342/58 220/354/70
f 211/339/55 217/341/57 200/371/87
f 217/372/88 213/345/61 198/324/40
f 204/330/46 210/332/48 221/373/89
f 210/374/90 206/336/52 219/351/67
f 199/327/43 202/329/45 209/375/91
f 202/376/92 198/324/40 206/336/52
f 197/321/37 203/323/39 172/377/93
f 203/378/94 199/327/43 170/288/4
f 177/297/13 179/299/15 207/379/95
f 179/380/125 176/294/10 205/333/49
f 211/339/55 197/321/37 169/285/1
f 178/300/16 192/318/34 184/306/22
f 205/333/49 176/294/10 170/288/4
f 190/312/28 177/297/13 204/330/46
f 191/315/31 220/354/70 212/342/58
f 219/351/67 206/336/52 198/324/40
f 225/381/1 228/472/124 229/382/2
f 226/384/4 230/455/75 229/385/5
f 227/387/7 231/454/74 229/388/97
f 232/390/10 235/474/125 236/391/99
f 233/393/101 237/457/77 236/394/14
f 234/396/16 238/456/119 236/397/102
f 239/399/19 242/453/73 243/400/20
f 240/402/22 244/460/120 243/403/104
f 241/405/25 245/462/82 243/406/26
f 246/408/105 249/463/83 250/409/29
f 247/411/31 251/459/79 250/412/106
f 248/414/34 252/458/78 250/415/157
f 253/417/37 256/466/87 257/418/38
f 254/420/40 258/471/92 257/421/109
f 255/423/43 259/2319/94 257/424/111
f 260/426/46 263/473/95 264/427/47
f 261/429/49 265/470/91 264/430/113
f 262/432/52 266/469/123 264/433/53
f 267/435/55 270/461/81 271/436/56
f 268/438/58 272/465/121 271/439/115
f 269/441/61 273/467/122 271/442/116
f 274/444/64 277/468/89 278/445/65
f 275/447/67 279/464/85 278/448/68
f 276/450/70 280/2320/279 278/451/118
f 225/381/1 231/383/3 242/453/73
f 231/454/74 227/387/7 240/402/22
f 232/390/10 238/392/12 230/455/75
f 238/456/119 234/396/16 227/387/7
f 246/408/105 252/410/30 237/457/77
f 252/458/78 248/414/34 234/396/16
f 247/411/31 241/405/25 244/407/27
f 244/460/120 240/402/22 248/414/34
f 267/435/55 239/399/19 245/401/103
f 245/462/82 241/405/25 268/438/58
f 274/444/64 280/446/66 249/463/83
f 249/413/134 280/2320/279 276/450/70
f 269/441/61 272/443/63 279/464/85
f 272/465/121 268/438/58 276/450/70
f 267/435/55 273/437/57 256/466/87
f 273/467/122 269/441/61 254/420/40
f 260/426/46 266/428/48 277/468/89
f 266/469/123 262/432/52 275/447/67
f 261/429/49 255/423/43 258/425/112
f 258/471/92 254/420/40 262/432/52
f 253/417/37 259/419/39 228/472/124
f 228/386/6 259/2319/94 255/423/43
f 260/426/46 233/393/101 235/395/15
f 235/474/125 232/390/10 261/429/49
f 267/435/55 253/417/37 225/381/1
f 234/396/16 248/414/34 240/402/22
f 261/429/49 232/390/10 226/384/4
f 246/408/105 233/393/101 260/426/46
f 247/411/31 276/450/70 268/438/58
f 275/447/67 262/432/52 254/420/40
f 281/475/1 284/566/124 285/476/2
f 282/478/4 286/549/75 285/479/5
f 283/481/7 287/548/74 285/482/158
f 288/484/10 291/569/96 292/485/11
f 289/487/13 293/550/149 292/488/127
f 290/490/16 294/2321/148 292/491/17
f 295/493/19 298/547/73 299/494/20
f 296/496/22 300/553/80 299/497/23
f 297/499/25 301/555/164 299/500/26
f 302/502/28 305/556/150 306/503/131
f 303/505/31 307/552/163 306/506/133
f 304/508/34 308/551/162 306/509/160
f 309/511/37 312/560/87 313/512/38
f 310/514/40 314/565/92 313/515/41
f 311/517/43 315/567/94 313/518/44
f 316/520/46 319/568/154 320/521/137
f 317/523/49 321/564/167 320/524/50
f 318/526/52 322/563/166 320/527/139
f 323/529/55 326/554/81 327/530/56
f 324/532/58 328/559/86 327/533/59
f 325/535/61 329/561/165 327/536/62
f 330/538/64 333/562/153 334/539/141
f 331/541/67 335/558/152 334/542/143
f 332/544/70 336/557/151 334/545/144
f 281/475/1 287/477/3 298/547/73
f 287/548/74 283/481/7 296/496/22
f 288/484/10 294/486/12 286/549/75
f 286/483/9 294/2321/148 290/490/16
f 289/487/13 302/502/28 308/504/132
f 308/551/162 304/508/34 290/490/16
f 297/499/25 300/501/159 307/552/163
f 300/553/80 296/496/22 304/508/34
f 295/493/19 301/495/103 326/554/81
f 301/555/164 297/499/25 324/532/58
f 330/538/64 336/540/142 305/556/150
f 336/557/151 332/544/70 303/505/31
f 331/541/67 325/535/61 328/537/63
f 328/559/86 324/532/58 332/544/70
f 309/511/37 323/529/55 329/531/57
f 329/561/165 325/535/61 310/514/40
f 316/520/46 322/522/138 333/562/153
f 322/563/166 318/526/52 331/541/67
f 317/523/49 311/517/43 314/519/45
f 314/565/92 310/514/40 318/526/52
f 309/511/37 315/513/39 284/566/124
f 315/567/94 311/517/43 282/478/4
f 289/487/13 291/489/128 319/568/154
f 291/569/96 288/484/10 317/523/49
f 323/529/55 309/511/37 281/475/1
f 290/490/16 304/508/34 296/496/22
f 317/523/49 288/484/10 282/478/4
f 302/502/28 289/487/13 316/520/46
f 303/505/31 332/544/70 324/532/58
f 325/535/61 331/541/67 318/526/52
f 337/570/1 340/662/124 341/571/2
f 338/573/4 342/644/75 341/574/5
f 339/576/7 343/643/74 341/577/8
f 344/579/10 347/665/125 348/580/11
f 345/582/13 349/646/77 348/583/14
f 346/585/16 350/645/76 348/586/17
f 351/588/19 354/642/73 355/589/20
f 352/591/22 356/649/80 355/592/23
f 353/594/25 357/651/82 355/595/26
f 358/597/28 361/652/83 362/598/29
f 359/600/31 363/648/79 362/601/32
f 360/603/34 364/647/78 362/604/35
f 365/606/37 368/656/87 369/607/38
f 366/609/40 370/661/92 369/610/41
f 367/612/43 371/663/94 369/613/44
f 372/615/46 375/664/95 376/616/47
f 373/618/49 377/660/91 376/619/50
f 374/621/52 378/659/90 376/622/53
f 379/624/55 382/650/81 383/625/56
f 380/627/58 384/655/86 383/628/59
f 381/630/61 385/657/88 383/631/62
f 386/633/64 389/658/89 390/634/65
f 387/636/67 391/654/85 390/637/68
f 388/639/70 392/653/84 390/640/71
f 337/570/1 343/572/3 354/642/73
f 343/643/74 339/576/7 352/591/22
f 344/579/10 350/581/12 342/644/75
f 350/645/76 346/585/16 339/576/7
f 358/597/28 364/599/30 349/646/77
f 364/647/78 360/603/34 346/585/16
f 353/594/25 356/596/27 363/648/79
f 356/649/80 352/591/22 360/603/34
f 351/588/19 357/590/103 382/650/81
f 357/651/82 353/594/25 380/627/58
f 386/633/64 392/635/66 361/652/83
f 392/653/84 388/639/70 359/600/31
f 381/630/61 384/632/63 391/654/85
f 384/655/86 380/627/58 388/639/70
f 379/624/55 385/626/57 368/656/87
f 385/657/88 381/630/61 366/609/40
f 372/615/46 378/617/48 389/658/89
f 378/659/90 374/621/52 387/636/67
f 367/612/43 370/614/45 377/660/91
f 370/661/92 366/609/40 374/621/52
f 365/606/37 371/608/168 340/662/124
f 371/663/94 367/612/43 338/573/4
f 345/582/13 347/584/15 375/664/95
f 347/665/125 344/579/10 373/618/49
f 379/624/55 365/606/37 337/570/1
f 346/585/16 360/603/34 352/591/22
f 373/618/49 344/579/10 338/573/4
f 358/597/28 345/582/13 372/615/46
f 359/600/31 388/639/70 380/627/58
f 387/636/67 374/621/52 366/609/40
f 393/666/1 396/756/124 397/667/2
f 394/669/4 398/740/147 397/670/169
f 395/672/7 399/739/185 397/673/158
f 400/675/10 403/2322/280 404/676/170
f 401/678/13 405/741/77 404/679/14
f 402/681/16 406/2323/76 404/682/17
f 407/684/19 410/738/73 411/685/20
f 408/687/22 412/744/80 411/688/171
f 409/690/25 413/2324/82 411/691/172
f 414/693/28 417/746/83 418/694/29
f 415/696/31 419/743/79 418/697/173
f 416/699/34 420/742/186 418/700/35
f 421/702/37 424/750/87 425/703/38
f 422/705/40 426/755/188 425/706/175
f 423/708/43 427/757/94 425/709/44
f 428/711/176 431/758/95 432/712/47
f 429/714/49 433/754/91 432/715/177
f 430/717/52 434/753/90 432/718/178
f 435/720/55 438/745/81 439/721/56
f 436/723/58 440/749/86 439/724/59
f 437/726/61 441/751/88 439/727/180
f 442/729/182 445/752/89 446/730/65
f 443/732/67 447/748/187 446/733/183
f 444/735/70 448/747/84 446/736/184
f 393/666/1 399/668/3 410/738/73
f 399/739/185 395/672/7 408/687/22
f 400/675/10 406/677/12 398/740/147
f 398/674/9 406/2323/76 402/681/16
f 414/693/28 420/695/30 405/741/77
f 420/742/186 416/699/34 402/681/16
f 415/696/31 409/690/25 412/692/159
f 412/744/80 408/687/22 416/699/34
f 407/684/19 413/686/103 438/745/81
f 438/725/60 413/2324/82 409/690/25
f 414/693/28 442/729/182 448/731/66
f 448/747/84 444/735/70 415/696/31
f 437/726/61 440/728/181 447/748/187
f 440/749/86 436/723/58 444/735/70
f 435/720/55 441/722/57 424/750/87
f 441/751/88 437/726/61 422/705/40
f 428/711/176 434/713/48 445/752/89
f 434/753/90 430/717/52 443/732/67
f 423/708/43 426/710/45 433/754/91
f 426/755/188 422/705/40 430/717/52
f 393/666/1 421/702/37 427/704/39
f 427/757/94 423/708/43 394/669/4
f 401/678/13 403/680/15 431/758/95
f 431/716/155 403/2322/280 400/675/10
f 435/720/55 421/702/37 393/666/1
f 402/681/16 416/699/34 408/687/22
f 429/714/49 400/675/10 394/669/4
f 414/693/28 401/678/13 428/711/176
f 415/696/31 444/735/70 436/723/58
f 443/732/67 430/717/52 422/705/40
f 449/759/1 452/848/124 453/760/2
f 450/762/4 454/833/75 453/763/5
f 451/765/7 455/832/185 453/766/8
f 456/768/10 459/851/96 460/769/11
f 457/771/13 461/834/149 460/772/127
f 458/774/16 462/2325/148 460/775/129
f 463/777/19 466/831/73 467/778/20
f 464/780/22 468/836/80 467/781/23
f 465/783/25 469/838/82 467/784/26
f 470/786/28 473/839/150 474/787/131
f 471/789/31 475/835/163 474/790/133
f 472/792/34 476/2326/78 474/793/160
f 477/795/37 480/843/87 481/796/38
f 478/798/40 482/847/92 481/799/41
f 479/801/43 483/849/94 481/802/44
f 484/804/46 487/850/154 488/805/137
f 485/807/49 489/846/167 488/808/50
f 486/810/52 490/845/190 488/811/139
f 491/813/55 494/837/81 495/814/56
f 492/816/58 496/842/86 495/817/59
f 493/819/61 497/2327/88 495/820/62
f 498/822/64 501/844/153 502/823/141
f 499/825/67 503/841/152 502/826/68
f 500/828/70 504/840/151 502/829/144
f 463/777/19 449/759/1 455/761/3
f 455/832/185 451/765/7 464/780/22
f 456/768/10 462/770/126 454/833/75
f 454/767/9 462/2325/148 458/774/16
f 470/786/28 476/788/132 461/834/149
f 461/776/189 476/2326/78 472/792/34
f 471/789/31 465/783/25 468/785/27
f 468/836/80 464/780/22 472/792/34
f 463/777/19 469/779/103 494/837/81
f 469/838/82 465/783/25 492/816/58
f 498/822/64 504/824/142 473/839/150
f 504/840/151 500/828/70 471/789/31
f 499/825/67 493/819/61 496/821/63
f 496/842/86 492/816/58 500/828/70
f 491/813/55 497/815/57 480/843/87
f 480/800/110 497/2327/88 493/819/61
f 484/804/46 490/806/138 501/844/153
f 490/845/190 486/810/52 499/825/67
f 479/801/43 482/803/112 489/846/167
f 482/847/92 478/798/40 486/810/52
f 477/795/37 483/797/39 452/848/124
f 483/849/94 479/801/43 450/762/4
f 457/771/13 459/773/128 487/850/154
f 459/851/96 456/768/10 485/807/49
f 491/813/55 477/795/37 449/759/1
f 458/774/16 472/792/34 464/780/22
f 485/807/49 456/768/10 450/762/4
f 470/786/28 457/771/13 484/804/46
f 471/789/31 500/828/70 492/816/58
f 493/819/61 499/825/67 486/810/52
f 505/852/1 508/944/93 509/853/2
f 506/855/4 510/926/75 509/856/5
f 507/858/7 511/925/74 509/859/8
f 512/861/10 515/947/125 516/862/11
f 513/864/13 517/928/77 516/865/14
f 514/867/16 518/927/76 516/868/17
f 519/870/19 522/924/73 523/871/20
f 520/873/22 524/931/80 523/874/23
f 521/876/25 525/933/82 523/877/26
f 526/879/28 529/934/83 530/880/29
f 527/882/31 531/930/79 530/883/32
f 528/885/34 532/929/78 530/886/35
f 533/888/37 536/938/87 537/889/38
f 534/891/40 538/943/92 537/892/41
f 535/894/43 539/945/94 537/895/44
f 540/897/46 543/946/95 544/898/47
f 541/900/49 545/942/91 544/901/50
f 542/903/52 546/941/90 544/904/53
f 547/906/55 550/932/156 551/907/56
f 548/909/58 552/937/86 551/910/59
f 549/912/61 553/939/88 551/913/62
f 554/915/64 557/940/89 558/916/65
f 555/918/67 559/936/85 558/919/68
f 556/921/70 560/935/84 558/922/71
f 505/852/1 511/854/3 522/924/73
f 511/925/74 507/858/7 520/873/22
f 512/861/10 518/863/12 510/926/75
f 518/927/76 514/867/16 507/858/7
f 526/879/28 532/881/30 517/928/77
f 532/929/78 528/885/34 514/867/16
f 521/876/25 524/878/27 531/930/79
f 524/931/80 520/873/22 528/885/34
f 519/870/19 525/872/103 550/932/156
f 525/933/82 521/876/25 548/909/58
f 554/915/64 560/917/66 529/934/83
f 560/935/84 556/921/70 527/882/31
f 549/912/61 552/914/63 559/936/85
f 552/937/86 548/909/58 556/921/70
f 547/906/55 553/908/57 536/938/87
f 553/939/88 549/912/61 534/891/40
f 540/897/46 546/899/48 557/940/89
f 546/941/90 542/903/52 555/918/67
f 535/894/43 538/896/45 545/942/91
f 538/943/92 534/891/40 542/903/52
f 533/888/37 539/890/39 508/944/93
f 539/945/94 535/894/43 506/855/4
f 513/864/13 515/866/15 543/946/95
f 515/947/125 512/861/10 541/900/49
f 547/906/55 533/888/37 505/852/1
f 514/867/16 528/885/34 520/873/22
f 541/900/49 512/861/10 506/855/4
f 526/879/28 513/864/13 540/897/46
f 527/882/31 556/921/70 548/909/58
f 555/918/67 542/903/52 534/891/40
f 561/948/1 564/1039/124 565/949/2
f 562/951/4 566/1022/147 565/952/169
f 563/954/7 567/1021/192 565/955/158
f 568/957/10 571/2328/280 572/958/170
f 569/960/13 573/1024/77 572/961/14
f 570/963/16 574/1023/76 572/964/17
f 575/966/19 578/1020/73 579/967/20
f 576/969/22 580/1027/80 579/970/171
f 577/972/25 581/2329/82 579/973/172
f 582/975/28 585/1029/83 586/976/29
f 583/978/31 587/1026/79 586/979/173
f 584/981/34 588/1025/186 586/982/35
f 589/984/37 592/1033/87 593/985/38
f 590/987/40 594/1038/188 593/988/175
f 591/990/43 595/1040/94 593/991/44
f 596/993/176 599/1041/95 600/994/47
f 597/996/49 601/1037/91 600/997/177
f 598/999/52 602/1036/90 600/1000/178
f 603/1002/55 606/1028/81 607/1003/56
f 604/1005/58 608/1032/86 607/1006/59
f 605/1008/61 609/1034/88 607/1009/180
f 610/1011/182 613/1035/89 614/1012/65
f 611/1014/67 615/1031/187 614/1015/191
f 612/1017/70 616/1030/151 614/1018/184
f 561/948/1 567/950/3 578/1020/73
f 567/1021/192 563/954/7 576/969/22
f 568/957/10 574/959/12 566/1022/147
f 574/1023/76 570/963/16 563/954/7
f 582/975/28 588/977/30 573/1024/77
f 588/1025/186 584/981/34 570/963/16
f 583/978/31 577/972/25 580/974/159
f 580/1027/80 576/969/22 584/981/34
f 575/966/19 581/968/103 606/1028/81
f 606/1007/60 581/2329/82 577/972/25
f 582/975/28 610/1011/182 616/1013/66
f 616/1030/151 612/1017/70 583/978/31
f 605/1008/61 608/1010/181 615/1031/187
f 608/1032/86 604/1005/58 612/1017/70
f 603/1002/55 609/1004/57 592/1033/87
f 609/1034/88 605/1008/61 590/987/40
f 596/993/176 602/995/48 613/1035/89
f 602/1036/90 598/999/52 611/1014/67
f 591/990/43 594/992/45 601/1037/91
f 594/1038/188 590/987/40 598/999/52
f 561/948/1 589/984/37 595/986/39
f 595/1040/94 591/990/43 562/951/4
f 569/960/13 571/962/15 599/1041/95
f 599/998/155 571/2328/280 568/957/10
f 603/1002/55 589/984/37 561/948/1
f 570/963/16 584/981/34 576/969/22
f 597/996/49 568/957/10 562/951/4
f 582/975/28 569/960/13 596/993/176
f 583/978/31 612/1017/70 604/1005/58
f 611/1014/67 598/999/52 590/987/40
f 617/1042/1 620/1132/124 621/1043/2
f 618/1045/4 622/1115/75 621/1046/5
f 619/1048/7 623/2330/74 621/1049/8
f 624/1051/10 627/1135/96 628/1052/11
f 625/1054/13 629/1117/149 628/1055/127
f 626/1057/16 630/1116/148 628/1058/129
f 631/1060/19 634/1114/73 635/1061/20
f 632/1063/22 636/1120/80 635/1064/23
f 633/1066/25 637/1122/164 635/1067/26
f 638/1069/28 641/1123/150 642/1070/131
f 639/1072/31 643/1119/79 642/1073/133
f 640/1075/34 644/1118/186 642/1076/160
f 645/1078/37 648/1127/87 649/1079/38
f 646/1081/40 650/1131/92 649/1082/109
f 647/1084/43 651/1133/94 649/1085/44
f 652/1087/46 655/1134/154 656/1088/137
f 653/1090/49 657/1130/91 656/1091/50
f 654/1093/52 658/2331/90 656/1094/53
f 659/1096/55 662/1121/81 663/1097/56
f 660/1099/58 664/1126/121 663/1100/59
f 661/1102/61 665/1128/194 663/1103/62
f 666/1105/64 669/1129/153 670/1106/141
f 667/1108/67 671/1125/152 670/1109/143
f 668/1111/70 672/1124/151 670/1112/144
f 617/1042/1 623/1044/3 634/1114/73
f 634/1065/193 623/2330/74 619/1048/7
f 624/1051/10 630/1053/126 622/1115/75
f 630/1116/148 626/1057/16 619/1048/7
f 638/1069/28 644/1071/132 629/1117/149
f 644/1118/186 640/1075/34 626/1057/16
f 633/1066/25 636/1068/159 643/1119/79
f 636/1120/80 632/1063/22 640/1075/34
f 631/1060/19 637/1062/103 662/1121/81
f 637/1122/164 633/1066/25 660/1099/58
f 666/1105/64 672/1107/142 641/1123/150
f 672/1124/151 668/1111/70 639/1072/31
f 667/1108/67 661/1102/61 664/1104/63
f 664/1126/121 660/1099/58 668/1111/70
f 645/1078/37 659/1096/55 665/1098/57
f 665/1128/194 661/1102/61 646/1081/40
f 652/1087/46 658/1089/138 669/1129/153
f 669/1110/117 658/2331/90 654/1093/52
f 653/1090/49 647/1084/43 650/1086/45
f 650/1131/92 646/1081/40 654/1093/52
f 645/1078/37 651/1080/39 620/1132/124
f 651/1133/94 647/1084/43 618/1045/4
f 625/1054/13 627/1056/128 655/1134/154
f 627/1135/96 624/1051/10 653/1090/49
f 659/1096/55 645/1078/37 617/1042/1
f 626/1057/16 640/1075/34 632/1063/22
f 653/1090/49 624/1051/10 618/1045/4
f 638/1069/28 625/1054/13 652/1087/46
f 639/1072/31 668/1111/70 660/1099/58
f 661/1102/61 667/1108/67 654/1093/52
f 673/1136/1 676/1225/124 677/1137/2
f 674/1139/4 678/1210/75 677/1140/5
f 675/1142/7 679/1209/74 677/1143/8
f 680/1145/10 683/1228/96 684/1146/11
f 681/1148/13 685/1212/149 684/1149/127
f 682/1151/16 686/1211/148 684/1152/129
f 687/1154/19 690/1208/197 691/1155/20
f 688/1157/22 692/2332/80 691/1158/23
f 689/1160/25 693/1216/82 691/1161/26
f 694/1163/28 697/1217/150 698/1164/131
f 695/1166/31 699/1214/79 698/1167/133
f 696/1169/34 700/1213/78 698/1170/160
f 701/1172/37 704/1220/198 705/1173/38
f 702/1175/40 706/2333/92 705/1176/41
f 703/1178/43 707/1226/94 705/1179/44
f 708/1181/46 711/1227/154 712/1182/137
f 709/1184/49 713/1224/91 712/1185/50
f 710/1187/52 714/1223/90 712/1188/139
f 715/1190/55 718/1215/81 719/1191/56
f 716/1193/58 720/2334/86 719/1194/59
f 717/1196/61 721/1221/88 719/1197/62
f 722/1199/64 725/1222/153 726/1200/141
f 723/1202/67 727/1219/152 726/1203/143
f 724/1205/70 728/1218/151 726/1206/144
f 673/1136/1 679/1138/195 690/1208/197
f 679/1209/74 675/1142/7 688/1157/22
f 674/1139/4 680/1145/10 686/1147/12
f 686/1211/148 682/1151/16 675/1142/7
f 694/1163/28 700/1165/132 685/1212/149
f 700/1213/78 696/1169/34 682/1151/16
f 689/1160/25 692/1162/27 699/1214/79
f 699/1171/135 692/2332/80 688/1157/22
f 715/1190/55 687/1154/19 693/1156/103
f 693/1216/82 689/1160/25 716/1193/58
f 694/1163/28 722/1199/64 728/1201/142
f 728/1218/151 724/1205/70 695/1166/31
f 717/1196/61 720/1198/63 727/1219/152
f 727/1207/72 720/2334/86 716/1193/58
f 715/1190/55 721/1192/196 704/1220/198
f 721/1221/88 717/1196/61 702/1175/40
f 708/1181/46 714/1183/138 725/1222/153
f 714/1223/90 710/1187/52 723/1202/67
f 703/1178/43 706/1180/45 713/1224/91
f 713/1189/140 706/2333/92 702/1175/40
f 673/1136/1 701/1172/37 707/1174/39
f 707/1226/94 703/1178/43 674/1139/4
f 708/1181/46 681/1148/13 683/1150/128
f 683/1228/96 680/1145/10 709/1184/49
f 715/1190/55 701/1172/37 673/1136/1
f 682/1151/16 696/1169/34 688/1157/22
f 709/1184/49 680/1145/10 674/1139/4
f 694/1163/28 681/1148/13 708/1181/46
f 695/1166/31 724/1205/70 716/1193/58
f 723/1202/67 710/1187/52 702/1175/40
f 729/1229/1 732/1320/93 733/1230/2
f 730/1232/4 734/1303/147 733/1233/5
f 731/1235/7 735/1302/74 733/1236/97
f 736/1238/10 739/1323/96 740/1239/11
f 737/1241/13 741/1304/149 740/1242/14
f 738/1244/16 742/2335/119 740/1245/199
f 743/1247/19 746/1301/73 747/1248/200
f 744/1250/22 748/1307/120 747/1251/104
f 745/1253/25 749/1309/82 747/1254/26
f 750/1256/28 753/1310/150 754/1257/131
f 751/1259/31 755/1306/163 754/1260/133
f 752/1262/34 756/1305/78 754/1263/107
f 757/1265/37 760/1314/87 761/1266/38
f 758/1268/40 762/1319/188 761/1269/175
f 759/1271/43 763/1321/94 761/1272/44
f 764/1274/46 767/1322/154 768/1275/47
f 765/1277/49 769/1318/167 768/1278/50
f 766/1280/52 770/1317/90 768/1281/201
f 771/1283/55 774/1308/81 775/1284/202
f 772/1286/58 776/1313/121 775/1287/59
f 773/1289/61 777/1315/88 775/1290/180
f 778/1292/64 781/1316/153 782/1293/141
f 779/1295/67 783/1312/187 782/1296/183
f 780/1298/70 784/1311/151 782/1299/144
f 729/1229/1 735/1231/3 746/1301/73
f 735/1302/74 731/1235/7 744/1250/22
f 736/1238/10 742/1240/126 734/1303/147
f 734/1237/98 742/2335/119 738/1244/16
f 750/1256/28 756/1258/132 741/1304/149
f 756/1305/78 752/1262/34 738/1244/16
f 751/1259/31 745/1253/25 748/1255/159
f 748/1307/120 744/1250/22 752/1262/34
f 743/1247/19 749/1249/103 774/1308/81
f 749/1309/82 745/1253/25 772/1286/58
f 778/1292/64 784/1294/142 753/1310/150
f 784/1311/151 780/1298/70 751/1259/31
f 779/1295/67 773/1289/61 776/1291/181
f 776/1313/121 772/1286/58 780/1298/70
f 757/1265/37 771/1283/55 777/1285/57
f 777/1315/88 773/1289/61 758/1268/40
f 764/1274/46 770/1276/138 781/1316/153
f 770/1317/90 766/1280/52 779/1295/67
f 765/1277/49 759/1271/43 762/1273/112
f 762/1319/188 758/1268/40 766/1280/52
f 757/1265/37 763/1267/39 732/1320/93
f 763/1321/94 759/1271/43 730/1232/4
f 737/1241/13 739/1243/128 767/1322/154
f 739/1323/96 736/1238/10 765/1277/49
f 771/1283/55 757/1265/37 729/1229/1
f 738/1244/16 752/1262/34 744/1250/22
f 765/1277/49 736/1238/10 730/1232/4
f 750/1256/28 737/1241/13 764/1274/46
f 751/1259/31 780/1298/70 772/1286/58
f 779/1295/67 766/1280/52 758/1268/40
f 785/1324/1 788/1415/124 789/1325/203
f 786/1327/4 790/1398/147 789/1328/5
f 787/1330/7 791/1397/74 789/1331/97
f 792/1333/10 795/1418/96 796/1334/170
f 793/1336/13 797/1399/149 796/1337/204
f 794/1339/16 798/2336/119 796/1340/199
f 799/1342/19 802/1396/73 803/1343/20
f 800/1345/22 804/1402/120 803/1346/104
f 801/1348/25 805/1404/82 803/1349/26
f 806/1351/28 809/1405/150 810/1352/205
f 807/1354/31 811/1401/163 810/1355/173
f 808/1357/34 812/1400/78 810/1358/107
f 813/1360/37 816/1409/87 817/1361/206
f 814/1363/40 818/1414/188 817/1364/175
f 815/1366/43 819/1416/94 817/1367/44
f 820/1369/46 823/1417/154 824/1370/207
f 821/1372/49 825/1413/167 824/1373/113
f 822/1375/52 826/1412/90 824/1376/201
f 827/1378/55 830/1403/81 831/1379/56
f 828/1381/58 832/1408/121 831/1382/59
f 829/1384/61 833/1410/88 831/1385/180
f 834/1387/64 837/1411/153 838/1388/208
f 835/1390/67 839/1407/187 838/1391/183
f 836/1393/70 840/1406/151 838/1394/118
f 785/1324/1 791/1326/3 802/1396/73
f 791/1397/74 787/1330/7 800/1345/22
f 792/1333/10 798/1335/126 790/1398/147
f 790/1332/98 798/2336/119 794/1339/16
f 806/1351/28 812/1353/132 797/1399/149
f 812/1400/78 808/1357/34 794/1339/16
f 807/1354/31 801/1348/25 804/1350/159
f 804/1402/120 800/1345/22 808/1357/34
f 799/1342/19 805/1344/103 830/1403/81
f 805/1404/82 801/1348/25 828/1381/58
f 834/1387/64 840/1389/142 809/1405/150
f 840/1406/151 836/1393/70 807/1354/31
f 835/1390/67 829/1384/61 832/1386/181
f 832/1408/121 828/1381/58 836/1393/70
f 827/1378/55 833/1380/57 816/1409/87
f 833/1410/88 829/1384/61 814/1363/40
f 820/1369/46 826/1371/138 837/1411/153
f 826/1412/90 822/1375/52 835/1390/67
f 821/1372/49 815/1366/43 818/1368/112
f 818/1414/188 814/1363/40 822/1375/52
f 813/1360/37 819/1362/39 788/1415/124
f 819/1416/94 815/1366/43 786/1327/4
f 793/1336/13 795/1338/128 823/1417/154
f 795/1418/96 792/1333/10 821/1372/49
f 827/1378/55 813/1360/37 785/1324/1
f 787/1330/7 794/1339/16 808/1357/34
f 821/1372/49 792/1333/10 786/1327/4
f 806/1351/28 793/1336/13 820/1369/46
f 807/1354/31 836/1393/70 828/1381/58
f 835/1390/67 822/1375/52 814/1363/40
f 841/1419/1 844/1511/93 845/1420/2
f 842/1422/4 846/1493/75 845/1423/5
f 843/1425/7 847/1492/74 845/1426/8
f 848/1428/10 851/1514/125 852/1429/11
f 849/1431/13 853/1495/216 852/1432/204
f 850/1434/16 854/1494/148 852/1435/129
f 855/1437/19 858/1491/197 859/1438/20
f 856/1440/22 860/1498/80 859/1441/23
f 857/1443/25 861/1500/82 859/1444/26
f 862/1446/28 865/1501/217 866/1447/211
f 863/1449/31 867/1497/79 866/1450/133
f 864/1452/34 868/1496/162 866/1453/160
f 869/1455/37 872/1505/198 873/1456/38
f 870/1458/40 874/1510/92 873/1459/41
f 871/1461/43 875/1512/219 873/1462/44
f 876/1464/46 879/1513/220 880/1465/207
f 877/1467/49 881/1509/91 880/1468/50
f 878/1470/52 882/1508/190 880/1471/139
f 883/1473/55 886/1499/156 887/1474/56
f 884/1476/58 888/1504/86 887/1477/59
f 885/1479/61 889/1506/88 887/1480/62
f 890/1482/64 893/1507/218 894/1483/214
f 891/1485/67 895/1503/152 894/1486/143
f 892/1488/70 896/1502/151 894/1489/144
f 841/1419/1 847/1421/195 858/1491/197
f 847/1492/74 843/1425/7 856/1440/22
f 848/1428/10 854/1430/12 846/1493/75
f 854/1494/148 850/1434/16 843/1425/7
f 862/1446/28 868/1448/212 853/1495/216
f 868/1496/162 864/1452/34 850/1434/16
f 857/1443/25 860/1445/27 867/1497/79
f 860/1498/80 856/1440/22 864/1452/34
f 855/1437/19 861/1439/21 886/1499/156
f 861/1500/82 857/1443/25 884/1476/58
f 890/1482/64 896/1484/215 865/1501/217
f 896/1502/151 892/1488/70 863/1449/31
f 885/1479/61 888/1481/63 895/1503/152
f 888/1504/86 884/1476/58 892/1488/70
f 883/1473/55 889/1475/196 872/1505/198
f 889/1506/88 885/1479/61 870/1458/40
f 876/1464/46 882/1466/213 893/1507/218
f 882/1508/190 878/1470/52 891/1485/67
f 871/1461/43 874/1463/45 881/1509/91
f 874/1510/92 870/1458/40 878/1470/52
f 869/1455/37 875/1457/168 844/1511/93
f 875/1512/219 871/1461/43 842/1422/4
f 849/1431/13 851/1433/210 879/1513/220
f 851/1514/125 848/1428/10 877/1467/49
f 883/1473/55 869/1455/37 841/1419/1
f 850/1434/16 864/1452/34 856/1440/22
f 877/1467/49 848/1428/10 842/1422/4
f 862/1446/28 849/1431/13 876/1464/46
f 863/1449/31 892/1488/70 884/1476/58
f 891/1485/67 878/1470/52 870/1458/40
f 897/1515/1 900/1607/93 901/1516/221
f 898/1518/4 902/1589/147 901/1519/5
f 899/1521/7 903/1588/74 901/1522/97
f 904/1524/10 907/1610/125 908/1525/11
f 905/1527/13 909/1591/149 908/1528/14
f 906/1530/16 910/1590/119 908/1531/199
f 911/1533/19 914/1587/73 915/1534/222
f 912/1536/22 916/1594/120 915/1537/104
f 913/1539/25 917/1596/164 915/1540/26
f 918/1542/28 921/1597/217 922/1543/29
f 919/1545/31 923/1593/163 922/1546/133
f 920/1548/34 924/1592/78 922/1549/107
f 925/1551/37 928/1601/87 929/1552/224
f 926/1554/40 930/1606/188 929/1555/175
f 927/1557/43 931/1608/219 929/1558/44
f 932/1560/46 935/1609/220 936/1561/47
f 933/1563/49 937/1605/167 936/1564/50
f 934/1566/52 938/1604/90 936/1567/201
f 939/1569/55 942/1595/156 943/1570/225
f 940/1572/58 944/1600/121 943/1573/59
f 941/1575/61 945/1602/88 943/1576/180
f 946/1578/64 949/1603/153 950/1579/65
f 947/1581/67 951/1599/187 950/1582/183
f 948/1584/70 952/1598/84 950/1585/144
f 897/1515/1 903/1517/3 914/1587/73
f 903/1588/74 899/1521/7 912/1536/22
f 904/1524/10 910/1526/126 902/1589/147
f 910/1590/119 906/1530/16 899/1521/7
f 918/1542/28 924/1544/132 909/1591/149
f 924/1592/78 920/1548/34 906/1530/16
f 913/1539/25 916/1541/159 923/1593/163
f 916/1594/120 912/1536/22 920/1548/34
f 911/1533/19 917/1535/21 942/1595/156
f 917/1596/164 913/1539/25 940/1572/58
f 946/1578/64 952/1580/215 921/1597/217
f 952/1598/84 948/1584/70 919/1545/31
f 941/1575/61 944/1577/181 951/1599/187
f 944/1600/121 940/1572/58 948/1584/70
f 939/1569/55 945/1571/57 928/1601/87
f 945/1602/88 941/1575/61 926/1554/40
f 932/1560/46 938/1562/138 949/1603/153
f 938/1604/90 934/1566/52 947/1581/67
f 927/1557/43 930/1559/112 937/1605/167
f 930/1606/188 926/1554/40 934/1566/52
f 925/1551/37 931/1553/168 900/1607/93
f 931/1608/219 927/1557/43 898/1518/4
f 905/1527/13 907/1529/210 935/1609/220
f 907/1610/125 904/1524/10 933/1563/49
f 939/1569/55 925/1551/37 897/1515/1
f 906/1530/16 920/1548/34 912/1536/22
f 933/1563/49 904/1524/10 898/1518/4
f 918/1542/28 905/1527/13 932/1560/46
f 919/1545/31 948/1584/70 940/1572/58
f 947/1581/67 934/1566/52 926/1554/40
f 953/1611/1 956/1703/124 957/1612/221
f 954/1614/4 958/1685/147 957/1615/5
f 955/1617/7 959/1684/74 957/1618/97
f 960/1620/10 963/1706/125 964/1621/11
f 961/1623/13 965/1687/149 964/1624/14
f 962/1626/16 966/1686/119 964/1627/199
f 967/1629/19 970/1683/73 971/1630/222
f 968/1632/22 972/1690/120 971/1633/104
f 969/1635/25 973/1692/82 971/1636/26
f 974/1638/28 977/1693/217 978/1639/29
f 975/1641/31 979/1689/163 978/1642/133
f 976/1644/34 980/1688/78 978/1645/107
f 981/1647/37 984/1697/87 985/1648/224
f 982/1650/40 986/1702/188 985/1651/175
f 983/1653/43 987/1704/219 985/1654/44
f 988/1656/46 991/1705/154 992/1657/47
f 989/1659/49 993/1701/167 992/1660/50
f 990/1662/52 994/1700/90 992/1663/201
f 995/1665/55 998/1691/156 999/1666/225
f 996/1668/58 1000/1696/121 999/1669/59
f 997/1671/61 1001/1698/88 999/1672/180
f 1002/1674/64 1005/1699/153 1006/1675/65
f 1003/1677/67 1007/1695/187 1006/1678/183
f 1004/1680/70 1008/1694/151 1006/1681/144
f 953/1611/1 959/1613/3 970/1683/73
f 959/1684/74 955/1617/7 968/1632/22
f 960/1620/10 966/1622/126 958/1685/147
f 966/1686/119 962/1626/16 955/1617/7
f 974/1638/28 980/1640/132 965/1687/149
f 980/1688/78 976/1644/34 962/1626/16
f 969/1635/25 972/1637/159 979/1689/163
f 972/1690/120 968/1632/22 976/1644/34
f 967/1629/19 973/1631/21 998/1691/156
f 973/1692/82 969/1635/25 996/1668/58
f 1002/1674/64 1008/1676/215 977/1693/217
f 1008/1694/151 1004/1680/70 975/1641/31
f 997/1671/61 1000/1673/181 1007/1695/187
f 1000/1696/121 996/1668/58 1004/1680/70
f 995/1665/55 1001/1667/57 984/1697/87
f 1001/1698/88 997/1671/61 982/1650/40
f 988/1656/46 994/1658/138 1005/1699/153
f 994/1700/90 990/1662/52 1003/1677/67
f 983/1653/43 986/1655/112 993/1701/167
f 986/1702/188 982/1650/40 990/1662/52
f 981/1647/37 987/1649/39 956/1703/124
f 987/1704/219 983/1653/43 954/1614/4
f 961/1623/13 963/1625/128 991/1705/154
f 963/1706/125 960/1620/10 989/1659/49
f 995/1665/55 981/1647/37 953/1611/1
f 962/1626/16 976/1644/34 968/1632/22
f 989/1659/49 960/1620/10 954/1614/4
f 974/1638/28 961/1623/13 988/1656/46
f 975/1641/31 1004/1680/70 996/1668/58
f 1003/1677/67 990/1662/52 982/1650/40
f 1009/1707/1 1012/1799/229 1013/1708/221
f 1010/1710/4 1014/1781/75 1013/1711/226
f 1011/1713/7 1015/1780/146 1013/1714/158
f 1016/1716/10 1019/1802/96 1020/1717/99
f 1017/1719/13 1021/1783/216 1020/1720/14
f 1018/1722/16 1022/1782/148 1020/1723/17
f 1023/1725/19 1026/1779/197 1027/1726/222
f 1024/1728/22 1028/1786/80 1027/1729/171
f 1025/1731/25 1029/1788/82 1027/1732/26
f 1030/1734/28 1033/1789/217 1034/1735/29
f 1031/1737/31 1035/1785/79 1034/1738/133
f 1032/1740/34 1036/1784/162 1034/1741/35
f 1037/1743/37 1040/1793/198 1041/1744/224
f 1038/1746/40 1042/1798/92 1041/1747/109
f 1039/1749/43 1043/1800/94 1041/1750/228
f 1044/1752/46 1047/1801/154 1048/1753/47
f 1045/1755/49 1049/1797/91 1048/1756/177
f 1046/1758/52 1050/1796/190 1048/1759/53
f 1051/1761/55 1054/1787/156 1055/1762/225
f 1052/1764/58 1056/1792/86 1055/1765/59
f 1053/1767/61 1057/1794/194 1055/1768/116
f 1058/1770/64 1061/1795/218 1062/1771/65
f 1059/1773/67 1063/1791/152 1062/1774/68
f 1060/1776/70 1064/1790/151 1062/1777/144
f 1009/1707/1 1015/1709/195 1026/1779/197
f 1015/1780/146 1011/1713/7 1024/1728/22
f 1016/1716/10 1022/1718/12 1014/1781/75
f 1022/1782/148 1018/1722/16 1011/1713/7
f 1030/1734/28 1036/1736/212 1021/1783/216
f 1036/1784/162 1032/1740/34 1018/1722/16
f 1025/1731/25 1028/1733/27 1035/1785/79
f 1028/1786/80 1024/1728/22 1032/1740/34
f 1023/1725/19 1029/1727/227 1054/1787/156
f 1029/1788/82 1025/1731/25 1052/1764/58
f 1030/1734/28 1058/1770/64 1064/1772/215
f 1064/1790/151 1060/1776/70 1031/1737/31
f 1053/1767/61 1056/1769/63 1063/1791/152
f 1056/1792/86 1052/1764/58 1060/1776/70
f 1051/1761/55 1057/1763/196 1040/1793/198
f 1057/1794/194 1053/1767/61 1038/1746/40
f 1044/1752/46 1050/1754/213 1061/1795/218
f 1050/1796/190 1046/1758/52 1059/1773/67
f 1039/1749/43 1042/1751/45 1049/1797/91
f 1042/1798/92 1038/1746/40 1046/1758/52
f 1009/1707/1 1037/1743/37 1043/1745/39
f 1043/1800/94 1039/1749/43 1010/1710/4
f 1017/1719/13 1019/1721/210 1047/1801/154
f 1019/1802/96 1016/1716/10 1045/1755/49
f 1051/1761/55 1037/1743/37 1009/1707/1
f 1018/1722/16 1032/1740/34 1024/1728/22
f 1045/1755/49 1016/1716/10 1010/1710/4
f 1030/1734/28 1017/1719/13 1044/1752/46
f 1031/1737/31 1060/1776/70 1052/1764/58
f 1059/1773/67 1046/1758/52 1038/1746/40
f 1065/1803/1 1068/1895/93 1069/1804/2
f 1066/1806/4 1070/1877/147 1069/1807/5
f 1067/1809/7 1071/1876/74 1069/1810/97
f 1072/1812/10 1075/1898/96 1076/1813/230
f 1073/1815/13 1077/1879/149 1076/1816/127
f 1074/1818/16 1078/1878/119 1076/1819/102
f 1079/1821/19 1082/1875/73 1083/1822/20
f 1080/1824/22 1084/1882/120 1083/1825/104
f 1081/1827/25 1085/1884/82 1083/1828/231
f 1086/1830/28 1089/1885/150 1090/1831/131
f 1087/1833/31 1091/1881/163 1090/1834/32
f 1088/1836/34 1092/1880/162 1090/1837/157
f 1093/1839/37 1096/1889/87 1097/1840/38
f 1094/1842/40 1098/1894/188 1097/1843/175
f 1095/1845/43 1099/1896/94 1097/1846/44
f 1100/1848/46 1103/1897/220 1104/1849/137
f 1101/1851/49 1105/1893/167 1104/1852/232
f 1102/1854/52 1106/1892/190 1104/1855/178
f 1107/1857/55 1110/1883/81 1111/1858/56
f 1108/1860/58 1112/1888/121 1111/1861/233
f 1109/1863/61 1113/1890/88 1111/1864/180
f 1114/1866/64 1117/1891/153 1118/1867/141
f 1115/1869/67 1119/1887/187 1118/1870/191
f 1116/1872/70 1120/1886/151 1118/1873/71
f 1065/1803/1 1071/1805/3 1082/1875/73
f 1071/1876/74 1067/1809/7 1080/1824/22
f 1072/1812/10 1078/1814/126 1070/1877/147
f 1078/1878/119 1074/1818/16 1067/1809/7
f 1086/1830/28 1092/1832/132 1077/1879/149
f 1092/1880/162 1088/1836/34 1074/1818/16
f 1081/1827/25 1084/1829/159 1091/1881/163
f 1084/1882/120 1080/1824/22 1088/1836/34
f 1079/1821/19 1085/1823/103 1110/1883/81
f 1085/1884/82 1081/1827/25 1108/1860/58
f 1114/1866/64 1120/1868/142 1089/1885/150
f 1120/1886/151 1116/1872/70 1087/1833/31
f 1109/1863/61 1112/1865/181 1119/1887/187
f 1112/1888/121 1108/1860/58 1116/1872/70
f 1107/1857/55 1113/1859/57 1096/1889/87
f 1113/1890/88 1109/1863/61 1094/1842/40
f 1100/1848/46 1106/1850/138 1117/1891/153
f 1106/1892/190 1102/1854/52 1115/1869/67
f 1095/1845/43 1098/1847/112 1105/1893/167
f 1098/1894/188 1094/1842/40 1102/1854/52
f 1093/1839/37 1099/1841/168 1068/1895/93
f 1099/1896/94 1095/1845/43 1066/1806/4
f 1073/1815/13 1075/1817/210 1103/1897/220
f 1075/1898/96 1072/1812/10 1101/1851/49
f 1107/1857/55 1093/1839/37 1065/1803/1
f 1074/1818/16 1088/1836/34 1080/1824/22
f 1101/1851/49 1072/1812/10 1066/1806/4
f 1086/1830/28 1073/1815/13 1100/1848/46
f 1087/1833/31 1116/1872/70 1108/1860/58
f 1115/1869/67 1102/1854/52 1094/1842/40
f 1121/1899/1 1124/1991/93 1125/1900/2
f 1122/1902/4 1126/1973/147 1125/1903/5
f 1123/1905/7 1127/1972/74 1125/1906/97
f 1128/1908/10 1131/1994/96 1132/1909/230
f 1129/1911/13 1133/1975/149 1132/1912/127
f 1130/1914/16 1134/1974/119 1132/1915/102
f 1135/1917/19 1138/1971/73 1139/1918/20
f 1136/1920/22 1140/1978/120 1139/1921/104
f 1137/1923/25 1141/1980/82 1139/1924/26
f 1142/1926/28 1145/1981/217 1146/1927/131
f 1143/1929/31 1147/1977/163 1146/1930/133
f 1144/1932/34 1148/1976/162 1146/1933/157
f 1149/1935/37 1152/1985/87 1153/1936/38
f 1150/1938/40 1154/1990/188 1153/1939/175
f 1151/1941/43 1155/1992/94 1153/1942/44
f 1156/1944/46 1159/1993/220 1160/1945/137
f 1157/1947/49 1161/1989/167 1160/1948/232
f 1158/1950/52 1162/1988/190 1160/1951/178
f 1163/1953/55 1166/1979/156 1167/1954/56
f 1164/1956/58 1168/1984/121 1167/1957/59
f 1165/1959/61 1169/1986/88 1167/1960/180
f 1170/1962/64 1173/1987/153 1174/1963/141
f 1171/1965/67 1175/1983/187 1174/1966/191
f 1172/1968/70 1176/1982/151 1174/1969/144
f 1121/1899/1 1127/1901/3 1138/1971/73
f 1127/1972/74 1123/1905/7 1136/1920/22
f 1128/1908/10 1134/1910/126 1126/1973/147
f 1134/1974/119 1130/1914/16 1123/1905/7
f 1142/1926/28 1148/1928/132 1133/1975/149
f 1148/1976/162 1144/1932/34 1130/1914/16
f 1137/1923/25 1140/1925/159 1147/1977/163
f 1140/1978/120 1136/1920/22 1144/1932/34
f 1135/1917/19 1141/1919/21 1166/1979/156
f 1141/1980/82 1137/1923/25 1164/1956/58
f 1170/1962/64 1176/1964/215 1145/1981/217
f 1176/1982/151 1172/1968/70 1143/1929/31
f 1165/1959/61 1168/1961/181 1175/1983/187
f 1168/1984/121 1164/1956/58 1172/1968/70
f 1163/1953/55 1169/1955/57 1152/1985/87
f 1169/1986/88 1165/1959/61 1150/1938/40
f 1156/1944/46 1162/1946/138 1173/1987/153
f 1162/1988/190 1158/1950/52 1171/1965/67
f 1151/1941/43 1154/1943/112 1161/1989/167
f 1154/1990/188 1150/1938/40 1158/1950/52
f 1149/1935/37 1155/1937/168 1124/1991/93
f 1155/1992/94 1151/1941/43 1122/1902/4
f 1129/1911/13 1131/1913/210 1159/1993/220
f 1131/1994/96 1128/1908/10 1157/1947/49
f 1163/1953/55 1149/1935/37 1121/1899/1
f 1130/1914/16 1144/1932/34 1136/1920/22
f 1157/1947/49 1128/1908/10 1122/1902/4
f 1142/1926/28 1129/1911/13 1156/1944/46
f 1143/1929/31 1172/1968/70 1164/1956/58
f 1171/1965/67 1158/1950/52 1150/1938/40
f 1177/1995/1 1180/2087/124 1181/1996/221
f 1178/1998/4 1182/2069/75 1181/1999/5
f 1179/2001/7 1183/2068/146 1181/2002/158
f 1184/2004/10 1187/2090/96 1188/2005/99
f 1185/2007/101 1189/2071/216 1188/2008/234
f 1186/2010/16 1190/2070/148 1188/2011/17
f 1191/2013/19 1194/2067/73 1195/2014/222
f 1192/2016/22 1196/2074/80 1195/2017/171
f 1193/2019/235 1197/2076/238 1195/2020/231
f 1198/2022/28 1201/2077/239 1202/2023/205
f 1199/2025/31 1203/2073/79 1202/2026/133
f 1200/2028/34 1204/2072/162 1202/2029/35
f 1205/2031/37 1208/2081/87 1209/2032/224
f 1206/2034/40 1210/2086/92 1209/2035/109
f 1207/2037/43 1211/2088/240 1209/2038/44
f 1212/2040/46 1215/2089/241 1216/2041/236
f 1213/2043/49 1217/2085/91 1216/2044/177
f 1214/2046/52 1218/2084/190 1216/2047/53
f 1219/2049/55 1222/2075/156 1223/2050/225
f 1220/2052/58 1224/2080/86 1223/2053/233
f 1221/2055/61 1225/2082/194 1223/2056/116
f 1226/2058/182 1229/2083/218 1230/2059/208
f 1227/2061/67 1231/2079/152 1230/2062/68
f 1228/2064/70 1232/2078/151 1230/2065/144
f 1177/1995/1 1183/1997/3 1194/2067/73
f 1183/2068/146 1179/2001/7 1192/2016/22
f 1184/2004/10 1190/2006/12 1182/2069/75
f 1190/2070/148 1186/2010/16 1179/2001/7
f 1198/2022/28 1204/2024/212 1189/2071/216
f 1204/2072/162 1200/2028/34 1186/2010/16
f 1193/2019/235 1196/2021/27 1203/2073/79
f 1196/2074/80 1192/2016/22 1200/2028/34
f 1191/2013/19 1197/2015/21 1222/2075/156
f 1197/2076/238 1193/2019/235 1220/2052/58
f 1226/2058/182 1232/2060/215 1201/2077/239
f 1232/2078/151 1228/2064/70 1199/2025/31
f 1221/2055/61 1224/2057/63 1231/2079/152
f 1224/2080/86 1220/2052/58 1228/2064/70
f 1219/2049/55 1225/2051/57 1208/2081/87
f 1225/2082/194 1221/2055/61 1206/2034/40
f 1212/2040/46 1218/2042/213 1229/2083/218
f 1218/2084/190 1214/2046/52 1227/2061/67
f 1207/2037/43 1210/2039/45 1217/2085/91
f 1210/2086/92 1206/2034/40 1214/2046/52
f 1205/2031/37 1211/2033/168 1180/2087/124
f 1211/2088/240 1207/2037/43 1178/1998/4
f 1185/2007/101 1187/2009/210 1215/2089/241
f 1187/2090/96 1184/2004/10 1213/2043/49
f 1219/2049/55 1205/2031/37 1177/1995/1
f 1186/2010/16 1200/2028/34 1192/2016/22
f 1213/2043/49 1184/2004/10 1178/1998/4
f 1198/2022/28 1185/2007/101 1212/2040/46
f 1199/2025/31 1228/2064/70 1220/2052/58
f 1227/2061/67 1214/2046/52 1206/2034/40
f 1233/2091/1 1236/2180/124 1237/2092/242
f 1234/2094/4 1238/2165/147 1237/2095/169
f 1235/2097/7 1239/2164/146 1237/2098/244
f 1240/2100/10 1243/2183/125 1244/2101/11
f 1241/2103/13 1245/2167/263 1244/2104/245
f 1242/2106/16 1246/2166/119 1244/2107/199
f 1247/2109/19 1250/2163/262 1251/2110/247
f 1248/2112/22 1252/2337/120 1251/2113/249
f 1249/2115/25 1253/2171/164 1251/2116/231
f 1254/2118/28 1257/2172/264 1258/2119/250
f 1255/2121/31 1259/2169/163 1258/2122/133
f 1256/2124/34 1260/2168/78 1258/2125/107
f 1261/2127/37 1264/2175/265 1265/2128/252
f 1262/2130/40 1266/2338/188 1265/2131/254
f 1263/2133/43 1267/2181/94 1265/2134/111
f 1268/2136/46 1271/2182/241 1272/2137/255
f 1269/2139/49 1273/2179/167 1272/2140/50
f 1270/2142/52 1274/2178/90 1272/2143/201
f 1275/2145/55 1278/2170/81 1279/2146/257
f 1276/2148/58 1280/2339/121 1279/2149/233
f 1277/2151/61 1281/2176/194 1279/2152/259
f 1282/2154/64 1285/2177/266 1286/2155/260
f 1283/2157/67 1287/2174/187 1286/2158/183
f 1284/2160/70 1288/2173/84 1286/2161/144
f 1233/2091/1 1239/2093/243 1250/2163/262
f 1239/2164/146 1235/2097/7 1248/2112/22
f 1240/2100/10 1246/2102/126 1238/2165/147
f 1246/2166/119 1242/2106/16 1235/2097/7
f 1254/2118/28 1260/2120/251 1245/2167/263
f 1260/2168/78 1256/2124/34 1242/2106/16
f 1249/2115/25 1252/2117/159 1259/2169/163
f 1259/2126/108 1252/2337/120 1248/2112/22
f 1247/2109/19 1253/2111/248 1278/2170/81
f 1253/2171/164 1249/2115/25 1276/2148/58
f 1282/2154/64 1288/2156/261 1257/2172/264
f 1288/2173/84 1284/2160/70 1255/2121/31
f 1277/2151/61 1280/2153/181 1287/2174/187
f 1287/2162/145 1280/2339/121 1276/2148/58
f 1275/2145/55 1281/2147/258 1264/2175/265
f 1281/2176/194 1277/2151/61 1262/2130/40
f 1268/2136/46 1274/2138/256 1285/2177/266
f 1274/2178/90 1270/2142/52 1283/2157/67
f 1269/2139/49 1263/2133/43 1266/2135/112
f 1273/2144/179 1266/2338/188 1262/2130/40
f 1261/2127/37 1267/2129/253 1236/2180/124
f 1267/2181/94 1263/2133/43 1234/2094/4
f 1241/2103/13 1243/2105/246 1271/2182/241
f 1243/2183/125 1240/2100/10 1269/2139/49
f 1275/2145/55 1261/2127/37 1233/2091/1
f 1242/2106/16 1256/2124/34 1248/2112/22
f 1269/2139/49 1240/2100/10 1234/2094/4
f 1254/2118/28 1241/2103/13 1268/2136/46
f 1255/2121/31 1284/2160/70 1276/2148/58
f 1277/2151/61 1283/2157/67 1270/2142/52
f 1289/2184/1 1292/2275/124 1293/2185/242
f 1290/2187/4 1294/2258/147 1293/2188/267
f 1291/2190/7 1295/2257/146 1293/2191/244
f 1296/2193/10 1299/2278/125 1300/2194/11
f 1297/2196/13 1301/2260/263 1300/2197/245
f 1298/2199/16 1302/2259/119 1300/2200/199
f 1303/2202/19 1306/2256/262 1307/2203/247
f 1304/2205/22 1308/2263/120 1307/2206/249
f 1305/2208/25 1309/2265/82 1307/2209/172
f 1310/2211/28 1313/2266/264 1314/2212/250
f 1311/2214/31 1315/2262/79 1314/2215/133
f 1312/2217/34 1316/2261/78 1314/2218/107
f 1317/2220/37 1320/2269/265 1321/2221/252
f 1318/2223/40 1322/2274/188 1321/2224/254
f 1319/2226/43 1323/2276/94 1321/2227/268
f 1324/2229/46 1327/2277/241 1328/2230/255
f 1325/2232/49 1329/2273/167 1328/2233/50
f 1326/2235/52 1330/2272/90 1328/2236/201
f 1331/2238/55 1334/2264/81 1335/2239/257
f 1332/2241/58 1336/2340/121 1335/2242/115
f 1333/2244/61 1337/2270/194 1335/2245/259
f 1338/2247/64 1341/2271/266 1342/2248/260
f 1339/2250/67 1343/2268/187 1342/2251/183
f 1340/2253/70 1344/2267/84 1342/2254/144
f 1289/2184/1 1295/2186/243 1306/2256/262
f 1295/2257/146 1291/2190/7 1304/2205/22
f 1296/2193/10 1302/2195/126 1294/2258/147
f 1302/2259/119 1298/2199/16 1291/2190/7
f 1310/2211/28 1316/2213/251 1301/2260/263
f 1316/2261/78 1312/2217/34 1298/2199/16
f 1305/2208/25 1308/2210/159 1315/2262/79
f 1308/2263/120 1304/2205/22 1312/2217/34
f 1303/2202/19 1309/2204/248 1334/2264/81
f 1309/2265/82 1305/2208/25 1332/2241/58
f 1338/2247/64 1344/2249/261 1313/2266/264
f 1344/2267/84 1340/2253/70 1311/2214/31
f 1333/2244/61 1336/2246/181 1343/2268/187
f 1343/2255/72 1336/2340/121 1332/2241/58
f 1331/2238/55 1337/2240/258 1320/2269/265
f 1337/2270/194 1333/2244/61 1318/2223/40
f 1324/2229/46 1330/2231/256 1341/2271/266
f 1330/2272/90 1326/2235/52 1339/2250/67
f 1325/2232/49 1319/2226/43 1322/2228/112
f 1322/2274/188 1318/2223/40 1326/2235/52
f 1317/2220/37 1323/2222/253 1292/2275/124
f 1323/2276/94 1319/2226/43 1290/2187/4
f 1297/2196/13 1299/2198/246 1327/2277/241
f 1299/2278/125 1296/2193/10 1325/2232/49
f 1331/2238/55 1317/2220/37 1289/2184/1
f 1298/2199/16 1312/2217/34 1304/2205/22
f 1325/2232/49 1296/2193/10 1290/2187/4
f 1310/2211/28 1297/2196/13 1324/2229/46
f 1311/2214/31 1340/2253/70 1332/2241/58
f 1333/2244/61 1339/2250/67 1326/2235/52
f 1346/2279/269 1348/2341/269 1347/2280/269
f 1347/2282/270 1348/2342/270 1352/2283/270
f 1352/2285/271 1350/2343/271 1349/2286/271
f 1349/2288/272 1350/2344/272 1346/2289/272
f 1351/2291/273 1349/2345/273 1345/2292/273
f 1348/2294/274 1346/2346/274 1350/2295/274
f 1354/2297/275 1356/2347/275 1355/2298/275
f 1355/2300/270 1356/2348/270 1360/2301/270
f 1360/2303/276 1358/2349/276 1357/2304/276
f 1357/2306/272 1358/2350/272 1354/2307/272
f 1359/2309/277 1357/2351/277 1353/2310/277
f 1356/2312/278 1354/2352/278 1358/2313/278
