# Blender 5.2.2 LTS
# www.blender.org
o OfficeDesk
v -2.940000 3.000000 1.440000
v -2.940000 3.060000 1.500000
v -3.000000 3.060000 1.440000
v -2.940000 3.008016 1.469961
v -2.969961 3.008016 1.440000
v -2.968693 3.015802 1.468693
v -2.969961 3.060000 1.491984
v -2.940000 3.030039 1.491984
v -2.968693 3.031307 1.484198
v -2.991984 3.030039 1.440000
v -2.991984 3.060000 1.469961
v -2.984198 3.031307 1.468693
v -2.940000 3.240000 1.500000
v -2.940000 3.300000 1.440000
v -3.000000 3.240000 1.440000
v -2.940000 3.269961 1.491984
v -2.969961 3.240000 1.491984
v -2.968693 3.268693 1.484198
v -2.969961 3.291984 1.440000
v -2.940000 3.291984 1.469961
v -2.968693 3.284198 1.468693
v -2.991984 3.240000 1.469961
v -2.991984 3.269961 1.440000
v -2.984198 3.268693 1.468693
v -2.940000 3.000000 -1.440000
v -3.000000 3.060000 -1.440000
v -2.940000 3.060000 -1.500000
v -2.969961 3.008016 -1.440000
v -2.940000 3.008016 -1.469961
v -2.968693 3.015802 -1.468693
v -2.991984 3.060000 -1.469961
v -2.991984 3.030039 -1.440000
v -2.984198 3.031307 -1.468693
v -2.940000 3.030039 -1.491984
v -2.969961 3.060000 -1.491984
v -2.968693 3.031307 -1.484198
v -2.940000 3.300000 -1.440000
v -2.940000 3.240000 -1.500000
v -3.000000 3.240000 -1.440000
v -2.940000 3.291984 -1.469961
v -2.969961 3.291984 -1.440000
v -2.968693 3.284198 -1.468693
v -2.969961 3.240000 -1.491984
v -2.940000 3.269961 -1.491984
v -2.968693 3.268693 -1.484198
v -2.991984 3.269961 -1.440000
v -2.991984 3.240000 -1.469961
v -2.984198 3.268693 -1.468693
v 2.940000 3.000000 1.440000
v 3.000000 3.060000 1.440000
v 2.940000 3.060000 1.500000
v 2.969961 3.008016 1.440000
v 2.940000 3.008016 1.469961
v 2.968693 3.015802 1.468693
v 2.991984 3.060000 1.469961
v 2.991984 3.030039 1.440000
v 2.984198 3.031307 1.468693
v 2.940000 3.030039 1.491984
v 2.969961 3.060000 1.491984
v 2.968693 3.031307 1.484198
v 2.940000 3.300000 1.440000
v 2.940000 3.240000 1.500000
v 3.000000 3.240000 1.440000
v 2.940000 3.291984 1.469961
v 2.969961 3.291984 1.440000
v 2.968693 3.284198 1.468693
v 2.969961 3.240000 1.491984
v 2.940000 3.269961 1.491984
v 2.968693 3.268693 1.484198
v 2.991984 3.269961 1.440000
v 2.991984 3.240000 1.469961
v 2.984198 3.268693 1.468693
v 2.940000 3.000000 -1.440000
v 2.940000 3.060000 -1.500000
v 3.000000 3.060000 -1.440000
v 2.940000 3.008016 -1.469961
v 2.969961 3.008016 -1.440000
v 2.968693 3.015802 -1.468693
v 2.969961 3.060000 -1.491984
v 2.940000 3.030039 -1.491984
v 2.968693 3.031307 -1.484198
v 2.991984 3.030039 -1.440000
v 2.991984 3.060000 -1.469961
v 2.984198 3.031307 -1.468693
v 2.940000 3.300000 -1.440000
v 3.000000 3.240000 -1.440000
v 2.940000 3.240000 -1.500000
v 2.969961 3.291984 -1.440000
v 2.940000 3.291984 -1.469961
v 2.968693 3.284198 -1.468693
v 2.991984 3.240000 -1.469961
v 2.991984 3.269961 -1.440000
v 2.984198 3.268693 -1.468693
v 2.940000 3.269961 -1.491984
v 2.969961 3.240000 -1.491984
v 2.968693 3.268693 -1.484198
v -2.955000 0.140000 1.380000
v -2.955000 0.160000 1.400000
v -2.975000 0.160000 1.380000
v -2.955000 0.145858 1.394142
v -2.966547 0.148453 1.391547
v -2.969142 0.160000 1.394142
v -2.969142 0.145858 1.380000
v -2.955000 2.980000 1.400000
v -2.955000 3.000000 1.380000
v -2.975000 2.980000 1.380000
v -2.955000 2.994142 1.394142
v -2.966547 2.991547 1.391547
v -2.969142 2.994142 1.380000
v -2.969142 2.980000 1.394142
v -2.955000 0.140000 -1.380000
v -2.975000 0.160000 -1.380000
v -2.955000 0.160000 -1.400000
v -2.969142 0.145858 -1.380000
v -2.966547 0.148453 -1.391547
v -2.969142 0.160000 -1.394142
v -2.955000 0.145858 -1.394142
v -2.955000 3.000000 -1.380000
v -2.955000 2.980000 -1.400000
v -2.975000 2.980000 -1.380000
v -2.955000 2.994142 -1.394142
v -2.966547 2.991547 -1.391547
v -2.969142 2.980000 -1.394142
v -2.969142 2.994142 -1.380000
v -2.745000 0.140000 1.380000
v -2.725000 0.160000 1.380000
v -2.745000 0.160000 1.400000
v -2.730858 0.145858 1.380000
v -2.733453 0.148453 1.391547
v -2.730858 0.160000 1.394142
v -2.745000 0.145858 1.394142
v -2.745000 3.000000 1.380000
v -2.745000 2.980000 1.400000
v -2.725000 2.980000 1.380000
v -2.745000 2.994142 1.394142
v -2.733453 2.991547 1.391547
v -2.730858 2.980000 1.394142
v -2.730858 2.994142 1.380000
v -2.745000 0.140000 -1.380000
v -2.745000 0.160000 -1.400000
v -2.725000 0.160000 -1.380000
v -2.745000 0.145858 -1.394142
v -2.733453 0.148453 -1.391547
v -2.730858 0.160000 -1.394142
v -2.730858 0.145858 -1.380000
v -2.745000 3.000000 -1.380000
v -2.725000 2.980000 -1.380000
v -2.745000 2.980000 -1.400000
v -2.730858 2.994142 -1.380000
v -2.733453 2.991547 -1.391547
v -2.730858 2.980000 -1.394142
v -2.745000 2.994142 -1.394142
v 1.070000 0.140000 1.380000
v 1.070000 0.160000 1.400000
v 1.050000 0.160000 1.380000
v 1.070000 0.145858 1.394142
v 1.058453 0.148453 1.391547
v 1.055858 0.160000 1.394142
v 1.055858 0.145858 1.380000
v 1.070000 2.980000 1.400000
v 1.070000 3.000000 1.380000
v 1.050000 2.980000 1.380000
v 1.070000 2.994142 1.394142
v 1.058453 2.991547 1.391547
v 1.055858 2.994142 1.380000
v 1.055858 2.980000 1.394142
v 1.070000 0.140000 -1.380000
v 1.050000 0.160000 -1.380000
v 1.070000 0.160000 -1.400000
v 1.055858 0.145858 -1.380000
v 1.058453 0.148453 -1.391547
v 1.055858 0.160000 -1.394142
v 1.070000 0.145858 -1.394142
v 1.070000 3.000000 -1.380000
v 1.070000 2.980000 -1.400000
v 1.050000 2.980000 -1.380000
v 1.070000 2.994142 -1.394142
v 1.058453 2.991547 -1.391547
v 1.055858 2.980000 -1.394142
v 1.055858 2.994142 -1.380000
v 2.830000 0.140000 1.380000
v 2.850000 0.160000 1.380000
v 2.830000 0.160000 1.400000
v 2.844142 0.145858 1.380000
v 2.841547 0.148453 1.391547
v 2.844142 0.160000 1.394142
v 2.830000 0.145858 1.394142
v 2.830000 3.000000 1.380000
v 2.830000 2.980000 1.400000
v 2.850000 2.980000 1.380000
v 2.830000 2.994142 1.394142
v 2.841547 2.991547 1.391547
v 2.844142 2.980000 1.394142
v 2.844142 2.994142 1.380000
v 2.830000 0.140000 -1.380000
v 2.830000 0.160000 -1.400000
v 2.850000 0.160000 -1.380000
v 2.830000 0.145858 -1.394142
v 2.841547 0.148453 -1.391547
v 2.844142 0.160000 -1.394142
v 2.844142 0.145858 -1.380000
v 2.830000 3.000000 -1.380000
v 2.850000 2.980000 -1.380000
v 2.830000 2.980000 -1.400000
v 2.844142 2.994142 -1.380000
v 2.841547 2.991547 -1.391547
v 2.844142 2.980000 -1.394142
v 2.830000 2.994142 -1.394142
v 1.160000 0.000000 1.290000
v 1.160000 0.010000 1.300000
v 1.150000 0.010000 1.290000
v 1.160000 0.002929 1.297071
v 1.154227 0.004227 1.295774
v 1.152929 0.010000 1.297071
v 1.152929 0.002929 1.290000
v 1.160000 0.130000 1.300000
v 1.160000 0.140000 1.290000
v 1.150000 0.130000 1.290000
v 1.160000 0.137071 1.297071
v 1.154227 0.135774 1.295774
v 1.152929 0.137071 1.290000
v 1.152929 0.130000 1.297071
v 1.160000 -0.000000 -1.190000
v 1.150000 0.010000 -1.190000
v 1.160000 0.010000 -1.200000
v 1.152929 0.002929 -1.190000
v 1.154227 0.004226 -1.195774
v 1.152929 0.010000 -1.197071
v 1.160000 0.002929 -1.197071
v 1.160000 0.140000 -1.190000
v 1.160000 0.130000 -1.200000
v 1.150000 0.130000 -1.190000
v 1.160000 0.137071 -1.197071
v 1.154227 0.135773 -1.195774
v 1.152929 0.130000 -1.197071
v 1.152929 0.137071 -1.190000
v 2.740000 0.000000 1.290000
v 2.750000 0.010000 1.290000
v 2.740000 0.010000 1.300000
v 2.747071 0.002929 1.290000
v 2.745773 0.004227 1.295774
v 2.747071 0.010000 1.297071
v 2.740000 0.002929 1.297071
v 2.740000 0.140000 1.290000
v 2.740000 0.130000 1.300000
v 2.750000 0.130000 1.290000
v 2.740000 0.137071 1.297071
v 2.745773 0.135774 1.295774
v 2.747071 0.130000 1.297071
v 2.747071 0.137071 1.290000
v 2.740000 -0.000000 -1.190000
v 2.740000 0.010000 -1.200000
v 2.750000 0.010000 -1.190000
v 2.740000 0.002929 -1.197071
v 2.745773 0.004226 -1.195774
v 2.747071 0.010000 -1.197071
v 2.747071 0.002929 -1.190000
v 2.740000 0.140000 -1.190000
v 2.750000 0.130000 -1.190000
v 2.740000 0.130000 -1.200000
v 2.747071 0.137071 -1.190000
v 2.745773 0.135773 -1.195774
v 2.747071 0.130000 -1.197071
v 2.740000 0.137071 -1.197071
v -2.785000 1.200000 1.360000
v -2.785000 1.215000 1.375000
v -2.800000 1.215000 1.360000
v -2.785000 1.204393 1.370607
v -2.793660 1.206340 1.368660
v -2.795607 1.215000 1.370607
v -2.795607 1.204393 1.360000
v -2.785000 2.985000 1.375000
v -2.785000 3.000000 1.360000
v -2.800000 2.985000 1.360000
v -2.785000 2.995606 1.370607
v -2.793660 2.993660 1.368660
v -2.795607 2.995606 1.360000
v -2.795607 2.985000 1.370607
v -2.785000 1.200000 1.240000
v -2.800000 1.215000 1.240000
v -2.785000 1.215000 1.225000
v -2.795607 1.204393 1.240000
v -2.793660 1.206340 1.231340
v -2.795607 1.215000 1.229393
v -2.785000 1.204393 1.229393
v -2.785000 3.000000 1.240000
v -2.785000 2.985000 1.225000
v -2.800000 2.985000 1.240000
v -2.785000 2.995606 1.229393
v -2.793660 2.993660 1.231339
v -2.795607 2.985000 1.229393
v -2.795607 2.995606 1.240000
v 2.785000 1.200000 1.360000
v 2.800000 1.215000 1.360000
v 2.785000 1.215000 1.375000
v 2.795607 1.204393 1.360000
v 2.793660 1.206340 1.368660
v 2.795607 1.215000 1.370607
v 2.785000 1.204393 1.370607
v 2.785000 3.000000 1.360000
v 2.785000 2.985000 1.375000
v 2.800000 2.985000 1.360000
v 2.785000 2.995606 1.370607
v 2.793660 2.993660 1.368660
v 2.795607 2.985000 1.370607
v 2.795607 2.995606 1.360000
v 2.785000 1.200000 1.240000
v 2.785000 1.215000 1.225000
v 2.800000 1.215000 1.240000
v 2.785000 1.204393 1.229393
v 2.793660 1.206340 1.231340
v 2.795607 1.215000 1.229393
v 2.795607 1.204393 1.240000
v 2.785000 3.000000 1.240000
v 2.800000 2.985000 1.240000
v 2.785000 2.985000 1.225000
v 2.795607 2.995606 1.240000
v 2.793660 2.993660 1.231340
v 2.795607 2.985000 1.229393
v 2.785000 2.995606 1.229393
v 1.150000 0.195000 -1.400000
v 2.750000 0.195000 -1.400000
v 2.750000 1.045000 -1.400000
v 1.150000 1.045000 -1.400000
v 1.150000 0.195000 -1.421000
v 2.750000 0.195000 -1.421000
v 2.750000 1.045000 -1.421000
v 1.150000 1.045000 -1.421000
v 1.250000 0.295000 -1.460000
v 2.650000 0.295000 -1.460000
v 2.650000 0.945000 -1.460000
v 1.250000 0.945000 -1.460000
v 1.950000 0.800000 -1.470000
v 2.070000 0.800000 -1.470000
v 2.060866 0.754078 -1.470000
v 2.034853 0.715147 -1.470000
v 1.995922 0.689134 -1.470000
v 1.950000 0.680000 -1.470000
v 1.904078 0.689134 -1.470000
v 1.865147 0.715147 -1.470000
v 1.839134 0.754078 -1.470000
v 1.830000 0.800000 -1.470000
v 1.839134 0.845922 -1.470000
v 1.865147 0.884853 -1.470000
v 1.904078 0.910865 -1.470000
v 1.950000 0.920000 -1.470000
v 1.995922 0.910865 -1.470000
v 2.034853 0.884853 -1.470000
v 2.060866 0.845922 -1.470000
v 2.070000 0.800000 -1.490000
v 2.060866 0.754078 -1.490000
v 2.034853 0.715147 -1.490000
v 1.995922 0.689134 -1.490000
v 1.950000 0.680000 -1.490000
v 1.904078 0.689134 -1.490000
v 1.865147 0.715147 -1.490000
v 1.839134 0.754078 -1.490000
v 1.830000 0.800000 -1.490000
v 1.839134 0.845922 -1.490000
v 1.865147 0.884853 -1.490000
v 1.904078 0.910865 -1.490000
v 1.950000 0.920000 -1.490000
v 1.995922 0.910865 -1.490000
v 2.034853 0.884853 -1.490000
v 2.060866 0.845922 -1.490000
v 1.950000 0.800000 -1.490000
v 1.727000 0.750000 -1.517000
v 1.727000 0.777000 -1.490000
v 1.700000 0.777000 -1.517000
v 1.727000 0.753607 -1.503518
v 1.713518 0.753607 -1.517000
v 1.714088 0.757111 -1.504088
v 1.713518 0.777000 -1.493607
v 1.727000 0.763518 -1.493607
v 1.714088 0.764088 -1.497111
v 1.703607 0.763518 -1.517000
v 1.703607 0.777000 -1.503518
v 1.707111 0.764088 -1.504088
v 1.727000 0.823000 -1.490000
v 1.727000 0.850000 -1.517000
v 1.700000 0.823000 -1.517000
v 1.727000 0.836482 -1.493607
v 1.713518 0.823000 -1.493607
v 1.714088 0.835912 -1.497111
v 1.713518 0.846393 -1.517000
v 1.727000 0.846393 -1.503518
v 1.714088 0.842889 -1.504088
v 1.703607 0.823000 -1.503518
v 1.703607 0.836482 -1.517000
v 1.707111 0.835912 -1.504088
v 1.727000 0.750000 -1.523000
v 1.700000 0.777000 -1.523000
v 1.727000 0.777000 -1.550000
v 1.713518 0.753607 -1.523000
v 1.727000 0.753607 -1.536482
v 1.714088 0.757111 -1.535912
v 1.703607 0.777000 -1.536482
v 1.703607 0.763518 -1.523000
v 1.707111 0.764088 -1.535912
v 1.727000 0.763518 -1.546393
v 1.713518 0.777000 -1.546393
v 1.714088 0.764088 -1.542889
v 1.727000 0.850000 -1.523000
v 1.727000 0.823000 -1.550000
v 1.700000 0.823000 -1.523000
v 1.727000 0.846393 -1.536482
v 1.713518 0.846393 -1.523000
v 1.714088 0.842889 -1.535912
v 1.713518 0.823000 -1.546393
v 1.727000 0.836482 -1.546393
v 1.714088 0.835912 -1.542889
v 1.703607 0.836482 -1.523000
v 1.703607 0.823000 -1.536482
v 1.707111 0.835912 -1.535912
v 2.173000 0.750000 -1.517000
v 2.200000 0.777000 -1.517000
v 2.173000 0.777000 -1.490000
v 2.186483 0.753607 -1.517000
v 2.173000 0.753607 -1.503518
v 2.185912 0.757111 -1.504088
v 2.196393 0.777000 -1.503518
v 2.196393 0.763518 -1.517000
v 2.192889 0.764088 -1.504088
v 2.173000 0.763518 -1.493607
v 2.186483 0.777000 -1.493607
v 2.185912 0.764088 -1.497111
v 2.173000 0.850000 -1.517000
v 2.173000 0.823000 -1.490000
v 2.200000 0.823000 -1.517000
v 2.173000 0.846393 -1.503518
v 2.186483 0.846393 -1.517000
v 2.185912 0.842889 -1.504088
v 2.186483 0.823000 -1.493607
v 2.173000 0.836482 -1.493607
v 2.185912 0.835912 -1.497111
v 2.196393 0.836482 -1.517000
v 2.196393 0.823000 -1.503518
v 2.192889 0.835912 -1.504088
v 2.173000 0.750000 -1.523000
v 2.173000 0.777000 -1.550000
v 2.200000 0.777000 -1.523000
v 2.173000 0.753607 -1.536482
v 2.186483 0.753607 -1.523000
v 2.185912 0.757111 -1.535912
v 2.186483 0.777000 -1.546393
v 2.173000 0.763518 -1.546393
v 2.185912 0.764088 -1.542889
v 2.196393 0.763518 -1.523000
v 2.196393 0.777000 -1.536482
v 2.192889 0.764088 -1.535912
v 2.173000 0.850000 -1.523000
v 2.200000 0.823000 -1.523000
v 2.173000 0.823000 -1.550000
v 2.186483 0.846393 -1.523000
v 2.173000 0.846393 -1.536482
v 2.185912 0.842889 -1.535912
v 2.196393 0.823000 -1.536482
v 2.196393 0.836482 -1.523000
v 2.192889 0.835912 -1.535912
v 2.173000 0.836482 -1.546393
v 2.186483 0.823000 -1.546393
v 2.185912 0.835912 -1.542889
v 1.150000 1.145000 -1.400000
v 2.750000 1.145000 -1.400000
v 2.750000 1.995000 -1.400000
v 1.150000 1.995000 -1.400000
v 1.150000 1.145000 -1.421000
v 2.750000 1.145000 -1.421000
v 2.750000 1.995000 -1.421000
v 1.150000 1.995000 -1.421000
v 1.250000 1.245000 -1.460000
v 2.650000 1.245000 -1.460000
v 2.650000 1.895000 -1.460000
v 1.250000 1.895000 -1.460000
v 1.950000 1.750000 -1.470000
v 2.070000 1.750000 -1.470000
v 2.060866 1.704078 -1.470000
v 2.034853 1.665147 -1.470000
v 1.995922 1.639134 -1.470000
v 1.950000 1.630000 -1.470000
v 1.904078 1.639134 -1.470000
v 1.865147 1.665147 -1.470000
v 1.839134 1.704078 -1.470000
v 1.830000 1.750000 -1.470000
v 1.839134 1.795922 -1.470000
v 1.865147 1.834853 -1.470000
v 1.904078 1.860865 -1.470000
v 1.950000 1.870000 -1.470000
v 1.995922 1.860865 -1.470000
v 2.034853 1.834853 -1.470000
v 2.060866 1.795922 -1.470000
v 2.070000 1.750000 -1.490000
v 2.060866 1.704078 -1.490000
v 2.034853 1.665147 -1.490000
v 1.995922 1.639134 -1.490000
v 1.950000 1.630000 -1.490000
v 1.904078 1.639134 -1.490000
v 1.865147 1.665147 -1.490000
v 1.839134 1.704078 -1.490000
v 1.830000 1.750000 -1.490000
v 1.839134 1.795922 -1.490000
v 1.865147 1.834853 -1.490000
v 1.904078 1.860865 -1.490000
v 1.950000 1.870000 -1.490000
v 1.995922 1.860865 -1.490000
v 2.034853 1.834853 -1.490000
v 2.060866 1.795922 -1.490000
v 1.950000 1.750000 -1.490000
v 1.727000 1.700000 -1.517000
v 1.727000 1.727000 -1.490000
v 1.700000 1.727000 -1.517000
v 1.727000 1.703607 -1.503518
v 1.713518 1.703607 -1.517000
v 1.714088 1.707111 -1.504089
v 1.713518 1.727000 -1.493607
v 1.727000 1.713518 -1.493607
v 1.714088 1.714088 -1.497111
v 1.703607 1.713518 -1.517000
v 1.703607 1.727000 -1.503518
v 1.707111 1.714088 -1.504089
v 1.727000 1.773000 -1.490000
v 1.727000 1.800000 -1.517000
v 1.700000 1.773000 -1.517000
v 1.727000 1.786482 -1.493607
v 1.713518 1.773000 -1.493607
v 1.714088 1.785911 -1.497111
v 1.713518 1.796393 -1.517000
v 1.727000 1.796393 -1.503518
v 1.714088 1.792889 -1.504089
v 1.703607 1.773000 -1.503518
v 1.703607 1.786482 -1.517000
v 1.707111 1.785911 -1.504089
v 1.727000 1.700000 -1.523000
v 1.700000 1.727000 -1.523000
v 1.727000 1.727000 -1.550000
v 1.713518 1.703607 -1.523000
v 1.727000 1.703607 -1.536482
v 1.714088 1.707111 -1.535912
v 1.703607 1.727000 -1.536482
v 1.703607 1.713518 -1.523000
v 1.707111 1.714088 -1.535912
v 1.727000 1.713518 -1.546393
v 1.713518 1.727000 -1.546393
v 1.714088 1.714088 -1.542889
v 1.727000 1.800000 -1.523000
v 1.727000 1.773000 -1.550000
v 1.700000 1.773000 -1.523000
v 1.727000 1.796393 -1.536482
v 1.713518 1.796393 -1.523000
v 1.714088 1.792889 -1.535912
v 1.713518 1.773000 -1.546393
v 1.727000 1.786482 -1.546393
v 1.714088 1.785911 -1.542889
v 1.703607 1.786482 -1.523000
v 1.703607 1.773000 -1.536482
v 1.707111 1.785911 -1.535912
v 2.173000 1.700000 -1.517000
v 2.200000 1.727000 -1.517000
v 2.173000 1.727000 -1.490000
v 2.186483 1.703607 -1.517000
v 2.173000 1.703607 -1.503518
v 2.185912 1.707111 -1.504089
v 2.196393 1.727000 -1.503518
v 2.196393 1.713518 -1.517000
v 2.192889 1.714088 -1.504089
v 2.173000 1.713518 -1.493607
v 2.186483 1.727000 -1.493607
v 2.185912 1.714088 -1.497111
v 2.173000 1.800000 -1.517000
v 2.173000 1.773000 -1.490000
v 2.200000 1.773000 -1.517000
v 2.173000 1.796393 -1.503518
v 2.186483 1.796393 -1.517000
v 2.185912 1.792889 -1.504089
v 2.186483 1.773000 -1.493607
v 2.173000 1.786482 -1.493607
v 2.185912 1.785911 -1.497111
v 2.196393 1.786482 -1.517000
v 2.196393 1.773000 -1.503518
v 2.192889 1.785911 -1.504089
v 2.173000 1.700000 -1.523000
v 2.173000 1.727000 -1.550000
v 2.200000 1.727000 -1.523000
v 2.173000 1.703607 -1.536482
v 2.186483 1.703607 -1.523000
v 2.185912 1.707111 -1.535912
v 2.186483 1.727000 -1.546393
v 2.173000 1.713518 -1.546393
v 2.185912 1.714088 -1.542889
v 2.196393 1.713518 -1.523000
v 2.196393 1.727000 -1.536482
v 2.192889 1.714088 -1.535912
v 2.173000 1.800000 -1.523000
v 2.200000 1.773000 -1.523000
v 2.173000 1.773000 -1.550000
v 2.186483 1.796393 -1.523000
v 2.173000 1.796393 -1.536482
v 2.185912 1.792889 -1.535912
v 2.196393 1.773000 -1.536482
v 2.196393 1.786482 -1.523000
v 2.192889 1.785911 -1.535912
v 2.173000 1.786482 -1.546393
v 2.186483 1.773000 -1.546393
v 2.185912 1.785911 -1.542889
v 1.150000 2.095000 -1.400000
v 2.750000 2.095000 -1.400000
v 2.750000 2.945000 -1.400000
v 1.150000 2.945000 -1.400000
v 1.150000 2.095000 -1.421000
v 2.750000 2.095000 -1.421000
v 2.750000 2.945000 -1.421000
v 1.150000 2.945000 -1.421000
v 1.250000 2.195000 -1.460000
v 2.650000 2.195000 -1.460000
v 2.650000 2.845000 -1.460000
v 1.250000 2.845000 -1.460000
v 1.950000 2.700000 -1.470000
v 2.070000 2.700000 -1.470000
v 2.060866 2.654078 -1.470000
v 2.034853 2.615147 -1.470000
v 1.995922 2.589134 -1.470000
v 1.950000 2.580000 -1.470000
v 1.904078 2.589134 -1.470000
v 1.865147 2.615147 -1.470000
v 1.839134 2.654078 -1.470000
v 1.830000 2.700000 -1.470000
v 1.839134 2.745922 -1.470000
v 1.865147 2.784853 -1.470000
v 1.904078 2.810866 -1.470000
v 1.950000 2.820000 -1.470000
v 1.995922 2.810866 -1.470000
v 2.034853 2.784853 -1.470000
v 2.060866 2.745922 -1.470000
v 2.070000 2.700000 -1.490000
v 2.060866 2.654078 -1.490000
v 2.034853 2.615147 -1.490000
v 1.995922 2.589134 -1.490000
v 1.950000 2.580000 -1.490000
v 1.904078 2.589134 -1.490000
v 1.865147 2.615147 -1.490000
v 1.839134 2.654078 -1.490000
v 1.830000 2.700000 -1.490000
v 1.839134 2.745922 -1.490000
v 1.865147 2.784853 -1.490000
v 1.904078 2.810866 -1.490000
v 1.950000 2.820000 -1.490000
v 1.995922 2.810866 -1.490000
v 2.034853 2.784853 -1.490000
v 2.060866 2.745922 -1.490000
v 1.950000 2.700000 -1.490000
v 1.727000 2.650000 -1.517000
v 1.727000 2.677000 -1.490000
v 1.700000 2.677000 -1.517000
v 1.727000 2.653607 -1.503518
v 1.713518 2.653607 -1.517000
v 1.714088 2.657111 -1.504089
v 1.713518 2.677000 -1.493607
v 1.727000 2.663517 -1.493607
v 1.714088 2.664088 -1.497111
v 1.703607 2.663517 -1.517000
v 1.703607 2.677000 -1.503518
v 1.707111 2.664088 -1.504089
v 1.727000 2.723000 -1.490000
v 1.727000 2.750000 -1.517000
v 1.700000 2.723000 -1.517000
v 1.727000 2.736482 -1.493607
v 1.713518 2.723000 -1.493607
v 1.714088 2.735912 -1.497111
v 1.713518 2.746393 -1.517000
v 1.727000 2.746393 -1.503518
v 1.714088 2.742889 -1.504089
v 1.703607 2.723000 -1.503518
v 1.703607 2.736482 -1.517000
v 1.707111 2.735912 -1.504089
v 1.727000 2.650000 -1.523000
v 1.700000 2.677000 -1.523000
v 1.727000 2.677000 -1.550000
v 1.713518 2.653607 -1.523000
v 1.727000 2.653607 -1.536482
v 1.714088 2.657111 -1.535912
v 1.703607 2.677000 -1.536482
v 1.703607 2.663517 -1.523000
v 1.707111 2.664088 -1.535912
v 1.727000 2.663517 -1.546393
v 1.713518 2.677000 -1.546393
v 1.714088 2.664088 -1.542889
v 1.727000 2.750000 -1.523000
v 1.727000 2.723000 -1.550000
v 1.700000 2.723000 -1.523000
v 1.727000 2.746393 -1.536482
v 1.713518 2.746393 -1.523000
v 1.714088 2.742889 -1.535912
v 1.713518 2.723000 -1.546393
v 1.727000 2.736482 -1.546393
v 1.714088 2.735912 -1.542889
v 1.703607 2.736482 -1.523000
v 1.703607 2.723000 -1.536482
v 1.707111 2.735912 -1.535912
v 2.173000 2.650000 -1.517000
v 2.200000 2.677000 -1.517000
v 2.173000 2.677000 -1.490000
v 2.186483 2.653607 -1.517000
v 2.173000 2.653607 -1.503518
v 2.185912 2.657111 -1.504089
v 2.196393 2.677000 -1.503518
v 2.196393 2.663517 -1.517000
v 2.192889 2.664088 -1.504089
v 2.173000 2.663517 -1.493607
v 2.186483 2.677000 -1.493607
v 2.185912 2.664088 -1.497111
v 2.173000 2.750000 -1.517000
v 2.173000 2.723000 -1.490000
v 2.200000 2.723000 -1.517000
v 2.173000 2.746393 -1.503518
v 2.186483 2.746393 -1.517000
v 2.185912 2.742889 -1.504089
v 2.186483 2.723000 -1.493607
v 2.173000 2.736482 -1.493607
v 2.185912 2.735912 -1.497111
v 2.196393 2.736482 -1.517000
v 2.196393 2.723000 -1.503518
v 2.192889 2.735912 -1.504089
v 2.173000 2.650000 -1.523000
v 2.173000 2.677000 -1.550000
v 2.200000 2.677000 -1.523000
v 2.173000 2.653607 -1.536482
v 2.186483 2.653607 -1.523000
v 2.185912 2.657111 -1.535912
v 2.186483 2.677000 -1.546393
v 2.173000 2.663517 -1.546393
v 2.185912 2.664088 -1.542889
v 2.196393 2.663517 -1.523000
v 2.196393 2.677000 -1.536482
v 2.192889 2.664088 -1.535912
v 2.173000 2.750000 -1.523000
v 2.200000 2.723000 -1.523000
v 2.173000 2.723000 -1.550000
v 2.186483 2.746393 -1.523000
v 2.173000 2.746393 -1.536482
v 2.185912 2.742889 -1.535912
v 2.196393 2.723000 -1.536482
v 2.196393 2.736482 -1.523000
v 2.192889 2.735912 -1.535912
v 2.173000 2.736482 -1.546393
v 2.186483 2.723000 -1.546393
v 2.185912 2.735912 -1.542889
vn -0.1216 -0.8623 0.4916
vn -0.4916 -0.8623 0.1216
vn -0.1280 -0.9835 0.1280
vn -0.1216 -0.4916 0.8623
vn -0.4488 -0.7727 0.4488
vn -0.4916 -0.1216 0.8623
vn -0.1280 -0.1280 0.9835
vn -0.8623 -0.1216 0.4916
vn -0.4489 -0.4488 0.7727
vn -0.8623 -0.4916 0.1216
vn -0.9835 -0.1280 0.1280
vn -0.7727 -0.4489 0.4488
vn -0.1216 0.4916 0.8623
vn -0.4916 0.1216 0.8623
vn -0.1280 0.1280 0.9835
vn -0.1216 0.8623 0.4916
vn -0.4488 0.4488 0.7727
vn -0.4916 0.8623 0.1216
vn -0.1280 0.9835 0.1280
vn -0.7727 0.4489 0.4488
vn -0.4488 0.7727 0.4488
vn -0.8623 0.1216 0.4916
vn -0.8623 0.4916 0.1216
vn -0.9835 0.1280 0.1280
vn -0.4916 -0.8623 -0.1216
vn -0.1216 -0.8623 -0.4916
vn -0.1280 -0.9835 -0.1280
vn -0.8623 -0.4916 -0.1216
vn -0.4488 -0.7727 -0.4488
vn -0.8623 -0.1216 -0.4916
vn -0.9835 -0.1280 -0.1280
vn -0.4488 -0.4488 -0.7727
vn -0.7727 -0.4488 -0.4488
vn -0.1216 -0.4916 -0.8623
vn -0.4916 -0.1216 -0.8623
vn -0.1280 -0.1280 -0.9835
vn -0.1216 0.8623 -0.4916
vn -0.4916 0.8623 -0.1216
vn -0.1280 0.9835 -0.1280
vn -0.1216 0.4916 -0.8623
vn -0.4488 0.7727 -0.4488
vn -0.4916 0.1216 -0.8623
vn -0.1280 0.1280 -0.9835
vn -0.8623 0.1216 -0.4916
vn -0.4488 0.4488 -0.7727
vn -0.8623 0.4916 -0.1216
vn -0.9835 0.1280 -0.1280
vn -0.7727 0.4489 -0.4488
vn 0.4916 -0.8623 0.1216
vn 0.1216 -0.8623 0.4916
vn 0.1280 -0.9835 0.1280
vn 0.8623 -0.4916 0.1216
vn 0.4489 -0.7727 0.4488
vn 0.8623 -0.1216 0.4916
vn 0.9835 -0.1280 0.1280
vn 0.4488 -0.4488 0.7727
vn 0.7727 -0.4488 0.4488
vn 0.1216 -0.4916 0.8623
vn 0.4916 -0.1216 0.8623
vn 0.1280 -0.1280 0.9835
vn 0.1216 0.8623 0.4916
vn 0.4916 0.8623 0.1216
vn 0.1280 0.9835 0.1280
vn 0.4488 0.4488 0.7727
vn 0.4488 0.7727 0.4488
vn 0.4916 0.1216 0.8623
vn 0.1216 0.4916 0.8623
vn 0.1280 0.1280 0.9835
vn 0.8623 0.1216 0.4916
vn 0.8623 0.4916 0.1216
vn 0.9835 0.1280 0.1280
vn 0.7727 0.4488 0.4488
vn 0.1216 -0.8623 -0.4916
vn 0.4916 -0.8623 -0.1216
vn 0.1280 -0.9835 -0.1280
vn 0.1216 -0.4916 -0.8623
vn 0.4488 -0.7727 -0.4488
vn 0.4916 -0.1216 -0.8623
vn 0.1280 -0.1280 -0.9835
vn 0.8623 -0.1216 -0.4916
vn 0.4488 -0.4488 -0.7727
vn 0.8623 -0.4916 -0.1216
vn 0.9835 -0.1280 -0.1280
vn 0.7727 -0.4489 -0.4488
vn 0.4916 0.8623 -0.1216
vn 0.1216 0.8623 -0.4916
vn 0.1280 0.9835 -0.1280
vn 0.7727 0.4489 -0.4488
vn 0.4488 0.7727 -0.4488
vn 0.8623 0.1216 -0.4916
vn 0.8623 0.4916 -0.1216
vn 0.9835 0.1280 -0.1280
vn 0.4488 0.4488 -0.7727
vn 0.1216 0.4916 -0.8623
vn 0.4916 0.1216 -0.8623
vn 0.1280 0.1280 -0.9835
vn -0.1794 -0.9673 0.1794
vn -0.3251 -0.8881 0.3251
vn -0.3791 -0.9152 0.1369
vn -0.1794 -0.1794 0.9673
vn -0.3251 -0.3251 0.8881
vn -0.1369 -0.3791 0.9152
vn -0.9673 -0.1794 0.1794
vn -0.8881 -0.3251 0.3250
vn -0.9152 -0.1368 0.3791
vn -0.1794 0.1794 0.9673
vn -0.3251 0.3251 0.8881
vn -0.3791 0.1369 0.9152
vn -0.1794 0.9673 0.1794
vn -0.3251 0.8881 0.3250
vn -0.1369 0.9152 0.3791
vn -0.9673 0.1794 0.1794
vn -0.8881 0.3251 0.3251
vn -0.9152 0.3791 0.1368
vn -0.1794 -0.9673 -0.1794
vn -0.3251 -0.8881 -0.3251
vn -0.1369 -0.9152 -0.3791
vn -0.9673 -0.1794 -0.1794
vn -0.8881 -0.3251 -0.3250
vn -0.9152 -0.3791 -0.1368
vn -0.1794 -0.1794 -0.9673
vn -0.3251 -0.3251 -0.8881
vn -0.3791 -0.1369 -0.9152
vn -0.1794 0.9673 -0.1794
vn -0.3251 0.8881 -0.3250
vn -0.3791 0.9152 -0.1369
vn -0.1794 0.1794 -0.9673
vn -0.3251 0.3251 -0.8881
vn -0.1369 0.3791 -0.9152
vn -0.9673 0.1794 -0.1794
vn -0.8881 0.3251 -0.3251
vn -0.9152 0.1368 -0.3791
vn 0.1794 -0.9673 0.1794
vn 0.3251 -0.8881 0.3251
vn 0.1369 -0.9152 0.3791
vn 0.9673 -0.1794 0.1794
vn 0.8881 -0.3251 0.3251
vn 0.9152 -0.3791 0.1369
vn 0.1794 -0.1794 0.9673
vn 0.3251 -0.3251 0.8881
vn 0.3791 -0.1369 0.9152
vn 0.1794 0.9673 0.1794
vn 0.3251 0.8881 0.3251
vn 0.3791 0.9152 0.1368
vn 0.1794 0.1794 0.9673
vn 0.3251 0.3251 0.8881
vn 0.1368 0.3791 0.9152
vn 0.9673 0.1794 0.1794
vn 0.8881 0.3251 0.3251
vn 0.9152 0.1368 0.3791
vn 0.1794 -0.9673 -0.1794
vn 0.3251 -0.8881 -0.3251
vn 0.3791 -0.9152 -0.1369
vn 0.1794 -0.1794 -0.9673
vn 0.3251 -0.3251 -0.8881
vn 0.1369 -0.3791 -0.9152
vn 0.9673 -0.1794 -0.1794
vn 0.8881 -0.3251 -0.3251
vn 0.9152 -0.1368 -0.3791
vn 0.1794 0.9673 -0.1794
vn 0.3251 0.8881 -0.3251
vn 0.1368 0.9152 -0.3791
vn 0.9673 0.1794 -0.1794
vn 0.8881 0.3251 -0.3251
vn 0.9152 0.3791 -0.1369
vn 0.1794 0.1794 -0.9673
vn 0.3251 0.3251 -0.8881
vn 0.3791 0.1369 -0.9152
vn -0.3791 -0.9152 -0.1369
vn -0.9152 -0.3791 0.1368
vn -0.3791 -0.1369 0.9152
vn -0.9152 0.1368 0.3791
vn -0.3791 0.9152 0.1369
vn -0.9152 0.3791 -0.1368
vn -0.3791 0.1369 -0.9152
vn -0.9152 -0.1368 -0.3791
vn 0.1369 -0.9152 -0.3791
vn -0.1369 0.9152 -0.3791
vn 0.1369 0.3791 -0.9152
vn 0.9152 0.1368 -0.3791
vn 0.3791 -0.1369 -0.9152
vn 0.3791 -0.9152 0.1369
vn 0.9152 -0.3791 -0.1369
vn 0.3791 0.9152 -0.1368
vn 0.9152 0.3791 0.1368
vn 0.3791 0.1369 0.9152
vn -0.1369 -0.9152 0.3791
vn 0.1369 -0.3791 0.9152
vn 0.1368 0.9152 0.3791
vn -0.8881 -0.3251 0.3251
vn -0.9152 -0.1369 0.3791
vn -0.3251 0.8881 0.3251
vn -0.9152 0.3791 0.1369
vn -0.8881 -0.3251 -0.3251
vn -0.9152 -0.3791 -0.1369
vn -0.3251 0.8881 -0.3251
vn -0.3791 0.9152 -0.1368
vn -0.9152 0.1369 -0.3791
vn 0.8881 -0.3251 0.3250
vn 0.9152 -0.3791 0.1368
vn 0.3251 0.8881 0.3250
vn 0.3791 0.9152 0.1369
vn 0.1369 0.3791 0.9152
vn 0.8881 -0.3251 -0.3250
vn 0.3251 0.8881 -0.3250
vn 0.1369 0.9152 -0.3791
vn 0.9152 0.3791 -0.1368
vn -0.9152 0.1369 0.3791
vn -0.3791 0.9152 0.1368
vn -0.9152 0.3791 -0.1369
vn -0.9152 -0.1369 -0.3791
vn -0.1369 -0.3791 -0.9152
vn -0.1368 0.9152 -0.3791
vn 0.9152 -0.3791 -0.1368
vn 0.3791 0.9152 -0.1369
vn 0.9152 -0.1368 0.3791
vn 0.1369 0.9152 0.3791
vn -0.1369 0.3791 0.9152
vn -0.3250 -0.3251 0.8881
vn -0.1368 -0.3791 0.9152
vn 0.1368 -0.9152 0.3791
vn 0.8881 -0.3250 0.3251
vn 0.8881 0.3250 0.3251
vn 0.9152 0.1369 0.3791
vn 0.3791 -0.9152 -0.1368
vn 0.9152 -0.1369 -0.3791
vn 0.1368 -0.9152 -0.3791
vn 0.9152 0.1369 -0.3791
vn 0.3791 -0.9152 0.1368
vn 0.9152 -0.1369 0.3791
vn 0.1368 -0.3791 0.9152
vn -0.3250 -0.8881 0.3251
vn -0.3250 0.3251 0.8881
vn 0.3250 -0.8881 0.3251
vn 0.3250 0.3251 0.8881
vn -0.0000 -0.0000 1.0000
vn -0.0000 -1.0000 -0.0000
vn -0.1880 -0.1880 -0.9640
vn 0.1402 -0.1402 -0.9801
vn 0.1880 -0.1880 -0.9640
vn 1.0000 -0.0000 -0.0000
vn 0.1880 0.1880 -0.9640
vn -0.0000 1.0000 -0.0000
vn -0.1402 0.1402 -0.9801
vn -0.1880 0.1880 -0.9640
vn -1.0000 -0.0000 -0.0000
vn -0.1402 -0.1402 -0.9801
vn 0.9239 -0.3827 -0.0000
vn 0.7071 -0.7071 -0.0000
vn 0.3827 -0.9239 -0.0000
vn -0.3827 -0.9239 -0.0000
vn -0.7071 -0.7071 -0.0000
vn -0.9239 -0.3827 -0.0000
vn -0.9239 0.3827 -0.0000
vn -0.7071 0.7071 -0.0000
vn -0.3827 0.9239 -0.0000
vn 0.3827 0.9239 -0.0000
vn 0.7071 0.7071 -0.0000
vn 0.9239 0.3827 -0.0000
vn -0.0000 -0.0000 -1.0000
vn -0.4489 0.4488 0.7727
vn -0.7727 0.4488 0.4488
vn -0.7727 -0.4489 -0.4488
vn -0.4488 0.7727 -0.4489
vn -0.7727 0.4488 -0.4489
vn 0.4488 -0.7727 0.4488
vn 0.7727 -0.4488 -0.4488
vn 0.7727 0.4488 -0.4488
vn 0.1402 0.1402 -0.9801
vn -0.4489 -0.7727 0.4488
vn -0.7727 -0.4488 0.4488
vn -0.4489 0.7727 0.4488
vn -0.4489 -0.7727 -0.4488
vn -0.7727 -0.4488 -0.4489
vn -0.4489 0.7727 -0.4488
vn 0.7727 -0.4489 0.4488
vn 0.4488 -0.4489 0.7727
vn 0.4488 0.7727 0.4489
vn 0.4489 -0.4489 -0.7727
vn -0.4488 -0.4488 0.7727
vn -0.4488 0.7727 0.4489
vn -0.4488 -0.4489 -0.7727
vn -0.7727 0.4488 -0.4488
vn 0.4488 -0.7727 0.4489
vn 0.4488 -0.7727 -0.4489
vn 0.4488 -0.4489 -0.7727
vn -0.9152 -0.3791 0.1369
vn 0.9152 0.3791 0.1369
vt 0.003831 0.006248
vt 0.006157 0.003922
vt 0.006157 0.006248
vt 0.476299 0.468966
vt 0.475194 0.471301
vt 0.474589 0.469071
vt 0.478625 0.471288
vt 0.478625 0.468928
vt 0.478625 0.473100
vt 0.476397 0.471227
vt 0.684151 0.457436
vt 0.681825 0.459762
vt 0.681825 0.457436
vt 0.003929 0.002816
vt 0.006157 0.002212
vt 0.476397 0.472503
vt 0.494927 0.468966
vt 0.492601 0.471288
vt 0.492601 0.468928
vt 0.496637 0.469071
vt 0.494829 0.471227
vt 0.243099 0.464933
vt 0.240773 0.462607
vt 0.243099 0.462607
vt 0.663813 0.457436
vt 0.665621 0.459664
vt 0.664417 0.459664
vt 0.667849 0.459762
vt 0.665523 0.457436
vt 0.667849 0.457436
vt 0.492601 0.473100
vt 0.494829 0.472503
vt 0.496033 0.471301
vt 0.229768 0.003922
vt 0.232094 0.006248
vt 0.229768 0.006248
vt 0.229768 0.002212
vt 0.231995 0.004020
vt 0.681825 0.231499
vt 0.684151 0.233825
vt 0.681825 0.233825
vt 0.684053 0.230393
vt 0.684053 0.231597
vt 0.462928 0.472517
vt 0.465254 0.474843
vt 0.462928 0.474843
vt 0.233199 0.004020
vt 0.233804 0.006248
vt 0.231995 0.002816
vt 0.469036 0.462607
vt 0.466710 0.464933
vt 0.466710 0.462607
vt 0.470746 0.462607
vt 0.468938 0.464835
vt 0.465254 0.488819
vt 0.462928 0.491145
vt 0.462928 0.488819
vt 0.667849 0.231499
vt 0.665621 0.230393
vt 0.667849 0.229789
vt 0.665523 0.233825
vt 0.667849 0.233825
vt 0.663813 0.233825
vt 0.665621 0.231597
vt 0.470142 0.464835
vt 0.468938 0.466039
vt 0.006157 0.465113
vt 0.003830 0.462787
vt 0.006157 0.462787
vt 0.692058 0.453998
vt 0.690952 0.456405
vt 0.690348 0.454179
vt 0.694384 0.456311
vt 0.694384 0.453932
vt 0.692156 0.457602
vt 0.692156 0.456277
vt 0.476299 0.013296
vt 0.478625 0.010974
vt 0.478625 0.013257
vt 0.002725 0.465015
vt 0.002121 0.462787
vt 0.240773 0.006068
vt 0.243099 0.003742
vt 0.243099 0.006068
vt 0.239667 0.003840
vt 0.240871 0.003840
vt 0.492601 0.010974
vt 0.494927 0.013296
vt 0.492601 0.013257
vt 0.708360 0.456311
vt 0.710587 0.457602
vt 0.708360 0.458193
vt 0.710686 0.453998
vt 0.708360 0.453932
vt 0.712396 0.454179
vt 0.710587 0.456277
vt 0.711791 0.456405
vt 0.232094 0.462787
vt 0.229768 0.465113
vt 0.229768 0.462787
vt 0.233804 0.462787
vt 0.231995 0.465015
vt 0.004063 0.474843
vt 0.006389 0.472517
vt 0.006389 0.474843
vt 0.002353 0.474843
vt 0.004161 0.472615
vt 0.692058 0.231648
vt 0.694384 0.229335
vt 0.694384 0.231582
vt 0.231995 0.466219
vt 0.229768 0.466823
vt 0.233199 0.465015
vt 0.466710 0.003742
vt 0.469036 0.006068
vt 0.466710 0.006068
vt 0.468938 0.002636
vt 0.468938 0.003840
vt 0.708360 0.229335
vt 0.710686 0.231648
vt 0.708360 0.231582
vt 0.002353 0.488819
vt 0.004161 0.491047
vt 0.002957 0.491047
vt 0.006389 0.491145
vt 0.004063 0.488819
vt 0.006389 0.488819
vt 0.470142 0.003840
vt 0.470746 0.006068
vt 0.681825 0.229789
vt 0.006157 0.466823
vt 0.466710 0.002032
vt 0.694384 0.458193
vt 0.002121 0.006248
vt 0.239063 0.006068
vt 0.887043 0.647643
vt 0.887939 0.646746
vt 0.888141 0.647643
vt 0.681484 0.848831
vt 0.682380 0.847896
vt 0.682582 0.848803
vt 0.227998 0.872921
vt 0.228895 0.873817
vt 0.227998 0.874019
vt 0.462531 0.848831
vt 0.461635 0.847896
vt 0.462531 0.847707
vt 0.864461 0.231817
vt 0.863565 0.230920
vt 0.864461 0.230719
vt 0.009046 0.872921
vt 0.008149 0.873817
vt 0.007948 0.872921
vt 0.887043 0.861936
vt 0.887939 0.862833
vt 0.887043 0.863034
vt 0.227998 0.658627
vt 0.228895 0.657730
vt 0.229096 0.658627
vt 0.847201 0.865075
vt 0.846304 0.865971
vt 0.846103 0.865075
vt 0.864461 0.446111
vt 0.863565 0.447007
vt 0.863363 0.446111
vt 0.847201 0.646122
vt 0.846304 0.645226
vt 0.847201 0.645024
vt 0.009046 0.658627
vt 0.008149 0.657730
vt 0.009046 0.657529
vt 0.870738 0.647643
vt 0.869841 0.646746
vt 0.870738 0.646545
vt 0.877586 0.223291
vt 0.878547 0.224187
vt 0.877634 0.224389
vt 0.681484 0.865105
vt 0.682380 0.865959
vt 0.681484 0.866173
vt 0.880766 0.231817
vt 0.881663 0.230920
vt 0.881864 0.231817
vt 0.462531 0.865105
vt 0.461635 0.865959
vt 0.461433 0.865077
vt 0.877586 0.004338
vt 0.878547 0.003442
vt 0.878726 0.004338
vt 0.870738 0.861936
vt 0.869841 0.862833
vt 0.869640 0.861936
vt 0.863506 0.865075
vt 0.864402 0.865971
vt 0.863506 0.866173
vt 0.664500 0.223291
vt 0.663679 0.224187
vt 0.663457 0.223291
vt 0.880766 0.446111
vt 0.881663 0.447007
vt 0.880766 0.447209
vt 0.664500 0.004338
vt 0.663679 0.003442
vt 0.664549 0.003240
vt 0.863506 0.646122
vt 0.864402 0.645226
vt 0.864604 0.646122
vt 0.888141 0.861936
vt 0.229096 0.872921
vt 0.681484 0.847707
vt 0.009046 0.874019
vt 0.863363 0.231817
vt 0.007948 0.658627
vt 0.846103 0.646122
vt 0.227998 0.657529
vt 0.870738 0.863034
vt 0.864461 0.447209
vt 0.863506 0.645024
vt 0.663457 0.004338
vt 0.864604 0.865075
vt 0.869640 0.647643
vt 0.664549 0.224389
vt 0.881864 0.446111
vt 0.877634 0.003240
vt 0.462531 0.866173
vt 0.887043 0.646545
vt 0.682582 0.865077
vt 0.880766 0.230719
vt 0.700994 0.466375
vt 0.700097 0.465478
vt 0.700994 0.465277
vt 0.681484 0.703607
vt 0.682380 0.702672
vt 0.682582 0.703579
vt 0.692468 0.694037
vt 0.693364 0.694933
vt 0.692468 0.695135
vt 0.462531 0.703607
vt 0.461635 0.702672
vt 0.462531 0.702483
vt 0.719009 0.230248
vt 0.718112 0.229351
vt 0.719009 0.229150
vt 0.473515 0.694037
vt 0.472619 0.694934
vt 0.472417 0.694037
vt 0.915288 0.466375
vt 0.916184 0.465478
vt 0.916386 0.466375
vt 0.692468 0.479743
vt 0.693364 0.478847
vt 0.693566 0.479743
vt 0.701748 0.839968
vt 0.700851 0.840865
vt 0.700650 0.839968
vt 0.719009 0.444542
vt 0.718112 0.445438
vt 0.717911 0.444542
vt 0.701748 0.621016
vt 0.700851 0.620119
vt 0.701748 0.619918
vt 0.473515 0.479743
vt 0.472619 0.478847
vt 0.473515 0.478645
vt 0.700994 0.603026
vt 0.700097 0.603923
vt 0.699896 0.603026
vt 0.455526 0.661458
vt 0.456422 0.660497
vt 0.456624 0.661410
vt 0.681484 0.839998
vt 0.682380 0.840853
vt 0.681484 0.841066
vt 0.855660 0.230248
vt 0.856556 0.229351
vt 0.856758 0.230248
vt 0.462531 0.839998
vt 0.461635 0.840853
vt 0.461433 0.839970
vt 0.236573 0.661458
vt 0.235677 0.660497
vt 0.236573 0.660318
vt 0.915288 0.603026
vt 0.916184 0.603923
vt 0.915288 0.604124
vt 0.838399 0.839968
vt 0.839296 0.840865
vt 0.838399 0.841066
vt 0.455526 0.874544
vt 0.456422 0.875366
vt 0.455526 0.875588
vt 0.855660 0.444542
vt 0.856556 0.445438
vt 0.855660 0.445640
vt 0.236573 0.874544
vt 0.235677 0.875366
vt 0.235475 0.874496
vt 0.838399 0.621016
vt 0.839296 0.620119
vt 0.839497 0.621016
vt 0.915288 0.465277
vt 0.681484 0.702483
vt 0.473515 0.695135
vt 0.717911 0.230248
vt 0.472417 0.479743
vt 0.700650 0.621016
vt 0.692468 0.478645
vt 0.916386 0.603026
vt 0.701748 0.841066
vt 0.719009 0.445640
vt 0.236573 0.875588
vt 0.839497 0.839968
vt 0.700994 0.604124
vt 0.456624 0.874496
vt 0.856758 0.444542
vt 0.235475 0.661410
vt 0.462531 0.841066
vt 0.455526 0.660318
vt 0.699896 0.466375
vt 0.682582 0.839970
vt 0.855660 0.229150
vt 0.461433 0.703579
vt 0.469080 0.871619
vt 0.468632 0.871171
vt 0.469080 0.871070
vt 0.242637 0.897105
vt 0.242169 0.896656
vt 0.242623 0.896556
vt 0.195595 0.881413
vt 0.196043 0.880965
vt 0.196144 0.881413
vt 0.242637 0.906422
vt 0.242169 0.906870
vt 0.242075 0.906422
vt 0.669932 0.997433
vt 0.669483 0.997881
vt 0.669383 0.997433
vt 0.195595 0.890730
vt 0.196043 0.891178
vt 0.195595 0.891279
vt 0.661634 0.871619
vt 0.662082 0.871171
vt 0.662183 0.871619
vt 0.003041 0.881413
vt 0.002593 0.880965
vt 0.003041 0.880864
vt 0.824826 0.846892
vt 0.825274 0.846444
vt 0.825375 0.846892
vt 0.862485 0.997433
vt 0.862934 0.997881
vt 0.862485 0.997982
vt 0.824826 0.856209
vt 0.825274 0.856657
vt 0.824826 0.856758
vt 0.003041 0.890730
vt 0.002593 0.891178
vt 0.002492 0.890730
vt 0.469080 0.994294
vt 0.468632 0.994743
vt 0.468531 0.994294
vt 0.429378 0.890730
vt 0.429859 0.891178
vt 0.429402 0.891279
vt 0.365079 0.897105
vt 0.365506 0.896656
vt 0.365613 0.897105
vt 0.669932 0.874757
vt 0.669483 0.874309
vt 0.669932 0.874208
vt 0.365079 0.906422
vt 0.365506 0.906870
vt 0.365065 0.906971
vt 0.429378 0.881413
vt 0.429859 0.880965
vt 0.429948 0.881413
vt 0.661634 0.994294
vt 0.662082 0.994743
vt 0.661634 0.994843
vt 0.702150 0.846892
vt 0.701702 0.846444
vt 0.702150 0.846343
vt 0.237910 0.890730
vt 0.237499 0.891178
vt 0.237388 0.890730
vt 0.862485 0.874757
vt 0.862934 0.874309
vt 0.863034 0.874757
vt 0.237910 0.881413
vt 0.237499 0.880965
vt 0.237934 0.880864
vt 0.702150 0.856209
vt 0.701702 0.856657
vt 0.701601 0.856209
vt 0.661634 0.871070
vt 0.195595 0.880864
vt 0.242075 0.897105
vt 0.196144 0.890730
vt 0.669932 0.997982
vt 0.003041 0.891279
vt 0.825375 0.856209
vt 0.002492 0.881413
vt 0.662183 0.994294
vt 0.863034 0.997433
vt 0.702150 0.856758
vt 0.237388 0.881413
vt 0.701601 0.846892
vt 0.469080 0.994843
vt 0.237934 0.891279
vt 0.862485 0.874208
vt 0.365613 0.906422
vt 0.429948 0.890730
vt 0.468531 0.871619
vt 0.365065 0.896556
vt 0.669383 0.874757
vt 0.002931 0.651944
vt 0.002259 0.652617
vt 0.002108 0.651944
vt 0.637822 0.014761
vt 0.638494 0.014059
vt 0.638645 0.014740
vt 0.446483 0.636253
vt 0.445811 0.636925
vt 0.445659 0.636253
vt 0.500394 0.014761
vt 0.499722 0.014059
vt 0.500394 0.013918
vt 0.645765 0.435401
vt 0.645093 0.436074
vt 0.644942 0.435401
vt 0.446483 0.498825
vt 0.445811 0.498153
vt 0.446483 0.498002
vt 0.002931 0.642627
vt 0.002259 0.641955
vt 0.002931 0.641804
vt 0.455800 0.636253
vt 0.456473 0.636925
vt 0.455800 0.637076
vt 0.438539 0.497256
vt 0.439212 0.496584
vt 0.439363 0.497256
vt 0.655083 0.435401
vt 0.655755 0.436074
vt 0.655083 0.436225
vt 0.438539 0.634684
vt 0.439212 0.635356
vt 0.438539 0.635507
vt 0.455800 0.498825
vt 0.456473 0.498153
vt 0.456624 0.498825
vt 0.435401 0.651944
vt 0.436074 0.652617
vt 0.435401 0.652768
vt 0.639391 0.454422
vt 0.640064 0.453701
vt 0.640215 0.454386
vt 0.637822 0.446408
vt 0.638494 0.447049
vt 0.637822 0.447209
vt 0.645766 0.002931
vt 0.645093 0.002259
vt 0.645766 0.002108
vt 0.500394 0.446408
vt 0.499722 0.447049
vt 0.499571 0.446387
vt 0.501964 0.454422
vt 0.501291 0.453701
vt 0.501964 0.453567
vt 0.435401 0.642627
vt 0.436074 0.641955
vt 0.436225 0.642627
vt 0.006070 0.497256
vt 0.005397 0.496584
vt 0.006070 0.496432
vt 0.639391 0.463687
vt 0.640064 0.464303
vt 0.639391 0.464469
vt 0.655083 0.002931
vt 0.655755 0.002259
vt 0.655906 0.002931
vt 0.501964 0.463687
vt 0.501291 0.464303
vt 0.501140 0.463651
vt 0.006070 0.634684
vt 0.005397 0.635356
vt 0.005246 0.634684
vt 0.002108 0.642627
vt 0.637822 0.013918
vt 0.445659 0.498825
vt 0.645765 0.436225
vt 0.455800 0.498002
vt 0.439363 0.634684
vt 0.435401 0.641804
vt 0.438539 0.496433
vt 0.655906 0.435401
vt 0.006070 0.635507
vt 0.501964 0.464469
vt 0.436225 0.651944
vt 0.640215 0.463651
vt 0.655083 0.002108
vt 0.500394 0.447209
vt 0.639391 0.453567
vt 0.002931 0.652768
vt 0.638645 0.446387
vt 0.644942 0.002931
vt 0.499571 0.014740
vt 0.960322 0.610372
vt 0.894326 0.734364
vt 0.894326 0.610372
vt 0.478327 0.003077
vt 0.602555 0.004707
vt 0.478327 0.004707
vt 0.950907 0.127101
vt 0.943143 0.010637
vt 0.950907 0.002873
vt 0.754763 0.869311
vt 0.688767 0.867690
vt 0.754763 0.867690
vt 0.884911 0.002873
vt 0.466039 0.500295
vt 0.464408 0.624523
vt 0.464408 0.500295
vt 0.892675 0.119337
vt 0.884911 0.127101
vt 0.707596 0.861404
vt 0.773593 0.863035
vt 0.707596 0.863035
vt 0.943143 0.119337
vt 0.169761 0.916663
vt 0.160638 0.918481
vt 0.160641 0.914846
vt 0.162024 0.921839
vt 0.164588 0.924410
vt 0.167940 0.925801
vt 0.171569 0.925801
vt 0.174922 0.924409
vt 0.177490 0.921839
vt 0.178881 0.918481
vt 0.178884 0.914846
vt 0.177497 0.911487
vt 0.174933 0.908917
vt 0.171582 0.907526
vt 0.167953 0.907526
vt 0.164600 0.908917
vt 0.162032 0.911487
vt 0.462686 0.690543
vt 0.461067 0.686978
vt 0.462611 0.686978
vt 0.462900 0.693566
vt 0.461142 0.690543
vt 0.450363 0.891395
vt 0.451916 0.894418
vt 0.450363 0.894418
vt 0.450363 0.887829
vt 0.451916 0.891395
vt 0.450363 0.884264
vt 0.451916 0.887829
vt 0.450363 0.881241
vt 0.451916 0.884264
vt 0.889726 0.885118
vt 0.891279 0.888141
vt 0.889726 0.888141
vt 0.889726 0.881553
vt 0.891279 0.885118
vt 0.889726 0.877987
vt 0.891279 0.881553
vt 0.889726 0.874965
vt 0.891279 0.877987
vt 0.831668 0.856873
vt 0.833221 0.859896
vt 0.831668 0.859896
vt 0.831668 0.853308
vt 0.833221 0.856873
vt 0.831668 0.849742
vt 0.833221 0.853308
vt 0.831668 0.846720
vt 0.833221 0.849742
vt 0.462686 0.683412
vt 0.461356 0.680390
vt 0.462900 0.680390
vt 0.461142 0.683412
vt 0.869311 0.631325
vt 0.867920 0.634684
vt 0.860173 0.629507
vt 0.865349 0.637254
vt 0.861991 0.638645
vt 0.858355 0.638646
vt 0.854997 0.637254
vt 0.852426 0.634684
vt 0.851035 0.631325
vt 0.851035 0.627690
vt 0.852426 0.624331
vt 0.854997 0.621761
vt 0.858355 0.620369
vt 0.861991 0.620369
vt 0.865349 0.621760
vt 0.867920 0.624331
vt 0.869311 0.627690
vt 0.464279 0.635153
vt 0.465326 0.634106
vt 0.465326 0.635153
vt 0.908382 0.914525
vt 0.907885 0.915576
vt 0.907613 0.914573
vt 0.909429 0.915570
vt 0.909429 0.914508
vt 0.909429 0.916386
vt 0.908426 0.915543
vt 0.692053 0.470746
vt 0.691006 0.469699
vt 0.692053 0.469699
vt 0.464323 0.633609
vt 0.465326 0.633337
vt 0.908426 0.916117
vt 0.914047 0.914525
vt 0.913000 0.915570
vt 0.913000 0.914508
vt 0.914545 0.915576
vt 0.914003 0.915543
vt 0.871736 0.906201
vt 0.870690 0.905154
vt 0.871736 0.905154
vt 0.871736 0.906971
vt 0.870734 0.906157
vt 0.691006 0.466128
vt 0.692053 0.465081
vt 0.692053 0.466128
vt 0.913000 0.916386
vt 0.914003 0.916117
vt 0.465792 0.634106
vt 0.466838 0.635153
vt 0.465792 0.635153
vt 0.466794 0.633609
vt 0.466794 0.634150
vt 0.693566 0.469699
vt 0.692519 0.470746
vt 0.692519 0.469699
vt 0.846741 0.615133
vt 0.847555 0.616136
vt 0.847014 0.616136
vt 0.848558 0.616180
vt 0.847511 0.615133
vt 0.848558 0.615133
vt 0.467608 0.635153
vt 0.467336 0.634150
vt 0.847555 0.616678
vt 0.873249 0.905154
vt 0.872202 0.906201
vt 0.872202 0.905154
vt 0.874018 0.905154
vt 0.873205 0.906157
vt 0.847511 0.611562
vt 0.848558 0.610515
vt 0.848558 0.611562
vt 0.847014 0.610559
vt 0.847555 0.610559
vt 0.692519 0.465081
vt 0.693566 0.466128
vt 0.692519 0.466128
vt 0.873205 0.906699
vt 0.872202 0.906971
vt 0.873746 0.906157
vt 0.465326 0.670828
vt 0.464279 0.669782
vt 0.465326 0.669782
vt 0.613221 0.008645
vt 0.614304 0.009143
vt 0.613302 0.009415
vt 0.614262 0.007599
vt 0.613191 0.007599
vt 0.614842 0.008601
vt 0.614246 0.008601
vt 0.908382 0.879963
vt 0.909429 0.878918
vt 0.909429 0.879945
vt 0.463781 0.670784
vt 0.463509 0.669782
vt 0.870690 0.870526
vt 0.871736 0.869479
vt 0.871736 0.870526
vt 0.870192 0.869523
vt 0.870734 0.869523
vt 0.913000 0.878918
vt 0.914047 0.879963
vt 0.913000 0.879945
vt 0.614262 0.004027
vt 0.614842 0.003025
vt 0.615108 0.004027
vt 0.613221 0.002980
vt 0.613191 0.004027
vt 0.614304 0.002483
vt 0.614246 0.003025
vt 0.466838 0.669782
vt 0.465792 0.670828
vt 0.465792 0.669782
vt 0.467336 0.670784
vt 0.466794 0.670784
vt 0.884233 0.615133
vt 0.883186 0.616180
vt 0.883186 0.615133
vt 0.885003 0.615133
vt 0.884189 0.616136
vt 0.612757 0.008645
vt 0.611717 0.007599
vt 0.612728 0.007599
vt 0.465792 0.671598
vt 0.466794 0.671326
vt 0.884189 0.616678
vt 0.884731 0.616136
vt 0.872202 0.869479
vt 0.873249 0.870526
vt 0.872202 0.870526
vt 0.872202 0.868710
vt 0.873205 0.869523
vt 0.611717 0.004027
vt 0.612757 0.002980
vt 0.612728 0.004027
vt 0.885003 0.611562
vt 0.884189 0.610559
vt 0.884731 0.610559
vt 0.883186 0.610515
vt 0.884233 0.611562
vt 0.883186 0.611562
vt 0.873746 0.869523
vt 0.874019 0.870526
vt 0.884189 0.610017
vt 0.465792 0.633337
vt 0.846741 0.611562
vt 0.467608 0.669782
vt 0.465326 0.671598
vt 0.615108 0.007599
vt 0.463509 0.635153
vt 0.869920 0.870526
vt 0.960322 0.742181
vt 0.894326 0.866173
vt 0.894326 0.742181
vt 0.503433 0.472254
vt 0.627661 0.473884
vt 0.503433 0.473884
vt 0.946281 0.251146
vt 0.954045 0.134682
vt 0.954045 0.258910
vt 0.828513 0.869311
vt 0.762517 0.867690
vt 0.828513 0.867690
vt 0.946281 0.142446
vt 0.888049 0.134682
vt 0.719976 0.451855
vt 0.844205 0.453485
vt 0.719976 0.453485
vt 0.895813 0.142446
vt 0.888049 0.258910
vt 0.721719 0.458131
vt 0.787715 0.459762
vt 0.721719 0.459762
vt 0.895813 0.251146
vt 0.405135 0.907247
vt 0.396014 0.909071
vt 0.396014 0.905436
vt 0.397403 0.912428
vt 0.399968 0.914997
vt 0.403321 0.916386
vt 0.406950 0.916383
vt 0.410302 0.914989
vt 0.412868 0.912417
vt 0.414257 0.909058
vt 0.414257 0.905423
vt 0.412868 0.902065
vt 0.410302 0.899497
vt 0.406949 0.898108
vt 0.403321 0.898111
vt 0.399968 0.899504
vt 0.397402 0.902077
vt 0.649415 0.453601
vt 0.647796 0.450036
vt 0.649340 0.450036
vt 0.649630 0.456624
vt 0.647871 0.453601
vt 0.459778 0.891395
vt 0.461331 0.894418
vt 0.459778 0.894418
vt 0.459778 0.887829
vt 0.461331 0.891395
vt 0.459778 0.884264
vt 0.461331 0.887829
vt 0.459778 0.881241
vt 0.461331 0.884264
vt 0.688875 0.844320
vt 0.690428 0.847343
vt 0.688875 0.847343
vt 0.688875 0.840755
vt 0.690428 0.844320
vt 0.688875 0.837189
vt 0.690428 0.840755
vt 0.688875 0.834167
vt 0.690428 0.837189
vt 0.877173 0.632485
vt 0.878726 0.635507
vt 0.877173 0.635507
vt 0.877173 0.628919
vt 0.878726 0.632485
vt 0.877173 0.625354
vt 0.878726 0.628919
vt 0.877173 0.622331
vt 0.878726 0.625354
vt 0.649415 0.446470
vt 0.648085 0.443447
vt 0.649630 0.443447
vt 0.647871 0.446470
vt 0.906147 0.458371
vt 0.902789 0.459762
vt 0.900971 0.450624
vt 0.899153 0.459762
vt 0.895795 0.458371
vt 0.893224 0.455800
vt 0.891833 0.452442
vt 0.891833 0.448806
vt 0.893224 0.445448
vt 0.895795 0.442877
vt 0.899153 0.441486
vt 0.902789 0.441486
vt 0.906147 0.442877
vt 0.908718 0.445448
vt 0.910109 0.448806
vt 0.910109 0.452442
vt 0.908718 0.455800
vt 0.881674 0.870526
vt 0.882721 0.869479
vt 0.882721 0.870526
vt 0.436866 0.917711
vt 0.437680 0.918681
vt 0.437138 0.918714
vt 0.438683 0.918709
vt 0.437636 0.917664
vt 0.438683 0.917646
vt 0.437680 0.919255
vt 0.455111 0.652768
vt 0.454064 0.651721
vt 0.455111 0.651721
vt 0.881718 0.868982
vt 0.882721 0.868710
vt 0.443301 0.917664
vt 0.442254 0.918709
vt 0.442254 0.917646
vt 0.444070 0.917711
vt 0.443257 0.918681
vt 0.227584 0.919524
vt 0.226537 0.918477
vt 0.227584 0.918477
vt 0.455111 0.647103
vt 0.454109 0.646605
vt 0.455111 0.646333
vt 0.454064 0.648150
vt 0.455111 0.648150
vt 0.442254 0.919524
vt 0.443257 0.919255
vt 0.443798 0.918714
vt 0.883186 0.869479
vt 0.884233 0.870526
vt 0.883186 0.870526
vt 0.883186 0.868710
vt 0.884189 0.869523
vt 0.456624 0.651721
vt 0.455577 0.652768
vt 0.455577 0.651721
vt 0.893371 0.435455
vt 0.894373 0.435953
vt 0.893371 0.436225
vt 0.894418 0.434408
vt 0.893371 0.434408
vt 0.884731 0.869523
vt 0.885003 0.870526
vt 0.884189 0.868982
vt 0.229096 0.918477
vt 0.228050 0.919524
vt 0.228050 0.918477
vt 0.887983 0.434408
vt 0.888797 0.435411
vt 0.888255 0.435411
vt 0.889799 0.435455
vt 0.888752 0.434408
vt 0.889799 0.434408
vt 0.889799 0.436225
vt 0.455577 0.647103
vt 0.456624 0.648150
vt 0.455577 0.648150
vt 0.456579 0.646605
vt 0.456579 0.647147
vt 0.504726 0.009415
vt 0.504726 0.008873
vt 0.505267 0.009415
vt 0.882721 0.906201
vt 0.881674 0.905155
vt 0.882721 0.905155
vt 0.445321 0.651998
vt 0.446404 0.652496
vt 0.445403 0.652768
vt 0.446362 0.650952
vt 0.445291 0.650952
vt 0.447209 0.650952
vt 0.446347 0.651954
vt 0.437636 0.883101
vt 0.438683 0.882056
vt 0.438683 0.883084
vt 0.880904 0.905155
vt 0.881718 0.906157
vt 0.881176 0.906157
vt 0.446943 0.651954
vt 0.226537 0.883849
vt 0.227584 0.882802
vt 0.227584 0.883849
vt 0.225767 0.883849
vt 0.226581 0.882846
vt 0.442254 0.882056
vt 0.443301 0.883101
vt 0.442254 0.883084
vt 0.447209 0.647380
vt 0.446347 0.646378
vt 0.446943 0.646378
vt 0.445321 0.646333
vt 0.446362 0.647380
vt 0.445291 0.647380
vt 0.445403 0.645564
vt 0.446404 0.645836
vt 0.884233 0.905155
vt 0.883186 0.906201
vt 0.883186 0.905155
vt 0.885003 0.905155
vt 0.884189 0.906157
vt 0.893371 0.398733
vt 0.894418 0.399780
vt 0.893371 0.399780
vt 0.894373 0.398235
vt 0.894373 0.398777
vt 0.444858 0.651998
vt 0.443817 0.650952
vt 0.444828 0.650952
vt 0.883186 0.906971
vt 0.884189 0.906699
vt 0.884731 0.906157
vt 0.228050 0.882802
vt 0.229096 0.883849
vt 0.228050 0.883849
vt 0.229052 0.882304
vt 0.229052 0.882846
vt 0.443817 0.647380
vt 0.444858 0.646333
vt 0.444828 0.647380
vt 0.889799 0.398733
vt 0.888797 0.398235
vt 0.889799 0.397963
vt 0.888752 0.399780
vt 0.889799 0.399780
vt 0.888255 0.398777
vt 0.888797 0.398777
vt 0.438683 0.919524
vt 0.455577 0.646333
vt 0.887983 0.399780
vt 0.893371 0.397963
vt 0.882721 0.906971
vt 0.228050 0.882032
vt 0.880904 0.870526
vt 0.007817 0.897464
vt 0.131809 0.963460
vt 0.007817 0.963460
vt 0.691997 0.701146
vt 0.690366 0.825375
vt 0.690366 0.701146
vt 0.946281 0.382955
vt 0.954045 0.266491
vt 0.954045 0.390719
vt 0.203990 0.900694
vt 0.137994 0.899073
vt 0.203990 0.899073
vt 0.946281 0.274255
vt 0.888049 0.266491
vt 0.701146 0.610339
vt 0.825375 0.611970
vt 0.701146 0.611970
vt 0.895813 0.274255
vt 0.888049 0.390719
vt 0.797038 0.458131
vt 0.863034 0.459762
vt 0.797038 0.459762
vt 0.895813 0.382955
vt 0.146225 0.916662
vt 0.137103 0.918486
vt 0.137103 0.914851
vt 0.138492 0.921844
vt 0.141058 0.924412
vt 0.144411 0.925801
vt 0.148039 0.925798
vt 0.151392 0.924405
vt 0.153958 0.921832
vt 0.155346 0.918473
vt 0.155346 0.914838
vt 0.153958 0.911480
vt 0.151392 0.908912
vt 0.148039 0.907523
vt 0.144410 0.907526
vt 0.141058 0.908919
vt 0.138492 0.911492
vt 0.658830 0.453601
vt 0.657211 0.450036
vt 0.658755 0.450036
vt 0.659045 0.456624
vt 0.657286 0.453601
vt 0.420549 0.907086
vt 0.422102 0.910109
vt 0.420549 0.910109
vt 0.420549 0.903521
vt 0.422102 0.907086
vt 0.420549 0.899955
vt 0.422102 0.903521
vt 0.420549 0.896933
vt 0.422102 0.899955
vt 0.233820 0.910225
vt 0.235373 0.913247
vt 0.233820 0.913247
vt 0.233820 0.906659
vt 0.235373 0.910225
vt 0.233820 0.903094
vt 0.235373 0.906659
vt 0.233820 0.900071
vt 0.235373 0.903094
vt 0.886588 0.634054
vt 0.888141 0.637076
vt 0.886588 0.637076
vt 0.886588 0.630488
vt 0.888141 0.634054
vt 0.886588 0.626923
vt 0.888141 0.630488
vt 0.886588 0.623900
vt 0.888141 0.626923
vt 0.658830 0.446470
vt 0.657500 0.443447
vt 0.659045 0.443447
vt 0.657286 0.446470
vt 0.383399 0.898110
vt 0.386757 0.899501
vt 0.381581 0.907248
vt 0.389328 0.902071
vt 0.390719 0.905430
vt 0.390719 0.909065
vt 0.389328 0.912424
vt 0.386757 0.914995
vt 0.383399 0.916386
vt 0.379763 0.916386
vt 0.376405 0.914995
vt 0.373834 0.912424
vt 0.372443 0.909065
vt 0.372443 0.905430
vt 0.373834 0.902071
vt 0.376405 0.899501
vt 0.379763 0.898110
vt 0.897365 0.873664
vt 0.898412 0.872617
vt 0.898412 0.873664
vt 0.211678 0.914525
vt 0.211180 0.915576
vt 0.210908 0.914573
vt 0.212724 0.915570
vt 0.212724 0.914508
vt 0.211722 0.916117
vt 0.211722 0.915543
vt 0.836415 0.615108
vt 0.835369 0.614061
vt 0.836415 0.614061
vt 0.898412 0.871848
vt 0.897410 0.872662
vt 0.897410 0.872120
vt 0.217343 0.914525
vt 0.216296 0.915570
vt 0.216296 0.914508
vt 0.218112 0.914573
vt 0.217299 0.915543
vt 0.904689 0.433886
vt 0.903642 0.432839
vt 0.904689 0.432839
vt 0.904689 0.434656
vt 0.903686 0.433842
vt 0.835369 0.610490
vt 0.836415 0.609443
vt 0.836415 0.610490
vt 0.217299 0.916117
vt 0.216296 0.916386
vt 0.217840 0.915576
vt 0.898878 0.872617
vt 0.899925 0.873664
vt 0.898878 0.873664
vt 0.898878 0.871848
vt 0.899880 0.872662
vt 0.837928 0.614061
vt 0.836881 0.615108
vt 0.836881 0.614061
vt 0.683382 0.469281
vt 0.683893 0.468286
vt 0.684151 0.469292
vt 0.682350 0.468220
vt 0.682335 0.469267
vt 0.900694 0.873664
vt 0.900422 0.872662
vt 0.899880 0.872120
vt 0.906201 0.432839
vt 0.905154 0.433886
vt 0.905154 0.432839
vt 0.906699 0.433842
vt 0.906157 0.433842
vt 0.683332 0.472852
vt 0.682270 0.473884
vt 0.682285 0.472838
vt 0.683815 0.473862
vt 0.683273 0.473854
vt 0.836881 0.609443
vt 0.837928 0.610490
vt 0.836881 0.610490
vt 0.906157 0.434383
vt 0.905154 0.434656
vt 0.898412 0.909340
vt 0.897365 0.908293
vt 0.898412 0.908293
vt 0.625774 0.008645
vt 0.626857 0.009143
vt 0.625855 0.009415
vt 0.626815 0.007599
vt 0.625744 0.007599
vt 0.627396 0.008601
vt 0.626799 0.008601
vt 0.211678 0.879963
vt 0.212724 0.878918
vt 0.212724 0.879945
vt 0.896596 0.908293
vt 0.897410 0.909295
vt 0.896868 0.909295
vt 0.903642 0.398211
vt 0.904689 0.397164
vt 0.904689 0.398211
vt 0.902872 0.398211
vt 0.903686 0.397208
vt 0.216296 0.878918
vt 0.217343 0.879963
vt 0.216296 0.879945
vt 0.626815 0.004027
vt 0.627396 0.003025
vt 0.627661 0.004027
vt 0.625774 0.002980
vt 0.625744 0.004027
vt 0.625855 0.002211
vt 0.626799 0.003025
vt 0.626857 0.002483
vt 0.899925 0.908293
vt 0.898878 0.909340
vt 0.898878 0.908293
vt 0.900694 0.908293
vt 0.899880 0.909295
vt 0.646663 0.468768
vt 0.647724 0.467736
vt 0.647710 0.468783
vt 0.646180 0.467759
vt 0.646721 0.467767
vt 0.625311 0.008645
vt 0.624270 0.007599
vt 0.625281 0.007599
vt 0.899880 0.909837
vt 0.898878 0.910109
vt 0.900422 0.909295
vt 0.905154 0.397164
vt 0.906201 0.398211
vt 0.905154 0.398211
vt 0.905154 0.396394
vt 0.906157 0.397208
vt 0.624270 0.004027
vt 0.625311 0.002980
vt 0.625281 0.004027
vt 0.645844 0.472329
vt 0.646643 0.473343
vt 0.646102 0.473335
vt 0.647645 0.473401
vt 0.646613 0.472340
vt 0.647660 0.472354
vt 0.906699 0.397208
vt 0.906971 0.398211
vt 0.646636 0.473884
vt 0.212724 0.916386
vt 0.684101 0.472863
vt 0.906971 0.432839
vt 0.645894 0.468758
vt 0.898412 0.910109
vt 0.627661 0.007599
vt 0.896596 0.873664
vt 0.003929 0.004020
vt 0.684052 0.459664
vt 0.240871 0.464835
vt 0.465156 0.472615
vt 0.465156 0.491047
vt 0.664417 0.231597
vt 0.003929 0.465015
vt 0.476397 0.011109
vt 0.494829 0.011109
vt 0.002957 0.472615
vt 0.692156 0.229497
vt 0.710587 0.229497
vt 0.243099 0.002032
vt 0.239063 0.462607
vt 0.461433 0.848803
vt 0.847201 0.866173
vt 0.878726 0.223291
vt 0.693566 0.694037
vt 0.838399 0.619918
vt 0.242623 0.906971
vt 0.824826 0.846343
vt 0.429402 0.880864
vt 0.446483 0.637076
vt 0.456624 0.636253
vt 0.501140 0.454386
vt 0.005246 0.497256
vt 0.960322 0.734364
vt 0.602555 0.003077
vt 0.688767 0.869311
vt 0.892675 0.010637
vt 0.466039 0.624523
vt 0.773593 0.861404
vt 0.461356 0.693566
vt 0.451916 0.881241
vt 0.891279 0.874965
vt 0.833221 0.846720
vt 0.464323 0.634150
vt 0.691051 0.470702
vt 0.914817 0.914573
vt 0.870734 0.906699
vt 0.691051 0.465125
vt 0.693522 0.470702
vt 0.693522 0.465125
vt 0.464323 0.670784
vt 0.908426 0.878979
vt 0.914003 0.878979
vt 0.613302 0.002211
vt 0.611789 0.008601
vt 0.873205 0.868982
vt 0.611789 0.003025
vt 0.871736 0.868710
vt 0.869920 0.905154
vt 0.960322 0.866173
vt 0.627661 0.472254
vt 0.762517 0.869311
vt 0.844205 0.451855
vt 0.787715 0.458131
vt 0.648085 0.456624
vt 0.461331 0.881241
vt 0.690428 0.834167
vt 0.878726 0.622331
vt 0.881718 0.869523
vt 0.454109 0.652724
vt 0.226581 0.919480
vt 0.454109 0.647147
vt 0.456579 0.652724
vt 0.894373 0.435411
vt 0.229052 0.919480
vt 0.888797 0.435953
vt 0.437680 0.882117
vt 0.226040 0.882846
vt 0.443257 0.882117
vt 0.443890 0.651954
vt 0.443890 0.646378
vt 0.227584 0.882032
vt 0.225767 0.918477
vt 0.131809 0.897464
vt 0.691997 0.825375
vt 0.137994 0.900694
vt 0.825375 0.610339
vt 0.863034 0.458131
vt 0.657500 0.456624
vt 0.422102 0.896933
vt 0.235373 0.900071
vt 0.888141 0.623900
vt 0.835413 0.615064
vt 0.903686 0.434383
vt 0.835413 0.609487
vt 0.837884 0.615064
vt 0.683351 0.468278
vt 0.837884 0.609487
vt 0.211722 0.878979
vt 0.903144 0.397208
vt 0.217299 0.878979
vt 0.624343 0.008601
vt 0.906157 0.396666
vt 0.624343 0.003025
vt 0.904689 0.396394
vt 0.902872 0.432839
s 1
f 4/1/1 5/2/2 1/3/3
f 8/4/4 6/5/5 4/6/1
f 7/7/6 8/4/4 2/8/7
f 11/9/8 9/10/9 7/7/6
f 10/11/10 11/12/8 3/13/11
f 5/2/2 12/14/12 10/15/10
f 6/5/5 9/10/9 12/16/12
f 16/17/13 17/18/14 13/19/15
f 20/20/16 18/21/17 16/17/13
f 19/22/18 20/23/16 14/24/19
f 19/25/18 24/26/20 21/27/21
f 22/28/22 23/29/23 15/30/24
f 22/31/22 18/21/17 24/32/20
f 18/21/17 21/33/21 24/32/20
f 28/34/25 29/35/26 25/36/27
f 32/37/28 30/38/29 28/34/25
f 31/39/30 32/40/28 26/41/31
f 31/39/30 36/42/32 33/43/33
f 34/44/34 35/45/35 27/46/36
f 29/35/26 36/47/32 34/48/34
f 30/38/29 33/49/33 36/47/32
f 40/50/37 41/51/38 37/52/39
f 44/53/40 42/54/41 40/50/37
f 43/55/42 44/56/40 38/57/43
f 47/58/44 45/59/45 43/60/42
f 46/61/46 47/58/44 39/62/47
f 41/63/38 48/64/48 46/61/46
f 42/54/41 45/65/45 48/66/48
f 52/67/49 53/68/50 49/69/51
f 56/70/52 54/71/53 52/72/49
f 55/73/54 56/70/52 50/74/55
f 55/73/54 60/75/56 57/76/57
f 58/77/58 59/78/59 51/79/60
f 53/68/50 60/80/56 58/81/58
f 54/71/53 57/76/57 60/75/56
f 64/82/61 65/83/62 61/84/63
f 64/82/61 69/85/64 66/86/65
f 67/87/66 68/88/67 62/89/68
f 71/90/69 69/91/64 67/92/66
f 70/93/70 71/90/69 63/94/71
f 65/95/62 72/96/72 70/93/70
f 66/97/65 69/91/64 72/96/72
f 76/98/73 77/99/74 73/100/75
f 80/101/76 78/102/77 76/98/73
f 79/103/78 80/104/76 74/105/79
f 83/106/80 81/107/81 79/103/78
f 82/108/82 83/109/80 75/110/83
f 77/99/74 84/111/84 82/112/82
f 78/102/77 81/113/81 84/111/84
f 88/114/85 89/115/86 85/116/87
f 88/114/85 93/117/88 90/118/89
f 91/119/90 92/120/91 86/121/92
f 91/122/90 96/123/93 93/124/88
f 94/125/94 95/126/95 87/127/96
f 89/115/86 96/128/93 94/129/94
f 90/118/89 93/117/88 96/128/93
f 1/3/3 28/34/25 25/36/27
f 5/2/2 32/37/28 28/34/25
f 10/11/10 26/41/31 32/40/28
f 13/19/15 7/7/6 2/8/7
f 17/18/14 11/9/8 7/7/6
f 22/28/22 3/13/11 11/12/8
f 37/52/39 19/22/18 14/24/19
f 41/63/38 23/29/23 19/25/18
f 46/61/46 15/30/24 23/29/23
f 27/46/36 43/55/42 38/57/43
f 35/130/35 47/58/44 43/60/42
f 31/39/30 39/62/47 47/58/44
f 25/36/27 76/98/73 73/100/75
f 29/35/26 80/101/76 76/98/73
f 34/44/34 74/105/79 80/104/76
f 85/116/87 40/50/37 37/52/39
f 89/115/86 44/53/40 40/50/37
f 94/125/94 38/57/43 44/56/40
f 75/110/83 91/119/90 86/121/92
f 83/106/80 95/126/95 91/122/90
f 79/103/78 87/127/96 95/126/95
f 73/100/75 52/67/49 49/69/51
f 77/99/74 56/131/52 52/67/49
f 82/108/82 50/74/55 56/70/52
f 61/84/63 88/114/85 85/116/87
f 65/83/62 92/132/91 88/114/85
f 70/93/70 86/121/92 92/120/91
f 51/79/60 67/87/66 62/89/68
f 59/133/59 71/90/69 67/92/66
f 55/73/54 63/94/71 71/90/69
f 49/69/51 4/1/1 1/3/3
f 53/68/50 8/134/4 4/1/1
f 58/77/58 2/8/7 8/4/4
f 14/24/19 64/82/61 61/84/63
f 20/23/16 68/135/67 64/82/61
f 16/17/13 62/89/68 68/88/67
f 73/100/75 1/3/3 25/36/27
f 15/30/24 26/41/31 3/13/11
f 62/89/68 2/8/7 51/79/60
f 37/52/39 61/84/63 85/116/87
f 38/57/43 74/105/79 27/46/36
f 86/121/92 50/74/55 75/110/83
f 97/136/97 101/137/98 103/138/99
f 98/139/100 101/140/101 100/141/102
f 99/142/103 101/143/104 102/144/105
f 104/145/106 108/146/107 110/147/108
f 105/148/109 108/149/110 107/150/111
f 106/151/112 108/152/113 109/153/114
f 111/154/115 115/155/116 117/156/117
f 112/157/118 115/158/119 114/159/120
f 113/160/121 115/161/122 116/162/123
f 118/163/124 122/164/125 124/165/126
f 119/166/127 122/167/128 121/168/129
f 120/169/130 122/170/131 123/171/132
f 125/172/133 129/173/134 131/174/135
f 126/175/136 129/176/137 128/177/138
f 127/178/139 129/179/140 130/180/141
f 132/181/142 136/182/143 138/183/144
f 133/184/145 136/185/146 135/186/147
f 134/187/148 136/188/149 137/189/150
f 139/190/151 143/191/152 145/192/153
f 140/193/154 143/194/155 142/195/156
f 141/196/157 143/197/158 144/198/159
f 146/199/160 150/200/161 152/201/162
f 147/202/163 150/203/164 149/204/165
f 148/205/166 150/206/167 151/207/168
f 97/136/97 114/208/169 111/154/115
f 103/209/170 112/157/118 114/159/120
f 98/139/100 110/147/108 102/210/171
f 110/211/172 99/142/103 102/144/105
f 118/163/124 109/212/173 105/148/109
f 124/213/174 106/151/112 109/153/114
f 113/160/121 123/214/175 119/166/127
f 116/215/176 120/169/130 123/171/132
f 111/154/115 142/216/177 139/190/151
f 142/195/156 113/160/121 140/193/154
f 118/163/124 152/201/162 121/217/178
f 152/218/179 119/166/127 121/168/129
f 141/196/157 151/219/180 147/202/163
f 144/220/181 148/205/166 151/207/168
f 139/190/151 128/221/182 125/172/133
f 145/222/183 126/175/136 128/177/138
f 132/181/142 149/223/184 146/199/160
f 138/224/185 147/202/163 149/204/165
f 127/178/139 137/225/186 133/184/145
f 137/189/150 126/175/136 134/187/148
f 97/136/97 131/174/135 100/226/187
f 131/227/188 98/139/100 100/141/102
f 105/148/109 135/228/189 132/181/142
f 135/186/147 104/145/106 133/184/145
f 139/190/151 97/136/97 111/154/115
f 106/151/112 112/157/118 99/142/103
f 133/184/145 98/139/100 127/178/139
f 118/163/124 132/181/142 146/199/160
f 119/166/127 140/193/154 113/160/121
f 141/196/157 134/187/148 126/175/136
f 153/229/97 157/230/98 159/231/99
f 154/232/100 157/233/101 156/234/102
f 155/235/103 157/236/190 158/237/191
f 160/238/106 164/239/107 166/240/108
f 161/241/109 164/242/192 163/243/111
f 162/244/112 164/245/113 165/246/193
f 167/247/115 171/248/116 173/249/117
f 168/250/118 171/251/194 170/252/195
f 169/253/121 171/254/122 172/255/123
f 174/256/124 178/257/196 180/258/197
f 175/259/127 178/260/128 177/261/129
f 176/262/130 178/263/131 179/264/198
f 181/265/133 185/266/134 187/267/135
f 182/268/136 185/269/199 184/270/200
f 183/271/139 185/272/140 186/273/141
f 188/274/142 192/275/201 194/276/202
f 189/277/145 192/278/146 191/279/203
f 190/280/148 192/281/149 193/282/150
f 195/283/151 199/284/152 201/285/153
f 196/286/154 199/287/155 198/288/156
f 197/289/157 199/290/204 200/291/159
f 202/292/160 206/293/205 208/294/206
f 203/295/163 206/296/164 205/297/207
f 204/298/166 206/299/167 207/300/168
f 153/229/97 170/301/169 167/247/115
f 170/252/195 155/235/103 168/250/118
f 160/238/106 158/302/171 154/232/100
f 166/303/208 155/235/103 158/237/191
f 174/256/124 165/304/209 161/241/109
f 180/305/210 162/244/112 165/246/193
f 169/253/121 179/306/175 175/259/127
f 172/307/211 176/262/130 179/264/198
f 167/247/115 198/308/177 195/283/151
f 173/309/212 196/286/154 198/288/156
f 202/292/160 177/310/213 174/256/124
f 177/261/129 204/298/166 175/259/127
f 197/289/157 207/311/180 203/295/163
f 200/312/181 204/298/166 207/300/168
f 195/283/151 184/313/182 181/265/133
f 201/314/214 182/268/136 184/270/200
f 188/274/142 205/315/215 202/292/160
f 194/316/185 203/295/163 205/297/207
f 183/271/139 193/317/186 189/277/145
f 186/318/216 190/280/148 193/282/150
f 181/265/133 156/319/187 153/229/97
f 187/320/188 154/232/100 156/234/102
f 161/241/109 191/321/217 188/274/142
f 163/322/218 189/277/145 191/279/203
f 195/283/151 153/229/97 167/247/115
f 162/244/112 168/250/118 155/235/103
f 189/277/145 154/232/100 183/271/139
f 174/256/124 188/274/142 202/292/160
f 175/259/127 196/286/154 169/253/121
f 197/289/157 190/280/148 182/268/136
f 209/323/97 213/324/98 215/325/99
f 210/326/100 213/327/219 212/328/220
f 211/329/103 213/330/190 214/331/105
f 216/332/106 220/333/107 222/334/108
f 217/335/109 220/336/192 219/337/111
f 218/338/112 220/339/113 221/340/114
f 223/341/115 227/342/116 229/343/117
f 224/344/118 227/345/194 226/346/120
f 225/347/121 227/348/122 228/349/123
f 230/350/124 234/351/196 236/352/126
f 231/353/127 234/354/128 233/355/129
f 232/356/130 234/357/131 235/358/132
f 237/359/133 241/360/134 243/361/221
f 238/362/136 241/363/222 240/364/138
f 239/365/139 241/366/140 242/367/141
f 244/368/142 248/369/143 250/370/144
f 245/371/145 248/372/146 247/373/203
f 246/374/148 248/375/223 249/376/224
f 251/377/151 255/378/152 257/379/225
f 252/380/154 255/381/155 254/382/156
f 253/383/157 255/384/158 256/385/226
f 258/386/160 262/387/161 264/388/206
f 259/389/163 262/390/164 261/391/165
f 260/392/166 262/393/167 263/394/168
f 209/323/97 226/395/169 223/341/115
f 215/396/170 224/344/118 226/346/120
f 216/332/106 214/397/171 210/326/100
f 222/398/172 211/329/103 214/331/105
f 230/350/124 221/399/173 217/335/109
f 236/400/210 218/338/112 221/340/114
f 225/347/121 235/401/175 231/353/127
f 228/402/176 232/356/130 235/358/132
f 223/341/115 254/403/227 251/377/151
f 254/382/156 225/347/121 252/380/154
f 258/386/160 233/404/178 230/350/124
f 264/405/179 231/353/127 233/355/129
f 253/383/157 263/406/228 259/389/163
f 256/407/181 260/392/166 263/394/168
f 251/377/151 240/408/229 237/359/133
f 257/409/183 238/362/136 240/364/138
f 244/368/142 261/410/215 258/386/160
f 261/391/165 246/374/148 259/389/163
f 239/365/139 249/411/186 245/371/145
f 242/412/230 246/374/148 249/376/224
f 209/323/97 243/361/221 212/413/187
f 243/414/231 210/326/100 212/328/220
f 217/335/109 247/415/217 244/368/142
f 247/373/203 216/332/106 245/371/145
f 251/377/151 209/323/97 223/341/115
f 218/338/112 224/344/118 211/329/103
f 245/371/145 210/326/100 239/365/139
f 230/350/124 244/368/142 258/386/160
f 231/353/127 252/380/154 225/347/121
f 259/389/163 238/362/136 253/383/157
f 265/416/97 269/417/232 271/418/99
f 266/419/100 269/420/101 268/421/102
f 267/422/103 269/423/190 270/424/191
f 272/425/106 276/426/233 278/427/108
f 273/428/109 276/429/192 275/430/111
f 274/431/112 276/432/113 277/433/193
f 279/434/115 283/435/116 285/436/117
f 280/437/118 283/438/194 282/439/195
f 281/440/121 283/441/122 284/442/123
f 286/443/124 290/444/196 292/445/126
f 287/446/127 290/447/128 289/448/129
f 288/449/130 290/450/131 291/451/198
f 293/452/133 297/453/234 299/454/135
f 294/455/136 297/456/137 296/457/138
f 295/458/139 297/459/140 298/460/141
f 300/461/142 304/462/143 306/463/202
f 301/464/145 304/465/235 303/466/203
f 302/467/148 304/468/149 305/469/224
f 307/470/151 311/471/152 313/472/153
f 308/473/154 311/474/155 310/475/156
f 309/476/157 311/477/158 312/478/226
f 314/479/160 318/480/161 320/481/206
f 315/482/163 318/483/164 317/484/165
f 316/485/166 318/486/167 319/487/168
f 265/416/97 282/488/169 279/434/115
f 282/439/195 267/422/103 280/437/118
f 266/419/100 278/427/108 270/489/171
f 278/490/208 267/422/103 270/424/191
f 286/443/124 277/491/173 273/428/109
f 292/492/210 274/431/112 277/433/193
f 281/440/121 291/493/175 287/446/127
f 291/451/198 280/437/118 288/449/130
f 279/434/115 310/494/177 307/470/151
f 285/495/212 308/473/154 310/475/156
f 314/479/160 289/496/178 286/443/124
f 320/497/179 287/446/127 289/448/129
f 309/476/157 319/498/228 315/482/163
f 319/487/168 308/473/154 316/485/166
f 307/470/151 296/499/182 293/452/133
f 313/500/183 294/455/136 296/457/138
f 300/461/142 317/501/215 314/479/160
f 317/484/165 302/467/148 315/482/163
f 295/458/139 305/502/186 301/464/145
f 298/503/230 302/467/148 305/469/224
f 293/452/133 268/504/187 265/416/97
f 299/505/188 266/419/100 268/421/102
f 273/428/109 303/506/217 300/461/142
f 275/507/218 301/464/145 303/466/203
f 307/470/151 265/416/97 279/434/115
f 274/431/112 280/437/118 267/422/103
f 301/464/145 266/419/100 295/458/139
f 286/443/124 300/461/142 314/479/160
f 287/446/127 308/473/154 281/440/121
f 315/482/163 294/455/136 309/476/157
f 321/508/236 323/509/236 324/510/236
f 325/511/237 322/512/237 321/513/237
f 325/514/238 330/515/239 326/516/240
f 326/517/241 323/518/241 322/519/241
f 330/515/239 327/520/242 326/516/240
f 327/521/243 324/522/243 323/523/243
f 327/520/242 332/524/244 328/525/245
f 328/526/246 321/527/246 324/528/246
f 332/524/244 325/514/238 328/525/245
f 332/524/244 330/515/239 329/529/247
f 333/530/236 335/531/236 334/532/236
f 333/530/236 336/533/236 335/531/236
f 333/530/236 337/534/236 336/533/236
f 333/530/236 338/535/236 337/534/236
f 333/530/236 339/536/236 338/535/236
f 333/530/236 340/537/236 339/536/236
f 333/530/236 341/538/236 340/537/236
f 333/530/236 342/539/236 341/538/236
f 333/530/236 343/540/236 342/539/236
f 333/530/236 344/541/236 343/540/236
f 333/530/236 345/542/236 344/541/236
f 333/530/236 346/543/236 345/542/236
f 333/530/236 347/544/236 346/543/236
f 333/530/236 348/545/236 347/544/236
f 333/530/236 349/546/236 348/545/236
f 333/530/236 334/532/236 349/546/236
f 335/547/248 350/548/241 334/549/241
f 336/550/249 351/551/248 335/547/248
f 337/552/250 352/553/249 336/554/249
f 338/555/237 353/556/250 337/552/250
f 339/557/251 354/558/237 338/555/237
f 340/559/252 355/560/251 339/557/251
f 341/561/253 356/562/252 340/563/252
f 342/564/246 357/565/253 341/561/253
f 343/566/254 358/567/246 342/564/246
f 344/568/255 359/569/254 343/566/254
f 345/570/256 360/571/255 344/572/255
f 346/573/243 361/574/256 345/570/256
f 347/575/257 362/576/243 346/573/243
f 348/577/258 363/578/257 347/575/257
f 349/579/259 364/580/258 348/581/258
f 334/549/241 365/582/259 349/579/259
f 350/583/260 351/584/260 366/585/260
f 351/584/260 352/586/260 366/585/260
f 352/586/260 353/587/260 366/585/260
f 353/587/260 354/588/260 366/585/260
f 354/588/260 355/589/260 366/585/260
f 355/589/260 356/590/260 366/585/260
f 356/590/260 357/591/260 366/585/260
f 357/591/260 358/592/260 366/585/260
f 358/592/260 359/593/260 366/585/260
f 359/593/260 360/594/260 366/585/260
f 360/594/260 361/595/260 366/585/260
f 361/595/260 362/596/260 366/585/260
f 362/596/260 363/597/260 366/585/260
f 363/597/260 364/598/260 366/585/260
f 364/598/260 365/599/260 366/585/260
f 365/599/260 350/583/260 366/585/260
f 370/600/1 371/601/2 367/602/3
f 374/603/4 372/604/5 370/605/1
f 373/606/6 374/603/4 368/607/7
f 377/608/8 375/609/9 373/606/6
f 376/610/10 377/611/8 369/612/11
f 371/601/2 378/613/12 376/614/10
f 372/604/5 375/609/9 378/615/12
f 382/616/13 383/617/14 379/618/15
f 382/616/13 387/619/21 384/620/261
f 385/621/18 386/622/16 380/623/19
f 389/624/23 387/625/21 385/621/18
f 388/626/22 389/627/23 381/628/24
f 388/629/22 384/620/261 390/630/262
f 384/620/261 387/619/21 390/630/262
f 394/631/25 395/632/26 391/633/27
f 394/631/25 399/634/263 396/635/29
f 397/636/30 398/637/28 392/638/31
f 397/639/30 402/640/32 399/641/263
f 400/642/34 401/643/35 393/644/36
f 400/645/34 396/635/29 402/646/32
f 396/647/29 399/641/263 402/640/32
f 406/648/37 407/649/38 403/650/39
f 410/651/40 408/652/264 406/648/37
f 409/653/42 410/654/40 404/655/43
f 409/653/42 414/656/265 411/657/45
f 412/658/46 413/659/44 405/660/47
f 407/649/38 414/661/265 412/662/46
f 408/652/264 411/663/45 414/661/265
f 418/664/49 419/665/50 415/666/51
f 422/667/52 420/668/266 418/669/49
f 421/670/54 422/667/52 416/671/55
f 421/670/54 426/672/56 423/673/57
f 424/674/58 425/675/59 417/676/60
f 419/665/50 426/677/56 424/678/58
f 420/668/266 423/673/57 426/672/56
f 430/679/61 431/680/62 427/681/63
f 430/679/61 435/682/64 432/683/65
f 433/684/66 434/685/67 428/686/68
f 437/687/69 435/688/64 433/689/66
f 436/690/70 437/687/69 429/691/71
f 436/690/70 432/692/65 438/693/72
f 432/692/65 435/688/64 438/693/72
f 442/694/73 443/695/74 439/696/75
f 442/694/73 447/697/81 444/698/77
f 445/699/78 446/700/76 440/701/79
f 449/702/80 447/703/81 445/699/78
f 448/704/82 449/705/80 441/706/83
f 448/707/82 444/698/77 450/708/267
f 444/709/77 447/703/81 450/710/267
f 454/711/85 455/712/86 451/713/87
f 458/714/91 456/715/89 454/711/85
f 457/716/90 458/717/91 452/718/92
f 457/719/90 462/720/93 459/721/268
f 460/722/94 461/723/95 453/724/96
f 455/712/86 462/725/93 460/726/94
f 456/727/89 459/721/268 462/720/93
f 367/602/3 394/631/25 391/633/27
f 371/601/2 398/728/28 394/631/25
f 376/610/10 392/638/31 398/637/28
f 368/607/7 383/617/14 373/606/6
f 383/617/14 377/608/8 373/606/6
f 388/626/22 369/612/11 377/611/8
f 403/650/39 385/621/18 380/623/19
f 407/649/38 389/624/23 385/621/18
f 412/658/46 381/628/24 389/627/23
f 393/644/36 409/653/42 404/655/43
f 401/643/35 413/729/44 409/653/42
f 413/659/44 392/638/31 405/660/47
f 439/696/75 395/632/26 442/694/73
f 395/632/26 446/730/76 442/694/73
f 400/642/34 440/701/79 446/700/76
f 451/713/87 406/648/37 403/650/39
f 455/712/86 410/651/40 406/648/37
f 410/654/40 453/724/96 404/655/43
f 441/706/83 457/716/90 452/718/92
f 449/702/80 461/723/95 457/719/90
f 461/723/95 440/701/79 453/724/96
f 439/696/75 418/664/49 415/666/51
f 443/695/74 422/731/52 418/664/49
f 448/704/82 416/671/55 422/667/52
f 427/681/63 454/711/85 451/713/87
f 431/680/62 458/714/91 454/711/85
f 458/717/91 429/691/71 452/718/92
f 417/676/60 433/684/66 428/686/68
f 425/732/59 437/687/69 433/689/66
f 437/687/69 416/671/55 429/691/71
f 415/666/51 370/600/1 367/602/3
f 419/665/50 374/733/4 370/600/1
f 374/603/4 417/676/60 368/607/7
f 427/681/63 386/622/16 430/679/61
f 386/622/16 434/734/67 430/679/61
f 382/616/13 428/686/68 434/685/67
f 439/696/75 367/602/3 391/633/27
f 381/628/24 392/638/31 369/612/11
f 428/686/68 368/607/7 417/676/60
f 403/650/39 427/681/63 451/713/87
f 404/655/43 440/701/79 393/644/36
f 452/718/92 416/671/55 441/706/83
f 463/735/236 465/736/236 466/737/236
f 467/738/237 464/739/237 463/740/237
f 471/741/247 468/742/240 467/743/238
f 468/744/241 465/745/241 464/746/241
f 472/747/239 469/748/242 468/742/240
f 469/749/243 466/750/243 465/751/243
f 473/752/269 470/753/245 469/748/242
f 470/754/246 463/755/246 466/756/246
f 470/753/245 471/741/247 467/743/238
f 474/757/244 472/747/239 471/741/247
f 475/758/236 477/759/236 476/760/236
f 475/758/236 478/761/236 477/759/236
f 475/758/236 479/762/236 478/761/236
f 475/758/236 480/763/236 479/762/236
f 475/758/236 481/764/236 480/763/236
f 475/758/236 482/765/236 481/764/236
f 475/758/236 483/766/236 482/765/236
f 475/758/236 484/767/236 483/766/236
f 475/758/236 485/768/236 484/767/236
f 475/758/236 486/769/236 485/768/236
f 475/758/236 487/770/236 486/769/236
f 475/758/236 488/771/236 487/770/236
f 475/758/236 489/772/236 488/771/236
f 475/758/236 490/773/236 489/772/236
f 475/758/236 491/774/236 490/773/236
f 475/758/236 476/760/236 491/774/236
f 477/775/248 492/776/241 476/777/241
f 478/778/249 493/779/248 477/775/248
f 479/780/250 494/781/249 478/782/249
f 480/783/237 495/784/250 479/780/250
f 481/785/251 496/786/237 480/783/237
f 482/787/252 497/788/251 481/785/251
f 483/789/253 498/790/252 482/791/252
f 484/792/246 499/793/253 483/789/253
f 485/794/254 500/795/246 484/792/246
f 486/796/255 501/797/254 485/794/254
f 487/798/256 502/799/255 486/800/255
f 488/801/243 503/802/256 487/798/256
f 489/803/257 504/804/243 488/801/243
f 490/805/258 505/806/257 489/803/257
f 491/807/259 506/808/258 490/809/258
f 476/777/241 507/810/259 491/807/259
f 492/811/260 493/812/260 508/813/260
f 493/812/260 494/814/260 508/813/260
f 494/814/260 495/815/260 508/813/260
f 495/815/260 496/816/260 508/813/260
f 496/816/260 497/817/260 508/813/260
f 497/817/260 498/818/260 508/813/260
f 498/818/260 499/819/260 508/813/260
f 499/819/260 500/820/260 508/813/260
f 500/820/260 501/821/260 508/813/260
f 501/821/260 502/822/260 508/813/260
f 502/822/260 503/823/260 508/813/260
f 503/823/260 504/824/260 508/813/260
f 504/824/260 505/825/260 508/813/260
f 505/825/260 506/826/260 508/813/260
f 506/826/260 507/827/260 508/813/260
f 507/827/260 492/811/260 508/813/260
f 512/828/1 513/829/2 509/830/3
f 512/831/1 517/832/9 514/833/270
f 515/834/6 516/835/4 510/836/7
f 515/834/6 520/837/271 517/832/9
f 518/838/10 519/839/8 511/840/11
f 513/829/2 520/841/271 518/842/10
f 514/833/270 517/832/9 520/837/271
f 524/843/13 525/844/14 521/845/15
f 528/846/16 526/847/17 524/843/13
f 527/848/18 528/849/16 522/850/19
f 531/851/23 529/852/272 527/853/18
f 530/854/22 531/851/23 523/855/24
f 530/856/22 526/847/17 532/857/262
f 526/847/17 529/858/272 532/857/262
f 536/859/25 537/860/26 533/861/27
f 540/862/28 538/863/273 536/859/25
f 539/864/30 540/865/28 534/866/31
f 543/867/35 541/868/274 539/869/30
f 542/870/34 543/867/35 535/871/36
f 537/860/26 544/872/32 542/873/34
f 538/863/273 541/874/274 544/872/32
f 548/875/37 549/876/38 545/877/39
f 548/878/37 553/879/45 550/880/275
f 551/881/42 552/882/40 546/883/43
f 555/884/44 553/879/45 551/881/42
f 554/885/46 555/886/44 547/887/47
f 554/885/46 550/888/275 556/889/48
f 550/890/275 553/891/45 556/892/48
f 560/893/49 561/894/50 557/895/51
f 564/896/52 562/897/266 560/898/49
f 563/899/54 564/896/52 558/900/55
f 567/901/59 565/902/276 563/899/54
f 566/903/58 567/904/59 559/905/60
f 566/906/58 562/907/266 568/908/277
f 562/897/266 565/902/276 568/909/277
f 572/910/61 573/911/62 569/912/63
f 576/913/67 574/914/278 572/910/61
f 575/915/66 576/916/67 570/917/68
f 575/918/66 580/919/72 577/920/64
f 578/921/70 579/922/69 571/923/71
f 573/924/62 580/919/72 578/921/70
f 574/925/278 577/920/64 580/919/72
f 584/926/73 585/927/74 581/928/75
f 588/929/76 586/930/77 584/926/73
f 587/931/78 588/932/76 582/933/79
f 587/931/78 592/934/267 589/935/279
f 590/936/82 591/937/80 583/938/83
f 590/939/82 586/930/77 592/940/267
f 586/930/77 589/941/279 592/940/267
f 596/942/85 597/943/86 593/944/87
f 596/942/85 601/945/268 598/946/89
f 599/947/90 600/948/91 594/949/92
f 603/950/95 601/951/268 599/952/90
f 602/953/94 603/950/95 595/954/96
f 602/953/94 598/955/89 604/956/93
f 598/955/89 601/951/268 604/956/93
f 509/830/3 536/859/25 533/861/27
f 513/829/2 540/862/28 536/859/25
f 518/838/10 534/866/31 540/865/28
f 521/845/15 515/834/6 510/836/7
f 525/844/14 519/957/8 515/834/6
f 530/854/22 511/840/11 519/839/8
f 545/877/39 527/848/18 522/850/19
f 549/958/38 531/851/23 527/853/18
f 554/885/46 523/855/24 531/851/23
f 535/871/36 551/881/42 546/883/43
f 543/867/35 555/884/44 551/881/42
f 539/864/30 547/887/47 555/886/44
f 581/928/75 537/860/26 584/926/73
f 537/860/26 588/929/76 584/926/73
f 542/870/34 582/933/79 588/932/76
f 593/944/87 548/875/37 545/877/39
f 597/959/86 552/882/40 548/878/37
f 552/882/40 595/954/96 546/883/43
f 583/938/83 599/947/90 594/949/92
f 591/960/80 603/950/95 599/952/90
f 587/931/78 595/954/96 603/950/95
f 581/928/75 560/893/49 557/895/51
f 585/927/74 564/961/52 560/893/49
f 590/936/82 558/900/55 564/896/52
f 569/912/63 596/942/85 593/944/87
f 573/911/62 600/962/91 596/942/85
f 578/921/70 594/949/92 600/948/91
f 559/905/60 575/915/66 570/917/68
f 567/901/59 579/922/69 575/918/66
f 563/899/54 571/923/71 579/922/69
f 557/895/51 512/828/1 509/830/3
f 561/894/50 516/963/4 512/828/1
f 516/835/4 559/905/60 510/836/7
f 569/912/63 528/849/16 572/910/61
f 528/849/16 576/913/67 572/910/61
f 524/843/13 570/917/68 576/916/67
f 581/928/75 509/830/3 533/861/27
f 523/855/24 534/866/31 511/840/11
f 570/917/68 510/836/7 559/905/60
f 545/877/39 569/912/63 593/944/87
f 546/883/43 582/933/79 535/871/36
f 594/949/92 558/900/55 583/938/83
f 605/964/236 607/965/236 608/966/236
f 609/967/237 606/968/237 605/969/237
f 613/970/247 610/971/240 609/972/238
f 610/973/241 607/974/241 606/975/241
f 614/976/239 611/977/242 610/971/240
f 611/978/243 608/979/243 607/980/243
f 615/981/269 612/982/245 611/977/242
f 612/983/246 605/984/246 608/985/246
f 616/986/244 609/972/238 612/982/245
f 616/986/244 614/976/239 613/970/247
f 617/987/236 619/988/236 618/989/236
f 617/987/236 620/990/236 619/988/236
f 617/987/236 621/991/236 620/990/236
f 617/987/236 622/992/236 621/991/236
f 617/987/236 623/993/236 622/992/236
f 617/987/236 624/994/236 623/993/236
f 617/987/236 625/995/236 624/994/236
f 617/987/236 626/996/236 625/995/236
f 617/987/236 627/997/236 626/996/236
f 617/987/236 628/998/236 627/997/236
f 617/987/236 629/999/236 628/998/236
f 617/987/236 630/1000/236 629/999/236
f 617/987/236 631/1001/236 630/1000/236
f 617/987/236 632/1002/236 631/1001/236
f 617/987/236 633/1003/236 632/1002/236
f 617/987/236 618/989/236 633/1003/236
f 619/1004/248 634/1005/241 618/1006/241
f 620/1007/249 635/1008/248 619/1004/248
f 621/1009/250 636/1010/249 620/1011/249
f 622/1012/237 637/1013/250 621/1009/250
f 623/1014/251 638/1015/237 622/1012/237
f 624/1016/252 639/1017/251 623/1014/251
f 625/1018/253 640/1019/252 624/1020/252
f 626/1021/246 641/1022/253 625/1018/253
f 627/1023/254 642/1024/246 626/1021/246
f 628/1025/255 643/1026/254 627/1023/254
f 629/1027/256 644/1028/255 628/1029/255
f 630/1030/243 645/1031/256 629/1027/256
f 631/1032/257 646/1033/243 630/1030/243
f 632/1034/258 647/1035/257 631/1032/257
f 633/1036/259 648/1037/258 632/1038/258
f 618/1006/241 649/1039/259 633/1036/259
f 634/1040/260 635/1041/260 650/1042/260
f 635/1041/260 636/1043/260 650/1042/260
f 636/1043/260 637/1044/260 650/1042/260
f 637/1044/260 638/1045/260 650/1042/260
f 638/1045/260 639/1046/260 650/1042/260
f 639/1046/260 640/1047/260 650/1042/260
f 640/1047/260 641/1048/260 650/1042/260
f 641/1048/260 642/1049/260 650/1042/260
f 642/1049/260 643/1050/260 650/1042/260
f 643/1050/260 644/1051/260 650/1042/260
f 644/1051/260 645/1052/260 650/1042/260
f 645/1052/260 646/1053/260 650/1042/260
f 646/1053/260 647/1054/260 650/1042/260
f 647/1054/260 648/1055/260 650/1042/260
f 648/1055/260 649/1056/260 650/1042/260
f 649/1056/260 634/1040/260 650/1042/260
f 654/1057/1 655/1058/2 651/1059/3
f 658/1060/4 656/1061/5 654/1062/1
f 657/1063/6 658/1060/4 652/1064/7
f 657/1063/6 662/1065/271 659/1066/280
f 660/1067/10 661/1068/8 653/1069/11
f 660/1070/10 656/1071/5 662/1072/271
f 656/1061/5 659/1066/280 662/1065/271
f 666/1073/13 667/1074/14 663/1075/15
f 670/1076/16 668/1077/17 666/1073/13
f 669/1078/18 670/1079/16 664/1080/19
f 673/1081/23 671/1082/281 669/1078/18
f 672/1083/22 673/1084/23 665/1085/24
f 667/1074/14 674/1086/262 672/1087/22
f 668/1077/17 671/1088/281 674/1086/262
f 678/1089/25 679/1090/26 675/1091/27
f 682/1092/28 680/1093/29 678/1089/25
f 681/1094/30 682/1095/28 676/1096/31
f 685/1097/35 683/1098/33 681/1099/30
f 684/1100/34 685/1097/35 677/1101/36
f 684/1102/34 680/1093/29 686/1103/282
f 680/1093/29 683/1104/33 686/1103/282
f 690/1105/37 691/1106/38 687/1107/39
f 690/1105/37 695/1108/45 692/1109/264
f 693/1110/42 694/1111/40 688/1112/43
f 693/1110/42 698/1113/283 695/1114/45
f 696/1115/46 697/1116/44 689/1117/47
f 691/1106/38 698/1118/283 696/1119/46
f 692/1109/264 695/1108/45 698/1118/283
f 702/1120/49 703/1121/50 699/1122/51
f 706/1123/52 704/1124/284 702/1125/49
f 705/1126/54 706/1123/52 700/1127/55
f 705/1126/54 710/1128/56 707/1129/57
f 708/1130/58 709/1131/59 701/1132/60
f 708/1133/58 704/1134/284 710/1135/56
f 704/1124/284 707/1129/57 710/1128/56
f 714/1136/61 715/1137/62 711/1138/63
f 718/1139/67 716/1140/278 714/1136/61
f 717/1141/66 718/1142/67 712/1143/68
f 721/1144/69 719/1145/64 717/1146/66
f 720/1147/70 721/1144/69 713/1148/71
f 715/1149/62 722/1150/72 720/1147/70
f 716/1151/278 719/1145/64 722/1150/72
f 726/1152/73 727/1153/74 723/1154/75
f 730/1155/76 728/1156/285 726/1152/73
f 729/1157/78 730/1158/76 724/1159/79
f 729/1157/78 734/1160/267 731/1161/286
f 732/1162/82 733/1163/80 725/1164/83
f 727/1153/74 734/1165/267 732/1166/82
f 728/1156/285 731/1167/286 734/1165/267
f 738/1168/85 739/1169/86 735/1170/87
f 742/1171/91 740/1172/89 738/1168/85
f 741/1173/90 742/1174/91 736/1175/92
f 741/1176/90 746/1177/93 743/1178/88
f 744/1179/94 745/1180/95 737/1181/96
f 739/1169/86 746/1182/93 744/1183/94
f 740/1184/89 743/1178/88 746/1177/93
f 651/1059/3 678/1089/25 675/1091/27
f 655/1058/2 682/1092/28 678/1089/25
f 660/1067/10 676/1096/31 682/1095/28
f 652/1064/7 667/1074/14 657/1063/6
f 667/1074/14 661/1185/8 657/1063/6
f 672/1083/22 653/1069/11 661/1068/8
f 687/1107/39 669/1078/18 664/1080/19
f 691/1106/38 673/1081/23 669/1078/18
f 696/1115/46 665/1085/24 673/1084/23
f 677/1101/36 693/1110/42 688/1112/43
f 685/1097/35 697/1186/44 693/1110/42
f 697/1116/44 676/1096/31 689/1117/47
f 723/1154/75 679/1090/26 726/1152/73
f 679/1090/26 730/1155/76 726/1152/73
f 684/1100/34 724/1159/79 730/1158/76
f 735/1170/87 690/1105/37 687/1107/39
f 739/1169/86 694/1187/40 690/1105/37
f 694/1111/40 737/1181/96 688/1112/43
f 725/1164/83 741/1173/90 736/1175/92
f 733/1188/80 745/1180/95 741/1176/90
f 745/1180/95 724/1159/79 737/1181/96
f 723/1154/75 702/1120/49 699/1122/51
f 727/1153/74 706/1189/52 702/1120/49
f 732/1162/82 700/1127/55 706/1123/52
f 711/1138/63 738/1168/85 735/1170/87
f 715/1137/62 742/1171/91 738/1168/85
f 720/1147/70 736/1175/92 742/1174/91
f 701/1132/60 717/1141/66 712/1143/68
f 709/1190/59 721/1144/69 717/1146/66
f 721/1144/69 700/1127/55 713/1148/71
f 699/1122/51 654/1057/1 651/1059/3
f 703/1121/50 658/1191/4 654/1057/1
f 658/1060/4 701/1132/60 652/1064/7
f 711/1138/63 670/1079/16 714/1136/61
f 670/1079/16 718/1139/67 714/1136/61
f 666/1073/13 712/1143/68 718/1142/67
f 723/1154/75 651/1059/3 675/1091/27
f 665/1085/24 676/1096/31 653/1069/11
f 712/1143/68 652/1064/7 701/1132/60
f 687/1107/39 711/1138/63 735/1170/87
f 688/1112/43 724/1159/79 677/1101/36
f 736/1175/92 700/1127/55 725/1164/83
f 4/1/1 6/1192/5 5/2/2
f 8/4/4 9/10/9 6/5/5
f 7/7/6 9/10/9 8/4/4
f 11/9/8 12/16/12 9/10/9
f 10/11/10 12/1193/12 11/12/8
f 5/2/2 6/1192/5 12/14/12
f 16/17/13 18/21/17 17/18/14
f 20/20/16 21/33/21 18/21/17
f 19/22/18 21/1194/21 20/23/16
f 19/25/18 23/29/23 24/26/20
f 22/28/22 24/26/20 23/29/23
f 22/31/22 17/18/14 18/21/17
f 28/34/25 30/38/29 29/35/26
f 32/37/28 33/49/33 30/38/29
f 31/39/30 33/43/33 32/40/28
f 31/39/30 35/130/35 36/42/32
f 34/44/34 36/1195/32 35/45/35
f 29/35/26 30/38/29 36/47/32
f 40/50/37 42/54/41 41/51/38
f 44/53/40 45/65/45 42/54/41
f 43/55/42 45/1196/45 44/56/40
f 47/58/44 48/64/48 45/59/45
f 46/61/46 48/64/48 47/58/44
f 41/63/38 42/1197/41 48/64/48
f 52/67/49 54/1198/53 53/68/50
f 56/70/52 57/76/57 54/71/53
f 55/73/54 57/76/57 56/70/52
f 55/73/54 59/133/59 60/75/56
f 58/77/58 60/1199/56 59/78/59
f 53/68/50 54/1198/53 60/80/56
f 64/82/61 66/86/65 65/83/62
f 64/82/61 68/135/67 69/85/64
f 67/87/66 69/1200/64 68/88/67
f 71/90/69 72/96/72 69/91/64
f 70/93/70 72/96/72 71/90/69
f 65/95/62 66/97/65 72/96/72
f 76/98/73 78/102/77 77/99/74
f 80/101/76 81/113/81 78/102/77
f 79/103/78 81/107/81 80/104/76
f 83/106/80 84/1201/84 81/107/81
f 82/108/82 84/1202/84 83/109/80
f 77/99/74 78/102/77 84/111/84
f 88/114/85 90/118/89 89/115/86
f 88/114/85 92/132/91 93/117/88
f 91/119/90 93/1203/88 92/120/91
f 91/122/90 95/126/95 96/123/93
f 94/125/94 96/123/93 95/126/95
f 89/115/86 90/118/89 96/128/93
f 1/3/3 5/2/2 28/34/25
f 5/2/2 10/15/10 32/37/28
f 10/11/10 3/13/11 26/41/31
f 13/19/15 17/18/14 7/7/6
f 17/18/14 22/31/22 11/9/8
f 22/28/22 15/30/24 3/13/11
f 37/52/39 41/51/38 19/22/18
f 41/63/38 46/61/46 23/29/23
f 46/61/46 39/62/47 15/30/24
f 27/46/36 35/45/35 43/55/42
f 35/130/35 31/39/30 47/58/44
f 31/39/30 26/41/31 39/62/47
f 25/36/27 29/35/26 76/98/73
f 29/35/26 34/48/34 80/101/76
f 34/44/34 27/46/36 74/105/79
f 85/116/87 89/115/86 40/50/37
f 89/115/86 94/129/94 44/53/40
f 94/125/94 87/127/96 38/57/43
f 75/110/83 83/109/80 91/119/90
f 83/106/80 79/103/78 95/126/95
f 79/103/78 74/105/79 87/127/96
f 73/100/75 77/99/74 52/67/49
f 77/99/74 82/112/82 56/131/52
f 82/108/82 75/110/83 50/74/55
f 61/84/63 65/83/62 88/114/85
f 65/83/62 70/1204/70 92/132/91
f 70/93/70 63/94/71 86/121/92
f 51/79/60 59/78/59 67/87/66
f 59/133/59 55/73/54 71/90/69
f 55/73/54 50/74/55 63/94/71
f 49/69/51 53/68/50 4/1/1
f 53/68/50 58/81/58 8/134/4
f 58/77/58 51/79/60 2/8/7
f 14/24/19 20/23/16 64/82/61
f 20/23/16 16/1205/13 68/135/67
f 16/17/13 13/19/15 62/89/68
f 73/100/75 49/69/51 1/3/3
f 15/30/24 39/62/47 26/41/31
f 62/89/68 13/19/15 2/8/7
f 37/52/39 14/24/19 61/84/63
f 38/57/43 87/127/96 74/105/79
f 86/121/92 63/94/71 50/74/55
f 97/136/97 100/226/187 101/137/98
f 98/139/100 102/210/171 101/140/101
f 99/142/103 103/209/170 101/143/104
f 104/145/106 107/1206/218 108/146/107
f 105/148/109 109/212/173 108/149/110
f 106/151/112 110/211/172 108/152/113
f 111/154/115 114/208/169 115/155/116
f 112/157/118 116/215/176 115/158/119
f 113/160/121 117/1207/212 115/161/122
f 118/163/124 121/217/178 122/164/125
f 119/166/127 123/214/175 122/167/128
f 120/169/130 124/213/174 122/170/131
f 125/172/133 128/221/182 129/173/134
f 126/175/136 130/1208/216 129/176/137
f 127/178/139 131/227/188 129/179/140
f 132/181/142 135/228/189 136/182/143
f 133/184/145 137/225/186 136/185/146
f 134/187/148 138/224/185 136/188/149
f 139/190/151 142/216/177 143/191/152
f 140/193/154 144/220/181 143/194/155
f 141/196/157 145/222/183 143/197/158
f 146/199/160 149/223/184 150/200/161
f 147/202/163 151/219/180 150/203/164
f 148/205/166 152/218/179 150/206/167
f 97/136/97 103/138/99 114/208/169
f 103/209/170 99/142/103 112/157/118
f 98/139/100 104/145/106 110/147/108
f 110/211/172 106/151/112 99/142/103
f 118/163/124 124/165/126 109/212/173
f 124/213/174 120/169/130 106/151/112
f 113/160/121 116/162/123 123/214/175
f 116/215/176 112/157/118 120/169/130
f 111/154/115 117/156/117 142/216/177
f 142/195/156 117/1207/212 113/160/121
f 118/163/124 146/199/160 152/201/162
f 152/218/179 148/205/166 119/166/127
f 141/196/157 144/198/159 151/219/180
f 144/220/181 140/193/154 148/205/166
f 139/190/151 145/192/153 128/221/182
f 145/222/183 141/196/157 126/175/136
f 132/181/142 138/183/144 149/223/184
f 138/224/185 134/187/148 147/202/163
f 127/178/139 130/180/141 137/225/186
f 137/189/150 130/1208/216 126/175/136
f 97/136/97 125/172/133 131/174/135
f 131/227/188 127/178/139 98/139/100
f 105/148/109 107/150/111 135/228/189
f 135/186/147 107/1206/218 104/145/106
f 139/190/151 125/172/133 97/136/97
f 106/151/112 120/169/130 112/157/118
f 133/184/145 104/145/106 98/139/100
f 118/163/124 105/148/109 132/181/142
f 119/166/127 148/205/166 140/193/154
f 141/196/157 147/202/163 134/187/148
f 153/229/97 156/319/187 157/230/98
f 154/232/100 158/302/171 157/233/101
f 155/235/103 159/1209/287 157/236/190
f 160/238/106 163/322/218 164/239/107
f 161/241/109 165/304/209 164/242/192
f 162/244/112 166/303/208 164/245/113
f 167/247/115 170/301/169 171/248/116
f 168/250/118 172/307/211 171/251/194
f 169/253/121 173/309/212 171/254/122
f 174/256/124 177/310/213 178/257/196
f 175/259/127 179/306/175 178/260/128
f 176/262/130 180/305/210 178/263/131
f 181/265/133 184/313/182 185/266/134
f 182/268/136 186/318/216 185/269/199
f 183/271/139 187/320/188 185/272/140
f 188/274/142 191/321/217 192/275/201
f 189/277/145 193/317/186 192/278/146
f 190/280/148 194/316/185 192/281/149
f 195/283/151 198/308/177 199/284/152
f 196/286/154 200/312/181 199/287/155
f 197/289/157 201/314/214 199/290/204
f 202/292/160 205/315/215 206/293/205
f 203/295/163 207/311/180 206/296/164
f 204/298/166 208/1210/179 206/299/167
f 153/229/97 159/231/99 170/301/169
f 170/252/195 159/1209/287 155/235/103
f 160/238/106 166/240/108 158/302/171
f 166/303/208 162/244/112 155/235/103
f 174/256/124 180/258/197 165/304/209
f 180/305/210 176/262/130 162/244/112
f 169/253/121 172/255/123 179/306/175
f 172/307/211 168/250/118 176/262/130
f 167/247/115 173/249/117 198/308/177
f 173/309/212 169/253/121 196/286/154
f 202/292/160 208/294/206 177/310/213
f 177/261/129 208/1210/179 204/298/166
f 197/289/157 200/291/159 207/311/180
f 200/312/181 196/286/154 204/298/166
f 195/283/151 201/285/153 184/313/182
f 201/314/214 197/289/157 182/268/136
f 188/274/142 194/276/202 205/315/215
f 194/316/185 190/280/148 203/295/163
f 183/271/139 186/273/141 193/317/186
f 186/318/216 182/268/136 190/280/148
f 181/265/133 187/267/135 156/319/187
f 187/320/188 183/271/139 154/232/100
f 161/241/109 163/243/111 191/321/217
f 163/322/218 160/238/106 189/277/145
f 195/283/151 181/265/133 153/229/97
f 162/244/112 176/262/130 168/250/118
f 189/277/145 160/238/106 154/232/100
f 174/256/124 161/241/109 188/274/142
f 175/259/127 204/298/166 196/286/154
f 197/289/157 203/295/163 190/280/148
f 209/323/97 212/413/187 213/324/98
f 210/326/100 214/397/171 213/327/219
f 211/329/103 215/396/170 213/330/190
f 216/332/106 219/1211/218 220/333/107
f 217/335/109 221/399/173 220/336/192
f 218/338/112 222/398/172 220/339/113
f 223/341/115 226/395/169 227/342/116
f 224/344/118 228/402/176 227/345/194
f 225/347/121 229/1212/212 227/348/122
f 230/350/124 233/404/178 234/351/196
f 231/353/127 235/401/175 234/354/128
f 232/356/130 236/400/210 234/357/131
f 237/359/133 240/408/229 241/360/134
f 238/362/136 242/412/230 241/363/222
f 239/365/139 243/414/231 241/366/140
f 244/368/142 247/415/217 248/369/143
f 245/371/145 249/411/186 248/372/146
f 246/374/148 250/1213/288 248/375/223
f 251/377/151 254/403/227 255/378/152
f 252/380/154 256/407/181 255/381/155
f 253/383/157 257/409/183 255/384/158
f 258/386/160 261/410/215 262/387/161
f 259/389/163 263/406/228 262/390/164
f 260/392/166 264/405/179 262/393/167
f 209/323/97 215/325/99 226/395/169
f 215/396/170 211/329/103 224/344/118
f 216/332/106 222/334/108 214/397/171
f 222/398/172 218/338/112 211/329/103
f 230/350/124 236/352/126 221/399/173
f 236/400/210 232/356/130 218/338/112
f 225/347/121 228/349/123 235/401/175
f 228/402/176 224/344/118 232/356/130
f 223/341/115 229/343/117 254/403/227
f 254/382/156 229/1212/212 225/347/121
f 258/386/160 264/388/206 233/404/178
f 264/405/179 260/392/166 231/353/127
f 253/383/157 256/385/226 263/406/228
f 256/407/181 252/380/154 260/392/166
f 251/377/151 257/379/225 240/408/229
f 257/409/183 253/383/157 238/362/136
f 244/368/142 250/370/144 261/410/215
f 261/391/165 250/1213/288 246/374/148
f 239/365/139 242/367/141 249/411/186
f 242/412/230 238/362/136 246/374/148
f 209/323/97 237/359/133 243/361/221
f 243/414/231 239/365/139 210/326/100
f 217/335/109 219/337/111 247/415/217
f 247/373/203 219/1211/218 216/332/106
f 251/377/151 237/359/133 209/323/97
f 218/338/112 232/356/130 224/344/118
f 245/371/145 216/332/106 210/326/100
f 230/350/124 217/335/109 244/368/142
f 231/353/127 260/392/166 252/380/154
f 259/389/163 246/374/148 238/362/136
f 265/416/97 268/504/187 269/417/232
f 266/419/100 270/489/171 269/420/101
f 267/422/103 271/1214/287 269/423/190
f 272/425/106 275/507/218 276/426/233
f 273/428/109 277/491/173 276/429/192
f 274/431/112 278/490/208 276/432/113
f 279/434/115 282/488/169 283/435/116
f 280/437/118 284/1215/211 283/438/194
f 281/440/121 285/495/212 283/441/122
f 286/443/124 289/496/178 290/444/196
f 287/446/127 291/493/175 290/447/128
f 288/449/130 292/492/210 290/450/131
f 293/452/133 296/499/182 297/453/234
f 294/455/136 298/503/230 297/456/137
f 295/458/139 299/505/188 297/459/140
f 300/461/142 303/506/217 304/462/143
f 301/464/145 305/502/186 304/465/235
f 302/467/148 306/1216/288 304/468/149
f 307/470/151 310/494/177 311/471/152
f 308/473/154 312/1217/181 311/474/155
f 309/476/157 313/500/183 311/477/158
f 314/479/160 317/501/215 318/480/161
f 315/482/163 319/498/228 318/483/164
f 316/485/166 320/497/179 318/486/167
f 265/416/97 271/418/99 282/488/169
f 282/439/195 271/1214/287 267/422/103
f 266/419/100 272/425/106 278/427/108
f 278/490/208 274/431/112 267/422/103
f 286/443/124 292/445/126 277/491/173
f 292/492/210 288/449/130 274/431/112
f 281/440/121 284/442/123 291/493/175
f 291/451/198 284/1215/211 280/437/118
f 279/434/115 285/436/117 310/494/177
f 285/495/212 281/440/121 308/473/154
f 314/479/160 320/481/206 289/496/178
f 320/497/179 316/485/166 287/446/127
f 309/476/157 312/478/226 319/498/228
f 319/487/168 312/1217/181 308/473/154
f 307/470/151 313/472/153 296/499/182
f 313/500/183 309/476/157 294/455/136
f 300/461/142 306/463/202 317/501/215
f 317/484/165 306/1216/288 302/467/148
f 295/458/139 298/460/141 305/502/186
f 298/503/230 294/455/136 302/467/148
f 293/452/133 299/454/135 268/504/187
f 299/505/188 295/458/139 266/419/100
f 273/428/109 275/430/111 303/506/217
f 275/507/218 272/425/106 301/464/145
f 307/470/151 293/452/133 265/416/97
f 274/431/112 288/449/130 280/437/118
f 301/464/145 272/425/106 266/419/100
f 286/443/124 273/428/109 300/461/142
f 287/446/127 316/485/166 308/473/154
f 315/482/163 302/467/148 294/455/136
f 321/508/236 322/1218/236 323/509/236
f 325/511/237 326/1219/237 322/512/237
f 325/514/238 329/529/247 330/515/239
f 326/517/241 327/1220/241 323/518/241
f 330/515/239 331/1221/269 327/520/242
f 327/521/243 328/1222/243 324/522/243
f 327/520/242 331/1221/269 332/524/244
f 328/526/246 325/1223/246 321/527/246
f 332/524/244 329/529/247 325/514/238
f 332/524/244 331/1221/269 330/515/239
f 335/547/248 351/551/248 350/548/241
f 336/550/249 352/1224/249 351/551/248
f 337/552/250 353/556/250 352/553/249
f 338/555/237 354/558/237 353/556/250
f 339/557/251 355/560/251 354/558/237
f 340/559/252 356/1225/252 355/560/251
f 341/561/253 357/565/253 356/562/252
f 342/564/246 358/567/246 357/565/253
f 343/566/254 359/569/254 358/567/246
f 344/568/255 360/1226/255 359/569/254
f 345/570/256 361/574/256 360/571/255
f 346/573/243 362/576/243 361/574/256
f 347/575/257 363/578/257 362/576/243
f 348/577/258 364/1227/258 363/578/257
f 349/579/259 365/582/259 364/580/258
f 334/549/241 350/548/241 365/582/259
f 370/600/1 372/1228/5 371/601/2
f 374/603/4 375/609/9 372/604/5
f 373/606/6 375/609/9 374/603/4
f 377/608/8 378/615/12 375/609/9
f 376/610/10 378/1229/12 377/611/8
f 371/601/2 372/1228/5 378/613/12
f 382/616/13 384/620/261 383/617/14
f 382/616/13 386/1230/16 387/619/21
f 385/621/18 387/625/21 386/622/16
f 389/624/23 390/1231/262 387/625/21
f 388/626/22 390/1232/262 389/627/23
f 388/629/22 383/617/14 384/620/261
f 394/631/25 396/635/29 395/632/26
f 394/631/25 398/728/28 399/634/263
f 397/636/30 399/1233/263 398/637/28
f 397/639/30 401/643/35 402/640/32
f 400/642/34 402/640/32 401/643/35
f 400/645/34 395/632/26 396/635/29
f 406/648/37 408/652/264 407/649/38
f 410/651/40 411/663/45 408/652/264
f 409/653/42 411/657/45 410/654/40
f 409/653/42 413/729/44 414/656/265
f 412/658/46 414/1234/265 413/659/44
f 407/649/38 408/652/264 414/661/265
f 418/664/49 420/1235/266 419/665/50
f 422/667/52 423/673/57 420/668/266
f 421/670/54 423/673/57 422/667/52
f 421/670/54 425/732/59 426/672/56
f 424/674/58 426/1236/56 425/675/59
f 419/665/50 420/1235/266 426/677/56
f 430/679/61 432/683/65 431/680/62
f 430/679/61 434/734/67 435/682/64
f 433/684/66 435/1237/64 434/685/67
f 437/687/69 438/693/72 435/688/64
f 436/690/70 438/693/72 437/687/69
f 436/690/70 431/1238/62 432/692/65
f 442/694/73 444/698/77 443/695/74
f 442/694/73 446/730/76 447/697/81
f 445/699/78 447/703/81 446/700/76
f 449/702/80 450/710/267 447/703/81
f 448/704/82 450/1239/267 449/705/80
f 448/707/82 443/695/74 444/698/77
f 454/711/85 456/715/89 455/712/86
f 458/714/91 459/1240/268 456/715/89
f 457/716/90 459/1241/268 458/717/91
f 457/719/90 461/723/95 462/720/93
f 460/722/94 462/720/93 461/723/95
f 455/712/86 456/715/89 462/725/93
f 367/602/3 371/601/2 394/631/25
f 371/601/2 376/614/10 398/728/28
f 376/610/10 369/612/11 392/638/31
f 368/607/7 379/618/15 383/617/14
f 383/617/14 388/629/22 377/608/8
f 388/626/22 381/628/24 369/612/11
f 403/650/39 407/649/38 385/621/18
f 407/649/38 412/662/46 389/624/23
f 412/658/46 405/660/47 381/628/24
f 393/644/36 401/643/35 409/653/42
f 401/643/35 397/639/30 413/729/44
f 413/659/44 397/636/30 392/638/31
f 439/696/75 391/633/27 395/632/26
f 395/632/26 400/645/34 446/730/76
f 400/642/34 393/644/36 440/701/79
f 451/713/87 455/712/86 406/648/37
f 455/712/86 460/726/94 410/651/40
f 410/654/40 460/722/94 453/724/96
f 441/706/83 449/705/80 457/716/90
f 449/702/80 445/699/78 461/723/95
f 461/723/95 445/699/78 440/701/79
f 439/696/75 443/695/74 418/664/49
f 443/695/74 448/707/82 422/731/52
f 448/704/82 441/706/83 416/671/55
f 427/681/63 431/680/62 454/711/85
f 431/680/62 436/1242/70 458/714/91
f 458/717/91 436/690/70 429/691/71
f 417/676/60 425/675/59 433/684/66
f 425/732/59 421/670/54 437/687/69
f 437/687/69 421/670/54 416/671/55
f 415/666/51 419/665/50 370/600/1
f 419/665/50 424/678/58 374/733/4
f 374/603/4 424/674/58 417/676/60
f 427/681/63 380/623/19 386/622/16
f 386/622/16 382/1243/13 434/734/67
f 382/616/13 379/618/15 428/686/68
f 439/696/75 415/666/51 367/602/3
f 381/628/24 405/660/47 392/638/31
f 428/686/68 379/618/15 368/607/7
f 403/650/39 380/623/19 427/681/63
f 404/655/43 453/724/96 440/701/79
f 452/718/92 429/691/71 416/671/55
f 463/735/236 464/1244/236 465/736/236
f 467/738/237 468/1245/237 464/739/237
f 471/741/247 472/747/239 468/742/240
f 468/744/241 469/1246/241 465/745/241
f 472/747/239 473/752/269 469/748/242
f 469/749/243 470/1247/243 466/750/243
f 473/752/269 474/757/244 470/753/245
f 470/754/246 467/1248/246 463/755/246
f 470/753/245 474/757/244 471/741/247
f 474/757/244 473/752/269 472/747/239
f 477/775/248 493/779/248 492/776/241
f 478/778/249 494/1249/249 493/779/248
f 479/780/250 495/784/250 494/781/249
f 480/783/237 496/786/237 495/784/250
f 481/785/251 497/788/251 496/786/237
f 482/787/252 498/1250/252 497/788/251
f 483/789/253 499/793/253 498/790/252
f 484/792/246 500/795/246 499/793/253
f 485/794/254 501/797/254 500/795/246
f 486/796/255 502/1251/255 501/797/254
f 487/798/256 503/802/256 502/799/255
f 488/801/243 504/804/243 503/802/256
f 489/803/257 505/806/257 504/804/243
f 490/805/258 506/1252/258 505/806/257
f 491/807/259 507/810/259 506/808/258
f 476/777/241 492/776/241 507/810/259
f 512/828/1 514/1253/270 513/829/2
f 512/831/1 516/835/4 517/832/9
f 515/834/6 517/832/9 516/835/4
f 515/834/6 519/957/8 520/837/271
f 518/838/10 520/1254/271 519/839/8
f 513/829/2 514/1253/270 520/841/271
f 524/843/13 526/847/17 525/844/14
f 528/846/16 529/858/272 526/847/17
f 527/848/18 529/1255/272 528/849/16
f 531/851/23 532/1256/262 529/852/272
f 530/854/22 532/1256/262 531/851/23
f 530/856/22 525/844/14 526/847/17
f 536/859/25 538/863/273 537/860/26
f 540/862/28 541/874/274 538/863/273
f 539/864/30 541/1257/274 540/865/28
f 543/867/35 544/1258/32 541/868/274
f 542/870/34 544/1258/32 543/867/35
f 537/860/26 538/863/273 544/872/32
f 548/875/37 550/1259/275 549/876/38
f 548/878/37 552/882/40 553/879/45
f 551/881/42 553/879/45 552/882/40
f 555/884/44 556/1260/48 553/879/45
f 554/885/46 556/889/48 555/886/44
f 554/885/46 549/958/38 550/888/275
f 560/893/49 562/907/266 561/894/50
f 564/896/52 565/902/276 562/897/266
f 563/899/54 565/902/276 564/896/52
f 567/901/59 568/909/277 565/902/276
f 566/903/58 568/1261/277 567/904/59
f 566/906/58 561/894/50 562/907/266
f 572/910/61 574/914/278 573/911/62
f 576/913/67 577/1262/64 574/914/278
f 575/915/66 577/1263/64 576/916/67
f 575/918/66 579/922/69 580/919/72
f 578/921/70 580/919/72 579/922/69
f 573/924/62 574/925/278 580/919/72
f 584/926/73 586/930/77 585/927/74
f 588/929/76 589/941/279 586/930/77
f 587/931/78 589/935/279 588/932/76
f 587/931/78 591/960/80 592/934/267
f 590/936/82 592/1264/267 591/937/80
f 590/939/82 585/927/74 586/930/77
f 596/942/85 598/946/89 597/943/86
f 596/942/85 600/962/91 601/945/268
f 599/947/90 601/1265/268 600/948/91
f 603/950/95 604/956/93 601/951/268
f 602/953/94 604/956/93 603/950/95
f 602/953/94 597/959/86 598/955/89
f 509/830/3 513/829/2 536/859/25
f 513/829/2 518/842/10 540/862/28
f 518/838/10 511/840/11 534/866/31
f 521/845/15 525/844/14 515/834/6
f 525/844/14 530/856/22 519/957/8
f 530/854/22 523/855/24 511/840/11
f 545/877/39 549/876/38 527/848/18
f 549/958/38 554/885/46 531/851/23
f 554/885/46 547/887/47 523/855/24
f 535/871/36 543/867/35 551/881/42
f 543/867/35 539/869/30 555/884/44
f 539/864/30 534/866/31 547/887/47
f 581/928/75 533/861/27 537/860/26
f 537/860/26 542/873/34 588/929/76
f 542/870/34 535/871/36 582/933/79
f 593/944/87 597/943/86 548/875/37
f 597/959/86 602/953/94 552/882/40
f 552/882/40 602/953/94 595/954/96
f 583/938/83 591/937/80 599/947/90
f 591/960/80 587/931/78 603/950/95
f 587/931/78 582/933/79 595/954/96
f 581/928/75 585/927/74 560/893/49
f 585/927/74 590/939/82 564/961/52
f 590/936/82 583/938/83 558/900/55
f 569/912/63 573/911/62 596/942/85
f 573/911/62 578/1266/70 600/962/91
f 578/921/70 571/923/71 594/949/92
f 559/905/60 567/904/59 575/915/66
f 567/901/59 563/899/54 579/922/69
f 563/899/54 558/900/55 571/923/71
f 557/895/51 561/894/50 512/828/1
f 561/894/50 566/906/58 516/963/4
f 516/835/4 566/903/58 559/905/60
f 569/912/63 522/850/19 528/849/16
f 528/849/16 524/1267/13 576/913/67
f 524/843/13 521/845/15 570/917/68
f 581/928/75 557/895/51 509/830/3
f 523/855/24 547/887/47 534/866/31
f 570/917/68 521/845/15 510/836/7
f 545/877/39 522/850/19 569/912/63
f 546/883/43 595/954/96 582/933/79
f 594/949/92 571/923/71 558/900/55
f 605/964/236 606/1268/236 607/965/236
f 609/967/237 610/1269/237 606/968/237
f 613/970/247 614/976/239 610/971/240
f 610/973/241 611/1270/241 607/974/241
f 614/976/239 615/981/269 611/977/242
f 611/978/243 612/1271/243 608/979/243
f 615/981/269 616/986/244 612/982/245
f 612/983/246 609/1272/246 605/984/246
f 616/986/244 613/970/247 609/972/238
f 616/986/244 615/981/269 614/976/239
f 619/1004/248 635/1008/248 634/1005/241
f 620/1007/249 636/1273/249 635/1008/248
f 621/1009/250 637/1013/250 636/1010/249
f 622/1012/237 638/1015/237 637/1013/250
f 623/1014/251 639/1017/251 638/1015/237
f 624/1016/252 640/1274/252 639/1017/251
f 625/1018/253 641/1022/253 640/1019/252
f 626/1021/246 642/1024/246 641/1022/253
f 627/1023/254 643/1026/254 642/1024/246
f 628/1025/255 644/1275/255 643/1026/254
f 629/1027/256 645/1031/256 644/1028/255
f 630/1030/243 646/1033/243 645/1031/256
f 631/1032/257 647/1035/257 646/1033/243
f 632/1034/258 648/1276/258 647/1035/257
f 633/1036/259 649/1039/259 648/1037/258
f 618/1006/241 634/1005/241 649/1039/259
f 654/1057/1 656/1071/5 655/1058/2
f 658/1060/4 659/1066/280 656/1061/5
f 657/1063/6 659/1066/280 658/1060/4
f 657/1063/6 661/1185/8 662/1065/271
f 660/1067/10 662/1277/271 661/1068/8
f 660/1070/10 655/1058/2 656/1071/5
f 666/1073/13 668/1077/17 667/1074/14
f 670/1076/16 671/1088/281 668/1077/17
f 669/1078/18 671/1082/281 670/1079/16
f 673/1081/23 674/1278/262 671/1082/281
f 672/1083/22 674/1279/262 673/1084/23
f 667/1074/14 668/1077/17 674/1086/262
f 678/1089/25 680/1093/29 679/1090/26
f 682/1092/28 683/1104/33 680/1093/29
f 681/1094/30 683/1280/33 682/1095/28
f 685/1097/35 686/1281/282 683/1098/33
f 684/1100/34 686/1281/282 685/1097/35
f 684/1102/34 679/1090/26 680/1093/29
f 690/1105/37 692/1109/264 691/1106/38
f 690/1105/37 694/1187/40 695/1108/45
f 693/1110/42 695/1114/45 694/1111/40
f 693/1110/42 697/1186/44 698/1113/283
f 696/1115/46 698/1282/283 697/1116/44
f 691/1106/38 692/1109/264 698/1118/283
f 702/1120/49 704/1134/284 703/1121/50
f 706/1123/52 707/1129/57 704/1124/284
f 705/1126/54 707/1129/57 706/1123/52
f 705/1126/54 709/1190/59 710/1128/56
f 708/1130/58 710/1283/56 709/1131/59
f 708/1133/58 703/1121/50 704/1134/284
f 714/1136/61 716/1140/278 715/1137/62
f 718/1139/67 719/1284/64 716/1140/278
f 717/1141/66 719/1285/64 718/1142/67
f 721/1144/69 722/1150/72 719/1145/64
f 720/1147/70 722/1150/72 721/1144/69
f 715/1149/62 716/1151/278 722/1150/72
f 726/1152/73 728/1156/285 727/1153/74
f 730/1155/76 731/1167/286 728/1156/285
f 729/1157/78 731/1161/286 730/1158/76
f 729/1157/78 733/1188/80 734/1160/267
f 732/1162/82 734/1286/267 733/1163/80
f 727/1153/74 728/1156/285 734/1165/267
f 738/1168/85 740/1172/89 739/1169/86
f 742/1171/91 743/1287/88 740/1172/89
f 741/1173/90 743/1288/88 742/1174/91
f 741/1176/90 745/1180/95 746/1177/93
f 744/1179/94 746/1177/93 745/1180/95
f 739/1169/86 740/1172/89 746/1182/93
f 651/1059/3 655/1058/2 678/1089/25
f 655/1058/2 660/1070/10 682/1092/28
f 660/1067/10 653/1069/11 676/1096/31
f 652/1064/7 663/1075/15 667/1074/14
f 667/1074/14 672/1087/22 661/1185/8
f 672/1083/22 665/1085/24 653/1069/11
f 687/1107/39 691/1106/38 669/1078/18
f 691/1106/38 696/1119/46 673/1081/23
f 696/1115/46 689/1117/47 665/1085/24
f 677/1101/36 685/1097/35 693/1110/42
f 685/1097/35 681/1099/30 697/1186/44
f 697/1116/44 681/1094/30 676/1096/31
f 723/1154/75 675/1091/27 679/1090/26
f 679/1090/26 684/1102/34 730/1155/76
f 684/1100/34 677/1101/36 724/1159/79
f 735/1170/87 739/1169/86 690/1105/37
f 739/1169/86 744/1183/94 694/1187/40
f 694/1111/40 744/1179/94 737/1181/96
f 725/1164/83 733/1163/80 741/1173/90
f 733/1188/80 729/1157/78 745/1180/95
f 745/1180/95 729/1157/78 724/1159/79
f 723/1154/75 727/1153/74 702/1120/49
f 727/1153/74 732/1166/82 706/1189/52
f 732/1162/82 725/1164/83 700/1127/55
f 711/1138/63 715/1137/62 738/1168/85
f 715/1137/62 720/1289/70 742/1171/91
f 720/1147/70 713/1148/71 736/1175/92
f 701/1132/60 709/1131/59 717/1141/66
f 709/1190/59 705/1126/54 721/1144/69
f 721/1144/69 705/1126/54 700/1127/55
f 699/1122/51 703/1121/50 654/1057/1
f 703/1121/50 708/1133/58 658/1191/4
f 658/1060/4 708/1130/58 701/1132/60
f 711/1138/63 664/1080/19 670/1079/16
f 670/1079/16 666/1290/13 718/1139/67
f 666/1073/13 663/1075/15 712/1143/68
f 723/1154/75 699/1122/51 651/1059/3
f 665/1085/24 689/1117/47 676/1096/31
f 712/1143/68 663/1075/15 652/1064/7
f 687/1107/39 664/1080/19 711/1138/63
f 688/1112/43 737/1181/96 724/1159/79
f 736/1175/92 713/1148/71 700/1127/55
