# Blender 5.2.2 LTS
# www.blender.org
o PendantLamp
v 0.000000 -0.220000 0.000000
v 0.300000 -0.220000 0.000000
v 0.294236 -0.220000 -0.058527
v 0.277164 -0.220000 -0.114805
v 0.249441 -0.220000 -0.166671
v 0.212132 -0.220000 -0.212132
v 0.166671 -0.220000 -0.249441
v 0.114805 -0.220000 -0.277164
v 0.058527 -0.220000 -0.294236
v 0.000000 -0.220000 -0.300000
v -0.058527 -0.220000 -0.294236
v -0.114805 -0.220000 -0.277164
v -0.166671 -0.220000 -0.249441
v -0.212132 -0.220000 -0.212132
v -0.249441 -0.220000 -0.166671
v -0.277164 -0.220000 -0.114805
v -0.294236 -0.220000 -0.058527
v -0.300000 -0.220000 0.000000
v -0.294236 -0.220000 0.058527
v -0.277164 -0.220000 0.114805
v -0.249441 -0.220000 0.166671
v -0.212132 -0.220000 0.212132
v -0.166671 -0.220000 0.249441
v -0.114805 -0.220000 0.277164
v -0.058527 -0.220000 0.294236
v -0.000000 -0.220000 0.300000
v 0.058527 -0.220000 0.294236
v 0.114805 -0.220000 0.277164
v 0.166671 -0.220000 0.249441
v 0.212132 -0.220000 0.212132
v 0.249441 -0.220000 0.166671
v 0.277164 -0.220000 0.114805
v 0.294236 -0.220000 0.058527
v 0.375000 -0.120000 0.000000
v 0.367794 -0.120000 -0.073159
v 0.346455 -0.120000 -0.143506
v 0.311801 -0.120000 -0.208339
v 0.265165 -0.120000 -0.265165
v 0.208339 -0.120000 -0.311801
v 0.143506 -0.120000 -0.346455
v 0.073159 -0.120000 -0.367794
v 0.000000 -0.120000 -0.375000
v -0.073159 -0.120000 -0.367794
v -0.143506 -0.120000 -0.346455
v -0.208339 -0.120000 -0.311801
v -0.265165 -0.120000 -0.265165
v -0.311801 -0.120000 -0.208339
v -0.346455 -0.120000 -0.143506
v -0.367794 -0.120000 -0.073159
v -0.375000 -0.120000 0.000000
v -0.367794 -0.120000 0.073159
v -0.346455 -0.120000 0.143506
v -0.311801 -0.120000 0.208339
v -0.265165 -0.120000 0.265165
v -0.208339 -0.120000 0.311801
v -0.143506 -0.120000 0.346455
v -0.073159 -0.120000 0.367794
v -0.000000 -0.120000 0.375000
v 0.073159 -0.120000 0.367794
v 0.143506 -0.120000 0.346455
v 0.208339 -0.120000 0.311801
v 0.265165 -0.120000 0.265165
v 0.311801 -0.120000 0.208339
v 0.346455 -0.120000 0.143506
v 0.367794 -0.120000 0.073159
v 0.375000 0.000000 0.000000
v 0.367794 -0.000000 -0.073159
v 0.346455 -0.000000 -0.143506
v 0.311801 -0.000000 -0.208339
v 0.265165 -0.000000 -0.265165
v 0.208339 -0.000000 -0.311801
v 0.143506 -0.000000 -0.346455
v 0.073159 -0.000000 -0.367794
v 0.000000 -0.000000 -0.375000
v -0.073159 -0.000000 -0.367794
v -0.143506 -0.000000 -0.346455
v -0.208339 -0.000000 -0.311801
v -0.265165 -0.000000 -0.265165
v -0.311801 -0.000000 -0.208339
v -0.346455 -0.000000 -0.143506
v -0.367794 -0.000000 -0.073159
v -0.375000 -0.000000 -0.000000
v -0.367794 0.000000 0.073159
v -0.346455 0.000000 0.143506
v -0.311801 0.000000 0.208339
v -0.265165 0.000000 0.265165
v -0.208339 0.000000 0.311801
v -0.143506 0.000000 0.346455
v -0.073159 0.000000 0.367794
v -0.000000 0.000000 0.375000
v 0.073159 0.000000 0.367794
v 0.143506 0.000000 0.346455
v 0.208339 0.000000 0.311801
v 0.265165 0.000000 0.265165
v 0.311801 0.000000 0.208339
v 0.346455 0.000000 0.143506
v 0.367794 0.000000 0.073159
v 0.000000 0.000000 0.000000
v 0.040000 -2.645000 0.000000
v 0.032361 -2.645000 -0.023511
v 0.012361 -2.645000 -0.038042
v -0.012361 -2.645000 -0.038042
v -0.032361 -2.645000 -0.023511
v -0.040000 -2.645000 0.000000
v -0.032361 -2.645000 0.023512
v -0.012361 -2.645000 0.038042
v 0.012361 -2.645000 0.038042
v 0.032361 -2.645000 0.023512
v 0.040000 -0.195000 0.000000
v 0.032361 -0.195000 -0.023511
v 0.012361 -0.195000 -0.038042
v -0.012361 -0.195000 -0.038042
v -0.032361 -0.195000 -0.023511
v -0.040000 -0.195000 0.000000
v -0.032361 -0.195000 0.023511
v -0.012361 -0.195000 0.038042
v 0.012361 -0.195000 0.038042
v 0.032361 -0.195000 0.023511
v 0.000000 -2.920000 0.000000
v 0.090000 -2.900000 0.000000
v 0.083149 -2.900000 -0.034441
v 0.063640 -2.900000 -0.063639
v 0.034442 -2.900000 -0.083149
v 0.000000 -2.900000 -0.090000
v -0.034442 -2.900000 -0.083149
v -0.063640 -2.900000 -0.063639
v -0.083149 -2.900000 -0.034441
v -0.090000 -2.900000 0.000000
v -0.083149 -2.900000 0.034442
v -0.063640 -2.900000 0.063640
v -0.034442 -2.900000 0.083149
v -0.000000 -2.900000 0.090000
v 0.034442 -2.900000 0.083149
v 0.063640 -2.900000 0.063640
v 0.083149 -2.900000 0.034442
v 0.080000 -2.600000 0.000000
v 0.073910 -2.600000 -0.030615
v 0.056569 -2.600000 -0.056568
v 0.030615 -2.600000 -0.073910
v 0.000000 -2.600000 -0.080000
v -0.030615 -2.600000 -0.073910
v -0.056569 -2.600000 -0.056568
v -0.073910 -2.600000 -0.030615
v -0.080000 -2.600000 0.000000
v -0.073910 -2.600000 0.030615
v -0.056569 -2.600000 0.056569
v -0.030615 -2.600000 0.073910
v -0.000000 -2.600000 0.080000
v 0.030615 -2.600000 0.073910
v 0.056569 -2.600000 0.056569
v 0.073910 -2.600000 0.030615
v 0.000000 -2.600000 0.000000
v 0.000000 -2.860000 0.000000
v 0.280000 -2.880000 0.000000
v 0.276553 -2.880000 -0.043802
v 0.266296 -2.880000 -0.086525
v 0.249482 -2.880000 -0.127117
v 0.226525 -2.880000 -0.164580
v 0.197990 -2.880000 -0.197990
v 0.164580 -2.880000 -0.226525
v 0.127117 -2.880000 -0.249482
v 0.086525 -2.880000 -0.266296
v 0.043802 -2.880000 -0.276553
v 0.000000 -2.880000 -0.280000
v -0.043802 -2.880000 -0.276553
v -0.086525 -2.880000 -0.266296
v -0.127117 -2.880000 -0.249482
v -0.164580 -2.880000 -0.226525
v -0.197990 -2.880000 -0.197990
v -0.226525 -2.880000 -0.164580
v -0.249482 -2.880000 -0.127117
v -0.266296 -2.880000 -0.086525
v -0.276553 -2.880000 -0.043802
v -0.280000 -2.880000 0.000000
v -0.276553 -2.880000 0.043802
v -0.266296 -2.880000 0.086525
v -0.249482 -2.880000 0.127117
v -0.226525 -2.880000 0.164580
v -0.197990 -2.880000 0.197990
v -0.164580 -2.880000 0.226525
v -0.127117 -2.880000 0.249482
v -0.086525 -2.880000 0.266296
v -0.043802 -2.880000 0.276553
v -0.000000 -2.880000 0.280000
v 0.043802 -2.880000 0.276553
v 0.086525 -2.880000 0.266296
v 0.127117 -2.880000 0.249482
v 0.164580 -2.880000 0.226525
v 0.197990 -2.880000 0.197990
v 0.226525 -2.880000 0.164580
v 0.249482 -2.880000 0.127117
v 0.266296 -2.880000 0.086525
v 0.276553 -2.880000 0.043802
v 0.360000 -3.080000 0.000000
v 0.355568 -3.080000 -0.056316
v 0.342380 -3.080000 -0.111246
v 0.320762 -3.080000 -0.163436
v 0.291246 -3.080000 -0.211603
v 0.254558 -3.080000 -0.254558
v 0.211603 -3.080000 -0.291246
v 0.163437 -3.080000 -0.320762
v 0.111246 -3.080000 -0.342380
v 0.056316 -3.080000 -0.355568
v 0.000000 -3.080000 -0.360000
v -0.056316 -3.080000 -0.355568
v -0.111246 -3.080000 -0.342380
v -0.163437 -3.080000 -0.320762
v -0.211603 -3.080000 -0.291246
v -0.254558 -3.080000 -0.254558
v -0.291246 -3.080000 -0.211603
v -0.320762 -3.080000 -0.163436
v -0.342380 -3.080000 -0.111246
v -0.355568 -3.080000 -0.056316
v -0.360000 -3.080000 0.000000
v -0.355568 -3.080000 0.056317
v -0.342380 -3.080000 0.111246
v -0.320762 -3.080000 0.163437
v -0.291246 -3.080000 0.211603
v -0.254558 -3.080000 0.254559
v -0.211603 -3.080000 0.291246
v -0.163437 -3.080000 0.320762
v -0.111246 -3.080000 0.342380
v -0.056316 -3.080000 0.355568
v -0.000000 -3.080000 0.360000
v 0.056316 -3.080000 0.355568
v 0.111246 -3.080000 0.342380
v 0.163437 -3.080000 0.320762
v 0.211603 -3.080000 0.291246
v 0.254558 -3.080000 0.254559
v 0.291246 -3.080000 0.211603
v 0.320762 -3.080000 0.163437
v 0.342380 -3.080000 0.111246
v 0.355568 -3.080000 0.056317
v 0.600000 -3.300000 0.000000
v 0.592613 -3.300000 -0.093861
v 0.570634 -3.300000 -0.185410
v 0.534604 -3.300000 -0.272394
v 0.485410 -3.300000 -0.352671
v 0.424264 -3.300000 -0.424264
v 0.352671 -3.300000 -0.485410
v 0.272394 -3.300000 -0.534604
v 0.185410 -3.300000 -0.570634
v 0.093861 -3.300000 -0.592613
v 0.000000 -3.300000 -0.600000
v -0.093861 -3.300000 -0.592613
v -0.185410 -3.300000 -0.570634
v -0.272394 -3.300000 -0.534604
v -0.352671 -3.300000 -0.485410
v -0.424264 -3.300000 -0.424264
v -0.485410 -3.300000 -0.352671
v -0.534604 -3.300000 -0.272394
v -0.570634 -3.300000 -0.185410
v -0.592613 -3.300000 -0.093861
v -0.600000 -3.300000 0.000000
v -0.592613 -3.300000 0.093861
v -0.570634 -3.300000 0.185410
v -0.534604 -3.300000 0.272394
v -0.485410 -3.300000 0.352671
v -0.424264 -3.300000 0.424264
v -0.352671 -3.300000 0.485410
v -0.272394 -3.300000 0.534604
v -0.185410 -3.300000 0.570634
v -0.093861 -3.300000 0.592613
v -0.000000 -3.300000 0.600000
v 0.093861 -3.300000 0.592613
v 0.185410 -3.300000 0.570634
v 0.272394 -3.300000 0.534604
v 0.352671 -3.300000 0.485410
v 0.424264 -3.300000 0.424264
v 0.485410 -3.300000 0.352671
v 0.534604 -3.300000 0.272394
v 0.570634 -3.300000 0.185410
v 0.592613 -3.300000 0.093861
v 0.850000 -3.500000 0.000000
v 0.839535 -3.500000 -0.132969
v 0.808398 -3.500000 -0.262664
v 0.757356 -3.500000 -0.385892
v 0.687664 -3.500000 -0.499617
v 0.601041 -3.500000 -0.601041
v 0.499617 -3.500000 -0.687664
v 0.385892 -3.500000 -0.757355
v 0.262664 -3.500000 -0.808398
v 0.132969 -3.500000 -0.839535
v 0.000000 -3.500000 -0.850000
v -0.132969 -3.500000 -0.839535
v -0.262664 -3.500000 -0.808398
v -0.385892 -3.500000 -0.757355
v -0.499617 -3.500000 -0.687664
v -0.601041 -3.500000 -0.601041
v -0.687664 -3.500000 -0.499617
v -0.757356 -3.500000 -0.385892
v -0.808398 -3.500000 -0.262664
v -0.839535 -3.500000 -0.132969
v -0.850000 -3.500000 0.000000
v -0.839535 -3.500000 0.132969
v -0.808398 -3.500000 0.262665
v -0.757356 -3.500000 0.385892
v -0.687664 -3.500000 0.499618
v -0.601041 -3.500000 0.601041
v -0.499617 -3.500000 0.687665
v -0.385892 -3.500000 0.757356
v -0.262664 -3.500000 0.808398
v -0.132969 -3.500000 0.839535
v -0.000000 -3.500000 0.850000
v 0.132969 -3.500000 0.839535
v 0.262664 -3.500000 0.808398
v 0.385892 -3.500000 0.757356
v 0.499617 -3.500000 0.687665
v 0.601041 -3.500000 0.601041
v 0.687664 -3.500000 0.499618
v 0.757356 -3.500000 0.385892
v 0.808398 -3.500000 0.262665
v 0.839535 -3.500000 0.132969
v 1.020000 -3.680000 0.000000
v 1.007442 -3.680000 -0.159563
v 0.970078 -3.680000 -0.315197
v 0.908827 -3.680000 -0.463070
v 0.825197 -3.680000 -0.599541
v 0.721249 -3.680000 -0.721249
v 0.599541 -3.680000 -0.825197
v 0.463070 -3.680000 -0.908826
v 0.315197 -3.680000 -0.970077
v 0.159563 -3.680000 -1.007442
v 0.000000 -3.680000 -1.020000
v -0.159563 -3.680000 -1.007442
v -0.315197 -3.680000 -0.970077
v -0.463070 -3.680000 -0.908826
v -0.599541 -3.680000 -0.825197
v -0.721249 -3.680000 -0.721249
v -0.825197 -3.680000 -0.599541
v -0.908827 -3.680000 -0.463070
v -0.970078 -3.680000 -0.315197
v -1.007442 -3.680000 -0.159563
v -1.020000 -3.680000 0.000000
v -1.007442 -3.680000 0.159563
v -0.970078 -3.680000 0.315197
v -0.908827 -3.680000 0.463070
v -0.825197 -3.680000 0.599541
v -0.721249 -3.680000 0.721249
v -0.599541 -3.680000 0.825198
v -0.463070 -3.680000 0.908827
v -0.315197 -3.680000 0.970078
v -0.159563 -3.680000 1.007442
v -0.000000 -3.680000 1.020000
v 0.159563 -3.680000 1.007442
v 0.315197 -3.680000 0.970078
v 0.463070 -3.680000 0.908827
v 0.599541 -3.680000 0.825198
v 0.721249 -3.680000 0.721249
v 0.825197 -3.680000 0.599541
v 0.908827 -3.680000 0.463070
v 0.970078 -3.680000 0.315197
v 1.007442 -3.680000 0.159563
v 1.080000 -3.750000 0.000000
v 1.066703 -3.750000 -0.168949
v 1.027141 -3.750000 -0.333738
v 0.962287 -3.750000 -0.490310
v 0.873738 -3.750000 -0.634808
v 0.763675 -3.750000 -0.763675
v 0.634808 -3.750000 -0.873738
v 0.490310 -3.750000 -0.962287
v 0.333738 -3.750000 -1.027141
v 0.168949 -3.750000 -1.066703
v 0.000000 -3.750000 -1.080000
v -0.168949 -3.750000 -1.066703
v -0.333738 -3.750000 -1.027141
v -0.490310 -3.750000 -0.962287
v -0.634808 -3.750000 -0.873738
v -0.763675 -3.750000 -0.763675
v -0.873738 -3.750000 -0.634808
v -0.962287 -3.750000 -0.490310
v -1.027141 -3.750000 -0.333738
v -1.066703 -3.750000 -0.168949
v -1.080000 -3.750000 0.000000
v -1.066703 -3.750000 0.168949
v -1.027141 -3.750000 0.333739
v -0.962287 -3.750000 0.490310
v -0.873738 -3.750000 0.634808
v -0.763675 -3.750000 0.763676
v -0.634808 -3.750000 0.873739
v -0.490310 -3.750000 0.962287
v -0.333738 -3.750000 1.027141
v -0.168949 -3.750000 1.066704
v -0.000000 -3.750000 1.080000
v 0.168949 -3.750000 1.066704
v 0.333738 -3.750000 1.027141
v 0.490310 -3.750000 0.962287
v 0.634808 -3.750000 0.873739
v 0.763675 -3.750000 0.763676
v 0.873738 -3.750000 0.634808
v 0.962287 -3.750000 0.490310
v 1.027141 -3.750000 0.333739
v 1.066703 -3.750000 0.168949
v 1.060000 -3.800000 0.000000
v 1.046950 -3.800000 -0.165820
v 1.008120 -3.800000 -0.327558
v 0.944467 -3.800000 -0.481230
v 0.857558 -3.800000 -0.623052
v 0.749533 -3.800000 -0.749533
v 0.623052 -3.800000 -0.857558
v 0.481230 -3.800000 -0.944467
v 0.327558 -3.800000 -1.008120
v 0.165821 -3.800000 -1.046950
v 0.000000 -3.800000 -1.060000
v -0.165821 -3.800000 -1.046950
v -0.327558 -3.800000 -1.008120
v -0.481230 -3.800000 -0.944467
v -0.623052 -3.800000 -0.857558
v -0.749533 -3.800000 -0.749533
v -0.857558 -3.800000 -0.623052
v -0.944467 -3.800000 -0.481230
v -1.008120 -3.800000 -0.327558
v -1.046950 -3.800000 -0.165820
v -1.060000 -3.800000 0.000000
v -1.046950 -3.800000 0.165821
v -1.008120 -3.800000 0.327558
v -0.944467 -3.800000 0.481230
v -0.857558 -3.800000 0.623053
v -0.749533 -3.800000 0.749533
v -0.623052 -3.800000 0.857558
v -0.481230 -3.800000 0.944467
v -0.327558 -3.800000 1.008120
v -0.165821 -3.800000 1.046950
v -0.000000 -3.800000 1.060000
v 0.165821 -3.800000 1.046950
v 0.327558 -3.800000 1.008120
v 0.481230 -3.800000 0.944467
v 0.623052 -3.800000 0.857558
v 0.749533 -3.800000 0.749533
v 0.857558 -3.800000 0.623053
v 0.944467 -3.800000 0.481230
v 1.008120 -3.800000 0.327558
v 1.046950 -3.800000 0.165821
v 1.000000 -3.760000 0.000000
v 0.987688 -3.760000 -0.156434
v 0.951057 -3.760000 -0.309017
v 0.891007 -3.760000 -0.453990
v 0.809017 -3.760000 -0.587785
v 0.707107 -3.760000 -0.707107
v 0.587785 -3.760000 -0.809017
v 0.453990 -3.760000 -0.891006
v 0.309017 -3.760000 -0.951056
v 0.156434 -3.760000 -0.987688
v 0.000000 -3.760000 -1.000000
v -0.156434 -3.760000 -0.987688
v -0.309017 -3.760000 -0.951056
v -0.453990 -3.760000 -0.891006
v -0.587785 -3.760000 -0.809017
v -0.707107 -3.760000 -0.707107
v -0.809017 -3.760000 -0.587785
v -0.891007 -3.760000 -0.453990
v -0.951057 -3.760000 -0.309017
v -0.987688 -3.760000 -0.156434
v -1.000000 -3.760000 0.000000
v -0.987688 -3.760000 0.156435
v -0.951057 -3.760000 0.309017
v -0.891007 -3.760000 0.453991
v -0.809017 -3.760000 0.587785
v -0.707107 -3.760000 0.707107
v -0.587785 -3.760000 0.809017
v -0.453990 -3.760000 0.891007
v -0.309017 -3.760000 0.951057
v -0.156434 -3.760000 0.987689
v -0.000000 -3.760000 1.000000
v 0.156434 -3.760000 0.987689
v 0.309017 -3.760000 0.951057
v 0.453990 -3.760000 0.891007
v 0.587785 -3.760000 0.809017
v 0.707107 -3.760000 0.707107
v 0.809017 -3.760000 0.587785
v 0.891007 -3.760000 0.453991
v 0.951057 -3.760000 0.309017
v 0.987688 -3.760000 0.156435
v 1.000000 -3.765000 0.000000
v 0.987688 -3.765000 -0.156434
v 0.951057 -3.765000 -0.309017
v 0.891007 -3.765000 -0.453990
v 0.809017 -3.765000 -0.587785
v 0.707107 -3.765000 -0.707107
v 0.587785 -3.765000 -0.809017
v 0.453990 -3.765000 -0.891006
v 0.309017 -3.765000 -0.951056
v 0.156434 -3.765000 -0.987688
v 0.000000 -3.765000 -1.000000
v -0.156434 -3.765000 -0.987688
v -0.309017 -3.765000 -0.951056
v -0.453990 -3.765000 -0.891006
v -0.587785 -3.765000 -0.809017
v -0.707107 -3.765000 -0.707107
v -0.809017 -3.765000 -0.587785
v -0.891007 -3.765000 -0.453990
v -0.951057 -3.765000 -0.309017
v -0.987688 -3.765000 -0.156434
v -1.000000 -3.765000 0.000000
v -0.987688 -3.765000 0.156435
v -0.951057 -3.765000 0.309017
v -0.891007 -3.765000 0.453991
v -0.809017 -3.765000 0.587785
v -0.707107 -3.765000 0.707107
v -0.587785 -3.765000 0.809017
v -0.453990 -3.765000 0.891007
v -0.309017 -3.765000 0.951057
v -0.156434 -3.765000 0.987689
v -0.000000 -3.765000 1.000000
v 0.156434 -3.765000 0.987689
v 0.309017 -3.765000 0.951057
v 0.453990 -3.765000 0.891007
v 0.587785 -3.765000 0.809017
v 0.707107 -3.765000 0.707107
v 0.809017 -3.765000 0.587785
v 0.891007 -3.765000 0.453991
v 0.951057 -3.765000 0.309017
v 0.987688 -3.765000 0.156435
v 0.950000 -3.680000 0.000000
v 0.938304 -3.680000 -0.148613
v 0.903504 -3.680000 -0.293566
v 0.846456 -3.680000 -0.431291
v 0.768566 -3.680000 -0.558396
v 0.671751 -3.680000 -0.671751
v 0.558396 -3.680000 -0.768566
v 0.431291 -3.680000 -0.846456
v 0.293566 -3.680000 -0.903504
v 0.148613 -3.680000 -0.938304
v 0.000000 -3.680000 -0.950000
v -0.148613 -3.680000 -0.938304
v -0.293566 -3.680000 -0.903504
v -0.431291 -3.680000 -0.846456
v -0.558396 -3.680000 -0.768566
v -0.671751 -3.680000 -0.671751
v -0.768566 -3.680000 -0.558396
v -0.846456 -3.680000 -0.431291
v -0.903504 -3.680000 -0.293566
v -0.938304 -3.680000 -0.148613
v -0.950000 -3.680000 0.000000
v -0.938304 -3.680000 0.148613
v -0.903504 -3.680000 0.293566
v -0.846456 -3.680000 0.431291
v -0.768566 -3.680000 0.558396
v -0.671751 -3.680000 0.671752
v -0.558396 -3.680000 0.768566
v -0.431291 -3.680000 0.846456
v -0.293566 -3.680000 0.903504
v -0.148613 -3.680000 0.938304
v -0.000000 -3.680000 0.950000
v 0.148613 -3.680000 0.938304
v 0.293566 -3.680000 0.903504
v 0.431291 -3.680000 0.846456
v 0.558396 -3.680000 0.768566
v 0.671751 -3.680000 0.671752
v 0.768566 -3.680000 0.558396
v 0.846456 -3.680000 0.431291
v 0.903504 -3.680000 0.293566
v 0.938304 -3.680000 0.148613
v 0.800000 -3.520000 0.000000
v 0.790151 -3.520000 -0.125147
v 0.760845 -3.520000 -0.247213
v 0.712805 -3.520000 -0.363192
v 0.647214 -3.520000 -0.470228
v 0.565685 -3.520000 -0.565685
v 0.470228 -3.520000 -0.647213
v 0.363192 -3.520000 -0.712805
v 0.247214 -3.520000 -0.760845
v 0.125148 -3.520000 -0.790151
v 0.000000 -3.520000 -0.800000
v -0.125148 -3.520000 -0.790151
v -0.247214 -3.520000 -0.760845
v -0.363192 -3.520000 -0.712805
v -0.470228 -3.520000 -0.647213
v -0.565685 -3.520000 -0.565685
v -0.647214 -3.520000 -0.470228
v -0.712805 -3.520000 -0.363192
v -0.760845 -3.520000 -0.247213
v -0.790151 -3.520000 -0.125147
v -0.800000 -3.520000 0.000000
v -0.790151 -3.520000 0.125148
v -0.760845 -3.520000 0.247214
v -0.712805 -3.520000 0.363193
v -0.647214 -3.520000 0.470228
v -0.565685 -3.520000 0.565686
v -0.470228 -3.520000 0.647214
v -0.363192 -3.520000 0.712805
v -0.247214 -3.520000 0.760845
v -0.125148 -3.520000 0.790151
v -0.000000 -3.520000 0.800000
v 0.125148 -3.520000 0.790151
v 0.247214 -3.520000 0.760845
v 0.363192 -3.520000 0.712805
v 0.470228 -3.520000 0.647214
v 0.565685 -3.520000 0.565686
v 0.647214 -3.520000 0.470228
v 0.712805 -3.520000 0.363193
v 0.760845 -3.520000 0.247214
v 0.790151 -3.520000 0.125148
v 0.560000 -3.330000 0.000000
v 0.553105 -3.330000 -0.087603
v 0.532592 -3.330000 -0.173049
v 0.498964 -3.330000 -0.254235
v 0.453050 -3.330000 -0.329160
v 0.395980 -3.330000 -0.395980
v 0.329160 -3.330000 -0.453049
v 0.254235 -3.330000 -0.498964
v 0.173050 -3.330000 -0.532592
v 0.087603 -3.330000 -0.553105
v 0.000000 -3.330000 -0.560000
v -0.087603 -3.330000 -0.553105
v -0.173050 -3.330000 -0.532592
v -0.254235 -3.330000 -0.498964
v -0.329160 -3.330000 -0.453049
v -0.395980 -3.330000 -0.395980
v -0.453050 -3.330000 -0.329160
v -0.498964 -3.330000 -0.254235
v -0.532592 -3.330000 -0.173049
v -0.553105 -3.330000 -0.087603
v -0.560000 -3.330000 0.000000
v -0.553105 -3.330000 0.087603
v -0.532592 -3.330000 0.173050
v -0.498964 -3.330000 0.254235
v -0.453050 -3.330000 0.329160
v -0.395980 -3.330000 0.395980
v -0.329160 -3.330000 0.453050
v -0.254235 -3.330000 0.498964
v -0.173050 -3.330000 0.532592
v -0.087603 -3.330000 0.553106
v -0.000000 -3.330000 0.560000
v 0.087603 -3.330000 0.553106
v 0.173050 -3.330000 0.532592
v 0.254235 -3.330000 0.498964
v 0.329160 -3.330000 0.453050
v 0.395980 -3.330000 0.395980
v 0.453050 -3.330000 0.329160
v 0.498964 -3.330000 0.254235
v 0.532592 -3.330000 0.173050
v 0.553105 -3.330000 0.087603
v 0.330000 -3.120000 0.000000
v 0.325937 -3.120000 -0.051623
v 0.313849 -3.120000 -0.101975
v 0.294032 -3.120000 -0.149817
v 0.266976 -3.120000 -0.193969
v 0.233345 -3.120000 -0.233345
v 0.193969 -3.120000 -0.266975
v 0.149817 -3.120000 -0.294032
v 0.101976 -3.120000 -0.313848
v 0.051623 -3.120000 -0.325937
v 0.000000 -3.120000 -0.330000
v -0.051623 -3.120000 -0.325937
v -0.101976 -3.120000 -0.313848
v -0.149817 -3.120000 -0.294032
v -0.193969 -3.120000 -0.266975
v -0.233345 -3.120000 -0.233345
v -0.266976 -3.120000 -0.193969
v -0.294032 -3.120000 -0.149817
v -0.313849 -3.120000 -0.101975
v -0.325937 -3.120000 -0.051623
v -0.330000 -3.120000 0.000000
v -0.325937 -3.120000 0.051624
v -0.313849 -3.120000 0.101976
v -0.294032 -3.120000 0.149817
v -0.266976 -3.120000 0.193969
v -0.233345 -3.120000 0.233345
v -0.193969 -3.120000 0.266976
v -0.149817 -3.120000 0.294032
v -0.101976 -3.120000 0.313849
v -0.051623 -3.120000 0.325937
v -0.000000 -3.120000 0.330000
v 0.051623 -3.120000 0.325937
v 0.101976 -3.120000 0.313849
v 0.149817 -3.120000 0.294032
v 0.193969 -3.120000 0.266976
v 0.233345 -3.120000 0.233345
v 0.266976 -3.120000 0.193969
v 0.294032 -3.120000 0.149817
v 0.313849 -3.120000 0.101976
v 0.325937 -3.120000 0.051624
v 0.250000 -2.950000 0.000000
v 0.246922 -2.950000 -0.039108
v 0.237764 -2.950000 -0.077254
v 0.222752 -2.950000 -0.113497
v 0.202254 -2.950000 -0.146946
v 0.176777 -2.950000 -0.176777
v 0.146946 -2.950000 -0.202254
v 0.113498 -2.950000 -0.222751
v 0.077254 -2.950000 -0.237764
v 0.039109 -2.950000 -0.246922
v 0.000000 -2.950000 -0.250000
v -0.039109 -2.950000 -0.246922
v -0.077254 -2.950000 -0.237764
v -0.113498 -2.950000 -0.222751
v -0.146946 -2.950000 -0.202254
v -0.176777 -2.950000 -0.176777
v -0.202254 -2.950000 -0.146946
v -0.222752 -2.950000 -0.113497
v -0.237764 -2.950000 -0.077254
v -0.246922 -2.950000 -0.039108
v -0.250000 -2.950000 0.000000
v -0.246922 -2.950000 0.039109
v -0.237764 -2.950000 0.077254
v -0.222752 -2.950000 0.113498
v -0.202254 -2.950000 0.146946
v -0.176777 -2.950000 0.176777
v -0.146946 -2.950000 0.202254
v -0.113498 -2.950000 0.222752
v -0.077254 -2.950000 0.237764
v -0.039109 -2.950000 0.246922
v -0.000000 -2.950000 0.250000
v 0.039109 -2.950000 0.246922
v 0.077254 -2.950000 0.237764
v 0.113498 -2.950000 0.222752
v 0.146946 -2.950000 0.202254
v 0.176777 -2.950000 0.176777
v 0.202254 -2.950000 0.146946
v 0.222752 -2.950000 0.113498
v 0.237764 -2.950000 0.077254
v 0.246922 -2.950000 0.039109
v 0.000000 -2.940000 0.000000
vn -0.0000 -1.0000 -0.0000
vn 0.7846 -0.6000 -0.1561
vn 0.8000 -0.6000 -0.0000
vn 0.7391 -0.6000 -0.3061
vn 0.6652 -0.6000 -0.4445
vn 0.5657 -0.6000 -0.5657
vn 0.4445 -0.6000 -0.6652
vn 0.3061 -0.6000 -0.7391
vn 0.1561 -0.6000 -0.7846
vn -0.0000 -0.6000 -0.8000
vn -0.1561 -0.6000 -0.7846
vn -0.3061 -0.6000 -0.7391
vn -0.4445 -0.6000 -0.6652
vn -0.5657 -0.6000 -0.5657
vn -0.6652 -0.6000 -0.4445
vn -0.7391 -0.6000 -0.3061
vn -0.7846 -0.6000 -0.1561
vn -0.8000 -0.6000 -0.0000
vn -0.7846 -0.6000 0.1561
vn -0.7391 -0.6000 0.3061
vn -0.6652 -0.6000 0.4445
vn -0.5657 -0.6000 0.5657
vn -0.4445 -0.6000 0.6652
vn -0.3061 -0.6000 0.7391
vn -0.1561 -0.6000 0.7846
vn -0.0000 -0.6000 0.8000
vn 0.1561 -0.6000 0.7846
vn 0.3061 -0.6000 0.7391
vn 0.4445 -0.6000 0.6652
vn 0.5657 -0.6000 0.5657
vn 0.6652 -0.6000 0.4445
vn 0.7391 -0.6000 0.3061
vn 0.7846 -0.6000 0.1561
vn 1.0000 -0.0000 -0.0000
vn 0.9808 -0.0000 -0.1951
vn 0.9239 -0.0000 -0.3827
vn 0.8315 -0.0000 -0.5556
vn 0.7071 -0.0000 -0.7071
vn 0.5556 -0.0000 -0.8315
vn 0.3827 -0.0000 -0.9239
vn 0.1951 -0.0000 -0.9808
vn -0.0000 -0.0000 -1.0000
vn -0.1951 -0.0000 -0.9808
vn -0.3827 -0.0000 -0.9239
vn -0.5556 -0.0000 -0.8315
vn -0.7071 -0.0000 -0.7071
vn -0.8315 -0.0000 -0.5556
vn -0.9239 -0.0000 -0.3827
vn -0.9808 -0.0000 -0.1951
vn -1.0000 -0.0000 -0.0000
vn -0.9808 -0.0000 0.1951
vn -0.9239 -0.0000 0.3827
vn -0.8315 -0.0000 0.5556
vn -0.7071 -0.0000 0.7071
vn -0.5556 -0.0000 0.8315
vn -0.3827 -0.0000 0.9239
vn -0.1951 -0.0000 0.9808
vn -0.0000 -0.0000 1.0000
vn 0.1951 -0.0000 0.9808
vn 0.3827 -0.0000 0.9239
vn 0.5556 -0.0000 0.8315
vn 0.7071 -0.0000 0.7071
vn 0.8315 -0.0000 0.5556
vn 0.9239 -0.0000 0.3827
vn 0.9808 -0.0000 0.1951
vn -0.0000 1.0000 -0.0000
vn 0.9511 -0.0000 -0.3090
vn 0.5878 -0.0000 -0.8090
vn -0.5878 -0.0000 -0.8090
vn -0.9511 -0.0000 -0.3090
vn -0.9511 -0.0000 0.3090
vn -0.5878 -0.0000 0.8090
vn 0.5878 -0.0000 0.8090
vn 0.9511 -0.0000 0.3090
vn 0.2004 -0.9762 -0.0830
vn 0.2169 -0.9762 -0.0000
vn 0.1534 -0.9762 -0.1534
vn 0.0830 -0.9762 -0.2004
vn -0.0000 -0.9762 -0.2169
vn -0.0830 -0.9762 -0.2004
vn -0.1534 -0.9762 -0.1534
vn -0.2004 -0.9762 -0.0830
vn -0.2169 -0.9762 -0.0000
vn -0.2004 -0.9762 0.0830
vn -0.1534 -0.9762 0.1534
vn -0.0830 -0.9762 0.2004
vn -0.0000 -0.9762 0.2169
vn 0.0830 -0.9762 0.2004
vn 0.1534 -0.9762 0.1534
vn 0.2004 -0.9762 0.0830
vn 0.9994 0.0333 -0.0000
vn 0.9234 0.0333 -0.3825
vn 0.7067 0.0333 -0.7067
vn 0.3825 0.0333 -0.9234
vn -0.0000 0.0333 -0.9994
vn -0.3825 0.0333 -0.9234
vn -0.7067 0.0333 -0.7067
vn -0.9234 0.0333 -0.3825
vn -0.9994 0.0333 -0.0000
vn -0.9234 0.0333 0.3825
vn -0.7067 0.0333 0.7067
vn -0.3825 0.0333 0.9234
vn -0.0000 0.0333 0.9994
vn 0.3825 0.0333 0.9234
vn 0.7067 0.0333 0.7067
vn 0.9234 0.0333 0.3825
vn 0.0712 0.9975 -0.0000
vn 0.0704 0.9975 -0.0111
vn 0.0678 0.9975 -0.0220
vn 0.0635 0.9975 -0.0323
vn 0.0576 0.9975 -0.0419
vn 0.0504 0.9975 -0.0504
vn 0.0419 0.9975 -0.0576
vn 0.0323 0.9975 -0.0635
vn 0.0220 0.9975 -0.0678
vn 0.0111 0.9975 -0.0704
vn -0.0000 0.9975 -0.0712
vn -0.0111 0.9975 -0.0704
vn -0.0220 0.9975 -0.0678
vn -0.0323 0.9975 -0.0635
vn -0.0419 0.9975 -0.0576
vn -0.0504 0.9975 -0.0504
vn -0.0576 0.9975 -0.0419
vn -0.0635 0.9975 -0.0323
vn -0.0678 0.9975 -0.0220
vn -0.0704 0.9975 -0.0111
vn -0.0712 0.9975 -0.0000
vn -0.0704 0.9975 0.0111
vn -0.0678 0.9975 0.0220
vn -0.0635 0.9975 0.0323
vn -0.0576 0.9975 0.0419
vn -0.0504 0.9975 0.0504
vn -0.0419 0.9975 0.0576
vn -0.0323 0.9975 0.0635
vn -0.0220 0.9975 0.0678
vn -0.0111 0.9975 0.0704
vn -0.0000 0.9975 0.0712
vn 0.0111 0.9975 0.0704
vn 0.0220 0.9975 0.0678
vn 0.0323 0.9975 0.0635
vn 0.0419 0.9975 0.0576
vn 0.0504 0.9975 0.0504
vn 0.0576 0.9975 0.0419
vn 0.0635 0.9975 0.0323
vn 0.0678 0.9975 0.0220
vn 0.0704 0.9975 0.0111
vn 0.8190 0.5737 -0.0000
vn 0.9170 0.3714 -0.1452
vn 0.9285 0.3714 -0.0000
vn 0.7789 0.5738 -0.2531
vn 0.8830 0.3714 -0.2869
vn 0.8273 0.3714 -0.4215
vn 0.7298 0.5737 -0.3718
vn 0.7512 0.3714 -0.5457
vn 0.6626 0.5737 -0.4814
vn 0.6565 0.3714 -0.6565
vn 0.4814 0.5737 -0.6626
vn 0.5457 0.3714 -0.7512
vn 0.3718 0.5737 -0.7298
vn 0.4215 0.3714 -0.8273
vn 0.2531 0.5737 -0.7789
vn 0.2869 0.3714 -0.8830
vn 0.1281 0.5738 -0.8089
vn 0.1452 0.3714 -0.9170
vn -0.0000 0.3714 -0.9285
vn -0.1281 0.5738 -0.8089
vn -0.1452 0.3714 -0.9170
vn -0.2869 0.3714 -0.8830
vn -0.3718 0.5738 -0.7298
vn -0.4215 0.3714 -0.8273
vn -0.5457 0.3714 -0.7512
vn -0.4814 0.5737 -0.6626
vn -0.6565 0.3714 -0.6565
vn -0.5791 0.5737 -0.5791
vn -0.7512 0.3714 -0.5457
vn -0.7298 0.5738 -0.3718
vn -0.8273 0.3714 -0.4215
vn -0.8830 0.3714 -0.2869
vn -0.7789 0.5737 -0.2531
vn -0.9170 0.3714 -0.1452
vn -0.8089 0.5737 -0.1281
vn -0.9285 0.3714 -0.0000
vn -0.8190 0.5737 -0.0000
vn -0.9170 0.3714 0.1452
vn -0.7789 0.5737 0.2531
vn -0.8830 0.3714 0.2869
vn -0.7298 0.5738 0.3718
vn -0.8273 0.3714 0.4215
vn -0.7512 0.3714 0.5457
vn -0.6626 0.5737 0.4814
vn -0.6565 0.3714 0.6565
vn -0.5791 0.5737 0.5791
vn -0.5457 0.3714 0.7512
vn -0.3718 0.5737 0.7298
vn -0.4215 0.3714 0.8273
vn -0.2531 0.5737 0.7789
vn -0.2869 0.3714 0.8830
vn -0.1452 0.3714 0.9170
vn -0.1281 0.5737 0.8089
vn -0.0000 0.3714 0.9285
vn 0.1281 0.5737 0.8089
vn 0.1452 0.3714 0.9170
vn 0.2531 0.5738 0.7789
vn 0.2869 0.3714 0.8830
vn 0.4215 0.3714 0.8273
vn 0.3718 0.5737 0.7298
vn 0.5457 0.3714 0.7512
vn 0.5791 0.5737 0.5791
vn 0.6565 0.3714 0.6565
vn 0.6626 0.5738 0.4814
vn 0.7512 0.3714 0.5457
vn 0.8273 0.3714 0.4215
vn 0.7298 0.5737 0.3718
vn 0.8830 0.3714 0.2869
vn 0.7789 0.5737 0.2531
vn 0.9170 0.3714 0.1452
vn 0.8089 0.5737 0.1281
vn 0.6496 0.7603 -0.0000
vn 0.8089 0.5737 -0.1281
vn 0.6416 0.7603 -0.1016
vn 0.5788 0.7603 -0.2949
vn 0.5255 0.7603 -0.3818
vn 0.4593 0.7603 -0.4593
vn 0.5791 0.5737 -0.5791
vn 0.3818 0.7603 -0.5255
vn 0.2007 0.7603 -0.6178
vn 0.1016 0.7603 -0.6416
vn -0.0000 0.5737 -0.8190
vn -0.0000 0.7603 -0.6496
vn -0.1016 0.7603 -0.6416
vn -0.2531 0.5737 -0.7789
vn -0.2007 0.7603 -0.6178
vn -0.2949 0.7603 -0.5788
vn -0.3818 0.7603 -0.5255
vn -0.4593 0.7603 -0.4593
vn -0.6626 0.5737 -0.4814
vn -0.5255 0.7603 -0.3818
vn -0.5788 0.7603 -0.2949
vn -0.6416 0.7603 -0.1016
vn -0.6496 0.7603 -0.0000
vn -0.8089 0.5737 0.1281
vn -0.6416 0.7603 0.1016
vn -0.5788 0.7603 0.2949
vn -0.5255 0.7603 0.3818
vn -0.4593 0.7603 0.4593
vn -0.3818 0.7603 0.5255
vn -0.4814 0.5737 0.6626
vn -0.2949 0.7603 0.5788
vn -0.1016 0.7603 0.6416
vn -0.0000 0.5737 0.8190
vn 0.1016 0.7603 0.6416
vn 0.2007 0.7603 0.6178
vn 0.2949 0.7603 0.5788
vn 0.4814 0.5737 0.6626
vn 0.3818 0.7603 0.5255
vn 0.4593 0.7603 0.4593
vn 0.5788 0.7603 0.2949
vn 0.6178 0.7603 0.2007
vn 0.6710 0.7338 -0.1063
vn 0.6461 0.7338 -0.2099
vn 0.6178 0.7603 -0.2007
vn 0.6053 0.7338 -0.3084
vn 0.5496 0.7338 -0.3993
vn 0.3993 0.7338 -0.5496
vn 0.2949 0.7603 -0.5788
vn 0.2099 0.7338 -0.6461
vn 0.1063 0.7338 -0.6710
vn -0.1063 0.7338 -0.6710
vn -0.3084 0.7338 -0.6053
vn -0.3993 0.7338 -0.5496
vn -0.4804 0.7338 -0.4804
vn -0.5496 0.7338 -0.3993
vn -0.6461 0.7338 -0.2099
vn -0.6178 0.7603 -0.2007
vn -0.6710 0.7338 -0.1063
vn -0.6710 0.7338 0.1063
vn -0.6461 0.7338 0.2099
vn -0.6178 0.7603 0.2007
vn -0.6053 0.7338 0.3084
vn -0.5496 0.7338 0.3993
vn -0.3993 0.7338 0.5496
vn -0.3084 0.7338 0.6053
vn -0.2099 0.7338 0.6461
vn -0.2007 0.7603 0.6178
vn -0.1063 0.7338 0.6710
vn -0.0000 0.7603 0.6496
vn 0.1063 0.7338 0.6710
vn 0.2099 0.7338 0.6461
vn 0.3084 0.7338 0.6053
vn 0.3993 0.7338 0.5496
vn 0.5496 0.7338 0.3993
vn 0.5255 0.7603 0.3818
vn 0.6461 0.7338 0.2099
vn 0.6416 0.7603 0.1016
vn 0.6710 0.7338 0.1063
vn 0.6794 0.7338 -0.0000
vn 0.7347 0.6683 -0.1164
vn 0.7075 0.6683 -0.2299
vn 0.6628 0.6683 -0.3377
vn 0.5260 0.6683 -0.5260
vn 0.4804 0.7338 -0.4804
vn 0.4372 0.6683 -0.6018
vn 0.3084 0.7338 -0.6053
vn 0.3377 0.6683 -0.6628
vn 0.2299 0.6683 -0.7075
vn -0.0000 0.6683 -0.7439
vn -0.0000 0.7338 -0.6794
vn -0.2299 0.6683 -0.7075
vn -0.2099 0.7338 -0.6461
vn -0.3377 0.6683 -0.6628
vn -0.4372 0.6683 -0.6018
vn -0.5260 0.6683 -0.5260
vn -0.6018 0.6683 -0.4372
vn -0.6053 0.7338 -0.3084
vn -0.7075 0.6683 -0.2299
vn -0.7347 0.6683 -0.1164
vn -0.7439 0.6683 -0.0000
vn -0.6794 0.7338 -0.0000
vn -0.7347 0.6683 0.1164
vn -0.7075 0.6683 0.2299
vn -0.6628 0.6683 0.3377
vn -0.6018 0.6683 0.4372
vn -0.4804 0.7338 0.4804
vn -0.5260 0.6683 0.5260
vn -0.3377 0.6683 0.6628
vn -0.2299 0.6683 0.7075
vn -0.1164 0.6683 0.7347
vn -0.0000 0.7338 0.6794
vn 0.1164 0.6683 0.7347
vn 0.2299 0.6683 0.7075
vn 0.3377 0.6683 0.6628
vn 0.4372 0.6683 0.6018
vn 0.4804 0.7338 0.4804
vn 0.6018 0.6683 0.4372
vn 0.6053 0.7338 0.3084
vn 0.7075 0.6683 0.2299
vn 0.7439 0.6683 -0.0000
vn 0.7593 0.6508 -0.0000
vn 0.7499 0.6508 -0.1188
vn 0.7221 0.6508 -0.2346
vn 0.6765 0.6508 -0.3447
vn 0.6018 0.6683 -0.4372
vn 0.5369 0.6508 -0.5369
vn 0.4463 0.6508 -0.6143
vn 0.3447 0.6508 -0.6765
vn 0.2346 0.6508 -0.7221
vn 0.1188 0.6508 -0.7499
vn 0.1164 0.6683 -0.7347
vn -0.1188 0.6508 -0.7499
vn -0.1164 0.6683 -0.7347
vn -0.2346 0.6508 -0.7221
vn -0.3447 0.6508 -0.6765
vn -0.4463 0.6508 -0.6143
vn -0.5369 0.6508 -0.5369
vn -0.6143 0.6508 -0.4463
vn -0.6628 0.6683 -0.3377
vn -0.7221 0.6508 -0.2346
vn -0.7593 0.6508 -0.0000
vn -0.7221 0.6508 0.2346
vn -0.6765 0.6508 0.3447
vn -0.6143 0.6508 0.4463
vn -0.4463 0.6508 0.6143
vn -0.4372 0.6683 0.6018
vn -0.3447 0.6508 0.6765
vn -0.1188 0.6508 0.7499
vn -0.0000 0.6508 0.7593
vn -0.0000 0.6683 0.7439
vn 0.1188 0.6508 0.7499
vn 0.2346 0.6508 0.7221
vn 0.3447 0.6508 0.6765
vn 0.4463 0.6508 0.6143
vn 0.5260 0.6683 0.5260
vn 0.6143 0.6508 0.4463
vn 0.6765 0.6508 0.3447
vn 0.6628 0.6683 0.3377
vn 0.7221 0.6508 0.2346
vn 0.7347 0.6683 0.1164
vn 0.9285 -0.3714 -0.0000
vn 0.9170 -0.3714 -0.1452
vn 0.8830 -0.3714 -0.2869
vn 0.8273 -0.3714 -0.4215
vn 0.7512 -0.3714 -0.5457
vn 0.6565 -0.3714 -0.6565
vn 0.5457 -0.3714 -0.7512
vn 0.4215 -0.3714 -0.8273
vn 0.2869 -0.3714 -0.8830
vn 0.1452 -0.3714 -0.9170
vn -0.0000 -0.3714 -0.9285
vn -0.1452 -0.3714 -0.9170
vn -0.2869 -0.3714 -0.8830
vn -0.4215 -0.3714 -0.8273
vn -0.5457 -0.3714 -0.7512
vn -0.6565 -0.3714 -0.6565
vn -0.7512 -0.3714 -0.5457
vn -0.8273 -0.3714 -0.4215
vn -0.8830 -0.3714 -0.2869
vn -0.9170 -0.3714 -0.1452
vn -0.9285 -0.3714 -0.0000
vn -0.9170 -0.3714 0.1452
vn -0.8830 -0.3714 0.2869
vn -0.8273 -0.3714 0.4215
vn -0.7512 -0.3714 0.5457
vn -0.6565 -0.3714 0.6565
vn -0.5457 -0.3714 0.7512
vn -0.4215 -0.3714 0.8273
vn -0.2869 -0.3714 0.8830
vn -0.1452 -0.3714 0.9170
vn -0.0000 -0.3714 0.9285
vn 0.1452 -0.3714 0.9170
vn 0.2869 -0.3714 0.8830
vn 0.4215 -0.3714 0.8273
vn 0.5457 -0.3714 0.7512
vn 0.6565 -0.3714 0.6565
vn 0.7512 -0.3714 0.5457
vn 0.8273 -0.3714 0.4215
vn 0.8830 -0.3714 0.2869
vn 0.9170 -0.3714 0.1452
vn -0.3029 -0.9530 -0.0000
vn -0.5479 -0.8320 0.0868
vn -0.5547 -0.8321 -0.0000
vn -0.2992 -0.9530 0.0474
vn -0.5276 -0.8321 0.1714
vn -0.2881 -0.9530 0.0936
vn -0.4942 -0.8321 0.2518
vn -0.2451 -0.9530 0.1781
vn -0.4488 -0.8321 0.3260
vn -0.2142 -0.9530 0.2142
vn -0.3922 -0.8321 0.3922
vn -0.3260 -0.8321 0.4488
vn -0.1781 -0.9530 0.2451
vn -0.2518 -0.8321 0.4942
vn -0.0936 -0.9530 0.2881
vn -0.1714 -0.8321 0.5275
vn -0.0868 -0.8321 0.5479
vn -0.0000 -0.9530 0.3029
vn -0.0000 -0.8321 0.5547
vn 0.0868 -0.8321 0.5479
vn 0.0936 -0.9530 0.2881
vn 0.1714 -0.8321 0.5275
vn 0.2518 -0.8321 0.4942
vn 0.1781 -0.9530 0.2451
vn 0.3260 -0.8321 0.4488
vn 0.2142 -0.9530 0.2142
vn 0.3922 -0.8321 0.3922
vn 0.4488 -0.8321 0.3260
vn 0.2451 -0.9530 0.1781
vn 0.4942 -0.8321 0.2518
vn 0.2881 -0.9530 0.0936
vn 0.5276 -0.8321 0.1714
vn 0.2992 -0.9530 0.0474
vn 0.5479 -0.8321 0.0868
vn 0.5547 -0.8321 -0.0000
vn 0.3029 -0.9530 -0.0000
vn 0.5479 -0.8321 -0.0868
vn 0.2881 -0.9530 -0.0936
vn 0.5276 -0.8321 -0.1714
vn 0.4942 -0.8321 -0.2518
vn 0.2451 -0.9530 -0.1781
vn 0.4488 -0.8321 -0.3260
vn 0.3922 -0.8321 -0.3922
vn 0.1781 -0.9530 -0.2451
vn 0.3260 -0.8320 -0.4488
vn 0.2518 -0.8321 -0.4942
vn 0.0936 -0.9530 -0.2881
vn 0.1714 -0.8321 -0.5276
vn 0.0868 -0.8321 -0.5479
vn 0.0474 -0.9530 -0.2992
vn -0.0000 -0.8321 -0.5547
vn -0.0000 -0.9530 -0.3029
vn -0.0868 -0.8321 -0.5479
vn -0.0936 -0.9530 -0.2881
vn -0.1714 -0.8321 -0.5275
vn -0.2518 -0.8321 -0.4942
vn -0.1781 -0.9530 -0.2451
vn -0.3260 -0.8320 -0.4488
vn -0.3922 -0.8321 -0.3922
vn -0.2451 -0.9530 -0.1781
vn -0.4488 -0.8321 -0.3260
vn -0.4942 -0.8321 -0.2518
vn -0.2881 -0.9530 -0.0936
vn -0.5276 -0.8321 -0.1714
vn -0.5479 -0.8321 -0.0868
vn -0.2992 -0.9530 -0.0474
vn 0.2142 -0.9530 -0.2142
vn -0.0474 -0.9530 0.2992
vn 0.8513 0.5070 -0.1348
vn 0.8026 0.5965 -0.0000
vn 0.8619 0.5070 -0.0000
vn 0.8197 0.5070 -0.2664
vn 0.7927 0.5965 -0.1256
vn 0.7680 0.5070 -0.3913
vn 0.7633 0.5965 -0.2480
vn 0.6973 0.5070 -0.5066
vn 0.7151 0.5965 -0.3644
vn 0.6095 0.5070 -0.6095
vn 0.6493 0.5965 -0.4718
vn 0.5066 0.5070 -0.6973
vn 0.5675 0.5965 -0.5675
vn 0.3644 0.5965 -0.7151
vn 0.4718 0.5965 -0.6493
vn 0.3913 0.5070 -0.7680
vn 0.2480 0.5965 -0.7633
vn 0.1348 0.5070 -0.8513
vn 0.2664 0.5070 -0.8197
vn -0.0000 0.5965 -0.8026
vn 0.1256 0.5965 -0.7927
vn -0.1348 0.5070 -0.8513
vn -0.0000 0.5070 -0.8619
vn -0.2664 0.5070 -0.8197
vn -0.1256 0.5965 -0.7927
vn -0.3913 0.5070 -0.7680
vn -0.2480 0.5965 -0.7633
vn -0.5066 0.5070 -0.6973
vn -0.3644 0.5965 -0.7151
vn -0.5675 0.5965 -0.5675
vn -0.4718 0.5965 -0.6493
vn -0.6095 0.5070 -0.6095
vn -0.6493 0.5965 -0.4718
vn -0.6973 0.5070 -0.5066
vn -0.7151 0.5965 -0.3644
vn -0.7680 0.5070 -0.3913
vn -0.7633 0.5965 -0.2480
vn -0.8197 0.5070 -0.2664
vn -0.7927 0.5965 -0.1256
vn -0.8513 0.5070 -0.1348
vn -0.8026 0.5965 -0.0000
vn -0.8513 0.5070 0.1348
vn -0.8619 0.5070 -0.0000
vn -0.8197 0.5070 0.2664
vn -0.7927 0.5965 0.1256
vn -0.7151 0.5965 0.3644
vn -0.7633 0.5965 0.2480
vn -0.6973 0.5070 0.5066
vn -0.7680 0.5070 0.3913
vn -0.6095 0.5070 0.6095
vn -0.6493 0.5965 0.4718
vn -0.5066 0.5070 0.6973
vn -0.5675 0.5965 0.5675
vn -0.3644 0.5965 0.7151
vn -0.4718 0.5965 0.6493
vn -0.3913 0.5070 0.7680
vn -0.2480 0.5965 0.7633
vn -0.1348 0.5070 0.8513
vn -0.2664 0.5070 0.8197
vn -0.0000 0.5070 0.8619
vn -0.1256 0.5965 0.7927
vn 0.1256 0.5965 0.7927
vn -0.0000 0.5965 0.8026
vn 0.2664 0.5070 0.8197
vn 0.1348 0.5070 0.8513
vn 0.3913 0.5070 0.7680
vn 0.2480 0.5965 0.7633
vn 0.5066 0.5070 0.6973
vn 0.3644 0.5965 0.7151
vn 0.5675 0.5965 0.5675
vn 0.4718 0.5965 0.6493
vn 0.6095 0.5070 0.6095
vn 0.6493 0.5965 0.4718
vn 0.7680 0.5070 0.3913
vn 0.6973 0.5070 0.5066
vn 0.8197 0.5070 0.2664
vn 0.7151 0.5965 0.3644
vn 0.7927 0.5965 0.1256
vn 0.7633 0.5965 0.2480
vn 0.8513 0.5070 0.1348
vn 0.6790 0.7342 -0.0000
vn 0.6706 0.7342 -0.1062
vn 0.6457 0.7342 -0.2098
vn 0.5493 0.7342 -0.3991
vn 0.6050 0.7342 -0.3082
vn 0.4801 0.7342 -0.4801
vn 0.3991 0.7342 -0.5493
vn 0.3082 0.7342 -0.6050
vn 0.1062 0.7342 -0.6706
vn 0.2098 0.7342 -0.6457
vn -0.1062 0.7342 -0.6706
vn -0.0000 0.7342 -0.6790
vn -0.3082 0.7342 -0.6050
vn -0.2098 0.7342 -0.6457
vn -0.3991 0.7342 -0.5493
vn -0.4801 0.7342 -0.4801
vn -0.5493 0.7342 -0.3991
vn -0.6457 0.7342 -0.2098
vn -0.6050 0.7342 -0.3082
vn -0.6706 0.7342 -0.1062
vn -0.6790 0.7342 -0.0000
vn -0.6706 0.7342 0.1062
vn -0.6457 0.7342 0.2098
vn -0.5493 0.7342 0.3991
vn -0.6050 0.7342 0.3082
vn -0.4801 0.7342 0.4801
vn -0.3991 0.7342 0.5493
vn -0.3082 0.7342 0.6050
vn -0.1062 0.7342 0.6706
vn -0.2098 0.7342 0.6457
vn -0.0000 0.7342 0.6790
vn 0.1062 0.7342 0.6706
vn 0.3082 0.7342 0.6050
vn 0.2098 0.7342 0.6457
vn 0.3991 0.7342 0.5493
vn 0.4801 0.7342 0.4801
vn 0.5493 0.7342 0.3991
vn 0.6457 0.7342 0.2098
vn 0.6050 0.7342 0.3082
vn 0.6706 0.7342 0.1062
vn 0.6469 0.7626 -0.0000
vn 0.6389 0.7626 -0.1012
vn 0.6152 0.7626 -0.1999
vn 0.5764 0.7626 -0.2937
vn 0.5233 0.7626 -0.3802
vn 0.4574 0.7626 -0.4574
vn 0.3802 0.7626 -0.5233
vn 0.1999 0.7626 -0.6152
vn 0.2937 0.7626 -0.5764
vn 0.1012 0.7626 -0.6389
vn -0.1012 0.7626 -0.6389
vn -0.0000 0.7626 -0.6469
vn -0.1999 0.7626 -0.6152
vn -0.2937 0.7626 -0.5764
vn -0.4574 0.7626 -0.4574
vn -0.3802 0.7626 -0.5233
vn -0.5233 0.7626 -0.3802
vn -0.5764 0.7626 -0.2937
vn -0.6389 0.7626 -0.1012
vn -0.6152 0.7626 -0.1999
vn -0.6469 0.7626 -0.0000
vn -0.6389 0.7626 0.1012
vn -0.5764 0.7626 0.2937
vn -0.6152 0.7626 0.1999
vn -0.5233 0.7626 0.3802
vn -0.4574 0.7626 0.4574
vn -0.2937 0.7626 0.5764
vn -0.3802 0.7626 0.5233
vn -0.1999 0.7626 0.6152
vn -0.1012 0.7626 0.6389
vn 0.1012 0.7626 0.6389
vn -0.0000 0.7626 0.6469
vn 0.2937 0.7626 0.5764
vn 0.1999 0.7626 0.6152
vn 0.3802 0.7626 0.5233
vn 0.5233 0.7626 0.3802
vn 0.4574 0.7626 0.4574
vn 0.5764 0.7626 0.2937
vn 0.6389 0.7626 0.1012
vn 0.6152 0.7626 0.1999
vn 0.8014 0.5981 -0.0000
vn 0.7915 0.5981 -0.1254
vn 0.7141 0.5981 -0.3638
vn 0.7622 0.5981 -0.2476
vn 0.6484 0.5981 -0.4711
vn 0.5667 0.5981 -0.5667
vn 0.3638 0.5981 -0.7141
vn 0.4711 0.5981 -0.6483
vn 0.1254 0.5981 -0.7915
vn 0.2476 0.5981 -0.7622
vn -0.1254 0.5981 -0.7915
vn -0.0000 0.5981 -0.8014
vn -0.3638 0.5981 -0.7141
vn -0.2476 0.5981 -0.7622
vn -0.5667 0.5981 -0.5667
vn -0.4711 0.5981 -0.6483
vn -0.6483 0.5981 -0.4711
vn -0.7141 0.5981 -0.3638
vn -0.7915 0.5981 -0.1254
vn -0.7622 0.5981 -0.2476
vn -0.8014 0.5981 -0.0000
vn -0.7915 0.5981 0.1254
vn -0.7622 0.5981 0.2476
vn -0.6484 0.5981 0.4711
vn -0.7141 0.5981 0.3638
vn -0.5667 0.5981 0.5667
vn -0.3638 0.5981 0.7141
vn -0.4711 0.5981 0.6483
vn -0.1254 0.5981 0.7915
vn -0.2476 0.5981 0.7622
vn -0.0000 0.5981 0.8014
vn 0.1254 0.5981 0.7915
vn 0.3638 0.5981 0.7141
vn 0.2476 0.5981 0.7622
vn 0.5667 0.5981 0.5667
vn 0.4711 0.5981 0.6483
vn 0.6483 0.5981 0.4711
vn 0.7141 0.5981 0.3638
vn 0.7915 0.5981 0.1254
vn 0.7622 0.5981 0.2476
vn 0.9048 0.4258 -0.0000
vn 0.8937 0.4258 -0.1415
vn 0.8062 0.4258 -0.4108
vn 0.8605 0.4258 -0.2796
vn 0.7320 0.4258 -0.5318
vn 0.6398 0.4258 -0.6398
vn 0.5318 0.4258 -0.7320
vn 0.2796 0.4258 -0.8605
vn 0.4108 0.4258 -0.8062
vn 0.1415 0.4258 -0.8937
vn -0.1415 0.4258 -0.8937
vn -0.0000 0.4258 -0.9048
vn -0.2796 0.4258 -0.8605
vn -0.5318 0.4258 -0.7320
vn -0.4108 0.4258 -0.8062
vn -0.6398 0.4258 -0.6398
vn -0.7320 0.4258 -0.5318
vn -0.8062 0.4258 -0.4108
vn -0.8937 0.4258 -0.1415
vn -0.8605 0.4258 -0.2796
vn -0.9048 0.4258 -0.0000
vn -0.8937 0.4258 0.1415
vn -0.8062 0.4258 0.4108
vn -0.8605 0.4258 0.2796
vn -0.7320 0.4258 0.5318
vn -0.6398 0.4258 0.6398
vn -0.4108 0.4258 0.8062
vn -0.5318 0.4258 0.7320
vn -0.2796 0.4258 0.8605
vn -0.1415 0.4258 0.8937
vn -0.0000 0.4258 0.9048
vn 0.1415 0.4258 0.8937
vn 0.2796 0.4258 0.8605
vn 0.4108 0.4258 0.8062
vn 0.5318 0.4258 0.7320
vn 0.6398 0.4258 0.6398
vn 0.7320 0.4258 0.5318
vn 0.8062 0.4258 0.4108
vn 0.8937 0.4258 0.1415
vn 0.8605 0.4258 0.2796
vn 0.0400 0.9992 -0.0000
vn 0.0395 0.9992 -0.0062
vn 0.0380 0.9992 -0.0124
vn 0.0356 0.9992 -0.0182
vn 0.0323 0.9992 -0.0235
vn 0.0283 0.9992 -0.0283
vn 0.0235 0.9992 -0.0323
vn 0.0181 0.9992 -0.0356
vn 0.0124 0.9992 -0.0380
vn 0.0063 0.9992 -0.0395
vn -0.0000 0.9992 -0.0400
vn -0.0063 0.9992 -0.0395
vn -0.0124 0.9992 -0.0380
vn -0.0181 0.9992 -0.0356
vn -0.0235 0.9992 -0.0323
vn -0.0283 0.9992 -0.0283
vn -0.0323 0.9992 -0.0235
vn -0.0356 0.9992 -0.0182
vn -0.0380 0.9992 -0.0124
vn -0.0395 0.9992 -0.0062
vn -0.0400 0.9992 -0.0000
vn -0.0395 0.9992 0.0062
vn -0.0380 0.9992 0.0124
vn -0.0356 0.9992 0.0182
vn -0.0323 0.9992 0.0235
vn -0.0283 0.9992 0.0283
vn -0.0235 0.9992 0.0323
vn -0.0181 0.9992 0.0356
vn -0.0124 0.9992 0.0380
vn -0.0063 0.9992 0.0395
vn -0.0000 0.9992 0.0400
vn 0.0063 0.9992 0.0395
vn 0.0124 0.9992 0.0380
vn 0.0181 0.9992 0.0356
vn 0.0235 0.9992 0.0323
vn 0.0283 0.9992 0.0283
vn 0.0323 0.9992 0.0235
vn 0.0356 0.9992 0.0182
vn 0.0380 0.9992 0.0124
vn 0.0395 0.9992 0.0062
vn -0.0000 -1.0000 0.0001
vn -0.0000 -1.0000 -0.0001
vn 0.6143 0.6508 -0.4463
vn -0.0000 0.6508 -0.7593
vn -0.6765 0.6508 -0.3447
vn -0.7499 0.6508 -0.1188
vn -0.7499 0.6508 0.1188
vn -0.5369 0.6508 0.5369
vn -0.2346 0.6508 0.7221
vn 0.5369 0.6508 0.5369
vn 0.7499 0.6508 0.1188
vn -0.2699 -0.9530 0.1375
vn -0.1375 -0.9530 0.2699
vn 0.0474 -0.9530 0.2992
vn 0.1375 -0.9530 0.2699
vn 0.2699 -0.9530 0.1375
vn 0.2992 -0.9530 -0.0474
vn 0.2699 -0.9530 -0.1375
vn 0.1375 -0.9530 -0.2699
vn -0.0474 -0.9530 -0.2992
vn -0.1375 -0.9530 -0.2699
vn -0.2142 -0.9530 -0.2142
vn -0.2699 -0.9530 -0.1375
vt 0.663222 0.832775
vt 0.657453 0.891350
vt 0.646136 0.889099
vt 0.668991 0.891350
vt 0.680308 0.889099
vt 0.690968 0.884684
vt 0.700561 0.878273
vt 0.708720 0.870115
vt 0.715131 0.860521
vt 0.719546 0.849861
vt 0.721797 0.838544
vt 0.721797 0.827006
vt 0.719546 0.815689
vt 0.715131 0.805029
vt 0.708720 0.795436
vt 0.700561 0.787277
vt 0.690968 0.780866
vt 0.680308 0.776451
vt 0.668991 0.774200
vt 0.657453 0.774200
vt 0.646136 0.776451
vt 0.635476 0.780866
vt 0.625882 0.787277
vt 0.617724 0.795436
vt 0.611313 0.805029
vt 0.606898 0.815689
vt 0.604647 0.827006
vt 0.604647 0.838544
vt 0.606898 0.849861
vt 0.611313 0.860521
vt 0.617724 0.870115
vt 0.625882 0.878273
vt 0.635476 0.884684
vt 0.843128 0.356449
vt 0.824817 0.340727
vt 0.843024 0.345126
vt 0.843024 0.367987
vt 0.824947 0.354881
vt 0.842716 0.379296
vt 0.824817 0.369303
vt 0.842215 0.389941
vt 0.824431 0.383439
vt 0.841541 0.399514
vt 0.823805 0.396746
vt 0.709896 0.889648
vt 0.889899 0.334451
vt 0.870954 0.315367
vt 0.889420 0.324844
vt 0.890193 0.345120
vt 0.871552 0.327376
vt 0.890293 0.356441
vt 0.871921 0.340712
vt 0.890193 0.367979
vt 0.872045 0.354863
vt 0.889899 0.379290
vt 0.871921 0.369286
vt 0.889420 0.389941
vt 0.871552 0.383425
vt 0.870148 0.408713
vt 0.870954 0.396738
vt 0.709896 0.775902
vt 0.720095 0.786101
vt 0.045986 0.794797
vt 0.027075 0.775713
vt 0.045485 0.785184
vt 0.028087 0.801072
vt 0.027701 0.787730
vt 0.046398 0.816794
vt 0.046294 0.805471
vt 0.028087 0.829648
vt 0.028217 0.815226
vt 0.046294 0.828332
vt 0.027701 0.843784
vt 0.045986 0.839641
vt 0.027075 0.857091
vt 0.044811 0.859860
vt 0.045485 0.850286
vt 0.616548 0.775902
vt 0.881666 0.803703
vt 0.862721 0.784619
vt 0.881187 0.794096
vt 0.881961 0.814372
vt 0.863320 0.796628
vt 0.882060 0.825693
vt 0.863688 0.809964
vt 0.881961 0.837231
vt 0.863813 0.824115
vt 0.881666 0.848542
vt 0.863688 0.838537
vt 0.881187 0.859192
vt 0.863320 0.852677
vt 0.880542 0.868772
vt 0.862721 0.865990
vt 0.606349 0.879449
vt 0.842716 0.334452
vt 0.823805 0.315368
vt 0.842215 0.324839
vt 0.824431 0.327385
vt 0.801503 0.354674
vt 0.801373 0.340520
vt 0.801373 0.369096
vt 0.800362 0.396540
vt 0.800988 0.383233
vt 0.822963 0.408713
vt 0.846696 0.304948
vt 0.870148 0.305148
vt 0.847502 0.315168
vt 0.848100 0.327176
vt 0.848469 0.340513
vt 0.848593 0.354664
vt 0.848469 0.369086
vt 0.848100 0.383225
vt 0.847502 0.396538
vt 0.002790 0.765276
vt 0.026233 0.765483
vt 0.003632 0.775506
vt 0.004644 0.800865
vt 0.004258 0.787523
vt 0.004774 0.815019
vt 0.004644 0.829441
vt 0.004258 0.843578
vt 0.026233 0.869058
vt 0.003632 0.856885
vt 0.838463 0.774200
vt 0.861915 0.774399
vt 0.839269 0.784420
vt 0.839868 0.796428
vt 0.840236 0.809764
vt 0.840361 0.823915
vt 0.840236 0.838338
vt 0.839868 0.852477
vt 0.838463 0.877765
vt 0.839269 0.865790
vt 0.799519 0.304931
vt 0.822963 0.305138
vt 0.800988 0.327178
vt 0.800362 0.315161
vt 0.470987 0.894093
vt 0.462974 0.882101
vt 0.527860 0.847419
vt 0.457455 0.868776
vt 0.454641 0.854630
vt 0.454641 0.840207
vt 0.457455 0.826062
vt 0.462974 0.812737
vt 0.470987 0.800744
vt 0.481185 0.790546
vt 0.493178 0.782533
vt 0.506503 0.777014
vt 0.520648 0.774200
vt 0.535071 0.774200
vt 0.549217 0.777014
vt 0.562542 0.782533
vt 0.574534 0.790546
vt 0.584733 0.800744
vt 0.592746 0.812737
vt 0.598265 0.826061
vt 0.601079 0.840207
vt 0.601079 0.854630
vt 0.598265 0.868776
vt 0.592746 0.882101
vt 0.584733 0.894093
vt 0.574534 0.904292
vt 0.562542 0.912304
vt 0.549217 0.917824
vt 0.535071 0.920638
vt 0.520649 0.920638
vt 0.506503 0.917824
vt 0.493178 0.912305
vt 0.481186 0.904292
vt 0.021907 0.480708
vt 0.026756 0.002063
vt 0.026756 0.480718
vt 0.018047 0.480439
vt 0.021907 0.002053
vt 0.038890 0.480752
vt 0.043533 0.001801
vt 0.043533 0.480630
vt 0.034310 0.480613
vt 0.038890 0.001924
vt 0.010493 0.480718
vt 0.014479 0.001809
vt 0.014479 0.480464
vt 0.005644 0.480708
vt 0.010493 0.002063
vt 0.001784 0.480439
vt 0.005644 0.002053
vt 0.051681 0.480752
vt 0.056325 0.001801
vt 0.056325 0.480630
vt 0.047101 0.480613
vt 0.051681 0.001924
vt 0.030742 0.001809
vt 0.030742 0.480464
vt 0.756941 0.400537
vt 0.752329 0.414734
vt 0.744865 0.409311
vt 0.738446 0.400537
vt 0.733833 0.414734
vt 0.726370 0.409311
vt 0.826156 0.740469
vt 0.811474 0.750279
vt 0.808837 0.743914
vt 0.816346 0.755151
vt 0.822711 0.757787
vt 0.829601 0.757787
vt 0.835966 0.755151
vt 0.840837 0.750279
vt 0.843474 0.743914
vt 0.843474 0.737024
vt 0.840837 0.730659
vt 0.835966 0.725787
vt 0.829601 0.723151
vt 0.822711 0.723151
vt 0.816346 0.725787
vt 0.811474 0.730659
vt 0.808837 0.737024
vt 0.745136 0.382280
vt 0.737932 0.323615
vt 0.744027 0.323505
vt 0.731689 0.382280
vt 0.738279 0.382404
vt 0.726370 0.381927
vt 0.732074 0.323505
vt 0.918710 0.363700
vt 0.911550 0.305248
vt 0.916953 0.304948
vt 0.905775 0.364156
vt 0.912632 0.364037
vt 0.899596 0.305248
vt 0.905456 0.305353
vt 0.899184 0.364037
vt 0.894865 0.304948
vt 0.773550 0.382280
vt 0.777847 0.323191
vt 0.779631 0.381927
vt 0.766346 0.323615
vt 0.772441 0.323505
vt 0.760103 0.382280
vt 0.766693 0.382404
vt 0.754784 0.381927
vt 0.760489 0.323505
vt 0.910477 0.832952
vt 0.903318 0.774499
vt 0.908720 0.774200
vt 0.897543 0.833407
vt 0.904399 0.833289
vt 0.891364 0.774499
vt 0.897223 0.774605
vt 0.885628 0.832952
vt 0.890951 0.833289
vt 0.749432 0.323191
vt 0.751216 0.381927
vt 0.877830 0.745455
vt 0.875486 0.751113
vt 0.862436 0.742393
vt 0.871156 0.755444
vt 0.865498 0.757787
vt 0.859374 0.757787
vt 0.853716 0.755444
vt 0.849385 0.751113
vt 0.847042 0.745455
vt 0.847042 0.739331
vt 0.849385 0.733673
vt 0.853716 0.729343
vt 0.859374 0.726999
vt 0.865498 0.726999
vt 0.871156 0.729343
vt 0.875486 0.733673
vt 0.877830 0.739331
vt 0.780130 0.828965
vt 0.808834 0.875805
vt 0.801153 0.879718
vt 0.792955 0.882382
vt 0.784440 0.883730
vt 0.775820 0.883730
vt 0.767306 0.882382
vt 0.759108 0.879718
vt 0.751427 0.875805
vt 0.744453 0.870738
vt 0.738358 0.864642
vt 0.733291 0.857668
vt 0.729377 0.849988
vt 0.726713 0.841789
vt 0.725365 0.833275
vt 0.725365 0.824655
vt 0.726713 0.816141
vt 0.729377 0.807943
vt 0.733291 0.800262
vt 0.738358 0.793288
vt 0.744453 0.787193
vt 0.751427 0.782126
vt 0.759108 0.778212
vt 0.767306 0.775548
vt 0.775820 0.774200
vt 0.784440 0.774200
vt 0.792954 0.775548
vt 0.801153 0.778212
vt 0.808833 0.782126
vt 0.815807 0.787193
vt 0.821903 0.793288
vt 0.826970 0.800262
vt 0.830883 0.807943
vt 0.833547 0.816141
vt 0.834895 0.824655
vt 0.834895 0.833275
vt 0.833547 0.841789
vt 0.830883 0.849988
vt 0.826970 0.857668
vt 0.821903 0.864642
vt 0.815807 0.870738
vt 0.200361 0.886129
vt 0.240619 0.873102
vt 0.240803 0.881526
vt 0.200044 0.864233
vt 0.240557 0.864496
vt 0.240619 0.855919
vt 0.200124 0.853205
vt 0.240803 0.847583
vt 0.200361 0.842487
vt 0.241106 0.839692
vt 0.201281 0.823021
vt 0.241519 0.832442
vt 0.201941 0.814752
vt 0.242032 0.826011
vt 0.334599 0.903680
vt 0.293907 0.906041
vt 0.334108 0.897010
vt 0.293399 0.896472
vt 0.333713 0.889567
vt 0.333424 0.881536
vt 0.292801 0.875318
vt 0.333247 0.873114
vt 0.333188 0.864508
vt 0.292801 0.853225
vt 0.333247 0.855931
vt 0.333424 0.847592
vt 0.293027 0.842504
vt 0.333713 0.839699
vt 0.293399 0.832355
vt 0.334108 0.832444
vt 0.294538 0.814752
vt 0.334599 0.826007
vt 0.109087 0.914614
vt 0.148665 0.897006
vt 0.149178 0.903682
vt 0.108427 0.906032
vt 0.148252 0.889560
vt 0.107896 0.896458
vt 0.147950 0.881526
vt 0.107507 0.886129
vt 0.147765 0.873102
vt 0.107190 0.864233
vt 0.147703 0.864496
vt 0.107270 0.853205
vt 0.147765 0.855919
vt 0.147950 0.847583
vt 0.107507 0.842487
vt 0.148252 0.839692
vt 0.107896 0.832342
vt 0.148665 0.832442
vt 0.109087 0.814752
vt 0.149178 0.826011
vt 0.427165 0.903680
vt 0.386473 0.906041
vt 0.426674 0.897010
vt 0.426280 0.889567
vt 0.385966 0.896472
vt 0.425991 0.881536
vt 0.385367 0.875318
vt 0.425814 0.873114
vt 0.385291 0.864253
vt 0.425755 0.864508
vt 0.425814 0.855931
vt 0.385367 0.853225
vt 0.425991 0.847592
vt 0.385966 0.832355
vt 0.426280 0.839699
vt 0.386473 0.823028
vt 0.426674 0.832444
vt 0.427165 0.826007
vt 0.201941 0.914614
vt 0.241519 0.897006
vt 0.242032 0.903682
vt 0.201281 0.906032
vt 0.241106 0.889560
vt 0.200750 0.896458
vt 0.662737 0.708378
vt 0.638770 0.665396
vt 0.649624 0.663154
vt 0.152879 0.881735
vt 0.200124 0.875298
vt 0.152879 0.844914
vt 0.616683 0.664690
vt 0.590021 0.706054
vt 0.605995 0.661760
vt 0.573190 0.698444
vt 0.595896 0.657193
vt 0.557756 0.688294
vt 0.586636 0.651104
vt 0.578442 0.643640
vt 0.532558 0.661433
vt 0.571517 0.634987
vt 0.566031 0.625357
vt 0.523415 0.645382
vt 0.562119 0.614987
vt 0.516895 0.628100
vt 0.559877 0.604133
vt 0.245727 0.881792
vt 0.292724 0.864253
vt 0.512298 0.591557
vt 0.560583 0.582046
vt 0.559361 0.593062
vt 0.514335 0.573198
vt 0.563513 0.571357
vt 0.519219 0.555383
vt 0.568080 0.561258
vt 0.526829 0.538552
vt 0.574170 0.551998
vt 0.536979 0.523118
vt 0.581633 0.543805
vt 0.549418 0.509463
vt 0.590286 0.536880
vt 0.579891 0.488777
vt 0.599916 0.531394
vt 0.597174 0.482257
vt 0.610286 0.527481
vt 0.621140 0.525240
vt 0.060025 0.881735
vt 0.107270 0.875298
vt 0.060025 0.844914
vt 0.643227 0.525946
vt 0.669890 0.484581
vt 0.653916 0.528876
vt 0.686721 0.492192
vt 0.664015 0.533442
vt 0.702155 0.502341
vt 0.673275 0.539532
vt 0.681468 0.546995
vt 0.715810 0.514781
vt 0.688393 0.555649
vt 0.736496 0.545253
vt 0.693879 0.565279
vt 0.697792 0.575649
vt 0.746752 0.580626
vt 0.700033 0.586503
vt 0.338294 0.881792
vt 0.747612 0.599078
vt 0.699327 0.608590
vt 0.700549 0.597574
vt 0.745575 0.617437
vt 0.696397 0.619278
vt 0.740692 0.635252
vt 0.691831 0.629377
vt 0.733081 0.652083
vt 0.685741 0.638637
vt 0.710492 0.681173
vt 0.678278 0.646831
vt 0.696070 0.692715
vt 0.669624 0.653756
vt 0.659994 0.659242
vt 0.650768 0.760780
vt 0.644647 0.712115
vt 0.624628 0.761999
vt 0.626195 0.712975
vt 0.598619 0.759113
vt 0.607836 0.710938
vt 0.573382 0.752194
vt 0.527673 0.727034
vt 0.544100 0.675855
vt 0.491976 0.688981
vt 0.479023 0.666243
vt 0.464493 0.616131
vt 0.513159 0.610009
vt 0.466160 0.563982
vt 0.473079 0.538744
vt 0.483860 0.514900
vt 0.498239 0.493035
vt 0.536292 0.457339
vt 0.563840 0.497921
vt 0.559030 0.444386
vt 0.609142 0.429856
vt 0.615264 0.478521
vt 0.635282 0.428637
vt 0.633716 0.477661
vt 0.661291 0.431522
vt 0.652075 0.479697
vt 0.686529 0.438441
vt 0.732238 0.463601
vt 0.751583 0.481223
vt 0.767934 0.501655
vt 0.727352 0.529203
vt 0.780887 0.524393
vt 0.743016 0.562536
vt 0.795417 0.574505
vt 0.796636 0.600645
vt 0.793751 0.626654
vt 0.786832 0.651891
vt 0.761672 0.697600
vt 0.722932 0.667517
vt 0.723618 0.733297
vt 0.680020 0.701858
vt 0.700880 0.746250
vt 0.801352 0.099997
vt 0.839947 0.121279
vt 0.801728 0.125573
vt 0.801728 0.151700
vt 0.839947 0.152632
vt 0.801352 0.177735
vt 0.839496 0.183873
vt 0.800610 0.203037
vt 0.837296 0.242970
vt 0.799519 0.226982
vt 0.533454 0.770632
vt 0.549537 0.741413
vt 0.507217 0.753377
vt 0.508327 0.709412
vt 0.484002 0.732231
vt 0.914670 0.452388
vt 0.878038 0.493832
vt 0.876995 0.471231
vt 0.916773 0.508771
vt 0.878748 0.518217
vt 0.879107 0.543787
vt 0.917205 0.570806
vt 0.879107 0.569913
vt 0.916773 0.602051
vt 0.878748 0.595951
vt 0.915922 0.632421
vt 0.878038 0.621259
vt 0.914670 0.661168
vt 0.876995 0.645215
vt 0.454641 0.498816
vt 0.471896 0.472579
vt 0.515861 0.473690
vt 0.517560 0.429743
vt 0.808837 0.471208
vt 0.847923 0.479533
vt 0.809928 0.493822
vt 0.848814 0.508807
vt 0.810670 0.518217
vt 0.849265 0.539499
vt 0.811046 0.543793
vt 0.811046 0.569920
vt 0.849265 0.570851
vt 0.810670 0.595955
vt 0.848814 0.602093
vt 0.809928 0.621256
vt 0.847923 0.632455
vt 0.808837 0.645202
vt 0.726457 0.420003
vt 0.710373 0.449223
vt 0.775909 0.458405
vt 0.905352 0.034168
vt 0.868720 0.075612
vt 0.867677 0.053012
vt 0.906603 0.061289
vt 0.869429 0.099998
vt 0.907887 0.121236
vt 0.869789 0.125568
vt 0.907886 0.152586
vt 0.869789 0.151694
vt 0.869429 0.177731
vt 0.907455 0.183831
vt 0.868720 0.203040
vt 0.906603 0.214202
vt 0.867677 0.226996
vt 0.776050 0.675736
vt 0.788015 0.718056
vt 0.744050 0.716946
vt 0.742351 0.760892
vt 0.837296 0.034178
vt 0.800610 0.075602
vt 0.799519 0.052989
vt 0.839496 0.090588
vt 0.854222 0.087273
vt 0.854700 0.119770
vt 0.854700 0.152967
vt 0.854222 0.186046
vt 0.838605 0.214235
vt 0.851893 0.248619
vt 0.850099 0.276572
vt 0.835601 0.269369
vt 0.475416 0.740285
vt 0.454641 0.714325
vt 0.464381 0.707713
vt 0.930557 0.474459
vt 0.915922 0.479508
vt 0.931915 0.537933
vt 0.917205 0.539455
vt 0.931915 0.571127
vt 0.931459 0.604211
vt 0.930557 0.636367
vt 0.929232 0.666805
vt 0.913050 0.687585
vt 0.462598 0.465359
vt 0.493042 0.449364
vt 0.510948 0.420003
vt 0.861211 0.445765
vt 0.846614 0.452397
vt 0.863540 0.505493
vt 0.864018 0.571186
vt 0.863540 0.604266
vt 0.862597 0.636414
vt 0.846614 0.661189
vt 0.859417 0.694791
vt 0.844920 0.687589
vt 0.752694 0.437258
vt 0.784494 0.450351
vt 0.795530 0.482922
vt 0.921239 0.056240
vt 0.922141 0.087224
vt 0.907455 0.090551
vt 0.922597 0.119713
vt 0.922597 0.152908
vt 0.922141 0.185991
vt 0.921239 0.218147
vt 0.905352 0.242949
vt 0.918198 0.276556
vt 0.903732 0.269365
vt 0.774922 0.749857
vt 0.766868 0.741271
vt 0.748962 0.770632
vt 0.851893 0.027545
vt 0.838605 0.061314
vt 0.864109 0.120347
vt 0.864109 0.152929
vt 0.862714 0.216949
vt 0.853279 0.218194
vt 0.859593 0.274245
vt 0.857475 0.298578
vt 0.847941 0.301363
vt 0.937026 0.422767
vt 0.929232 0.445744
vt 0.927516 0.420003
vt 0.938710 0.448031
vt 0.940010 0.476214
vt 0.931459 0.505443
vt 0.940896 0.506625
vt 0.941344 0.538512
vt 0.940896 0.603563
vt 0.940010 0.635124
vt 0.937026 0.692451
vt 0.927516 0.694776
vt 0.925452 0.719590
vt 0.868911 0.422766
vt 0.859417 0.420003
vt 0.870672 0.448050
vt 0.862597 0.474497
vt 0.872033 0.476250
vt 0.873427 0.538567
vt 0.864018 0.537989
vt 0.873427 0.571149
vt 0.872033 0.635169
vt 0.861211 0.666839
vt 0.868911 0.692465
vt 0.866793 0.716797
vt 0.857259 0.719583
vt 0.927708 0.004548
vt 0.919914 0.027524
vt 0.918198 0.001784
vt 0.929392 0.029811
vt 0.931578 0.088405
vt 0.932026 0.152873
vt 0.931578 0.185344
vt 0.930692 0.216905
vt 0.919914 0.248586
vt 0.927708 0.274232
vt 0.916134 0.301370
vt 0.859593 0.004546
vt 0.850099 0.001784
vt 0.861354 0.029830
vt 0.853279 0.056277
vt 0.862714 0.058031
vt 0.416406 0.081691
vt 0.402282 0.050970
vt 0.425357 0.074046
vt 0.394637 0.059922
vt 0.375881 0.031789
vt 0.369730 0.041826
vt 0.346804 0.016973
vt 0.313019 0.018335
vt 0.315767 0.006889
vt 0.282611 0.013519
vt 0.283535 0.001784
vt 0.250901 0.001784
vt 0.251825 0.013519
vt 0.218669 0.006889
vt 0.192137 0.027849
vt 0.187633 0.016973
vt 0.158556 0.031789
vt 0.139800 0.059922
vt 0.132154 0.050970
vt 0.109079 0.074046
vt 0.099934 0.106598
vt 0.089897 0.100447
vt 0.075082 0.129524
vt 0.076444 0.163309
vt 0.064997 0.160561
vt 0.071628 0.193716
vt 0.059892 0.192793
vt 0.059892 0.225427
vt 0.071628 0.224503
vt 0.064997 0.257659
vt 0.085957 0.284190
vt 0.075082 0.288695
vt 0.099934 0.311621
vt 0.089897 0.317772
vt 0.109079 0.344173
vt 0.118030 0.336528
vt 0.132154 0.367249
vt 0.164706 0.376394
vt 0.158556 0.386431
vt 0.187633 0.401246
vt 0.221417 0.399884
vt 0.218669 0.411331
vt 0.250901 0.416436
vt 0.282611 0.404700
vt 0.283535 0.416436
vt 0.315767 0.411331
vt 0.342299 0.390370
vt 0.346804 0.401246
vt 0.375881 0.386431
vt 0.369730 0.376394
vt 0.402282 0.367249
vt 0.394637 0.358298
vt 0.425357 0.344173
vt 0.434502 0.311621
vt 0.444539 0.317772
vt 0.459355 0.288695
vt 0.457993 0.254911
vt 0.469439 0.257659
vt 0.474544 0.225427
vt 0.462809 0.193716
vt 0.474544 0.192793
vt 0.469439 0.160561
vt 0.448479 0.134029
vt 0.459355 0.129524
vt 0.444539 0.100447
vt 0.434502 0.106598
vt 0.251825 0.404700
vt 0.164706 0.041826
vt 0.989129 0.111030
vt 0.971205 0.083676
vt 0.988686 0.080941
vt 0.989129 0.141768
vt 0.971625 0.112261
vt 0.988686 0.172397
vt 0.971625 0.141462
vt 0.987813 0.202164
vt 0.971205 0.170559
vt 0.986530 0.230335
vt 0.970375 0.198838
vt 0.984869 0.256217
vt 0.969156 0.225600
vt 0.965679 0.271996
vt 0.967578 0.250188
vt 0.994143 0.420003
vt 0.978385 0.449347
vt 0.976876 0.426706
vt 0.996958 0.470425
vt 0.995731 0.443837
vt 0.980344 0.501861
vt 0.979550 0.474606
vt 0.998216 0.529197
vt 0.997793 0.499114
vt 0.998216 0.559933
vt 0.980745 0.530440
vt 0.997793 0.590566
vt 0.980745 0.559639
vt 0.996958 0.620340
vt 0.980344 0.588740
vt 0.978385 0.643800
vt 0.979550 0.617026
vt 0.995731 0.648524
vt 0.976876 0.668404
vt 0.994143 0.674422
vt 0.975060 0.690231
vt 0.052065 0.484320
vt 0.036352 0.513673
vt 0.034774 0.491013
vt 0.053726 0.508173
vt 0.037571 0.538947
vt 0.055009 0.534777
vt 0.038401 0.566212
vt 0.056325 0.593567
vt 0.055882 0.563477
vt 0.056325 0.624304
vt 0.038821 0.594797
vt 0.038401 0.653096
vt 0.038821 0.623998
vt 0.055009 0.684700
vt 0.055882 0.654934
vt 0.053726 0.712871
vt 0.037571 0.681374
vt 0.052065 0.738753
vt 0.036352 0.708137
vt 0.032875 0.754532
vt 0.034774 0.732724
vt 0.994143 0.700966
vt 0.978385 0.730310
vt 0.976876 0.707668
vt 0.996958 0.751388
vt 0.995731 0.724799
vt 0.997793 0.780077
vt 0.979550 0.755569
vt 0.980745 0.811402
vt 0.980344 0.782823
vt 0.998216 0.840896
vt 0.998216 0.810159
vt 0.997793 0.871528
vt 0.980745 0.840601
vt 0.996958 0.901303
vt 0.980344 0.869702
vt 0.978385 0.924762
vt 0.979550 0.897988
vt 0.995731 0.929486
vt 0.976876 0.949366
vt 0.992231 0.978360
vt 0.994143 0.955385
vt 0.986530 0.025637
vt 0.967578 0.008477
vt 0.984869 0.001784
vt 0.970375 0.056411
vt 0.969156 0.031137
vt 0.987813 0.052241
vt 0.937319 0.091977
vt 0.937673 0.116049
vt 0.937673 0.140639
vt 0.936620 0.188956
vt 0.937319 0.165142
vt 0.935594 0.211492
vt 0.778760 0.281751
vt 0.770859 0.242713
vt 0.795951 0.258090
vt 0.758079 0.302432
vt 0.756382 0.262638
vt 0.734418 0.319623
vt 0.738967 0.280054
vt 0.945894 0.487244
vt 0.944912 0.465973
vt 0.946900 0.534261
vt 0.946562 0.510195
vt 0.946562 0.583356
vt 0.946900 0.558850
vt 0.945894 0.607176
vt 0.944912 0.629722
vt 0.515984 0.302432
vt 0.555022 0.294531
vt 0.539645 0.319623
vt 0.495303 0.281751
vt 0.535097 0.280054
vt 0.503205 0.242713
vt 0.517681 0.262639
vt 0.003816 0.551553
vt 0.002790 0.530270
vt 0.004515 0.574513
vt 0.004869 0.598585
vt 0.004869 0.623175
vt 0.003816 0.671492
vt 0.004515 0.647678
vt 0.002790 0.694029
vt 0.495303 0.039656
vt 0.503204 0.078694
vt 0.478112 0.063318
vt 0.515984 0.018975
vt 0.517681 0.058769
vt 0.539645 0.001784
vt 0.535097 0.041353
vt 0.945893 0.768206
vt 0.944912 0.746935
vt 0.946562 0.791157
vt 0.946900 0.815223
vt 0.946562 0.864318
vt 0.946900 0.839812
vt 0.945893 0.888138
vt 0.944912 0.910685
vt 0.758079 0.018975
vt 0.719041 0.026876
vt 0.734418 0.001784
vt 0.778760 0.039656
vt 0.738966 0.041353
vt 0.770859 0.078694
vt 0.756382 0.058769
vt 0.936620 0.069017
vt 0.935594 0.047734
vt 0.793504 0.148389
vt 0.743865 0.135055
vt 0.789651 0.124063
vt 0.793504 0.173018
vt 0.746562 0.152083
vt 0.789651 0.197344
vt 0.746562 0.169324
vt 0.782040 0.220768
vt 0.743865 0.186352
vt 0.738538 0.202749
vt 0.730711 0.218110
vt 0.720577 0.232058
vt 0.694438 0.254383
vt 0.708386 0.244249
vt 0.719041 0.294531
vt 0.679077 0.262210
vt 0.673672 0.313323
vt 0.697096 0.305712
vt 0.645652 0.270234
vt 0.662680 0.267537
vt 0.624717 0.317176
vt 0.649346 0.317176
vt 0.600391 0.313323
vt 0.628411 0.270234
vt 0.576967 0.305712
vt 0.611383 0.267537
vt 0.579625 0.254383
vt 0.594986 0.262210
vt 0.565677 0.244249
vt 0.553486 0.232058
vt 0.535526 0.202749
vt 0.543353 0.218110
vt 0.492023 0.220768
vt 0.530198 0.186352
vt 0.480559 0.173018
vt 0.484412 0.197344
vt 0.480559 0.148389
vt 0.527501 0.169324
vt 0.530198 0.135055
vt 0.527501 0.152083
vt 0.492023 0.100639
vt 0.484412 0.124063
vt 0.535526 0.118658
vt 0.543353 0.103297
vt 0.565677 0.077158
vt 0.553486 0.089349
vt 0.579625 0.067025
vt 0.555022 0.026876
vt 0.594986 0.059198
vt 0.600391 0.008084
vt 0.576967 0.015695
vt 0.628411 0.051173
vt 0.611383 0.053870
vt 0.649346 0.004231
vt 0.624717 0.004231
vt 0.662680 0.053870
vt 0.645652 0.051173
vt 0.697096 0.015695
vt 0.673672 0.008084
vt 0.679077 0.059198
vt 0.708386 0.077158
vt 0.694438 0.067025
vt 0.720577 0.089349
vt 0.738538 0.118658
vt 0.730711 0.103297
vt 0.782040 0.100639
vt 0.699987 0.145589
vt 0.478112 0.367648
vt 0.523349 0.378691
vt 0.478236 0.384860
vt 0.699987 0.175818
vt 0.701576 0.165783
vt 0.696848 0.185480
vt 0.692235 0.194532
vt 0.679080 0.209936
vt 0.686264 0.202752
vt 0.661808 0.220520
vt 0.670860 0.215907
vt 0.642111 0.225248
vt 0.652146 0.223659
vt 0.621917 0.223659
vt 0.631952 0.225248
vt 0.603203 0.215907
vt 0.612255 0.220520
vt 0.594984 0.209936
vt 0.587800 0.202752
vt 0.577216 0.185480
vt 0.581828 0.194532
vt 0.574076 0.175818
vt 0.562813 0.367648
vt 0.608050 0.378691
vt 0.562937 0.384860
vt 0.572487 0.155624
vt 0.577216 0.135927
vt 0.574076 0.145589
vt 0.581828 0.126875
vt 0.594984 0.111472
vt 0.587800 0.118656
vt 0.612255 0.100888
vt 0.603203 0.105500
vt 0.621917 0.097748
vt 0.631952 0.096159
vt 0.652146 0.097748
vt 0.642111 0.096159
vt 0.670860 0.105500
vt 0.661808 0.100888
vt 0.679080 0.111472
vt 0.686264 0.118655
vt 0.696848 0.135927
vt 0.692235 0.126875
vt 0.558148 0.384029
vt 0.523567 0.388620
vt 0.523276 0.368548
vt 0.557983 0.376508
vt 0.557983 0.361165
vt 0.557928 0.368823
vt 0.523349 0.358440
vt 0.558148 0.353722
vt 0.523923 0.339316
vt 0.523567 0.348615
vt 0.524410 0.330771
vt 0.558418 0.346677
vt 0.525015 0.323191
vt 0.558787 0.340204
vt 0.649176 0.414734
vt 0.682936 0.397852
vt 0.683374 0.403808
vt 0.648133 0.398101
vt 0.648598 0.406872
vt 0.647792 0.388636
vt 0.682583 0.391207
vt 0.682168 0.376517
vt 0.682325 0.384037
vt 0.647584 0.378710
vt 0.682115 0.368833
vt 0.647584 0.358458
vt 0.647514 0.368567
vt 0.682325 0.353730
vt 0.682168 0.361174
vt 0.647792 0.348630
vt 0.682583 0.346682
vt 0.648598 0.330777
vt 0.648133 0.339327
vt 0.649176 0.323191
vt 0.682936 0.340204
vt 0.609111 0.406864
vt 0.643946 0.403811
vt 0.609716 0.414732
vt 0.643119 0.391202
vt 0.643488 0.397851
vt 0.608624 0.398088
vt 0.642849 0.384029
vt 0.608268 0.388620
vt 0.607977 0.368548
vt 0.642684 0.376508
vt 0.642684 0.361165
vt 0.642629 0.368823
vt 0.608050 0.358440
vt 0.642849 0.353722
vt 0.608624 0.339316
vt 0.608268 0.348615
vt 0.609111 0.330771
vt 0.643119 0.346677
vt 0.643946 0.334462
vt 0.643488 0.340204
vt 0.688026 0.406872
vt 0.722802 0.403808
vt 0.688604 0.414734
vt 0.687560 0.398101
vt 0.722364 0.397852
vt 0.687220 0.388636
vt 0.722011 0.391207
vt 0.687012 0.378710
vt 0.721753 0.384037
vt 0.686942 0.368567
vt 0.721595 0.376517
vt 0.687012 0.358458
vt 0.721542 0.368833
vt 0.687220 0.348630
vt 0.721595 0.361174
vt 0.687560 0.339327
vt 0.721753 0.353730
vt 0.688026 0.330777
vt 0.722011 0.346682
vt 0.688604 0.323191
vt 0.722364 0.340205
vt 0.524410 0.406864
vt 0.559245 0.403811
vt 0.525015 0.414732
vt 0.558418 0.391202
vt 0.558787 0.397851
vt 0.523923 0.398088
vt 0.929182 0.956058
vt 0.924658 0.962284
vt 0.887361 0.930430
vt 0.919215 0.967727
vt 0.912989 0.972251
vt 0.906131 0.975745
vt 0.898811 0.978123
vt 0.891209 0.979327
vt 0.883512 0.979327
vt 0.875911 0.978123
vt 0.868591 0.975745
vt 0.861733 0.972251
vt 0.855506 0.967727
vt 0.850064 0.962284
vt 0.845540 0.956058
vt 0.842046 0.949200
vt 0.839667 0.941880
vt 0.838463 0.934278
vt 0.838463 0.926581
vt 0.839667 0.918979
vt 0.842046 0.911659
vt 0.845540 0.904802
vt 0.850064 0.898575
vt 0.855506 0.893133
vt 0.861733 0.888609
vt 0.868591 0.885114
vt 0.875911 0.882736
vt 0.883513 0.881532
vt 0.891209 0.881532
vt 0.898811 0.882736
vt 0.906131 0.885115
vt 0.912989 0.888609
vt 0.919216 0.893133
vt 0.924658 0.898575
vt 0.929182 0.904802
vt 0.932676 0.911660
vt 0.935055 0.918980
vt 0.936258 0.926582
vt 0.936258 0.934278
vt 0.935054 0.941880
vt 0.932676 0.949200
vt 0.446257 0.661395
vt 0.074222 0.690674
vt 0.128064 0.466406
vt 0.720095 0.879449
vt 0.888775 0.399520
vt 0.606349 0.786101
vt 0.861915 0.877964
vt 0.616548 0.889648
vt 0.799519 0.408506
vt 0.846696 0.408513
vt 0.002790 0.868851
vt 0.018047 0.001784
vt 0.034310 0.001784
vt 0.001784 0.001784
vt 0.047101 0.001784
vt 0.744865 0.404461
vt 0.747716 0.400537
vt 0.752329 0.399038
vt 0.759792 0.404461
vt 0.759792 0.409311
vt 0.756941 0.413235
vt 0.747716 0.413235
vt 0.726370 0.404461
vt 0.729221 0.400537
vt 0.733833 0.399038
vt 0.741297 0.404461
vt 0.741297 0.409311
vt 0.738446 0.413235
vt 0.729221 0.413235
vt 0.727346 0.323191
vt 0.893861 0.363700
vt 0.755761 0.323191
vt 0.886632 0.774200
vt 0.200750 0.832342
vt 0.294538 0.914617
vt 0.293027 0.886146
vt 0.293907 0.823028
vt 0.108427 0.823021
vt 0.387104 0.914616
vt 0.385594 0.886146
vt 0.385594 0.842504
vt 0.387104 0.814752
vt 0.152746 0.863293
vt 0.245600 0.863351
vt 0.059892 0.863293
vt 0.338166 0.863351
vt 0.676396 0.755487
vt 0.469786 0.641759
vt 0.463274 0.589991
vt 0.583514 0.435149
vt 0.790124 0.548877
vt 0.805270 0.691819
vt 0.499997 0.762675
vt 0.484988 0.440779
vt 0.759914 0.427960
vt 0.805270 0.476311
vt 0.797313 0.725276
vt 0.863640 0.088453
vt 0.863640 0.185396
vt 0.861354 0.246810
vt 0.941344 0.571093
vt 0.938710 0.664999
vt 0.935000 0.716806
vt 0.872958 0.506672
vt 0.872958 0.603616
vt 0.870672 0.665030
vt 0.930692 0.057995
vt 0.932026 0.120293
vt 0.929392 0.246779
vt 0.925682 0.298586
vt 0.342299 0.027849
vt 0.221417 0.018335
vt 0.118030 0.081691
vt 0.085957 0.134029
vt 0.076444 0.254911
vt 0.139800 0.358298
vt 0.192138 0.390371
vt 0.313019 0.399884
vt 0.416406 0.336528
vt 0.448479 0.284190
vt 0.462809 0.224503
vt 0.457992 0.163309
vt 0.982870 0.279172
vt 0.992232 0.697398
vt 0.050066 0.761709
vt 0.975060 0.971193
vt 0.478112 0.258090
vt 0.795951 0.063317
vt 0.701576 0.155624
vt 0.572487 0.165783
vt 0.559245 0.334462
vt 0.683374 0.334457
vt 0.609716 0.323191
vt 0.722802 0.334457
vt 0.152971 0.448310
vt 0.180402 0.434333
vt 0.209682 0.424819
vt 0.240090 0.420003
vt 0.270876 0.420003
vt 0.301284 0.424819
vt 0.330563 0.434333
vt 0.357995 0.448310
vt 0.382901 0.466406
vt 0.404671 0.488175
vt 0.422767 0.513082
vt 0.436744 0.540513
vt 0.446257 0.569793
vt 0.451073 0.600201
vt 0.451073 0.630987
vt 0.436744 0.690674
vt 0.422767 0.718106
vt 0.404671 0.743012
vt 0.382901 0.764782
vt 0.357994 0.782878
vt 0.330563 0.796855
vt 0.301284 0.806368
vt 0.270876 0.811184
vt 0.240089 0.811184
vt 0.209682 0.806368
vt 0.180402 0.796855
vt 0.152971 0.782878
vt 0.128064 0.764782
vt 0.106295 0.743012
vt 0.088199 0.718105
vt 0.064708 0.661395
vt 0.059892 0.630987
vt 0.059892 0.600200
vt 0.064708 0.569793
vt 0.074222 0.540513
vt 0.088199 0.513082
vt 0.106295 0.488175
s 1
f 1/1/1 3/2/1 2/3/1
f 1/1/1 4/4/1 3/2/1
f 1/1/1 5/5/1 4/4/1
f 1/1/1 6/6/1 5/5/1
f 1/1/1 7/7/1 6/6/1
f 1/1/1 8/8/1 7/7/1
f 1/1/1 9/9/1 8/8/1
f 1/1/1 10/10/1 9/9/1
f 1/1/1 11/11/1 10/10/1
f 1/1/1 12/12/1 11/11/1
f 1/1/1 13/13/1 12/12/1
f 1/1/1 14/14/1 13/13/1
f 1/1/1 15/15/1 14/14/1
f 1/1/1 16/16/1 15/15/1
f 1/1/1 17/17/1 16/16/1
f 1/1/1 18/18/1 17/17/1
f 1/1/1 19/19/1 18/18/1
f 1/1/1 20/20/1 19/19/1
f 1/1/1 21/21/1 20/20/1
f 1/1/1 22/22/1 21/21/1
f 1/1/1 23/23/1 22/22/1
f 1/1/1 24/24/1 23/23/1
f 1/1/1 25/25/1 24/24/1
f 1/1/1 26/26/1 25/25/1
f 1/1/1 27/27/1 26/26/1
f 1/1/1 28/28/1 27/27/1
f 1/1/1 29/29/1 28/28/1
f 1/1/1 30/30/1 29/29/1
f 1/1/1 31/31/1 30/30/1
f 1/1/1 32/32/1 31/31/1
f 1/1/1 33/33/1 32/32/1
f 1/1/1 2/3/1 33/33/1
f 3/34/2 34/35/3 2/36/3
f 4/37/4 35/38/2 3/34/2
f 5/39/5 36/40/4 4/37/4
f 6/41/6 37/42/5 5/39/5
f 7/43/7 38/44/6 6/41/6
f 8/8/8 39/45/7 7/7/7
f 9/46/9 40/47/8 8/48/8
f 10/49/10 41/50/9 9/46/9
f 11/51/11 42/52/10 10/49/10
f 12/53/12 43/54/11 11/51/11
f 13/55/13 44/56/12 12/53/12
f 14/57/14 45/58/13 13/55/13
f 14/57/14 47/59/15 46/60/14
f 15/15/15 48/61/16 47/62/15
f 17/63/17 48/64/16 16/65/16
f 17/63/17 50/66/18 49/67/17
f 19/68/19 50/66/18 18/69/18
f 19/68/19 52/70/20 51/71/19
f 20/72/20 53/73/21 52/70/20
f 21/74/21 54/75/22 53/73/21
f 23/76/23 54/75/22 22/77/22
f 24/24/24 55/78/23 23/23/23
f 25/79/25 56/80/24 24/81/24
f 26/82/26 57/83/25 25/79/25
f 27/84/27 58/85/26 26/82/26
f 28/86/28 59/87/27 27/84/27
f 29/88/29 60/89/28 28/86/28
f 30/90/30 61/91/29 29/88/29
f 31/92/31 62/93/30 30/90/30
f 32/32/32 63/94/31 31/31/31
f 33/95/33 64/96/32 32/97/32
f 33/95/33 34/35/3 65/98/33
f 34/35/34 67/99/35 66/100/34
f 36/40/36 67/99/35 35/38/35
f 37/42/37 68/101/36 36/40/36
f 37/42/37 70/102/38 69/103/37
f 39/104/39 70/102/38 38/44/38
f 40/47/40 71/105/39 39/106/39
f 41/50/41 72/107/40 40/47/40
f 42/52/42 73/108/41 41/50/41
f 43/54/43 74/109/42 42/52/42
f 44/56/44 75/110/43 43/54/43
f 45/58/45 76/111/44 44/56/44
f 46/60/46 77/112/45 45/58/45
f 47/59/47 78/113/46 46/60/46
f 48/64/48 79/114/47 47/115/47
f 49/67/49 80/116/48 48/64/48
f 49/67/49 82/117/50 81/118/49
f 50/66/50 83/119/51 82/117/50
f 52/70/52 83/119/51 51/71/51
f 53/73/53 84/120/52 52/70/52
f 54/75/54 85/121/53 53/73/53
f 55/122/55 86/123/54 54/75/54
f 56/80/56 87/124/55 55/125/55
f 57/83/57 88/126/56 56/80/56
f 58/85/58 89/127/57 57/83/57
f 59/87/59 90/128/58 58/85/58
f 60/89/60 91/129/59 59/87/59
f 61/91/61 92/130/60 60/89/60
f 62/93/62 93/131/61 61/91/61
f 62/93/62 95/132/63 94/133/62
f 64/96/64 95/134/63 63/135/63
f 64/96/64 97/136/65 96/137/64
f 34/35/34 97/136/65 65/98/65
f 66/138/66 67/139/66 98/140/66
f 67/139/66 68/141/66 98/140/66
f 68/141/66 69/142/66 98/140/66
f 69/142/66 70/143/66 98/140/66
f 70/143/66 71/144/66 98/140/66
f 71/144/66 72/145/66 98/140/66
f 72/145/66 73/146/66 98/140/66
f 73/146/66 74/147/66 98/140/66
f 74/147/66 75/148/66 98/140/66
f 75/148/66 76/149/66 98/140/66
f 76/149/66 77/150/66 98/140/66
f 77/150/66 78/151/66 98/140/66
f 78/151/66 79/152/66 98/140/66
f 79/152/66 80/153/66 98/140/66
f 80/153/66 81/154/66 98/140/66
f 81/154/66 82/155/66 98/140/66
f 82/155/66 83/156/66 98/140/66
f 83/156/66 84/157/66 98/140/66
f 84/157/66 85/158/66 98/140/66
f 85/158/66 86/159/66 98/140/66
f 86/159/66 87/160/66 98/140/66
f 87/160/66 88/161/66 98/140/66
f 88/161/66 89/162/66 98/140/66
f 89/162/66 90/163/66 98/140/66
f 90/163/66 91/164/66 98/140/66
f 91/164/66 92/165/66 98/140/66
f 92/165/66 93/166/66 98/140/66
f 93/166/66 94/167/66 98/140/66
f 94/167/66 95/168/66 98/140/66
f 95/168/66 96/169/66 98/140/66
f 96/169/66 97/170/66 98/140/66
f 97/170/66 66/138/66 98/140/66
f 100/171/67 109/172/67 99/173/67
f 101/174/68 110/175/68 100/171/68
f 102/176/42 111/177/42 101/178/42
f 103/179/69 112/180/69 102/176/69
f 104/181/70 113/182/70 103/183/70
f 105/184/71 114/185/71 104/181/71
f 106/186/72 115/187/72 105/184/72
f 107/188/58 116/189/58 106/190/58
f 108/191/73 117/192/73 107/188/73
f 99/173/74 118/193/74 108/194/74
f 105/195/1 101/196/1 99/197/1
f 112/198/66 116/199/66 118/200/66
f 119/201/1 121/202/75 120/203/76
f 119/201/1 122/204/77 121/202/75
f 119/201/1 123/205/78 122/204/77
f 119/201/1 124/206/79 123/205/78
f 119/201/1 125/207/80 124/206/79
f 119/201/1 126/208/81 125/207/80
f 119/201/1 127/209/82 126/208/81
f 119/201/1 128/210/83 127/209/82
f 119/201/1 129/211/84 128/210/83
f 119/201/1 130/212/85 129/211/84
f 119/201/1 131/213/86 130/212/85
f 119/201/1 132/214/87 131/213/86
f 119/201/1 133/215/88 132/214/87
f 119/201/1 134/216/89 133/215/88
f 119/201/1 135/217/90 134/216/89
f 119/201/1 120/203/76 135/217/90
f 120/218/91 137/219/92 136/220/91
f 122/221/93 137/219/92 121/222/92
f 123/223/94 138/224/93 122/221/93
f 123/225/94 140/226/95 139/227/94
f 125/228/96 140/226/95 124/229/95
f 125/228/96 142/230/97 141/231/96
f 126/232/97 143/233/98 142/230/97
f 128/234/99 143/235/98 127/236/98
f 128/234/99 145/237/100 144/238/99
f 130/239/101 145/237/100 129/240/100
f 131/241/102 146/242/101 130/239/101
f 131/243/102 148/244/103 147/245/102
f 133/246/104 148/244/103 132/247/103
f 133/246/104 150/248/105 149/249/104
f 135/250/106 150/248/105 134/251/105
f 120/218/91 151/252/106 135/253/106
f 136/254/66 137/255/66 152/256/66
f 137/255/66 138/257/66 152/256/66
f 138/257/66 139/258/66 152/256/66
f 139/258/66 140/259/66 152/256/66
f 140/259/66 141/260/66 152/256/66
f 141/260/66 142/261/66 152/256/66
f 142/261/66 143/262/66 152/256/66
f 143/262/66 144/263/66 152/256/66
f 144/263/66 145/264/66 152/256/66
f 145/264/66 146/265/66 152/256/66
f 146/265/66 147/266/66 152/256/66
f 147/266/66 148/267/66 152/256/66
f 148/267/66 149/268/66 152/256/66
f 149/268/66 150/269/66 152/256/66
f 150/269/66 151/270/66 152/256/66
f 151/270/66 136/254/66 152/256/66
f 153/271/66 154/272/107 155/273/108
f 153/271/66 155/273/108 156/274/109
f 153/271/66 156/274/109 157/275/110
f 153/271/66 157/275/110 158/276/111
f 153/271/66 158/276/111 159/277/112
f 153/271/66 159/277/112 160/278/113
f 153/271/66 160/278/113 161/279/114
f 153/271/66 161/279/114 162/280/115
f 153/271/66 162/280/115 163/281/116
f 153/271/66 163/281/116 164/282/117
f 153/271/66 164/282/117 165/283/118
f 153/271/66 165/283/118 166/284/119
f 153/271/66 166/284/119 167/285/120
f 153/271/66 167/285/120 168/286/121
f 153/271/66 168/286/121 169/287/122
f 153/271/66 169/287/122 170/288/123
f 153/271/66 170/288/123 171/289/124
f 153/271/66 171/289/124 172/290/125
f 153/271/66 172/290/125 173/291/126
f 153/271/66 173/291/126 174/292/127
f 153/271/66 174/292/127 175/293/128
f 153/271/66 175/293/128 176/294/129
f 153/271/66 176/294/129 177/295/130
f 153/271/66 177/295/130 178/296/131
f 153/271/66 178/296/131 179/297/132
f 153/271/66 179/297/132 180/298/133
f 153/271/66 180/298/133 181/299/134
f 153/271/66 181/299/134 182/300/135
f 153/271/66 182/300/135 183/301/136
f 153/271/66 183/301/136 184/302/137
f 153/271/66 184/302/137 185/303/138
f 153/271/66 185/303/138 186/304/139
f 153/271/66 186/304/139 187/305/140
f 153/271/66 187/305/140 188/306/141
f 153/271/66 188/306/141 189/307/142
f 153/271/66 189/307/142 190/308/143
f 153/271/66 190/308/143 191/309/144
f 153/271/66 191/309/144 192/310/145
f 153/271/66 192/310/145 193/311/146
f 153/271/66 193/311/146 154/272/107
f 194/312/147 155/313/148 154/314/149
f 155/313/148 196/315/150 156/316/151
f 196/315/150 157/317/152 156/316/151
f 197/318/153 158/319/154 157/317/152
f 198/320/155 159/321/156 158/319/154
f 159/321/156 200/322/157 160/323/158
f 160/323/158 201/324/159 161/325/160
f 161/326/160 202/327/161 162/328/162
f 162/328/162 203/329/163 163/330/164
f 203/329/163 164/331/165 163/330/164
f 164/331/165 205/332/166 165/333/167
f 205/332/166 166/334/168 165/333/167
f 166/334/168 207/335/169 167/336/170
f 207/335/169 168/337/171 167/336/170
f 208/338/172 169/339/173 168/337/171
f 209/340/174 170/341/175 169/339/173
f 170/341/175 211/342/176 171/343/177
f 211/344/176 172/345/178 171/346/177
f 212/347/179 173/348/180 172/345/178
f 213/349/181 174/350/182 173/348/180
f 214/351/183 175/352/184 174/350/182
f 175/352/184 216/353/185 176/354/186
f 176/354/186 217/355/187 177/356/188
f 217/355/187 178/357/189 177/356/188
f 218/358/190 179/359/191 178/357/189
f 219/360/192 180/361/193 179/359/191
f 180/361/193 221/362/194 181/363/195
f 181/364/195 222/365/196 182/366/197
f 222/365/196 183/367/198 182/366/197
f 223/368/199 184/369/200 183/367/198
f 184/369/200 225/370/201 185/371/202
f 185/371/202 226/372/203 186/373/204
f 226/372/203 187/374/205 186/373/204
f 227/375/206 188/376/207 187/374/205
f 188/376/207 229/377/208 189/378/209
f 189/378/209 230/379/210 190/380/211
f 230/379/210 191/381/212 190/380/211
f 231/382/213 192/383/214 191/384/212
f 232/385/215 193/386/216 192/383/214
f 233/387/217 154/314/149 193/386/216
f 234/388/218 195/389/219 194/390/147
f 235/391/220 196/315/150 195/392/219
f 196/315/150 237/393/221 197/318/153
f 197/394/153 238/395/222 198/396/155
f 198/396/155 239/397/223 199/398/224
f 199/398/224 240/399/225 200/400/157
f 240/399/225 201/401/159 200/400/157
f 201/401/159 242/402/226 202/403/161
f 242/402/226 203/404/163 202/403/161
f 243/405/227 204/406/228 203/404/163
f 244/407/229 205/408/166 204/406/228
f 245/409/230 206/410/231 205/332/166
f 246/411/232 207/412/169 206/413/231
f 247/414/233 208/415/172 207/412/169
f 248/416/234 209/417/174 208/415/172
f 249/418/235 210/419/236 209/417/174
f 250/420/237 211/421/176 210/419/236
f 251/422/238 212/423/179 211/421/176
f 212/423/179 253/424/239 213/425/181
f 213/425/181 254/426/240 214/427/183
f 254/426/240 215/428/241 214/427/183
f 255/429/242 216/353/185 215/430/241
f 216/353/185 257/431/243 217/355/187
f 217/432/187 258/433/244 218/434/190
f 218/434/190 259/435/245 219/436/192
f 219/436/192 260/437/246 220/438/247
f 260/437/246 221/439/194 220/438/247
f 261/440/248 222/441/196 221/439/194
f 222/441/196 263/442/249 223/443/199
f 263/442/249 224/444/250 223/443/199
f 224/444/250 265/445/251 225/446/201
f 265/447/251 226/372/203 225/370/201
f 266/448/252 227/449/206 226/450/203
f 267/451/253 228/452/254 227/449/206
f 268/453/255 229/454/208 228/452/254
f 269/455/256 230/456/210 229/454/208
f 230/456/210 271/457/257 231/458/213
f 231/458/213 272/459/258 232/460/215
f 272/459/258 233/461/217 232/460/215
f 233/461/217 234/388/218 194/390/147
f 234/388/218 275/462/259 235/463/220
f 235/463/220 276/464/260 236/465/261
f 236/465/261 277/466/262 237/467/221
f 237/467/221 278/468/263 238/395/222
f 278/468/263 239/397/223 238/395/222
f 239/397/223 280/469/264 240/399/225
f 280/469/264 241/470/265 240/399/225
f 241/470/265 282/471/266 242/402/226
f 282/471/266 243/405/227 242/402/226
f 283/472/267 244/407/229 243/405/227
f 244/407/229 285/473/268 245/474/230
f 285/473/268 246/411/232 245/474/230
f 246/411/232 287/475/269 247/414/233
f 247/414/233 288/476/270 248/416/234
f 248/416/234 289/477/271 249/418/235
f 249/418/235 290/478/272 250/420/237
f 290/478/272 251/422/238 250/420/237
f 251/422/238 292/479/273 252/480/274
f 292/479/273 253/424/239 252/480/274
f 293/481/275 254/426/240 253/424/239
f 254/426/240 295/482/276 255/483/242
f 255/483/242 296/484/277 256/485/278
f 256/485/278 297/486/279 257/487/243
f 257/487/243 298/488/280 258/433/244
f 298/488/280 259/435/245 258/433/244
f 259/435/245 300/489/281 260/437/246
f 260/437/246 301/490/282 261/440/248
f 261/440/248 302/491/283 262/492/284
f 262/492/284 303/493/285 263/442/249
f 303/493/285 264/494/286 263/442/249
f 264/494/286 305/495/287 265/445/251
f 265/445/251 306/496/288 266/448/252
f 306/496/288 267/451/253 266/448/252
f 307/497/289 268/453/255 267/451/253
f 308/498/290 269/455/256 268/453/255
f 269/455/256 310/499/291 270/500/292
f 310/499/291 271/457/257 270/500/292
f 271/457/257 312/501/293 272/459/258
f 312/501/293 273/502/294 272/459/258
f 313/503/295 234/388/218 273/502/294
f 274/504/296 315/505/297 275/506/259
f 315/505/297 276/507/260 275/506/259
f 316/508/298 277/509/262 276/507/260
f 317/510/299 278/511/263 277/509/262
f 278/511/263 319/512/300 279/513/301
f 319/514/300 280/469/264 279/515/301
f 320/516/302 281/517/303 280/469/264
f 321/518/304 282/471/266 281/517/303
f 322/519/305 283/520/267 282/521/266
f 283/520/267 324/522/306 284/523/307
f 324/522/306 285/524/268 284/523/307
f 285/524/268 326/525/308 286/526/309
f 286/526/309 327/527/310 287/528/269
f 287/528/269 328/529/311 288/530/270
f 288/530/270 329/531/312 289/532/271
f 329/533/312 290/478/272 289/477/271
f 330/534/313 291/535/314 290/478/272
f 291/535/314 332/536/315 292/479/273
f 292/537/273 333/538/316 293/539/275
f 293/539/275 334/540/317 294/541/318
f 294/541/318 335/542/319 295/543/276
f 335/542/319 296/544/277 295/543/276
f 336/545/320 297/546/279 296/544/277
f 337/547/321 298/548/280 297/546/279
f 338/549/322 299/550/323 298/548/280
f 339/551/324 300/489/281 299/552/323
f 300/489/281 341/553/325 301/490/282
f 341/553/325 302/491/283 301/490/282
f 342/554/326 303/555/285 302/556/283
f 343/557/327 304/558/328 303/555/285
f 304/558/328 345/559/329 305/560/287
f 305/560/287 346/561/330 306/562/288
f 346/561/330 307/563/289 306/562/288
f 347/564/331 308/565/290 307/563/289
f 348/566/332 309/567/333 308/565/290
f 309/568/333 350/569/334 310/499/291
f 350/569/334 311/570/335 310/499/291
f 311/570/335 352/571/336 312/501/293
f 352/572/336 313/573/295 312/574/293
f 313/573/295 314/575/337 274/504/296
f 354/576/338 315/505/297 314/575/337
f 355/577/339 316/508/298 315/505/297
f 356/578/340 317/510/299 316/508/298
f 357/579/341 318/580/342 317/510/299
f 318/580/342 359/581/343 319/512/300
f 319/512/300 360/582/344 320/583/302
f 320/516/302 361/584/345 321/518/304
f 321/518/304 362/585/346 322/586/305
f 322/519/305 363/587/347 323/588/348
f 363/587/347 324/522/306 323/588/348
f 324/522/306 365/589/349 325/590/350
f 365/589/349 326/525/308 325/590/350
f 366/591/351 327/527/310 326/525/308
f 367/592/352 328/529/311 327/527/310
f 368/593/353 329/531/312 328/529/311
f 369/594/354 330/595/313 329/531/312
f 370/596/355 331/597/356 330/534/313
f 331/597/356 372/598/357 332/536/315
f 372/599/357 333/538/316 332/600/315
f 333/538/316 374/601/358 334/540/317
f 374/601/358 335/542/319 334/540/317
f 335/542/319 376/602/359 336/545/320
f 376/602/359 337/547/321 336/545/320
f 377/603/360 338/549/322 337/547/321
f 378/604/361 339/605/324 338/549/322
f 339/605/324 380/606/362 340/607/363
f 340/608/363 381/609/364 341/553/325
f 381/609/364 342/610/326 341/553/325
f 342/554/326 383/611/365 343/557/327
f 343/557/327 384/612/366 344/613/367
f 384/612/366 345/559/329 344/613/367
f 385/614/368 346/561/330 345/559/329
f 386/615/369 347/564/331 346/561/330
f 387/616/370 348/566/332 347/564/331
f 388/617/371 349/618/372 348/566/332
f 349/618/372 390/619/373 350/620/334
f 350/569/334 391/621/374 351/622/375
f 351/622/375 392/623/376 352/571/336
f 392/624/376 353/625/377 352/572/336
f 353/625/377 354/576/338 314/575/337
f 354/576/378 395/626/379 355/577/379
f 395/626/379 356/578/380 355/577/379
f 396/627/380 357/579/381 356/578/380
f 357/579/381 398/628/382 358/629/382
f 398/628/382 359/581/383 358/629/382
f 359/581/383 400/630/384 360/582/384
f 360/582/384 401/631/385 361/632/385
f 401/633/385 362/634/386 361/635/385
f 402/636/386 363/587/387 362/634/386
f 403/637/387 364/638/388 363/587/387
f 404/639/388 365/589/389 364/638/388
f 405/640/389 366/591/390 365/589/389
f 366/591/390 407/641/391 367/592/391
f 407/641/391 368/593/392 367/592/391
f 408/642/392 369/594/393 368/593/392
f 369/594/393 410/643/394 370/644/394
f 410/643/394 371/645/395 370/644/394
f 411/646/395 372/599/396 371/647/395
f 412/648/396 373/649/397 372/599/396
f 413/650/397 374/601/398 373/649/397
f 374/601/398 415/651/399 375/652/399
f 375/652/399 416/653/400 376/602/400
f 416/653/400 377/603/401 376/602/400
f 377/603/401 418/654/402 378/604/402
f 418/654/402 379/655/403 378/604/402
f 379/655/403 420/656/404 380/606/404
f 380/606/404 421/657/405 381/658/405
f 421/659/405 382/660/406 381/661/405
f 422/662/406 383/611/407 382/660/406
f 383/611/407 424/663/408 384/612/408
f 424/663/408 385/614/409 384/612/408
f 385/614/409 426/664/410 386/615/410
f 386/615/410 427/665/411 387/616/411
f 427/665/411 388/617/412 387/616/411
f 428/666/412 389/667/413 388/617/412
f 389/667/413 430/668/414 390/619/414
f 430/668/414 391/669/415 390/619/414
f 431/670/415 392/624/416 391/671/415
f 432/672/416 393/673/417 392/624/416
f 433/674/417 354/576/378 393/673/417
f 434/675/418 395/676/419 394/677/420
f 435/678/421 396/679/422 395/676/419
f 436/680/423 397/681/424 396/679/422
f 397/681/424 438/682/425 398/683/426
f 398/683/426 439/684/427 399/685/428
f 439/684/427 400/686/429 399/685/428
f 440/687/430 401/688/431 400/686/429
f 401/688/431 442/689/432 402/690/433
f 442/689/432 403/691/434 402/690/433
f 403/691/434 444/692/435 404/693/436
f 444/692/435 405/694/437 404/693/436
f 405/694/437 446/695/438 406/696/439
f 446/695/438 407/697/440 406/696/439
f 407/697/440 448/698/441 408/699/442
f 408/699/442 449/700/443 409/701/444
f 449/700/443 410/702/445 409/701/444
f 450/703/446 411/704/447 410/702/445
f 411/704/447 452/705/448 412/706/449
f 412/706/449 453/707/450 413/708/451
f 453/707/450 414/709/452 413/708/451
f 454/710/453 415/711/454 414/709/452
f 415/711/454 456/712/455 416/713/456
f 456/712/455 417/714/457 416/713/456
f 417/714/457 458/715/458 418/716/459
f 458/715/458 419/717/460 418/716/459
f 419/717/460 460/718/461 420/719/462
f 460/718/461 421/720/463 420/719/462
f 421/720/463 462/721/464 422/722/465
f 462/721/464 423/723/466 422/722/465
f 463/724/467 424/725/468 423/723/466
f 464/726/469 425/727/470 424/725/468
f 425/727/470 466/728/471 426/729/472
f 466/728/471 427/730/473 426/729/472
f 427/730/473 468/731/474 428/732/475
f 468/731/474 429/733/476 428/732/475
f 429/733/476 470/734/477 430/735/478
f 470/734/477 431/736/479 430/735/478
f 431/736/479 472/737/480 432/738/481
f 472/737/480 433/739/482 432/738/481
f 473/740/483 394/677/420 433/739/482
f 459/741/484 443/742/485 435/678/421
f 475/743/486 514/744/487 474/745/488
f 476/746/489 515/747/490 475/743/486
f 477/748/491 516/749/492 476/746/489
f 478/750/493 517/751/494 477/748/491
f 479/752/495 518/753/496 478/750/493
f 480/754/497 519/755/498 479/752/495
f 480/754/497 521/756/499 520/757/500
f 481/758/501 522/759/502 521/760/499
f 483/761/503 522/759/502 482/762/504
f 483/761/503 524/763/505 523/764/506
f 485/765/507 524/763/505 484/766/508
f 486/767/509 525/768/510 485/765/507
f 487/769/511 526/770/512 486/767/509
f 488/771/513 527/772/514 487/769/511
f 488/771/513 529/773/515 528/774/516
f 489/775/517 530/776/518 529/773/515
f 490/777/519 531/778/520 530/776/518
f 491/779/521 532/780/522 531/781/520
f 492/782/523 533/783/524 532/780/522
f 493/784/525 534/785/526 533/783/524
f 495/786/527 534/785/526 494/787/528
f 496/788/529 535/789/530 495/786/527
f 496/788/529 537/790/531 536/791/532
f 498/792/533 537/790/531 497/793/534
f 499/794/535 538/795/536 498/792/533
f 500/796/537 539/797/538 499/794/535
f 500/796/537 541/798/539 540/799/540
f 501/800/541 542/801/542 541/802/539
f 503/803/543 542/801/542 502/804/544
f 504/805/545 543/806/546 503/803/543
f 504/805/545 545/807/547 544/808/548
f 506/809/549 545/807/547 505/810/550
f 507/811/551 546/812/552 506/809/549
f 508/813/553 547/814/554 507/811/551
f 508/813/553 549/815/555 548/816/556
f 509/817/557 550/818/558 549/815/555
f 511/819/559 550/818/558 510/820/560
f 512/821/561 551/822/562 511/823/559
f 512/821/561 553/824/563 552/825/564
f 513/826/565 514/744/487 553/824/563
f 515/747/490 554/827/566 514/744/487
f 516/749/492 555/828/567 515/747/490
f 517/751/494 556/829/568 516/749/492
f 517/751/494 558/830/569 557/831/570
f 518/753/496 559/832/571 558/830/569
f 520/833/500 559/834/571 519/835/498
f 521/836/499 560/837/572 520/833/500
f 522/838/502 561/839/573 521/836/499
f 522/759/502 563/840/574 562/841/575
f 524/763/505 563/840/574 523/764/506
f 524/763/505 565/842/576 564/843/577
f 526/770/512 565/842/576 525/768/510
f 526/770/512 567/844/578 566/845/579
f 527/772/514 568/846/580 567/844/578
f 528/774/516 569/847/581 568/846/580
f 530/848/518 569/849/581 529/850/515
f 531/851/520 570/852/582 530/848/518
f 531/851/520 572/853/583 571/854/584
f 532/780/522 573/855/585 572/856/583
f 533/783/524 574/857/586 573/855/585
f 534/785/526 575/858/587 574/857/586
f 536/791/532 575/858/587 535/789/530
f 537/790/531 576/859/588 536/791/532
f 537/790/531 578/860/589 577/861/590
f 538/795/536 579/862/591 578/860/589
f 540/863/540 579/864/591 539/865/538
f 541/866/539 580/867/592 540/863/540
f 542/868/542 581/869/593 541/866/539
f 542/801/542 583/870/594 582/871/595
f 543/806/546 584/872/596 583/870/594
f 545/807/547 584/872/596 544/808/548
f 546/812/552 585/873/597 545/807/547
f 546/812/552 587/874/598 586/875/599
f 547/814/554 588/876/600 587/874/598
f 548/816/556 589/877/601 588/876/600
f 550/878/558 589/879/601 549/880/555
f 551/881/562 590/882/602 550/878/558
f 551/881/562 592/883/603 591/884/604
f 552/825/564 593/885/605 592/886/603
f 553/824/563 554/827/566 593/885/605
f 555/887/567 594/888/606 554/889/566
f 556/890/568 595/891/607 555/887/567
f 557/892/570 596/893/608 556/890/568
f 558/894/569 597/895/609 557/892/570
f 559/834/571 598/896/610 558/894/569
f 560/837/572 599/897/611 559/834/571
f 561/839/573 600/898/612 560/837/572
f 561/839/573 602/899/613 601/900/614
f 562/901/575 603/902/615 602/899/613
f 564/903/577 603/902/615 563/904/574
f 564/903/577 605/905/616 604/906/617
f 566/907/579 605/905/616 565/908/576
f 567/909/578 606/910/618 566/907/579
f 568/911/580 607/912/619 567/909/578
f 568/911/580 609/913/620 608/914/621
f 569/849/581 610/915/622 609/913/620
f 570/852/582 611/916/623 610/915/622
f 572/853/583 611/916/623 571/854/584
f 572/853/583 613/917/624 612/918/625
f 573/919/585 614/920/626 613/917/624
f 575/921/587 614/920/626 574/922/586
f 576/923/588 615/924/627 575/921/587
f 576/923/588 617/925/628 616/926/629
f 578/927/589 617/925/628 577/928/590
f 579/864/591 618/929/630 578/927/589
f 580/867/592 619/930/631 579/864/591
f 580/867/592 621/931/632 620/932/633
f 581/869/593 622/933/634 621/931/632
f 582/934/595 623/935/635 622/933/634
f 584/936/596 623/935/635 583/937/594
f 584/936/596 625/938/636 624/939/637
f 586/940/599 625/938/636 585/941/597
f 586/940/599 627/942/638 626/943/639
f 588/944/600 627/942/638 587/945/598
f 589/879/601 628/946/640 588/944/600
f 589/879/601 630/947/641 629/948/642
f 590/882/602 631/949/643 630/947/641
f 592/883/603 631/949/643 591/884/604
f 592/883/603 633/950/644 632/951/645
f 593/952/605 594/888/606 633/950/644
f 595/891/607 634/953/646 594/888/606
f 596/954/608 635/955/647 595/956/607
f 596/893/608 637/957/648 636/958/649
f 597/895/609 638/959/650 637/957/648
f 598/896/610 639/960/651 638/959/650
f 600/898/612 639/960/651 599/897/611
f 600/898/612 641/961/652 640/962/653
f 602/899/613 641/961/652 601/900/614
f 602/899/613 643/963/654 642/964/655
f 604/906/617 643/963/654 603/902/615
f 604/906/617 645/965/656 644/966/657
f 606/910/618 645/965/656 605/905/616
f 606/910/618 647/967/658 646/968/659
f 608/914/621 647/967/658 607/912/619
f 608/914/621 649/969/660 648/970/661
f 610/915/622 649/969/660 609/913/620
f 611/916/623 650/971/662 610/915/622
f 612/918/625 651/972/663 611/916/623
f 612/918/625 653/973/664 652/974/665
f 613/917/624 654/975/666 653/973/664
f 615/924/627 654/975/666 614/920/626
f 616/976/629 655/977/667 615/978/627
f 617/925/628 656/979/668 616/926/629
f 617/925/628 658/980/669 657/981/670
f 618/929/630 659/982/671 658/980/669
f 620/932/633 659/982/671 619/930/631
f 620/932/633 661/983/672 660/984/673
f 622/933/634 661/983/672 621/931/632
f 622/933/634 663/985/674 662/986/675
f 624/939/637 663/985/674 623/935/635
f 625/938/636 664/987/676 624/939/637
f 626/943/639 665/988/677 625/938/636
f 626/943/639 667/989/678 666/990/679
f 628/946/640 667/989/678 627/942/638
f 628/946/640 669/991/680 668/992/681
f 630/947/641 669/991/680 629/948/642
f 631/949/643 670/993/682 630/947/641
f 632/951/645 671/994/683 631/949/643
f 632/951/645 673/995/684 672/996/685
f 633/950/644 634/953/646 673/995/684
f 635/955/647 674/997/686 634/998/646
f 636/999/649 675/1000/687 635/955/647
f 636/999/649 677/1001/688 676/1002/689
f 637/1003/648 678/1004/690 677/1001/688
f 639/1005/651 678/1004/690 638/1006/650
f 640/1007/653 679/1008/691 639/1005/651
f 641/1009/652 680/1010/692 640/1007/653
f 641/1011/652 682/1012/693 681/1013/694
f 643/1014/654 682/1012/693 642/1015/655
f 644/1016/657 683/1017/695 643/1014/654
f 644/1016/657 685/1018/696 684/1019/697
f 645/1020/656 686/1021/698 685/1018/696
f 647/1022/658 686/1021/698 646/1023/659
f 647/1022/658 688/1024/699 687/1025/700
f 648/1026/661 689/1027/701 688/1024/699
f 650/1028/662 689/1027/701 649/1029/660
f 651/1030/663 690/1031/702 650/1028/662
f 652/1032/665 691/1033/703 651/1034/663
f 652/1032/665 693/1035/704 692/1036/705
f 653/1037/664 694/1038/706 693/1035/704
f 655/977/667 694/1038/706 654/1039/666
f 656/1040/668 695/1041/707 655/977/667
f 656/1040/668 697/1042/708 696/1043/709
f 657/1044/670 698/1045/710 697/1042/708
f 659/1046/671 698/1045/710 658/1047/669
f 660/1048/673 699/1049/711 659/1046/671
f 660/1048/673 701/1050/712 700/1051/713
f 662/1052/675 701/1053/712 661/1054/672
f 663/1055/674 702/1056/714 662/1052/675
f 664/1057/676 703/1058/715 663/1055/674
f 665/1059/677 704/1060/716 664/1057/676
f 666/1061/679 705/1062/717 665/1059/677
f 667/1063/678 706/1064/718 666/1061/679
f 668/1065/681 707/1066/719 667/1063/678
f 669/1067/680 708/1068/720 668/1065/681
f 670/1069/682 709/1070/721 669/1067/680
f 671/1071/683 710/1072/722 670/1069/682
f 672/1073/685 711/1074/723 671/1075/683
f 672/1073/685 713/1076/724 712/1077/725
f 673/1078/684 674/997/686 713/1076/724
f 674/1079/726 675/1080/727 714/1081/66
f 675/1080/727 676/1082/728 714/1081/66
f 676/1082/728 677/1083/729 714/1081/66
f 677/1083/729 678/1084/730 714/1081/66
f 678/1084/730 679/1085/731 714/1081/66
f 679/1085/731 680/1086/732 714/1081/66
f 680/1086/732 681/1087/733 714/1081/66
f 681/1087/733 682/1088/734 714/1081/66
f 682/1088/734 683/1089/735 714/1081/66
f 683/1089/735 684/1090/736 714/1081/66
f 684/1090/736 685/1091/737 714/1081/66
f 685/1091/737 686/1092/738 714/1081/66
f 686/1092/738 687/1093/739 714/1081/66
f 687/1093/739 688/1094/740 714/1081/66
f 688/1094/740 689/1095/741 714/1081/66
f 689/1095/741 690/1096/742 714/1081/66
f 690/1096/742 691/1097/743 714/1081/66
f 691/1097/743 692/1098/744 714/1081/66
f 692/1098/744 693/1099/745 714/1081/66
f 693/1099/745 694/1100/746 714/1081/66
f 694/1100/746 695/1101/747 714/1081/66
f 695/1101/747 696/1102/748 714/1081/66
f 696/1102/748 697/1103/749 714/1081/66
f 697/1103/749 698/1104/750 714/1081/66
f 698/1104/750 699/1105/751 714/1081/66
f 699/1105/751 700/1106/752 714/1081/66
f 700/1106/752 701/1107/753 714/1081/66
f 701/1107/753 702/1108/754 714/1081/66
f 702/1108/754 703/1109/755 714/1081/66
f 703/1109/755 704/1110/756 714/1081/66
f 704/1110/756 705/1111/757 714/1081/66
f 705/1111/757 706/1112/758 714/1081/66
f 706/1112/758 707/1113/759 714/1081/66
f 707/1113/759 708/1114/760 714/1081/66
f 708/1114/760 709/1115/761 714/1081/66
f 709/1115/761 710/1116/762 714/1081/66
f 710/1116/762 711/1117/763 714/1081/66
f 711/1117/763 712/1118/764 714/1081/66
f 712/1118/764 713/1119/765 714/1081/66
f 713/1119/765 674/1079/726 714/1081/66
f 498/1120/1 482/1121/1 474/1122/1
f 3/34/2 35/38/2 34/35/3
f 4/37/4 36/40/4 35/38/2
f 5/39/5 37/42/5 36/40/4
f 6/41/6 38/44/6 37/42/5
f 7/43/7 39/104/7 38/44/6
f 8/8/8 40/1123/8 39/45/7
f 9/46/9 41/50/9 40/47/8
f 10/49/10 42/52/10 41/50/9
f 11/51/11 43/54/11 42/52/10
f 12/53/12 44/56/12 43/54/11
f 13/55/13 45/58/13 44/56/12
f 14/57/14 46/60/14 45/58/13
f 14/57/14 15/1124/15 47/59/15
f 15/15/15 16/16/16 48/61/16
f 17/63/17 49/67/17 48/64/16
f 17/63/17 18/69/18 50/66/18
f 19/68/19 51/71/19 50/66/18
f 19/68/19 20/72/20 52/70/20
f 20/72/20 21/74/21 53/73/21
f 21/74/21 22/77/22 54/75/22
f 23/76/23 55/122/23 54/75/22
f 24/24/24 56/1125/24 55/78/23
f 25/79/25 57/83/25 56/80/24
f 26/82/26 58/85/26 57/83/25
f 27/84/27 59/87/27 58/85/26
f 28/86/28 60/89/28 59/87/27
f 29/88/29 61/91/29 60/89/28
f 30/90/30 62/93/30 61/91/29
f 31/92/31 63/1126/31 62/93/30
f 32/32/32 64/1127/32 63/94/31
f 33/95/33 65/98/33 64/96/32
f 33/95/33 2/36/3 34/35/3
f 34/35/34 35/38/35 67/99/35
f 36/40/36 68/101/36 67/99/35
f 37/42/37 69/103/37 68/101/36
f 37/42/37 38/44/38 70/102/38
f 39/104/39 71/1128/39 70/102/38
f 40/47/40 72/107/40 71/105/39
f 41/50/41 73/108/41 72/107/40
f 42/52/42 74/109/42 73/108/41
f 43/54/43 75/110/43 74/109/42
f 44/56/44 76/111/44 75/110/43
f 45/58/45 77/112/45 76/111/44
f 46/60/46 78/113/46 77/112/45
f 47/59/47 79/1129/47 78/113/46
f 48/64/48 80/116/48 79/114/47
f 49/67/49 81/118/49 80/116/48
f 49/67/49 50/66/50 82/117/50
f 50/66/50 51/71/51 83/119/51
f 52/70/52 84/120/52 83/119/51
f 53/73/53 85/121/53 84/120/52
f 54/75/54 86/123/54 85/121/53
f 55/122/55 87/1130/55 86/123/54
f 56/80/56 88/126/56 87/124/55
f 57/83/57 89/127/57 88/126/56
f 58/85/58 90/128/58 89/127/57
f 59/87/59 91/129/59 90/128/58
f 60/89/60 92/130/60 91/129/59
f 61/91/61 93/131/61 92/130/60
f 62/93/62 94/133/62 93/131/61
f 62/93/62 63/1126/63 95/132/63
f 64/96/64 96/137/64 95/134/63
f 64/96/64 65/98/65 97/136/65
f 34/35/34 66/100/34 97/136/65
f 100/171/67 110/175/67 109/172/67
f 101/174/68 111/1131/68 110/175/68
f 102/176/42 112/180/42 111/177/42
f 103/179/69 113/1132/69 112/180/69
f 104/181/70 114/185/70 113/182/70
f 105/184/71 115/187/71 114/185/71
f 106/186/72 116/1133/72 115/187/72
f 107/188/58 117/192/58 116/189/58
f 108/191/73 118/1134/73 117/192/73
f 99/173/74 109/172/74 118/193/74
f 99/197/1 108/1135/1 107/1136/1
f 107/1136/1 106/1137/766 105/195/1
f 105/195/1 104/1138/1 103/1139/1
f 103/1139/1 102/1140/767 101/196/1
f 101/196/1 100/1141/1 99/197/1
f 99/197/1 107/1136/1 105/195/1
f 105/195/1 103/1139/1 101/196/1
f 118/200/66 109/1142/66 110/1143/66
f 110/1143/66 111/1144/66 112/198/66
f 112/198/66 113/1145/66 114/1146/66
f 114/1146/66 115/1147/66 116/199/66
f 116/199/66 117/1148/66 118/200/66
f 118/200/66 110/1143/66 112/198/66
f 112/198/66 114/1146/66 116/199/66
f 120/218/91 121/222/92 137/219/92
f 122/221/93 138/224/93 137/219/92
f 123/223/94 139/1149/94 138/224/93
f 123/225/94 124/229/95 140/226/95
f 125/228/96 141/231/96 140/226/95
f 125/228/96 126/232/97 142/230/97
f 126/232/97 127/1150/98 143/233/98
f 128/234/99 144/238/99 143/235/98
f 128/234/99 129/240/100 145/237/100
f 130/239/101 146/242/101 145/237/100
f 131/241/102 147/1151/102 146/242/101
f 131/243/102 132/247/103 148/244/103
f 133/246/104 149/249/104 148/244/103
f 133/246/104 134/251/105 150/248/105
f 135/250/106 151/1152/106 150/248/105
f 120/218/91 136/220/91 151/252/106
f 194/312/147 195/392/219 155/313/148
f 155/313/148 195/392/219 196/315/150
f 196/315/150 197/318/153 157/317/152
f 197/318/153 198/320/155 158/319/154
f 198/320/155 199/1153/224 159/321/156
f 159/321/156 199/1153/224 200/322/157
f 160/323/158 200/322/157 201/324/159
f 161/326/160 201/1154/159 202/327/161
f 162/328/162 202/327/161 203/329/163
f 203/329/163 204/1155/228 164/331/165
f 164/331/165 204/1155/228 205/332/166
f 205/332/166 206/410/231 166/334/168
f 166/334/168 206/410/231 207/335/169
f 207/335/169 208/338/172 168/337/171
f 208/338/172 209/340/174 169/339/173
f 209/340/174 210/1156/236 170/341/175
f 170/341/175 210/1156/236 211/342/176
f 211/344/176 212/347/179 172/345/178
f 212/347/179 213/349/181 173/348/180
f 213/349/181 214/351/183 174/350/182
f 214/351/183 215/430/241 175/352/184
f 175/352/184 215/430/241 216/353/185
f 176/354/186 216/353/185 217/355/187
f 217/355/187 218/358/190 178/357/189
f 218/358/190 219/360/192 179/359/191
f 219/360/192 220/1157/247 180/361/193
f 180/361/193 220/1157/247 221/362/194
f 181/364/195 221/1158/194 222/365/196
f 222/365/196 223/368/199 183/367/198
f 223/368/199 224/1159/250 184/369/200
f 184/369/200 224/1159/250 225/370/201
f 185/371/202 225/370/201 226/372/203
f 226/372/203 227/375/206 187/374/205
f 227/375/206 228/1160/254 188/376/207
f 188/376/207 228/1160/254 229/377/208
f 189/378/209 229/377/208 230/379/210
f 230/379/210 231/1161/213 191/381/212
f 231/382/213 232/385/215 192/383/214
f 232/385/215 233/387/217 193/386/216
f 233/387/217 194/312/147 154/314/149
f 234/388/218 235/463/220 195/389/219
f 235/391/220 236/1162/261 196/315/150
f 196/315/150 236/1162/261 237/393/221
f 197/394/153 237/467/221 238/395/222
f 198/396/155 238/395/222 239/397/223
f 199/398/224 239/397/223 240/399/225
f 240/399/225 241/470/265 201/401/159
f 201/401/159 241/470/265 242/402/226
f 242/402/226 243/405/227 203/404/163
f 243/405/227 244/407/229 204/406/228
f 244/407/229 245/474/230 205/408/166
f 245/409/230 246/1163/232 206/410/231
f 246/411/232 247/414/233 207/412/169
f 247/414/233 248/416/234 208/415/172
f 248/416/234 249/418/235 209/417/174
f 249/418/235 250/420/237 210/419/236
f 250/420/237 251/422/238 211/421/176
f 251/422/238 252/480/274 212/423/179
f 212/423/179 252/480/274 253/424/239
f 213/425/181 253/424/239 254/426/240
f 254/426/240 255/483/242 215/428/241
f 255/429/242 256/1164/278 216/353/185
f 216/353/185 256/1164/278 257/431/243
f 217/432/187 257/487/243 258/433/244
f 218/434/190 258/433/244 259/435/245
f 219/436/192 259/435/245 260/437/246
f 260/437/246 261/440/248 221/439/194
f 261/440/248 262/492/284 222/441/196
f 222/441/196 262/492/284 263/442/249
f 263/442/249 264/494/286 224/444/250
f 224/444/250 264/494/286 265/445/251
f 265/447/251 266/1165/252 226/372/203
f 266/448/252 267/451/253 227/449/206
f 267/451/253 268/453/255 228/452/254
f 268/453/255 269/455/256 229/454/208
f 269/455/256 270/500/292 230/456/210
f 230/456/210 270/500/292 271/457/257
f 231/458/213 271/457/257 272/459/258
f 272/459/258 273/502/294 233/461/217
f 233/461/217 273/502/294 234/388/218
f 234/388/218 274/1166/296 275/462/259
f 235/463/220 275/462/259 276/464/260
f 236/465/261 276/464/260 277/466/262
f 237/467/221 277/466/262 278/468/263
f 278/468/263 279/515/301 239/397/223
f 239/397/223 279/515/301 280/469/264
f 280/469/264 281/517/303 241/470/265
f 241/470/265 281/517/303 282/471/266
f 282/471/266 283/472/267 243/405/227
f 283/472/267 284/1167/307 244/407/229
f 244/407/229 284/1167/307 285/473/268
f 285/473/268 286/1168/309 246/411/232
f 246/411/232 286/1168/309 287/475/269
f 247/414/233 287/475/269 288/476/270
f 248/416/234 288/476/270 289/477/271
f 249/418/235 289/477/271 290/478/272
f 290/478/272 291/535/314 251/422/238
f 251/422/238 291/535/314 292/479/273
f 292/479/273 293/481/275 253/424/239
f 293/481/275 294/1169/318 254/426/240
f 254/426/240 294/1169/318 295/482/276
f 255/483/242 295/482/276 296/484/277
f 256/485/278 296/484/277 297/486/279
f 257/487/243 297/486/279 298/488/280
f 298/488/280 299/552/323 259/435/245
f 259/435/245 299/552/323 300/489/281
f 260/437/246 300/489/281 301/490/282
f 261/440/248 301/490/282 302/491/283
f 262/492/284 302/491/283 303/493/285
f 303/493/285 304/1170/328 264/494/286
f 264/494/286 304/1170/328 305/495/287
f 265/445/251 305/495/287 306/496/288
f 306/496/288 307/497/289 267/451/253
f 307/497/289 308/498/290 268/453/255
f 308/498/290 309/568/333 269/455/256
f 269/455/256 309/568/333 310/499/291
f 310/499/291 311/570/335 271/457/257
f 271/457/257 311/570/335 312/501/293
f 312/501/293 313/503/295 273/502/294
f 313/503/295 274/1166/296 234/388/218
f 274/504/296 314/575/337 315/505/297
f 315/505/297 316/508/298 276/507/260
f 316/508/298 317/510/299 277/509/262
f 317/510/299 318/580/342 278/511/263
f 278/511/263 318/580/342 319/512/300
f 319/514/300 320/516/302 280/469/264
f 320/516/302 321/518/304 281/517/303
f 321/518/304 322/586/305 282/471/266
f 322/519/305 323/588/348 283/520/267
f 283/520/267 323/588/348 324/522/306
f 324/522/306 325/590/350 285/524/268
f 285/524/268 325/590/350 326/525/308
f 286/526/309 326/525/308 327/527/310
f 287/528/269 327/527/310 328/529/311
f 288/530/270 328/529/311 329/531/312
f 329/533/312 330/534/313 290/478/272
f 330/534/313 331/597/356 291/535/314
f 291/535/314 331/597/356 332/536/315
f 292/537/273 332/600/315 333/538/316
f 293/539/275 333/538/316 334/540/317
f 294/541/318 334/540/317 335/542/319
f 335/542/319 336/545/320 296/544/277
f 336/545/320 337/547/321 297/546/279
f 337/547/321 338/549/322 298/548/280
f 338/549/322 339/605/324 299/550/323
f 339/551/324 340/608/363 300/489/281
f 300/489/281 340/608/363 341/553/325
f 341/553/325 342/610/326 302/491/283
f 342/554/326 343/557/327 303/555/285
f 343/557/327 344/613/367 304/558/328
f 304/558/328 344/613/367 345/559/329
f 305/560/287 345/559/329 346/561/330
f 346/561/330 347/564/331 307/563/289
f 347/564/331 348/566/332 308/565/290
f 348/566/332 349/618/372 309/567/333
f 309/568/333 349/1171/372 350/569/334
f 350/569/334 351/622/375 311/570/335
f 311/570/335 351/622/375 352/571/336
f 352/572/336 353/625/377 313/573/295
f 313/573/295 353/625/377 314/575/337
f 354/576/338 355/577/339 315/505/297
f 355/577/339 356/578/340 316/508/298
f 356/578/340 357/579/341 317/510/299
f 357/579/341 358/629/768 318/580/342
f 318/580/342 358/629/768 359/581/343
f 319/512/300 359/581/343 360/582/344
f 320/516/302 360/1172/344 361/584/345
f 321/518/304 361/584/345 362/585/346
f 322/519/305 362/634/346 363/587/347
f 363/587/347 364/638/769 324/522/306
f 324/522/306 364/638/769 365/589/349
f 365/589/349 366/591/351 326/525/308
f 366/591/351 367/592/352 327/527/310
f 367/592/352 368/593/353 328/529/311
f 368/593/353 369/594/354 329/531/312
f 369/594/354 370/644/355 330/595/313
f 370/596/355 371/1173/770 331/597/356
f 331/597/356 371/1173/770 372/598/357
f 372/599/357 373/649/771 333/538/316
f 333/538/316 373/649/771 374/601/358
f 374/601/358 375/652/772 335/542/319
f 335/542/319 375/652/772 376/602/359
f 376/602/359 377/603/360 337/547/321
f 377/603/360 378/604/361 338/549/322
f 378/604/361 379/655/773 339/605/324
f 339/605/324 379/655/773 380/606/362
f 340/608/363 380/1174/362 381/609/364
f 381/609/364 382/1175/774 342/610/326
f 342/554/326 382/660/774 383/611/365
f 343/557/327 383/611/365 384/612/366
f 384/612/366 385/614/368 345/559/329
f 385/614/368 386/615/369 346/561/330
f 386/615/369 387/616/370 347/564/331
f 387/616/370 388/617/371 348/566/332
f 388/617/371 389/667/775 349/618/372
f 349/618/372 389/667/775 390/619/373
f 350/569/334 390/1176/373 391/621/374
f 351/622/375 391/621/374 392/623/376
f 392/624/376 393/673/776 353/625/377
f 353/625/377 393/673/776 354/576/338
f 354/576/378 394/1177/378 395/626/379
f 395/626/379 396/627/380 356/578/380
f 396/627/380 397/1178/381 357/579/381
f 357/579/381 397/1178/381 398/628/382
f 398/628/382 399/1179/383 359/581/383
f 359/581/383 399/1179/383 400/630/384
f 360/582/384 400/630/384 401/631/385
f 401/633/385 402/636/386 362/634/386
f 402/636/386 403/637/387 363/587/387
f 403/637/387 404/639/388 364/638/388
f 404/639/388 405/640/389 365/589/389
f 405/640/389 406/1180/390 366/591/390
f 366/591/390 406/1180/390 407/641/391
f 407/641/391 408/642/392 368/593/392
f 408/642/392 409/1181/393 369/594/393
f 369/594/393 409/1181/393 410/643/394
f 410/643/394 411/1182/395 371/645/395
f 411/646/395 412/648/396 372/599/396
f 412/648/396 413/650/397 373/649/397
f 413/650/397 414/1183/398 374/601/398
f 374/601/398 414/1183/398 415/651/399
f 375/652/399 415/651/399 416/653/400
f 416/653/400 417/1184/401 377/603/401
f 377/603/401 417/1184/401 418/654/402
f 418/654/402 419/1185/403 379/655/403
f 379/655/403 419/1185/403 420/656/404
f 380/606/404 420/656/404 421/657/405
f 421/659/405 422/662/406 382/660/406
f 422/662/406 423/1186/407 383/611/407
f 383/611/407 423/1186/407 424/663/408
f 424/663/408 425/1187/409 385/614/409
f 385/614/409 425/1187/409 426/664/410
f 386/615/410 426/664/410 427/665/411
f 427/665/411 428/666/412 388/617/412
f 428/666/412 429/1188/413 389/667/413
f 389/667/413 429/1188/413 430/668/414
f 430/668/414 431/1189/415 391/669/415
f 431/670/415 432/672/416 392/624/416
f 432/672/416 433/674/417 393/673/417
f 433/674/417 394/1177/378 354/576/378
f 434/675/418 435/678/421 395/676/419
f 435/678/421 436/680/423 396/679/422
f 436/680/423 437/1190/777 397/681/424
f 397/681/424 437/1190/777 438/682/425
f 398/683/426 438/682/425 439/684/427
f 439/684/427 440/687/430 400/686/429
f 440/687/430 441/1191/778 401/688/431
f 401/688/431 441/1191/778 442/689/432
f 442/689/432 443/742/485 403/691/434
f 403/691/434 443/742/485 444/692/435
f 444/692/435 445/1192/779 405/694/437
f 405/694/437 445/1192/779 446/695/438
f 446/695/438 447/1193/780 407/697/440
f 407/697/440 447/1193/780 448/698/441
f 408/699/442 448/698/441 449/700/443
f 449/700/443 450/703/446 410/702/445
f 450/703/446 451/1194/781 411/704/447
f 411/704/447 451/1194/781 452/705/448
f 412/706/449 452/705/448 453/707/450
f 453/707/450 454/710/453 414/709/452
f 454/710/453 455/1195/782 415/711/454
f 415/711/454 455/1195/782 456/712/455
f 456/712/455 457/1196/783 417/714/457
f 417/714/457 457/1196/783 458/715/458
f 458/715/458 459/741/484 419/717/460
f 419/717/460 459/741/484 460/718/461
f 460/718/461 461/1197/784 421/720/463
f 421/720/463 461/1197/784 462/721/464
f 462/721/464 463/724/467 423/723/466
f 463/724/467 464/726/469 424/725/468
f 464/726/469 465/1198/785 425/727/470
f 425/727/470 465/1198/785 466/728/471
f 466/728/471 467/1199/786 427/730/473
f 427/730/473 467/1199/786 468/731/474
f 468/731/474 469/1200/787 429/733/476
f 429/733/476 469/1200/787 470/734/477
f 470/734/477 471/1201/788 431/736/479
f 431/736/479 471/1201/788 472/737/480
f 472/737/480 473/740/483 433/739/482
f 473/740/483 434/675/418 394/677/420
f 435/678/421 434/675/418 473/740/483
f 473/740/483 472/737/480 471/1201/788
f 471/1201/788 470/734/477 469/1200/787
f 469/1200/787 468/731/474 467/1199/786
f 467/1199/786 466/728/471 465/1198/785
f 465/1198/785 464/726/469 463/724/467
f 463/724/467 462/721/464 461/1197/784
f 461/1197/784 460/718/461 459/741/484
f 459/741/484 458/715/458 457/1196/783
f 457/1196/783 456/712/455 455/1195/782
f 455/1195/782 454/710/453 453/707/450
f 453/707/450 452/705/448 451/1194/781
f 451/1194/781 450/703/446 449/700/443
f 449/700/443 448/698/441 447/1193/780
f 447/1193/780 446/695/438 445/1192/779
f 445/1192/779 444/692/435 443/742/485
f 443/742/485 442/689/432 441/1191/778
f 441/1191/778 440/687/430 439/684/427
f 439/684/427 438/682/425 437/1190/777
f 437/1190/777 436/680/423 435/678/421
f 435/678/421 473/740/483 471/1201/788
f 471/1201/788 469/1200/787 467/1199/786
f 467/1199/786 465/1198/785 463/724/467
f 463/724/467 461/1197/784 459/741/484
f 459/741/484 457/1196/783 455/1195/782
f 455/1195/782 453/707/450 451/1194/781
f 451/1194/781 449/700/443 447/1193/780
f 447/1193/780 445/1192/779 443/742/485
f 443/742/485 441/1191/778 439/684/427
f 439/684/427 437/1190/777 435/678/421
f 435/678/421 471/1201/788 467/1199/786
f 467/1199/786 463/724/467 459/741/484
f 459/741/484 455/1195/782 451/1194/781
f 451/1194/781 447/1193/780 443/742/485
f 443/742/485 439/684/427 435/678/421
f 435/678/421 467/1199/786 459/741/484
f 459/741/484 451/1194/781 443/742/485
f 475/743/486 515/747/490 514/744/487
f 476/746/489 516/749/492 515/747/490
f 477/748/491 517/751/494 516/749/492
f 478/750/493 518/753/496 517/751/494
f 479/752/495 519/755/498 518/753/496
f 480/754/497 520/757/500 519/755/498
f 480/754/497 481/1202/501 521/756/499
f 481/758/501 482/762/504 522/759/502
f 483/761/503 523/764/506 522/759/502
f 483/761/503 484/766/508 524/763/505
f 485/765/507 525/768/510 524/763/505
f 486/767/509 526/770/512 525/768/510
f 487/769/511 527/772/514 526/770/512
f 488/771/513 528/774/516 527/772/514
f 488/771/513 489/775/517 529/773/515
f 489/775/517 490/777/519 530/776/518
f 490/777/519 491/1203/521 531/778/520
f 491/779/521 492/782/523 532/780/522
f 492/782/523 493/784/525 533/783/524
f 493/784/525 494/787/528 534/785/526
f 495/786/527 535/789/530 534/785/526
f 496/788/529 536/791/532 535/789/530
f 496/788/529 497/793/534 537/790/531
f 498/792/533 538/795/536 537/790/531
f 499/794/535 539/797/538 538/795/536
f 500/796/537 540/799/540 539/797/538
f 500/796/537 501/1204/541 541/798/539
f 501/800/541 502/804/544 542/801/542
f 503/803/543 543/806/546 542/801/542
f 504/805/545 544/808/548 543/806/546
f 504/805/545 505/810/550 545/807/547
f 506/809/549 546/812/552 545/807/547
f 507/811/551 547/814/554 546/812/552
f 508/813/553 548/816/556 547/814/554
f 508/813/553 509/817/557 549/815/555
f 509/817/557 510/820/560 550/818/558
f 511/819/559 551/1205/562 550/818/558
f 512/821/561 552/825/564 551/822/562
f 512/821/561 513/826/565 553/824/563
f 513/826/565 474/745/488 514/744/487
f 515/747/490 555/828/567 554/827/566
f 516/749/492 556/829/568 555/828/567
f 517/751/494 557/831/570 556/829/568
f 517/751/494 518/753/496 558/830/569
f 518/753/496 519/755/498 559/832/571
f 520/833/500 560/837/572 559/834/571
f 521/836/499 561/839/573 560/837/572
f 522/838/502 562/901/575 561/839/573
f 522/759/502 523/764/506 563/840/574
f 524/763/505 564/843/577 563/840/574
f 524/763/505 525/768/510 565/842/576
f 526/770/512 566/845/579 565/842/576
f 526/770/512 527/772/514 567/844/578
f 527/772/514 528/774/516 568/846/580
f 528/774/516 529/773/515 569/847/581
f 530/848/518 570/852/582 569/849/581
f 531/851/520 571/854/584 570/852/582
f 531/851/520 532/1206/522 572/853/583
f 532/780/522 533/783/524 573/855/585
f 533/783/524 534/785/526 574/857/586
f 534/785/526 535/789/530 575/858/587
f 536/791/532 576/859/588 575/858/587
f 537/790/531 577/861/590 576/859/588
f 537/790/531 538/795/536 578/860/589
f 538/795/536 539/797/538 579/862/591
f 540/863/540 580/867/592 579/864/591
f 541/866/539 581/869/593 580/867/592
f 542/868/542 582/934/595 581/869/593
f 542/801/542 543/806/546 583/870/594
f 543/806/546 544/808/548 584/872/596
f 545/807/547 585/873/597 584/872/596
f 546/812/552 586/875/599 585/873/597
f 546/812/552 547/814/554 587/874/598
f 547/814/554 548/816/556 588/876/600
f 548/816/556 549/815/555 589/877/601
f 550/878/558 590/882/602 589/879/601
f 551/881/562 591/884/604 590/882/602
f 551/881/562 552/1207/564 592/883/603
f 552/825/564 553/824/563 593/885/605
f 553/824/563 514/744/487 554/827/566
f 555/887/567 595/891/607 594/888/606
f 556/890/568 596/893/608 595/891/607
f 557/892/570 597/895/609 596/893/608
f 558/894/569 598/896/610 597/895/609
f 559/834/571 599/897/611 598/896/610
f 560/837/572 600/898/612 599/897/611
f 561/839/573 601/900/614 600/898/612
f 561/839/573 562/901/575 602/899/613
f 562/901/575 563/904/574 603/902/615
f 564/903/577 604/906/617 603/902/615
f 564/903/577 565/908/576 605/905/616
f 566/907/579 606/910/618 605/905/616
f 567/909/578 607/912/619 606/910/618
f 568/911/580 608/914/621 607/912/619
f 568/911/580 569/849/581 609/913/620
f 569/849/581 570/852/582 610/915/622
f 570/852/582 571/854/584 611/916/623
f 572/853/583 612/918/625 611/916/623
f 572/853/583 573/919/585 613/917/624
f 573/919/585 574/922/586 614/920/626
f 575/921/587 615/924/627 614/920/626
f 576/923/588 616/926/629 615/924/627
f 576/923/588 577/928/590 617/925/628
f 578/927/589 618/929/630 617/925/628
f 579/864/591 619/930/631 618/929/630
f 580/867/592 620/932/633 619/930/631
f 580/867/592 581/869/593 621/931/632
f 581/869/593 582/934/595 622/933/634
f 582/934/595 583/937/594 623/935/635
f 584/936/596 624/939/637 623/935/635
f 584/936/596 585/941/597 625/938/636
f 586/940/599 626/943/639 625/938/636
f 586/940/599 587/945/598 627/942/638
f 588/944/600 628/946/640 627/942/638
f 589/879/601 629/948/642 628/946/640
f 589/879/601 590/882/602 630/947/641
f 590/882/602 591/884/604 631/949/643
f 592/883/603 632/951/645 631/949/643
f 592/883/603 593/952/605 633/950/644
f 593/952/605 554/889/566 594/888/606
f 595/891/607 635/1208/647 634/953/646
f 596/954/608 636/999/649 635/955/647
f 596/893/608 597/895/609 637/957/648
f 597/895/609 598/896/610 638/959/650
f 598/896/610 599/897/611 639/960/651
f 600/898/612 640/962/653 639/960/651
f 600/898/612 601/900/614 641/961/652
f 602/899/613 642/964/655 641/961/652
f 602/899/613 603/902/615 643/963/654
f 604/906/617 644/966/657 643/963/654
f 604/906/617 605/905/616 645/965/656
f 606/910/618 646/968/659 645/965/656
f 606/910/618 607/912/619 647/967/658
f 608/914/621 648/970/661 647/967/658
f 608/914/621 609/913/620 649/969/660
f 610/915/622 650/971/662 649/969/660
f 611/916/623 651/972/663 650/971/662
f 612/918/625 652/974/665 651/972/663
f 612/918/625 613/917/624 653/973/664
f 613/917/624 614/920/626 654/975/666
f 615/924/627 655/1209/667 654/975/666
f 616/976/629 656/1040/668 655/977/667
f 617/925/628 657/981/670 656/979/668
f 617/925/628 618/929/630 658/980/669
f 618/929/630 619/930/631 659/982/671
f 620/932/633 660/984/673 659/982/671
f 620/932/633 621/931/632 661/983/672
f 622/933/634 662/986/675 661/983/672
f 622/933/634 623/935/635 663/985/674
f 624/939/637 664/987/676 663/985/674
f 625/938/636 665/988/677 664/987/676
f 626/943/639 666/990/679 665/988/677
f 626/943/639 627/942/638 667/989/678
f 628/946/640 668/992/681 667/989/678
f 628/946/640 629/948/642 669/991/680
f 630/947/641 670/993/682 669/991/680
f 631/949/643 671/994/683 670/993/682
f 632/951/645 672/996/685 671/994/683
f 632/951/645 633/950/644 673/995/684
f 633/950/644 594/888/606 634/953/646
f 635/955/647 675/1000/687 674/997/686
f 636/999/649 676/1002/689 675/1000/687
f 636/999/649 637/1003/648 677/1001/688
f 637/1003/648 638/1006/650 678/1004/690
f 639/1005/651 679/1008/691 678/1004/690
f 640/1007/653 680/1010/692 679/1008/691
f 641/1009/652 681/1210/694 680/1010/692
f 641/1011/652 642/1015/655 682/1012/693
f 643/1014/654 683/1017/695 682/1012/693
f 644/1016/657 684/1019/697 683/1017/695
f 644/1016/657 645/1020/656 685/1018/696
f 645/1020/656 646/1023/659 686/1021/698
f 647/1022/658 687/1025/700 686/1021/698
f 647/1022/658 648/1026/661 688/1024/699
f 648/1026/661 649/1029/660 689/1027/701
f 650/1028/662 690/1031/702 689/1027/701
f 651/1030/663 691/1211/703 690/1031/702
f 652/1032/665 692/1036/705 691/1033/703
f 652/1032/665 653/1037/664 693/1035/704
f 653/1037/664 654/1039/666 694/1038/706
f 655/977/667 695/1041/707 694/1038/706
f 656/1040/668 696/1043/709 695/1041/707
f 656/1040/668 657/1044/670 697/1042/708
f 657/1044/670 658/1047/669 698/1045/710
f 659/1046/671 699/1049/711 698/1045/710
f 660/1048/673 700/1051/713 699/1049/711
f 660/1048/673 661/1212/672 701/1050/712
f 662/1052/675 702/1056/714 701/1053/712
f 663/1055/674 703/1058/715 702/1056/714
f 664/1057/676 704/1060/716 703/1058/715
f 665/1059/677 705/1062/717 704/1060/716
f 666/1061/679 706/1064/718 705/1062/717
f 667/1063/678 707/1066/719 706/1064/718
f 668/1065/681 708/1068/720 707/1066/719
f 669/1067/680 709/1070/721 708/1068/720
f 670/1069/682 710/1072/722 709/1070/721
f 671/1071/683 711/1213/723 710/1072/722
f 672/1073/685 712/1077/725 711/1074/723
f 672/1073/685 673/1078/684 713/1076/724
f 673/1078/684 634/998/646 674/997/686
f 474/1122/1 513/1214/1 512/1215/1
f 512/1215/1 511/1216/1 510/1217/1
f 510/1217/1 509/1218/1 508/1219/1
f 508/1219/1 507/1220/1 506/1221/1
f 506/1221/1 505/1222/1 504/1223/1
f 504/1223/1 503/1224/1 502/1225/1
f 502/1225/1 501/1226/1 500/1227/1
f 500/1227/1 499/1228/1 498/1120/1
f 498/1120/1 497/1229/1 496/1230/1
f 496/1230/1 495/1231/1 494/1232/1
f 494/1232/1 493/1233/1 492/1234/1
f 492/1234/1 491/1235/1 490/1236/1
f 490/1236/1 489/1237/1 488/1238/1
f 488/1238/1 487/1239/1 486/1240/1
f 486/1240/1 485/1241/1 484/1242/1
f 484/1242/1 483/1243/1 482/1121/1
f 482/1121/1 481/1244/1 480/1245/1
f 480/1245/1 479/1246/1 478/1247/1
f 478/1247/1 477/1248/1 476/1249/1
f 476/1249/1 475/1250/1 474/1122/1
f 474/1122/1 512/1215/1 510/1217/1
f 510/1217/1 508/1219/1 506/1221/1
f 506/1221/1 504/1223/1 502/1225/1
f 502/1225/1 500/1227/1 498/1120/1
f 498/1120/1 496/1230/1 494/1232/1
f 494/1232/1 492/1234/1 490/1236/1
f 490/1236/1 488/1238/1 486/1240/1
f 486/1240/1 484/1242/1 482/1121/1
f 482/1121/1 480/1245/1 478/1247/1
f 478/1247/1 476/1249/1 474/1122/1
f 474/1122/1 510/1217/1 506/1221/1
f 506/1221/1 502/1225/1 498/1120/1
f 498/1120/1 494/1232/1 490/1236/1
f 490/1236/1 486/1240/1 482/1121/1
f 482/1121/1 478/1247/1 474/1122/1
f 474/1122/1 506/1221/1 498/1120/1
f 498/1120/1 490/1236/1 482/1121/1
