# Blender 5.2.2 LTS
# www.blender.org
o Radiator
v -1.230000 0.500000 0.160000
v -1.239903 0.500000 0.116612
v -1.267651 0.500000 0.081817
v -1.307748 0.500000 0.062507
v -1.352252 0.500000 0.062507
v -1.392349 0.500000 0.081817
v -1.420097 0.500000 0.116612
v -1.430000 0.500000 0.160000
v -1.420097 0.500000 0.203388
v -1.392349 0.500000 0.238183
v -1.352252 0.500000 0.257493
v -1.307748 0.500000 0.257493
v -1.267651 0.500000 0.238183
v -1.239903 0.500000 0.203388
v -1.230000 2.700000 0.160000
v -1.239903 2.700000 0.116612
v -1.267651 2.700000 0.081817
v -1.307748 2.700000 0.062507
v -1.352252 2.700000 0.062507
v -1.392349 2.700000 0.081817
v -1.420097 2.700000 0.116612
v -1.430000 2.700000 0.160000
v -1.420097 2.700000 0.203388
v -1.392349 2.700000 0.238183
v -1.352252 2.700000 0.257493
v -1.307748 2.700000 0.257493
v -1.267651 2.700000 0.238183
v -1.239903 2.700000 0.203388
v -1.230000 0.500000 -0.160000
v -1.239903 0.500000 -0.203388
v -1.267651 0.500000 -0.238183
v -1.307748 0.500000 -0.257493
v -1.352252 0.500000 -0.257493
v -1.392349 0.500000 -0.238183
v -1.420097 0.500000 -0.203388
v -1.430000 0.500000 -0.160000
v -1.420097 0.500000 -0.116612
v -1.392349 0.500000 -0.081817
v -1.352252 0.500000 -0.062507
v -1.307748 0.500000 -0.062507
v -1.267651 0.500000 -0.081817
v -1.239903 0.500000 -0.116612
v -1.230000 2.700000 -0.160000
v -1.239903 2.700000 -0.203388
v -1.267651 2.700000 -0.238183
v -1.307748 2.700000 -0.257493
v -1.352252 2.700000 -0.257493
v -1.392349 2.700000 -0.238183
v -1.420097 2.700000 -0.203388
v -1.430000 2.700000 -0.160000
v -1.420097 2.700000 -0.116612
v -1.392349 2.700000 -0.081817
v -1.352252 2.700000 -0.062507
v -1.307748 2.700000 -0.062507
v -1.267651 2.700000 -0.081817
v -1.239903 2.700000 -0.116612
v -1.420000 2.620000 0.200000
v -1.420000 2.680000 0.260000
v -1.480000 2.680000 0.200000
v -1.420000 2.628016 0.229961
v -1.449961 2.628016 0.200000
v -1.448693 2.635803 0.228693
v -1.449961 2.680000 0.251984
v -1.420000 2.650040 0.251984
v -1.448693 2.651308 0.244198
v -1.471984 2.650040 0.200000
v -1.471984 2.680000 0.229961
v -1.464198 2.651308 0.228693
v -1.420000 2.760000 0.260000
v -1.420000 2.820000 0.200000
v -1.480000 2.760000 0.200000
v -1.420000 2.789961 0.251984
v -1.449961 2.760000 0.251984
v -1.448693 2.788693 0.244198
v -1.449961 2.811984 0.200000
v -1.420000 2.811984 0.229961
v -1.448693 2.804198 0.228693
v -1.471984 2.760000 0.229961
v -1.471984 2.789961 0.200000
v -1.464198 2.788693 0.228693
v -1.420000 2.620000 -0.200000
v -1.480000 2.680000 -0.200000
v -1.420000 2.680000 -0.260000
v -1.449961 2.628016 -0.200000
v -1.420000 2.628016 -0.229961
v -1.448693 2.635803 -0.228693
v -1.471984 2.680000 -0.229961
v -1.471984 2.650040 -0.200000
v -1.464198 2.651308 -0.228693
v -1.420000 2.650040 -0.251984
v -1.449961 2.680000 -0.251984
v -1.448693 2.651308 -0.244198
v -1.420000 2.820000 -0.200000
v -1.420000 2.760000 -0.260000
v -1.480000 2.760000 -0.200000
v -1.420000 2.811984 -0.229961
v -1.449961 2.811984 -0.200000
v -1.448693 2.804198 -0.228693
v -1.449961 2.760000 -0.251984
v -1.420000 2.789961 -0.251984
v -1.448693 2.788693 -0.244198
v -1.471984 2.789961 -0.200000
v -1.471984 2.760000 -0.229961
v -1.464198 2.788693 -0.228693
v -1.240000 2.620000 0.200000
v -1.180000 2.680000 0.200000
v -1.240000 2.680000 0.260000
v -1.210039 2.628016 0.200000
v -1.240000 2.628016 0.229961
v -1.211307 2.635803 0.228693
v -1.188016 2.680000 0.229961
v -1.188016 2.650040 0.200000
v -1.195802 2.651308 0.228693
v -1.240000 2.650040 0.251984
v -1.210039 2.680000 0.251984
v -1.211307 2.651308 0.244198
v -1.240000 2.820000 0.200000
v -1.240000 2.760000 0.260000
v -1.180000 2.760000 0.200000
v -1.240000 2.811984 0.229961
v -1.210039 2.811984 0.200000
v -1.211307 2.804198 0.228693
v -1.210039 2.760000 0.251984
v -1.240000 2.789961 0.251984
v -1.211307 2.788693 0.244198
v -1.188016 2.789961 0.200000
v -1.188016 2.760000 0.229961
v -1.195802 2.788693 0.228693
v -1.240000 2.620000 -0.200000
v -1.240000 2.680000 -0.260000
v -1.180000 2.680000 -0.200000
v -1.240000 2.628016 -0.229961
v -1.210039 2.628016 -0.200000
v -1.211307 2.635803 -0.228693
v -1.210039 2.680000 -0.251984
v -1.240000 2.650040 -0.251984
v -1.211307 2.651308 -0.244198
v -1.188016 2.650040 -0.200000
v -1.188016 2.680000 -0.229961
v -1.195802 2.651308 -0.228693
v -1.240000 2.820000 -0.200000
v -1.180000 2.760000 -0.200000
v -1.240000 2.760000 -0.260000
v -1.210039 2.811984 -0.200000
v -1.240000 2.811984 -0.229961
v -1.211307 2.804198 -0.228693
v -1.188016 2.760000 -0.229961
v -1.188016 2.789961 -0.200000
v -1.195802 2.788693 -0.228693
v -1.240000 2.789961 -0.251984
v -1.210039 2.760000 -0.251984
v -1.211307 2.788693 -0.244198
v -1.420000 0.400000 0.200000
v -1.420000 0.460000 0.260000
v -1.480000 0.460000 0.200000
v -1.420000 0.408016 0.229961
v -1.449961 0.408016 0.200000
v -1.448693 0.415802 0.228693
v -1.449961 0.460000 0.251984
v -1.420000 0.430039 0.251984
v -1.448693 0.431307 0.244198
v -1.471984 0.430039 0.200000
v -1.471984 0.460000 0.229961
v -1.464198 0.431307 0.228693
v -1.420000 0.540000 0.260000
v -1.420000 0.600000 0.200000
v -1.480000 0.540000 0.200000
v -1.420000 0.569961 0.251984
v -1.449961 0.540000 0.251984
v -1.448693 0.568693 0.244198
v -1.449961 0.591984 0.200000
v -1.420000 0.591984 0.229961
v -1.448693 0.584198 0.228693
v -1.471984 0.540000 0.229961
v -1.471984 0.569961 0.200000
v -1.464198 0.568693 0.228693
v -1.420000 0.400000 -0.200000
v -1.480000 0.460000 -0.200000
v -1.420000 0.460000 -0.260000
v -1.449961 0.408016 -0.200000
v -1.420000 0.408016 -0.229961
v -1.448693 0.415802 -0.228693
v -1.471984 0.460000 -0.229961
v -1.471984 0.430039 -0.200000
v -1.464198 0.431307 -0.228693
v -1.420000 0.430039 -0.251984
v -1.449961 0.460000 -0.251984
v -1.448693 0.431307 -0.244198
v -1.420000 0.600000 -0.200000
v -1.420000 0.540000 -0.260000
v -1.480000 0.540000 -0.200000
v -1.420000 0.591984 -0.229961
v -1.449961 0.591984 -0.200000
v -1.448693 0.584198 -0.228693
v -1.449961 0.540000 -0.251984
v -1.420000 0.569961 -0.251984
v -1.448693 0.568693 -0.244198
v -1.471984 0.569961 -0.200000
v -1.471984 0.540000 -0.229961
v -1.464198 0.568693 -0.228693
v -1.240000 0.400000 0.200000
v -1.180000 0.460000 0.200000
v -1.240000 0.460000 0.260000
v -1.210039 0.408016 0.200000
v -1.240000 0.408016 0.229961
v -1.211307 0.415802 0.228693
v -1.188016 0.460000 0.229961
v -1.188016 0.430039 0.200000
v -1.195802 0.431307 0.228693
v -1.240000 0.430039 0.251984
v -1.210039 0.460000 0.251984
v -1.211307 0.431307 0.244198
v -1.240000 0.600000 0.200000
v -1.240000 0.540000 0.260000
v -1.180000 0.540000 0.200000
v -1.240000 0.591984 0.229961
v -1.210039 0.591984 0.200000
v -1.211307 0.584198 0.228693
v -1.210039 0.540000 0.251984
v -1.240000 0.569961 0.251984
v -1.211307 0.568693 0.244198
v -1.188016 0.569961 0.200000
v -1.188016 0.540000 0.229961
v -1.195802 0.568693 0.228693
v -1.240000 0.400000 -0.200000
v -1.240000 0.460000 -0.260000
v -1.180000 0.460000 -0.200000
v -1.240000 0.408016 -0.229961
v -1.210039 0.408016 -0.200000
v -1.211307 0.415802 -0.228693
v -1.210039 0.460000 -0.251984
v -1.240000 0.430039 -0.251984
v -1.211307 0.431307 -0.244198
v -1.188016 0.430039 -0.200000
v -1.188016 0.460000 -0.229961
v -1.195802 0.431307 -0.228693
v -1.240000 0.600000 -0.200000
v -1.180000 0.540000 -0.200000
v -1.240000 0.540000 -0.260000
v -1.210039 0.591984 -0.200000
v -1.240000 0.591984 -0.229961
v -1.211307 0.584198 -0.228693
v -1.188016 0.540000 -0.229961
v -1.188016 0.569961 -0.200000
v -1.195802 0.568693 -0.228693
v -1.240000 0.569961 -0.251984
v -1.210039 0.540000 -0.251984
v -1.211307 0.568693 -0.244198
v -0.850000 0.500000 0.160000
v -0.859903 0.500000 0.116612
v -0.887651 0.500000 0.081817
v -0.927748 0.500000 0.062507
v -0.972252 0.500000 0.062507
v -1.012349 0.500000 0.081817
v -1.040097 0.500000 0.116612
v -1.050000 0.500000 0.160000
v -1.040097 0.500000 0.203388
v -1.012349 0.500000 0.238183
v -0.972252 0.500000 0.257493
v -0.927748 0.500000 0.257493
v -0.887651 0.500000 0.238183
v -0.859903 0.500000 0.203388
v -0.850000 2.700000 0.160000
v -0.859903 2.700000 0.116612
v -0.887651 2.700000 0.081817
v -0.927748 2.700000 0.062507
v -0.972252 2.700000 0.062507
v -1.012349 2.700000 0.081817
v -1.040097 2.700000 0.116612
v -1.050000 2.700000 0.160000
v -1.040097 2.700000 0.203388
v -1.012349 2.700000 0.238183
v -0.972252 2.700000 0.257493
v -0.927748 2.700000 0.257493
v -0.887651 2.700000 0.238183
v -0.859903 2.700000 0.203388
v -0.850000 0.500000 -0.160000
v -0.859903 0.500000 -0.203388
v -0.887651 0.500000 -0.238183
v -0.927748 0.500000 -0.257493
v -0.972252 0.500000 -0.257493
v -1.012349 0.500000 -0.238183
v -1.040097 0.500000 -0.203388
v -1.050000 0.500000 -0.160000
v -1.040097 0.500000 -0.116612
v -1.012349 0.500000 -0.081817
v -0.972252 0.500000 -0.062507
v -0.927748 0.500000 -0.062507
v -0.887651 0.500000 -0.081817
v -0.859903 0.500000 -0.116612
v -0.850000 2.700000 -0.160000
v -0.859903 2.700000 -0.203388
v -0.887651 2.700000 -0.238183
v -0.927748 2.700000 -0.257493
v -0.972252 2.700000 -0.257493
v -1.012349 2.700000 -0.238183
v -1.040097 2.700000 -0.203388
v -1.050000 2.700000 -0.160000
v -1.040097 2.700000 -0.116612
v -1.012349 2.700000 -0.081817
v -0.972252 2.700000 -0.062507
v -0.927748 2.700000 -0.062507
v -0.887651 2.700000 -0.081817
v -0.859903 2.700000 -0.116612
v -1.040000 2.620000 0.200000
v -1.040000 2.680000 0.260000
v -1.100000 2.680000 0.200000
v -1.040000 2.628016 0.229961
v -1.069961 2.628016 0.200000
v -1.068693 2.635803 0.228693
v -1.069961 2.680000 0.251984
v -1.040000 2.650040 0.251984
v -1.068693 2.651308 0.244198
v -1.091984 2.650040 0.200000
v -1.091984 2.680000 0.229961
v -1.084198 2.651308 0.228693
v -1.040000 2.760000 0.260000
v -1.040000 2.820000 0.200000
v -1.100000 2.760000 0.200000
v -1.040000 2.789961 0.251984
v -1.069961 2.760000 0.251984
v -1.068693 2.788693 0.244198
v -1.069961 2.811984 0.200000
v -1.040000 2.811984 0.229961
v -1.068693 2.804198 0.228693
v -1.091984 2.760000 0.229961
v -1.091984 2.789961 0.200000
v -1.084198 2.788693 0.228693
v -1.040000 2.620000 -0.200000
v -1.100000 2.680000 -0.200000
v -1.040000 2.680000 -0.260000
v -1.069961 2.628016 -0.200000
v -1.040000 2.628016 -0.229961
v -1.068693 2.635803 -0.228693
v -1.091984 2.680000 -0.229961
v -1.091984 2.650040 -0.200000
v -1.084198 2.651308 -0.228693
v -1.040000 2.650040 -0.251984
v -1.069961 2.680000 -0.251984
v -1.068693 2.651308 -0.244198
v -1.040000 2.820000 -0.200000
v -1.040000 2.760000 -0.260000
v -1.100000 2.760000 -0.200000
v -1.040000 2.811984 -0.229961
v -1.069961 2.811984 -0.200000
v -1.068693 2.804198 -0.228693
v -1.069961 2.760000 -0.251984
v -1.040000 2.789961 -0.251984
v -1.068693 2.788693 -0.244198
v -1.091984 2.789961 -0.200000
v -1.091984 2.760000 -0.229961
v -1.084198 2.788693 -0.228693
v -0.860000 2.620000 0.200000
v -0.800000 2.680000 0.200000
v -0.860000 2.680000 0.260000
v -0.830039 2.628016 0.200000
v -0.860000 2.628016 0.229961
v -0.831307 2.635803 0.228693
v -0.808016 2.680000 0.229961
v -0.808016 2.650040 0.200000
v -0.815802 2.651308 0.228693
v -0.860000 2.650040 0.251984
v -0.830039 2.680000 0.251984
v -0.831307 2.651308 0.244198
v -0.860000 2.820000 0.200000
v -0.860000 2.760000 0.260000
v -0.800000 2.760000 0.200000
v -0.860000 2.811984 0.229961
v -0.830039 2.811984 0.200000
v -0.831307 2.804198 0.228693
v -0.830039 2.760000 0.251984
v -0.860000 2.789961 0.251984
v -0.831307 2.788693 0.244198
v -0.808016 2.789961 0.200000
v -0.808016 2.760000 0.229961
v -0.815802 2.788693 0.228693
v -0.860000 2.620000 -0.200000
v -0.860000 2.680000 -0.260000
v -0.800000 2.680000 -0.200000
v -0.860000 2.628016 -0.229961
v -0.830039 2.628016 -0.200000
v -0.831307 2.635803 -0.228693
v -0.830039 2.680000 -0.251984
v -0.860000 2.650040 -0.251984
v -0.831307 2.651308 -0.244198
v -0.808016 2.650040 -0.200000
v -0.808016 2.680000 -0.229961
v -0.815802 2.651308 -0.228693
v -0.860000 2.820000 -0.200000
v -0.800000 2.760000 -0.200000
v -0.860000 2.760000 -0.260000
v -0.830039 2.811984 -0.200000
v -0.860000 2.811984 -0.229961
v -0.831307 2.804198 -0.228693
v -0.808016 2.760000 -0.229961
v -0.808016 2.789961 -0.200000
v -0.815802 2.788693 -0.228693
v -0.860000 2.789961 -0.251984
v -0.830039 2.760000 -0.251984
v -0.831307 2.788693 -0.244198
v -1.040000 0.400000 0.200000
v -1.040000 0.460000 0.260000
v -1.100000 0.460000 0.200000
v -1.040000 0.408016 0.229961
v -1.069961 0.408016 0.200000
v -1.068693 0.415802 0.228693
v -1.069961 0.460000 0.251984
v -1.040000 0.430039 0.251984
v -1.068693 0.431307 0.244198
v -1.091984 0.430039 0.200000
v -1.091984 0.460000 0.229961
v -1.084198 0.431307 0.228693
v -1.040000 0.540000 0.260000
v -1.040000 0.600000 0.200000
v -1.100000 0.540000 0.200000
v -1.040000 0.569961 0.251984
v -1.069961 0.540000 0.251984
v -1.068693 0.568693 0.244198
v -1.069961 0.591984 0.200000
v -1.040000 0.591984 0.229961
v -1.068693 0.584198 0.228693
v -1.091984 0.540000 0.229961
v -1.091984 0.569961 0.200000
v -1.084198 0.568693 0.228693
v -1.040000 0.400000 -0.200000
v -1.100000 0.460000 -0.200000
v -1.040000 0.460000 -0.260000
v -1.069961 0.408016 -0.200000
v -1.040000 0.408016 -0.229961
v -1.068693 0.415802 -0.228693
v -1.091984 0.460000 -0.229961
v -1.091984 0.430039 -0.200000
v -1.084198 0.431307 -0.228693
v -1.040000 0.430039 -0.251984
v -1.069961 0.460000 -0.251984
v -1.068693 0.431307 -0.244198
v -1.040000 0.600000 -0.200000
v -1.040000 0.540000 -0.260000
v -1.100000 0.540000 -0.200000
v -1.040000 0.591984 -0.229961
v -1.069961 0.591984 -0.200000
v -1.068693 0.584198 -0.228693
v -1.069961 0.540000 -0.251984
v -1.040000 0.569961 -0.251984
v -1.068693 0.568693 -0.244198
v -1.091984 0.569961 -0.200000
v -1.091984 0.540000 -0.229961
v -1.084198 0.568693 -0.228693
v -0.860000 0.400000 0.200000
v -0.800000 0.460000 0.200000
v -0.860000 0.460000 0.260000
v -0.830039 0.408016 0.200000
v -0.860000 0.408016 0.229961
v -0.831307 0.415802 0.228693
v -0.808016 0.460000 0.229961
v -0.808016 0.430039 0.200000
v -0.815802 0.431307 0.228693
v -0.860000 0.430039 0.251984
v -0.830039 0.460000 0.251984
v -0.831307 0.431307 0.244198
v -0.860000 0.600000 0.200000
v -0.860000 0.540000 0.260000
v -0.800000 0.540000 0.200000
v -0.860000 0.591984 0.229961
v -0.830039 0.591984 0.200000
v -0.831307 0.584198 0.228693
v -0.830039 0.540000 0.251984
v -0.860000 0.569961 0.251984
v -0.831307 0.568693 0.244198
v -0.808016 0.569961 0.200000
v -0.808016 0.540000 0.229961
v -0.815802 0.568693 0.228693
v -0.860000 0.400000 -0.200000
v -0.860000 0.460000 -0.260000
v -0.800000 0.460000 -0.200000
v -0.860000 0.408016 -0.229961
v -0.830039 0.408016 -0.200000
v -0.831307 0.415802 -0.228693
v -0.830039 0.460000 -0.251984
v -0.860000 0.430039 -0.251984
v -0.831307 0.431307 -0.244198
v -0.808016 0.430039 -0.200000
v -0.808016 0.460000 -0.229961
v -0.815802 0.431307 -0.228693
v -0.860000 0.600000 -0.200000
v -0.800000 0.540000 -0.200000
v -0.860000 0.540000 -0.260000
v -0.830039 0.591984 -0.200000
v -0.860000 0.591984 -0.229961
v -0.831307 0.584198 -0.228693
v -0.808016 0.540000 -0.229961
v -0.808016 0.569961 -0.200000
v -0.815802 0.568693 -0.228693
v -0.860000 0.569961 -0.251984
v -0.830039 0.540000 -0.251984
v -0.831307 0.568693 -0.244198
v -0.470000 0.500000 0.160000
v -0.479903 0.500000 0.116612
v -0.507651 0.500000 0.081817
v -0.547748 0.500000 0.062507
v -0.592252 0.500000 0.062507
v -0.632349 0.500000 0.081817
v -0.660097 0.500000 0.116612
v -0.670000 0.500000 0.160000
v -0.660097 0.500000 0.203388
v -0.632349 0.500000 0.238183
v -0.592252 0.500000 0.257493
v -0.547748 0.500000 0.257493
v -0.507651 0.500000 0.238183
v -0.479903 0.500000 0.203388
v -0.470000 2.700000 0.160000
v -0.479903 2.700000 0.116612
v -0.507651 2.700000 0.081817
v -0.547748 2.700000 0.062507
v -0.592252 2.700000 0.062507
v -0.632349 2.700000 0.081817
v -0.660097 2.700000 0.116612
v -0.670000 2.700000 0.160000
v -0.660097 2.700000 0.203388
v -0.632349 2.700000 0.238183
v -0.592252 2.700000 0.257493
v -0.547748 2.700000 0.257493
v -0.507651 2.700000 0.238183
v -0.479903 2.700000 0.203388
v -0.470000 0.500000 -0.160000
v -0.479903 0.500000 -0.203388
v -0.507651 0.500000 -0.238183
v -0.547748 0.500000 -0.257493
v -0.592252 0.500000 -0.257493
v -0.632349 0.500000 -0.238183
v -0.660097 0.500000 -0.203388
v -0.670000 0.500000 -0.160000
v -0.660097 0.500000 -0.116612
v -0.632349 0.500000 -0.081817
v -0.592252 0.500000 -0.062507
v -0.547748 0.500000 -0.062507
v -0.507651 0.500000 -0.081817
v -0.479903 0.500000 -0.116612
v -0.470000 2.700000 -0.160000
v -0.479903 2.700000 -0.203388
v -0.507651 2.700000 -0.238183
v -0.547748 2.700000 -0.257493
v -0.592252 2.700000 -0.257493
v -0.632349 2.700000 -0.238183
v -0.660097 2.700000 -0.203388
v -0.670000 2.700000 -0.160000
v -0.660097 2.700000 -0.116612
v -0.632349 2.700000 -0.081817
v -0.592252 2.700000 -0.062507
v -0.547748 2.700000 -0.062507
v -0.507651 2.700000 -0.081817
v -0.479903 2.700000 -0.116612
v -0.660000 2.620000 0.200000
v -0.660000 2.680000 0.260000
v -0.720000 2.680000 0.200000
v -0.660000 2.628016 0.229961
v -0.689961 2.628016 0.200000
v -0.688693 2.635803 0.228693
v -0.689961 2.680000 0.251984
v -0.660000 2.650040 0.251984
v -0.688693 2.651308 0.244198
v -0.711984 2.650040 0.200000
v -0.711984 2.680000 0.229961
v -0.704198 2.651308 0.228693
v -0.660000 2.760000 0.260000
v -0.660000 2.820000 0.200000
v -0.720000 2.760000 0.200000
v -0.660000 2.789961 0.251984
v -0.689961 2.760000 0.251984
v -0.688693 2.788693 0.244198
v -0.689961 2.811984 0.200000
v -0.660000 2.811984 0.229961
v -0.688693 2.804198 0.228693
v -0.711984 2.760000 0.229961
v -0.711984 2.789961 0.200000
v -0.704198 2.788693 0.228693
v -0.660000 2.620000 -0.200000
v -0.720000 2.680000 -0.200000
v -0.660000 2.680000 -0.260000
v -0.689961 2.628016 -0.200000
v -0.660000 2.628016 -0.229961
v -0.688693 2.635803 -0.228693
v -0.711984 2.680000 -0.229961
v -0.711984 2.650040 -0.200000
v -0.704198 2.651308 -0.228693
v -0.660000 2.650040 -0.251984
v -0.689961 2.680000 -0.251984
v -0.688693 2.651308 -0.244198
v -0.660000 2.820000 -0.200000
v -0.660000 2.760000 -0.260000
v -0.720000 2.760000 -0.200000
v -0.660000 2.811984 -0.229961
v -0.689961 2.811984 -0.200000
v -0.688693 2.804198 -0.228693
v -0.689961 2.760000 -0.251984
v -0.660000 2.789961 -0.251984
v -0.688693 2.788693 -0.244198
v -0.711984 2.789961 -0.200000
v -0.711984 2.760000 -0.229961
v -0.704198 2.788693 -0.228693
v -0.480000 2.620000 0.200000
v -0.420000 2.680000 0.200000
v -0.480000 2.680000 0.260000
v -0.450039 2.628016 0.200000
v -0.480000 2.628016 0.229961
v -0.451307 2.635803 0.228693
v -0.428016 2.680000 0.229961
v -0.428016 2.650040 0.200000
v -0.435802 2.651308 0.228693
v -0.480000 2.650040 0.251984
v -0.450039 2.680000 0.251984
v -0.451307 2.651308 0.244198
v -0.480000 2.820000 0.200000
v -0.480000 2.760000 0.260000
v -0.420000 2.760000 0.200000
v -0.480000 2.811984 0.229961
v -0.450039 2.811984 0.200000
v -0.451307 2.804198 0.228693
v -0.450039 2.760000 0.251984
v -0.480000 2.789961 0.251984
v -0.451307 2.788693 0.244198
v -0.428016 2.789961 0.200000
v -0.428016 2.760000 0.229961
v -0.435802 2.788693 0.228693
v -0.480000 2.620000 -0.200000
v -0.480000 2.680000 -0.260000
v -0.420000 2.680000 -0.200000
v -0.480000 2.628016 -0.229961
v -0.450039 2.628016 -0.200000
v -0.451307 2.635803 -0.228693
v -0.450039 2.680000 -0.251984
v -0.480000 2.650040 -0.251984
v -0.451307 2.651308 -0.244198
v -0.428016 2.650040 -0.200000
v -0.428016 2.680000 -0.229961
v -0.435802 2.651308 -0.228693
v -0.480000 2.820000 -0.200000
v -0.420000 2.760000 -0.200000
v -0.480000 2.760000 -0.260000
v -0.450039 2.811984 -0.200000
v -0.480000 2.811984 -0.229961
v -0.451307 2.804198 -0.228693
v -0.428016 2.760000 -0.229961
v -0.428016 2.789961 -0.200000
v -0.435802 2.788693 -0.228693
v -0.480000 2.789961 -0.251984
v -0.450039 2.760000 -0.251984
v -0.451307 2.788693 -0.244198
v -0.660000 0.400000 0.200000
v -0.660000 0.460000 0.260000
v -0.720000 0.460000 0.200000
v -0.660000 0.408016 0.229961
v -0.689961 0.408016 0.200000
v -0.688693 0.415802 0.228693
v -0.689961 0.460000 0.251984
v -0.660000 0.430039 0.251984
v -0.688693 0.431307 0.244198
v -0.711984 0.430039 0.200000
v -0.711984 0.460000 0.229961
v -0.704198 0.431307 0.228693
v -0.660000 0.540000 0.260000
v -0.660000 0.600000 0.200000
v -0.720000 0.540000 0.200000
v -0.660000 0.569961 0.251984
v -0.689961 0.540000 0.251984
v -0.688693 0.568693 0.244198
v -0.689961 0.591984 0.200000
v -0.660000 0.591984 0.229961
v -0.688693 0.584198 0.228693
v -0.711984 0.540000 0.229961
v -0.711984 0.569961 0.200000
v -0.704198 0.568693 0.228693
v -0.660000 0.400000 -0.200000
v -0.720000 0.460000 -0.200000
v -0.660000 0.460000 -0.260000
v -0.689961 0.408016 -0.200000
v -0.660000 0.408016 -0.229961
v -0.688693 0.415802 -0.228693
v -0.711984 0.460000 -0.229961
v -0.711984 0.430039 -0.200000
v -0.704198 0.431307 -0.228693
v -0.660000 0.430039 -0.251984
v -0.689961 0.460000 -0.251984
v -0.688693 0.431307 -0.244198
v -0.660000 0.600000 -0.200000
v -0.660000 0.540000 -0.260000
v -0.720000 0.540000 -0.200000
v -0.660000 0.591984 -0.229961
v -0.689961 0.591984 -0.200000
v -0.688693 0.584198 -0.228693
v -0.689961 0.540000 -0.251984
v -0.660000 0.569961 -0.251984
v -0.688693 0.568693 -0.244198
v -0.711984 0.569961 -0.200000
v -0.711984 0.540000 -0.229961
v -0.704198 0.568693 -0.228693
v -0.480000 0.400000 0.200000
v -0.420000 0.460000 0.200000
v -0.480000 0.460000 0.260000
v -0.450039 0.408016 0.200000
v -0.480000 0.408016 0.229961
v -0.451307 0.415802 0.228693
v -0.428016 0.460000 0.229961
v -0.428016 0.430039 0.200000
v -0.435802 0.431307 0.228693
v -0.480000 0.430039 0.251984
v -0.450039 0.460000 0.251984
v -0.451307 0.431307 0.244198
v -0.480000 0.600000 0.200000
v -0.480000 0.540000 0.260000
v -0.420000 0.540000 0.200000
v -0.480000 0.591984 0.229961
v -0.450039 0.591984 0.200000
v -0.451307 0.584198 0.228693
v -0.450039 0.540000 0.251984
v -0.480000 0.569961 0.251984
v -0.451307 0.568693 0.244198
v -0.428016 0.569961 0.200000
v -0.428016 0.540000 0.229961
v -0.435802 0.568693 0.228693
v -0.480000 0.400000 -0.200000
v -0.480000 0.460000 -0.260000
v -0.420000 0.460000 -0.200000
v -0.480000 0.408016 -0.229961
v -0.450039 0.408016 -0.200000
v -0.451307 0.415802 -0.228693
v -0.450039 0.460000 -0.251984
v -0.480000 0.430039 -0.251984
v -0.451307 0.431307 -0.244198
v -0.428016 0.430039 -0.200000
v -0.428016 0.460000 -0.229961
v -0.435802 0.431307 -0.228693
v -0.480000 0.600000 -0.200000
v -0.420000 0.540000 -0.200000
v -0.480000 0.540000 -0.260000
v -0.450039 0.591984 -0.200000
v -0.480000 0.591984 -0.229961
v -0.451307 0.584198 -0.228693
v -0.428016 0.540000 -0.229961
v -0.428016 0.569961 -0.200000
v -0.435802 0.568693 -0.228693
v -0.480000 0.569961 -0.251984
v -0.450039 0.540000 -0.251984
v -0.451307 0.568693 -0.244198
v -0.090000 0.500000 0.160000
v -0.099903 0.500000 0.116612
v -0.127651 0.500000 0.081817
v -0.167748 0.500000 0.062507
v -0.212252 0.500000 0.062507
v -0.252349 0.500000 0.081817
v -0.280097 0.500000 0.116612
v -0.290000 0.500000 0.160000
v -0.280097 0.500000 0.203388
v -0.252349 0.500000 0.238183
v -0.212252 0.500000 0.257493
v -0.167748 0.500000 0.257493
v -0.127651 0.500000 0.238183
v -0.099903 0.500000 0.203388
v -0.090000 2.700000 0.160000
v -0.099903 2.700000 0.116612
v -0.127651 2.700000 0.081817
v -0.167748 2.700000 0.062507
v -0.212252 2.700000 0.062507
v -0.252349 2.700000 0.081817
v -0.280097 2.700000 0.116612
v -0.290000 2.700000 0.160000
v -0.280097 2.700000 0.203388
v -0.252349 2.700000 0.238183
v -0.212252 2.700000 0.257493
v -0.167748 2.700000 0.257493
v -0.127651 2.700000 0.238183
v -0.099903 2.700000 0.203388
v -0.090000 0.500000 -0.160000
v -0.099903 0.500000 -0.203388
v -0.127651 0.500000 -0.238183
v -0.167748 0.500000 -0.257493
v -0.212252 0.500000 -0.257493
v -0.252349 0.500000 -0.238183
v -0.280097 0.500000 -0.203388
v -0.290000 0.500000 -0.160000
v -0.280097 0.500000 -0.116612
v -0.252349 0.500000 -0.081817
v -0.212252 0.500000 -0.062507
v -0.167748 0.500000 -0.062507
v -0.127651 0.500000 -0.081817
v -0.099903 0.500000 -0.116612
v -0.090000 2.700000 -0.160000
v -0.099903 2.700000 -0.203388
v -0.127651 2.700000 -0.238183
v -0.167748 2.700000 -0.257493
v -0.212252 2.700000 -0.257493
v -0.252349 2.700000 -0.238183
v -0.280097 2.700000 -0.203388
v -0.290000 2.700000 -0.160000
v -0.280097 2.700000 -0.116612
v -0.252349 2.700000 -0.081817
v -0.212252 2.700000 -0.062507
v -0.167748 2.700000 -0.062507
v -0.127651 2.700000 -0.081817
v -0.099903 2.700000 -0.116612
v -0.280000 2.620000 0.200000
v -0.280000 2.680000 0.260000
v -0.340000 2.680000 0.200000
v -0.280000 2.628016 0.229961
v -0.309961 2.628016 0.200000
v -0.308693 2.635803 0.228693
v -0.309961 2.680000 0.251984
v -0.280000 2.650040 0.251984
v -0.308693 2.651308 0.244198
v -0.331984 2.650040 0.200000
v -0.331984 2.680000 0.229961
v -0.324198 2.651308 0.228693
v -0.280000 2.760000 0.260000
v -0.280000 2.820000 0.200000
v -0.340000 2.760000 0.200000
v -0.280000 2.789961 0.251984
v -0.309961 2.760000 0.251984
v -0.308693 2.788693 0.244198
v -0.309961 2.811984 0.200000
v -0.280000 2.811984 0.229961
v -0.308693 2.804198 0.228693
v -0.331984 2.760000 0.229961
v -0.331984 2.789961 0.200000
v -0.324198 2.788693 0.228693
v -0.280000 2.620000 -0.200000
v -0.340000 2.680000 -0.200000
v -0.280000 2.680000 -0.260000
v -0.309961 2.628016 -0.200000
v -0.280000 2.628016 -0.229961
v -0.308693 2.635803 -0.228693
v -0.331984 2.680000 -0.229961
v -0.331984 2.650040 -0.200000
v -0.324198 2.651308 -0.228693
v -0.280000 2.650040 -0.251984
v -0.309961 2.680000 -0.251984
v -0.308693 2.651308 -0.244198
v -0.280000 2.820000 -0.200000
v -0.280000 2.760000 -0.260000
v -0.340000 2.760000 -0.200000
v -0.280000 2.811984 -0.229961
v -0.309961 2.811984 -0.200000
v -0.308693 2.804198 -0.228693
v -0.309961 2.760000 -0.251984
v -0.280000 2.789961 -0.251984
v -0.308693 2.788693 -0.244198
v -0.331984 2.789961 -0.200000
v -0.331984 2.760000 -0.229961
v -0.324198 2.788693 -0.228693
v -0.100000 2.620000 0.200000
v -0.040000 2.680000 0.200000
v -0.100000 2.680000 0.260000
v -0.070039 2.628016 0.200000
v -0.100000 2.628016 0.229961
v -0.071307 2.635803 0.228693
v -0.048016 2.680000 0.229961
v -0.048016 2.650040 0.200000
v -0.055802 2.651308 0.228693
v -0.100000 2.650040 0.251984
v -0.070039 2.680000 0.251984
v -0.071307 2.651308 0.244198
v -0.100000 2.820000 0.200000
v -0.100000 2.760000 0.260000
v -0.040000 2.760000 0.200000
v -0.100000 2.811984 0.229961
v -0.070039 2.811984 0.200000
v -0.071307 2.804198 0.228693
v -0.070039 2.760000 0.251984
v -0.100000 2.789961 0.251984
v -0.071307 2.788693 0.244198
v -0.048016 2.789961 0.200000
v -0.048016 2.760000 0.229961
v -0.055802 2.788693 0.228693
v -0.100000 2.620000 -0.200000
v -0.100000 2.680000 -0.260000
v -0.040000 2.680000 -0.200000
v -0.100000 2.628016 -0.229961
v -0.070039 2.628016 -0.200000
v -0.071307 2.635803 -0.228693
v -0.070039 2.680000 -0.251984
v -0.100000 2.650040 -0.251984
v -0.071307 2.651308 -0.244198
v -0.048016 2.650040 -0.200000
v -0.048016 2.680000 -0.229961
v -0.055802 2.651308 -0.228693
v -0.100000 2.820000 -0.200000
v -0.040000 2.760000 -0.200000
v -0.100000 2.760000 -0.260000
v -0.070039 2.811984 -0.200000
v -0.100000 2.811984 -0.229961
v -0.071307 2.804198 -0.228693
v -0.048016 2.760000 -0.229961
v -0.048016 2.789961 -0.200000
v -0.055802 2.788693 -0.228693
v -0.100000 2.789961 -0.251984
v -0.070039 2.760000 -0.251984
v -0.071307 2.788693 -0.244198
v -0.280000 0.400000 0.200000
v -0.280000 0.460000 0.260000
v -0.340000 0.460000 0.200000
v -0.280000 0.408016 0.229961
v -0.309961 0.408016 0.200000
v -0.308693 0.415802 0.228693
v -0.309961 0.460000 0.251984
v -0.280000 0.430039 0.251984
v -0.308693 0.431307 0.244198
v -0.331984 0.430039 0.200000
v -0.331984 0.460000 0.229961
v -0.324198 0.431307 0.228693
v -0.280000 0.540000 0.260000
v -0.280000 0.600000 0.200000
v -0.340000 0.540000 0.200000
v -0.280000 0.569961 0.251984
v -0.309961 0.540000 0.251984
v -0.308693 0.568693 0.244198
v -0.309961 0.591984 0.200000
v -0.280000 0.591984 0.229961
v -0.308693 0.584198 0.228693
v -0.331984 0.540000 0.229961
v -0.331984 0.569961 0.200000
v -0.324198 0.568693 0.228693
v -0.280000 0.400000 -0.200000
v -0.340000 0.460000 -0.200000
v -0.280000 0.460000 -0.260000
v -0.309961 0.408016 -0.200000
v -0.280000 0.408016 -0.229961
v -0.308693 0.415802 -0.228693
v -0.331984 0.460000 -0.229961
v -0.331984 0.430039 -0.200000
v -0.324198 0.431307 -0.228693
v -0.280000 0.430039 -0.251984
v -0.309961 0.460000 -0.251984
v -0.308693 0.431307 -0.244198
v -0.280000 0.600000 -0.200000
v -0.280000 0.540000 -0.260000
v -0.340000 0.540000 -0.200000
v -0.280000 0.591984 -0.229961
v -0.309961 0.591984 -0.200000
v -0.308693 0.584198 -0.228693
v -0.309961 0.540000 -0.251984
v -0.280000 0.569961 -0.251984
v -0.308693 0.568693 -0.244198
v -0.331984 0.569961 -0.200000
v -0.331984 0.540000 -0.229961
v -0.324198 0.568693 -0.228693
v -0.100000 0.400000 0.200000
v -0.040000 0.460000 0.200000
v -0.100000 0.460000 0.260000
v -0.070039 0.408016 0.200000
v -0.100000 0.408016 0.229961
v -0.071307 0.415802 0.228693
v -0.048016 0.460000 0.229961
v -0.048016 0.430039 0.200000
v -0.055802 0.431307 0.228693
v -0.100000 0.430039 0.251984
v -0.070039 0.460000 0.251984
v -0.071307 0.431307 0.244198
v -0.100000 0.600000 0.200000
v -0.100000 0.540000 0.260000
v -0.040000 0.540000 0.200000
v -0.100000 0.591984 0.229961
v -0.070039 0.591984 0.200000
v -0.071307 0.584198 0.228693
v -0.070039 0.540000 0.251984
v -0.100000 0.569961 0.251984
v -0.071307 0.568693 0.244198
v -0.048016 0.569961 0.200000
v -0.048016 0.540000 0.229961
v -0.055802 0.568693 0.228693
v -0.100000 0.400000 -0.200000
v -0.100000 0.460000 -0.260000
v -0.040000 0.460000 -0.200000
v -0.100000 0.408016 -0.229961
v -0.070039 0.408016 -0.200000
v -0.071307 0.415802 -0.228693
v -0.070039 0.460000 -0.251984
v -0.100000 0.430039 -0.251984
v -0.071307 0.431307 -0.244198
v -0.048016 0.430039 -0.200000
v -0.048016 0.460000 -0.229961
v -0.055802 0.431307 -0.228693
v -0.100000 0.600000 -0.200000
v -0.040000 0.540000 -0.200000
v -0.100000 0.540000 -0.260000
v -0.070039 0.591984 -0.200000
v -0.100000 0.591984 -0.229961
v -0.071307 0.584198 -0.228693
v -0.048016 0.540000 -0.229961
v -0.048016 0.569961 -0.200000
v -0.055802 0.568693 -0.228693
v -0.100000 0.569961 -0.251984
v -0.070039 0.540000 -0.251984
v -0.071307 0.568693 -0.244198
v 0.290000 0.500000 0.160000
v 0.280097 0.500000 0.116612
v 0.252349 0.500000 0.081817
v 0.212252 0.500000 0.062507
v 0.167748 0.500000 0.062507
v 0.127651 0.500000 0.081817
v 0.099903 0.500000 0.116612
v 0.090000 0.500000 0.160000
v 0.099903 0.500000 0.203388
v 0.127651 0.500000 0.238183
v 0.167748 0.500000 0.257493
v 0.212252 0.500000 0.257493
v 0.252349 0.500000 0.238183
v 0.280097 0.500000 0.203388
v 0.290000 2.700000 0.160000
v 0.280097 2.700000 0.116612
v 0.252349 2.700000 0.081817
v 0.212252 2.700000 0.062507
v 0.167748 2.700000 0.062507
v 0.127651 2.700000 0.081817
v 0.099903 2.700000 0.116612
v 0.090000 2.700000 0.160000
v 0.099903 2.700000 0.203388
v 0.127651 2.700000 0.238183
v 0.167748 2.700000 0.257493
v 0.212252 2.700000 0.257493
v 0.252349 2.700000 0.238183
v 0.280097 2.700000 0.203388
v 0.290000 0.500000 -0.160000
v 0.280097 0.500000 -0.203388
v 0.252349 0.500000 -0.238183
v 0.212252 0.500000 -0.257493
v 0.167748 0.500000 -0.257493
v 0.127651 0.500000 -0.238183
v 0.099903 0.500000 -0.203388
v 0.090000 0.500000 -0.160000
v 0.099903 0.500000 -0.116612
v 0.127651 0.500000 -0.081817
v 0.167748 0.500000 -0.062507
v 0.212252 0.500000 -0.062507
v 0.252349 0.500000 -0.081817
v 0.280097 0.500000 -0.116612
v 0.290000 2.700000 -0.160000
v 0.280097 2.700000 -0.203388
v 0.252349 2.700000 -0.238183
v 0.212252 2.700000 -0.257493
v 0.167748 2.700000 -0.257493
v 0.127651 2.700000 -0.238183
v 0.099903 2.700000 -0.203388
v 0.090000 2.700000 -0.160000
v 0.099903 2.700000 -0.116612
v 0.127651 2.700000 -0.081817
v 0.167748 2.700000 -0.062507
v 0.212252 2.700000 -0.062507
v 0.252349 2.700000 -0.081817
v 0.280097 2.700000 -0.116612
v 0.100000 2.620000 0.200000
v 0.100000 2.680000 0.260000
v 0.040000 2.680000 0.200000
v 0.100000 2.628016 0.229961
v 0.070039 2.628016 0.200000
v 0.071307 2.635803 0.228693
v 0.070039 2.680000 0.251984
v 0.100000 2.650040 0.251984
v 0.071307 2.651308 0.244198
v 0.048016 2.650040 0.200000
v 0.048016 2.680000 0.229961
v 0.055802 2.651308 0.228693
v 0.100000 2.760000 0.260000
v 0.100000 2.820000 0.200000
v 0.040000 2.760000 0.200000
v 0.100000 2.789961 0.251984
v 0.070039 2.760000 0.251984
v 0.071307 2.788693 0.244198
v 0.070039 2.811984 0.200000
v 0.100000 2.811984 0.229961
v 0.071307 2.804198 0.228693
v 0.048016 2.760000 0.229961
v 0.048016 2.789961 0.200000
v 0.055802 2.788693 0.228693
v 0.100000 2.620000 -0.200000
v 0.040000 2.680000 -0.200000
v 0.100000 2.680000 -0.260000
v 0.070039 2.628016 -0.200000
v 0.100000 2.628016 -0.229961
v 0.071307 2.635803 -0.228693
v 0.048016 2.680000 -0.229961
v 0.048016 2.650040 -0.200000
v 0.055802 2.651308 -0.228693
v 0.100000 2.650040 -0.251984
v 0.070039 2.680000 -0.251984
v 0.071307 2.651308 -0.244198
v 0.100000 2.820000 -0.200000
v 0.100000 2.760000 -0.260000
v 0.040000 2.760000 -0.200000
v 0.100000 2.811984 -0.229961
v 0.070039 2.811984 -0.200000
v 0.071307 2.804198 -0.228693
v 0.070039 2.760000 -0.251984
v 0.100000 2.789961 -0.251984
v 0.071307 2.788693 -0.244198
v 0.048016 2.789961 -0.200000
v 0.048016 2.760000 -0.229961
v 0.055802 2.788693 -0.228693
v 0.280000 2.620000 0.200000
v 0.340000 2.680000 0.200000
v 0.280000 2.680000 0.260000
v 0.309961 2.628016 0.200000
v 0.280000 2.628016 0.229961
v 0.308693 2.635803 0.228693
v 0.331984 2.680000 0.229961
v 0.331984 2.650040 0.200000
v 0.324198 2.651308 0.228693
v 0.280000 2.650040 0.251984
v 0.309961 2.680000 0.251984
v 0.308693 2.651308 0.244198
v 0.280000 2.820000 0.200000
v 0.280000 2.760000 0.260000
v 0.340000 2.760000 0.200000
v 0.280000 2.811984 0.229961
v 0.309961 2.811984 0.200000
v 0.308693 2.804198 0.228693
v 0.309961 2.760000 0.251984
v 0.280000 2.789961 0.251984
v 0.308693 2.788693 0.244198
v 0.331984 2.789961 0.200000
v 0.331984 2.760000 0.229961
v 0.324198 2.788693 0.228693
v 0.280000 2.620000 -0.200000
v 0.280000 2.680000 -0.260000
v 0.340000 2.680000 -0.200000
v 0.280000 2.628016 -0.229961
v 0.309961 2.628016 -0.200000
v 0.308693 2.635803 -0.228693
v 0.309961 2.680000 -0.251984
v 0.280000 2.650040 -0.251984
v 0.308693 2.651308 -0.244198
v 0.331984 2.650040 -0.200000
v 0.331984 2.680000 -0.229961
v 0.324198 2.651308 -0.228693
v 0.280000 2.820000 -0.200000
v 0.340000 2.760000 -0.200000
v 0.280000 2.760000 -0.260000
v 0.309961 2.811984 -0.200000
v 0.280000 2.811984 -0.229961
v 0.308693 2.804198 -0.228693
v 0.331984 2.760000 -0.229961
v 0.331984 2.789961 -0.200000
v 0.324198 2.788693 -0.228693
v 0.280000 2.789961 -0.251984
v 0.309961 2.760000 -0.251984
v 0.308693 2.788693 -0.244198
v 0.100000 0.400000 0.200000
v 0.100000 0.460000 0.260000
v 0.040000 0.460000 0.200000
v 0.100000 0.408016 0.229961
v 0.070039 0.408016 0.200000
v 0.071307 0.415802 0.228693
v 0.070039 0.460000 0.251984
v 0.100000 0.430039 0.251984
v 0.071307 0.431307 0.244198
v 0.048016 0.430039 0.200000
v 0.048016 0.460000 0.229961
v 0.055802 0.431307 0.228693
v 0.100000 0.540000 0.260000
v 0.100000 0.600000 0.200000
v 0.040000 0.540000 0.200000
v 0.100000 0.569961 0.251984
v 0.070039 0.540000 0.251984
v 0.071307 0.568693 0.244198
v 0.070039 0.591984 0.200000
v 0.100000 0.591984 0.229961
v 0.071307 0.584198 0.228693
v 0.048016 0.540000 0.229961
v 0.048016 0.569961 0.200000
v 0.055802 0.568693 0.228693
v 0.100000 0.400000 -0.200000
v 0.040000 0.460000 -0.200000
v 0.100000 0.460000 -0.260000
v 0.070039 0.408016 -0.200000
v 0.100000 0.408016 -0.229961
v 0.071307 0.415802 -0.228693
v 0.048016 0.460000 -0.229961
v 0.048016 0.430039 -0.200000
v 0.055802 0.431307 -0.228693
v 0.100000 0.430039 -0.251984
v 0.070039 0.460000 -0.251984
v 0.071307 0.431307 -0.244198
v 0.100000 0.600000 -0.200000
v 0.100000 0.540000 -0.260000
v 0.040000 0.540000 -0.200000
v 0.100000 0.591984 -0.229961
v 0.070039 0.591984 -0.200000
v 0.071307 0.584198 -0.228693
v 0.070039 0.540000 -0.251984
v 0.100000 0.569961 -0.251984
v 0.071307 0.568693 -0.244198
v 0.048016 0.569961 -0.200000
v 0.048016 0.540000 -0.229961
v 0.055802 0.568693 -0.228693
v 0.280000 0.400000 0.200000
v 0.340000 0.460000 0.200000
v 0.280000 0.460000 0.260000
v 0.309961 0.408016 0.200000
v 0.280000 0.408016 0.229961
v 0.308693 0.415802 0.228693
v 0.331984 0.460000 0.229961
v 0.331984 0.430039 0.200000
v 0.324198 0.431307 0.228693
v 0.280000 0.430039 0.251984
v 0.309961 0.460000 0.251984
v 0.308693 0.431307 0.244198
v 0.280000 0.600000 0.200000
v 0.280000 0.540000 0.260000
v 0.340000 0.540000 0.200000
v 0.280000 0.591984 0.229961
v 0.309961 0.591984 0.200000
v 0.308693 0.584198 0.228693
v 0.309961 0.540000 0.251984
v 0.280000 0.569961 0.251984
v 0.308693 0.568693 0.244198
v 0.331984 0.569961 0.200000
v 0.331984 0.540000 0.229961
v 0.324198 0.568693 0.228693
v 0.280000 0.400000 -0.200000
v 0.280000 0.460000 -0.260000
v 0.340000 0.460000 -0.200000
v 0.280000 0.408016 -0.229961
v 0.309961 0.408016 -0.200000
v 0.308693 0.415802 -0.228693
v 0.309961 0.460000 -0.251984
v 0.280000 0.430039 -0.251984
v 0.308693 0.431307 -0.244198
v 0.331984 0.430039 -0.200000
v 0.331984 0.460000 -0.229961
v 0.324198 0.431307 -0.228693
v 0.280000 0.600000 -0.200000
v 0.340000 0.540000 -0.200000
v 0.280000 0.540000 -0.260000
v 0.309961 0.591984 -0.200000
v 0.280000 0.591984 -0.229961
v 0.308693 0.584198 -0.228693
v 0.331984 0.540000 -0.229961
v 0.331984 0.569961 -0.200000
v 0.324198 0.568693 -0.228693
v 0.280000 0.569961 -0.251984
v 0.309961 0.540000 -0.251984
v 0.308693 0.568693 -0.244198
v 0.670000 0.500000 0.160000
v 0.660097 0.500000 0.116612
v 0.632349 0.500000 0.081817
v 0.592252 0.500000 0.062507
v 0.547748 0.500000 0.062507
v 0.507651 0.500000 0.081817
v 0.479903 0.500000 0.116612
v 0.470000 0.500000 0.160000
v 0.479903 0.500000 0.203388
v 0.507651 0.500000 0.238183
v 0.547748 0.500000 0.257493
v 0.592252 0.500000 0.257493
v 0.632349 0.500000 0.238183
v 0.660097 0.500000 0.203388
v 0.670000 2.700000 0.160000
v 0.660097 2.700000 0.116612
v 0.632349 2.700000 0.081817
v 0.592252 2.700000 0.062507
v 0.547748 2.700000 0.062507
v 0.507651 2.700000 0.081817
v 0.479903 2.700000 0.116612
v 0.470000 2.700000 0.160000
v 0.479903 2.700000 0.203388
v 0.507651 2.700000 0.238183
v 0.547748 2.700000 0.257493
v 0.592252 2.700000 0.257493
v 0.632349 2.700000 0.238183
v 0.660097 2.700000 0.203388
v 0.670000 0.500000 -0.160000
v 0.660097 0.500000 -0.203388
v 0.632349 0.500000 -0.238183
v 0.592252 0.500000 -0.257493
v 0.547748 0.500000 -0.257493
v 0.507651 0.500000 -0.238183
v 0.479903 0.500000 -0.203388
v 0.470000 0.500000 -0.160000
v 0.479903 0.500000 -0.116612
v 0.507651 0.500000 -0.081817
v 0.547748 0.500000 -0.062507
v 0.592252 0.500000 -0.062507
v 0.632349 0.500000 -0.081817
v 0.660097 0.500000 -0.116612
v 0.670000 2.700000 -0.160000
v 0.660097 2.700000 -0.203388
v 0.632349 2.700000 -0.238183
v 0.592252 2.700000 -0.257493
v 0.547748 2.700000 -0.257493
v 0.507651 2.700000 -0.238183
v 0.479903 2.700000 -0.203388
v 0.470000 2.700000 -0.160000
v 0.479903 2.700000 -0.116612
v 0.507651 2.700000 -0.081817
v 0.547748 2.700000 -0.062507
v 0.592252 2.700000 -0.062507
v 0.632349 2.700000 -0.081817
v 0.660097 2.700000 -0.116612
v 0.480000 2.620000 0.200000
v 0.480000 2.680000 0.260000
v 0.420000 2.680000 0.200000
v 0.480000 2.628016 0.229961
v 0.450039 2.628016 0.200000
v 0.451307 2.635803 0.228693
v 0.450039 2.680000 0.251984
v 0.480000 2.650040 0.251984
v 0.451307 2.651308 0.244198
v 0.428016 2.650040 0.200000
v 0.428016 2.680000 0.229961
v 0.435802 2.651308 0.228693
v 0.480000 2.760000 0.260000
v 0.480000 2.820000 0.200000
v 0.420000 2.760000 0.200000
v 0.480000 2.789961 0.251984
v 0.450039 2.760000 0.251984
v 0.451307 2.788693 0.244198
v 0.450039 2.811984 0.200000
v 0.480000 2.811984 0.229961
v 0.451307 2.804198 0.228693
v 0.428016 2.760000 0.229961
v 0.428016 2.789961 0.200000
v 0.435802 2.788693 0.228693
v 0.480000 2.620000 -0.200000
v 0.420000 2.680000 -0.200000
v 0.480000 2.680000 -0.260000
v 0.450039 2.628016 -0.200000
v 0.480000 2.628016 -0.229961
v 0.451307 2.635803 -0.228693
v 0.428016 2.680000 -0.229961
v 0.428016 2.650040 -0.200000
v 0.435802 2.651308 -0.228693
v 0.480000 2.650040 -0.251984
v 0.450039 2.680000 -0.251984
v 0.451307 2.651308 -0.244198
v 0.480000 2.820000 -0.200000
v 0.480000 2.760000 -0.260000
v 0.420000 2.760000 -0.200000
v 0.480000 2.811984 -0.229961
v 0.450039 2.811984 -0.200000
v 0.451307 2.804198 -0.228693
v 0.450039 2.760000 -0.251984
v 0.480000 2.789961 -0.251984
v 0.451307 2.788693 -0.244198
v 0.428016 2.789961 -0.200000
v 0.428016 2.760000 -0.229961
v 0.435802 2.788693 -0.228693
v 0.660000 2.620000 0.200000
v 0.720000 2.680000 0.200000
v 0.660000 2.680000 0.260000
v 0.689961 2.628016 0.200000
v 0.660000 2.628016 0.229961
v 0.688693 2.635803 0.228693
v 0.711984 2.680000 0.229961
v 0.711984 2.650040 0.200000
v 0.704198 2.651308 0.228693
v 0.660000 2.650040 0.251984
v 0.689961 2.680000 0.251984
v 0.688693 2.651308 0.244198
v 0.660000 2.820000 0.200000
v 0.660000 2.760000 0.260000
v 0.720000 2.760000 0.200000
v 0.660000 2.811984 0.229961
v 0.689961 2.811984 0.200000
v 0.688693 2.804198 0.228693
v 0.689961 2.760000 0.251984
v 0.660000 2.789961 0.251984
v 0.688693 2.788693 0.244198
v 0.711984 2.789961 0.200000
v 0.711984 2.760000 0.229961
v 0.704198 2.788693 0.228693
v 0.660000 2.620000 -0.200000
v 0.660000 2.680000 -0.260000
v 0.720000 2.680000 -0.200000
v 0.660000 2.628016 -0.229961
v 0.689961 2.628016 -0.200000
v 0.688693 2.635803 -0.228693
v 0.689961 2.680000 -0.251984
v 0.660000 2.650040 -0.251984
v 0.688693 2.651308 -0.244198
v 0.711984 2.650040 -0.200000
v 0.711984 2.680000 -0.229961
v 0.704198 2.651308 -0.228693
v 0.660000 2.820000 -0.200000
v 0.720000 2.760000 -0.200000
v 0.660000 2.760000 -0.260000
v 0.689961 2.811984 -0.200000
v 0.660000 2.811984 -0.229961
v 0.688693 2.804198 -0.228693
v 0.711984 2.760000 -0.229961
v 0.711984 2.789961 -0.200000
v 0.704198 2.788693 -0.228693
v 0.660000 2.789961 -0.251984
v 0.689961 2.760000 -0.251984
v 0.688693 2.788693 -0.244198
v 0.480000 0.400000 0.200000
v 0.480000 0.460000 0.260000
v 0.420000 0.460000 0.200000
v 0.480000 0.408016 0.229961
v 0.450039 0.408016 0.200000
v 0.451307 0.415802 0.228693
v 0.450039 0.460000 0.251984
v 0.480000 0.430039 0.251984
v 0.451307 0.431307 0.244198
v 0.428016 0.430039 0.200000
v 0.428016 0.460000 0.229961
v 0.435802 0.431307 0.228693
v 0.480000 0.540000 0.260000
v 0.480000 0.600000 0.200000
v 0.420000 0.540000 0.200000
v 0.480000 0.569961 0.251984
v 0.450039 0.540000 0.251984
v 0.451307 0.568693 0.244198
v 0.450039 0.591984 0.200000
v 0.480000 0.591984 0.229961
v 0.451307 0.584198 0.228693
v 0.428016 0.540000 0.229961
v 0.428016 0.569961 0.200000
v 0.435802 0.568693 0.228693
v 0.480000 0.400000 -0.200000
v 0.420000 0.460000 -0.200000
v 0.480000 0.460000 -0.260000
v 0.450039 0.408016 -0.200000
v 0.480000 0.408016 -0.229961
v 0.451307 0.415802 -0.228693
v 0.428016 0.460000 -0.229961
v 0.428016 0.430039 -0.200000
v 0.435802 0.431307 -0.228693
v 0.480000 0.430039 -0.251984
v 0.450039 0.460000 -0.251984
v 0.451307 0.431307 -0.244198
v 0.480000 0.600000 -0.200000
v 0.480000 0.540000 -0.260000
v 0.420000 0.540000 -0.200000
v 0.480000 0.591984 -0.229961
v 0.450039 0.591984 -0.200000
v 0.451307 0.584198 -0.228693
v 0.450039 0.540000 -0.251984
v 0.480000 0.569961 -0.251984
v 0.451307 0.568693 -0.244198
v 0.428016 0.569961 -0.200000
v 0.428016 0.540000 -0.229961
v 0.435802 0.568693 -0.228693
v 0.660000 0.400000 0.200000
v 0.720000 0.460000 0.200000
v 0.660000 0.460000 0.260000
v 0.689961 0.408016 0.200000
v 0.660000 0.408016 0.229961
v 0.688693 0.415802 0.228693
v 0.711984 0.460000 0.229961
v 0.711984 0.430039 0.200000
v 0.704198 0.431307 0.228693
v 0.660000 0.430039 0.251984
v 0.689961 0.460000 0.251984
v 0.688693 0.431307 0.244198
v 0.660000 0.600000 0.200000
v 0.660000 0.540000 0.260000
v 0.720000 0.540000 0.200000
v 0.660000 0.591984 0.229961
v 0.689961 0.591984 0.200000
v 0.688693 0.584198 0.228693
v 0.689961 0.540000 0.251984
v 0.660000 0.569961 0.251984
v 0.688693 0.568693 0.244198
v 0.711984 0.569961 0.200000
v 0.711984 0.540000 0.229961
v 0.704198 0.568693 0.228693
v 0.660000 0.400000 -0.200000
v 0.660000 0.460000 -0.260000
v 0.720000 0.460000 -0.200000
v 0.660000 0.408016 -0.229961
v 0.689961 0.408016 -0.200000
v 0.688693 0.415802 -0.228693
v 0.689961 0.460000 -0.251984
v 0.660000 0.430039 -0.251984
v 0.688693 0.431307 -0.244198
v 0.711984 0.430039 -0.200000
v 0.711984 0.460000 -0.229961
v 0.704198 0.431307 -0.228693
v 0.660000 0.600000 -0.200000
v 0.720000 0.540000 -0.200000
v 0.660000 0.540000 -0.260000
v 0.689961 0.591984 -0.200000
v 0.660000 0.591984 -0.229961
v 0.688693 0.584198 -0.228693
v 0.711984 0.540000 -0.229961
v 0.711984 0.569961 -0.200000
v 0.704198 0.568693 -0.228693
v 0.660000 0.569961 -0.251984
v 0.689961 0.540000 -0.251984
v 0.688693 0.568693 -0.244198
v 1.050000 0.500000 0.160000
v 1.040097 0.500000 0.116612
v 1.012349 0.500000 0.081817
v 0.972252 0.500000 0.062507
v 0.927748 0.500000 0.062507
v 0.887651 0.500000 0.081817
v 0.859903 0.500000 0.116612
v 0.850000 0.500000 0.160000
v 0.859903 0.500000 0.203388
v 0.887651 0.500000 0.238183
v 0.927748 0.500000 0.257493
v 0.972252 0.500000 0.257493
v 1.012349 0.500000 0.238183
v 1.040097 0.500000 0.203388
v 1.050000 2.700000 0.160000
v 1.040097 2.700000 0.116612
v 1.012349 2.700000 0.081817
v 0.972252 2.700000 0.062507
v 0.927748 2.700000 0.062507
v 0.887651 2.700000 0.081817
v 0.859903 2.700000 0.116612
v 0.850000 2.700000 0.160000
v 0.859903 2.700000 0.203388
v 0.887651 2.700000 0.238183
v 0.927748 2.700000 0.257493
v 0.972252 2.700000 0.257493
v 1.012349 2.700000 0.238183
v 1.040097 2.700000 0.203388
v 1.050000 0.500000 -0.160000
v 1.040097 0.500000 -0.203388
v 1.012349 0.500000 -0.238183
v 0.972252 0.500000 -0.257493
v 0.927748 0.500000 -0.257493
v 0.887651 0.500000 -0.238183
v 0.859903 0.500000 -0.203388
v 0.850000 0.500000 -0.160000
v 0.859903 0.500000 -0.116612
v 0.887651 0.500000 -0.081817
v 0.927748 0.500000 -0.062507
v 0.972252 0.500000 -0.062507
v 1.012349 0.500000 -0.081817
v 1.040097 0.500000 -0.116612
v 1.050000 2.700000 -0.160000
v 1.040097 2.700000 -0.203388
v 1.012349 2.700000 -0.238183
v 0.972252 2.700000 -0.257493
v 0.927748 2.700000 -0.257493
v 0.887651 2.700000 -0.238183
v 0.859903 2.700000 -0.203388
v 0.850000 2.700000 -0.160000
v 0.859903 2.700000 -0.116612
v 0.887651 2.700000 -0.081817
v 0.927748 2.700000 -0.062507
v 0.972252 2.700000 -0.062507
v 1.012349 2.700000 -0.081817
v 1.040097 2.700000 -0.116612
v 0.860000 2.620000 0.200000
v 0.860000 2.680000 0.260000
v 0.800000 2.680000 0.200000
v 0.860000 2.628016 0.229961
v 0.830039 2.628016 0.200000
v 0.831307 2.635803 0.228693
v 0.830039 2.680000 0.251984
v 0.860000 2.650040 0.251984
v 0.831307 2.651308 0.244198
v 0.808016 2.650040 0.200000
v 0.808016 2.680000 0.229961
v 0.815802 2.651308 0.228693
v 0.860000 2.760000 0.260000
v 0.860000 2.820000 0.200000
v 0.800000 2.760000 0.200000
v 0.860000 2.789961 0.251984
v 0.830039 2.760000 0.251984
v 0.831307 2.788693 0.244198
v 0.830039 2.811984 0.200000
v 0.860000 2.811984 0.229961
v 0.831307 2.804198 0.228693
v 0.808016 2.760000 0.229961
v 0.808016 2.789961 0.200000
v 0.815802 2.788693 0.228693
v 0.860000 2.620000 -0.200000
v 0.800000 2.680000 -0.200000
v 0.860000 2.680000 -0.260000
v 0.830039 2.628016 -0.200000
v 0.860000 2.628016 -0.229961
v 0.831307 2.635803 -0.228693
v 0.808016 2.680000 -0.229961
v 0.808016 2.650040 -0.200000
v 0.815802 2.651308 -0.228693
v 0.860000 2.650040 -0.251984
v 0.830039 2.680000 -0.251984
v 0.831307 2.651308 -0.244198
v 0.860000 2.820000 -0.200000
v 0.860000 2.760000 -0.260000
v 0.800000 2.760000 -0.200000
v 0.860000 2.811984 -0.229961
v 0.830039 2.811984 -0.200000
v 0.831307 2.804198 -0.228693
v 0.830039 2.760000 -0.251984
v 0.860000 2.789961 -0.251984
v 0.831307 2.788693 -0.244198
v 0.808016 2.789961 -0.200000
v 0.808016 2.760000 -0.229961
v 0.815802 2.788693 -0.228693
v 1.040000 2.620000 0.200000
v 1.100000 2.680000 0.200000
v 1.040000 2.680000 0.260000
v 1.069961 2.628016 0.200000
v 1.040000 2.628016 0.229961
v 1.068693 2.635803 0.228693
v 1.091984 2.680000 0.229961
v 1.091984 2.650040 0.200000
v 1.084198 2.651308 0.228693
v 1.040000 2.650040 0.251984
v 1.069961 2.680000 0.251984
v 1.068693 2.651308 0.244198
v 1.040000 2.820000 0.200000
v 1.040000 2.760000 0.260000
v 1.100000 2.760000 0.200000
v 1.040000 2.811984 0.229961
v 1.069961 2.811984 0.200000
v 1.068693 2.804198 0.228693
v 1.069961 2.760000 0.251984
v 1.040000 2.789961 0.251984
v 1.068693 2.788693 0.244198
v 1.091984 2.789961 0.200000
v 1.091984 2.760000 0.229961
v 1.084198 2.788693 0.228693
v 1.040000 2.620000 -0.200000
v 1.040000 2.680000 -0.260000
v 1.100000 2.680000 -0.200000
v 1.040000 2.628016 -0.229961
v 1.069961 2.628016 -0.200000
v 1.068693 2.635803 -0.228693
v 1.069961 2.680000 -0.251984
v 1.040000 2.650040 -0.251984
v 1.068693 2.651308 -0.244198
v 1.091984 2.650040 -0.200000
v 1.091984 2.680000 -0.229961
v 1.084198 2.651308 -0.228693
v 1.040000 2.820000 -0.200000
v 1.100000 2.760000 -0.200000
v 1.040000 2.760000 -0.260000
v 1.069961 2.811984 -0.200000
v 1.040000 2.811984 -0.229961
v 1.068693 2.804198 -0.228693
v 1.091984 2.760000 -0.229961
v 1.091984 2.789961 -0.200000
v 1.084198 2.788693 -0.228693
v 1.040000 2.789961 -0.251984
v 1.069961 2.760000 -0.251984
v 1.068693 2.788693 -0.244198
v 0.860000 0.400000 0.200000
v 0.860000 0.460000 0.260000
v 0.800000 0.460000 0.200000
v 0.860000 0.408016 0.229961
v 0.830039 0.408016 0.200000
v 0.831307 0.415802 0.228693
v 0.830039 0.460000 0.251984
v 0.860000 0.430039 0.251984
v 0.831307 0.431307 0.244198
v 0.808016 0.430039 0.200000
v 0.808016 0.460000 0.229961
v 0.815802 0.431307 0.228693
v 0.860000 0.540000 0.260000
v 0.860000 0.600000 0.200000
v 0.800000 0.540000 0.200000
v 0.860000 0.569961 0.251984
v 0.830039 0.540000 0.251984
v 0.831307 0.568693 0.244198
v 0.830039 0.591984 0.200000
v 0.860000 0.591984 0.229961
v 0.831307 0.584198 0.228693
v 0.808016 0.540000 0.229961
v 0.808016 0.569961 0.200000
v 0.815802 0.568693 0.228693
v 0.860000 0.400000 -0.200000
v 0.800000 0.460000 -0.200000
v 0.860000 0.460000 -0.260000
v 0.830039 0.408016 -0.200000
v 0.860000 0.408016 -0.229961
v 0.831307 0.415802 -0.228693
v 0.808016 0.460000 -0.229961
v 0.808016 0.430039 -0.200000
v 0.815802 0.431307 -0.228693
v 0.860000 0.430039 -0.251984
v 0.830039 0.460000 -0.251984
v 0.831307 0.431307 -0.244198
v 0.860000 0.600000 -0.200000
v 0.860000 0.540000 -0.260000
v 0.800000 0.540000 -0.200000
v 0.860000 0.591984 -0.229961
v 0.830039 0.591984 -0.200000
v 0.831307 0.584198 -0.228693
v 0.830039 0.540000 -0.251984
v 0.860000 0.569961 -0.251984
v 0.831307 0.568693 -0.244198
v 0.808016 0.569961 -0.200000
v 0.808016 0.540000 -0.229961
v 0.815802 0.568693 -0.228693
v 1.040000 0.400000 0.200000
v 1.100000 0.460000 0.200000
v 1.040000 0.460000 0.260000
v 1.069961 0.408016 0.200000
v 1.040000 0.408016 0.229961
v 1.068693 0.415802 0.228693
v 1.091984 0.460000 0.229961
v 1.091984 0.430039 0.200000
v 1.084198 0.431307 0.228693
v 1.040000 0.430039 0.251984
v 1.069961 0.460000 0.251984
v 1.068693 0.431307 0.244198
v 1.040000 0.600000 0.200000
v 1.040000 0.540000 0.260000
v 1.100000 0.540000 0.200000
v 1.040000 0.591984 0.229961
v 1.069961 0.591984 0.200000
v 1.068693 0.584198 0.228693
v 1.069961 0.540000 0.251984
v 1.040000 0.569961 0.251984
v 1.068693 0.568693 0.244198
v 1.091984 0.569961 0.200000
v 1.091984 0.540000 0.229961
v 1.084198 0.568693 0.228693
v 1.040000 0.400000 -0.200000
v 1.040000 0.460000 -0.260000
v 1.100000 0.460000 -0.200000
v 1.040000 0.408016 -0.229961
v 1.069961 0.408016 -0.200000
v 1.068693 0.415802 -0.228693
v 1.069961 0.460000 -0.251984
v 1.040000 0.430039 -0.251984
v 1.068693 0.431307 -0.244198
v 1.091984 0.430039 -0.200000
v 1.091984 0.460000 -0.229961
v 1.084198 0.431307 -0.228693
v 1.040000 0.600000 -0.200000
v 1.100000 0.540000 -0.200000
v 1.040000 0.540000 -0.260000
v 1.069961 0.591984 -0.200000
v 1.040000 0.591984 -0.229961
v 1.068693 0.584198 -0.228693
v 1.091984 0.540000 -0.229961
v 1.091984 0.569961 -0.200000
v 1.084198 0.568693 -0.228693
v 1.040000 0.569961 -0.251984
v 1.069961 0.540000 -0.251984
v 1.068693 0.568693 -0.244198
v 1.430000 0.500000 0.160000
v 1.420097 0.500000 0.116612
v 1.392349 0.500000 0.081817
v 1.352252 0.500000 0.062507
v 1.307748 0.500000 0.062507
v 1.267651 0.500000 0.081817
v 1.239903 0.500000 0.116612
v 1.230000 0.500000 0.160000
v 1.239903 0.500000 0.203388
v 1.267651 0.500000 0.238183
v 1.307748 0.500000 0.257493
v 1.352252 0.500000 0.257493
v 1.392349 0.500000 0.238183
v 1.420097 0.500000 0.203388
v 1.430000 2.700000 0.160000
v 1.420097 2.700000 0.116612
v 1.392349 2.700000 0.081817
v 1.352252 2.700000 0.062507
v 1.307748 2.700000 0.062507
v 1.267651 2.700000 0.081817
v 1.239903 2.700000 0.116612
v 1.230000 2.700000 0.160000
v 1.239903 2.700000 0.203388
v 1.267651 2.700000 0.238183
v 1.307748 2.700000 0.257493
v 1.352252 2.700000 0.257493
v 1.392349 2.700000 0.238183
v 1.420097 2.700000 0.203388
v 1.430000 0.500000 -0.160000
v 1.420097 0.500000 -0.203388
v 1.392349 0.500000 -0.238183
v 1.352252 0.500000 -0.257493
v 1.307748 0.500000 -0.257493
v 1.267651 0.500000 -0.238183
v 1.239903 0.500000 -0.203388
v 1.230000 0.500000 -0.160000
v 1.239903 0.500000 -0.116612
v 1.267651 0.500000 -0.081817
v 1.307748 0.500000 -0.062507
v 1.352252 0.500000 -0.062507
v 1.392349 0.500000 -0.081817
v 1.420097 0.500000 -0.116612
v 1.430000 2.700000 -0.160000
v 1.420097 2.700000 -0.203388
v 1.392349 2.700000 -0.238183
v 1.352252 2.700000 -0.257493
v 1.307748 2.700000 -0.257493
v 1.267651 2.700000 -0.238183
v 1.239903 2.700000 -0.203388
v 1.230000 2.700000 -0.160000
v 1.239903 2.700000 -0.116612
v 1.267651 2.700000 -0.081817
v 1.307748 2.700000 -0.062507
v 1.352252 2.700000 -0.062507
v 1.392349 2.700000 -0.081817
v 1.420097 2.700000 -0.116612
v 1.240000 2.620000 0.200000
v 1.240000 2.680000 0.260000
v 1.180000 2.680000 0.200000
v 1.240000 2.628016 0.229961
v 1.210039 2.628016 0.200000
v 1.211307 2.635803 0.228693
v 1.210039 2.680000 0.251984
v 1.240000 2.650040 0.251984
v 1.211307 2.651308 0.244198
v 1.188016 2.650040 0.200000
v 1.188016 2.680000 0.229961
v 1.195802 2.651308 0.228693
v 1.240000 2.760000 0.260000
v 1.240000 2.820000 0.200000
v 1.180000 2.760000 0.200000
v 1.240000 2.789961 0.251984
v 1.210039 2.760000 0.251984
v 1.211307 2.788693 0.244198
v 1.210039 2.811984 0.200000
v 1.240000 2.811984 0.229961
v 1.211307 2.804198 0.228693
v 1.188016 2.760000 0.229961
v 1.188016 2.789961 0.200000
v 1.195802 2.788693 0.228693
v 1.240000 2.620000 -0.200000
v 1.180000 2.680000 -0.200000
v 1.240000 2.680000 -0.260000
v 1.210039 2.628016 -0.200000
v 1.240000 2.628016 -0.229961
v 1.211307 2.635803 -0.228693
v 1.188016 2.680000 -0.229961
v 1.188016 2.650040 -0.200000
v 1.195802 2.651308 -0.228693
v 1.240000 2.650040 -0.251984
v 1.210039 2.680000 -0.251984
v 1.211307 2.651308 -0.244198
v 1.240000 2.820000 -0.200000
v 1.240000 2.760000 -0.260000
v 1.180000 2.760000 -0.200000
v 1.240000 2.811984 -0.229961
v 1.210039 2.811984 -0.200000
v 1.211307 2.804198 -0.228693
v 1.210039 2.760000 -0.251984
v 1.240000 2.789961 -0.251984
v 1.211307 2.788693 -0.244198
v 1.188016 2.789961 -0.200000
v 1.188016 2.760000 -0.229961
v 1.195802 2.788693 -0.228693
v 1.420000 2.620000 0.200000
v 1.480000 2.680000 0.200000
v 1.420000 2.680000 0.260000
v 1.449961 2.628016 0.200000
v 1.420000 2.628016 0.229961
v 1.448693 2.635803 0.228693
v 1.471984 2.680000 0.229961
v 1.471984 2.650040 0.200000
v 1.464198 2.651308 0.228693
v 1.420000 2.650040 0.251984
v 1.449961 2.680000 0.251984
v 1.448693 2.651308 0.244198
v 1.420000 2.820000 0.200000
v 1.420000 2.760000 0.260000
v 1.480000 2.760000 0.200000
v 1.420000 2.811984 0.229961
v 1.449961 2.811984 0.200000
v 1.448693 2.804198 0.228693
v 1.449961 2.760000 0.251984
v 1.420000 2.789961 0.251984
v 1.448693 2.788693 0.244198
v 1.471984 2.789961 0.200000
v 1.471984 2.760000 0.229961
v 1.464198 2.788693 0.228693
v 1.420000 2.620000 -0.200000
v 1.420000 2.680000 -0.260000
v 1.480000 2.680000 -0.200000
v 1.420000 2.628016 -0.229961
v 1.449961 2.628016 -0.200000
v 1.448693 2.635803 -0.228693
v 1.449961 2.680000 -0.251984
v 1.420000 2.650040 -0.251984
v 1.448693 2.651308 -0.244198
v 1.471984 2.650040 -0.200000
v 1.471984 2.680000 -0.229961
v 1.464198 2.651308 -0.228693
v 1.420000 2.820000 -0.200000
v 1.480000 2.760000 -0.200000
v 1.420000 2.760000 -0.260000
v 1.449961 2.811984 -0.200000
v 1.420000 2.811984 -0.229961
v 1.448693 2.804198 -0.228693
v 1.471984 2.760000 -0.229961
v 1.471984 2.789961 -0.200000
v 1.464198 2.788693 -0.228693
v 1.420000 2.789961 -0.251984
v 1.449961 2.760000 -0.251984
v 1.448693 2.788693 -0.244198
v 1.240000 0.400000 0.200000
v 1.240000 0.460000 0.260000
v 1.180000 0.460000 0.200000
v 1.240000 0.408016 0.229961
v 1.210039 0.408016 0.200000
v 1.211307 0.415802 0.228693
v 1.210039 0.460000 0.251984
v 1.240000 0.430039 0.251984
v 1.211307 0.431307 0.244198
v 1.188016 0.430039 0.200000
v 1.188016 0.460000 0.229961
v 1.195802 0.431307 0.228693
v 1.240000 0.540000 0.260000
v 1.240000 0.600000 0.200000
v 1.180000 0.540000 0.200000
v 1.240000 0.569961 0.251984
v 1.210039 0.540000 0.251984
v 1.211307 0.568693 0.244198
v 1.210039 0.591984 0.200000
v 1.240000 0.591984 0.229961
v 1.211307 0.584198 0.228693
v 1.188016 0.540000 0.229961
v 1.188016 0.569961 0.200000
v 1.195802 0.568693 0.228693
v 1.240000 0.400000 -0.200000
v 1.180000 0.460000 -0.200000
v 1.240000 0.460000 -0.260000
v 1.210039 0.408016 -0.200000
v 1.240000 0.408016 -0.229961
v 1.211307 0.415802 -0.228693
v 1.188016 0.460000 -0.229961
v 1.188016 0.430039 -0.200000
v 1.195802 0.431307 -0.228693
v 1.240000 0.430039 -0.251984
v 1.210039 0.460000 -0.251984
v 1.211307 0.431307 -0.244198
v 1.240000 0.600000 -0.200000
v 1.240000 0.540000 -0.260000
v 1.180000 0.540000 -0.200000
v 1.240000 0.591984 -0.229961
v 1.210039 0.591984 -0.200000
v 1.211307 0.584198 -0.228693
v 1.210039 0.540000 -0.251984
v 1.240000 0.569961 -0.251984
v 1.211307 0.568693 -0.244198
v 1.188016 0.569961 -0.200000
v 1.188016 0.540000 -0.229961
v 1.195802 0.568693 -0.228693
v 1.420000 0.400000 0.200000
v 1.480000 0.460000 0.200000
v 1.420000 0.460000 0.260000
v 1.449961 0.408016 0.200000
v 1.420000 0.408016 0.229961
v 1.448693 0.415802 0.228693
v 1.471984 0.460000 0.229961
v 1.471984 0.430039 0.200000
v 1.464198 0.431307 0.228693
v 1.420000 0.430039 0.251984
v 1.449961 0.460000 0.251984
v 1.448693 0.431307 0.244198
v 1.420000 0.600000 0.200000
v 1.420000 0.540000 0.260000
v 1.480000 0.540000 0.200000
v 1.420000 0.591984 0.229961
v 1.449961 0.591984 0.200000
v 1.448693 0.584198 0.228693
v 1.449961 0.540000 0.251984
v 1.420000 0.569961 0.251984
v 1.448693 0.568693 0.244198
v 1.471984 0.569961 0.200000
v 1.471984 0.540000 0.229961
v 1.464198 0.568693 0.228693
v 1.420000 0.400000 -0.200000
v 1.420000 0.460000 -0.260000
v 1.480000 0.460000 -0.200000
v 1.420000 0.408016 -0.229961
v 1.449961 0.408016 -0.200000
v 1.448693 0.415802 -0.228693
v 1.449961 0.460000 -0.251984
v 1.420000 0.430039 -0.251984
v 1.448693 0.431307 -0.244198
v 1.471984 0.430039 -0.200000
v 1.471984 0.460000 -0.229961
v 1.464198 0.431307 -0.228693
v 1.420000 0.600000 -0.200000
v 1.480000 0.540000 -0.200000
v 1.420000 0.540000 -0.260000
v 1.449961 0.591984 -0.200000
v 1.420000 0.591984 -0.229961
v 1.448693 0.584198 -0.228693
v 1.471984 0.540000 -0.229961
v 1.471984 0.569961 -0.200000
v 1.464198 0.568693 -0.228693
v 1.420000 0.569961 -0.251984
v 1.449961 0.540000 -0.251984
v 1.448693 0.568693 -0.244198
v -1.230000 0.000000 0.250000
v -1.230000 0.050000 0.300000
v -1.280000 0.050000 0.250000
v -1.230000 0.014645 0.285355
v -1.258868 0.021132 0.278868
v -1.265355 0.050000 0.285355
v -1.265355 0.014645 0.250000
v -1.230000 0.370000 0.300000
v -1.230000 0.420000 0.250000
v -1.280000 0.370000 0.250000
v -1.230000 0.405355 0.285355
v -1.258868 0.398868 0.278867
v -1.265355 0.405355 0.250000
v -1.265355 0.370000 0.285355
v -1.230000 -0.000000 -0.250000
v -1.280000 0.050000 -0.250000
v -1.230000 0.050000 -0.300000
v -1.265355 0.014645 -0.250000
v -1.258868 0.021132 -0.278868
v -1.265355 0.050000 -0.285355
v -1.230000 0.014645 -0.285355
v -1.230000 0.420000 -0.250000
v -1.230000 0.370000 -0.300000
v -1.280000 0.370000 -0.250000
v -1.230000 0.405355 -0.285355
v -1.258868 0.398868 -0.278868
v -1.265355 0.370000 -0.285355
v -1.265355 0.405355 -0.250000
v -1.050000 0.000000 0.250000
v -1.000000 0.050000 0.250000
v -1.050000 0.050000 0.300000
v -1.014645 0.014645 0.250000
v -1.021132 0.021132 0.278868
v -1.014645 0.050000 0.285355
v -1.050000 0.014645 0.285355
v -1.050000 0.420000 0.250000
v -1.050000 0.370000 0.300000
v -1.000000 0.370000 0.250000
v -1.050000 0.405355 0.285355
v -1.021132 0.398868 0.278867
v -1.014645 0.370000 0.285355
v -1.014645 0.405355 0.250000
v -1.050000 -0.000000 -0.250000
v -1.050000 0.050000 -0.300000
v -1.000000 0.050000 -0.250000
v -1.050000 0.014645 -0.285355
v -1.021132 0.021132 -0.278868
v -1.014645 0.050000 -0.285355
v -1.014645 0.014645 -0.250000
v -1.050000 0.420000 -0.250000
v -1.000000 0.370000 -0.250000
v -1.050000 0.370000 -0.300000
v -1.014645 0.405355 -0.250000
v -1.021132 0.398868 -0.278868
v -1.014645 0.370000 -0.285355
v -1.050000 0.405355 -0.285355
v 1.050000 0.000000 0.250000
v 1.050000 0.050000 0.300000
v 1.000000 0.050000 0.250000
v 1.050000 0.014645 0.285355
v 1.021132 0.021132 0.278868
v 1.014645 0.050000 0.285355
v 1.014645 0.014645 0.250000
v 1.050000 0.370000 0.300000
v 1.050000 0.420000 0.250000
v 1.000000 0.370000 0.250000
v 1.050000 0.405355 0.285355
v 1.021132 0.398868 0.278867
v 1.014645 0.405355 0.250000
v 1.014645 0.370000 0.285355
v 1.050000 -0.000000 -0.250000
v 1.000000 0.050000 -0.250000
v 1.050000 0.050000 -0.300000
v 1.014645 0.014645 -0.250000
v 1.021132 0.021132 -0.278868
v 1.014645 0.050000 -0.285355
v 1.050000 0.014645 -0.285355
v 1.050000 0.420000 -0.250000
v 1.050000 0.370000 -0.300000
v 1.000000 0.370000 -0.250000
v 1.050000 0.405355 -0.285355
v 1.021132 0.398868 -0.278868
v 1.014645 0.370000 -0.285355
v 1.014645 0.405355 -0.250000
v 1.230000 0.000000 0.250000
v 1.280000 0.050000 0.250000
v 1.230000 0.050000 0.300000
v 1.265355 0.014645 0.250000
v 1.258868 0.021132 0.278868
v 1.265355 0.050000 0.285355
v 1.230000 0.014645 0.285355
v 1.230000 0.420000 0.250000
v 1.230000 0.370000 0.300000
v 1.280000 0.370000 0.250000
v 1.230000 0.405355 0.285355
v 1.258868 0.398868 0.278867
v 1.265355 0.370000 0.285355
v 1.265355 0.405355 0.250000
v 1.230000 -0.000000 -0.250000
v 1.230000 0.050000 -0.300000
v 1.280000 0.050000 -0.250000
v 1.230000 0.014645 -0.285355
v 1.258868 0.021132 -0.278868
v 1.265355 0.050000 -0.285355
v 1.265355 0.014645 -0.250000
v 1.230000 0.420000 -0.250000
v 1.280000 0.370000 -0.250000
v 1.230000 0.370000 -0.300000
v 1.265355 0.405355 -0.250000
v 1.258868 0.398868 -0.278868
v 1.265355 0.370000 -0.285355
v 1.230000 0.405355 -0.285355
v -1.490000 0.430000 -0.000000
v -1.490000 0.439378 -0.035000
v -1.490000 0.465000 -0.060622
v -1.490000 0.500000 -0.070000
v -1.490000 0.535000 -0.060622
v -1.490000 0.560622 -0.035000
v -1.490000 0.570000 -0.000000
v -1.490000 0.560622 0.035000
v -1.490000 0.535000 0.060622
v -1.490000 0.500000 0.070000
v -1.490000 0.465000 0.060622
v -1.490000 0.439378 0.035000
v -1.350000 0.430000 -0.000000
v -1.350000 0.439378 -0.035000
v -1.350000 0.465000 -0.060622
v -1.350000 0.500000 -0.070000
v -1.350000 0.535000 -0.060622
v -1.350000 0.560622 -0.035000
v -1.350000 0.570000 -0.000000
v -1.350000 0.560622 0.035000
v -1.350000 0.535000 0.060622
v -1.350000 0.500000 0.070000
v -1.350000 0.465000 0.060622
v -1.350000 0.439378 0.035000
v -1.480000 0.380000 -0.000000
v -1.370000 0.400000 -0.000000
v -1.378373 0.400000 -0.042095
v -1.402218 0.400000 -0.077782
v -1.437905 0.400000 -0.101627
v -1.480000 0.400000 -0.110000
v -1.522095 0.400000 -0.101627
v -1.557782 0.400000 -0.077782
v -1.581627 0.400000 -0.042095
v -1.590000 0.400000 -0.000000
v -1.581627 0.400000 0.042095
v -1.557782 0.400000 0.077782
v -1.522095 0.400000 0.101627
v -1.480000 0.400000 0.110000
v -1.437905 0.400000 0.101627
v -1.402218 0.400000 0.077782
v -1.378373 0.400000 0.042095
v -1.360000 0.500000 -0.000000
v -1.369134 0.500000 -0.045922
v -1.395147 0.500000 -0.084853
v -1.434078 0.500000 -0.110866
v -1.480000 0.500000 -0.120000
v -1.525922 0.500000 -0.110866
v -1.564853 0.500000 -0.084853
v -1.590866 0.500000 -0.045922
v -1.600000 0.500000 -0.000000
v -1.590866 0.500000 0.045922
v -1.564853 0.500000 0.084853
v -1.525922 0.500000 0.110866
v -1.480000 0.500000 0.120000
v -1.434078 0.500000 0.110866
v -1.395147 0.500000 0.084853
v -1.369134 0.500000 0.045922
v -1.370000 0.600000 -0.000000
v -1.378373 0.600000 -0.042095
v -1.402218 0.600000 -0.077782
v -1.437905 0.600000 -0.101627
v -1.480000 0.600000 -0.110000
v -1.522095 0.600000 -0.101627
v -1.557782 0.600000 -0.077782
v -1.581627 0.600000 -0.042095
v -1.590000 0.600000 -0.000000
v -1.581627 0.600000 0.042095
v -1.557782 0.600000 0.077782
v -1.522095 0.600000 0.101627
v -1.480000 0.600000 0.110000
v -1.437905 0.600000 0.101627
v -1.402218 0.600000 0.077782
v -1.378373 0.600000 0.042095
v -1.480000 0.620000 -0.000000
v -1.450000 0.570000 -0.000000
v -1.458787 0.570000 -0.021213
v -1.480000 0.570000 -0.030000
v -1.501213 0.570000 -0.021213
v -1.510000 0.570000 -0.000000
v -1.501213 0.570000 0.021213
v -1.480000 0.570000 0.030000
v -1.458787 0.570000 0.021213
v -1.450000 0.870000 -0.000000
v -1.458787 0.870000 -0.021213
v -1.480000 0.870000 -0.030000
v -1.501213 0.870000 -0.021213
v -1.510000 0.870000 -0.000000
v -1.501213 0.870000 0.021213
v -1.480000 0.870000 0.030000
v -1.458787 0.870000 0.021213
v -1.480000 0.855000 -0.000000
v -1.320000 0.855000 -0.000000
v -1.327831 0.855000 -0.049443
v -1.350557 0.855000 -0.094046
v -1.385954 0.855000 -0.129443
v -1.430557 0.855000 -0.152169
v -1.480000 0.855000 -0.160000
v -1.529443 0.855000 -0.152169
v -1.574046 0.855000 -0.129443
v -1.609443 0.855000 -0.094046
v -1.632169 0.855000 -0.049443
v -1.640000 0.855000 -0.000000
v -1.632169 0.855000 0.049443
v -1.609443 0.855000 0.094046
v -1.574046 0.855000 0.129443
v -1.529443 0.855000 0.152169
v -1.480000 0.855000 0.160000
v -1.430557 0.855000 0.152169
v -1.385954 0.855000 0.129443
v -1.350557 0.855000 0.094046
v -1.327831 0.855000 0.049443
v -1.310000 0.880000 -0.000000
v -1.318320 0.880000 -0.052533
v -1.342467 0.880000 -0.099924
v -1.380077 0.880000 -0.137533
v -1.427467 0.880000 -0.161680
v -1.480000 0.880000 -0.170000
v -1.532533 0.880000 -0.161680
v -1.579924 0.880000 -0.137533
v -1.617533 0.880000 -0.099924
v -1.641680 0.880000 -0.052533
v -1.650000 0.880000 -0.000000
v -1.641680 0.880000 0.052533
v -1.617533 0.880000 0.099923
v -1.579924 0.880000 0.137533
v -1.532533 0.880000 0.161680
v -1.480000 0.880000 0.170000
v -1.427467 0.880000 0.161680
v -1.380077 0.880000 0.137533
v -1.342467 0.880000 0.099923
v -1.318320 0.880000 0.052533
v -1.320000 0.905000 -0.000000
v -1.327831 0.905000 -0.049443
v -1.350557 0.905000 -0.094046
v -1.385954 0.905000 -0.129443
v -1.430557 0.905000 -0.152169
v -1.480000 0.905000 -0.160000
v -1.529443 0.905000 -0.152169
v -1.574046 0.905000 -0.129443
v -1.609443 0.905000 -0.094046
v -1.632169 0.905000 -0.049443
v -1.640000 0.905000 -0.000000
v -1.632169 0.905000 0.049443
v -1.609443 0.905000 0.094046
v -1.574046 0.905000 0.129443
v -1.529443 0.905000 0.152169
v -1.480000 0.905000 0.160000
v -1.430557 0.905000 0.152169
v -1.385954 0.905000 0.129443
v -1.350557 0.905000 0.094046
v -1.327831 0.905000 0.049443
v -1.480000 0.905000 -0.000000
vn 0.9010 -0.0000 -0.4339
vn 1.0000 -0.0000 -0.0000
vn 0.6235 -0.0000 -0.7818
vn 0.2225 -0.0000 -0.9749
vn -0.2225 -0.0000 -0.9749
vn -0.6235 -0.0000 -0.7818
vn -0.9010 -0.0000 -0.4339
vn -1.0000 -0.0000 -0.0000
vn -0.9010 -0.0000 0.4339
vn -0.6235 -0.0000 0.7818
vn -0.2225 -0.0000 0.9749
vn 0.2225 -0.0000 0.9749
vn 0.6235 -0.0000 0.7818
vn 0.9010 -0.0000 0.4339
vn -0.0000 -1.0000 -0.0000
vn -0.0000 1.0000 -0.0000
vn -0.1216 -0.8623 0.4916
vn -0.4916 -0.8623 0.1216
vn -0.1280 -0.9835 0.1280
vn -0.4488 -0.4488 0.7727
vn -0.4488 -0.7727 0.4488
vn -0.4916 -0.1216 0.8623
vn -0.1216 -0.4916 0.8623
vn -0.1280 -0.1280 0.9835
vn -0.8623 -0.1216 0.4916
vn -0.8623 -0.4916 0.1216
vn -0.9835 -0.1280 0.1280
vn -0.7727 -0.4489 0.4488
vn -0.1216 0.4916 0.8623
vn -0.4916 0.1216 0.8623
vn -0.1280 0.1280 0.9835
vn -0.1216 0.8623 0.4916
vn -0.4488 0.4489 0.7727
vn -0.4916 0.8623 0.1216
vn -0.1280 0.9835 0.1280
vn -0.7727 0.4488 0.4488
vn -0.4488 0.7727 0.4488
vn -0.8623 0.1216 0.4916
vn -0.8623 0.4916 0.1216
vn -0.9835 0.1280 0.1280
vn -0.4916 -0.8623 -0.1216
vn -0.1216 -0.8623 -0.4916
vn -0.1280 -0.9835 -0.1280
vn -0.7727 -0.4489 -0.4488
vn -0.4488 -0.7727 -0.4488
vn -0.8623 -0.1216 -0.4916
vn -0.8623 -0.4916 -0.1216
vn -0.9835 -0.1280 -0.1280
vn -0.4488 -0.4488 -0.7727
vn -0.1216 -0.4916 -0.8623
vn -0.4916 -0.1216 -0.8623
vn -0.1280 -0.1280 -0.9835
vn -0.1216 0.8623 -0.4916
vn -0.4916 0.8623 -0.1216
vn -0.1280 0.9835 -0.1280
vn -0.4488 0.4489 -0.7727
vn -0.4488 0.7727 -0.4488
vn -0.4916 0.1216 -0.8623
vn -0.1216 0.4916 -0.8623
vn -0.1280 0.1280 -0.9835
vn -0.8623 0.1216 -0.4916
vn -0.8623 0.4916 -0.1216
vn -0.9835 0.1280 -0.1280
vn -0.7727 0.4489 -0.4488
vn 0.4916 -0.8623 0.1216
vn 0.1216 -0.8623 0.4916
vn 0.1280 -0.9835 0.1280
vn 0.7727 -0.4488 0.4488
vn 0.4488 -0.7727 0.4488
vn 0.8623 -0.1216 0.4916
vn 0.8623 -0.4916 0.1216
vn 0.9835 -0.1280 0.1280
vn 0.4916 -0.1216 0.8623
vn 0.1216 -0.4916 0.8623
vn 0.1280 -0.1280 0.9835
vn 0.4488 -0.4488 0.7727
vn 0.1216 0.8623 0.4916
vn 0.4916 0.8623 0.1216
vn 0.1280 0.9835 0.1280
vn 0.4488 0.4489 0.7727
vn 0.4488 0.7727 0.4488
vn 0.4916 0.1216 0.8623
vn 0.1216 0.4916 0.8623
vn 0.1280 0.1280 0.9835
vn 0.7727 0.4488 0.4489
vn 0.8623 0.4916 0.1216
vn 0.8623 0.1216 0.4916
vn 0.9835 0.1280 0.1280
vn 0.1216 -0.8623 -0.4916
vn 0.4916 -0.8623 -0.1216
vn 0.1280 -0.9835 -0.1280
vn 0.4488 -0.4488 -0.7727
vn 0.4488 -0.7727 -0.4488
vn 0.4916 -0.1216 -0.8623
vn 0.1216 -0.4916 -0.8623
vn 0.1280 -0.1280 -0.9835
vn 0.8623 -0.1216 -0.4916
vn 0.8623 -0.4916 -0.1216
vn 0.9835 -0.1280 -0.1280
vn 0.7727 -0.4489 -0.4488
vn 0.4916 0.8623 -0.1216
vn 0.1216 0.8623 -0.4916
vn 0.1280 0.9835 -0.1280
vn 0.7727 0.4488 -0.4488
vn 0.4488 0.7727 -0.4488
vn 0.8623 0.1216 -0.4916
vn 0.8623 0.4916 -0.1216
vn 0.9835 0.1280 -0.1280
vn 0.4916 0.1216 -0.8623
vn 0.1216 0.4916 -0.8623
vn 0.1280 0.1280 -0.9835
vn 0.4488 0.4489 -0.7727
vn -0.4488 0.4488 0.7727
vn -0.7727 -0.4488 -0.4488
vn -0.7727 0.4488 -0.4488
vn -0.4488 0.4488 -0.7727
vn 0.4489 -0.7727 0.4488
vn 0.4488 0.4488 0.7727
vn 0.7727 0.4489 0.4488
vn 0.4489 -0.4488 -0.7727
vn 0.7727 0.4489 -0.4488
vn 0.4489 0.4488 -0.7727
vn -0.7727 -0.4488 0.4488
vn -0.4488 -0.4489 -0.7727
vn -0.4489 0.4488 -0.7727
vn 0.7727 -0.4489 0.4488
vn 0.4488 -0.4489 0.7727
vn 0.7727 0.4488 0.4488
vn 0.4488 -0.4489 -0.7727
vn 0.7727 -0.4488 -0.4488
vn 0.4488 0.4488 -0.7727
vn -0.4489 -0.4488 0.7727
vn -0.7727 0.4489 0.4488
vn 0.4489 0.7727 0.4488
vn 0.4489 0.7727 -0.4488
vn -0.4488 -0.4489 0.7727
vn -0.4489 -0.7727 -0.4488
vn 0.4489 -0.7727 -0.4488
vn -0.4489 0.7727 0.4488
vn -0.4489 -0.4488 -0.7727
vn -0.4489 0.7727 -0.4488
vn 0.7727 0.4488 -0.4489
vn -0.7727 0.4488 -0.4489
vn -0.1794 -0.9673 0.1794
vn -0.3251 -0.8881 0.3251
vn -0.3791 -0.9152 0.1369
vn -0.1794 -0.1794 0.9673
vn -0.3251 -0.3251 0.8881
vn -0.1369 -0.3791 0.9152
vn -0.9673 -0.1794 0.1794
vn -0.8881 -0.3251 0.3251
vn -0.9152 -0.1369 0.3791
vn -0.1794 0.1794 0.9673
vn -0.3251 0.3251 0.8881
vn -0.3791 0.1369 0.9152
vn -0.1794 0.9673 0.1794
vn -0.3251 0.8881 0.3251
vn -0.1369 0.9152 0.3791
vn -0.9673 0.1794 0.1794
vn -0.8881 0.3251 0.3251
vn -0.9152 0.3791 0.1369
vn -0.1794 -0.9673 -0.1794
vn -0.3251 -0.8881 -0.3251
vn -0.1369 -0.9152 -0.3791
vn -0.9673 -0.1794 -0.1794
vn -0.8881 -0.3251 -0.3251
vn -0.9152 -0.3791 -0.1369
vn -0.1794 -0.1794 -0.9673
vn -0.3251 -0.3251 -0.8881
vn -0.3791 -0.1369 -0.9152
vn -0.1794 0.9673 -0.1794
vn -0.3251 0.8881 -0.3251
vn -0.3791 0.9152 -0.1369
vn -0.1794 0.1794 -0.9673
vn -0.3251 0.3251 -0.8881
vn -0.1369 0.3791 -0.9152
vn -0.9673 0.1794 -0.1794
vn -0.8881 0.3251 -0.3251
vn -0.9152 0.1369 -0.3791
vn 0.1794 -0.9673 0.1794
vn 0.3251 -0.8881 0.3251
vn 0.1369 -0.9152 0.3791
vn 0.9673 -0.1794 0.1794
vn 0.8881 -0.3251 0.3251
vn 0.9152 -0.3791 0.1369
vn 0.1794 -0.1794 0.9673
vn 0.3251 -0.3251 0.8881
vn 0.3791 -0.1369 0.9152
vn 0.1794 0.9673 0.1794
vn 0.3251 0.8881 0.3251
vn 0.3791 0.9152 0.1369
vn 0.1794 0.1794 0.9673
vn 0.3251 0.3251 0.8881
vn 0.1369 0.3791 0.9152
vn 0.9673 0.1794 0.1794
vn 0.8881 0.3251 0.3251
vn 0.9152 0.1369 0.3791
vn 0.1794 -0.9673 -0.1794
vn 0.3251 -0.8881 -0.3251
vn 0.3791 -0.9152 -0.1369
vn 0.1794 -0.1794 -0.9673
vn 0.3251 -0.3251 -0.8881
vn 0.1369 -0.3791 -0.9152
vn 0.9673 -0.1794 -0.1794
vn 0.8881 -0.3251 -0.3251
vn 0.9152 -0.1369 -0.3791
vn 0.1794 0.9673 -0.1794
vn 0.3251 0.8881 -0.3251
vn 0.1369 0.9152 -0.3791
vn 0.9673 0.1794 -0.1794
vn 0.8881 0.3251 -0.3251
vn 0.9152 0.3791 -0.1369
vn 0.1794 0.1794 -0.9673
vn 0.3251 0.3251 -0.8881
vn 0.3791 0.1369 -0.9152
vn -0.3791 -0.9152 -0.1369
vn -0.9152 -0.3791 0.1369
vn -0.3791 -0.1369 0.9152
vn -0.3791 0.9152 0.1369
vn -0.9152 0.3791 -0.1369
vn -0.3791 0.1369 -0.9152
vn -0.9152 -0.1369 -0.3791
vn 0.1369 -0.9152 -0.3791
vn -0.1369 -0.3791 -0.9152
vn -0.1369 0.9152 -0.3791
vn 0.1369 0.3791 -0.9152
vn 0.9152 0.1369 -0.3791
vn 0.3791 -0.1369 -0.9152
vn 0.3791 -0.9152 0.1369
vn 0.9152 -0.3791 -0.1369
vn 0.3791 0.9152 -0.1369
vn 0.9152 0.3791 0.1369
vn 0.3791 0.1369 0.9152
vn 0.9152 -0.1369 0.3791
vn -0.1369 -0.9152 0.3791
vn 0.1369 -0.3791 0.9152
vn 0.1369 0.9152 0.3791
vn -0.1369 0.3791 0.9152
vn -0.0000 -0.8660 -0.5000
vn -0.0000 -0.5000 -0.8660
vn -0.0000 -0.0000 -1.0000
vn -0.0000 0.5000 -0.8660
vn -0.0000 0.8660 -0.5000
vn -0.0000 0.8660 0.5000
vn -0.0000 0.5000 0.8660
vn -0.0000 -0.0000 1.0000
vn -0.0000 -0.5000 0.8660
vn -0.0000 -0.8660 0.5000
vn 0.1653 -0.9839 -0.0685
vn 0.1789 -0.9839 -0.0000
vn 0.1265 -0.9839 -0.1265
vn 0.0685 -0.9839 -0.1653
vn -0.0000 -0.9839 -0.1789
vn -0.0685 -0.9839 -0.1653
vn -0.1265 -0.9839 -0.1265
vn -0.1653 -0.9839 -0.0685
vn -0.1789 -0.9839 -0.0000
vn -0.1653 -0.9839 0.0685
vn -0.1265 -0.9839 0.1265
vn -0.0685 -0.9839 0.1653
vn -0.0000 -0.9839 0.1789
vn 0.0685 -0.9839 0.1653
vn 0.1265 -0.9839 0.1265
vn 0.1653 -0.9839 0.0685
vn 0.9193 -0.0995 -0.3808
vn 0.9950 -0.0995 -0.0000
vn 0.7036 -0.0995 -0.7036
vn 0.9239 -0.0000 -0.3827
vn 0.3808 -0.0995 -0.9193
vn 0.7071 -0.0000 -0.7071
vn -0.0000 -0.0995 -0.9950
vn 0.3827 -0.0000 -0.9239
vn -0.3808 -0.0995 -0.9193
vn -0.7071 -0.0000 -0.7071
vn -0.3827 -0.0000 -0.9239
vn -0.9193 -0.0995 -0.3808
vn -0.7036 -0.0995 -0.7036
vn -0.9239 -0.0000 -0.3827
vn -0.9950 -0.0995 -0.0000
vn -0.9239 -0.0000 0.3827
vn -0.7036 -0.0995 0.7036
vn -0.9193 -0.0995 0.3808
vn -0.3808 -0.0995 0.9193
vn -0.7071 -0.0000 0.7071
vn -0.3827 -0.0000 0.9239
vn 0.3808 -0.0995 0.9193
vn -0.0000 -0.0995 0.9950
vn 0.7071 -0.0000 0.7071
vn 0.3827 -0.0000 0.9239
vn 0.9193 -0.0995 0.3808
vn 0.7036 -0.0995 0.7036
vn 0.9239 -0.0000 0.3827
vn 0.9950 0.0995 -0.0000
vn 0.7036 0.0995 -0.7036
vn 0.9193 0.0995 -0.3808
vn 0.3808 0.0995 -0.9193
vn -0.0000 0.0995 -0.9950
vn -0.3808 0.0995 -0.9193
vn -0.7036 0.0995 -0.7036
vn -0.9193 0.0995 -0.3808
vn -0.9193 0.0995 0.3808
vn -0.9950 0.0995 -0.0000
vn -0.7036 0.0995 0.7036
vn -0.3808 0.0995 0.9193
vn -0.0000 0.0995 0.9950
vn 0.3808 0.0995 0.9193
vn 0.7036 0.0995 0.7036
vn 0.9193 0.0995 0.3808
vn 0.1789 0.9839 -0.0000
vn 0.1653 0.9839 -0.0685
vn 0.1265 0.9839 -0.1265
vn 0.0685 0.9839 -0.1653
vn -0.0000 0.9839 -0.1789
vn -0.0685 0.9839 -0.1653
vn -0.1265 0.9839 -0.1265
vn -0.1653 0.9839 -0.0685
vn -0.1789 0.9839 -0.0000
vn -0.1653 0.9839 0.0685
vn -0.1265 0.9839 0.1265
vn -0.0685 0.9839 0.1653
vn -0.0000 0.9839 0.1789
vn 0.0685 0.9839 0.1653
vn 0.1265 0.9839 0.1265
vn 0.1653 0.9839 0.0685
vn 0.8830 -0.3714 -0.2869
vn 0.9285 -0.3714 -0.0000
vn 0.7512 -0.3714 -0.5457
vn 0.5457 -0.3714 -0.7512
vn 0.2869 -0.3714 -0.8830
vn -0.0000 -0.3714 -0.9285
vn -0.2869 -0.3714 -0.8830
vn -0.5457 -0.3714 -0.7512
vn -0.7512 -0.3714 -0.5457
vn -0.8830 -0.3714 -0.2869
vn -0.9285 -0.3714 -0.0000
vn -0.8830 -0.3714 0.2869
vn -0.7512 -0.3714 0.5457
vn -0.5457 -0.3714 0.7512
vn -0.2869 -0.3714 0.8830
vn -0.0000 -0.3714 0.9285
vn 0.2869 -0.3714 0.8830
vn 0.5457 -0.3714 0.7512
vn 0.7512 -0.3714 0.5457
vn 0.8830 -0.3714 0.2869
vn 0.8830 0.3714 -0.2869
vn 0.9285 0.3714 -0.0000
vn 0.7512 0.3714 -0.5457
vn 0.5457 0.3714 -0.7512
vn 0.2869 0.3714 -0.8830
vn -0.0000 0.3714 -0.9285
vn -0.2869 0.3714 -0.8830
vn -0.5457 0.3714 -0.7512
vn -0.7512 0.3714 -0.5457
vn -0.8830 0.3714 -0.2869
vn -0.9285 0.3714 -0.0000
vn -0.8830 0.3714 0.2869
vn -0.7512 0.3714 0.5457
vn -0.5457 0.3714 0.7512
vn -0.2869 0.3714 0.8830
vn -0.0000 0.3714 0.9285
vn 0.2869 0.3714 0.8830
vn 0.5457 0.3714 0.7512
vn 0.7512 0.3714 0.5457
vn 0.8830 0.3714 0.2869
vn -0.9152 0.1369 0.3791
vt 0.009074 0.307056
vt 0.015045 0.004285
vt 0.015045 0.307056
vt 0.004285 0.307056
vt 0.009074 0.004285
vt 0.742017 0.617715
vt 0.747535 0.315804
vt 0.747535 0.617893
vt 0.735892 0.617715
vt 0.742017 0.315626
vt 0.730374 0.617893
vt 0.735892 0.315626
vt 0.081195 0.618396
vt 0.085984 0.315626
vt 0.085984 0.618396
vt 0.075224 0.618396
vt 0.081195 0.315626
vt 0.069253 0.618396
vt 0.075224 0.315626
vt 0.064464 0.618396
vt 0.069253 0.315626
vt 0.643450 0.307056
vt 0.648968 0.004285
vt 0.648968 0.307056
vt 0.637325 0.307056
vt 0.643450 0.004285
vt 0.631807 0.307056
vt 0.637325 0.004285
vt 0.021016 0.307056
vt 0.025805 0.004285
vt 0.025805 0.307056
vt 0.021016 0.004285
vt 0.972695 0.087174
vt 0.959278 0.103998
vt 0.945860 0.087174
vt 0.976027 0.866283
vt 0.962662 0.883107
vt 0.949298 0.866283
vt 0.105313 0.618396
vt 0.099342 0.315626
vt 0.105313 0.315626
vt 0.094554 0.618396
vt 0.099342 0.618396
vt 0.716285 0.617715
vt 0.721804 0.315804
vt 0.721804 0.617893
vt 0.710161 0.617715
vt 0.716285 0.315626
vt 0.704642 0.617893
vt 0.710161 0.315626
vt 0.051106 0.618396
vt 0.055894 0.315626
vt 0.055894 0.618396
vt 0.045134 0.618396
vt 0.051106 0.315626
vt 0.039163 0.618396
vt 0.045134 0.315626
vt 0.034375 0.618396
vt 0.039163 0.315626
vt 0.437182 0.618396
vt 0.442700 0.315626
vt 0.442700 0.618396
vt 0.431057 0.618396
vt 0.437182 0.315626
vt 0.425538 0.618396
vt 0.431057 0.315626
vt 0.111285 0.618396
vt 0.116073 0.315626
vt 0.116073 0.618396
vt 0.111285 0.315626
vt 0.376391 0.937705
vt 0.389808 0.954530
vt 0.370420 0.963867
vt 0.964629 0.634136
vt 0.986116 0.634054
vt 0.981335 0.655002
vt 0.599669 0.860757
vt 0.603793 0.864880
vt 0.599669 0.864880
vt 0.603618 0.858797
vt 0.603618 0.860931
vt 0.329459 0.929252
vt 0.333582 0.933375
vt 0.329459 0.933375
vt 0.542834 0.780097
vt 0.546782 0.782056
vt 0.542834 0.783128
vt 0.546957 0.775973
vt 0.542834 0.775973
vt 0.605752 0.860931
vt 0.606824 0.864880
vt 0.314325 0.933375
vt 0.318449 0.929252
vt 0.318449 0.933375
vt 0.311295 0.933375
vt 0.314500 0.929426
vt 0.804961 0.784785
vt 0.809084 0.780678
vt 0.809084 0.784688
vt 0.524669 0.775973
vt 0.527875 0.779922
vt 0.525741 0.779922
vt 0.531824 0.780097
vt 0.527700 0.775973
vt 0.531824 0.775973
vt 0.531824 0.783128
vt 0.527875 0.782056
vt 0.603793 0.919929
vt 0.599669 0.924053
vt 0.599669 0.919929
vt 0.605752 0.923878
vt 0.603618 0.923878
vt 0.542834 0.716801
vt 0.546957 0.720924
vt 0.542834 0.720924
vt 0.930152 0.281618
vt 0.933961 0.278413
vt 0.934104 0.280547
vt 0.934063 0.274464
vt 0.929949 0.278587
vt 0.929875 0.274464
vt 0.937291 0.274464
vt 0.936233 0.278413
vt 0.809084 0.843725
vt 0.804961 0.839618
vt 0.809084 0.839520
vt 0.805135 0.845961
vt 0.805135 0.843646
vt 0.918964 0.278587
vt 0.914850 0.274464
vt 0.918890 0.274464
vt 0.531824 0.716801
vt 0.527875 0.714842
vt 0.531824 0.713770
vt 0.527700 0.720924
vt 0.531824 0.720924
vt 0.803001 0.843835
vt 0.801930 0.839887
vt 0.570774 0.864880
vt 0.574897 0.860757
vt 0.574897 0.864880
vt 0.568815 0.860931
vt 0.570948 0.860931
vt 0.052538 0.717110
vt 0.056662 0.721233
vt 0.052539 0.721233
vt 0.052538 0.714079
vt 0.056487 0.717285
vt 0.333582 0.958147
vt 0.329459 0.962270
vt 0.329459 0.958147
vt 0.570948 0.858797
vt 0.574897 0.857726
vt 0.833856 0.780678
vt 0.837979 0.784785
vt 0.833856 0.784688
vt 0.311295 0.958147
vt 0.314500 0.962096
vt 0.312366 0.962096
vt 0.318449 0.962270
vt 0.314325 0.958147
vt 0.318449 0.958147
vt 0.041529 0.714079
vt 0.037580 0.717285
vt 0.037580 0.715151
vt 0.037405 0.721233
vt 0.041529 0.717110
vt 0.041529 0.721233
vt 0.035446 0.717285
vt 0.574897 0.924053
vt 0.570774 0.919929
vt 0.574897 0.919929
vt 0.937291 0.249692
vt 0.933961 0.245743
vt 0.936233 0.245743
vt 0.929949 0.245569
vt 0.934063 0.249692
vt 0.929875 0.249692
vt 0.930152 0.242538
vt 0.056662 0.776283
vt 0.052538 0.780406
vt 0.052539 0.776283
vt 0.568815 0.923878
vt 0.567743 0.919929
vt 0.934104 0.243609
vt 0.837979 0.839618
vt 0.833856 0.843725
vt 0.833856 0.839520
vt 0.839939 0.843835
vt 0.837805 0.843646
vt 0.041529 0.780406
vt 0.037405 0.776283
vt 0.041529 0.776283
vt 0.041529 0.783437
vt 0.037580 0.780232
vt 0.914850 0.249692
vt 0.918964 0.245569
vt 0.918890 0.249692
vt 0.837805 0.845961
vt 0.833856 0.847013
vt 0.606824 0.919929
vt 0.524669 0.720924
vt 0.542834 0.713770
vt 0.809084 0.847013
vt 0.567743 0.864880
vt 0.034374 0.721233
vt 0.034374 0.776283
vt 0.599669 0.857726
vt 0.553565 0.866602
vt 0.557688 0.870725
vt 0.553565 0.870725
vt 0.181445 0.933375
vt 0.178240 0.929426
vt 0.180373 0.929426
vt 0.174291 0.929252
vt 0.178414 0.933375
vt 0.174291 0.933375
vt 0.755348 0.771221
vt 0.759297 0.773180
vt 0.755348 0.774252
vt 0.759472 0.767097
vt 0.755348 0.767097
vt 0.762502 0.767097
vt 0.759297 0.771046
vt 0.761431 0.771046
vt 0.159158 0.933375
vt 0.163281 0.929252
vt 0.163281 0.933375
vt 0.157198 0.929426
vt 0.159332 0.929426
vt 0.302109 0.796114
vt 0.306232 0.792007
vt 0.306232 0.796016
vt 0.740215 0.767097
vt 0.738256 0.771046
vt 0.737184 0.767097
vt 0.744338 0.771221
vt 0.744338 0.767097
vt 0.740390 0.773180
vt 0.740390 0.771046
vt 0.557688 0.925774
vt 0.553565 0.929898
vt 0.553565 0.925774
vt 0.762502 0.712048
vt 0.759297 0.708099
vt 0.761431 0.708099
vt 0.755348 0.707925
vt 0.759472 0.712048
vt 0.755348 0.712048
vt 0.929949 0.135636
vt 0.934104 0.137595
vt 0.930152 0.138667
vt 0.934063 0.131512
vt 0.929875 0.131512
vt 0.936233 0.135461
vt 0.933961 0.135461
vt 0.306232 0.855053
vt 0.302109 0.850946
vt 0.306232 0.850848
vt 0.306232 0.858341
vt 0.302284 0.854975
vt 0.918964 0.135636
vt 0.914850 0.131512
vt 0.918890 0.131512
vt 0.744338 0.704894
vt 0.740390 0.708099
vt 0.740390 0.705965
vt 0.740215 0.712048
vt 0.744338 0.707925
vt 0.744338 0.712048
vt 0.299078 0.851215
vt 0.300150 0.855164
vt 0.302284 0.857289
vt 0.524670 0.870725
vt 0.528793 0.866602
vt 0.528793 0.870725
vt 0.657807 0.712048
vt 0.659766 0.708099
vt 0.660838 0.712048
vt 0.653683 0.707925
vt 0.653683 0.712048
vt 0.653683 0.704894
vt 0.657632 0.708099
vt 0.178414 0.958147
vt 0.174291 0.962270
vt 0.174291 0.958147
vt 0.181445 0.958147
vt 0.178240 0.962096
vt 0.657632 0.705966
vt 0.331005 0.792007
vt 0.335128 0.796114
vt 0.331005 0.796016
vt 0.159158 0.958147
vt 0.157198 0.962096
vt 0.156127 0.958147
vt 0.163281 0.962270
vt 0.163281 0.958147
vt 0.642674 0.707925
vt 0.638725 0.705966
vt 0.642674 0.704894
vt 0.638550 0.712048
vt 0.642674 0.712048
vt 0.635519 0.712048
vt 0.638725 0.708099
vt 0.636591 0.708099
vt 0.528793 0.929898
vt 0.524670 0.925774
vt 0.528793 0.925774
vt 0.934063 0.106740
vt 0.936233 0.102792
vt 0.937291 0.106740
vt 0.929949 0.102617
vt 0.929875 0.106740
vt 0.930152 0.099586
vt 0.933961 0.102792
vt 0.657807 0.767097
vt 0.653683 0.771221
vt 0.653683 0.767097
vt 0.660838 0.767097
vt 0.657632 0.771046
vt 0.934104 0.100658
vt 0.335128 0.850946
vt 0.331005 0.855053
vt 0.331005 0.850848
vt 0.337087 0.855164
vt 0.334953 0.854975
vt 0.642674 0.771221
vt 0.638550 0.767097
vt 0.642674 0.767097
vt 0.638725 0.773180
vt 0.638725 0.771046
vt 0.914850 0.106740
vt 0.918964 0.102617
vt 0.918890 0.106740
vt 0.331005 0.858341
vt 0.334953 0.857289
vt 0.744338 0.774252
vt 0.737184 0.712048
vt 0.755348 0.704894
vt 0.937291 0.131512
vt 0.642674 0.774252
vt 0.635519 0.767097
vt 0.156127 0.933375
vt 0.219700 0.618396
vt 0.225672 0.315626
vt 0.225672 0.618396
vt 0.214912 0.618396
vt 0.219700 0.315626
vt 0.746375 0.306374
vt 0.751893 0.004463
vt 0.751893 0.306552
vt 0.740250 0.306374
vt 0.746375 0.004285
vt 0.734732 0.306552
vt 0.740250 0.004285
vt 0.051106 0.307056
vt 0.055894 0.004285
vt 0.055894 0.307056
vt 0.045134 0.307056
vt 0.051106 0.004285
vt 0.039163 0.307056
vt 0.045134 0.004285
vt 0.034375 0.307056
vt 0.039163 0.004285
vt 0.462913 0.618396
vt 0.468431 0.315626
vt 0.468431 0.618396
vt 0.456788 0.618396
vt 0.462913 0.315626
vt 0.451270 0.618396
vt 0.456788 0.315626
vt 0.231643 0.618396
vt 0.236431 0.315626
vt 0.236431 0.618396
vt 0.231643 0.315626
vt 0.521639 0.955292
vt 0.535056 0.938468
vt 0.548473 0.955292
vt 0.859467 0.992863
vt 0.840082 0.983594
vt 0.853497 0.966809
vt 0.075224 0.307056
vt 0.069253 0.004285
vt 0.075224 0.004285
vt 0.064464 0.307056
vt 0.069253 0.307056
vt 0.767748 0.617715
vt 0.773266 0.315804
vt 0.773266 0.617893
vt 0.761623 0.617715
vt 0.767748 0.315626
vt 0.756105 0.617893
vt 0.761623 0.315626
vt 0.111285 0.307056
vt 0.116073 0.004285
vt 0.116073 0.307056
vt 0.105313 0.307056
vt 0.111285 0.004285
vt 0.099342 0.307056
vt 0.105313 0.004285
vt 0.094554 0.307056
vt 0.099342 0.004285
vt 0.316823 0.618396
vt 0.322342 0.315626
vt 0.322342 0.618396
vt 0.310699 0.618396
vt 0.316823 0.315626
vt 0.305180 0.618396
vt 0.310699 0.315626
vt 0.081195 0.307056
vt 0.085984 0.004285
vt 0.085984 0.307056
vt 0.081195 0.004285
vt 0.479676 0.960810
vt 0.484465 0.939830
vt 0.503854 0.949167
vt 0.919671 0.972071
vt 0.900345 0.981461
vt 0.895571 0.960511
vt 0.912364 0.706853
vt 0.916487 0.710977
vt 0.912364 0.710977
vt 0.912364 0.703822
vt 0.916313 0.707028
vt 0.959666 0.315626
vt 0.963790 0.319749
vt 0.959666 0.319749
vt 0.174291 0.783437
vt 0.178239 0.780231
vt 0.178239 0.782365
vt 0.178414 0.776283
vt 0.174291 0.780406
vt 0.174291 0.776283
vt 0.918446 0.707028
vt 0.919518 0.710977
vt 0.916313 0.704894
vt 0.944533 0.319749
vt 0.948656 0.315626
vt 0.948656 0.319749
vt 0.942574 0.315800
vt 0.944708 0.315800
vt 0.570774 0.786929
vt 0.574897 0.782822
vt 0.574897 0.786831
vt 0.156127 0.776283
vt 0.159332 0.780231
vt 0.157198 0.780231
vt 0.163281 0.780406
vt 0.159158 0.776283
vt 0.163281 0.776283
vt 0.163281 0.783437
vt 0.159332 0.782365
vt 0.916487 0.766026
vt 0.912364 0.770149
vt 0.912364 0.766026
vt 0.918446 0.769975
vt 0.916313 0.769975
vt 0.174291 0.717110
vt 0.178414 0.721233
vt 0.174291 0.721233
vt 0.925591 0.494627
vt 0.929746 0.496586
vt 0.925794 0.497658
vt 0.929705 0.490504
vt 0.925517 0.490504
vt 0.932932 0.490504
vt 0.929603 0.494452
vt 0.931875 0.494452
vt 0.574897 0.845868
vt 0.570774 0.841761
vt 0.574897 0.841663
vt 0.574897 0.849156
vt 0.570949 0.845789
vt 0.914606 0.494627
vt 0.910492 0.490504
vt 0.914532 0.490504
vt 0.163281 0.717110
vt 0.159332 0.715151
vt 0.163281 0.714079
vt 0.159158 0.721233
vt 0.163281 0.721233
vt 0.568815 0.845979
vt 0.567743 0.842030
vt 0.570949 0.848104
vt 0.883468 0.710977
vt 0.887592 0.706853
vt 0.887592 0.710977
vt 0.881509 0.707028
vt 0.883643 0.707028
vt 0.789236 0.706853
vt 0.793360 0.710976
vt 0.789236 0.710976
vt 0.959666 0.348644
vt 0.963615 0.350604
vt 0.959666 0.351675
vt 0.963790 0.344521
vt 0.959666 0.344521
vt 0.883643 0.704894
vt 0.887592 0.703822
vt 0.599669 0.782822
vt 0.603793 0.786929
vt 0.599669 0.786831
vt 0.941502 0.344521
vt 0.944708 0.348470
vt 0.942574 0.348470
vt 0.948656 0.348644
vt 0.944533 0.344521
vt 0.948656 0.344521
vt 0.944708 0.350604
vt 0.774103 0.710976
vt 0.778226 0.706853
vt 0.778227 0.710976
vt 0.771072 0.710976
vt 0.774278 0.707028
vt 0.772144 0.707028
vt 0.774278 0.704894
vt 0.887592 0.770149
vt 0.883468 0.766026
vt 0.887592 0.766026
vt 0.932932 0.465732
vt 0.929603 0.461783
vt 0.931875 0.461783
vt 0.925591 0.461608
vt 0.929705 0.465732
vt 0.925517 0.465732
vt 0.929746 0.459649
vt 0.793360 0.766026
vt 0.789236 0.770149
vt 0.789236 0.766026
vt 0.881509 0.769975
vt 0.880437 0.766026
vt 0.603793 0.841761
vt 0.599669 0.845868
vt 0.599669 0.841663
vt 0.606824 0.842030
vt 0.603618 0.845789
vt 0.778226 0.770149
vt 0.774103 0.766026
vt 0.778227 0.766026
vt 0.778226 0.773180
vt 0.774278 0.769975
vt 0.910492 0.465732
vt 0.914606 0.461608
vt 0.914532 0.465732
vt 0.599669 0.849156
vt 0.603618 0.848104
vt 0.605752 0.845979
vt 0.919518 0.766026
vt 0.156127 0.721233
vt 0.174291 0.714079
vt 0.789236 0.773180
vt 0.880437 0.710977
vt 0.771072 0.766026
vt 0.948656 0.351675
vt 0.941502 0.319749
vt 0.382654 0.865840
vt 0.386777 0.869963
vt 0.382654 0.869963
vt 0.465285 0.917613
vt 0.467245 0.913664
vt 0.468316 0.917613
vt 0.461162 0.913490
vt 0.461162 0.917613
vt 0.585907 0.693293
vt 0.589856 0.695252
vt 0.585907 0.696324
vt 0.590030 0.689170
vt 0.585907 0.689170
vt 0.591990 0.693119
vt 0.589856 0.693119
vt 0.446029 0.917613
vt 0.450152 0.913490
vt 0.450152 0.917613
vt 0.442998 0.917613
vt 0.446203 0.913664
vt 0.672439 0.786929
vt 0.676562 0.782821
vt 0.676562 0.786831
vt 0.567743 0.689170
vt 0.570949 0.693119
vt 0.568815 0.693119
vt 0.574897 0.693293
vt 0.570774 0.689170
vt 0.574897 0.689170
vt 0.570949 0.695252
vt 0.386777 0.925012
vt 0.382654 0.929135
vt 0.382654 0.925012
vt 0.590030 0.634121
vt 0.591990 0.630172
vt 0.593061 0.634121
vt 0.585907 0.629997
vt 0.585907 0.634121
vt 0.925591 0.399326
vt 0.929746 0.401285
vt 0.925794 0.402357
vt 0.929705 0.395203
vt 0.925517 0.395203
vt 0.931875 0.399151
vt 0.929603 0.399151
vt 0.676562 0.845868
vt 0.672439 0.841761
vt 0.676562 0.841663
vt 0.672613 0.848104
vt 0.672613 0.845789
vt 0.914606 0.399326
vt 0.910492 0.395203
vt 0.914532 0.395203
vt 0.574897 0.629997
vt 0.570949 0.628038
vt 0.574897 0.626966
vt 0.570774 0.634121
vt 0.574897 0.634121
vt 0.670479 0.845978
vt 0.669408 0.842030
vt 0.353759 0.869963
vt 0.357882 0.865840
vt 0.357882 0.869963
vt 0.350728 0.869963
vt 0.353933 0.866014
vt 0.385685 0.716039
vt 0.389808 0.720162
vt 0.385685 0.720162
vt 0.461162 0.946509
vt 0.465111 0.948468
vt 0.461162 0.949540
vt 0.465285 0.942385
vt 0.461162 0.942385
vt 0.468316 0.942385
vt 0.465111 0.946334
vt 0.112166 0.629100
vt 0.112166 0.626966
vt 0.114300 0.626966
vt 0.701334 0.782821
vt 0.705457 0.786929
vt 0.701334 0.786831
vt 0.442998 0.942385
vt 0.446203 0.946334
vt 0.444070 0.946334
vt 0.450152 0.946509
vt 0.446029 0.942385
vt 0.450152 0.942385
vt 0.450152 0.949540
vt 0.370552 0.720162
vt 0.374675 0.716039
vt 0.374675 0.720162
vt 0.367521 0.720162
vt 0.370727 0.716213
vt 0.368593 0.716213
vt 0.370727 0.714079
vt 0.357882 0.929135
vt 0.353759 0.925012
vt 0.357882 0.925012
vt 0.932932 0.370430
vt 0.929603 0.366482
vt 0.931875 0.366482
vt 0.925591 0.366307
vt 0.929705 0.370430
vt 0.925517 0.370430
vt 0.925794 0.363276
vt 0.389808 0.775211
vt 0.385685 0.779334
vt 0.385685 0.775211
vt 0.351799 0.928961
vt 0.350728 0.925012
vt 0.929746 0.364348
vt 0.705457 0.841761
vt 0.701334 0.845868
vt 0.701334 0.841663
vt 0.708488 0.842030
vt 0.705283 0.845789
vt 0.374675 0.779334
vt 0.370552 0.775211
vt 0.374675 0.775211
vt 0.374675 0.782365
vt 0.370727 0.779160
vt 0.910492 0.370430
vt 0.914606 0.366307
vt 0.914532 0.370430
vt 0.705283 0.848104
vt 0.701334 0.849156
vt 0.707417 0.845978
vt 0.593061 0.689170
vt 0.574897 0.696324
vt 0.567743 0.634121
vt 0.585907 0.626966
vt 0.932932 0.395203
vt 0.676562 0.849156
vt 0.367521 0.775211
vt 0.129432 0.307056
vt 0.135403 0.004285
vt 0.135403 0.307056
vt 0.124643 0.307056
vt 0.129432 0.004285
vt 0.772106 0.306374
vt 0.777624 0.004463
vt 0.777624 0.306552
vt 0.765981 0.306374
vt 0.772106 0.004285
vt 0.760463 0.306552
vt 0.765981 0.004285
vt 0.171464 0.307056
vt 0.176252 0.004285
vt 0.176252 0.307056
vt 0.165492 0.307056
vt 0.171464 0.004285
vt 0.159521 0.307056
vt 0.165492 0.004285
vt 0.154733 0.307056
vt 0.159521 0.004285
vt 0.342555 0.618396
vt 0.348073 0.315626
vt 0.348073 0.618396
vt 0.336430 0.618396
vt 0.342555 0.315626
vt 0.330912 0.618396
vt 0.336430 0.315626
vt 0.141374 0.307056
vt 0.146163 0.004285
vt 0.146163 0.307056
vt 0.141374 0.004285
vt 0.972695 0.159363
vt 0.959278 0.176187
vt 0.945861 0.159363
vt 0.976974 0.979691
vt 0.963560 0.962906
vt 0.982944 0.953637
vt 0.285851 0.618396
vt 0.279879 0.315626
vt 0.285851 0.315626
vt 0.275091 0.618396
vt 0.279879 0.618396
vt 0.870673 0.617715
vt 0.876191 0.315804
vt 0.876191 0.617893
vt 0.864548 0.617715
vt 0.870673 0.315626
vt 0.859030 0.617893
vt 0.864548 0.315626
vt 0.201553 0.307056
vt 0.206342 0.004285
vt 0.206342 0.307056
vt 0.195582 0.307056
vt 0.201553 0.004285
vt 0.189611 0.307056
vt 0.195582 0.004285
vt 0.184822 0.307056
vt 0.189611 0.004285
vt 0.557540 0.618396
vt 0.563058 0.315626
vt 0.563058 0.618396
vt 0.551415 0.618396
vt 0.557540 0.315626
vt 0.545897 0.315626
vt 0.551415 0.315626
vt 0.291822 0.618396
vt 0.296610 0.315626
vt 0.296610 0.618396
vt 0.291822 0.315626
vt 0.970038 0.134911
vt 0.948518 0.134911
vt 0.953307 0.113931
vt 0.985738 0.788838
vt 0.966353 0.779569
vt 0.979768 0.762784
vt 0.833856 0.858614
vt 0.837979 0.862737
vt 0.833856 0.862737
vt 0.837805 0.856654
vt 0.837805 0.858788
vt 0.959666 0.416989
vt 0.963790 0.421112
vt 0.959666 0.421112
vt 0.959666 0.413958
vt 0.963615 0.417163
vt 0.824217 0.689170
vt 0.820094 0.693293
vt 0.820094 0.689170
vt 0.839939 0.858788
vt 0.841010 0.862737
vt 0.944533 0.421112
vt 0.948657 0.416989
vt 0.948657 0.421112
vt 0.942574 0.417163
vt 0.944708 0.417163
vt 0.835818 0.631073
vt 0.839941 0.626966
vt 0.839941 0.630976
vt 0.801930 0.689170
vt 0.805135 0.693119
vt 0.803001 0.693119
vt 0.809084 0.693293
vt 0.804960 0.689170
vt 0.809084 0.689170
vt 0.948657 0.413958
vt 0.944708 0.415029
vt 0.805135 0.695252
vt 0.837979 0.917786
vt 0.833856 0.921909
vt 0.833856 0.917786
vt 0.839939 0.921735
vt 0.837805 0.921735
vt 0.820094 0.629997
vt 0.824217 0.634120
vt 0.820094 0.634120
vt 0.925794 0.545308
vt 0.929603 0.542103
vt 0.929746 0.544237
vt 0.929705 0.538154
vt 0.925591 0.542278
vt 0.925517 0.538154
vt 0.932932 0.538154
vt 0.931875 0.542103
vt 0.839941 0.690013
vt 0.835818 0.685906
vt 0.839941 0.685808
vt 0.835992 0.692249
vt 0.835992 0.689934
vt 0.914606 0.542278
vt 0.910492 0.538154
vt 0.914532 0.538154
vt 0.809084 0.629997
vt 0.805135 0.628038
vt 0.809084 0.626966
vt 0.804960 0.634120
vt 0.809084 0.634120
vt 0.833858 0.690123
vt 0.832787 0.686175
vt 0.804961 0.862737
vt 0.809084 0.858614
vt 0.809084 0.862737
vt 0.803001 0.858788
vt 0.805135 0.858788
vt 0.499760 0.716801
vt 0.503883 0.720924
vt 0.499760 0.720924
vt 0.503709 0.714842
vt 0.503709 0.716976
vt 0.963790 0.445884
vt 0.959666 0.450007
vt 0.959666 0.445884
vt 0.805135 0.856654
vt 0.809084 0.855583
vt 0.864713 0.626966
vt 0.868836 0.631073
vt 0.864713 0.630976
vt 0.941502 0.445884
vt 0.944708 0.449833
vt 0.942574 0.449833
vt 0.948657 0.450007
vt 0.944533 0.445884
vt 0.948657 0.445884
vt 0.488750 0.716801
vt 0.484801 0.714842
vt 0.488750 0.713770
vt 0.484627 0.720924
vt 0.488750 0.720924
vt 0.482668 0.716976
vt 0.484801 0.716976
vt 0.809084 0.921909
vt 0.804961 0.917786
vt 0.809084 0.917786
vt 0.932932 0.513382
vt 0.929603 0.509433
vt 0.931875 0.509433
vt 0.925591 0.509259
vt 0.929705 0.513382
vt 0.925517 0.513382
vt 0.925794 0.506228
vt 0.503883 0.775974
vt 0.499760 0.780097
vt 0.499760 0.775974
vt 0.803001 0.921735
vt 0.801930 0.917786
vt 0.929746 0.507299
vt 0.868836 0.685906
vt 0.864713 0.690013
vt 0.864713 0.685808
vt 0.871867 0.686175
vt 0.868662 0.689934
vt 0.488750 0.780097
vt 0.484627 0.775974
vt 0.488750 0.775974
vt 0.484801 0.782056
vt 0.484801 0.779922
vt 0.910492 0.513382
vt 0.914606 0.509259
vt 0.914532 0.513382
vt 0.864713 0.693301
vt 0.868662 0.692249
vt 0.870796 0.690123
vt 0.841010 0.917786
vt 0.801930 0.634120
vt 0.839941 0.693301
vt 0.488750 0.783128
vt 0.801930 0.862737
vt 0.481596 0.720924
vt 0.481596 0.775974
vt 0.499760 0.713770
vt 0.833856 0.855583
vt 0.941502 0.421112
vt 0.505914 0.866602
vt 0.510038 0.870725
vt 0.505914 0.870725
vt 0.950375 0.636080
vt 0.952335 0.632131
vt 0.953406 0.636080
vt 0.946252 0.631957
vt 0.946252 0.636080
vt 0.946252 0.628926
vt 0.950201 0.632131
vt 0.358951 0.776283
vt 0.354828 0.780406
vt 0.354828 0.776283
vt 0.511997 0.866776
vt 0.513069 0.870725
vt 0.112166 0.637670
vt 0.114300 0.639804
vt 0.112166 0.639804
vt 0.931119 0.636080
vt 0.935242 0.631957
vt 0.935242 0.636080
vt 0.928088 0.636080
vt 0.931293 0.632131
vt 0.159158 0.796114
vt 0.163281 0.792007
vt 0.163281 0.796016
vt 0.339695 0.776283
vt 0.337735 0.780231
vt 0.336664 0.776283
vt 0.343818 0.780406
vt 0.343818 0.776283
vt 0.931293 0.629997
vt 0.935242 0.628926
vt 0.339869 0.782365
vt 0.339869 0.780231
vt 0.510038 0.925774
vt 0.505914 0.929898
vt 0.505914 0.925774
vt 0.513069 0.925774
vt 0.509863 0.929723
vt 0.354828 0.717110
vt 0.358951 0.721233
vt 0.354828 0.721233
vt 0.458300 0.904920
vt 0.462109 0.901715
vt 0.462252 0.903849
vt 0.462211 0.897766
vt 0.458097 0.901889
vt 0.458023 0.897766
vt 0.465438 0.897766
vt 0.464381 0.901715
vt 0.163281 0.855053
vt 0.159158 0.850946
vt 0.163281 0.850849
vt 0.159332 0.857289
vt 0.159332 0.854975
vt 0.447112 0.901889
vt 0.442998 0.897766
vt 0.447038 0.897766
vt 0.343818 0.714079
vt 0.339869 0.717285
vt 0.339869 0.715151
vt 0.339695 0.721233
vt 0.343818 0.717110
vt 0.343818 0.721233
vt 0.156127 0.851215
vt 0.157198 0.855164
vt 0.477019 0.870725
vt 0.481142 0.866602
vt 0.481142 0.870725
vt 0.623919 0.634121
vt 0.625878 0.630172
vt 0.626950 0.634121
vt 0.619795 0.629997
vt 0.619795 0.634121
vt 0.623744 0.628038
vt 0.623744 0.630172
vt 0.950375 0.660852
vt 0.946252 0.664975
vt 0.946252 0.660852
vt 0.953406 0.660852
vt 0.950201 0.664801
vt 0.188053 0.792007
vt 0.192176 0.796114
vt 0.188053 0.796016
vt 0.928088 0.660852
vt 0.931293 0.664801
vt 0.929159 0.664801
vt 0.935242 0.664975
vt 0.931119 0.660852
vt 0.935242 0.660852
vt 0.608786 0.629997
vt 0.604837 0.628038
vt 0.608786 0.626966
vt 0.604662 0.634121
vt 0.608786 0.634121
vt 0.602703 0.630172
vt 0.604837 0.630172
vt 0.481142 0.929898
vt 0.477019 0.925774
vt 0.481142 0.925774
vt 0.465438 0.872994
vt 0.462109 0.869045
vt 0.464381 0.869045
vt 0.458097 0.868870
vt 0.462211 0.872994
vt 0.458023 0.872994
vt 0.458300 0.865840
vt 0.623919 0.689170
vt 0.619795 0.693293
vt 0.619795 0.689170
vt 0.626950 0.689170
vt 0.623744 0.693119
vt 0.462252 0.866911
vt 0.192176 0.850946
vt 0.188053 0.855053
vt 0.188053 0.850849
vt 0.195207 0.851215
vt 0.192002 0.854975
vt 0.608786 0.693293
vt 0.604662 0.689170
vt 0.608786 0.689170
vt 0.604837 0.695252
vt 0.604837 0.693119
vt 0.442998 0.872994
vt 0.447112 0.868870
vt 0.447038 0.872994
vt 0.192002 0.857289
vt 0.188053 0.858341
vt 0.194136 0.855164
vt 0.336664 0.721233
vt 0.354828 0.714079
vt 0.163281 0.858341
vt 0.608786 0.696324
vt 0.601631 0.634121
vt 0.601631 0.689170
vt 0.619795 0.626966
vt 0.129432 0.618396
vt 0.135403 0.315626
vt 0.135403 0.618396
vt 0.124643 0.618396
vt 0.129432 0.315626
vt 0.793479 0.617715
vt 0.798997 0.315804
vt 0.798997 0.617893
vt 0.787354 0.617715
vt 0.793479 0.315626
vt 0.781836 0.617893
vt 0.787354 0.315626
vt 0.231643 0.307056
vt 0.236431 0.004285
vt 0.236431 0.307056
vt 0.225672 0.307056
vt 0.231643 0.004285
vt 0.219700 0.307056
vt 0.225672 0.004285
vt 0.214912 0.307056
vt 0.219700 0.004285
vt 0.617719 0.307056
vt 0.623237 0.004285
vt 0.623237 0.307056
vt 0.611594 0.307056
vt 0.617719 0.004285
vt 0.606076 0.307056
vt 0.611594 0.004285
vt 0.146163 0.618396
vt 0.141374 0.315626
vt 0.146163 0.315626
vt 0.141374 0.618396
vt 0.606045 0.958784
vt 0.601256 0.937804
vt 0.622776 0.937804
vt 0.972589 0.253238
vt 0.959225 0.270062
vt 0.945861 0.253238
vt 0.249790 0.307056
vt 0.255761 0.004285
vt 0.255761 0.307056
vt 0.245001 0.004285
vt 0.249790 0.004285
vt 0.797837 0.306374
vt 0.803355 0.004463
vt 0.803355 0.306552
vt 0.791712 0.306374
vt 0.797837 0.004285
vt 0.786194 0.306552
vt 0.791712 0.004285
vt 0.291822 0.307056
vt 0.296610 0.004285
vt 0.296610 0.307056
vt 0.285851 0.307056
vt 0.291822 0.004285
vt 0.279879 0.307056
vt 0.285851 0.004285
vt 0.275091 0.307056
vt 0.279879 0.004285
vt 0.531808 0.618396
vt 0.537327 0.315626
vt 0.537327 0.618396
vt 0.525684 0.618396
vt 0.531808 0.315626
vt 0.520165 0.618396
vt 0.525684 0.315626
vt 0.261732 0.307056
vt 0.266521 0.004285
vt 0.266521 0.307056
vt 0.261732 0.004285
vt 0.411795 0.937705
vt 0.425213 0.954530
vt 0.405824 0.963867
vt 0.964629 0.731967
vt 0.986116 0.731884
vt 0.981335 0.752832
vt 0.912364 0.631957
vt 0.916487 0.636080
vt 0.912364 0.636080
vt 0.916313 0.629997
vt 0.916313 0.632131
vt 0.959666 0.506228
vt 0.963790 0.510351
vt 0.959666 0.510351
vt 0.142807 0.780406
vt 0.146756 0.782365
vt 0.142807 0.783437
vt 0.146930 0.776283
vt 0.142807 0.776283
vt 0.918446 0.632131
vt 0.919518 0.636080
vt 0.944533 0.510351
vt 0.948656 0.506228
vt 0.948657 0.510351
vt 0.941502 0.510351
vt 0.944708 0.506402
vt 0.624788 0.786929
vt 0.628911 0.782821
vt 0.628911 0.786831
vt 0.127674 0.776283
vt 0.125715 0.780231
vt 0.124643 0.776283
vt 0.131797 0.780406
vt 0.131797 0.776283
vt 0.131797 0.783437
vt 0.127849 0.780231
vt 0.127849 0.782365
vt 0.916487 0.691129
vt 0.912364 0.695252
vt 0.912364 0.691129
vt 0.919518 0.691129
vt 0.916313 0.695078
vt 0.142807 0.717110
vt 0.146930 0.721233
vt 0.142807 0.721233
vt 0.925794 0.592959
vt 0.929603 0.589754
vt 0.929746 0.591887
vt 0.929705 0.585805
vt 0.925591 0.589928
vt 0.925517 0.585805
vt 0.932932 0.585805
vt 0.931875 0.589754
vt 0.628911 0.845868
vt 0.624788 0.841761
vt 0.628911 0.841663
vt 0.624963 0.848104
vt 0.624963 0.845789
vt 0.914606 0.589928
vt 0.910492 0.585805
vt 0.914532 0.585805
vt 0.131797 0.717110
vt 0.127849 0.715151
vt 0.131797 0.714079
vt 0.127674 0.721233
vt 0.131797 0.721233
vt 0.622829 0.845978
vt 0.621757 0.842030
vt 0.883468 0.636080
vt 0.887592 0.631957
vt 0.887592 0.636080
vt 0.881509 0.632131
vt 0.883643 0.632131
vt 0.464193 0.790935
vt 0.468316 0.795059
vt 0.464193 0.795059
vt 0.959666 0.539247
vt 0.963615 0.541206
vt 0.959666 0.542277
vt 0.963790 0.535123
vt 0.959666 0.535123
vt 0.883643 0.629997
vt 0.887592 0.628926
vt 0.653684 0.782821
vt 0.657807 0.786929
vt 0.653684 0.786831
vt 0.941502 0.535123
vt 0.944708 0.539072
vt 0.942574 0.539072
vt 0.948656 0.539247
vt 0.944533 0.535123
vt 0.948657 0.535123
vt 0.944708 0.541206
vt 0.449060 0.795059
vt 0.453183 0.790935
vt 0.453183 0.795059
vt 0.446029 0.795059
vt 0.449234 0.791110
vt 0.887592 0.695252
vt 0.883468 0.691129
vt 0.887592 0.691129
vt 0.932932 0.561033
vt 0.929603 0.557084
vt 0.931875 0.557084
vt 0.925591 0.556909
vt 0.929705 0.561033
vt 0.925517 0.561033
vt 0.929746 0.554950
vt 0.468316 0.850108
vt 0.464193 0.854231
vt 0.464193 0.850108
vt 0.881509 0.695078
vt 0.880437 0.691129
vt 0.657807 0.841761
vt 0.653684 0.845868
vt 0.653684 0.841663
vt 0.659766 0.845978
vt 0.657632 0.845789
vt 0.453183 0.854231
vt 0.449060 0.850108
vt 0.453183 0.850108
vt 0.453183 0.857262
vt 0.449234 0.854057
vt 0.910492 0.561033
vt 0.914606 0.556909
vt 0.914532 0.561033
vt 0.657632 0.848104
vt 0.653684 0.849156
vt 0.124643 0.721233
vt 0.142807 0.714079
vt 0.628911 0.849156
vt 0.880437 0.636080
vt 0.446029 0.850108
vt 0.948656 0.542277
vt 0.912364 0.628926
vt 0.122681 0.866911
vt 0.126805 0.871034
vt 0.122681 0.871034
vt 0.953406 0.677669
vt 0.950201 0.673720
vt 0.952335 0.673720
vt 0.946252 0.673545
vt 0.950375 0.677669
vt 0.946252 0.677669
vt 0.585907 0.774252
vt 0.589856 0.771046
vt 0.589856 0.773180
vt 0.590030 0.767097
vt 0.585907 0.771221
vt 0.585907 0.767097
vt 0.591990 0.771046
vt 0.931119 0.677669
vt 0.935242 0.673545
vt 0.935242 0.677669
vt 0.929159 0.673720
vt 0.931293 0.673720
vt 0.096817 0.796114
vt 0.100940 0.792007
vt 0.100940 0.796016
vt 0.570774 0.767097
vt 0.568815 0.771046
vt 0.567743 0.767097
vt 0.574897 0.771221
vt 0.574897 0.767097
vt 0.574897 0.774252
vt 0.570948 0.771046
vt 0.570948 0.773180
vt 0.126805 0.926084
vt 0.122681 0.930207
vt 0.122681 0.926084
vt 0.590030 0.712048
vt 0.591990 0.708099
vt 0.593061 0.712048
vt 0.585907 0.707925
vt 0.585907 0.712048
vt 0.930152 0.186317
vt 0.933961 0.183112
vt 0.934104 0.185246
vt 0.934063 0.179163
vt 0.929949 0.183286
vt 0.929875 0.179163
vt 0.937291 0.179163
vt 0.936233 0.183112
vt 0.100940 0.855053
vt 0.096817 0.850946
vt 0.100940 0.850849
vt 0.096991 0.857289
vt 0.096991 0.854975
vt 0.918964 0.183286
vt 0.914850 0.179163
vt 0.918890 0.179163
vt 0.574897 0.704894
vt 0.570949 0.708099
vt 0.570949 0.705966
vt 0.570774 0.712048
vt 0.574897 0.707925
vt 0.574897 0.712048
vt 0.094857 0.855164
vt 0.093786 0.851215
vt 0.093786 0.871034
vt 0.097909 0.866911
vt 0.097909 0.871034
vt 0.790027 0.786945
vt 0.786822 0.782996
vt 0.788956 0.782996
vt 0.782873 0.782821
vt 0.786996 0.786945
vt 0.782873 0.786945
vt 0.946252 0.709595
vt 0.950201 0.706389
vt 0.950201 0.708523
vt 0.950375 0.702441
vt 0.946252 0.706564
vt 0.946252 0.702441
vt 0.952335 0.706389
vt 0.125712 0.792007
vt 0.129836 0.796114
vt 0.125712 0.796016
vt 0.931119 0.702441
vt 0.929159 0.706389
vt 0.928088 0.702441
vt 0.935242 0.706564
vt 0.935242 0.702441
vt 0.931293 0.708523
vt 0.931293 0.706389
vt 0.767740 0.786945
vt 0.771863 0.782821
vt 0.771863 0.786945
vt 0.764709 0.786945
vt 0.767914 0.782996
vt 0.097909 0.930207
vt 0.093786 0.926084
vt 0.097909 0.926084
vt 0.934063 0.154391
vt 0.936233 0.150442
vt 0.937291 0.154391
vt 0.929949 0.150268
vt 0.929875 0.154391
vt 0.930152 0.147237
vt 0.933961 0.150442
vt 0.786996 0.841994
vt 0.782873 0.846117
vt 0.782873 0.841994
vt 0.790027 0.841994
vt 0.786822 0.845943
vt 0.934104 0.148308
vt 0.129836 0.850946
vt 0.125712 0.855053
vt 0.125712 0.850849
vt 0.131795 0.855164
vt 0.129661 0.854975
vt 0.771863 0.846117
vt 0.767740 0.841994
vt 0.771863 0.841994
vt 0.771863 0.849148
vt 0.767914 0.845943
vt 0.914850 0.154391
vt 0.918964 0.150268
vt 0.918890 0.154391
vt 0.125712 0.858341
vt 0.129661 0.857289
vt 0.593061 0.767097
vt 0.567743 0.712048
vt 0.100940 0.858341
vt 0.782873 0.849148
vt 0.764709 0.841994
vt 0.935242 0.709595
vt 0.953406 0.702441
vt 0.928088 0.677669
vt 0.015045 0.618396
vt 0.009074 0.315626
vt 0.015045 0.315626
vt 0.004285 0.618396
vt 0.009074 0.618396
vt 0.819210 0.617715
vt 0.824728 0.315804
vt 0.824728 0.617893
vt 0.813085 0.617715
vt 0.819210 0.315626
vt 0.807567 0.617893
vt 0.813085 0.315626
vt 0.201553 0.618396
vt 0.206342 0.315626
vt 0.206342 0.618396
vt 0.195582 0.315626
vt 0.201553 0.315626
vt 0.189611 0.618396
vt 0.195582 0.618396
vt 0.184822 0.618396
vt 0.189611 0.315626
vt 0.506077 0.618396
vt 0.511595 0.315626
vt 0.511595 0.618396
vt 0.499952 0.618396
vt 0.506077 0.315626
vt 0.494434 0.618396
vt 0.499952 0.315626
vt 0.021016 0.618396
vt 0.025805 0.315626
vt 0.025805 0.618396
vt 0.021016 0.315626
vt 0.559700 0.943649
vt 0.581220 0.943649
vt 0.576432 0.964629
vt 0.975860 0.814211
vt 0.962495 0.831036
vt 0.949131 0.814211
vt 0.309969 0.307056
vt 0.315940 0.004285
vt 0.315940 0.307056
vt 0.305180 0.307056
vt 0.309969 0.004285
vt 0.896404 0.617715
vt 0.901922 0.315804
vt 0.901922 0.617893
vt 0.890279 0.617715
vt 0.896404 0.315626
vt 0.884761 0.617893
vt 0.890279 0.315626
vt 0.352001 0.307056
vt 0.356789 0.004285
vt 0.356789 0.307056
vt 0.346030 0.004285
vt 0.352001 0.004285
vt 0.340058 0.307056
vt 0.346030 0.307056
vt 0.335270 0.307056
vt 0.340058 0.004285
vt 0.664823 0.618396
vt 0.670341 0.315626
vt 0.670341 0.618396
vt 0.658698 0.618396
vt 0.664823 0.315626
vt 0.653180 0.618396
vt 0.658698 0.315626
vt 0.321911 0.307056
vt 0.326700 0.004285
vt 0.326700 0.307056
vt 0.321911 0.004285
vt 0.959278 0.040379
vt 0.972695 0.057204
vt 0.953307 0.066541
vt 0.964630 0.678756
vt 0.986116 0.678673
vt 0.981335 0.699621
vt 0.701334 0.860757
vt 0.705457 0.864880
vt 0.701334 0.864880
vt 0.705283 0.858797
vt 0.705283 0.860931
vt 0.959666 0.556909
vt 0.963790 0.561033
vt 0.959666 0.561033
vt 0.963615 0.554950
vt 0.963615 0.557084
vt 0.546957 0.853901
vt 0.542834 0.858024
vt 0.542834 0.853901
vt 0.707417 0.860931
vt 0.708488 0.864880
vt 0.944533 0.561033
vt 0.948656 0.556909
vt 0.948657 0.561033
vt 0.941502 0.561033
vt 0.944708 0.557084
vt 0.480050 0.795805
vt 0.484173 0.791698
vt 0.484173 0.795707
vt 0.524669 0.853901
vt 0.527875 0.857850
vt 0.525741 0.857850
vt 0.531824 0.858024
vt 0.527700 0.853901
vt 0.531824 0.853901
vt 0.944708 0.554950
vt 0.948656 0.553878
vt 0.942574 0.557084
vt 0.705457 0.919929
vt 0.701334 0.924052
vt 0.701334 0.919929
vt 0.707417 0.923878
vt 0.705283 0.923878
vt 0.542834 0.794729
vt 0.546957 0.798852
vt 0.542834 0.798852
vt 0.929949 0.040335
vt 0.934104 0.042294
vt 0.930152 0.043366
vt 0.934063 0.036211
vt 0.929875 0.036211
vt 0.937291 0.036211
vt 0.933961 0.040160
vt 0.936233 0.040160
vt 0.484173 0.854744
vt 0.480050 0.850637
vt 0.484173 0.850540
vt 0.480224 0.856980
vt 0.480224 0.854666
vt 0.918964 0.040335
vt 0.914850 0.036211
vt 0.918890 0.036211
vt 0.531824 0.791698
vt 0.527875 0.794903
vt 0.527875 0.792769
vt 0.527700 0.798852
vt 0.531824 0.794729
vt 0.531824 0.798852
vt 0.478091 0.854855
vt 0.477019 0.850906
vt 0.672439 0.864880
vt 0.676562 0.860757
vt 0.676562 0.864880
vt 0.669408 0.864880
vt 0.672613 0.860931
vt 0.111950 0.717110
vt 0.116073 0.721233
vt 0.111950 0.721233
vt 0.115899 0.715151
vt 0.115899 0.717285
vt 0.963790 0.585805
vt 0.959666 0.589928
vt 0.959666 0.585805
vt 0.672613 0.858797
vt 0.676562 0.857726
vt 0.670479 0.860931
vt 0.508945 0.791698
vt 0.513069 0.795805
vt 0.508945 0.795707
vt 0.941502 0.585805
vt 0.944708 0.589754
vt 0.942574 0.589754
vt 0.948656 0.589928
vt 0.944533 0.585805
vt 0.948657 0.585805
vt 0.100940 0.717110
vt 0.096991 0.715151
vt 0.100940 0.714079
vt 0.096817 0.721233
vt 0.100940 0.721233
vt 0.093786 0.721233
vt 0.096991 0.717285
vt 0.094858 0.717285
vt 0.676562 0.924052
vt 0.672439 0.919929
vt 0.676562 0.919929
vt 0.937291 0.011439
vt 0.933961 0.007490
vt 0.936233 0.007490
vt 0.929949 0.007316
vt 0.934063 0.011439
vt 0.929875 0.011439
vt 0.930152 0.004285
vt 0.116073 0.776283
vt 0.111950 0.780406
vt 0.111950 0.776283
vt 0.670479 0.923878
vt 0.669408 0.919929
vt 0.934104 0.005357
vt 0.513069 0.850637
vt 0.508945 0.854744
vt 0.508945 0.850540
vt 0.516100 0.850906
vt 0.512894 0.854666
vt 0.100940 0.780406
vt 0.096817 0.776283
vt 0.100940 0.776283
vt 0.100940 0.783437
vt 0.096991 0.780231
vt 0.914850 0.011439
vt 0.918964 0.007316
vt 0.918890 0.011439
vt 0.512894 0.856980
vt 0.508945 0.858032
vt 0.515028 0.854855
vt 0.708488 0.919929
vt 0.959666 0.553878
vt 0.524669 0.798852
vt 0.542834 0.791698
vt 0.484173 0.858032
vt 0.093786 0.776283
vt 0.111950 0.714079
vt 0.701334 0.857726
vt 0.081093 0.866911
vt 0.085216 0.871034
vt 0.081093 0.871034
vt 0.953406 0.725319
vt 0.950201 0.721370
vt 0.952335 0.721370
vt 0.946252 0.721196
vt 0.950375 0.725319
vt 0.946252 0.725319
vt 0.946252 0.718165
vt 0.657807 0.689170
vt 0.653684 0.693293
vt 0.653684 0.689170
vt 0.660838 0.689170
vt 0.657632 0.693119
vt 0.950201 0.719236
vt 0.931119 0.725319
vt 0.935242 0.721196
vt 0.935242 0.725319
vt 0.929159 0.721370
vt 0.931293 0.721370
vt 0.037405 0.796114
vt 0.041529 0.792007
vt 0.041529 0.796016
vt 0.635519 0.689170
vt 0.638725 0.693119
vt 0.636591 0.693119
vt 0.642674 0.693293
vt 0.638550 0.689170
vt 0.642674 0.689170
vt 0.931293 0.719236
vt 0.935242 0.718165
vt 0.085216 0.926084
vt 0.081093 0.930207
vt 0.081093 0.926084
vt 0.660838 0.634121
vt 0.657632 0.630172
vt 0.659766 0.630172
vt 0.653684 0.629997
vt 0.657807 0.634121
vt 0.653684 0.634121
vt 0.929949 0.230937
vt 0.934104 0.232896
vt 0.930152 0.233968
vt 0.934063 0.226814
vt 0.929875 0.226814
vt 0.936233 0.230762
vt 0.933961 0.230762
vt 0.041529 0.855054
vt 0.037405 0.850947
vt 0.041529 0.850849
vt 0.041529 0.858341
vt 0.037580 0.854975
vt 0.918964 0.230937
vt 0.914850 0.226814
vt 0.918890 0.226814
vt 0.642674 0.626966
vt 0.638725 0.630172
vt 0.638725 0.628038
vt 0.638550 0.634121
vt 0.642674 0.629997
vt 0.642674 0.634121
vt 0.035446 0.855164
vt 0.034374 0.851215
vt 0.037580 0.857289
vt 0.052197 0.871034
vt 0.056321 0.866911
vt 0.056321 0.871034
vt 0.691695 0.712048
vt 0.693654 0.708099
vt 0.694726 0.712048
vt 0.687572 0.707925
vt 0.687572 0.712048
vt 0.687572 0.704894
vt 0.691521 0.708099
vt 0.950375 0.750091
vt 0.946252 0.754215
vt 0.946252 0.750091
vt 0.952335 0.754040
vt 0.950201 0.754040
vt 0.691521 0.705966
vt 0.066301 0.792007
vt 0.070424 0.796114
vt 0.066301 0.796016
vt 0.931119 0.750091
vt 0.929159 0.754040
vt 0.928088 0.750091
vt 0.935242 0.754215
vt 0.935242 0.750091
vt 0.676562 0.704894
vt 0.672613 0.708099
vt 0.672613 0.705965
vt 0.672439 0.712048
vt 0.676562 0.707925
vt 0.676562 0.712048
vt 0.669408 0.712048
vt 0.670479 0.708099
vt 0.056321 0.930207
vt 0.052197 0.926084
vt 0.056321 0.926084
vt 0.937291 0.202041
vt 0.933961 0.198093
vt 0.936233 0.198093
vt 0.929949 0.197918
vt 0.934063 0.202041
vt 0.929875 0.202041
vt 0.934104 0.195959
vt 0.691695 0.767097
vt 0.687572 0.771221
vt 0.687572 0.767097
vt 0.693654 0.771046
vt 0.691521 0.771046
vt 0.070424 0.850947
vt 0.066301 0.855054
vt 0.066301 0.850849
vt 0.073455 0.851215
vt 0.070250 0.854975
vt 0.676562 0.771221
vt 0.672439 0.767097
vt 0.676562 0.767097
vt 0.676562 0.774252
vt 0.672613 0.771046
vt 0.914850 0.202041
vt 0.918964 0.197918
vt 0.918890 0.202041
vt 0.070250 0.857289
vt 0.066301 0.858341
vt 0.072383 0.855164
vt 0.642674 0.696324
vt 0.653684 0.696324
vt 0.635519 0.634121
vt 0.653684 0.626966
vt 0.937291 0.226814
vt 0.694726 0.767097
vt 0.669408 0.767097
vt 0.953406 0.750091
vt 0.928088 0.725319
vt 0.370148 0.307056
vt 0.376119 0.004285
vt 0.376119 0.307056
vt 0.365359 0.307056
vt 0.370148 0.004285
vt 0.823568 0.306374
vt 0.829087 0.004463
vt 0.829087 0.306552
vt 0.817444 0.306374
vt 0.823568 0.004285
vt 0.811925 0.306552
vt 0.817444 0.004285
vt 0.412180 0.618396
vt 0.416969 0.315626
vt 0.416969 0.618396
vt 0.406209 0.315626
vt 0.412180 0.315626
vt 0.400238 0.618396
vt 0.406209 0.618396
vt 0.395449 0.618396
vt 0.400238 0.315626
vt 0.669181 0.307056
vt 0.674699 0.004285
vt 0.674699 0.307056
vt 0.663056 0.307056
vt 0.669181 0.004285
vt 0.657538 0.307056
vt 0.663056 0.004285
vt 0.382090 0.307056
vt 0.386879 0.004285
vt 0.386879 0.307056
vt 0.382090 0.004285
vt 0.658180 0.937804
vt 0.653392 0.958784
vt 0.634003 0.949447
vt 0.945861 0.201582
vt 0.959225 0.184757
vt 0.972589 0.201582
vt 0.400238 0.307056
vt 0.406209 0.004285
vt 0.406209 0.307056
vt 0.395449 0.307056
vt 0.400238 0.004285
vt 0.844941 0.617715
vt 0.850460 0.315804
vt 0.850460 0.617893
vt 0.838816 0.617715
vt 0.844941 0.315626
vt 0.833298 0.617893
vt 0.838816 0.315626
vt 0.382090 0.618396
vt 0.386879 0.315626
vt 0.386879 0.618396
vt 0.376119 0.618396
vt 0.382090 0.315626
vt 0.370148 0.618396
vt 0.376119 0.315626
vt 0.365359 0.618396
vt 0.370148 0.315626
vt 0.593147 0.618396
vt 0.587629 0.315626
vt 0.593147 0.315626
vt 0.581504 0.618396
vt 0.587629 0.618396
vt 0.575986 0.618396
vt 0.581504 0.315626
vt 0.412180 0.307056
vt 0.416969 0.004285
vt 0.416969 0.307056
vt 0.412180 0.004285
vt 0.034786 0.961120
vt 0.013266 0.961120
vt 0.018055 0.940140
vt 0.972589 0.289332
vt 0.959225 0.306157
vt 0.945861 0.289332
vt 0.881507 0.858614
vt 0.885630 0.862737
vt 0.881507 0.862737
vt 0.885455 0.856654
vt 0.885455 0.858788
vt 0.959666 0.458577
vt 0.963790 0.462701
vt 0.959666 0.462701
vt 0.205148 0.780406
vt 0.209097 0.782365
vt 0.205148 0.783437
vt 0.209271 0.776283
vt 0.205148 0.776283
vt 0.887589 0.858788
vt 0.888661 0.862737
vt 0.944533 0.462701
vt 0.948657 0.458577
vt 0.948657 0.462701
vt 0.941502 0.462701
vt 0.944708 0.458752
vt 0.206808 0.796114
vt 0.210931 0.792007
vt 0.210931 0.796016
vt 0.190015 0.776283
vt 0.188055 0.780231
vt 0.186984 0.776283
vt 0.194138 0.780406
vt 0.194138 0.776283
vt 0.190189 0.782365
vt 0.190189 0.780231
vt 0.885630 0.917786
vt 0.881507 0.921909
vt 0.881507 0.917786
vt 0.887589 0.921735
vt 0.885455 0.921735
vt 0.205148 0.717110
vt 0.209271 0.721233
vt 0.205148 0.721233
vt 0.782889 0.944449
vt 0.786698 0.941244
vt 0.786841 0.943378
vt 0.786800 0.937295
vt 0.782686 0.941418
vt 0.782612 0.937295
vt 0.790027 0.937295
vt 0.788970 0.941244
vt 0.210931 0.855053
vt 0.206808 0.850946
vt 0.210931 0.850849
vt 0.210931 0.858341
vt 0.206983 0.854975
vt 0.771701 0.941418
vt 0.767587 0.937295
vt 0.771627 0.937295
vt 0.194138 0.717110
vt 0.190189 0.715151
vt 0.194138 0.714079
vt 0.190015 0.721233
vt 0.194138 0.721233
vt 0.203777 0.851215
vt 0.204849 0.855164
vt 0.206983 0.857289
vt 0.852611 0.862737
vt 0.856734 0.858614
vt 0.856734 0.862737
vt 0.850652 0.858788
vt 0.852786 0.858788
vt 0.820094 0.705782
vt 0.824217 0.709905
vt 0.820094 0.709905
vt 0.959666 0.494627
vt 0.963615 0.491421
vt 0.963615 0.493555
vt 0.963790 0.487473
vt 0.959666 0.491596
vt 0.959666 0.487473
vt 0.852786 0.856654
vt 0.856734 0.855583
vt 0.235703 0.792007
vt 0.239827 0.796114
vt 0.235704 0.796016
vt 0.944533 0.487473
vt 0.942574 0.491421
vt 0.941502 0.487473
vt 0.948657 0.491596
vt 0.948657 0.487473
vt 0.948657 0.494627
vt 0.944708 0.491421
vt 0.804960 0.709905
vt 0.809084 0.705782
vt 0.809084 0.709905
vt 0.801930 0.709905
vt 0.805135 0.705956
vt 0.803001 0.705956
vt 0.805135 0.703822
vt 0.856734 0.921909
vt 0.852611 0.917786
vt 0.856734 0.917786
vt 0.790027 0.912523
vt 0.786698 0.908574
vt 0.788970 0.908574
vt 0.782686 0.908400
vt 0.786800 0.912523
vt 0.782612 0.912523
vt 0.782889 0.905369
vt 0.824217 0.764954
vt 0.820094 0.769077
vt 0.820094 0.764954
vt 0.850652 0.921735
vt 0.849580 0.917786
vt 0.786841 0.906440
vt 0.239827 0.850946
vt 0.235704 0.855053
vt 0.235704 0.850849
vt 0.241786 0.855164
vt 0.239652 0.854975
vt 0.809084 0.769077
vt 0.804960 0.764954
vt 0.809084 0.764954
vt 0.805135 0.771037
vt 0.805135 0.768903
vt 0.767587 0.912523
vt 0.771701 0.908400
vt 0.771627 0.912523
vt 0.239652 0.857289
vt 0.235704 0.858341
vt 0.888661 0.917786
vt 0.194138 0.783437
vt 0.186984 0.721233
vt 0.205148 0.714079
vt 0.820094 0.772108
vt 0.809084 0.772108
vt 0.849580 0.862737
vt 0.801930 0.764954
vt 0.881507 0.855583
vt 0.430305 0.865840
vt 0.434428 0.869963
vt 0.430305 0.869963
vt 0.953559 0.911773
vt 0.950354 0.907824
vt 0.952488 0.907824
vt 0.946405 0.907650
vt 0.950528 0.911773
vt 0.946405 0.911773
vt 0.687572 0.696324
vt 0.691521 0.693119
vt 0.691521 0.695252
vt 0.691695 0.689170
vt 0.687572 0.693293
vt 0.687572 0.689170
vt 0.694726 0.689170
vt 0.693654 0.693119
vt 0.931272 0.911773
vt 0.935395 0.907650
vt 0.935395 0.911773
vt 0.928241 0.911773
vt 0.931446 0.907824
vt 0.720089 0.786929
vt 0.724213 0.782821
vt 0.724213 0.786831
vt 0.672439 0.689170
vt 0.670479 0.693119
vt 0.669408 0.689170
vt 0.676562 0.693293
vt 0.676562 0.689170
vt 0.672613 0.695252
vt 0.672613 0.693119
vt 0.434428 0.925012
vt 0.430305 0.929135
vt 0.430305 0.925012
vt 0.691695 0.634120
vt 0.693654 0.630172
vt 0.694726 0.634120
vt 0.687572 0.629997
vt 0.687572 0.634120
vt 0.930152 0.091016
vt 0.933961 0.087811
vt 0.934104 0.089945
vt 0.934063 0.083862
vt 0.929949 0.087985
vt 0.929875 0.083862
vt 0.936233 0.087811
vt 0.724213 0.845868
vt 0.720089 0.841761
vt 0.724213 0.841663
vt 0.720264 0.848104
vt 0.720264 0.845789
vt 0.918964 0.087985
vt 0.914850 0.083862
vt 0.918890 0.083862
vt 0.676562 0.629997
vt 0.672613 0.628038
vt 0.676562 0.626966
vt 0.672439 0.634120
vt 0.676562 0.634120
vt 0.717058 0.842030
vt 0.718130 0.845978
vt 0.401409 0.869963
vt 0.405533 0.865840
vt 0.405533 0.869963
vt 0.398378 0.869963
vt 0.401584 0.866014
vt 0.456687 0.716039
vt 0.460810 0.720162
vt 0.456687 0.720162
vt 0.946405 0.940668
vt 0.950354 0.942628
vt 0.946405 0.943699
vt 0.950528 0.936545
vt 0.946405 0.936545
vt 0.953559 0.936545
vt 0.950354 0.940494
vt 0.004285 0.640688
vt 0.004285 0.638554
vt 0.006419 0.638554
vt 0.748985 0.782821
vt 0.753108 0.786929
vt 0.748985 0.786831
vt 0.928241 0.936545
vt 0.931446 0.940494
vt 0.929313 0.940494
vt 0.935395 0.940668
vt 0.931272 0.936545
vt 0.935395 0.936545
vt 0.935395 0.943699
vt 0.441553 0.720162
vt 0.445677 0.716039
vt 0.445677 0.720162
vt 0.439594 0.716213
vt 0.441728 0.716213
vt 0.441728 0.714079
vt 0.405533 0.929135
vt 0.401409 0.925012
vt 0.405533 0.925012
vt 0.937291 0.059090
vt 0.933961 0.055141
vt 0.936233 0.055141
vt 0.929949 0.054967
vt 0.934063 0.059090
vt 0.929875 0.059090
vt 0.930152 0.051936
vt 0.460810 0.775211
vt 0.456687 0.779334
vt 0.456687 0.775211
vt 0.399450 0.928961
vt 0.398378 0.925012
vt 0.934104 0.053007
vt 0.753108 0.841761
vt 0.748985 0.845868
vt 0.748985 0.841663
vt 0.755067 0.845978
vt 0.752933 0.845789
vt 0.445677 0.779334
vt 0.441553 0.775211
vt 0.445677 0.775211
vt 0.445677 0.782365
vt 0.441728 0.779160
vt 0.914850 0.059090
vt 0.918964 0.054966
vt 0.918890 0.059090
vt 0.752933 0.848104
vt 0.748985 0.849156
vt 0.676562 0.696324
vt 0.669408 0.634120
vt 0.687572 0.626966
vt 0.937291 0.083862
vt 0.724213 0.849156
vt 0.438522 0.720162
vt 0.438522 0.775211
vt 0.436298 0.307056
vt 0.430327 0.004285
vt 0.436298 0.004285
vt 0.425538 0.307056
vt 0.430327 0.307056
vt 0.726162 0.306552
vt 0.720644 0.004285
vt 0.726162 0.004463
vt 0.714519 0.306374
vt 0.720644 0.306374
vt 0.709000 0.306552
vt 0.714519 0.004285
vt 0.472359 0.307056
vt 0.477148 0.004285
vt 0.477148 0.307056
vt 0.466388 0.004285
vt 0.472359 0.004285
vt 0.460417 0.307056
vt 0.466388 0.307056
vt 0.455628 0.307056
vt 0.460417 0.004285
vt 0.639092 0.618396
vt 0.644610 0.315626
vt 0.644610 0.618396
vt 0.632967 0.618396
vt 0.639092 0.315626
vt 0.627449 0.618396
vt 0.632967 0.315626
vt 0.442270 0.307056
vt 0.447058 0.004285
vt 0.447058 0.307056
vt 0.442270 0.004285
vt 0.059643 0.940140
vt 0.079032 0.949476
vt 0.065615 0.966301
vt 0.954990 0.969040
vt 0.935663 0.978430
vt 0.930890 0.957480
vt 0.490506 0.307056
vt 0.496477 0.004285
vt 0.496477 0.307056
vt 0.485718 0.307056
vt 0.490506 0.004285
vt 0.875031 0.306374
vt 0.880549 0.004463
vt 0.880549 0.306552
vt 0.868906 0.306374
vt 0.875031 0.004285
vt 0.863388 0.306552
vt 0.868906 0.004285
vt 0.261732 0.618396
vt 0.266521 0.315626
vt 0.266521 0.618396
vt 0.255761 0.618396
vt 0.261732 0.315626
vt 0.249790 0.618396
vt 0.255761 0.315626
vt 0.245001 0.618396
vt 0.249790 0.315626
vt 0.613360 0.618396
vt 0.618879 0.315626
vt 0.618879 0.618396
vt 0.607236 0.618396
vt 0.613360 0.315626
vt 0.601717 0.618396
vt 0.607236 0.315626
vt 0.502449 0.307056
vt 0.507237 0.004285
vt 0.507237 0.307056
vt 0.502449 0.004285
vt 0.672065 0.954965
vt 0.676854 0.933985
vt 0.696242 0.943322
vt 0.787378 0.958230
vt 0.782605 0.979180
vt 0.763278 0.969790
vt 0.881507 0.783709
vt 0.885630 0.787833
vt 0.881507 0.787833
vt 0.881507 0.780678
vt 0.885455 0.783884
vt 0.959666 0.366307
vt 0.963790 0.370430
vt 0.959666 0.370430
vt 0.963615 0.364348
vt 0.963615 0.366482
vt 0.793360 0.689170
vt 0.789236 0.693293
vt 0.789236 0.689170
vt 0.887589 0.783884
vt 0.888661 0.787833
vt 0.885455 0.781750
vt 0.944533 0.370430
vt 0.948656 0.366307
vt 0.948656 0.370430
vt 0.941502 0.370430
vt 0.944708 0.366482
vt 0.401409 0.795042
vt 0.405533 0.790935
vt 0.405533 0.794945
vt 0.774103 0.689170
vt 0.772144 0.693119
vt 0.771072 0.689170
vt 0.778227 0.693293
vt 0.778227 0.689170
vt 0.944708 0.364348
vt 0.948656 0.363276
vt 0.774278 0.695252
vt 0.774278 0.693119
vt 0.885630 0.842882
vt 0.881507 0.847005
vt 0.881507 0.842882
vt 0.887589 0.846831
vt 0.885455 0.846831
vt 0.789236 0.629997
vt 0.793360 0.634121
vt 0.789236 0.634121
vt 0.782686 0.893768
vt 0.786841 0.895727
vt 0.782889 0.896799
vt 0.786800 0.889645
vt 0.782612 0.889645
vt 0.790027 0.889645
vt 0.786697 0.893593
vt 0.788970 0.893593
vt 0.405533 0.853982
vt 0.401409 0.849875
vt 0.405533 0.849777
vt 0.401584 0.856218
vt 0.401584 0.853903
vt 0.771701 0.893768
vt 0.767587 0.889645
vt 0.771627 0.889645
vt 0.778227 0.626966
vt 0.774278 0.630172
vt 0.774278 0.628038
vt 0.774103 0.634121
vt 0.778227 0.629997
vt 0.778227 0.634121
vt 0.398378 0.850143
vt 0.399450 0.854092
vt 0.852611 0.787833
vt 0.856734 0.783709
vt 0.856734 0.787833
vt 0.850652 0.783884
vt 0.852786 0.783884
vt 0.724491 0.707925
vt 0.728614 0.712048
vt 0.724491 0.712048
vt 0.724491 0.704894
vt 0.728440 0.708099
vt 0.963790 0.395203
vt 0.959666 0.399326
vt 0.959666 0.395203
vt 0.856734 0.780678
vt 0.852786 0.781750
vt 0.430305 0.790935
vt 0.434428 0.795042
vt 0.430305 0.794945
vt 0.944533 0.395203
vt 0.942574 0.399151
vt 0.941502 0.395203
vt 0.948656 0.399326
vt 0.948656 0.395203
vt 0.713481 0.704894
vt 0.709532 0.708099
vt 0.709532 0.705965
vt 0.709358 0.712048
vt 0.713481 0.707925
vt 0.713481 0.712048
vt 0.707398 0.708099
vt 0.856734 0.847005
vt 0.852611 0.842882
vt 0.856734 0.842882
vt 0.790027 0.864872
vt 0.786697 0.860924
vt 0.788970 0.860924
vt 0.782686 0.860749
vt 0.786800 0.864872
vt 0.782612 0.864872
vt 0.786841 0.858790
vt 0.728614 0.767097
vt 0.724491 0.771221
vt 0.724491 0.767097
vt 0.850652 0.846831
vt 0.849580 0.842882
vt 0.434428 0.849875
vt 0.430305 0.853982
vt 0.430305 0.849777
vt 0.437459 0.850143
vt 0.434254 0.853903
vt 0.713481 0.771221
vt 0.709358 0.767097
vt 0.713481 0.767097
vt 0.713481 0.774252
vt 0.709532 0.771046
vt 0.767587 0.864872
vt 0.771701 0.860749
vt 0.771627 0.864872
vt 0.430305 0.857270
vt 0.434254 0.856218
vt 0.436387 0.854092
vt 0.888661 0.842882
vt 0.959666 0.363276
vt 0.771072 0.634121
vt 0.405533 0.857270
vt 0.849580 0.787833
vt 0.706327 0.712048
vt 0.706327 0.767097
vt 0.745954 0.857726
vt 0.750077 0.861849
vt 0.745954 0.861849
vt 0.281323 0.936285
vt 0.278118 0.932336
vt 0.280251 0.932336
vt 0.274169 0.932162
vt 0.278292 0.936285
vt 0.274169 0.936285
vt 0.278118 0.930202
vt 0.429953 0.776283
vt 0.425829 0.780406
vt 0.425829 0.776283
vt 0.752036 0.857900
vt 0.753108 0.861849
vt 0.005794 0.626966
vt 0.005794 0.629984
vt 0.004285 0.628475
vt 0.259036 0.936285
vt 0.263159 0.932162
vt 0.263159 0.936285
vt 0.256005 0.936285
vt 0.259210 0.932336
vt 0.353759 0.795042
vt 0.357882 0.790935
vt 0.357882 0.794945
vt 0.407665 0.776283
vt 0.410871 0.780231
vt 0.408737 0.780231
vt 0.414819 0.780406
vt 0.410696 0.776283
vt 0.414819 0.776283
vt 0.263159 0.929131
vt 0.259210 0.930202
vt 0.410871 0.782365
vt 0.750077 0.916898
vt 0.745954 0.921021
vt 0.745954 0.916898
vt 0.753108 0.916898
vt 0.749902 0.920847
vt 0.425829 0.717110
vt 0.429953 0.721233
vt 0.425829 0.721233
vt 0.925794 0.450007
vt 0.929603 0.446802
vt 0.929746 0.448936
vt 0.929705 0.442853
vt 0.925591 0.446976
vt 0.925517 0.442853
vt 0.932932 0.442853
vt 0.931875 0.446802
vt 0.357882 0.853982
vt 0.353759 0.849875
vt 0.357882 0.849777
vt 0.353933 0.856218
vt 0.353933 0.853903
vt 0.914606 0.446976
vt 0.910492 0.442853
vt 0.914532 0.442853
vt 0.414819 0.717110
vt 0.410871 0.715151
vt 0.414819 0.714079
vt 0.410696 0.721233
vt 0.414819 0.721233
vt 0.351799 0.854092
vt 0.350728 0.850144
vt 0.717058 0.861849
vt 0.721182 0.857726
vt 0.721182 0.861849
vt 0.725583 0.634120
vt 0.727543 0.630172
vt 0.728614 0.634120
vt 0.721460 0.629997
vt 0.721460 0.634120
vt 0.721460 0.626966
vt 0.725409 0.630172
vt 0.278292 0.961057
vt 0.274169 0.965180
vt 0.274169 0.961057
vt 0.280251 0.965006
vt 0.278118 0.965006
vt 0.725409 0.628038
vt 0.382654 0.790935
vt 0.386777 0.795042
vt 0.382654 0.794945
vt 0.256005 0.961057
vt 0.259210 0.965006
vt 0.257076 0.965006
vt 0.263159 0.965180
vt 0.259036 0.961057
vt 0.263159 0.961057
vt 0.710450 0.629997
vt 0.706501 0.628038
vt 0.710450 0.626966
vt 0.706327 0.634120
vt 0.710450 0.634120
vt 0.703296 0.634120
vt 0.706501 0.630172
vt 0.704368 0.630172
vt 0.721182 0.921021
vt 0.717058 0.916898
vt 0.721182 0.916898
vt 0.929705 0.418081
vt 0.931875 0.414132
vt 0.932932 0.418081
vt 0.925591 0.413958
vt 0.925517 0.418081
vt 0.925794 0.410927
vt 0.929603 0.414132
vt 0.725583 0.689170
vt 0.721460 0.693293
vt 0.721460 0.689170
vt 0.727543 0.693119
vt 0.725409 0.693119
vt 0.929746 0.411998
vt 0.386777 0.849875
vt 0.382654 0.853982
vt 0.382654 0.849777
vt 0.388737 0.854092
vt 0.386603 0.853903
vt 0.710450 0.693293
vt 0.706327 0.689170
vt 0.710450 0.689170
vt 0.706501 0.695252
vt 0.706501 0.693119
vt 0.910492 0.418081
vt 0.914606 0.413958
vt 0.914532 0.418081
vt 0.386603 0.856218
vt 0.382654 0.857270
vt 0.274169 0.929131
vt 0.407665 0.721233
vt 0.425829 0.714079
vt 0.357882 0.857270
vt 0.710450 0.696324
vt 0.728614 0.689170
vt 0.703296 0.689170
vt 0.281323 0.961057
vt 0.520596 0.307056
vt 0.526567 0.004285
vt 0.526567 0.307056
vt 0.515807 0.307056
vt 0.520596 0.004285
vt 0.849300 0.306374
vt 0.854818 0.004463
vt 0.854818 0.306552
vt 0.843175 0.306374
vt 0.849300 0.004285
vt 0.837656 0.306552
vt 0.843175 0.004285
vt 0.171464 0.618396
vt 0.176252 0.315626
vt 0.176252 0.618396
vt 0.165492 0.618396
vt 0.171464 0.315626
vt 0.159521 0.618396
vt 0.165492 0.315626
vt 0.154733 0.618396
vt 0.159521 0.315626
vt 0.696072 0.618396
vt 0.690554 0.315626
vt 0.696072 0.315626
vt 0.684429 0.618396
vt 0.690554 0.618396
vt 0.678911 0.618396
vt 0.684429 0.315626
vt 0.532538 0.307056
vt 0.537327 0.004285
vt 0.537327 0.307056
vt 0.532538 0.004285
vt 0.113174 0.940140
vt 0.117963 0.961120
vt 0.096443 0.961120
vt 0.448958 0.984186
vt 0.444176 0.963238
vt 0.465663 0.963320
vt 0.550685 0.307056
vt 0.556656 0.004285
vt 0.556656 0.307056
vt 0.545897 0.307056
vt 0.550685 0.004285
vt 0.900762 0.306374
vt 0.906280 0.004463
vt 0.906280 0.306552
vt 0.894637 0.306374
vt 0.900762 0.004285
vt 0.889119 0.306552
vt 0.894637 0.004285
vt 0.592717 0.307056
vt 0.597506 0.004285
vt 0.597506 0.307056
vt 0.586746 0.307056
vt 0.592717 0.004285
vt 0.580775 0.307056
vt 0.586746 0.004285
vt 0.575986 0.307056
vt 0.580775 0.004285
vt 0.694912 0.307056
vt 0.700431 0.004285
vt 0.700431 0.307056
vt 0.688788 0.307056
vt 0.694912 0.004285
vt 0.683269 0.307056
vt 0.688788 0.004285
vt 0.562628 0.307056
vt 0.567416 0.004285
vt 0.567416 0.307056
vt 0.562628 0.004285
vt 0.965249 0.005648
vt 0.970038 0.026628
vt 0.948518 0.026628
vt 0.975544 0.935071
vt 0.962129 0.918287
vt 0.981514 0.909018
vt 0.653684 0.860757
vt 0.657807 0.864880
vt 0.653684 0.864880
vt 0.657632 0.858797
vt 0.657632 0.860931
vt 0.748985 0.929591
vt 0.753108 0.933715
vt 0.748985 0.933715
vt 0.295416 0.783437
vt 0.299365 0.780231
vt 0.299365 0.782365
vt 0.299540 0.776283
vt 0.295416 0.780406
vt 0.295417 0.776283
vt 0.659766 0.860931
vt 0.660838 0.864880
vt 0.733852 0.933715
vt 0.737975 0.929591
vt 0.737975 0.933715
vt 0.730821 0.933715
vt 0.734026 0.929766
vt 0.835818 0.707929
vt 0.839941 0.703822
vt 0.839941 0.707832
vt 0.277252 0.776283
vt 0.280458 0.780231
vt 0.278324 0.780231
vt 0.284407 0.780406
vt 0.280283 0.776283
vt 0.284407 0.776283
vt 0.284407 0.783437
vt 0.280458 0.782365
vt 0.657807 0.919929
vt 0.653684 0.924052
vt 0.653684 0.919929
vt 0.659766 0.923878
vt 0.657632 0.923878
vt 0.295417 0.717110
vt 0.299540 0.721233
vt 0.295417 0.721233
vt 0.925794 0.354706
vt 0.929603 0.351501
vt 0.929746 0.353635
vt 0.929705 0.347552
vt 0.925591 0.351675
vt 0.925517 0.347552
vt 0.932932 0.347552
vt 0.931875 0.351501
vt 0.839941 0.766869
vt 0.835818 0.762762
vt 0.839941 0.762664
vt 0.835992 0.769105
vt 0.835992 0.766790
vt 0.914606 0.351675
vt 0.910492 0.347552
vt 0.914532 0.347552
vt 0.284407 0.714079
vt 0.280458 0.717285
vt 0.280458 0.715151
vt 0.280283 0.721233
vt 0.284407 0.717110
vt 0.284407 0.721233
vt 0.832787 0.763031
vt 0.833858 0.766979
vt 0.624788 0.864880
vt 0.628911 0.860757
vt 0.628911 0.864880
vt 0.622829 0.860931
vt 0.624963 0.860931
vt 0.264559 0.717110
vt 0.268683 0.721233
vt 0.264559 0.721233
vt 0.268508 0.715151
vt 0.268508 0.717285
vt 0.753108 0.958487
vt 0.748985 0.962610
vt 0.748985 0.958487
vt 0.624963 0.858797
vt 0.628911 0.857726
vt 0.864713 0.703822
vt 0.868836 0.707929
vt 0.864713 0.707832
vt 0.730821 0.958487
vt 0.734026 0.962436
vt 0.731892 0.962436
vt 0.737975 0.962610
vt 0.733852 0.958487
vt 0.737975 0.958487
vt 0.253549 0.714079
vt 0.249601 0.717285
vt 0.249601 0.715151
vt 0.249426 0.721233
vt 0.253549 0.717110
vt 0.253549 0.721233
vt 0.247467 0.717285
vt 0.628911 0.924052
vt 0.624788 0.919929
vt 0.628911 0.919929
vt 0.932932 0.322780
vt 0.929603 0.318831
vt 0.931875 0.318831
vt 0.925591 0.318657
vt 0.929705 0.322780
vt 0.925517 0.322780
vt 0.925794 0.315626
vt 0.268683 0.776283
vt 0.264559 0.780406
vt 0.264559 0.776283
vt 0.622829 0.923878
vt 0.621757 0.919929
vt 0.929746 0.316697
vt 0.868836 0.762762
vt 0.864713 0.766869
vt 0.864713 0.762664
vt 0.871867 0.763031
vt 0.868662 0.766790
vt 0.253549 0.780406
vt 0.249426 0.776283
vt 0.253549 0.776283
vt 0.253549 0.783437
vt 0.249601 0.780231
vt 0.910492 0.322780
vt 0.914606 0.318657
vt 0.914532 0.322780
vt 0.868662 0.769105
vt 0.864713 0.770157
vt 0.870796 0.766979
vt 0.660838 0.919929
vt 0.277252 0.721233
vt 0.295417 0.714079
vt 0.839941 0.770157
vt 0.621757 0.864880
vt 0.246395 0.721233
vt 0.246395 0.776283
vt 0.264559 0.714079
vt 0.653684 0.857726
vt 0.039504 0.866911
vt 0.043627 0.871034
vt 0.039504 0.871034
vt 0.224518 0.933254
vt 0.221313 0.929305
vt 0.223447 0.929305
vt 0.217364 0.929131
vt 0.221487 0.933254
vt 0.217364 0.933254
vt 0.755348 0.696324
vt 0.759297 0.693119
vt 0.759297 0.695252
vt 0.759471 0.689170
vt 0.755348 0.693293
vt 0.755348 0.689170
vt 0.762502 0.689170
vt 0.761431 0.693119
vt 0.202231 0.933254
vt 0.206354 0.929131
vt 0.206354 0.933254
vt 0.200272 0.929305
vt 0.202406 0.929305
vt 0.254459 0.796114
vt 0.258582 0.792007
vt 0.258582 0.796016
vt 0.737184 0.689170
vt 0.740390 0.693119
vt 0.738256 0.693119
vt 0.744338 0.693293
vt 0.740215 0.689170
vt 0.744338 0.689170
vt 0.740390 0.695252
vt 0.043627 0.926084
vt 0.039504 0.930207
vt 0.039504 0.926084
vt 0.759471 0.634120
vt 0.761431 0.630172
vt 0.762502 0.634120
vt 0.755348 0.629997
vt 0.755348 0.634120
vt 0.912330 0.943699
vt 0.916485 0.945659
vt 0.912533 0.946730
vt 0.916444 0.939576
vt 0.912256 0.939576
vt 0.918614 0.943525
vt 0.916341 0.943525
vt 0.258582 0.855053
vt 0.254459 0.850946
vt 0.258582 0.850848
vt 0.258582 0.858341
vt 0.254633 0.854975
vt 0.901345 0.943699
vt 0.897231 0.939576
vt 0.901271 0.939576
vt 0.744338 0.629997
vt 0.740390 0.628038
vt 0.744338 0.626966
vt 0.740215 0.634120
vt 0.744338 0.634120
vt 0.252499 0.855164
vt 0.251428 0.851215
vt 0.254633 0.857289
vt 0.010609 0.871034
vt 0.014732 0.866911
vt 0.014732 0.871034
vt 0.626950 0.712048
vt 0.623744 0.708099
vt 0.625878 0.708099
vt 0.619795 0.707925
vt 0.623919 0.712048
vt 0.619795 0.712048
vt 0.619795 0.704894
vt 0.221487 0.958026
vt 0.217364 0.962149
vt 0.217364 0.958026
vt 0.224518 0.958026
vt 0.221313 0.961975
vt 0.623744 0.705966
vt 0.283354 0.792007
vt 0.287477 0.796114
vt 0.283354 0.796016
vt 0.202231 0.958026
vt 0.200272 0.961975
vt 0.199200 0.958026
vt 0.206354 0.962149
vt 0.206354 0.958026
vt 0.608786 0.707925
vt 0.604837 0.705966
vt 0.608786 0.704894
vt 0.604662 0.712048
vt 0.608786 0.712048
vt 0.602703 0.708099
vt 0.604837 0.708099
vt 0.014732 0.930207
vt 0.010609 0.926084
vt 0.014732 0.926084
vt 0.916444 0.914804
vt 0.918614 0.910855
vt 0.919671 0.914804
vt 0.912330 0.910681
vt 0.912256 0.914804
vt 0.912533 0.907650
vt 0.916341 0.910855
vt 0.623919 0.767097
vt 0.619795 0.771221
vt 0.619795 0.767097
vt 0.626950 0.767097
vt 0.623744 0.771046
vt 0.916485 0.908721
vt 0.287477 0.850946
vt 0.283354 0.855053
vt 0.283354 0.850848
vt 0.290508 0.851215
vt 0.287303 0.854975
vt 0.608786 0.771221
vt 0.604662 0.767097
vt 0.608785 0.767097
vt 0.608786 0.774252
vt 0.604837 0.771046
vt 0.897231 0.914804
vt 0.901345 0.910681
vt 0.901271 0.914804
vt 0.283354 0.858341
vt 0.287303 0.857289
vt 0.289437 0.855164
vt 0.744338 0.696324
vt 0.737184 0.634120
vt 0.755348 0.626966
vt 0.919671 0.939576
vt 0.601631 0.712048
vt 0.601631 0.767097
vt 0.199200 0.933254
vt 0.425087 0.631832
vt 0.429060 0.627859
vt 0.429953 0.631832
vt 0.185765 0.915816
vt 0.189737 0.919789
vt 0.185765 0.920682
vt 0.173548 0.700644
vt 0.177521 0.704616
vt 0.173548 0.705509
vt 0.185765 0.871777
vt 0.189737 0.867804
vt 0.190630 0.871777
vt 0.486462 0.631634
vt 0.482489 0.627935
vt 0.486462 0.626966
vt 0.129509 0.700644
vt 0.125536 0.704616
vt 0.124643 0.700644
vt 0.425087 0.700644
vt 0.429060 0.704616
vt 0.425087 0.705509
vt 0.173548 0.631832
vt 0.177521 0.627859
vt 0.178414 0.631832
vt 0.204066 0.915571
vt 0.200093 0.919730
vt 0.199200 0.915706
vt 0.486462 0.700175
vt 0.482489 0.704390
vt 0.481596 0.700354
vt 0.204066 0.871631
vt 0.200093 0.867862
vt 0.204066 0.866911
vt 0.129509 0.631832
vt 0.125536 0.627859
vt 0.129509 0.626966
vt 0.400315 0.631832
vt 0.396342 0.627859
vt 0.400315 0.626966
vt 0.083280 0.631832
vt 0.087252 0.627859
vt 0.088145 0.631832
vt 0.160992 0.915816
vt 0.157020 0.919789
vt 0.156127 0.915816
vt 0.511234 0.631634
vt 0.515207 0.627935
vt 0.516100 0.631813
vt 0.160992 0.871777
vt 0.157020 0.867804
vt 0.160992 0.866911
vt 0.039240 0.631832
vt 0.035267 0.627859
vt 0.039240 0.626966
vt 0.400315 0.700644
vt 0.396342 0.704616
vt 0.395449 0.700644
vt 0.228838 0.915571
vt 0.232811 0.919730
vt 0.228838 0.920561
vt 0.083280 0.700644
vt 0.087252 0.704616
vt 0.083280 0.705509
vt 0.511234 0.700175
vt 0.515207 0.704390
vt 0.511234 0.705200
vt 0.039240 0.700644
vt 0.035267 0.704616
vt 0.034375 0.700644
vt 0.228838 0.871631
vt 0.232811 0.867862
vt 0.233704 0.871766
vt 0.429953 0.700644
vt 0.178414 0.700644
vt 0.190630 0.915816
vt 0.481596 0.631813
vt 0.124643 0.631832
vt 0.199200 0.871766
vt 0.173548 0.626966
vt 0.400315 0.705509
vt 0.204066 0.920561
vt 0.486462 0.705200
vt 0.228838 0.866911
vt 0.039240 0.705509
vt 0.233704 0.915706
vt 0.395449 0.631832
vt 0.088145 0.700644
vt 0.516100 0.700354
vt 0.034375 0.631832
vt 0.156127 0.871777
vt 0.083280 0.626966
vt 0.425087 0.626966
vt 0.160992 0.920682
vt 0.511234 0.626966
vt 0.185765 0.866911
vt 0.468160 0.631832
vt 0.472133 0.627859
vt 0.473026 0.631832
vt 0.328716 0.915816
vt 0.332689 0.919789
vt 0.328716 0.920682
vt 0.263817 0.700644
vt 0.267790 0.704616
vt 0.263817 0.705509
vt 0.328716 0.871777
vt 0.332689 0.867804
vt 0.333582 0.871777
vt 0.529535 0.631634
vt 0.525562 0.627935
vt 0.529535 0.626966
vt 0.219777 0.700644
vt 0.215805 0.704616
vt 0.214912 0.700644
vt 0.468160 0.700643
vt 0.472133 0.704616
vt 0.468160 0.705509
vt 0.263817 0.631832
vt 0.267790 0.627859
vt 0.268683 0.631832
vt 0.260870 0.915571
vt 0.256898 0.919730
vt 0.256005 0.915706
vt 0.529535 0.700175
vt 0.525562 0.704390
vt 0.524670 0.700354
vt 0.260870 0.871631
vt 0.256898 0.867862
vt 0.260870 0.866911
vt 0.219777 0.631832
vt 0.215805 0.627859
vt 0.219777 0.626966
vt 0.443388 0.631832
vt 0.439415 0.627859
vt 0.443388 0.626966
vt 0.354085 0.631832
vt 0.358058 0.627859
vt 0.358951 0.631832
vt 0.303944 0.915816
vt 0.299971 0.919789
vt 0.299078 0.915816
vt 0.554307 0.631634
vt 0.558280 0.627935
vt 0.559173 0.631813
vt 0.303944 0.871777
vt 0.299971 0.867804
vt 0.303944 0.866911
vt 0.310046 0.631832
vt 0.306073 0.627859
vt 0.310046 0.626966
vt 0.443388 0.700643
vt 0.439415 0.704616
vt 0.438522 0.700643
vt 0.285643 0.915571
vt 0.289615 0.919730
vt 0.285643 0.920561
vt 0.354085 0.700644
vt 0.358058 0.704616
vt 0.354085 0.705509
vt 0.554307 0.700175
vt 0.558280 0.704390
vt 0.554307 0.705200
vt 0.310046 0.700644
vt 0.306073 0.704616
vt 0.305180 0.700644
vt 0.285643 0.871631
vt 0.289615 0.867862
vt 0.290508 0.871766
vt 0.473026 0.700643
vt 0.268683 0.700644
vt 0.333582 0.915816
vt 0.524670 0.631813
vt 0.214912 0.631832
vt 0.256005 0.871766
vt 0.263817 0.626966
vt 0.443388 0.705509
vt 0.260870 0.920561
vt 0.529535 0.705200
vt 0.285643 0.866911
vt 0.310046 0.705509
vt 0.290508 0.915706
vt 0.438522 0.631832
vt 0.358951 0.700644
vt 0.559173 0.700354
vt 0.305180 0.631832
vt 0.299078 0.871777
vt 0.354085 0.626966
vt 0.468160 0.626966
vt 0.303944 0.920682
vt 0.554307 0.626966
vt 0.328716 0.866911
vt 0.196618 0.654804
vt 0.191801 0.674071
vt 0.191801 0.654804
vt 0.286999 0.626966
vt 0.283244 0.646234
vt 0.283244 0.626966
vt 0.291891 0.626966
vt 0.286999 0.646234
vt 0.296610 0.646234
vt 0.291891 0.646234
vt 0.383054 0.646233
vt 0.386879 0.626966
vt 0.386879 0.646233
vt 0.378142 0.646233
vt 0.383054 0.626966
vt 0.373459 0.646233
vt 0.378142 0.626966
vt 0.190510 0.626966
vt 0.186984 0.646234
vt 0.186984 0.626966
vt 0.195327 0.626966
vt 0.190510 0.646234
vt 0.200144 0.626966
vt 0.195327 0.646234
vt 0.203670 0.626966
vt 0.200144 0.646234
vt 0.186984 0.674071
vt 0.186984 0.654804
vt 0.289798 0.673414
vt 0.278000 0.661616
vt 0.294117 0.657297
vt 0.375080 0.654804
vt 0.386879 0.666602
vt 0.370762 0.670921
vt 0.942935 0.777632
vt 0.945889 0.762784
vt 0.951346 0.765045
vt 0.939982 0.762784
vt 0.934525 0.765045
vt 0.930348 0.769222
vt 0.928088 0.774679
vt 0.928088 0.780586
vt 0.930348 0.786043
vt 0.934525 0.790219
vt 0.939982 0.792480
vt 0.945889 0.792480
vt 0.951346 0.790219
vt 0.955523 0.786043
vt 0.957783 0.780585
vt 0.957783 0.774679
vt 0.955523 0.769221
vt 0.978244 0.435420
vt 0.984037 0.421658
vt 0.984037 0.435420
vt 0.973333 0.435420
vt 0.977717 0.421658
vt 0.857553 0.958019
vt 0.863438 0.944443
vt 0.862465 0.958239
vt 0.851760 0.957942
vt 0.858080 0.944203
vt 0.845967 0.958019
vt 0.851760 0.944118
vt 0.840082 0.944443
vt 0.845440 0.944203
vt 0.989830 0.387770
vt 0.995715 0.374008
vt 0.994742 0.387770
vt 0.984037 0.374008
vt 0.990357 0.374008
vt 0.984037 0.387770
vt 0.977717 0.374008
vt 0.973333 0.387770
vt 0.978244 0.387770
vt 0.989831 0.351675
vt 0.995715 0.337913
vt 0.994742 0.351675
vt 0.984037 0.337913
vt 0.990357 0.337913
vt 0.978244 0.351675
vt 0.984037 0.351675
vt 0.972360 0.337913
vt 0.977717 0.337913
vt 0.989830 0.435420
vt 0.995715 0.421658
vt 0.994742 0.435420
vt 0.990357 0.421658
vt 0.984037 0.407896
vt 0.973333 0.407896
vt 0.978244 0.407896
vt 0.857553 0.930557
vt 0.862465 0.930777
vt 0.851760 0.930479
vt 0.845967 0.930557
vt 0.994742 0.360245
vt 0.989830 0.360245
vt 0.978244 0.360245
vt 0.984037 0.360245
vt 0.972360 0.374008
vt 0.994742 0.324151
vt 0.989831 0.324151
vt 0.984037 0.324151
vt 0.978244 0.324151
vt 0.994742 0.407896
vt 0.989830 0.407896
vt 0.813779 0.930479
vt 0.819663 0.930488
vt 0.816482 0.945377
vt 0.825100 0.932756
vt 0.829261 0.936939
vt 0.831513 0.942398
vt 0.831513 0.948304
vt 0.829261 0.953757
vt 0.825100 0.957927
vt 0.819663 0.960179
vt 0.813779 0.960170
vt 0.808342 0.957902
vt 0.804181 0.953719
vt 0.801930 0.948260
vt 0.801930 0.942354
vt 0.804181 0.936901
vt 0.808342 0.932731
vt 0.479920 0.406769
vt 0.477001 0.365482
vt 0.479920 0.365482
vt 0.479920 0.506390
vt 0.482840 0.465277
vt 0.482840 0.506471
vt 0.477001 0.506471
vt 0.479920 0.465196
vt 0.479920 0.356913
vt 0.482840 0.315626
vt 0.482840 0.356913
vt 0.477001 0.356913
vt 0.479920 0.315626
vt 0.479920 0.456626
vt 0.482840 0.415339
vt 0.482840 0.456626
vt 0.477001 0.456626
vt 0.479920 0.415339
vt 0.482840 0.365482
vt 0.482840 0.406769
vt 0.485223 0.610126
vt 0.482989 0.615521
vt 0.477594 0.613286
vt 0.018193 0.670449
vt 0.023563 0.668216
vt 0.025805 0.673607
vt 0.918979 0.877331
vt 0.899360 0.887328
vt 0.897231 0.880776
vt 0.903409 0.892901
vt 0.908983 0.896951
vt 0.915535 0.899080
vt 0.922424 0.899080
vt 0.928976 0.896951
vt 0.934550 0.892901
vt 0.938599 0.887328
vt 0.940728 0.880776
vt 0.940728 0.873887
vt 0.938599 0.867335
vt 0.934550 0.861761
vt 0.928976 0.857712
vt 0.922424 0.855583
vt 0.915535 0.855583
vt 0.908983 0.857712
vt 0.903409 0.861761
vt 0.899360 0.867335
vt 0.897231 0.873887
vt 0.025805 0.647523
vt 0.022364 0.640718
vt 0.025805 0.640718
vt 0.025805 0.653661
vt 0.022364 0.647948
vt 0.477328 0.546912
vt 0.480488 0.552897
vt 0.477001 0.551783
vt 0.477537 0.540773
vt 0.480835 0.547721
vt 0.477610 0.533969
vt 0.481058 0.541199
vt 0.477537 0.527164
vt 0.481135 0.533969
vt 0.477328 0.521026
vt 0.481058 0.526739
vt 0.477001 0.516154
vt 0.480835 0.520217
vt 0.103596 0.639090
vt 0.100156 0.632142
vt 0.103596 0.632951
vt 0.100156 0.645894
vt 0.100156 0.638664
vt 0.103596 0.652699
vt 0.103596 0.645894
vt 0.100156 0.659646
vt 0.100156 0.653124
vt 0.484475 0.562580
vt 0.481035 0.566642
vt 0.481035 0.561466
vt 0.484475 0.573590
vt 0.484475 0.567451
vt 0.481035 0.580394
vt 0.481035 0.573164
vt 0.484475 0.587199
vt 0.484475 0.580394
vt 0.484475 0.593337
vt 0.481035 0.587624
vt 0.484475 0.598208
vt 0.481035 0.594146
vt 0.025805 0.633914
vt 0.022364 0.626966
vt 0.025805 0.627775
vt 0.022364 0.633488
vt 0.018923 0.640718
vt 0.022364 0.654470
vt 0.018923 0.647523
vt 0.018923 0.658533
vt 0.018923 0.653661
vt 0.484403 0.540773
vt 0.484193 0.546912
vt 0.484475 0.533969
vt 0.484403 0.527164
vt 0.096715 0.628080
vt 0.100156 0.626966
vt 0.096715 0.639090
vt 0.096715 0.632951
vt 0.096715 0.652699
vt 0.096715 0.645894
vt 0.477594 0.562580
vt 0.477594 0.573590
vt 0.477594 0.567451
vt 0.477594 0.580394
vt 0.477594 0.587199
vt 0.477594 0.598208
vt 0.477594 0.593337
vt 0.018923 0.633914
vt 0.018923 0.627775
vt 0.922327 0.847013
vt 0.915464 0.847004
vt 0.918896 0.825262
vt 0.908937 0.844868
vt 0.903385 0.840812
vt 0.899351 0.835234
vt 0.897231 0.828680
vt 0.897231 0.821791
vt 0.899351 0.815242
vt 0.903385 0.809674
vt 0.908938 0.805632
vt 0.915464 0.803511
vt 0.922327 0.803520
vt 0.928854 0.805656
vt 0.934406 0.809712
vt 0.938440 0.815290
vt 0.940561 0.821844
vt 0.940561 0.828733
vt 0.938440 0.835282
vt 0.934406 0.840850
vt 0.928854 0.844892
vt 0.004285 0.004285
vt 0.730374 0.315804
vt 0.064464 0.315626
vt 0.631807 0.004285
vt 0.953306 0.077837
vt 0.959278 0.076474
vt 0.965249 0.077837
vt 0.970038 0.081655
vt 0.972695 0.093298
vt 0.970037 0.098817
vt 0.965249 0.102635
vt 0.953306 0.102635
vt 0.948518 0.098817
vt 0.945860 0.093298
vt 0.948518 0.081655
vt 0.956714 0.856946
vt 0.962662 0.855583
vt 0.968610 0.856946
vt 0.973380 0.860764
vt 0.976027 0.872407
vt 0.973380 0.877926
vt 0.968610 0.881744
vt 0.956715 0.881744
vt 0.951945 0.877926
vt 0.949298 0.872407
vt 0.951945 0.860764
vt 0.094554 0.315626
vt 0.704642 0.315804
vt 0.034375 0.315626
vt 0.425538 0.315626
vt 0.362974 0.954530
vt 0.362974 0.948405
vt 0.365631 0.942887
vt 0.370420 0.939068
vt 0.382362 0.939068
vt 0.387151 0.942887
vt 0.389808 0.948405
vt 0.387151 0.960048
vt 0.382362 0.963867
vt 0.376391 0.965230
vt 0.365631 0.960048
vt 0.969411 0.655047
vt 0.964629 0.651256
vt 0.961976 0.645761
vt 0.961976 0.639651
vt 0.969411 0.630308
vt 0.975373 0.628926
vt 0.981335 0.630262
vt 0.988769 0.639548
vt 0.988769 0.645658
vt 0.986116 0.651174
vt 0.975373 0.656384
vt 0.333407 0.929426
vt 0.546782 0.779922
vt 0.312366 0.929426
vt 0.805135 0.780947
vt 0.546782 0.716975
vt 0.915096 0.278413
vt 0.527875 0.716975
vt 0.056487 0.715151
vt 0.333407 0.962096
vt 0.837805 0.780947
vt 0.570948 0.923878
vt 0.056487 0.780232
vt 0.841010 0.839887
vt 0.037580 0.782365
vt 0.915096 0.245743
vt 0.052538 0.783437
vt 0.557514 0.866776
vt 0.302284 0.792275
vt 0.557514 0.929723
vt 0.915096 0.135461
vt 0.524844 0.866776
vt 0.180373 0.962096
vt 0.334953 0.792275
vt 0.159332 0.962096
vt 0.524844 0.929723
vt 0.659766 0.771046
vt 0.338159 0.851215
vt 0.915096 0.102792
vt 0.653683 0.774252
vt 0.214912 0.315626
vt 0.734732 0.004463
vt 0.034375 0.004285
vt 0.451270 0.315626
vt 0.541027 0.964629
vt 0.535056 0.965992
vt 0.529085 0.964629
vt 0.524296 0.960810
vt 0.521639 0.949167
vt 0.524296 0.943649
vt 0.529085 0.939830
vt 0.541027 0.939830
vt 0.545816 0.943649
vt 0.548473 0.949167
vt 0.545816 0.960810
vt 0.864255 0.971953
vt 0.866912 0.977446
vt 0.866912 0.983548
vt 0.864255 0.989050
vt 0.853497 0.994231
vt 0.847527 0.992883
vt 0.842739 0.989087
vt 0.840082 0.977492
vt 0.842739 0.971990
vt 0.847527 0.968177
vt 0.859467 0.968157
vt 0.064464 0.004285
vt 0.756105 0.315804
vt 0.094554 0.004285
vt 0.305180 0.315626
vt 0.501196 0.960811
vt 0.496408 0.964629
vt 0.490436 0.965992
vt 0.484465 0.964629
vt 0.477019 0.955292
vt 0.477019 0.949167
vt 0.479677 0.943649
vt 0.490436 0.938468
vt 0.496408 0.939830
vt 0.501196 0.943649
vt 0.503854 0.955292
vt 0.906297 0.955300
vt 0.912249 0.956644
vt 0.917022 0.960445
vt 0.919671 0.965951
vt 0.917022 0.977594
vt 0.912249 0.981424
vt 0.906297 0.982804
vt 0.895571 0.977660
vt 0.892922 0.972154
vt 0.892922 0.966033
vt 0.900345 0.956680
vt 0.963615 0.315800
vt 0.570949 0.783090
vt 0.178239 0.717285
vt 0.910738 0.494452
vt 0.159332 0.717285
vt 0.793185 0.707028
vt 0.963615 0.348470
vt 0.603618 0.783090
vt 0.883643 0.769975
vt 0.925794 0.458577
vt 0.793185 0.769975
vt 0.774278 0.772108
vt 0.910738 0.461783
vt 0.386603 0.866014
vt 0.465111 0.913664
vt 0.444070 0.913664
vt 0.672613 0.783090
vt 0.386603 0.928961
vt 0.589856 0.630172
vt 0.910738 0.399151
vt 0.570949 0.630172
vt 0.351799 0.866014
vt 0.389634 0.716213
vt 0.467245 0.946334
vt 0.705283 0.783090
vt 0.446203 0.948468
vt 0.353933 0.928961
vt 0.389634 0.779160
vt 0.370727 0.781294
vt 0.910738 0.366482
vt 0.385685 0.782365
vt 0.124643 0.004285
vt 0.760463 0.004463
vt 0.154733 0.004285
vt 0.330912 0.315626
vt 0.953306 0.150026
vt 0.959278 0.148663
vt 0.965249 0.150026
vt 0.970038 0.153844
vt 0.972695 0.165487
vt 0.970037 0.171006
vt 0.965249 0.174824
vt 0.953306 0.174824
vt 0.948518 0.171006
vt 0.945860 0.165487
vt 0.948518 0.153844
vt 0.990389 0.962952
vt 0.990389 0.969054
vt 0.987732 0.974547
vt 0.982944 0.978343
vt 0.971004 0.978323
vt 0.966216 0.974510
vt 0.963560 0.969008
vt 0.966217 0.957413
vt 0.971004 0.953617
vt 0.976974 0.952269
vt 0.987732 0.957450
vt 0.275091 0.315626
vt 0.859030 0.315804
vt 0.184822 0.004285
vt 0.545897 0.618396
vt 0.965249 0.113931
vt 0.970038 0.117750
vt 0.972695 0.123268
vt 0.972695 0.129393
vt 0.965249 0.138730
vt 0.959278 0.140093
vt 0.953306 0.138730
vt 0.945861 0.129393
vt 0.945861 0.123268
vt 0.948518 0.117750
vt 0.959278 0.112568
vt 0.990525 0.767928
vt 0.993182 0.773421
vt 0.993182 0.779523
vt 0.990525 0.785025
vt 0.979768 0.790206
vt 0.973798 0.788858
vt 0.969010 0.785062
vt 0.966353 0.773467
vt 0.969010 0.767965
vt 0.973798 0.764152
vt 0.985738 0.764132
vt 0.963615 0.415029
vt 0.824042 0.693119
vt 0.835992 0.627235
vt 0.824042 0.630172
vt 0.910738 0.542103
vt 0.805135 0.630172
vt 0.963615 0.449833
vt 0.868662 0.627235
vt 0.805135 0.921735
vt 0.503709 0.779922
vt 0.910738 0.509433
vt 0.820094 0.626966
vt 0.499760 0.783128
vt 0.509863 0.866776
vt 0.950201 0.629997
vt 0.358777 0.780231
vt 0.929159 0.632131
vt 0.159332 0.792276
vt 0.511997 0.929723
vt 0.358777 0.717285
vt 0.443244 0.901715
vt 0.477193 0.866776
vt 0.952335 0.664801
vt 0.192002 0.792276
vt 0.477193 0.929723
vt 0.625878 0.693119
vt 0.443244 0.869045
vt 0.619795 0.696324
vt 0.124643 0.315626
vt 0.781836 0.315804
vt 0.214912 0.004285
vt 0.606076 0.004285
vt 0.625433 0.949447
vt 0.622776 0.954965
vt 0.617988 0.958784
vt 0.612016 0.960147
vt 0.601256 0.954965
vt 0.598599 0.949447
vt 0.598599 0.943322
vt 0.606045 0.933985
vt 0.612016 0.932622
vt 0.617987 0.933985
vt 0.625433 0.943322
vt 0.953277 0.243901
vt 0.959225 0.242538
vt 0.965173 0.243901
vt 0.969942 0.247719
vt 0.972589 0.259362
vt 0.969942 0.264881
vt 0.965173 0.268699
vt 0.953277 0.268699
vt 0.948508 0.264881
vt 0.945861 0.259362
vt 0.948507 0.247719
vt 0.245001 0.307056
vt 0.786194 0.004463
vt 0.275091 0.004285
vt 0.520165 0.315626
vt 0.398378 0.954530
vt 0.398378 0.948405
vt 0.401036 0.942887
vt 0.405824 0.939068
vt 0.417767 0.939068
vt 0.422555 0.942887
vt 0.425213 0.948405
vt 0.422555 0.960048
vt 0.417767 0.963867
vt 0.411796 0.965230
vt 0.401036 0.960048
vt 0.969411 0.752878
vt 0.964630 0.749087
vt 0.961976 0.743592
vt 0.961976 0.737482
vt 0.969411 0.728139
vt 0.975373 0.726756
vt 0.981335 0.728093
vt 0.988769 0.737379
vt 0.988769 0.743489
vt 0.986116 0.749004
vt 0.975373 0.754215
vt 0.963615 0.506402
vt 0.146756 0.780231
vt 0.942574 0.506402
vt 0.624963 0.783090
vt 0.918446 0.695078
vt 0.146756 0.717285
vt 0.910738 0.589754
vt 0.127849 0.717285
vt 0.468142 0.791110
vt 0.963615 0.539072
vt 0.657632 0.783090
vt 0.447100 0.791110
vt 0.883643 0.695078
vt 0.925794 0.553878
vt 0.468142 0.854057
vt 0.660838 0.842030
vt 0.449234 0.856190
vt 0.910738 0.557084
vt 0.464193 0.857262
vt 0.126630 0.867085
vt 0.096991 0.792276
vt 0.126630 0.930032
vt 0.589856 0.708099
vt 0.915096 0.183112
vt 0.093960 0.867085
vt 0.129661 0.792276
vt 0.765780 0.782996
vt 0.093960 0.930032
vt 0.788956 0.845943
vt 0.132867 0.851215
vt 0.767914 0.848077
vt 0.915096 0.150442
vt 0.585907 0.704894
vt 0.004285 0.315626
vt 0.807567 0.315804
vt 0.184822 0.315626
vt 0.494434 0.315626
vt 0.564489 0.964629
vt 0.559701 0.960811
vt 0.557043 0.955292
vt 0.557043 0.949167
vt 0.564489 0.939830
vt 0.570460 0.938468
vt 0.576432 0.939830
vt 0.583878 0.949167
vt 0.583878 0.955292
vt 0.581220 0.960810
vt 0.570460 0.965992
vt 0.956547 0.804874
vt 0.962495 0.803511
vt 0.968443 0.804874
vt 0.973213 0.808693
vt 0.975860 0.820336
vt 0.973213 0.825854
vt 0.968443 0.829673
vt 0.956548 0.829673
vt 0.951778 0.825854
vt 0.949131 0.820336
vt 0.951778 0.808693
vt 0.305180 0.004285
vt 0.884761 0.315804
vt 0.335270 0.004285
vt 0.653180 0.315626
vt 0.945861 0.057204
vt 0.945861 0.051079
vt 0.948518 0.045561
vt 0.953306 0.041742
vt 0.965249 0.041742
vt 0.970038 0.045561
vt 0.972695 0.051079
vt 0.970038 0.062722
vt 0.965249 0.066541
vt 0.959278 0.067904
vt 0.948518 0.062722
vt 0.969411 0.699667
vt 0.964630 0.695876
vt 0.961976 0.690381
vt 0.961976 0.684271
vt 0.969411 0.674928
vt 0.975373 0.673545
vt 0.981335 0.674882
vt 0.988770 0.684168
vt 0.988770 0.690278
vt 0.986116 0.695793
vt 0.975373 0.701004
vt 0.546782 0.857850
vt 0.480224 0.791966
vt 0.546782 0.794903
vt 0.915096 0.040160
vt 0.963615 0.589754
vt 0.512894 0.791966
vt 0.672613 0.923878
vt 0.115899 0.780231
vt 0.096991 0.782365
vt 0.915096 0.007490
vt 0.111950 0.783437
vt 0.085041 0.867085
vt 0.659766 0.693119
vt 0.037580 0.792276
vt 0.085041 0.930032
vt 0.915096 0.230762
vt 0.052372 0.867085
vt 0.070250 0.792276
vt 0.931293 0.754040
vt 0.052372 0.930032
vt 0.930152 0.194887
vt 0.672613 0.773180
vt 0.915096 0.198093
vt 0.687572 0.774252
vt 0.365359 0.004285
vt 0.811925 0.004463
vt 0.395449 0.315626
vt 0.657538 0.004285
vt 0.636661 0.937804
vt 0.641449 0.933985
vt 0.647421 0.932622
vt 0.653392 0.933985
vt 0.660838 0.943322
vt 0.660838 0.949447
vt 0.658180 0.954965
vt 0.647421 0.960147
vt 0.641449 0.958784
vt 0.636661 0.954965
vt 0.634003 0.943322
vt 0.965173 0.210919
vt 0.959225 0.212282
vt 0.953277 0.210919
vt 0.948508 0.207100
vt 0.945861 0.195457
vt 0.948508 0.189939
vt 0.953277 0.186120
vt 0.965173 0.186120
vt 0.969942 0.189939
vt 0.972589 0.195457
vt 0.969943 0.207100
vt 0.395449 0.004285
vt 0.833298 0.315804
vt 0.365359 0.315626
vt 0.575986 0.315626
vt 0.029997 0.940139
vt 0.034786 0.943958
vt 0.037443 0.949476
vt 0.037443 0.955601
vt 0.029997 0.964938
vt 0.024026 0.966301
vt 0.018055 0.964938
vt 0.010609 0.955601
vt 0.010609 0.949477
vt 0.013266 0.943958
vt 0.024026 0.938777
vt 0.953277 0.279995
vt 0.959225 0.278632
vt 0.965173 0.279995
vt 0.969942 0.283814
vt 0.972589 0.295457
vt 0.969942 0.300975
vt 0.965173 0.304794
vt 0.953277 0.304794
vt 0.948507 0.300975
vt 0.945860 0.295457
vt 0.948508 0.283814
vt 0.963615 0.458752
vt 0.209097 0.780231
vt 0.942574 0.458752
vt 0.206983 0.792276
vt 0.209097 0.717285
vt 0.767833 0.941244
vt 0.190189 0.717285
vt 0.824042 0.705956
vt 0.239652 0.792276
vt 0.944708 0.493555
vt 0.852786 0.921735
vt 0.824042 0.768903
vt 0.242858 0.851215
vt 0.767833 0.908574
vt 0.434254 0.866014
vt 0.929313 0.907824
vt 0.720264 0.783090
vt 0.434254 0.928961
vt 0.691521 0.630172
vt 0.915096 0.087811
vt 0.672613 0.630172
vt 0.399450 0.866014
vt 0.460635 0.716213
vt 0.952488 0.940494
vt 0.752933 0.783090
vt 0.931446 0.942628
vt 0.401584 0.928961
vt 0.460635 0.779160
vt 0.756139 0.842030
vt 0.441728 0.781294
vt 0.915096 0.055141
vt 0.456687 0.782365
vt 0.425538 0.004285
vt 0.709000 0.004463
vt 0.455628 0.004285
vt 0.627449 0.315626
vt 0.054855 0.961120
vt 0.052197 0.955601
vt 0.052197 0.949477
vt 0.054855 0.943958
vt 0.065615 0.938777
vt 0.071586 0.940139
vt 0.076374 0.943958
vt 0.079032 0.955601
vt 0.076374 0.961120
vt 0.071586 0.964938
vt 0.059643 0.964938
vt 0.941615 0.952269
vt 0.947567 0.953613
vt 0.952341 0.957414
vt 0.954990 0.962920
vt 0.952341 0.974563
vt 0.947567 0.978393
vt 0.941615 0.979774
vt 0.930890 0.974629
vt 0.928241 0.969123
vt 0.928241 0.963003
vt 0.935663 0.953650
vt 0.485718 0.004285
vt 0.863388 0.004463
vt 0.245001 0.315626
vt 0.601717 0.315626
vt 0.693585 0.954965
vt 0.688796 0.958784
vt 0.682825 0.960147
vt 0.676854 0.958784
vt 0.669408 0.949447
vt 0.669408 0.943322
vt 0.672065 0.937804
vt 0.682825 0.932622
vt 0.688796 0.933985
vt 0.693585 0.937804
vt 0.696242 0.949447
vt 0.765927 0.958164
vt 0.770701 0.954363
vt 0.776653 0.953019
vt 0.782605 0.954399
vt 0.790027 0.963752
vt 0.790027 0.969873
vt 0.787378 0.975379
vt 0.776653 0.980523
vt 0.770701 0.979143
vt 0.765927 0.975312
vt 0.763278 0.963670
vt 0.793185 0.693119
vt 0.942574 0.366482
vt 0.401584 0.791204
vt 0.793185 0.630172
vt 0.767833 0.893593
vt 0.728440 0.705965
vt 0.963615 0.399151
vt 0.434254 0.791204
vt 0.944708 0.399151
vt 0.852786 0.846831
vt 0.782889 0.857718
vt 0.728440 0.771046
vt 0.709532 0.773180
vt 0.767833 0.860924
vt 0.789236 0.626966
vt 0.724491 0.774252
vt 0.749902 0.857900
vt 0.429778 0.780231
vt 0.257076 0.932336
vt 0.353933 0.791204
vt 0.752036 0.920847
vt 0.429778 0.717285
vt 0.910738 0.446802
vt 0.410871 0.717285
vt 0.717233 0.857900
vt 0.386603 0.791204
vt 0.717233 0.920847
vt 0.389808 0.850144
vt 0.910738 0.414132
vt 0.721460 0.696324
vt 0.515807 0.004285
vt 0.837656 0.004463
vt 0.154733 0.315626
vt 0.678911 0.315626
vt 0.093786 0.949477
vt 0.096443 0.943958
vt 0.101232 0.940140
vt 0.107203 0.938777
vt 0.117963 0.943958
vt 0.120620 0.949477
vt 0.120620 0.955601
vt 0.113174 0.964938
vt 0.107203 0.966301
vt 0.101232 0.964938
vt 0.093786 0.955601
vt 0.468316 0.974945
vt 0.465663 0.980440
vt 0.460882 0.984231
vt 0.454920 0.985568
vt 0.444176 0.980358
vt 0.441523 0.974842
vt 0.441523 0.968732
vt 0.448958 0.959446
vt 0.454920 0.958110
vt 0.460882 0.959492
vt 0.468316 0.968835
vt 0.545897 0.004285
vt 0.889119 0.004463
vt 0.575986 0.004285
vt 0.683269 0.004285
vt 0.945861 0.014985
vt 0.948518 0.009467
vt 0.953307 0.005648
vt 0.959278 0.004285
vt 0.970038 0.009467
vt 0.972695 0.014985
vt 0.972695 0.021110
vt 0.965249 0.030447
vt 0.959278 0.031810
vt 0.953306 0.030447
vt 0.945861 0.021110
vt 0.988959 0.918333
vt 0.988959 0.924435
vt 0.986302 0.929928
vt 0.981514 0.933724
vt 0.969574 0.933703
vt 0.964786 0.929891
vt 0.962129 0.924388
vt 0.964786 0.912794
vt 0.969574 0.908997
vt 0.975544 0.907650
vt 0.986302 0.912830
vt 0.752934 0.929766
vt 0.731892 0.929766
vt 0.835992 0.704091
vt 0.299365 0.717285
vt 0.910738 0.351501
vt 0.752934 0.962436
vt 0.868662 0.704091
vt 0.624963 0.923878
vt 0.268508 0.780231
vt 0.249601 0.782365
vt 0.910738 0.318831
vt 0.264559 0.783437
vt 0.043453 0.867085
vt 0.254633 0.792275
vt 0.043453 0.930032
vt 0.759297 0.630172
vt 0.897477 0.943525
vt 0.740390 0.630172
vt 0.010783 0.867085
vt 0.223447 0.961975
vt 0.287303 0.792275
vt 0.202406 0.961975
vt 0.010783 0.930032
vt 0.625878 0.771046
vt 0.604837 0.773180
vt 0.897477 0.910855
vt 0.619795 0.774252
vt 0.129509 0.705509
vt 0.219777 0.705509
vt 0.196618 0.674071
vt 0.296610 0.626966
vt 0.373459 0.626966
vt 0.203670 0.646234
vt 0.296610 0.661616
vt 0.296610 0.666602
vt 0.294117 0.670921
vt 0.284812 0.673414
vt 0.280493 0.670921
vt 0.278000 0.666602
vt 0.280493 0.657297
vt 0.284812 0.654804
vt 0.289798 0.654804
vt 0.368268 0.666602
vt 0.368268 0.661616
vt 0.370762 0.657297
vt 0.380067 0.654804
vt 0.384386 0.657297
vt 0.386879 0.661615
vt 0.384386 0.670921
vt 0.380067 0.673414
vt 0.375080 0.673414
vt 0.972360 0.421658
vt 0.841055 0.958239
vt 0.973333 0.351675
vt 0.841055 0.930777
vt 0.973333 0.360245
vt 0.973333 0.324151
vt 0.477001 0.406769
vt 0.477001 0.465277
vt 0.477001 0.315626
vt 0.477001 0.415339
vt 0.477594 0.610126
vt 0.479829 0.607892
vt 0.482989 0.607892
vt 0.485223 0.613286
vt 0.479829 0.615521
vt 0.023584 0.675840
vt 0.020435 0.675840
vt 0.018201 0.673607
vt 0.020413 0.668216
vt 0.025796 0.670449
vt 0.480488 0.515041
vt 0.103596 0.658837
vt 0.481035 0.599322
vt 0.022364 0.659646
vt 0.484193 0.521026
vt 0.096715 0.658837
s 1
f 2/1/1 15/2/2 1/3/2
f 3/4/3 16/5/1 2/1/1
f 4/6/4 17/7/3 3/8/3
f 5/9/5 18/10/4 4/6/4
f 6/11/6 19/12/5 5/9/5
f 7/13/7 20/14/6 6/15/6
f 8/16/8 21/17/7 7/13/7
f 9/18/9 22/19/8 8/16/8
f 10/20/10 23/21/9 9/18/9
f 11/22/11 24/23/10 10/24/10
f 12/25/12 25/26/11 11/22/11
f 13/27/13 26/28/12 12/25/12
f 14/29/14 27/30/13 13/31/13
f 14/29/14 15/2/2 28/32/14
f 11/33/15 7/34/15 3/35/15
f 18/36/16 22/37/16 26/38/16
f 29/39/2 44/40/1 43/41/2
f 31/42/3 44/40/1 30/43/1
f 32/44/4 45/45/3 31/46/3
f 33/47/5 46/48/4 32/44/4
f 34/49/6 47/50/5 33/47/5
f 35/51/7 48/52/6 34/53/6
f 36/54/8 49/55/7 35/51/7
f 37/56/9 50/57/8 36/54/8
f 38/58/10 51/59/9 37/56/9
f 39/60/11 52/61/10 38/62/10
f 40/63/12 53/64/11 39/60/11
f 41/65/13 54/66/12 40/63/12
f 42/67/14 55/68/13 41/69/13
f 29/39/2 56/70/14 42/67/14
f 39/71/15 35/72/15 31/73/15
f 46/74/16 50/75/16 54/76/16
f 60/77/17 61/78/18 57/79/19
f 60/77/17 65/80/20 62/81/21
f 63/82/22 64/83/23 58/84/24
f 67/85/25 65/86/20 63/87/22
f 66/88/26 67/85/25 59/89/27
f 61/78/18 68/90/28 66/91/26
f 62/81/21 65/80/20 68/90/28
f 72/92/29 73/93/30 69/94/31
f 76/95/32 74/96/33 72/92/29
f 75/97/34 76/98/32 70/99/35
f 75/100/34 80/101/36 77/102/37
f 78/103/38 79/104/39 71/105/40
f 73/106/30 80/101/36 78/103/38
f 74/107/33 77/102/37 80/101/36
f 84/108/41 85/109/42 81/110/43
f 84/108/41 89/111/44 86/112/45
f 87/113/46 88/114/47 82/115/48
f 87/116/46 92/117/49 89/118/44
f 90/119/50 91/120/51 83/121/52
f 85/122/42 92/117/49 90/119/50
f 86/123/45 89/118/44 92/117/49
f 96/124/53 97/125/54 93/126/55
f 96/124/53 101/127/56 98/128/57
f 99/129/58 100/130/59 94/131/60
f 103/132/61 101/133/56 99/134/58
f 102/135/62 103/132/61 95/136/63
f 97/125/54 104/137/64 102/138/62
f 98/128/57 101/127/56 104/137/64
f 108/139/65 109/140/66 105/141/67
f 108/139/65 113/142/68 110/143/69
f 111/144/70 112/145/71 106/146/72
f 115/147/73 113/148/68 111/144/70
f 114/149/74 115/150/73 107/151/75
f 109/140/66 116/152/76 114/153/74
f 110/143/69 113/142/68 116/152/76
f 120/154/77 121/155/78 117/156/79
f 120/157/77 125/158/80 122/159/81
f 123/160/82 124/161/83 118/162/84
f 123/163/82 128/164/85 125/165/80
f 126/166/86 127/167/87 119/168/88
f 126/166/86 122/169/81 128/164/85
f 122/169/81 125/165/80 128/164/85
f 132/170/89 133/171/90 129/172/91
f 132/173/89 137/174/92 134/175/93
f 135/176/94 136/177/95 130/178/96
f 139/179/97 137/174/92 135/176/94
f 138/180/98 139/181/97 131/182/99
f 133/171/90 140/183/100 138/184/98
f 134/175/93 137/174/92 140/185/100
f 144/186/101 145/187/102 141/188/103
f 144/186/101 149/189/104 146/190/105
f 147/191/106 148/192/107 142/193/108
f 151/194/109 149/195/104 147/191/106
f 150/196/110 151/197/109 143/198/111
f 145/187/102 152/199/112 150/200/110
f 146/190/105 149/189/104 152/199/112
f 57/79/19 84/108/41 81/110/43
f 61/78/18 88/201/47 84/108/41
f 66/88/26 82/115/48 88/114/47
f 69/94/31 63/82/22 58/84/24
f 73/106/30 67/85/25 63/87/22
f 67/85/25 71/105/40 59/89/27
f 93/126/55 75/97/34 70/99/35
f 97/202/54 79/104/39 75/100/34
f 102/135/62 71/105/40 79/104/39
f 94/131/60 91/120/51 99/129/58
f 91/203/51 103/132/61 99/134/58
f 87/113/46 95/136/63 103/132/61
f 81/110/43 132/170/89 129/172/91
f 85/122/42 136/177/95 132/173/89
f 90/119/50 130/178/96 136/177/95
f 141/188/103 96/124/53 93/126/55
f 145/187/102 100/204/59 96/124/53
f 150/196/110 94/131/60 100/130/59
f 142/193/108 139/181/97 147/191/106
f 139/181/97 151/194/109 147/191/106
f 135/176/94 143/198/111 151/197/109
f 129/172/91 108/139/65 105/141/67
f 133/171/90 112/205/71 108/139/65
f 138/180/98 106/146/72 112/145/71
f 117/156/79 144/186/101 141/188/103
f 121/206/78 148/192/107 144/207/101
f 126/166/86 142/193/108 148/192/107
f 118/162/84 115/150/73 123/160/82
f 115/147/73 127/167/87 123/163/82
f 111/144/70 119/168/88 127/167/87
f 105/141/67 60/77/17 57/79/19
f 109/140/66 64/208/23 60/77/17
f 114/149/74 58/84/24 64/83/23
f 70/99/35 120/154/77 117/156/79
f 76/95/32 124/161/83 120/157/77
f 72/92/29 118/162/84 124/161/83
f 129/172/91 57/79/19 81/110/43
f 71/105/40 82/115/48 59/89/27
f 118/162/84 58/84/24 107/151/75
f 93/126/55 117/156/79 141/188/103
f 94/131/60 130/178/96 83/121/52
f 142/193/108 106/146/72 131/182/99
f 156/209/17 157/210/18 153/211/19
f 156/212/17 161/213/20 158/214/21
f 159/215/22 160/216/23 154/217/24
f 163/218/25 161/219/20 159/220/22
f 162/221/26 163/218/25 155/222/27
f 157/223/18 164/224/28 162/221/26
f 158/225/21 161/219/20 164/224/28
f 168/226/29 169/227/30 165/228/31
f 168/226/29 173/229/37 170/230/113
f 171/231/34 172/232/32 166/233/35
f 175/234/39 173/235/37 171/236/34
f 174/237/38 175/234/39 167/238/40
f 174/237/38 170/239/113 176/240/36
f 170/239/113 173/235/37 176/240/36
f 180/241/41 181/242/42 177/243/43
f 180/244/41 185/245/114 182/246/45
f 183/247/46 184/248/47 178/249/48
f 187/250/51 185/251/114 183/252/46
f 186/253/50 187/250/51 179/254/52
f 186/253/50 182/255/45 188/256/49
f 182/255/45 185/251/114 188/256/49
f 192/257/53 193/258/54 189/259/55
f 196/260/59 194/261/57 192/257/53
f 195/262/58 196/263/59 190/264/60
f 195/265/58 200/266/115 197/267/116
f 198/268/62 199/269/61 191/270/63
f 198/271/62 194/261/57 200/272/115
f 194/261/57 197/273/116 200/272/115
f 204/274/65 205/275/66 201/276/67
f 208/277/71 206/278/117 204/279/65
f 207/280/70 208/277/71 202/281/72
f 211/282/73 209/283/68 207/280/70
f 210/284/74 211/285/73 203/286/75
f 205/287/66 212/288/76 210/284/74
f 206/278/117 209/283/68 212/289/76
f 216/290/77 217/291/78 213/292/79
f 220/293/83 218/294/81 216/295/77
f 219/296/82 220/293/83 214/297/84
f 223/298/87 221/299/118 219/300/82
f 222/301/86 223/298/87 215/302/88
f 217/303/78 224/304/119 222/301/86
f 218/305/81 221/299/118 224/304/119
f 228/306/89 229/307/90 225/308/91
f 232/309/95 230/310/93 228/311/89
f 231/312/94 232/309/95 226/313/96
f 235/314/97 233/315/120 231/312/94
f 234/316/98 235/317/97 227/318/99
f 229/319/90 236/320/100 234/316/98
f 230/310/93 233/315/120 236/321/100
f 240/322/101 241/323/102 237/324/103
f 240/322/101 245/325/121 242/326/105
f 243/327/106 244/328/107 238/329/108
f 243/327/106 248/330/122 245/331/121
f 246/332/110 247/333/109 239/334/111
f 246/335/110 242/326/105 248/336/122
f 242/326/105 245/325/121 248/336/122
f 153/211/19 180/241/41 177/243/43
f 157/223/18 184/248/47 180/244/41
f 162/221/26 178/249/48 184/248/47
f 165/228/31 159/215/22 154/217/24
f 169/337/30 163/218/25 159/220/22
f 174/237/38 155/222/27 163/218/25
f 189/259/55 171/231/34 166/233/35
f 193/338/54 175/234/39 171/236/34
f 198/268/62 167/238/40 175/234/39
f 190/264/60 187/250/51 195/262/58
f 187/339/51 199/269/61 195/265/58
f 183/247/46 191/270/63 199/269/61
f 177/243/43 228/306/89 225/308/91
f 181/340/42 232/309/95 228/311/89
f 186/253/50 226/313/96 232/309/95
f 237/324/103 192/257/53 189/259/55
f 241/323/102 196/260/59 192/257/53
f 246/332/110 190/264/60 196/263/59
f 238/329/108 235/317/97 243/327/106
f 235/317/97 247/341/109 243/327/106
f 231/312/94 239/334/111 247/333/109
f 225/308/91 204/274/65 201/276/67
f 229/319/90 208/277/71 204/279/65
f 234/316/98 202/281/72 208/277/71
f 213/292/79 240/322/101 237/324/103
f 217/303/78 244/328/107 240/342/101
f 222/301/86 238/329/108 244/328/107
f 214/297/84 211/285/73 219/296/82
f 211/282/73 223/298/87 219/300/82
f 207/280/70 215/302/88 223/298/87
f 201/276/67 156/209/17 153/211/19
f 205/287/66 160/216/23 156/212/17
f 210/284/74 154/217/24 160/216/23
f 166/233/35 216/290/77 213/292/79
f 172/343/32 220/293/83 216/295/77
f 168/226/29 214/297/84 220/293/83
f 225/308/91 153/211/19 177/243/43
f 167/238/40 178/249/48 155/222/27
f 214/297/84 154/217/24 203/286/75
f 189/259/55 213/292/79 237/324/103
f 190/264/60 226/313/96 179/254/52
f 238/329/108 202/281/72 227/318/99
f 250/344/1 263/345/2 249/346/2
f 251/347/3 264/348/1 250/344/1
f 252/349/4 265/350/3 251/351/3
f 253/352/5 266/353/4 252/349/4
f 254/354/6 267/355/5 253/352/5
f 255/356/7 268/357/6 254/358/6
f 256/359/8 269/360/7 255/356/7
f 257/361/9 270/362/8 256/359/8
f 258/363/10 271/364/9 257/361/9
f 259/365/11 272/366/10 258/367/10
f 260/368/12 273/369/11 259/365/11
f 261/370/13 274/371/12 260/368/12
f 262/372/14 275/373/13 261/374/13
f 262/372/14 263/345/2 276/375/14
f 259/376/15 255/377/15 251/378/15
f 266/379/16 270/380/16 274/381/16
f 277/382/2 292/383/1 291/384/2
f 279/385/3 292/383/1 278/386/1
f 280/387/4 293/388/3 279/389/3
f 281/390/5 294/391/4 280/387/4
f 282/392/6 295/393/5 281/390/5
f 283/394/7 296/395/6 282/396/6
f 284/397/8 297/398/7 283/394/7
f 285/399/9 298/400/8 284/397/8
f 286/401/10 299/402/9 285/399/9
f 287/403/11 300/404/10 286/405/10
f 288/406/12 301/407/11 287/403/11
f 289/408/13 302/409/12 288/406/12
f 290/410/14 303/411/13 289/412/13
f 277/382/2 304/413/14 290/410/14
f 287/414/15 283/415/15 279/416/15
f 294/417/16 298/418/16 302/419/16
f 308/420/17 309/421/18 305/422/19
f 312/423/23 310/424/21 308/420/17
f 311/425/22 312/426/23 306/427/24
f 311/428/22 316/429/123 313/430/20
f 314/431/26 315/432/25 307/433/27
f 309/421/18 316/434/123 314/435/26
f 310/424/21 313/436/20 316/434/123
f 320/437/29 321/438/30 317/439/31
f 320/437/29 325/440/37 322/441/113
f 323/442/34 324/443/32 318/444/35
f 323/445/34 328/446/36 325/447/37
f 326/448/38 327/449/39 319/450/40
f 321/451/30 328/446/36 326/448/38
f 322/452/113 325/447/37 328/446/36
f 332/453/41 333/454/42 329/455/43
f 332/453/41 337/456/114 334/457/45
f 335/458/46 336/459/47 330/460/48
f 339/461/51 337/462/114 335/463/46
f 338/464/50 339/461/51 331/465/52
f 333/466/42 340/467/124 338/464/50
f 334/468/45 337/462/114 340/467/124
f 344/469/53 345/470/54 341/471/55
f 348/472/59 346/473/57 344/469/53
f 347/474/58 348/475/59 342/476/60
f 351/477/61 349/478/125 347/479/58
f 350/480/62 351/477/61 343/481/63
f 345/470/54 352/482/64 350/483/62
f 346/473/57 349/484/125 352/482/64
f 356/485/65 357/486/66 353/487/67
f 356/485/65 361/488/126 358/489/69
f 359/490/70 360/491/71 354/492/72
f 363/493/73 361/494/126 359/495/70
f 362/496/74 363/493/73 355/497/75
f 357/486/66 364/498/127 362/499/74
f 358/489/69 361/488/126 364/498/127
f 368/500/77 369/501/78 365/502/79
f 368/503/77 373/504/80 370/505/81
f 371/506/82 372/507/83 366/508/84
f 371/506/82 376/509/128 373/504/80
f 374/510/86 375/511/87 367/512/88
f 369/513/78 376/514/128 374/510/86
f 370/515/81 373/516/80 376/514/128
f 380/517/89 381/518/90 377/519/91
f 380/520/89 385/521/129 382/522/93
f 383/523/94 384/524/95 378/525/96
f 383/523/94 388/526/130 385/521/129
f 386/527/98 387/528/97 379/529/99
f 381/518/90 388/530/130 386/531/98
f 382/522/93 385/521/129 388/526/130
f 392/532/101 393/533/102 389/534/103
f 396/535/107 394/536/105 392/532/101
f 395/537/106 396/538/107 390/539/108
f 399/540/109 397/541/104 395/537/106
f 398/542/110 399/543/109 391/544/111
f 398/545/110 394/536/105 400/546/131
f 394/536/105 397/547/104 400/546/131
f 305/422/19 332/453/41 329/455/43
f 309/421/18 336/548/47 332/453/41
f 314/431/26 330/460/48 336/459/47
f 317/439/31 311/425/22 306/427/24
f 321/451/30 315/432/25 311/428/22
f 315/432/25 319/450/40 307/433/27
f 341/471/55 323/442/34 318/444/35
f 345/549/54 327/449/39 323/445/34
f 350/480/62 319/450/40 327/449/39
f 342/476/60 339/461/51 347/474/58
f 339/550/51 351/477/61 347/479/58
f 335/458/46 343/481/63 351/477/61
f 329/455/43 380/517/89 377/519/91
f 333/466/42 384/524/95 380/520/89
f 384/524/95 331/465/52 378/525/96
f 341/471/55 393/533/102 344/469/53
f 393/533/102 348/472/59 344/469/53
f 398/542/110 342/476/60 348/475/59
f 390/539/108 387/528/97 395/537/106
f 395/537/106 383/551/94 399/540/109
f 383/523/94 391/544/111 399/543/109
f 377/519/91 356/485/65 353/487/67
f 381/518/90 360/552/71 356/485/65
f 386/527/98 354/492/72 360/491/71
f 365/502/79 392/532/101 389/534/103
f 369/513/78 396/538/107 392/553/101
f 374/510/86 390/539/108 396/538/107
f 366/508/84 363/493/73 371/506/82
f 363/493/73 375/554/87 371/506/82
f 359/490/70 367/512/88 375/511/87
f 305/422/19 357/486/66 308/420/17
f 357/486/66 312/423/23 308/420/17
f 362/496/74 306/427/24 312/426/23
f 318/444/35 368/500/77 365/502/79
f 324/555/32 372/507/83 368/503/77
f 372/507/83 317/439/31 366/508/84
f 377/519/91 305/422/19 329/455/43
f 319/450/40 330/460/48 307/433/27
f 366/508/84 306/427/24 355/497/75
f 341/471/55 365/502/79 389/534/103
f 342/476/60 378/525/96 331/465/52
f 390/539/108 354/492/72 379/529/99
f 404/556/17 405/557/18 401/558/19
f 408/559/23 406/560/21 404/561/17
f 407/562/22 408/559/23 402/563/24
f 411/564/25 409/565/132 407/566/22
f 410/567/26 411/564/25 403/568/27
f 410/567/26 406/569/21 412/570/123
f 406/569/21 409/565/132 412/570/123
f 416/571/29 417/572/30 413/573/31
f 420/574/32 418/575/113 416/571/29
f 419/576/34 420/577/32 414/578/35
f 419/579/34 424/580/36 421/581/37
f 422/582/38 423/583/39 415/584/40
f 422/582/38 418/585/113 424/580/36
f 418/585/113 421/581/37 424/580/36
f 428/586/41 429/587/42 425/588/43
f 432/589/47 430/590/45 428/591/41
f 431/592/46 432/589/47 426/593/48
f 435/594/51 433/595/114 431/596/46
f 434/597/50 435/594/51 427/598/52
f 434/597/50 430/599/45 436/600/49
f 430/599/45 433/595/114 436/600/49
f 440/601/53 441/602/54 437/603/55
f 440/601/53 445/604/116 442/605/57
f 443/606/58 444/607/59 438/608/60
f 447/609/61 445/610/116 443/611/58
f 446/612/62 447/609/61 439/613/63
f 441/602/54 448/614/115 446/615/62
f 442/605/57 445/604/116 448/614/115
f 452/616/65 453/617/66 449/618/67
f 456/619/71 454/620/69 452/616/65
f 455/621/70 456/622/71 450/623/72
f 459/624/73 457/625/68 455/626/70
f 458/627/74 459/624/73 451/628/75
f 453/629/66 460/630/76 458/627/74
f 454/631/69 457/632/68 460/633/76
f 464/634/77 465/635/78 461/636/79
f 464/637/77 469/638/118 466/639/81
f 467/640/82 468/641/83 462/642/84
f 471/643/87 469/638/118 467/640/82
f 470/644/86 471/645/87 463/646/88
f 465/647/78 472/648/119 470/644/86
f 466/649/81 469/650/118 472/648/119
f 476/651/89 477/652/90 473/653/91
f 476/654/89 481/655/92 478/656/93
f 479/657/94 480/658/95 474/659/96
f 483/660/97 481/655/92 479/657/94
f 482/661/98 483/662/97 475/663/99
f 477/652/90 484/664/100 482/665/98
f 478/656/93 481/655/92 484/666/100
f 488/667/101 489/668/102 485/669/103
f 492/670/107 490/671/105 488/667/101
f 491/672/106 492/673/107 486/674/108
f 495/675/109 493/676/104 491/672/106
f 494/677/110 495/678/109 487/679/111
f 489/668/102 496/680/112 494/681/110
f 490/671/105 493/682/104 496/680/112
f 401/558/19 428/586/41 425/588/43
f 405/683/18 432/589/47 428/591/41
f 410/567/26 426/593/48 432/589/47
f 413/573/31 407/562/22 402/563/24
f 417/684/30 411/564/25 407/566/22
f 411/564/25 415/584/40 403/568/27
f 437/603/55 419/576/34 414/578/35
f 441/685/54 423/583/39 419/579/34
f 446/612/62 415/584/40 423/583/39
f 438/608/60 435/594/51 443/606/58
f 435/686/51 447/609/61 443/611/58
f 431/592/46 439/613/63 447/609/61
f 425/588/43 476/651/89 473/653/91
f 429/687/42 480/658/95 476/654/89
f 480/658/95 427/598/52 474/659/96
f 437/603/55 489/668/102 440/601/53
f 489/668/102 444/688/59 440/601/53
f 494/677/110 438/608/60 444/607/59
f 475/663/99 491/672/106 486/674/108
f 483/662/97 495/675/109 491/672/106
f 479/657/94 487/679/111 495/678/109
f 473/653/91 452/616/65 449/618/67
f 477/652/90 456/619/71 452/616/65
f 482/661/98 450/623/72 456/622/71
f 461/636/79 488/667/101 485/669/103
f 465/647/78 492/673/107 488/689/101
f 470/644/86 486/674/108 492/673/107
f 451/628/75 467/640/82 462/642/84
f 459/624/73 471/643/87 467/640/82
f 455/621/70 463/646/88 471/645/87
f 401/558/19 453/617/66 404/556/17
f 453/629/66 408/559/23 404/561/17
f 458/627/74 402/563/24 408/559/23
f 414/578/35 464/634/77 461/636/79
f 420/574/32 468/641/83 464/637/77
f 468/641/83 413/573/31 462/642/84
f 473/653/91 401/558/19 425/588/43
f 415/584/40 426/593/48 403/568/27
f 462/642/84 402/563/24 451/628/75
f 437/603/55 461/636/79 485/669/103
f 438/608/60 474/659/96 427/598/52
f 486/674/108 450/623/72 475/663/99
f 498/690/1 511/691/2 497/692/2
f 499/693/3 512/694/1 498/690/1
f 500/695/4 513/696/3 499/697/3
f 501/698/5 514/699/4 500/695/4
f 502/700/6 515/701/5 501/698/5
f 503/702/7 516/703/6 502/704/6
f 504/705/8 517/706/7 503/702/7
f 505/707/9 518/708/8 504/705/8
f 506/709/10 519/710/9 505/707/9
f 507/711/11 520/712/10 506/713/10
f 508/714/12 521/715/11 507/711/11
f 509/716/13 522/717/12 508/714/12
f 510/718/14 523/719/13 509/720/13
f 510/718/14 511/691/2 524/721/14
f 507/722/15 503/723/15 499/724/15
f 514/725/16 518/726/16 522/727/16
f 525/728/2 540/729/1 539/730/2
f 527/731/3 540/729/1 526/732/1
f 528/733/4 541/734/3 527/735/3
f 529/736/5 542/737/4 528/733/4
f 530/738/6 543/739/5 529/736/5
f 531/740/7 544/741/6 530/742/6
f 532/743/8 545/744/7 531/740/7
f 533/745/9 546/746/8 532/743/8
f 534/747/10 547/748/9 533/745/9
f 535/749/11 548/750/10 534/751/10
f 536/752/12 549/753/11 535/749/11
f 536/752/12 551/754/13 550/755/12
f 538/756/14 551/757/13 537/758/13
f 525/728/2 552/759/14 538/756/14
f 535/760/15 531/761/15 527/762/15
f 542/763/16 546/764/16 550/765/16
f 556/766/17 557/767/18 553/768/19
f 556/766/17 561/769/20 558/770/21
f 559/771/22 560/772/23 554/773/24
f 563/774/25 561/775/20 559/771/22
f 562/776/26 563/777/25 555/778/27
f 557/767/18 564/779/28 562/780/26
f 558/770/21 561/769/20 564/779/28
f 568/781/29 569/782/30 565/783/31
f 568/781/29 573/784/37 570/785/113
f 571/786/34 572/787/32 566/788/35
f 571/789/34 576/790/133 573/791/37
f 574/792/38 575/793/39 567/794/40
f 574/795/38 570/785/113 576/796/133
f 570/797/113 573/791/37 576/790/133
f 580/798/41 581/799/42 577/800/43
f 580/798/41 585/801/44 582/802/45
f 583/803/46 584/804/47 578/805/48
f 583/806/46 588/807/49 585/808/44
f 586/809/50 587/810/51 579/811/52
f 581/812/42 588/807/49 586/809/50
f 582/813/45 585/808/44 588/807/49
f 592/814/53 593/815/54 589/816/55
f 592/814/53 597/817/116 594/818/57
f 595/819/58 596/820/59 590/821/60
f 599/822/61 597/823/116 595/824/58
f 598/825/62 599/822/61 591/826/63
f 593/815/54 600/827/64 598/828/62
f 594/818/57 597/817/116 600/827/64
f 604/829/65 605/830/66 601/831/67
f 604/829/65 609/832/126 606/833/69
f 607/834/70 608/835/71 602/836/72
f 607/834/70 612/837/127 609/838/126
f 610/839/74 611/840/73 603/841/75
f 605/830/66 612/842/127 610/843/74
f 606/833/69 609/832/126 612/842/127
f 616/844/77 617/845/78 613/846/79
f 616/847/77 621/848/118 618/849/81
f 619/850/82 620/851/83 614/852/84
f 623/853/87 621/854/118 619/855/82
f 622/856/86 623/853/87 615/857/88
f 622/856/86 618/858/81 624/859/128
f 618/858/81 621/854/118 624/859/128
f 628/860/89 629/861/90 625/862/91
f 628/863/89 633/864/129 630/865/93
f 631/866/94 632/867/95 626/868/96
f 635/869/97 633/864/129 631/866/94
f 634/870/98 635/871/97 627/872/99
f 629/861/90 636/873/100 634/874/98
f 630/865/93 633/864/129 636/875/100
f 640/876/101 641/877/102 637/878/103
f 644/879/107 642/880/105 640/876/101
f 643/881/106 644/882/107 638/883/108
f 643/881/106 648/884/131 645/885/104
f 646/886/110 647/887/109 639/888/111
f 646/889/110 642/880/105 648/890/131
f 642/880/105 645/891/104 648/890/131
f 553/768/19 580/798/41 577/800/43
f 557/767/18 584/892/47 580/798/41
f 562/776/26 578/805/48 584/804/47
f 565/783/31 559/771/22 554/773/24
f 569/782/30 563/774/25 559/771/22
f 563/777/25 567/794/40 555/778/27
f 589/816/55 571/786/34 566/788/35
f 593/893/54 575/793/39 571/789/34
f 598/825/62 567/794/40 575/793/39
f 590/821/60 587/810/51 595/819/58
f 595/824/58 583/803/46 599/822/61
f 583/803/46 591/826/63 599/822/61
f 577/800/43 628/860/89 625/862/91
f 581/812/42 632/867/95 628/863/89
f 632/867/95 579/811/52 626/868/96
f 637/878/103 592/814/53 589/816/55
f 641/877/102 596/894/59 592/814/53
f 596/820/59 639/888/111 590/821/60
f 638/883/108 635/871/97 643/881/106
f 635/871/97 647/895/109 643/881/106
f 631/866/94 639/888/111 647/887/109
f 625/862/91 604/829/65 601/831/67
f 629/861/90 608/896/71 604/829/65
f 634/870/98 602/836/72 608/835/71
f 613/846/79 640/876/101 637/878/103
f 617/897/78 644/882/107 640/898/101
f 622/856/86 638/883/108 644/882/107
f 614/852/84 611/840/73 619/850/82
f 611/899/73 623/853/87 619/855/82
f 607/834/70 615/857/88 623/853/87
f 601/831/67 556/766/17 553/768/19
f 605/830/66 560/900/23 556/766/17
f 560/772/23 603/841/75 554/773/24
f 566/788/35 616/844/77 613/846/79
f 572/901/32 620/851/83 616/847/77
f 568/781/29 614/852/84 620/851/83
f 625/862/91 553/768/19 577/800/43
f 567/794/40 578/805/48 555/778/27
f 614/852/84 554/773/24 603/841/75
f 589/816/55 613/846/79 637/878/103
f 590/821/60 626/868/96 579/811/52
f 638/883/108 602/836/72 627/872/99
f 652/902/17 653/903/18 649/904/19
f 656/905/23 654/906/21 652/907/17
f 655/908/22 656/905/23 650/909/24
f 659/910/25 657/911/20 655/908/22
f 658/912/26 659/913/25 651/914/27
f 653/903/18 660/915/123 658/916/26
f 654/917/21 657/918/20 660/919/123
f 664/920/29 665/921/30 661/922/31
f 668/923/32 666/924/113 664/920/29
f 667/925/34 668/926/32 662/927/35
f 671/928/39 669/929/37 667/930/34
f 670/931/38 671/928/39 663/932/40
f 665/921/30 672/933/36 670/934/38
f 666/935/113 669/929/37 672/936/36
f 676/937/41 677/938/42 673/939/43
f 680/940/47 678/941/45 676/937/41
f 679/942/46 680/943/47 674/944/48
f 679/945/46 684/946/49 681/947/114
f 682/948/50 683/949/51 675/950/52
f 677/951/42 684/946/49 682/948/50
f 678/952/45 681/947/114 684/946/49
f 688/953/53 689/954/54 685/955/55
f 688/953/53 693/956/116 690/957/57
f 691/958/58 692/959/59 686/960/60
f 691/961/58 696/962/115 693/963/116
f 694/964/62 695/965/61 687/966/63
f 694/967/62 690/957/57 696/968/115
f 690/957/57 693/956/116 696/968/115
f 700/969/65 701/970/66 697/971/67
f 704/972/71 702/973/69 700/974/65
f 703/975/70 704/972/71 698/976/72
f 703/975/70 708/977/76 705/978/68
f 706/979/74 707/980/73 699/981/75
f 701/982/66 708/983/76 706/979/74
f 702/973/69 705/978/68 708/977/76
f 712/984/77 713/985/78 709/986/79
f 712/987/77 717/988/118 714/989/134
f 715/990/82 716/991/83 710/992/84
f 719/993/87 717/994/118 715/995/82
f 718/996/86 719/993/87 711/997/88
f 718/996/86 714/998/134 720/999/128
f 714/998/134 717/994/118 720/999/128
f 724/1000/89 725/1001/90 721/1002/91
f 724/1003/89 729/1004/92 726/1005/93
f 727/1006/94 728/1007/95 722/1008/96
f 731/1009/97 729/1004/92 727/1006/94
f 730/1010/98 731/1011/97 723/1012/99
f 725/1013/90 732/1014/130 730/1010/98
f 726/1005/93 729/1004/92 732/1015/130
f 736/1016/101 737/1017/102 733/1018/103
f 740/1019/107 738/1020/135 736/1016/101
f 739/1021/106 740/1022/107 734/1023/108
f 739/1021/106 744/1024/131 741/1025/104
f 742/1026/110 743/1027/109 735/1028/111
f 737/1017/102 744/1029/131 742/1030/110
f 738/1020/135 741/1031/104 744/1029/131
f 649/904/19 676/937/41 673/939/43
f 653/903/18 680/940/47 676/937/41
f 658/912/26 674/944/48 680/943/47
f 661/922/31 655/908/22 650/909/24
f 665/921/30 659/910/25 655/908/22
f 659/913/25 663/932/40 651/914/27
f 685/955/55 667/925/34 662/927/35
f 689/1032/54 671/928/39 667/930/34
f 694/964/62 663/932/40 671/928/39
f 675/950/52 691/958/58 686/960/60
f 683/1033/51 695/965/61 691/961/58
f 679/942/46 687/966/63 695/965/61
f 673/939/43 724/1000/89 721/1002/91
f 677/951/42 728/1007/95 724/1003/89
f 728/1007/95 675/950/52 722/1008/96
f 733/1018/103 688/953/53 685/955/55
f 737/1017/102 692/1034/59 688/953/53
f 692/959/59 735/1028/111 686/960/60
f 734/1023/108 731/1011/97 739/1021/106
f 731/1011/97 743/1035/109 739/1021/106
f 727/1006/94 735/1028/111 743/1027/109
f 721/1002/91 700/969/65 697/971/67
f 725/1013/90 704/972/71 700/974/65
f 730/1010/98 698/976/72 704/972/71
f 709/986/79 736/1016/101 733/1018/103
f 713/1036/78 740/1022/107 736/1037/101
f 718/996/86 734/1023/108 740/1022/107
f 710/992/84 707/980/73 715/990/82
f 707/1038/73 719/993/87 715/995/82
f 703/975/70 711/997/88 719/993/87
f 697/971/67 652/902/17 649/904/19
f 701/982/66 656/905/23 652/907/17
f 706/979/74 650/909/24 656/905/23
f 662/927/35 712/984/77 709/986/79
f 668/923/32 716/991/83 712/987/77
f 664/920/29 710/992/84 716/991/83
f 721/1002/91 649/904/19 673/939/43
f 663/932/40 674/944/48 651/914/27
f 710/992/84 650/909/24 699/981/75
f 685/955/55 709/986/79 733/1018/103
f 686/960/60 722/1008/96 675/950/52
f 734/1023/108 698/976/72 723/1012/99
f 746/1039/1 759/1040/2 745/1041/2
f 747/1042/3 760/1043/1 746/1039/1
f 748/1044/4 761/1045/3 747/1046/3
f 749/1047/5 762/1048/4 748/1044/4
f 750/1049/6 763/1050/5 749/1047/5
f 751/1051/7 764/1052/6 750/1053/6
f 752/1054/8 765/1055/7 751/1051/7
f 753/1056/9 766/1057/8 752/1054/8
f 754/1058/10 767/1059/9 753/1056/9
f 755/1060/11 768/1061/10 754/1062/10
f 756/1063/12 769/1064/11 755/1060/11
f 757/1065/13 770/1066/12 756/1063/12
f 757/1067/13 772/1068/14 771/1069/13
f 758/1070/14 759/1040/2 772/1068/14
f 755/1071/15 751/1072/15 747/1073/15
f 762/1074/16 766/1075/16 770/1076/16
f 774/1077/1 787/1078/2 773/1079/2
f 774/1077/1 789/1080/3 788/1081/1
f 776/1082/4 789/1083/3 775/1084/3
f 777/1085/5 790/1086/4 776/1082/4
f 778/1087/6 791/1088/5 777/1085/5
f 779/1089/7 792/1090/6 778/1091/6
f 780/1092/8 793/1093/7 779/1089/7
f 781/1094/9 794/1095/8 780/1092/8
f 782/1096/10 795/1097/9 781/1094/9
f 783/1098/11 796/1099/10 782/1100/10
f 784/1101/12 797/1102/11 783/1098/11
f 785/1103/13 798/1104/12 784/1101/12
f 786/1105/14 799/1106/13 785/1107/13
f 773/1079/2 800/1108/14 786/1105/14
f 783/1109/15 779/1110/15 775/1111/15
f 790/1112/16 794/1113/16 798/1114/16
f 804/1115/17 805/1116/18 801/1117/19
f 804/1115/17 809/1118/136 806/1119/21
f 807/1120/22 808/1121/23 802/1122/24
f 811/1123/25 809/1124/136 807/1125/22
f 810/1126/26 811/1123/25 803/1127/27
f 805/1116/18 812/1128/28 810/1129/26
f 806/1119/21 809/1118/136 812/1128/28
f 816/1130/29 817/1131/30 813/1132/31
f 820/1133/32 818/1134/33 816/1130/29
f 819/1135/34 820/1136/32 814/1137/35
f 823/1138/39 821/1139/37 819/1140/34
f 822/1141/38 823/1138/39 815/1142/40
f 817/1143/30 824/1144/36 822/1141/38
f 818/1145/33 821/1139/37 824/1144/36
f 828/1146/41 829/1147/42 825/1148/43
f 832/1149/47 830/1150/45 828/1146/41
f 831/1151/46 832/1152/47 826/1153/48
f 831/1154/46 836/1155/124 833/1156/114
f 834/1157/50 835/1158/51 827/1159/52
f 829/1160/42 836/1155/124 834/1157/50
f 830/1161/45 833/1156/114 836/1155/124
f 840/1162/53 841/1163/54 837/1164/55
f 840/1162/53 845/1165/116 842/1166/57
f 843/1167/58 844/1168/59 838/1169/60
f 847/1170/61 845/1171/116 843/1172/58
f 846/1173/62 847/1170/61 839/1174/63
f 841/1163/54 848/1175/64 846/1176/62
f 842/1166/57 845/1165/116 848/1175/64
f 852/1177/65 853/1178/66 849/1179/67
f 852/1177/65 857/1180/68 854/1181/69
f 855/1182/70 856/1183/71 850/1184/72
f 859/1185/73 857/1186/68 855/1187/70
f 858/1188/74 859/1185/73 851/1189/75
f 853/1178/66 860/1190/127 858/1191/74
f 854/1181/69 857/1180/68 860/1190/127
f 864/1192/77 865/1193/78 861/1194/79
f 864/1195/77 869/1196/80 866/1197/81
f 867/1198/82 868/1199/83 862/1200/84
f 867/1198/82 872/1201/128 869/1196/80
f 870/1202/86 871/1203/87 863/1204/88
f 865/1205/78 872/1206/128 870/1202/86
f 866/1197/81 869/1196/80 872/1201/128
f 876/1207/89 877/1208/90 873/1209/91
f 876/1210/89 881/1211/129 878/1212/93
f 879/1213/94 880/1214/95 874/1215/96
f 879/1213/94 884/1216/130 881/1211/129
f 882/1217/98 883/1218/97 875/1219/99
f 877/1208/90 884/1220/130 882/1221/98
f 878/1212/93 881/1211/129 884/1216/130
f 888/1222/101 889/1223/102 885/1224/103
f 888/1222/101 893/1225/104 890/1226/105
f 891/1227/106 892/1228/107 886/1229/108
f 895/1230/109 893/1231/104 891/1227/106
f 894/1232/110 895/1233/109 887/1234/111
f 889/1223/102 896/1235/112 894/1236/110
f 890/1226/105 893/1225/104 896/1235/112
f 801/1117/19 828/1146/41 825/1148/43
f 805/1116/18 832/1149/47 828/1146/41
f 810/1126/26 826/1153/48 832/1152/47
f 813/1132/31 807/1120/22 802/1122/24
f 817/1143/30 811/1123/25 807/1125/22
f 811/1123/25 815/1142/40 803/1127/27
f 837/1164/55 819/1135/34 814/1137/35
f 841/1237/54 823/1138/39 819/1140/34
f 846/1173/62 815/1142/40 823/1138/39
f 838/1169/60 835/1158/51 843/1167/58
f 835/1238/51 847/1170/61 843/1172/58
f 831/1151/46 839/1174/63 847/1170/61
f 873/1209/91 829/1147/42 876/1207/89
f 829/1160/42 880/1214/95 876/1210/89
f 834/1157/50 874/1215/96 880/1214/95
f 885/1224/103 840/1162/53 837/1164/55
f 889/1223/102 844/1239/59 840/1162/53
f 844/1168/59 887/1234/111 838/1169/60
f 886/1229/108 883/1218/97 891/1227/106
f 883/1218/97 895/1230/109 891/1227/106
f 879/1213/94 887/1234/111 895/1233/109
f 873/1209/91 852/1177/65 849/1179/67
f 877/1208/90 856/1240/71 852/1177/65
f 882/1217/98 850/1184/72 856/1183/71
f 861/1194/79 888/1222/101 885/1224/103
f 865/1205/78 892/1228/107 888/1241/101
f 870/1202/86 886/1229/108 892/1228/107
f 862/1200/84 859/1185/73 867/1198/82
f 859/1185/73 871/1242/87 867/1198/82
f 855/1182/70 863/1204/88 871/1203/87
f 849/1179/67 804/1115/17 801/1117/19
f 853/1178/66 808/1243/23 804/1115/17
f 808/1121/23 851/1189/75 802/1122/24
f 814/1137/35 864/1192/77 861/1194/79
f 820/1133/32 868/1199/83 864/1195/77
f 816/1130/29 862/1200/84 868/1199/83
f 873/1209/91 801/1117/19 825/1148/43
f 815/1142/40 826/1153/48 803/1127/27
f 862/1200/84 802/1122/24 851/1189/75
f 837/1164/55 861/1194/79 885/1224/103
f 838/1169/60 874/1215/96 827/1159/52
f 886/1229/108 850/1184/72 875/1219/99
f 900/1244/17 901/1245/18 897/1246/19
f 900/1247/17 905/1248/20 902/1249/21
f 903/1250/22 904/1251/23 898/1252/24
f 903/1253/22 908/1254/123 905/1255/20
f 906/1256/26 907/1257/25 899/1258/27
f 906/1256/26 902/1259/21 908/1254/123
f 902/1259/21 905/1255/20 908/1254/123
f 912/1260/29 913/1261/30 909/1262/31
f 912/1260/29 917/1263/37 914/1264/113
f 915/1265/34 916/1266/32 910/1267/35
f 919/1268/39 917/1269/37 915/1270/34
f 918/1271/38 919/1268/39 911/1272/40
f 913/1273/30 920/1274/36 918/1271/38
f 914/1275/113 917/1269/37 920/1274/36
f 924/1276/41 925/1277/42 921/1278/43
f 928/1279/47 926/1280/137 924/1281/41
f 927/1282/46 928/1279/47 922/1283/48
f 927/1284/46 932/1285/49 929/1286/114
f 930/1287/50 931/1288/51 923/1289/52
f 925/1290/42 932/1285/49 930/1287/50
f 926/1291/137 929/1286/114 932/1285/49
f 936/1292/53 937/1293/54 933/1294/55
f 936/1292/53 941/1295/116 938/1296/57
f 939/1297/58 940/1298/59 934/1299/60
f 939/1300/58 944/1301/115 941/1302/116
f 942/1303/62 943/1304/61 935/1305/63
f 937/1293/54 944/1306/115 942/1307/62
f 938/1296/57 941/1295/116 944/1306/115
f 948/1308/65 949/1309/66 945/1310/67
f 948/1311/65 953/1312/68 950/1313/69
f 951/1314/70 952/1315/71 946/1316/72
f 951/1317/70 956/1318/76 953/1319/68
f 954/1320/74 955/1321/73 947/1322/75
f 954/1320/74 950/1323/69 956/1318/76
f 950/1323/69 953/1319/68 956/1318/76
f 960/1324/77 961/1325/78 957/1326/79
f 964/1327/83 962/1328/81 960/1329/77
f 963/1330/82 964/1327/83 958/1331/84
f 963/1330/82 968/1332/128 965/1333/118
f 966/1334/86 967/1335/87 959/1336/88
f 961/1337/78 968/1338/128 966/1334/86
f 962/1328/81 965/1333/118 968/1332/128
f 972/1339/89 973/1340/90 969/1341/91
f 976/1342/95 974/1343/93 972/1344/89
f 975/1345/94 976/1342/95 970/1346/96
f 979/1347/97 977/1348/92 975/1345/94
f 978/1349/98 979/1350/97 971/1351/99
f 973/1352/90 980/1353/130 978/1349/98
f 974/1343/93 977/1348/92 980/1354/130
f 984/1355/101 985/1356/102 981/1357/103
f 984/1355/101 989/1358/104 986/1359/105
f 987/1360/106 988/1361/107 982/1362/108
f 991/1363/109 989/1364/104 987/1360/106
f 990/1365/110 991/1366/109 983/1367/111
f 990/1368/110 986/1359/105 992/1369/131
f 986/1359/105 989/1358/104 992/1369/131
f 897/1246/19 924/1276/41 921/1278/43
f 901/1370/18 928/1279/47 924/1281/41
f 906/1256/26 922/1283/48 928/1279/47
f 909/1262/31 903/1250/22 898/1252/24
f 903/1253/22 918/1271/38 907/1257/25
f 907/1257/25 911/1272/40 899/1258/27
f 933/1294/55 915/1265/34 910/1267/35
f 937/1371/54 919/1268/39 915/1270/34
f 942/1303/62 911/1272/40 919/1268/39
f 934/1299/60 931/1288/51 939/1297/58
f 939/1300/58 927/1282/46 943/1304/61
f 927/1282/46 935/1305/63 943/1304/61
f 969/1341/91 925/1277/42 972/1339/89
f 925/1290/42 976/1342/95 972/1344/89
f 930/1287/50 970/1346/96 976/1342/95
f 981/1357/103 936/1292/53 933/1294/55
f 985/1356/102 940/1372/59 936/1292/53
f 940/1298/59 983/1367/111 934/1299/60
f 982/1362/108 979/1350/97 987/1360/106
f 987/1360/106 975/1373/94 991/1363/109
f 975/1345/94 983/1367/111 991/1366/109
f 969/1341/91 948/1308/65 945/1310/67
f 973/1352/90 952/1315/71 948/1311/65
f 978/1349/98 946/1316/72 952/1315/71
f 957/1326/79 984/1355/101 981/1357/103
f 961/1337/78 988/1361/107 984/1374/101
f 966/1334/86 982/1362/108 988/1361/107
f 958/1331/84 955/1321/73 963/1330/82
f 955/1321/73 967/1375/87 963/1330/82
f 951/1314/70 959/1336/88 967/1335/87
f 945/1310/67 900/1244/17 897/1246/19
f 949/1376/66 904/1251/23 900/1247/17
f 954/1320/74 898/1252/24 904/1251/23
f 910/1267/35 960/1324/77 957/1326/79
f 916/1377/32 964/1327/83 960/1329/77
f 912/1260/29 958/1331/84 964/1327/83
f 969/1341/91 897/1246/19 921/1278/43
f 911/1272/40 922/1283/48 899/1258/27
f 958/1331/84 898/1252/24 947/1322/75
f 933/1294/55 957/1326/79 981/1357/103
f 934/1299/60 970/1346/96 923/1289/52
f 982/1362/108 946/1316/72 971/1351/99
f 993/1378/2 1008/1379/1 1007/1380/2
f 995/1381/3 1008/1379/1 994/1382/1
f 996/1383/4 1009/1384/3 995/1385/3
f 997/1386/5 1010/1387/4 996/1383/4
f 998/1388/6 1011/1389/5 997/1386/5
f 999/1390/7 1012/1391/6 998/1392/6
f 999/1390/7 1014/1393/8 1013/1394/7
f 1001/1395/9 1014/1393/8 1000/1396/8
f 1002/1397/10 1015/1398/9 1001/1395/9
f 1003/1399/11 1016/1400/10 1002/1401/10
f 1004/1402/12 1017/1403/11 1003/1399/11
f 1005/1404/13 1018/1405/12 1004/1402/12
f 1006/1406/14 1019/1407/13 1005/1408/13
f 993/1378/2 1020/1409/14 1006/1406/14
f 1003/1410/15 999/1411/15 995/1412/15
f 1010/1413/16 1014/1414/16 1018/1415/16
f 1022/1416/1 1035/1417/2 1021/1418/2
f 1023/1419/3 1036/1420/1 1022/1416/1
f 1024/1421/4 1037/1422/3 1023/1423/3
f 1025/1424/5 1038/1425/4 1024/1421/4
f 1026/1426/6 1039/1427/5 1025/1424/5
f 1027/1428/7 1040/1429/6 1026/1430/6
f 1027/1428/7 1042/1431/8 1041/1432/7
f 1029/1433/9 1042/1431/8 1028/1434/8
f 1030/1435/10 1043/1436/9 1029/1433/9
f 1031/1437/11 1044/1438/10 1030/1439/10
f 1032/1440/12 1045/1441/11 1031/1437/11
f 1033/1442/13 1046/1443/12 1032/1440/12
f 1034/1444/14 1047/1445/13 1033/1446/13
f 1021/1418/2 1048/1447/14 1034/1444/14
f 1031/1448/15 1027/1449/15 1023/1450/15
f 1038/1451/16 1042/1452/16 1046/1453/16
f 1052/1454/17 1053/1455/18 1049/1456/19
f 1052/1454/17 1057/1457/136 1054/1458/21
f 1055/1459/22 1056/1460/23 1050/1461/24
f 1055/1459/22 1060/1462/123 1057/1463/136
f 1058/1464/26 1059/1465/25 1051/1466/27
f 1053/1455/18 1060/1467/123 1058/1468/26
f 1054/1458/21 1057/1457/136 1060/1467/123
f 1064/1469/29 1065/1470/30 1061/1471/31
f 1068/1472/32 1066/1473/33 1064/1469/29
f 1067/1474/34 1068/1475/32 1062/1476/35
f 1067/1477/34 1072/1478/36 1069/1479/37
f 1070/1480/38 1071/1481/39 1063/1482/40
f 1065/1470/30 1072/1483/36 1070/1484/38
f 1066/1473/33 1069/1485/37 1072/1483/36
f 1076/1486/41 1077/1487/42 1073/1488/43
f 1076/1486/41 1081/1489/114 1078/1490/45
f 1079/1491/46 1080/1492/47 1074/1493/48
f 1083/1494/51 1081/1495/114 1079/1496/46
f 1082/1497/50 1083/1494/51 1075/1498/52
f 1077/1499/42 1084/1500/124 1082/1497/50
f 1078/1501/45 1081/1495/114 1084/1500/124
f 1088/1502/53 1089/1503/54 1085/1504/55
f 1088/1502/53 1093/1505/56 1090/1506/57
f 1091/1507/58 1092/1508/59 1086/1509/60
f 1091/1510/58 1096/1511/115 1093/1512/56
f 1094/1513/62 1095/1514/61 1087/1515/63
f 1089/1503/54 1096/1516/115 1094/1517/62
f 1090/1506/57 1093/1505/56 1096/1516/115
f 1100/1518/65 1101/1519/66 1097/1520/67
f 1104/1521/71 1102/1522/69 1100/1518/65
f 1103/1523/70 1104/1524/71 1098/1525/72
f 1103/1523/70 1108/1526/127 1105/1527/68
f 1106/1528/74 1107/1529/73 1099/1530/75
f 1101/1519/66 1108/1531/127 1106/1532/74
f 1102/1522/69 1105/1533/68 1108/1531/127
f 1112/1534/77 1113/1535/78 1109/1536/79
f 1112/1537/77 1117/1538/118 1114/1539/81
f 1115/1540/82 1116/1541/83 1110/1542/84
f 1119/1543/87 1117/1544/118 1115/1545/82
f 1118/1546/86 1119/1543/87 1111/1547/88
f 1113/1548/78 1120/1549/119 1118/1546/86
f 1114/1550/81 1117/1544/118 1120/1549/119
f 1124/1551/89 1125/1552/90 1121/1553/91
f 1124/1554/89 1129/1555/129 1126/1556/93
f 1127/1557/94 1128/1558/95 1122/1559/96
f 1131/1560/97 1129/1555/129 1127/1557/94
f 1130/1561/98 1131/1562/97 1123/1563/99
f 1125/1552/90 1132/1564/100 1130/1565/98
f 1126/1556/93 1129/1555/129 1132/1566/100
f 1136/1567/101 1137/1568/102 1133/1569/103
f 1140/1570/107 1138/1571/105 1136/1567/101
f 1139/1572/106 1140/1573/107 1134/1574/108
f 1143/1575/109 1141/1576/104 1139/1572/106
f 1142/1577/110 1143/1578/109 1135/1579/111
f 1137/1568/102 1144/1580/112 1142/1581/110
f 1138/1571/105 1141/1582/104 1144/1580/112
f 1049/1456/19 1076/1486/41 1073/1488/43
f 1053/1455/18 1080/1583/47 1076/1486/41
f 1058/1464/26 1074/1493/48 1080/1492/47
f 1061/1471/31 1055/1459/22 1050/1461/24
f 1065/1470/30 1059/1584/25 1055/1459/22
f 1059/1465/25 1063/1482/40 1051/1466/27
f 1085/1504/55 1067/1474/34 1062/1476/35
f 1089/1585/54 1071/1481/39 1067/1477/34
f 1094/1513/62 1063/1482/40 1071/1481/39
f 1086/1509/60 1083/1494/51 1091/1507/58
f 1083/1586/51 1095/1514/61 1091/1510/58
f 1079/1491/46 1087/1515/63 1095/1514/61
f 1073/1488/43 1124/1551/89 1121/1553/91
f 1077/1499/42 1128/1558/95 1124/1554/89
f 1128/1558/95 1075/1498/52 1122/1559/96
f 1133/1569/103 1088/1502/53 1085/1504/55
f 1137/1568/102 1092/1587/59 1088/1502/53
f 1142/1577/110 1086/1509/60 1092/1508/59
f 1134/1574/108 1131/1562/97 1139/1572/106
f 1131/1562/97 1143/1575/109 1139/1572/106
f 1127/1557/94 1135/1579/111 1143/1578/109
f 1121/1553/91 1100/1518/65 1097/1520/67
f 1125/1552/90 1104/1521/71 1100/1518/65
f 1130/1561/98 1098/1525/72 1104/1524/71
f 1109/1536/79 1136/1567/101 1133/1569/103
f 1113/1548/78 1140/1573/107 1136/1588/101
f 1118/1546/86 1134/1574/108 1140/1573/107
f 1110/1542/84 1107/1529/73 1115/1540/82
f 1107/1589/73 1119/1543/87 1115/1545/82
f 1103/1523/70 1111/1547/88 1119/1543/87
f 1049/1456/19 1101/1519/66 1052/1454/17
f 1101/1519/66 1056/1590/23 1052/1454/17
f 1106/1528/74 1050/1461/24 1056/1460/23
f 1062/1476/35 1112/1534/77 1109/1536/79
f 1068/1472/32 1116/1541/83 1112/1537/77
f 1116/1541/83 1061/1471/31 1110/1542/84
f 1121/1553/91 1049/1456/19 1073/1488/43
f 1063/1482/40 1074/1493/48 1051/1466/27
f 1110/1542/84 1050/1461/24 1099/1530/75
f 1085/1504/55 1109/1536/79 1133/1569/103
f 1086/1509/60 1122/1559/96 1075/1498/52
f 1134/1574/108 1098/1525/72 1123/1563/99
f 1148/1591/17 1149/1592/18 1145/1593/19
f 1148/1594/17 1153/1595/20 1150/1596/21
f 1151/1597/22 1152/1598/23 1146/1599/24
f 1155/1600/25 1153/1595/20 1151/1597/22
f 1154/1601/26 1155/1602/25 1147/1603/27
f 1149/1604/18 1156/1605/123 1154/1601/26
f 1150/1596/21 1153/1595/20 1156/1606/123
f 1160/1607/29 1161/1608/30 1157/1609/31
f 1160/1607/29 1165/1610/37 1162/1611/113
f 1163/1612/34 1164/1613/32 1158/1614/35
f 1163/1615/34 1168/1616/36 1165/1617/37
f 1166/1618/38 1167/1619/39 1159/1620/40
f 1161/1608/30 1168/1621/36 1166/1622/38
f 1162/1611/113 1165/1610/37 1168/1621/36
f 1172/1623/41 1173/1624/42 1169/1625/43
f 1172/1626/41 1177/1627/114 1174/1628/45
f 1175/1629/46 1176/1630/47 1170/1631/48
f 1179/1632/51 1177/1633/114 1175/1634/46
f 1178/1635/50 1179/1632/51 1171/1636/52
f 1178/1635/50 1174/1637/45 1180/1638/49
f 1174/1637/45 1177/1633/114 1180/1638/49
f 1184/1639/53 1185/1640/54 1181/1641/55
f 1188/1642/59 1186/1643/57 1184/1639/53
f 1187/1644/58 1188/1645/59 1182/1646/60
f 1187/1647/58 1192/1648/115 1189/1649/116
f 1190/1650/62 1191/1651/61 1183/1652/63
f 1185/1640/54 1192/1653/115 1190/1654/62
f 1186/1643/57 1189/1655/116 1192/1653/115
f 1196/1656/65 1197/1657/66 1193/1658/67
f 1200/1659/71 1198/1660/69 1196/1661/65
f 1199/1662/70 1200/1659/71 1194/1663/72
f 1203/1664/73 1201/1665/68 1199/1662/70
f 1202/1666/74 1203/1667/73 1195/1668/75
f 1202/1666/74 1198/1669/69 1204/1670/76
f 1198/1660/69 1201/1665/68 1204/1671/76
f 1208/1672/77 1209/1673/78 1205/1674/79
f 1212/1675/83 1210/1676/81 1208/1677/77
f 1211/1678/82 1212/1675/83 1206/1679/84
f 1211/1680/82 1216/1681/128 1213/1682/118
f 1214/1683/86 1215/1684/87 1207/1685/88
f 1209/1686/78 1216/1681/128 1214/1683/86
f 1210/1687/81 1213/1682/118 1216/1681/128
f 1220/1688/89 1221/1689/90 1217/1690/91
f 1220/1691/89 1225/1692/92 1222/1693/138
f 1223/1694/94 1224/1695/95 1218/1696/96
f 1223/1694/94 1228/1697/130 1225/1692/92
f 1226/1698/98 1227/1699/97 1219/1700/99
f 1226/1698/98 1222/1701/138 1228/1702/130
f 1222/1693/138 1225/1692/92 1228/1697/130
f 1232/1703/101 1233/1704/102 1229/1705/103
f 1236/1706/107 1234/1707/135 1232/1703/101
f 1235/1708/106 1236/1709/107 1230/1710/108
f 1239/1711/109 1237/1712/104 1235/1708/106
f 1238/1713/110 1239/1714/109 1231/1715/111
f 1233/1704/102 1240/1716/131 1238/1717/110
f 1234/1707/135 1237/1718/104 1240/1716/131
f 1145/1593/19 1172/1623/41 1169/1625/43
f 1149/1604/18 1176/1630/47 1172/1626/41
f 1154/1601/26 1170/1631/48 1176/1630/47
f 1157/1609/31 1151/1597/22 1146/1599/24
f 1161/1719/30 1155/1602/25 1151/1720/22
f 1155/1602/25 1159/1620/40 1147/1603/27
f 1181/1641/55 1163/1612/34 1158/1614/35
f 1185/1721/54 1167/1619/39 1163/1615/34
f 1190/1650/62 1159/1620/40 1167/1619/39
f 1182/1646/60 1179/1632/51 1187/1644/58
f 1179/1722/51 1191/1651/61 1187/1647/58
f 1175/1629/46 1183/1652/63 1191/1651/61
f 1169/1625/43 1220/1688/89 1217/1690/91
f 1173/1723/42 1224/1695/95 1220/1691/89
f 1178/1635/50 1218/1696/96 1224/1695/95
f 1229/1705/103 1184/1639/53 1181/1641/55
f 1233/1704/102 1188/1642/59 1184/1639/53
f 1238/1713/110 1182/1646/60 1188/1645/59
f 1230/1710/108 1227/1699/97 1235/1708/106
f 1227/1699/97 1239/1711/109 1235/1708/106
f 1223/1694/94 1231/1715/111 1239/1714/109
f 1217/1690/91 1196/1656/65 1193/1658/67
f 1221/1724/90 1200/1659/71 1196/1661/65
f 1226/1698/98 1194/1663/72 1200/1659/71
f 1205/1674/79 1232/1703/101 1229/1705/103
f 1209/1686/78 1236/1709/107 1232/1725/101
f 1214/1683/86 1230/1710/108 1236/1709/107
f 1206/1679/84 1203/1667/73 1211/1678/82
f 1203/1664/73 1215/1684/87 1211/1680/82
f 1199/1662/70 1207/1685/88 1215/1684/87
f 1145/1593/19 1197/1657/66 1148/1591/17
f 1197/1726/66 1152/1598/23 1148/1594/17
f 1202/1666/74 1146/1599/24 1152/1598/23
f 1158/1614/35 1208/1672/77 1205/1674/79
f 1164/1727/32 1212/1675/83 1208/1677/77
f 1212/1675/83 1157/1609/31 1206/1679/84
f 1217/1690/91 1145/1593/19 1169/1625/43
f 1159/1620/40 1170/1631/48 1147/1603/27
f 1206/1679/84 1146/1599/24 1195/1668/75
f 1181/1641/55 1205/1674/79 1229/1705/103
f 1182/1646/60 1218/1696/96 1171/1636/52
f 1230/1710/108 1194/1663/72 1219/1700/99
f 1242/1728/1 1255/1729/2 1241/1730/2
f 1243/1731/3 1256/1732/1 1242/1728/1
f 1244/1733/4 1257/1734/3 1243/1735/3
f 1245/1736/5 1258/1737/4 1244/1733/4
f 1246/1738/6 1259/1739/5 1245/1736/5
f 1247/1740/7 1260/1741/6 1246/1742/6
f 1247/1740/7 1262/1743/8 1261/1744/7
f 1249/1745/9 1262/1743/8 1248/1746/8
f 1250/1747/10 1263/1748/9 1249/1745/9
f 1251/1749/11 1264/1750/10 1250/1751/10
f 1252/1752/12 1265/1753/11 1251/1749/11
f 1253/1754/13 1266/1755/12 1252/1752/12
f 1254/1756/14 1267/1757/13 1253/1758/13
f 1241/1730/2 1268/1759/14 1254/1756/14
f 1251/1760/15 1247/1761/15 1243/1762/15
f 1258/1763/16 1262/1764/16 1266/1765/16
f 1270/1766/1 1283/1767/2 1269/1768/2
f 1271/1769/3 1284/1770/1 1270/1766/1
f 1272/1771/4 1285/1772/3 1271/1773/3
f 1273/1774/5 1286/1775/4 1272/1771/4
f 1274/1776/6 1287/1777/5 1273/1774/5
f 1275/1778/7 1288/1779/6 1274/1780/6
f 1276/1781/8 1289/1782/7 1275/1778/7
f 1277/1783/9 1290/1784/8 1276/1781/8
f 1278/1785/10 1291/1786/9 1277/1783/9
f 1278/1787/10 1293/1788/11 1292/1789/10
f 1280/1790/12 1293/1788/11 1279/1791/11
f 1281/1792/13 1294/1793/12 1280/1790/12
f 1282/1794/14 1295/1795/13 1281/1796/13
f 1282/1794/14 1283/1767/2 1296/1797/14
f 1279/1798/15 1275/1799/15 1271/1800/15
f 1286/1801/16 1290/1802/16 1294/1803/16
f 1300/1804/17 1301/1805/18 1297/1806/19
f 1300/1804/17 1305/1807/136 1302/1808/21
f 1303/1809/22 1304/1810/23 1298/1811/24
f 1307/1812/25 1305/1813/136 1303/1814/22
f 1306/1815/26 1307/1812/25 1299/1816/27
f 1301/1805/18 1308/1817/28 1306/1818/26
f 1302/1808/21 1305/1807/136 1308/1817/28
f 1312/1819/29 1313/1820/30 1309/1821/31
f 1316/1822/32 1314/1823/113 1312/1819/29
f 1315/1824/34 1316/1825/32 1310/1826/35
f 1319/1827/39 1317/1828/37 1315/1829/34
f 1318/1830/38 1319/1827/39 1311/1831/40
f 1318/1830/38 1314/1832/113 1320/1833/36
f 1314/1832/113 1317/1828/37 1320/1833/36
f 1324/1834/41 1325/1835/42 1321/1836/43
f 1324/1834/41 1329/1837/44 1326/1838/45
f 1327/1839/46 1328/1840/47 1322/1841/48
f 1327/1842/46 1332/1843/124 1329/1844/44
f 1330/1845/50 1331/1846/51 1323/1847/52
f 1325/1848/42 1332/1843/124 1330/1845/50
f 1326/1849/45 1329/1844/44 1332/1843/124
f 1336/1850/53 1337/1851/54 1333/1852/55
f 1340/1853/59 1338/1854/57 1336/1850/53
f 1339/1855/58 1340/1856/59 1334/1857/60
f 1343/1858/61 1341/1859/116 1339/1860/58
f 1342/1861/62 1343/1858/61 1335/1862/63
f 1342/1863/62 1338/1854/57 1344/1864/115
f 1338/1854/57 1341/1865/116 1344/1864/115
f 1348/1866/65 1349/1867/66 1345/1868/67
f 1348/1866/65 1353/1869/126 1350/1870/69
f 1351/1871/70 1352/1872/71 1346/1873/72
f 1351/1874/70 1356/1875/76 1353/1876/126
f 1354/1877/74 1355/1878/73 1347/1879/75
f 1349/1867/66 1356/1880/76 1354/1881/74
f 1350/1870/69 1353/1869/126 1356/1880/76
f 1360/1882/77 1361/1883/78 1357/1884/79
f 1364/1885/83 1362/1886/81 1360/1887/77
f 1363/1888/82 1364/1885/83 1358/1889/84
f 1367/1890/87 1365/1891/118 1363/1888/82
f 1366/1892/86 1367/1893/87 1359/1894/88
f 1361/1895/78 1368/1896/119 1366/1892/86
f 1362/1897/81 1365/1898/118 1368/1896/119
f 1372/1899/89 1373/1900/90 1369/1901/91
f 1372/1902/89 1377/1903/92 1374/1904/93
f 1375/1905/94 1376/1906/95 1370/1907/96
f 1379/1908/97 1377/1903/92 1375/1905/94
f 1378/1909/98 1379/1910/97 1371/1911/99
f 1373/1900/90 1380/1912/100 1378/1913/98
f 1374/1904/93 1377/1903/92 1380/1914/100
f 1384/1915/101 1385/1916/102 1381/1917/103
f 1384/1915/101 1389/1918/121 1386/1919/105
f 1387/1920/106 1388/1921/107 1382/1922/108
f 1387/1920/106 1392/1923/131 1389/1924/121
f 1390/1925/110 1391/1926/109 1383/1927/111
f 1385/1916/102 1392/1928/131 1390/1929/110
f 1386/1919/105 1389/1918/121 1392/1928/131
f 1297/1806/19 1324/1834/41 1321/1836/43
f 1301/1805/18 1328/1930/47 1324/1834/41
f 1306/1815/26 1322/1841/48 1328/1840/47
f 1309/1821/31 1303/1809/22 1298/1811/24
f 1313/1931/30 1307/1812/25 1303/1814/22
f 1307/1812/25 1311/1831/40 1299/1816/27
f 1333/1852/55 1315/1824/34 1310/1826/35
f 1337/1932/54 1319/1827/39 1315/1829/34
f 1342/1861/62 1311/1831/40 1319/1827/39
f 1334/1857/60 1331/1846/51 1339/1855/58
f 1331/1933/51 1343/1858/61 1339/1860/58
f 1327/1839/46 1335/1862/63 1343/1858/61
f 1321/1836/43 1372/1899/89 1369/1901/91
f 1325/1848/42 1376/1906/95 1372/1902/89
f 1376/1906/95 1323/1847/52 1370/1907/96
f 1381/1917/103 1336/1850/53 1333/1852/55
f 1385/1916/102 1340/1853/59 1336/1850/53
f 1340/1856/59 1383/1927/111 1334/1857/60
f 1382/1922/108 1379/1910/97 1387/1920/106
f 1387/1920/106 1375/1934/94 1391/1935/109
f 1375/1905/94 1383/1927/111 1391/1926/109
f 1369/1901/91 1348/1866/65 1345/1868/67
f 1373/1900/90 1352/1936/71 1348/1866/65
f 1378/1909/98 1346/1873/72 1352/1872/71
f 1357/1884/79 1384/1915/101 1381/1917/103
f 1361/1895/78 1388/1921/107 1384/1937/101
f 1366/1892/86 1382/1922/108 1388/1921/107
f 1358/1889/84 1355/1878/73 1363/1888/82
f 1363/1888/82 1351/1874/70 1367/1890/87
f 1351/1871/70 1359/1894/88 1367/1893/87
f 1345/1868/67 1300/1804/17 1297/1806/19
f 1349/1867/66 1304/1938/23 1300/1804/17
f 1304/1810/23 1347/1879/75 1298/1811/24
f 1310/1826/35 1360/1882/77 1357/1884/79
f 1316/1822/32 1364/1885/83 1360/1887/77
f 1364/1885/83 1309/1821/31 1358/1889/84
f 1369/1901/91 1297/1806/19 1321/1836/43
f 1311/1831/40 1322/1841/48 1299/1816/27
f 1358/1889/84 1298/1811/24 1347/1879/75
f 1333/1852/55 1357/1884/79 1381/1917/103
f 1334/1857/60 1370/1907/96 1323/1847/52
f 1382/1922/108 1346/1873/72 1371/1911/99
f 1396/1939/17 1397/1940/18 1393/1941/19
f 1396/1942/17 1401/1943/20 1398/1944/21
f 1399/1945/22 1400/1946/23 1394/1947/24
f 1399/1948/22 1404/1949/123 1401/1950/20
f 1402/1951/26 1403/1952/25 1395/1953/27
f 1397/1954/18 1404/1949/123 1402/1951/26
f 1398/1955/21 1401/1950/20 1404/1949/123
f 1408/1956/29 1409/1957/30 1405/1958/31
f 1412/1959/32 1410/1960/113 1408/1956/29
f 1411/1961/34 1412/1962/32 1406/1963/35
f 1415/1964/39 1413/1965/139 1411/1966/34
f 1414/1967/38 1415/1964/39 1407/1968/40
f 1414/1967/38 1410/1969/113 1416/1970/36
f 1410/1969/113 1413/1965/139 1416/1970/36
f 1420/1971/41 1421/1972/42 1417/1973/43
f 1424/1974/47 1422/1975/45 1420/1976/41
f 1423/1977/46 1424/1974/47 1418/1978/48
f 1423/1979/46 1428/1980/140 1425/1981/114
f 1426/1982/50 1427/1983/51 1419/1984/52
f 1426/1982/50 1422/1985/45 1428/1980/140
f 1422/1985/45 1425/1981/114 1428/1980/140
f 1432/1986/53 1433/1987/54 1429/1988/55
f 1432/1986/53 1437/1989/116 1434/1990/141
f 1435/1991/58 1436/1992/59 1430/1993/60
f 1439/1994/61 1437/1995/116 1435/1996/58
f 1438/1997/62 1439/1994/61 1431/1998/63
f 1438/1999/62 1434/1990/141 1440/2000/115
f 1434/1990/141 1437/1989/116 1440/2000/115
f 1444/2001/65 1445/2002/66 1441/2003/67
f 1448/2004/71 1446/2005/69 1444/2001/65
f 1447/2006/70 1448/2007/71 1442/2008/72
f 1451/2009/73 1449/2010/68 1447/2011/70
f 1450/2012/74 1451/2009/73 1443/2013/75
f 1445/2014/66 1452/2015/76 1450/2012/74
f 1446/2016/69 1449/2017/68 1452/2018/76
f 1456/2019/77 1457/2020/78 1453/2021/79
f 1456/2022/77 1461/2023/118 1458/2024/81
f 1459/2025/82 1460/2026/83 1454/2027/84
f 1463/2028/87 1461/2023/118 1459/2025/82
f 1462/2029/86 1463/2030/87 1455/2031/88
f 1462/2029/86 1458/2032/81 1464/2033/128
f 1458/2032/81 1461/2034/118 1464/2033/128
f 1468/2035/89 1469/2036/90 1465/2037/91
f 1468/2038/89 1473/2039/92 1470/2040/93
f 1471/2041/94 1472/2042/95 1466/2043/96
f 1475/2044/97 1473/2039/92 1471/2041/94
f 1474/2045/98 1475/2046/97 1467/2047/99
f 1469/2036/90 1476/2048/130 1474/2049/98
f 1470/2040/93 1473/2039/92 1476/2050/130
f 1480/2051/101 1481/2052/102 1477/2053/103
f 1480/2051/101 1485/2054/104 1482/2055/105
f 1483/2056/106 1484/2057/107 1478/2058/108
f 1487/2059/109 1485/2060/104 1483/2056/106
f 1486/2061/110 1487/2062/109 1479/2063/111
f 1481/2052/102 1488/2064/131 1486/2065/110
f 1482/2055/105 1485/2054/104 1488/2064/131
f 1393/1941/19 1420/1971/41 1417/1973/43
f 1397/1954/18 1424/1974/47 1420/1976/41
f 1402/1951/26 1418/1978/48 1424/1974/47
f 1405/1958/31 1399/1945/22 1394/1947/24
f 1409/2066/30 1403/1952/25 1399/1948/22
f 1403/1952/25 1407/1968/40 1395/1953/27
f 1429/1988/55 1411/1961/34 1406/1963/35
f 1433/2067/54 1415/1964/39 1411/1966/34
f 1438/1997/62 1407/1968/40 1415/1964/39
f 1430/1993/60 1427/1983/51 1435/1991/58
f 1427/2068/51 1439/1994/61 1435/1996/58
f 1423/1977/46 1431/1998/63 1439/1994/61
f 1417/1973/43 1468/2035/89 1465/2037/91
f 1421/2069/42 1472/2042/95 1468/2038/89
f 1426/1982/50 1466/2043/96 1472/2042/95
f 1477/2053/103 1432/1986/53 1429/1988/55
f 1481/2052/102 1436/2070/59 1432/1986/53
f 1436/1992/59 1479/2063/111 1430/1993/60
f 1467/2047/99 1483/2056/106 1478/2058/108
f 1475/2046/97 1487/2059/109 1483/2056/106
f 1471/2041/94 1479/2063/111 1487/2062/109
f 1465/2037/91 1444/2001/65 1441/2003/67
f 1469/2036/90 1448/2004/71 1444/2001/65
f 1474/2045/98 1442/2008/72 1448/2007/71
f 1453/2021/79 1480/2051/101 1477/2053/103
f 1457/2071/78 1484/2057/107 1480/2072/101
f 1484/2057/107 1455/2031/88 1478/2058/108
f 1443/2013/75 1459/2025/82 1454/2027/84
f 1451/2009/73 1463/2028/87 1459/2025/82
f 1447/2006/70 1455/2031/88 1463/2030/87
f 1441/2003/67 1396/1939/17 1393/1941/19
f 1445/2014/66 1400/1946/23 1396/1942/17
f 1400/1946/23 1443/2013/75 1394/1947/24
f 1406/1963/35 1456/2019/77 1453/2021/79
f 1412/1959/32 1460/2026/83 1456/2022/77
f 1460/2026/83 1405/1958/31 1454/2027/84
f 1465/2037/91 1393/1941/19 1417/1973/43
f 1407/1968/40 1418/1978/48 1395/1953/27
f 1454/2027/84 1394/1947/24 1443/2013/75
f 1429/1988/55 1453/2021/79 1477/2053/103
f 1430/1993/60 1466/2043/96 1419/1984/52
f 1478/2058/108 1442/2008/72 1467/2047/99
f 1489/2073/2 1504/2074/1 1503/2075/2
f 1491/2076/3 1504/2074/1 1490/2077/1
f 1491/2078/3 1506/2079/4 1505/2080/3
f 1493/2081/5 1506/2079/4 1492/2082/4
f 1494/2083/6 1507/2084/5 1493/2081/5
f 1495/2085/7 1508/2086/6 1494/2087/6
f 1495/2085/7 1510/2088/8 1509/2089/7
f 1497/2090/9 1510/2088/8 1496/2091/8
f 1498/2092/10 1511/2093/9 1497/2090/9
f 1499/2094/11 1512/2095/10 1498/2096/10
f 1500/2097/12 1513/2098/11 1499/2094/11
f 1501/2099/13 1514/2100/12 1500/2097/12
f 1502/2101/14 1515/2102/13 1501/2103/13
f 1502/2101/14 1503/2075/2 1516/2104/14
f 1499/2105/15 1495/2106/15 1491/2107/15
f 1506/2108/16 1510/2109/16 1514/2110/16
f 1518/2111/1 1531/2112/2 1517/2113/2
f 1519/2114/3 1532/2115/1 1518/2111/1
f 1520/2116/4 1533/2117/3 1519/2118/3
f 1521/2119/5 1534/2120/4 1520/2116/4
f 1522/2121/6 1535/2122/5 1521/2119/5
f 1523/2123/7 1536/2124/6 1522/2125/6
f 1524/2126/8 1537/2127/7 1523/2123/7
f 1525/2128/9 1538/2129/8 1524/2126/8
f 1526/2130/10 1539/2131/9 1525/2128/9
f 1527/2132/11 1540/2133/10 1526/2134/10
f 1528/2135/12 1541/2136/11 1527/2132/11
f 1529/2137/13 1542/2138/12 1528/2135/12
f 1530/2139/14 1543/2140/13 1529/2141/13
f 1530/2139/14 1531/2112/2 1544/2142/14
f 1527/2143/15 1523/2144/15 1519/2145/15
f 1534/2146/16 1538/2147/16 1542/2148/16
f 1548/2149/17 1549/2150/18 1545/2151/19
f 1552/2152/23 1550/2153/21 1548/2149/17
f 1551/2154/22 1552/2155/23 1546/2156/24
f 1551/2154/22 1556/2157/123 1553/2158/20
f 1554/2159/26 1555/2160/25 1547/2161/27
f 1549/2150/18 1556/2162/123 1554/2163/26
f 1550/2153/21 1553/2164/20 1556/2162/123
f 1560/2165/29 1561/2166/30 1557/2167/31
f 1564/2168/32 1562/2169/33 1560/2165/29
f 1563/2170/34 1564/2171/32 1558/2172/35
f 1567/2173/39 1565/2174/37 1563/2175/34
f 1566/2176/38 1567/2173/39 1559/2177/40
f 1561/2166/30 1568/2178/36 1566/2179/38
f 1562/2180/33 1565/2174/37 1568/2181/36
f 1572/2182/41 1573/2183/42 1569/2184/43
f 1572/2182/41 1577/2185/44 1574/2186/45
f 1575/2187/46 1576/2188/47 1570/2189/48
f 1579/2190/51 1577/2191/44 1575/2192/46
f 1578/2193/50 1579/2190/51 1571/2194/52
f 1573/2195/42 1580/2196/124 1578/2193/50
f 1574/2197/45 1577/2191/44 1580/2196/124
f 1584/2198/53 1585/2199/54 1581/2200/55
f 1584/2198/53 1589/2201/56 1586/2202/57
f 1587/2203/58 1588/2204/59 1582/2205/60
f 1587/2206/58 1592/2207/115 1589/2208/56
f 1590/2209/62 1591/2210/61 1583/2211/63
f 1590/2212/62 1586/2202/57 1592/2213/115
f 1586/2202/57 1589/2201/56 1592/2213/115
f 1596/2214/65 1597/2215/66 1593/2216/67
f 1596/2214/65 1601/2217/68 1598/2218/69
f 1599/2219/70 1600/2220/71 1594/2221/72
f 1603/2222/73 1601/2223/68 1599/2219/70
f 1602/2224/74 1603/2225/73 1595/2226/75
f 1602/2227/74 1598/2218/69 1604/2228/76
f 1598/2218/69 1601/2217/68 1604/2228/76
f 1608/2229/77 1609/2230/78 1605/2231/79
f 1612/2232/83 1610/2233/81 1608/2234/77
f 1611/2235/82 1612/2232/83 1606/2236/84
f 1611/2237/82 1616/2238/85 1613/2239/118
f 1614/2240/86 1615/2241/87 1607/2242/88
f 1614/2240/86 1610/2243/81 1616/2238/85
f 1610/2243/81 1613/2239/118 1616/2238/85
f 1620/2244/89 1621/2245/90 1617/2246/91
f 1620/2247/89 1625/2248/129 1622/2249/93
f 1623/2250/94 1624/2251/95 1618/2252/96
f 1623/2250/94 1628/2253/130 1625/2248/129
f 1626/2254/98 1627/2255/97 1619/2256/99
f 1621/2245/90 1628/2257/130 1626/2258/98
f 1622/2249/93 1625/2248/129 1628/2253/130
f 1632/2259/101 1633/2260/102 1629/2261/103
f 1636/2262/107 1634/2263/105 1632/2259/101
f 1635/2264/106 1636/2265/107 1630/2266/108
f 1639/2267/109 1637/2268/142 1635/2264/106
f 1638/2269/110 1639/2270/109 1631/2271/111
f 1638/2272/110 1634/2263/105 1640/2273/131
f 1634/2263/105 1637/2274/142 1640/2273/131
f 1545/2151/19 1572/2182/41 1569/2184/43
f 1549/2150/18 1576/2275/47 1572/2182/41
f 1554/2159/26 1570/2189/48 1576/2188/47
f 1557/2167/31 1551/2154/22 1546/2156/24
f 1561/2166/30 1555/2276/25 1551/2154/22
f 1555/2160/25 1559/2177/40 1547/2161/27
f 1581/2200/55 1563/2170/34 1558/2172/35
f 1585/2277/54 1567/2173/39 1563/2175/34
f 1590/2209/62 1559/2177/40 1567/2173/39
f 1582/2205/60 1579/2190/51 1587/2203/58
f 1587/2206/58 1575/2187/46 1591/2210/61
f 1575/2187/46 1583/2211/63 1591/2210/61
f 1617/2246/91 1573/2183/42 1620/2244/89
f 1573/2195/42 1624/2251/95 1620/2247/89
f 1578/2193/50 1618/2252/96 1624/2251/95
f 1629/2261/103 1584/2198/53 1581/2200/55
f 1633/2260/102 1588/2278/59 1584/2198/53
f 1588/2204/59 1631/2271/111 1582/2205/60
f 1630/2266/108 1627/2255/97 1635/2264/106
f 1627/2255/97 1639/2267/109 1635/2264/106
f 1623/2250/94 1631/2271/111 1639/2270/109
f 1617/2246/91 1596/2214/65 1593/2216/67
f 1621/2245/90 1600/2279/71 1596/2214/65
f 1626/2254/98 1594/2221/72 1600/2220/71
f 1605/2231/79 1632/2259/101 1629/2261/103
f 1609/2280/78 1636/2265/107 1632/2281/101
f 1614/2240/86 1630/2266/108 1636/2265/107
f 1606/2236/84 1603/2225/73 1611/2235/82
f 1603/2222/73 1615/2241/87 1611/2237/82
f 1599/2219/70 1607/2242/88 1615/2241/87
f 1593/2216/67 1548/2149/17 1545/2151/19
f 1597/2215/66 1552/2152/23 1548/2149/17
f 1552/2155/23 1595/2226/75 1546/2156/24
f 1605/2231/79 1564/2171/32 1608/2229/77
f 1564/2168/32 1612/2232/83 1608/2234/77
f 1560/2165/29 1606/2236/84 1612/2232/83
f 1617/2246/91 1545/2151/19 1569/2184/43
f 1559/2177/40 1570/2189/48 1547/2161/27
f 1606/2236/84 1546/2156/24 1595/2226/75
f 1581/2200/55 1605/2231/79 1629/2261/103
f 1582/2205/60 1618/2252/96 1571/2194/52
f 1630/2266/108 1594/2221/72 1619/2256/99
f 1644/2282/17 1645/2283/18 1641/2284/19
f 1644/2285/17 1649/2286/136 1646/2287/21
f 1647/2288/22 1648/2289/23 1642/2290/24
f 1647/2288/22 1652/2291/123 1649/2286/136
f 1650/2292/26 1651/2293/25 1643/2294/27
f 1645/2283/18 1652/2295/123 1650/2296/26
f 1646/2297/21 1649/2298/136 1652/2299/123
f 1656/2300/29 1657/2301/30 1653/2302/31
f 1660/2303/32 1658/2304/113 1656/2300/29
f 1659/2305/34 1660/2306/32 1654/2307/35
f 1659/2308/34 1664/2309/133 1661/2310/37
f 1662/2311/38 1663/2312/39 1655/2313/40
f 1662/2314/38 1658/2304/113 1664/2315/133
f 1658/2316/113 1661/2310/37 1664/2309/133
f 1668/2317/41 1669/2318/42 1665/2319/43
f 1672/2320/47 1670/2321/45 1668/2317/41
f 1671/2322/46 1672/2323/47 1666/2324/48
f 1671/2325/46 1676/2326/49 1673/2327/114
f 1674/2328/50 1675/2329/51 1667/2330/52
f 1669/2331/42 1676/2326/49 1674/2328/50
f 1670/2332/45 1673/2327/114 1676/2326/49
f 1680/2333/53 1681/2334/54 1677/2335/55
f 1680/2333/53 1685/2336/116 1682/2337/57
f 1683/2338/58 1684/2339/59 1678/2340/60
f 1687/2341/61 1685/2342/116 1683/2343/58
f 1686/2344/62 1687/2341/61 1679/2345/63
f 1681/2334/54 1688/2346/64 1686/2347/62
f 1682/2337/57 1685/2336/116 1688/2346/64
f 1692/2348/65 1693/2349/66 1689/2350/67
f 1696/2351/71 1694/2352/69 1692/2353/65
f 1695/2354/70 1696/2351/71 1690/2355/72
f 1699/2356/73 1697/2357/68 1695/2354/70
f 1698/2358/74 1699/2359/73 1691/2360/75
f 1698/2358/74 1694/2361/69 1700/2362/76
f 1694/2352/69 1697/2357/68 1700/2363/76
f 1704/2364/77 1705/2365/78 1701/2366/79
f 1704/2367/77 1709/2368/118 1706/2369/81
f 1707/2370/82 1708/2371/83 1702/2372/84
f 1711/2373/87 1709/2374/118 1707/2375/82
f 1710/2376/86 1711/2373/87 1703/2377/88
f 1705/2378/78 1712/2379/128 1710/2376/86
f 1706/2380/81 1709/2374/118 1712/2379/128
f 1716/2381/89 1717/2382/90 1713/2383/91
f 1720/2384/95 1718/2385/93 1716/2386/89
f 1719/2387/94 1720/2384/95 1714/2388/96
f 1723/2389/97 1721/2390/120 1719/2387/94
f 1722/2391/98 1723/2392/97 1715/2393/99
f 1722/2391/98 1718/2394/93 1724/2395/130
f 1718/2385/93 1721/2390/120 1724/2396/130
f 1728/2397/101 1729/2398/102 1725/2399/103
f 1728/2397/101 1733/2400/104 1730/2401/105
f 1731/2402/106 1732/2403/107 1726/2404/108
f 1731/2402/106 1736/2405/131 1733/2406/104
f 1734/2407/110 1735/2408/109 1727/2409/111
f 1729/2398/102 1736/2410/131 1734/2411/110
f 1730/2401/105 1733/2400/104 1736/2410/131
f 1641/2284/19 1668/2317/41 1665/2319/43
f 1645/2283/18 1672/2320/47 1668/2317/41
f 1650/2292/26 1666/2324/48 1672/2323/47
f 1653/2302/31 1647/2288/22 1642/2290/24
f 1657/2301/30 1651/2412/25 1647/2288/22
f 1651/2293/25 1655/2313/40 1643/2294/27
f 1677/2335/55 1659/2305/34 1654/2307/35
f 1681/2413/54 1663/2312/39 1659/2308/34
f 1686/2344/62 1655/2313/40 1663/2312/39
f 1667/2330/52 1683/2338/58 1678/2340/60
f 1675/2414/51 1687/2341/61 1683/2343/58
f 1671/2322/46 1679/2345/63 1687/2341/61
f 1713/2383/91 1669/2318/42 1716/2381/89
f 1669/2331/42 1720/2384/95 1716/2386/89
f 1674/2328/50 1714/2388/96 1720/2384/95
f 1725/2399/103 1680/2333/53 1677/2335/55
f 1729/2398/102 1684/2415/59 1680/2333/53
f 1684/2339/59 1727/2409/111 1678/2340/60
f 1726/2404/108 1723/2392/97 1731/2402/106
f 1723/2392/97 1735/2416/109 1731/2402/106
f 1719/2387/94 1727/2409/111 1735/2408/109
f 1713/2383/91 1692/2348/65 1689/2350/67
f 1717/2417/90 1696/2351/71 1692/2353/65
f 1722/2391/98 1690/2355/72 1696/2351/71
f 1701/2366/79 1728/2397/101 1725/2399/103
f 1705/2378/78 1732/2403/107 1728/2418/101
f 1710/2376/86 1726/2404/108 1732/2403/107
f 1702/2372/84 1699/2359/73 1707/2370/82
f 1707/2375/82 1695/2354/70 1711/2373/87
f 1695/2354/70 1703/2377/88 1711/2373/87
f 1689/2350/67 1644/2282/17 1641/2284/19
f 1693/2419/66 1648/2289/23 1644/2285/17
f 1648/2289/23 1691/2360/75 1642/2290/24
f 1701/2366/79 1660/2306/32 1704/2364/77
f 1660/2303/32 1708/2371/83 1704/2367/77
f 1656/2300/29 1702/2372/84 1708/2371/83
f 1713/2383/91 1641/2284/19 1665/2319/43
f 1655/2313/40 1666/2324/48 1643/2294/27
f 1702/2372/84 1642/2290/24 1691/2360/75
f 1677/2335/55 1701/2366/79 1725/2399/103
f 1678/2340/60 1714/2388/96 1667/2330/52
f 1726/2404/108 1690/2355/72 1715/2393/99
f 1738/2420/1 1751/2421/2 1737/2422/2
f 1739/2423/3 1752/2424/1 1738/2420/1
f 1740/2425/4 1753/2426/3 1739/2427/3
f 1741/2428/5 1754/2429/4 1740/2425/4
f 1742/2430/6 1755/2431/5 1741/2428/5
f 1743/2432/7 1756/2433/6 1742/2434/6
f 1744/2435/8 1757/2436/7 1743/2432/7
f 1745/2437/9 1758/2438/8 1744/2435/8
f 1746/2439/10 1759/2440/9 1745/2437/9
f 1746/2441/10 1761/2442/11 1760/2443/10
f 1748/2444/12 1761/2442/11 1747/2445/11
f 1749/2446/13 1762/2447/12 1748/2444/12
f 1750/2448/14 1763/2449/13 1749/2450/13
f 1737/2422/2 1764/2451/14 1750/2448/14
f 1747/2452/15 1743/2453/15 1739/2454/15
f 1754/2455/16 1758/2456/16 1762/2457/16
f 1766/2458/1 1779/2459/2 1765/2460/2
f 1767/2461/3 1780/2462/1 1766/2458/1
f 1768/2463/4 1781/2464/3 1767/2465/3
f 1769/2466/5 1782/2467/4 1768/2463/4
f 1770/2468/6 1783/2469/5 1769/2466/5
f 1771/2470/7 1784/2471/6 1770/2472/6
f 1772/2473/8 1785/2474/7 1771/2470/7
f 1773/2475/9 1786/2476/8 1772/2473/8
f 1774/2477/10 1787/2478/9 1773/2475/9
f 1775/2479/11 1788/2480/10 1774/2481/10
f 1776/2482/12 1789/2483/11 1775/2479/11
f 1777/2484/13 1790/2485/12 1776/2482/12
f 1778/2486/14 1791/2487/13 1777/2488/13
f 1765/2460/2 1792/2489/14 1778/2486/14
f 1775/2490/15 1771/2491/15 1767/2492/15
f 1782/2493/16 1786/2494/16 1790/2495/16
f 1796/2496/17 1797/2497/18 1793/2498/19
f 1796/2496/17 1801/2499/20 1798/2500/21
f 1799/2501/22 1800/2502/23 1794/2503/24
f 1799/2504/22 1804/2505/123 1801/2506/20
f 1802/2507/26 1803/2508/25 1795/2509/27
f 1797/2497/18 1804/2510/123 1802/2511/26
f 1798/2500/21 1801/2499/20 1804/2510/123
f 1808/2512/29 1809/2513/30 1805/2514/31
f 1812/2515/32 1810/2516/33 1808/2512/29
f 1811/2517/34 1812/2518/32 1806/2519/35
f 1811/2520/34 1816/2521/36 1813/2522/37
f 1814/2523/38 1815/2524/39 1807/2525/40
f 1809/2526/30 1816/2521/36 1814/2523/38
f 1810/2527/33 1813/2522/37 1816/2521/36
f 1820/2528/41 1821/2529/42 1817/2530/43
f 1820/2528/41 1825/2531/44 1822/2532/45
f 1823/2533/46 1824/2534/47 1818/2535/48
f 1823/2536/46 1828/2537/49 1825/2538/44
f 1826/2539/50 1827/2540/51 1819/2541/52
f 1821/2542/42 1828/2537/49 1826/2539/50
f 1822/2543/45 1825/2538/44 1828/2537/49
f 1832/2544/53 1833/2545/54 1829/2546/55
f 1832/2544/53 1837/2547/56 1834/2548/57
f 1835/2549/58 1836/2550/59 1830/2551/60
f 1835/2552/58 1840/2553/143 1837/2554/56
f 1838/2555/62 1839/2556/61 1831/2557/63
f 1838/2558/62 1834/2548/57 1840/2559/143
f 1834/2548/57 1837/2547/56 1840/2559/143
f 1844/2560/65 1845/2561/66 1841/2562/67
f 1844/2560/65 1849/2563/126 1846/2564/69
f 1847/2565/70 1848/2566/71 1842/2567/72
f 1847/2565/70 1852/2568/76 1849/2569/126
f 1850/2570/74 1851/2571/73 1843/2572/75
f 1845/2561/66 1852/2573/76 1850/2574/74
f 1846/2564/69 1849/2563/126 1852/2573/76
f 1856/2575/77 1857/2576/78 1853/2577/79
f 1856/2578/77 1861/2579/80 1858/2580/81
f 1859/2581/82 1860/2582/83 1854/2583/84
f 1859/2584/82 1864/2585/85 1861/2586/80
f 1862/2587/86 1863/2588/87 1855/2589/88
f 1862/2587/86 1858/2590/81 1864/2585/85
f 1858/2590/81 1861/2586/80 1864/2585/85
f 1868/2591/89 1869/2592/90 1865/2593/91
f 1868/2594/89 1873/2595/92 1870/2596/93
f 1871/2597/94 1872/2598/95 1866/2599/96
f 1875/2600/97 1873/2595/92 1871/2597/94
f 1874/2601/98 1875/2602/97 1867/2603/99
f 1869/2592/90 1876/2604/100 1874/2605/98
f 1870/2596/93 1873/2595/92 1876/2606/100
f 1880/2607/101 1881/2608/102 1877/2609/103
f 1884/2610/107 1882/2611/105 1880/2607/101
f 1883/2612/106 1884/2613/107 1878/2614/108
f 1887/2615/109 1885/2616/142 1883/2612/106
f 1886/2617/110 1887/2618/109 1879/2619/111
f 1881/2608/102 1888/2620/112 1886/2621/110
f 1882/2611/105 1885/2622/142 1888/2620/112
f 1793/2498/19 1820/2528/41 1817/2530/43
f 1797/2497/18 1824/2623/47 1820/2528/41
f 1802/2507/26 1818/2535/48 1824/2534/47
f 1805/2514/31 1799/2501/22 1794/2503/24
f 1809/2526/30 1803/2508/25 1799/2504/22
f 1803/2508/25 1807/2525/40 1795/2509/27
f 1829/2546/55 1811/2517/34 1806/2519/35
f 1833/2624/54 1815/2524/39 1811/2520/34
f 1838/2555/62 1807/2525/40 1815/2524/39
f 1830/2551/60 1827/2540/51 1835/2549/58
f 1827/2625/51 1839/2556/61 1835/2552/58
f 1823/2533/46 1831/2557/63 1839/2556/61
f 1817/2530/43 1868/2591/89 1865/2593/91
f 1821/2542/42 1872/2598/95 1868/2594/89
f 1826/2539/50 1866/2599/96 1872/2598/95
f 1877/2609/103 1832/2544/53 1829/2546/55
f 1881/2608/102 1836/2626/59 1832/2544/53
f 1886/2617/110 1830/2551/60 1836/2550/59
f 1878/2614/108 1875/2602/97 1883/2612/106
f 1875/2602/97 1887/2615/109 1883/2612/106
f 1871/2597/94 1879/2619/111 1887/2618/109
f 1865/2593/91 1844/2560/65 1841/2562/67
f 1869/2592/90 1848/2627/71 1844/2560/65
f 1874/2601/98 1842/2567/72 1848/2566/71
f 1853/2577/79 1880/2607/101 1877/2609/103
f 1857/2628/78 1884/2613/107 1880/2629/101
f 1862/2587/86 1878/2614/108 1884/2613/107
f 1854/2583/84 1851/2571/73 1859/2581/82
f 1851/2630/73 1863/2588/87 1859/2584/82
f 1847/2565/70 1855/2589/88 1863/2588/87
f 1841/2562/67 1796/2496/17 1793/2498/19
f 1845/2561/66 1800/2631/23 1796/2496/17
f 1850/2570/74 1794/2503/24 1800/2502/23
f 1806/2519/35 1856/2575/77 1853/2577/79
f 1812/2515/32 1860/2582/83 1856/2578/77
f 1808/2512/29 1854/2583/84 1860/2582/83
f 1865/2593/91 1793/2498/19 1817/2530/43
f 1807/2525/40 1818/2535/48 1795/2509/27
f 1854/2583/84 1794/2503/24 1843/2572/75
f 1829/2546/55 1853/2577/79 1877/2609/103
f 1830/2551/60 1866/2599/96 1819/2541/52
f 1878/2614/108 1842/2567/72 1867/2603/99
f 1892/2632/17 1893/2633/18 1889/2634/19
f 1892/2635/17 1897/2636/20 1894/2637/21
f 1895/2638/22 1896/2639/23 1890/2640/24
f 1895/2641/22 1900/2642/123 1897/2643/20
f 1898/2644/26 1899/2645/25 1891/2646/27
f 1893/2647/18 1900/2642/123 1898/2644/26
f 1894/2648/21 1897/2643/20 1900/2642/123
f 1904/2649/29 1905/2650/30 1901/2651/31
f 1904/2649/29 1909/2652/37 1906/2653/113
f 1907/2654/34 1908/2655/32 1902/2656/35
f 1907/2657/34 1912/2658/133 1909/2659/37
f 1910/2660/38 1911/2661/39 1903/2662/40
f 1910/2660/38 1906/2663/113 1912/2658/133
f 1906/2663/113 1909/2659/37 1912/2658/133
f 1916/2664/41 1917/2665/42 1913/2666/43
f 1920/2667/47 1918/2668/45 1916/2669/41
f 1919/2670/46 1920/2667/47 1914/2671/48
f 1923/2672/51 1921/2673/114 1919/2674/46
f 1922/2675/50 1923/2672/51 1915/2676/52
f 1922/2675/50 1918/2677/45 1924/2678/49
f 1918/2677/45 1921/2673/114 1924/2678/49
f 1928/2679/53 1929/2680/54 1925/2681/55
f 1932/2682/59 1930/2683/57 1928/2679/53
f 1931/2684/58 1932/2685/59 1926/2686/60
f 1935/2687/61 1933/2688/116 1931/2689/58
f 1934/2690/62 1935/2687/61 1927/2691/63
f 1929/2680/54 1936/2692/64 1934/2693/62
f 1930/2683/57 1933/2694/116 1936/2692/64
f 1940/2695/65 1941/2696/66 1937/2697/67
f 1940/2698/65 1945/2699/68 1942/2700/69
f 1943/2701/70 1944/2702/71 1938/2703/72
f 1947/2704/73 1945/2699/68 1943/2701/70
f 1946/2705/74 1947/2706/73 1939/2707/75
f 1941/2708/66 1948/2709/127 1946/2705/74
f 1942/2700/69 1945/2699/68 1948/2710/127
f 1952/2711/77 1953/2712/78 1949/2713/79
f 1956/2714/83 1954/2715/81 1952/2716/77
f 1955/2717/82 1956/2714/83 1950/2718/84
f 1959/2719/87 1957/2720/118 1955/2721/82
f 1958/2722/86 1959/2719/87 1951/2723/88
f 1958/2722/86 1954/2724/81 1960/2725/128
f 1954/2724/81 1957/2720/118 1960/2725/128
f 1964/2726/89 1965/2727/90 1961/2728/91
f 1968/2729/95 1966/2730/93 1964/2731/89
f 1967/2732/94 1968/2729/95 1962/2733/96
f 1971/2734/97 1969/2735/120 1967/2732/94
f 1970/2736/98 1971/2737/97 1963/2738/99
f 1965/2739/90 1972/2740/100 1970/2736/98
f 1966/2730/93 1969/2735/120 1972/2741/100
f 1976/2742/101 1977/2743/102 1973/2744/103
f 1980/2745/107 1978/2746/105 1976/2742/101
f 1979/2747/106 1980/2748/107 1974/2749/108
f 1983/2750/109 1981/2751/104 1979/2747/106
f 1982/2752/110 1983/2753/109 1975/2754/111
f 1982/2755/110 1978/2746/105 1984/2756/131
f 1978/2746/105 1981/2757/104 1984/2756/131
f 1889/2634/19 1916/2664/41 1913/2666/43
f 1893/2647/18 1920/2667/47 1916/2669/41
f 1898/2644/26 1914/2671/48 1920/2667/47
f 1901/2651/31 1895/2638/22 1890/2640/24
f 1905/2758/30 1899/2645/25 1895/2641/22
f 1899/2645/25 1903/2662/40 1891/2646/27
f 1925/2681/55 1907/2654/34 1902/2656/35
f 1929/2759/54 1911/2661/39 1907/2657/34
f 1934/2690/62 1903/2662/40 1911/2661/39
f 1926/2686/60 1923/2672/51 1931/2684/58
f 1923/2760/51 1935/2687/61 1931/2689/58
f 1919/2670/46 1927/2691/63 1935/2687/61
f 1913/2666/43 1964/2726/89 1961/2728/91
f 1917/2761/42 1968/2729/95 1964/2731/89
f 1922/2675/50 1962/2733/96 1968/2729/95
f 1973/2744/103 1928/2679/53 1925/2681/55
f 1977/2743/102 1932/2682/59 1928/2679/53
f 1982/2752/110 1926/2686/60 1932/2685/59
f 1974/2749/108 1971/2737/97 1979/2747/106
f 1971/2737/97 1983/2750/109 1979/2747/106
f 1967/2732/94 1975/2754/111 1983/2753/109
f 1961/2728/91 1940/2695/65 1937/2697/67
f 1965/2739/90 1944/2702/71 1940/2698/65
f 1970/2736/98 1938/2703/72 1944/2702/71
f 1949/2713/79 1976/2742/101 1973/2744/103
f 1953/2762/78 1980/2748/107 1976/2763/101
f 1958/2722/86 1974/2749/108 1980/2748/107
f 1950/2718/84 1947/2706/73 1955/2717/82
f 1955/2721/82 1943/2701/70 1959/2719/87
f 1943/2701/70 1951/2723/88 1959/2719/87
f 1937/2697/67 1892/2632/17 1889/2634/19
f 1941/2708/66 1896/2639/23 1892/2635/17
f 1946/2705/74 1890/2640/24 1896/2639/23
f 1902/2656/35 1952/2711/77 1949/2713/79
f 1908/2764/32 1956/2714/83 1952/2716/77
f 1904/2649/29 1950/2718/84 1956/2714/83
f 1961/2728/91 1889/2634/19 1913/2666/43
f 1903/2662/40 1914/2671/48 1891/2646/27
f 1950/2718/84 1890/2640/24 1939/2707/75
f 1925/2681/55 1949/2713/79 1973/2744/103
f 1926/2686/60 1962/2733/96 1915/2676/52
f 1974/2749/108 1938/2703/72 1963/2738/99
f 1985/2765/144 1989/2766/145 1991/2767/146
f 1986/2768/147 1989/2769/148 1988/2770/149
f 1987/2771/150 1989/2772/151 1990/2773/152
f 1992/2774/153 1996/2775/154 1998/2776/155
f 1993/2777/156 1996/2778/157 1995/2779/158
f 1994/2780/159 1996/2781/160 1997/2782/161
f 1999/2783/162 2003/2784/163 2005/2785/164
f 2000/2786/165 2003/2787/166 2002/2788/167
f 2001/2789/168 2003/2790/169 2004/2791/170
f 2006/2792/171 2010/2793/172 2012/2794/173
f 2007/2795/174 2010/2796/175 2009/2797/176
f 2008/2798/177 2010/2799/178 2011/2800/179
f 2013/2801/180 2017/2802/181 2019/2803/182
f 2014/2804/183 2017/2805/184 2016/2806/185
f 2015/2807/186 2017/2808/187 2018/2809/188
f 2020/2810/189 2024/2811/190 2026/2812/191
f 2021/2813/192 2024/2814/193 2023/2815/194
f 2022/2816/195 2024/2817/196 2025/2818/197
f 2027/2819/198 2031/2820/199 2033/2821/200
f 2028/2822/201 2031/2823/202 2030/2824/203
f 2029/2825/204 2031/2826/205 2032/2827/206
f 2034/2828/207 2038/2829/208 2040/2830/209
f 2035/2831/210 2038/2832/211 2037/2833/212
f 2036/2834/213 2038/2835/214 2039/2836/215
f 1985/2765/144 2002/2837/216 1999/2783/162
f 1991/2838/217 2000/2786/165 2002/2788/167
f 1992/2774/153 1990/2839/218 1986/2768/147
f 1990/2773/152 1994/2780/159 1987/2771/150
f 2006/2792/171 1997/2840/219 1993/2777/156
f 2012/2841/220 1994/2780/159 1997/2782/161
f 2007/2795/174 2004/2791/170 2011/2842/221
f 2004/2843/222 2008/2798/177 2011/2800/179
f 1999/2783/162 2030/2844/223 2027/2819/198
f 2005/2845/224 2028/2822/201 2030/2824/203
f 2034/2828/207 2009/2846/225 2006/2792/171
f 2040/2847/226 2007/2795/174 2009/2797/176
f 2035/2831/210 2032/2827/206 2039/2848/227
f 2032/2849/228 2036/2834/213 2039/2836/215
f 2027/2819/198 2016/2850/229 2013/2801/180
f 2033/2851/230 2014/2804/183 2016/2806/185
f 2020/2810/189 2037/2852/231 2034/2828/207
f 2026/2853/232 2035/2831/210 2037/2833/212
f 2015/2807/186 2025/2854/233 2021/2813/192
f 2018/2855/234 2022/2816/195 2025/2818/197
f 2013/2801/180 1988/2856/235 1985/2765/144
f 2019/2857/236 1986/2768/147 1988/2770/149
f 1993/2777/156 2023/2858/237 2020/2810/189
f 1995/2859/238 2021/2813/192 2023/2815/194
f 2027/2819/198 1985/2765/144 1999/2783/162
f 1994/2780/159 2000/2786/165 1987/2771/150
f 2021/2813/192 1986/2768/147 2015/2807/186
f 2006/2792/171 2020/2810/189 2034/2828/207
f 2007/2795/174 2028/2822/201 2001/2789/168
f 2029/2825/204 2022/2816/195 2014/2804/183
f 2041/2860/144 2045/2861/145 2047/2862/146
f 2042/2863/147 2045/2864/148 2044/2865/149
f 2043/2866/150 2045/2867/151 2046/2868/152
f 2048/2869/153 2052/2870/154 2054/2871/155
f 2049/2872/156 2052/2873/157 2051/2874/158
f 2050/2875/159 2052/2876/160 2053/2877/161
f 2055/2878/162 2059/2879/163 2061/2880/164
f 2056/2881/165 2059/2882/166 2058/2883/167
f 2057/2884/168 2059/2885/169 2060/2886/170
f 2062/2887/171 2066/2888/172 2068/2889/173
f 2063/2890/174 2066/2891/175 2065/2892/176
f 2064/2893/177 2066/2894/178 2067/2895/179
f 2069/2896/180 2073/2897/181 2075/2898/182
f 2070/2899/183 2073/2900/184 2072/2901/185
f 2071/2902/186 2073/2903/187 2074/2904/188
f 2076/2905/189 2080/2906/190 2082/2907/191
f 2077/2908/192 2080/2909/193 2079/2910/194
f 2078/2911/195 2080/2912/196 2081/2913/197
f 2083/2914/198 2087/2915/199 2089/2916/200
f 2084/2917/201 2087/2918/202 2086/2919/203
f 2085/2920/204 2087/2921/205 2088/2922/206
f 2090/2923/207 2094/2924/208 2096/2925/209
f 2091/2926/210 2094/2927/211 2093/2928/212
f 2092/2929/213 2094/2930/214 2095/2931/215
f 2041/2860/144 2058/2932/216 2055/2878/162
f 2047/2933/217 2056/2881/165 2058/2883/167
f 2048/2869/153 2046/2934/218 2042/2863/147
f 2046/2868/152 2050/2875/159 2043/2866/150
f 2062/2887/171 2053/2935/219 2049/2872/156
f 2068/2936/220 2050/2875/159 2053/2877/161
f 2057/2884/168 2067/2937/221 2063/2890/174
f 2060/2938/222 2064/2893/177 2067/2895/179
f 2055/2878/162 2086/2939/223 2083/2914/198
f 2061/2940/224 2084/2917/201 2086/2919/203
f 2090/2923/207 2065/2941/225 2062/2887/171
f 2096/2942/226 2063/2890/174 2065/2892/176
f 2091/2926/210 2088/2922/206 2095/2943/227
f 2088/2944/228 2092/2929/213 2095/2931/215
f 2083/2914/198 2072/2945/229 2069/2896/180
f 2089/2946/230 2070/2899/183 2072/2901/185
f 2076/2905/189 2093/2947/231 2090/2923/207
f 2082/2948/232 2091/2926/210 2093/2928/212
f 2071/2902/186 2081/2949/233 2077/2908/192
f 2074/2950/234 2078/2911/195 2081/2913/197
f 2069/2896/180 2044/2951/235 2041/2860/144
f 2075/2952/236 2042/2863/147 2044/2865/149
f 2049/2872/156 2079/2953/237 2076/2905/189
f 2051/2954/238 2077/2908/192 2079/2910/194
f 2083/2914/198 2041/2860/144 2055/2878/162
f 2050/2875/159 2056/2881/165 2043/2866/150
f 2077/2908/192 2042/2863/147 2071/2902/186
f 2062/2887/171 2076/2905/189 2090/2923/207
f 2063/2890/174 2084/2917/201 2057/2884/168
f 2085/2920/204 2078/2911/195 2070/2899/183
f 2098/2955/239 2109/2956/15 2097/2957/15
f 2099/2958/240 2110/2959/239 2098/2960/239
f 2100/2961/241 2111/2962/240 2099/2958/240
f 2100/2961/241 2113/2963/242 2112/2964/241
f 2102/2965/243 2113/2966/242 2101/2967/242
f 2103/2968/16 2114/2969/243 2102/2965/243
f 2104/2970/244 2115/2971/16 2103/2968/16
f 2105/2972/245 2116/2973/244 2104/2974/244
f 2106/2975/246 2117/2976/245 2105/2972/245
f 2107/2977/247 2118/2978/246 2106/2975/246
f 2108/2979/248 2119/2980/247 2107/2977/247
f 2097/2957/15 2120/2981/248 2108/2982/248
f 2105/2983/8 2101/2984/8 2097/2985/8
f 2112/2986/2 2116/2987/2 2120/2988/2
f 2121/2989/15 2123/2990/249 2122/2991/250
f 2121/2989/15 2124/2992/251 2123/2990/249
f 2121/2989/15 2125/2993/252 2124/2992/251
f 2121/2989/15 2126/2994/253 2125/2993/252
f 2121/2989/15 2127/2995/254 2126/2994/253
f 2121/2989/15 2128/2996/255 2127/2995/254
f 2121/2989/15 2129/2997/256 2128/2996/255
f 2121/2989/15 2130/2998/257 2129/2997/256
f 2121/2989/15 2131/2999/258 2130/2998/257
f 2121/2989/15 2132/3000/259 2131/2999/258
f 2121/2989/15 2133/3001/260 2132/3000/259
f 2121/2989/15 2134/3002/261 2133/3001/260
f 2121/2989/15 2135/3003/262 2134/3002/261
f 2121/2989/15 2136/3004/263 2135/3003/262
f 2121/2989/15 2137/3005/264 2136/3004/263
f 2121/2989/15 2122/2991/250 2137/3005/264
f 2123/3006/265 2138/3007/2 2122/3008/266
f 2124/3009/267 2139/3010/268 2123/3006/265
f 2125/3011/269 2140/3012/270 2124/3013/267
f 2126/3014/271 2141/3015/272 2125/3011/269
f 2127/3016/273 2142/3017/241 2126/3014/271
f 2127/3016/273 2144/3018/274 2143/3019/275
f 2129/3020/276 2144/3021/274 2128/3022/277
f 2129/3020/276 2146/3023/8 2145/3024/278
f 2130/3025/279 2147/3026/280 2146/3023/8
f 2132/3027/281 2147/3026/280 2131/3028/282
f 2133/3029/283 2148/3030/284 2132/3031/281
f 2133/3029/283 2150/3032/246 2149/3033/285
f 2135/3034/286 2150/3032/246 2134/3035/287
f 2135/3034/286 2152/3036/288 2151/3037/289
f 2137/3038/290 2152/3039/288 2136/3040/291
f 2122/3008/266 2153/3041/292 2137/3038/290
f 2139/3010/268 2154/3042/293 2138/3007/2
f 2139/3010/268 2156/3043/294 2155/3044/295
f 2140/3012/270 2157/3045/296 2156/3046/294
f 2141/3015/272 2158/3047/297 2157/3045/296
f 2142/3017/241 2159/3048/298 2158/3047/297
f 2144/3018/274 2159/3048/298 2143/3019/275
f 2145/3024/278 2160/3049/299 2144/3021/274
f 2146/3023/8 2161/3050/300 2145/3024/278
f 2146/3023/8 2163/3051/301 2162/3052/302
f 2148/3053/284 2163/3051/301 2147/3026/280
f 2149/3033/285 2164/3054/303 2148/3030/284
f 2150/3032/246 2165/3055/304 2149/3033/285
f 2151/3037/289 2166/3056/305 2150/3032/246
f 2152/3036/288 2167/3057/306 2151/3037/289
f 2153/3041/292 2168/3058/307 2152/3039/288
f 2138/3007/2 2169/3059/308 2153/3041/292
f 2154/3060/309 2155/3061/310 2170/3062/16
f 2155/3061/310 2156/3063/311 2170/3062/16
f 2156/3063/311 2157/3064/312 2170/3062/16
f 2157/3064/312 2158/3065/313 2170/3062/16
f 2158/3065/313 2159/3066/314 2170/3062/16
f 2159/3066/314 2160/3067/315 2170/3062/16
f 2160/3067/315 2161/3068/316 2170/3062/16
f 2161/3068/316 2162/3069/317 2170/3062/16
f 2162/3069/317 2163/3070/318 2170/3062/16
f 2163/3070/318 2164/3071/319 2170/3062/16
f 2164/3071/319 2165/3072/320 2170/3062/16
f 2165/3072/320 2166/3073/321 2170/3062/16
f 2166/3073/321 2167/3074/322 2170/3062/16
f 2167/3074/322 2168/3075/323 2170/3062/16
f 2168/3075/323 2169/3076/324 2170/3062/16
f 2169/3076/324 2154/3060/309 2170/3062/16
f 2171/3077/268 2180/3078/268 2179/3079/268
f 2173/3080/272 2180/3081/272 2172/3082/272
f 2174/3083/275 2181/3084/275 2173/3080/275
f 2175/3085/278 2182/3086/278 2174/3087/278
f 2176/3088/280 2183/3089/280 2175/3085/280
f 2177/3090/285 2184/3091/285 2176/3092/285
f 2178/3093/289 2185/3094/289 2177/3090/289
f 2171/3077/292 2186/3095/292 2178/3096/292
f 2175/3097/15 2173/3098/15 2171/3099/15
f 2182/3100/16 2184/3101/16 2186/3102/16
f 2187/3103/15 2189/3104/15 2188/3105/15
f 2187/3103/15 2190/3106/15 2189/3104/15
f 2187/3103/15 2191/3107/15 2190/3106/15
f 2187/3103/15 2192/3108/15 2191/3107/15
f 2187/3103/15 2193/3109/15 2192/3108/15
f 2187/3103/15 2194/3110/15 2193/3109/15
f 2187/3103/15 2195/3111/15 2194/3110/15
f 2187/3103/15 2196/3112/15 2195/3111/15
f 2187/3103/15 2197/3113/15 2196/3112/15
f 2187/3103/15 2198/3114/15 2197/3113/15
f 2187/3103/15 2199/3115/15 2198/3114/15
f 2187/3103/15 2200/3116/15 2199/3115/15
f 2187/3103/15 2201/3117/15 2200/3116/15
f 2187/3103/15 2202/3118/15 2201/3117/15
f 2187/3103/15 2203/3119/15 2202/3118/15
f 2187/3103/15 2204/3120/15 2203/3119/15
f 2187/3103/15 2205/3121/15 2204/3120/15
f 2187/3103/15 2206/3122/15 2205/3121/15
f 2187/3103/15 2207/3123/15 2206/3122/15
f 2187/3103/15 2188/3105/15 2207/3123/15
f 2189/3124/325 2208/3125/326 2188/3126/326
f 2190/3127/327 2209/3128/325 2189/3124/325
f 2191/3129/328 2210/3130/327 2190/3131/327
f 2192/3132/329 2211/3133/328 2191/3129/328
f 2193/3134/330 2212/3135/329 2192/3132/329
f 2194/3136/331 2213/3137/330 2193/3134/330
f 2195/3138/332 2214/3139/331 2194/3136/331
f 2196/3140/333 2215/3141/332 2195/3138/332
f 2197/3142/334 2216/3143/333 2196/3144/333
f 2197/3142/334 2218/3145/335 2217/3146/334
f 2199/3147/336 2218/3145/335 2198/3148/335
f 2199/3147/336 2220/3149/337 2219/3150/336
f 2200/3151/337 2221/3152/338 2220/3153/337
f 2202/3154/339 2221/3152/338 2201/3155/338
f 2202/3154/339 2223/3156/340 2222/3157/339
f 2204/3158/341 2223/3156/340 2203/3159/340
f 2205/3160/342 2224/3161/341 2204/3158/341
f 2206/3162/343 2225/3163/342 2205/3160/342
f 2207/3164/344 2226/3165/343 2206/3166/343
f 2207/3164/344 2208/3125/326 2227/3167/344
f 2209/3128/345 2228/3168/346 2208/3125/346
f 2210/3169/347 2229/3170/345 2209/3128/345
f 2210/3169/347 2231/3171/348 2230/3172/347
f 2211/3133/348 2232/3173/349 2231/3174/348
f 2213/3137/350 2232/3173/349 2212/3135/349
f 2214/3139/351 2233/3175/350 2213/3137/350
f 2215/3141/352 2234/3176/351 2214/3139/351
f 2216/3143/353 2235/3177/352 2215/3178/352
f 2216/3143/353 2237/3179/354 2236/3180/353
f 2218/3145/355 2237/3179/354 2217/3146/354
f 2218/3145/355 2239/3181/356 2238/3182/355
f 2220/3149/357 2239/3181/356 2219/3150/356
f 2221/3152/358 2240/3183/357 2220/3153/357
f 2221/3152/358 2242/3184/359 2241/3185/358
f 2223/3156/360 2242/3184/359 2222/3157/359
f 2224/3161/361 2243/3186/360 2223/3156/360
f 2225/3163/362 2244/3187/361 2224/3161/361
f 2225/3163/362 2246/3188/363 2245/3189/362
f 2226/3165/363 2247/3190/364 2246/3191/363
f 2208/3125/346 2247/3190/364 2227/3167/364
f 2228/3192/16 2229/3193/16 2248/3194/16
f 2229/3193/16 2230/3195/16 2248/3194/16
f 2230/3195/16 2231/3196/16 2248/3194/16
f 2231/3196/16 2232/3197/16 2248/3194/16
f 2232/3197/16 2233/3198/16 2248/3194/16
f 2233/3198/16 2234/3199/16 2248/3194/16
f 2234/3199/16 2235/3200/16 2248/3194/16
f 2235/3200/16 2236/3201/16 2248/3194/16
f 2236/3201/16 2237/3202/16 2248/3194/16
f 2237/3202/16 2238/3203/16 2248/3194/16
f 2238/3203/16 2239/3204/16 2248/3194/16
f 2239/3204/16 2240/3205/16 2248/3194/16
f 2240/3205/16 2241/3206/16 2248/3194/16
f 2241/3206/16 2242/3207/16 2248/3194/16
f 2242/3207/16 2243/3208/16 2248/3194/16
f 2243/3208/16 2244/3209/16 2248/3194/16
f 2244/3209/16 2245/3210/16 2248/3194/16
f 2245/3210/16 2246/3211/16 2248/3194/16
f 2246/3211/16 2247/3212/16 2248/3194/16
f 2247/3212/16 2228/3192/16 2248/3194/16
f 2/1/1 16/5/1 15/2/2
f 3/4/3 17/3213/3 16/5/1
f 4/6/4 18/10/4 17/7/3
f 5/9/5 19/12/5 18/10/4
f 6/11/6 20/3214/6 19/12/5
f 7/13/7 21/17/7 20/14/6
f 8/16/8 22/19/8 21/17/7
f 9/18/9 23/21/9 22/19/8
f 10/20/10 24/3215/10 23/21/9
f 11/22/11 25/26/11 24/23/10
f 12/25/12 26/28/12 25/26/11
f 13/27/13 27/3216/13 26/28/12
f 14/29/14 28/32/14 27/30/13
f 14/29/14 1/3/2 15/2/2
f 1/3217/15 14/3218/15 13/3219/15
f 13/3219/15 12/3220/15 11/33/15
f 11/33/15 10/3221/15 9/3222/15
f 9/3222/15 8/3223/15 7/34/15
f 7/34/15 6/3224/15 5/3225/15
f 5/3225/15 4/3226/15 3/35/15
f 3/35/15 2/3227/15 1/3217/15
f 1/3217/15 13/3219/15 11/33/15
f 11/33/15 9/3222/15 7/34/15
f 7/34/15 5/3225/15 3/35/15
f 3/35/15 1/3217/15 11/33/15
f 28/3228/16 15/3229/16 16/3230/16
f 16/3230/16 17/3231/16 18/36/16
f 18/36/16 19/3232/16 20/3233/16
f 20/3233/16 21/3234/16 22/37/16
f 22/37/16 23/3235/16 24/3236/16
f 24/3236/16 25/3237/16 26/38/16
f 26/38/16 27/3238/16 28/3228/16
f 28/3228/16 16/3230/16 18/36/16
f 18/36/16 20/3233/16 22/37/16
f 22/37/16 24/3236/16 26/38/16
f 26/38/16 28/3228/16 18/36/16
f 29/39/2 30/43/1 44/40/1
f 31/42/3 45/3239/3 44/40/1
f 32/44/4 46/48/4 45/45/3
f 33/47/5 47/50/5 46/48/4
f 34/49/6 48/3240/6 47/50/5
f 35/51/7 49/55/7 48/52/6
f 36/54/8 50/57/8 49/55/7
f 37/56/9 51/59/9 50/57/8
f 38/58/10 52/3241/10 51/59/9
f 39/60/11 53/64/11 52/61/10
f 40/63/12 54/66/12 53/64/11
f 41/65/13 55/3242/13 54/66/12
f 42/67/14 56/70/14 55/68/13
f 29/39/2 43/41/2 56/70/14
f 29/3243/15 42/3244/15 41/3245/15
f 41/3245/15 40/3246/15 39/71/15
f 39/71/15 38/3247/15 37/3248/15
f 37/3248/15 36/3249/15 35/72/15
f 35/72/15 34/3250/15 33/3251/15
f 33/3251/15 32/3252/15 31/73/15
f 31/73/15 30/3253/15 29/3243/15
f 29/3243/15 41/3245/15 39/71/15
f 39/71/15 37/3248/15 35/72/15
f 35/72/15 33/3251/15 31/73/15
f 31/73/15 29/3243/15 39/71/15
f 56/3254/16 43/3255/16 44/3256/16
f 44/3256/16 45/3257/16 46/74/16
f 46/74/16 47/3258/16 48/3259/16
f 48/3259/16 49/3260/16 50/75/16
f 50/75/16 51/3261/16 52/3262/16
f 52/3262/16 53/3263/16 54/76/16
f 54/76/16 55/3264/16 56/3254/16
f 56/3254/16 44/3256/16 46/74/16
f 46/74/16 48/3259/16 50/75/16
f 50/75/16 52/3262/16 54/76/16
f 54/76/16 56/3254/16 46/74/16
f 60/77/17 62/81/21 61/78/18
f 60/77/17 64/208/23 65/80/20
f 63/82/22 65/3265/20 64/83/23
f 67/85/25 68/3266/28 65/86/20
f 66/88/26 68/3266/28 67/85/25
f 61/78/18 62/81/21 68/90/28
f 72/92/29 74/96/33 73/93/30
f 76/95/32 77/3267/37 74/96/33
f 75/97/34 77/3268/37 76/98/32
f 75/100/34 79/104/39 80/101/36
f 78/103/38 80/101/36 79/104/39
f 73/106/30 74/107/33 80/101/36
f 84/108/41 86/112/45 85/109/42
f 84/108/41 88/201/47 89/111/44
f 87/113/46 89/3269/44 88/114/47
f 87/116/46 91/120/51 92/117/49
f 90/119/50 92/117/49 91/120/51
f 85/122/42 86/123/45 92/117/49
f 96/124/53 98/128/57 97/125/54
f 96/124/53 100/204/59 101/127/56
f 99/129/58 101/3270/56 100/130/59
f 103/132/61 104/3271/64 101/133/56
f 102/135/62 104/3271/64 103/132/61
f 97/125/54 98/128/57 104/137/64
f 108/139/65 110/143/69 109/140/66
f 108/139/65 112/205/71 113/142/68
f 111/144/70 113/148/68 112/145/71
f 115/147/73 116/3272/76 113/148/68
f 114/149/74 116/3273/76 115/150/73
f 109/140/66 110/143/69 116/152/76
f 120/154/77 122/3274/81 121/155/78
f 120/157/77 124/161/83 125/158/80
f 123/160/82 125/158/80 124/161/83
f 123/163/82 127/167/87 128/164/85
f 126/166/86 128/164/85 127/167/87
f 126/166/86 121/206/78 122/169/81
f 132/170/89 134/3275/93 133/171/90
f 132/173/89 136/177/95 137/174/92
f 135/176/94 137/174/92 136/177/95
f 139/179/97 140/185/100 137/174/92
f 138/180/98 140/3276/100 139/181/97
f 133/171/90 134/3275/93 140/183/100
f 144/186/101 146/190/105 145/187/102
f 144/186/101 148/3277/107 149/189/104
f 147/191/106 149/195/104 148/192/107
f 151/194/109 152/3278/112 149/195/104
f 150/196/110 152/3279/112 151/197/109
f 145/187/102 146/190/105 152/199/112
f 57/79/19 61/78/18 84/108/41
f 61/78/18 66/91/26 88/201/47
f 66/88/26 59/89/27 82/115/48
f 69/94/31 73/93/30 63/82/22
f 73/106/30 78/103/38 67/85/25
f 67/85/25 78/103/38 71/105/40
f 93/126/55 97/125/54 75/97/34
f 97/202/54 102/135/62 79/104/39
f 102/135/62 95/136/63 71/105/40
f 94/131/60 83/121/52 91/120/51
f 91/203/51 87/113/46 103/132/61
f 87/113/46 82/115/48 95/136/63
f 81/110/43 85/109/42 132/170/89
f 85/122/42 90/119/50 136/177/95
f 90/119/50 83/121/52 130/178/96
f 141/188/103 145/187/102 96/124/53
f 145/187/102 150/200/110 100/204/59
f 150/196/110 143/198/111 94/131/60
f 142/193/108 131/182/99 139/181/97
f 139/181/97 135/3280/94 151/194/109
f 135/176/94 130/178/96 143/198/111
f 129/172/91 133/171/90 108/139/65
f 133/171/90 138/184/98 112/205/71
f 138/180/98 131/182/99 106/146/72
f 117/156/79 121/155/78 144/186/101
f 121/206/78 126/166/86 148/192/107
f 126/166/86 119/168/88 142/193/108
f 118/162/84 107/151/75 115/150/73
f 115/147/73 111/144/70 127/167/87
f 111/144/70 106/146/72 119/168/88
f 105/141/67 109/140/66 60/77/17
f 109/140/66 114/153/74 64/208/23
f 114/149/74 107/151/75 58/84/24
f 70/99/35 76/98/32 120/154/77
f 76/95/32 72/92/29 124/161/83
f 72/92/29 69/94/31 118/162/84
f 129/172/91 105/141/67 57/79/19
f 71/105/40 95/136/63 82/115/48
f 118/162/84 69/94/31 58/84/24
f 93/126/55 70/99/35 117/156/79
f 94/131/60 143/198/111 130/178/96
f 142/193/108 119/168/88 106/146/72
f 156/209/17 158/3281/21 157/210/18
f 156/212/17 160/216/23 161/213/20
f 159/215/22 161/213/20 160/216/23
f 163/218/25 164/224/28 161/219/20
f 162/221/26 164/224/28 163/218/25
f 157/223/18 158/225/21 164/224/28
f 168/226/29 170/230/113 169/227/30
f 168/226/29 172/343/32 173/229/37
f 171/231/34 173/3282/37 172/232/32
f 175/234/39 176/240/36 173/235/37
f 174/237/38 176/240/36 175/234/39
f 174/237/38 169/337/30 170/239/113
f 180/241/41 182/3283/45 181/242/42
f 180/244/41 184/248/47 185/245/114
f 183/247/46 185/245/114 184/248/47
f 187/250/51 188/256/49 185/251/114
f 186/253/50 188/256/49 187/250/51
f 186/253/50 181/340/42 182/255/45
f 192/257/53 194/261/57 193/258/54
f 196/260/59 197/273/116 194/261/57
f 195/262/58 197/3284/116 196/263/59
f 195/265/58 199/269/61 200/266/115
f 198/268/62 200/266/115 199/269/61
f 198/271/62 193/258/54 194/261/57
f 204/274/65 206/3285/117 205/275/66
f 208/277/71 209/283/68 206/278/117
f 207/280/70 209/283/68 208/277/71
f 211/282/73 212/289/76 209/283/68
f 210/284/74 212/288/76 211/285/73
f 205/287/66 206/3286/117 212/288/76
f 216/290/77 218/3287/81 217/291/78
f 220/293/83 221/3288/118 218/294/81
f 219/296/82 221/3288/118 220/293/83
f 223/298/87 224/304/119 221/299/118
f 222/301/86 224/304/119 223/298/87
f 217/303/78 218/305/81 224/304/119
f 228/306/89 230/3289/93 229/307/90
f 232/309/95 233/315/120 230/310/93
f 231/312/94 233/315/120 232/309/95
f 235/314/97 236/321/100 233/315/120
f 234/316/98 236/320/100 235/317/97
f 229/319/90 230/3290/93 236/320/100
f 240/322/101 242/326/105 241/323/102
f 240/322/101 244/3291/107 245/325/121
f 243/327/106 245/331/121 244/328/107
f 243/327/106 247/341/109 248/330/122
f 246/332/110 248/3292/122 247/333/109
f 246/335/110 241/323/102 242/326/105
f 153/211/19 157/210/18 180/241/41
f 157/223/18 162/221/26 184/248/47
f 162/221/26 155/222/27 178/249/48
f 165/228/31 169/227/30 159/215/22
f 169/337/30 174/237/38 163/218/25
f 174/237/38 167/238/40 155/222/27
f 189/259/55 193/258/54 171/231/34
f 193/338/54 198/268/62 175/234/39
f 198/268/62 191/270/63 167/238/40
f 190/264/60 179/254/52 187/250/51
f 187/339/51 183/247/46 199/269/61
f 183/247/46 178/249/48 191/270/63
f 177/243/43 181/242/42 228/306/89
f 181/340/42 186/253/50 232/309/95
f 186/253/50 179/254/52 226/313/96
f 237/324/103 241/323/102 192/257/53
f 241/323/102 246/335/110 196/260/59
f 246/332/110 239/334/111 190/264/60
f 238/329/108 227/318/99 235/317/97
f 235/317/97 231/3293/94 247/341/109
f 231/312/94 226/313/96 239/334/111
f 225/308/91 229/307/90 204/274/65
f 229/319/90 234/316/98 208/277/71
f 234/316/98 227/318/99 202/281/72
f 213/292/79 217/291/78 240/322/101
f 217/303/78 222/301/86 244/328/107
f 222/301/86 215/302/88 238/329/108
f 214/297/84 203/286/75 211/285/73
f 211/282/73 207/280/70 223/298/87
f 207/280/70 202/281/72 215/302/88
f 201/276/67 205/275/66 156/209/17
f 205/287/66 210/284/74 160/216/23
f 210/284/74 203/286/75 154/217/24
f 166/233/35 172/232/32 216/290/77
f 172/343/32 168/226/29 220/293/83
f 168/226/29 165/228/31 214/297/84
f 225/308/91 201/276/67 153/211/19
f 167/238/40 191/270/63 178/249/48
f 214/297/84 165/228/31 154/217/24
f 189/259/55 166/233/35 213/292/79
f 190/264/60 239/334/111 226/313/96
f 238/329/108 215/302/88 202/281/72
f 250/344/1 264/348/1 263/345/2
f 251/347/3 265/3294/3 264/348/1
f 252/349/4 266/353/4 265/350/3
f 253/352/5 267/355/5 266/353/4
f 254/354/6 268/3295/6 267/355/5
f 255/356/7 269/360/7 268/357/6
f 256/359/8 270/362/8 269/360/7
f 257/361/9 271/364/9 270/362/8
f 258/363/10 272/3296/10 271/364/9
f 259/365/11 273/369/11 272/366/10
f 260/368/12 274/371/12 273/369/11
f 261/370/13 275/3297/13 274/371/12
f 262/372/14 276/375/14 275/373/13
f 262/372/14 249/346/2 263/345/2
f 249/3298/15 262/3299/15 261/3300/15
f 261/3300/15 260/3301/15 259/376/15
f 259/376/15 258/3302/15 257/3303/15
f 257/3303/15 256/3304/15 255/377/15
f 255/377/15 254/3305/15 253/3306/15
f 253/3306/15 252/3307/15 251/378/15
f 251/378/15 250/3308/15 249/3298/15
f 249/3298/15 261/3300/15 259/376/15
f 259/376/15 257/3303/15 255/377/15
f 255/377/15 253/3306/15 251/378/15
f 251/378/15 249/3298/15 259/376/15
f 276/3309/16 263/3310/16 264/3311/16
f 264/3311/16 265/3312/16 266/379/16
f 266/379/16 267/3313/16 268/3314/16
f 268/3314/16 269/3315/16 270/380/16
f 270/380/16 271/3316/16 272/3317/16
f 272/3317/16 273/3318/16 274/381/16
f 274/381/16 275/3319/16 276/3309/16
f 276/3309/16 264/3311/16 266/379/16
f 266/379/16 268/3314/16 270/380/16
f 270/380/16 272/3317/16 274/381/16
f 274/381/16 276/3309/16 266/379/16
f 277/382/2 278/386/1 292/383/1
f 279/385/3 293/3320/3 292/383/1
f 280/387/4 294/391/4 293/388/3
f 281/390/5 295/393/5 294/391/4
f 282/392/6 296/3321/6 295/393/5
f 283/394/7 297/398/7 296/395/6
f 284/397/8 298/400/8 297/398/7
f 285/399/9 299/402/9 298/400/8
f 286/401/10 300/3322/10 299/402/9
f 287/403/11 301/407/11 300/404/10
f 288/406/12 302/409/12 301/407/11
f 289/408/13 303/3323/13 302/409/12
f 290/410/14 304/413/14 303/411/13
f 277/382/2 291/384/2 304/413/14
f 277/3324/15 290/3325/15 289/3326/15
f 289/3326/15 288/3327/15 287/414/15
f 287/414/15 286/3328/15 285/3329/15
f 285/3329/15 284/3330/15 283/415/15
f 283/415/15 282/3331/15 281/3332/15
f 281/3332/15 280/3333/15 279/416/15
f 279/416/15 278/3334/15 277/3324/15
f 277/3324/15 289/3326/15 287/414/15
f 287/414/15 285/3329/15 283/415/15
f 283/415/15 281/3332/15 279/416/15
f 279/416/15 277/3324/15 287/414/15
f 304/3335/16 291/3336/16 292/3337/16
f 292/3337/16 293/3338/16 294/417/16
f 294/417/16 295/3339/16 296/3340/16
f 296/3340/16 297/3341/16 298/418/16
f 298/418/16 299/3342/16 300/3343/16
f 300/3343/16 301/3344/16 302/419/16
f 302/419/16 303/3345/16 304/3335/16
f 304/3335/16 292/3337/16 294/417/16
f 294/417/16 296/3340/16 298/418/16
f 298/418/16 300/3343/16 302/419/16
f 302/419/16 304/3335/16 294/417/16
f 308/420/17 310/424/21 309/421/18
f 312/423/23 313/436/20 310/424/21
f 311/425/22 313/3346/20 312/426/23
f 311/428/22 315/432/25 316/429/123
f 314/431/26 316/429/123 315/432/25
f 309/421/18 310/424/21 316/434/123
f 320/437/29 322/441/113 321/438/30
f 320/437/29 324/555/32 325/440/37
f 323/442/34 325/3347/37 324/443/32
f 323/445/34 327/449/39 328/446/36
f 326/448/38 328/446/36 327/449/39
f 321/451/30 322/452/113 328/446/36
f 332/453/41 334/457/45 333/454/42
f 332/453/41 336/548/47 337/456/114
f 335/458/46 337/3348/114 336/459/47
f 339/461/51 340/467/124 337/462/114
f 338/464/50 340/467/124 339/461/51
f 333/466/42 334/468/45 340/467/124
f 344/469/53 346/473/57 345/470/54
f 348/472/59 349/484/125 346/473/57
f 347/474/58 349/3349/125 348/475/59
f 351/477/61 352/3350/64 349/478/125
f 350/480/62 352/3350/64 351/477/61
f 345/470/54 346/473/57 352/482/64
f 356/485/65 358/489/69 357/486/66
f 356/485/65 360/552/71 361/488/126
f 359/490/70 361/3351/126 360/491/71
f 363/493/73 364/3352/127 361/494/126
f 362/496/74 364/3352/127 363/493/73
f 357/486/66 358/489/69 364/498/127
f 368/500/77 370/3353/81 369/501/78
f 368/503/77 372/507/83 373/504/80
f 371/506/82 373/504/80 372/507/83
f 371/506/82 375/554/87 376/509/128
f 374/510/86 376/514/128 375/511/87
f 369/513/78 370/515/81 376/514/128
f 380/517/89 382/3354/93 381/518/90
f 380/520/89 384/524/95 385/521/129
f 383/523/94 385/521/129 384/524/95
f 383/523/94 387/3355/97 388/526/130
f 386/527/98 388/3356/130 387/528/97
f 381/518/90 382/3354/93 388/530/130
f 392/532/101 394/536/105 393/533/102
f 396/535/107 397/547/104 394/536/105
f 395/537/106 397/541/104 396/538/107
f 399/540/109 400/3357/131 397/541/104
f 398/542/110 400/3358/131 399/543/109
f 398/545/110 393/533/102 394/536/105
f 305/422/19 309/421/18 332/453/41
f 309/421/18 314/435/26 336/548/47
f 314/431/26 307/433/27 330/460/48
f 317/439/31 321/438/30 311/425/22
f 321/451/30 326/448/38 315/432/25
f 315/432/25 326/448/38 319/450/40
f 341/471/55 345/470/54 323/442/34
f 345/549/54 350/480/62 327/449/39
f 350/480/62 343/481/63 319/450/40
f 342/476/60 331/465/52 339/461/51
f 339/550/51 335/458/46 351/477/61
f 335/458/46 330/460/48 343/481/63
f 329/455/43 333/454/42 380/517/89
f 333/466/42 338/464/50 384/524/95
f 384/524/95 338/464/50 331/465/52
f 341/471/55 389/534/103 393/533/102
f 393/533/102 398/545/110 348/472/59
f 398/542/110 391/544/111 342/476/60
f 390/539/108 379/529/99 387/528/97
f 395/537/106 387/528/97 383/551/94
f 383/523/94 378/525/96 391/544/111
f 377/519/91 381/518/90 356/485/65
f 381/518/90 386/531/98 360/552/71
f 386/527/98 379/529/99 354/492/72
f 365/502/79 369/501/78 392/532/101
f 369/513/78 374/510/86 396/538/107
f 374/510/86 367/512/88 390/539/108
f 366/508/84 355/497/75 363/493/73
f 363/493/73 359/495/70 375/554/87
f 359/490/70 354/492/72 367/512/88
f 305/422/19 353/487/67 357/486/66
f 357/486/66 362/499/74 312/423/23
f 362/496/74 355/497/75 306/427/24
f 318/444/35 324/443/32 368/500/77
f 324/555/32 320/437/29 372/507/83
f 372/507/83 320/437/29 317/439/31
f 377/519/91 353/487/67 305/422/19
f 319/450/40 343/481/63 330/460/48
f 366/508/84 317/439/31 306/427/24
f 341/471/55 318/444/35 365/502/79
f 342/476/60 391/544/111 378/525/96
f 390/539/108 367/512/88 354/492/72
f 404/556/17 406/3359/21 405/557/18
f 408/559/23 409/3360/132 406/560/21
f 407/562/22 409/3360/132 408/559/23
f 411/564/25 412/570/123 409/565/132
f 410/567/26 412/570/123 411/564/25
f 410/567/26 405/683/18 406/569/21
f 416/571/29 418/575/113 417/572/30
f 420/574/32 421/3361/37 418/575/113
f 419/576/34 421/3362/37 420/577/32
f 419/579/34 423/583/39 424/580/36
f 422/582/38 424/580/36 423/583/39
f 422/582/38 417/684/30 418/585/113
f 428/586/41 430/3363/45 429/587/42
f 432/589/47 433/3364/114 430/590/45
f 431/592/46 433/3364/114 432/589/47
f 435/594/51 436/600/49 433/595/114
f 434/597/50 436/600/49 435/594/51
f 434/597/50 429/687/42 430/599/45
f 440/601/53 442/605/57 441/602/54
f 440/601/53 444/688/59 445/604/116
f 443/606/58 445/3365/116 444/607/59
f 447/609/61 448/3366/115 445/610/116
f 446/612/62 448/3366/115 447/609/61
f 441/602/54 442/605/57 448/614/115
f 452/616/65 454/620/69 453/617/66
f 456/619/71 457/3367/68 454/620/69
f 455/621/70 457/3368/68 456/622/71
f 459/624/73 460/630/76 457/625/68
f 458/627/74 460/630/76 459/624/73
f 453/629/66 454/3369/69 460/630/76
f 464/634/77 466/3370/81 465/635/78
f 464/637/77 468/641/83 469/638/118
f 467/640/82 469/638/118 468/641/83
f 471/643/87 472/3371/119 469/638/118
f 470/644/86 472/648/119 471/645/87
f 465/647/78 466/649/81 472/648/119
f 476/651/89 478/3372/93 477/652/90
f 476/654/89 480/658/95 481/655/92
f 479/657/94 481/655/92 480/658/95
f 483/660/97 484/666/100 481/655/92
f 482/661/98 484/3373/100 483/662/97
f 477/652/90 478/3372/93 484/664/100
f 488/667/101 490/671/105 489/668/102
f 492/670/107 493/682/104 490/671/105
f 491/672/106 493/676/104 492/673/107
f 495/675/109 496/3374/112 493/676/104
f 494/677/110 496/3375/112 495/678/109
f 489/668/102 490/671/105 496/680/112
f 401/558/19 405/557/18 428/586/41
f 405/683/18 410/567/26 432/589/47
f 410/567/26 403/568/27 426/593/48
f 413/573/31 417/572/30 407/562/22
f 417/684/30 422/582/38 411/564/25
f 411/564/25 422/582/38 415/584/40
f 437/603/55 441/602/54 419/576/34
f 441/685/54 446/612/62 423/583/39
f 446/612/62 439/613/63 415/584/40
f 438/608/60 427/598/52 435/594/51
f 435/686/51 431/592/46 447/609/61
f 431/592/46 426/593/48 439/613/63
f 425/588/43 429/587/42 476/651/89
f 429/687/42 434/597/50 480/658/95
f 480/658/95 434/597/50 427/598/52
f 437/603/55 485/669/103 489/668/102
f 489/668/102 494/681/110 444/688/59
f 494/677/110 487/679/111 438/608/60
f 475/663/99 483/662/97 491/672/106
f 483/662/97 479/3376/94 495/675/109
f 479/657/94 474/659/96 487/679/111
f 473/653/91 477/652/90 452/616/65
f 477/652/90 482/665/98 456/619/71
f 482/661/98 475/663/99 450/623/72
f 461/636/79 465/635/78 488/667/101
f 465/647/78 470/644/86 492/673/107
f 470/644/86 463/646/88 486/674/108
f 451/628/75 459/624/73 467/640/82
f 459/624/73 455/626/70 471/643/87
f 455/621/70 450/623/72 463/646/88
f 401/558/19 449/618/67 453/617/66
f 453/629/66 458/627/74 408/559/23
f 458/627/74 451/628/75 402/563/24
f 414/578/35 420/577/32 464/634/77
f 420/574/32 416/571/29 468/641/83
f 468/641/83 416/571/29 413/573/31
f 473/653/91 449/618/67 401/558/19
f 415/584/40 439/613/63 426/593/48
f 462/642/84 413/573/31 402/563/24
f 437/603/55 414/578/35 461/636/79
f 438/608/60 487/679/111 474/659/96
f 486/674/108 463/646/88 450/623/72
f 498/690/1 512/694/1 511/691/2
f 499/693/3 513/3377/3 512/694/1
f 500/695/4 514/699/4 513/696/3
f 501/698/5 515/701/5 514/699/4
f 502/700/6 516/3378/6 515/701/5
f 503/702/7 517/706/7 516/703/6
f 504/705/8 518/708/8 517/706/7
f 505/707/9 519/710/9 518/708/8
f 506/709/10 520/3379/10 519/710/9
f 507/711/11 521/715/11 520/712/10
f 508/714/12 522/717/12 521/715/11
f 509/716/13 523/3380/13 522/717/12
f 510/718/14 524/721/14 523/719/13
f 510/718/14 497/692/2 511/691/2
f 497/3381/15 510/3382/15 509/3383/15
f 509/3383/15 508/3384/15 507/722/15
f 507/722/15 506/3385/15 505/3386/15
f 505/3386/15 504/3387/15 503/723/15
f 503/723/15 502/3388/15 501/3389/15
f 501/3389/15 500/3390/15 499/724/15
f 499/724/15 498/3391/15 497/3381/15
f 497/3381/15 509/3383/15 507/722/15
f 507/722/15 505/3386/15 503/723/15
f 503/723/15 501/3389/15 499/724/15
f 499/724/15 497/3381/15 507/722/15
f 524/3392/16 511/3393/16 512/3394/16
f 512/3394/16 513/3395/16 514/725/16
f 514/725/16 515/3396/16 516/3397/16
f 516/3397/16 517/3398/16 518/726/16
f 518/726/16 519/3399/16 520/3400/16
f 520/3400/16 521/3401/16 522/727/16
f 522/727/16 523/3402/16 524/3392/16
f 524/3392/16 512/3394/16 514/725/16
f 514/725/16 516/3397/16 518/726/16
f 518/726/16 520/3400/16 522/727/16
f 522/727/16 524/3392/16 514/725/16
f 525/728/2 526/732/1 540/729/1
f 527/731/3 541/3403/3 540/729/1
f 528/733/4 542/737/4 541/734/3
f 529/736/5 543/739/5 542/737/4
f 530/738/6 544/3404/6 543/739/5
f 531/740/7 545/744/7 544/741/6
f 532/743/8 546/746/8 545/744/7
f 533/745/9 547/748/9 546/746/8
f 534/747/10 548/3405/10 547/748/9
f 535/749/11 549/753/11 548/750/10
f 536/752/12 550/755/12 549/753/11
f 536/752/12 537/3406/13 551/754/13
f 538/756/14 552/759/14 551/757/13
f 525/728/2 539/730/2 552/759/14
f 525/3407/15 538/3408/15 537/3409/15
f 537/3409/15 536/3410/15 535/760/15
f 535/760/15 534/3411/15 533/3412/15
f 533/3412/15 532/3413/15 531/761/15
f 531/761/15 530/3414/15 529/3415/15
f 529/3415/15 528/3416/15 527/762/15
f 527/762/15 526/3417/15 525/3407/15
f 525/3407/15 537/3409/15 535/760/15
f 535/760/15 533/3412/15 531/761/15
f 531/761/15 529/3415/15 527/762/15
f 527/762/15 525/3407/15 535/760/15
f 552/3418/16 539/3419/16 540/3420/16
f 540/3420/16 541/3421/16 542/763/16
f 542/763/16 543/3422/16 544/3423/16
f 544/3423/16 545/3424/16 546/764/16
f 546/764/16 547/3425/16 548/3426/16
f 548/3426/16 549/3427/16 550/765/16
f 550/765/16 551/3428/16 552/3418/16
f 552/3418/16 540/3420/16 542/763/16
f 542/763/16 544/3423/16 546/764/16
f 546/764/16 548/3426/16 550/765/16
f 550/765/16 552/3418/16 542/763/16
f 556/766/17 558/770/21 557/767/18
f 556/766/17 560/900/23 561/769/20
f 559/771/22 561/775/20 560/772/23
f 563/774/25 564/3429/28 561/775/20
f 562/776/26 564/3430/28 563/777/25
f 557/767/18 558/770/21 564/779/28
f 568/781/29 570/785/113 569/782/30
f 568/781/29 572/901/32 573/784/37
f 571/786/34 573/3431/37 572/787/32
f 571/789/34 575/793/39 576/790/133
f 574/792/38 576/790/133 575/793/39
f 574/795/38 569/782/30 570/785/113
f 580/798/41 582/802/45 581/799/42
f 580/798/41 584/892/47 585/801/44
f 583/803/46 585/3432/44 584/804/47
f 583/806/46 587/810/51 588/807/49
f 586/809/50 588/807/49 587/810/51
f 581/812/42 582/813/45 588/807/49
f 592/814/53 594/818/57 593/815/54
f 592/814/53 596/894/59 597/817/116
f 595/819/58 597/3433/116 596/820/59
f 599/822/61 600/3434/64 597/823/116
f 598/825/62 600/3434/64 599/822/61
f 593/815/54 594/818/57 600/827/64
f 604/829/65 606/833/69 605/830/66
f 604/829/65 608/896/71 609/832/126
f 607/834/70 609/838/126 608/835/71
f 607/834/70 611/899/73 612/837/127
f 610/839/74 612/3435/127 611/840/73
f 605/830/66 606/833/69 612/842/127
f 616/844/77 618/3436/81 617/845/78
f 616/847/77 620/851/83 621/848/118
f 619/850/82 621/848/118 620/851/83
f 623/853/87 624/859/128 621/854/118
f 622/856/86 624/859/128 623/853/87
f 622/856/86 617/897/78 618/858/81
f 628/860/89 630/3437/93 629/861/90
f 628/863/89 632/867/95 633/864/129
f 631/866/94 633/864/129 632/867/95
f 635/869/97 636/875/100 633/864/129
f 634/870/98 636/3438/100 635/871/97
f 629/861/90 630/3437/93 636/873/100
f 640/876/101 642/880/105 641/877/102
f 644/879/107 645/891/104 642/880/105
f 643/881/106 645/885/104 644/882/107
f 643/881/106 647/895/109 648/884/131
f 646/886/110 648/3439/131 647/887/109
f 646/889/110 641/877/102 642/880/105
f 553/768/19 557/767/18 580/798/41
f 557/767/18 562/780/26 584/892/47
f 562/776/26 555/778/27 578/805/48
f 565/783/31 569/782/30 559/771/22
f 569/782/30 574/795/38 563/774/25
f 563/777/25 574/792/38 567/794/40
f 589/816/55 593/815/54 571/786/34
f 593/893/54 598/825/62 575/793/39
f 598/825/62 591/826/63 567/794/40
f 590/821/60 579/811/52 587/810/51
f 595/824/58 587/3440/51 583/803/46
f 583/803/46 578/805/48 591/826/63
f 577/800/43 581/799/42 628/860/89
f 581/812/42 586/809/50 632/867/95
f 632/867/95 586/809/50 579/811/52
f 637/878/103 641/877/102 592/814/53
f 641/877/102 646/889/110 596/894/59
f 596/820/59 646/886/110 639/888/111
f 638/883/108 627/872/99 635/871/97
f 635/871/97 631/3441/94 647/895/109
f 631/866/94 626/868/96 639/888/111
f 625/862/91 629/861/90 604/829/65
f 629/861/90 634/874/98 608/896/71
f 634/870/98 627/872/99 602/836/72
f 613/846/79 617/845/78 640/876/101
f 617/897/78 622/856/86 644/882/107
f 622/856/86 615/857/88 638/883/108
f 614/852/84 603/841/75 611/840/73
f 611/899/73 607/834/70 623/853/87
f 607/834/70 602/836/72 615/857/88
f 601/831/67 605/830/66 556/766/17
f 605/830/66 610/843/74 560/900/23
f 560/772/23 610/839/74 603/841/75
f 566/788/35 572/787/32 616/844/77
f 572/901/32 568/781/29 620/851/83
f 568/781/29 565/783/31 614/852/84
f 625/862/91 601/831/67 553/768/19
f 567/794/40 591/826/63 578/805/48
f 614/852/84 565/783/31 554/773/24
f 589/816/55 566/788/35 613/846/79
f 590/821/60 639/888/111 626/868/96
f 638/883/108 615/857/88 602/836/72
f 652/902/17 654/3442/21 653/903/18
f 656/905/23 657/911/20 654/906/21
f 655/908/22 657/911/20 656/905/23
f 659/910/25 660/3443/123 657/911/20
f 658/912/26 660/3444/123 659/913/25
f 653/903/18 654/3442/21 660/915/123
f 664/920/29 666/924/113 665/921/30
f 668/923/32 669/3445/37 666/924/113
f 667/925/34 669/3446/37 668/926/32
f 671/928/39 672/936/36 669/929/37
f 670/931/38 672/936/36 671/928/39
f 665/921/30 666/924/113 672/933/36
f 676/937/41 678/941/45 677/938/42
f 680/940/47 681/3447/114 678/941/45
f 679/942/46 681/3448/114 680/943/47
f 679/945/46 683/949/51 684/946/49
f 682/948/50 684/946/49 683/949/51
f 677/951/42 678/952/45 684/946/49
f 688/953/53 690/957/57 689/954/54
f 688/953/53 692/1034/59 693/956/116
f 691/958/58 693/3449/116 692/959/59
f 691/961/58 695/965/61 696/962/115
f 694/964/62 696/962/115 695/965/61
f 694/967/62 689/954/54 690/957/57
f 700/969/65 702/3450/69 701/970/66
f 704/972/71 705/978/68 702/973/69
f 703/975/70 705/978/68 704/972/71
f 703/975/70 707/1038/73 708/977/76
f 706/979/74 708/983/76 707/980/73
f 701/982/66 702/3451/69 708/983/76
f 712/984/77 714/3452/134 713/985/78
f 712/987/77 716/991/83 717/988/118
f 715/990/82 717/988/118 716/991/83
f 719/993/87 720/999/128 717/994/118
f 718/996/86 720/999/128 719/993/87
f 718/996/86 713/1036/78 714/998/134
f 724/1000/89 726/3453/93 725/1001/90
f 724/1003/89 728/1007/95 729/1004/92
f 727/1006/94 729/1004/92 728/1007/95
f 731/1009/97 732/1015/130 729/1004/92
f 730/1010/98 732/1014/130 731/1011/97
f 725/1013/90 726/3454/93 732/1014/130
f 736/1016/101 738/1020/135 737/1017/102
f 740/1019/107 741/1031/104 738/1020/135
f 739/1021/106 741/1025/104 740/1022/107
f 739/1021/106 743/1035/109 744/1024/131
f 742/1026/110 744/3455/131 743/1027/109
f 737/1017/102 738/1020/135 744/1029/131
f 649/904/19 653/903/18 676/937/41
f 653/903/18 658/916/26 680/940/47
f 658/912/26 651/914/27 674/944/48
f 661/922/31 665/921/30 655/908/22
f 665/921/30 670/934/38 659/910/25
f 659/913/25 670/931/38 663/932/40
f 685/955/55 689/954/54 667/925/34
f 689/1032/54 694/964/62 671/928/39
f 694/964/62 687/966/63 663/932/40
f 675/950/52 683/949/51 691/958/58
f 683/1033/51 679/942/46 695/965/61
f 679/942/46 674/944/48 687/966/63
f 673/939/43 677/938/42 724/1000/89
f 677/951/42 682/948/50 728/1007/95
f 728/1007/95 682/948/50 675/950/52
f 733/1018/103 737/1017/102 688/953/53
f 737/1017/102 742/1030/110 692/1034/59
f 692/959/59 742/1026/110 735/1028/111
f 734/1023/108 723/1012/99 731/1011/97
f 731/1011/97 727/3456/94 743/1035/109
f 727/1006/94 722/1008/96 735/1028/111
f 721/1002/91 725/1001/90 700/969/65
f 725/1013/90 730/1010/98 704/972/71
f 730/1010/98 723/1012/99 698/976/72
f 709/986/79 713/985/78 736/1016/101
f 713/1036/78 718/996/86 740/1022/107
f 718/996/86 711/997/88 734/1023/108
f 710/992/84 699/981/75 707/980/73
f 707/1038/73 703/975/70 719/993/87
f 703/975/70 698/976/72 711/997/88
f 697/971/67 701/970/66 652/902/17
f 701/982/66 706/979/74 656/905/23
f 706/979/74 699/981/75 650/909/24
f 662/927/35 668/926/32 712/984/77
f 668/923/32 664/920/29 716/991/83
f 664/920/29 661/922/31 710/992/84
f 721/1002/91 697/971/67 649/904/19
f 663/932/40 687/966/63 674/944/48
f 710/992/84 661/922/31 650/909/24
f 685/955/55 662/927/35 709/986/79
f 686/960/60 735/1028/111 722/1008/96
f 734/1023/108 711/997/88 698/976/72
f 746/1039/1 760/1043/1 759/1040/2
f 747/1042/3 761/3457/3 760/1043/1
f 748/1044/4 762/1048/4 761/1045/3
f 749/1047/5 763/1050/5 762/1048/4
f 750/1049/6 764/3458/6 763/1050/5
f 751/1051/7 765/1055/7 764/1052/6
f 752/1054/8 766/1057/8 765/1055/7
f 753/1056/9 767/1059/9 766/1057/8
f 754/1058/10 768/3459/10 767/1059/9
f 755/1060/11 769/1064/11 768/1061/10
f 756/1063/12 770/1066/12 769/1064/11
f 757/1065/13 771/3460/13 770/1066/12
f 757/1067/13 758/1070/14 772/1068/14
f 758/1070/14 745/1041/2 759/1040/2
f 745/3461/15 758/3462/15 757/3463/15
f 757/3463/15 756/3464/15 755/1071/15
f 755/1071/15 754/3465/15 753/3466/15
f 753/3466/15 752/3467/15 751/1072/15
f 751/1072/15 750/3468/15 749/3469/15
f 749/3469/15 748/3470/15 747/1073/15
f 747/1073/15 746/3471/15 745/3461/15
f 745/3461/15 757/3463/15 755/1071/15
f 755/1071/15 753/3466/15 751/1072/15
f 751/1072/15 749/3469/15 747/1073/15
f 747/1073/15 745/3461/15 755/1071/15
f 772/3472/16 759/3473/16 760/3474/16
f 760/3474/16 761/3475/16 762/1074/16
f 762/1074/16 763/3476/16 764/3477/16
f 764/3477/16 765/3478/16 766/1075/16
f 766/1075/16 767/3479/16 768/3480/16
f 768/3480/16 769/3481/16 770/1076/16
f 770/1076/16 771/3482/16 772/3472/16
f 772/3472/16 760/3474/16 762/1074/16
f 762/1074/16 764/3477/16 766/1075/16
f 766/1075/16 768/3480/16 770/1076/16
f 770/1076/16 772/3472/16 762/1074/16
f 774/1077/1 788/1081/1 787/1078/2
f 774/1077/1 775/3483/3 789/1080/3
f 776/1082/4 790/1086/4 789/1083/3
f 777/1085/5 791/1088/5 790/1086/4
f 778/1087/6 792/3484/6 791/1088/5
f 779/1089/7 793/1093/7 792/1090/6
f 780/1092/8 794/1095/8 793/1093/7
f 781/1094/9 795/1097/9 794/1095/8
f 782/1096/10 796/3485/10 795/1097/9
f 783/1098/11 797/1102/11 796/1099/10
f 784/1101/12 798/1104/12 797/1102/11
f 785/1103/13 799/3486/13 798/1104/12
f 786/1105/14 800/1108/14 799/1106/13
f 773/1079/2 787/1078/2 800/1108/14
f 773/3487/15 786/3488/15 785/3489/15
f 785/3489/15 784/3490/15 783/1109/15
f 783/1109/15 782/3491/15 781/3492/15
f 781/3492/15 780/3493/15 779/1110/15
f 779/1110/15 778/3494/15 777/3495/15
f 777/3495/15 776/3496/15 775/1111/15
f 775/1111/15 774/3497/15 773/3487/15
f 773/3487/15 785/3489/15 783/1109/15
f 783/1109/15 781/3492/15 779/1110/15
f 779/1110/15 777/3495/15 775/1111/15
f 775/1111/15 773/3487/15 783/1109/15
f 800/3498/16 787/3499/16 788/3500/16
f 788/3500/16 789/3501/16 790/1112/16
f 790/1112/16 791/3502/16 792/3503/16
f 792/3503/16 793/3504/16 794/1113/16
f 794/1113/16 795/3505/16 796/3506/16
f 796/3506/16 797/3507/16 798/1114/16
f 798/1114/16 799/3508/16 800/3498/16
f 800/3498/16 788/3500/16 790/1112/16
f 790/1112/16 792/3503/16 794/1113/16
f 794/1113/16 796/3506/16 798/1114/16
f 798/1114/16 800/3498/16 790/1112/16
f 804/1115/17 806/1119/21 805/1116/18
f 804/1115/17 808/1243/23 809/1118/136
f 807/1120/22 809/3509/136 808/1121/23
f 811/1123/25 812/3510/28 809/1124/136
f 810/1126/26 812/3510/28 811/1123/25
f 805/1116/18 806/1119/21 812/1128/28
f 816/1130/29 818/1134/33 817/1131/30
f 820/1133/32 821/3511/37 818/1134/33
f 819/1135/34 821/3512/37 820/1136/32
f 823/1138/39 824/1144/36 821/1139/37
f 822/1141/38 824/1144/36 823/1138/39
f 817/1143/30 818/1145/33 824/1144/36
f 828/1146/41 830/1150/45 829/1147/42
f 832/1149/47 833/3513/114 830/1150/45
f 831/1151/46 833/3514/114 832/1152/47
f 831/1154/46 835/1158/51 836/1155/124
f 834/1157/50 836/1155/124 835/1158/51
f 829/1160/42 830/1161/45 836/1155/124
f 840/1162/53 842/1166/57 841/1163/54
f 840/1162/53 844/1239/59 845/1165/116
f 843/1167/58 845/3515/116 844/1168/59
f 847/1170/61 848/3516/64 845/1171/116
f 846/1173/62 848/3516/64 847/1170/61
f 841/1163/54 842/1166/57 848/1175/64
f 852/1177/65 854/1181/69 853/1178/66
f 852/1177/65 856/1240/71 857/1180/68
f 855/1182/70 857/3517/68 856/1183/71
f 859/1185/73 860/3518/127 857/1186/68
f 858/1188/74 860/3518/127 859/1185/73
f 853/1178/66 854/1181/69 860/1190/127
f 864/1192/77 866/3519/81 865/1193/78
f 864/1195/77 868/1199/83 869/1196/80
f 867/1198/82 869/1196/80 868/1199/83
f 867/1198/82 871/1242/87 872/1201/128
f 870/1202/86 872/1206/128 871/1203/87
f 865/1205/78 866/3520/81 872/1206/128
f 876/1207/89 878/3521/93 877/1208/90
f 876/1210/89 880/1214/95 881/1211/129
f 879/1213/94 881/1211/129 880/1214/95
f 879/1213/94 883/3522/97 884/1216/130
f 882/1217/98 884/3523/130 883/1218/97
f 877/1208/90 878/3521/93 884/1220/130
f 888/1222/101 890/1226/105 889/1223/102
f 888/1222/101 892/3524/107 893/1225/104
f 891/1227/106 893/1231/104 892/1228/107
f 895/1230/109 896/3525/112 893/1231/104
f 894/1232/110 896/3526/112 895/1233/109
f 889/1223/102 890/1226/105 896/1235/112
f 801/1117/19 805/1116/18 828/1146/41
f 805/1116/18 810/1129/26 832/1149/47
f 810/1126/26 803/1127/27 826/1153/48
f 813/1132/31 817/1131/30 807/1120/22
f 817/1143/30 822/1141/38 811/1123/25
f 811/1123/25 822/1141/38 815/1142/40
f 837/1164/55 841/1163/54 819/1135/34
f 841/1237/54 846/1173/62 823/1138/39
f 846/1173/62 839/1174/63 815/1142/40
f 838/1169/60 827/1159/52 835/1158/51
f 835/1238/51 831/1151/46 847/1170/61
f 831/1151/46 826/1153/48 839/1174/63
f 873/1209/91 825/1148/43 829/1147/42
f 829/1160/42 834/1157/50 880/1214/95
f 834/1157/50 827/1159/52 874/1215/96
f 885/1224/103 889/1223/102 840/1162/53
f 889/1223/102 894/1236/110 844/1239/59
f 844/1168/59 894/1232/110 887/1234/111
f 886/1229/108 875/1219/99 883/1218/97
f 883/1218/97 879/3527/94 895/1230/109
f 879/1213/94 874/1215/96 887/1234/111
f 873/1209/91 877/1208/90 852/1177/65
f 877/1208/90 882/1221/98 856/1240/71
f 882/1217/98 875/1219/99 850/1184/72
f 861/1194/79 865/1193/78 888/1222/101
f 865/1205/78 870/1202/86 892/1228/107
f 870/1202/86 863/1204/88 886/1229/108
f 862/1200/84 851/1189/75 859/1185/73
f 859/1185/73 855/1187/70 871/1242/87
f 855/1182/70 850/1184/72 863/1204/88
f 849/1179/67 853/1178/66 804/1115/17
f 853/1178/66 858/1191/74 808/1243/23
f 808/1121/23 858/1188/74 851/1189/75
f 814/1137/35 820/1136/32 864/1192/77
f 820/1133/32 816/1130/29 868/1199/83
f 816/1130/29 813/1132/31 862/1200/84
f 873/1209/91 849/1179/67 801/1117/19
f 815/1142/40 839/1174/63 826/1153/48
f 862/1200/84 813/1132/31 802/1122/24
f 837/1164/55 814/1137/35 861/1194/79
f 838/1169/60 887/1234/111 874/1215/96
f 886/1229/108 863/1204/88 850/1184/72
f 900/1244/17 902/3528/21 901/1245/18
f 900/1247/17 904/1251/23 905/1248/20
f 903/1250/22 905/1248/20 904/1251/23
f 903/1253/22 907/1257/25 908/1254/123
f 906/1256/26 908/1254/123 907/1257/25
f 906/1256/26 901/1370/18 902/1259/21
f 912/1260/29 914/1264/113 913/1261/30
f 912/1260/29 916/1377/32 917/1263/37
f 915/1265/34 917/3529/37 916/1266/32
f 919/1268/39 920/1274/36 917/1269/37
f 918/1271/38 920/1274/36 919/1268/39
f 913/1273/30 914/1275/113 920/1274/36
f 924/1276/41 926/3530/137 925/1277/42
f 928/1279/47 929/3531/114 926/1280/137
f 927/1282/46 929/3531/114 928/1279/47
f 927/1284/46 931/1288/51 932/1285/49
f 930/1287/50 932/1285/49 931/1288/51
f 925/1290/42 926/1291/137 932/1285/49
f 936/1292/53 938/1296/57 937/1293/54
f 936/1292/53 940/1372/59 941/1295/116
f 939/1297/58 941/3532/116 940/1298/59
f 939/1300/58 943/1304/61 944/1301/115
f 942/1303/62 944/1301/115 943/1304/61
f 937/1293/54 938/1296/57 944/1306/115
f 948/1308/65 950/3533/69 949/1309/66
f 948/1311/65 952/1315/71 953/1312/68
f 951/1314/70 953/1312/68 952/1315/71
f 951/1317/70 955/1321/73 956/1318/76
f 954/1320/74 956/1318/76 955/1321/73
f 954/1320/74 949/1376/66 950/1323/69
f 960/1324/77 962/3534/81 961/1325/78
f 964/1327/83 965/1333/118 962/1328/81
f 963/1330/82 965/1333/118 964/1327/83
f 963/1330/82 967/1375/87 968/1332/128
f 966/1334/86 968/1338/128 967/1335/87
f 961/1337/78 962/3535/81 968/1338/128
f 972/1339/89 974/3536/93 973/1340/90
f 976/1342/95 977/1348/92 974/1343/93
f 975/1345/94 977/1348/92 976/1342/95
f 979/1347/97 980/1354/130 977/1348/92
f 978/1349/98 980/1353/130 979/1350/97
f 973/1352/90 974/3537/93 980/1353/130
f 984/1355/101 986/1359/105 985/1356/102
f 984/1355/101 988/3538/107 989/1358/104
f 987/1360/106 989/1364/104 988/1361/107
f 991/1363/109 992/3539/131 989/1364/104
f 990/1365/110 992/3540/131 991/1366/109
f 990/1368/110 985/1356/102 986/1359/105
f 897/1246/19 901/1245/18 924/1276/41
f 901/1370/18 906/1256/26 928/1279/47
f 906/1256/26 899/1258/27 922/1283/48
f 909/1262/31 913/1261/30 903/1250/22
f 903/1253/22 913/1273/30 918/1271/38
f 907/1257/25 918/1271/38 911/1272/40
f 933/1294/55 937/1293/54 915/1265/34
f 937/1371/54 942/1303/62 919/1268/39
f 942/1303/62 935/1305/63 911/1272/40
f 934/1299/60 923/1289/52 931/1288/51
f 939/1300/58 931/3541/51 927/1282/46
f 927/1282/46 922/1283/48 935/1305/63
f 969/1341/91 921/1278/43 925/1277/42
f 925/1290/42 930/1287/50 976/1342/95
f 930/1287/50 923/1289/52 970/1346/96
f 981/1357/103 985/1356/102 936/1292/53
f 985/1356/102 990/1368/110 940/1372/59
f 940/1298/59 990/1365/110 983/1367/111
f 982/1362/108 971/1351/99 979/1350/97
f 987/1360/106 979/1350/97 975/1373/94
f 975/1345/94 970/1346/96 983/1367/111
f 969/1341/91 973/1340/90 948/1308/65
f 973/1352/90 978/1349/98 952/1315/71
f 978/1349/98 971/1351/99 946/1316/72
f 957/1326/79 961/1325/78 984/1355/101
f 961/1337/78 966/1334/86 988/1361/107
f 966/1334/86 959/1336/88 982/1362/108
f 958/1331/84 947/1322/75 955/1321/73
f 955/1321/73 951/1317/70 967/1375/87
f 951/1314/70 946/1316/72 959/1336/88
f 945/1310/67 949/1309/66 900/1244/17
f 949/1376/66 954/1320/74 904/1251/23
f 954/1320/74 947/1322/75 898/1252/24
f 910/1267/35 916/1266/32 960/1324/77
f 916/1377/32 912/1260/29 964/1327/83
f 912/1260/29 909/1262/31 958/1331/84
f 969/1341/91 945/1310/67 897/1246/19
f 911/1272/40 935/1305/63 922/1283/48
f 958/1331/84 909/1262/31 898/1252/24
f 933/1294/55 910/1267/35 957/1326/79
f 934/1299/60 983/1367/111 970/1346/96
f 982/1362/108 959/1336/88 946/1316/72
f 993/1378/2 994/1382/1 1008/1379/1
f 995/1381/3 1009/3542/3 1008/1379/1
f 996/1383/4 1010/1387/4 1009/1384/3
f 997/1386/5 1011/1389/5 1010/1387/4
f 998/1388/6 1012/3543/6 1011/1389/5
f 999/1390/7 1013/1394/7 1012/1391/6
f 999/1390/7 1000/1396/8 1014/1393/8
f 1001/1395/9 1015/1398/9 1014/1393/8
f 1002/1397/10 1016/3544/10 1015/1398/9
f 1003/1399/11 1017/1403/11 1016/1400/10
f 1004/1402/12 1018/1405/12 1017/1403/11
f 1005/1404/13 1019/3545/13 1018/1405/12
f 1006/1406/14 1020/1409/14 1019/1407/13
f 993/1378/2 1007/1380/2 1020/1409/14
f 993/3546/15 1006/3547/15 1005/3548/15
f 1005/3548/15 1004/3549/15 1003/1410/15
f 1003/1410/15 1002/3550/15 1001/3551/15
f 1001/3551/15 1000/3552/15 999/1411/15
f 999/1411/15 998/3553/15 997/3554/15
f 997/3554/15 996/3555/15 995/1412/15
f 995/1412/15 994/3556/15 993/3546/15
f 993/3546/15 1005/3548/15 1003/1410/15
f 1003/1410/15 1001/3551/15 999/1411/15
f 999/1411/15 997/3554/15 995/1412/15
f 995/1412/15 993/3546/15 1003/1410/15
f 1020/3557/16 1007/3558/16 1008/3559/16
f 1008/3559/16 1009/3560/16 1010/1413/16
f 1010/1413/16 1011/3561/16 1012/3562/16
f 1012/3562/16 1013/3563/16 1014/1414/16
f 1014/1414/16 1015/3564/16 1016/3565/16
f 1016/3565/16 1017/3566/16 1018/1415/16
f 1018/1415/16 1019/3567/16 1020/3557/16
f 1020/3557/16 1008/3559/16 1010/1413/16
f 1010/1413/16 1012/3562/16 1014/1414/16
f 1014/1414/16 1016/3565/16 1018/1415/16
f 1018/1415/16 1020/3557/16 1010/1413/16
f 1022/1416/1 1036/1420/1 1035/1417/2
f 1023/1419/3 1037/3568/3 1036/1420/1
f 1024/1421/4 1038/1425/4 1037/1422/3
f 1025/1424/5 1039/1427/5 1038/1425/4
f 1026/1426/6 1040/3569/6 1039/1427/5
f 1027/1428/7 1041/1432/7 1040/1429/6
f 1027/1428/7 1028/1434/8 1042/1431/8
f 1029/1433/9 1043/1436/9 1042/1431/8
f 1030/1435/10 1044/3570/10 1043/1436/9
f 1031/1437/11 1045/1441/11 1044/1438/10
f 1032/1440/12 1046/1443/12 1045/1441/11
f 1033/1442/13 1047/3571/13 1046/1443/12
f 1034/1444/14 1048/1447/14 1047/1445/13
f 1021/1418/2 1035/1417/2 1048/1447/14
f 1021/3572/15 1034/3573/15 1033/3574/15
f 1033/3574/15 1032/3575/15 1031/1448/15
f 1031/1448/15 1030/3576/15 1029/3577/15
f 1029/3577/15 1028/3578/15 1027/1449/15
f 1027/1449/15 1026/3579/15 1025/3580/15
f 1025/3580/15 1024/3581/15 1023/1450/15
f 1023/1450/15 1022/3582/15 1021/3572/15
f 1021/3572/15 1033/3574/15 1031/1448/15
f 1031/1448/15 1029/3577/15 1027/1449/15
f 1027/1449/15 1025/3580/15 1023/1450/15
f 1023/1450/15 1021/3572/15 1031/1448/15
f 1048/3583/16 1035/3584/16 1036/3585/16
f 1036/3585/16 1037/3586/16 1038/1451/16
f 1038/1451/16 1039/3587/16 1040/3588/16
f 1040/3588/16 1041/3589/16 1042/1452/16
f 1042/1452/16 1043/3590/16 1044/3591/16
f 1044/3591/16 1045/3592/16 1046/1453/16
f 1046/1453/16 1047/3593/16 1048/3583/16
f 1048/3583/16 1036/3585/16 1038/1451/16
f 1038/1451/16 1040/3588/16 1042/1452/16
f 1042/1452/16 1044/3591/16 1046/1453/16
f 1046/1453/16 1048/3583/16 1038/1451/16
f 1052/1454/17 1054/1458/21 1053/1455/18
f 1052/1454/17 1056/1590/23 1057/1457/136
f 1055/1459/22 1057/1463/136 1056/1460/23
f 1055/1459/22 1059/1584/25 1060/1462/123
f 1058/1464/26 1060/3594/123 1059/1465/25
f 1053/1455/18 1054/1458/21 1060/1467/123
f 1064/1469/29 1066/1473/33 1065/1470/30
f 1068/1472/32 1069/1485/37 1066/1473/33
f 1067/1474/34 1069/3595/37 1068/1475/32
f 1067/1477/34 1071/1481/39 1072/1478/36
f 1070/1480/38 1072/1478/36 1071/1481/39
f 1065/1470/30 1066/1473/33 1072/1483/36
f 1076/1486/41 1078/1490/45 1077/1487/42
f 1076/1486/41 1080/1583/47 1081/1489/114
f 1079/1491/46 1081/3596/114 1080/1492/47
f 1083/1494/51 1084/1500/124 1081/1495/114
f 1082/1497/50 1084/1500/124 1083/1494/51
f 1077/1499/42 1078/1501/45 1084/1500/124
f 1088/1502/53 1090/1506/57 1089/1503/54
f 1088/1502/53 1092/1587/59 1093/1505/56
f 1091/1507/58 1093/3597/56 1092/1508/59
f 1091/1510/58 1095/1514/61 1096/1511/115
f 1094/1513/62 1096/1511/115 1095/1514/61
f 1089/1503/54 1090/1506/57 1096/1516/115
f 1100/1518/65 1102/1522/69 1101/1519/66
f 1104/1521/71 1105/1533/68 1102/1522/69
f 1103/1523/70 1105/1527/68 1104/1524/71
f 1103/1523/70 1107/1589/73 1108/1526/127
f 1106/1528/74 1108/3598/127 1107/1529/73
f 1101/1519/66 1102/1522/69 1108/1531/127
f 1112/1534/77 1114/3599/81 1113/1535/78
f 1112/1537/77 1116/1541/83 1117/1538/118
f 1115/1540/82 1117/1538/118 1116/1541/83
f 1119/1543/87 1120/1549/119 1117/1544/118
f 1118/1546/86 1120/1549/119 1119/1543/87
f 1113/1548/78 1114/1550/81 1120/1549/119
f 1124/1551/89 1126/3600/93 1125/1552/90
f 1124/1554/89 1128/1558/95 1129/1555/129
f 1127/1557/94 1129/1555/129 1128/1558/95
f 1131/1560/97 1132/1566/100 1129/1555/129
f 1130/1561/98 1132/3601/100 1131/1562/97
f 1125/1552/90 1126/3600/93 1132/1564/100
f 1136/1567/101 1138/1571/105 1137/1568/102
f 1140/1570/107 1141/1582/104 1138/1571/105
f 1139/1572/106 1141/1576/104 1140/1573/107
f 1143/1575/109 1144/3602/112 1141/1576/104
f 1142/1577/110 1144/3603/112 1143/1578/109
f 1137/1568/102 1138/1571/105 1144/1580/112
f 1049/1456/19 1053/1455/18 1076/1486/41
f 1053/1455/18 1058/1468/26 1080/1583/47
f 1058/1464/26 1051/1466/27 1074/1493/48
f 1061/1471/31 1065/1470/30 1055/1459/22
f 1065/1470/30 1070/1484/38 1059/1584/25
f 1059/1465/25 1070/1480/38 1063/1482/40
f 1085/1504/55 1089/1503/54 1067/1474/34
f 1089/1585/54 1094/1513/62 1071/1481/39
f 1094/1513/62 1087/1515/63 1063/1482/40
f 1086/1509/60 1075/1498/52 1083/1494/51
f 1083/1586/51 1079/1491/46 1095/1514/61
f 1079/1491/46 1074/1493/48 1087/1515/63
f 1073/1488/43 1077/1487/42 1124/1551/89
f 1077/1499/42 1082/1497/50 1128/1558/95
f 1128/1558/95 1082/1497/50 1075/1498/52
f 1133/1569/103 1137/1568/102 1088/1502/53
f 1137/1568/102 1142/1581/110 1092/1587/59
f 1142/1577/110 1135/1579/111 1086/1509/60
f 1134/1574/108 1123/1563/99 1131/1562/97
f 1131/1562/97 1127/3604/94 1143/1575/109
f 1127/1557/94 1122/1559/96 1135/1579/111
f 1121/1553/91 1125/1552/90 1100/1518/65
f 1125/1552/90 1130/1565/98 1104/1521/71
f 1130/1561/98 1123/1563/99 1098/1525/72
f 1109/1536/79 1113/1535/78 1136/1567/101
f 1113/1548/78 1118/1546/86 1140/1573/107
f 1118/1546/86 1111/1547/88 1134/1574/108
f 1110/1542/84 1099/1530/75 1107/1529/73
f 1107/1589/73 1103/1523/70 1119/1543/87
f 1103/1523/70 1098/1525/72 1111/1547/88
f 1049/1456/19 1097/1520/67 1101/1519/66
f 1101/1519/66 1106/1532/74 1056/1590/23
f 1106/1528/74 1099/1530/75 1050/1461/24
f 1062/1476/35 1068/1475/32 1112/1534/77
f 1068/1472/32 1064/1469/29 1116/1541/83
f 1116/1541/83 1064/1469/29 1061/1471/31
f 1121/1553/91 1097/1520/67 1049/1456/19
f 1063/1482/40 1087/1515/63 1074/1493/48
f 1110/1542/84 1061/1471/31 1050/1461/24
f 1085/1504/55 1062/1476/35 1109/1536/79
f 1086/1509/60 1135/1579/111 1122/1559/96
f 1134/1574/108 1111/1547/88 1098/1525/72
f 1148/1591/17 1150/3605/21 1149/1592/18
f 1148/1594/17 1152/1598/23 1153/1595/20
f 1151/1597/22 1153/1595/20 1152/1598/23
f 1155/1600/25 1156/1606/123 1153/1595/20
f 1154/1601/26 1156/1605/123 1155/1602/25
f 1149/1604/18 1150/3606/21 1156/1605/123
f 1160/1607/29 1162/1611/113 1161/1608/30
f 1160/1607/29 1164/1727/32 1165/1610/37
f 1163/1612/34 1165/3607/37 1164/1613/32
f 1163/1615/34 1167/1619/39 1168/1616/36
f 1166/1618/38 1168/1616/36 1167/1619/39
f 1161/1608/30 1162/1611/113 1168/1621/36
f 1172/1623/41 1174/3608/45 1173/1624/42
f 1172/1626/41 1176/1630/47 1177/1627/114
f 1175/1629/46 1177/1627/114 1176/1630/47
f 1179/1632/51 1180/1638/49 1177/1633/114
f 1178/1635/50 1180/1638/49 1179/1632/51
f 1178/1635/50 1173/1723/42 1174/1637/45
f 1184/1639/53 1186/1643/57 1185/1640/54
f 1188/1642/59 1189/1655/116 1186/1643/57
f 1187/1644/58 1189/3609/116 1188/1645/59
f 1187/1647/58 1191/1651/61 1192/1648/115
f 1190/1650/62 1192/1648/115 1191/1651/61
f 1185/1640/54 1186/1643/57 1192/1653/115
f 1196/1656/65 1198/3610/69 1197/1657/66
f 1200/1659/71 1201/1665/68 1198/1660/69
f 1199/1662/70 1201/1665/68 1200/1659/71
f 1203/1664/73 1204/1671/76 1201/1665/68
f 1202/1666/74 1204/1670/76 1203/1667/73
f 1202/1666/74 1197/1726/66 1198/1669/69
f 1208/1672/77 1210/3611/81 1209/1673/78
f 1212/1675/83 1213/3612/118 1210/1676/81
f 1211/1678/82 1213/3612/118 1212/1675/83
f 1211/1680/82 1215/1684/87 1216/1681/128
f 1214/1683/86 1216/1681/128 1215/1684/87
f 1209/1686/78 1210/1687/81 1216/1681/128
f 1220/1688/89 1222/3613/138 1221/1689/90
f 1220/1691/89 1224/1695/95 1225/1692/92
f 1223/1694/94 1225/1692/92 1224/1695/95
f 1223/1694/94 1227/3614/97 1228/1697/130
f 1226/1698/98 1228/1702/130 1227/1699/97
f 1226/1698/98 1221/1724/90 1222/1701/138
f 1232/1703/101 1234/1707/135 1233/1704/102
f 1236/1706/107 1237/1718/104 1234/1707/135
f 1235/1708/106 1237/1712/104 1236/1709/107
f 1239/1711/109 1240/3615/131 1237/1712/104
f 1238/1713/110 1240/3616/131 1239/1714/109
f 1233/1704/102 1234/1707/135 1240/1716/131
f 1145/1593/19 1149/1592/18 1172/1623/41
f 1149/1604/18 1154/1601/26 1176/1630/47
f 1154/1601/26 1147/1603/27 1170/1631/48
f 1157/1609/31 1161/1608/30 1151/1597/22
f 1161/1719/30 1166/1618/38 1155/1602/25
f 1155/1602/25 1166/1618/38 1159/1620/40
f 1181/1641/55 1185/1640/54 1163/1612/34
f 1185/1721/54 1190/1650/62 1167/1619/39
f 1190/1650/62 1183/1652/63 1159/1620/40
f 1182/1646/60 1171/1636/52 1179/1632/51
f 1179/1722/51 1175/1629/46 1191/1651/61
f 1175/1629/46 1170/1631/48 1183/1652/63
f 1169/1625/43 1173/1624/42 1220/1688/89
f 1173/1723/42 1178/1635/50 1224/1695/95
f 1178/1635/50 1171/1636/52 1218/1696/96
f 1229/1705/103 1233/1704/102 1184/1639/53
f 1233/1704/102 1238/1717/110 1188/1642/59
f 1238/1713/110 1231/1715/111 1182/1646/60
f 1230/1710/108 1219/1700/99 1227/1699/97
f 1227/1699/97 1223/3617/94 1239/1711/109
f 1223/1694/94 1218/1696/96 1231/1715/111
f 1217/1690/91 1221/1689/90 1196/1656/65
f 1221/1724/90 1226/1698/98 1200/1659/71
f 1226/1698/98 1219/1700/99 1194/1663/72
f 1205/1674/79 1209/1673/78 1232/1703/101
f 1209/1686/78 1214/1683/86 1236/1709/107
f 1214/1683/86 1207/1685/88 1230/1710/108
f 1206/1679/84 1195/1668/75 1203/1667/73
f 1203/1664/73 1199/1662/70 1215/1684/87
f 1199/1662/70 1194/1663/72 1207/1685/88
f 1145/1593/19 1193/1658/67 1197/1657/66
f 1197/1726/66 1202/1666/74 1152/1598/23
f 1202/1666/74 1195/1668/75 1146/1599/24
f 1158/1614/35 1164/1613/32 1208/1672/77
f 1164/1727/32 1160/1607/29 1212/1675/83
f 1212/1675/83 1160/1607/29 1157/1609/31
f 1217/1690/91 1193/1658/67 1145/1593/19
f 1159/1620/40 1183/1652/63 1170/1631/48
f 1206/1679/84 1157/1609/31 1146/1599/24
f 1181/1641/55 1158/1614/35 1205/1674/79
f 1182/1646/60 1231/1715/111 1218/1696/96
f 1230/1710/108 1207/1685/88 1194/1663/72
f 1242/1728/1 1256/1732/1 1255/1729/2
f 1243/1731/3 1257/3618/3 1256/1732/1
f 1244/1733/4 1258/1737/4 1257/1734/3
f 1245/1736/5 1259/1739/5 1258/1737/4
f 1246/1738/6 1260/3619/6 1259/1739/5
f 1247/1740/7 1261/1744/7 1260/1741/6
f 1247/1740/7 1248/1746/8 1262/1743/8
f 1249/1745/9 1263/1748/9 1262/1743/8
f 1250/1747/10 1264/3620/10 1263/1748/9
f 1251/1749/11 1265/1753/11 1264/1750/10
f 1252/1752/12 1266/1755/12 1265/1753/11
f 1253/1754/13 1267/3621/13 1266/1755/12
f 1254/1756/14 1268/1759/14 1267/1757/13
f 1241/1730/2 1255/1729/2 1268/1759/14
f 1241/3622/15 1254/3623/15 1253/3624/15
f 1253/3624/15 1252/3625/15 1251/1760/15
f 1251/1760/15 1250/3626/15 1249/3627/15
f 1249/3627/15 1248/3628/15 1247/1761/15
f 1247/1761/15 1246/3629/15 1245/3630/15
f 1245/3630/15 1244/3631/15 1243/1762/15
f 1243/1762/15 1242/3632/15 1241/3622/15
f 1241/3622/15 1253/3624/15 1251/1760/15
f 1251/1760/15 1249/3627/15 1247/1761/15
f 1247/1761/15 1245/3630/15 1243/1762/15
f 1243/1762/15 1241/3622/15 1251/1760/15
f 1268/3633/16 1255/3634/16 1256/3635/16
f 1256/3635/16 1257/3636/16 1258/1763/16
f 1258/1763/16 1259/3637/16 1260/3638/16
f 1260/3638/16 1261/3639/16 1262/1764/16
f 1262/1764/16 1263/3640/16 1264/3641/16
f 1264/3641/16 1265/3642/16 1266/1765/16
f 1266/1765/16 1267/3643/16 1268/3633/16
f 1268/3633/16 1256/3635/16 1258/1763/16
f 1258/1763/16 1260/3638/16 1262/1764/16
f 1262/1764/16 1264/3641/16 1266/1765/16
f 1266/1765/16 1268/3633/16 1258/1763/16
f 1270/1766/1 1284/1770/1 1283/1767/2
f 1271/1769/3 1285/3644/3 1284/1770/1
f 1272/1771/4 1286/1775/4 1285/1772/3
f 1273/1774/5 1287/1777/5 1286/1775/4
f 1274/1776/6 1288/3645/6 1287/1777/5
f 1275/1778/7 1289/1782/7 1288/1779/6
f 1276/1781/8 1290/1784/8 1289/1782/7
f 1277/1783/9 1291/1786/9 1290/1784/8
f 1278/1785/10 1292/3646/10 1291/1786/9
f 1278/1787/10 1279/1791/11 1293/1788/11
f 1280/1790/12 1294/1793/12 1293/1788/11
f 1281/1792/13 1295/3647/13 1294/1793/12
f 1282/1794/14 1296/1797/14 1295/1795/13
f 1282/1794/14 1269/1768/2 1283/1767/2
f 1269/3648/15 1282/3649/15 1281/3650/15
f 1281/3650/15 1280/3651/15 1279/1798/15
f 1279/1798/15 1278/3652/15 1277/3653/15
f 1277/3653/15 1276/3654/15 1275/1799/15
f 1275/1799/15 1274/3655/15 1273/3656/15
f 1273/3656/15 1272/3657/15 1271/1800/15
f 1271/1800/15 1270/3658/15 1269/3648/15
f 1269/3648/15 1281/3650/15 1279/1798/15
f 1279/1798/15 1277/3653/15 1275/1799/15
f 1275/1799/15 1273/3656/15 1271/1800/15
f 1271/1800/15 1269/3648/15 1279/1798/15
f 1296/3659/16 1283/3660/16 1284/3661/16
f 1284/3661/16 1285/3662/16 1286/1801/16
f 1286/1801/16 1287/3663/16 1288/3664/16
f 1288/3664/16 1289/3665/16 1290/1802/16
f 1290/1802/16 1291/3666/16 1292/3667/16
f 1292/3667/16 1293/3668/16 1294/1803/16
f 1294/1803/16 1295/3669/16 1296/3659/16
f 1296/3659/16 1284/3661/16 1286/1801/16
f 1286/1801/16 1288/3664/16 1290/1802/16
f 1290/1802/16 1292/3667/16 1294/1803/16
f 1294/1803/16 1296/3659/16 1286/1801/16
f 1300/1804/17 1302/1808/21 1301/1805/18
f 1300/1804/17 1304/1938/23 1305/1807/136
f 1303/1809/22 1305/3670/136 1304/1810/23
f 1307/1812/25 1308/3671/28 1305/1813/136
f 1306/1815/26 1308/3671/28 1307/1812/25
f 1301/1805/18 1302/1808/21 1308/1817/28
f 1312/1819/29 1314/1823/113 1313/1820/30
f 1316/1822/32 1317/3672/37 1314/1823/113
f 1315/1824/34 1317/3673/37 1316/1825/32
f 1319/1827/39 1320/1833/36 1317/1828/37
f 1318/1830/38 1320/1833/36 1319/1827/39
f 1318/1830/38 1313/1931/30 1314/1832/113
f 1324/1834/41 1326/1838/45 1325/1835/42
f 1324/1834/41 1328/1930/47 1329/1837/44
f 1327/1839/46 1329/3674/44 1328/1840/47
f 1327/1842/46 1331/1846/51 1332/1843/124
f 1330/1845/50 1332/1843/124 1331/1846/51
f 1325/1848/42 1326/1849/45 1332/1843/124
f 1336/1850/53 1338/1854/57 1337/1851/54
f 1340/1853/59 1341/1865/116 1338/1854/57
f 1339/1855/58 1341/3675/116 1340/1856/59
f 1343/1858/61 1344/3676/115 1341/1859/116
f 1342/1861/62 1344/3676/115 1343/1858/61
f 1342/1863/62 1337/1851/54 1338/1854/57
f 1348/1866/65 1350/1870/69 1349/1867/66
f 1348/1866/65 1352/1936/71 1353/1869/126
f 1351/1871/70 1353/3677/126 1352/1872/71
f 1351/1874/70 1355/1878/73 1356/1875/76
f 1354/1877/74 1356/1875/76 1355/1878/73
f 1349/1867/66 1350/1870/69 1356/1880/76
f 1360/1882/77 1362/3678/81 1361/1883/78
f 1364/1885/83 1365/1891/118 1362/1886/81
f 1363/1888/82 1365/1891/118 1364/1885/83
f 1367/1890/87 1368/3679/119 1365/1891/118
f 1366/1892/86 1368/1896/119 1367/1893/87
f 1361/1895/78 1362/1897/81 1368/1896/119
f 1372/1899/89 1374/3680/93 1373/1900/90
f 1372/1902/89 1376/1906/95 1377/1903/92
f 1375/1905/94 1377/1903/92 1376/1906/95
f 1379/1908/97 1380/1914/100 1377/1903/92
f 1378/1909/98 1380/3681/100 1379/1910/97
f 1373/1900/90 1374/3680/93 1380/1912/100
f 1384/1915/101 1386/1919/105 1385/1916/102
f 1384/1915/101 1388/3682/107 1389/1918/121
f 1387/1920/106 1389/1924/121 1388/1921/107
f 1387/1920/106 1391/1935/109 1392/1923/131
f 1390/1925/110 1392/3683/131 1391/1926/109
f 1385/1916/102 1386/1919/105 1392/1928/131
f 1297/1806/19 1301/1805/18 1324/1834/41
f 1301/1805/18 1306/1818/26 1328/1930/47
f 1306/1815/26 1299/1816/27 1322/1841/48
f 1309/1821/31 1313/1820/30 1303/1809/22
f 1313/1931/30 1318/1830/38 1307/1812/25
f 1307/1812/25 1318/1830/38 1311/1831/40
f 1333/1852/55 1337/1851/54 1315/1824/34
f 1337/1932/54 1342/1861/62 1319/1827/39
f 1342/1861/62 1335/1862/63 1311/1831/40
f 1334/1857/60 1323/1847/52 1331/1846/51
f 1331/1933/51 1327/1839/46 1343/1858/61
f 1327/1839/46 1322/1841/48 1335/1862/63
f 1321/1836/43 1325/1835/42 1372/1899/89
f 1325/1848/42 1330/1845/50 1376/1906/95
f 1376/1906/95 1330/1845/50 1323/1847/52
f 1381/1917/103 1385/1916/102 1336/1850/53
f 1385/1916/102 1390/1929/110 1340/1853/59
f 1340/1856/59 1390/1925/110 1383/1927/111
f 1382/1922/108 1371/1911/99 1379/1910/97
f 1387/1920/106 1379/1910/97 1375/1934/94
f 1375/1905/94 1370/1907/96 1383/1927/111
f 1369/1901/91 1373/1900/90 1348/1866/65
f 1373/1900/90 1378/1913/98 1352/1936/71
f 1378/1909/98 1371/1911/99 1346/1873/72
f 1357/1884/79 1361/1883/78 1384/1915/101
f 1361/1895/78 1366/1892/86 1388/1921/107
f 1366/1892/86 1359/1894/88 1382/1922/108
f 1358/1889/84 1347/1879/75 1355/1878/73
f 1363/1888/82 1355/1878/73 1351/1874/70
f 1351/1871/70 1346/1873/72 1359/1894/88
f 1345/1868/67 1349/1867/66 1300/1804/17
f 1349/1867/66 1354/1881/74 1304/1938/23
f 1304/1810/23 1354/1877/74 1347/1879/75
f 1310/1826/35 1316/1825/32 1360/1882/77
f 1316/1822/32 1312/1819/29 1364/1885/83
f 1364/1885/83 1312/1819/29 1309/1821/31
f 1369/1901/91 1345/1868/67 1297/1806/19
f 1311/1831/40 1335/1862/63 1322/1841/48
f 1358/1889/84 1309/1821/31 1298/1811/24
f 1333/1852/55 1310/1826/35 1357/1884/79
f 1334/1857/60 1383/1927/111 1370/1907/96
f 1382/1922/108 1359/1894/88 1346/1873/72
f 1396/1939/17 1398/3684/21 1397/1940/18
f 1396/1942/17 1400/1946/23 1401/1943/20
f 1399/1945/22 1401/1943/20 1400/1946/23
f 1399/1948/22 1403/1952/25 1404/1949/123
f 1402/1951/26 1404/1949/123 1403/1952/25
f 1397/1954/18 1398/1955/21 1404/1949/123
f 1408/1956/29 1410/1960/113 1409/1957/30
f 1412/1959/32 1413/3685/139 1410/1960/113
f 1411/1961/34 1413/3686/139 1412/1962/32
f 1415/1964/39 1416/1970/36 1413/1965/139
f 1414/1967/38 1416/1970/36 1415/1964/39
f 1414/1967/38 1409/2066/30 1410/1969/113
f 1420/1971/41 1422/3687/45 1421/1972/42
f 1424/1974/47 1425/3688/114 1422/1975/45
f 1423/1977/46 1425/3688/114 1424/1974/47
f 1423/1979/46 1427/1983/51 1428/1980/140
f 1426/1982/50 1428/1980/140 1427/1983/51
f 1426/1982/50 1421/2069/42 1422/1985/45
f 1432/1986/53 1434/1990/141 1433/1987/54
f 1432/1986/53 1436/2070/59 1437/1989/116
f 1435/1991/58 1437/3689/116 1436/1992/59
f 1439/1994/61 1440/3690/115 1437/1995/116
f 1438/1997/62 1440/3690/115 1439/1994/61
f 1438/1999/62 1433/1987/54 1434/1990/141
f 1444/2001/65 1446/2005/69 1445/2002/66
f 1448/2004/71 1449/3691/68 1446/2005/69
f 1447/2006/70 1449/3692/68 1448/2007/71
f 1451/2009/73 1452/2015/76 1449/2010/68
f 1450/2012/74 1452/2015/76 1451/2009/73
f 1445/2014/66 1446/3693/69 1452/2015/76
f 1456/2019/77 1458/3694/81 1457/2020/78
f 1456/2022/77 1460/2026/83 1461/2023/118
f 1459/2025/82 1461/2023/118 1460/2026/83
f 1463/2028/87 1464/3695/128 1461/2023/118
f 1462/2029/86 1464/2033/128 1463/2030/87
f 1462/2029/86 1457/2071/78 1458/2032/81
f 1468/2035/89 1470/3696/93 1469/2036/90
f 1468/2038/89 1472/2042/95 1473/2039/92
f 1471/2041/94 1473/2039/92 1472/2042/95
f 1475/2044/97 1476/2050/130 1473/2039/92
f 1474/2045/98 1476/3697/130 1475/2046/97
f 1469/2036/90 1470/3696/93 1476/2048/130
f 1480/2051/101 1482/2055/105 1481/2052/102
f 1480/2051/101 1484/3698/107 1485/2054/104
f 1483/2056/106 1485/2060/104 1484/2057/107
f 1487/2059/109 1488/3699/131 1485/2060/104
f 1486/2061/110 1488/3700/131 1487/2062/109
f 1481/2052/102 1482/2055/105 1488/2064/131
f 1393/1941/19 1397/1940/18 1420/1971/41
f 1397/1954/18 1402/1951/26 1424/1974/47
f 1402/1951/26 1395/1953/27 1418/1978/48
f 1405/1958/31 1409/1957/30 1399/1945/22
f 1409/2066/30 1414/1967/38 1403/1952/25
f 1403/1952/25 1414/1967/38 1407/1968/40
f 1429/1988/55 1433/1987/54 1411/1961/34
f 1433/2067/54 1438/1997/62 1415/1964/39
f 1438/1997/62 1431/1998/63 1407/1968/40
f 1430/1993/60 1419/1984/52 1427/1983/51
f 1427/2068/51 1423/1977/46 1439/1994/61
f 1423/1977/46 1418/1978/48 1431/1998/63
f 1417/1973/43 1421/1972/42 1468/2035/89
f 1421/2069/42 1426/1982/50 1472/2042/95
f 1426/1982/50 1419/1984/52 1466/2043/96
f 1477/2053/103 1481/2052/102 1432/1986/53
f 1481/2052/102 1486/2065/110 1436/2070/59
f 1436/1992/59 1486/2061/110 1479/2063/111
f 1467/2047/99 1475/2046/97 1483/2056/106
f 1475/2046/97 1471/3701/94 1487/2059/109
f 1471/2041/94 1466/2043/96 1479/2063/111
f 1465/2037/91 1469/2036/90 1444/2001/65
f 1469/2036/90 1474/2049/98 1448/2004/71
f 1474/2045/98 1467/2047/99 1442/2008/72
f 1453/2021/79 1457/2020/78 1480/2051/101
f 1457/2071/78 1462/2029/86 1484/2057/107
f 1484/2057/107 1462/2029/86 1455/2031/88
f 1443/2013/75 1451/2009/73 1459/2025/82
f 1451/2009/73 1447/2011/70 1463/2028/87
f 1447/2006/70 1442/2008/72 1455/2031/88
f 1441/2003/67 1445/2002/66 1396/1939/17
f 1445/2014/66 1450/2012/74 1400/1946/23
f 1400/1946/23 1450/2012/74 1443/2013/75
f 1406/1963/35 1412/1962/32 1456/2019/77
f 1412/1959/32 1408/1956/29 1460/2026/83
f 1460/2026/83 1408/1956/29 1405/1958/31
f 1465/2037/91 1441/2003/67 1393/1941/19
f 1407/1968/40 1431/1998/63 1418/1978/48
f 1454/2027/84 1405/1958/31 1394/1947/24
f 1429/1988/55 1406/1963/35 1453/2021/79
f 1430/1993/60 1479/2063/111 1466/2043/96
f 1478/2058/108 1455/2031/88 1442/2008/72
f 1489/2073/2 1490/2077/1 1504/2074/1
f 1491/2076/3 1505/3702/3 1504/2074/1
f 1491/2078/3 1492/2082/4 1506/2079/4
f 1493/2081/5 1507/2084/5 1506/2079/4
f 1494/2083/6 1508/3703/6 1507/2084/5
f 1495/2085/7 1509/2089/7 1508/2086/6
f 1495/2085/7 1496/2091/8 1510/2088/8
f 1497/2090/9 1511/2093/9 1510/2088/8
f 1498/2092/10 1512/3704/10 1511/2093/9
f 1499/2094/11 1513/2098/11 1512/2095/10
f 1500/2097/12 1514/2100/12 1513/2098/11
f 1501/2099/13 1515/3705/13 1514/2100/12
f 1502/2101/14 1516/2104/14 1515/2102/13
f 1502/2101/14 1489/2073/2 1503/2075/2
f 1489/3706/15 1502/3707/15 1501/3708/15
f 1501/3708/15 1500/3709/15 1499/2105/15
f 1499/2105/15 1498/3710/15 1497/3711/15
f 1497/3711/15 1496/3712/15 1495/2106/15
f 1495/2106/15 1494/3713/15 1493/3714/15
f 1493/3714/15 1492/3715/15 1491/2107/15
f 1491/2107/15 1490/3716/15 1489/3706/15
f 1489/3706/15 1501/3708/15 1499/2105/15
f 1499/2105/15 1497/3711/15 1495/2106/15
f 1495/2106/15 1493/3714/15 1491/2107/15
f 1491/2107/15 1489/3706/15 1499/2105/15
f 1516/3717/16 1503/3718/16 1504/3719/16
f 1504/3719/16 1505/3720/16 1506/2108/16
f 1506/2108/16 1507/3721/16 1508/3722/16
f 1508/3722/16 1509/3723/16 1510/2109/16
f 1510/2109/16 1511/3724/16 1512/3725/16
f 1512/3725/16 1513/3726/16 1514/2110/16
f 1514/2110/16 1515/3727/16 1516/3717/16
f 1516/3717/16 1504/3719/16 1506/2108/16
f 1506/2108/16 1508/3722/16 1510/2109/16
f 1510/2109/16 1512/3725/16 1514/2110/16
f 1514/2110/16 1516/3717/16 1506/2108/16
f 1518/2111/1 1532/2115/1 1531/2112/2
f 1519/2114/3 1533/3728/3 1532/2115/1
f 1520/2116/4 1534/2120/4 1533/2117/3
f 1521/2119/5 1535/2122/5 1534/2120/4
f 1522/2121/6 1536/3729/6 1535/2122/5
f 1523/2123/7 1537/2127/7 1536/2124/6
f 1524/2126/8 1538/2129/8 1537/2127/7
f 1525/2128/9 1539/2131/9 1538/2129/8
f 1526/2130/10 1540/3730/10 1539/2131/9
f 1527/2132/11 1541/2136/11 1540/2133/10
f 1528/2135/12 1542/2138/12 1541/2136/11
f 1529/2137/13 1543/3731/13 1542/2138/12
f 1530/2139/14 1544/2142/14 1543/2140/13
f 1530/2139/14 1517/2113/2 1531/2112/2
f 1517/3732/15 1530/3733/15 1529/3734/15
f 1529/3734/15 1528/3735/15 1527/2143/15
f 1527/2143/15 1526/3736/15 1525/3737/15
f 1525/3737/15 1524/3738/15 1523/2144/15
f 1523/2144/15 1522/3739/15 1521/3740/15
f 1521/3740/15 1520/3741/15 1519/2145/15
f 1519/2145/15 1518/3742/15 1517/3732/15
f 1517/3732/15 1529/3734/15 1527/2143/15
f 1527/2143/15 1525/3737/15 1523/2144/15
f 1523/2144/15 1521/3740/15 1519/2145/15
f 1519/2145/15 1517/3732/15 1527/2143/15
f 1544/3743/16 1531/3744/16 1532/3745/16
f 1532/3745/16 1533/3746/16 1534/2146/16
f 1534/2146/16 1535/3747/16 1536/3748/16
f 1536/3748/16 1537/3749/16 1538/2147/16
f 1538/2147/16 1539/3750/16 1540/3751/16
f 1540/3751/16 1541/3752/16 1542/2148/16
f 1542/2148/16 1543/3753/16 1544/3743/16
f 1544/3743/16 1532/3745/16 1534/2146/16
f 1534/2146/16 1536/3748/16 1538/2147/16
f 1538/2147/16 1540/3751/16 1542/2148/16
f 1542/2148/16 1544/3743/16 1534/2146/16
f 1548/2149/17 1550/2153/21 1549/2150/18
f 1552/2152/23 1553/2164/20 1550/2153/21
f 1551/2154/22 1553/2158/20 1552/2155/23
f 1551/2154/22 1555/2276/25 1556/2157/123
f 1554/2159/26 1556/3754/123 1555/2160/25
f 1549/2150/18 1550/2153/21 1556/2162/123
f 1560/2165/29 1562/2169/33 1561/2166/30
f 1564/2168/32 1565/3755/37 1562/2169/33
f 1563/2170/34 1565/3756/37 1564/2171/32
f 1567/2173/39 1568/2181/36 1565/2174/37
f 1566/2176/38 1568/2181/36 1567/2173/39
f 1561/2166/30 1562/2169/33 1568/2178/36
f 1572/2182/41 1574/2186/45 1573/2183/42
f 1572/2182/41 1576/2275/47 1577/2185/44
f 1575/2187/46 1577/3757/44 1576/2188/47
f 1579/2190/51 1580/2196/124 1577/2191/44
f 1578/2193/50 1580/2196/124 1579/2190/51
f 1573/2195/42 1574/2197/45 1580/2196/124
f 1584/2198/53 1586/2202/57 1585/2199/54
f 1584/2198/53 1588/2278/59 1589/2201/56
f 1587/2203/58 1589/3758/56 1588/2204/59
f 1587/2206/58 1591/2210/61 1592/2207/115
f 1590/2209/62 1592/2207/115 1591/2210/61
f 1590/2212/62 1585/2199/54 1586/2202/57
f 1596/2214/65 1598/2218/69 1597/2215/66
f 1596/2214/65 1600/2279/71 1601/2217/68
f 1599/2219/70 1601/2223/68 1600/2220/71
f 1603/2222/73 1604/3759/76 1601/2223/68
f 1602/2224/74 1604/3760/76 1603/2225/73
f 1602/2227/74 1597/2215/66 1598/2218/69
f 1608/2229/77 1610/3761/81 1609/2230/78
f 1612/2232/83 1613/3762/118 1610/2233/81
f 1611/2235/82 1613/3762/118 1612/2232/83
f 1611/2237/82 1615/2241/87 1616/2238/85
f 1614/2240/86 1616/2238/85 1615/2241/87
f 1614/2240/86 1609/2280/78 1610/2243/81
f 1620/2244/89 1622/3763/93 1621/2245/90
f 1620/2247/89 1624/2251/95 1625/2248/129
f 1623/2250/94 1625/2248/129 1624/2251/95
f 1623/2250/94 1627/3764/97 1628/2253/130
f 1626/2254/98 1628/3765/130 1627/2255/97
f 1621/2245/90 1622/3763/93 1628/2257/130
f 1632/2259/101 1634/2263/105 1633/2260/102
f 1636/2262/107 1637/2274/142 1634/2263/105
f 1635/2264/106 1637/2268/142 1636/2265/107
f 1639/2267/109 1640/3766/131 1637/2268/142
f 1638/2269/110 1640/3767/131 1639/2270/109
f 1638/2272/110 1633/2260/102 1634/2263/105
f 1545/2151/19 1549/2150/18 1572/2182/41
f 1549/2150/18 1554/2163/26 1576/2275/47
f 1554/2159/26 1547/2161/27 1570/2189/48
f 1557/2167/31 1561/2166/30 1551/2154/22
f 1561/2166/30 1566/2179/38 1555/2276/25
f 1555/2160/25 1566/2176/38 1559/2177/40
f 1581/2200/55 1585/2199/54 1563/2170/34
f 1585/2277/54 1590/2209/62 1567/2173/39
f 1590/2209/62 1583/2211/63 1559/2177/40
f 1582/2205/60 1571/2194/52 1579/2190/51
f 1587/2206/58 1579/3768/51 1575/2187/46
f 1575/2187/46 1570/2189/48 1583/2211/63
f 1617/2246/91 1569/2184/43 1573/2183/42
f 1573/2195/42 1578/2193/50 1624/2251/95
f 1578/2193/50 1571/2194/52 1618/2252/96
f 1629/2261/103 1633/2260/102 1584/2198/53
f 1633/2260/102 1638/2272/110 1588/2278/59
f 1588/2204/59 1638/2269/110 1631/2271/111
f 1630/2266/108 1619/2256/99 1627/2255/97
f 1627/2255/97 1623/3769/94 1639/2267/109
f 1623/2250/94 1618/2252/96 1631/2271/111
f 1617/2246/91 1621/2245/90 1596/2214/65
f 1621/2245/90 1626/2258/98 1600/2279/71
f 1626/2254/98 1619/2256/99 1594/2221/72
f 1605/2231/79 1609/2230/78 1632/2259/101
f 1609/2280/78 1614/2240/86 1636/2265/107
f 1614/2240/86 1607/2242/88 1630/2266/108
f 1606/2236/84 1595/2226/75 1603/2225/73
f 1603/2222/73 1599/2219/70 1615/2241/87
f 1599/2219/70 1594/2221/72 1607/2242/88
f 1593/2216/67 1597/2215/66 1548/2149/17
f 1597/2215/66 1602/2227/74 1552/2152/23
f 1552/2155/23 1602/2224/74 1595/2226/75
f 1605/2231/79 1558/2172/35 1564/2171/32
f 1564/2168/32 1560/2165/29 1612/2232/83
f 1560/2165/29 1557/2167/31 1606/2236/84
f 1617/2246/91 1593/2216/67 1545/2151/19
f 1559/2177/40 1583/2211/63 1570/2189/48
f 1606/2236/84 1557/2167/31 1546/2156/24
f 1581/2200/55 1558/2172/35 1605/2231/79
f 1582/2205/60 1631/2271/111 1618/2252/96
f 1630/2266/108 1607/2242/88 1594/2221/72
f 1644/2282/17 1646/3770/21 1645/2283/18
f 1644/2285/17 1648/2289/23 1649/2286/136
f 1647/2288/22 1649/2286/136 1648/2289/23
f 1647/2288/22 1651/2412/25 1652/2291/123
f 1650/2292/26 1652/3771/123 1651/2293/25
f 1645/2283/18 1646/3770/21 1652/2295/123
f 1656/2300/29 1658/2304/113 1657/2301/30
f 1660/2303/32 1661/3772/37 1658/2304/113
f 1659/2305/34 1661/3773/37 1660/2306/32
f 1659/2308/34 1663/2312/39 1664/2309/133
f 1662/2311/38 1664/2309/133 1663/2312/39
f 1662/2314/38 1657/2301/30 1658/2304/113
f 1668/2317/41 1670/2321/45 1669/2318/42
f 1672/2320/47 1673/3774/114 1670/2321/45
f 1671/2322/46 1673/3775/114 1672/2323/47
f 1671/2325/46 1675/2329/51 1676/2326/49
f 1674/2328/50 1676/2326/49 1675/2329/51
f 1669/2331/42 1670/2332/45 1676/2326/49
f 1680/2333/53 1682/2337/57 1681/2334/54
f 1680/2333/53 1684/2415/59 1685/2336/116
f 1683/2338/58 1685/3776/116 1684/2339/59
f 1687/2341/61 1688/3777/64 1685/2342/116
f 1686/2344/62 1688/3777/64 1687/2341/61
f 1681/2334/54 1682/2337/57 1688/2346/64
f 1692/2348/65 1694/3778/69 1693/2349/66
f 1696/2351/71 1697/2357/68 1694/2352/69
f 1695/2354/70 1697/2357/68 1696/2351/71
f 1699/2356/73 1700/2363/76 1697/2357/68
f 1698/2358/74 1700/2362/76 1699/2359/73
f 1698/2358/74 1693/2419/66 1694/2361/69
f 1704/2364/77 1706/3779/81 1705/2365/78
f 1704/2367/77 1708/2371/83 1709/2368/118
f 1707/2370/82 1709/2368/118 1708/2371/83
f 1711/2373/87 1712/2379/128 1709/2374/118
f 1710/2376/86 1712/2379/128 1711/2373/87
f 1705/2378/78 1706/2380/81 1712/2379/128
f 1716/2381/89 1718/3780/93 1717/2382/90
f 1720/2384/95 1721/2390/120 1718/2385/93
f 1719/2387/94 1721/2390/120 1720/2384/95
f 1723/2389/97 1724/2396/130 1721/2390/120
f 1722/2391/98 1724/2395/130 1723/2392/97
f 1722/2391/98 1717/2417/90 1718/2394/93
f 1728/2397/101 1730/2401/105 1729/2398/102
f 1728/2397/101 1732/3781/107 1733/2400/104
f 1731/2402/106 1733/2406/104 1732/2403/107
f 1731/2402/106 1735/2416/109 1736/2405/131
f 1734/2407/110 1736/3782/131 1735/2408/109
f 1729/2398/102 1730/2401/105 1736/2410/131
f 1641/2284/19 1645/2283/18 1668/2317/41
f 1645/2283/18 1650/2296/26 1672/2320/47
f 1650/2292/26 1643/2294/27 1666/2324/48
f 1653/2302/31 1657/2301/30 1647/2288/22
f 1657/2301/30 1662/2314/38 1651/2412/25
f 1651/2293/25 1662/2311/38 1655/2313/40
f 1677/2335/55 1681/2334/54 1659/2305/34
f 1681/2413/54 1686/2344/62 1663/2312/39
f 1686/2344/62 1679/2345/63 1655/2313/40
f 1667/2330/52 1675/2329/51 1683/2338/58
f 1675/2414/51 1671/2322/46 1687/2341/61
f 1671/2322/46 1666/2324/48 1679/2345/63
f 1713/2383/91 1665/2319/43 1669/2318/42
f 1669/2331/42 1674/2328/50 1720/2384/95
f 1674/2328/50 1667/2330/52 1714/2388/96
f 1725/2399/103 1729/2398/102 1680/2333/53
f 1729/2398/102 1734/2411/110 1684/2415/59
f 1684/2339/59 1734/2407/110 1727/2409/111
f 1726/2404/108 1715/2393/99 1723/2392/97
f 1723/2392/97 1719/3783/94 1735/2416/109
f 1719/2387/94 1714/2388/96 1727/2409/111
f 1713/2383/91 1717/2382/90 1692/2348/65
f 1717/2417/90 1722/2391/98 1696/2351/71
f 1722/2391/98 1715/2393/99 1690/2355/72
f 1701/2366/79 1705/2365/78 1728/2397/101
f 1705/2378/78 1710/2376/86 1732/2403/107
f 1710/2376/86 1703/2377/88 1726/2404/108
f 1702/2372/84 1691/2360/75 1699/2359/73
f 1707/2375/82 1699/2356/73 1695/2354/70
f 1695/2354/70 1690/2355/72 1703/2377/88
f 1689/2350/67 1693/2349/66 1644/2282/17
f 1693/2419/66 1698/2358/74 1648/2289/23
f 1648/2289/23 1698/2358/74 1691/2360/75
f 1701/2366/79 1654/2307/35 1660/2306/32
f 1660/2303/32 1656/2300/29 1708/2371/83
f 1656/2300/29 1653/2302/31 1702/2372/84
f 1713/2383/91 1689/2350/67 1641/2284/19
f 1655/2313/40 1679/2345/63 1666/2324/48
f 1702/2372/84 1653/2302/31 1642/2290/24
f 1677/2335/55 1654/2307/35 1701/2366/79
f 1678/2340/60 1727/2409/111 1714/2388/96
f 1726/2404/108 1703/2377/88 1690/2355/72
f 1738/2420/1 1752/2424/1 1751/2421/2
f 1739/2423/3 1753/3784/3 1752/2424/1
f 1740/2425/4 1754/2429/4 1753/2426/3
f 1741/2428/5 1755/2431/5 1754/2429/4
f 1742/2430/6 1756/3785/6 1755/2431/5
f 1743/2432/7 1757/2436/7 1756/2433/6
f 1744/2435/8 1758/2438/8 1757/2436/7
f 1745/2437/9 1759/2440/9 1758/2438/8
f 1746/2439/10 1760/3786/10 1759/2440/9
f 1746/2441/10 1747/2445/11 1761/2442/11
f 1748/2444/12 1762/2447/12 1761/2442/11
f 1749/2446/13 1763/3787/13 1762/2447/12
f 1750/2448/14 1764/2451/14 1763/2449/13
f 1737/2422/2 1751/2421/2 1764/2451/14
f 1737/3788/15 1750/3789/15 1749/3790/15
f 1749/3790/15 1748/3791/15 1747/2452/15
f 1747/2452/15 1746/3792/15 1745/3793/15
f 1745/3793/15 1744/3794/15 1743/2453/15
f 1743/2453/15 1742/3795/15 1741/3796/15
f 1741/3796/15 1740/3797/15 1739/2454/15
f 1739/2454/15 1738/3798/15 1737/3788/15
f 1737/3788/15 1749/3790/15 1747/2452/15
f 1747/2452/15 1745/3793/15 1743/2453/15
f 1743/2453/15 1741/3796/15 1739/2454/15
f 1739/2454/15 1737/3788/15 1747/2452/15
f 1764/3799/16 1751/3800/16 1752/3801/16
f 1752/3801/16 1753/3802/16 1754/2455/16
f 1754/2455/16 1755/3803/16 1756/3804/16
f 1756/3804/16 1757/3805/16 1758/2456/16
f 1758/2456/16 1759/3806/16 1760/3807/16
f 1760/3807/16 1761/3808/16 1762/2457/16
f 1762/2457/16 1763/3809/16 1764/3799/16
f 1764/3799/16 1752/3801/16 1754/2455/16
f 1754/2455/16 1756/3804/16 1758/2456/16
f 1758/2456/16 1760/3807/16 1762/2457/16
f 1762/2457/16 1764/3799/16 1754/2455/16
f 1766/2458/1 1780/2462/1 1779/2459/2
f 1767/2461/3 1781/3810/3 1780/2462/1
f 1768/2463/4 1782/2467/4 1781/2464/3
f 1769/2466/5 1783/2469/5 1782/2467/4
f 1770/2468/6 1784/3811/6 1783/2469/5
f 1771/2470/7 1785/2474/7 1784/2471/6
f 1772/2473/8 1786/2476/8 1785/2474/7
f 1773/2475/9 1787/2478/9 1786/2476/8
f 1774/2477/10 1788/3812/10 1787/2478/9
f 1775/2479/11 1789/2483/11 1788/2480/10
f 1776/2482/12 1790/2485/12 1789/2483/11
f 1777/2484/13 1791/3813/13 1790/2485/12
f 1778/2486/14 1792/2489/14 1791/2487/13
f 1765/2460/2 1779/2459/2 1792/2489/14
f 1765/3814/15 1778/3815/15 1777/3816/15
f 1777/3816/15 1776/3817/15 1775/2490/15
f 1775/2490/15 1774/3818/15 1773/3819/15
f 1773/3819/15 1772/3820/15 1771/2491/15
f 1771/2491/15 1770/3821/15 1769/3822/15
f 1769/3822/15 1768/3823/15 1767/2492/15
f 1767/2492/15 1766/3824/15 1765/3814/15
f 1765/3814/15 1777/3816/15 1775/2490/15
f 1775/2490/15 1773/3819/15 1771/2491/15
f 1771/2491/15 1769/3822/15 1767/2492/15
f 1767/2492/15 1765/3814/15 1775/2490/15
f 1792/3825/16 1779/3826/16 1780/3827/16
f 1780/3827/16 1781/3828/16 1782/2493/16
f 1782/2493/16 1783/3829/16 1784/3830/16
f 1784/3830/16 1785/3831/16 1786/2494/16
f 1786/2494/16 1787/3832/16 1788/3833/16
f 1788/3833/16 1789/3834/16 1790/2495/16
f 1790/2495/16 1791/3835/16 1792/3825/16
f 1792/3825/16 1780/3827/16 1782/2493/16
f 1782/2493/16 1784/3830/16 1786/2494/16
f 1786/2494/16 1788/3833/16 1790/2495/16
f 1790/2495/16 1792/3825/16 1782/2493/16
f 1796/2496/17 1798/2500/21 1797/2497/18
f 1796/2496/17 1800/2631/23 1801/2499/20
f 1799/2501/22 1801/3836/20 1800/2502/23
f 1799/2504/22 1803/2508/25 1804/2505/123
f 1802/2507/26 1804/2505/123 1803/2508/25
f 1797/2497/18 1798/2500/21 1804/2510/123
f 1808/2512/29 1810/2516/33 1809/2513/30
f 1812/2515/32 1813/3837/37 1810/2516/33
f 1811/2517/34 1813/3838/37 1812/2518/32
f 1811/2520/34 1815/2524/39 1816/2521/36
f 1814/2523/38 1816/2521/36 1815/2524/39
f 1809/2526/30 1810/2527/33 1816/2521/36
f 1820/2528/41 1822/2532/45 1821/2529/42
f 1820/2528/41 1824/2623/47 1825/2531/44
f 1823/2533/46 1825/3839/44 1824/2534/47
f 1823/2536/46 1827/2540/51 1828/2537/49
f 1826/2539/50 1828/2537/49 1827/2540/51
f 1821/2542/42 1822/2543/45 1828/2537/49
f 1832/2544/53 1834/2548/57 1833/2545/54
f 1832/2544/53 1836/2626/59 1837/2547/56
f 1835/2549/58 1837/3840/56 1836/2550/59
f 1835/2552/58 1839/2556/61 1840/2553/143
f 1838/2555/62 1840/2553/143 1839/2556/61
f 1838/2558/62 1833/2545/54 1834/2548/57
f 1844/2560/65 1846/2564/69 1845/2561/66
f 1844/2560/65 1848/2627/71 1849/2563/126
f 1847/2565/70 1849/2569/126 1848/2566/71
f 1847/2565/70 1851/2630/73 1852/2568/76
f 1850/2570/74 1852/3841/76 1851/2571/73
f 1845/2561/66 1846/2564/69 1852/2573/76
f 1856/2575/77 1858/3842/81 1857/2576/78
f 1856/2578/77 1860/2582/83 1861/2579/80
f 1859/2581/82 1861/2579/80 1860/2582/83
f 1859/2584/82 1863/2588/87 1864/2585/85
f 1862/2587/86 1864/2585/85 1863/2588/87
f 1862/2587/86 1857/2628/78 1858/2590/81
f 1868/2591/89 1870/3843/93 1869/2592/90
f 1868/2594/89 1872/2598/95 1873/2595/92
f 1871/2597/94 1873/2595/92 1872/2598/95
f 1875/2600/97 1876/2606/100 1873/2595/92
f 1874/2601/98 1876/3844/100 1875/2602/97
f 1869/2592/90 1870/3843/93 1876/2604/100
f 1880/2607/101 1882/2611/105 1881/2608/102
f 1884/2610/107 1885/2622/142 1882/2611/105
f 1883/2612/106 1885/2616/142 1884/2613/107
f 1887/2615/109 1888/3845/112 1885/2616/142
f 1886/2617/110 1888/3846/112 1887/2618/109
f 1881/2608/102 1882/2611/105 1888/2620/112
f 1793/2498/19 1797/2497/18 1820/2528/41
f 1797/2497/18 1802/2511/26 1824/2623/47
f 1802/2507/26 1795/2509/27 1818/2535/48
f 1805/2514/31 1809/2513/30 1799/2501/22
f 1809/2526/30 1814/2523/38 1803/2508/25
f 1803/2508/25 1814/2523/38 1807/2525/40
f 1829/2546/55 1833/2545/54 1811/2517/34
f 1833/2624/54 1838/2555/62 1815/2524/39
f 1838/2555/62 1831/2557/63 1807/2525/40
f 1830/2551/60 1819/2541/52 1827/2540/51
f 1827/2625/51 1823/2533/46 1839/2556/61
f 1823/2533/46 1818/2535/48 1831/2557/63
f 1817/2530/43 1821/2529/42 1868/2591/89
f 1821/2542/42 1826/2539/50 1872/2598/95
f 1826/2539/50 1819/2541/52 1866/2599/96
f 1877/2609/103 1881/2608/102 1832/2544/53
f 1881/2608/102 1886/2621/110 1836/2626/59
f 1886/2617/110 1879/2619/111 1830/2551/60
f 1878/2614/108 1867/2603/99 1875/2602/97
f 1875/2602/97 1871/3847/94 1887/2615/109
f 1871/2597/94 1866/2599/96 1879/2619/111
f 1865/2593/91 1869/2592/90 1844/2560/65
f 1869/2592/90 1874/2605/98 1848/2627/71
f 1874/2601/98 1867/2603/99 1842/2567/72
f 1853/2577/79 1857/2576/78 1880/2607/101
f 1857/2628/78 1862/2587/86 1884/2613/107
f 1862/2587/86 1855/2589/88 1878/2614/108
f 1854/2583/84 1843/2572/75 1851/2571/73
f 1851/2630/73 1847/2565/70 1863/2588/87
f 1847/2565/70 1842/2567/72 1855/2589/88
f 1841/2562/67 1845/2561/66 1796/2496/17
f 1845/2561/66 1850/2574/74 1800/2631/23
f 1850/2570/74 1843/2572/75 1794/2503/24
f 1806/2519/35 1812/2518/32 1856/2575/77
f 1812/2515/32 1808/2512/29 1860/2582/83
f 1808/2512/29 1805/2514/31 1854/2583/84
f 1865/2593/91 1841/2562/67 1793/2498/19
f 1807/2525/40 1831/2557/63 1818/2535/48
f 1854/2583/84 1805/2514/31 1794/2503/24
f 1829/2546/55 1806/2519/35 1853/2577/79
f 1830/2551/60 1879/2619/111 1866/2599/96
f 1878/2614/108 1855/2589/88 1842/2567/72
f 1892/2632/17 1894/3848/21 1893/2633/18
f 1892/2635/17 1896/2639/23 1897/2636/20
f 1895/2638/22 1897/2636/20 1896/2639/23
f 1895/2641/22 1899/2645/25 1900/2642/123
f 1898/2644/26 1900/2642/123 1899/2645/25
f 1893/2647/18 1894/2648/21 1900/2642/123
f 1904/2649/29 1906/2653/113 1905/2650/30
f 1904/2649/29 1908/2764/32 1909/2652/37
f 1907/2654/34 1909/3849/37 1908/2655/32
f 1907/2657/34 1911/2661/39 1912/2658/133
f 1910/2660/38 1912/2658/133 1911/2661/39
f 1910/2660/38 1905/2758/30 1906/2663/113
f 1916/2664/41 1918/3850/45 1917/2665/42
f 1920/2667/47 1921/3851/114 1918/2668/45
f 1919/2670/46 1921/3851/114 1920/2667/47
f 1923/2672/51 1924/2678/49 1921/2673/114
f 1922/2675/50 1924/2678/49 1923/2672/51
f 1922/2675/50 1917/2761/42 1918/2677/45
f 1928/2679/53 1930/2683/57 1929/2680/54
f 1932/2682/59 1933/2694/116 1930/2683/57
f 1931/2684/58 1933/3852/116 1932/2685/59
f 1935/2687/61 1936/3853/64 1933/2688/116
f 1934/2690/62 1936/3853/64 1935/2687/61
f 1929/2680/54 1930/2683/57 1936/2692/64
f 1940/2695/65 1942/3854/69 1941/2696/66
f 1940/2698/65 1944/2702/71 1945/2699/68
f 1943/2701/70 1945/2699/68 1944/2702/71
f 1947/2704/73 1948/2710/127 1945/2699/68
f 1946/2705/74 1948/2709/127 1947/2706/73
f 1941/2708/66 1942/3855/69 1948/2709/127
f 1952/2711/77 1954/3856/81 1953/2712/78
f 1956/2714/83 1957/3857/118 1954/2715/81
f 1955/2717/82 1957/3857/118 1956/2714/83
f 1959/2719/87 1960/2725/128 1957/2720/118
f 1958/2722/86 1960/2725/128 1959/2719/87
f 1958/2722/86 1953/2762/78 1954/2724/81
f 1964/2726/89 1966/3858/93 1965/2727/90
f 1968/2729/95 1969/2735/120 1966/2730/93
f 1967/2732/94 1969/2735/120 1968/2729/95
f 1971/2734/97 1972/2741/100 1969/2735/120
f 1970/2736/98 1972/2740/100 1971/2737/97
f 1965/2739/90 1966/3859/93 1972/2740/100
f 1976/2742/101 1978/2746/105 1977/2743/102
f 1980/2745/107 1981/2757/104 1978/2746/105
f 1979/2747/106 1981/2751/104 1980/2748/107
f 1983/2750/109 1984/3860/131 1981/2751/104
f 1982/2752/110 1984/3861/131 1983/2753/109
f 1982/2755/110 1977/2743/102 1978/2746/105
f 1889/2634/19 1893/2633/18 1916/2664/41
f 1893/2647/18 1898/2644/26 1920/2667/47
f 1898/2644/26 1891/2646/27 1914/2671/48
f 1901/2651/31 1905/2650/30 1895/2638/22
f 1905/2758/30 1910/2660/38 1899/2645/25
f 1899/2645/25 1910/2660/38 1903/2662/40
f 1925/2681/55 1929/2680/54 1907/2654/34
f 1929/2759/54 1934/2690/62 1911/2661/39
f 1934/2690/62 1927/2691/63 1903/2662/40
f 1926/2686/60 1915/2676/52 1923/2672/51
f 1923/2760/51 1919/2670/46 1935/2687/61
f 1919/2670/46 1914/2671/48 1927/2691/63
f 1913/2666/43 1917/2665/42 1964/2726/89
f 1917/2761/42 1922/2675/50 1968/2729/95
f 1922/2675/50 1915/2676/52 1962/2733/96
f 1973/2744/103 1977/2743/102 1928/2679/53
f 1977/2743/102 1982/2755/110 1932/2682/59
f 1982/2752/110 1975/2754/111 1926/2686/60
f 1974/2749/108 1963/2738/99 1971/2737/97
f 1971/2737/97 1967/3862/94 1983/2750/109
f 1967/2732/94 1962/2733/96 1975/2754/111
f 1961/2728/91 1965/2727/90 1940/2695/65
f 1965/2739/90 1970/2736/98 1944/2702/71
f 1970/2736/98 1963/2738/99 1938/2703/72
f 1949/2713/79 1953/2712/78 1976/2742/101
f 1953/2762/78 1958/2722/86 1980/2748/107
f 1958/2722/86 1951/2723/88 1974/2749/108
f 1950/2718/84 1939/2707/75 1947/2706/73
f 1955/2721/82 1947/2704/73 1943/2701/70
f 1943/2701/70 1938/2703/72 1951/2723/88
f 1937/2697/67 1941/2696/66 1892/2632/17
f 1941/2708/66 1946/2705/74 1896/2639/23
f 1946/2705/74 1939/2707/75 1890/2640/24
f 1902/2656/35 1908/2655/32 1952/2711/77
f 1908/2764/32 1904/2649/29 1956/2714/83
f 1904/2649/29 1901/2651/31 1950/2718/84
f 1961/2728/91 1937/2697/67 1889/2634/19
f 1903/2662/40 1927/2691/63 1914/2671/48
f 1950/2718/84 1901/2651/31 1890/2640/24
f 1925/2681/55 1902/2656/35 1949/2713/79
f 1926/2686/60 1975/2754/111 1962/2733/96
f 1974/2749/108 1951/2723/88 1938/2703/72
f 1985/2765/144 1988/2856/235 1989/2766/145
f 1986/2768/147 1990/2839/218 1989/2769/148
f 1987/2771/150 1991/2838/217 1989/2772/151
f 1992/2774/153 1995/2859/238 1996/2775/154
f 1993/2777/156 1997/2840/219 1996/2778/157
f 1994/2780/159 1998/3863/365 1996/2781/160
f 1999/2783/162 2002/2837/216 2003/2784/163
f 2000/2786/165 2004/2843/222 2003/2787/166
f 2001/2789/168 2005/2845/224 2003/2790/169
f 2006/2792/171 2009/2846/225 2010/2793/172
f 2007/2795/174 2011/2842/221 2010/2796/175
f 2008/2798/177 2012/2841/220 2010/2799/178
f 2013/2801/180 2016/2850/229 2017/2802/181
f 2014/2804/183 2018/2855/234 2017/2805/184
f 2015/2807/186 2019/2857/236 2017/2808/187
f 2020/2810/189 2023/2858/237 2024/2811/190
f 2021/2813/192 2025/2854/233 2024/2814/193
f 2022/2816/195 2026/2853/232 2024/2817/196
f 2027/2819/198 2030/2844/223 2031/2820/199
f 2028/2822/201 2032/2849/228 2031/2823/202
f 2029/2825/204 2033/2851/230 2031/2826/205
f 2034/2828/207 2037/2852/231 2038/2829/208
f 2035/2831/210 2039/2848/227 2038/2832/211
f 2036/2834/213 2040/2847/226 2038/2835/214
f 1985/2765/144 1991/2767/146 2002/2837/216
f 1991/2838/217 1987/2771/150 2000/2786/165
f 1992/2774/153 1998/2776/155 1990/2839/218
f 1990/2773/152 1998/3863/365 1994/2780/159
f 2006/2792/171 2012/2794/173 1997/2840/219
f 2012/2841/220 2008/2798/177 1994/2780/159
f 2007/2795/174 2001/2789/168 2004/2791/170
f 2004/2843/222 2000/2786/165 2008/2798/177
f 1999/2783/162 2005/2785/164 2030/2844/223
f 2005/2845/224 2001/2789/168 2028/2822/201
f 2034/2828/207 2040/2830/209 2009/2846/225
f 2040/2847/226 2036/2834/213 2007/2795/174
f 2035/2831/210 2029/2825/204 2032/2827/206
f 2032/2849/228 2028/2822/201 2036/2834/213
f 2027/2819/198 2033/2821/200 2016/2850/229
f 2033/2851/230 2029/2825/204 2014/2804/183
f 2020/2810/189 2026/2812/191 2037/2852/231
f 2026/2853/232 2022/2816/195 2035/2831/210
f 2015/2807/186 2018/2809/188 2025/2854/233
f 2018/2855/234 2014/2804/183 2022/2816/195
f 2013/2801/180 2019/2803/182 1988/2856/235
f 2019/2857/236 2015/2807/186 1986/2768/147
f 1993/2777/156 1995/2779/158 2023/2858/237
f 1995/2859/238 1992/2774/153 2021/2813/192
f 2027/2819/198 2013/2801/180 1985/2765/144
f 1994/2780/159 2008/2798/177 2000/2786/165
f 2021/2813/192 1992/2774/153 1986/2768/147
f 2006/2792/171 1993/2777/156 2020/2810/189
f 2007/2795/174 2036/2834/213 2028/2822/201
f 2029/2825/204 2035/2831/210 2022/2816/195
f 2041/2860/144 2044/2951/235 2045/2861/145
f 2042/2863/147 2046/2934/218 2045/2864/148
f 2043/2866/150 2047/2933/217 2045/2867/151
f 2048/2869/153 2051/2954/238 2052/2870/154
f 2049/2872/156 2053/2935/219 2052/2873/157
f 2050/2875/159 2054/3864/365 2052/2876/160
f 2055/2878/162 2058/2932/216 2059/2879/163
f 2056/2881/165 2060/2938/222 2059/2882/166
f 2057/2884/168 2061/2940/224 2059/2885/169
f 2062/2887/171 2065/2941/225 2066/2888/172
f 2063/2890/174 2067/2937/221 2066/2891/175
f 2064/2893/177 2068/2936/220 2066/2894/178
f 2069/2896/180 2072/2945/229 2073/2897/181
f 2070/2899/183 2074/2950/234 2073/2900/184
f 2071/2902/186 2075/2952/236 2073/2903/187
f 2076/2905/189 2079/2953/237 2080/2906/190
f 2077/2908/192 2081/2949/233 2080/2909/193
f 2078/2911/195 2082/2948/232 2080/2912/196
f 2083/2914/198 2086/2939/223 2087/2915/199
f 2084/2917/201 2088/2944/228 2087/2918/202
f 2085/2920/204 2089/2946/230 2087/2921/205
f 2090/2923/207 2093/2947/231 2094/2924/208
f 2091/2926/210 2095/2943/227 2094/2927/211
f 2092/2929/213 2096/2942/226 2094/2930/214
f 2041/2860/144 2047/2862/146 2058/2932/216
f 2047/2933/217 2043/2866/150 2056/2881/165
f 2048/2869/153 2054/2871/155 2046/2934/218
f 2046/2868/152 2054/3864/365 2050/2875/159
f 2062/2887/171 2068/2889/173 2053/2935/219
f 2068/2936/220 2064/2893/177 2050/2875/159
f 2057/2884/168 2060/2886/170 2067/2937/221
f 2060/2938/222 2056/2881/165 2064/2893/177
f 2055/2878/162 2061/2880/164 2086/2939/223
f 2061/2940/224 2057/2884/168 2084/2917/201
f 2090/2923/207 2096/2925/209 2065/2941/225
f 2096/2942/226 2092/2929/213 2063/2890/174
f 2091/2926/210 2085/2920/204 2088/2922/206
f 2088/2944/228 2084/2917/201 2092/2929/213
f 2083/2914/198 2089/2916/200 2072/2945/229
f 2089/2946/230 2085/2920/204 2070/2899/183
f 2076/2905/189 2082/2907/191 2093/2947/231
f 2082/2948/232 2078/2911/195 2091/2926/210
f 2071/2902/186 2074/2904/188 2081/2949/233
f 2074/2950/234 2070/2899/183 2078/2911/195
f 2069/2896/180 2075/2898/182 2044/2951/235
f 2075/2952/236 2071/2902/186 2042/2863/147
f 2049/2872/156 2051/2874/158 2079/2953/237
f 2051/2954/238 2048/2869/153 2077/2908/192
f 2083/2914/198 2069/2896/180 2041/2860/144
f 2050/2875/159 2064/2893/177 2056/2881/165
f 2077/2908/192 2048/2869/153 2042/2863/147
f 2062/2887/171 2049/2872/156 2076/2905/189
f 2063/2890/174 2092/2929/213 2084/2917/201
f 2085/2920/204 2091/2926/210 2078/2911/195
f 2098/2955/239 2110/3865/239 2109/2956/15
f 2099/2958/240 2111/2962/240 2110/2959/239
f 2100/2961/241 2112/2964/241 2111/2962/240
f 2100/2961/241 2101/3866/242 2113/2963/242
f 2102/2965/243 2114/2969/243 2113/2966/242
f 2103/2968/16 2115/2971/16 2114/2969/243
f 2104/2970/244 2116/3867/244 2115/2971/16
f 2105/2972/245 2117/2976/245 2116/2973/244
f 2106/2975/246 2118/2978/246 2117/2976/245
f 2107/2977/247 2119/2980/247 2118/2978/246
f 2108/2979/248 2120/3868/248 2119/2980/247
f 2097/2957/15 2109/2956/15 2120/2981/248
f 2097/2985/8 2108/3869/8 2107/3870/8
f 2107/3870/8 2106/3871/8 2105/2983/8
f 2105/2983/8 2104/3872/8 2103/3873/8
f 2103/3873/8 2102/3874/8 2101/2984/8
f 2101/2984/8 2100/3875/8 2099/3876/8
f 2099/3876/8 2098/3877/8 2097/2985/8
f 2097/2985/8 2107/3870/8 2105/2983/8
f 2105/2983/8 2103/3873/8 2101/2984/8
f 2101/2984/8 2099/3876/8 2097/2985/8
f 2120/2988/2 2109/3878/2 2110/3879/2
f 2110/3879/2 2111/3880/2 2112/2986/2
f 2112/2986/2 2113/3881/2 2114/3882/2
f 2114/3882/2 2115/3883/2 2116/2987/2
f 2116/2987/2 2117/3884/2 2118/3885/2
f 2118/3885/2 2119/3886/2 2120/2988/2
f 2120/2988/2 2110/3879/2 2112/2986/2
f 2112/2986/2 2114/3882/2 2116/2987/2
f 2116/2987/2 2118/3885/2 2120/2988/2
f 2123/3006/265 2139/3010/268 2138/3007/2
f 2124/3009/267 2140/3887/270 2139/3010/268
f 2125/3011/269 2141/3015/272 2140/3012/270
f 2126/3014/271 2142/3017/241 2141/3015/272
f 2127/3016/273 2143/3019/275 2142/3017/241
f 2127/3016/273 2128/3888/277 2144/3018/274
f 2129/3020/276 2145/3024/278 2144/3021/274
f 2129/3020/276 2130/3025/279 2146/3023/8
f 2130/3025/279 2131/3028/282 2147/3026/280
f 2132/3027/281 2148/3053/284 2147/3026/280
f 2133/3029/283 2149/3033/285 2148/3030/284
f 2133/3029/283 2134/3035/287 2150/3032/246
f 2135/3034/286 2151/3037/289 2150/3032/246
f 2135/3034/286 2136/3889/291 2152/3036/288
f 2137/3038/290 2153/3041/292 2152/3039/288
f 2122/3008/266 2138/3007/2 2153/3041/292
f 2139/3010/268 2155/3044/295 2154/3042/293
f 2139/3010/268 2140/3887/270 2156/3043/294
f 2140/3012/270 2141/3015/272 2157/3045/296
f 2141/3015/272 2142/3017/241 2158/3047/297
f 2142/3017/241 2143/3019/275 2159/3048/298
f 2144/3018/274 2160/3890/299 2159/3048/298
f 2145/3024/278 2161/3050/300 2160/3049/299
f 2146/3023/8 2162/3052/302 2161/3050/300
f 2146/3023/8 2147/3026/280 2163/3051/301
f 2148/3053/284 2164/3891/303 2163/3051/301
f 2149/3033/285 2165/3055/304 2164/3054/303
f 2150/3032/246 2166/3056/305 2165/3055/304
f 2151/3037/289 2167/3057/306 2166/3056/305
f 2152/3036/288 2168/3892/307 2167/3057/306
f 2153/3041/292 2169/3059/308 2168/3058/307
f 2138/3007/2 2154/3042/293 2169/3059/308
f 2171/3077/268 2172/3893/268 2180/3078/268
f 2173/3080/272 2181/3084/272 2180/3081/272
f 2174/3083/275 2182/3894/275 2181/3084/275
f 2175/3085/278 2183/3089/278 2182/3086/278
f 2176/3088/280 2184/3895/280 2183/3089/280
f 2177/3090/285 2185/3094/285 2184/3091/285
f 2178/3093/289 2186/3896/289 2185/3094/289
f 2171/3077/292 2179/3079/292 2186/3095/292
f 2171/3099/15 2178/3897/15 2177/3898/15
f 2177/3898/15 2176/3899/15 2175/3097/15
f 2175/3097/15 2174/3900/15 2173/3098/15
f 2173/3098/15 2172/3901/15 2171/3099/15
f 2171/3099/15 2177/3898/15 2175/3097/15
f 2186/3102/16 2179/3902/16 2180/3903/16
f 2180/3903/16 2181/3904/16 2182/3100/16
f 2182/3100/16 2183/3905/16 2184/3101/16
f 2184/3101/16 2185/3906/16 2186/3102/16
f 2186/3102/16 2180/3903/16 2182/3100/16
f 2189/3124/325 2209/3128/325 2208/3125/326
f 2190/3127/327 2210/3169/327 2209/3128/325
f 2191/3129/328 2211/3133/328 2210/3130/327
f 2192/3132/329 2212/3135/329 2211/3133/328
f 2193/3134/330 2213/3137/330 2212/3135/329
f 2194/3136/331 2214/3139/331 2213/3137/330
f 2195/3138/332 2215/3141/332 2214/3139/331
f 2196/3140/333 2216/3907/333 2215/3141/332
f 2197/3142/334 2217/3146/334 2216/3143/333
f 2197/3142/334 2198/3148/335 2218/3145/335
f 2199/3147/336 2219/3150/336 2218/3145/335
f 2199/3147/336 2200/3908/337 2220/3149/337
f 2200/3151/337 2201/3155/338 2221/3152/338
f 2202/3154/339 2222/3157/339 2221/3152/338
f 2202/3154/339 2203/3159/340 2223/3156/340
f 2204/3158/341 2224/3161/341 2223/3156/340
f 2205/3160/342 2225/3163/342 2224/3161/341
f 2206/3162/343 2226/3909/343 2225/3163/342
f 2207/3164/344 2227/3167/344 2226/3165/343
f 2207/3164/344 2188/3126/326 2208/3125/326
f 2209/3128/345 2229/3170/345 2228/3168/346
f 2210/3169/347 2230/3172/347 2229/3170/345
f 2210/3169/347 2211/3910/348 2231/3171/348
f 2211/3133/348 2212/3135/349 2232/3173/349
f 2213/3137/350 2233/3175/350 2232/3173/349
f 2214/3139/351 2234/3176/351 2233/3175/350
f 2215/3141/352 2235/3911/352 2234/3176/351
f 2216/3143/353 2236/3180/353 2235/3177/352
f 2216/3143/353 2217/3146/354 2237/3179/354
f 2218/3145/355 2238/3182/355 2237/3179/354
f 2218/3145/355 2219/3150/356 2239/3181/356
f 2220/3149/357 2240/3912/357 2239/3181/356
f 2221/3152/358 2241/3185/358 2240/3183/357
f 2221/3152/358 2222/3157/359 2242/3184/359
f 2223/3156/360 2243/3186/360 2242/3184/359
f 2224/3161/361 2244/3187/361 2243/3186/360
f 2225/3163/362 2245/3189/362 2244/3187/361
f 2225/3163/362 2226/3909/363 2246/3188/363
f 2226/3165/363 2227/3167/364 2247/3190/364
f 2208/3125/346 2228/3168/346 2247/3190/364
