# Blender 5.2.2 LTS
# www.blender.org
o ReceptionDesk
v -5.985000 0.300000 -1.215000
v -5.985000 0.315000 -1.200000
v -6.000000 0.315000 -1.215000
v -5.985001 0.304393 -1.204393
v -5.993661 0.306340 -1.206340
v -5.995607 0.315000 -1.204393
v -5.995607 0.304393 -1.215000
v -5.985000 4.185000 -1.200000
v -5.985000 4.200000 -1.215000
v -6.000000 4.185000 -1.215000
v -5.985001 4.195606 -1.204394
v -5.993661 4.193660 -1.206340
v -5.995607 4.195606 -1.215000
v -5.995607 4.185000 -1.204394
v -5.985000 0.300000 -1.785000
v -6.000000 0.315000 -1.785000
v -5.985000 0.315000 -1.800000
v -5.995607 0.304393 -1.785000
v -5.993661 0.306340 -1.793660
v -5.995607 0.315000 -1.795607
v -5.985001 0.304393 -1.795607
v -5.985000 4.200000 -1.785000
v -5.985000 4.185000 -1.800000
v -6.000000 4.185000 -1.785000
v -5.985001 4.195606 -1.795607
v -5.993661 4.193660 -1.793660
v -5.995607 4.185000 -1.795607
v -5.995607 4.195606 -1.785000
v 5.985000 0.300000 -1.215000
v 6.000000 0.315000 -1.215000
v 5.985000 0.315000 -1.200000
v 5.995607 0.304393 -1.215000
v 5.993661 0.306340 -1.206340
v 5.995607 0.315000 -1.204393
v 5.985001 0.304393 -1.204393
v 5.985000 4.200000 -1.215000
v 5.985000 4.185000 -1.200000
v 6.000000 4.185000 -1.215000
v 5.985001 4.195606 -1.204394
v 5.993661 4.193660 -1.206340
v 5.995607 4.185000 -1.204394
v 5.995607 4.195606 -1.215000
v 5.985000 0.300000 -1.785000
v 5.985000 0.315000 -1.800000
v 6.000000 0.315000 -1.785000
v 5.985001 0.304393 -1.795607
v 5.993661 0.306340 -1.793660
v 5.995607 0.315000 -1.795607
v 5.995607 0.304393 -1.785000
v 5.985000 4.200000 -1.785000
v 6.000000 4.185000 -1.785000
v 5.985000 4.185000 -1.800000
v 5.995607 4.195606 -1.785000
v 5.993661 4.193660 -1.793660
v 5.995607 4.185000 -1.795607
v 5.985001 4.195606 -1.795607
v -5.840000 -0.000000 -1.180000
v -5.840000 0.010000 -1.170000
v -5.850000 0.010000 -1.180000
v -5.839999 0.002929 -1.172929
v -5.845773 0.004226 -1.174226
v -5.847070 0.010000 -1.172929
v -5.847070 0.002929 -1.180000
v -5.840000 0.290000 -1.170000
v -5.840000 0.300000 -1.180000
v -5.850000 0.290000 -1.180000
v -5.839999 0.297071 -1.172929
v -5.845773 0.295773 -1.174226
v -5.847070 0.297071 -1.180000
v -5.847070 0.290000 -1.172929
v -5.840000 -0.000000 -1.660000
v -5.850000 0.010000 -1.660000
v -5.840000 0.010000 -1.670000
v -5.847070 0.002929 -1.660000
v -5.845773 0.004226 -1.665773
v -5.847070 0.010000 -1.667071
v -5.839999 0.002929 -1.667071
v -5.840000 0.300000 -1.660000
v -5.840000 0.290000 -1.670000
v -5.850000 0.290000 -1.660000
v -5.839999 0.297071 -1.667071
v -5.845773 0.295773 -1.665773
v -5.847070 0.290000 -1.667071
v -5.847070 0.297071 -1.660000
v 5.840000 -0.000000 -1.180000
v 5.850000 0.010000 -1.180000
v 5.840000 0.010000 -1.170000
v 5.847070 0.002929 -1.180000
v 5.845773 0.004226 -1.174226
v 5.847070 0.010000 -1.172929
v 5.839999 0.002929 -1.172929
v 5.840000 0.300000 -1.180000
v 5.840000 0.290000 -1.170000
v 5.850000 0.290000 -1.180000
v 5.839999 0.297071 -1.172929
v 5.845773 0.295773 -1.174226
v 5.847070 0.290000 -1.172929
v 5.847070 0.297071 -1.180000
v 5.840000 -0.000000 -1.660000
v 5.840000 0.010000 -1.670000
v 5.850000 0.010000 -1.660000
v 5.839999 0.002929 -1.667071
v 5.845773 0.004226 -1.665773
v 5.847070 0.010000 -1.667071
v 5.847070 0.002929 -1.660000
v 5.840000 0.300000 -1.660000
v 5.850000 0.290000 -1.660000
v 5.840000 0.290000 -1.670000
v 5.847070 0.297071 -1.660000
v 5.845773 0.295773 -1.665773
v 5.847070 0.290000 -1.667071
v 5.839999 0.297071 -1.667071
v -5.980000 0.450000 -1.820000
v -5.980000 0.470000 -1.800000
v -6.000000 0.470000 -1.820000
v -5.980000 0.455858 -1.805858
v -5.991547 0.458453 -1.808453
v -5.994142 0.470000 -1.805858
v -5.994142 0.455858 -1.820000
v -5.980000 3.730000 -1.800000
v -5.980000 3.750000 -1.820000
v -6.000000 3.730000 -1.820000
v -5.980000 3.744142 -1.805858
v -5.991547 3.741547 -1.808453
v -5.994142 3.744142 -1.820000
v -5.994142 3.730000 -1.805858
v -5.980000 0.450000 -1.880000
v -6.000000 0.470000 -1.880000
v -5.980000 0.470000 -1.900000
v -5.994142 0.455858 -1.880000
v -5.991547 0.458453 -1.891547
v -5.994142 0.470000 -1.894142
v -5.980000 0.455858 -1.894142
v -5.980000 3.750000 -1.880000
v -5.980000 3.730000 -1.900000
v -6.000000 3.730000 -1.880000
v -5.980000 3.744142 -1.894142
v -5.991547 3.741547 -1.891547
v -5.994142 3.730000 -1.894142
v -5.994142 3.744142 -1.880000
v -5.680000 0.450000 -1.820000
v -5.660000 0.470000 -1.820000
v -5.680000 0.470000 -1.800000
v -5.665858 0.455858 -1.820000
v -5.668453 0.458453 -1.808453
v -5.665858 0.470000 -1.805858
v -5.680000 0.455858 -1.805858
v -5.680000 3.750000 -1.820000
v -5.680000 3.730000 -1.800000
v -5.660000 3.730000 -1.820000
v -5.680000 3.744142 -1.805858
v -5.668453 3.741547 -1.808453
v -5.665858 3.730000 -1.805858
v -5.665858 3.744142 -1.820000
v -5.680000 0.450000 -1.880000
v -5.680000 0.470000 -1.900000
v -5.660000 0.470000 -1.880000
v -5.680000 0.455858 -1.894142
v -5.668453 0.458453 -1.891547
v -5.665858 0.470000 -1.894142
v -5.665858 0.455858 -1.880000
v -5.680000 3.750000 -1.880000
v -5.660000 3.730000 -1.880000
v -5.680000 3.730000 -1.900000
v -5.665858 3.744142 -1.880000
v -5.668453 3.741547 -1.891547
v -5.665858 3.730000 -1.894142
v -5.680000 3.744142 -1.894142
v -3.065000 0.450000 -1.820000
v -3.065000 0.470000 -1.800000
v -3.085000 0.470000 -1.820000
v -3.065000 0.455858 -1.805858
v -3.076547 0.458453 -1.808453
v -3.079142 0.470000 -1.805858
v -3.079142 0.455858 -1.820000
v -3.065000 3.730000 -1.800000
v -3.065000 3.750000 -1.820000
v -3.085000 3.730000 -1.820000
v -3.065000 3.744142 -1.805858
v -3.076547 3.741547 -1.808453
v -3.079142 3.744142 -1.820000
v -3.079142 3.730000 -1.805858
v -3.065000 0.450000 -1.880000
v -3.085000 0.470000 -1.880000
v -3.065000 0.470000 -1.900000
v -3.079142 0.455858 -1.880000
v -3.076547 0.458453 -1.891547
v -3.079142 0.470000 -1.894142
v -3.065000 0.455858 -1.894142
v -3.065000 3.750000 -1.880000
v -3.065000 3.730000 -1.900000
v -3.085000 3.730000 -1.880000
v -3.065000 3.744142 -1.894142
v -3.076547 3.741547 -1.891547
v -3.079142 3.730000 -1.894142
v -3.079142 3.744142 -1.880000
v -2.765000 0.450000 -1.820000
v -2.745000 0.470000 -1.820000
v -2.765000 0.470000 -1.800000
v -2.750858 0.455858 -1.820000
v -2.753453 0.458453 -1.808453
v -2.750858 0.470000 -1.805858
v -2.765000 0.455858 -1.805858
v -2.765000 3.750000 -1.820000
v -2.765000 3.730000 -1.800000
v -2.745000 3.730000 -1.820000
v -2.765000 3.744142 -1.805858
v -2.753453 3.741547 -1.808453
v -2.750858 3.730000 -1.805858
v -2.750858 3.744142 -1.820000
v -2.765000 0.450000 -1.880000
v -2.765000 0.470000 -1.900000
v -2.745000 0.470000 -1.880000
v -2.765000 0.455858 -1.894142
v -2.753453 0.458453 -1.891547
v -2.750858 0.470000 -1.894142
v -2.750858 0.455858 -1.880000
v -2.765000 3.750000 -1.880000
v -2.745000 3.730000 -1.880000
v -2.765000 3.730000 -1.900000
v -2.750858 3.744142 -1.880000
v -2.753453 3.741547 -1.891547
v -2.750858 3.730000 -1.894142
v -2.765000 3.744142 -1.894142
v -0.150000 0.450000 -1.820000
v -0.150000 0.470000 -1.800000
v -0.170000 0.470000 -1.820000
v -0.150000 0.455858 -1.805858
v -0.161547 0.458453 -1.808453
v -0.164142 0.470000 -1.805858
v -0.164142 0.455858 -1.820000
v -0.150000 3.730000 -1.800000
v -0.150000 3.750000 -1.820000
v -0.170000 3.730000 -1.820000
v -0.150000 3.744142 -1.805858
v -0.161547 3.741547 -1.808453
v -0.164142 3.744142 -1.820000
v -0.164142 3.730000 -1.805858
v -0.150000 0.450000 -1.880000
v -0.170000 0.470000 -1.880000
v -0.150000 0.470000 -1.900000
v -0.164142 0.455858 -1.880000
v -0.161547 0.458453 -1.891547
v -0.164142 0.470000 -1.894142
v -0.150000 0.455858 -1.894142
v -0.150000 3.750000 -1.880000
v -0.150000 3.730000 -1.900000
v -0.170000 3.730000 -1.880000
v -0.150000 3.744142 -1.894142
v -0.161547 3.741547 -1.891547
v -0.164142 3.730000 -1.894142
v -0.164142 3.744142 -1.880000
v 0.150000 0.450000 -1.820000
v 0.170000 0.470000 -1.820000
v 0.150000 0.470000 -1.800000
v 0.164142 0.455858 -1.820000
v 0.161547 0.458453 -1.808453
v 0.164142 0.470000 -1.805858
v 0.150000 0.455858 -1.805858
v 0.150000 3.750000 -1.820000
v 0.150000 3.730000 -1.800000
v 0.170000 3.730000 -1.820000
v 0.150000 3.744142 -1.805858
v 0.161547 3.741547 -1.808453
v 0.164142 3.730000 -1.805858
v 0.164142 3.744142 -1.820000
v 0.150000 0.450000 -1.880000
v 0.150000 0.470000 -1.900000
v 0.170000 0.470000 -1.880000
v 0.150000 0.455858 -1.894142
v 0.161547 0.458453 -1.891547
v 0.164142 0.470000 -1.894142
v 0.164142 0.455858 -1.880000
v 0.150000 3.750000 -1.880000
v 0.170000 3.730000 -1.880000
v 0.150000 3.730000 -1.900000
v 0.164142 3.744142 -1.880000
v 0.161547 3.741547 -1.891547
v 0.164142 3.730000 -1.894142
v 0.150000 3.744142 -1.894142
v 2.765000 0.450000 -1.820000
v 2.765000 0.470000 -1.800000
v 2.745000 0.470000 -1.820000
v 2.765000 0.455858 -1.805858
v 2.753453 0.458453 -1.808453
v 2.750858 0.470000 -1.805858
v 2.750858 0.455858 -1.820000
v 2.765000 3.730000 -1.800000
v 2.765000 3.750000 -1.820000
v 2.745000 3.730000 -1.820000
v 2.765000 3.744142 -1.805858
v 2.753453 3.741547 -1.808453
v 2.750858 3.744142 -1.820000
v 2.750858 3.730000 -1.805858
v 2.765000 0.450000 -1.880000
v 2.745000 0.470000 -1.880000
v 2.765000 0.470000 -1.900000
v 2.750858 0.455858 -1.880000
v 2.753453 0.458453 -1.891547
v 2.750858 0.470000 -1.894142
v 2.765000 0.455858 -1.894142
v 2.765000 3.750000 -1.880000
v 2.765000 3.730000 -1.900000
v 2.745000 3.730000 -1.880000
v 2.765000 3.744142 -1.894142
v 2.753453 3.741547 -1.891547
v 2.750858 3.730000 -1.894142
v 2.750858 3.744142 -1.880000
v 3.065000 0.450000 -1.820000
v 3.085000 0.470000 -1.820000
v 3.065000 0.470000 -1.800000
v 3.079142 0.455858 -1.820000
v 3.076547 0.458453 -1.808453
v 3.079142 0.470000 -1.805858
v 3.065000 0.455858 -1.805858
v 3.065000 3.750000 -1.820000
v 3.065000 3.730000 -1.800000
v 3.085000 3.730000 -1.820000
v 3.065000 3.744142 -1.805858
v 3.076547 3.741547 -1.808453
v 3.079142 3.730000 -1.805858
v 3.079142 3.744142 -1.820000
v 3.065000 0.450000 -1.880000
v 3.065000 0.470000 -1.900000
v 3.085000 0.470000 -1.880000
v 3.065000 0.455858 -1.894142
v 3.076547 0.458453 -1.891547
v 3.079142 0.470000 -1.894142
v 3.079142 0.455858 -1.880000
v 3.065000 3.750000 -1.880000
v 3.085000 3.730000 -1.880000
v 3.065000 3.730000 -1.900000
v 3.079142 3.744142 -1.880000
v 3.076547 3.741547 -1.891547
v 3.079142 3.730000 -1.894142
v 3.065000 3.744142 -1.894142
v 5.680000 0.450000 -1.820000
v 5.680000 0.470000 -1.800000
v 5.660000 0.470000 -1.820000
v 5.680000 0.455858 -1.805858
v 5.668453 0.458453 -1.808453
v 5.665858 0.470000 -1.805858
v 5.665858 0.455858 -1.820000
v 5.680000 3.730000 -1.800000
v 5.680000 3.750000 -1.820000
v 5.660000 3.730000 -1.820000
v 5.680000 3.744142 -1.805858
v 5.668453 3.741547 -1.808453
v 5.665858 3.744142 -1.820000
v 5.665858 3.730000 -1.805858
v 5.680000 0.450000 -1.880000
v 5.660000 0.470000 -1.880000
v 5.680000 0.470000 -1.900000
v 5.665858 0.455858 -1.880000
v 5.668453 0.458453 -1.891547
v 5.665858 0.470000 -1.894142
v 5.680000 0.455858 -1.894142
v 5.680000 3.750000 -1.880000
v 5.680000 3.730000 -1.900000
v 5.660000 3.730000 -1.880000
v 5.680000 3.744142 -1.894142
v 5.668453 3.741547 -1.891547
v 5.665858 3.730000 -1.894142
v 5.665858 3.744142 -1.880000
v 5.980000 0.450000 -1.820000
v 6.000000 0.470000 -1.820000
v 5.980000 0.470000 -1.800000
v 5.994142 0.455858 -1.820000
v 5.991547 0.458453 -1.808453
v 5.994142 0.470000 -1.805858
v 5.980000 0.455858 -1.805858
v 5.980000 3.750000 -1.820000
v 5.980000 3.730000 -1.800000
v 6.000000 3.730000 -1.820000
v 5.980000 3.744142 -1.805858
v 5.991547 3.741547 -1.808453
v 5.994142 3.730000 -1.805858
v 5.994142 3.744142 -1.820000
v 5.980000 0.450000 -1.880000
v 5.980000 0.470000 -1.900000
v 6.000000 0.470000 -1.880000
v 5.980000 0.455858 -1.894142
v 5.991547 0.458453 -1.891547
v 5.994142 0.470000 -1.894142
v 5.994142 0.455858 -1.880000
v 5.980000 3.750000 -1.880000
v 6.000000 3.730000 -1.880000
v 5.980000 3.730000 -1.900000
v 5.994142 3.744142 -1.880000
v 5.991547 3.741547 -1.891547
v 5.994142 3.730000 -1.894142
v 5.980000 3.744142 -1.894142
v -5.655000 3.560000 -1.815000
v -5.655000 3.575000 -1.800000
v -5.670000 3.575000 -1.815000
v -5.655000 3.564393 -1.804394
v -5.663660 3.566340 -1.806340
v -5.665606 3.575000 -1.804394
v -5.665606 3.564393 -1.815000
v -5.655000 3.865000 -1.800000
v -5.655000 3.880000 -1.815000
v -5.670000 3.865000 -1.815000
v -5.655000 3.875607 -1.804394
v -5.663660 3.873660 -1.806340
v -5.665606 3.875607 -1.815000
v -5.665606 3.865000 -1.804394
v -5.655000 3.560000 -1.865000
v -5.670000 3.575000 -1.865000
v -5.655000 3.575000 -1.880000
v -5.665607 3.564393 -1.865000
v -5.663661 3.566340 -1.873660
v -5.665607 3.575000 -1.875607
v -5.655001 3.564393 -1.875607
v -5.655000 3.880000 -1.865000
v -5.655000 3.865000 -1.880000
v -5.670000 3.865000 -1.865000
v -5.655000 3.875607 -1.875607
v -5.663660 3.873660 -1.873660
v -5.665606 3.865000 -1.875607
v -5.665606 3.875607 -1.865000
v -3.085000 3.560000 -1.815000
v -3.070000 3.575000 -1.815000
v -3.085000 3.575000 -1.800000
v -3.074393 3.564393 -1.815000
v -3.076340 3.566340 -1.806340
v -3.074393 3.575000 -1.804394
v -3.085000 3.564393 -1.804394
v -3.085000 3.880000 -1.815000
v -3.085000 3.865000 -1.800000
v -3.070000 3.865000 -1.815000
v -3.085000 3.875607 -1.804394
v -3.076340 3.873660 -1.806340
v -3.074393 3.865000 -1.804394
v -3.074393 3.875607 -1.815000
v -3.085000 3.560000 -1.865000
v -3.085000 3.575000 -1.880000
v -3.070000 3.575000 -1.865000
v -3.085000 3.564393 -1.875607
v -3.076340 3.566340 -1.873660
v -3.074393 3.575000 -1.875607
v -3.074393 3.564393 -1.865000
v -3.085000 3.880000 -1.865000
v -3.070000 3.865000 -1.865000
v -3.085000 3.865000 -1.880000
v -3.074393 3.875607 -1.865000
v -3.076340 3.873660 -1.873660
v -3.074393 3.865000 -1.875607
v -3.085000 3.875607 -1.875607
v -5.655000 0.300000 -1.815000
v -5.655000 0.315000 -1.800000
v -5.670000 0.315000 -1.815000
v -5.655000 0.304393 -1.804393
v -5.663660 0.306340 -1.806340
v -5.665606 0.315000 -1.804393
v -5.665606 0.304393 -1.815000
v -5.655000 0.645000 -1.800000
v -5.655000 0.660000 -1.815000
v -5.670000 0.645000 -1.815000
v -5.655000 0.655607 -1.804393
v -5.663660 0.653660 -1.806340
v -5.665606 0.655607 -1.815000
v -5.665606 0.645000 -1.804393
v -5.655000 0.300000 -1.865000
v -5.670000 0.315000 -1.865000
v -5.655000 0.315000 -1.880000
v -5.665607 0.304393 -1.865000
v -5.663661 0.306340 -1.873660
v -5.665607 0.315000 -1.875607
v -5.655001 0.304393 -1.875607
v -5.655000 0.660000 -1.865000
v -5.655000 0.645000 -1.880000
v -5.670000 0.645000 -1.865000
v -5.655000 0.655607 -1.875606
v -5.663660 0.653660 -1.873660
v -5.665606 0.645000 -1.875606
v -5.665606 0.655607 -1.865000
v -3.085000 0.300000 -1.815000
v -3.070000 0.315000 -1.815000
v -3.085000 0.315000 -1.800000
v -3.074393 0.304393 -1.815000
v -3.076340 0.306340 -1.806340
v -3.074393 0.315000 -1.804393
v -3.085000 0.304393 -1.804393
v -3.085000 0.660000 -1.815000
v -3.085000 0.645000 -1.800000
v -3.070000 0.645000 -1.815000
v -3.085000 0.655607 -1.804393
v -3.076340 0.653660 -1.806340
v -3.074393 0.645000 -1.804393
v -3.074393 0.655607 -1.815000
v -3.085000 0.300000 -1.865000
v -3.085000 0.315000 -1.880000
v -3.070000 0.315000 -1.865000
v -3.085000 0.304393 -1.875606
v -3.076340 0.306340 -1.873660
v -3.074393 0.315000 -1.875606
v -3.074393 0.304393 -1.865000
v -3.085000 0.660000 -1.865000
v -3.070000 0.645000 -1.865000
v -3.085000 0.645000 -1.880000
v -3.074393 0.655607 -1.865000
v -3.076340 0.653660 -1.873660
v -3.074393 0.645000 -1.875607
v -3.085000 0.655607 -1.875607
v -2.740000 3.560000 -1.815000
v -2.740000 3.575000 -1.800000
v -2.755000 3.575000 -1.815000
v -2.740000 3.564393 -1.804394
v -2.748661 3.566340 -1.806340
v -2.750607 3.575000 -1.804394
v -2.750607 3.564393 -1.815000
v -2.740000 3.865000 -1.800000
v -2.740000 3.880000 -1.815000
v -2.755000 3.865000 -1.815000
v -2.740000 3.875607 -1.804394
v -2.748661 3.873660 -1.806340
v -2.750607 3.875607 -1.815000
v -2.750607 3.865000 -1.804394
v -2.740000 3.560000 -1.865000
v -2.755000 3.575000 -1.865000
v -2.740000 3.575000 -1.880000
v -2.750607 3.564393 -1.865000
v -2.748660 3.566340 -1.873660
v -2.750607 3.575000 -1.875607
v -2.740000 3.564393 -1.875607
v -2.740000 3.880000 -1.865000
v -2.740000 3.865000 -1.880000
v -2.755000 3.865000 -1.865000
v -2.740000 3.875607 -1.875607
v -2.748661 3.873660 -1.873660
v -2.750607 3.865000 -1.875607
v -2.750607 3.875607 -1.865000
v -0.170000 3.560000 -1.815000
v -0.155000 3.575000 -1.815000
v -0.170000 3.575000 -1.800000
v -0.159393 3.564393 -1.815000
v -0.161340 3.566340 -1.806340
v -0.159393 3.575000 -1.804394
v -0.170000 3.564393 -1.804394
v -0.170000 3.880000 -1.815000
v -0.170000 3.865000 -1.800000
v -0.155000 3.865000 -1.815000
v -0.170000 3.875607 -1.804394
v -0.161340 3.873660 -1.806340
v -0.159393 3.865000 -1.804394
v -0.159393 3.875607 -1.815000
v -0.170000 3.560000 -1.865000
v -0.170000 3.575000 -1.880000
v -0.155000 3.575000 -1.865000
v -0.170000 3.564393 -1.875607
v -0.161340 3.566340 -1.873660
v -0.159393 3.575000 -1.875607
v -0.159393 3.564393 -1.865000
v -0.170000 3.880000 -1.865000
v -0.155000 3.865000 -1.865000
v -0.170000 3.865000 -1.880000
v -0.159393 3.875607 -1.865000
v -0.161340 3.873660 -1.873660
v -0.159393 3.865000 -1.875607
v -0.170000 3.875607 -1.875607
v -2.740000 0.300000 -1.815000
v -2.740000 0.315000 -1.800000
v -2.755000 0.315000 -1.815000
v -2.740000 0.304393 -1.804393
v -2.748661 0.306340 -1.806340
v -2.750607 0.315000 -1.804393
v -2.750607 0.304393 -1.815000
v -2.740000 0.645000 -1.800000
v -2.740000 0.660000 -1.815000
v -2.755000 0.645000 -1.815000
v -2.740000 0.655607 -1.804393
v -2.748661 0.653660 -1.806340
v -2.750607 0.655607 -1.815000
v -2.750607 0.645000 -1.804393
v -2.740000 0.300000 -1.865000
v -2.755000 0.315000 -1.865000
v -2.740000 0.315000 -1.880000
v -2.750607 0.304393 -1.865000
v -2.748660 0.306340 -1.873660
v -2.750607 0.315000 -1.875607
v -2.740000 0.304393 -1.875607
v -2.740000 0.660000 -1.865000
v -2.740000 0.645000 -1.880000
v -2.755000 0.645000 -1.865000
v -2.740000 0.655607 -1.875606
v -2.748661 0.653660 -1.873660
v -2.750607 0.645000 -1.875606
v -2.750607 0.655607 -1.865000
v -0.170000 0.300000 -1.815000
v -0.155000 0.315000 -1.815000
v -0.170000 0.315000 -1.800000
v -0.159393 0.304393 -1.815000
v -0.161340 0.306340 -1.806340
v -0.159393 0.315000 -1.804393
v -0.170000 0.304393 -1.804393
v -0.170000 0.660000 -1.815000
v -0.170000 0.645000 -1.800000
v -0.155000 0.645000 -1.815000
v -0.170000 0.655607 -1.804393
v -0.161340 0.653660 -1.806340
v -0.159393 0.645000 -1.804393
v -0.159393 0.655607 -1.815000
v -0.170000 0.300000 -1.865000
v -0.170000 0.315000 -1.880000
v -0.155000 0.315000 -1.865000
v -0.170000 0.304393 -1.875606
v -0.161340 0.306340 -1.873660
v -0.159393 0.315000 -1.875606
v -0.159393 0.304393 -1.865000
v -0.170000 0.660000 -1.865000
v -0.155000 0.645000 -1.865000
v -0.170000 0.645000 -1.880000
v -0.159393 0.655607 -1.865000
v -0.161340 0.653660 -1.873660
v -0.159393 0.645000 -1.875607
v -0.170000 0.655607 -1.875607
v 0.175000 3.560000 -1.815000
v 0.175000 3.575000 -1.800000
v 0.160000 3.575000 -1.815000
v 0.175000 3.564393 -1.804394
v 0.166340 3.566340 -1.806340
v 0.164393 3.575000 -1.804394
v 0.164393 3.564393 -1.815000
v 0.175000 3.865000 -1.800000
v 0.175000 3.880000 -1.815000
v 0.160000 3.865000 -1.815000
v 0.175000 3.875607 -1.804394
v 0.166340 3.873660 -1.806340
v 0.164393 3.875607 -1.815000
v 0.164393 3.865000 -1.804394
v 0.175000 3.560000 -1.865000
v 0.160000 3.575000 -1.865000
v 0.175000 3.575000 -1.880000
v 0.164393 3.564393 -1.865000
v 0.166340 3.566340 -1.873660
v 0.164393 3.575000 -1.875607
v 0.175000 3.564393 -1.875607
v 0.175000 3.880000 -1.865000
v 0.175000 3.865000 -1.880000
v 0.160000 3.865000 -1.865000
v 0.175000 3.875607 -1.875607
v 0.166340 3.873660 -1.873660
v 0.164393 3.865000 -1.875607
v 0.164393 3.875607 -1.865000
v 2.745000 3.560000 -1.815000
v 2.760000 3.575000 -1.815000
v 2.745000 3.575000 -1.800000
v 2.755607 3.564393 -1.815000
v 2.753660 3.566340 -1.806340
v 2.755607 3.575000 -1.804394
v 2.745000 3.564393 -1.804394
v 2.745000 3.880000 -1.815000
v 2.745000 3.865000 -1.800000
v 2.760000 3.865000 -1.815000
v 2.745000 3.875607 -1.804394
v 2.753660 3.873660 -1.806340
v 2.755607 3.865000 -1.804394
v 2.755607 3.875607 -1.815000
v 2.745000 3.560000 -1.865000
v 2.745000 3.575000 -1.880000
v 2.760000 3.575000 -1.865000
v 2.745000 3.564393 -1.875607
v 2.753660 3.566340 -1.873660
v 2.755607 3.575000 -1.875607
v 2.755607 3.564393 -1.865000
v 2.745000 3.880000 -1.865000
v 2.760000 3.865000 -1.865000
v 2.745000 3.865000 -1.880000
v 2.755607 3.875607 -1.865000
v 2.753660 3.873660 -1.873660
v 2.755607 3.865000 -1.875607
v 2.745000 3.875607 -1.875607
v 0.175000 0.300000 -1.815000
v 0.175000 0.315000 -1.800000
v 0.160000 0.315000 -1.815000
v 0.175000 0.304393 -1.804393
v 0.166340 0.306340 -1.806340
v 0.164393 0.315000 -1.804393
v 0.164393 0.304393 -1.815000
v 0.175000 0.645000 -1.800000
v 0.175000 0.660000 -1.815000
v 0.160000 0.645000 -1.815000
v 0.175000 0.655607 -1.804393
v 0.166340 0.653660 -1.806340
v 0.164393 0.655607 -1.815000
v 0.164393 0.645000 -1.804393
v 0.175000 0.300000 -1.865000
v 0.160000 0.315000 -1.865000
v 0.175000 0.315000 -1.880000
v 0.164393 0.304393 -1.865000
v 0.166340 0.306340 -1.873660
v 0.164393 0.315000 -1.875607
v 0.175000 0.304393 -1.875607
v 0.175000 0.660000 -1.865000
v 0.175000 0.645000 -1.880000
v 0.160000 0.645000 -1.865000
v 0.175000 0.655607 -1.875606
v 0.166340 0.653660 -1.873660
v 0.164393 0.645000 -1.875606
v 0.164393 0.655607 -1.865000
v 2.745000 0.300000 -1.815000
v 2.760000 0.315000 -1.815000
v 2.745000 0.315000 -1.800000
v 2.755607 0.304393 -1.815000
v 2.753660 0.306340 -1.806340
v 2.755607 0.315000 -1.804393
v 2.745000 0.304393 -1.804393
v 2.745000 0.660000 -1.815000
v 2.745000 0.645000 -1.800000
v 2.760000 0.645000 -1.815000
v 2.745000 0.655607 -1.804393
v 2.753660 0.653660 -1.806340
v 2.755607 0.645000 -1.804393
v 2.755607 0.655607 -1.815000
v 2.745000 0.300000 -1.865000
v 2.745000 0.315000 -1.880000
v 2.760000 0.315000 -1.865000
v 2.745000 0.304393 -1.875606
v 2.753660 0.306340 -1.873660
v 2.755607 0.315000 -1.875606
v 2.755607 0.304393 -1.865000
v 2.745000 0.660000 -1.865000
v 2.760000 0.645000 -1.865000
v 2.745000 0.645000 -1.880000
v 2.755607 0.655607 -1.865000
v 2.753660 0.653660 -1.873660
v 2.755607 0.645000 -1.875607
v 2.745000 0.655607 -1.875607
v 3.090000 3.560000 -1.815000
v 3.090000 3.575000 -1.800000
v 3.075000 3.575000 -1.815000
v 3.090000 3.564393 -1.804394
v 3.081340 3.566340 -1.806340
v 3.079393 3.575000 -1.804394
v 3.079393 3.564393 -1.815000
v 3.090000 3.865000 -1.800000
v 3.090000 3.880000 -1.815000
v 3.075000 3.865000 -1.815000
v 3.090000 3.875607 -1.804394
v 3.081340 3.873660 -1.806340
v 3.079393 3.875607 -1.815000
v 3.079393 3.865000 -1.804394
v 3.090000 3.560000 -1.865000
v 3.075000 3.575000 -1.865000
v 3.090000 3.575000 -1.880000
v 3.079393 3.564393 -1.865000
v 3.081340 3.566340 -1.873660
v 3.079393 3.575000 -1.875607
v 3.090000 3.564393 -1.875607
v 3.090000 3.880000 -1.865000
v 3.090000 3.865000 -1.880000
v 3.075000 3.865000 -1.865000
v 3.090000 3.875607 -1.875607
v 3.081340 3.873660 -1.873660
v 3.079393 3.865000 -1.875607
v 3.079393 3.875607 -1.865000
v 5.660000 3.560000 -1.815000
v 5.675000 3.575000 -1.815000
v 5.660000 3.575000 -1.800000
v 5.670607 3.564393 -1.815000
v 5.668661 3.566340 -1.806340
v 5.670607 3.575000 -1.804394
v 5.660000 3.564393 -1.804394
v 5.660000 3.880000 -1.815000
v 5.660000 3.865000 -1.800000
v 5.675000 3.865000 -1.815000
v 5.660000 3.875607 -1.804394
v 5.668661 3.873660 -1.806340
v 5.670607 3.865000 -1.804394
v 5.670607 3.875607 -1.815000
v 5.660000 3.560000 -1.865000
v 5.660000 3.575000 -1.880000
v 5.675000 3.575000 -1.865000
v 5.660000 3.564393 -1.875607
v 5.668661 3.566340 -1.873660
v 5.670607 3.575000 -1.875607
v 5.670607 3.564393 -1.865000
v 5.660000 3.880000 -1.865000
v 5.675000 3.865000 -1.865000
v 5.660000 3.865000 -1.880000
v 5.670607 3.875607 -1.865000
v 5.668661 3.873660 -1.873660
v 5.670607 3.865000 -1.875607
v 5.660000 3.875607 -1.875607
v 3.090000 0.300000 -1.815000
v 3.090000 0.315000 -1.800000
v 3.075000 0.315000 -1.815000
v 3.090000 0.304393 -1.804393
v 3.081340 0.306340 -1.806340
v 3.079393 0.315000 -1.804393
v 3.079393 0.304393 -1.815000
v 3.090000 0.645000 -1.800000
v 3.090000 0.660000 -1.815000
v 3.075000 0.645000 -1.815000
v 3.090000 0.655607 -1.804393
v 3.081340 0.653660 -1.806340
v 3.079393 0.655607 -1.815000
v 3.079393 0.645000 -1.804393
v 3.090000 0.300000 -1.865000
v 3.075000 0.315000 -1.865000
v 3.090000 0.315000 -1.880000
v 3.079393 0.304393 -1.865000
v 3.081340 0.306340 -1.873660
v 3.079393 0.315000 -1.875607
v 3.090000 0.304393 -1.875607
v 3.090000 0.660000 -1.865000
v 3.090000 0.645000 -1.880000
v 3.075000 0.645000 -1.865000
v 3.090000 0.655607 -1.875606
v 3.081340 0.653660 -1.873660
v 3.079393 0.645000 -1.875606
v 3.079393 0.655607 -1.865000
v 5.660000 0.300000 -1.815000
v 5.675000 0.315000 -1.815000
v 5.660000 0.315000 -1.800000
v 5.670607 0.304393 -1.815000
v 5.668661 0.306340 -1.806340
v 5.670607 0.315000 -1.804393
v 5.660000 0.304393 -1.804393
v 5.660000 0.660000 -1.815000
v 5.660000 0.645000 -1.800000
v 5.675000 0.645000 -1.815000
v 5.660000 0.655607 -1.804393
v 5.668661 0.653660 -1.806340
v 5.670607 0.645000 -1.804393
v 5.670607 0.655607 -1.815000
v 5.660000 0.300000 -1.865000
v 5.660000 0.315000 -1.880000
v 5.675000 0.315000 -1.865000
v 5.660000 0.304393 -1.875606
v 5.668661 0.306340 -1.873660
v 5.670607 0.315000 -1.875606
v 5.670607 0.304393 -1.865000
v 5.660000 0.660000 -1.865000
v 5.675000 0.645000 -1.865000
v 5.660000 0.645000 -1.880000
v 5.670607 0.655607 -1.865000
v 5.668661 0.653660 -1.873660
v 5.670607 0.645000 -1.875607
v 5.660000 0.655607 -1.875607
v -5.620000 0.700000 -1.800000
v -3.120000 0.700000 -1.800000
v -3.120000 3.500000 -1.800000
v -5.620000 3.500000 -1.800000
v -5.620000 0.700000 -1.831500
v -3.120000 0.700000 -1.831500
v -3.120000 3.500000 -1.831500
v -5.620000 3.500000 -1.831500
v -5.300000 1.020000 -1.890000
v -3.440000 1.020000 -1.890000
v -3.440000 3.180000 -1.890000
v -5.300000 3.180000 -1.890000
v -2.705000 0.700000 -1.800000
v -0.205000 0.700000 -1.800000
v -0.205000 3.500000 -1.800000
v -2.705000 3.500000 -1.800000
v -2.705000 0.700000 -1.831500
v -0.205000 0.700000 -1.831500
v -0.205000 3.500000 -1.831500
v -2.705000 3.500000 -1.831500
v -2.385000 1.020000 -1.890000
v -0.525000 1.020000 -1.890000
v -0.525000 3.180000 -1.890000
v -2.385000 3.180000 -1.890000
v 0.210000 0.700000 -1.800000
v 2.710000 0.700000 -1.800000
v 2.710000 3.500000 -1.800000
v 0.210000 3.500000 -1.800000
v 0.210000 0.700000 -1.831500
v 2.710000 0.700000 -1.831500
v 2.710000 3.500000 -1.831500
v 0.210000 3.500000 -1.831500
v 0.530000 1.020000 -1.890000
v 2.390000 1.020000 -1.890000
v 2.390000 3.180000 -1.890000
v 0.530000 3.180000 -1.890000
v 3.125000 0.700000 -1.800000
v 5.625000 0.700000 -1.800000
v 5.625000 3.500000 -1.800000
v 3.125000 3.500000 -1.800000
v 3.125000 0.700000 -1.831500
v 5.625000 0.700000 -1.831500
v 5.625000 3.500000 -1.831500
v 3.125000 3.500000 -1.831500
v 3.445000 1.020000 -1.890000
v 5.305000 1.020000 -1.890000
v 5.305000 3.180000 -1.890000
v 3.445000 3.180000 -1.890000
v -6.200000 4.200000 -0.500000
v 6.200000 4.200000 -0.500000
v -6.200000 4.200000 -1.950000
v 6.200000 4.200000 -1.950000
v -6.200000 4.200000 -1.950000
v 6.200000 4.200000 -1.950000
v -6.200000 4.211418 -2.007403
v 6.200000 4.211418 -2.007403
v -6.200000 4.243934 -2.056066
v 6.200000 4.243934 -2.056066
v -6.200000 4.292597 -2.088582
v 6.200000 4.292597 -2.088582
v -6.200000 4.350000 -2.100000
v 6.200000 4.350000 -2.100000
v -6.200000 4.407403 -2.088582
v 6.200000 4.407403 -2.088582
v -6.200000 4.456066 -2.056066
v 6.200000 4.456066 -2.056066
v -6.200000 4.488582 -2.007403
v 6.200000 4.488582 -2.007403
v -6.200000 4.500000 -1.950000
v 6.200000 4.500000 -1.950000
v -6.200000 4.500000 -0.500000
v 6.200000 4.500000 -0.500000
v -6.000000 4.200000 -1.800000
v 6.000000 4.200000 -1.800000
v -6.000000 3.980000 -1.800000
v 6.000000 3.980000 -1.800000
v -6.000000 4.016667 -1.809378
v 6.000000 4.016667 -1.809378
v -6.000000 4.053333 -1.835000
v 6.000000 4.053333 -1.835000
v -6.000000 4.090000 -1.870000
v 6.000000 4.090000 -1.870000
v -6.000000 4.126667 -1.905000
v 6.000000 4.126667 -1.905000
v -6.000000 4.163333 -1.930622
v 6.000000 4.163333 -1.930622
v -6.000000 4.200000 -1.940000
v 6.000000 4.200000 -1.940000
v -6.000000 3.980000 -1.800000
v 6.000000 3.980000 -1.800000
v -5.530000 3.620000 -1.800000
v -5.270000 3.620000 -1.800000
v -5.530000 4.200000 -1.800000
v -5.270000 4.200000 -1.800000
v -5.530000 4.200000 -2.050000
v -5.270000 4.200000 -2.050000
v -5.530000 4.188856 -2.001228
v -5.270000 4.188856 -2.001228
v -5.530000 4.155850 -1.954329
v -5.270000 4.155850 -1.954329
v -5.530000 4.102252 -1.911108
v -5.270000 4.102252 -1.911108
v -5.530000 4.030122 -1.873223
v -5.270000 4.030122 -1.873223
v -5.530000 3.942231 -1.842133
v -5.270000 3.942231 -1.842133
v -5.530000 3.841956 -1.819030
v -5.270000 3.841956 -1.819030
v -5.530000 3.733152 -1.804804
v -5.270000 3.733152 -1.804804
v -1.930000 3.620000 -1.800000
v -1.670000 3.620000 -1.800000
v -1.930000 4.200000 -1.800000
v -1.670000 4.200000 -1.800000
v -1.930000 4.200000 -2.050000
v -1.670000 4.200000 -2.050000
v -1.930000 4.188856 -2.001228
v -1.670000 4.188856 -2.001228
v -1.930000 4.155850 -1.954329
v -1.670000 4.155850 -1.954329
v -1.930000 4.102252 -1.911108
v -1.670000 4.102252 -1.911108
v -1.930000 4.030122 -1.873223
v -1.670000 4.030122 -1.873223
v -1.930000 3.942231 -1.842133
v -1.670000 3.942231 -1.842133
v -1.930000 3.841956 -1.819030
v -1.670000 3.841956 -1.819030
v -1.930000 3.733152 -1.804804
v -1.670000 3.733152 -1.804804
v 1.670000 3.620000 -1.800000
v 1.930000 3.620000 -1.800000
v 1.670000 4.200000 -1.800000
v 1.930000 4.200000 -1.800000
v 1.670000 4.200000 -2.050000
v 1.930000 4.200000 -2.050000
v 1.670000 4.188856 -2.001228
v 1.930000 4.188856 -2.001228
v 1.670000 4.155850 -1.954329
v 1.930000 4.155850 -1.954329
v 1.670000 4.102252 -1.911108
v 1.930000 4.102252 -1.911108
v 1.670000 4.030122 -1.873223
v 1.930000 4.030122 -1.873223
v 1.670000 3.942231 -1.842133
v 1.930000 3.942231 -1.842133
v 1.670000 3.841956 -1.819030
v 1.930000 3.841956 -1.819030
v 1.670000 3.733152 -1.804804
v 1.930000 3.733152 -1.804804
v 5.270000 3.620000 -1.800000
v 5.530000 3.620000 -1.800000
v 5.270000 4.200000 -1.800000
v 5.530000 4.200000 -1.800000
v 5.270000 4.200000 -2.050000
v 5.530000 4.200000 -2.050000
v 5.270000 4.188856 -2.001228
v 5.530000 4.188856 -2.001228
v 5.270000 4.155850 -1.954329
v 5.530000 4.155850 -1.954329
v 5.270000 4.102252 -1.911108
v 5.530000 4.102252 -1.911108
v 5.270000 4.030122 -1.873223
v 5.530000 4.030122 -1.873223
v 5.270000 3.942231 -1.842133
v 5.530000 3.942231 -1.842133
v 5.270000 3.841956 -1.819030
v 5.530000 3.841956 -1.819030
v 5.270000 3.733152 -1.804804
v 5.530000 3.733152 -1.804804
v -6.280000 0.000000 1.780000
v -6.280000 0.020000 1.800000
v -6.300000 0.020000 1.780000
v -6.280000 0.005858 1.794142
v -6.291547 0.008453 1.791547
v -6.294142 0.020000 1.794142
v -6.294142 0.005858 1.780000
v -6.280000 4.180000 1.800000
v -6.280000 4.200000 1.780000
v -6.300000 4.180000 1.780000
v -6.280000 4.194142 1.794142
v -6.291547 4.191547 1.791547
v -6.294142 4.194142 1.780000
v -6.294142 4.180000 1.794142
v -6.280000 -0.000000 -1.680000
v -6.300000 0.020000 -1.680000
v -6.280000 0.020000 -1.700000
v -6.294142 0.005858 -1.680000
v -6.291547 0.008453 -1.691547
v -6.294142 0.020000 -1.694142
v -6.280000 0.005858 -1.694142
v -6.280000 4.200000 -1.680000
v -6.280000 4.180000 -1.700000
v -6.300000 4.180000 -1.680000
v -6.280000 4.194142 -1.694143
v -6.291547 4.191547 -1.691547
v -6.294142 4.180000 -1.694143
v -6.294142 4.194142 -1.680000
v -5.720000 0.000000 1.780000
v -5.700000 0.020000 1.780000
v -5.720000 0.020000 1.800000
v -5.705858 0.005858 1.780000
v -5.708453 0.008453 1.791547
v -5.705858 0.020000 1.794142
v -5.720000 0.005858 1.794142
v -5.720000 4.200000 1.780000
v -5.720000 4.180000 1.800000
v -5.700000 4.180000 1.780000
v -5.720000 4.194142 1.794142
v -5.708453 4.191547 1.791547
v -5.705858 4.180000 1.794142
v -5.705858 4.194142 1.780000
v -5.720000 -0.000000 -1.680000
v -5.720000 0.020000 -1.700000
v -5.700000 0.020000 -1.680000
v -5.720000 0.005858 -1.694142
v -5.708453 0.008453 -1.691547
v -5.705858 0.020000 -1.694142
v -5.705858 0.005858 -1.680000
v -5.720000 4.200000 -1.680000
v -5.700000 4.180000 -1.680000
v -5.720000 4.180000 -1.700000
v -5.705858 4.194142 -1.680000
v -5.708453 4.191547 -1.691547
v -5.705858 4.180000 -1.694143
v -5.720000 4.194142 -1.694143
v -6.345000 4.200000 1.845000
v -6.345000 4.215000 1.860000
v -6.360000 4.215000 1.845000
v -6.345000 4.204393 1.855606
v -6.353661 4.206339 1.853660
v -6.355607 4.215000 1.855606
v -6.355607 4.204393 1.845000
v -6.345000 4.285000 1.860000
v -6.345000 4.300000 1.845000
v -6.360000 4.285000 1.845000
v -6.345000 4.295607 1.855606
v -6.353661 4.293661 1.853660
v -6.355607 4.295607 1.845000
v -6.355607 4.285000 1.855606
v -6.345000 4.200000 -1.845000
v -6.360000 4.215000 -1.845000
v -6.345000 4.215000 -1.860000
v -6.355606 4.204393 -1.845000
v -6.353660 4.206339 -1.853660
v -6.355606 4.215000 -1.855607
v -6.344999 4.204393 -1.855607
v -6.345000 4.300000 -1.845000
v -6.345000 4.285000 -1.860000
v -6.360000 4.285000 -1.845000
v -6.345000 4.295607 -1.855607
v -6.353661 4.293661 -1.853660
v -6.355607 4.285000 -1.855607
v -6.355607 4.295607 -1.845000
v -5.655000 4.200000 1.845000
v -5.640000 4.215000 1.845000
v -5.655000 4.215000 1.860000
v -5.644394 4.204393 1.845000
v -5.646340 4.206339 1.853660
v -5.644394 4.215000 1.855606
v -5.655001 4.204393 1.855606
v -5.655000 4.300000 1.845000
v -5.655000 4.285000 1.860000
v -5.640000 4.285000 1.845000
v -5.655000 4.295607 1.855606
v -5.646339 4.293661 1.853660
v -5.644393 4.285000 1.855606
v -5.644393 4.295607 1.845000
v -5.655000 4.200000 -1.845000
v -5.655000 4.215000 -1.860000
v -5.640000 4.215000 -1.845000
v -5.655000 4.204393 -1.855607
v -5.646339 4.206339 -1.853660
v -5.644393 4.215000 -1.855607
v -5.644393 4.204393 -1.845000
v -5.655000 4.300000 -1.845000
v -5.640000 4.285000 -1.845000
v -5.655000 4.285000 -1.860000
v -5.644394 4.295607 -1.845000
v -5.646340 4.293661 -1.853660
v -5.644394 4.285000 -1.855607
v -5.655001 4.295607 -1.855607
v -6.300000 0.750000 1.200000
v -6.300000 0.750000 -1.400000
v -6.300000 3.450000 -1.400000
v -6.300000 3.450000 1.200000
v -6.324500 0.750000 1.200000
v -6.324500 0.750000 -1.400000
v -6.324500 3.450000 -1.400000
v -6.324500 3.450000 1.200000
v -6.370000 1.030000 0.920000
v -6.370000 1.030000 -1.120000
v -6.370000 3.170000 -1.120000
v -6.370000 3.170000 0.920000
v 5.720000 0.000000 1.780000
v 5.720000 0.020000 1.800000
v 5.700000 0.020000 1.780000
v 5.720000 0.005858 1.794142
v 5.708453 0.008453 1.791547
v 5.705858 0.020000 1.794142
v 5.705858 0.005858 1.780000
v 5.720000 4.180000 1.800000
v 5.720000 4.200000 1.780000
v 5.700000 4.180000 1.780000
v 5.720000 4.194142 1.794142
v 5.708453 4.191547 1.791547
v 5.705858 4.194142 1.780000
v 5.705858 4.180000 1.794142
v 5.720000 -0.000000 -1.680000
v 5.700000 0.020000 -1.680000
v 5.720000 0.020000 -1.700000
v 5.705858 0.005858 -1.680000
v 5.708453 0.008453 -1.691547
v 5.705858 0.020000 -1.694142
v 5.720000 0.005858 -1.694142
v 5.720000 4.200000 -1.680000
v 5.720000 4.180000 -1.700000
v 5.700000 4.180000 -1.680000
v 5.720000 4.194142 -1.694143
v 5.708453 4.191547 -1.691547
v 5.705858 4.180000 -1.694143
v 5.705858 4.194142 -1.680000
v 6.280000 0.000000 1.780000
v 6.300000 0.020000 1.780000
v 6.280000 0.020000 1.800000
v 6.294142 0.005858 1.780000
v 6.291547 0.008453 1.791547
v 6.294142 0.020000 1.794142
v 6.280000 0.005858 1.794142
v 6.280000 4.200000 1.780000
v 6.280000 4.180000 1.800000
v 6.300000 4.180000 1.780000
v 6.280000 4.194142 1.794142
v 6.291547 4.191547 1.791547
v 6.294142 4.180000 1.794142
v 6.294142 4.194142 1.780000
v 6.280000 -0.000000 -1.680000
v 6.280000 0.020000 -1.700000
v 6.300000 0.020000 -1.680000
v 6.280000 0.005858 -1.694142
v 6.291547 0.008453 -1.691547
v 6.294142 0.020000 -1.694142
v 6.294142 0.005858 -1.680000
v 6.280000 4.200000 -1.680000
v 6.300000 4.180000 -1.680000
v 6.280000 4.180000 -1.700000
v 6.294142 4.194142 -1.680000
v 6.291547 4.191547 -1.691547
v 6.294142 4.180000 -1.694143
v 6.280000 4.194142 -1.694143
v 5.655000 4.200000 1.845000
v 5.655000 4.215000 1.860000
v 5.640000 4.215000 1.845000
v 5.655000 4.204393 1.855606
v 5.646339 4.206339 1.853660
v 5.644393 4.215000 1.855606
v 5.644393 4.204393 1.845000
v 5.655000 4.285000 1.860000
v 5.655000 4.300000 1.845000
v 5.640000 4.285000 1.845000
v 5.655000 4.295607 1.855606
v 5.646339 4.293661 1.853660
v 5.644393 4.295607 1.845000
v 5.644393 4.285000 1.855606
v 5.655000 4.200000 -1.845000
v 5.640000 4.215000 -1.845000
v 5.655000 4.215000 -1.860000
v 5.644394 4.204393 -1.845000
v 5.646340 4.206339 -1.853660
v 5.644394 4.215000 -1.855607
v 5.655001 4.204393 -1.855607
v 5.655000 4.300000 -1.845000
v 5.655000 4.285000 -1.860000
v 5.640000 4.285000 -1.845000
v 5.655000 4.295607 -1.855607
v 5.646339 4.293661 -1.853660
v 5.644393 4.285000 -1.855607
v 5.644393 4.295607 -1.845000
v 6.345000 4.200000 1.845000
v 6.360000 4.215000 1.845000
v 6.345000 4.215000 1.860000
v 6.355606 4.204393 1.845000
v 6.353660 4.206339 1.853660
v 6.355606 4.215000 1.855606
v 6.344999 4.204393 1.855606
v 6.345000 4.300000 1.845000
v 6.345000 4.285000 1.860000
v 6.360000 4.285000 1.845000
v 6.345000 4.295607 1.855606
v 6.353661 4.293661 1.853660
v 6.355607 4.285000 1.855606
v 6.355607 4.295607 1.845000
v 6.345000 4.200000 -1.845000
v 6.345000 4.215000 -1.860000
v 6.360000 4.215000 -1.845000
v 6.345000 4.204393 -1.855607
v 6.353661 4.206339 -1.853660
v 6.355607 4.215000 -1.855607
v 6.355607 4.204393 -1.845000
v 6.345000 4.300000 -1.845000
v 6.360000 4.285000 -1.845000
v 6.345000 4.285000 -1.860000
v 6.355606 4.295607 -1.845000
v 6.353660 4.293661 -1.853660
v 6.355606 4.285000 -1.855607
v 6.344999 4.295607 -1.855607
v 6.300000 0.750000 -1.400000
v 6.300000 0.750000 1.200000
v 6.300000 3.450000 1.200000
v 6.300000 3.450000 -1.400000
v 6.324500 0.750000 -1.400000
v 6.324500 0.750000 1.200000
v 6.324500 3.450000 1.200000
v 6.324500 3.450000 -1.400000
v 6.370000 1.030000 -1.120000
v 6.370000 1.030000 0.920000
v 6.370000 3.170000 0.920000
v 6.370000 3.170000 -1.120000
v -5.680000 2.875000 1.080000
v -5.680000 2.895000 1.100000
v -5.700000 2.895000 1.080000
v -5.680000 2.880858 1.094142
v -5.691547 2.883453 1.091547
v -5.694142 2.895000 1.094142
v -5.694142 2.880858 1.080000
v -5.680000 3.105000 1.100000
v -5.680000 3.125000 1.080000
v -5.700000 3.105000 1.080000
v -5.680000 3.119142 1.094142
v -5.691547 3.116547 1.091547
v -5.694142 3.119142 1.080000
v -5.694142 3.105000 1.094142
v -5.680000 2.875000 -1.080000
v -5.700000 2.895000 -1.080000
v -5.680000 2.895000 -1.100000
v -5.694142 2.880858 -1.080000
v -5.691547 2.883453 -1.091547
v -5.694142 2.895000 -1.094142
v -5.680000 2.880858 -1.094142
v -5.680000 3.125000 -1.080000
v -5.680000 3.105000 -1.100000
v -5.700000 3.105000 -1.080000
v -5.680000 3.119142 -1.094142
v -5.691547 3.116547 -1.091547
v -5.694142 3.105000 -1.094142
v -5.694142 3.119142 -1.080000
v 5.680000 2.875000 1.080000
v 5.700000 2.895000 1.080000
v 5.680000 2.895000 1.100000
v 5.694142 2.880858 1.080000
v 5.691547 2.883453 1.091547
v 5.694142 2.895000 1.094142
v 5.680000 2.880858 1.094142
v 5.680000 3.125000 1.080000
v 5.680000 3.105000 1.100000
v 5.700000 3.105000 1.080000
v 5.680000 3.119142 1.094142
v 5.691547 3.116547 1.091547
v 5.694142 3.105000 1.094142
v 5.694142 3.119142 1.080000
v 5.680000 2.875000 -1.080000
v 5.680000 2.895000 -1.100000
v 5.700000 2.895000 -1.080000
v 5.680000 2.880858 -1.094142
v 5.691547 2.883453 -1.091547
v 5.694142 2.895000 -1.094142
v 5.694142 2.880858 -1.080000
v 5.680000 3.125000 -1.080000
v 5.700000 3.105000 -1.080000
v 5.680000 3.105000 -1.100000
v 5.694142 3.119142 -1.080000
v 5.691547 3.116547 -1.091547
v 5.694142 3.105000 -1.094142
v 5.680000 3.119142 -1.094142
v -5.690000 2.840000 1.170000
v -5.690000 2.850000 1.180000
v -5.700000 2.850000 1.170000
v -5.689999 2.842928 1.177071
v -5.695773 2.844226 1.175774
v -5.697070 2.849999 1.177071
v -5.697070 2.842928 1.170000
v -5.690000 3.130000 1.180000
v -5.690000 3.140000 1.170000
v -5.700000 3.130000 1.170000
v -5.689999 3.137071 1.177071
v -5.695773 3.135774 1.175774
v -5.697070 3.137071 1.170000
v -5.697070 3.130000 1.177071
v -5.690000 2.840000 1.110000
v -5.700000 2.850000 1.110000
v -5.690000 2.850000 1.100000
v -5.697070 2.842928 1.110000
v -5.695773 2.844226 1.104226
v -5.697070 2.849999 1.102929
v -5.689999 2.842928 1.102929
v -5.690000 3.140000 1.110000
v -5.690000 3.130000 1.100000
v -5.700000 3.130000 1.110000
v -5.689999 3.137071 1.102929
v -5.695773 3.135774 1.104226
v -5.697070 3.130000 1.102929
v -5.697070 3.137071 1.110000
v 5.690000 2.840000 1.170000
v 5.700000 2.850000 1.170000
v 5.690000 2.850000 1.180000
v 5.697070 2.842928 1.170000
v 5.695773 2.844226 1.175774
v 5.697070 2.849999 1.177071
v 5.689999 2.842928 1.177071
v 5.690000 3.140000 1.170000
v 5.690000 3.130000 1.180000
v 5.700000 3.130000 1.170000
v 5.689999 3.137071 1.177071
v 5.695773 3.135774 1.175774
v 5.697070 3.130000 1.177071
v 5.697070 3.137071 1.170000
v 5.690000 2.840000 1.110000
v 5.690000 2.850000 1.100000
v 5.700000 2.850000 1.110000
v 5.689999 2.842928 1.102929
v 5.695773 2.844226 1.104226
v 5.697070 2.849999 1.102929
v 5.697070 2.842928 1.110000
v 5.690000 3.140000 1.110000
v 5.700000 3.130000 1.110000
v 5.690000 3.130000 1.100000
v 5.697070 3.137071 1.110000
v 5.695773 3.135774 1.104226
v 5.697070 3.130000 1.102929
v 5.689999 3.137071 1.102929
v -5.490000 1.140000 0.840000
v -5.490000 1.150000 0.850000
v -5.500000 1.150000 0.840000
v -5.490000 1.142929 0.847071
v -5.495773 1.144227 0.845774
v -5.497071 1.150000 0.847071
v -5.497071 1.142929 0.840000
v -5.490000 1.250000 0.850000
v -5.490000 1.260000 0.840000
v -5.500000 1.250000 0.840000
v -5.490000 1.257071 0.847071
v -5.495773 1.255774 0.845774
v -5.497071 1.257071 0.840000
v -5.497071 1.250000 0.847071
v -5.490000 1.140000 -0.640000
v -5.500000 1.150000 -0.640000
v -5.490000 1.150000 -0.650000
v -5.497071 1.142929 -0.640000
v -5.495773 1.144227 -0.645774
v -5.497071 1.150000 -0.647071
v -5.490000 1.142929 -0.647071
v -5.490000 1.260000 -0.640000
v -5.490000 1.250000 -0.650000
v -5.500000 1.250000 -0.640000
v -5.490000 1.257071 -0.647071
v -5.495773 1.255774 -0.645774
v -5.497071 1.250000 -0.647071
v -5.497071 1.257071 -0.640000
v 5.490000 1.140000 0.840000
v 5.500000 1.150000 0.840000
v 5.490000 1.150000 0.850000
v 5.497071 1.142929 0.840000
v 5.495773 1.144227 0.845774
v 5.497071 1.150000 0.847071
v 5.490000 1.142929 0.847071
v 5.490000 1.260000 0.840000
v 5.490000 1.250000 0.850000
v 5.500000 1.250000 0.840000
v 5.490000 1.257071 0.847071
v 5.495773 1.255774 0.845774
v 5.497071 1.250000 0.847071
v 5.497071 1.257071 0.840000
v 5.490000 1.140000 -0.640000
v 5.490000 1.150000 -0.650000
v 5.500000 1.150000 -0.640000
v 5.490000 1.142929 -0.647071
v 5.495773 1.144227 -0.645774
v 5.497071 1.150000 -0.647071
v 5.497071 1.142929 -0.640000
v 5.490000 1.260000 -0.640000
v 5.500000 1.250000 -0.640000
v 5.490000 1.250000 -0.650000
v 5.497071 1.257071 -0.640000
v 5.495773 1.255774 -0.645774
v 5.497071 1.250000 -0.647071
v 5.490000 1.257071 -0.647071
vn -0.1794 -0.9673 0.1794
vn -0.3251 -0.8881 0.3251
vn -0.3791 -0.9152 0.1368
vn -0.1794 -0.1794 0.9673
vn -0.3251 -0.3250 0.8881
vn -0.1369 -0.3790 0.9152
vn -0.9673 -0.1794 0.1794
vn -0.8881 -0.3251 0.3250
vn -0.9152 -0.1368 0.3791
vn -0.1794 0.1794 0.9673
vn -0.3251 0.3250 0.8881
vn -0.3791 0.1369 0.9152
vn -0.1794 0.9673 0.1794
vn -0.3251 0.8881 0.3251
vn -0.1369 0.9152 0.3791
vn -0.9673 0.1794 0.1794
vn -0.8881 0.3251 0.3250
vn -0.9152 0.3791 0.1368
vn -0.1794 -0.9673 -0.1794
vn -0.3251 -0.8881 -0.3251
vn -0.1369 -0.9152 -0.3791
vn -0.9673 -0.1794 -0.1794
vn -0.8881 -0.3251 -0.3250
vn -0.9152 -0.3791 -0.1368
vn -0.1794 -0.1794 -0.9673
vn -0.3250 -0.3250 -0.8881
vn -0.3791 -0.1369 -0.9152
vn -0.1794 0.9673 -0.1794
vn -0.3251 0.8881 -0.3251
vn -0.3791 0.9152 -0.1368
vn -0.1794 0.1794 -0.9673
vn -0.3251 0.3250 -0.8881
vn -0.1369 0.3791 -0.9152
vn -0.9673 0.1794 -0.1794
vn -0.8881 0.3251 -0.3250
vn -0.9152 0.1368 -0.3790
vn 0.1794 -0.9673 0.1794
vn 0.3251 -0.8881 0.3251
vn 0.1369 -0.9152 0.3791
vn 0.9673 -0.1794 0.1794
vn 0.8881 -0.3251 0.3250
vn 0.9152 -0.3791 0.1368
vn 0.1794 -0.1794 0.9673
vn 0.3251 -0.3250 0.8881
vn 0.3791 -0.1369 0.9152
vn 0.1794 0.9673 0.1794
vn 0.3251 0.8881 0.3251
vn 0.3791 0.9152 0.1368
vn 0.1794 0.1794 0.9673
vn 0.3251 0.3250 0.8881
vn 0.1369 0.3791 0.9152
vn 0.9673 0.1794 0.1794
vn 0.8881 0.3251 0.3250
vn 0.9152 0.1368 0.3790
vn 0.1794 -0.9673 -0.1794
vn 0.3251 -0.8881 -0.3251
vn 0.3791 -0.9152 -0.1368
vn 0.1794 -0.1794 -0.9673
vn 0.3250 -0.3250 -0.8881
vn 0.1369 -0.3790 -0.9152
vn 0.9673 -0.1794 -0.1794
vn 0.8881 -0.3251 -0.3250
vn 0.9152 -0.1368 -0.3791
vn 0.1794 0.9673 -0.1794
vn 0.3251 0.8881 -0.3251
vn 0.1369 0.9152 -0.3791
vn 0.9673 0.1794 -0.1794
vn 0.8881 0.3251 -0.3250
vn 0.9152 0.3791 -0.1368
vn 0.1794 0.1794 -0.9673
vn 0.3251 0.3250 -0.8881
vn 0.3791 0.1369 -0.9152
vn -0.3791 -0.9152 -0.1368
vn -0.9152 -0.3791 0.1368
vn -0.3791 -0.1369 0.9152
vn -0.9152 0.1368 0.3790
vn -0.3791 0.9152 0.1368
vn -0.9152 0.3791 -0.1368
vn -0.3791 0.1369 -0.9152
vn -0.9152 -0.1368 -0.3791
vn 0.1369 -0.9152 -0.3791
vn -0.1369 -0.3790 -0.9152
vn -0.1369 0.9152 -0.3791
vn 0.1369 0.3791 -0.9152
vn 0.9152 0.1368 -0.3790
vn 0.3791 -0.1369 -0.9152
vn 0.3791 -0.9152 0.1368
vn 0.9152 -0.3791 -0.1368
vn 0.3791 0.9152 -0.1368
vn 0.9152 0.3791 0.1368
vn 0.3791 0.1369 0.9152
vn 0.9152 -0.1368 0.3791
vn -0.1369 -0.9152 0.3791
vn 0.1369 -0.3790 0.9152
vn 0.1369 0.9152 0.3791
vn -0.1369 0.3791 0.9152
vn -0.3251 -0.8881 0.3250
vn -0.3791 -0.9152 0.1369
vn -0.3250 -0.3251 0.8881
vn -0.1368 -0.3791 0.9152
vn -0.8880 -0.3252 0.3251
vn -0.9151 -0.1369 0.3792
vn -0.3251 0.3251 0.8881
vn -0.3251 0.8881 0.3250
vn -0.1368 0.9152 0.3791
vn -0.8880 0.3252 0.3251
vn -0.9152 0.3791 0.1369
vn -0.8881 -0.3251 -0.3251
vn -0.9152 -0.3791 -0.1369
vn -0.3251 -0.3251 -0.8881
vn -0.3791 0.9152 -0.1369
vn -0.3251 0.3251 -0.8881
vn -0.1368 0.3791 -0.9152
vn -0.8880 0.3251 -0.3251
vn -0.9151 0.1369 -0.3792
vn 0.3251 -0.8881 0.3250
vn 0.1368 -0.9152 0.3791
vn 0.8880 -0.3252 0.3251
vn 0.9152 -0.3791 0.1369
vn 0.3250 -0.3251 0.8881
vn 0.3251 0.8881 0.3250
vn 0.3791 0.9152 0.1369
vn 0.3251 0.3251 0.8881
vn 0.1368 0.3791 0.9152
vn 0.8880 0.3252 0.3251
vn 0.9151 0.1369 0.3792
vn 0.3791 -0.9152 -0.1369
vn 0.3251 -0.3251 -0.8881
vn 0.1369 -0.3791 -0.9152
vn 0.8881 -0.3251 -0.3251
vn 0.9152 -0.1369 -0.3792
vn 0.8880 0.3251 -0.3251
vn 0.9152 0.3791 -0.1369
vn 0.3251 0.3251 -0.8881
vn 0.3792 0.1369 -0.9152
vn -0.3791 -0.9152 -0.1369
vn -0.9151 0.1369 0.3792
vn -0.3791 0.9152 0.1369
vn -0.9152 0.3791 -0.1369
vn -0.9152 -0.1369 -0.3792
vn -0.1369 -0.3791 -0.9152
vn 0.1368 0.3791 -0.9152
vn 0.9151 0.1369 -0.3792
vn 0.3791 -0.9152 0.1369
vn 0.9152 -0.3791 -0.1369
vn 0.3791 0.9152 -0.1369
vn 0.9151 -0.1369 0.3792
vn -0.1368 -0.9152 0.3791
vn 0.1368 -0.3791 0.9152
vn 0.1368 0.9152 0.3791
vn -0.1368 0.3791 0.9152
vn -0.3250 -0.8881 0.3250
vn -0.3251 -0.3251 0.8881
vn -0.1369 -0.3791 0.9152
vn -0.8881 -0.3251 0.3251
vn -0.9152 -0.1369 0.3791
vn -0.3250 0.8881 0.3250
vn -0.8881 0.3251 0.3251
vn -0.8881 0.3251 -0.3251
vn -0.9152 0.1368 -0.3791
vn 0.8881 -0.3251 0.3251
vn 0.3251 -0.3251 0.8881
vn 0.8881 0.3251 0.3251
vn 0.9152 0.1368 0.3791
vn 0.3251 -0.8881 -0.3250
vn 0.8881 -0.3250 -0.3251
vn 0.3250 0.8881 -0.3250
vn 0.1368 0.9152 -0.3791
vn 0.8881 0.3250 -0.3251
vn -0.9152 0.1369 0.3791
vn 0.1368 -0.9152 -0.3791
vn -0.1368 0.9152 -0.3791
vn 0.9152 0.1368 -0.3791
vn 0.1369 -0.3791 0.9152
vn -0.8881 -0.3250 0.3251
vn -0.8881 0.3250 0.3251
vn -0.3251 0.8881 -0.3250
vn 0.9152 0.1369 0.3791
vn 0.9152 -0.1369 -0.3791
vn 0.8881 0.3251 -0.3251
vn -0.3791 -0.1368 0.9152
vn -0.9152 0.1368 0.3791
vn 0.9152 0.1369 -0.3791
vn 0.9152 -0.1369 0.3791
vn -0.9152 0.1369 -0.3791
vn -0.9152 -0.1369 -0.3791
vn 0.8881 -0.3250 0.3251
vn 0.3791 -0.1368 0.9152
vn 0.8881 0.3250 0.3251
vn 0.3251 0.8881 -0.3250
vn -0.3251 -0.8881 -0.3250
vn -0.1368 -0.9152 -0.3791
vn -0.8881 -0.3250 -0.3251
vn -0.3250 0.8881 -0.3250
vn -0.8881 0.3250 -0.3251
vn 0.3250 -0.8881 0.3250
vn 0.3250 0.8881 0.3250
vn -0.1369 0.9152 0.3790
vn -0.9152 0.3792 0.1369
vn -0.3251 -0.3250 -0.8881
vn -0.9151 0.3792 -0.1369
vn -0.1368 0.9152 -0.3790
vn 0.9152 0.3791 0.1369
vn 0.3250 0.3251 -0.8881
vn -0.9151 0.3792 -0.1368
vn -0.3250 0.3251 -0.8881
vn -0.9152 -0.3791 0.1369
vn -0.1368 -0.3791 -0.9152
vn 0.1369 -0.9152 0.3790
vn 0.9152 -0.3790 0.1368
vn 0.8881 0.3250 0.3250
vn 0.8881 0.3250 -0.3250
vn 0.3791 0.1368 -0.9152
vn -0.3791 0.1368 -0.9152
vn 0.9152 -0.3790 -0.1368
vn 0.9152 0.3790 0.1368
vn 0.3791 0.1368 0.9152
vn -0.3250 -0.3251 -0.8881
vn -0.3250 0.8881 -0.3251
vn 0.9152 0.3790 0.1369
vn -0.0000 -0.0000 1.0000
vn -0.0000 -1.0000 -0.0000
vn -0.0679 -0.0679 -0.9954
vn 0.0907 -0.0907 -0.9917
vn -0.0906 -0.0907 -0.9917
vn 1.0000 -0.0000 -0.0000
vn 0.0679 0.0679 -0.9954
vn 0.0907 0.0906 -0.9917
vn -0.0000 1.0000 -0.0000
vn -0.0679 0.0679 -0.9954
vn -0.0907 0.0907 -0.9917
vn -1.0000 -0.0000 -0.0000
vn 0.0679 -0.0679 -0.9954
vn 0.0907 -0.0906 -0.9917
vn 0.0907 0.0907 -0.9917
vn -0.0907 0.0906 -0.9917
vn -0.0907 -0.0907 -0.9917
vn -0.0000 -0.9239 -0.3827
vn -0.0000 -0.9808 -0.1951
vn -0.0000 -0.7071 -0.7071
vn -0.0000 -0.3827 -0.9239
vn -0.0000 -0.0000 -1.0000
vn -0.0000 0.3827 -0.9239
vn -0.0000 0.7071 -0.7071
vn -0.0000 0.9239 -0.3827
vn -0.0000 0.9952 -0.0980
vn -0.8824 -0.0000 0.4706
vn 0.8824 -0.0000 0.4706
vn -0.0000 -0.4170 -0.9089
vn -0.0000 -0.2478 -0.9688
vn -0.0000 -0.6335 -0.7738
vn -0.0000 -0.6905 -0.7234
vn -0.0000 0.5369 0.8437
vn -0.1002 -0.0000 0.9950
vn -0.0000 -0.9749 -0.2227
vn -0.0000 -0.9135 -0.4068
vn -0.0000 -0.9749 -0.2228
vn -0.0000 -0.7298 -0.6836
vn -0.0000 -0.5490 -0.8358
vn -0.0000 -0.4003 -0.9164
vn -0.0000 -0.2794 -0.9602
vn -0.0000 -0.2795 -0.9602
vn -0.0000 -0.1773 -0.9842
vn -0.0000 -0.0861 -0.9963
vn -0.0000 -0.0424 -0.9991
vn -0.3791 -0.1368 -0.9152
vn 0.3251 -0.3250 -0.8881
vn 0.3791 -0.1368 -0.9152
vn -0.1368 0.9152 0.3790
vn -0.8880 -0.3251 -0.3251
vn -0.9152 -0.3792 -0.1368
vn 0.8880 -0.3251 0.3251
vn 0.9151 -0.3792 0.1368
vn 0.1368 -0.3791 -0.9152
vn 0.9152 0.3792 -0.1368
vn -0.3792 -0.9152 -0.1369
vn 0.9152 0.1369 -0.3792
vn 0.3792 -0.9152 0.1369
vn 0.3792 0.9152 -0.1369
vn 0.9152 -0.1369 0.3792
vn -0.1368 -0.9152 0.3790
vn -0.9963 -0.0605 0.0605
vn -0.9935 -0.0807 -0.0807
vn -0.9935 -0.0807 0.0807
vn -0.9963 -0.0605 -0.0605
vn -0.9935 0.0807 -0.0807
vn -0.9963 0.0605 -0.0605
vn -0.9935 0.0807 0.0807
vn -0.9963 0.0605 0.0605
vn 0.1368 -0.9152 -0.3790
vn 0.9963 -0.0605 -0.0605
vn 0.9935 -0.0807 0.0807
vn 0.9935 -0.0807 -0.0807
vn 0.9963 -0.0605 0.0605
vn 0.9935 0.0807 0.0807
vn 0.9963 0.0605 0.0605
vn 0.9935 0.0807 -0.0807
vn 0.9963 0.0605 -0.0605
vn -0.3250 -0.8881 0.3251
vn -0.9152 -0.1368 0.3792
vn -0.3791 0.1368 0.9152
vn -0.8880 0.3251 0.3251
vn -0.9151 0.3793 0.1368
vn -0.3250 -0.8881 -0.3250
vn -0.1368 -0.9152 -0.3790
vn -0.9152 0.1368 -0.3792
vn 0.3250 -0.8881 0.3251
vn 0.8880 0.3251 0.3251
vn 0.9152 0.1368 0.3792
vn 0.3250 -0.8881 -0.3250
vn 0.9673 -0.1793 -0.1794
vn 0.9152 -0.1368 -0.3792
vn -0.9152 0.1368 0.3792
vn 0.9152 0.1368 -0.3792
vn 0.1368 0.9152 0.3792
vn -0.9673 -0.1795 0.1794
vn -0.8880 -0.3251 0.3251
vn -0.9673 0.1795 -0.1794
vn 0.9152 -0.3792 0.1368
vn 0.9673 0.1795 0.1794
vn 0.9673 -0.1795 -0.1794
vn 0.8880 -0.3251 -0.3251
vn -0.9151 -0.3793 0.1368
vn -0.9151 0.3793 -0.1368
vn 0.9151 -0.3793 -0.1368
vn 0.9151 0.3793 0.1368
vn -0.9151 -0.3792 0.1368
vn -0.0000 -0.0000 -0.0000
vn 1.0000 -0.0000 0.0011
vn -0.9152 -0.1368 -0.3792
vn 0.9152 -0.1368 0.3792
vt 0.540663 0.465870
vt 0.540996 0.466205
vt 0.540662 0.466280
vt 0.325381 0.003643
vt 0.325715 0.003309
vt 0.325790 0.003643
vt 0.175939 0.788835
vt 0.175604 0.789125
vt 0.175529 0.788807
vt 0.175939 0.003643
vt 0.175604 0.003309
vt 0.175939 0.003234
vt 0.511365 0.003643
vt 0.511700 0.003309
vt 0.511775 0.003643
vt 0.175939 0.641378
vt 0.175604 0.641009
vt 0.175939 0.640947
vt 0.518652 0.465870
vt 0.518317 0.466205
vt 0.518242 0.465870
vt 0.197950 0.788835
vt 0.198284 0.789125
vt 0.197950 0.789211
vt 0.482064 0.465870
vt 0.482404 0.466205
vt 0.482068 0.466280
vt 0.489355 0.003643
vt 0.489020 0.003309
vt 0.489354 0.003234
vt 0.332663 0.465870
vt 0.332334 0.466205
vt 0.332257 0.465870
vt 0.197950 0.641378
vt 0.198284 0.641009
vt 0.198359 0.641351
vt 0.540663 0.003643
vt 0.540996 0.003309
vt 0.541071 0.003643
vt 0.576312 0.788989
vt 0.576646 0.789323
vt 0.576312 0.789398
vt 0.325381 0.465870
vt 0.325715 0.466205
vt 0.325381 0.466280
vt 0.511365 0.465870
vt 0.511700 0.466205
vt 0.511365 0.466280
vt 0.175939 0.465870
vt 0.175604 0.466205
vt 0.175529 0.465870
vt 0.576312 0.639547
vt 0.576646 0.639212
vt 0.576721 0.639547
vt 0.518652 0.003643
vt 0.518317 0.003309
vt 0.518651 0.003233
vt 0.482064 0.003643
vt 0.482405 0.003309
vt 0.482478 0.003643
vt 0.554301 0.788989
vt 0.553967 0.789323
vt 0.553892 0.788989
vt 0.489355 0.465870
vt 0.489020 0.466205
vt 0.488945 0.465870
vt 0.554301 0.639547
vt 0.553967 0.639212
vt 0.554301 0.639137
vt 0.332663 0.003643
vt 0.332334 0.003309
vt 0.332667 0.003233
vt 0.518651 0.466280
vt 0.175939 0.789211
vt 0.325381 0.003234
vt 0.175529 0.641351
vt 0.511365 0.003233
vt 0.197950 0.640947
vt 0.332667 0.466280
vt 0.198359 0.788807
vt 0.518242 0.003643
vt 0.482478 0.465870
vt 0.488945 0.003643
vt 0.332257 0.003643
vt 0.553892 0.639547
vt 0.482068 0.003233
vt 0.540662 0.003233
vt 0.554301 0.789398
vt 0.489354 0.466280
vt 0.576312 0.639137
vt 0.175939 0.466280
vt 0.576721 0.788989
vt 0.541071 0.465870
vt 0.325790 0.465870
vt 0.511775 0.465870
vt 0.175529 0.003643
vt 0.651866 0.454535
vt 0.652088 0.454758
vt 0.651866 0.454808
vt 0.669691 0.003507
vt 0.669914 0.003284
vt 0.669964 0.003507
vt 0.149126 0.933748
vt 0.148933 0.933525
vt 0.149145 0.933475
vt 0.658879 0.003507
vt 0.658656 0.003284
vt 0.658879 0.003233
vt 0.626317 0.003507
vt 0.626540 0.003284
vt 0.626590 0.003507
vt 0.159795 0.933748
vt 0.160042 0.933525
vt 0.160083 0.933748
vt 0.633331 0.454535
vt 0.633107 0.454758
vt 0.633057 0.454535
vt 0.149126 0.952284
vt 0.148933 0.952507
vt 0.148875 0.952284
vt 0.687511 0.454535
vt 0.687737 0.454758
vt 0.687513 0.454808
vt 0.607782 0.003507
vt 0.607559 0.003284
vt 0.607782 0.003233
vt 0.676701 0.454535
vt 0.676482 0.454758
vt 0.676431 0.454535
vt 0.159795 0.952284
vt 0.160042 0.952507
vt 0.159814 0.952557
vt 0.651866 0.003507
vt 0.652088 0.003284
vt 0.652139 0.003507
vt 0.137825 0.931756
vt 0.138048 0.931533
vt 0.138098 0.931756
vt 0.669691 0.454535
vt 0.669914 0.454758
vt 0.669691 0.454808
vt 0.626317 0.454535
vt 0.626540 0.454758
vt 0.626317 0.454808
vt 0.658879 0.454535
vt 0.658656 0.454758
vt 0.658606 0.454535
vt 0.127013 0.931756
vt 0.126790 0.931533
vt 0.127013 0.931483
vt 0.633331 0.003507
vt 0.633107 0.003284
vt 0.633330 0.003233
vt 0.687511 0.003507
vt 0.687738 0.003284
vt 0.687786 0.003507
vt 0.137825 0.950292
vt 0.138048 0.950515
vt 0.137825 0.950565
vt 0.607782 0.454535
vt 0.607559 0.454758
vt 0.607509 0.454535
vt 0.127013 0.950292
vt 0.126790 0.950515
vt 0.126740 0.950292
vt 0.676701 0.003507
vt 0.676482 0.003284
vt 0.676704 0.003234
vt 0.633330 0.454808
vt 0.669691 0.003233
vt 0.159814 0.933475
vt 0.626317 0.003233
vt 0.160083 0.952284
vt 0.676704 0.454808
vt 0.149145 0.952557
vt 0.633057 0.003507
vt 0.687786 0.454535
vt 0.607509 0.003507
vt 0.676431 0.003507
vt 0.127013 0.950565
vt 0.687513 0.003234
vt 0.651866 0.003233
vt 0.138098 0.950292
vt 0.607782 0.454808
vt 0.658879 0.454808
vt 0.137825 0.931483
vt 0.652139 0.454535
vt 0.669964 0.454535
vt 0.626590 0.454535
vt 0.658606 0.003507
vt 0.289453 0.946011
vt 0.289897 0.946457
vt 0.289452 0.946557
vt 0.094819 0.781016
vt 0.095265 0.781462
vt 0.094819 0.781562
vt 0.867672 0.575907
vt 0.867226 0.576294
vt 0.867126 0.575870
vt 0.094819 0.655129
vt 0.095265 0.654683
vt 0.095365 0.655129
vt 0.935826 0.829742
vt 0.936271 0.829296
vt 0.936372 0.829742
vt 0.867672 0.451693
vt 0.867226 0.451200
vt 0.867672 0.451117
vt 0.287136 0.946011
vt 0.286688 0.946457
vt 0.286589 0.946011
vt 0.869989 0.575907
vt 0.870435 0.576294
vt 0.869989 0.576409
vt 0.848528 0.709269
vt 0.848082 0.709723
vt 0.847982 0.709275
vt 0.933509 0.829742
vt 0.933063 0.829296
vt 0.933509 0.829196
vt 0.848528 0.583417
vt 0.848082 0.582979
vt 0.848528 0.582876
vt 0.869989 0.451693
vt 0.870435 0.451200
vt 0.870535 0.451656
vt 0.289453 0.934427
vt 0.289897 0.933981
vt 0.289998 0.934427
vt 0.275754 0.767379
vt 0.276200 0.767825
vt 0.275754 0.767925
vt 0.083234 0.781016
vt 0.082788 0.781462
vt 0.082688 0.781016
vt 0.935826 0.841327
vt 0.936271 0.841772
vt 0.935826 0.841873
vt 0.083234 0.655129
vt 0.082788 0.654683
vt 0.083234 0.654583
vt 0.275754 0.641493
vt 0.276200 0.641047
vt 0.276300 0.641493
vt 0.287136 0.934427
vt 0.286688 0.933981
vt 0.287135 0.933881
vt 0.860113 0.709269
vt 0.860559 0.709723
vt 0.860113 0.709821
vt 0.273437 0.767379
vt 0.272991 0.767825
vt 0.272891 0.767379
vt 0.933509 0.841327
vt 0.933063 0.841772
vt 0.932963 0.841327
vt 0.273437 0.641493
vt 0.272991 0.641047
vt 0.273437 0.640947
vt 0.860113 0.583417
vt 0.860559 0.582979
vt 0.860659 0.583422
vt 0.287135 0.946557
vt 0.095365 0.781016
vt 0.867126 0.451656
vt 0.935826 0.829196
vt 0.869989 0.451117
vt 0.847982 0.583422
vt 0.286589 0.934427
vt 0.932963 0.829742
vt 0.860113 0.582876
vt 0.272891 0.641493
vt 0.289452 0.933881
vt 0.273437 0.767925
vt 0.933509 0.841873
vt 0.082688 0.655129
vt 0.276300 0.767379
vt 0.289998 0.946011
vt 0.083234 0.781562
vt 0.936372 0.841327
vt 0.094819 0.654583
vt 0.945703 0.841327
vt 0.946147 0.841772
vt 0.945702 0.841873
vt 0.363302 0.767379
vt 0.363748 0.767825
vt 0.363302 0.767925
vt 0.877548 0.839424
vt 0.877102 0.839811
vt 0.877002 0.839387
vt 0.363302 0.641493
vt 0.363748 0.641047
vt 0.363848 0.641493
vt 0.305573 0.925709
vt 0.306018 0.925263
vt 0.306119 0.925709
vt 0.877548 0.715210
vt 0.877102 0.714717
vt 0.877548 0.714635
vt 0.943386 0.841327
vt 0.942938 0.841772
vt 0.942839 0.841327
vt 0.879865 0.839424
vt 0.880311 0.839811
vt 0.879865 0.839926
vt 0.140665 0.780977
vt 0.140220 0.781430
vt 0.140119 0.780982
vt 0.303256 0.925709
vt 0.302810 0.925263
vt 0.303256 0.925163
vt 0.140665 0.655124
vt 0.140220 0.654686
vt 0.140665 0.654583
vt 0.879865 0.715210
vt 0.880311 0.714717
vt 0.880411 0.715173
vt 0.945703 0.829742
vt 0.946147 0.829296
vt 0.946248 0.829742
vt 0.168516 0.781016
vt 0.168962 0.781462
vt 0.168516 0.781562
vt 0.351717 0.767379
vt 0.351271 0.767825
vt 0.351171 0.767379
vt 0.305573 0.937294
vt 0.306018 0.937740
vt 0.305573 0.937840
vt 0.351717 0.641493
vt 0.351271 0.641047
vt 0.351717 0.640947
vt 0.168516 0.655129
vt 0.168962 0.654683
vt 0.169062 0.655129
vt 0.943386 0.829742
vt 0.942938 0.829296
vt 0.943385 0.829196
vt 0.152250 0.780977
vt 0.152696 0.781430
vt 0.152250 0.781528
vt 0.166199 0.781016
vt 0.165753 0.781462
vt 0.165653 0.781016
vt 0.303256 0.937294
vt 0.302810 0.937740
vt 0.302710 0.937294
vt 0.166199 0.655129
vt 0.165753 0.654683
vt 0.166199 0.654583
vt 0.152250 0.655124
vt 0.152696 0.654686
vt 0.152796 0.655129
vt 0.943385 0.841873
vt 0.363848 0.767379
vt 0.877002 0.715173
vt 0.305573 0.925163
vt 0.879865 0.714635
vt 0.140119 0.655129
vt 0.880411 0.839387
vt 0.942839 0.829742
vt 0.140665 0.781528
vt 0.302710 0.925709
vt 0.152250 0.654583
vt 0.165653 0.655129
vt 0.152796 0.780982
vt 0.945702 0.829196
vt 0.166199 0.781562
vt 0.303256 0.937840
vt 0.351171 0.641493
vt 0.169062 0.781016
vt 0.946248 0.841327
vt 0.351717 0.767925
vt 0.306119 0.937294
vt 0.363302 0.640947
vt 0.458538 0.930218
vt 0.458982 0.930664
vt 0.458537 0.930764
vt 0.113963 0.781016
vt 0.114408 0.781462
vt 0.113963 0.781562
vt 0.877548 0.575907
vt 0.877102 0.576294
vt 0.877002 0.575870
vt 0.113963 0.655129
vt 0.114408 0.654683
vt 0.114509 0.655129
vt 0.485324 0.933555
vt 0.485770 0.933109
vt 0.485870 0.933555
vt 0.877548 0.451693
vt 0.877102 0.451200
vt 0.877548 0.451117
vt 0.456221 0.930218
vt 0.455774 0.930664
vt 0.455674 0.930218
vt 0.879865 0.575907
vt 0.880311 0.576294
vt 0.879865 0.576409
vt 0.015763 0.783125
vt 0.015317 0.783579
vt 0.015216 0.783131
vt 0.483007 0.933555
vt 0.482561 0.933109
vt 0.483007 0.933008
vt 0.015763 0.657273
vt 0.015317 0.656835
vt 0.015763 0.656732
vt 0.879865 0.451693
vt 0.880311 0.451200
vt 0.880411 0.451656
vt 0.458538 0.918633
vt 0.458982 0.918187
vt 0.459083 0.918633
vt 0.008040 0.783165
vt 0.008485 0.783611
vt 0.008040 0.783711
vt 0.102378 0.781016
vt 0.101932 0.781462
vt 0.101832 0.781016
vt 0.485324 0.945139
vt 0.485770 0.945585
vt 0.485324 0.945685
vt 0.102378 0.655129
vt 0.101932 0.654683
vt 0.102378 0.654583
vt 0.008040 0.657278
vt 0.008485 0.656832
vt 0.008586 0.657278
vt 0.456221 0.918633
vt 0.455774 0.918187
vt 0.456220 0.918087
vt 0.027347 0.783125
vt 0.027793 0.783579
vt 0.027347 0.783677
vt 0.005723 0.783165
vt 0.005277 0.783611
vt 0.005176 0.783165
vt 0.483007 0.945139
vt 0.482561 0.945585
vt 0.482461 0.945139
vt 0.005723 0.657278
vt 0.005277 0.656832
vt 0.005723 0.656732
vt 0.027347 0.657273
vt 0.027793 0.656835
vt 0.027893 0.657278
vt 0.456220 0.930764
vt 0.114509 0.781016
vt 0.877002 0.451656
vt 0.485324 0.933008
vt 0.879865 0.451117
vt 0.015216 0.657278
vt 0.880411 0.575870
vt 0.455674 0.918633
vt 0.015763 0.783677
vt 0.482461 0.933555
vt 0.027347 0.656732
vt 0.005176 0.657278
vt 0.027893 0.783131
vt 0.458537 0.918087
vt 0.005723 0.783711
vt 0.483007 0.945685
vt 0.101832 0.655129
vt 0.008586 0.783165
vt 0.459083 0.930218
vt 0.102378 0.781562
vt 0.485870 0.945139
vt 0.113963 0.654583
vt 0.055450 0.934595
vt 0.055894 0.935041
vt 0.055449 0.935141
vt 0.075675 0.781016
vt 0.076121 0.781462
vt 0.075675 0.781562
vt 0.677090 0.885619
vt 0.676644 0.886006
vt 0.676544 0.885583
vt 0.075675 0.655129
vt 0.076121 0.654683
vt 0.076221 0.655129
vt 0.485324 0.914411
vt 0.485770 0.913965
vt 0.485870 0.914411
vt 0.677090 0.761405
vt 0.676644 0.760912
vt 0.677090 0.760830
vt 0.053133 0.934595
vt 0.052685 0.935041
vt 0.052586 0.934595
vt 0.679407 0.885619
vt 0.679853 0.886006
vt 0.679407 0.886122
vt 0.848528 0.575858
vt 0.848082 0.576311
vt 0.847982 0.575863
vt 0.483007 0.914411
vt 0.482561 0.913965
vt 0.483007 0.913865
vt 0.848528 0.450005
vt 0.848082 0.449567
vt 0.848528 0.449465
vt 0.679407 0.761405
vt 0.679853 0.760912
vt 0.679953 0.761369
vt 0.055450 0.923011
vt 0.055894 0.922565
vt 0.055995 0.923011
vt 0.869989 0.709309
vt 0.870435 0.709755
vt 0.869989 0.709855
vt 0.064090 0.781016
vt 0.063644 0.781462
vt 0.063544 0.781016
vt 0.485324 0.925995
vt 0.485770 0.926441
vt 0.485324 0.926541
vt 0.064090 0.655129
vt 0.063644 0.654683
vt 0.064090 0.654583
vt 0.869989 0.583422
vt 0.870435 0.582976
vt 0.870535 0.583422
vt 0.053133 0.923011
vt 0.052685 0.922565
vt 0.053132 0.922464
vt 0.860113 0.575858
vt 0.860559 0.576311
vt 0.860113 0.576409
vt 0.867672 0.709309
vt 0.867226 0.709755
vt 0.867126 0.709309
vt 0.483007 0.925995
vt 0.482561 0.926441
vt 0.482461 0.925995
vt 0.867672 0.583422
vt 0.867226 0.582976
vt 0.867672 0.582876
vt 0.860113 0.450005
vt 0.860559 0.449567
vt 0.860659 0.450011
vt 0.053132 0.935141
vt 0.076221 0.781016
vt 0.676544 0.761369
vt 0.485324 0.913865
vt 0.679407 0.760830
vt 0.847982 0.450011
vt 0.679953 0.885583
vt 0.052586 0.923011
vt 0.848528 0.576409
vt 0.482461 0.914411
vt 0.860113 0.449465
vt 0.867126 0.583422
vt 0.860659 0.575863
vt 0.055449 0.922464
vt 0.867672 0.709855
vt 0.483007 0.926542
vt 0.063544 0.655129
vt 0.870535 0.709309
vt 0.055995 0.934595
vt 0.064090 0.781562
vt 0.485870 0.925995
vt 0.075675 0.654583
vt 0.224197 0.946309
vt 0.224641 0.946755
vt 0.224196 0.946855
vt 0.133106 0.781016
vt 0.133552 0.781462
vt 0.133106 0.781562
vt 0.877548 0.707666
vt 0.877102 0.708053
vt 0.877002 0.707629
vt 0.133106 0.655129
vt 0.133552 0.654683
vt 0.133652 0.655129
vt 0.119727 0.934021
vt 0.120173 0.933575
vt 0.120273 0.934021
vt 0.877548 0.583452
vt 0.877102 0.582959
vt 0.877548 0.582876
vt 0.221881 0.946309
vt 0.221433 0.946755
vt 0.221333 0.946309
vt 0.879865 0.707666
vt 0.880311 0.708053
vt 0.879865 0.708168
vt 0.848528 0.842681
vt 0.848082 0.843134
vt 0.847982 0.842686
vt 0.117410 0.934021
vt 0.116964 0.933575
vt 0.117410 0.933475
vt 0.848528 0.716828
vt 0.848082 0.716390
vt 0.848528 0.716288
vt 0.879865 0.583452
vt 0.880311 0.582959
vt 0.880411 0.583415
vt 0.224197 0.934724
vt 0.224641 0.934278
vt 0.224742 0.934724
vt 0.869989 0.842754
vt 0.870435 0.843200
vt 0.869989 0.843300
vt 0.121522 0.781016
vt 0.121076 0.781462
vt 0.120976 0.781016
vt 0.119727 0.945606
vt 0.120173 0.946052
vt 0.119727 0.946152
vt 0.121522 0.655129
vt 0.121076 0.654683
vt 0.121522 0.654583
vt 0.869989 0.716868
vt 0.870435 0.716422
vt 0.870535 0.716868
vt 0.221881 0.934724
vt 0.221433 0.934278
vt 0.221879 0.934178
vt 0.860113 0.842681
vt 0.860559 0.843134
vt 0.860113 0.843232
vt 0.867672 0.842754
vt 0.867226 0.843200
vt 0.867126 0.842754
vt 0.117410 0.945606
vt 0.116964 0.946052
vt 0.116864 0.945606
vt 0.867672 0.716868
vt 0.867226 0.716422
vt 0.867672 0.716322
vt 0.860113 0.716828
vt 0.860559 0.716390
vt 0.860659 0.716833
vt 0.221879 0.946855
vt 0.133652 0.781016
vt 0.877002 0.583415
vt 0.119727 0.933475
vt 0.879865 0.582876
vt 0.847982 0.716833
vt 0.880411 0.707629
vt 0.221333 0.934724
vt 0.116864 0.934021
vt 0.860113 0.716288
vt 0.867126 0.716868
vt 0.860659 0.842686
vt 0.224196 0.934178
vt 0.867672 0.843300
vt 0.117410 0.946152
vt 0.120976 0.655129
vt 0.870535 0.842754
vt 0.224742 0.946309
vt 0.121522 0.781562
vt 0.120273 0.945606
vt 0.133106 0.654583
vt 0.992225 0.550769
vt 0.992558 0.551103
vt 0.992224 0.551178
vt 0.642361 0.892696
vt 0.642695 0.892362
vt 0.642770 0.892696
vt 0.594266 0.800396
vt 0.593931 0.800686
vt 0.593856 0.800368
vt 0.631162 0.892696
vt 0.630828 0.892362
vt 0.631162 0.892287
vt 0.357201 0.897115
vt 0.357536 0.896781
vt 0.357611 0.897115
vt 0.594266 0.789346
vt 0.593931 0.788976
vt 0.594266 0.788914
vt 0.990294 0.550769
vt 0.989959 0.551103
vt 0.989884 0.550769
vt 0.596197 0.800396
vt 0.596531 0.800686
vt 0.596197 0.800772
vt 0.679540 0.992240
vt 0.679880 0.992574
vt 0.679544 0.992649
vt 0.355271 0.897115
vt 0.354936 0.896781
vt 0.355271 0.896706
vt 0.668344 0.992240
vt 0.668016 0.992574
vt 0.667939 0.992240
vt 0.596197 0.789346
vt 0.596531 0.788976
vt 0.596606 0.789319
vt 0.992225 0.451527
vt 0.992558 0.451193
vt 0.992634 0.451527
vt 0.197950 0.934181
vt 0.198284 0.934516
vt 0.197950 0.934591
vt 0.642361 0.991938
vt 0.642695 0.992272
vt 0.642361 0.992347
vt 0.357202 0.996357
vt 0.357536 0.996691
vt 0.357201 0.996767
vt 0.631162 0.991938
vt 0.630828 0.992272
vt 0.630753 0.991938
vt 0.197950 0.922983
vt 0.198284 0.922648
vt 0.198359 0.922983
vt 0.990294 0.451527
vt 0.989959 0.451193
vt 0.990293 0.451117
vt 0.679540 0.892998
vt 0.679880 0.892664
vt 0.679953 0.892998
vt 0.196019 0.934181
vt 0.195684 0.934516
vt 0.195609 0.934181
vt 0.355271 0.996357
vt 0.354936 0.996691
vt 0.354861 0.996357
vt 0.196019 0.922983
vt 0.195684 0.922648
vt 0.196019 0.922573
vt 0.668344 0.892998
vt 0.668016 0.892664
vt 0.668348 0.892588
vt 0.990293 0.551178
vt 0.642361 0.892287
vt 0.593856 0.789319
vt 0.357201 0.896706
vt 0.596197 0.788914
vt 0.668348 0.992649
vt 0.989884 0.451527
vt 0.354861 0.897115
vt 0.195609 0.922983
vt 0.992224 0.451117
vt 0.196019 0.934591
vt 0.355271 0.996767
vt 0.197950 0.922573
vt 0.631162 0.992347
vt 0.992634 0.550769
vt 0.357611 0.996357
vt 0.630753 0.892696
vt 0.990957 0.949419
vt 0.991291 0.949753
vt 0.990957 0.949828
vt 0.047513 0.796159
vt 0.047847 0.795825
vt 0.047923 0.796160
vt 0.052995 0.915621
vt 0.052661 0.915911
vt 0.052586 0.915593
vt 0.034770 0.796159
vt 0.034436 0.795825
vt 0.034770 0.795750
vt 0.366418 0.897115
vt 0.366753 0.896781
vt 0.366828 0.897115
vt 0.052995 0.903047
vt 0.052661 0.902677
vt 0.052995 0.902615
vt 0.989027 0.949419
vt 0.988691 0.949753
vt 0.988616 0.949419
vt 0.054926 0.915621
vt 0.055261 0.915911
vt 0.054926 0.915998
vt 0.795241 0.980127
vt 0.795581 0.980461
vt 0.795245 0.980537
vt 0.364488 0.897115
vt 0.364153 0.896781
vt 0.364487 0.896706
vt 0.782501 0.980127
vt 0.782173 0.980461
vt 0.782096 0.980127
vt 0.054926 0.903047
vt 0.055261 0.902677
vt 0.055336 0.903020
vt 0.990957 0.850177
vt 0.991291 0.849843
vt 0.991366 0.850177
vt 0.889219 0.842349
vt 0.889553 0.842683
vt 0.889219 0.842758
vt 0.047513 0.895401
vt 0.047847 0.895736
vt 0.047513 0.895811
vt 0.366418 0.996357
vt 0.366753 0.996691
vt 0.366418 0.996767
vt 0.034770 0.895401
vt 0.034436 0.895736
vt 0.034360 0.895401
vt 0.889219 0.829605
vt 0.889553 0.829271
vt 0.889628 0.829605
vt 0.989027 0.850177
vt 0.988691 0.849843
vt 0.989026 0.849767
vt 0.795241 0.880885
vt 0.795581 0.880551
vt 0.795654 0.880885
vt 0.887288 0.842349
vt 0.886953 0.842683
vt 0.886878 0.842349
vt 0.364488 0.996357
vt 0.364153 0.996691
vt 0.364078 0.996357
vt 0.887288 0.829605
vt 0.886953 0.829271
vt 0.887288 0.829196
vt 0.782501 0.880885
vt 0.782173 0.880551
vt 0.782505 0.880476
vt 0.989026 0.949828
vt 0.047513 0.795750
vt 0.052586 0.903020
vt 0.366418 0.896706
vt 0.054926 0.902615
vt 0.782505 0.980537
vt 0.055336 0.915593
vt 0.988616 0.850177
vt 0.795654 0.980127
vt 0.364078 0.897115
vt 0.886878 0.829605
vt 0.795245 0.880476
vt 0.990957 0.849767
vt 0.887288 0.842758
vt 0.364487 0.996767
vt 0.889219 0.829196
vt 0.034770 0.895811
vt 0.889628 0.842349
vt 0.991366 0.949419
vt 0.366828 0.996357
vt 0.034360 0.796160
vt 0.375636 0.996357
vt 0.375969 0.996691
vt 0.375635 0.996767
vt 0.860249 0.850109
vt 0.860584 0.849774
vt 0.860659 0.850109
vt 0.583598 0.800396
vt 0.583264 0.800686
vt 0.583188 0.800368
vt 0.849051 0.850109
vt 0.848716 0.849774
vt 0.849051 0.849699
vt 0.384852 0.897115
vt 0.385186 0.896781
vt 0.385261 0.897115
vt 0.583598 0.789346
vt 0.583264 0.788976
vt 0.583598 0.788914
vt 0.373705 0.996357
vt 0.373370 0.996691
vt 0.373295 0.996357
vt 0.585529 0.800396
vt 0.585863 0.800686
vt 0.585529 0.800772
vt 0.705195 0.995573
vt 0.705535 0.995908
vt 0.705199 0.995983
vt 0.382921 0.897115
vt 0.382587 0.896781
vt 0.382921 0.896706
vt 0.694000 0.995573
vt 0.693671 0.995908
vt 0.693594 0.995573
vt 0.585529 0.789346
vt 0.585863 0.788976
vt 0.585938 0.789319
vt 0.375636 0.897115
vt 0.375969 0.896781
vt 0.376045 0.897115
vt 0.256687 0.945786
vt 0.257022 0.946121
vt 0.256687 0.946196
vt 0.860249 0.949350
vt 0.860584 0.949685
vt 0.860249 0.949760
vt 0.384852 0.996357
vt 0.385186 0.996691
vt 0.384852 0.996767
vt 0.849051 0.949350
vt 0.848716 0.949685
vt 0.848641 0.949350
vt 0.256687 0.934588
vt 0.257022 0.934253
vt 0.257097 0.934588
vt 0.373705 0.897115
vt 0.373370 0.896781
vt 0.373704 0.896706
vt 0.705195 0.896331
vt 0.705535 0.895997
vt 0.705609 0.896331
vt 0.254757 0.945786
vt 0.254422 0.946121
vt 0.254347 0.945786
vt 0.382921 0.996357
vt 0.382587 0.996691
vt 0.382512 0.996357
vt 0.254757 0.934588
vt 0.254422 0.934253
vt 0.254757 0.934178
vt 0.694000 0.896331
vt 0.693671 0.895997
vt 0.694004 0.895922
vt 0.373704 0.996767
vt 0.583598 0.800772
vt 0.860249 0.849699
vt 0.583188 0.789319
vt 0.384852 0.896706
vt 0.585529 0.788914
vt 0.694004 0.995983
vt 0.373295 0.897115
vt 0.705609 0.995573
vt 0.382512 0.897115
vt 0.693594 0.896331
vt 0.254347 0.934588
vt 0.375635 0.896706
vt 0.254757 0.946196
vt 0.382921 0.996767
vt 0.256687 0.934178
vt 0.849051 0.949760
vt 0.376045 0.996357
vt 0.860659 0.949350
vt 0.385261 0.996357
vt 0.848641 0.850109
vt 0.394070 0.996357
vt 0.394403 0.996691
vt 0.394069 0.996767
vt 0.329851 0.791131
vt 0.330185 0.790797
vt 0.330260 0.791131
vt 0.303119 0.918320
vt 0.302785 0.918610
vt 0.302710 0.918292
vt 0.317108 0.791131
vt 0.316773 0.790797
vt 0.317108 0.790722
vt 0.603880 0.865854
vt 0.604214 0.865520
vt 0.604290 0.865854
vt 0.303119 0.905746
vt 0.302785 0.905376
vt 0.303119 0.905314
vt 0.392139 0.996357
vt 0.391803 0.996691
vt 0.391728 0.996357
vt 0.305050 0.918320
vt 0.305384 0.918610
vt 0.305050 0.918696
vt 0.815266 0.980127
vt 0.815606 0.980461
vt 0.815270 0.980537
vt 0.601949 0.865854
vt 0.601615 0.865520
vt 0.601949 0.865445
vt 0.802527 0.980127
vt 0.802198 0.980461
vt 0.802121 0.980127
vt 0.305050 0.905746
vt 0.305384 0.905376
vt 0.305459 0.905718
vt 0.394070 0.897115
vt 0.394403 0.896781
vt 0.394478 0.897115
vt 0.898435 0.842348
vt 0.898770 0.842683
vt 0.898435 0.842758
vt 0.329851 0.890373
vt 0.330185 0.890708
vt 0.329851 0.890783
vt 0.603880 0.965096
vt 0.604214 0.965431
vt 0.603880 0.965506
vt 0.317108 0.890373
vt 0.316773 0.890708
vt 0.316698 0.890373
vt 0.898435 0.829605
vt 0.898770 0.829271
vt 0.898845 0.829605
vt 0.392139 0.897115
vt 0.391803 0.896781
vt 0.392138 0.896706
vt 0.815266 0.880885
vt 0.815606 0.880551
vt 0.815680 0.880885
vt 0.896505 0.842348
vt 0.896170 0.842683
vt 0.896095 0.842348
vt 0.601949 0.965096
vt 0.601615 0.965431
vt 0.601540 0.965096
vt 0.896505 0.829605
vt 0.896170 0.829271
vt 0.896505 0.829196
vt 0.802527 0.880885
vt 0.802198 0.880551
vt 0.802531 0.880476
vt 0.392138 0.996767
vt 0.303119 0.918696
vt 0.329851 0.790722
vt 0.302710 0.905718
vt 0.603880 0.865445
vt 0.305050 0.905314
vt 0.802531 0.980537
vt 0.305459 0.918292
vt 0.391728 0.897115
vt 0.815680 0.980127
vt 0.601540 0.865854
vt 0.802121 0.880885
vt 0.896095 0.829605
vt 0.815270 0.880476
vt 0.394069 0.896706
vt 0.896505 0.842758
vt 0.601949 0.965506
vt 0.898435 0.829196
vt 0.317108 0.890783
vt 0.898845 0.842348
vt 0.394478 0.996357
vt 0.330260 0.890373
vt 0.604290 0.965096
vt 0.421720 0.996357
vt 0.422053 0.996691
vt 0.421719 0.996767
vt 0.623876 0.892696
vt 0.624210 0.892362
vt 0.624286 0.892696
vt 0.245540 0.945660
vt 0.245205 0.945950
vt 0.245130 0.945632
vt 0.612678 0.892696
vt 0.612343 0.892362
vt 0.612678 0.892287
vt 0.992224 0.672616
vt 0.992559 0.672282
vt 0.992634 0.672616
vt 0.245540 0.934610
vt 0.245205 0.934240
vt 0.245540 0.934178
vt 0.419790 0.996357
vt 0.419454 0.996691
vt 0.419379 0.996357
vt 0.247471 0.945660
vt 0.247805 0.945950
vt 0.247471 0.946036
vt 0.660838 0.991938
vt 0.661178 0.992272
vt 0.660842 0.992348
vt 0.990294 0.672616
vt 0.989959 0.672282
vt 0.990294 0.672207
vt 0.649643 0.991938
vt 0.649314 0.992272
vt 0.649237 0.991938
vt 0.247471 0.934610
vt 0.247805 0.934240
vt 0.247880 0.934582
vt 0.421720 0.897115
vt 0.422053 0.896781
vt 0.422129 0.897115
vt 0.207166 0.945786
vt 0.207501 0.946121
vt 0.207166 0.946196
vt 0.623876 0.991938
vt 0.624210 0.992272
vt 0.623876 0.992347
vt 0.992224 0.771858
vt 0.992559 0.772192
vt 0.992224 0.772268
vt 0.612678 0.991938
vt 0.612343 0.992272
vt 0.612268 0.991938
vt 0.207166 0.934588
vt 0.207501 0.934253
vt 0.207576 0.934588
vt 0.419790 0.897115
vt 0.419454 0.896781
vt 0.419789 0.896706
vt 0.660838 0.892696
vt 0.661178 0.892362
vt 0.661252 0.892696
vt 0.205236 0.945786
vt 0.204901 0.946121
vt 0.204826 0.945786
vt 0.990294 0.771858
vt 0.989959 0.772192
vt 0.989884 0.771858
vt 0.205236 0.934588
vt 0.204901 0.934253
vt 0.205236 0.934178
vt 0.649643 0.892696
vt 0.649314 0.892362
vt 0.649647 0.892287
vt 0.419789 0.996767
vt 0.245540 0.946036
vt 0.623876 0.892287
vt 0.245130 0.934582
vt 0.992224 0.672207
vt 0.247471 0.934178
vt 0.649647 0.992348
vt 0.419379 0.897115
vt 0.661252 0.991938
vt 0.989884 0.672616
vt 0.649237 0.892696
vt 0.204826 0.934588
vt 0.421719 0.896706
vt 0.205236 0.946196
vt 0.990294 0.772268
vt 0.207166 0.934178
vt 0.612678 0.992347
vt 0.422129 0.996357
vt 0.624286 0.991938
vt 0.992634 0.771858
vt 0.612268 0.892696
vt 0.992225 0.665330
vt 0.992558 0.665664
vt 0.992224 0.665740
vt 0.479493 0.807746
vt 0.479827 0.807412
vt 0.479902 0.807746
vt 0.924155 0.842201
vt 0.923821 0.842492
vt 0.923746 0.842174
vt 0.466750 0.807746
vt 0.466415 0.807412
vt 0.466750 0.807337
vt 0.732898 0.896105
vt 0.733232 0.895771
vt 0.733307 0.896105
vt 0.924155 0.829628
vt 0.923821 0.829258
vt 0.924155 0.829196
vt 0.990294 0.665330
vt 0.989959 0.665664
vt 0.989884 0.665330
vt 0.926086 0.842201
vt 0.926421 0.842492
vt 0.926086 0.842578
vt 0.775215 0.980127
vt 0.775555 0.980461
vt 0.775219 0.980537
vt 0.730967 0.896105
vt 0.730632 0.895771
vt 0.730967 0.895696
vt 0.762476 0.980127
vt 0.762147 0.980461
vt 0.762070 0.980127
vt 0.926086 0.829628
vt 0.926421 0.829258
vt 0.926496 0.829600
vt 0.992225 0.566088
vt 0.992558 0.565754
vt 0.992634 0.566088
vt 0.907652 0.842349
vt 0.907987 0.842683
vt 0.907652 0.842758
vt 0.479493 0.906988
vt 0.479827 0.907322
vt 0.479493 0.907398
vt 0.732898 0.995347
vt 0.733232 0.995682
vt 0.732897 0.995757
vt 0.466750 0.906988
vt 0.466415 0.907322
vt 0.466340 0.906988
vt 0.907652 0.829605
vt 0.907987 0.829271
vt 0.908062 0.829605
vt 0.990294 0.566088
vt 0.989959 0.565754
vt 0.990293 0.565679
vt 0.775215 0.880885
vt 0.775555 0.880551
vt 0.775629 0.880885
vt 0.905722 0.842349
vt 0.905387 0.842683
vt 0.905312 0.842349
vt 0.730967 0.995347
vt 0.730632 0.995682
vt 0.730557 0.995347
vt 0.905722 0.829605
vt 0.905387 0.829271
vt 0.905722 0.829196
vt 0.762476 0.880885
vt 0.762147 0.880551
vt 0.762480 0.880476
vt 0.990293 0.665740
vt 0.924155 0.842578
vt 0.479493 0.807337
vt 0.732897 0.895696
vt 0.926086 0.829196
vt 0.762480 0.980537
vt 0.926496 0.842174
vt 0.989884 0.566088
vt 0.775629 0.980127
vt 0.730557 0.896105
vt 0.762070 0.880885
vt 0.905312 0.829605
vt 0.775219 0.880476
vt 0.992224 0.565679
vt 0.905722 0.842758
vt 0.730967 0.995757
vt 0.907652 0.829196
vt 0.466750 0.907398
vt 0.908062 0.842349
vt 0.992634 0.665330
vt 0.479902 0.906988
vt 0.733307 0.995347
vt 0.466340 0.807746
vt 0.403287 0.996357
vt 0.403620 0.996691
vt 0.403286 0.996767
vt 0.981740 0.850177
vt 0.982074 0.849843
vt 0.982149 0.850177
vt 0.263974 0.945660
vt 0.263639 0.945950
vt 0.263564 0.945632
vt 0.970541 0.850177
vt 0.970207 0.849843
vt 0.970541 0.849767
vt 0.412503 0.897115
vt 0.412837 0.896781
vt 0.412912 0.897115
vt 0.263974 0.934610
vt 0.263639 0.934240
vt 0.263974 0.934178
vt 0.401356 0.996357
vt 0.401020 0.996691
vt 0.400945 0.996357
vt 0.265904 0.945660
vt 0.266239 0.945950
vt 0.265904 0.946036
vt 0.723677 0.995347
vt 0.724017 0.995681
vt 0.723681 0.995757
vt 0.410572 0.897115
vt 0.410237 0.896781
vt 0.410572 0.896706
vt 0.712481 0.995347
vt 0.712153 0.995681
vt 0.712076 0.995347
vt 0.265904 0.934610
vt 0.266239 0.934240
vt 0.266314 0.934582
vt 0.403287 0.897115
vt 0.403620 0.896781
vt 0.403695 0.897115
vt 0.233550 0.945786
vt 0.233884 0.946121
vt 0.233550 0.946196
vt 0.981740 0.949419
vt 0.982074 0.949753
vt 0.981740 0.949828
vt 0.412503 0.996357
vt 0.412837 0.996691
vt 0.412503 0.996767
vt 0.970541 0.949419
vt 0.970207 0.949753
vt 0.970132 0.949419
vt 0.233550 0.934588
vt 0.233884 0.934253
vt 0.233959 0.934588
vt 0.401356 0.897115
vt 0.401020 0.896781
vt 0.401355 0.896706
vt 0.723677 0.896105
vt 0.724017 0.895771
vt 0.724090 0.896105
vt 0.231619 0.945786
vt 0.231284 0.946121
vt 0.231209 0.945786
vt 0.410572 0.996357
vt 0.410237 0.996691
vt 0.410162 0.996357
vt 0.231619 0.934588
vt 0.231284 0.934253
vt 0.231619 0.934178
vt 0.712481 0.896105
vt 0.712153 0.895771
vt 0.712485 0.895696
vt 0.401355 0.996767
vt 0.263974 0.946036
vt 0.981740 0.849767
vt 0.263564 0.934582
vt 0.412503 0.896706
vt 0.265904 0.934178
vt 0.712485 0.995757
vt 0.400945 0.897115
vt 0.724090 0.995347
vt 0.410162 0.897115
vt 0.712076 0.896105
vt 0.231209 0.934588
vt 0.403286 0.896706
vt 0.231619 0.946196
vt 0.410572 0.996767
vt 0.233550 0.934178
vt 0.970541 0.949828
vt 0.403695 0.996357
vt 0.982149 0.949419
vt 0.412912 0.996357
vt 0.970132 0.850177
vt 0.755081 0.995573
vt 0.755414 0.995908
vt 0.755080 0.995983
vt 0.188682 0.796088
vt 0.189016 0.795753
vt 0.189091 0.796088
vt 0.914939 0.842201
vt 0.914604 0.842492
vt 0.914529 0.842174
vt 0.175939 0.796088
vt 0.175604 0.795753
vt 0.175939 0.795678
vt 0.745864 0.896331
vt 0.746198 0.895997
vt 0.746273 0.896331
vt 0.914939 0.829628
vt 0.914604 0.829258
vt 0.914939 0.829196
vt 0.753151 0.995573
vt 0.752815 0.995908
vt 0.752740 0.995573
vt 0.916869 0.842201
vt 0.917204 0.842492
vt 0.916869 0.842578
vt 0.839379 0.980127
vt 0.839719 0.980461
vt 0.839383 0.980537
vt 0.743933 0.896331
vt 0.743598 0.895997
vt 0.743933 0.895922
vt 0.826640 0.980127
vt 0.826311 0.980461
vt 0.826234 0.980127
vt 0.916869 0.829628
vt 0.917204 0.829258
vt 0.917279 0.829600
vt 0.755081 0.896331
vt 0.755414 0.895997
vt 0.755490 0.896331
vt 0.197950 0.915697
vt 0.198284 0.916031
vt 0.197950 0.916106
vt 0.188682 0.895330
vt 0.189016 0.895664
vt 0.188682 0.895739
vt 0.745864 0.995573
vt 0.746198 0.995908
vt 0.745864 0.995983
vt 0.175939 0.895330
vt 0.175604 0.895664
vt 0.175529 0.895330
vt 0.197950 0.902954
vt 0.198284 0.902619
vt 0.198359 0.902954
vt 0.753151 0.896331
vt 0.752815 0.895997
vt 0.753150 0.895922
vt 0.839379 0.880885
vt 0.839719 0.880551
vt 0.839793 0.880885
vt 0.196019 0.915697
vt 0.195684 0.916031
vt 0.195609 0.915697
vt 0.743933 0.995573
vt 0.743598 0.995908
vt 0.743523 0.995573
vt 0.196019 0.902954
vt 0.195684 0.902619
vt 0.196019 0.902544
vt 0.826640 0.880885
vt 0.826311 0.880551
vt 0.826644 0.880476
vt 0.753150 0.995983
vt 0.914939 0.842578
vt 0.188682 0.795678
vt 0.745864 0.895922
vt 0.916869 0.829196
vt 0.826644 0.980537
vt 0.917279 0.842174
vt 0.752740 0.896331
vt 0.839793 0.980127
vt 0.743523 0.896331
vt 0.826234 0.880885
vt 0.195609 0.902954
vt 0.839383 0.880476
vt 0.755080 0.895922
vt 0.196019 0.916106
vt 0.743933 0.995983
vt 0.197950 0.902544
vt 0.175939 0.895739
vt 0.198359 0.915697
vt 0.755490 0.995573
vt 0.189091 0.895330
vt 0.746273 0.995573
vt 0.175529 0.796088
vt 0.592063 0.915416
vt 0.495524 0.807293
vt 0.592063 0.807293
vt 0.428596 0.993244
vt 0.429812 0.896706
vt 0.429812 0.993244
vt 0.879483 0.945456
vt 0.963665 0.957862
vt 0.867126 0.957862
vt 0.457867 0.580870
vt 0.459083 0.472747
vt 0.459083 0.580870
vt 0.951308 0.862069
vt 0.963665 0.849767
vt 0.436279 0.993244
vt 0.437496 0.896706
vt 0.437496 0.993244
vt 0.879483 0.862069
vt 0.867126 0.849767
vt 0.604290 0.639137
vt 0.603073 0.745824
vt 0.603073 0.639137
vt 0.951308 0.945456
vt 0.451400 0.890239
vt 0.354861 0.782115
vt 0.451400 0.782115
vt 0.324381 0.993788
vt 0.325598 0.897250
vt 0.325598 0.993788
vt 0.899235 0.546806
vt 0.983417 0.559212
vt 0.886878 0.559212
vt 0.686420 0.683989
vt 0.687637 0.575866
vt 0.687637 0.683989
vt 0.971060 0.463419
vt 0.983417 0.451117
vt 0.487840 0.903875
vt 0.489057 0.807337
vt 0.489057 0.903875
vt 0.899235 0.463419
vt 0.886878 0.451117
vt 0.459083 0.701928
vt 0.457867 0.808614
vt 0.457867 0.701928
vt 0.971060 0.546806
vt 0.301365 0.898847
vt 0.204826 0.790724
vt 0.301365 0.790724
vt 0.443963 0.993244
vt 0.445179 0.896706
vt 0.445179 0.993244
vt 0.899235 0.678564
vt 0.983417 0.690970
vt 0.886878 0.690970
vt 0.457867 0.695461
vt 0.459083 0.587337
vt 0.459083 0.695461
vt 0.971060 0.678564
vt 0.983417 0.582876
vt 0.457867 0.911620
vt 0.459083 0.815081
vt 0.459083 0.911620
vt 0.971060 0.595177
vt 0.886878 0.582876
vt 0.604290 0.752291
vt 0.603073 0.858978
vt 0.603073 0.752291
vt 0.899235 0.595177
vt 0.160083 0.896152
vt 0.063544 0.788029
vt 0.160083 0.788029
vt 0.332065 0.993788
vt 0.333281 0.897250
vt 0.333281 0.993788
vt 0.886878 0.822729
vt 0.971060 0.810323
vt 0.983417 0.822729
vt 0.686420 0.569399
vt 0.687637 0.461275
vt 0.687637 0.569399
vt 0.971060 0.726936
vt 0.983417 0.714635
vt 0.316698 0.993788
vt 0.317914 0.897250
vt 0.317914 0.993788
vt 0.886878 0.714635
vt 0.687637 0.690456
vt 0.686420 0.797143
vt 0.686420 0.690456
vt 0.899235 0.726936
vt 0.899235 0.810323
vt 0.069790 0.482065
vt 0.125782 0.003233
vt 0.125782 0.482066
vt 0.351171 0.774392
vt 0.166843 0.482066
vt 0.169062 0.003234
vt 0.169062 0.482066
vt 0.164957 0.482066
vt 0.166843 0.003234
vt 0.156582 0.482065
vt 0.158490 0.003233
vt 0.158490 0.482065
vt 0.154356 0.482065
vt 0.156582 0.003233
vt 0.152150 0.482065
vt 0.154356 0.003233
vt 0.150301 0.482065
vt 0.152150 0.003233
vt 0.005114 0.003233
vt 0.003234 0.482066
vt 0.003234 0.003234
vt 0.007331 0.003234
vt 0.005114 0.482066
vt 0.063323 0.003234
vt 0.007331 0.482066
vt 0.143834 0.003233
vt 0.132249 0.482065
vt 0.132249 0.003233
vt 0.065218 0.962707
vt 0.063979 0.960828
vt 0.063544 0.958612
vt 0.045945 0.902278
vt 0.045945 0.958270
vt 0.045504 0.960487
vt 0.571119 0.003234
vt 0.562624 0.466619
vt 0.562624 0.003234
vt 0.554733 0.466619
vt 0.556157 0.003233
vt 0.556157 0.466619
vt 0.553295 0.466619
vt 0.554733 0.003233
vt 0.551848 0.466619
vt 0.553295 0.003233
vt 0.550401 0.466619
vt 0.551848 0.003233
vt 0.548962 0.466619
vt 0.550401 0.003233
vt 0.547538 0.466619
vt 0.548962 0.003233
vt 0.586082 0.003234
vt 0.577586 0.466619
vt 0.577586 0.003234
vt 0.592549 0.466619
vt 0.601042 0.003234
vt 0.601042 0.466619
vt 0.939462 0.565679
vt 0.939824 0.567095
vt 0.944506 0.572758
vt 0.939461 0.708168
vt 0.939824 0.706771
vt 0.944506 0.701182
vt 0.126740 0.925016
vt 0.136780 0.902619
vt 0.136780 0.925016
vt 0.896532 0.575719
vt 0.886878 0.565679
vt 0.896532 0.565679
vt 0.919120 0.565679
vt 0.921006 0.575719
vt 0.919120 0.575719
vt 0.921006 0.565679
vt 0.922824 0.575719
vt 0.537806 0.921883
vt 0.527766 0.923991
vt 0.527766 0.921883
vt 0.537806 0.923991
vt 0.527766 0.926810
vt 0.537806 0.926810
vt 0.527766 0.930231
vt 0.537806 0.930231
vt 0.527766 0.934123
vt 0.537806 0.934123
vt 0.527766 0.938336
vt 0.537806 0.938336
vt 0.527766 0.942708
vt 0.495524 0.921883
vt 0.499814 0.925608
vt 0.498351 0.928356
vt 0.277294 0.911874
vt 0.275831 0.909089
vt 0.280122 0.905314
vt 0.204826 0.927711
vt 0.214866 0.905314
vt 0.214866 0.927711
vt 0.896532 0.708168
vt 0.886878 0.698128
vt 0.896532 0.698128
vt 0.929291 0.698128
vt 0.931176 0.708168
vt 0.929291 0.708168
vt 0.931176 0.698128
vt 0.932994 0.708168
vt 0.554313 0.921883
vt 0.544273 0.923991
vt 0.544273 0.921883
vt 0.554313 0.923991
vt 0.544273 0.926810
vt 0.554313 0.926810
vt 0.544273 0.930231
vt 0.554313 0.930231
vt 0.544273 0.934123
vt 0.554313 0.934123
vt 0.544273 0.938336
vt 0.554313 0.938336
vt 0.544273 0.942708
vt 0.511645 0.921883
vt 0.515935 0.925608
vt 0.514472 0.928356
vt 0.115080 0.911345
vt 0.114839 0.908208
vt 0.120273 0.906440
vt 0.221333 0.927711
vt 0.231373 0.905314
vt 0.231373 0.927711
vt 0.912653 0.575719
vt 0.902999 0.565679
vt 0.912653 0.565679
vt 0.919120 0.698128
vt 0.921006 0.708168
vt 0.919120 0.708168
vt 0.921006 0.698128
vt 0.922824 0.708168
vt 0.570820 0.921883
vt 0.560780 0.923991
vt 0.560780 0.921883
vt 0.570820 0.923991
vt 0.560780 0.926810
vt 0.570820 0.926810
vt 0.560780 0.930231
vt 0.570820 0.930231
vt 0.560780 0.934123
vt 0.570820 0.934123
vt 0.560780 0.938336
vt 0.570820 0.938336
vt 0.560780 0.942708
vt 0.286589 0.905314
vt 0.290879 0.909039
vt 0.289416 0.911787
vt 0.154890 0.911345
vt 0.154649 0.908208
vt 0.160083 0.906440
vt 0.237840 0.927711
vt 0.247880 0.905314
vt 0.247880 0.927711
vt 0.912653 0.708168
vt 0.902999 0.698128
vt 0.912653 0.698128
vt 0.929291 0.565679
vt 0.931176 0.575719
vt 0.929291 0.575719
vt 0.931176 0.565679
vt 0.932995 0.575719
vt 0.592063 0.921883
vt 0.582022 0.923991
vt 0.582022 0.921883
vt 0.592063 0.923991
vt 0.582022 0.926810
vt 0.592063 0.926810
vt 0.582022 0.930231
vt 0.592063 0.930231
vt 0.582022 0.934123
vt 0.592063 0.934123
vt 0.582022 0.938336
vt 0.592063 0.938336
vt 0.582022 0.942708
vt 0.466340 0.913865
vt 0.470630 0.917589
vt 0.469168 0.920337
vt 0.261173 0.911874
vt 0.259711 0.909089
vt 0.264001 0.905314
vt 0.370861 0.775102
vt 0.370415 0.775546
vt 0.370315 0.775100
vt 0.488511 0.800324
vt 0.488957 0.800770
vt 0.488511 0.800870
vt 0.034906 0.647614
vt 0.034461 0.648001
vt 0.034360 0.647577
vt 0.488511 0.639683
vt 0.488957 0.639237
vt 0.489057 0.639683
vt 0.429229 0.641492
vt 0.428783 0.641047
vt 0.429229 0.640947
vt 0.034906 0.489108
vt 0.034461 0.488615
vt 0.034906 0.488532
vt 0.370861 0.641494
vt 0.370415 0.641046
vt 0.370861 0.640947
vt 0.168516 0.647614
vt 0.168962 0.648001
vt 0.168516 0.648116
vt 0.496070 0.800275
vt 0.495624 0.800728
vt 0.495524 0.800280
vt 0.429229 0.775102
vt 0.428783 0.775548
vt 0.428683 0.775102
vt 0.496070 0.639678
vt 0.495624 0.639240
vt 0.496070 0.639137
vt 0.168516 0.489108
vt 0.168962 0.488615
vt 0.169062 0.489071
vt 0.392486 0.775102
vt 0.392932 0.775546
vt 0.392486 0.775646
vt 0.309685 0.633934
vt 0.310131 0.634379
vt 0.309685 0.634480
vt 0.466886 0.800324
vt 0.466440 0.800770
vt 0.466340 0.800324
vt 0.450854 0.641492
vt 0.451300 0.641047
vt 0.451400 0.641493
vt 0.466886 0.639683
vt 0.466440 0.639237
vt 0.466886 0.639137
vt 0.309685 0.473293
vt 0.310131 0.472847
vt 0.310231 0.473293
vt 0.392486 0.641494
vt 0.392932 0.641046
vt 0.393032 0.641493
vt 0.517695 0.800275
vt 0.518141 0.800728
vt 0.517695 0.800826
vt 0.176075 0.633934
vt 0.175629 0.634379
vt 0.175529 0.633934
vt 0.450854 0.775102
vt 0.451300 0.775548
vt 0.450854 0.775648
vt 0.176075 0.473293
vt 0.175629 0.472847
vt 0.176075 0.472747
vt 0.517695 0.639678
vt 0.518141 0.639240
vt 0.518241 0.639683
vt 0.370315 0.641493
vt 0.489057 0.800324
vt 0.034360 0.489071
vt 0.428683 0.641493
vt 0.168516 0.488532
vt 0.495524 0.639683
vt 0.169062 0.647577
vt 0.392486 0.640947
vt 0.496070 0.800826
vt 0.429229 0.775648
vt 0.517695 0.639137
vt 0.175529 0.473293
vt 0.518241 0.800280
vt 0.393032 0.775100
vt 0.176075 0.634480
vt 0.451400 0.775102
vt 0.309685 0.472747
vt 0.466340 0.639683
vt 0.310231 0.633934
vt 0.370861 0.775646
vt 0.466886 0.800870
vt 0.450854 0.640947
vt 0.488511 0.639137
vt 0.283177 0.783846
vt 0.282842 0.784179
vt 0.282767 0.783845
vt 0.173136 0.902616
vt 0.173470 0.902281
vt 0.173545 0.902616
vt 0.593507 0.639547
vt 0.593217 0.639212
vt 0.593535 0.639137
vt 0.170433 0.902616
vt 0.170098 0.902281
vt 0.170433 0.902206
vt 0.205236 0.641356
vt 0.204901 0.641022
vt 0.205236 0.640947
vt 0.596175 0.639547
vt 0.596544 0.639212
vt 0.596606 0.639547
vt 0.283177 0.641357
vt 0.282842 0.641021
vt 0.283177 0.640947
vt 0.593507 0.782038
vt 0.593217 0.782372
vt 0.593131 0.782038
vt 0.094539 0.929673
vt 0.094879 0.930008
vt 0.094543 0.930083
vt 0.205236 0.783847
vt 0.204901 0.784182
vt 0.204826 0.783847
vt 0.091837 0.929673
vt 0.091508 0.930008
vt 0.091431 0.929673
vt 0.596175 0.782038
vt 0.596544 0.782372
vt 0.596202 0.782447
vt 0.309821 0.783846
vt 0.310156 0.784179
vt 0.309821 0.784255
vt 0.679544 0.611462
vt 0.679878 0.611128
vt 0.679953 0.611462
vt 0.173136 0.929261
vt 0.173470 0.929595
vt 0.173136 0.929670
vt 0.231880 0.641356
vt 0.232215 0.641022
vt 0.232290 0.641356
vt 0.170433 0.929261
vt 0.170098 0.929595
vt 0.170023 0.929261
vt 0.676841 0.611462
vt 0.676506 0.611128
vt 0.676841 0.611053
vt 0.309821 0.641357
vt 0.310156 0.641021
vt 0.310231 0.641356
vt 0.094539 0.903029
vt 0.094879 0.902694
vt 0.094952 0.903029
vt 0.679544 0.753953
vt 0.679878 0.754288
vt 0.679544 0.754363
vt 0.231880 0.783847
vt 0.232215 0.784182
vt 0.231880 0.784257
vt 0.676841 0.753953
vt 0.676506 0.754288
vt 0.676431 0.753953
vt 0.091837 0.903029
vt 0.091508 0.902694
vt 0.091841 0.902619
vt 0.282767 0.641356
vt 0.173136 0.902206
vt 0.596202 0.639137
vt 0.204826 0.641356
vt 0.596606 0.782038
vt 0.091841 0.930083
vt 0.593535 0.782447
vt 0.309821 0.640947
vt 0.094952 0.929673
vt 0.205236 0.784257
vt 0.091431 0.903029
vt 0.676841 0.754363
vt 0.094543 0.902619
vt 0.310231 0.783845
vt 0.679953 0.753953
vt 0.232290 0.783847
vt 0.170433 0.929670
vt 0.679544 0.611053
vt 0.283177 0.784255
vt 0.173545 0.929260
vt 0.231880 0.640947
vt 0.170023 0.902616
vt 0.994415 0.107495
vt 0.894015 0.003233
vt 0.994415 0.003233
vt 0.197413 0.896077
vt 0.198359 0.795678
vt 0.198359 0.896077
vt 0.904827 0.317184
vt 0.994415 0.327568
vt 0.894015 0.327568
vt 0.007640 0.894411
vt 0.008586 0.790178
vt 0.008586 0.894411
vt 0.983603 0.317184
vt 0.994415 0.224691
vt 0.309285 0.891122
vt 0.310231 0.790722
vt 0.310231 0.891122
vt 0.983603 0.235645
vt 0.894015 0.224691
vt 0.167496 0.788029
vt 0.166550 0.892291
vt 0.166550 0.788029
vt 0.904827 0.235645
vt 0.034906 0.788738
vt 0.034461 0.789182
vt 0.034360 0.788737
vt 0.027347 0.649719
vt 0.027793 0.650165
vt 0.027347 0.650265
vt 0.466886 0.632168
vt 0.466440 0.632555
vt 0.466340 0.632131
vt 0.027347 0.489079
vt 0.027793 0.488633
vt 0.027893 0.489079
vt 0.400045 0.641492
vt 0.399599 0.641047
vt 0.400045 0.640947
vt 0.466886 0.473662
vt 0.466440 0.473169
vt 0.466886 0.473086
vt 0.034907 0.655131
vt 0.034461 0.654683
vt 0.034906 0.654583
vt 0.600496 0.632168
vt 0.600942 0.632555
vt 0.600496 0.632670
vt 0.525254 0.800275
vt 0.524808 0.800728
vt 0.524708 0.800280
vt 0.400045 0.775102
vt 0.399599 0.775548
vt 0.399499 0.775102
vt 0.525254 0.639678
vt 0.524808 0.639240
vt 0.525254 0.639137
vt 0.600496 0.473662
vt 0.600942 0.473169
vt 0.601042 0.473625
vt 0.056531 0.788738
vt 0.056977 0.789182
vt 0.056531 0.789283
vt 0.450854 0.633934
vt 0.451299 0.634379
vt 0.450854 0.634480
vt 0.005723 0.649719
vt 0.005277 0.650165
vt 0.005176 0.649719
vt 0.421670 0.641492
vt 0.422116 0.641047
vt 0.422216 0.641493
vt 0.005723 0.489079
vt 0.005277 0.488633
vt 0.005723 0.488532
vt 0.450854 0.473293
vt 0.451299 0.472847
vt 0.451400 0.473293
vt 0.056531 0.655131
vt 0.056977 0.654683
vt 0.057077 0.655129
vt 0.546879 0.800275
vt 0.547324 0.800728
vt 0.546879 0.800826
vt 0.317244 0.633934
vt 0.316798 0.634379
vt 0.316698 0.633934
vt 0.421670 0.775102
vt 0.422116 0.775548
vt 0.421670 0.775648
vt 0.317244 0.473293
vt 0.316798 0.472847
vt 0.317244 0.472747
vt 0.546879 0.639678
vt 0.547324 0.639240
vt 0.547425 0.639683
vt 0.034360 0.655129
vt 0.027893 0.649719
vt 0.466340 0.473625
vt 0.399499 0.641493
vt 0.600496 0.473086
vt 0.524708 0.639683
vt 0.601042 0.632131
vt 0.056531 0.654583
vt 0.525254 0.800826
vt 0.400045 0.775648
vt 0.546879 0.639137
vt 0.316698 0.473293
vt 0.547425 0.800280
vt 0.057077 0.788737
vt 0.317244 0.634480
vt 0.422216 0.775102
vt 0.450854 0.472747
vt 0.005176 0.489079
vt 0.451400 0.633934
vt 0.034906 0.789283
vt 0.005723 0.650265
vt 0.421670 0.640947
vt 0.027347 0.488532
vt 0.317108 0.783846
vt 0.316773 0.784179
vt 0.316698 0.783845
vt 0.084555 0.903029
vt 0.084889 0.902694
vt 0.084964 0.903029
vt 0.583565 0.639547
vt 0.583275 0.639212
vt 0.583593 0.639137
vt 0.081851 0.903029
vt 0.081517 0.902694
vt 0.081851 0.902619
vt 0.239167 0.641356
vt 0.238832 0.641022
vt 0.239167 0.640947
vt 0.586232 0.639547
vt 0.586602 0.639212
vt 0.586664 0.639547
vt 0.317107 0.641357
vt 0.316773 0.641021
vt 0.317108 0.640947
vt 0.583565 0.782038
vt 0.583275 0.782372
vt 0.583188 0.782038
vt 0.104527 0.929673
vt 0.104867 0.930008
vt 0.104531 0.930083
vt 0.239167 0.783847
vt 0.238832 0.784182
vt 0.238757 0.783847
vt 0.101825 0.929673
vt 0.101496 0.930008
vt 0.101419 0.929673
vt 0.586232 0.782038
vt 0.586602 0.782372
vt 0.586260 0.782448
vt 0.343752 0.783846
vt 0.344087 0.784179
vt 0.343752 0.784255
vt 0.679544 0.461685
vt 0.679878 0.461351
vt 0.679953 0.461685
vt 0.084555 0.929673
vt 0.084889 0.930008
vt 0.084555 0.930083
vt 0.265811 0.641356
vt 0.266146 0.641022
vt 0.266221 0.641356
vt 0.081851 0.929673
vt 0.081517 0.930008
vt 0.081442 0.929673
vt 0.676841 0.461685
vt 0.676506 0.461351
vt 0.676841 0.461275
vt 0.343752 0.641357
vt 0.344087 0.641021
vt 0.344162 0.641356
vt 0.104527 0.903029
vt 0.104867 0.902694
vt 0.104941 0.903029
vt 0.679544 0.604176
vt 0.679878 0.604510
vt 0.679544 0.604586
vt 0.265811 0.783847
vt 0.266146 0.784182
vt 0.265811 0.784257
vt 0.676841 0.604176
vt 0.676506 0.604510
vt 0.676431 0.604176
vt 0.101825 0.903029
vt 0.101496 0.902694
vt 0.101829 0.902619
vt 0.316698 0.641356
vt 0.583188 0.639547
vt 0.084555 0.902619
vt 0.586260 0.639137
vt 0.238757 0.641356
vt 0.586664 0.782038
vt 0.101829 0.930083
vt 0.583593 0.782448
vt 0.343752 0.640947
vt 0.104941 0.929673
vt 0.239167 0.784257
vt 0.101419 0.903029
vt 0.676841 0.604586
vt 0.104531 0.902619
vt 0.344162 0.783845
vt 0.266221 0.783847
vt 0.081851 0.930083
vt 0.679544 0.461275
vt 0.317108 0.784255
vt 0.084964 0.929673
vt 0.265811 0.640947
vt 0.081442 0.903029
vt 0.994415 0.436911
vt 0.894015 0.334035
vt 0.994415 0.334035
vt 0.055336 0.795750
vt 0.054390 0.896149
vt 0.054390 0.795750
vt 0.904827 0.207412
vt 0.994415 0.218224
vt 0.894015 0.218224
vt 0.015217 0.894405
vt 0.016163 0.790144
vt 0.016163 0.894405
vt 0.983603 0.207412
vt 0.994415 0.113962
vt 0.344162 0.790722
vt 0.343216 0.891122
vt 0.343216 0.790722
vt 0.983603 0.124775
vt 0.894015 0.113962
vt 0.023576 0.790143
vt 0.022630 0.894377
vt 0.022630 0.790143
vt 0.904827 0.124775
vt 0.869177 0.442452
vt 0.869622 0.442897
vt 0.869176 0.442998
vt 0.720731 0.450011
vt 0.721177 0.449565
vt 0.721277 0.450011
vt 0.180514 0.902752
vt 0.180127 0.902306
vt 0.180551 0.902206
vt 0.712622 0.450011
vt 0.712176 0.449565
vt 0.712622 0.449465
vt 0.778209 0.003780
vt 0.778655 0.003334
vt 0.778755 0.003780
vt 0.188516 0.902752
vt 0.189009 0.902306
vt 0.189091 0.902752
vt 0.785769 0.442452
vt 0.785322 0.442897
vt 0.785222 0.442452
vt 0.180514 0.986162
vt 0.180127 0.986608
vt 0.180012 0.986162
vt 0.736392 0.888683
vt 0.736845 0.889129
vt 0.736397 0.889229
vt 0.694800 0.003780
vt 0.694353 0.003334
vt 0.694799 0.003234
vt 0.728285 0.888683
vt 0.727847 0.889129
vt 0.727744 0.888683
vt 0.188516 0.986162
vt 0.189009 0.986608
vt 0.188553 0.986708
vt 0.869177 0.003780
vt 0.869622 0.003334
vt 0.869722 0.003780
vt 0.023872 0.901418
vt 0.024318 0.900973
vt 0.024418 0.901418
vt 0.720731 0.888683
vt 0.721177 0.889129
vt 0.720731 0.889229
vt 0.778209 0.442452
vt 0.778655 0.442897
vt 0.778209 0.442998
vt 0.712622 0.888683
vt 0.712176 0.889129
vt 0.712076 0.888683
vt 0.015763 0.901418
vt 0.015317 0.900973
vt 0.015763 0.900872
vt 0.785769 0.003780
vt 0.785322 0.003334
vt 0.785768 0.003234
vt 0.736392 0.450011
vt 0.736845 0.449565
vt 0.736943 0.450011
vt 0.023872 0.984828
vt 0.024318 0.985274
vt 0.023872 0.985374
vt 0.694800 0.442452
vt 0.694353 0.442897
vt 0.694253 0.442452
vt 0.015763 0.984828
vt 0.015317 0.985274
vt 0.015217 0.984828
vt 0.728285 0.450011
vt 0.727847 0.449565
vt 0.728290 0.449465
vt 0.785768 0.442998
vt 0.720731 0.449465
vt 0.188553 0.902206
vt 0.778209 0.003234
vt 0.728290 0.889229
vt 0.180551 0.986708
vt 0.785222 0.003780
vt 0.736943 0.888683
vt 0.694253 0.003780
vt 0.727744 0.450011
vt 0.015763 0.985374
vt 0.736397 0.449465
vt 0.869176 0.003233
vt 0.694799 0.442998
vt 0.712622 0.889229
vt 0.023872 0.900872
vt 0.869722 0.442452
vt 0.721277 0.888683
vt 0.778755 0.442452
vt 0.712076 0.450011
vt 0.755331 0.889182
vt 0.755553 0.889405
vt 0.755330 0.889455
vt 0.887275 0.003507
vt 0.887498 0.003284
vt 0.887548 0.003507
vt 0.170296 0.947094
vt 0.170073 0.947287
vt 0.170023 0.947075
vt 0.876462 0.003507
vt 0.876239 0.003284
vt 0.876462 0.003233
vt 0.746000 0.449738
vt 0.746223 0.449515
vt 0.746273 0.449738
vt 0.170296 0.936425
vt 0.170073 0.936178
vt 0.170296 0.936137
vt 0.753014 0.889182
vt 0.752790 0.889405
vt 0.752740 0.889182
vt 0.172613 0.947094
vt 0.172836 0.947287
vt 0.172613 0.947345
vt 0.705333 0.889182
vt 0.705560 0.889405
vt 0.705336 0.889455
vt 0.743683 0.449738
vt 0.743460 0.449515
vt 0.743683 0.449465
vt 0.694524 0.889182
vt 0.694305 0.889405
vt 0.694253 0.889182
vt 0.172613 0.936425
vt 0.172836 0.936178
vt 0.172886 0.936407
vt 0.755331 0.449738
vt 0.755553 0.449515
vt 0.755603 0.449738
vt 0.275371 0.945264
vt 0.275594 0.945486
vt 0.275371 0.945537
vt 0.887275 0.442951
vt 0.887498 0.443174
vt 0.887275 0.443224
vt 0.746000 0.889182
vt 0.746223 0.889405
vt 0.746000 0.889455
vt 0.876462 0.442951
vt 0.876239 0.443174
vt 0.876189 0.442951
vt 0.275371 0.934451
vt 0.275594 0.934228
vt 0.275644 0.934451
vt 0.753014 0.449738
vt 0.752790 0.449515
vt 0.753013 0.449465
vt 0.705333 0.449738
vt 0.705560 0.449515
vt 0.705609 0.449738
vt 0.273054 0.945264
vt 0.272831 0.945486
vt 0.272781 0.945264
vt 0.743683 0.889182
vt 0.743460 0.889405
vt 0.743410 0.889182
vt 0.273054 0.934451
vt 0.272831 0.934228
vt 0.273054 0.934178
vt 0.694524 0.449738
vt 0.694305 0.449515
vt 0.694526 0.449465
vt 0.753013 0.889455
vt 0.887275 0.003233
vt 0.170023 0.936407
vt 0.746000 0.449465
vt 0.172613 0.936137
vt 0.694526 0.889455
vt 0.752740 0.449738
vt 0.705609 0.889182
vt 0.743410 0.449738
vt 0.694253 0.449738
vt 0.272781 0.934451
vt 0.755330 0.449465
vt 0.273054 0.945537
vt 0.743683 0.889455
vt 0.876462 0.443224
vt 0.755603 0.889182
vt 0.887548 0.442951
vt 0.746273 0.889182
vt 0.876189 0.003507
vt 0.669692 0.885547
vt 0.669914 0.885769
vt 0.669691 0.885820
vt 0.830369 0.449738
vt 0.830592 0.449515
vt 0.830642 0.449738
vt 0.004488 0.901151
vt 0.004294 0.900929
vt 0.004506 0.900878
vt 0.826507 0.449738
vt 0.826284 0.449515
vt 0.826507 0.449465
vt 0.819494 0.449738
vt 0.819717 0.449515
vt 0.819767 0.449738
vt 0.008298 0.901151
vt 0.008544 0.900929
vt 0.008586 0.901151
vt 0.612542 0.885547
vt 0.612318 0.885769
vt 0.612268 0.885547
vt 0.004488 0.958302
vt 0.004294 0.958525
vt 0.004236 0.958302
vt 0.841240 0.873736
vt 0.841466 0.873959
vt 0.841242 0.874009
vt 0.762343 0.449738
vt 0.762120 0.449515
vt 0.762343 0.449465
vt 0.837379 0.873736
vt 0.837160 0.873959
vt 0.837109 0.873736
vt 0.008298 0.958302
vt 0.008544 0.958525
vt 0.008316 0.958575
vt 0.669692 0.461548
vt 0.669914 0.461326
vt 0.669964 0.461548
vt 0.347350 0.897862
vt 0.347573 0.897639
vt 0.347623 0.897862
vt 0.830369 0.873736
vt 0.830592 0.873959
vt 0.830369 0.874009
vt 0.819494 0.873736
vt 0.819717 0.873959
vt 0.819494 0.874009
vt 0.826507 0.873736
vt 0.826284 0.873959
vt 0.826234 0.873736
vt 0.343489 0.897862
vt 0.343266 0.897639
vt 0.343489 0.897589
vt 0.612542 0.461548
vt 0.612318 0.461326
vt 0.612541 0.461275
vt 0.841240 0.449738
vt 0.841466 0.449515
vt 0.841515 0.449738
vt 0.347350 0.955013
vt 0.347573 0.955236
vt 0.347350 0.955286
vt 0.762343 0.873736
vt 0.762120 0.873959
vt 0.762070 0.873736
vt 0.343489 0.955013
vt 0.343266 0.955236
vt 0.343216 0.955013
vt 0.837379 0.449738
vt 0.837160 0.449515
vt 0.837382 0.449465
vt 0.612541 0.885820
vt 0.004236 0.901151
vt 0.830369 0.449465
vt 0.008316 0.900878
vt 0.819494 0.449465
vt 0.008586 0.958302
vt 0.837382 0.874009
vt 0.004506 0.958575
vt 0.612268 0.461548
vt 0.841515 0.873736
vt 0.762070 0.449738
vt 0.837109 0.449738
vt 0.343489 0.955286
vt 0.841242 0.449465
vt 0.669691 0.461275
vt 0.347623 0.955013
vt 0.762343 0.874009
vt 0.343216 0.897862
vt 0.826507 0.874009
vt 0.347350 0.897589
vt 0.669964 0.885547
vt 0.830642 0.873736
vt 0.819767 0.873736
vt 0.826234 0.449738
vt 0.148875 0.933748
vt 0.126740 0.931756
vt 0.867672 0.576409
vt 0.870535 0.575870
vt 0.848528 0.709821
vt 0.275754 0.640947
vt 0.860659 0.709275
vt 0.877548 0.839926
vt 0.168516 0.654583
vt 0.877548 0.576409
vt 0.008040 0.656732
vt 0.677090 0.886122
vt 0.869989 0.582876
vt 0.877548 0.708168
vt 0.848528 0.843232
vt 0.869989 0.716322
vt 0.594266 0.800772
vt 0.596606 0.800368
vt 0.679953 0.992240
vt 0.198359 0.934181
vt 0.642770 0.991938
vt 0.679544 0.892588
vt 0.667939 0.892998
vt 0.052995 0.915998
vt 0.047923 0.895401
vt 0.782096 0.880885
vt 0.585938 0.800368
vt 0.257097 0.945786
vt 0.705199 0.895922
vt 0.316698 0.791131
vt 0.247880 0.945632
vt 0.207576 0.945786
vt 0.660842 0.892287
vt 0.923746 0.829600
vt 0.266314 0.945632
vt 0.233959 0.945786
vt 0.723681 0.895696
vt 0.914529 0.829600
vt 0.495524 0.915416
vt 0.428596 0.896706
vt 0.457867 0.472747
vt 0.436279 0.896706
vt 0.604290 0.745824
vt 0.354861 0.890239
vt 0.324381 0.897250
vt 0.686420 0.575866
vt 0.487840 0.807337
vt 0.459083 0.808614
vt 0.204826 0.898847
vt 0.443963 0.896706
vt 0.457867 0.587337
vt 0.457867 0.815081
vt 0.604290 0.858978
vt 0.063544 0.896152
vt 0.332065 0.897250
vt 0.686420 0.461275
vt 0.316698 0.897250
vt 0.687637 0.797143
vt 0.069790 0.003233
vt 0.164957 0.003234
vt 0.150301 0.003233
vt 0.063323 0.482066
vt 0.143834 0.482065
vt 0.063544 0.902619
vt 0.074975 0.902619
vt 0.074975 0.958612
vt 0.074540 0.960828
vt 0.073301 0.962707
vt 0.071447 0.963963
vt 0.069260 0.964404
vt 0.067072 0.963963
vt 0.044248 0.962366
vt 0.042369 0.963622
vt 0.040153 0.964063
vt 0.037936 0.963622
vt 0.036057 0.962366
vt 0.034801 0.960487
vt 0.034360 0.958270
vt 0.034360 0.902278
vt 0.571119 0.466619
vt 0.547538 0.003233
vt 0.586082 0.466619
vt 0.592549 0.003234
vt 0.944868 0.565679
vt 0.944868 0.574174
vt 0.940813 0.568511
vt 0.942165 0.569926
vt 0.943516 0.571342
vt 0.939461 0.699785
vt 0.940813 0.705373
vt 0.942165 0.703976
vt 0.944868 0.699785
vt 0.943516 0.702579
vt 0.126740 0.902619
vt 0.886878 0.575719
vt 0.922824 0.565679
vt 0.537806 0.942708
vt 0.495709 0.939671
vt 0.495524 0.943983
vt 0.505178 0.921883
vt 0.503294 0.922308
vt 0.501483 0.923566
vt 0.496259 0.935526
vt 0.497151 0.931705
vt 0.280122 0.927711
vt 0.279936 0.923342
vt 0.279387 0.919140
vt 0.272351 0.905745
vt 0.270468 0.905314
vt 0.274162 0.907019
vt 0.278495 0.915268
vt 0.204826 0.905314
vt 0.886878 0.708168
vt 0.932994 0.698128
vt 0.554313 0.942708
vt 0.511830 0.939671
vt 0.511645 0.943983
vt 0.521299 0.921883
vt 0.519415 0.922308
vt 0.517604 0.923566
vt 0.512380 0.935526
vt 0.513272 0.931705
vt 0.111408 0.927008
vt 0.112967 0.922922
vt 0.114125 0.918846
vt 0.112967 0.903760
vt 0.111408 0.902619
vt 0.114125 0.905647
vt 0.114839 0.914937
vt 0.221333 0.905314
vt 0.902999 0.575719
vt 0.922824 0.698128
vt 0.570820 0.942708
vt 0.286774 0.923102
vt 0.286589 0.927414
vt 0.296243 0.905314
vt 0.294359 0.905739
vt 0.292548 0.906997
vt 0.287324 0.918957
vt 0.288216 0.915136
vt 0.151218 0.927008
vt 0.152777 0.922922
vt 0.153935 0.918846
vt 0.152777 0.903760
vt 0.151218 0.902619
vt 0.153935 0.905647
vt 0.154649 0.914937
vt 0.237840 0.905314
vt 0.902999 0.708168
vt 0.932995 0.565679
vt 0.592063 0.942708
vt 0.466526 0.931653
vt 0.466340 0.935964
vt 0.475994 0.913865
vt 0.474111 0.914289
vt 0.472300 0.915547
vt 0.467075 0.927507
vt 0.467967 0.923686
vt 0.264001 0.927711
vt 0.263815 0.923342
vt 0.263266 0.919140
vt 0.256230 0.905745
vt 0.254347 0.905314
vt 0.258041 0.907019
vt 0.262374 0.915268
vt 0.034906 0.648116
vt 0.593131 0.639547
vt 0.676431 0.611462
vt 0.894015 0.107495
vt 0.197413 0.795678
vt 0.007640 0.790178
vt 0.309285 0.790722
vt 0.167496 0.892291
vt 0.466886 0.632670
vt 0.676431 0.461685
vt 0.679953 0.604176
vt 0.894015 0.436911
vt 0.055336 0.896149
vt 0.015217 0.790144
vt 0.344162 0.891122
vt 0.023576 0.894377
vt 0.180012 0.902752
vt 0.189091 0.986162
vt 0.015217 0.901418
vt 0.024418 0.984828
vt 0.170296 0.947345
vt 0.172886 0.947075
vt 0.275644 0.945264
vt 0.275371 0.934178
vt 0.705336 0.449465
s 1
f 1/1/1 5/2/2 7/3/3
f 2/4/4 5/5/5 4/6/6
f 3/7/7 5/8/8 6/9/9
f 8/10/10 12/11/11 14/12/12
f 9/13/13 12/14/14 11/15/15
f 10/16/16 12/17/17 13/18/18
f 15/19/19 19/20/20 21/21/21
f 16/22/22 19/23/23 18/24/24
f 17/25/25 19/26/26 20/27/27
f 22/28/28 26/29/29 28/30/30
f 23/31/31 26/32/32 25/33/33
f 24/34/34 26/35/35 27/36/36
f 29/37/37 33/38/38 35/39/39
f 30/40/40 33/41/41 32/42/42
f 31/43/43 33/44/44 34/45/45
f 36/46/46 40/47/47 42/48/48
f 37/49/49 40/50/50 39/51/51
f 38/52/52 40/53/53 41/54/54
f 43/55/55 47/56/56 49/57/57
f 44/58/58 47/59/59 46/60/60
f 45/61/61 47/62/62 48/63/63
f 50/64/64 54/65/65 56/66/66
f 51/67/67 54/68/68 53/69/69
f 52/70/70 54/71/71 55/72/72
f 1/1/1 18/73/73 15/19/19
f 7/74/74 16/22/22 18/24/24
f 8/10/10 6/75/75 2/4/4
f 14/76/76 3/7/7 6/9/9
f 22/28/28 13/77/77 9/13/13
f 28/78/78 10/16/16 13/18/18
f 17/25/25 27/79/79 23/31/31
f 20/80/80 24/34/34 27/36/36
f 15/19/19 46/81/81 43/55/55
f 21/82/82 44/58/58 46/60/60
f 50/64/64 25/83/83 22/28/28
f 56/84/84 23/31/31 25/33/33
f 45/61/61 55/85/85 51/67/67
f 48/86/86 52/70/70 55/72/72
f 43/55/55 32/87/87 29/37/37
f 49/88/88 30/40/40 32/42/42
f 36/46/46 53/89/89 50/64/64
f 42/90/90 51/67/67 53/69/69
f 31/43/43 41/91/91 37/49/49
f 34/92/92 38/52/52 41/54/54
f 29/37/37 4/93/93 1/1/1
f 35/94/94 2/4/4 4/6/6
f 9/13/13 39/95/95 36/46/46
f 11/96/96 37/49/49 39/51/51
f 43/55/55 1/1/1 15/19/19
f 10/16/16 16/22/22 3/7/7
f 37/49/49 2/4/4 31/43/43
f 22/28/28 36/46/46 50/64/64
f 23/31/31 44/58/58 17/25/25
f 51/67/67 30/40/40 45/61/61
f 57/97/1 61/98/97 63/99/98
f 58/100/4 61/101/99 60/102/100
f 59/103/7 61/104/101 62/105/102
f 64/106/10 68/107/103 70/108/12
f 65/109/13 68/110/104 67/111/105
f 66/112/16 68/113/106 69/114/107
f 71/115/19 75/116/20 77/117/21
f 72/118/22 75/119/108 74/120/109
f 73/121/25 75/122/110 76/123/27
f 78/124/28 82/125/29 84/126/111
f 79/127/31 82/128/112 81/129/113
f 80/130/34 82/131/114 83/132/115
f 85/133/37 89/134/116 91/135/117
f 86/136/40 89/137/118 88/138/119
f 87/139/43 89/140/120 90/141/45
f 92/142/46 96/143/121 98/144/122
f 93/145/49 96/146/123 95/147/124
f 94/148/52 96/149/125 97/150/126
f 99/151/55 103/152/56 105/153/127
f 100/154/58 103/155/128 102/156/129
f 101/157/61 103/158/130 104/159/131
f 106/160/64 110/161/65 112/162/66
f 107/163/67 110/164/132 109/165/133
f 108/166/70 110/167/134 111/168/135
f 57/97/1 74/169/136 71/115/19
f 74/120/109 59/103/7 72/118/22
f 64/106/10 62/170/75 58/100/4
f 70/171/137 59/103/7 62/105/102
f 65/109/13 84/126/111 69/172/138
f 84/173/139 66/112/16 69/114/107
f 73/121/25 83/174/79 79/127/31
f 76/175/140 80/130/34 83/132/115
f 99/151/55 77/117/21 102/176/81
f 77/177/141 100/154/58 102/156/129
f 106/160/64 81/178/83 78/124/28
f 112/179/142 79/127/31 81/129/113
f 101/157/61 111/180/143 107/163/67
f 104/181/86 108/166/70 111/168/135
f 85/133/37 105/153/127 88/182/144
f 105/183/145 86/136/40 88/138/119
f 92/142/46 109/184/146 106/160/64
f 109/165/133 94/148/52 107/163/67
f 87/139/43 97/185/91 93/145/49
f 90/186/147 94/148/52 97/150/126
f 57/97/1 91/135/117 60/187/148
f 91/188/149 58/100/4 60/102/100
f 65/109/13 95/189/150 92/142/46
f 67/190/151 93/145/49 95/147/124
f 99/151/55 57/97/1 71/115/19
f 66/112/16 72/118/22 59/103/7
f 93/145/49 58/100/4 87/139/43
f 78/124/28 92/142/46 106/160/64
f 79/127/31 100/154/58 73/121/25
f 107/163/67 86/136/40 101/157/61
f 113/191/1 117/192/152 119/193/98
f 114/194/4 117/195/153 116/196/154
f 115/197/7 117/198/155 118/199/156
f 120/200/10 124/201/103 126/202/12
f 121/203/13 124/204/157 123/205/105
f 122/206/16 124/207/158 125/208/107
f 127/209/19 131/210/20 133/211/21
f 128/212/22 131/213/108 130/214/109
f 129/215/25 131/216/110 132/217/27
f 134/218/28 138/219/29 140/220/30
f 135/221/31 138/222/112 137/223/33
f 136/224/34 138/225/159 139/226/160
f 141/227/37 145/228/38 147/229/39
f 142/230/40 145/231/161 144/232/119
f 143/233/43 145/234/162 146/235/45
f 148/236/46 152/237/47 154/238/48
f 149/239/49 152/240/123 151/241/51
f 150/242/52 152/243/163 153/244/164
f 155/245/55 159/246/165 161/247/127
f 156/248/58 159/249/128 158/250/129
f 157/251/61 159/252/166 160/253/63
f 162/254/64 166/255/167 168/256/168
f 163/257/67 166/258/169 165/259/133
f 164/260/70 166/261/134 167/262/72
f 113/191/1 130/263/136 127/209/19
f 130/214/109 115/197/7 128/212/22
f 120/200/10 118/264/75 114/194/4
f 126/265/170 115/197/7 118/199/156
f 121/203/13 140/220/30 125/266/77
f 140/267/139 122/206/16 125/208/107
f 129/215/25 139/268/79 135/221/31
f 139/226/160 128/212/22 136/224/34
f 127/209/19 158/269/171 155/245/55
f 158/250/129 129/215/25 156/248/58
f 162/254/64 137/270/172 134/218/28
f 168/271/84 135/221/31 137/223/33
f 157/251/61 167/272/173 163/257/67
f 167/262/72 156/248/58 164/260/70
f 141/227/37 161/247/127 144/273/144
f 161/274/145 142/230/40 144/232/119
f 148/236/46 165/275/89 162/254/64
f 165/259/133 150/242/52 163/257/67
f 143/233/43 153/276/91 149/239/49
f 146/277/92 150/242/52 153/244/164
f 141/227/37 116/278/148 113/191/1
f 147/279/174 114/194/4 116/196/154
f 121/203/13 151/280/150 148/236/46
f 123/281/96 149/239/49 151/241/51
f 155/245/55 113/191/1 127/209/19
f 122/206/16 128/212/22 115/197/7
f 149/239/49 114/194/4 143/233/43
f 134/218/28 148/236/46 162/254/64
f 135/221/31 156/248/58 129/215/25
f 163/257/67 142/230/40 157/251/61
f 169/282/1 173/283/2 175/284/98
f 170/285/4 173/286/5 172/287/154
f 171/288/7 173/289/175 174/290/9
f 176/291/10 180/292/103 182/293/12
f 177/294/13 180/295/14 179/296/105
f 178/297/16 180/298/176 181/299/107
f 183/300/19 187/301/20 189/302/21
f 184/303/22 187/304/108 186/305/24
f 185/306/25 187/307/110 188/308/27
f 190/309/28 194/310/177 196/311/30
f 191/312/31 194/313/112 193/314/33
f 192/315/34 194/316/159 195/317/160
f 197/318/37 201/319/38 203/320/39
f 198/321/40 201/322/161 200/323/119
f 199/324/43 201/325/44 202/326/45
f 204/327/46 208/328/121 210/329/48
f 205/330/49 208/331/50 207/332/51
f 206/333/52 208/334/53 209/335/178
f 211/336/55 215/337/56 217/338/127
f 212/339/58 215/340/128 214/341/129
f 213/342/61 215/343/130 216/344/179
f 218/345/64 222/346/65 224/347/168
f 219/348/67 222/349/180 221/350/133
f 220/351/70 222/352/134 223/353/72
f 169/282/1 186/354/136 183/300/19
f 186/305/24 171/288/7 184/303/22
f 176/291/10 174/355/181 170/285/4
f 182/356/182 171/288/7 174/290/9
f 177/294/13 196/311/30 181/357/77
f 196/358/139 178/297/16 181/299/107
f 185/306/25 195/359/79 191/312/31
f 188/360/80 192/315/34 195/317/160
f 183/300/19 214/361/81 211/336/55
f 189/362/141 212/339/58 214/341/129
f 218/345/64 193/363/172 190/309/28
f 224/364/84 191/312/31 193/314/33
f 213/342/61 223/365/183 219/348/67
f 216/366/86 220/351/70 223/353/72
f 197/318/37 217/338/127 200/367/144
f 217/368/145 198/321/40 200/323/119
f 204/327/46 221/369/89 218/345/64
f 221/350/133 206/333/52 219/348/67
f 199/324/43 209/370/91 205/330/49
f 202/371/184 206/333/52 209/335/178
f 197/318/37 172/372/93 169/282/1
f 203/373/174 170/285/4 172/287/154
f 177/294/13 207/374/150 204/327/46
f 179/375/96 205/330/49 207/332/51
f 211/336/55 169/282/1 183/300/19
f 178/297/16 184/303/22 171/288/7
f 205/330/49 170/285/4 199/324/43
f 190/309/28 204/327/46 218/345/64
f 191/312/31 212/339/58 185/306/25
f 219/348/67 198/321/40 213/342/61
f 225/376/1 229/377/2 231/378/98
f 226/379/4 229/380/153 228/381/154
f 227/382/7 229/383/155 230/384/156
f 232/385/10 236/386/103 238/387/12
f 233/388/13 236/389/14 235/390/105
f 234/391/16 236/392/17 237/393/18
f 239/394/19 243/395/20 245/396/21
f 240/397/22 243/398/108 242/399/109
f 241/400/25 243/401/110 244/402/27
f 246/403/28 250/404/29 252/405/30
f 247/406/31 250/407/112 249/408/33
f 248/409/34 250/410/35 251/411/185
f 253/412/37 257/413/38 259/414/39
f 254/415/40 257/416/161 256/417/119
f 255/418/43 257/419/162 258/420/45
f 260/421/46 264/422/47 266/423/48
f 261/424/49 264/425/123 263/426/51
f 262/427/52 264/428/53 265/429/178
f 267/430/55 271/431/56 273/432/127
f 268/433/58 271/434/128 270/435/129
f 269/436/61 271/437/130 272/438/179
f 274/439/64 278/440/65 280/441/168
f 275/442/67 278/443/68 277/444/133
f 276/445/70 278/446/134 279/447/72
f 225/376/1 242/448/136 239/394/19
f 242/399/109 227/382/7 240/397/22
f 232/385/10 230/449/75 226/379/4
f 238/450/170 227/382/7 230/384/156
f 233/388/13 252/405/30 237/451/77
f 252/452/139 234/391/16 237/393/18
f 241/400/25 251/453/79 247/406/31
f 244/454/186 248/409/34 251/411/185
f 239/394/19 270/455/81 267/430/55
f 245/456/141 268/433/58 270/435/129
f 274/439/64 249/457/172 246/403/28
f 280/458/84 247/406/31 249/408/33
f 275/442/67 272/438/179 279/459/183
f 272/460/86 276/445/70 279/447/72
f 253/412/37 273/432/127 256/461/144
f 273/462/145 254/415/40 256/417/119
f 260/421/46 277/463/89 274/439/64
f 277/444/133 262/427/52 275/442/67
f 255/418/43 265/464/91 261/424/49
f 258/465/184 262/427/52 265/429/178
f 253/412/37 228/466/93 225/376/1
f 259/467/174 226/379/4 228/381/154
f 233/388/13 263/468/150 260/421/46
f 235/469/96 261/424/49 263/426/51
f 267/430/55 225/376/1 239/394/19
f 234/391/16 240/397/22 227/382/7
f 261/424/49 226/379/4 255/418/43
f 246/403/28 260/421/46 274/439/64
f 247/406/31 268/433/58 241/400/25
f 275/442/67 254/415/40 269/436/61
f 281/470/1 285/471/2 287/472/98
f 282/473/4 285/474/5 284/475/154
f 283/476/7 285/477/155 286/478/156
f 288/479/10 292/480/11 294/481/12
f 289/482/13 292/483/104 291/484/105
f 290/485/16 292/486/17 293/487/107
f 295/488/19 299/489/20 301/490/21
f 296/491/22 299/492/108 298/493/109
f 297/494/25 299/495/110 300/496/27
f 302/497/28 306/498/29 308/499/30
f 303/500/31 306/501/112 305/502/33
f 304/503/34 306/504/159 307/505/185
f 309/506/37 313/507/38 315/508/39
f 310/509/40 313/510/187 312/511/119
f 311/512/43 313/513/44 314/514/188
f 316/515/46 320/516/47 322/517/48
f 317/518/49 320/519/123 319/520/51
f 318/521/52 320/522/189 321/523/164
f 323/524/55 327/525/56 329/526/127
f 324/527/58 327/528/128 326/529/129
f 325/530/61 327/531/130 328/532/63
f 330/533/64 334/534/190 336/535/168
f 331/536/67 334/537/180 333/538/133
f 332/539/70 334/540/134 335/541/72
f 281/470/1 298/542/136 295/488/19
f 298/493/109 283/476/7 296/491/22
f 288/479/10 286/543/75 282/473/4
f 294/544/170 283/476/7 286/478/156
f 289/482/13 308/499/30 293/545/77
f 308/546/139 290/485/16 293/487/107
f 297/494/25 307/547/79 303/500/31
f 300/548/186 304/503/34 307/505/185
f 295/488/19 326/549/81 323/524/55
f 301/550/141 324/527/58 326/529/129
f 330/533/64 305/551/172 302/497/28
f 336/552/84 303/500/31 305/502/33
f 325/530/61 335/553/173 331/536/67
f 328/554/86 332/539/70 335/541/72
f 309/506/37 329/526/127 312/555/144
f 329/556/88 310/509/40 312/511/119
f 316/515/46 333/557/89 330/533/64
f 333/538/133 318/521/52 331/536/67
f 311/512/43 321/558/91 317/518/49
f 314/559/92 318/521/52 321/523/164
f 309/506/37 284/560/93 281/470/1
f 315/561/174 282/473/4 284/475/154
f 289/482/13 319/562/150 316/515/46
f 291/563/96 317/518/49 319/520/51
f 323/524/55 281/470/1 295/488/19
f 290/485/16 296/491/22 283/476/7
f 317/518/49 282/473/4 311/512/43
f 302/497/28 316/515/46 330/533/64
f 303/500/31 324/527/58 297/494/25
f 331/536/67 310/509/40 325/530/61
f 337/564/1 341/565/2 343/566/98
f 338/567/4 341/568/153 340/569/154
f 339/570/7 341/571/155 342/572/9
f 344/573/10 348/574/103 350/575/12
f 345/576/13 348/577/14 347/578/15
f 346/579/16 348/580/158 349/581/18
f 351/582/19 355/583/191 357/584/192
f 352/585/22 355/586/193 354/587/109
f 353/588/25 355/589/110 356/590/27
f 358/591/28 362/592/194 364/593/30
f 359/594/31 362/595/112 361/596/33
f 360/597/34 362/598/195 363/599/160
f 365/600/37 369/601/196 371/602/117
f 366/603/40 369/604/161 368/605/119
f 367/606/43 369/607/162 370/608/45
f 372/609/46 376/610/197 378/611/48
f 373/612/49 376/613/123 375/614/51
f 374/615/52 376/616/163 377/617/178
f 379/618/55 383/619/56 385/620/127
f 380/621/58 383/622/128 382/623/129
f 381/624/61 383/625/130 384/626/63
f 386/627/64 390/628/65 392/629/168
f 387/630/67 390/631/180 389/632/133
f 388/633/70 390/634/134 391/635/72
f 337/564/1 354/636/136 351/582/19
f 354/587/109 339/570/7 352/585/22
f 344/573/10 342/637/75 338/567/4
f 350/638/182 339/570/7 342/572/9
f 345/576/13 364/593/30 349/639/77
f 364/640/139 346/579/16 349/581/18
f 359/594/31 356/590/27 363/641/79
f 356/642/80 360/597/34 363/599/160
f 351/582/19 382/643/81 379/618/55
f 382/623/129 353/588/25 380/621/58
f 386/627/64 361/644/172 358/591/28
f 392/645/84 359/594/31 361/596/33
f 381/624/61 391/646/173 387/630/67
f 384/647/86 388/633/70 391/635/72
f 365/600/37 385/620/127 368/648/144
f 385/649/145 366/603/40 368/605/119
f 372/609/46 389/650/89 386/627/64
f 389/632/133 374/615/52 387/630/67
f 367/606/43 377/651/91 373/612/49
f 370/652/184 374/615/52 377/617/178
f 365/600/37 340/653/93 337/564/1
f 371/654/174 338/567/4 340/569/154
f 345/576/13 375/655/150 372/609/46
f 347/656/96 373/612/49 375/614/51
f 379/618/55 337/564/1 351/582/19
f 346/579/16 352/585/22 339/570/7
f 373/612/49 338/567/4 367/606/43
f 358/591/28 372/609/46 386/627/64
f 359/594/31 380/621/58 353/588/25
f 387/630/67 366/603/40 381/624/61
f 393/657/1 397/658/97 399/659/98
f 394/660/4 397/661/153 396/662/154
f 395/663/7 397/664/175 398/665/9
f 400/666/10 404/667/103 406/668/12
f 401/669/13 404/670/104 403/671/198
f 402/672/16 404/673/176 405/674/199
f 407/675/19 411/676/191 413/677/21
f 408/678/22 411/679/23 410/680/24
f 409/681/25 411/682/200 412/683/27
f 414/684/28 418/685/177 420/686/111
f 415/687/31 418/688/112 417/689/113
f 416/690/34 418/691/159 419/692/160
f 421/693/37 425/694/116 427/695/39
f 422/696/40 425/697/161 424/698/119
f 423/699/43 425/700/162 426/701/45
f 428/702/46 432/703/47 434/704/122
f 429/705/49 432/706/123 431/707/51
f 430/708/52 432/709/163 433/710/178
f 435/711/55 439/712/165 441/713/57
f 436/714/58 439/715/128 438/716/129
f 437/717/61 439/718/130 440/719/179
f 442/720/64 446/721/65 448/722/66
f 443/723/67 446/724/180 445/725/133
f 444/726/70 446/727/134 447/728/72
f 407/675/19 399/659/98 410/729/73
f 410/680/24 395/663/7 408/678/22
f 394/660/4 406/668/12 398/730/75
f 406/731/182 395/663/7 398/665/9
f 401/669/13 420/686/111 405/732/138
f 420/733/201 402/672/16 405/674/199
f 409/681/25 419/734/79 415/687/31
f 419/692/160 408/678/22 416/690/34
f 407/675/19 438/735/81 435/711/55
f 438/716/129 409/681/25 436/714/58
f 442/720/64 417/736/202 414/684/28
f 417/689/113 444/726/70 415/687/31
f 437/717/61 447/737/183 443/723/67
f 447/728/72 436/714/58 444/726/70
f 421/693/37 441/713/57 424/738/144
f 441/739/145 422/696/40 424/698/119
f 428/702/46 445/740/146 442/720/64
f 434/741/203 443/723/67 445/725/133
f 423/699/43 433/742/91 429/705/49
f 433/710/178 422/696/40 430/708/52
f 421/693/37 396/743/148 393/657/1
f 396/662/154 423/699/43 394/660/4
f 428/702/46 403/671/198 431/744/95
f 403/745/96 429/705/49 431/707/51
f 435/711/55 393/657/1 407/675/19
f 402/672/16 408/678/22 395/663/7
f 429/705/49 394/660/4 423/699/43
f 414/684/28 428/702/46 442/720/64
f 415/687/31 436/714/58 409/681/25
f 443/723/67 422/696/40 437/717/61
f 449/746/1 453/747/97 455/748/98
f 450/749/4 453/750/153 452/751/100
f 451/752/7 453/753/175 454/754/9
f 456/755/10 460/756/103 462/757/12
f 457/758/13 460/759/104 459/760/105
f 458/761/16 460/762/176 461/763/18
f 463/764/19 467/765/20 469/766/21
f 464/767/22 467/768/23 466/769/24
f 465/770/25 467/771/26 468/772/27
f 470/773/28 474/774/177 476/775/111
f 471/776/31 474/777/112 473/778/33
f 472/779/34 474/780/159 475/781/160
f 477/782/37 481/783/38 483/784/39
f 478/785/40 481/786/161 480/787/119
f 479/788/43 481/789/120 482/790/45
f 484/791/46 488/792/47 490/793/122
f 485/794/49 488/795/123 487/796/51
f 486/797/52 488/798/163 489/799/178
f 491/800/55 495/801/56 497/802/127
f 492/803/58 495/804/128 494/805/129
f 493/806/61 495/807/130 496/808/179
f 498/809/64 502/810/65 504/811/66
f 499/812/67 502/813/180 501/814/133
f 500/815/70 502/816/204 503/817/72
f 463/764/19 455/748/98 466/818/73
f 466/769/24 451/752/7 464/767/22
f 456/755/10 454/819/181 450/749/4
f 462/820/182 451/752/7 454/754/9
f 457/758/13 476/775/111 461/821/138
f 476/822/205 458/761/16 461/763/18
f 471/776/31 468/772/27 475/823/79
f 468/824/186 472/779/34 475/781/160
f 463/764/19 494/825/81 491/800/55
f 469/826/82 492/803/58 494/805/129
f 498/809/64 473/827/172 470/773/28
f 473/778/33 500/815/70 471/776/31
f 499/812/67 496/808/179 503/828/183
f 496/829/86 500/815/70 503/817/72
f 477/782/37 497/802/127 480/830/144
f 497/831/145 478/785/40 480/787/119
f 484/791/46 501/832/146 498/809/64
f 490/833/203 499/812/67 501/814/133
f 485/794/49 482/790/45 489/834/91
f 482/835/184 486/797/52 489/799/178
f 477/782/37 452/836/148 449/746/1
f 452/751/100 479/788/43 450/749/4
f 484/791/46 459/760/105 487/837/95
f 459/838/96 485/794/49 487/796/51
f 491/800/55 449/746/1 463/764/19
f 458/761/16 464/767/22 451/752/7
f 485/794/49 450/749/4 479/788/43
f 470/773/28 484/791/46 498/809/64
f 471/776/31 492/803/58 465/770/25
f 499/812/67 478/785/40 493/806/61
f 505/839/1 509/840/97 511/841/3
f 506/842/4 509/843/153 508/844/154
f 507/845/7 509/846/8 510/847/156
f 512/848/10 516/849/11 518/850/12
f 513/851/13 516/852/14 515/853/15
f 514/854/16 516/855/17 517/856/107
f 519/857/19 523/858/191 525/859/21
f 520/860/22 523/861/108 522/862/109
f 521/863/25 523/864/110 524/865/27
f 526/866/28 530/867/29 532/868/111
f 527/869/31 530/870/206 529/871/113
f 528/872/34 530/873/159 531/874/185
f 533/875/37 537/876/116 539/877/39
f 534/878/40 537/879/161 536/880/119
f 535/881/43 537/882/162 538/883/45
f 540/884/46 544/885/47 546/886/122
f 541/887/49 544/888/123 543/889/51
f 542/890/52 544/891/163 545/892/178
f 547/893/55 551/894/165 553/895/127
f 548/896/58 551/897/128 550/898/129
f 549/899/61 551/900/130 552/901/179
f 554/902/64 558/903/65 560/904/66
f 555/905/67 558/906/180 557/907/133
f 556/908/70 558/909/71 559/910/72
f 505/839/1 522/911/136 519/857/19
f 511/912/207 520/860/22 522/862/109
f 506/842/4 518/850/12 510/913/75
f 518/914/170 507/845/7 510/847/156
f 513/851/13 532/868/111 517/915/138
f 532/916/139 514/854/16 517/856/107
f 521/863/25 531/917/79 527/869/31
f 531/874/185 520/860/22 528/872/34
f 547/893/55 525/859/21 550/918/81
f 525/919/208 548/896/58 550/898/129
f 554/902/64 529/920/83 526/866/28
f 560/921/84 527/869/31 529/871/113
f 549/899/61 559/922/183 555/905/67
f 559/910/72 548/896/58 556/908/70
f 533/875/37 553/895/127 536/923/144
f 553/924/145 534/878/40 536/880/119
f 540/884/46 557/925/146 554/902/64
f 546/926/203 555/905/67 557/907/133
f 535/881/43 545/927/91 541/887/49
f 545/892/178 534/878/40 542/890/52
f 533/875/37 508/928/93 505/839/1
f 539/929/174 506/842/4 508/844/154
f 513/851/13 543/930/95 540/884/46
f 515/931/96 541/887/49 543/889/51
f 547/893/55 505/839/1 519/857/19
f 514/854/16 520/860/22 507/845/7
f 541/887/49 506/842/4 535/881/43
f 526/866/28 540/884/46 554/902/64
f 527/869/31 548/896/58 521/863/25
f 555/905/67 534/878/40 549/899/61
f 561/932/1 565/933/2 567/934/98
f 562/935/4 565/936/99 564/937/154
f 563/938/7 565/939/8 566/940/156
f 568/941/10 572/942/103 574/943/12
f 569/944/13 572/945/14 571/946/15
f 570/947/16 572/948/158 573/949/107
f 575/950/19 579/951/20 581/952/21
f 576/953/22 579/954/108 578/955/109
f 577/956/25 579/957/110 580/958/27
f 582/959/28 586/960/29 588/961/111
f 583/962/31 586/963/206 585/964/33
f 584/965/34 586/966/159 587/967/160
f 589/968/37 593/969/38 595/970/39
f 590/971/40 593/972/161 592/973/119
f 591/974/43 593/975/162 594/976/45
f 596/977/46 600/978/47 602/979/122
f 597/980/49 600/981/123 599/982/51
f 598/983/52 600/984/163 601/985/178
f 603/986/55 607/987/56 609/988/127
f 604/989/58 607/990/128 606/991/129
f 605/992/61 607/993/130 608/994/179
f 610/995/64 614/996/65 616/997/66
f 611/998/67 614/999/180 613/1000/133
f 612/1001/70 614/1002/134 615/1003/72
f 561/932/1 578/1004/136 575/950/19
f 567/1005/207 576/953/22 578/955/109
f 568/941/10 566/1006/75 562/935/4
f 574/1007/170 563/938/7 566/940/156
f 569/944/13 588/961/111 573/1008/138
f 588/1009/139 570/947/16 573/949/107
f 577/956/25 587/1010/79 583/962/31
f 580/1011/186 584/965/34 587/967/160
f 603/986/55 581/952/21 606/1012/81
f 581/1013/141 604/989/58 606/991/129
f 610/995/64 585/1014/83 582/959/28
f 616/1015/84 583/962/31 585/964/33
f 605/992/61 615/1016/183 611/998/67
f 608/1017/86 612/1001/70 615/1003/72
f 589/968/37 609/988/127 592/1018/144
f 609/1019/145 590/971/40 592/973/119
f 610/995/64 602/979/122 613/1020/146
f 602/1021/203 611/998/67 613/1000/133
f 591/974/43 601/1022/91 597/980/49
f 594/1023/184 598/983/52 601/985/178
f 589/968/37 564/1024/93 561/932/1
f 595/1025/174 562/935/4 564/937/154
f 569/944/13 599/1026/95 596/977/46
f 599/982/51 568/941/10 597/980/49
f 603/986/55 561/932/1 575/950/19
f 570/947/16 576/953/22 563/938/7
f 597/980/49 562/935/4 591/974/43
f 582/959/28 596/977/46 610/995/64
f 583/962/31 604/989/58 577/956/25
f 611/998/67 590/971/40 605/992/61
f 617/1027/1 621/1028/97 623/1029/98
f 618/1030/4 621/1031/153 620/1032/154
f 619/1033/7 621/1034/155 622/1035/156
f 624/1036/10 628/1037/11 630/1038/12
f 625/1039/13 628/1040/14 627/1041/15
f 626/1042/16 628/1043/158 629/1044/107
f 631/1045/19 635/1046/191 637/1047/21
f 632/1048/22 635/1049/108 634/1050/109
f 633/1051/25 635/1052/110 636/1053/27
f 638/1054/28 642/1055/29 644/1056/111
f 639/1057/31 642/1058/112 641/1059/33
f 640/1060/34 642/1061/159 643/1062/185
f 645/1063/37 649/1064/116 651/1065/39
f 646/1066/40 649/1067/161 648/1068/119
f 647/1069/43 649/1070/162 650/1071/45
f 652/1072/46 656/1073/47 658/1074/122
f 653/1075/49 656/1076/123 655/1077/51
f 654/1078/52 656/1079/163 657/1080/178
f 659/1081/55 663/1082/165 665/1083/57
f 660/1084/58 663/1085/128 662/1086/129
f 661/1087/61 663/1088/130 664/1089/179
f 666/1090/64 670/1091/65 672/1092/66
f 667/1093/67 670/1094/180 669/1095/133
f 668/1096/70 670/1097/134 671/1098/72
f 617/1027/1 634/1099/136 631/1045/19
f 623/1100/207 632/1048/22 634/1050/109
f 618/1030/4 630/1038/12 622/1101/75
f 630/1102/170 619/1033/7 622/1035/156
f 625/1039/13 644/1056/111 629/1103/138
f 644/1104/139 626/1042/16 629/1044/107
f 633/1051/25 643/1105/79 639/1057/31
f 643/1062/185 632/1048/22 640/1060/34
f 631/1045/19 662/1106/81 659/1081/55
f 637/1107/141 660/1084/58 662/1086/129
f 666/1090/64 641/1108/83 638/1054/28
f 672/1109/84 639/1057/31 641/1059/33
f 661/1087/61 671/1110/183 667/1093/67
f 671/1098/72 660/1084/58 668/1096/70
f 645/1063/37 665/1083/57 648/1111/87
f 665/1112/145 646/1066/40 648/1068/119
f 652/1072/46 669/1113/146 666/1090/64
f 658/1114/203 667/1093/67 669/1095/133
f 647/1069/43 657/1115/91 653/1075/49
f 657/1080/178 646/1066/40 654/1078/52
f 645/1063/37 620/1116/93 617/1027/1
f 651/1117/174 618/1030/4 620/1032/154
f 625/1039/13 655/1118/95 652/1072/46
f 627/1119/96 653/1075/49 655/1077/51
f 659/1081/55 617/1027/1 631/1045/19
f 626/1042/16 632/1048/22 619/1033/7
f 653/1075/49 618/1030/4 647/1069/43
f 638/1054/28 652/1072/46 666/1090/64
f 639/1057/31 660/1084/58 633/1051/25
f 667/1093/67 646/1066/40 661/1087/61
f 673/1120/1 677/1121/2 679/1122/98
f 674/1123/4 677/1124/153 676/1125/154
f 675/1126/7 677/1127/155 678/1128/156
f 680/1129/10 684/1130/103 686/1131/12
f 681/1132/13 684/1133/14 683/1134/15
f 682/1135/16 684/1136/158 685/1137/107
f 687/1138/19 691/1139/20 693/1140/21
f 688/1141/22 691/1142/108 690/1143/109
f 689/1144/25 691/1145/110 692/1146/27
f 694/1147/28 698/1148/29 700/1149/111
f 695/1150/31 698/1151/112 697/1152/33
f 696/1153/34 698/1154/159 699/1155/185
f 701/1156/37 705/1157/38 707/1158/39
f 702/1159/40 705/1160/161 704/1161/119
f 703/1162/43 705/1163/120 706/1164/45
f 708/1165/46 712/1166/121 714/1167/122
f 709/1168/49 712/1169/123 711/1170/51
f 710/1171/52 712/1172/163 713/1173/178
f 715/1174/55 719/1175/56 721/1176/127
f 716/1177/58 719/1178/128 718/1179/129
f 717/1180/61 719/1181/130 720/1182/179
f 722/1183/64 726/1184/190 728/1185/66
f 723/1186/67 726/1187/180 725/1188/133
f 724/1189/70 726/1190/204 727/1191/72
f 673/1120/1 690/1192/136 687/1138/19
f 679/1193/207 688/1141/22 690/1143/109
f 680/1129/10 678/1194/75 674/1123/4
f 678/1128/156 682/1135/16 675/1126/7
f 681/1132/13 700/1149/111 685/1195/138
f 700/1196/139 682/1135/16 685/1137/107
f 689/1144/25 699/1197/79 695/1150/31
f 692/1198/186 696/1153/34 699/1155/185
f 687/1138/19 718/1199/81 715/1174/55
f 693/1200/141 716/1177/58 718/1179/129
f 722/1183/64 697/1201/83 694/1147/28
f 728/1202/84 695/1150/31 697/1152/33
f 717/1180/61 727/1203/183 723/1186/67
f 720/1204/86 724/1189/70 727/1191/72
f 701/1156/37 721/1176/127 704/1205/144
f 721/1206/145 702/1159/40 704/1161/119
f 708/1165/46 725/1207/146 722/1183/64
f 714/1208/203 723/1186/67 725/1188/133
f 703/1162/43 713/1209/91 709/1168/49
f 706/1210/184 710/1171/52 713/1173/178
f 701/1156/37 676/1211/93 673/1120/1
f 707/1212/149 674/1123/4 676/1125/154
f 681/1132/13 711/1213/95 708/1165/46
f 683/1214/96 709/1168/49 711/1170/51
f 715/1174/55 673/1120/1 687/1138/19
f 682/1135/16 688/1141/22 675/1126/7
f 709/1168/49 674/1123/4 703/1162/43
f 694/1147/28 708/1165/46 722/1183/64
f 695/1150/31 716/1177/58 689/1144/25
f 723/1186/67 702/1159/40 717/1180/61
f 729/1215/1 733/1216/97 735/1217/3
f 730/1218/4 733/1219/153 732/1220/154
f 731/1221/7 733/1222/155 734/1223/156
f 736/1224/10 740/1225/103 742/1226/12
f 737/1227/13 740/1228/14 739/1229/15
f 738/1230/16 740/1231/158 741/1232/107
f 743/1233/19 747/1234/191 749/1235/21
f 744/1236/22 747/1237/108 746/1238/109
f 745/1239/25 747/1240/110 748/1241/27
f 750/1242/28 754/1243/29 756/1244/111
f 751/1245/31 754/1246/112 753/1247/33
f 752/1248/34 754/1249/159 755/1250/185
f 757/1251/37 761/1252/116 763/1253/209
f 758/1254/40 761/1255/187 760/1256/210
f 759/1257/43 761/1258/44 762/1259/188
f 764/1260/46 768/1261/121 770/1262/48
f 765/1263/49 768/1264/50 767/1265/51
f 766/1266/52 768/1267/211 769/1268/178
f 771/1269/55 775/1270/165 777/1271/57
f 772/1272/58 775/1273/128 774/1274/129
f 773/1275/61 775/1276/166 776/1277/179
f 778/1278/64 782/1279/190 784/1280/66
f 779/1281/67 782/1282/212 781/1283/69
f 780/1284/70 782/1285/71 783/1286/213
f 729/1215/1 746/1287/73 743/1233/19
f 735/1288/207 744/1236/22 746/1238/109
f 730/1218/4 742/1226/12 734/1289/75
f 742/1290/170 731/1221/7 734/1223/156
f 737/1227/13 756/1244/111 741/1291/138
f 756/1292/139 738/1230/16 741/1232/107
f 745/1239/25 755/1293/214 751/1245/31
f 755/1250/185 744/1236/22 752/1248/34
f 743/1233/19 774/1294/81 771/1269/55
f 749/1295/141 772/1272/58 774/1274/129
f 778/1278/64 753/1296/83 750/1242/28
f 784/1297/84 751/1245/31 753/1247/33
f 773/1275/61 783/1298/183 779/1281/67
f 783/1286/213 772/1272/58 780/1284/70
f 757/1251/37 777/1271/57 760/1299/87
f 777/1300/215 758/1254/40 760/1256/210
f 764/1260/46 781/1301/89 778/1278/64
f 770/1302/216 779/1281/67 781/1283/69
f 759/1257/43 769/1303/217 765/1263/49
f 769/1268/178 758/1254/40 766/1266/52
f 757/1251/37 732/1304/93 729/1215/1
f 763/1305/174 730/1218/4 732/1220/154
f 737/1227/13 767/1306/95 764/1260/46
f 739/1307/96 765/1263/49 767/1265/51
f 771/1269/55 729/1215/1 743/1233/19
f 738/1230/16 744/1236/22 731/1221/7
f 765/1263/49 730/1218/4 759/1257/43
f 750/1242/28 764/1260/46 778/1278/64
f 751/1245/31 772/1272/58 745/1239/25
f 779/1281/67 758/1254/40 773/1275/61
f 785/1308/1 789/1309/2 791/1310/98
f 786/1311/4 789/1312/99 788/1313/154
f 787/1314/7 789/1315/155 790/1316/156
f 792/1317/10 796/1318/103 798/1319/12
f 793/1320/13 796/1321/14 795/1322/15
f 794/1323/16 796/1324/158 797/1325/107
f 799/1326/19 803/1327/20 805/1328/21
f 800/1329/22 803/1330/108 802/1331/109
f 801/1332/25 803/1333/218 804/1334/27
f 806/1335/28 810/1336/219 812/1337/111
f 807/1338/31 810/1339/206 809/1340/33
f 808/1341/34 810/1342/159 811/1343/185
f 813/1344/37 817/1345/116 819/1346/39
f 814/1347/40 817/1348/187 816/1349/210
f 815/1350/43 817/1351/44 818/1352/188
f 820/1353/46 824/1354/121 826/1355/48
f 821/1356/49 824/1357/50 823/1358/51
f 822/1359/52 824/1360/189 825/1361/178
f 827/1362/55 831/1363/56 833/1364/57
f 828/1365/58 831/1366/128 830/1367/129
f 829/1368/61 831/1369/166 832/1370/179
f 834/1371/64 838/1372/190 840/1373/66
f 835/1374/67 838/1375/212 837/1376/69
f 836/1377/70 838/1378/71 839/1379/213
f 785/1308/1 802/1380/136 799/1326/19
f 791/1381/207 800/1329/22 802/1331/109
f 792/1317/10 790/1382/75 786/1311/4
f 790/1316/156 794/1323/16 787/1314/7
f 793/1320/13 812/1337/111 797/1383/138
f 812/1384/139 794/1323/16 797/1325/107
f 807/1338/31 804/1334/27 811/1385/79
f 804/1386/186 808/1341/34 811/1343/185
f 799/1326/19 830/1387/81 827/1362/55
f 805/1388/141 828/1365/58 830/1367/129
f 834/1371/64 809/1389/83 806/1335/28
f 840/1390/84 807/1338/31 809/1340/33
f 835/1374/67 832/1370/179 839/1391/183
f 832/1392/86 836/1377/70 839/1379/213
f 813/1344/37 833/1364/57 816/1393/87
f 833/1394/145 814/1347/40 816/1349/210
f 820/1353/46 837/1395/89 834/1371/64
f 826/1396/220 835/1374/67 837/1376/69
f 821/1356/49 818/1352/188 825/1397/217
f 818/1398/184 822/1359/52 825/1361/178
f 813/1344/37 788/1399/93 785/1308/1
f 819/1400/149 786/1311/4 788/1313/154
f 793/1320/13 823/1401/95 820/1353/46
f 795/1402/96 821/1356/49 823/1358/51
f 827/1362/55 785/1308/1 799/1326/19
f 794/1323/16 800/1329/22 787/1314/7
f 821/1356/49 786/1311/4 815/1350/43
f 806/1335/28 820/1353/46 834/1371/64
f 807/1338/31 828/1365/58 801/1332/25
f 835/1374/67 814/1347/40 829/1368/61
f 841/1403/221 843/1404/221 844/1405/221
f 845/1406/222 842/1407/222 841/1408/222
f 849/1409/223 846/1410/224 845/1411/225
f 846/1412/226 843/1413/226 842/1414/226
f 846/1410/224 851/1415/227 847/1416/228
f 847/1417/229 844/1418/229 843/1419/229
f 847/1416/228 852/1420/230 848/1421/231
f 848/1422/232 841/1423/232 844/1424/232
f 852/1420/230 845/1411/225 848/1421/231
f 852/1420/230 850/1425/233 849/1409/223
f 853/1426/221 855/1427/221 856/1428/221
f 857/1429/222 854/1430/222 853/1431/222
f 861/1432/223 858/1433/224 857/1434/225
f 858/1435/226 855/1436/226 854/1437/226
f 858/1433/224 863/1438/227 859/1439/228
f 859/1440/229 856/1441/229 855/1442/229
f 859/1439/228 864/1443/230 860/1444/231
f 860/1445/232 853/1446/232 856/1447/232
f 864/1443/230 857/1434/225 860/1444/231
f 864/1443/230 862/1448/233 861/1432/223
f 865/1449/221 867/1450/221 868/1451/221
f 869/1452/222 866/1453/222 865/1454/222
f 873/1455/223 870/1456/234 869/1457/225
f 870/1458/226 867/1459/226 866/1460/226
f 874/1461/233 871/1462/235 870/1456/234
f 871/1463/229 868/1464/229 867/1465/229
f 875/1466/227 872/1467/236 871/1462/235
f 872/1468/232 865/1469/232 868/1470/232
f 876/1471/230 869/1457/225 872/1467/236
f 876/1471/230 874/1461/233 873/1455/223
f 877/1472/221 879/1473/221 880/1474/221
f 881/1475/222 878/1476/222 877/1477/222
f 881/1478/237 886/1479/233 882/1480/224
f 882/1481/226 879/1482/226 878/1483/226
f 882/1480/224 887/1484/227 883/1485/235
f 883/1486/229 880/1487/229 879/1488/229
f 887/1484/227 884/1489/236 883/1485/235
f 884/1490/232 877/1491/232 880/1492/232
f 888/1493/230 881/1478/237 884/1489/236
f 888/1493/230 886/1479/233 885/1494/223
f 891/1495/222 890/1496/222 889/1497/222
f 891/1498/221 894/1498/221 892/1498/221
f 895/1499/238 894/1500/239 893/1501/239
f 897/1502/240 896/1503/238 895/1499/238
f 899/1504/241 898/1505/240 897/1506/240
f 901/1507/242 900/1508/241 899/1504/241
f 903/1509/243 902/1510/242 901/1507/242
f 905/1511/244 904/1512/243 903/1509/243
f 907/1513/245 906/1514/244 905/1515/244
f 909/1516/246 908/1517/245 907/1513/245
f 911/1518/229 910/1519/246 909/1516/246
f 889/1520/221 912/1521/221 911/1522/221
f 897/1523/232 895/1524/232 891/1525/247
f 890/1526/226 892/1527/248 896/1528/226
f 915/1529/221 914/1530/221 913/1531/221
f 917/1532/249 916/1533/250 915/1534/250
f 919/1535/251 918/1536/249 917/1532/249
f 921/1537/252 920/1538/251 919/1535/251
f 923/1539/251 922/1540/252 921/1537/252
f 925/1541/249 924/1542/251 923/1539/251
f 927/1543/250 926/1544/249 925/1541/249
f 929/1545/253 928/1546/253 927/1547/253
f 913/1548/242 930/1549/242 929/1550/242
f 927/1551/232 925/1552/232 917/1553/226
f 916/1554/254 918/1555/232 926/1556/226
f 932/1557/221 933/1558/221 931/1559/221
f 934/1560/229 935/1561/229 933/1562/229
f 936/1563/255 937/1564/256 935/1565/257
f 938/1566/256 939/1567/258 937/1564/256
f 940/1568/258 941/1569/259 939/1570/258
f 942/1571/259 943/1572/260 941/1569/259
f 944/1573/260 945/1574/261 943/1572/260
f 946/1575/262 947/1576/263 945/1574/261
f 948/1577/263 949/1578/264 947/1576/263
f 950/1579/264 931/1580/265 949/1578/264
f 933/1581/232 941/1582/232 943/1583/232
f 944/1584/226 942/1585/226 934/1586/226
f 952/1587/221 953/1588/221 951/1589/221
f 954/1590/229 955/1591/229 953/1592/229
f 956/1593/257 957/1594/256 955/1595/257
f 958/1596/256 959/1597/258 957/1594/256
f 960/1598/258 961/1599/259 959/1600/258
f 962/1601/259 963/1602/260 961/1599/259
f 964/1603/260 965/1604/261 963/1602/260
f 966/1605/262 967/1606/263 965/1604/261
f 968/1607/263 969/1608/264 967/1606/263
f 970/1609/264 951/1610/265 969/1608/264
f 953/1611/232 961/1612/232 963/1613/232
f 964/1614/226 962/1615/226 954/1616/226
f 972/1617/221 973/1618/221 971/1619/221
f 974/1620/229 975/1621/229 973/1622/229
f 976/1623/257 977/1624/256 975/1625/257
f 978/1626/256 979/1627/258 977/1624/256
f 980/1628/258 981/1629/259 979/1630/258
f 982/1631/259 983/1632/260 981/1629/259
f 984/1633/260 985/1634/261 983/1632/260
f 986/1635/262 987/1636/263 985/1634/261
f 988/1637/263 989/1638/264 987/1636/263
f 990/1639/264 971/1640/265 989/1638/264
f 973/1641/232 981/1642/232 983/1643/232
f 984/1644/226 982/1645/226 974/1646/226
f 992/1647/221 993/1648/221 991/1649/221
f 994/1650/229 995/1651/229 993/1652/229
f 996/1653/255 997/1654/256 995/1655/257
f 998/1656/256 999/1657/258 997/1654/256
f 1000/1658/258 1001/1659/259 999/1660/258
f 1002/1661/259 1003/1662/260 1001/1659/259
f 1004/1663/260 1005/1664/261 1003/1662/260
f 1006/1665/262 1007/1666/263 1005/1664/261
f 1008/1667/263 1009/1668/264 1007/1666/263
f 1010/1669/264 991/1670/265 1009/1668/264
f 993/1671/232 1001/1672/232 1003/1673/232
f 1004/1674/226 1002/1675/226 994/1676/226
f 1011/1677/1 1015/1678/2 1017/1679/98
f 1012/1680/4 1015/1681/153 1014/1682/154
f 1013/1683/7 1015/1684/155 1016/1685/156
f 1018/1686/10 1022/1687/103 1024/1688/12
f 1019/1689/13 1022/1690/14 1021/1691/15
f 1020/1692/16 1022/1693/17 1023/1694/107
f 1025/1695/19 1029/1696/20 1031/1697/21
f 1026/1698/22 1029/1699/108 1028/1700/109
f 1027/1701/25 1029/1702/200 1030/1703/266
f 1032/1704/28 1036/1705/29 1038/1706/111
f 1033/1707/31 1036/1708/32 1035/1709/33
f 1034/1710/34 1036/1711/159 1037/1712/185
f 1039/1713/37 1043/1714/38 1045/1715/39
f 1040/1716/40 1043/1717/161 1042/1718/119
f 1041/1719/43 1043/1720/162 1044/1721/45
f 1046/1722/46 1050/1723/47 1052/1724/122
f 1047/1725/49 1050/1726/123 1049/1727/51
f 1048/1728/52 1050/1729/53 1051/1730/178
f 1053/1731/55 1057/1732/56 1059/1733/127
f 1054/1734/58 1057/1735/267 1056/1736/129
f 1055/1737/61 1057/1738/130 1058/1739/179
f 1060/1740/64 1064/1741/65 1066/1742/66
f 1061/1743/67 1064/1744/180 1063/1745/133
f 1062/1746/70 1064/1747/71 1065/1748/213
f 1011/1677/1 1028/1749/136 1025/1695/19
f 1028/1700/109 1013/1683/7 1026/1698/22
f 1018/1686/10 1016/1750/75 1012/1680/4
f 1024/1751/170 1013/1683/7 1016/1685/156
f 1032/1704/28 1023/1752/138 1019/1689/13
f 1038/1753/139 1020/1692/16 1023/1694/107
f 1027/1701/25 1037/1754/214 1033/1707/31
f 1030/1755/186 1034/1710/34 1037/1712/185
f 1025/1695/19 1056/1756/81 1053/1731/55
f 1031/1757/141 1054/1734/58 1056/1736/129
f 1060/1740/64 1035/1758/83 1032/1704/28
f 1066/1759/84 1033/1707/31 1035/1709/33
f 1055/1737/61 1065/1760/183 1061/1743/67
f 1058/1761/268 1062/1746/70 1065/1748/213
f 1053/1731/55 1042/1762/144 1039/1713/37
f 1059/1763/145 1040/1716/40 1042/1718/119
f 1046/1722/46 1063/1764/146 1060/1740/64
f 1052/1765/203 1061/1743/67 1063/1745/133
f 1041/1719/43 1051/1766/91 1047/1725/49
f 1044/1767/184 1048/1728/52 1051/1730/178
f 1039/1713/37 1014/1768/93 1011/1677/1
f 1045/1769/174 1012/1680/4 1014/1682/154
f 1019/1689/13 1049/1770/95 1046/1722/46
f 1021/1771/96 1047/1725/49 1049/1727/51
f 1053/1731/55 1011/1677/1 1025/1695/19
f 1020/1692/16 1026/1698/22 1013/1683/7
f 1047/1725/49 1012/1680/4 1041/1719/43
f 1032/1704/28 1046/1722/46 1060/1740/64
f 1033/1707/31 1054/1734/58 1027/1701/25
f 1061/1743/67 1040/1716/40 1055/1737/61
f 1067/1772/1 1071/1773/97 1073/1774/3
f 1068/1775/4 1071/1776/153 1070/1777/100
f 1069/1778/7 1071/1779/8 1072/1780/9
f 1074/1781/10 1078/1782/103 1080/1783/12
f 1075/1784/13 1078/1785/104 1077/1786/269
f 1076/1787/16 1078/1788/17 1079/1789/18
f 1081/1790/19 1085/1791/191 1087/1792/192
f 1082/1793/22 1085/1794/270 1084/1795/271
f 1083/1796/25 1085/1797/110 1086/1798/27
f 1088/1799/28 1092/1800/177 1094/1801/30
f 1089/1802/31 1092/1803/112 1091/1804/113
f 1090/1805/34 1092/1806/35 1093/1807/160
f 1095/1808/37 1099/1809/116 1101/1810/117
f 1096/1811/40 1099/1812/272 1098/1813/273
f 1097/1814/43 1099/1815/162 1100/1816/45
f 1102/1817/46 1106/1818/121 1108/1819/48
f 1103/1820/49 1106/1821/123 1105/1822/124
f 1104/1823/52 1106/1824/53 1107/1825/164
f 1109/1826/55 1113/1827/165 1115/1828/57
f 1110/1829/58 1113/1830/128 1112/1831/274
f 1111/1832/61 1113/1833/62 1114/1834/63
f 1116/1835/64 1120/1836/190 1122/1837/168
f 1117/1838/67 1120/1839/132 1119/1840/275
f 1118/1841/70 1120/1842/134 1121/1843/72
f 1067/1772/1 1084/1844/276 1081/1790/19
f 1084/1795/271 1069/1778/7 1082/1793/22
f 1074/1781/10 1072/1845/75 1068/1775/4
f 1080/1846/182 1069/1778/7 1072/1780/9
f 1088/1799/28 1079/1847/77 1075/1784/13
f 1094/1848/78 1076/1787/16 1079/1789/18
f 1089/1802/31 1086/1798/27 1093/1849/79
f 1086/1850/140 1090/1805/34 1093/1807/160
f 1109/1826/55 1087/1792/192 1112/1851/171
f 1087/1852/208 1110/1829/58 1112/1831/274
f 1088/1799/28 1122/1837/168 1091/1853/202
f 1122/1854/142 1089/1802/31 1091/1804/113
f 1111/1832/61 1121/1855/277 1117/1838/67
f 1114/1856/86 1118/1841/70 1121/1843/72
f 1109/1826/55 1098/1857/278 1095/1808/37
f 1115/1858/88 1096/1811/40 1098/1813/273
f 1102/1817/46 1119/1859/279 1116/1835/64
f 1119/1840/275 1104/1823/52 1117/1838/67
f 1103/1820/49 1100/1816/45 1107/1860/91
f 1100/1861/280 1104/1823/52 1107/1825/164
f 1067/1772/1 1101/1810/117 1070/1862/281
f 1101/1863/149 1068/1775/4 1070/1777/100
f 1075/1784/13 1105/1864/150 1102/1817/46
f 1077/1865/151 1103/1820/49 1105/1822/124
f 1109/1826/55 1067/1772/1 1081/1790/19
f 1076/1787/16 1082/1793/22 1069/1778/7
f 1103/1820/49 1068/1775/4 1097/1814/43
f 1088/1799/28 1102/1817/46 1116/1835/64
f 1089/1802/31 1110/1829/58 1083/1796/25
f 1117/1838/67 1096/1811/40 1111/1832/61
f 1123/1866/226 1125/1867/226 1126/1868/226
f 1127/1869/222 1124/1870/222 1123/1871/222
f 1131/1872/282 1128/1873/283 1127/1874/284
f 1128/1875/242 1125/1876/242 1124/1877/242
f 1132/1878/285 1129/1879/286 1128/1873/283
f 1129/1880/229 1126/1881/229 1125/1882/229
f 1133/1883/287 1130/1884/288 1129/1879/286
f 1130/1885/221 1123/1886/221 1126/1887/221
f 1134/1888/289 1127/1874/284 1130/1884/288
f 1134/1888/289 1132/1878/285 1131/1872/282
f 1135/1889/1 1139/1890/2 1141/1891/98
f 1136/1892/4 1139/1893/153 1138/1894/154
f 1137/1895/7 1139/1896/155 1140/1897/156
f 1142/1898/10 1146/1899/103 1148/1900/12
f 1143/1901/13 1146/1902/14 1145/1903/15
f 1144/1904/16 1146/1905/17 1147/1906/107
f 1149/1907/19 1153/1908/20 1155/1909/21
f 1150/1910/22 1153/1911/108 1152/1912/109
f 1151/1913/25 1153/1914/200 1154/1915/266
f 1156/1916/28 1160/1917/29 1162/1918/111
f 1157/1919/31 1160/1920/32 1159/1921/33
f 1158/1922/34 1160/1923/159 1161/1924/185
f 1163/1925/37 1167/1926/38 1169/1927/39
f 1164/1928/40 1167/1929/161 1166/1930/119
f 1165/1931/43 1167/1932/162 1168/1933/45
f 1170/1934/46 1174/1935/47 1176/1936/122
f 1171/1937/49 1174/1938/123 1173/1939/51
f 1172/1940/52 1174/1941/53 1175/1942/178
f 1177/1943/55 1181/1944/56 1183/1945/127
f 1178/1946/58 1181/1947/267 1180/1948/129
f 1179/1949/61 1181/1950/130 1182/1951/179
f 1184/1952/64 1188/1953/65 1190/1954/66
f 1185/1955/67 1188/1956/180 1187/1957/133
f 1186/1958/70 1188/1959/71 1189/1960/213
f 1135/1889/1 1152/1961/136 1149/1907/19
f 1152/1912/109 1137/1895/7 1150/1910/22
f 1142/1898/10 1140/1962/75 1136/1892/4
f 1148/1963/170 1137/1895/7 1140/1897/156
f 1156/1916/28 1147/1964/138 1143/1901/13
f 1162/1965/139 1144/1904/16 1147/1906/107
f 1151/1913/25 1161/1966/214 1157/1919/31
f 1154/1967/186 1158/1922/34 1161/1924/185
f 1149/1907/19 1180/1968/81 1177/1943/55
f 1155/1969/141 1178/1946/58 1180/1948/129
f 1184/1952/64 1159/1970/83 1156/1916/28
f 1190/1971/84 1157/1919/31 1159/1921/33
f 1179/1949/61 1189/1972/183 1185/1955/67
f 1182/1973/268 1186/1958/70 1189/1960/213
f 1177/1943/55 1166/1974/144 1163/1925/37
f 1183/1975/145 1164/1928/40 1166/1930/119
f 1170/1934/46 1187/1976/146 1184/1952/64
f 1176/1977/203 1185/1955/67 1187/1957/133
f 1165/1931/43 1175/1978/91 1171/1937/49
f 1168/1979/184 1172/1940/52 1175/1942/178
f 1163/1925/37 1138/1980/93 1135/1889/1
f 1169/1981/174 1136/1892/4 1138/1894/154
f 1143/1901/13 1173/1982/95 1170/1934/46
f 1145/1983/96 1171/1937/49 1173/1939/51
f 1177/1943/55 1135/1889/1 1149/1907/19
f 1144/1904/16 1150/1910/22 1137/1895/7
f 1171/1937/49 1136/1892/4 1165/1931/43
f 1156/1916/28 1170/1934/46 1184/1952/64
f 1157/1919/31 1178/1946/58 1151/1913/25
f 1185/1955/67 1164/1928/40 1179/1949/61
f 1191/1984/1 1195/1985/97 1197/1986/3
f 1192/1987/4 1195/1988/153 1194/1989/100
f 1193/1990/7 1195/1991/8 1196/1992/9
f 1198/1993/10 1202/1994/103 1204/1995/12
f 1199/1996/13 1202/1997/104 1201/1998/269
f 1200/1999/16 1202/2000/17 1203/2001/18
f 1205/2002/19 1209/2003/191 1211/2004/192
f 1206/2005/22 1209/2006/270 1208/2007/271
f 1207/2008/25 1209/2009/110 1210/2010/27
f 1212/2011/28 1216/2012/177 1218/2013/30
f 1213/2014/31 1216/2015/112 1215/2016/113
f 1214/2017/34 1216/2018/35 1217/2019/160
f 1219/2020/37 1223/2021/116 1225/2022/117
f 1220/2023/40 1223/2024/272 1222/2025/273
f 1221/2026/43 1223/2027/162 1224/2028/45
f 1226/2029/46 1230/2030/121 1232/2031/48
f 1227/2032/49 1230/2033/123 1229/2034/124
f 1228/2035/52 1230/2036/53 1231/2037/164
f 1233/2038/55 1237/2039/165 1239/2040/57
f 1234/2041/58 1237/2042/128 1236/2043/274
f 1235/2044/61 1237/2045/62 1238/2046/63
f 1240/2047/64 1244/2048/190 1246/2049/168
f 1241/2050/67 1244/2051/132 1243/2052/275
f 1242/2053/70 1244/2054/134 1245/2055/72
f 1191/1984/1 1208/2056/276 1205/2002/19
f 1197/2057/74 1206/2005/22 1208/2007/271
f 1198/1993/10 1196/2058/75 1192/1987/4
f 1204/2059/182 1193/1990/7 1196/1992/9
f 1212/2011/28 1203/2060/77 1199/1996/13
f 1218/2061/78 1200/1999/16 1203/2001/18
f 1213/2014/31 1210/2010/27 1217/2062/79
f 1210/2063/140 1214/2017/34 1217/2019/160
f 1233/2038/55 1211/2004/192 1236/2064/290
f 1211/2065/208 1234/2041/58 1236/2043/274
f 1212/2011/28 1246/2049/168 1215/2066/172
f 1246/2067/142 1213/2014/31 1215/2016/113
f 1235/2044/61 1245/2068/277 1241/2050/67
f 1238/2069/86 1242/2053/70 1245/2055/72
f 1233/2038/55 1222/2070/278 1219/2020/37
f 1222/2025/273 1235/2044/61 1220/2023/40
f 1226/2029/46 1243/2071/279 1240/2047/64
f 1243/2052/275 1228/2035/52 1241/2050/67
f 1227/2032/49 1224/2028/45 1231/2072/91
f 1224/2073/280 1228/2035/52 1231/2037/164
f 1191/1984/1 1225/2022/117 1194/2074/148
f 1225/2075/149 1192/1987/4 1194/1989/100
f 1199/1996/13 1229/2076/150 1226/2029/46
f 1201/2077/151 1227/2032/49 1229/2034/124
f 1233/2038/55 1191/1984/1 1205/2002/19
f 1200/1999/16 1206/2005/22 1193/1990/7
f 1227/2032/49 1192/1987/4 1221/2026/43
f 1212/2011/28 1226/2029/46 1240/2047/64
f 1213/2014/31 1234/2041/58 1207/2008/25
f 1241/2050/67 1220/2023/40 1235/2044/61
f 1247/2078/232 1249/2079/232 1250/2080/232
f 1251/2081/222 1248/2082/222 1247/2083/222
f 1255/2084/291 1252/2085/292 1251/2086/293
f 1252/2087/221 1249/2088/221 1248/2089/221
f 1256/2090/294 1253/2091/295 1252/2085/292
f 1253/2092/229 1250/2093/229 1249/2094/229
f 1257/2095/296 1254/2096/297 1253/2091/295
f 1254/2097/242 1247/2098/242 1250/2099/242
f 1258/2100/298 1251/2086/293 1254/2096/297
f 1258/2100/298 1256/2090/294 1255/2084/291
f 1259/2101/1 1263/2102/97 1265/2103/3
f 1260/2104/4 1263/2105/5 1262/2106/154
f 1261/2107/7 1263/2108/8 1264/2109/156
f 1266/2110/10 1270/2111/11 1272/2112/12
f 1267/2113/13 1270/2114/104 1269/2115/15
f 1268/2116/16 1270/2117/17 1271/2118/107
f 1273/2119/19 1277/2120/191 1279/2121/21
f 1274/2122/22 1277/2123/23 1276/2124/109
f 1275/2125/25 1277/2126/200 1278/2127/27
f 1280/2128/28 1284/2129/177 1286/2130/30
f 1281/2131/31 1284/2132/32 1283/2133/33
f 1282/2134/34 1284/2135/35 1285/2136/185
f 1287/2137/37 1291/2138/116 1293/2139/39
f 1288/2140/40 1291/2141/41 1290/2142/119
f 1289/2143/43 1291/2144/44 1292/2145/45
f 1294/2146/46 1298/2147/121 1300/2148/48
f 1295/2149/49 1298/2150/50 1297/2151/51
f 1296/2152/52 1298/2153/53 1299/2154/178
f 1301/2155/55 1305/2156/165 1307/2157/57
f 1302/2158/58 1305/2159/267 1304/2160/129
f 1303/2161/61 1305/2162/62 1306/2163/179
f 1308/2164/64 1312/2165/190 1314/2166/66
f 1309/2167/67 1312/2168/68 1311/2169/133
f 1310/2170/70 1312/2171/71 1313/2172/72
f 1259/2101/1 1276/2173/73 1273/2119/19
f 1276/2124/109 1261/2107/7 1274/2122/22
f 1266/2110/10 1264/2174/75 1260/2104/4
f 1272/2175/170 1261/2107/7 1264/2109/156
f 1280/2128/28 1271/2176/77 1267/2113/13
f 1271/2118/107 1282/2134/34 1268/2116/16
f 1275/2125/25 1285/2177/79 1281/2131/31
f 1278/2178/186 1282/2134/34 1285/2136/185
f 1273/2119/19 1304/2179/81 1301/2155/55
f 1279/2180/141 1302/2158/58 1304/2160/129
f 1308/2164/64 1283/2181/83 1280/2128/28
f 1314/2182/84 1281/2131/31 1283/2133/33
f 1303/2161/61 1313/2183/183 1309/2167/67
f 1306/2184/86 1310/2170/70 1313/2172/72
f 1301/2155/55 1290/2185/87 1287/2137/37
f 1290/2142/119 1303/2161/61 1288/2140/40
f 1294/2146/46 1311/2186/89 1308/2164/64
f 1311/2169/133 1296/2152/52 1309/2167/67
f 1289/2143/43 1299/2187/91 1295/2149/49
f 1292/2188/184 1296/2152/52 1299/2154/178
f 1287/2137/37 1262/2189/93 1259/2101/1
f 1293/2190/174 1260/2104/4 1262/2106/154
f 1267/2113/13 1297/2191/95 1294/2146/46
f 1269/2192/96 1295/2149/49 1297/2151/51
f 1301/2155/55 1259/2101/1 1273/2119/19
f 1268/2116/16 1274/2122/22 1261/2107/7
f 1295/2149/49 1260/2104/4 1289/2143/43
f 1280/2128/28 1294/2146/46 1308/2164/64
f 1281/2131/31 1302/2158/58 1275/2125/25
f 1309/2167/67 1288/2140/40 1303/2161/61
f 1315/2193/1 1319/2194/299 1321/2195/98
f 1316/2196/4 1319/2197/5 1318/2198/100
f 1317/2199/7 1319/2200/155 1320/2201/300
f 1322/2202/10 1326/2203/11 1328/2204/301
f 1323/2205/13 1326/2206/104 1325/2207/15
f 1324/2208/16 1326/2209/302 1327/2210/303
f 1329/2211/19 1333/2212/304 1335/2213/305
f 1330/2214/22 1333/2215/193 1332/2216/109
f 1331/2217/25 1333/2218/26 1334/2219/266
f 1336/2220/28 1340/2221/177 1342/2222/30
f 1337/2223/31 1340/2224/32 1339/2225/113
f 1338/2226/34 1340/2227/195 1341/2228/306
f 1343/2229/37 1347/2230/307 1349/2231/117
f 1344/2232/40 1347/2233/161 1346/2234/273
f 1345/2235/43 1347/2236/44 1348/2237/188
f 1350/2238/46 1354/2239/121 1356/2240/48
f 1351/2241/49 1354/2242/50 1353/2243/124
f 1352/2244/52 1354/2245/308 1355/2246/309
f 1357/2247/55 1361/2248/310 1363/2249/57
f 1358/2250/58 1361/2251/59 1360/2252/274
f 1359/2253/311 1361/2254/166 1362/2255/312
f 1364/2256/64 1368/2257/190 1370/2258/168
f 1365/2259/67 1368/2260/169 1367/2261/133
f 1366/2262/70 1368/2263/71 1369/2264/213
f 1315/2193/1 1332/2265/73 1329/2211/19
f 1332/2216/109 1317/2199/7 1330/2214/22
f 1316/2196/4 1328/2204/301 1320/2266/181
f 1328/2267/313 1317/2199/7 1320/2201/300
f 1323/2205/13 1342/2222/30 1327/2268/77
f 1342/2269/139 1324/2208/16 1327/2210/303
f 1331/2217/25 1341/2270/214 1337/2223/31
f 1341/2228/306 1330/2214/22 1338/2226/34
f 1329/2211/19 1360/2271/290 1357/2247/55
f 1335/2272/208 1358/2250/58 1360/2252/274
f 1336/2220/28 1370/2258/168 1339/2273/172
f 1370/2274/142 1337/2223/31 1339/2225/113
f 1359/2253/311 1369/2275/314 1365/2259/67
f 1369/2264/213 1358/2250/58 1366/2262/70
f 1343/2229/37 1363/2249/57 1346/2276/144
f 1363/2277/145 1344/2232/40 1346/2234/273
f 1350/2238/46 1367/2278/89 1364/2256/64
f 1367/2261/133 1352/2244/52 1365/2259/67
f 1345/2235/43 1355/2279/217 1351/2241/49
f 1355/2246/309 1344/2232/40 1352/2244/52
f 1343/2229/37 1318/2280/148 1315/2193/1
f 1349/2281/149 1316/2196/4 1318/2198/100
f 1323/2205/13 1353/2282/315 1350/2238/46
f 1325/2283/151 1351/2241/49 1353/2243/124
f 1357/2247/55 1315/2193/1 1329/2211/19
f 1324/2208/16 1330/2214/22 1317/2199/7
f 1351/2241/49 1316/2196/4 1345/2235/43
f 1336/2220/28 1350/2238/46 1364/2256/64
f 1337/2223/31 1358/2250/58 1331/2217/25
f 1365/2259/67 1344/2232/40 1359/2253/311
f 1371/2284/1 1375/2285/2 1377/2286/3
f 1372/2287/4 1375/2288/5 1374/2289/154
f 1373/2290/316 1375/2291/317 1376/2292/9
f 1378/2293/10 1382/2294/11 1384/2295/301
f 1379/2296/13 1382/2297/14 1381/2298/15
f 1380/2299/16 1382/2300/302 1383/2301/18
f 1385/2302/19 1389/2303/20 1391/2304/192
f 1386/2305/22 1389/2306/270 1388/2307/24
f 1387/2308/25 1389/2309/200 1390/2310/266
f 1392/2311/28 1396/2312/29 1398/2313/111
f 1393/2314/31 1396/2315/32 1395/2316/33
f 1394/2317/318 1396/2318/114 1397/2319/160
f 1399/2320/37 1403/2321/38 1405/2322/39
f 1400/2323/40 1403/2324/272 1402/2325/319
f 1401/2326/43 1403/2327/44 1404/2328/188
f 1406/2329/46 1410/2330/47 1412/2331/48
f 1407/2332/49 1410/2333/50 1409/2334/51
f 1408/2335/320 1410/2336/308 1411/2337/164
f 1413/2338/55 1417/2339/56 1419/2340/127
f 1414/2341/58 1417/2342/267 1416/2343/129
f 1415/2344/321 1417/2345/322 1418/2346/63
f 1420/2347/64 1424/2348/65 1426/2349/168
f 1421/2350/67 1424/2351/132 1423/2352/69
f 1422/2353/70 1424/2354/71 1425/2355/213
f 1371/2284/1 1388/2356/136 1385/2302/19
f 1377/2357/323 1386/2305/22 1388/2307/24
f 1378/2293/10 1376/2358/181 1372/2287/4
f 1384/2359/182 1373/2290/316 1376/2292/9
f 1392/2311/28 1383/2360/77 1379/2296/13
f 1398/2361/324 1380/2299/16 1383/2301/18
f 1387/2308/25 1397/2362/214 1393/2314/31
f 1390/2363/80 1394/2317/318 1397/2319/160
f 1385/2302/19 1416/2364/171 1413/2338/55
f 1391/2365/141 1414/2341/58 1416/2343/129
f 1420/2347/64 1395/2366/172 1392/2311/28
f 1426/2367/84 1393/2314/31 1395/2316/33
f 1415/2344/321 1425/2368/173 1421/2350/67
f 1418/2369/268 1422/2353/70 1425/2355/213
f 1413/2338/55 1402/2370/87 1399/2320/37
f 1419/2371/325 1400/2323/40 1402/2325/319
f 1406/2329/46 1423/2372/146 1420/2347/64
f 1412/2373/326 1421/2350/67 1423/2352/69
f 1401/2326/43 1411/2374/217 1407/2332/49
f 1404/2375/92 1408/2335/320 1411/2337/164
f 1399/2320/37 1374/2376/93 1371/2284/1
f 1405/2377/174 1372/2287/4 1374/2289/154
f 1379/2296/13 1409/2378/95 1406/2329/46
f 1381/2379/96 1407/2332/49 1409/2334/51
f 1413/2338/55 1371/2284/1 1385/2302/19
f 1380/2299/16 1386/2305/22 1373/2290/316
f 1407/2332/49 1372/2287/4 1401/2326/43
f 1392/2311/28 1406/2329/46 1420/2347/64
f 1393/2314/31 1414/2341/58 1387/2308/25
f 1421/2350/67 1400/2323/40 1415/2344/321
f 1/1/1 4/93/93 5/2/2
f 2/4/4 6/75/75 5/5/5
f 3/7/7 7/74/74 5/8/8
f 8/10/10 11/96/96 12/11/11
f 9/13/13 13/77/77 12/14/14
f 10/16/16 14/76/76 12/17/17
f 15/19/19 18/73/73 19/20/20
f 16/22/22 20/80/80 19/23/23
f 17/25/25 21/82/82 19/26/26
f 22/28/28 25/83/83 26/29/29
f 23/31/31 27/79/79 26/32/32
f 24/34/34 28/78/78 26/35/35
f 29/37/37 32/87/87 33/38/38
f 30/40/40 34/92/92 33/41/41
f 31/43/43 35/94/94 33/44/44
f 36/46/46 39/95/95 40/47/47
f 37/49/49 41/91/91 40/50/50
f 38/52/52 42/90/90 40/53/53
f 43/55/55 46/81/81 47/56/56
f 44/58/58 48/86/86 47/59/59
f 45/61/61 49/88/88 47/62/62
f 50/64/64 53/89/89 54/65/65
f 51/67/67 55/85/85 54/68/68
f 52/70/70 56/84/84 54/71/71
f 1/1/1 7/3/3 18/73/73
f 7/74/74 3/7/7 16/22/22
f 8/10/10 14/12/12 6/75/75
f 14/76/76 10/16/16 3/7/7
f 22/28/28 28/30/30 13/77/77
f 28/78/78 24/34/34 10/16/16
f 17/25/25 20/27/27 27/79/79
f 20/80/80 16/22/22 24/34/34
f 15/19/19 21/21/21 46/81/81
f 21/82/82 17/25/25 44/58/58
f 50/64/64 56/66/66 25/83/83
f 56/84/84 52/70/70 23/31/31
f 45/61/61 48/63/63 55/85/85
f 48/86/86 44/58/58 52/70/70
f 43/55/55 49/57/57 32/87/87
f 49/88/88 45/61/61 30/40/40
f 36/46/46 42/48/48 53/89/89
f 42/90/90 38/52/52 51/67/67
f 31/43/43 34/45/45 41/91/91
f 34/92/92 30/40/40 38/52/52
f 29/37/37 35/39/39 4/93/93
f 35/94/94 31/43/43 2/4/4
f 9/13/13 11/15/15 39/95/95
f 11/96/96 8/10/10 37/49/49
f 43/55/55 29/37/37 1/1/1
f 10/16/16 24/34/34 16/22/22
f 37/49/49 8/10/10 2/4/4
f 22/28/28 9/13/13 36/46/46
f 23/31/31 52/70/70 44/58/58
f 51/67/67 38/52/52 30/40/40
f 57/97/1 60/187/148 61/98/97
f 58/100/4 62/170/75 61/101/99
f 59/103/7 63/2380/207 61/104/101
f 64/106/10 67/190/151 68/107/103
f 65/109/13 69/172/138 68/110/104
f 66/112/16 70/171/137 68/113/106
f 71/115/19 74/169/136 75/116/20
f 72/118/22 76/175/140 75/119/108
f 73/121/25 77/177/141 75/122/110
f 78/124/28 81/178/83 82/125/29
f 79/127/31 83/174/79 82/128/112
f 80/130/34 84/173/139 82/131/114
f 85/133/37 88/182/144 89/134/116
f 86/136/40 90/186/147 89/137/118
f 87/139/43 91/188/149 89/140/120
f 92/142/46 95/189/150 96/143/121
f 93/145/49 97/185/91 96/146/123
f 94/148/52 98/2381/203 96/149/125
f 99/151/55 102/176/81 103/152/56
f 100/154/58 104/181/86 103/155/128
f 101/157/61 105/183/145 103/158/130
f 106/160/64 109/184/146 110/161/65
f 107/163/67 111/180/143 110/164/132
f 108/166/70 112/179/142 110/167/134
f 57/97/1 63/99/98 74/169/136
f 74/120/109 63/2380/207 59/103/7
f 64/106/10 70/108/12 62/170/75
f 70/171/137 66/112/16 59/103/7
f 65/109/13 78/124/28 84/126/111
f 84/173/139 80/130/34 66/112/16
f 73/121/25 76/123/27 83/174/79
f 76/175/140 72/118/22 80/130/34
f 99/151/55 71/115/19 77/117/21
f 77/177/141 73/121/25 100/154/58
f 106/160/64 112/162/66 81/178/83
f 112/179/142 108/166/70 79/127/31
f 101/157/61 104/159/131 111/180/143
f 104/181/86 100/154/58 108/166/70
f 85/133/37 99/151/55 105/153/127
f 105/183/145 101/157/61 86/136/40
f 92/142/46 98/144/122 109/184/146
f 109/165/133 98/2381/203 94/148/52
f 87/139/43 90/141/45 97/185/91
f 90/186/147 86/136/40 94/148/52
f 57/97/1 85/133/37 91/135/117
f 91/188/149 87/139/43 58/100/4
f 65/109/13 67/111/105 95/189/150
f 67/190/151 64/106/10 93/145/49
f 99/151/55 85/133/37 57/97/1
f 66/112/16 80/130/34 72/118/22
f 93/145/49 64/106/10 58/100/4
f 78/124/28 65/109/13 92/142/46
f 79/127/31 108/166/70 100/154/58
f 107/163/67 94/148/52 86/136/40
f 113/191/1 116/278/148 117/192/152
f 114/194/4 118/264/75 117/195/153
f 115/197/7 119/2382/207 117/198/155
f 120/200/10 123/281/96 124/201/103
f 121/203/13 125/266/77 124/204/157
f 122/206/16 126/265/170 124/207/158
f 127/209/19 130/263/136 131/210/20
f 128/212/22 132/2383/80 131/213/108
f 129/215/25 133/2384/141 131/216/110
f 134/218/28 137/270/172 138/219/29
f 135/221/31 139/268/79 138/222/112
f 136/224/34 140/267/139 138/225/159
f 141/227/37 144/273/144 145/228/38
f 142/230/40 146/277/92 145/231/161
f 143/233/43 147/279/174 145/234/162
f 148/236/46 151/280/150 152/237/47
f 149/239/49 153/276/91 152/240/123
f 150/242/52 154/2385/90 152/243/163
f 155/245/55 158/269/171 159/246/165
f 156/248/58 160/2386/86 159/249/128
f 157/251/61 161/274/145 159/252/166
f 162/254/64 165/275/89 166/255/167
f 163/257/67 167/272/173 166/258/169
f 164/260/70 168/271/84 166/261/134
f 113/191/1 119/193/98 130/263/136
f 130/214/109 119/2382/207 115/197/7
f 120/200/10 126/202/12 118/264/75
f 126/265/170 122/206/16 115/197/7
f 121/203/13 134/218/28 140/220/30
f 140/267/139 136/224/34 122/206/16
f 129/215/25 132/217/27 139/268/79
f 139/226/160 132/2383/80 128/212/22
f 127/209/19 133/211/21 158/269/171
f 158/250/129 133/2384/141 129/215/25
f 162/254/64 168/256/168 137/270/172
f 168/271/84 164/260/70 135/221/31
f 157/251/61 160/253/63 167/272/173
f 167/262/72 160/2386/86 156/248/58
f 141/227/37 155/245/55 161/247/127
f 161/274/145 157/251/61 142/230/40
f 148/236/46 154/238/48 165/275/89
f 165/259/133 154/2385/90 150/242/52
f 143/233/43 146/235/45 153/276/91
f 146/277/92 142/230/40 150/242/52
f 141/227/37 147/229/39 116/278/148
f 147/279/174 143/233/43 114/194/4
f 121/203/13 123/205/105 151/280/150
f 123/281/96 120/200/10 149/239/49
f 155/245/55 141/227/37 113/191/1
f 122/206/16 136/224/34 128/212/22
f 149/239/49 120/200/10 114/194/4
f 134/218/28 121/203/13 148/236/46
f 135/221/31 164/260/70 156/248/58
f 163/257/67 150/242/52 142/230/40
f 169/282/1 172/372/93 173/283/2
f 170/285/4 174/355/181 173/286/5
f 171/288/7 175/2387/207 173/289/175
f 176/291/10 179/375/96 180/292/103
f 177/294/13 181/357/77 180/295/14
f 178/297/16 182/356/182 180/298/176
f 183/300/19 186/354/136 187/301/20
f 184/303/22 188/360/80 187/304/108
f 185/306/25 189/362/141 187/307/110
f 190/309/28 193/363/172 194/310/177
f 191/312/31 195/359/79 194/313/112
f 192/315/34 196/358/139 194/316/159
f 197/318/37 200/367/144 201/319/38
f 198/321/40 202/371/184 201/322/161
f 199/324/43 203/373/174 201/325/44
f 204/327/46 207/374/150 208/328/121
f 205/330/49 209/370/91 208/331/50
f 206/333/52 210/2388/203 208/334/53
f 211/336/55 214/361/81 215/337/56
f 212/339/58 216/366/86 215/340/128
f 213/342/61 217/368/145 215/343/130
f 218/345/64 221/369/89 222/346/65
f 219/348/67 223/365/183 222/349/180
f 220/351/70 224/364/84 222/352/134
f 169/282/1 175/284/98 186/354/136
f 186/305/24 175/2387/207 171/288/7
f 176/291/10 182/293/12 174/355/181
f 182/356/182 178/297/16 171/288/7
f 177/294/13 190/309/28 196/311/30
f 196/358/139 192/315/34 178/297/16
f 185/306/25 188/308/27 195/359/79
f 188/360/80 184/303/22 192/315/34
f 183/300/19 189/302/21 214/361/81
f 189/362/141 185/306/25 212/339/58
f 218/345/64 224/347/168 193/363/172
f 224/364/84 220/351/70 191/312/31
f 213/342/61 216/344/179 223/365/183
f 216/366/86 212/339/58 220/351/70
f 197/318/37 211/336/55 217/338/127
f 217/368/145 213/342/61 198/321/40
f 204/327/46 210/329/48 221/369/89
f 221/350/133 210/2388/203 206/333/52
f 199/324/43 202/326/45 209/370/91
f 202/371/184 198/321/40 206/333/52
f 197/318/37 203/320/39 172/372/93
f 203/373/174 199/324/43 170/285/4
f 177/294/13 179/296/105 207/374/150
f 179/375/96 176/291/10 205/330/49
f 211/336/55 197/318/37 169/282/1
f 178/297/16 192/315/34 184/303/22
f 205/330/49 176/291/10 170/285/4
f 190/309/28 177/294/13 204/327/46
f 191/312/31 220/351/70 212/339/58
f 219/348/67 206/333/52 198/321/40
f 225/376/1 228/466/93 229/377/2
f 226/379/4 230/449/75 229/380/153
f 227/382/7 231/2389/207 229/383/155
f 232/385/10 235/469/96 236/386/103
f 233/388/13 237/451/77 236/389/14
f 234/391/16 238/450/170 236/392/17
f 239/394/19 242/448/136 243/395/20
f 240/397/22 244/454/186 243/398/108
f 241/400/25 245/456/141 243/401/110
f 246/403/28 249/457/172 250/404/29
f 247/406/31 251/453/79 250/407/112
f 248/409/34 252/452/139 250/410/35
f 253/412/37 256/461/144 257/413/38
f 254/415/40 258/465/184 257/416/161
f 255/418/43 259/467/174 257/419/162
f 260/421/46 263/468/150 264/422/47
f 261/424/49 265/464/91 264/425/123
f 262/427/52 266/2390/90 264/428/53
f 267/430/55 270/455/81 271/431/56
f 268/433/58 272/460/86 271/434/128
f 269/436/61 273/462/145 271/437/130
f 274/439/64 277/463/89 278/440/65
f 275/442/67 279/459/183 278/443/68
f 276/445/70 280/458/84 278/446/134
f 225/376/1 231/378/98 242/448/136
f 242/399/109 231/2389/207 227/382/7
f 232/385/10 238/387/12 230/449/75
f 238/450/170 234/391/16 227/382/7
f 233/388/13 246/403/28 252/405/30
f 252/452/139 248/409/34 234/391/16
f 241/400/25 244/402/27 251/453/79
f 244/454/186 240/397/22 248/409/34
f 239/394/19 245/396/21 270/455/81
f 245/456/141 241/400/25 268/433/58
f 274/439/64 280/441/168 249/457/172
f 280/458/84 276/445/70 247/406/31
f 275/442/67 269/436/61 272/438/179
f 272/460/86 268/433/58 276/445/70
f 253/412/37 267/430/55 273/432/127
f 273/462/145 269/436/61 254/415/40
f 260/421/46 266/423/48 277/463/89
f 277/444/133 266/2390/90 262/427/52
f 255/418/43 258/420/45 265/464/91
f 258/465/184 254/415/40 262/427/52
f 253/412/37 259/414/39 228/466/93
f 259/467/174 255/418/43 226/379/4
f 233/388/13 235/390/105 263/468/150
f 235/469/96 232/385/10 261/424/49
f 267/430/55 253/412/37 225/376/1
f 234/391/16 248/409/34 240/397/22
f 261/424/49 232/385/10 226/379/4
f 246/403/28 233/388/13 260/421/46
f 247/406/31 276/445/70 268/433/58
f 275/442/67 262/427/52 254/415/40
f 281/470/1 284/560/93 285/471/2
f 282/473/4 286/543/75 285/474/5
f 283/476/7 287/2391/207 285/477/155
f 288/479/10 291/563/96 292/480/11
f 289/482/13 293/545/77 292/483/104
f 290/485/16 294/544/170 292/486/17
f 295/488/19 298/542/136 299/489/20
f 296/491/22 300/548/186 299/492/108
f 297/494/25 301/550/141 299/495/110
f 302/497/28 305/551/172 306/498/29
f 303/500/31 307/547/79 306/501/112
f 304/503/34 308/546/139 306/504/159
f 309/506/37 312/555/144 313/507/38
f 310/509/40 314/559/92 313/510/187
f 311/512/43 315/561/174 313/513/44
f 316/515/46 319/562/150 320/516/47
f 317/518/49 321/558/91 320/519/123
f 318/521/52 322/2392/203 320/522/189
f 323/524/55 326/549/81 327/525/56
f 324/527/58 328/554/86 327/528/128
f 325/530/61 329/556/88 327/531/130
f 330/533/64 333/557/89 334/534/190
f 331/536/67 335/553/173 334/537/180
f 332/539/70 336/552/84 334/540/134
f 281/470/1 287/472/98 298/542/136
f 298/493/109 287/2391/207 283/476/7
f 288/479/10 294/481/12 286/543/75
f 294/544/170 290/485/16 283/476/7
f 289/482/13 302/497/28 308/499/30
f 308/546/139 304/503/34 290/485/16
f 297/494/25 300/496/27 307/547/79
f 300/548/186 296/491/22 304/503/34
f 295/488/19 301/490/21 326/549/81
f 301/550/141 297/494/25 324/527/58
f 330/533/64 336/535/168 305/551/172
f 336/552/84 332/539/70 303/500/31
f 325/530/61 328/532/63 335/553/173
f 328/554/86 324/527/58 332/539/70
f 309/506/37 323/524/55 329/526/127
f 329/556/88 325/530/61 310/509/40
f 316/515/46 322/517/48 333/557/89
f 333/538/133 322/2392/203 318/521/52
f 311/512/43 314/514/188 321/558/91
f 314/559/92 310/509/40 318/521/52
f 309/506/37 315/508/39 284/560/93
f 315/561/174 311/512/43 282/473/4
f 289/482/13 291/484/105 319/562/150
f 291/563/96 288/479/10 317/518/49
f 323/524/55 309/506/37 281/470/1
f 290/485/16 304/503/34 296/491/22
f 317/518/49 288/479/10 282/473/4
f 302/497/28 289/482/13 316/515/46
f 303/500/31 332/539/70 324/527/58
f 331/536/67 318/521/52 310/509/40
f 337/564/1 340/653/93 341/565/2
f 338/567/4 342/637/75 341/568/153
f 339/570/7 343/2393/207 341/571/155
f 344/573/10 347/656/96 348/574/103
f 345/576/13 349/639/77 348/577/14
f 346/579/16 350/638/182 348/580/158
f 351/582/19 354/636/136 355/583/191
f 352/585/22 356/642/80 355/586/193
f 353/588/25 357/2394/141 355/589/110
f 358/591/28 361/644/172 362/592/194
f 359/594/31 363/641/79 362/595/112
f 360/597/34 364/640/139 362/598/195
f 365/600/37 368/648/144 369/601/196
f 366/603/40 370/652/184 369/604/161
f 367/606/43 371/654/174 369/607/162
f 372/609/46 375/655/150 376/610/197
f 373/612/49 377/651/91 376/613/123
f 374/615/52 378/2395/203 376/616/163
f 379/618/55 382/643/81 383/619/56
f 380/621/58 384/647/86 383/622/128
f 381/624/61 385/649/145 383/625/130
f 386/627/64 389/650/89 390/628/65
f 387/630/67 391/646/173 390/631/180
f 388/633/70 392/645/84 390/634/134
f 337/564/1 343/566/98 354/636/136
f 354/587/109 343/2393/207 339/570/7
f 344/573/10 350/575/12 342/637/75
f 350/638/182 346/579/16 339/570/7
f 345/576/13 358/591/28 364/593/30
f 364/640/139 360/597/34 346/579/16
f 359/594/31 353/588/25 356/590/27
f 356/642/80 352/585/22 360/597/34
f 351/582/19 357/584/192 382/643/81
f 382/623/129 357/2394/141 353/588/25
f 386/627/64 392/629/168 361/644/172
f 392/645/84 388/633/70 359/594/31
f 381/624/61 384/626/63 391/646/173
f 384/647/86 380/621/58 388/633/70
f 365/600/37 379/618/55 385/620/127
f 385/649/145 381/624/61 366/603/40
f 372/609/46 378/611/48 389/650/89
f 389/632/133 378/2395/203 374/615/52
f 367/606/43 370/608/45 377/651/91
f 370/652/184 366/603/40 374/615/52
f 365/600/37 371/602/117 340/653/93
f 371/654/174 367/606/43 338/567/4
f 345/576/13 347/578/15 375/655/150
f 347/656/96 344/573/10 373/612/49
f 379/618/55 365/600/37 337/564/1
f 346/579/16 360/597/34 352/585/22
f 373/612/49 344/573/10 338/567/4
f 358/591/28 345/576/13 372/609/46
f 359/594/31 388/633/70 380/621/58
f 387/630/67 374/615/52 366/603/40
f 393/657/1 396/743/148 397/658/97
f 394/660/4 398/730/75 397/661/153
f 395/663/7 399/2396/327 397/664/175
f 400/666/10 403/745/96 404/667/103
f 401/669/13 405/732/138 404/670/104
f 402/672/16 406/731/182 404/673/176
f 407/675/19 410/729/73 411/676/191
f 408/678/22 412/2397/80 411/679/23
f 409/681/25 413/2398/82 411/682/200
f 414/684/28 417/736/202 418/685/177
f 415/687/31 419/734/79 418/688/112
f 416/690/34 420/733/201 418/691/159
f 421/693/37 424/738/144 425/694/116
f 422/696/40 426/2399/184 425/697/161
f 423/699/43 427/2400/174 425/700/162
f 428/702/46 431/744/95 432/703/47
f 429/705/49 433/742/91 432/706/123
f 430/708/52 434/741/203 432/709/163
f 435/711/55 438/735/81 439/712/165
f 436/714/58 440/2401/86 439/715/128
f 437/717/61 441/739/145 439/718/130
f 442/720/64 445/740/146 446/721/65
f 443/723/67 447/737/183 446/724/180
f 444/726/70 448/2402/84 446/727/134
f 407/675/19 393/657/1 399/659/98
f 410/680/24 399/2396/327 395/663/7
f 394/660/4 400/666/10 406/668/12
f 406/731/182 402/672/16 395/663/7
f 401/669/13 414/684/28 420/686/111
f 420/733/201 416/690/34 402/672/16
f 409/681/25 412/683/27 419/734/79
f 419/692/160 412/2397/80 408/678/22
f 407/675/19 413/677/21 438/735/81
f 438/716/129 413/2398/82 409/681/25
f 442/720/64 448/722/66 417/736/202
f 417/689/113 448/2402/84 444/726/70
f 437/717/61 440/719/179 447/737/183
f 447/728/72 440/2401/86 436/714/58
f 421/693/37 435/711/55 441/713/57
f 441/739/145 437/717/61 422/696/40
f 428/702/46 434/704/122 445/740/146
f 434/741/203 430/708/52 443/723/67
f 423/699/43 426/701/45 433/742/91
f 433/710/178 426/2399/184 422/696/40
f 421/693/37 427/695/39 396/743/148
f 396/662/154 427/2400/174 423/699/43
f 428/702/46 401/669/13 403/671/198
f 403/745/96 400/666/10 429/705/49
f 435/711/55 421/693/37 393/657/1
f 402/672/16 416/690/34 408/678/22
f 429/705/49 400/666/10 394/660/4
f 414/684/28 401/669/13 428/702/46
f 415/687/31 444/726/70 436/714/58
f 443/723/67 430/708/52 422/696/40
f 449/746/1 452/836/148 453/747/97
f 450/749/4 454/819/181 453/750/153
f 451/752/7 455/2403/327 453/753/175
f 456/755/10 459/838/96 460/756/103
f 457/758/13 461/821/138 460/759/104
f 458/761/16 462/820/182 460/762/176
f 463/764/19 466/818/73 467/765/20
f 464/767/22 468/824/186 467/768/23
f 465/770/25 469/826/82 467/771/26
f 470/773/28 473/827/172 474/774/177
f 471/776/31 475/823/79 474/777/112
f 472/779/34 476/822/205 474/780/159
f 477/782/37 480/830/144 481/783/38
f 478/785/40 482/835/184 481/786/161
f 479/788/43 483/2404/149 481/789/120
f 484/791/46 487/837/95 488/792/47
f 485/794/49 489/834/91 488/795/123
f 486/797/52 490/833/203 488/798/163
f 491/800/55 494/825/81 495/801/56
f 492/803/58 496/829/86 495/804/128
f 493/806/61 497/831/145 495/807/130
f 498/809/64 501/832/146 502/810/65
f 499/812/67 503/828/183 502/813/180
f 500/815/70 504/2405/84 502/816/204
f 463/764/19 449/746/1 455/748/98
f 466/769/24 455/2403/327 451/752/7
f 456/755/10 462/757/12 454/819/181
f 462/820/182 458/761/16 451/752/7
f 457/758/13 470/773/28 476/775/111
f 476/822/205 472/779/34 458/761/16
f 471/776/31 465/770/25 468/772/27
f 468/824/186 464/767/22 472/779/34
f 463/764/19 469/766/21 494/825/81
f 469/826/82 465/770/25 492/803/58
f 498/809/64 504/811/66 473/827/172
f 473/778/33 504/2405/84 500/815/70
f 499/812/67 493/806/61 496/808/179
f 496/829/86 492/803/58 500/815/70
f 477/782/37 491/800/55 497/802/127
f 497/831/145 493/806/61 478/785/40
f 484/791/46 490/793/122 501/832/146
f 490/833/203 486/797/52 499/812/67
f 485/794/49 479/788/43 482/790/45
f 482/835/184 478/785/40 486/797/52
f 477/782/37 483/784/39 452/836/148
f 452/751/100 483/2404/149 479/788/43
f 484/791/46 457/758/13 459/760/105
f 459/838/96 456/755/10 485/794/49
f 491/800/55 477/782/37 449/746/1
f 458/761/16 472/779/34 464/767/22
f 485/794/49 456/755/10 450/749/4
f 470/773/28 457/758/13 484/791/46
f 471/776/31 500/815/70 492/803/58
f 499/812/67 486/797/52 478/785/40
f 505/839/1 508/928/93 509/840/97
f 506/842/4 510/913/75 509/843/153
f 507/845/7 511/912/207 509/846/8
f 512/848/10 515/931/96 516/849/11
f 513/851/13 517/915/138 516/852/14
f 514/854/16 518/914/170 516/855/17
f 519/857/19 522/911/136 523/858/191
f 520/860/22 524/2406/186 523/861/108
f 521/863/25 525/919/208 523/864/110
f 526/866/28 529/920/83 530/867/29
f 527/869/31 531/917/79 530/870/206
f 528/872/34 532/916/139 530/873/159
f 533/875/37 536/923/144 537/876/116
f 534/878/40 538/2407/184 537/879/161
f 535/881/43 539/929/174 537/882/162
f 540/884/46 543/930/95 544/885/47
f 541/887/49 545/927/91 544/888/123
f 542/890/52 546/926/203 544/891/163
f 547/893/55 550/918/81 551/894/165
f 548/896/58 552/2408/86 551/897/128
f 549/899/61 553/924/145 551/900/130
f 554/902/64 557/925/146 558/903/65
f 555/905/67 559/922/183 558/906/180
f 556/908/70 560/921/84 558/909/71
f 505/839/1 511/841/3 522/911/136
f 511/912/207 507/845/7 520/860/22
f 506/842/4 512/848/10 518/850/12
f 518/914/170 514/854/16 507/845/7
f 513/851/13 526/866/28 532/868/111
f 532/916/139 528/872/34 514/854/16
f 521/863/25 524/865/27 531/917/79
f 531/874/185 524/2406/186 520/860/22
f 547/893/55 519/857/19 525/859/21
f 525/919/208 521/863/25 548/896/58
f 554/902/64 560/904/66 529/920/83
f 560/921/84 556/908/70 527/869/31
f 549/899/61 552/901/179 559/922/183
f 559/910/72 552/2408/86 548/896/58
f 533/875/37 547/893/55 553/895/127
f 553/924/145 549/899/61 534/878/40
f 540/884/46 546/886/122 557/925/146
f 546/926/203 542/890/52 555/905/67
f 535/881/43 538/883/45 545/927/91
f 545/892/178 538/2407/184 534/878/40
f 533/875/37 539/877/39 508/928/93
f 539/929/174 535/881/43 506/842/4
f 513/851/13 515/853/15 543/930/95
f 515/931/96 512/848/10 541/887/49
f 547/893/55 533/875/37 505/839/1
f 514/854/16 528/872/34 520/860/22
f 541/887/49 512/848/10 506/842/4
f 526/866/28 513/851/13 540/884/46
f 527/869/31 556/908/70 548/896/58
f 555/905/67 542/890/52 534/878/40
f 561/932/1 564/1024/93 565/933/2
f 562/935/4 566/1006/75 565/936/99
f 563/938/7 567/1005/207 565/939/8
f 568/941/10 571/2409/96 572/942/103
f 569/944/13 573/1008/138 572/945/14
f 570/947/16 574/1007/170 572/948/158
f 575/950/19 578/1004/136 579/951/20
f 576/953/22 580/1011/186 579/954/108
f 577/956/25 581/1013/141 579/957/110
f 582/959/28 585/1014/83 586/960/29
f 583/962/31 587/1010/79 586/963/206
f 584/965/34 588/1009/139 586/966/159
f 589/968/37 592/1018/144 593/969/38
f 590/971/40 594/1023/184 593/972/161
f 591/974/43 595/1025/174 593/975/162
f 596/977/46 599/1026/95 600/978/47
f 597/980/49 601/1022/91 600/981/123
f 598/983/52 602/1021/203 600/984/163
f 603/986/55 606/1012/81 607/987/56
f 604/989/58 608/1017/86 607/990/128
f 605/992/61 609/1019/145 607/993/130
f 610/995/64 613/1020/146 614/996/65
f 611/998/67 615/1016/183 614/999/180
f 612/1001/70 616/1015/84 614/1002/134
f 561/932/1 567/934/98 578/1004/136
f 567/1005/207 563/938/7 576/953/22
f 568/941/10 574/943/12 566/1006/75
f 574/1007/170 570/947/16 563/938/7
f 569/944/13 582/959/28 588/961/111
f 588/1009/139 584/965/34 570/947/16
f 577/956/25 580/958/27 587/1010/79
f 580/1011/186 576/953/22 584/965/34
f 603/986/55 575/950/19 581/952/21
f 581/1013/141 577/956/25 604/989/58
f 610/995/64 616/997/66 585/1014/83
f 616/1015/84 612/1001/70 583/962/31
f 605/992/61 608/994/179 615/1016/183
f 608/1017/86 604/989/58 612/1001/70
f 589/968/37 603/986/55 609/988/127
f 609/1019/145 605/992/61 590/971/40
f 610/995/64 596/977/46 602/979/122
f 602/1021/203 598/983/52 611/998/67
f 591/974/43 594/976/45 601/1022/91
f 594/1023/184 590/971/40 598/983/52
f 589/968/37 595/970/39 564/1024/93
f 595/1025/174 591/974/43 562/935/4
f 569/944/13 571/946/15 599/1026/95
f 599/982/51 571/2409/96 568/941/10
f 603/986/55 589/968/37 561/932/1
f 570/947/16 584/965/34 576/953/22
f 597/980/49 568/941/10 562/935/4
f 582/959/28 569/944/13 596/977/46
f 583/962/31 612/1001/70 604/989/58
f 611/998/67 598/983/52 590/971/40
f 617/1027/1 620/1116/93 621/1028/97
f 618/1030/4 622/1101/75 621/1031/153
f 619/1033/7 623/1100/207 621/1034/155
f 624/1036/10 627/1119/96 628/1037/11
f 625/1039/13 629/1103/138 628/1040/14
f 626/1042/16 630/1102/170 628/1043/158
f 631/1045/19 634/1099/136 635/1046/191
f 632/1048/22 636/2410/186 635/1049/108
f 633/1051/25 637/1107/141 635/1052/110
f 638/1054/28 641/1108/83 642/1055/29
f 639/1057/31 643/1105/79 642/1058/112
f 640/1060/34 644/1104/139 642/1061/159
f 645/1063/37 648/1111/87 649/1064/116
f 646/1066/40 650/2411/184 649/1067/161
f 647/1069/43 651/1117/174 649/1070/162
f 652/1072/46 655/1118/95 656/1073/47
f 653/1075/49 657/1115/91 656/1076/123
f 654/1078/52 658/1114/203 656/1079/163
f 659/1081/55 662/1106/81 663/1082/165
f 660/1084/58 664/2412/86 663/1085/128
f 661/1087/61 665/1112/145 663/1088/130
f 666/1090/64 669/1113/146 670/1091/65
f 667/1093/67 671/1110/183 670/1094/180
f 668/1096/70 672/1109/84 670/1097/134
f 617/1027/1 623/1029/98 634/1099/136
f 623/1100/207 619/1033/7 632/1048/22
f 618/1030/4 624/1036/10 630/1038/12
f 630/1102/170 626/1042/16 619/1033/7
f 625/1039/13 638/1054/28 644/1056/111
f 644/1104/139 640/1060/34 626/1042/16
f 633/1051/25 636/1053/27 643/1105/79
f 643/1062/185 636/2410/186 632/1048/22
f 631/1045/19 637/1047/21 662/1106/81
f 637/1107/141 633/1051/25 660/1084/58
f 666/1090/64 672/1092/66 641/1108/83
f 672/1109/84 668/1096/70 639/1057/31
f 661/1087/61 664/1089/179 671/1110/183
f 671/1098/72 664/2412/86 660/1084/58
f 645/1063/37 659/1081/55 665/1083/57
f 665/1112/145 661/1087/61 646/1066/40
f 652/1072/46 658/1074/122 669/1113/146
f 658/1114/203 654/1078/52 667/1093/67
f 647/1069/43 650/1071/45 657/1115/91
f 657/1080/178 650/2411/184 646/1066/40
f 645/1063/37 651/1065/39 620/1116/93
f 651/1117/174 647/1069/43 618/1030/4
f 625/1039/13 627/1041/15 655/1118/95
f 627/1119/96 624/1036/10 653/1075/49
f 659/1081/55 645/1063/37 617/1027/1
f 626/1042/16 640/1060/34 632/1048/22
f 653/1075/49 624/1036/10 618/1030/4
f 638/1054/28 625/1039/13 652/1072/46
f 639/1057/31 668/1096/70 660/1084/58
f 667/1093/67 654/1078/52 646/1066/40
f 673/1120/1 676/1211/93 677/1121/2
f 674/1123/4 678/1194/75 677/1124/153
f 675/1126/7 679/1193/207 677/1127/155
f 680/1129/10 683/1214/96 684/1130/103
f 681/1132/13 685/1195/138 684/1133/14
f 682/1135/16 686/2413/170 684/1136/158
f 687/1138/19 690/1192/136 691/1139/20
f 688/1141/22 692/1198/186 691/1142/108
f 689/1144/25 693/1200/141 691/1145/110
f 694/1147/28 697/1201/83 698/1148/29
f 695/1150/31 699/1197/79 698/1151/112
f 696/1153/34 700/1196/139 698/1154/159
f 701/1156/37 704/1205/144 705/1157/38
f 702/1159/40 706/1210/184 705/1160/161
f 703/1162/43 707/1212/149 705/1163/120
f 708/1165/46 711/1213/95 712/1166/121
f 709/1168/49 713/1209/91 712/1169/123
f 710/1171/52 714/1208/203 712/1172/163
f 715/1174/55 718/1199/81 719/1175/56
f 716/1177/58 720/1204/86 719/1178/128
f 717/1180/61 721/1206/145 719/1181/130
f 722/1183/64 725/1207/146 726/1184/190
f 723/1186/67 727/1203/183 726/1187/180
f 724/1189/70 728/1202/84 726/1190/204
f 673/1120/1 679/1122/98 690/1192/136
f 679/1193/207 675/1126/7 688/1141/22
f 680/1129/10 686/1131/12 678/1194/75
f 678/1128/156 686/2413/170 682/1135/16
f 681/1132/13 694/1147/28 700/1149/111
f 700/1196/139 696/1153/34 682/1135/16
f 689/1144/25 692/1146/27 699/1197/79
f 692/1198/186 688/1141/22 696/1153/34
f 687/1138/19 693/1140/21 718/1199/81
f 693/1200/141 689/1144/25 716/1177/58
f 722/1183/64 728/1185/66 697/1201/83
f 728/1202/84 724/1189/70 695/1150/31
f 717/1180/61 720/1182/179 727/1203/183
f 720/1204/86 716/1177/58 724/1189/70
f 701/1156/37 715/1174/55 721/1176/127
f 721/1206/145 717/1180/61 702/1159/40
f 708/1165/46 714/1167/122 725/1207/146
f 714/1208/203 710/1171/52 723/1186/67
f 703/1162/43 706/1164/45 713/1209/91
f 706/1210/184 702/1159/40 710/1171/52
f 701/1156/37 707/1158/39 676/1211/93
f 707/1212/149 703/1162/43 674/1123/4
f 681/1132/13 683/1134/15 711/1213/95
f 683/1214/96 680/1129/10 709/1168/49
f 715/1174/55 701/1156/37 673/1120/1
f 682/1135/16 696/1153/34 688/1141/22
f 709/1168/49 680/1129/10 674/1123/4
f 694/1147/28 681/1132/13 708/1165/46
f 695/1150/31 724/1189/70 716/1177/58
f 723/1186/67 710/1171/52 702/1159/40
f 729/1215/1 732/1304/93 733/1216/97
f 730/1218/4 734/1289/75 733/1219/153
f 731/1221/7 735/1288/207 733/1222/155
f 736/1224/10 739/1307/96 740/1225/103
f 737/1227/13 741/1291/138 740/1228/14
f 738/1230/16 742/1290/170 740/1231/158
f 743/1233/19 746/1287/73 747/1234/191
f 744/1236/22 748/2414/186 747/1237/108
f 745/1239/25 749/1295/141 747/1240/110
f 750/1242/28 753/1296/83 754/1243/29
f 751/1245/31 755/1293/214 754/1246/112
f 752/1248/34 756/1292/139 754/1249/159
f 757/1251/37 760/1299/87 761/1252/116
f 758/1254/40 762/2415/184 761/1255/187
f 759/1257/43 763/1305/174 761/1258/44
f 764/1260/46 767/1306/95 768/1261/121
f 765/1263/49 769/1303/217 768/1264/50
f 766/1266/52 770/1302/216 768/1267/211
f 771/1269/55 774/1294/81 775/1270/165
f 772/1272/58 776/2416/86 775/1273/128
f 773/1275/61 777/1300/215 775/1276/166
f 778/1278/64 781/1301/89 782/1279/190
f 779/1281/67 783/1298/183 782/1282/212
f 780/1284/70 784/1297/84 782/1285/71
f 729/1215/1 735/1217/3 746/1287/73
f 735/1288/207 731/1221/7 744/1236/22
f 730/1218/4 736/1224/10 742/1226/12
f 742/1290/170 738/1230/16 731/1221/7
f 737/1227/13 750/1242/28 756/1244/111
f 756/1292/139 752/1248/34 738/1230/16
f 745/1239/25 748/1241/27 755/1293/214
f 755/1250/185 748/2414/186 744/1236/22
f 743/1233/19 749/1235/21 774/1294/81
f 749/1295/141 745/1239/25 772/1272/58
f 778/1278/64 784/1280/66 753/1296/83
f 784/1297/84 780/1284/70 751/1245/31
f 773/1275/61 776/1277/179 783/1298/183
f 783/1286/213 776/2416/86 772/1272/58
f 757/1251/37 771/1269/55 777/1271/57
f 777/1300/215 773/1275/61 758/1254/40
f 764/1260/46 770/1262/48 781/1301/89
f 770/1302/216 766/1266/52 779/1281/67
f 759/1257/43 762/1259/188 769/1303/217
f 769/1268/178 762/2415/184 758/1254/40
f 757/1251/37 763/1253/209 732/1304/93
f 763/1305/174 759/1257/43 730/1218/4
f 737/1227/13 739/1229/15 767/1306/95
f 739/1307/96 736/1224/10 765/1263/49
f 771/1269/55 757/1251/37 729/1215/1
f 738/1230/16 752/1248/34 744/1236/22
f 765/1263/49 736/1224/10 730/1218/4
f 750/1242/28 737/1227/13 764/1260/46
f 751/1245/31 780/1284/70 772/1272/58
f 779/1281/67 766/1266/52 758/1254/40
f 785/1308/1 788/1399/93 789/1309/2
f 786/1311/4 790/1382/75 789/1312/99
f 787/1314/7 791/1381/207 789/1315/155
f 792/1317/10 795/1402/96 796/1318/103
f 793/1320/13 797/1383/138 796/1321/14
f 794/1323/16 798/2417/170 796/1324/158
f 799/1326/19 802/1380/136 803/1327/20
f 800/1329/22 804/1386/186 803/1330/108
f 801/1332/25 805/1388/141 803/1333/218
f 806/1335/28 809/1389/83 810/1336/219
f 807/1338/31 811/1385/79 810/1339/206
f 808/1341/34 812/1384/139 810/1342/159
f 813/1344/37 816/1393/87 817/1345/116
f 814/1347/40 818/1398/184 817/1348/187
f 815/1350/43 819/1400/149 817/1351/44
f 820/1353/46 823/1401/95 824/1354/121
f 821/1356/49 825/1397/217 824/1357/50
f 822/1359/52 826/1396/220 824/1360/189
f 827/1362/55 830/1387/81 831/1363/56
f 828/1365/58 832/1392/86 831/1366/128
f 829/1368/61 833/1394/145 831/1369/166
f 834/1371/64 837/1395/89 838/1372/190
f 835/1374/67 839/1391/183 838/1375/212
f 836/1377/70 840/1390/84 838/1378/71
f 785/1308/1 791/1310/98 802/1380/136
f 791/1381/207 787/1314/7 800/1329/22
f 792/1317/10 798/1319/12 790/1382/75
f 790/1316/156 798/2417/170 794/1323/16
f 793/1320/13 806/1335/28 812/1337/111
f 812/1384/139 808/1341/34 794/1323/16
f 807/1338/31 801/1332/25 804/1334/27
f 804/1386/186 800/1329/22 808/1341/34
f 799/1326/19 805/1328/21 830/1387/81
f 805/1388/141 801/1332/25 828/1365/58
f 834/1371/64 840/1373/66 809/1389/83
f 840/1390/84 836/1377/70 807/1338/31
f 835/1374/67 829/1368/61 832/1370/179
f 832/1392/86 828/1365/58 836/1377/70
f 813/1344/37 827/1362/55 833/1364/57
f 833/1394/145 829/1368/61 814/1347/40
f 820/1353/46 826/1355/48 837/1395/89
f 826/1396/220 822/1359/52 835/1374/67
f 821/1356/49 815/1350/43 818/1352/188
f 818/1398/184 814/1347/40 822/1359/52
f 813/1344/37 819/1346/39 788/1399/93
f 819/1400/149 815/1350/43 786/1311/4
f 793/1320/13 795/1322/15 823/1401/95
f 795/1402/96 792/1317/10 821/1356/49
f 827/1362/55 813/1344/37 785/1308/1
f 794/1323/16 808/1341/34 800/1329/22
f 821/1356/49 792/1317/10 786/1311/4
f 806/1335/28 793/1320/13 820/1353/46
f 807/1338/31 836/1377/70 828/1365/58
f 835/1374/67 822/1359/52 814/1347/40
f 841/1403/221 842/2418/221 843/1404/221
f 845/1406/222 846/2419/222 842/1407/222
f 849/1409/223 850/1425/233 846/1410/224
f 846/1412/226 847/2420/226 843/1413/226
f 846/1410/224 850/1425/233 851/1415/227
f 847/1417/229 848/2421/229 844/1418/229
f 847/1416/228 851/1415/227 852/1420/230
f 848/1422/232 845/2422/232 841/1423/232
f 852/1420/230 849/1409/223 845/1411/225
f 852/1420/230 851/1415/227 850/1425/233
f 853/1426/221 854/2423/221 855/1427/221
f 857/1429/222 858/2424/222 854/1430/222
f 861/1432/223 862/1448/233 858/1433/224
f 858/1435/226 859/2425/226 855/1436/226
f 858/1433/224 862/1448/233 863/1438/227
f 859/1440/229 860/2426/229 856/1441/229
f 859/1439/228 863/1438/227 864/1443/230
f 860/1445/232 857/2427/232 853/1446/232
f 864/1443/230 861/1432/223 857/1434/225
f 864/1443/230 863/1438/227 862/1448/233
f 865/1449/221 866/2428/221 867/1450/221
f 869/1452/222 870/2429/222 866/1453/222
f 873/1455/223 874/1461/233 870/1456/234
f 870/1458/226 871/2430/226 867/1459/226
f 874/1461/233 875/1466/227 871/1462/235
f 871/1463/229 872/2431/229 868/1464/229
f 875/1466/227 876/1471/230 872/1467/236
f 872/1468/232 869/2432/232 865/1469/232
f 876/1471/230 873/1455/223 869/1457/225
f 876/1471/230 875/1466/227 874/1461/233
f 877/1472/221 878/2433/221 879/1473/221
f 881/1475/222 882/2434/222 878/1476/222
f 881/1478/237 885/1494/223 886/1479/233
f 882/1481/226 883/2435/226 879/1482/226
f 882/1480/224 886/1479/233 887/1484/227
f 883/1486/229 884/2436/229 880/1487/229
f 887/1484/227 888/1493/230 884/1489/236
f 884/1490/232 881/2437/232 877/1491/232
f 888/1493/230 885/1494/223 881/1478/237
f 888/1493/230 887/1484/227 886/1479/233
f 891/1495/222 892/2438/222 890/1496/222
f 891/1498/221 893/1498/221 894/1498/221
f 895/1499/238 896/1503/238 894/1500/239
f 897/1502/240 898/2439/240 896/1503/238
f 899/1504/241 900/1508/241 898/1505/240
f 901/1507/242 902/1510/242 900/1508/241
f 903/1509/243 904/1512/243 902/1510/242
f 905/1511/244 906/2440/244 904/1512/243
f 907/1513/245 908/1517/245 906/1514/244
f 909/1516/246 910/1519/246 908/1517/245
f 911/1518/229 912/2441/229 910/1519/246
f 889/1520/221 890/2442/221 912/1521/221
f 889/2443/232 911/2444/232 909/2445/232
f 909/2445/232 907/2446/232 905/2447/232
f 905/2447/232 903/2448/232 901/2449/232
f 901/2449/232 899/2450/232 897/1523/232
f 889/2443/232 909/2445/232 905/2447/232
f 905/2447/232 901/2449/232 897/1523/232
f 889/2443/232 905/2447/232 897/1523/232
f 891/1525/247 889/2443/232 897/1523/232
f 895/1524/232 893/1525/221 891/1525/247
f 896/1528/226 898/2451/226 900/2452/226
f 900/2452/226 902/2453/226 904/2454/226
f 904/2454/226 906/2455/226 908/2456/226
f 908/2456/226 910/2457/226 912/2458/226
f 896/1528/226 900/2452/226 904/2454/226
f 904/2454/226 908/2456/226 912/2458/226
f 896/1528/226 904/2454/226 912/2458/226
f 896/1528/226 912/2458/226 890/1526/226
f 892/1527/248 894/1527/221 896/1528/226
f 915/1529/221 916/2459/221 914/1530/221
f 917/1532/249 918/1536/249 916/1533/250
f 919/1535/251 920/1538/251 918/1536/249
f 921/1537/252 922/1540/252 920/1538/251
f 923/1539/251 924/1542/251 922/1540/252
f 925/1541/249 926/1544/249 924/1542/251
f 927/1543/250 928/2460/250 926/1544/249
f 929/1545/253 930/2461/253 928/1546/253
f 913/1548/242 914/2462/242 930/1549/242
f 913/2463/328 929/2464/226 927/1551/232
f 925/1552/232 923/2465/232 921/2466/232
f 915/2464/232 913/2463/328 927/1551/232
f 925/1552/232 921/2466/232 919/2467/226
f 917/1553/226 915/2464/232 927/1551/232
f 925/1552/232 919/2467/226 917/1553/226
f 930/1554/221 914/2468/221 916/1554/254
f 918/1555/232 920/2469/232 922/2470/232
f 928/2471/329 930/1554/221 916/1554/254
f 918/1555/232 922/2470/232 924/2472/226
f 926/1556/226 928/2471/329 916/1554/254
f 918/1555/232 924/2472/226 926/1556/226
f 932/1557/221 934/2473/221 933/1558/221
f 934/1560/229 936/2474/229 935/1561/229
f 936/1563/255 938/1566/256 937/1564/256
f 938/1566/256 940/2475/258 939/1567/258
f 940/1568/258 942/1571/259 941/1569/259
f 942/1571/259 944/1573/260 943/1572/260
f 944/1573/260 946/1575/262 945/1574/261
f 946/1575/262 948/1577/263 947/1576/263
f 948/1577/263 950/1579/264 949/1578/264
f 950/1579/264 932/2476/265 931/1580/265
f 949/2477/232 931/2478/232 933/1581/232
f 933/1581/232 935/2479/232 937/2480/232
f 933/1581/232 937/2480/232 939/2481/232
f 947/2482/232 949/2477/232 933/1581/232
f 945/2483/232 947/2482/232 933/1581/232
f 933/1581/232 939/2481/232 941/1582/232
f 943/1583/232 945/2483/232 933/1581/232
f 934/1586/226 932/2484/226 950/2485/226
f 934/1586/226 950/2485/226 948/2486/226
f 938/2487/226 936/2488/226 934/1586/226
f 940/2489/226 938/2487/226 934/1586/226
f 934/1586/226 948/2486/226 946/2490/226
f 934/1586/226 946/2490/226 944/1584/226
f 942/1585/226 940/2489/226 934/1586/226
f 952/1587/221 954/2491/221 953/1588/221
f 954/1590/229 956/2492/229 955/1591/229
f 956/1593/257 958/1596/256 957/1594/256
f 958/1596/256 960/2493/258 959/1597/258
f 960/1598/258 962/1601/259 961/1599/259
f 962/1601/259 964/1603/260 963/1602/260
f 964/1603/260 966/1605/262 965/1604/261
f 966/1605/262 968/1607/263 967/1606/263
f 968/1607/263 970/1609/264 969/1608/264
f 970/1609/264 952/2494/265 951/1610/265
f 969/2495/232 951/2496/232 953/1611/232
f 953/1611/232 955/2497/232 957/2498/232
f 953/1611/232 957/2498/232 959/2499/232
f 967/2500/232 969/2495/232 953/1611/232
f 965/2501/232 967/2500/232 953/1611/232
f 953/1611/232 959/2499/232 961/1612/232
f 963/1613/232 965/2501/232 953/1611/232
f 954/1616/226 952/2502/226 970/2503/226
f 954/1616/226 970/2503/226 968/2504/226
f 958/2505/226 956/2506/226 954/1616/226
f 960/2507/226 958/2505/226 954/1616/226
f 954/1616/226 968/2504/226 966/2508/226
f 954/1616/226 966/2508/226 964/1614/226
f 962/1615/226 960/2507/226 954/1616/226
f 972/1617/221 974/2509/221 973/1618/221
f 974/1620/229 976/2510/229 975/1621/229
f 976/1623/257 978/1626/256 977/1624/256
f 978/1626/256 980/2511/258 979/1627/258
f 980/1628/258 982/1631/259 981/1629/259
f 982/1631/259 984/1633/260 983/1632/260
f 984/1633/260 986/1635/262 985/1634/261
f 986/1635/262 988/1637/263 987/1636/263
f 988/1637/263 990/1639/264 989/1638/264
f 990/1639/264 972/2512/265 971/1640/265
f 989/2513/232 971/2514/232 973/1641/232
f 973/1641/232 975/2515/232 977/2516/232
f 973/1641/232 977/2516/232 979/2517/232
f 987/2518/232 989/2513/232 973/1641/232
f 985/2519/232 987/2518/232 973/1641/232
f 973/1641/232 979/2517/232 981/1642/232
f 983/1643/232 985/2519/232 973/1641/232
f 974/1646/226 972/2520/226 990/2521/226
f 974/1646/226 990/2521/226 988/2522/226
f 978/2523/226 976/2524/226 974/1646/226
f 980/2525/226 978/2523/226 974/1646/226
f 974/1646/226 988/2522/226 986/2526/226
f 974/1646/226 986/2526/226 984/1644/226
f 982/1645/226 980/2525/226 974/1646/226
f 992/1647/221 994/2527/221 993/1648/221
f 994/1650/229 996/2528/229 995/1651/229
f 996/1653/255 998/1656/256 997/1654/256
f 998/1656/256 1000/2529/258 999/1657/258
f 1000/1658/258 1002/1661/259 1001/1659/259
f 1002/1661/259 1004/1663/260 1003/1662/260
f 1004/1663/260 1006/1665/262 1005/1664/261
f 1006/1665/262 1008/1667/263 1007/1666/263
f 1008/1667/263 1010/1669/264 1009/1668/264
f 1010/1669/264 992/2530/265 991/1670/265
f 1009/2531/232 991/2532/232 993/1671/232
f 993/1671/232 995/2533/232 997/2534/232
f 993/1671/232 997/2534/232 999/2535/232
f 1007/2536/232 1009/2531/232 993/1671/232
f 1005/2537/232 1007/2536/232 993/1671/232
f 993/1671/232 999/2535/232 1001/1672/232
f 1003/1673/232 1005/2537/232 993/1671/232
f 994/1676/226 992/2538/226 1010/2539/226
f 994/1676/226 1010/2539/226 1008/2540/226
f 998/2541/226 996/2542/226 994/1676/226
f 1000/2543/226 998/2541/226 994/1676/226
f 994/1676/226 1008/2540/226 1006/2544/226
f 994/1676/226 1006/2544/226 1004/1674/226
f 1002/1675/226 1000/2543/226 994/1676/226
f 1011/1677/1 1014/1768/93 1015/1678/2
f 1012/1680/4 1016/1750/75 1015/1681/153
f 1013/1683/7 1017/2545/207 1015/1684/155
f 1018/1686/10 1021/1771/96 1022/1687/103
f 1019/1689/13 1023/1752/138 1022/1690/14
f 1020/1692/16 1024/1751/170 1022/1693/17
f 1025/1695/19 1028/1749/136 1029/1696/20
f 1026/1698/22 1030/1755/186 1029/1699/108
f 1027/1701/25 1031/1757/141 1029/1702/200
f 1032/1704/28 1035/1758/83 1036/1705/29
f 1033/1707/31 1037/1754/214 1036/1708/32
f 1034/1710/34 1038/1753/139 1036/1711/159
f 1039/1713/37 1042/1762/144 1043/1714/38
f 1040/1716/40 1044/1767/184 1043/1717/161
f 1041/1719/43 1045/1769/174 1043/1720/162
f 1046/1722/46 1049/1770/95 1050/1723/47
f 1047/1725/49 1051/1766/91 1050/1726/123
f 1048/1728/52 1052/1765/203 1050/1729/53
f 1053/1731/55 1056/1756/81 1057/1732/56
f 1054/1734/58 1058/1761/268 1057/1735/267
f 1055/1737/61 1059/1763/145 1057/1738/130
f 1060/1740/64 1063/1764/146 1064/1741/65
f 1061/1743/67 1065/1760/183 1064/1744/180
f 1062/1746/70 1066/1759/84 1064/1747/71
f 1011/1677/1 1017/1679/98 1028/1749/136
f 1028/1700/109 1017/2545/207 1013/1683/7
f 1018/1686/10 1024/1688/12 1016/1750/75
f 1024/1751/170 1020/1692/16 1013/1683/7
f 1032/1704/28 1038/1706/111 1023/1752/138
f 1038/1753/139 1034/1710/34 1020/1692/16
f 1027/1701/25 1030/1703/266 1037/1754/214
f 1030/1755/186 1026/1698/22 1034/1710/34
f 1025/1695/19 1031/1697/21 1056/1756/81
f 1031/1757/141 1027/1701/25 1054/1734/58
f 1060/1740/64 1066/1742/66 1035/1758/83
f 1066/1759/84 1062/1746/70 1033/1707/31
f 1055/1737/61 1058/1739/179 1065/1760/183
f 1058/1761/268 1054/1734/58 1062/1746/70
f 1053/1731/55 1059/1733/127 1042/1762/144
f 1059/1763/145 1055/1737/61 1040/1716/40
f 1046/1722/46 1052/1724/122 1063/1764/146
f 1052/1765/203 1048/1728/52 1061/1743/67
f 1041/1719/43 1044/1721/45 1051/1766/91
f 1044/1767/184 1040/1716/40 1048/1728/52
f 1039/1713/37 1045/1715/39 1014/1768/93
f 1045/1769/174 1041/1719/43 1012/1680/4
f 1019/1689/13 1021/1691/15 1049/1770/95
f 1021/1771/96 1018/1686/10 1047/1725/49
f 1053/1731/55 1039/1713/37 1011/1677/1
f 1020/1692/16 1034/1710/34 1026/1698/22
f 1047/1725/49 1018/1686/10 1012/1680/4
f 1032/1704/28 1019/1689/13 1046/1722/46
f 1033/1707/31 1062/1746/70 1054/1734/58
f 1061/1743/67 1048/1728/52 1040/1716/40
f 1067/1772/1 1070/1862/281 1071/1773/97
f 1068/1775/4 1072/1845/75 1071/1776/153
f 1069/1778/7 1073/2546/74 1071/1779/8
f 1074/1781/10 1077/1865/151 1078/1782/103
f 1075/1784/13 1079/1847/77 1078/1785/104
f 1076/1787/16 1080/1846/182 1078/1788/17
f 1081/1790/19 1084/1844/276 1085/1791/191
f 1082/1793/22 1086/1850/140 1085/1794/270
f 1083/1796/25 1087/1852/208 1085/1797/110
f 1088/1799/28 1091/1853/202 1092/1800/177
f 1089/1802/31 1093/1849/79 1092/1803/112
f 1090/1805/34 1094/1848/78 1092/1806/35
f 1095/1808/37 1098/1857/278 1099/1809/116
f 1096/1811/40 1100/1861/280 1099/1812/272
f 1097/1814/43 1101/1863/149 1099/1815/162
f 1102/1817/46 1105/1864/150 1106/1818/121
f 1103/1820/49 1107/1860/91 1106/1821/123
f 1104/1823/52 1108/2547/90 1106/1824/53
f 1109/1826/55 1112/1851/171 1113/1827/165
f 1110/1829/58 1114/1856/86 1113/1830/128
f 1111/1832/61 1115/1858/88 1113/1833/62
f 1116/1835/64 1119/1859/279 1120/1836/190
f 1117/1838/67 1121/1855/277 1120/1839/132
f 1118/1841/70 1122/1854/142 1120/1842/134
f 1067/1772/1 1073/1774/3 1084/1844/276
f 1084/1795/271 1073/2546/74 1069/1778/7
f 1074/1781/10 1080/1783/12 1072/1845/75
f 1080/1846/182 1076/1787/16 1069/1778/7
f 1088/1799/28 1094/1801/30 1079/1847/77
f 1094/1848/78 1090/1805/34 1076/1787/16
f 1089/1802/31 1083/1796/25 1086/1798/27
f 1086/1850/140 1082/1793/22 1090/1805/34
f 1109/1826/55 1081/1790/19 1087/1792/192
f 1087/1852/208 1083/1796/25 1110/1829/58
f 1088/1799/28 1116/1835/64 1122/1837/168
f 1122/1854/142 1118/1841/70 1089/1802/31
f 1111/1832/61 1114/1834/63 1121/1855/277
f 1114/1856/86 1110/1829/58 1118/1841/70
f 1109/1826/55 1115/1828/57 1098/1857/278
f 1115/1858/88 1111/1832/61 1096/1811/40
f 1102/1817/46 1108/1819/48 1119/1859/279
f 1119/1840/275 1108/2547/90 1104/1823/52
f 1103/1820/49 1097/1814/43 1100/1816/45
f 1100/1861/280 1096/1811/40 1104/1823/52
f 1067/1772/1 1095/1808/37 1101/1810/117
f 1101/1863/149 1097/1814/43 1068/1775/4
f 1075/1784/13 1077/1786/269 1105/1864/150
f 1077/1865/151 1074/1781/10 1103/1820/49
f 1109/1826/55 1095/1808/37 1067/1772/1
f 1076/1787/16 1090/1805/34 1082/1793/22
f 1103/1820/49 1074/1781/10 1068/1775/4
f 1088/1799/28 1075/1784/13 1102/1817/46
f 1089/1802/31 1118/1841/70 1110/1829/58
f 1117/1838/67 1104/1823/52 1096/1811/40
f 1123/1866/226 1124/2548/226 1125/1867/226
f 1127/1869/222 1128/2549/222 1124/1870/222
f 1131/1872/282 1132/1878/285 1128/1873/283
f 1128/1875/242 1129/2550/242 1125/1876/242
f 1132/1878/285 1133/1883/287 1129/1879/286
f 1129/1880/229 1130/2551/229 1126/1881/229
f 1133/1883/287 1134/1888/289 1130/1884/288
f 1130/1885/221 1127/2552/221 1123/1886/221
f 1134/1888/289 1131/1872/282 1127/1874/284
f 1134/1888/289 1133/1883/287 1132/1878/285
f 1135/1889/1 1138/1980/93 1139/1890/2
f 1136/1892/4 1140/1962/75 1139/1893/153
f 1137/1895/7 1141/2553/207 1139/1896/155
f 1142/1898/10 1145/1983/96 1146/1899/103
f 1143/1901/13 1147/1964/138 1146/1902/14
f 1144/1904/16 1148/1963/170 1146/1905/17
f 1149/1907/19 1152/1961/136 1153/1908/20
f 1150/1910/22 1154/1967/186 1153/1911/108
f 1151/1913/25 1155/1969/141 1153/1914/200
f 1156/1916/28 1159/1970/83 1160/1917/29
f 1157/1919/31 1161/1966/214 1160/1920/32
f 1158/1922/34 1162/1965/139 1160/1923/159
f 1163/1925/37 1166/1974/144 1167/1926/38
f 1164/1928/40 1168/1979/184 1167/1929/161
f 1165/1931/43 1169/1981/174 1167/1932/162
f 1170/1934/46 1173/1982/95 1174/1935/47
f 1171/1937/49 1175/1978/91 1174/1938/123
f 1172/1940/52 1176/1977/203 1174/1941/53
f 1177/1943/55 1180/1968/81 1181/1944/56
f 1178/1946/58 1182/1973/268 1181/1947/267
f 1179/1949/61 1183/1975/145 1181/1950/130
f 1184/1952/64 1187/1976/146 1188/1953/65
f 1185/1955/67 1189/1972/183 1188/1956/180
f 1186/1958/70 1190/1971/84 1188/1959/71
f 1135/1889/1 1141/1891/98 1152/1961/136
f 1152/1912/109 1141/2553/207 1137/1895/7
f 1142/1898/10 1148/1900/12 1140/1962/75
f 1148/1963/170 1144/1904/16 1137/1895/7
f 1156/1916/28 1162/1918/111 1147/1964/138
f 1162/1965/139 1158/1922/34 1144/1904/16
f 1151/1913/25 1154/1915/266 1161/1966/214
f 1154/1967/186 1150/1910/22 1158/1922/34
f 1149/1907/19 1155/1909/21 1180/1968/81
f 1155/1969/141 1151/1913/25 1178/1946/58
f 1184/1952/64 1190/1954/66 1159/1970/83
f 1190/1971/84 1186/1958/70 1157/1919/31
f 1179/1949/61 1182/1951/179 1189/1972/183
f 1182/1973/268 1178/1946/58 1186/1958/70
f 1177/1943/55 1183/1945/127 1166/1974/144
f 1183/1975/145 1179/1949/61 1164/1928/40
f 1170/1934/46 1176/1936/122 1187/1976/146
f 1176/1977/203 1172/1940/52 1185/1955/67
f 1165/1931/43 1168/1933/45 1175/1978/91
f 1168/1979/184 1164/1928/40 1172/1940/52
f 1163/1925/37 1169/1927/39 1138/1980/93
f 1169/1981/174 1165/1931/43 1136/1892/4
f 1143/1901/13 1145/1903/15 1173/1982/95
f 1145/1983/96 1142/1898/10 1171/1937/49
f 1177/1943/55 1163/1925/37 1135/1889/1
f 1144/1904/16 1158/1922/34 1150/1910/22
f 1171/1937/49 1142/1898/10 1136/1892/4
f 1156/1916/28 1143/1901/13 1170/1934/46
f 1157/1919/31 1186/1958/70 1178/1946/58
f 1185/1955/67 1172/1940/52 1164/1928/40
f 1191/1984/1 1194/2074/148 1195/1985/97
f 1192/1987/4 1196/2058/75 1195/1988/153
f 1193/1990/7 1197/2057/74 1195/1991/8
f 1198/1993/10 1201/2077/151 1202/1994/103
f 1199/1996/13 1203/2060/77 1202/1997/104
f 1200/1999/16 1204/2059/182 1202/2000/17
f 1205/2002/19 1208/2056/276 1209/2003/191
f 1206/2005/22 1210/2063/140 1209/2006/270
f 1207/2008/25 1211/2065/208 1209/2009/110
f 1212/2011/28 1215/2066/172 1216/2012/177
f 1213/2014/31 1217/2062/79 1216/2015/112
f 1214/2017/34 1218/2061/78 1216/2018/35
f 1219/2020/37 1222/2070/278 1223/2021/116
f 1220/2023/40 1224/2073/280 1223/2024/272
f 1221/2026/43 1225/2075/149 1223/2027/162
f 1226/2029/46 1229/2076/150 1230/2030/121
f 1227/2032/49 1231/2072/91 1230/2033/123
f 1228/2035/52 1232/2554/90 1230/2036/53
f 1233/2038/55 1236/2064/290 1237/2039/165
f 1234/2041/58 1238/2069/86 1237/2042/128
f 1235/2044/61 1239/2555/88 1237/2045/62
f 1240/2047/64 1243/2071/279 1244/2048/190
f 1241/2050/67 1245/2068/277 1244/2051/132
f 1242/2053/70 1246/2067/142 1244/2054/134
f 1191/1984/1 1197/1986/3 1208/2056/276
f 1197/2057/74 1193/1990/7 1206/2005/22
f 1198/1993/10 1204/1995/12 1196/2058/75
f 1204/2059/182 1200/1999/16 1193/1990/7
f 1212/2011/28 1218/2013/30 1203/2060/77
f 1218/2061/78 1214/2017/34 1200/1999/16
f 1213/2014/31 1207/2008/25 1210/2010/27
f 1210/2063/140 1206/2005/22 1214/2017/34
f 1233/2038/55 1205/2002/19 1211/2004/192
f 1211/2065/208 1207/2008/25 1234/2041/58
f 1212/2011/28 1240/2047/64 1246/2049/168
f 1246/2067/142 1242/2053/70 1213/2014/31
f 1235/2044/61 1238/2046/63 1245/2068/277
f 1238/2069/86 1234/2041/58 1242/2053/70
f 1233/2038/55 1239/2040/57 1222/2070/278
f 1222/2025/273 1239/2555/88 1235/2044/61
f 1226/2029/46 1232/2031/48 1243/2071/279
f 1243/2052/275 1232/2554/90 1228/2035/52
f 1227/2032/49 1221/2026/43 1224/2028/45
f 1224/2073/280 1220/2023/40 1228/2035/52
f 1191/1984/1 1219/2020/37 1225/2022/117
f 1225/2075/149 1221/2026/43 1192/1987/4
f 1199/1996/13 1201/1998/269 1229/2076/150
f 1201/2077/151 1198/1993/10 1227/2032/49
f 1233/2038/55 1219/2020/37 1191/1984/1
f 1200/1999/16 1214/2017/34 1206/2005/22
f 1227/2032/49 1198/1993/10 1192/1987/4
f 1212/2011/28 1199/1996/13 1226/2029/46
f 1213/2014/31 1242/2053/70 1234/2041/58
f 1241/2050/67 1228/2035/52 1220/2023/40
f 1247/2078/232 1248/2556/232 1249/2079/232
f 1251/2081/222 1252/2557/222 1248/2082/222
f 1255/2084/291 1256/2090/294 1252/2085/292
f 1252/2087/221 1253/2558/221 1249/2088/221
f 1256/2090/294 1257/2095/296 1253/2091/295
f 1253/2092/229 1254/2559/229 1250/2093/229
f 1257/2095/296 1258/2100/298 1254/2096/297
f 1254/2097/242 1251/2560/242 1247/2098/242
f 1258/2100/298 1255/2084/291 1251/2086/293
f 1258/2100/298 1257/2095/296 1256/2090/294
f 1259/2101/1 1262/2189/93 1263/2102/97
f 1260/2104/4 1264/2174/75 1263/2105/5
f 1261/2107/7 1265/2561/207 1263/2108/8
f 1266/2110/10 1269/2192/96 1270/2111/11
f 1267/2113/13 1271/2176/77 1270/2114/104
f 1268/2116/16 1272/2175/170 1270/2117/17
f 1273/2119/19 1276/2173/73 1277/2120/191
f 1274/2122/22 1278/2178/186 1277/2123/23
f 1275/2125/25 1279/2180/141 1277/2126/200
f 1280/2128/28 1283/2181/83 1284/2129/177
f 1281/2131/31 1285/2177/79 1284/2132/32
f 1282/2134/34 1286/2562/139 1284/2135/35
f 1287/2137/37 1290/2185/87 1291/2138/116
f 1288/2140/40 1292/2188/184 1291/2141/41
f 1289/2143/43 1293/2190/174 1291/2144/44
f 1294/2146/46 1297/2191/95 1298/2147/121
f 1295/2149/49 1299/2187/91 1298/2150/50
f 1296/2152/52 1300/2563/203 1298/2153/53
f 1301/2155/55 1304/2179/81 1305/2156/165
f 1302/2158/58 1306/2184/86 1305/2159/267
f 1303/2161/61 1307/2564/145 1305/2162/62
f 1308/2164/64 1311/2186/89 1312/2165/190
f 1309/2167/67 1313/2183/183 1312/2168/68
f 1310/2170/70 1314/2182/84 1312/2171/71
f 1259/2101/1 1265/2103/3 1276/2173/73
f 1276/2124/109 1265/2561/207 1261/2107/7
f 1266/2110/10 1272/2112/12 1264/2174/75
f 1272/2175/170 1268/2116/16 1261/2107/7
f 1280/2128/28 1286/2130/30 1271/2176/77
f 1271/2118/107 1286/2562/139 1282/2134/34
f 1275/2125/25 1278/2127/27 1285/2177/79
f 1278/2178/186 1274/2122/22 1282/2134/34
f 1273/2119/19 1279/2121/21 1304/2179/81
f 1279/2180/141 1275/2125/25 1302/2158/58
f 1308/2164/64 1314/2166/66 1283/2181/83
f 1314/2182/84 1310/2170/70 1281/2131/31
f 1303/2161/61 1306/2163/179 1313/2183/183
f 1306/2184/86 1302/2158/58 1310/2170/70
f 1301/2155/55 1307/2157/57 1290/2185/87
f 1290/2142/119 1307/2564/145 1303/2161/61
f 1294/2146/46 1300/2148/48 1311/2186/89
f 1311/2169/133 1300/2563/203 1296/2152/52
f 1289/2143/43 1292/2145/45 1299/2187/91
f 1292/2188/184 1288/2140/40 1296/2152/52
f 1287/2137/37 1293/2139/39 1262/2189/93
f 1293/2190/174 1289/2143/43 1260/2104/4
f 1267/2113/13 1269/2115/15 1297/2191/95
f 1269/2192/96 1266/2110/10 1295/2149/49
f 1301/2155/55 1287/2137/37 1259/2101/1
f 1268/2116/16 1282/2134/34 1274/2122/22
f 1295/2149/49 1266/2110/10 1260/2104/4
f 1280/2128/28 1267/2113/13 1294/2146/46
f 1281/2131/31 1310/2170/70 1302/2158/58
f 1309/2167/67 1296/2152/52 1288/2140/40
f 1315/2193/1 1318/2280/148 1319/2194/299
f 1316/2196/4 1320/2266/181 1319/2197/5
f 1317/2199/7 1321/2565/327 1319/2200/155
f 1322/2202/10 1325/2283/151 1326/2203/11
f 1323/2205/13 1327/2268/77 1326/2206/104
f 1324/2208/16 1328/2267/313 1326/2209/302
f 1329/2211/19 1332/2265/73 1333/2212/304
f 1330/2214/22 1334/2566/330 1333/2215/193
f 1331/2217/25 1335/2272/208 1333/2218/26
f 1336/2220/28 1339/2273/172 1340/2221/177
f 1337/2223/31 1341/2270/214 1340/2224/32
f 1338/2226/34 1342/2269/139 1340/2227/195
f 1343/2229/37 1346/2276/144 1347/2230/307
f 1344/2232/40 1348/2567/331 1347/2233/161
f 1345/2235/43 1349/2281/149 1347/2236/44
f 1350/2238/46 1353/2282/315 1354/2239/121
f 1351/2241/49 1355/2279/217 1354/2242/50
f 1352/2244/52 1356/2568/326 1354/2245/308
f 1357/2247/55 1360/2271/290 1361/2248/310
f 1358/2250/58 1362/2569/268 1361/2251/59
f 1359/2253/311 1363/2277/145 1361/2254/166
f 1364/2256/64 1367/2278/89 1368/2257/190
f 1365/2259/67 1369/2275/314 1368/2260/169
f 1366/2262/70 1370/2274/142 1368/2263/71
f 1315/2193/1 1321/2195/98 1332/2265/73
f 1332/2216/109 1321/2565/327 1317/2199/7
f 1316/2196/4 1322/2202/10 1328/2204/301
f 1328/2267/313 1324/2208/16 1317/2199/7
f 1323/2205/13 1336/2220/28 1342/2222/30
f 1342/2269/139 1338/2226/34 1324/2208/16
f 1331/2217/25 1334/2219/266 1341/2270/214
f 1341/2228/306 1334/2566/330 1330/2214/22
f 1329/2211/19 1335/2213/305 1360/2271/290
f 1335/2272/208 1331/2217/25 1358/2250/58
f 1336/2220/28 1364/2256/64 1370/2258/168
f 1370/2274/142 1366/2262/70 1337/2223/31
f 1359/2253/311 1362/2255/312 1369/2275/314
f 1369/2264/213 1362/2569/268 1358/2250/58
f 1343/2229/37 1357/2247/55 1363/2249/57
f 1363/2277/145 1359/2253/311 1344/2232/40
f 1350/2238/46 1356/2240/48 1367/2278/89
f 1367/2261/133 1356/2568/326 1352/2244/52
f 1345/2235/43 1348/2237/188 1355/2279/217
f 1355/2246/309 1348/2567/331 1344/2232/40
f 1343/2229/37 1349/2231/117 1318/2280/148
f 1349/2281/149 1345/2235/43 1316/2196/4
f 1323/2205/13 1325/2207/15 1353/2282/315
f 1325/2283/151 1322/2202/10 1351/2241/49
f 1357/2247/55 1343/2229/37 1315/2193/1
f 1324/2208/16 1338/2226/34 1330/2214/22
f 1351/2241/49 1322/2202/10 1316/2196/4
f 1336/2220/28 1323/2205/13 1350/2238/46
f 1337/2223/31 1366/2262/70 1358/2250/58
f 1365/2259/67 1352/2244/52 1344/2232/40
f 1371/2284/1 1374/2376/93 1375/2285/2
f 1372/2287/4 1376/2358/181 1375/2288/5
f 1373/2290/316 1377/2357/323 1375/2291/317
f 1378/2293/10 1381/2379/96 1382/2294/11
f 1379/2296/13 1383/2360/77 1382/2297/14
f 1380/2299/16 1384/2359/182 1382/2300/302
f 1385/2302/19 1388/2356/136 1389/2303/20
f 1386/2305/22 1390/2363/80 1389/2306/270
f 1387/2308/25 1391/2365/141 1389/2309/200
f 1392/2311/28 1395/2366/172 1396/2312/29
f 1393/2314/31 1397/2362/214 1396/2315/32
f 1394/2317/318 1398/2361/324 1396/2318/114
f 1399/2320/37 1402/2370/87 1403/2321/38
f 1400/2323/40 1404/2375/92 1403/2324/272
f 1401/2326/43 1405/2377/174 1403/2327/44
f 1406/2329/46 1409/2378/95 1410/2330/47
f 1407/2332/49 1411/2374/217 1410/2333/50
f 1408/2335/320 1412/2373/326 1410/2336/308
f 1413/2338/55 1416/2364/171 1417/2339/56
f 1414/2341/58 1418/2369/268 1417/2342/267
f 1415/2344/321 1419/2371/325 1417/2345/322
f 1420/2347/64 1423/2372/146 1424/2348/65
f 1421/2350/67 1425/2368/173 1424/2351/132
f 1422/2353/70 1426/2367/84 1424/2354/71
f 1371/2284/1 1377/2286/3 1388/2356/136
f 1377/2357/323 1373/2290/316 1386/2305/22
f 1378/2293/10 1384/2295/301 1376/2358/181
f 1384/2359/182 1380/2299/16 1373/2290/316
f 1392/2311/28 1398/2313/111 1383/2360/77
f 1398/2361/324 1394/2317/318 1380/2299/16
f 1387/2308/25 1390/2310/266 1397/2362/214
f 1390/2363/80 1386/2305/22 1394/2317/318
f 1385/2302/19 1391/2304/192 1416/2364/171
f 1391/2365/141 1387/2308/25 1414/2341/58
f 1420/2347/64 1426/2349/168 1395/2366/172
f 1426/2367/84 1422/2353/70 1393/2314/31
f 1415/2344/321 1418/2346/63 1425/2368/173
f 1418/2369/268 1414/2341/58 1422/2353/70
f 1413/2338/55 1419/2340/127 1402/2370/87
f 1419/2371/325 1415/2344/321 1400/2323/40
f 1406/2329/46 1412/2331/48 1423/2372/146
f 1412/2373/326 1408/2335/320 1421/2350/67
f 1401/2326/43 1404/2328/188 1411/2374/217
f 1404/2375/92 1400/2323/40 1408/2335/320
f 1399/2320/37 1405/2322/39 1374/2376/93
f 1405/2377/174 1401/2326/43 1372/2287/4
f 1379/2296/13 1381/2298/15 1409/2378/95
f 1381/2379/96 1378/2293/10 1407/2332/49
f 1413/2338/55 1399/2320/37 1371/2284/1
f 1380/2299/16 1394/2317/318 1386/2305/22
f 1407/2332/49 1378/2293/10 1372/2287/4
f 1392/2311/28 1379/2296/13 1406/2329/46
f 1393/2314/31 1422/2353/70 1414/2341/58
f 1421/2350/67 1408/2335/320 1400/2323/40
