# Blender 5.2.2 LTS
# www.blender.org
o Sofa
v -2.820000 0.400000 1.070000
v -2.820000 0.580000 1.250000
v -3.000000 0.580000 1.070000
v -2.820000 0.413702 1.138883
v -2.820000 0.452721 1.197279
v -2.888883 0.413702 1.070000
v -2.890609 0.430238 1.140609
v -2.887026 0.461874 1.188126
v -2.923923 0.476077 1.173923
v -2.888883 0.580000 1.236298
v -2.947279 0.580000 1.197279
v -2.820000 0.511117 1.236298
v -2.890609 0.509391 1.219762
v -2.938126 0.512973 1.188126
v -2.986298 0.511117 1.070000
v -2.947279 0.452721 1.070000
v -2.986298 0.580000 1.138883
v -2.969762 0.509391 1.140609
v -2.938126 0.461874 1.137027
v -2.820000 1.120000 1.250000
v -2.820000 1.300000 1.070000
v -3.000000 1.120000 1.070000
v -2.820000 1.188883 1.236298
v -2.820000 1.247279 1.197279
v -2.888883 1.120000 1.236298
v -2.890609 1.190609 1.219762
v -2.887026 1.238126 1.188126
v -2.923923 1.223923 1.173923
v -2.888883 1.286298 1.070000
v -2.947279 1.247279 1.070000
v -2.820000 1.286298 1.138883
v -2.890609 1.269762 1.140609
v -2.938126 1.238126 1.137027
v -2.986298 1.120000 1.138883
v -2.947279 1.120000 1.197279
v -2.986298 1.188883 1.070000
v -2.969762 1.190609 1.140609
v -2.938126 1.187027 1.188126
v -2.820000 0.400000 -1.070000
v -3.000000 0.580000 -1.070000
v -2.820000 0.580000 -1.250000
v -2.888883 0.413702 -1.070000
v -2.947279 0.452721 -1.070000
v -2.820000 0.413702 -1.138883
v -2.890609 0.430238 -1.140609
v -2.938126 0.461874 -1.137027
v -2.923923 0.476077 -1.173923
v -2.986298 0.580000 -1.138883
v -2.947279 0.580000 -1.197279
v -2.986298 0.511117 -1.070000
v -2.969762 0.509391 -1.140609
v -2.938126 0.512973 -1.188126
v -2.820000 0.511117 -1.236298
v -2.820000 0.452721 -1.197279
v -2.888883 0.580000 -1.236298
v -2.890609 0.509391 -1.219762
v -2.887026 0.461874 -1.188126
v -2.820000 1.300000 -1.070000
v -2.820000 1.120000 -1.250000
v -3.000000 1.120000 -1.070000
v -2.820000 1.286298 -1.138883
v -2.820000 1.247279 -1.197279
v -2.888883 1.286298 -1.070000
v -2.890609 1.269762 -1.140609
v -2.887026 1.238126 -1.188126
v -2.923923 1.223923 -1.173923
v -2.888883 1.120000 -1.236298
v -2.947279 1.120000 -1.197279
v -2.820000 1.188883 -1.236298
v -2.890609 1.190609 -1.219762
v -2.938126 1.187027 -1.188126
v -2.986298 1.188883 -1.070000
v -2.947279 1.247279 -1.070000
v -2.986298 1.120000 -1.138883
v -2.969762 1.190609 -1.140609
v -2.938126 1.238126 -1.137027
v 2.820000 0.400000 1.070000
v 3.000000 0.580000 1.070000
v 2.820000 0.580000 1.250000
v 2.888883 0.413702 1.070000
v 2.947279 0.452721 1.070000
v 2.820000 0.413702 1.138883
v 2.890609 0.430238 1.140609
v 2.938126 0.461874 1.137027
v 2.923923 0.476077 1.173923
v 2.986298 0.580000 1.138883
v 2.947279 0.580000 1.197279
v 2.986298 0.511117 1.070000
v 2.969762 0.509391 1.140609
v 2.938126 0.512973 1.188126
v 2.820000 0.511117 1.236298
v 2.820000 0.452721 1.197279
v 2.888883 0.580000 1.236298
v 2.890609 0.509391 1.219762
v 2.887026 0.461874 1.188126
v 2.820000 1.300000 1.070000
v 2.820000 1.120000 1.250000
v 3.000000 1.120000 1.070000
v 2.820000 1.286298 1.138883
v 2.820000 1.247279 1.197279
v 2.888883 1.286298 1.070000
v 2.890609 1.269762 1.140609
v 2.887026 1.238126 1.188126
v 2.923923 1.223923 1.173923
v 2.888883 1.120000 1.236298
v 2.947279 1.120000 1.197279
v 2.820000 1.188883 1.236298
v 2.890609 1.190609 1.219762
v 2.938126 1.187027 1.188126
v 2.986298 1.188883 1.070000
v 2.947279 1.247279 1.070000
v 2.986298 1.120000 1.138883
v 2.969762 1.190609 1.140609
v 2.938126 1.238126 1.137027
v 2.820000 0.400000 -1.070000
v 2.820000 0.580000 -1.250000
v 3.000000 0.580000 -1.070000
v 2.820000 0.413702 -1.138883
v 2.820000 0.452721 -1.197279
v 2.888883 0.413702 -1.070000
v 2.890609 0.430238 -1.140609
v 2.887026 0.461874 -1.188126
v 2.923923 0.476077 -1.173923
v 2.888883 0.580000 -1.236298
v 2.947279 0.580000 -1.197279
v 2.820000 0.511117 -1.236298
v 2.890609 0.509391 -1.219762
v 2.938126 0.512973 -1.188126
v 2.986298 0.511117 -1.070000
v 2.947279 0.452721 -1.070000
v 2.986298 0.580000 -1.138883
v 2.969762 0.509391 -1.140609
v 2.938126 0.461874 -1.137027
v 2.820000 1.300000 -1.070000
v 3.000000 1.120000 -1.070000
v 2.820000 1.120000 -1.250000
v 2.888883 1.286298 -1.070000
v 2.947279 1.247279 -1.070000
v 2.820000 1.286298 -1.138883
v 2.890609 1.269762 -1.140609
v 2.938126 1.238126 -1.137027
v 2.923923 1.223923 -1.173923
v 2.986298 1.120000 -1.138883
v 2.947279 1.120000 -1.197279
v 2.986298 1.188883 -1.070000
v 2.969762 1.190609 -1.140609
v 2.938126 1.187027 -1.188126
v 2.820000 1.188883 -1.236298
v 2.820000 1.247279 -1.197279
v 2.888883 1.120000 -1.236298
v 2.890609 1.190609 -1.219762
v 2.887026 1.238126 -1.188126
v -2.750000 1.000000 1.050000
v -2.750000 1.250000 1.300000
v -3.000000 1.250000 1.050000
v -2.750000 1.012241 1.127269
v -2.750000 1.047728 1.196922
v -2.827269 1.012241 1.050000
v -2.829317 1.026737 1.129764
v -2.826732 1.060238 1.193536
v -2.896922 1.047728 1.050000
v -2.893664 1.060415 1.126930
v -2.882280 1.084156 1.182280
v -2.827269 1.250000 1.287759
v -2.896922 1.250000 1.252272
v -2.750000 1.172731 1.287759
v -2.829764 1.170683 1.273263
v -2.893536 1.173268 1.239762
v -2.750000 1.103078 1.252272
v -2.826930 1.106336 1.239585
v -2.882280 1.117720 1.215844
v -2.987759 1.172731 1.050000
v -2.952272 1.103078 1.050000
v -2.987759 1.250000 1.127269
v -2.973263 1.170236 1.129317
v -2.939762 1.106464 1.126732
v -2.952272 1.250000 1.196922
v -2.939585 1.173070 1.193664
v -2.915844 1.117720 1.182280
v -2.750000 2.650000 1.300000
v -2.750000 2.900000 1.050000
v -3.000000 2.650000 1.050000
v -2.750000 2.727269 1.287759
v -2.750000 2.796922 1.252272
v -2.827269 2.650000 1.287759
v -2.829317 2.729764 1.273263
v -2.826732 2.793536 1.239762
v -2.896922 2.650000 1.252272
v -2.893664 2.726930 1.239585
v -2.882280 2.782280 1.215844
v -2.827269 2.887760 1.050000
v -2.896922 2.852273 1.050000
v -2.750000 2.887760 1.127269
v -2.829764 2.873264 1.129317
v -2.893536 2.839762 1.126732
v -2.750000 2.852273 1.196922
v -2.826930 2.839585 1.193664
v -2.882280 2.815844 1.182279
v -2.987759 2.650000 1.127269
v -2.952272 2.650000 1.196922
v -2.987759 2.727269 1.050000
v -2.973263 2.729317 1.129764
v -2.939762 2.726732 1.193536
v -2.952272 2.796922 1.050000
v -2.939585 2.793664 1.126930
v -2.915844 2.782280 1.182279
v -2.750000 1.000000 0.950000
v -3.000000 1.250000 0.950000
v -2.750000 1.250000 0.700000
v -2.827269 1.012241 0.950000
v -2.896922 1.047728 0.950000
v -2.750000 1.012241 0.872731
v -2.829764 1.026737 0.870683
v -2.893536 1.060238 0.873268
v -2.750000 1.047728 0.803078
v -2.826930 1.060415 0.806336
v -2.882280 1.084156 0.817720
v -2.987759 1.250000 0.872731
v -2.952272 1.250000 0.803078
v -2.987759 1.172731 0.950000
v -2.973263 1.170683 0.870236
v -2.939762 1.173268 0.806464
v -2.952272 1.103078 0.950000
v -2.939585 1.106336 0.873070
v -2.915844 1.117720 0.817720
v -2.750000 1.172731 0.712240
v -2.750000 1.103078 0.747728
v -2.827269 1.250000 0.712240
v -2.829317 1.170236 0.726736
v -2.826732 1.106464 0.760238
v -2.896922 1.250000 0.747728
v -2.893664 1.173070 0.760415
v -2.882280 1.117720 0.784156
v -2.750000 2.900000 0.950000
v -2.750000 2.650000 0.700000
v -3.000000 2.650000 0.950000
v -2.750000 2.887760 0.872731
v -2.750000 2.852273 0.803078
v -2.827269 2.887760 0.950000
v -2.829317 2.873264 0.870236
v -2.826732 2.839762 0.806464
v -2.896922 2.852273 0.950000
v -2.893664 2.839585 0.873070
v -2.882280 2.815844 0.817720
v -2.827269 2.650000 0.712240
v -2.896922 2.650000 0.747728
v -2.750000 2.727269 0.712240
v -2.829764 2.729317 0.726736
v -2.893536 2.726732 0.760238
v -2.750000 2.796922 0.747728
v -2.826930 2.793664 0.760415
v -2.882280 2.782280 0.784156
v -2.987759 2.727269 0.950000
v -2.952272 2.796922 0.950000
v -2.987759 2.650000 0.872731
v -2.973263 2.729764 0.870683
v -2.939762 2.793536 0.873268
v -2.952272 2.650000 0.803078
v -2.939585 2.726930 0.806336
v -2.915844 2.782280 0.817720
v 2.750000 1.000000 1.050000
v 3.000000 1.250000 1.050000
v 2.750000 1.250000 1.300000
v 2.827269 1.012241 1.050000
v 2.896922 1.047728 1.050000
v 2.750000 1.012241 1.127269
v 2.829764 1.026737 1.129317
v 2.893536 1.060238 1.126732
v 2.750000 1.047728 1.196922
v 2.826930 1.060415 1.193664
v 2.882280 1.084156 1.182280
v 2.987759 1.250000 1.127269
v 2.952272 1.250000 1.196922
v 2.987759 1.172731 1.050000
v 2.973263 1.170683 1.129764
v 2.939762 1.173268 1.193536
v 2.952272 1.103078 1.050000
v 2.939585 1.106336 1.126930
v 2.915844 1.117720 1.182280
v 2.750000 1.172731 1.287759
v 2.750000 1.103078 1.252272
v 2.827269 1.250000 1.287759
v 2.829317 1.170236 1.273263
v 2.826732 1.106464 1.239762
v 2.896922 1.250000 1.252272
v 2.893664 1.173070 1.239585
v 2.882280 1.117720 1.215844
v 2.750000 2.900000 1.050000
v 2.750000 2.650000 1.300000
v 3.000000 2.650000 1.050000
v 2.750000 2.887760 1.127269
v 2.750000 2.852273 1.196922
v 2.827269 2.887760 1.050000
v 2.829317 2.873264 1.129764
v 2.826732 2.839762 1.193536
v 2.896922 2.852273 1.050000
v 2.893664 2.839585 1.126930
v 2.882280 2.815844 1.182279
v 2.827269 2.650000 1.287759
v 2.896922 2.650000 1.252272
v 2.750000 2.727269 1.287759
v 2.829764 2.729317 1.273263
v 2.893536 2.726732 1.239762
v 2.750000 2.796922 1.252272
v 2.826930 2.793664 1.239585
v 2.882280 2.782280 1.215844
v 2.987759 2.727269 1.050000
v 2.952272 2.796922 1.050000
v 2.987759 2.650000 1.127269
v 2.973263 2.729764 1.129317
v 2.939762 2.793536 1.126732
v 2.952272 2.650000 1.196922
v 2.939585 2.726930 1.193664
v 2.915844 2.782280 1.182279
v 2.750000 1.000000 0.950000
v 2.750000 1.250000 0.700000
v 3.000000 1.250000 0.950000
v 2.750000 1.012241 0.872731
v 2.750000 1.047728 0.803078
v 2.827269 1.012241 0.950000
v 2.829317 1.026737 0.870236
v 2.826732 1.060238 0.806464
v 2.896922 1.047728 0.950000
v 2.893664 1.060415 0.873070
v 2.882280 1.084156 0.817720
v 2.827269 1.250000 0.712240
v 2.896922 1.250000 0.747728
v 2.750000 1.172731 0.712240
v 2.829764 1.170683 0.726736
v 2.893536 1.173268 0.760238
v 2.750000 1.103078 0.747728
v 2.826930 1.106336 0.760415
v 2.882280 1.117720 0.784156
v 2.987759 1.172731 0.950000
v 2.952272 1.103078 0.950000
v 2.987759 1.250000 0.872731
v 2.973263 1.170236 0.870683
v 2.939762 1.106464 0.873268
v 2.952272 1.250000 0.803078
v 2.939585 1.173070 0.806336
v 2.915844 1.117720 0.817720
v 2.750000 2.900000 0.950000
v 3.000000 2.650000 0.950000
v 2.750000 2.650000 0.700000
v 2.827269 2.887760 0.950000
v 2.896922 2.852273 0.950000
v 2.750000 2.887760 0.872731
v 2.829764 2.873264 0.870683
v 2.893536 2.839762 0.873268
v 2.750000 2.852273 0.803078
v 2.826930 2.839585 0.806336
v 2.882280 2.815844 0.817720
v 2.987759 2.650000 0.872731
v 2.952272 2.650000 0.803078
v 2.987759 2.727269 0.950000
v 2.973263 2.729317 0.870236
v 2.939762 2.726732 0.806464
v 2.952272 2.796922 0.950000
v 2.939585 2.793664 0.873070
v 2.915844 2.782280 0.817720
v 2.750000 2.727269 0.712240
v 2.750000 2.796922 0.747728
v 2.827269 2.650000 0.712240
v 2.829317 2.729764 0.726736
v 2.826732 2.793536 0.760238
v 2.896922 2.650000 0.747728
v 2.893664 2.726930 0.760415
v 2.882280 2.782280 0.784156
v -2.780000 0.950000 1.030000
v -2.780000 1.170000 1.250000
v -3.000000 1.170000 1.030000
v -2.780000 0.960772 1.097996
v -2.780000 0.992001 1.159291
v -2.847996 0.960772 1.030000
v -2.849799 0.973528 1.100192
v -2.847524 1.003010 1.156312
v -2.909291 0.992001 1.030000
v -2.906424 1.003165 1.097698
v -2.896406 1.024057 1.146406
v -2.847996 1.170000 1.239228
v -2.909291 1.170000 1.207999
v -2.780000 1.102004 1.239228
v -2.850192 1.100201 1.226472
v -2.906312 1.102476 1.196990
v -2.780000 1.040709 1.207999
v -2.847698 1.043576 1.196835
v -2.896406 1.053594 1.175943
v -2.989228 1.102004 1.030000
v -2.957999 1.040709 1.030000
v -2.989228 1.170000 1.097996
v -2.976471 1.099808 1.099799
v -2.946990 1.043688 1.097524
v -2.957999 1.170000 1.159291
v -2.946835 1.102302 1.156424
v -2.925942 1.053594 1.146406
v -2.780000 2.030000 1.250000
v -2.780000 2.250000 1.030000
v -3.000000 2.030000 1.030000
v -2.780000 2.097996 1.239228
v -2.780000 2.159291 1.207999
v -2.847996 2.030000 1.239228
v -2.849799 2.100192 1.226472
v -2.847524 2.156312 1.196990
v -2.909291 2.030000 1.207999
v -2.906424 2.097698 1.196835
v -2.896406 2.146406 1.175943
v -2.847996 2.239228 1.030000
v -2.909291 2.207999 1.030000
v -2.780000 2.239228 1.097996
v -2.850192 2.226471 1.099799
v -2.906312 2.196990 1.097524
v -2.780000 2.207999 1.159291
v -2.847698 2.196835 1.156424
v -2.896406 2.175942 1.146406
v -2.989228 2.030000 1.097996
v -2.957999 2.030000 1.159291
v -2.989228 2.097996 1.030000
v -2.976471 2.099799 1.100192
v -2.946990 2.097524 1.156312
v -2.957999 2.159291 1.030000
v -2.946835 2.156424 1.097698
v -2.925942 2.146406 1.146406
v -2.780000 0.950000 -1.030000
v -3.000000 1.170000 -1.030000
v -2.780000 1.170000 -1.250000
v -2.847996 0.960772 -1.030000
v -2.909291 0.992001 -1.030000
v -2.780000 0.960772 -1.097996
v -2.850192 0.973528 -1.099799
v -2.906312 1.003010 -1.097524
v -2.780000 0.992001 -1.159291
v -2.847698 1.003165 -1.156424
v -2.896406 1.024057 -1.146406
v -2.989228 1.170000 -1.097996
v -2.957999 1.170000 -1.159291
v -2.989228 1.102004 -1.030000
v -2.976471 1.100201 -1.100192
v -2.946990 1.102476 -1.156312
v -2.957999 1.040709 -1.030000
v -2.946835 1.043576 -1.097698
v -2.925942 1.053594 -1.146406
v -2.780000 1.102004 -1.239228
v -2.780000 1.040709 -1.207999
v -2.847996 1.170000 -1.239228
v -2.849799 1.099808 -1.226472
v -2.847524 1.043688 -1.196990
v -2.909291 1.170000 -1.207999
v -2.906424 1.102302 -1.196835
v -2.896406 1.053594 -1.175943
v -2.780000 2.250000 -1.030000
v -2.780000 2.030000 -1.250000
v -3.000000 2.030000 -1.030000
v -2.780000 2.239228 -1.097997
v -2.780000 2.207999 -1.159291
v -2.847996 2.239228 -1.030000
v -2.849799 2.226471 -1.100192
v -2.847524 2.196990 -1.156312
v -2.909291 2.207999 -1.030000
v -2.906424 2.196835 -1.097699
v -2.896406 2.175942 -1.146406
v -2.847996 2.030000 -1.239228
v -2.909291 2.030000 -1.208000
v -2.780000 2.097996 -1.239228
v -2.850192 2.099799 -1.226472
v -2.906312 2.097524 -1.196991
v -2.780000 2.159291 -1.208000
v -2.847698 2.156424 -1.196835
v -2.896406 2.146406 -1.175943
v -2.989228 2.097996 -1.030000
v -2.957999 2.159291 -1.030000
v -2.989228 2.030000 -1.097997
v -2.976471 2.100192 -1.099799
v -2.946990 2.156312 -1.097524
v -2.957999 2.030000 -1.159291
v -2.946835 2.097698 -1.156424
v -2.925942 2.146406 -1.146406
v -2.620000 0.950000 1.030000
v -2.400000 1.170000 1.030000
v -2.620000 1.170000 1.250000
v -2.552004 0.960772 1.030000
v -2.490709 0.992001 1.030000
v -2.620000 0.960772 1.097996
v -2.549808 0.973528 1.099799
v -2.493688 1.003010 1.097524
v -2.620000 0.992001 1.159291
v -2.552302 1.003165 1.156424
v -2.503594 1.024057 1.146406
v -2.410772 1.170000 1.097996
v -2.442001 1.170000 1.159291
v -2.410772 1.102004 1.030000
v -2.423528 1.100201 1.100192
v -2.453010 1.102476 1.156312
v -2.442001 1.040709 1.030000
v -2.453165 1.043576 1.097698
v -2.474057 1.053594 1.146406
v -2.620000 1.102004 1.239228
v -2.620000 1.040709 1.207999
v -2.552004 1.170000 1.239228
v -2.550201 1.099808 1.226472
v -2.552476 1.043688 1.196990
v -2.490709 1.170000 1.207999
v -2.493576 1.102302 1.196835
v -2.503594 1.053594 1.175943
v -2.620000 2.250000 1.030000
v -2.620000 2.030000 1.250000
v -2.400000 2.030000 1.030000
v -2.620000 2.239228 1.097996
v -2.620000 2.207999 1.159291
v -2.552004 2.239228 1.030000
v -2.550201 2.226471 1.100192
v -2.552476 2.196990 1.156312
v -2.490709 2.207999 1.030000
v -2.493576 2.196835 1.097698
v -2.503594 2.175942 1.146406
v -2.552004 2.030000 1.239228
v -2.490709 2.030000 1.207999
v -2.620000 2.097996 1.239228
v -2.549808 2.099799 1.226472
v -2.493688 2.097524 1.196990
v -2.620000 2.159291 1.207999
v -2.552302 2.156424 1.196835
v -2.503594 2.146406 1.175943
v -2.410772 2.097996 1.030000
v -2.442001 2.159291 1.030000
v -2.410772 2.030000 1.097996
v -2.423528 2.100192 1.099799
v -2.453010 2.156312 1.097524
v -2.442001 2.030000 1.159291
v -2.453165 2.097698 1.156424
v -2.474057 2.146406 1.146406
v -2.620000 0.950000 -1.030000
v -2.620000 1.170000 -1.250000
v -2.400000 1.170000 -1.030000
v -2.620000 0.960772 -1.097996
v -2.620000 0.992001 -1.159291
v -2.552004 0.960772 -1.030000
v -2.550201 0.973528 -1.100192
v -2.552476 1.003010 -1.156312
v -2.490709 0.992001 -1.030000
v -2.493576 1.003165 -1.097698
v -2.503594 1.024057 -1.146406
v -2.552004 1.170000 -1.239228
v -2.490709 1.170000 -1.207999
v -2.620000 1.102004 -1.239228
v -2.549808 1.100201 -1.226472
v -2.493688 1.102476 -1.196990
v -2.620000 1.040709 -1.207999
v -2.552302 1.043576 -1.196835
v -2.503594 1.053594 -1.175943
v -2.410772 1.102004 -1.030000
v -2.442001 1.040709 -1.030000
v -2.410772 1.170000 -1.097996
v -2.423528 1.099808 -1.099799
v -2.453010 1.043688 -1.097524
v -2.442001 1.170000 -1.159291
v -2.453165 1.102302 -1.156424
v -2.474057 1.053594 -1.146406
v -2.620000 2.250000 -1.030000
v -2.400000 2.030000 -1.030000
v -2.620000 2.030000 -1.250000
v -2.552004 2.239228 -1.030000
v -2.490709 2.207999 -1.030000
v -2.620000 2.239228 -1.097997
v -2.549808 2.226471 -1.099799
v -2.493688 2.196990 -1.097524
v -2.620000 2.207999 -1.159291
v -2.552302 2.196835 -1.156424
v -2.503594 2.175942 -1.146406
v -2.410772 2.030000 -1.097997
v -2.442001 2.030000 -1.159291
v -2.410772 2.097996 -1.030000
v -2.423528 2.099799 -1.100192
v -2.453010 2.097524 -1.156312
v -2.442001 2.159291 -1.030000
v -2.453165 2.156424 -1.097699
v -2.474057 2.146406 -1.146406
v -2.620000 2.097996 -1.239228
v -2.620000 2.159291 -1.208000
v -2.552004 2.030000 -1.239228
v -2.550201 2.100192 -1.226472
v -2.552476 2.156312 -1.196991
v -2.490709 2.030000 -1.208000
v -2.493576 2.097698 -1.196835
v -2.503594 2.146406 -1.175943
v -2.420000 2.250000 -1.250000
v -2.437620 2.361246 -1.250000
v -2.488754 2.461603 -1.250000
v -2.568397 2.541246 -1.250000
v -2.668754 2.592381 -1.250000
v -2.780000 2.610000 -1.250000
v -2.891246 2.592381 -1.250000
v -2.991603 2.541246 -1.250000
v -3.071246 2.461603 -1.250000
v -3.122380 2.361246 -1.250000
v -3.140000 2.250000 -1.250000
v -3.122380 2.138754 -1.250000
v -3.071246 2.038397 -1.250000
v -2.991603 1.958754 -1.250000
v -2.891246 1.907620 -1.250000
v -2.780000 1.890000 -1.250000
v -2.668754 1.907620 -1.250000
v -2.568397 1.958754 -1.250000
v -2.488754 2.038397 -1.250000
v -2.437620 2.138754 -1.250000
v -2.420000 2.250000 1.250000
v -2.437620 2.361246 1.250000
v -2.488754 2.461603 1.250000
v -2.568397 2.541246 1.250000
v -2.668754 2.592380 1.250000
v -2.780000 2.610000 1.250000
v -2.891246 2.592380 1.250000
v -2.991603 2.541246 1.250000
v -3.071246 2.461603 1.250000
v -3.122380 2.361246 1.250000
v -3.140000 2.250000 1.250000
v -3.122380 2.138754 1.250000
v -3.071246 2.038397 1.250000
v -2.991603 1.958754 1.250000
v -2.891246 1.907620 1.250000
v -2.780000 1.890000 1.250000
v -2.668754 1.907620 1.250000
v -2.568397 1.958754 1.250000
v -2.488754 2.038397 1.250000
v -2.437620 2.138754 1.250000
v 2.620000 0.950000 1.030000
v 2.620000 1.170000 1.250000
v 2.400000 1.170000 1.030000
v 2.620000 0.960772 1.097996
v 2.620000 0.992001 1.159291
v 2.552004 0.960772 1.030000
v 2.550201 0.973528 1.100192
v 2.552476 1.003010 1.156312
v 2.490709 0.992001 1.030000
v 2.493576 1.003165 1.097698
v 2.503594 1.024057 1.146406
v 2.552004 1.170000 1.239228
v 2.490709 1.170000 1.207999
v 2.620000 1.102004 1.239228
v 2.549808 1.100201 1.226472
v 2.493688 1.102476 1.196990
v 2.620000 1.040709 1.207999
v 2.552302 1.043576 1.196835
v 2.503594 1.053594 1.175943
v 2.410772 1.102004 1.030000
v 2.442001 1.040709 1.030000
v 2.410772 1.170000 1.097996
v 2.423528 1.099808 1.099799
v 2.453010 1.043688 1.097524
v 2.442001 1.170000 1.159291
v 2.453165 1.102302 1.156424
v 2.474057 1.053594 1.146406
v 2.620000 2.030000 1.250000
v 2.620000 2.250000 1.030000
v 2.400000 2.030000 1.030000
v 2.620000 2.097996 1.239228
v 2.620000 2.159291 1.207999
v 2.552004 2.030000 1.239228
v 2.550201 2.100192 1.226472
v 2.552476 2.156312 1.196990
v 2.490709 2.030000 1.207999
v 2.493576 2.097698 1.196835
v 2.503594 2.146406 1.175943
v 2.552004 2.239228 1.030000
v 2.490709 2.207999 1.030000
v 2.620000 2.239228 1.097996
v 2.549808 2.226471 1.099799
v 2.493688 2.196990 1.097524
v 2.620000 2.207999 1.159291
v 2.552302 2.196835 1.156424
v 2.503594 2.175942 1.146406
v 2.410772 2.030000 1.097996
v 2.442001 2.030000 1.159291
v 2.410772 2.097996 1.030000
v 2.423528 2.099799 1.100192
v 2.453010 2.097524 1.156312
v 2.442001 2.159291 1.030000
v 2.453165 2.156424 1.097698
v 2.474057 2.146406 1.146406
v 2.620000 0.950000 -1.030000
v 2.400000 1.170000 -1.030000
v 2.620000 1.170000 -1.250000
v 2.552004 0.960772 -1.030000
v 2.490709 0.992001 -1.030000
v 2.620000 0.960772 -1.097996
v 2.549808 0.973528 -1.099799
v 2.493688 1.003010 -1.097524
v 2.620000 0.992001 -1.159291
v 2.552302 1.003165 -1.156424
v 2.503594 1.024057 -1.146406
v 2.410772 1.170000 -1.097996
v 2.442001 1.170000 -1.159291
v 2.410772 1.102004 -1.030000
v 2.423528 1.100201 -1.100192
v 2.453010 1.102476 -1.156312
v 2.442001 1.040709 -1.030000
v 2.453165 1.043576 -1.097698
v 2.474057 1.053594 -1.146406
v 2.620000 1.102004 -1.239228
v 2.620000 1.040709 -1.207999
v 2.552004 1.170000 -1.239228
v 2.550201 1.099808 -1.226472
v 2.552476 1.043688 -1.196990
v 2.490709 1.170000 -1.207999
v 2.493576 1.102302 -1.196835
v 2.503594 1.053594 -1.175943
v 2.620000 2.250000 -1.030000
v 2.620000 2.030000 -1.250000
v 2.400000 2.030000 -1.030000
v 2.620000 2.239228 -1.097997
v 2.620000 2.207999 -1.159291
v 2.552004 2.239228 -1.030000
v 2.550201 2.226471 -1.100192
v 2.552476 2.196990 -1.156312
v 2.490709 2.207999 -1.030000
v 2.493576 2.196835 -1.097699
v 2.503594 2.175942 -1.146406
v 2.552004 2.030000 -1.239228
v 2.490709 2.030000 -1.208000
v 2.620000 2.097996 -1.239228
v 2.549808 2.099799 -1.226472
v 2.493688 2.097524 -1.196991
v 2.620000 2.159291 -1.208000
v 2.552302 2.156424 -1.196835
v 2.503594 2.146406 -1.175943
v 2.410772 2.097996 -1.030000
v 2.442001 2.159291 -1.030000
v 2.410772 2.030000 -1.097997
v 2.423528 2.100192 -1.099799
v 2.453010 2.156312 -1.097524
v 2.442001 2.030000 -1.159291
v 2.453165 2.097698 -1.156424
v 2.474057 2.146406 -1.146406
v 2.780000 0.950000 1.030000
v 3.000000 1.170000 1.030000
v 2.780000 1.170000 1.250000
v 2.847996 0.960772 1.030000
v 2.909291 0.992001 1.030000
v 2.780000 0.960772 1.097996
v 2.850192 0.973528 1.099799
v 2.906312 1.003010 1.097524
v 2.780000 0.992001 1.159291
v 2.847698 1.003165 1.156424
v 2.896406 1.024057 1.146406
v 2.989228 1.170000 1.097996
v 2.957999 1.170000 1.159291
v 2.989228 1.102004 1.030000
v 2.976471 1.100201 1.100192
v 2.946990 1.102476 1.156312
v 2.957999 1.040709 1.030000
v 2.946835 1.043576 1.097698
v 2.925942 1.053594 1.146406
v 2.780000 1.102004 1.239228
v 2.780000 1.040709 1.207999
v 2.847996 1.170000 1.239228
v 2.849799 1.099808 1.226472
v 2.847524 1.043688 1.196990
v 2.909291 1.170000 1.207999
v 2.906424 1.102302 1.196835
v 2.896406 1.053594 1.175943
v 2.780000 2.250000 1.030000
v 2.780000 2.030000 1.250000
v 3.000000 2.030000 1.030000
v 2.780000 2.239228 1.097996
v 2.780000 2.207999 1.159291
v 2.847996 2.239228 1.030000
v 2.849799 2.226471 1.100192
v 2.847524 2.196990 1.156312
v 2.909291 2.207999 1.030000
v 2.906424 2.196835 1.097698
v 2.896406 2.175942 1.146406
v 2.847996 2.030000 1.239228
v 2.909291 2.030000 1.207999
v 2.780000 2.097996 1.239228
v 2.850192 2.099799 1.226472
v 2.906312 2.097524 1.196990
v 2.780000 2.159291 1.207999
v 2.847698 2.156424 1.196835
v 2.896406 2.146406 1.175943
v 2.989228 2.097996 1.030000
v 2.957999 2.159291 1.030000
v 2.989228 2.030000 1.097996
v 2.976471 2.100192 1.099799
v 2.946990 2.156312 1.097524
v 2.957999 2.030000 1.159291
v 2.946835 2.097698 1.156424
v 2.925942 2.146406 1.146406
v 2.780000 0.950000 -1.030000
v 2.780000 1.170000 -1.250000
v 3.000000 1.170000 -1.030000
v 2.780000 0.960772 -1.097996
v 2.780000 0.992001 -1.159291
v 2.847996 0.960772 -1.030000
v 2.849799 0.973528 -1.100192
v 2.847524 1.003010 -1.156312
v 2.909291 0.992001 -1.030000
v 2.906424 1.003165 -1.097698
v 2.896406 1.024057 -1.146406
v 2.847996 1.170000 -1.239228
v 2.909291 1.170000 -1.207999
v 2.780000 1.102004 -1.239228
v 2.850192 1.100201 -1.226472
v 2.906312 1.102476 -1.196990
v 2.780000 1.040709 -1.207999
v 2.847698 1.043576 -1.196835
v 2.896406 1.053594 -1.175943
v 2.989228 1.102004 -1.030000
v 2.957999 1.040709 -1.030000
v 2.989228 1.170000 -1.097996
v 2.976471 1.099808 -1.099799
v 2.946990 1.043688 -1.097524
v 2.957999 1.170000 -1.159291
v 2.946835 1.102302 -1.156424
v 2.925942 1.053594 -1.146406
v 2.780000 2.250000 -1.030000
v 3.000000 2.030000 -1.030000
v 2.780000 2.030000 -1.250000
v 2.847996 2.239228 -1.030000
v 2.909291 2.207999 -1.030000
v 2.780000 2.239228 -1.097997
v 2.850192 2.226471 -1.099799
v 2.906312 2.196990 -1.097524
v 2.780000 2.207999 -1.159291
v 2.847698 2.196835 -1.156424
v 2.896406 2.175942 -1.146406
v 2.989228 2.030000 -1.097997
v 2.957999 2.030000 -1.159291
v 2.989228 2.097996 -1.030000
v 2.976471 2.099799 -1.100192
v 2.946990 2.097524 -1.156312
v 2.957999 2.159291 -1.030000
v 2.946835 2.156424 -1.097699
v 2.925942 2.146406 -1.146406
v 2.780000 2.097996 -1.239228
v 2.780000 2.159291 -1.208000
v 2.847996 2.030000 -1.239228
v 2.849799 2.100192 -1.226472
v 2.847524 2.156312 -1.196991
v 2.909291 2.030000 -1.208000
v 2.906424 2.097698 -1.196835
v 2.896406 2.146406 -1.175943
v 3.140000 2.250000 -1.250000
v 3.122380 2.361246 -1.250000
v 3.071246 2.461603 -1.250000
v 2.991603 2.541246 -1.250000
v 2.891246 2.592381 -1.250000
v 2.780000 2.610000 -1.250000
v 2.668754 2.592381 -1.250000
v 2.568397 2.541246 -1.250000
v 2.488754 2.461603 -1.250000
v 2.437620 2.361246 -1.250000
v 2.420000 2.250000 -1.250000
v 2.437620 2.138754 -1.250000
v 2.488754 2.038397 -1.250000
v 2.568397 1.958754 -1.250000
v 2.668754 1.907620 -1.250000
v 2.780000 1.890000 -1.250000
v 2.891246 1.907620 -1.250000
v 2.991603 1.958754 -1.250000
v 3.071246 2.038397 -1.250000
v 3.122380 2.138754 -1.250000
v 3.140000 2.250000 1.250000
v 3.122380 2.361246 1.250000
v 3.071246 2.461603 1.250000
v 2.991603 2.541246 1.250000
v 2.891246 2.592380 1.250000
v 2.780000 2.610000 1.250000
v 2.668754 2.592380 1.250000
v 2.568397 2.541246 1.250000
v 2.488754 2.461603 1.250000
v 2.437620 2.361246 1.250000
v 2.420000 2.250000 1.250000
v 2.437620 2.138754 1.250000
v 2.488754 2.038397 1.250000
v 2.568397 1.958754 1.250000
v 2.668754 1.907620 1.250000
v 2.780000 1.890000 1.250000
v 2.891246 1.907620 1.250000
v 2.991603 1.958754 1.250000
v 3.071246 2.038397 1.250000
v 3.122380 2.138754 1.250000
v -2.395000 1.290000 0.740000
v -2.395000 1.450000 0.900000
v -2.555000 1.450000 0.740000
v -2.395000 1.302179 0.801229
v -2.395000 1.336863 0.853137
v -2.456229 1.302179 0.740000
v -2.457764 1.316878 0.802764
v -2.454579 1.344999 0.845001
v -2.487376 1.357624 0.832376
v -2.456229 1.450000 0.887821
v -2.508137 1.450000 0.853137
v -2.395000 1.388770 0.887821
v -2.457764 1.387236 0.873122
v -2.500000 1.390421 0.845001
v -2.542820 1.388770 0.740000
v -2.508137 1.336863 0.740000
v -2.542820 1.450000 0.801229
v -2.528121 1.387236 0.802764
v -2.500000 1.344999 0.799579
v -2.395000 1.550000 0.900000
v -2.395000 1.710000 0.740000
v -2.555000 1.550000 0.740000
v -2.395000 1.611230 0.887821
v -2.395000 1.663137 0.853137
v -2.456229 1.550000 0.887821
v -2.457764 1.612764 0.873122
v -2.454579 1.655001 0.845001
v -2.487376 1.642376 0.832376
v -2.456229 1.697821 0.740000
v -2.508137 1.663137 0.740000
v -2.395000 1.697821 0.801229
v -2.457764 1.683122 0.802764
v -2.500000 1.655001 0.799579
v -2.542820 1.550000 0.801229
v -2.508137 1.550000 0.853137
v -2.542820 1.611230 0.740000
v -2.528121 1.612764 0.802764
v -2.500000 1.609579 0.845001
v -2.395000 1.290000 -0.940000
v -2.555000 1.450000 -0.940000
v -2.395000 1.450000 -1.100000
v -2.456229 1.302179 -0.940000
v -2.508137 1.336863 -0.940000
v -2.395000 1.302179 -1.001229
v -2.457764 1.316878 -1.002764
v -2.500000 1.344999 -0.999579
v -2.487376 1.357624 -1.032376
v -2.542820 1.450000 -1.001229
v -2.508137 1.450000 -1.053137
v -2.542820 1.388770 -0.940000
v -2.528121 1.387236 -1.002764
v -2.500000 1.390421 -1.045001
v -2.395000 1.388770 -1.087821
v -2.395000 1.336863 -1.053137
v -2.456229 1.450000 -1.087821
v -2.457764 1.387236 -1.073122
v -2.454579 1.344999 -1.045001
v -2.395000 1.710000 -0.940000
v -2.395000 1.550000 -1.100000
v -2.555000 1.550000 -0.940000
v -2.395000 1.697821 -1.001229
v -2.395000 1.663137 -1.053137
v -2.456229 1.697821 -0.940000
v -2.457764 1.683122 -1.002764
v -2.454579 1.655001 -1.045001
v -2.487376 1.642376 -1.032376
v -2.456229 1.550000 -1.087821
v -2.508137 1.550000 -1.053137
v -2.395000 1.611230 -1.087821
v -2.457764 1.612764 -1.073122
v -2.500000 1.609579 -1.045001
v -2.542820 1.611230 -0.940000
v -2.508137 1.663137 -0.940000
v -2.542820 1.550000 -1.001229
v -2.528121 1.612764 -1.002764
v -2.500000 1.655001 -0.999579
v -0.165000 1.290000 0.740000
v -0.005000 1.450000 0.740000
v -0.165000 1.450000 0.900000
v -0.103771 1.302179 0.740000
v -0.051863 1.336863 0.740000
v -0.165000 1.302179 0.801229
v -0.102236 1.316878 0.802764
v -0.059999 1.344999 0.799579
v -0.072624 1.357624 0.832376
v -0.017179 1.450000 0.801229
v -0.051863 1.450000 0.853137
v -0.017179 1.388770 0.740000
v -0.031878 1.387236 0.802764
v -0.059999 1.390421 0.845001
v -0.165000 1.388770 0.887821
v -0.165000 1.336863 0.853137
v -0.103771 1.450000 0.887821
v -0.102236 1.387236 0.873122
v -0.105421 1.344999 0.845001
v -0.165000 1.710000 0.740000
v -0.165000 1.550000 0.900000
v -0.005000 1.550000 0.740000
v -0.165000 1.697821 0.801229
v -0.165000 1.663137 0.853137
v -0.103771 1.697821 0.740000
v -0.102236 1.683122 0.802764
v -0.105421 1.655001 0.845001
v -0.072624 1.642376 0.832376
v -0.103771 1.550000 0.887821
v -0.051863 1.550000 0.853137
v -0.165000 1.611230 0.887821
v -0.102236 1.612764 0.873122
v -0.059999 1.609579 0.845001
v -0.017179 1.611230 0.740000
v -0.051863 1.663137 0.740000
v -0.017179 1.550000 0.801229
v -0.031878 1.612764 0.802764
v -0.059999 1.655001 0.799579
v -0.165000 1.290000 -0.940000
v -0.165000 1.450000 -1.100000
v -0.005000 1.450000 -0.940000
v -0.165000 1.302179 -1.001229
v -0.165000 1.336863 -1.053137
v -0.103771 1.302179 -0.940000
v -0.102236 1.316878 -1.002764
v -0.105421 1.344999 -1.045001
v -0.072624 1.357624 -1.032376
v -0.103771 1.450000 -1.087821
v -0.051863 1.450000 -1.053137
v -0.165000 1.388770 -1.087821
v -0.102236 1.387236 -1.073122
v -0.059999 1.390421 -1.045001
v -0.017179 1.388770 -0.940000
v -0.051863 1.336863 -0.940000
v -0.017179 1.450000 -1.001229
v -0.031878 1.387236 -1.002764
v -0.059999 1.344999 -0.999579
v -0.165000 1.710000 -0.940000
v -0.005000 1.550000 -0.940000
v -0.165000 1.550000 -1.100000
v -0.103771 1.697821 -0.940000
v -0.051863 1.663137 -0.940000
v -0.165000 1.697821 -1.001229
v -0.102236 1.683122 -1.002764
v -0.059999 1.655001 -0.999579
v -0.072624 1.642376 -1.032376
v -0.017179 1.550000 -1.001229
v -0.051863 1.550000 -1.053137
v -0.017179 1.611230 -0.940000
v -0.031878 1.612764 -1.002764
v -0.059999 1.609579 -1.045001
v -0.165000 1.611230 -1.087821
v -0.165000 1.663137 -1.053137
v -0.103771 1.550000 -1.087821
v -0.102236 1.612764 -1.073122
v -0.105421 1.655001 -1.045001
v 0.165000 1.290000 0.740000
v 0.165000 1.450000 0.900000
v 0.005000 1.450000 0.740000
v 0.165000 1.302179 0.801229
v 0.165000 1.336863 0.853137
v 0.103771 1.302179 0.740000
v 0.102236 1.316878 0.802764
v 0.105421 1.344999 0.845001
v 0.072624 1.357624 0.832376
v 0.103771 1.450000 0.887821
v 0.051863 1.450000 0.853137
v 0.165000 1.388770 0.887821
v 0.102236 1.387236 0.873122
v 0.059999 1.390421 0.845001
v 0.017179 1.388770 0.740000
v 0.051863 1.336863 0.740000
v 0.017179 1.450000 0.801229
v 0.031878 1.387236 0.802764
v 0.059999 1.344999 0.799579
v 0.165000 1.550000 0.900000
v 0.165000 1.710000 0.740000
v 0.005000 1.550000 0.740000
v 0.165000 1.611230 0.887821
v 0.165000 1.663137 0.853137
v 0.103771 1.550000 0.887821
v 0.102236 1.612764 0.873122
v 0.105421 1.655001 0.845001
v 0.072624 1.642376 0.832376
v 0.103771 1.697821 0.740000
v 0.051863 1.663137 0.740000
v 0.165000 1.697821 0.801229
v 0.102236 1.683122 0.802764
v 0.059999 1.655001 0.799579
v 0.017179 1.550000 0.801229
v 0.051863 1.550000 0.853137
v 0.017179 1.611230 0.740000
v 0.031878 1.612764 0.802764
v 0.059999 1.609579 0.845001
v 0.165000 1.290000 -0.940000
v 0.005000 1.450000 -0.940000
v 0.165000 1.450000 -1.100000
v 0.103771 1.302179 -0.940000
v 0.051863 1.336863 -0.940000
v 0.165000 1.302179 -1.001229
v 0.102236 1.316878 -1.002764
v 0.059999 1.344999 -0.999579
v 0.072624 1.357624 -1.032376
v 0.017179 1.450000 -1.001229
v 0.051863 1.450000 -1.053137
v 0.017179 1.388770 -0.940000
v 0.031878 1.387236 -1.002764
v 0.059999 1.390421 -1.045001
v 0.165000 1.388770 -1.087821
v 0.165000 1.336863 -1.053137
v 0.103771 1.450000 -1.087821
v 0.102236 1.387236 -1.073122
v 0.105421 1.344999 -1.045001
v 0.165000 1.710000 -0.940000
v 0.165000 1.550000 -1.100000
v 0.005000 1.550000 -0.940000
v 0.165000 1.697821 -1.001229
v 0.165000 1.663137 -1.053137
v 0.103771 1.697821 -0.940000
v 0.102236 1.683122 -1.002764
v 0.105421 1.655001 -1.045001
v 0.072624 1.642376 -1.032376
v 0.103771 1.550000 -1.087821
v 0.051863 1.550000 -1.053137
v 0.165000 1.611230 -1.087821
v 0.102236 1.612764 -1.073122
v 0.059999 1.609579 -1.045001
v 0.017179 1.611230 -0.940000
v 0.051863 1.663137 -0.940000
v 0.017179 1.550000 -1.001229
v 0.031878 1.612764 -1.002764
v 0.059999 1.655001 -0.999579
v 2.395000 1.290000 0.740000
v 2.555000 1.450000 0.740000
v 2.395000 1.450000 0.900000
v 2.456229 1.302179 0.740000
v 2.508137 1.336863 0.740000
v 2.395000 1.302179 0.801229
v 2.457764 1.316878 0.802764
v 2.500000 1.344999 0.799579
v 2.487376 1.357624 0.832376
v 2.542820 1.450000 0.801229
v 2.508137 1.450000 0.853137
v 2.542820 1.388770 0.740000
v 2.528121 1.387236 0.802764
v 2.500000 1.390421 0.845001
v 2.395000 1.388770 0.887821
v 2.395000 1.336863 0.853137
v 2.456229 1.450000 0.887821
v 2.457764 1.387236 0.873122
v 2.454579 1.344999 0.845001
v 2.395000 1.710000 0.740000
v 2.395000 1.550000 0.900000
v 2.555000 1.550000 0.740000
v 2.395000 1.697821 0.801229
v 2.395000 1.663137 0.853137
v 2.456229 1.697821 0.740000
v 2.457764 1.683122 0.802764
v 2.454579 1.655001 0.845001
v 2.487376 1.642376 0.832376
v 2.456229 1.550000 0.887821
v 2.508137 1.550000 0.853137
v 2.395000 1.611230 0.887821
v 2.457764 1.612764 0.873122
v 2.500000 1.609579 0.845001
v 2.542820 1.611230 0.740000
v 2.508137 1.663137 0.740000
v 2.542820 1.550000 0.801229
v 2.528121 1.612764 0.802764
v 2.500000 1.655001 0.799579
v 2.395000 1.290000 -0.940000
v 2.395000 1.450000 -1.100000
v 2.555000 1.450000 -0.940000
v 2.395000 1.302179 -1.001229
v 2.395000 1.336863 -1.053137
v 2.456229 1.302179 -0.940000
v 2.457764 1.316878 -1.002764
v 2.454579 1.344999 -1.045001
v 2.487376 1.357624 -1.032376
v 2.456229 1.450000 -1.087821
v 2.508137 1.450000 -1.053137
v 2.395000 1.388770 -1.087821
v 2.457764 1.387236 -1.073122
v 2.500000 1.390421 -1.045001
v 2.542820 1.388770 -0.940000
v 2.508137 1.336863 -0.940000
v 2.542820 1.450000 -1.001229
v 2.528121 1.387236 -1.002764
v 2.500000 1.344999 -0.999579
v 2.395000 1.710000 -0.940000
v 2.555000 1.550000 -0.940000
v 2.395000 1.550000 -1.100000
v 2.456229 1.697821 -0.940000
v 2.508137 1.663137 -0.940000
v 2.395000 1.697821 -1.001229
v 2.457764 1.683122 -1.002764
v 2.500000 1.655001 -0.999579
v 2.487376 1.642376 -1.032376
v 2.542820 1.550000 -1.001229
v 2.508137 1.550000 -1.053137
v 2.542820 1.611230 -0.940000
v 2.528121 1.612764 -1.002764
v 2.500000 1.609579 -1.045001
v 2.395000 1.611230 -1.087821
v 2.395000 1.663137 -1.053137
v 2.456229 1.550000 -1.087821
v 2.457764 1.612764 -1.073122
v 2.454579 1.655001 -1.045001
v -2.250000 2.100000 0.690000
v -2.200000 2.100000 0.690000
v -2.209549 2.070611 0.690000
v -2.234549 2.052447 0.690000
v -2.265451 2.052447 0.690000
v -2.290451 2.070611 0.690000
v -2.300000 2.100000 0.690000
v -2.290451 2.129389 0.690000
v -2.265451 2.147553 0.690000
v -2.234549 2.147553 0.690000
v -2.209549 2.129389 0.690000
v -2.200000 2.100000 0.660000
v -2.209549 2.070611 0.660000
v -2.234549 2.052447 0.660000
v -2.265451 2.052447 0.660000
v -2.290451 2.070611 0.660000
v -2.300000 2.100000 0.660000
v -2.290451 2.129389 0.660000
v -2.265451 2.147553 0.660000
v -2.234549 2.147553 0.660000
v -2.209549 2.129389 0.660000
v -2.250000 2.100000 0.650000
v -1.500000 2.100000 0.690000
v -1.450000 2.100000 0.690000
v -1.459549 2.070611 0.690000
v -1.484549 2.052447 0.690000
v -1.515451 2.052447 0.690000
v -1.540451 2.070611 0.690000
v -1.550000 2.100000 0.690000
v -1.540451 2.129389 0.690000
v -1.515451 2.147553 0.690000
v -1.484549 2.147553 0.690000
v -1.459549 2.129389 0.690000
v -1.450000 2.100000 0.660000
v -1.459549 2.070611 0.660000
v -1.484549 2.052447 0.660000
v -1.515451 2.052447 0.660000
v -1.540451 2.070611 0.660000
v -1.550000 2.100000 0.660000
v -1.540451 2.129389 0.660000
v -1.515451 2.147553 0.660000
v -1.484549 2.147553 0.660000
v -1.459549 2.129389 0.660000
v -1.500000 2.100000 0.650000
v -0.750000 2.100000 0.690000
v -0.700000 2.100000 0.690000
v -0.709549 2.070611 0.690000
v -0.734549 2.052447 0.690000
v -0.765451 2.052447 0.690000
v -0.790451 2.070611 0.690000
v -0.800000 2.100000 0.690000
v -0.790451 2.129389 0.690000
v -0.765451 2.147553 0.690000
v -0.734549 2.147553 0.690000
v -0.709549 2.129389 0.690000
v -0.700000 2.100000 0.660000
v -0.709549 2.070611 0.660000
v -0.734549 2.052447 0.660000
v -0.765451 2.052447 0.660000
v -0.790451 2.070611 0.660000
v -0.800000 2.100000 0.660000
v -0.790451 2.129389 0.660000
v -0.765451 2.147553 0.660000
v -0.734549 2.147553 0.660000
v -0.709549 2.129389 0.660000
v -0.750000 2.100000 0.650000
v 0.000000 2.100000 0.690000
v 0.050000 2.100000 0.690000
v 0.040451 2.070611 0.690000
v 0.015451 2.052447 0.690000
v -0.015451 2.052447 0.690000
v -0.040451 2.070611 0.690000
v -0.050000 2.100000 0.690000
v -0.040451 2.129389 0.690000
v -0.015451 2.147553 0.690000
v 0.015451 2.147553 0.690000
v 0.040451 2.129389 0.690000
v 0.050000 2.100000 0.660000
v 0.040451 2.070611 0.660000
v 0.015451 2.052447 0.660000
v -0.015451 2.052447 0.660000
v -0.040451 2.070611 0.660000
v -0.050000 2.100000 0.660000
v -0.040451 2.129389 0.660000
v -0.015451 2.147553 0.660000
v 0.015451 2.147553 0.660000
v 0.040451 2.129389 0.660000
v 0.000000 2.100000 0.650000
v 0.750000 2.100000 0.690000
v 0.800000 2.100000 0.690000
v 0.790451 2.070611 0.690000
v 0.765451 2.052447 0.690000
v 0.734549 2.052447 0.690000
v 0.709549 2.070611 0.690000
v 0.700000 2.100000 0.690000
v 0.709549 2.129389 0.690000
v 0.734549 2.147553 0.690000
v 0.765451 2.147553 0.690000
v 0.790451 2.129389 0.690000
v 0.800000 2.100000 0.660000
v 0.790451 2.070611 0.660000
v 0.765451 2.052447 0.660000
v 0.734549 2.052447 0.660000
v 0.709549 2.070611 0.660000
v 0.700000 2.100000 0.660000
v 0.709549 2.129389 0.660000
v 0.734549 2.147553 0.660000
v 0.765451 2.147553 0.660000
v 0.790451 2.129389 0.660000
v 0.750000 2.100000 0.650000
v 1.500000 2.100000 0.690000
v 1.550000 2.100000 0.690000
v 1.540451 2.070611 0.690000
v 1.515451 2.052447 0.690000
v 1.484549 2.052447 0.690000
v 1.459549 2.070611 0.690000
v 1.450000 2.100000 0.690000
v 1.459549 2.129389 0.690000
v 1.484549 2.147553 0.690000
v 1.515451 2.147553 0.690000
v 1.540451 2.129389 0.690000
v 1.550000 2.100000 0.660000
v 1.540451 2.070611 0.660000
v 1.515451 2.052447 0.660000
v 1.484549 2.052447 0.660000
v 1.459549 2.070611 0.660000
v 1.450000 2.100000 0.660000
v 1.459549 2.129389 0.660000
v 1.484549 2.147553 0.660000
v 1.515451 2.147553 0.660000
v 1.540451 2.129389 0.660000
v 1.500000 2.100000 0.650000
v 2.250000 2.100000 0.690000
v 2.300000 2.100000 0.690000
v 2.290451 2.070611 0.690000
v 2.265451 2.052447 0.690000
v 2.234549 2.052447 0.690000
v 2.209549 2.070611 0.690000
v 2.200000 2.100000 0.690000
v 2.209549 2.129389 0.690000
v 2.234549 2.147553 0.690000
v 2.265451 2.147553 0.690000
v 2.290451 2.129389 0.690000
v 2.300000 2.100000 0.660000
v 2.290451 2.070611 0.660000
v 2.265451 2.052447 0.660000
v 2.234549 2.052447 0.660000
v 2.209549 2.070611 0.660000
v 2.200000 2.100000 0.660000
v 2.209549 2.129389 0.660000
v 2.234549 2.147553 0.660000
v 2.265451 2.147553 0.660000
v 2.290451 2.129389 0.660000
v 2.250000 2.100000 0.650000
v -1.875000 2.600000 0.690000
v -1.825000 2.600000 0.690000
v -1.834549 2.570611 0.690000
v -1.859549 2.552447 0.690000
v -1.890451 2.552447 0.690000
v -1.915451 2.570611 0.690000
v -1.925000 2.600000 0.690000
v -1.915451 2.629389 0.690000
v -1.890451 2.647553 0.690000
v -1.859549 2.647553 0.690000
v -1.834549 2.629389 0.690000
v -1.825000 2.600000 0.660000
v -1.834549 2.570611 0.660000
v -1.859549 2.552447 0.660000
v -1.890451 2.552447 0.660000
v -1.915451 2.570611 0.660000
v -1.925000 2.600000 0.660000
v -1.915451 2.629389 0.660000
v -1.890451 2.647553 0.660000
v -1.859549 2.647553 0.660000
v -1.834549 2.629389 0.660000
v -1.875000 2.600000 0.650000
v -1.125000 2.600000 0.690000
v -1.075000 2.600000 0.690000
v -1.084549 2.570611 0.690000
v -1.109549 2.552447 0.690000
v -1.140451 2.552447 0.690000
v -1.165451 2.570611 0.690000
v -1.175000 2.600000 0.690000
v -1.165451 2.629389 0.690000
v -1.140451 2.647553 0.690000
v -1.109549 2.647553 0.690000
v -1.084549 2.629389 0.690000
v -1.075000 2.600000 0.660000
v -1.084549 2.570611 0.660000
v -1.109549 2.552447 0.660000
v -1.140451 2.552447 0.660000
v -1.165451 2.570611 0.660000
v -1.175000 2.600000 0.660000
v -1.165451 2.629389 0.660000
v -1.140451 2.647553 0.660000
v -1.109549 2.647553 0.660000
v -1.084549 2.629389 0.660000
v -1.125000 2.600000 0.650000
v -0.375000 2.600000 0.690000
v -0.325000 2.600000 0.690000
v -0.334549 2.570611 0.690000
v -0.359549 2.552447 0.690000
v -0.390451 2.552447 0.690000
v -0.415451 2.570611 0.690000
v -0.425000 2.600000 0.690000
v -0.415451 2.629389 0.690000
v -0.390451 2.647553 0.690000
v -0.359549 2.647553 0.690000
v -0.334549 2.629389 0.690000
v -0.325000 2.600000 0.660000
v -0.334549 2.570611 0.660000
v -0.359549 2.552447 0.660000
v -0.390451 2.552447 0.660000
v -0.415451 2.570611 0.660000
v -0.425000 2.600000 0.660000
v -0.415451 2.629389 0.660000
v -0.390451 2.647553 0.660000
v -0.359549 2.647553 0.660000
v -0.334549 2.629389 0.660000
v -0.375000 2.600000 0.650000
v 0.375000 2.600000 0.690000
v 0.425000 2.600000 0.690000
v 0.415451 2.570611 0.690000
v 0.390451 2.552447 0.690000
v 0.359549 2.552447 0.690000
v 0.334549 2.570611 0.690000
v 0.325000 2.600000 0.690000
v 0.334549 2.629389 0.690000
v 0.359549 2.647553 0.690000
v 0.390451 2.647553 0.690000
v 0.415451 2.629389 0.690000
v 0.425000 2.600000 0.660000
v 0.415451 2.570611 0.660000
v 0.390451 2.552447 0.660000
v 0.359549 2.552447 0.660000
v 0.334549 2.570611 0.660000
v 0.325000 2.600000 0.660000
v 0.334549 2.629389 0.660000
v 0.359549 2.647553 0.660000
v 0.390451 2.647553 0.660000
v 0.415451 2.629389 0.660000
v 0.375000 2.600000 0.650000
v 1.125000 2.600000 0.690000
v 1.175000 2.600000 0.690000
v 1.165451 2.570611 0.690000
v 1.140451 2.552447 0.690000
v 1.109549 2.552447 0.690000
v 1.084549 2.570611 0.690000
v 1.075000 2.600000 0.690000
v 1.084549 2.629389 0.690000
v 1.109549 2.647553 0.690000
v 1.140451 2.647553 0.690000
v 1.165451 2.629389 0.690000
v 1.175000 2.600000 0.660000
v 1.165451 2.570611 0.660000
v 1.140451 2.552447 0.660000
v 1.109549 2.552447 0.660000
v 1.084549 2.570611 0.660000
v 1.075000 2.600000 0.660000
v 1.084549 2.629389 0.660000
v 1.109549 2.647553 0.660000
v 1.140451 2.647553 0.660000
v 1.165451 2.629389 0.660000
v 1.125000 2.600000 0.650000
v 1.875000 2.600000 0.690000
v 1.925000 2.600000 0.690000
v 1.915451 2.570611 0.690000
v 1.890451 2.552447 0.690000
v 1.859549 2.552447 0.690000
v 1.834549 2.570611 0.690000
v 1.825000 2.600000 0.690000
v 1.834549 2.629389 0.690000
v 1.859549 2.647553 0.690000
v 1.890451 2.647553 0.690000
v 1.915451 2.629389 0.690000
v 1.925000 2.600000 0.660000
v 1.915451 2.570611 0.660000
v 1.890451 2.552447 0.660000
v 1.859549 2.552447 0.660000
v 1.834549 2.570611 0.660000
v 1.825000 2.600000 0.660000
v 1.834549 2.629389 0.660000
v 1.859549 2.647553 0.660000
v 1.890451 2.647553 0.660000
v 1.915451 2.629389 0.660000
v 1.875000 2.600000 0.650000
v 2.625000 2.600000 0.690000
v 2.675000 2.600000 0.690000
v 2.665451 2.570611 0.690000
v 2.640451 2.552447 0.690000
v 2.609549 2.552447 0.690000
v 2.584549 2.570611 0.690000
v 2.575000 2.600000 0.690000
v 2.584549 2.629389 0.690000
v 2.609549 2.647553 0.690000
v 2.640451 2.647553 0.690000
v 2.665451 2.629389 0.690000
v 2.675000 2.600000 0.660000
v 2.665451 2.570611 0.660000
v 2.640451 2.552447 0.660000
v 2.609549 2.552447 0.660000
v 2.584549 2.570611 0.660000
v 2.575000 2.600000 0.660000
v 2.584549 2.629389 0.660000
v 2.609549 2.647553 0.660000
v 2.640451 2.647553 0.660000
v 2.665451 2.629389 0.660000
v 2.625000 2.600000 0.650000
v -2.700000 -0.000000 -1.000000
v -2.620000 -0.000000 -1.000000
v -2.630718 -0.000000 -1.040000
v -2.660000 -0.000000 -1.069282
v -2.700000 -0.000000 -1.080000
v -2.740000 -0.000000 -1.069282
v -2.769282 -0.000000 -1.040000
v -2.780000 -0.000000 -1.000000
v -2.769282 -0.000000 -0.960000
v -2.740000 -0.000000 -0.930718
v -2.700000 -0.000000 -0.920000
v -2.660000 -0.000000 -0.930718
v -2.630718 -0.000000 -0.960000
v -2.580000 0.200000 -1.000000
v -2.596077 0.200000 -1.060000
v -2.640000 0.200000 -1.103923
v -2.700000 0.200000 -1.120000
v -2.760000 0.200000 -1.103923
v -2.803923 0.200000 -1.060000
v -2.820000 0.200000 -1.000000
v -2.803923 0.200000 -0.940000
v -2.760000 0.200000 -0.896077
v -2.700000 0.200000 -0.880000
v -2.640000 0.200000 -0.896077
v -2.596077 0.200000 -0.940000
v -2.600000 0.400000 -1.000000
v -2.613398 0.400000 -1.050000
v -2.650000 0.400000 -1.086603
v -2.700000 0.400000 -1.100000
v -2.750000 0.400000 -1.086603
v -2.786602 0.400000 -1.050000
v -2.800000 0.400000 -1.000000
v -2.786602 0.400000 -0.950000
v -2.750000 0.400000 -0.913397
v -2.700000 0.400000 -0.900000
v -2.650000 0.400000 -0.913397
v -2.613398 0.400000 -0.950000
v -2.700000 0.400000 -1.000000
v 2.700000 -0.000000 -1.000000
v 2.780000 -0.000000 -1.000000
v 2.769282 -0.000000 -1.040000
v 2.740000 -0.000000 -1.069282
v 2.700000 -0.000000 -1.080000
v 2.660000 -0.000000 -1.069282
v 2.630718 -0.000000 -1.040000
v 2.620000 -0.000000 -1.000000
v 2.630718 -0.000000 -0.960000
v 2.660000 -0.000000 -0.930718
v 2.700000 -0.000000 -0.920000
v 2.740000 -0.000000 -0.930718
v 2.769282 -0.000000 -0.960000
v 2.820000 0.200000 -1.000000
v 2.803923 0.200000 -1.060000
v 2.760000 0.200000 -1.103923
v 2.700000 0.200000 -1.120000
v 2.640000 0.200000 -1.103923
v 2.596077 0.200000 -1.060000
v 2.580000 0.200000 -1.000000
v 2.596077 0.200000 -0.940000
v 2.640000 0.200000 -0.896077
v 2.700000 0.200000 -0.880000
v 2.760000 0.200000 -0.896077
v 2.803923 0.200000 -0.940000
v 2.800000 0.400000 -1.000000
v 2.786602 0.400000 -1.050000
v 2.750000 0.400000 -1.086603
v 2.700000 0.400000 -1.100000
v 2.650000 0.400000 -1.086603
v 2.613398 0.400000 -1.050000
v 2.600000 0.400000 -1.000000
v 2.613398 0.400000 -0.950000
v 2.650000 0.400000 -0.913397
v 2.700000 0.400000 -0.900000
v 2.750000 0.400000 -0.913397
v 2.786602 0.400000 -0.950000
v 2.700000 0.400000 -1.000000
v -2.700000 0.000000 1.000000
v -2.620000 0.000000 1.000000
v -2.630718 0.000000 0.960000
v -2.660000 0.000000 0.930718
v -2.700000 0.000000 0.920000
v -2.740000 0.000000 0.930718
v -2.769282 0.000000 0.960000
v -2.780000 0.000000 1.000000
v -2.769282 0.000000 1.040000
v -2.740000 0.000000 1.069282
v -2.700000 0.000000 1.080000
v -2.660000 0.000000 1.069282
v -2.630718 0.000000 1.040000
v -2.580000 0.200000 1.000000
v -2.596077 0.200000 0.940000
v -2.640000 0.200000 0.896077
v -2.700000 0.200000 0.880000
v -2.760000 0.200000 0.896077
v -2.803923 0.200000 0.940000
v -2.820000 0.200000 1.000000
v -2.803923 0.200000 1.060000
v -2.760000 0.200000 1.103923
v -2.700000 0.200000 1.120000
v -2.640000 0.200000 1.103923
v -2.596077 0.200000 1.060000
v -2.600000 0.400000 1.000000
v -2.613398 0.400000 0.950000
v -2.650000 0.400000 0.913397
v -2.700000 0.400000 0.900000
v -2.750000 0.400000 0.913397
v -2.786602 0.400000 0.950000
v -2.800000 0.400000 1.000000
v -2.786602 0.400000 1.050000
v -2.750000 0.400000 1.086603
v -2.700000 0.400000 1.100000
v -2.650000 0.400000 1.086603
v -2.613398 0.400000 1.050000
v -2.700000 0.400000 1.000000
v 2.700000 0.000000 1.000000
v 2.780000 0.000000 1.000000
v 2.769282 0.000000 0.960000
v 2.740000 0.000000 0.930718
v 2.700000 0.000000 0.920000
v 2.660000 0.000000 0.930718
v 2.630718 0.000000 0.960000
v 2.620000 0.000000 1.000000
v 2.630718 0.000000 1.040000
v 2.660000 0.000000 1.069282
v 2.700000 0.000000 1.080000
v 2.740000 0.000000 1.069282
v 2.769282 0.000000 1.040000
v 2.820000 0.200000 1.000000
v 2.803923 0.200000 0.940000
v 2.760000 0.200000 0.896077
v 2.700000 0.200000 0.880000
v 2.640000 0.200000 0.896077
v 2.596077 0.200000 0.940000
v 2.580000 0.200000 1.000000
v 2.596077 0.200000 1.060000
v 2.640000 0.200000 1.103923
v 2.700000 0.200000 1.120000
v 2.760000 0.200000 1.103923
v 2.803923 0.200000 1.060000
v 2.800000 0.400000 1.000000
v 2.786602 0.400000 0.950000
v 2.750000 0.400000 0.913397
v 2.700000 0.400000 0.900000
v 2.650000 0.400000 0.913397
v 2.613398 0.400000 0.950000
v 2.600000 0.400000 1.000000
v 2.613398 0.400000 1.050000
v 2.650000 0.400000 1.086603
v 2.700000 0.400000 1.100000
v 2.750000 0.400000 1.086603
v 2.786602 0.400000 1.050000
v 2.700000 0.400000 1.000000
vn -0.0972 -0.9206 0.3783
vn -0.3783 -0.9206 0.0972
vn -0.0970 -0.9905 0.0970
vn -0.0919 -0.7041 0.7041
vn -0.3703 -0.8519 0.3703
vn -0.7041 -0.7041 0.0919
vn -0.5773 -0.5774 0.5774
vn -0.6683 -0.6683 0.3266
vn -0.3783 -0.0972 0.9206
vn -0.0972 -0.3783 0.9206
vn -0.0970 -0.0970 0.9905
vn -0.7041 -0.0919 0.7041
vn -0.3703 -0.3703 0.8519
vn -0.3266 -0.6683 0.6683
vn -0.9206 -0.3783 0.0972
vn -0.9206 -0.0972 0.3783
vn -0.9905 -0.0970 0.0970
vn -0.8519 -0.3703 0.3703
vn -0.6683 -0.3266 0.6683
vn -0.0972 0.3783 0.9206
vn -0.3783 0.0972 0.9206
vn -0.0970 0.0970 0.9905
vn -0.0919 0.7041 0.7041
vn -0.3703 0.3703 0.8519
vn -0.7041 0.0919 0.7041
vn -0.5773 0.5774 0.5774
vn -0.6683 0.3266 0.6683
vn -0.3783 0.9206 0.0972
vn -0.0972 0.9206 0.3783
vn -0.0970 0.9905 0.0970
vn -0.7041 0.7041 0.0919
vn -0.3703 0.8519 0.3703
vn -0.3266 0.6683 0.6683
vn -0.9206 0.0972 0.3783
vn -0.9206 0.3783 0.0972
vn -0.9905 0.0970 0.0970
vn -0.8519 0.3703 0.3703
vn -0.6683 0.6683 0.3266
vn -0.3783 -0.9206 -0.0972
vn -0.0972 -0.9206 -0.3783
vn -0.0970 -0.9905 -0.0970
vn -0.7041 -0.7041 -0.0919
vn -0.3703 -0.8519 -0.3703
vn -0.0919 -0.7041 -0.7041
vn -0.5773 -0.5774 -0.5774
vn -0.3266 -0.6683 -0.6683
vn -0.9206 -0.0972 -0.3783
vn -0.9206 -0.3783 -0.0972
vn -0.9905 -0.0970 -0.0970
vn -0.7041 -0.0919 -0.7041
vn -0.8519 -0.3703 -0.3703
vn -0.6683 -0.6683 -0.3266
vn -0.0972 -0.3783 -0.9206
vn -0.3783 -0.0972 -0.9206
vn -0.0970 -0.0970 -0.9905
vn -0.3703 -0.3703 -0.8519
vn -0.6683 -0.3266 -0.6683
vn -0.0972 0.9206 -0.3783
vn -0.3783 0.9206 -0.0972
vn -0.0970 0.9905 -0.0970
vn -0.0919 0.7041 -0.7041
vn -0.3703 0.8519 -0.3703
vn -0.7041 0.7041 -0.0919
vn -0.5773 0.5774 -0.5774
vn -0.6683 0.6683 -0.3266
vn -0.3783 0.0972 -0.9206
vn -0.0972 0.3783 -0.9206
vn -0.0970 0.0970 -0.9905
vn -0.7041 0.0919 -0.7041
vn -0.3703 0.3703 -0.8519
vn -0.3266 0.6683 -0.6683
vn -0.9206 0.3783 -0.0972
vn -0.9206 0.0972 -0.3783
vn -0.9905 0.0970 -0.0970
vn -0.8519 0.3703 -0.3703
vn -0.6683 0.3266 -0.6683
vn 0.3783 -0.9206 0.0972
vn 0.0972 -0.9206 0.3783
vn 0.0970 -0.9905 0.0970
vn 0.7041 -0.7041 0.0919
vn 0.3703 -0.8519 0.3703
vn 0.0919 -0.7041 0.7041
vn 0.5773 -0.5774 0.5774
vn 0.3266 -0.6683 0.6683
vn 0.9206 -0.0972 0.3783
vn 0.9206 -0.3783 0.0972
vn 0.9905 -0.0970 0.0970
vn 0.7041 -0.0919 0.7041
vn 0.8519 -0.3703 0.3703
vn 0.6683 -0.6683 0.3266
vn 0.0972 -0.3783 0.9206
vn 0.3783 -0.0972 0.9206
vn 0.0970 -0.0970 0.9905
vn 0.3703 -0.3703 0.8519
vn 0.6683 -0.3266 0.6683
vn 0.0972 0.9206 0.3783
vn 0.3783 0.9206 0.0972
vn 0.0970 0.9905 0.0970
vn 0.0919 0.7041 0.7041
vn 0.3703 0.8519 0.3703
vn 0.7041 0.7041 0.0919
vn 0.5773 0.5774 0.5774
vn 0.6683 0.6683 0.3266
vn 0.3783 0.0972 0.9206
vn 0.0972 0.3783 0.9206
vn 0.0970 0.0970 0.9905
vn 0.7041 0.0919 0.7041
vn 0.3703 0.3703 0.8519
vn 0.3266 0.6683 0.6683
vn 0.9206 0.3783 0.0972
vn 0.9206 0.0972 0.3783
vn 0.9905 0.0970 0.0970
vn 0.8519 0.3703 0.3703
vn 0.6683 0.3266 0.6683
vn 0.0972 -0.9206 -0.3783
vn 0.3783 -0.9206 -0.0972
vn 0.0970 -0.9905 -0.0970
vn 0.0919 -0.7041 -0.7041
vn 0.3703 -0.8519 -0.3703
vn 0.7041 -0.7041 -0.0919
vn 0.5773 -0.5774 -0.5774
vn 0.6683 -0.6683 -0.3266
vn 0.3783 -0.0972 -0.9206
vn 0.0972 -0.3783 -0.9206
vn 0.0970 -0.0970 -0.9905
vn 0.7041 -0.0919 -0.7041
vn 0.3703 -0.3703 -0.8519
vn 0.3266 -0.6683 -0.6683
vn 0.9206 -0.3783 -0.0972
vn 0.9206 -0.0972 -0.3783
vn 0.9905 -0.0970 -0.0970
vn 0.8519 -0.3703 -0.3703
vn 0.6683 -0.3266 -0.6683
vn 0.3783 0.9206 -0.0972
vn 0.0972 0.9206 -0.3783
vn 0.0970 0.9905 -0.0970
vn 0.7041 0.7041 -0.0919
vn 0.3703 0.8519 -0.3703
vn 0.0919 0.7041 -0.7041
vn 0.5773 0.5774 -0.5774
vn 0.3266 0.6683 -0.6683
vn 0.9206 0.0972 -0.3783
vn 0.9206 0.3783 -0.0972
vn 0.9905 0.0970 -0.0970
vn 0.7041 0.0919 -0.7041
vn 0.8519 0.3703 -0.3703
vn 0.6683 0.6683 -0.3266
vn 0.0972 0.3783 -0.9206
vn 0.3783 0.0972 -0.9206
vn 0.0970 0.0970 -0.9905
vn 0.3703 0.3703 -0.8519
vn 0.6683 0.3266 -0.6683
vn -0.0784 -0.9487 0.3064
vn -0.3067 -0.9486 0.0787
vn -0.0779 -0.9939 0.0779
vn -0.0754 -0.8071 0.5855
vn -0.3089 -0.8992 0.3098
vn -0.0757 -0.5853 0.8073
vn -0.2866 -0.7687 0.5718
vn -0.5853 -0.8073 0.0757
vn -0.5154 -0.6845 0.5156
vn -0.5719 -0.7685 0.2870
vn -0.2870 -0.5719 0.7685
vn -0.3064 -0.0784 0.9487
vn -0.0787 -0.3067 0.9486
vn -0.0779 -0.0779 0.9939
vn -0.5855 -0.0754 0.8071
vn -0.3098 -0.3089 0.8992
vn -0.8073 -0.0757 0.5853
vn -0.5718 -0.2866 0.7687
vn -0.5156 -0.5154 0.6845
vn -0.7685 -0.2870 0.5719
vn -0.9487 -0.3064 0.0784
vn -0.9486 -0.0787 0.3067
vn -0.9939 -0.0779 0.0779
vn -0.8071 -0.5855 0.0754
vn -0.8992 -0.3098 0.3089
vn -0.7687 -0.5718 0.2866
vn -0.6845 -0.5156 0.5154
vn -0.0784 0.3064 0.9487
vn -0.3067 0.0787 0.9486
vn -0.0779 0.0779 0.9939
vn -0.0754 0.5855 0.8071
vn -0.3089 0.3098 0.8992
vn -0.0757 0.8073 0.5853
vn -0.2866 0.5718 0.7687
vn -0.5853 0.0757 0.8073
vn -0.5154 0.5156 0.6845
vn -0.5719 0.2870 0.7685
vn -0.2870 0.7685 0.5719
vn -0.3064 0.9487 0.0784
vn -0.0787 0.9486 0.3067
vn -0.0779 0.9939 0.0779
vn -0.5855 0.8071 0.0754
vn -0.3098 0.8992 0.3089
vn -0.8073 0.5853 0.0757
vn -0.5718 0.7687 0.2866
vn -0.5156 0.6845 0.5154
vn -0.7685 0.5719 0.2870
vn -0.9487 0.0784 0.3064
vn -0.9486 0.3067 0.0787
vn -0.9939 0.0779 0.0779
vn -0.8071 0.0754 0.5855
vn -0.8992 0.3089 0.3098
vn -0.7687 0.2866 0.5718
vn -0.6845 0.5154 0.5156
vn -0.3064 -0.9487 -0.0784
vn -0.0787 -0.9486 -0.3067
vn -0.0779 -0.9939 -0.0779
vn -0.5855 -0.8071 -0.0754
vn -0.3098 -0.8992 -0.3089
vn -0.8073 -0.5853 -0.0757
vn -0.5718 -0.7687 -0.2866
vn -0.0757 -0.8073 -0.5853
vn -0.5156 -0.6845 -0.5154
vn -0.2870 -0.7685 -0.5719
vn -0.7685 -0.5719 -0.2870
vn -0.9487 -0.0784 -0.3064
vn -0.9486 -0.3067 -0.0787
vn -0.9939 -0.0779 -0.0779
vn -0.8071 -0.0754 -0.5855
vn -0.8992 -0.3089 -0.3098
vn -0.5853 -0.0757 -0.8073
vn -0.7687 -0.2866 -0.5718
vn -0.6845 -0.5154 -0.5156
vn -0.5719 -0.2870 -0.7685
vn -0.0784 -0.3064 -0.9487
vn -0.3067 -0.0787 -0.9486
vn -0.0779 -0.0779 -0.9939
vn -0.0754 -0.5855 -0.8071
vn -0.3089 -0.3098 -0.8992
vn -0.2866 -0.5718 -0.7687
vn -0.5154 -0.5156 -0.6845
vn -0.0784 0.9487 -0.3064
vn -0.3067 0.9486 -0.0787
vn -0.0779 0.9939 -0.0779
vn -0.0754 0.8071 -0.5855
vn -0.3089 0.8992 -0.3098
vn -0.0757 0.5853 -0.8073
vn -0.2866 0.7687 -0.5718
vn -0.5853 0.8073 -0.0757
vn -0.5154 0.6845 -0.5156
vn -0.5719 0.7685 -0.2870
vn -0.2870 0.5719 -0.7685
vn -0.3064 0.0784 -0.9487
vn -0.0787 0.3067 -0.9486
vn -0.0779 0.0779 -0.9939
vn -0.5855 0.0754 -0.8071
vn -0.3098 0.3089 -0.8992
vn -0.8073 0.0757 -0.5853
vn -0.5718 0.2866 -0.7687
vn -0.5156 0.5154 -0.6845
vn -0.7685 0.2870 -0.5719
vn -0.9487 0.3064 -0.0784
vn -0.9486 0.0787 -0.3067
vn -0.9939 0.0779 -0.0779
vn -0.8071 0.5855 -0.0754
vn -0.8992 0.3098 -0.3089
vn -0.7687 0.5718 -0.2866
vn -0.6845 0.5156 -0.5154
vn 0.3064 -0.9487 0.0784
vn 0.0787 -0.9486 0.3067
vn 0.0779 -0.9939 0.0779
vn 0.5855 -0.8071 0.0754
vn 0.3098 -0.8992 0.3089
vn 0.8073 -0.5853 0.0757
vn 0.5718 -0.7687 0.2866
vn 0.0757 -0.8073 0.5853
vn 0.5156 -0.6845 0.5154
vn 0.2870 -0.7685 0.5719
vn 0.7685 -0.5719 0.2870
vn 0.9487 -0.0784 0.3064
vn 0.9486 -0.3067 0.0787
vn 0.9939 -0.0779 0.0779
vn 0.8071 -0.0754 0.5855
vn 0.8992 -0.3089 0.3098
vn 0.5853 -0.0757 0.8073
vn 0.7687 -0.2866 0.5718
vn 0.6845 -0.5154 0.5156
vn 0.5719 -0.2870 0.7685
vn 0.0784 -0.3064 0.9487
vn 0.3067 -0.0787 0.9486
vn 0.0779 -0.0779 0.9939
vn 0.0754 -0.5855 0.8071
vn 0.3089 -0.3098 0.8992
vn 0.2866 -0.5718 0.7687
vn 0.5154 -0.5156 0.6845
vn 0.0784 0.9487 0.3064
vn 0.3067 0.9486 0.0787
vn 0.0779 0.9939 0.0779
vn 0.0754 0.8071 0.5855
vn 0.3089 0.8992 0.3098
vn 0.0757 0.5853 0.8073
vn 0.2866 0.7687 0.5718
vn 0.5853 0.8073 0.0757
vn 0.5154 0.6845 0.5156
vn 0.5719 0.7685 0.2870
vn 0.2870 0.5719 0.7685
vn 0.3064 0.0784 0.9487
vn 0.0787 0.3067 0.9486
vn 0.0779 0.0779 0.9939
vn 0.5855 0.0754 0.8071
vn 0.3098 0.3089 0.8992
vn 0.8073 0.0757 0.5853
vn 0.5718 0.2866 0.7687
vn 0.5156 0.5154 0.6845
vn 0.7685 0.2870 0.5719
vn 0.9487 0.3064 0.0784
vn 0.9486 0.0787 0.3067
vn 0.9939 0.0779 0.0779
vn 0.8071 0.5855 0.0754
vn 0.8992 0.3098 0.3089
vn 0.7687 0.5718 0.2866
vn 0.6845 0.5156 0.5154
vn 0.0784 -0.9487 -0.3064
vn 0.3067 -0.9486 -0.0787
vn 0.0779 -0.9939 -0.0779
vn 0.0754 -0.8071 -0.5855
vn 0.3089 -0.8992 -0.3098
vn 0.0757 -0.5853 -0.8073
vn 0.2866 -0.7687 -0.5718
vn 0.5853 -0.8073 -0.0757
vn 0.5154 -0.6845 -0.5156
vn 0.5719 -0.7685 -0.2870
vn 0.2870 -0.5719 -0.7685
vn 0.3064 -0.0784 -0.9487
vn 0.0787 -0.3067 -0.9486
vn 0.0779 -0.0779 -0.9939
vn 0.5855 -0.0754 -0.8071
vn 0.3098 -0.3089 -0.8992
vn 0.8073 -0.0757 -0.5853
vn 0.5718 -0.2866 -0.7687
vn 0.5156 -0.5154 -0.6845
vn 0.7685 -0.2870 -0.5719
vn 0.9487 -0.3064 -0.0784
vn 0.9486 -0.0787 -0.3067
vn 0.9939 -0.0779 -0.0779
vn 0.8071 -0.5855 -0.0754
vn 0.8992 -0.3098 -0.3089
vn 0.7687 -0.5718 -0.2866
vn 0.6845 -0.5156 -0.5154
vn 0.3064 0.9487 -0.0784
vn 0.0787 0.9486 -0.3067
vn 0.0779 0.9939 -0.0779
vn 0.5855 0.8071 -0.0754
vn 0.3098 0.8992 -0.3089
vn 0.8073 0.5853 -0.0757
vn 0.5718 0.7687 -0.2866
vn 0.0757 0.8073 -0.5853
vn 0.5156 0.6845 -0.5154
vn 0.2870 0.7685 -0.5719
vn 0.7685 0.5719 -0.2870
vn 0.9487 0.0784 -0.3064
vn 0.9486 0.3067 -0.0787
vn 0.9939 0.0779 -0.0779
vn 0.8071 0.0754 -0.5855
vn 0.8992 0.3089 -0.3098
vn 0.5853 0.0757 -0.8073
vn 0.7687 0.2866 -0.5718
vn 0.6845 0.5154 -0.5156
vn 0.5719 0.2870 -0.7685
vn 0.0784 0.3064 -0.9487
vn 0.3067 0.0787 -0.9486
vn 0.0779 0.0779 -0.9939
vn 0.0754 0.5855 -0.8071
vn 0.3089 0.3098 -0.8992
vn 0.2866 0.5718 -0.7687
vn 0.5154 0.5156 -0.6845
vn 0.9511 0.3090 -0.0000
vn 1.0000 -0.0000 -0.0000
vn 0.8090 0.5878 -0.0000
vn 0.5878 0.8090 -0.0000
vn 0.3090 0.9511 -0.0000
vn -0.0000 1.0000 -0.0000
vn -0.3090 0.9511 -0.0000
vn -0.5878 0.8090 -0.0000
vn -0.8090 0.5878 -0.0000
vn -0.9511 0.3090 -0.0000
vn -1.0000 -0.0000 -0.0000
vn -0.9511 -0.3090 -0.0000
vn -0.8090 -0.5878 -0.0000
vn -0.5878 -0.8090 -0.0000
vn -0.3090 -0.9511 -0.0000
vn -0.0000 -1.0000 -0.0000
vn 0.3090 -0.9511 -0.0000
vn 0.5878 -0.8090 -0.0000
vn 0.8090 -0.5878 -0.0000
vn 0.9511 -0.3090 -0.0000
vn -0.0000 -0.0000 -1.0000
vn -0.0000 -0.0000 1.0000
vn -0.5774 -0.5773 0.5774
vn -0.5774 0.5773 0.5774
vn -0.5774 -0.5774 -0.5774
vn -0.5774 0.5773 -0.5774
vn 0.5774 -0.5774 0.5774
vn 0.5774 0.5774 0.5773
vn 0.5774 0.5774 -0.5773
vn -0.5774 0.5774 0.5773
vn -0.5774 0.5774 -0.5773
vn 0.5774 -0.5773 0.5774
vn 0.5774 0.5773 0.5774
vn 0.5774 0.5773 -0.5774
vn 0.1961 -0.0000 -0.9806
vn 0.1587 -0.1153 -0.9806
vn 0.0606 -0.1865 -0.9806
vn -0.0606 -0.1865 -0.9806
vn -0.1587 -0.1153 -0.9806
vn -0.1961 -0.0000 -0.9806
vn -0.1587 0.1153 -0.9806
vn -0.0606 0.1865 -0.9806
vn 0.0606 0.1865 -0.9806
vn 0.1587 0.1153 -0.9806
vn 0.8492 -0.1961 -0.4903
vn 0.9989 -0.0477 -0.0000
vn 0.9806 -0.1961 -0.0000
vn 0.4994 -0.0477 -0.8650
vn 0.8650 -0.0477 -0.4994
vn 0.4903 -0.1961 -0.8492
vn -0.0000 -0.0477 -0.9989
vn -0.4903 -0.1961 -0.8492
vn -0.0000 -0.1961 -0.9806
vn -0.8492 -0.1961 -0.4903
vn -0.4994 -0.0477 -0.8650
vn -0.9989 -0.0477 -0.0000
vn -0.8650 -0.0477 -0.4994
vn -0.8492 -0.1961 0.4903
vn -0.9806 -0.1961 -0.0000
vn -0.4994 -0.0477 0.8650
vn -0.8650 -0.0477 0.4994
vn -0.4903 -0.1961 0.8492
vn -0.0000 -0.0477 0.9989
vn 0.4903 -0.1961 0.8492
vn -0.0000 -0.1961 0.9806
vn 0.8492 -0.1961 0.4903
vn 0.4994 -0.0477 0.8650
vn 0.8650 -0.0477 0.4994
vn 0.8617 0.0995 -0.4975
vn 0.9950 0.0995 -0.0000
vn 0.4975 0.0995 -0.8617
vn -0.0000 0.0995 -0.9950
vn -0.4975 0.0995 -0.8617
vn -0.8617 0.0995 -0.4975
vn -0.8617 0.0995 0.4975
vn -0.9950 0.0995 -0.0000
vn -0.4975 0.0995 0.8617
vn -0.0000 0.0995 0.9950
vn 0.4975 0.0995 0.8617
vn 0.8617 0.0995 0.4975
vt 0.007398 0.013123
vt 0.013123 0.007398
vt 0.013123 0.013123
vt 0.002545 0.013123
vt 0.007255 0.007255
vt 0.013123 0.002545
vt 0.004486 0.004486
vt 0.007553 0.003306
vt 0.741607 0.418479
vt 0.735885 0.413758
vt 0.741628 0.414337
vt 0.322540 0.715410
vt 0.316630 0.711891
vt 0.322497 0.710547
vt 0.735717 0.417890
vt 0.730979 0.412008
vt 0.313886 0.716483
vt 0.312678 0.714216
vt 0.316844 0.726440
vt 0.322569 0.721138
vt 0.322579 0.726859
vt 0.311962 0.725207
vt 0.316688 0.720496
vt 0.316963 0.715838
vt 0.792206 0.413264
vt 0.786480 0.418085
vt 0.786501 0.413943
vt 0.797006 0.411430
vt 0.792325 0.417394
vt 0.373243 0.711697
vt 0.367417 0.715255
vt 0.367374 0.710393
vt 0.376037 0.716269
vt 0.372981 0.715645
vt 0.217224 0.487586
vt 0.211499 0.481861
vt 0.217224 0.481861
vt 0.217224 0.492439
vt 0.211356 0.487730
vt 0.206646 0.481861
vt 0.208587 0.490498
vt 0.207406 0.487432
vt 0.367446 0.720984
vt 0.373171 0.726247
vt 0.367456 0.726705
vt 0.373302 0.720302
vt 0.377995 0.724981
vt 0.377227 0.719550
vt 0.190978 0.007398
vt 0.196703 0.013123
vt 0.190978 0.013123
vt 0.190978 0.002545
vt 0.196846 0.007255
vt 0.201556 0.013123
vt 0.199615 0.004486
vt 0.200795 0.007553
vt 0.322569 0.895828
vt 0.316844 0.890565
vt 0.322579 0.890984
vt 0.670433 0.006986
vt 0.664543 0.003970
vt 0.670411 0.002598
vt 0.316688 0.895451
vt 0.311962 0.889332
vt 0.661787 0.008369
vt 0.660593 0.006437
vt 0.664723 0.018050
vt 0.670448 0.012513
vt 0.670453 0.018338
vt 0.659855 0.017217
vt 0.664573 0.012026
vt 0.664859 0.007531
vt 0.400803 0.481861
vt 0.395078 0.487586
vt 0.395078 0.481861
vt 0.405657 0.481861
vt 0.400947 0.487730
vt 0.395078 0.492439
vt 0.403715 0.490498
vt 0.400649 0.491679
vt 0.715326 0.012460
vt 0.721051 0.017983
vt 0.715331 0.018285
vt 0.715311 0.006933
vt 0.721188 0.011959
vt 0.725889 0.017139
vt 0.723939 0.008296
vt 0.725125 0.011562
vt 0.373171 0.890371
vt 0.367446 0.895674
vt 0.367456 0.890830
vt 0.377995 0.889105
vt 0.373302 0.895257
vt 0.721158 0.003903
vt 0.715289 0.002545
vt 0.720878 0.007465
vt 0.013123 0.487586
vt 0.007398 0.481861
vt 0.013123 0.481861
vt 0.013123 0.492439
vt 0.007255 0.487730
vt 0.002545 0.481861
vt 0.004486 0.490498
vt 0.003306 0.487432
vt 0.741651 0.007051
vt 0.735833 0.003938
vt 0.741558 0.002938
vt 0.741730 0.012435
vt 0.735786 0.008327
vt 0.730979 0.006683
vt 0.733061 0.013056
vt 0.731831 0.010388
vt 0.736055 0.023093
vt 0.741781 0.018272
vt 0.741798 0.023672
vt 0.731149 0.021344
vt 0.735891 0.017444
vt 0.736147 0.012697
vt 0.211499 0.013123
vt 0.217224 0.007398
vt 0.217224 0.013123
vt 0.206646 0.013123
vt 0.211356 0.007255
vt 0.217224 0.002545
vt 0.208587 0.004486
vt 0.211653 0.003306
vt 0.786654 0.017878
vt 0.792376 0.022600
vt 0.786671 0.023279
vt 0.786603 0.012042
vt 0.792499 0.016948
vt 0.797176 0.020765
vt 0.795206 0.012511
vt 0.796405 0.015709
vt 0.792154 0.003444
vt 0.786524 0.006657
vt 0.786431 0.002545
vt 0.797006 0.006104
vt 0.792394 0.007831
vt 0.792160 0.012207
vt 0.196702 0.481861
vt 0.190978 0.487586
vt 0.190978 0.481861
vt 0.201556 0.481861
vt 0.196846 0.487730
vt 0.190978 0.492439
vt 0.199615 0.490498
vt 0.196548 0.491679
vt 0.670448 0.476347
vt 0.664723 0.470824
vt 0.670453 0.471112
vt 0.914317 0.008342
vt 0.908371 0.004236
vt 0.914236 0.002958
vt 0.664573 0.476137
vt 0.659855 0.469991
vt 0.905649 0.008967
vt 0.904418 0.006300
vt 0.908647 0.019003
vt 0.914371 0.014179
vt 0.914390 0.019579
vt 0.903741 0.017256
vt 0.908481 0.013354
vt 0.908735 0.008607
vt 0.395078 0.007398
vt 0.400803 0.013123
vt 0.395078 0.013123
vt 0.395078 0.002545
vt 0.400947 0.007255
vt 0.405657 0.013123
vt 0.403715 0.004486
vt 0.404896 0.007553
vt 0.959244 0.013766
vt 0.964968 0.018485
vt 0.959263 0.019167
vt 0.959190 0.007929
vt 0.965089 0.012833
vt 0.969767 0.016648
vt 0.967794 0.008395
vt 0.968994 0.011592
vt 0.721051 0.470758
vt 0.715326 0.476294
vt 0.715331 0.471059
vt 0.725889 0.469913
vt 0.721188 0.476070
vt 0.964979 0.003716
vt 0.959109 0.002545
vt 0.964747 0.008092
vt 0.908647 0.167234
vt 0.903741 0.165487
vt 0.914390 0.167810
vt 0.969767 0.164879
vt 0.964968 0.166716
vt 0.914371 0.171952
vt 0.959263 0.167397
vt 0.959244 0.171540
vt 0.442290 0.476458
vt 0.435868 0.482880
vt 0.435868 0.476458
vt 0.448079 0.476458
vt 0.442497 0.483050
vt 0.452679 0.476458
vt 0.447797 0.482836
vt 0.435868 0.488669
vt 0.446862 0.487452
vt 0.442262 0.488398
vt 0.451624 0.482852
vt 0.743258 0.833712
vt 0.736886 0.828360
vt 0.743319 0.828922
vt 0.921272 0.737229
vt 0.917511 0.743858
vt 0.916319 0.737264
vt 0.927289 0.737209
vt 0.922123 0.743612
vt 0.736651 0.833219
vt 0.731064 0.826730
vt 0.923596 0.748242
vt 0.920003 0.749216
vt 0.927132 0.743611
vt 0.939693 0.743647
vt 0.933767 0.737205
vt 0.940085 0.737218
vt 0.938557 0.749458
vt 0.933146 0.743843
vt 0.936784 0.754093
vt 0.932271 0.749164
vt 0.927245 0.748229
vt 0.930780 0.753020
vt 0.926171 0.751040
vt 0.866071 0.828360
vt 0.859600 0.833712
vt 0.859661 0.828922
vt 0.871825 0.826730
vt 0.866214 0.833188
vt 0.495101 0.019356
vt 0.498662 0.012978
vt 0.499701 0.019356
vt 0.917497 0.614288
vt 0.921272 0.620880
vt 0.916319 0.620915
vt 0.923596 0.609905
vt 0.922140 0.614492
vt 0.494830 0.012962
vt 0.496674 0.008362
vt 0.482891 0.012934
vt 0.489312 0.019356
vt 0.482891 0.019356
vt 0.482891 0.007145
vt 0.489483 0.012727
vt 0.482891 0.002545
vt 0.489268 0.007426
vt 0.493884 0.008362
vt 0.932250 0.608947
vt 0.926171 0.607125
vt 0.930791 0.605145
vt 0.933767 0.620856
vt 0.939693 0.614454
vt 0.940085 0.620868
vt 0.927289 0.620860
vt 0.933112 0.614272
vt 0.927148 0.614491
vt 0.938557 0.608688
vt 0.927245 0.609893
vt 0.427557 0.482880
vt 0.421135 0.476458
vt 0.427557 0.476458
vt 0.427557 0.488669
vt 0.420965 0.483088
vt 0.427557 0.493269
vt 0.421180 0.488388
vt 0.415347 0.476458
vt 0.416563 0.487452
vt 0.415617 0.482852
vt 0.421164 0.492215
vt 0.953288 0.737272
vt 0.947362 0.743673
vt 0.947754 0.737244
vt 0.521621 0.006892
vt 0.515007 0.003762
vt 0.521600 0.002545
vt 0.521635 0.012526
vt 0.515242 0.007823
vt 0.953016 0.743874
vt 0.946226 0.749484
vt 0.510619 0.009501
vt 0.509655 0.006405
vt 0.515237 0.012514
vt 0.515212 0.025083
vt 0.521641 0.018880
vt 0.521638 0.025347
vt 0.509411 0.024320
vt 0.515007 0.018404
vt 0.504791 0.023130
vt 0.509695 0.017891
vt 0.510628 0.012918
vt 0.505852 0.016884
vt 0.507826 0.012196
vt 0.468158 0.019356
vt 0.474580 0.012934
vt 0.474580 0.019356
vt 0.462369 0.019356
vt 0.467951 0.012764
vt 0.650184 0.024320
vt 0.653731 0.016897
vt 0.654765 0.023130
vt 0.474580 0.007145
vt 0.463586 0.008362
vt 0.468186 0.007416
vt 0.649916 0.017872
vt 0.651745 0.012196
vt 0.637994 0.018880
vt 0.644408 0.025083
vt 0.637991 0.025347
vt 0.637988 0.012526
vt 0.644581 0.018368
vt 0.637973 0.006892
vt 0.644360 0.012528
vt 0.648967 0.012918
vt 0.644365 0.007840
vt 0.947362 0.614481
vt 0.953288 0.620923
vt 0.947754 0.620895
vt 0.946226 0.608714
vt 0.952981 0.614303
vt 0.468203 0.003585
vt 0.474580 0.002545
vt 0.644581 0.003753
vt 0.637952 0.002545
vt 0.648958 0.009501
vt 0.463586 0.005572
vt 0.435868 0.012934
vt 0.442290 0.019356
vt 0.435868 0.019356
vt 0.435868 0.007145
vt 0.442460 0.012727
vt 0.435868 0.002545
vt 0.442245 0.007426
vt 0.448079 0.019356
vt 0.446862 0.008362
vt 0.447808 0.012962
vt 0.734840 0.426890
vt 0.733013 0.433401
vt 0.730979 0.430070
vt 0.960348 0.555752
vt 0.954996 0.562124
vt 0.955558 0.555691
vt 0.746854 0.429226
vt 0.740211 0.424687
vt 0.746809 0.423569
vt 0.746872 0.435602
vt 0.740466 0.429937
vt 0.959855 0.562359
vt 0.953366 0.567946
vt 0.735824 0.431077
vt 0.740464 0.435245
vt 0.740391 0.447409
vt 0.746861 0.442057
vt 0.746824 0.447971
vt 0.734569 0.445779
vt 0.740220 0.441249
vt 0.451639 0.012978
vt 0.452679 0.019356
vt 0.735835 0.434943
vt 0.731016 0.437758
vt 0.734887 0.439889
vt 0.489312 0.476458
vt 0.482891 0.482880
vt 0.482891 0.476458
vt 0.495101 0.476458
vt 0.489520 0.483050
vt 0.499701 0.476458
vt 0.494820 0.482836
vt 0.482891 0.488669
vt 0.493884 0.487452
vt 0.489284 0.488398
vt 0.875096 0.439867
vt 0.876919 0.433401
vt 0.878882 0.437766
vt 0.863204 0.442057
vt 0.869576 0.447409
vt 0.863166 0.447971
vt 0.863214 0.435602
vt 0.869783 0.441218
vt 0.863196 0.429226
vt 0.869576 0.435262
vt 0.875330 0.445779
vt 0.874162 0.434943
vt 0.869578 0.429955
vt 0.954996 0.432939
vt 0.960348 0.439410
vt 0.955558 0.439349
vt 0.953366 0.427185
vt 0.959824 0.432796
vt 0.489268 0.492230
vt 0.482891 0.493269
vt 0.869773 0.424667
vt 0.863152 0.423569
vt 0.874151 0.431077
vt 0.878846 0.430071
vt 0.875049 0.426869
vt 0.421135 0.019356
vt 0.427557 0.012934
vt 0.427557 0.019356
vt 0.415347 0.019356
vt 0.420928 0.012764
vt 0.410746 0.019356
vt 0.415628 0.012978
vt 0.427557 0.007145
vt 0.416563 0.008362
vt 0.421164 0.007416
vt 0.927551 0.567611
vt 0.934062 0.569438
vt 0.930731 0.571472
vt 0.521105 0.472822
vt 0.514691 0.466618
vt 0.521117 0.466882
vt 0.929887 0.555597
vt 0.925348 0.562240
vt 0.924230 0.555642
vt 0.936263 0.555579
vt 0.930598 0.561985
vt 0.514508 0.472710
vt 0.508889 0.465855
vt 0.931738 0.566627
vt 0.935906 0.561987
vt 0.948069 0.562060
vt 0.942717 0.555590
vt 0.948632 0.555627
vt 0.946439 0.567882
vt 0.941910 0.562231
vt 0.421180 0.003585
vt 0.427557 0.002545
vt 0.935604 0.566616
vt 0.938419 0.571435
vt 0.940550 0.567564
vt 0.474580 0.482880
vt 0.468158 0.476458
vt 0.474580 0.476458
vt 0.474580 0.488669
vt 0.467988 0.483088
vt 0.474580 0.493269
vt 0.468203 0.488388
vt 0.462369 0.476458
vt 0.463586 0.487452
vt 0.462640 0.482852
vt 0.940528 0.427355
vt 0.934062 0.425532
vt 0.938427 0.423569
vt 0.942717 0.439247
vt 0.948069 0.432875
vt 0.948632 0.439285
vt 0.936263 0.439237
vt 0.941879 0.432668
vt 0.929887 0.439255
vt 0.935923 0.432875
vt 0.946439 0.427121
vt 0.935604 0.428289
vt 0.930616 0.432873
vt 0.643886 0.466618
vt 0.637457 0.472822
vt 0.637469 0.466882
vt 0.649662 0.465855
vt 0.644081 0.472674
vt 0.458809 0.482836
vt 0.457769 0.476458
vt 0.925328 0.432678
vt 0.924230 0.439299
vt 0.931738 0.428300
vt 0.930731 0.423605
vt 0.927530 0.427402
vt 0.435868 0.493269
vt 0.457769 0.019356
vt 0.883857 0.011687
vt 0.889508 0.017338
vt 0.883857 0.017338
vt 0.883857 0.006593
vt 0.889658 0.011505
vt 0.883857 0.002545
vt 0.889469 0.006841
vt 0.894603 0.017338
vt 0.893532 0.007664
vt 0.894364 0.011712
vt 0.889484 0.003473
vt 0.510905 0.981904
vt 0.506195 0.987511
vt 0.506690 0.981850
vt 0.425586 0.711947
vt 0.419753 0.708638
vt 0.425556 0.707589
vt 0.425604 0.717242
vt 0.419970 0.712696
vt 0.510471 0.987718
vt 0.504761 0.992635
vt 0.415896 0.713993
vt 0.415038 0.710831
vt 0.419970 0.717104
vt 0.419939 0.728158
vt 0.425608 0.722943
vt 0.425597 0.728503
vt 0.414825 0.727158
vt 0.419767 0.722396
vt 0.410746 0.725598
vt 0.415084 0.721627
vt 0.415906 0.717204
vt 0.411690 0.720314
vt 0.413433 0.716258
vt 0.506196 0.904743
vt 0.510905 0.910437
vt 0.506690 0.910383
vt 0.504761 0.899679
vt 0.510444 0.904617
vt 0.817059 0.219457
vt 0.811447 0.216324
vt 0.817059 0.215409
vt 0.502859 0.708625
vt 0.497058 0.711947
vt 0.497028 0.707589
vt 0.506716 0.713993
vt 0.502680 0.712711
vt 0.811433 0.219695
vt 0.807385 0.218073
vt 0.811408 0.230202
vt 0.817059 0.224551
vt 0.817059 0.230202
vt 0.806314 0.230202
vt 0.811225 0.224401
vt 0.802266 0.230202
vt 0.806561 0.224590
vt 0.807385 0.220528
vt 0.507559 0.721608
vt 0.509163 0.716258
vt 0.510905 0.720324
vt 0.497080 0.722943
vt 0.502713 0.728158
vt 0.497069 0.728503
vt 0.497076 0.717242
vt 0.502873 0.722366
vt 0.502680 0.717118
vt 0.507787 0.727158
vt 0.506727 0.717204
vt 0.889508 0.188544
vt 0.883857 0.194195
vt 0.883857 0.188544
vt 0.894603 0.188544
vt 0.889691 0.194345
vt 0.898651 0.188544
vt 0.894355 0.194156
vt 0.883857 0.199290
vt 0.893532 0.198219
vt 0.889484 0.199051
vt 0.897723 0.194171
vt 0.425030 0.891361
vt 0.419397 0.886146
vt 0.425054 0.886491
vt 0.631592 0.979049
vt 0.628838 0.984869
vt 0.627767 0.979068
vt 0.636550 0.979036
vt 0.632412 0.984663
vt 0.419220 0.891121
vt 0.414283 0.885146
vt 0.633888 0.988731
vt 0.631164 0.989579
vt 0.636540 0.984667
vt 0.647601 0.984689
vt 0.642142 0.979031
vt 0.647832 0.979034
vt 0.646929 0.989794
vt 0.641723 0.984869
vt 0.645882 0.993859
vt 0.641271 0.989544
vt 0.636895 0.988723
vt 0.640385 0.992926
vt 0.636259 0.991189
vt 0.817059 0.407059
vt 0.811408 0.401408
vt 0.817059 0.401408
vt 0.817059 0.412154
vt 0.811258 0.407242
vt 0.646929 0.896830
vt 0.640397 0.893709
vt 0.645882 0.892799
vt 0.806314 0.401408
vt 0.807385 0.411083
vt 0.806552 0.407035
vt 0.641254 0.897066
vt 0.636259 0.895457
vt 0.642142 0.907558
vt 0.647601 0.901913
vt 0.647832 0.907560
vt 0.636550 0.907563
vt 0.641691 0.901761
vt 0.631592 0.907575
vt 0.636552 0.901955
vt 0.636895 0.897901
vt 0.632427 0.901951
vt 0.502170 0.886146
vt 0.496501 0.891361
vt 0.496526 0.886491
vt 0.507245 0.885146
vt 0.502326 0.891091
vt 0.803181 0.407020
vt 0.802266 0.401408
vt 0.628830 0.901761
vt 0.627767 0.907594
vt 0.633888 0.897909
vt 0.804930 0.411083
vt 0.864909 0.017338
vt 0.870560 0.011687
vt 0.870560 0.017338
vt 0.859814 0.017338
vt 0.864726 0.011537
vt 0.855766 0.017338
vt 0.860062 0.011727
vt 0.870560 0.006593
vt 0.860885 0.007664
vt 0.864933 0.006831
vt 0.477057 0.992295
vt 0.482787 0.993902
vt 0.479856 0.995692
vt 0.910791 0.383781
vt 0.905184 0.379071
vt 0.910845 0.379566
vt 0.479113 0.981722
vt 0.475119 0.987568
vt 0.474134 0.981761
vt 0.484724 0.981706
vt 0.479738 0.987343
vt 0.904977 0.383347
vt 0.900060 0.377637
vt 0.480741 0.991429
vt 0.484409 0.987345
vt 0.495113 0.987409
vt 0.490404 0.981716
vt 0.495608 0.981748
vt 0.493679 0.992533
vt 0.489693 0.987560
vt 0.864948 0.003460
vt 0.870560 0.002545
vt 0.484144 0.991419
vt 0.486621 0.995659
vt 0.488496 0.992253
vt 0.830357 0.224551
vt 0.836008 0.230202
vt 0.830357 0.230202
vt 0.830357 0.219457
vt 0.836158 0.224369
vt 0.830357 0.215409
vt 0.835968 0.219705
vt 0.841102 0.230202
vt 0.840031 0.220528
vt 0.840864 0.224576
vt 0.488477 0.899783
vt 0.482787 0.898178
vt 0.486628 0.896451
vt 0.490404 0.910248
vt 0.495113 0.904641
vt 0.495608 0.910281
vt 0.484724 0.910239
vt 0.489666 0.904459
vt 0.479113 0.910255
vt 0.484424 0.904640
vt 0.493679 0.899577
vt 0.484144 0.900605
vt 0.479754 0.904639
vt 0.987952 0.379071
vt 0.982258 0.383781
vt 0.982312 0.379566
vt 0.993016 0.377637
vt 0.988078 0.383320
vt 0.844235 0.224590
vt 0.845150 0.230202
vt 0.475101 0.904467
vt 0.474134 0.910294
vt 0.480741 0.900614
vt 0.479856 0.896483
vt 0.477038 0.899825
vt 0.870560 0.194195
vt 0.864909 0.188544
vt 0.870560 0.188544
vt 0.870560 0.199290
vt 0.864759 0.194378
vt 0.870560 0.203338
vt 0.864948 0.199042
vt 0.859814 0.188544
vt 0.860885 0.198219
vt 0.860053 0.194171
vt 0.901611 0.218332
vt 0.900004 0.224062
vt 0.898214 0.221130
vt 0.665904 0.979059
vt 0.660445 0.984704
vt 0.660677 0.979049
vt 0.912184 0.220387
vt 0.906338 0.216393
vt 0.912145 0.215409
vt 0.912200 0.225998
vt 0.906563 0.221013
vt 0.665806 0.984865
vt 0.659774 0.989809
vt 0.902477 0.222016
vt 0.906561 0.225684
vt 0.906497 0.236388
vt 0.912190 0.231678
vt 0.912158 0.236883
vt 0.901373 0.234953
vt 0.906346 0.230967
vt 0.856681 0.194156
vt 0.855766 0.188544
vt 0.902487 0.225418
vt 0.898246 0.227895
vt 0.901653 0.229771
vt 0.836008 0.401408
vt 0.830357 0.407059
vt 0.830357 0.401408
vt 0.841102 0.401408
vt 0.836190 0.407209
vt 0.845150 0.401408
vt 0.840854 0.407020
vt 0.830357 0.412154
vt 0.840031 0.411083
vt 0.835983 0.411915
vt 0.994123 0.229752
vt 0.995728 0.224062
vt 0.997455 0.227902
vt 0.983658 0.231678
vt 0.989265 0.236388
vt 0.983625 0.236883
vt 0.983667 0.225998
vt 0.989447 0.230940
vt 0.983651 0.220387
vt 0.989266 0.225699
vt 0.994329 0.234953
vt 0.993301 0.225418
vt 0.989267 0.221029
vt 0.660445 0.901928
vt 0.665904 0.907586
vt 0.660677 0.907575
vt 0.659774 0.896845
vt 0.665774 0.901757
vt 0.835968 0.415287
vt 0.830357 0.416202
vt 0.989439 0.216375
vt 0.983612 0.215409
vt 0.993292 0.222016
vt 0.997423 0.221130
vt 0.994081 0.218313
vt 0.817059 0.416202
vt 0.654666 0.713648
vt 0.645446 0.887709
vt 0.645446 0.714542
vt 0.662934 0.711223
vt 0.654666 0.886815
vt 0.669558 0.706133
vt 0.676177 0.498359
vt 0.676177 0.706133
vt 0.661218 0.706133
vt 0.669558 0.498359
vt 0.651972 0.706133
vt 0.661218 0.498359
vt 0.642726 0.706133
vt 0.651972 0.498359
vt 0.634386 0.706133
vt 0.642726 0.498359
vt 0.627767 0.706133
vt 0.634386 0.498359
vt 0.225139 0.900159
vt 0.233442 0.706759
vt 0.233442 0.898494
vt 0.215907 0.900755
vt 0.225139 0.708425
vt 0.206649 0.900223
vt 0.215907 0.709021
vt 0.198271 0.898614
vt 0.206649 0.708488
vt 0.844057 0.210319
vt 0.850676 0.002545
vt 0.850676 0.210319
vt 0.835717 0.210319
vt 0.844057 0.002545
vt 0.826471 0.210319
vt 0.835717 0.002545
vt 0.817225 0.210319
vt 0.826471 0.002545
vt 0.808885 0.210319
vt 0.817225 0.002545
vt 0.802266 0.210319
vt 0.808885 0.002545
vt 0.636177 0.713818
vt 0.627767 0.884714
vt 0.627767 0.711547
vt 0.636177 0.886985
vt 0.525314 0.943481
vt 0.564210 0.902893
vt 0.579644 0.934064
vt 0.280899 0.913559
vt 0.259312 0.965165
vt 0.238532 0.941354
vt 0.878331 0.224551
vt 0.883982 0.230202
vt 0.878331 0.230202
vt 0.878331 0.219457
vt 0.884132 0.224369
vt 0.878331 0.215409
vt 0.883943 0.219705
vt 0.889076 0.230202
vt 0.888005 0.220528
vt 0.888838 0.224576
vt 0.883957 0.216337
vt 0.447517 0.981904
vt 0.442808 0.987511
vt 0.443302 0.981850
vt 0.537358 0.715581
vt 0.531525 0.712272
vt 0.537327 0.711223
vt 0.537376 0.720876
vt 0.531741 0.716330
vt 0.447084 0.987718
vt 0.441373 0.992635
vt 0.527667 0.717627
vt 0.526809 0.714465
vt 0.531742 0.720739
vt 0.531710 0.731792
vt 0.537379 0.726577
vt 0.537368 0.732137
vt 0.526597 0.730792
vt 0.531538 0.726030
vt 0.522518 0.729232
vt 0.526855 0.725261
vt 0.527678 0.720838
vt 0.523462 0.723948
vt 0.525205 0.719892
vt 0.442808 0.904743
vt 0.447517 0.910437
vt 0.443302 0.910383
vt 0.441373 0.899679
vt 0.447056 0.904617
vt 0.696061 0.502407
vt 0.690449 0.499274
vt 0.696061 0.498359
vt 0.614630 0.712259
vt 0.608830 0.715581
vt 0.608799 0.711223
vt 0.618487 0.717627
vt 0.614451 0.716345
vt 0.690434 0.502646
vt 0.686386 0.501023
vt 0.690410 0.513153
vt 0.696061 0.507501
vt 0.696061 0.513153
vt 0.685315 0.513153
vt 0.690227 0.507352
vt 0.681267 0.513153
vt 0.685563 0.507541
vt 0.686386 0.503478
vt 0.619331 0.725242
vt 0.620934 0.719892
vt 0.622677 0.723958
vt 0.608851 0.726577
vt 0.614484 0.731792
vt 0.608840 0.732137
vt 0.608847 0.720876
vt 0.614644 0.726000
vt 0.614452 0.720752
vt 0.619558 0.730792
vt 0.618498 0.720838
vt 0.883982 0.401408
vt 0.878331 0.407059
vt 0.878331 0.401408
vt 0.889076 0.401408
vt 0.884165 0.407209
vt 0.893124 0.401408
vt 0.888829 0.407020
vt 0.878331 0.412154
vt 0.888005 0.411083
vt 0.883957 0.411915
vt 0.892196 0.407035
vt 0.536801 0.894995
vt 0.531168 0.889780
vt 0.536826 0.890125
vt 0.831415 0.925051
vt 0.828661 0.930871
vt 0.827590 0.925070
vt 0.836373 0.925039
vt 0.832235 0.930665
vt 0.530992 0.894755
vt 0.526054 0.888780
vt 0.833712 0.934733
vt 0.830987 0.935581
vt 0.836363 0.930669
vt 0.847424 0.930691
vt 0.841965 0.925034
vt 0.847656 0.925036
vt 0.846752 0.935796
vt 0.841546 0.930871
vt 0.845705 0.939862
vt 0.841095 0.935546
vt 0.836718 0.934726
vt 0.840208 0.938928
vt 0.836083 0.937191
vt 0.696061 0.690010
vt 0.690410 0.684358
vt 0.696061 0.684358
vt 0.696061 0.695104
vt 0.690260 0.690192
vt 0.846752 0.842832
vt 0.840220 0.839711
vt 0.845705 0.838802
vt 0.685315 0.684358
vt 0.686386 0.694033
vt 0.685554 0.689985
vt 0.841078 0.843068
vt 0.836083 0.841459
vt 0.841965 0.853560
vt 0.847424 0.847915
vt 0.847656 0.853563
vt 0.836373 0.853565
vt 0.841515 0.847763
vt 0.831415 0.853578
vt 0.836375 0.847958
vt 0.836718 0.843903
vt 0.832250 0.847954
vt 0.613942 0.889780
vt 0.608273 0.894995
vt 0.608298 0.890125
vt 0.619016 0.888780
vt 0.614098 0.894725
vt 0.682182 0.689970
vt 0.681267 0.684358
vt 0.828653 0.847764
vt 0.827590 0.853597
vt 0.833712 0.843911
vt 0.683932 0.694033
vt 0.859382 0.230202
vt 0.865033 0.224551
vt 0.865033 0.230202
vt 0.854288 0.230202
vt 0.859200 0.224401
vt 0.850240 0.230202
vt 0.854536 0.224590
vt 0.865033 0.219457
vt 0.855359 0.220528
vt 0.859407 0.219695
vt 0.413669 0.992294
vt 0.419399 0.993902
vt 0.416468 0.995692
vt 0.896549 0.955252
vt 0.890942 0.950543
vt 0.896603 0.951037
vt 0.415725 0.981722
vt 0.411731 0.987568
vt 0.410746 0.981761
vt 0.421336 0.981706
vt 0.416351 0.987343
vt 0.890735 0.954819
vt 0.885818 0.949108
vt 0.417353 0.991428
vt 0.421022 0.987345
vt 0.431725 0.987409
vt 0.427016 0.981715
vt 0.432220 0.981748
vt 0.430291 0.992533
vt 0.426305 0.987560
vt 0.859421 0.216324
vt 0.865033 0.215409
vt 0.420756 0.991419
vt 0.423233 0.995659
vt 0.425108 0.992253
vt 0.709358 0.507501
vt 0.715010 0.513153
vt 0.709358 0.513153
vt 0.709358 0.502407
vt 0.715159 0.507319
vt 0.709358 0.498359
vt 0.714970 0.502655
vt 0.720104 0.513153
vt 0.719033 0.503478
vt 0.719865 0.507526
vt 0.425089 0.899783
vt 0.419399 0.898178
vt 0.423240 0.896451
vt 0.427016 0.910248
vt 0.431725 0.904641
vt 0.432220 0.910281
vt 0.421336 0.910239
vt 0.426278 0.904459
vt 0.415725 0.910255
vt 0.421037 0.904640
vt 0.430291 0.899577
vt 0.420756 0.900604
vt 0.416367 0.904639
vt 0.973710 0.950543
vt 0.968016 0.955252
vt 0.968070 0.951037
vt 0.978774 0.949108
vt 0.973836 0.954791
vt 0.723237 0.507541
vt 0.724152 0.513153
vt 0.411713 0.904467
vt 0.410746 0.910294
vt 0.417353 0.900614
vt 0.416468 0.896483
vt 0.413650 0.899825
vt 0.865033 0.407059
vt 0.859382 0.401408
vt 0.865033 0.401408
vt 0.865033 0.412154
vt 0.859232 0.407242
vt 0.865033 0.416202
vt 0.859421 0.411906
vt 0.854288 0.401408
vt 0.855359 0.411083
vt 0.854526 0.407035
vt 0.887369 0.789803
vt 0.885762 0.795533
vt 0.883972 0.792602
vt 0.865727 0.925062
vt 0.860269 0.930706
vt 0.860500 0.925051
vt 0.897942 0.791859
vt 0.892096 0.787865
vt 0.897903 0.786880
vt 0.897957 0.797470
vt 0.892320 0.792484
vt 0.865629 0.930867
vt 0.859597 0.935811
vt 0.888235 0.793487
vt 0.892319 0.797155
vt 0.892254 0.807859
vt 0.897948 0.803149
vt 0.897915 0.808354
vt 0.887131 0.806425
vt 0.892104 0.802439
vt 0.851155 0.407020
vt 0.850240 0.401408
vt 0.888245 0.796890
vt 0.884004 0.799367
vt 0.887411 0.801242
vt 0.715010 0.684358
vt 0.709358 0.690010
vt 0.709358 0.684358
vt 0.720104 0.684358
vt 0.715192 0.690159
vt 0.724152 0.684358
vt 0.719856 0.689970
vt 0.709358 0.695104
vt 0.719033 0.694033
vt 0.714985 0.694865
vt 0.979881 0.801223
vt 0.981485 0.795533
vt 0.983213 0.799374
vt 0.969416 0.803149
vt 0.975023 0.807859
vt 0.969383 0.808354
vt 0.969425 0.797470
vt 0.975205 0.802411
vt 0.969409 0.791859
vt 0.975024 0.797170
vt 0.980087 0.806425
vt 0.979059 0.796890
vt 0.975025 0.792500
vt 0.860269 0.847930
vt 0.865727 0.853588
vt 0.860500 0.853578
vt 0.859597 0.842847
vt 0.865598 0.847759
vt 0.714970 0.698237
vt 0.709358 0.699152
vt 0.975197 0.787847
vt 0.969370 0.786880
vt 0.979050 0.793487
vt 0.983181 0.792602
vt 0.979839 0.789784
vt 0.696061 0.699152
vt 0.910871 0.425994
vt 0.901651 0.600055
vt 0.901651 0.426888
vt 0.919140 0.423569
vt 0.910871 0.599161
vt 0.616058 0.706133
vt 0.622677 0.498359
vt 0.622677 0.706133
vt 0.607717 0.706133
vt 0.616058 0.498359
vt 0.598471 0.706133
vt 0.607717 0.498359
vt 0.589226 0.706133
vt 0.598471 0.498359
vt 0.580885 0.706133
vt 0.589226 0.498359
vt 0.574266 0.706133
vt 0.580885 0.498359
vt 0.265400 0.900159
vt 0.273703 0.706759
vt 0.273703 0.898494
vt 0.256168 0.900755
vt 0.265400 0.708425
vt 0.246910 0.900223
vt 0.256168 0.709021
vt 0.238532 0.898614
vt 0.246910 0.708488
vt 0.371376 0.705303
vt 0.377995 0.497529
vt 0.377995 0.705303
vt 0.363035 0.705303
vt 0.371376 0.497529
vt 0.353790 0.705303
vt 0.363035 0.497529
vt 0.344544 0.705303
vt 0.353790 0.497529
vt 0.336203 0.705303
vt 0.344544 0.497529
vt 0.329584 0.705303
vt 0.336203 0.497529
vt 0.892382 0.426164
vt 0.883972 0.597059
vt 0.883972 0.423892
vt 0.892382 0.599331
vt 0.314758 0.944314
vt 0.353654 0.903726
vt 0.369088 0.934897
vt 0.208432 0.917240
vt 0.186845 0.968846
vt 0.166065 0.945035
vt 0.415061 0.507762
vt 0.420149 0.502673
vt 0.420149 0.507762
vt 0.410746 0.507762
vt 0.414933 0.502546
vt 0.420149 0.498359
vt 0.412472 0.500085
vt 0.415198 0.499035
vt 0.893416 0.781790
vt 0.888332 0.777591
vt 0.893437 0.778108
vt 0.967781 0.609495
vt 0.962528 0.606368
vt 0.967742 0.605173
vt 0.888181 0.781265
vt 0.883972 0.776034
vt 0.960088 0.610449
vt 0.959015 0.608434
vt 0.962718 0.619300
vt 0.967807 0.614587
vt 0.967816 0.619673
vt 0.958378 0.618204
vt 0.962580 0.614016
vt 0.962823 0.609876
vt 0.906818 0.777438
vt 0.901726 0.781722
vt 0.901746 0.778040
vt 0.911085 0.775810
vt 0.906922 0.781110
vt 0.981270 0.606303
vt 0.976092 0.609467
vt 0.976053 0.605145
vt 0.983753 0.610368
vt 0.981037 0.609813
vt 0.011948 0.906585
vt 0.006859 0.901496
vt 0.011948 0.901496
vt 0.011948 0.910899
vt 0.006731 0.906713
vt 0.002545 0.901496
vt 0.004270 0.909174
vt 0.003221 0.906448
vt 0.976117 0.614558
vt 0.981206 0.619237
vt 0.976126 0.619644
vt 0.981322 0.613952
vt 0.985494 0.618111
vt 0.984812 0.613284
vt 0.559773 0.502673
vt 0.564862 0.507762
vt 0.559773 0.507762
vt 0.559773 0.498359
vt 0.564990 0.502546
vt 0.569176 0.507762
vt 0.567451 0.500085
vt 0.568500 0.502810
vt 0.967807 0.752824
vt 0.962718 0.748146
vt 0.967816 0.748518
vt 0.175467 0.710670
vt 0.170232 0.707988
vt 0.175448 0.706769
vt 0.962580 0.752489
vt 0.958378 0.747050
vt 0.167782 0.711899
vt 0.166720 0.710181
vt 0.170392 0.720504
vt 0.175480 0.715583
vt 0.175485 0.720760
vt 0.166065 0.719763
vt 0.170259 0.715149
vt 0.170513 0.711154
vt 0.156661 0.901496
vt 0.151572 0.906585
vt 0.151572 0.901496
vt 0.160975 0.901496
vt 0.156788 0.906713
vt 0.151572 0.910899
vt 0.159249 0.909174
vt 0.156523 0.910223
vt 0.183791 0.715573
vt 0.188880 0.720482
vt 0.183796 0.720750
vt 0.183778 0.710660
vt 0.189002 0.715127
vt 0.193181 0.719731
vt 0.191448 0.711871
vt 0.192502 0.714774
vt 0.981206 0.748082
vt 0.976117 0.752796
vt 0.976126 0.748490
vt 0.985494 0.746957
vt 0.981322 0.752425
vt 0.188975 0.707966
vt 0.183758 0.706759
vt 0.188727 0.711132
vt 0.420149 0.698185
vt 0.415060 0.693096
vt 0.420149 0.693096
vt 0.420149 0.702499
vt 0.414933 0.698313
vt 0.410746 0.693096
vt 0.412472 0.700774
vt 0.411423 0.698048
vt 0.893458 0.608869
vt 0.888288 0.606099
vt 0.893377 0.605213
vt 0.893525 0.613655
vt 0.888244 0.610000
vt 0.883972 0.608537
vt 0.885820 0.614203
vt 0.884728 0.611831
vt 0.888476 0.623126
vt 0.893569 0.618843
vt 0.893581 0.623644
vt 0.884117 0.621569
vt 0.888333 0.618105
vt 0.888563 0.613886
vt 0.006859 0.716162
vt 0.011948 0.711073
vt 0.011948 0.716162
vt 0.002545 0.716162
vt 0.006731 0.710946
vt 0.011948 0.706759
vt 0.004270 0.708485
vt 0.006996 0.707435
vt 0.901878 0.618774
vt 0.906963 0.622974
vt 0.901891 0.623575
vt 0.901835 0.613586
vt 0.907074 0.617950
vt 0.911230 0.621345
vt 0.909482 0.614007
vt 0.910546 0.616850
vt 0.906774 0.605946
vt 0.901768 0.608800
vt 0.901687 0.605145
vt 0.911085 0.608313
vt 0.906985 0.609846
vt 0.906775 0.613735
vt 0.564862 0.693096
vt 0.559773 0.698185
vt 0.559773 0.693096
vt 0.569176 0.693096
vt 0.564990 0.698313
vt 0.559773 0.702499
vt 0.567451 0.700774
vt 0.564725 0.701823
vt 0.175480 0.904436
vt 0.170392 0.899527
vt 0.175485 0.899782
vt 0.804789 0.843664
vt 0.799504 0.840015
vt 0.804717 0.838878
vt 0.170259 0.904249
vt 0.166065 0.898786
vt 0.797084 0.844219
vt 0.795989 0.841848
vt 0.799749 0.853140
vt 0.804837 0.848852
vt 0.804854 0.853653
vt 0.795387 0.851587
vt 0.799601 0.848119
vt 0.799827 0.843900
vt 0.151572 0.711073
vt 0.156661 0.716162
vt 0.151572 0.716162
vt 0.151572 0.706759
vt 0.156788 0.710946
vt 0.160975 0.716162
vt 0.159249 0.708485
vt 0.160298 0.711210
vt 0.813147 0.848776
vt 0.818235 0.852970
vt 0.813164 0.853576
vt 0.813099 0.843588
vt 0.818342 0.847947
vt 0.822500 0.851338
vt 0.820746 0.844002
vt 0.821813 0.846843
vt 0.188880 0.899505
vt 0.183791 0.904426
vt 0.183796 0.899773
vt 0.193181 0.898754
vt 0.189002 0.904227
vt 0.818245 0.839842
vt 0.813027 0.838802
vt 0.818038 0.843732
vt 0.799749 0.969508
vt 0.795387 0.967955
vt 0.804854 0.970021
vt 0.822500 0.967706
vt 0.818235 0.969338
vt 0.804837 0.973703
vt 0.813164 0.969944
vt 0.813147 0.973626
vt 0.006859 0.506932
vt 0.011948 0.501843
vt 0.011948 0.506932
vt 0.002545 0.506932
vt 0.006731 0.501716
vt 0.011948 0.497529
vt 0.004270 0.499255
vt 0.006996 0.498206
vt 0.288237 0.883405
vt 0.283153 0.879206
vt 0.288257 0.879723
vt 0.740382 0.843152
vt 0.735128 0.840024
vt 0.740343 0.838830
vt 0.283001 0.882879
vt 0.278793 0.877649
vt 0.732689 0.844106
vt 0.731616 0.842091
vt 0.735319 0.852957
vt 0.740407 0.848244
vt 0.740416 0.853329
vt 0.730979 0.851861
vt 0.735180 0.847673
vt 0.735424 0.843533
vt 0.301639 0.879053
vt 0.296547 0.883336
vt 0.296567 0.879654
vt 0.305906 0.877424
vt 0.301742 0.882724
vt 0.753871 0.839960
vt 0.748692 0.843123
vt 0.748654 0.838802
vt 0.756354 0.844025
vt 0.753638 0.843470
vt 0.175467 0.697355
vt 0.170379 0.692266
vt 0.175467 0.692266
vt 0.175467 0.701669
vt 0.170251 0.697483
vt 0.166065 0.692266
vt 0.167790 0.699944
vt 0.166741 0.697218
vt 0.748718 0.848215
vt 0.753807 0.852893
vt 0.748727 0.853301
vt 0.753923 0.847609
vt 0.758095 0.851768
vt 0.757413 0.846941
vt 0.151572 0.501843
vt 0.156661 0.506932
vt 0.151572 0.506932
vt 0.151572 0.497529
vt 0.156788 0.501716
vt 0.160975 0.506932
vt 0.159249 0.499255
vt 0.160298 0.501980
vt 0.740407 0.986481
vt 0.735319 0.981803
vt 0.740416 0.982175
vt 0.690670 0.708152
vt 0.685435 0.705471
vt 0.690650 0.704252
vt 0.735180 0.986146
vt 0.730979 0.980707
vt 0.682985 0.709382
vt 0.681923 0.707664
vt 0.685595 0.717987
vt 0.690683 0.713065
vt 0.690688 0.718243
vt 0.681267 0.717246
vt 0.685461 0.712632
vt 0.685715 0.708636
vt 0.320180 0.692266
vt 0.315091 0.697355
vt 0.315091 0.692266
vt 0.324494 0.692266
vt 0.320308 0.697483
vt 0.315091 0.701669
vt 0.322769 0.699944
vt 0.320043 0.700993
vt 0.698994 0.713055
vt 0.704083 0.717965
vt 0.698999 0.718233
vt 0.698981 0.708142
vt 0.704205 0.712610
vt 0.708384 0.717214
vt 0.706650 0.709354
vt 0.707704 0.712257
vt 0.753807 0.981739
vt 0.748718 0.986452
vt 0.748727 0.982146
vt 0.758095 0.980614
vt 0.753923 0.986082
vt 0.704178 0.705449
vt 0.698961 0.704242
vt 0.703929 0.708615
vt 0.011948 0.697355
vt 0.006859 0.692266
vt 0.011948 0.692266
vt 0.011948 0.701669
vt 0.006731 0.697483
vt 0.002545 0.692266
vt 0.004270 0.699944
vt 0.003221 0.697218
vt 0.288278 0.710483
vt 0.283108 0.707713
vt 0.288197 0.706828
vt 0.288346 0.715269
vt 0.283064 0.711615
vt 0.278793 0.710152
vt 0.280640 0.715817
vt 0.279548 0.713446
vt 0.283297 0.724741
vt 0.288389 0.720458
vt 0.288401 0.725258
vt 0.278937 0.723184
vt 0.283154 0.719719
vt 0.283383 0.715500
vt 0.170379 0.506932
vt 0.175467 0.501843
vt 0.175467 0.506932
vt 0.166065 0.506932
vt 0.170251 0.501716
vt 0.175467 0.497529
vt 0.167790 0.499255
vt 0.170516 0.498206
vt 0.296699 0.720389
vt 0.301783 0.724588
vt 0.296711 0.725189
vt 0.296656 0.715201
vt 0.301895 0.719564
vt 0.306050 0.722960
vt 0.304303 0.715622
vt 0.305367 0.718465
vt 0.301594 0.707561
vt 0.296588 0.710415
vt 0.296507 0.706759
vt 0.305906 0.709927
vt 0.301805 0.711460
vt 0.301595 0.715350
vt 0.156661 0.692266
vt 0.151572 0.697355
vt 0.151572 0.692266
vt 0.160975 0.692266
vt 0.156788 0.697483
vt 0.151572 0.701669
vt 0.159249 0.699944
vt 0.156523 0.700993
vt 0.690683 0.901919
vt 0.685595 0.897009
vt 0.690688 0.897265
vt 0.772586 0.843664
vt 0.767301 0.840015
vt 0.772514 0.838878
vt 0.685461 0.901732
vt 0.681267 0.896268
vt 0.764881 0.844219
vt 0.763787 0.841848
vt 0.767546 0.853140
vt 0.772634 0.848852
vt 0.772651 0.853653
vt 0.763185 0.851587
vt 0.767398 0.848119
vt 0.767624 0.843900
vt 0.315091 0.501843
vt 0.320180 0.506932
vt 0.315091 0.506932
vt 0.315091 0.497529
vt 0.320308 0.501716
vt 0.324494 0.506932
vt 0.322769 0.499255
vt 0.323818 0.501980
vt 0.780944 0.848776
vt 0.786032 0.852970
vt 0.780961 0.853576
vt 0.780896 0.843588
vt 0.786139 0.847947
vt 0.790298 0.851338
vt 0.788544 0.844002
vt 0.789610 0.846843
vt 0.704083 0.896987
vt 0.698994 0.901909
vt 0.698999 0.897255
vt 0.708384 0.896236
vt 0.704205 0.901710
vt 0.786042 0.839842
vt 0.780824 0.838802
vt 0.785836 0.843732
vt 0.767546 0.969508
vt 0.763185 0.967955
vt 0.772651 0.970021
vt 0.790298 0.967706
vt 0.786032 0.969338
vt 0.772634 0.973703
vt 0.780961 0.969944
vt 0.780944 0.973626
vt 0.663190 0.485541
vt 0.659855 0.487143
vt 0.659855 0.484607
vt 0.661129 0.489067
vt 0.663190 0.489644
vt 0.665251 0.488654
vt 0.666525 0.486475
vt 0.666525 0.483939
vt 0.665251 0.482015
vt 0.663190 0.481437
vt 0.661129 0.482428
vt 0.035049 0.920893
vt 0.033409 0.918422
vt 0.035487 0.918441
vt 0.688851 0.911655
vt 0.691344 0.913732
vt 0.688851 0.913732
vt 0.688851 0.909086
vt 0.691344 0.911655
vt 0.688851 0.907009
vt 0.691344 0.909086
vt 0.109971 0.918425
vt 0.111966 0.920882
vt 0.109665 0.920874
vt 0.111966 0.915997
vt 0.112272 0.918433
vt 0.722064 0.489560
vt 0.724557 0.487482
vt 0.724557 0.489560
vt 0.722064 0.484914
vt 0.722064 0.487482
vt 0.722064 0.482836
vt 0.724557 0.484914
vt 0.032971 0.915989
vt 0.035049 0.916008
vt 0.614775 0.485769
vt 0.614775 0.483210
vt 0.618402 0.484639
vt 0.616238 0.481171
vt 0.618606 0.480430
vt 0.620973 0.481272
vt 0.622437 0.483373
vt 0.622437 0.485932
vt 0.620973 0.487971
vt 0.618606 0.488712
vt 0.616238 0.487870
vt 0.719964 0.861658
vt 0.717185 0.864100
vt 0.716501 0.861658
vt 0.718930 0.865609
vt 0.721071 0.865609
vt 0.722789 0.864100
vt 0.723428 0.861658
vt 0.722744 0.859215
vt 0.720998 0.857706
vt 0.718858 0.857706
vt 0.717140 0.859215
vt 0.042655 0.920893
vt 0.041016 0.918422
vt 0.043094 0.918441
vt 0.696434 0.911654
vt 0.698927 0.913732
vt 0.696434 0.913732
vt 0.696434 0.909086
vt 0.698927 0.911654
vt 0.696434 0.907009
vt 0.698927 0.909086
vt 0.056096 0.918425
vt 0.058091 0.920882
vt 0.055790 0.920874
vt 0.058091 0.915997
vt 0.058397 0.918433
vt 0.870817 0.870505
vt 0.873311 0.868427
vt 0.873311 0.870505
vt 0.870817 0.865859
vt 0.870817 0.868427
vt 0.870817 0.863781
vt 0.873311 0.865859
vt 0.042655 0.916008
vt 0.040577 0.915989
vt 0.689688 0.488712
vt 0.687277 0.489569
vt 0.687409 0.485673
vt 0.684865 0.488873
vt 0.683375 0.486889
vt 0.683375 0.484377
vt 0.684865 0.482294
vt 0.687276 0.481437
vt 0.689688 0.482133
vt 0.691178 0.484117
vt 0.691178 0.486629
vt 0.671488 0.872968
vt 0.668708 0.875410
vt 0.668024 0.872968
vt 0.670454 0.876919
vt 0.672594 0.876919
vt 0.674312 0.875410
vt 0.674951 0.872968
vt 0.674267 0.870525
vt 0.672521 0.869016
vt 0.670381 0.869016
vt 0.668663 0.870525
vt 0.907899 0.393775
vt 0.906259 0.391304
vt 0.908337 0.391323
vt 0.870817 0.880241
vt 0.873311 0.882318
vt 0.870817 0.882318
vt 0.870817 0.877672
vt 0.873311 0.880241
vt 0.870817 0.875595
vt 0.873311 0.877672
vt 0.102275 0.918425
vt 0.104270 0.920882
vt 0.101969 0.920874
vt 0.104270 0.915997
vt 0.104575 0.918433
vt 0.672458 0.888733
vt 0.674951 0.886655
vt 0.674951 0.888733
vt 0.672458 0.884087
vt 0.672458 0.886655
vt 0.672458 0.882009
vt 0.674951 0.884087
vt 0.905821 0.388871
vt 0.907899 0.388890
vt 0.602022 0.485764
vt 0.602022 0.483204
vt 0.605649 0.484633
vt 0.603486 0.481165
vt 0.605853 0.480425
vt 0.608221 0.481266
vt 0.609685 0.483368
vt 0.609685 0.485927
vt 0.608221 0.487966
vt 0.605853 0.488706
vt 0.603486 0.487865
vt 0.642622 0.484534
vt 0.639287 0.486136
vt 0.639287 0.483600
vt 0.640561 0.488060
vt 0.642622 0.488638
vt 0.644683 0.487647
vt 0.645957 0.485468
vt 0.645957 0.482932
vt 0.644683 0.481008
vt 0.642622 0.480430
vt 0.640560 0.481421
vt 0.915505 0.393775
vt 0.913866 0.391304
vt 0.915944 0.391323
vt 0.704017 0.911654
vt 0.706510 0.913732
vt 0.704017 0.913732
vt 0.704017 0.909086
vt 0.706510 0.911654
vt 0.704017 0.907009
vt 0.706510 0.909086
vt 0.150977 0.918425
vt 0.152972 0.920882
vt 0.150672 0.920874
vt 0.152972 0.915997
vt 0.153278 0.918433
vt 0.720934 0.889913
vt 0.723428 0.887835
vt 0.723428 0.889913
vt 0.720934 0.885267
vt 0.720934 0.887835
vt 0.720934 0.883189
vt 0.723428 0.885267
vt 0.913427 0.388871
vt 0.915505 0.388890
vt 0.584186 0.485774
vt 0.582723 0.487875
vt 0.580563 0.484629
vt 0.580357 0.488712
vt 0.577991 0.487966
vt 0.576529 0.485923
vt 0.576529 0.483362
vt 0.577991 0.481262
vt 0.580357 0.480425
vt 0.582723 0.481170
vt 0.584186 0.483214
vt 0.719729 0.874399
vt 0.719729 0.878099
vt 0.717443 0.877001
vt 0.722015 0.877784
vt 0.723427 0.876176
vt 0.723427 0.873889
vt 0.722015 0.871797
vt 0.719729 0.870699
vt 0.717443 0.871014
vt 0.716030 0.872622
vt 0.716030 0.874909
vt 0.050261 0.920893
vt 0.048622 0.918422
vt 0.050700 0.918441
vt 0.870817 0.892054
vt 0.873311 0.894132
vt 0.870817 0.894132
vt 0.870817 0.889486
vt 0.873311 0.892054
vt 0.870817 0.887408
vt 0.873311 0.889486
vt 0.143281 0.918425
vt 0.145276 0.920882
vt 0.142975 0.920874
vt 0.145276 0.915997
vt 0.145582 0.918433
vt 0.278793 0.895218
vt 0.281286 0.893141
vt 0.281286 0.895218
vt 0.278793 0.890572
vt 0.278793 0.893141
vt 0.278793 0.888495
vt 0.281286 0.890572
vt 0.048184 0.915989
vt 0.050261 0.916008
vt 0.702581 0.488712
vt 0.700170 0.489569
vt 0.700302 0.485673
vt 0.697758 0.488873
vt 0.696268 0.486889
vt 0.696268 0.484377
vt 0.697759 0.482294
vt 0.700170 0.481437
vt 0.702581 0.482134
vt 0.704072 0.484117
vt 0.704072 0.486629
vt 0.671487 0.833989
vt 0.668708 0.836431
vt 0.668024 0.833989
vt 0.670454 0.837940
vt 0.672594 0.837940
vt 0.674312 0.836431
vt 0.674951 0.833989
vt 0.674267 0.831546
vt 0.672521 0.830037
vt 0.670381 0.830037
vt 0.668663 0.831546
vt 0.305634 0.917026
vt 0.303995 0.914555
vt 0.306073 0.914574
vt 0.711600 0.911654
vt 0.714093 0.913732
vt 0.711600 0.913732
vt 0.711600 0.909086
vt 0.714093 0.911654
vt 0.711600 0.907009
vt 0.714093 0.909086
vt 0.063792 0.918425
vt 0.065787 0.920882
vt 0.063486 0.920874
vt 0.063486 0.915989
vt 0.066093 0.918433
vt 0.303557 0.893141
vt 0.306050 0.895218
vt 0.303557 0.895218
vt 0.303557 0.890572
vt 0.306050 0.893141
vt 0.303557 0.888495
vt 0.306050 0.890572
vt 0.303557 0.912122
vt 0.305635 0.912141
vt 0.596933 0.485774
vt 0.595470 0.487875
vt 0.593310 0.484629
vt 0.593104 0.488712
vt 0.590738 0.487967
vt 0.589276 0.485923
vt 0.589276 0.483362
vt 0.590738 0.481262
vt 0.593104 0.480425
vt 0.595470 0.481170
vt 0.596932 0.483214
vt 0.874516 0.842501
vt 0.874516 0.846201
vt 0.872230 0.845103
vt 0.876802 0.845886
vt 0.878215 0.844278
vt 0.878215 0.841992
vt 0.876802 0.839900
vt 0.874516 0.838801
vt 0.872230 0.839116
vt 0.870817 0.840724
vt 0.870817 0.843011
vt 0.019836 0.920893
vt 0.018196 0.918422
vt 0.020274 0.918441
vt 0.870817 0.915682
vt 0.873311 0.917759
vt 0.870817 0.917759
vt 0.870817 0.913113
vt 0.873311 0.915682
vt 0.870817 0.911036
vt 0.873311 0.913113
vt 0.117668 0.918425
vt 0.119663 0.920882
vt 0.117362 0.920874
vt 0.119663 0.915997
vt 0.119968 0.918433
vt 0.286376 0.895218
vt 0.288869 0.893141
vt 0.288869 0.895218
vt 0.286376 0.890572
vt 0.286376 0.893141
vt 0.286376 0.888495
vt 0.288869 0.890572
vt 0.017758 0.915989
vt 0.019836 0.916008
vt 0.715482 0.482292
vt 0.716974 0.484371
vt 0.713194 0.485324
vt 0.716974 0.486881
vt 0.715482 0.488863
vt 0.713068 0.489560
vt 0.710654 0.488705
vt 0.709162 0.486626
vt 0.709162 0.484116
vt 0.710654 0.482134
vt 0.713068 0.481437
vt 0.671488 0.846982
vt 0.668708 0.849424
vt 0.668024 0.846982
vt 0.670454 0.850933
vt 0.672594 0.850933
vt 0.674312 0.849424
vt 0.674951 0.846982
vt 0.674267 0.844539
vt 0.672521 0.843030
vt 0.670381 0.843030
vt 0.668663 0.844539
vt 0.004623 0.920893
vt 0.002984 0.918422
vt 0.005061 0.918441
vt 0.651047 0.485077
vt 0.653540 0.487154
vt 0.651047 0.487154
vt 0.651047 0.482508
vt 0.653540 0.485077
vt 0.651047 0.480431
vt 0.653540 0.482508
vt 0.071489 0.918425
vt 0.073484 0.920882
vt 0.071183 0.920874
vt 0.073484 0.915997
vt 0.073790 0.918433
vt 0.293959 0.895218
vt 0.296452 0.893141
vt 0.296452 0.895218
vt 0.293959 0.890572
vt 0.293959 0.893141
vt 0.293959 0.888495
vt 0.296452 0.890572
vt 0.002545 0.915989
vt 0.004623 0.916008
vt 0.674345 0.725290
vt 0.675837 0.727369
vt 0.672057 0.728322
vt 0.675837 0.729879
vt 0.674344 0.731861
vt 0.671930 0.732557
vt 0.669516 0.731703
vt 0.668024 0.729624
vt 0.668024 0.727114
vt 0.669516 0.725132
vt 0.671930 0.724435
vt 0.671488 0.859975
vt 0.668708 0.862417
vt 0.668024 0.859975
vt 0.670454 0.863926
vt 0.672594 0.863926
vt 0.674312 0.862417
vt 0.674951 0.859975
vt 0.674267 0.857532
vt 0.672521 0.856023
vt 0.670381 0.856023
vt 0.668663 0.857532
vt 0.900292 0.393775
vt 0.898653 0.391304
vt 0.900731 0.391323
vt 0.916319 0.763829
vt 0.918813 0.765907
vt 0.916319 0.765907
vt 0.916319 0.761261
vt 0.918813 0.763829
vt 0.916319 0.759183
vt 0.918813 0.761261
vt 0.079185 0.918425
vt 0.081180 0.920882
vt 0.078879 0.920874
vt 0.081180 0.915997
vt 0.081486 0.918433
vt 0.672458 0.900546
vt 0.674951 0.898469
vt 0.674951 0.900546
vt 0.672458 0.895900
vt 0.672458 0.898469
vt 0.672458 0.893823
vt 0.674951 0.895900
vt 0.898214 0.388871
vt 0.900292 0.388890
vt 0.671976 0.811829
vt 0.669534 0.811066
vt 0.671980 0.808031
vt 0.668024 0.809061
vt 0.668024 0.806580
vt 0.669534 0.804571
vt 0.671976 0.803802
vt 0.674419 0.804565
vt 0.675928 0.806570
vt 0.675928 0.809051
vt 0.674419 0.811060
vt 0.630862 0.484534
vt 0.627527 0.486136
vt 0.627527 0.483600
vt 0.628800 0.488060
vt 0.630862 0.488638
vt 0.632923 0.487647
vt 0.634197 0.485468
vt 0.634197 0.482932
vt 0.632923 0.481008
vt 0.630862 0.480431
vt 0.628800 0.481421
vt 0.027442 0.920893
vt 0.025803 0.918422
vt 0.027881 0.918441
vt 0.720934 0.899648
vt 0.723428 0.901726
vt 0.720934 0.901726
vt 0.720934 0.897080
vt 0.723428 0.899648
vt 0.720934 0.895002
vt 0.723428 0.897080
vt 0.135584 0.918425
vt 0.137579 0.920882
vt 0.135279 0.920874
vt 0.135279 0.915989
vt 0.137885 0.918433
vt 0.870817 0.903868
vt 0.873311 0.905946
vt 0.870817 0.905946
vt 0.870817 0.901300
vt 0.873311 0.903868
vt 0.870817 0.899222
vt 0.873311 0.901300
vt 0.027442 0.916008
vt 0.025364 0.915989
vt 0.674345 0.764926
vt 0.675837 0.767005
vt 0.672057 0.767958
vt 0.675837 0.769515
vt 0.674345 0.771497
vt 0.671930 0.772193
vt 0.669516 0.771339
vt 0.668024 0.769260
vt 0.668024 0.766750
vt 0.669516 0.764768
vt 0.671930 0.764071
vt 0.674950 0.485541
vt 0.671615 0.487143
vt 0.671615 0.484607
vt 0.672889 0.489067
vt 0.674950 0.489644
vt 0.677011 0.488654
vt 0.678285 0.486475
vt 0.678285 0.483939
vt 0.677011 0.482015
vt 0.674950 0.481437
vt 0.672889 0.482428
vt 0.298028 0.917026
vt 0.296389 0.914555
vt 0.298467 0.914574
vt 0.303557 0.904954
vt 0.306050 0.907032
vt 0.303557 0.907032
vt 0.303557 0.902386
vt 0.306050 0.904954
vt 0.303557 0.900308
vt 0.306050 0.902386
vt 0.086882 0.918425
vt 0.088877 0.920882
vt 0.086576 0.920874
vt 0.086576 0.915989
vt 0.089182 0.918433
vt 0.295973 0.907032
vt 0.298467 0.904954
vt 0.298467 0.907032
vt 0.295973 0.902386
vt 0.295973 0.904954
vt 0.295973 0.900308
vt 0.298467 0.902386
vt 0.298028 0.912141
vt 0.295950 0.912122
vt 0.669516 0.758127
vt 0.668024 0.756048
vt 0.671804 0.755095
vt 0.668024 0.753538
vt 0.669516 0.751556
vt 0.671930 0.750859
vt 0.674345 0.751714
vt 0.675837 0.753793
vt 0.675837 0.756303
vt 0.674345 0.758285
vt 0.671930 0.758982
vt 0.671375 0.781368
vt 0.669304 0.784434
vt 0.668024 0.782245
vt 0.671375 0.785452
vt 0.673446 0.784911
vt 0.674725 0.783016
vt 0.674725 0.780491
vt 0.673446 0.778302
vt 0.671375 0.777283
vt 0.669304 0.777825
vt 0.668024 0.779720
vt 0.376256 0.917635
vt 0.374617 0.915165
vt 0.376695 0.915184
vt 0.374178 0.905564
vt 0.376671 0.907642
vt 0.374178 0.907642
vt 0.374178 0.902996
vt 0.376671 0.905564
vt 0.374178 0.900918
vt 0.376671 0.902996
vt 0.125364 0.918425
vt 0.127359 0.920882
vt 0.125058 0.920874
vt 0.127359 0.915997
vt 0.127665 0.918433
vt 0.672458 0.912360
vt 0.674951 0.910282
vt 0.674951 0.912360
vt 0.672458 0.907714
vt 0.672458 0.910282
vt 0.672458 0.905636
vt 0.674951 0.907714
vt 0.374178 0.912732
vt 0.376256 0.912751
vt 0.671976 0.824947
vt 0.669534 0.824184
vt 0.671980 0.821148
vt 0.668024 0.822178
vt 0.668024 0.819698
vt 0.669534 0.817689
vt 0.671976 0.816919
vt 0.674419 0.817683
vt 0.675928 0.819688
vt 0.675928 0.822169
vt 0.674419 0.824178
vt 0.874516 0.854991
vt 0.874516 0.858691
vt 0.872230 0.857593
vt 0.876802 0.858376
vt 0.878215 0.856768
vt 0.878215 0.854482
vt 0.876802 0.852390
vt 0.874516 0.851291
vt 0.872230 0.851606
vt 0.870817 0.853214
vt 0.870817 0.855501
vt 0.012229 0.920893
vt 0.010590 0.918422
vt 0.012668 0.918441
vt 0.230948 0.910491
vt 0.233442 0.912569
vt 0.230948 0.912569
vt 0.230948 0.907923
vt 0.233442 0.910491
vt 0.230948 0.905845
vt 0.233442 0.907923
vt 0.158674 0.918425
vt 0.160669 0.920882
vt 0.158368 0.920874
vt 0.160669 0.915997
vt 0.160975 0.918433
vt 0.223365 0.912569
vt 0.225859 0.910491
vt 0.225859 0.912569
vt 0.223365 0.907923
vt 0.223365 0.910491
vt 0.223365 0.905845
vt 0.225859 0.907923
vt 0.010151 0.915989
vt 0.012229 0.916008
vt 0.674345 0.738502
vt 0.675837 0.740581
vt 0.672057 0.741534
vt 0.675837 0.743091
vt 0.674345 0.745073
vt 0.671930 0.745769
vt 0.669516 0.744915
vt 0.668024 0.742836
vt 0.668024 0.740326
vt 0.669516 0.738344
vt 0.671930 0.737647
vt 0.671375 0.794627
vt 0.669304 0.797693
vt 0.668024 0.795504
vt 0.671375 0.798711
vt 0.673446 0.798170
vt 0.674725 0.796275
vt 0.674725 0.793750
vt 0.673446 0.791561
vt 0.671375 0.790542
vt 0.669304 0.791084
vt 0.668024 0.792979
vt 0.918397 0.775900
vt 0.916758 0.773430
vt 0.918836 0.773449
vt 0.720934 0.911462
vt 0.723428 0.913540
vt 0.720934 0.913540
vt 0.720934 0.908894
vt 0.723428 0.911462
vt 0.720934 0.906816
vt 0.723428 0.908894
vt 0.094578 0.918425
vt 0.096573 0.920882
vt 0.094272 0.920874
vt 0.096573 0.915997
vt 0.096879 0.918433
vt 0.681267 0.911655
vt 0.683761 0.913732
vt 0.681267 0.913732
vt 0.681267 0.909086
vt 0.683761 0.911655
vt 0.681267 0.907009
vt 0.683761 0.909086
vt 0.916319 0.770996
vt 0.918397 0.771016
vt 0.674345 0.712077
vt 0.675837 0.714157
vt 0.672057 0.715110
vt 0.675837 0.716666
vt 0.674345 0.718648
vt 0.671930 0.719345
vt 0.669516 0.718491
vt 0.668024 0.716412
vt 0.668024 0.713902
vt 0.669516 0.711920
vt 0.671930 0.711223
vt 0.547082 0.486847
vt 0.551784 0.491549
vt 0.548803 0.493269
vt 0.553504 0.488568
vt 0.553504 0.485126
vt 0.551784 0.482146
vt 0.548803 0.480425
vt 0.545361 0.480425
vt 0.542381 0.482146
vt 0.540660 0.485126
vt 0.540660 0.488568
vt 0.542381 0.491548
vt 0.545361 0.493269
vt 0.718342 0.814238
vt 0.723428 0.797590
vt 0.721605 0.814250
vt 0.713474 0.797590
vt 0.718533 0.797571
vt 0.400044 0.837828
vt 0.397923 0.821184
vt 0.402394 0.821196
vt 0.393621 0.837820
vt 0.397063 0.837820
vt 0.390641 0.837828
vt 0.392761 0.821184
vt 0.399769 0.684399
vt 0.398307 0.667737
vt 0.402394 0.667758
vt 0.393634 0.684385
vt 0.397045 0.684385
vt 0.388416 0.667758
vt 0.393191 0.667737
vt 0.402695 0.569239
vt 0.402239 0.552545
vt 0.405657 0.552596
vt 0.397153 0.569193
vt 0.400416 0.569205
vt 0.393780 0.569205
vt 0.397345 0.552526
vt 0.388416 0.552596
vt 0.392285 0.552545
vt 0.718416 0.780974
vt 0.722495 0.780989
vt 0.401219 0.804579
vt 0.397493 0.804570
vt 0.388290 0.821196
vt 0.393191 0.804570
vt 0.401054 0.651147
vt 0.393385 0.651129
vt 0.397648 0.651129
vt 0.404154 0.535987
vt 0.401306 0.535945
vt 0.397228 0.535929
vt 0.393011 0.535945
vt 0.469044 0.906630
vt 0.466893 0.910355
vt 0.461017 0.904479
vt 0.463168 0.912506
vt 0.458866 0.912506
vt 0.455140 0.910355
vt 0.452989 0.906630
vt 0.452989 0.902328
vt 0.455140 0.898602
vt 0.458866 0.896451
vt 0.463168 0.896451
vt 0.466893 0.898602
vt 0.469044 0.902328
vt 0.511214 0.486847
vt 0.506512 0.482146
vt 0.509493 0.480425
vt 0.504791 0.485126
vt 0.504791 0.488568
vt 0.506512 0.491548
vt 0.509493 0.493269
vt 0.512934 0.493269
vt 0.515915 0.491548
vt 0.517636 0.488568
vt 0.517636 0.485126
vt 0.515915 0.482146
vt 0.512934 0.480425
vt 0.718342 0.775872
vt 0.723428 0.759224
vt 0.721605 0.775884
vt 0.713474 0.759224
vt 0.718533 0.759205
vt 0.400043 0.876176
vt 0.397923 0.859532
vt 0.402394 0.859544
vt 0.393621 0.876168
vt 0.397063 0.876168
vt 0.390641 0.876176
vt 0.392761 0.859532
vt 0.397045 0.799466
vt 0.402394 0.782839
vt 0.399769 0.799480
vt 0.393634 0.799466
vt 0.398307 0.782818
vt 0.388416 0.782839
vt 0.393191 0.782818
vt 0.402695 0.607639
vt 0.402239 0.590945
vt 0.405657 0.590996
vt 0.397153 0.607593
vt 0.400416 0.607605
vt 0.393780 0.607605
vt 0.397345 0.590926
vt 0.388416 0.590996
vt 0.392285 0.590945
vt 0.718416 0.742608
vt 0.722495 0.742623
vt 0.401219 0.842927
vt 0.393191 0.842918
vt 0.397493 0.842918
vt 0.389465 0.842927
vt 0.401054 0.766227
vt 0.397648 0.766209
vt 0.393385 0.766209
vt 0.401306 0.574344
vt 0.404154 0.574387
vt 0.393011 0.574344
vt 0.397228 0.574329
vt 0.914270 0.406023
vt 0.914270 0.410325
vt 0.906242 0.408174
vt 0.912119 0.414051
vt 0.908393 0.416202
vt 0.904091 0.416202
vt 0.900365 0.414051
vt 0.898214 0.410325
vt 0.898214 0.406023
vt 0.900365 0.402297
vt 0.904091 0.400146
vt 0.908393 0.400146
vt 0.912119 0.402297
vt 0.529148 0.486847
vt 0.527427 0.480425
vt 0.530869 0.480425
vt 0.524447 0.482146
vt 0.522726 0.485126
vt 0.522726 0.488568
vt 0.524447 0.491548
vt 0.527427 0.493269
vt 0.530869 0.493269
vt 0.533849 0.491548
vt 0.535570 0.488568
vt 0.535570 0.485126
vt 0.533849 0.482146
vt 0.718342 0.852604
vt 0.723428 0.835956
vt 0.721605 0.852616
vt 0.713474 0.835956
vt 0.718533 0.835937
vt 0.400044 0.914524
vt 0.397923 0.897881
vt 0.402394 0.897892
vt 0.393621 0.914517
vt 0.397063 0.914517
vt 0.390641 0.914524
vt 0.392761 0.897881
vt 0.399769 0.722759
vt 0.398307 0.706097
vt 0.402394 0.706118
vt 0.393634 0.722745
vt 0.397045 0.722745
vt 0.388416 0.706118
vt 0.393191 0.706097
vt 0.402695 0.646039
vt 0.402239 0.629345
vt 0.405657 0.629395
vt 0.397153 0.645993
vt 0.400416 0.646005
vt 0.393780 0.646005
vt 0.397345 0.629326
vt 0.391201 0.646039
vt 0.392285 0.629345
vt 0.722495 0.819356
vt 0.718416 0.819340
vt 0.397493 0.881266
vt 0.401219 0.881275
vt 0.388290 0.897892
vt 0.393191 0.881266
vt 0.401054 0.689507
vt 0.393385 0.689489
vt 0.397648 0.689489
vt 0.404154 0.612787
vt 0.397228 0.612729
vt 0.401306 0.612744
vt 0.393011 0.612744
vt 0.388416 0.629395
vt 0.600790 0.905962
vt 0.600790 0.910264
vt 0.592762 0.908113
vt 0.598639 0.913989
vt 0.594913 0.916140
vt 0.590611 0.916140
vt 0.586885 0.913989
vt 0.584734 0.910264
vt 0.584734 0.905962
vt 0.586885 0.902236
vt 0.590611 0.900085
vt 0.594913 0.900085
vt 0.598639 0.902236
vt 0.565017 0.486847
vt 0.571439 0.488568
vt 0.569718 0.491548
vt 0.571439 0.485126
vt 0.569718 0.482146
vt 0.566737 0.480425
vt 0.563296 0.480425
vt 0.560315 0.482146
vt 0.558594 0.485126
vt 0.558594 0.488568
vt 0.560315 0.491548
vt 0.563296 0.493269
vt 0.566737 0.493269
vt 0.718342 0.737506
vt 0.723428 0.720858
vt 0.721605 0.737518
vt 0.713474 0.720858
vt 0.718533 0.720839
vt 0.915494 0.210300
vt 0.913374 0.193657
vt 0.917845 0.193668
vt 0.909072 0.210293
vt 0.912513 0.210293
vt 0.906091 0.210300
vt 0.908211 0.193657
vt 0.399769 0.761120
vt 0.398307 0.744457
vt 0.402394 0.744479
vt 0.393634 0.761105
vt 0.397045 0.761105
vt 0.388416 0.744479
vt 0.393191 0.744457
vt 0.402695 0.530839
vt 0.402239 0.514145
vt 0.405657 0.514196
vt 0.397153 0.530793
vt 0.400416 0.530805
vt 0.393780 0.530805
vt 0.397345 0.514126
vt 0.388416 0.514196
vt 0.392285 0.514145
vt 0.722495 0.704257
vt 0.718416 0.704242
vt 0.916669 0.177052
vt 0.908642 0.177042
vt 0.912944 0.177042
vt 0.904916 0.177052
vt 0.397648 0.727849
vt 0.401054 0.727867
vt 0.393385 0.727849
vt 0.401306 0.497545
vt 0.404154 0.497587
vt 0.393011 0.497545
vt 0.397228 0.497529
vt 0.608772 0.902236
vt 0.612498 0.900085
vt 0.614649 0.908113
vt 0.616800 0.900085
vt 0.620526 0.902236
vt 0.622677 0.905962
vt 0.622677 0.910264
vt 0.620526 0.913990
vt 0.616800 0.916141
vt 0.612498 0.916141
vt 0.608772 0.913990
vt 0.606621 0.910264
vt 0.606621 0.905962
vt 0.003306 0.007553
vt 0.731726 0.416224
vt 0.312716 0.719771
vt 0.796231 0.415659
vt 0.377190 0.713995
vt 0.211653 0.491679
vt 0.196548 0.003306
vt 0.312716 0.894177
vt 0.660612 0.011638
vt 0.404896 0.487432
vt 0.377227 0.893955
vt 0.725106 0.006361
vt 0.007553 0.491679
vt 0.731899 0.016274
vt 0.207406 0.007553
vt 0.796336 0.009823
vt 0.200795 0.487432
vt 0.660612 0.475174
vt 0.904489 0.012186
vt 0.400649 0.003306
vt 0.725125 0.475098
vt 0.968923 0.005706
vt 0.449651 0.487452
vt 0.731273 0.831475
vt 0.871483 0.831470
vt 0.919983 0.608999
vt 0.489284 0.003599
vt 0.416563 0.490242
vt 0.951720 0.749242
vt 0.462650 0.012978
vt 0.951710 0.609024
vt 0.649877 0.006387
vt 0.442262 0.003599
vt 0.958112 0.567737
vt 0.498647 0.482852
vt 0.958106 0.427527
vt 0.411801 0.012962
vt 0.509148 0.471758
vt 0.468186 0.492215
vt 0.649369 0.471746
vt 0.410746 0.476458
vt 0.893532 0.005209
vt 0.508937 0.992451
vt 0.508932 0.899980
vt 0.507514 0.710813
vt 0.803193 0.224576
vt 0.895986 0.198219
vt 0.414496 0.889981
vt 0.811447 0.411906
vt 0.506972 0.889972
vt 0.631147 0.897101
vt 0.856694 0.011712
vt 0.900244 0.381813
vt 0.835983 0.216337
vt 0.992715 0.381808
vt 0.864933 0.202410
vt 0.664968 0.989581
vt 0.844222 0.407035
vt 0.664958 0.897103
vt 0.898651 0.017338
vt 0.883857 0.203338
vt 0.662934 0.884390
vt 0.627767 0.498359
vt 0.198271 0.706880
vt 0.802266 0.002545
vt 0.576848 0.942988
vt 0.571530 0.950607
vt 0.564210 0.956175
vt 0.555605 0.959149
vt 0.546557 0.959235
vt 0.537952 0.956427
vt 0.530632 0.950999
vt 0.522518 0.934611
vt 0.522518 0.925256
vt 0.525314 0.916333
vt 0.530632 0.908714
vt 0.537952 0.903145
vt 0.546557 0.900172
vt 0.555605 0.900085
vt 0.571530 0.908322
vt 0.576848 0.915839
vt 0.579644 0.924709
vt 0.238532 0.932018
vt 0.240949 0.923023
vt 0.245546 0.915250
vt 0.251873 0.909460
vt 0.259312 0.906219
vt 0.267133 0.905845
vt 0.274572 0.908374
vt 0.285497 0.920892
vt 0.287914 0.929656
vt 0.287914 0.938992
vt 0.285497 0.947987
vt 0.280899 0.955760
vt 0.274572 0.961550
vt 0.267133 0.964791
vt 0.251873 0.962636
vt 0.245546 0.957451
vt 0.240949 0.950118
vt 0.888005 0.218073
vt 0.445549 0.992451
vt 0.445545 0.899980
vt 0.619285 0.714447
vt 0.682195 0.507526
vt 0.890460 0.411083
vt 0.526268 0.893615
vt 0.690449 0.694856
vt 0.618744 0.893606
vt 0.830971 0.843103
vt 0.851168 0.224576
vt 0.886002 0.953285
vt 0.714985 0.499287
vt 0.978473 0.953280
vt 0.859407 0.415274
vt 0.864792 0.935584
vt 0.723224 0.689985
vt 0.864781 0.843105
vt 0.893124 0.230202
vt 0.878331 0.416202
vt 0.919140 0.596736
vt 0.574266 0.498359
vt 0.238532 0.706880
vt 0.329584 0.497529
vt 0.366292 0.943820
vt 0.360974 0.951440
vt 0.353654 0.957008
vt 0.345049 0.959982
vt 0.336001 0.960068
vt 0.327396 0.957260
vt 0.320076 0.951832
vt 0.311962 0.935444
vt 0.311962 0.926090
vt 0.314758 0.917166
vt 0.320076 0.909547
vt 0.327396 0.903978
vt 0.336001 0.901005
vt 0.345049 0.900918
vt 0.360974 0.909155
vt 0.366292 0.916672
vt 0.369088 0.925542
vt 0.166065 0.935699
vt 0.168481 0.926704
vt 0.173079 0.918931
vt 0.179406 0.913141
vt 0.186845 0.909900
vt 0.194666 0.909526
vt 0.202105 0.912055
vt 0.213030 0.924573
vt 0.215447 0.933337
vt 0.215447 0.942673
vt 0.213030 0.951667
vt 0.208432 0.959440
vt 0.202105 0.965231
vt 0.194666 0.968471
vt 0.179406 0.966316
vt 0.173079 0.961132
vt 0.168481 0.953798
vt 0.411423 0.502810
vt 0.884633 0.779782
vt 0.959049 0.613372
vt 0.910394 0.779569
vt 0.984778 0.608346
vt 0.006996 0.910223
vt 0.564725 0.499035
vt 0.959049 0.751356
vt 0.166738 0.714805
vt 0.160298 0.906448
vt 0.984812 0.751268
vt 0.192484 0.710151
vt 0.415198 0.701823
vt 0.884786 0.617063
vt 0.003221 0.711210
vt 0.910488 0.611618
vt 0.568500 0.698048
vt 0.166738 0.903393
vt 0.796052 0.847080
vt 0.156524 0.707435
vt 0.192502 0.903363
vt 0.821750 0.841611
vt 0.003221 0.501980
vt 0.279454 0.881396
vt 0.731649 0.847029
vt 0.305215 0.881183
vt 0.757379 0.842003
vt 0.170516 0.700993
vt 0.156523 0.498206
vt 0.731649 0.985013
vt 0.681940 0.712287
vt 0.323818 0.697218
vt 0.757413 0.984925
vt 0.707687 0.707634
vt 0.006996 0.700993
vt 0.279606 0.718678
vt 0.166741 0.501980
vt 0.305309 0.713233
vt 0.160298 0.697218
vt 0.681940 0.900876
vt 0.763850 0.847081
vt 0.320043 0.498206
vt 0.707704 0.900845
vt 0.789547 0.841611
vt 0.032971 0.920874
vt 0.691344 0.907009
vt 0.109665 0.915989
vt 0.724557 0.482836
vt 0.040577 0.920874
vt 0.698927 0.907009
vt 0.055790 0.915989
vt 0.873311 0.863781
vt 0.905821 0.393756
vt 0.873311 0.875595
vt 0.101969 0.915989
vt 0.674951 0.882009
vt 0.913427 0.393756
vt 0.706510 0.907009
vt 0.150672 0.915989
vt 0.723428 0.883189
vt 0.048184 0.920874
vt 0.873311 0.887408
vt 0.142975 0.915989
vt 0.281286 0.888495
vt 0.303557 0.917006
vt 0.714093 0.907009
vt 0.065787 0.915997
vt 0.306050 0.888495
vt 0.017758 0.920874
vt 0.873311 0.911036
vt 0.117362 0.915989
vt 0.288869 0.888495
vt 0.002545 0.920874
vt 0.653540 0.480431
vt 0.071183 0.915989
vt 0.296452 0.888495
vt 0.898214 0.393756
vt 0.918813 0.759183
vt 0.078879 0.915989
vt 0.674951 0.893823
vt 0.025364 0.920874
vt 0.723428 0.895002
vt 0.137579 0.915997
vt 0.873311 0.899222
vt 0.295950 0.917006
vt 0.306050 0.900308
vt 0.088877 0.915997
vt 0.298467 0.900308
vt 0.374178 0.917616
vt 0.376671 0.900918
vt 0.125058 0.915989
vt 0.674951 0.905636
vt 0.010151 0.920874
vt 0.233442 0.905845
vt 0.158368 0.915989
vt 0.225859 0.905845
vt 0.916319 0.775881
vt 0.723428 0.906816
vt 0.094272 0.915989
vt 0.683761 0.907009
vt 0.714969 0.814250
vt 0.390451 0.684399
vt 0.391201 0.569239
vt 0.714200 0.780989
vt 0.389465 0.804579
vt 0.389406 0.651147
vt 0.389787 0.535987
vt 0.714969 0.775884
vt 0.388290 0.859544
vt 0.390451 0.799480
vt 0.391201 0.607639
vt 0.714200 0.742623
vt 0.389406 0.766227
vt 0.389787 0.574387
vt 0.714969 0.852616
vt 0.390451 0.722759
vt 0.714200 0.819356
vt 0.389465 0.881275
vt 0.389406 0.689507
vt 0.389787 0.612787
vt 0.714969 0.737518
vt 0.903741 0.193668
vt 0.390450 0.761120
vt 0.391201 0.530839
vt 0.714200 0.704257
vt 0.389406 0.727867
vt 0.389787 0.497587
s 1
f 4/1/1 6/2/2 1/3/3
f 5/4/4 7/5/5 4/1/1
f 7/5/5 16/6/6 6/2/2
f 7/5/5 9/7/7 19/8/8
f 10/9/9 12/10/10 2/11/11
f 11/12/12 13/13/13 10/14/9
f 13/15/13 5/16/4 12/10/10
f 13/13/13 9/17/7 8/18/14
f 15/19/15 17/20/16 3/21/17
f 16/22/6 18/23/18 15/19/15
f 18/23/18 11/12/12 17/20/16
f 18/23/18 9/17/7 14/24/19
f 23/25/20 25/26/21 20/27/22
f 24/28/23 26/29/24 23/25/20
f 26/30/24 35/31/25 25/32/21
f 26/30/24 28/33/26 38/34/27
f 29/35/28 31/36/29 21/37/30
f 30/38/31 32/39/32 29/35/28
f 32/39/32 24/40/23 31/36/29
f 32/39/32 28/41/26 27/42/33
f 34/43/34 36/44/35 22/45/36
f 35/31/25 37/46/37 34/43/34
f 37/46/37 30/47/31 36/44/35
f 37/46/37 28/33/26 33/48/38
f 42/49/39 44/50/40 39/51/41
f 43/52/42 45/53/43 42/49/39
f 45/53/43 54/54/44 44/50/40
f 45/53/43 47/55/45 57/56/46
f 48/57/47 50/58/48 40/59/49
f 49/60/50 51/61/51 48/62/47
f 51/63/51 43/64/42 50/58/48
f 51/61/51 47/65/45 46/66/52
f 53/67/53 55/68/54 41/69/55
f 54/70/44 56/71/56 53/67/53
f 56/71/56 49/60/50 55/68/54
f 56/71/56 47/65/45 52/72/57
f 61/73/58 63/74/59 58/75/60
f 62/76/61 64/77/62 61/73/58
f 64/77/62 73/78/63 63/74/59
f 64/77/62 66/79/64 76/80/65
f 67/81/66 69/82/67 59/83/68
f 68/84/69 70/85/70 67/81/66
f 70/85/70 62/86/61 69/82/67
f 70/85/70 66/87/64 65/88/71
f 72/89/72 74/90/73 60/91/74
f 73/92/63 75/93/75 72/89/72
f 75/94/75 68/84/69 74/95/73
f 75/94/75 66/87/64 71/96/76
f 80/97/77 82/98/78 77/99/79
f 81/100/80 83/101/81 80/97/77
f 83/101/81 92/102/82 82/98/78
f 83/101/81 85/103/83 95/104/84
f 86/105/85 88/106/86 78/107/87
f 87/108/88 89/109/89 86/105/85
f 89/109/89 81/110/80 88/106/86
f 89/109/89 85/111/83 84/112/90
f 91/113/91 93/114/92 79/115/93
f 92/116/82 94/117/94 91/113/91
f 94/117/94 87/108/88 93/114/92
f 94/117/94 85/111/83 90/118/95
f 99/119/96 101/120/97 96/121/98
f 100/122/99 102/123/100 99/119/96
f 102/123/100 111/124/101 101/120/97
f 102/123/100 104/125/102 114/126/103
f 105/127/104 107/128/105 97/129/106
f 106/130/107 108/131/108 105/127/104
f 108/131/108 100/132/99 107/128/105
f 108/131/108 104/133/102 103/134/109
f 110/135/110 112/136/111 98/137/112
f 111/138/101 113/139/113 110/135/110
f 113/139/113 106/130/107 112/136/111
f 113/139/113 104/133/102 109/140/114
f 118/141/115 120/142/116 115/143/117
f 119/144/118 121/145/119 118/141/115
f 121/145/119 130/146/120 120/142/116
f 121/145/119 123/147/121 133/148/122
f 124/149/123 126/150/124 116/151/125
f 125/152/126 127/153/127 124/154/123
f 127/155/127 119/156/118 126/150/124
f 127/153/127 123/157/121 122/158/128
f 129/159/129 131/160/130 117/161/131
f 130/162/120 132/163/132 129/159/129
f 132/163/132 125/152/126 131/160/130
f 132/163/132 123/157/121 128/164/133
f 137/165/134 139/166/135 134/167/136
f 138/168/137 140/169/138 137/165/134
f 140/169/138 149/170/139 139/166/135
f 140/169/138 142/171/140 152/172/141
f 143/173/142 145/174/143 135/175/144
f 144/176/145 146/177/146 143/173/142
f 146/177/146 138/178/137 145/174/143
f 146/177/146 142/179/140 141/180/147
f 148/181/148 150/182/149 136/183/150
f 149/184/139 151/185/151 148/181/148
f 151/186/151 144/176/145 150/187/149
f 151/186/151 142/179/140 147/188/152
f 1/3/3 42/49/39 39/51/41
f 6/2/2 43/52/42 42/49/39
f 16/22/6 50/58/48 43/64/42
f 15/19/15 40/59/49 50/58/48
f 20/27/22 10/9/9 2/11/11
f 25/32/21 11/12/12 10/14/9
f 35/31/25 17/20/16 11/12/12
f 34/43/34 3/21/17 17/20/16
f 58/75/60 29/35/28 21/37/30
f 63/74/59 30/38/31 29/35/28
f 73/92/63 36/44/35 30/47/31
f 72/89/72 22/45/36 36/44/35
f 41/69/55 67/81/66 59/83/68
f 55/68/54 68/84/69 67/81/66
f 49/60/50 74/95/73 68/84/69
f 48/57/47 60/91/74 74/90/73
f 39/51/41 118/141/115 115/143/117
f 44/50/40 119/144/118 118/141/115
f 54/70/44 126/150/124 119/156/118
f 126/150/124 41/69/55 116/151/125
f 134/167/136 61/73/58 58/75/60
f 139/166/135 62/76/61 61/73/58
f 149/184/139 69/82/67 62/86/61
f 148/181/148 59/83/68 69/82/67
f 117/161/131 143/173/142 135/175/144
f 131/160/130 144/176/145 143/173/142
f 125/152/126 150/187/149 144/176/145
f 124/149/123 136/183/150 150/182/149
f 115/143/117 80/97/77 77/99/79
f 80/97/77 130/146/120 81/100/80
f 130/162/120 88/189/86 81/190/80
f 129/159/129 78/191/87 88/189/86
f 96/121/98 137/165/134 134/167/136
f 101/120/97 138/168/137 137/165/134
f 111/192/101 145/174/143 138/178/137
f 110/193/110 135/175/144 145/174/143
f 79/115/93 105/127/104 97/129/106
f 93/114/92 106/130/107 105/127/104
f 87/108/88 112/136/111 106/130/107
f 86/194/85 98/195/112 112/196/111
f 77/99/79 4/1/1 1/3/3
f 82/98/78 5/4/4 4/1/1
f 92/116/82 12/10/10 5/16/4
f 12/10/10 79/115/93 2/11/11
f 21/37/30 99/119/96 96/121/98
f 31/36/29 100/122/99 99/119/96
f 24/28/23 107/128/105 100/132/99
f 23/25/20 97/129/106 107/128/105
f 115/143/117 1/3/3 39/51/41
f 22/45/36 40/59/49 3/21/17
f 97/129/106 2/11/11 79/115/93
f 58/75/60 96/121/98 134/167/136
f 59/83/68 116/151/125 41/69/55
f 135/175/144 78/191/87 117/161/131
f 156/197/153 158/198/154 153/199/155
f 157/200/156 159/201/157 156/197/153
f 169/202/158 160/203/159 157/200/156
f 159/201/157 161/204/160 158/198/154
f 159/201/157 163/205/161 162/206/162
f 170/207/163 163/205/161 160/203/159
f 164/208/164 166/209/165 154/210/166
f 165/211/167 167/212/168 164/213/164
f 177/214/169 168/215/170 165/211/167
f 167/216/168 169/217/158 166/209/165
f 167/212/168 171/218/171 170/219/163
f 178/220/172 171/218/171 168/215/170
f 172/221/173 174/222/174 155/223/175
f 173/224/176 175/225/177 172/221/173
f 161/226/160 176/227/178 173/224/176
f 175/225/177 177/214/169 174/222/174
f 175/225/177 179/228/179 178/220/172
f 162/229/162 179/228/179 176/227/178
f 163/230/161 171/218/171 179/228/179
f 183/231/180 185/232/181 180/233/182
f 184/234/183 186/235/184 183/231/180
f 196/236/185 187/237/186 184/238/183
f 186/239/184 188/240/187 185/241/181
f 186/239/184 190/242/188 189/243/189
f 197/244/190 190/245/188 187/237/186
f 191/246/191 193/247/192 181/248/193
f 192/249/194 194/250/195 191/246/191
f 204/251/196 195/252/197 192/249/194
f 194/250/195 196/236/185 193/247/192
f 194/250/195 198/253/198 197/244/190
f 205/254/199 198/255/198 195/256/197
f 199/257/200 201/258/201 182/259/202
f 200/260/203 202/261/204 199/257/200
f 188/240/187 203/262/205 200/260/203
f 202/261/204 204/263/196 201/258/201
f 202/261/204 206/264/206 205/254/199
f 189/243/189 206/264/206 203/262/205
f 190/242/188 198/255/198 206/264/206
f 210/265/207 212/266/208 207/267/209
f 211/268/210 213/269/211 210/265/207
f 223/270/212 214/271/213 211/268/210
f 213/269/211 215/272/214 212/266/208
f 213/269/211 217/273/215 216/274/216
f 224/275/217 217/273/215 214/271/213
f 218/276/218 220/277/219 208/278/220
f 219/279/221 221/280/222 218/281/218
f 231/282/223 222/283/224 219/279/221
f 221/284/222 223/285/212 220/277/219
f 221/280/222 225/286/225 224/287/217
f 232/288/226 225/286/225 222/283/224
f 226/289/227 228/290/228 209/291/229
f 227/292/230 229/293/231 226/289/227
f 215/294/214 230/295/232 227/292/230
f 229/293/231 231/282/223 228/290/228
f 229/293/231 233/296/233 232/288/226
f 216/297/216 233/296/233 230/295/232
f 217/298/215 225/286/225 233/296/233
f 237/299/234 239/300/235 234/301/236
f 238/302/237 240/303/238 237/299/234
f 250/304/239 241/305/240 238/306/237
f 240/303/238 242/307/241 239/300/235
f 240/303/238 244/308/242 243/309/243
f 251/310/244 244/311/242 241/305/240
f 245/312/245 247/313/246 235/314/247
f 246/315/248 248/316/249 245/312/245
f 258/317/250 249/318/251 246/315/248
f 248/316/249 250/304/239 247/313/246
f 248/316/249 252/319/252 251/310/244
f 259/320/253 252/319/252 249/318/251
f 253/321/254 255/322/255 236/323/256
f 254/324/257 256/325/258 253/321/254
f 242/307/241 257/326/259 254/327/257
f 256/328/258 258/317/250 255/329/255
f 256/328/258 260/330/260 259/320/253
f 243/309/243 260/331/260 257/326/259
f 244/311/242 252/319/252 260/330/260
f 264/332/261 266/333/262 261/334/263
f 265/335/264 267/336/265 264/332/261
f 277/337/266 268/338/267 265/335/264
f 267/336/265 269/339/268 266/333/262
f 267/336/265 271/340/269 270/341/270
f 278/342/271 271/343/269 268/344/267
f 272/345/272 274/346/273 262/347/274
f 273/348/275 275/349/276 272/350/272
f 285/351/277 276/352/278 273/348/275
f 275/353/276 277/354/266 274/346/273
f 275/349/276 279/355/279 278/342/271
f 286/356/280 279/355/279 276/352/278
f 280/357/281 282/358/282 263/359/283
f 281/360/284 283/361/285 280/357/281
f 269/339/268 284/362/286 281/363/284
f 283/361/285 285/351/277 282/358/282
f 283/361/285 287/364/287 286/356/280
f 270/365/270 287/364/287 284/366/286
f 271/343/269 279/355/279 287/364/287
f 291/367/288 293/368/289 288/369/290
f 292/370/291 294/371/292 291/367/288
f 304/372/293 295/373/294 292/370/291
f 294/371/292 296/374/295 293/368/289
f 294/371/292 298/375/296 297/376/297
f 305/377/298 298/378/296 295/379/294
f 299/380/299 301/381/300 289/382/301
f 300/383/302 302/384/303 299/380/299
f 312/385/304 303/386/305 300/383/302
f 302/384/303 304/387/293 301/381/300
f 302/384/303 306/388/306 305/377/298
f 313/389/307 306/388/306 303/386/305
f 307/390/308 309/391/309 290/392/310
f 308/393/311 310/394/312 307/390/308
f 296/374/295 311/395/313 308/396/311
f 310/397/312 312/385/304 309/398/309
f 310/397/312 314/399/314 313/389/307
f 297/400/297 314/399/314 311/401/313
f 298/378/296 306/388/306 314/399/314
f 318/402/315 320/403/316 315/404/317
f 319/405/318 321/406/319 318/402/315
f 331/407/320 322/408/321 319/405/318
f 321/406/319 323/409/322 320/403/316
f 321/406/319 325/410/323 324/411/324
f 332/412/325 325/413/323 322/414/321
f 326/415/326 328/416/327 316/417/328
f 327/418/329 329/419/330 326/420/326
f 339/421/331 330/422/332 327/418/329
f 329/423/330 331/424/320 328/416/327
f 329/419/330 333/425/333 332/412/325
f 340/426/334 333/425/333 330/422/332
f 334/427/335 336/428/336 317/429/337
f 335/430/338 337/431/339 334/427/335
f 323/409/322 338/432/340 335/433/338
f 337/431/339 339/421/331 336/428/336
f 337/431/339 341/434/341 340/426/334
f 324/435/324 341/434/341 338/436/340
f 325/413/323 333/425/333 341/434/341
f 345/437/342 347/438/343 342/439/344
f 346/440/345 348/441/346 345/437/342
f 358/442/347 349/443/348 346/440/345
f 348/441/346 350/444/349 347/438/343
f 348/441/346 352/445/350 351/446/351
f 359/447/352 352/448/350 349/449/348
f 353/450/353 355/451/354 343/452/355
f 354/453/356 356/454/357 353/450/353
f 366/455/358 357/456/359 354/453/356
f 356/454/357 358/457/347 355/451/354
f 356/454/357 360/458/360 359/447/352
f 367/459/361 360/458/360 357/456/359
f 361/460/362 363/461/363 344/462/364
f 362/463/365 364/464/366 361/460/362
f 350/444/349 365/465/367 362/466/365
f 364/467/366 366/455/358 363/468/363
f 364/467/366 368/469/368 367/459/361
f 351/470/351 368/469/368 365/471/367
f 352/448/350 360/458/360 368/469/368
f 207/267/209 158/198/154 210/265/207
f 158/198/154 211/268/210 210/265/207
f 211/268/210 173/472/176 223/270/212
f 173/224/176 220/277/219 223/285/212
f 172/221/173 208/278/220 220/277/219
f 180/233/182 164/208/164 154/210/166
f 185/241/181 165/211/167 164/213/164
f 188/240/187 177/214/169 165/211/167
f 200/260/203 174/222/174 177/214/169
f 174/222/174 182/259/202 155/223/175
f 234/301/236 191/246/191 181/248/193
f 191/246/191 242/307/241 192/249/194
f 192/249/194 254/327/257 204/251/196
f 204/263/196 253/321/254 201/258/201
f 201/258/201 236/323/256 182/259/202
f 235/314/247 228/290/228 245/312/245
f 228/290/228 246/315/248 245/312/245
f 231/282/223 258/317/250 246/315/248
f 219/279/221 255/329/255 258/317/250
f 218/276/218 236/323/256 255/322/255
f 207/267/209 318/402/315 315/404/317
f 212/266/208 319/405/318 318/402/315
f 215/272/214 331/407/320 319/405/318
f 227/292/230 328/416/327 331/424/320
f 226/289/227 316/417/328 328/416/327
f 342/439/344 237/299/234 234/301/236
f 347/438/343 238/302/237 237/299/234
f 350/444/349 250/473/239 238/302/237
f 362/463/365 247/313/246 250/304/239
f 361/460/362 235/314/247 247/313/246
f 343/452/355 336/428/336 353/450/353
f 336/428/336 354/453/356 353/450/353
f 339/421/331 366/455/358 354/453/356
f 327/418/329 363/468/363 366/455/358
f 326/415/326 344/462/364 363/461/363
f 315/404/317 264/332/261 261/334/263
f 320/403/316 265/335/264 264/332/261
f 265/335/264 335/433/338 277/337/266
f 335/430/338 274/346/273 277/354/266
f 274/346/273 317/429/337 262/347/274
f 342/439/344 293/368/289 345/437/342
f 345/437/342 296/374/295 346/440/345
f 346/440/345 308/396/311 358/442/347
f 358/457/347 307/390/308 355/451/354
f 307/390/308 343/452/355 355/451/354
f 289/382/301 282/358/282 299/380/299
f 282/358/282 300/383/302 299/380/299
f 285/351/277 312/385/304 300/383/302
f 273/348/275 309/398/309 312/385/304
f 272/345/272 290/392/310 309/391/309
f 261/334/263 156/197/153 153/199/155
f 266/333/262 157/200/156 156/197/153
f 269/339/268 169/202/158 157/200/156
f 281/360/284 166/209/165 169/217/158
f 280/357/281 154/210/166 166/209/165
f 181/248/193 291/367/288 288/369/290
f 193/247/192 292/370/291 291/367/288
f 196/236/185 304/372/293 292/370/291
f 184/234/183 301/381/300 304/387/293
f 183/231/180 289/382/301 301/381/300
f 315/404/317 153/199/155 207/267/209
f 182/259/202 208/278/220 155/223/175
f 289/382/301 154/210/166 263/359/283
f 234/301/236 288/369/290 342/439/344
f 235/314/247 316/417/328 209/291/229
f 343/452/355 262/347/274 317/429/337
f 372/474/153 374/475/154 369/476/155
f 373/477/156 375/478/157 372/474/153
f 385/479/158 376/480/159 373/477/156
f 375/478/157 377/481/160 374/475/154
f 375/478/157 379/482/161 378/483/162
f 386/484/163 379/482/161 376/480/159
f 380/485/164 382/486/165 370/487/166
f 381/488/167 383/489/168 380/490/164
f 393/491/169 384/492/170 381/488/167
f 383/493/168 385/494/158 382/486/165
f 383/489/168 387/495/171 386/496/163
f 394/497/172 387/495/171 384/492/170
f 388/498/173 390/499/174 371/500/175
f 389/501/176 391/502/177 388/498/173
f 377/503/160 392/504/178 389/501/176
f 391/502/177 393/491/169 390/499/174
f 391/502/177 395/505/179 394/497/172
f 378/506/162 395/505/179 392/504/178
f 379/507/161 387/495/171 395/505/179
f 399/508/180 401/509/181 396/510/182
f 400/511/183 402/512/184 399/508/180
f 412/513/185 403/514/186 400/515/183
f 402/516/184 404/517/187 401/518/181
f 402/516/184 406/519/188 405/520/189
f 413/521/190 406/522/188 403/514/186
f 407/523/191 409/524/192 397/525/193
f 408/526/194 410/527/195 407/523/191
f 420/528/196 411/529/197 408/526/194
f 410/527/195 412/513/185 409/524/192
f 410/527/195 414/530/198 413/521/190
f 421/531/199 414/532/198 411/533/197
f 415/534/200 417/535/201 398/536/202
f 416/537/203 418/538/204 415/534/200
f 404/517/187 419/539/205 416/537/203
f 418/538/204 420/540/196 417/535/201
f 418/538/204 422/541/206 421/531/199
f 405/520/189 422/541/206 419/539/205
f 406/519/188 414/532/198 422/541/206
f 426/542/207 428/543/208 423/544/209
f 427/545/210 429/546/211 426/542/207
f 439/547/212 430/548/213 427/545/210
f 429/546/211 431/549/214 428/543/208
f 429/546/211 433/550/215 432/551/216
f 440/552/217 433/550/215 430/548/213
f 434/553/218 436/554/219 424/555/220
f 435/556/221 437/557/222 434/558/218
f 447/559/223 438/560/224 435/556/221
f 437/561/222 439/562/212 436/554/219
f 437/557/222 441/563/225 440/564/217
f 448/565/226 441/563/225 438/560/224
f 442/566/227 444/567/228 425/568/229
f 443/569/230 445/570/231 442/566/227
f 431/571/214 446/572/232 443/569/230
f 445/570/231 447/559/223 444/567/228
f 445/570/231 449/573/233 448/565/226
f 432/574/216 449/573/233 446/572/232
f 433/575/215 441/563/225 449/573/233
f 453/576/234 455/577/235 450/578/236
f 454/579/237 456/580/238 453/576/234
f 466/581/239 457/582/240 454/583/237
f 456/580/238 458/584/241 455/577/235
f 456/580/238 460/585/242 459/586/243
f 467/587/244 460/588/242 457/582/240
f 461/589/245 463/590/246 451/591/247
f 462/592/248 464/593/249 461/589/245
f 474/594/250 465/595/251 462/592/248
f 464/593/249 466/581/239 463/590/246
f 464/593/249 468/596/252 467/587/244
f 475/597/253 468/596/252 465/595/251
f 469/598/254 471/599/255 452/600/256
f 470/601/257 472/602/258 469/598/254
f 458/584/241 473/603/259 470/604/257
f 472/605/258 474/594/250 471/606/255
f 472/605/258 476/607/260 475/597/253
f 459/586/243 476/608/260 473/603/259
f 460/588/242 468/596/252 476/607/260
f 480/609/261 482/610/262 477/611/263
f 481/612/264 483/613/265 480/609/261
f 493/614/266 484/615/267 481/612/264
f 483/613/265 485/616/268 482/610/262
f 483/613/265 487/617/269 486/618/270
f 494/619/271 487/620/269 484/621/267
f 488/622/272 490/623/273 478/624/274
f 489/625/275 491/626/276 488/627/272
f 501/628/277 492/629/278 489/625/275
f 491/630/276 493/631/266 490/623/273
f 491/626/276 495/632/279 494/619/271
f 502/633/280 495/632/279 492/629/278
f 496/634/281 498/635/282 479/636/283
f 497/637/284 499/638/285 496/634/281
f 485/616/268 500/639/286 497/640/284
f 499/638/285 501/628/277 498/635/282
f 499/638/285 503/641/287 502/633/280
f 486/642/270 503/641/287 500/643/286
f 487/620/269 495/632/279 503/641/287
f 507/644/288 509/645/289 504/646/290
f 508/647/291 510/648/292 507/644/288
f 520/649/293 511/650/294 508/647/291
f 510/648/292 512/651/295 509/645/289
f 510/648/292 514/652/296 513/653/297
f 521/654/298 514/655/296 511/656/294
f 515/657/299 517/658/300 505/659/301
f 516/660/302 518/661/303 515/657/299
f 528/662/304 519/663/305 516/660/302
f 518/661/303 520/664/293 517/658/300
f 518/661/303 522/665/306 521/654/298
f 529/666/307 522/665/306 519/663/305
f 523/667/308 525/668/309 506/669/310
f 524/670/311 526/671/312 523/667/308
f 512/651/295 527/672/313 524/673/311
f 526/674/312 528/662/304 525/675/309
f 526/674/312 530/676/314 529/666/307
f 513/677/297 530/676/314 527/678/313
f 514/655/296 522/665/306 530/676/314
f 534/679/315 536/680/316 531/681/317
f 535/682/318 537/683/319 534/679/315
f 547/684/320 538/685/321 535/682/318
f 537/683/319 539/686/322 536/680/316
f 537/683/319 541/687/323 540/688/324
f 548/689/325 541/690/323 538/691/321
f 542/692/326 544/693/327 532/694/328
f 543/695/329 545/696/330 542/697/326
f 555/698/331 546/699/332 543/695/329
f 545/700/330 547/701/320 544/693/327
f 545/696/330 549/702/333 548/689/325
f 556/703/334 549/702/333 546/699/332
f 550/704/335 552/705/336 533/706/337
f 551/707/338 553/708/339 550/704/335
f 539/686/322 554/709/340 551/710/338
f 553/708/339 555/698/331 552/705/336
f 553/708/339 557/711/341 556/703/334
f 540/712/324 557/711/341 554/713/340
f 541/690/323 549/702/333 557/711/341
f 561/714/342 563/715/343 558/716/344
f 562/717/345 564/718/346 561/714/342
f 574/719/347 565/720/348 562/717/345
f 564/718/346 566/721/349 563/715/343
f 564/718/346 568/722/350 567/723/351
f 575/724/352 568/725/350 565/726/348
f 569/727/353 571/728/354 559/729/355
f 570/730/356 572/731/357 569/727/353
f 582/732/358 573/733/359 570/730/356
f 572/731/357 574/734/347 571/728/354
f 572/731/357 576/735/360 575/724/352
f 583/736/361 576/735/360 573/733/359
f 577/737/362 579/738/363 560/739/364
f 578/740/365 580/741/366 577/737/362
f 566/721/349 581/742/367 578/743/365
f 580/744/366 582/732/358 579/745/363
f 580/744/366 584/746/368 583/736/361
f 567/747/351 584/746/368 581/748/367
f 568/725/350 576/735/360 584/746/368
f 369/476/155 426/542/207 423/544/209
f 374/475/154 427/545/210 426/542/207
f 377/481/160 439/547/212 427/545/210
f 389/501/176 436/554/219 439/562/212
f 388/498/173 424/555/220 436/554/219
f 370/487/166 401/509/181 380/485/164
f 401/518/181 381/488/167 380/490/164
f 404/517/187 393/491/169 381/488/167
f 416/537/203 390/499/174 393/491/169
f 415/534/200 371/500/175 390/499/174
f 450/578/236 407/523/191 397/525/193
f 455/577/235 408/526/194 407/523/191
f 458/584/241 420/528/196 408/526/194
f 470/601/257 417/535/201 420/540/196
f 469/598/254 398/536/202 417/535/201
f 425/568/229 461/589/245 451/591/247
f 444/567/228 462/592/248 461/589/245
f 447/559/223 474/594/250 462/592/248
f 435/556/221 471/606/255 474/594/250
f 471/599/255 424/555/220 452/600/256
f 531/681/317 428/543/208 534/679/315
f 428/543/208 535/682/318 534/679/315
f 431/549/214 547/684/320 535/682/318
f 443/569/230 544/693/327 547/701/320
f 442/566/227 532/694/328 544/693/327
f 558/716/344 453/576/234 450/578/236
f 563/715/343 454/579/237 453/576/234
f 454/579/237 578/743/365 466/749/239
f 578/740/365 463/590/246 466/581/239
f 463/590/246 560/739/364 451/591/247
f 533/706/337 569/727/353 559/729/355
f 552/705/336 570/730/356 569/727/353
f 555/698/331 582/732/358 570/730/356
f 543/695/329 579/745/363 582/732/358
f 579/738/363 532/694/328 560/739/364
f 531/681/317 480/609/261 477/611/263
f 536/680/316 481/612/264 480/609/261
f 539/686/322 493/614/266 481/612/264
f 551/707/338 490/623/273 493/631/266
f 550/704/335 478/624/274 490/623/273
f 504/646/290 561/714/342 558/716/344
f 509/645/289 562/717/345 561/714/342
f 512/651/295 574/719/347 562/717/345
f 524/670/311 571/728/354 574/734/347
f 523/667/308 559/729/355 571/728/354
f 479/636/283 515/657/299 505/659/301
f 498/635/282 516/660/302 515/657/299
f 501/628/277 528/662/304 516/660/302
f 528/662/304 488/627/272 525/675/309
f 525/668/309 478/624/274 506/669/310
f 477/611/263 372/474/153 369/476/155
f 482/610/262 373/477/156 372/474/153
f 373/477/156 497/640/284 385/479/158
f 497/637/284 382/486/165 385/494/158
f 382/486/165 479/636/283 370/487/166
f 504/646/290 409/524/192 507/644/288
f 409/524/192 508/647/291 507/644/288
f 508/647/291 400/515/183 520/649/293
f 400/511/183 517/658/300 520/664/293
f 399/508/180 505/659/301 517/658/300
f 531/681/317 369/476/155 423/544/209
f 398/536/202 424/555/220 371/500/175
f 505/659/301 370/487/166 479/636/283
f 450/578/236 504/646/290 558/716/344
f 451/591/247 532/694/328 425/568/229
f 559/729/355 478/624/274 533/706/337
f 586/750/369 605/751/370 585/752/370
f 587/753/371 606/754/369 586/750/369
f 588/755/372 607/756/371 587/757/371
f 589/758/373 608/759/372 588/755/372
f 590/760/374 609/761/373 589/758/373
f 591/762/375 610/763/374 590/760/374
f 592/764/376 611/765/375 591/762/375
f 593/766/377 612/767/376 592/764/376
f 594/768/378 613/769/377 593/770/377
f 595/771/379 614/772/378 594/768/378
f 596/773/380 615/774/379 595/771/379
f 597/775/381 616/776/380 596/773/380
f 598/777/382 617/778/381 597/779/381
f 599/780/383 618/781/382 598/777/382
f 600/782/384 619/783/383 599/780/383
f 601/784/385 620/785/384 600/782/384
f 602/786/386 621/787/385 601/784/385
f 603/788/387 622/789/386 602/786/386
f 604/790/388 623/791/387 603/792/387
f 585/752/370 624/793/388 604/790/388
f 597/794/389 589/795/389 585/796/389
f 612/797/390 620/798/390 624/799/390
f 628/800/153 630/801/154 625/802/155
f 629/803/156 631/804/157 628/800/153
f 641/805/158 632/806/159 629/803/156
f 631/804/157 633/807/160 630/801/154
f 631/804/157 635/808/161 634/809/162
f 642/810/163 635/808/161 632/806/159
f 636/811/164 638/812/165 626/813/166
f 637/814/167 639/815/168 636/816/164
f 649/817/169 640/818/170 637/814/167
f 639/819/168 641/820/158 638/812/165
f 639/815/168 643/821/171 642/822/163
f 650/823/172 643/821/171 640/818/170
f 644/824/173 646/825/174 627/826/175
f 645/827/176 647/828/177 644/824/173
f 633/829/160 648/830/178 645/827/176
f 647/828/177 649/817/169 646/825/174
f 647/828/177 651/831/179 650/823/172
f 634/832/162 651/831/179 648/830/178
f 635/833/161 643/821/171 651/831/179
f 655/834/180 657/835/181 652/836/182
f 656/837/183 658/838/184 655/834/180
f 668/839/185 659/840/186 656/841/183
f 658/842/184 660/843/187 657/844/181
f 658/842/184 662/845/188 661/846/189
f 669/847/190 662/848/188 659/840/186
f 663/849/191 665/850/192 653/851/193
f 664/852/194 666/853/195 663/849/191
f 676/854/196 667/855/197 664/852/194
f 666/853/195 668/839/185 665/850/192
f 666/853/195 670/856/198 669/847/190
f 677/857/199 670/858/198 667/859/197
f 671/860/200 673/861/201 654/862/202
f 672/863/203 674/864/204 671/860/200
f 660/843/187 675/865/205 672/863/203
f 674/864/204 676/866/196 673/861/201
f 674/864/204 678/867/206 677/857/199
f 661/846/189 678/867/206 675/865/205
f 662/845/188 670/858/198 678/867/206
f 682/868/207 684/869/208 679/870/209
f 683/871/210 685/872/211 682/868/207
f 695/873/212 686/874/213 683/871/210
f 685/872/211 687/875/214 684/869/208
f 685/872/211 689/876/215 688/877/216
f 696/878/217 689/876/215 686/874/213
f 690/879/218 692/880/219 680/881/220
f 691/882/221 693/883/222 690/884/218
f 703/885/223 694/886/224 691/882/221
f 693/887/222 695/888/212 692/880/219
f 693/883/222 697/889/225 696/890/217
f 704/891/226 697/889/225 694/886/224
f 698/892/227 700/893/228 681/894/229
f 699/895/230 701/896/231 698/892/227
f 687/897/214 702/898/232 699/895/230
f 701/896/231 703/885/223 700/893/228
f 701/896/231 705/899/233 704/891/226
f 688/900/216 705/899/233 702/898/232
f 689/901/215 697/889/225 705/899/233
f 709/902/234 711/903/235 706/904/236
f 710/905/237 712/906/238 709/902/234
f 722/907/239 713/908/240 710/909/237
f 712/906/238 714/910/241 711/903/235
f 712/906/238 716/911/242 715/912/243
f 723/913/244 716/914/242 713/908/240
f 717/915/245 719/916/246 707/917/247
f 718/918/248 720/919/249 717/915/245
f 730/920/250 721/921/251 718/918/248
f 720/919/249 722/907/239 719/916/246
f 720/919/249 724/922/252 723/913/244
f 731/923/253 724/922/252 721/921/251
f 725/924/254 727/925/255 708/926/256
f 726/927/257 728/928/258 725/924/254
f 714/910/241 729/929/259 726/930/257
f 728/931/258 730/920/250 727/932/255
f 728/931/258 732/933/260 731/923/253
f 715/912/243 732/934/260 729/929/259
f 716/914/242 724/922/252 732/933/260
f 736/935/261 738/936/262 733/937/263
f 737/938/264 739/939/265 736/935/261
f 749/940/266 740/941/267 737/938/264
f 739/939/265 741/942/268 738/936/262
f 739/939/265 743/943/269 742/944/270
f 750/945/271 743/946/269 740/947/267
f 744/948/272 746/949/273 734/950/274
f 745/951/275 747/952/276 744/953/272
f 757/954/277 748/955/278 745/951/275
f 747/956/276 749/957/266 746/949/273
f 747/952/276 751/958/279 750/945/271
f 758/959/280 751/958/279 748/955/278
f 752/960/281 754/961/282 735/962/283
f 753/963/284 755/964/285 752/960/281
f 741/942/268 756/965/286 753/966/284
f 755/964/285 757/954/277 754/961/282
f 755/964/285 759/967/287 758/959/280
f 742/968/270 759/967/287 756/969/286
f 743/946/269 751/958/279 759/967/287
f 763/970/288 765/971/289 760/972/290
f 764/973/291 766/974/292 763/970/288
f 776/975/293 767/976/294 764/973/291
f 766/974/292 768/977/295 765/971/289
f 766/974/292 770/978/296 769/979/297
f 777/980/298 770/981/296 767/982/294
f 771/983/299 773/984/300 761/985/301
f 772/986/302 774/987/303 771/983/299
f 784/988/304 775/989/305 772/986/302
f 774/987/303 776/990/293 773/984/300
f 774/987/303 778/991/306 777/980/298
f 785/992/307 778/991/306 775/989/305
f 779/993/308 781/994/309 762/995/310
f 780/996/311 782/997/312 779/993/308
f 768/977/295 783/998/313 780/999/311
f 782/1000/312 784/988/304 781/1001/309
f 782/1000/312 786/1002/314 785/992/307
f 769/1003/297 786/1002/314 783/1004/313
f 770/981/296 778/991/306 786/1002/314
f 790/1005/315 792/1006/316 787/1007/317
f 791/1008/318 793/1009/319 790/1005/315
f 803/1010/320 794/1011/321 791/1008/318
f 793/1009/319 795/1012/322 792/1006/316
f 793/1009/319 797/1013/323 796/1014/324
f 804/1015/325 797/1016/323 794/1017/321
f 798/1018/326 800/1019/327 788/1020/328
f 799/1021/329 801/1022/330 798/1023/326
f 811/1024/331 802/1025/332 799/1021/329
f 801/1026/330 803/1027/320 800/1019/327
f 801/1022/330 805/1028/333 804/1015/325
f 812/1029/334 805/1028/333 802/1025/332
f 806/1030/335 808/1031/336 789/1032/337
f 807/1033/338 809/1034/339 806/1030/335
f 795/1012/322 810/1035/340 807/1036/338
f 809/1034/339 811/1024/331 808/1031/336
f 809/1034/339 813/1037/341 812/1029/334
f 796/1038/324 813/1037/341 810/1039/340
f 797/1016/323 805/1028/333 813/1037/341
f 817/1040/342 819/1041/343 814/1042/344
f 818/1043/345 820/1044/346 817/1040/342
f 830/1045/347 821/1046/348 818/1043/345
f 820/1044/346 822/1047/349 819/1041/343
f 820/1044/346 824/1048/350 823/1049/351
f 831/1050/352 824/1051/350 821/1052/348
f 825/1053/353 827/1054/354 815/1055/355
f 826/1056/356 828/1057/357 825/1053/353
f 838/1058/358 829/1059/359 826/1056/356
f 828/1057/357 830/1060/347 827/1054/354
f 828/1057/357 832/1061/360 831/1050/352
f 839/1062/361 832/1061/360 829/1059/359
f 833/1063/362 835/1064/363 816/1065/364
f 834/1066/365 836/1067/366 833/1063/362
f 822/1047/349 837/1068/367 834/1069/365
f 836/1070/366 838/1058/358 835/1071/363
f 836/1070/366 840/1072/368 839/1062/361
f 823/1073/351 840/1072/368 837/1074/367
f 824/1051/350 832/1061/360 840/1072/368
f 625/802/155 682/868/207 679/870/209
f 630/801/154 683/871/210 682/868/207
f 633/807/160 695/873/212 683/871/210
f 645/827/176 692/880/219 695/888/212
f 644/824/173 680/881/220 692/880/219
f 626/813/166 657/835/181 636/811/164
f 657/844/181 637/814/167 636/816/164
f 660/843/187 649/817/169 637/814/167
f 672/863/203 646/825/174 649/817/169
f 671/860/200 627/826/175 646/825/174
f 706/904/236 663/849/191 653/851/193
f 711/903/235 664/852/194 663/849/191
f 714/910/241 676/854/196 664/852/194
f 726/927/257 673/861/201 676/866/196
f 725/924/254 654/862/202 673/861/201
f 681/894/229 717/915/245 707/917/247
f 717/915/245 703/885/223 718/918/248
f 703/885/223 730/920/250 718/918/248
f 691/882/221 727/932/255 730/920/250
f 690/879/218 708/926/256 727/925/255
f 679/870/209 790/1005/315 787/1007/317
f 684/869/208 791/1008/318 790/1005/315
f 687/875/214 803/1010/320 791/1008/318
f 699/895/230 800/1019/327 803/1027/320
f 800/1019/327 681/894/229 788/1020/328
f 706/904/236 819/1041/343 709/902/234
f 819/1041/343 710/905/237 709/902/234
f 710/905/237 834/1069/365 722/1075/239
f 834/1066/365 719/916/246 722/907/239
f 833/1063/362 707/917/247 719/916/246
f 789/1032/337 825/1053/353 815/1055/355
f 808/1031/336 826/1056/356 825/1053/353
f 826/1056/356 799/1021/329 838/1058/358
f 799/1021/329 835/1071/363 838/1058/358
f 835/1064/363 788/1020/328 816/1065/364
f 787/1007/317 736/935/261 733/937/263
f 792/1006/316 737/938/264 736/935/261
f 795/1012/322 749/940/266 737/938/264
f 807/1033/338 746/949/273 749/957/266
f 806/1030/335 734/950/274 746/949/273
f 760/972/290 817/1040/342 814/1042/344
f 765/971/289 818/1043/345 817/1040/342
f 768/977/295 830/1045/347 818/1043/345
f 780/996/311 827/1054/354 830/1060/347
f 779/993/308 815/1055/355 827/1054/354
f 735/962/283 771/983/299 761/985/301
f 754/961/282 772/986/302 771/983/299
f 772/986/302 745/951/275 784/988/304
f 745/951/275 781/1001/309 784/988/304
f 744/948/272 762/995/310 781/994/309
f 625/802/155 738/936/262 628/800/153
f 738/936/262 629/803/156 628/800/153
f 629/803/156 753/966/284 641/805/158
f 753/963/284 638/812/165 641/820/158
f 752/960/281 626/813/166 638/812/165
f 653/851/193 763/970/288 760/972/290
f 665/850/192 764/973/291 763/970/288
f 764/973/291 656/841/183 776/975/293
f 656/837/183 773/984/300 776/990/293
f 773/984/300 652/836/182 761/985/301
f 787/1007/317 625/802/155 679/870/209
f 654/862/202 680/881/220 627/826/175
f 761/985/301 626/813/166 735/962/283
f 706/904/236 760/972/290 814/1042/344
f 707/917/247 788/1020/328 681/894/229
f 815/1055/355 734/950/274 789/1032/337
f 842/1076/369 861/1077/370 841/1078/370
f 843/1079/371 862/1080/369 842/1076/369
f 844/1081/372 863/1082/371 843/1083/371
f 845/1084/373 864/1085/372 844/1081/372
f 846/1086/374 865/1087/373 845/1084/373
f 847/1088/375 866/1089/374 846/1086/374
f 848/1090/376 867/1091/375 847/1088/375
f 849/1092/377 868/1093/376 848/1090/376
f 850/1094/378 869/1095/377 849/1096/377
f 851/1097/379 870/1098/378 850/1094/378
f 852/1099/380 871/1100/379 851/1097/379
f 853/1101/381 872/1102/380 852/1099/380
f 854/1103/382 873/1104/381 853/1105/381
f 855/1106/383 874/1107/382 854/1103/382
f 856/1108/384 875/1109/383 855/1106/383
f 857/1110/385 876/1111/384 856/1108/384
f 858/1112/386 877/1113/385 857/1110/385
f 859/1114/387 878/1115/386 858/1112/386
f 860/1116/388 879/1117/387 859/1118/387
f 841/1078/370 880/1119/388 860/1116/388
f 853/1120/389 845/1121/389 841/1122/389
f 868/1123/390 876/1124/390 880/1125/390
f 884/1126/1 886/1127/2 881/1128/3
f 885/1129/4 887/1130/5 884/1126/1
f 887/1130/5 896/1131/6 886/1127/2
f 887/1130/5 889/1132/391 899/1133/8
f 890/1134/9 892/1135/10 882/1136/11
f 891/1137/12 893/1138/13 890/1139/9
f 893/1140/13 885/1141/4 892/1135/10
f 893/1138/13 889/1142/391 888/1143/14
f 895/1144/15 897/1145/16 883/1146/17
f 896/1147/6 898/1148/18 895/1144/15
f 898/1148/18 891/1137/12 897/1145/16
f 898/1148/18 889/1142/391 894/1149/19
f 903/1150/20 905/1151/21 900/1152/22
f 904/1153/23 906/1154/24 903/1150/20
f 906/1155/24 915/1156/25 905/1157/21
f 906/1155/24 908/1158/392 918/1159/27
f 909/1160/28 911/1161/29 901/1162/30
f 910/1163/31 912/1164/32 909/1160/28
f 912/1164/32 904/1165/23 911/1161/29
f 912/1164/32 908/1166/392 907/1167/33
f 914/1168/34 916/1169/35 902/1170/36
f 915/1156/25 917/1171/37 914/1168/34
f 917/1171/37 910/1172/31 916/1169/35
f 917/1171/37 908/1158/392 913/1173/38
f 922/1174/39 924/1175/40 919/1176/41
f 923/1177/42 925/1178/43 922/1174/39
f 925/1178/43 934/1179/44 924/1175/40
f 925/1178/43 927/1180/393 937/1181/46
f 928/1182/47 930/1183/48 920/1184/49
f 929/1185/50 931/1186/51 928/1187/47
f 931/1188/51 923/1189/42 930/1183/48
f 931/1186/51 927/1190/393 926/1191/52
f 933/1192/53 935/1193/54 921/1194/55
f 934/1195/44 936/1196/56 933/1192/53
f 936/1196/56 929/1185/50 935/1193/54
f 936/1196/56 927/1190/393 932/1197/57
f 941/1198/58 943/1199/59 938/1200/60
f 942/1201/61 944/1202/62 941/1198/58
f 944/1202/62 953/1203/63 943/1199/59
f 944/1202/62 946/1204/394 956/1205/65
f 947/1206/66 949/1207/67 939/1208/68
f 948/1209/69 950/1210/70 947/1206/66
f 950/1210/70 942/1211/61 949/1207/67
f 950/1210/70 946/1212/394 945/1213/71
f 952/1214/72 954/1215/73 940/1216/74
f 953/1217/63 955/1218/75 952/1214/72
f 955/1219/75 948/1209/69 954/1220/73
f 955/1219/75 946/1212/394 951/1221/76
f 960/1222/77 962/1223/78 957/1224/79
f 961/1225/80 963/1226/81 960/1222/77
f 963/1226/81 972/1227/82 962/1223/78
f 963/1226/81 965/1228/395 975/1229/84
f 966/1230/85 968/1231/86 958/1232/87
f 967/1233/88 969/1234/89 966/1230/85
f 969/1234/89 961/1235/80 968/1231/86
f 969/1234/89 965/1236/395 964/1237/90
f 971/1238/91 973/1239/92 959/1240/93
f 972/1241/82 974/1242/94 971/1238/91
f 974/1242/94 967/1233/88 973/1239/92
f 974/1242/94 965/1236/395 970/1243/95
f 979/1244/96 981/1245/97 976/1246/98
f 980/1247/99 982/1248/100 979/1244/96
f 982/1248/100 991/1249/101 981/1245/97
f 982/1248/100 984/1250/396 994/1251/103
f 985/1252/104 987/1253/105 977/1254/106
f 986/1255/107 988/1256/108 985/1252/104
f 988/1256/108 980/1257/99 987/1253/105
f 988/1256/108 984/1258/396 983/1259/109
f 990/1260/110 992/1261/111 978/1262/112
f 991/1263/101 993/1264/113 990/1260/110
f 993/1264/113 986/1255/107 992/1261/111
f 993/1264/113 984/1258/396 989/1265/114
f 998/1266/115 1000/1267/116 995/1268/117
f 999/1269/118 1001/1270/119 998/1266/115
f 1001/1270/119 1010/1271/120 1000/1267/116
f 1001/1270/119 1003/1272/121 1013/1273/122
f 1004/1274/123 1006/1275/124 996/1276/125
f 1005/1277/126 1007/1278/127 1004/1279/123
f 1007/1280/127 999/1281/118 1006/1275/124
f 1007/1278/127 1003/1282/121 1002/1283/128
f 1009/1284/129 1011/1285/130 997/1286/131
f 1010/1287/120 1012/1288/132 1009/1284/129
f 1012/1288/132 1005/1277/126 1011/1285/130
f 1012/1288/132 1003/1282/121 1008/1289/133
f 1017/1290/134 1019/1291/135 1014/1292/136
f 1018/1293/137 1020/1294/138 1017/1290/134
f 1020/1294/138 1029/1295/139 1019/1291/135
f 1020/1294/138 1022/1296/397 1032/1297/141
f 1023/1298/142 1025/1299/143 1015/1300/144
f 1024/1301/145 1026/1302/146 1023/1298/142
f 1026/1302/146 1018/1303/137 1025/1299/143
f 1026/1302/146 1022/1304/397 1021/1305/147
f 1028/1306/148 1030/1307/149 1016/1308/150
f 1029/1309/139 1031/1310/151 1028/1306/148
f 1031/1311/151 1024/1301/145 1030/1312/149
f 1031/1311/151 1022/1304/397 1027/1313/152
f 881/1128/3 922/1174/39 919/1176/41
f 886/1127/2 923/1177/42 922/1174/39
f 896/1147/6 930/1183/48 923/1189/42
f 895/1144/15 920/1184/49 930/1183/48
f 900/1152/22 890/1134/9 882/1136/11
f 905/1157/21 891/1137/12 890/1139/9
f 915/1156/25 897/1145/16 891/1137/12
f 914/1168/34 883/1146/17 897/1145/16
f 938/1200/60 909/1160/28 901/1162/30
f 943/1199/59 910/1163/31 909/1160/28
f 953/1217/63 916/1169/35 910/1172/31
f 952/1214/72 902/1170/36 916/1169/35
f 921/1194/55 947/1206/66 939/1208/68
f 935/1193/54 948/1209/69 947/1206/66
f 929/1185/50 954/1220/73 948/1209/69
f 928/1182/47 940/1216/74 954/1215/73
f 919/1176/41 998/1266/115 995/1268/117
f 924/1175/40 999/1269/118 998/1266/115
f 934/1195/44 1006/1275/124 999/1281/118
f 933/1192/53 996/1276/125 1006/1275/124
f 1014/1292/136 941/1198/58 938/1200/60
f 1019/1291/135 942/1201/61 941/1198/58
f 1029/1309/139 949/1207/67 942/1211/61
f 1028/1306/148 939/1208/68 949/1207/67
f 997/1286/131 1023/1298/142 1015/1300/144
f 1011/1285/130 1024/1301/145 1023/1298/142
f 1024/1301/145 1004/1279/123 1030/1312/149
f 1004/1274/123 1016/1308/150 1030/1307/149
f 995/1268/117 960/1222/77 957/1224/79
f 1000/1267/116 961/1225/80 960/1222/77
f 1010/1287/120 968/1314/86 961/1315/80
f 1009/1284/129 958/1316/87 968/1314/86
f 976/1246/98 1017/1290/134 1014/1292/136
f 981/1245/97 1018/1293/137 1017/1290/134
f 991/1317/101 1025/1299/143 1018/1303/137
f 990/1318/110 1015/1300/144 1025/1299/143
f 959/1240/93 985/1252/104 977/1254/106
f 973/1239/92 986/1255/107 985/1252/104
f 967/1233/88 992/1261/111 986/1255/107
f 966/1319/85 978/1320/112 992/1321/111
f 957/1224/79 884/1126/1 881/1128/3
f 962/1223/78 885/1129/4 884/1126/1
f 972/1241/82 892/1135/10 885/1141/4
f 971/1238/91 882/1136/11 892/1135/10
f 901/1162/30 979/1244/96 976/1246/98
f 911/1161/29 980/1247/99 979/1244/96
f 904/1153/23 987/1253/105 980/1257/99
f 903/1150/20 977/1254/106 987/1253/105
f 995/1268/117 881/1128/3 919/1176/41
f 902/1170/36 920/1184/49 883/1146/17
f 977/1254/106 882/1136/11 959/1240/93
f 938/1200/60 976/1246/98 1014/1292/136
f 939/1208/68 996/1276/125 921/1194/55
f 1015/1300/144 958/1316/87 997/1286/131
f 1036/1322/1 1038/1323/2 1033/1324/3
f 1037/1325/4 1039/1326/5 1036/1322/1
f 1039/1326/5 1048/1327/6 1038/1323/2
f 1039/1326/5 1041/1328/391 1051/1329/8
f 1042/1330/9 1044/1331/10 1034/1332/11
f 1043/1333/12 1045/1334/13 1042/1335/9
f 1045/1336/13 1037/1337/4 1044/1331/10
f 1045/1334/13 1041/1338/391 1040/1339/14
f 1047/1340/15 1049/1341/16 1035/1342/17
f 1048/1343/6 1050/1344/18 1047/1340/15
f 1050/1344/18 1043/1333/12 1049/1341/16
f 1050/1344/18 1041/1338/391 1046/1345/19
f 1055/1346/20 1057/1347/21 1052/1348/22
f 1056/1349/23 1058/1350/24 1055/1346/20
f 1058/1351/24 1067/1352/25 1057/1353/21
f 1058/1351/24 1060/1354/398 1070/1355/27
f 1061/1356/28 1063/1357/29 1053/1358/30
f 1062/1359/31 1064/1360/32 1061/1356/28
f 1064/1360/32 1056/1361/23 1063/1357/29
f 1064/1360/32 1060/1362/398 1059/1363/33
f 1066/1364/34 1068/1365/35 1054/1366/36
f 1067/1352/25 1069/1367/37 1066/1364/34
f 1069/1367/37 1062/1368/31 1068/1365/35
f 1069/1367/37 1060/1354/398 1065/1369/38
f 1074/1370/39 1076/1371/40 1071/1372/41
f 1075/1373/42 1077/1374/43 1074/1370/39
f 1077/1374/43 1086/1375/44 1076/1371/40
f 1077/1374/43 1079/1376/45 1089/1377/46
f 1080/1378/47 1082/1379/48 1072/1380/49
f 1081/1381/50 1083/1382/51 1080/1383/47
f 1083/1384/51 1075/1385/42 1082/1379/48
f 1083/1382/51 1079/1386/45 1078/1387/52
f 1085/1388/53 1087/1389/54 1073/1390/55
f 1086/1391/44 1088/1392/56 1085/1388/53
f 1088/1392/56 1081/1381/50 1087/1389/54
f 1088/1392/56 1079/1386/45 1084/1393/57
f 1093/1394/58 1095/1395/59 1090/1396/60
f 1094/1397/61 1096/1398/62 1093/1394/58
f 1096/1398/62 1105/1399/63 1095/1395/59
f 1096/1398/62 1098/1400/399 1108/1401/65
f 1099/1402/66 1101/1403/67 1091/1404/68
f 1100/1405/69 1102/1406/70 1099/1402/66
f 1102/1406/70 1094/1407/61 1101/1403/67
f 1102/1406/70 1098/1408/399 1097/1409/71
f 1104/1410/72 1106/1411/73 1092/1412/74
f 1105/1413/63 1107/1414/75 1104/1410/72
f 1107/1415/75 1100/1405/69 1106/1416/73
f 1107/1415/75 1098/1408/399 1103/1417/76
f 1112/1418/77 1114/1419/78 1109/1420/79
f 1113/1421/80 1115/1422/81 1112/1418/77
f 1115/1422/81 1124/1423/82 1114/1419/78
f 1115/1422/81 1117/1424/400 1127/1425/84
f 1118/1426/85 1120/1427/86 1110/1428/87
f 1119/1429/88 1121/1430/89 1118/1426/85
f 1121/1430/89 1113/1431/80 1120/1427/86
f 1121/1430/89 1117/1432/400 1116/1433/90
f 1123/1434/91 1125/1435/92 1111/1436/93
f 1124/1437/82 1126/1438/94 1123/1434/91
f 1126/1438/94 1119/1429/88 1125/1435/92
f 1126/1438/94 1117/1432/400 1122/1439/95
f 1131/1440/96 1133/1441/97 1128/1442/98
f 1132/1443/99 1134/1444/100 1131/1440/96
f 1134/1444/100 1143/1445/101 1133/1441/97
f 1134/1444/100 1136/1446/401 1146/1447/103
f 1137/1448/104 1139/1449/105 1129/1450/106
f 1138/1451/107 1140/1452/108 1137/1448/104
f 1140/1452/108 1132/1453/99 1139/1449/105
f 1140/1452/108 1136/1454/401 1135/1455/109
f 1142/1456/110 1144/1457/111 1130/1458/112
f 1143/1459/101 1145/1460/113 1142/1456/110
f 1145/1460/113 1138/1451/107 1144/1457/111
f 1145/1460/113 1136/1454/401 1141/1461/114
f 1150/1462/115 1152/1463/116 1147/1464/117
f 1151/1465/118 1153/1466/119 1150/1462/115
f 1153/1466/119 1162/1467/120 1152/1463/116
f 1153/1466/119 1155/1468/121 1165/1469/122
f 1156/1470/123 1158/1471/124 1148/1472/125
f 1157/1473/126 1159/1474/127 1156/1475/123
f 1159/1476/127 1151/1477/118 1158/1471/124
f 1159/1474/127 1155/1478/121 1154/1479/128
f 1161/1480/129 1163/1481/130 1149/1482/131
f 1162/1483/120 1164/1484/132 1161/1480/129
f 1164/1484/132 1157/1473/126 1163/1481/130
f 1164/1484/132 1155/1478/121 1160/1485/133
f 1169/1486/134 1171/1487/135 1166/1488/136
f 1170/1489/137 1172/1490/138 1169/1486/134
f 1172/1490/138 1181/1491/139 1171/1487/135
f 1172/1490/138 1174/1492/402 1184/1493/141
f 1175/1494/142 1177/1495/143 1167/1496/144
f 1176/1497/145 1178/1498/146 1175/1494/142
f 1178/1498/146 1170/1499/137 1177/1495/143
f 1178/1498/146 1174/1500/402 1173/1501/147
f 1180/1502/148 1182/1503/149 1168/1504/150
f 1181/1505/139 1183/1506/151 1180/1502/148
f 1183/1507/151 1176/1497/145 1182/1508/149
f 1183/1507/151 1174/1500/402 1179/1509/152
f 1033/1324/3 1074/1370/39 1071/1372/41
f 1038/1323/2 1075/1373/42 1074/1370/39
f 1048/1343/6 1082/1379/48 1075/1385/42
f 1047/1340/15 1072/1380/49 1082/1379/48
f 1034/1332/11 1057/1347/21 1042/1330/9
f 1057/1353/21 1043/1333/12 1042/1335/9
f 1067/1352/25 1049/1341/16 1043/1333/12
f 1066/1364/34 1035/1342/17 1049/1341/16
f 1090/1396/60 1061/1356/28 1053/1358/30
f 1095/1395/59 1062/1359/31 1061/1356/28
f 1105/1413/63 1068/1365/35 1062/1368/31
f 1104/1410/72 1054/1366/36 1068/1365/35
f 1073/1390/55 1099/1402/66 1091/1404/68
f 1099/1402/66 1081/1381/50 1100/1405/69
f 1081/1381/50 1106/1416/73 1100/1405/69
f 1080/1378/47 1092/1412/74 1106/1411/73
f 1071/1372/41 1150/1462/115 1147/1464/117
f 1076/1371/40 1151/1465/118 1150/1462/115
f 1086/1391/44 1158/1471/124 1151/1477/118
f 1085/1388/53 1148/1472/125 1158/1471/124
f 1166/1488/136 1093/1394/58 1090/1396/60
f 1171/1487/135 1094/1397/61 1093/1394/58
f 1181/1505/139 1101/1403/67 1094/1407/61
f 1180/1502/148 1091/1404/68 1101/1403/67
f 1149/1482/131 1175/1494/142 1167/1496/144
f 1163/1481/130 1176/1497/145 1175/1494/142
f 1157/1473/126 1182/1508/149 1176/1497/145
f 1156/1470/123 1168/1504/150 1182/1503/149
f 1147/1464/117 1112/1418/77 1109/1420/79
f 1152/1463/116 1113/1421/80 1112/1418/77
f 1162/1483/120 1120/1510/86 1113/1511/80
f 1161/1480/129 1110/1512/87 1120/1510/86
f 1128/1442/98 1169/1486/134 1166/1488/136
f 1133/1441/97 1170/1489/137 1169/1486/134
f 1143/1513/101 1177/1495/143 1170/1499/137
f 1142/1514/110 1167/1496/144 1177/1495/143
f 1111/1436/93 1137/1448/104 1129/1450/106
f 1125/1435/92 1138/1451/107 1137/1448/104
f 1119/1429/88 1144/1457/111 1138/1451/107
f 1118/1515/85 1130/1516/112 1144/1517/111
f 1109/1420/79 1036/1322/1 1033/1324/3
f 1114/1419/78 1037/1325/4 1036/1322/1
f 1124/1437/82 1044/1331/10 1037/1337/4
f 1123/1434/91 1034/1332/11 1044/1331/10
f 1053/1358/30 1131/1440/96 1128/1442/98
f 1063/1357/29 1132/1443/99 1131/1440/96
f 1056/1349/23 1139/1449/105 1132/1453/99
f 1055/1346/20 1129/1450/106 1139/1449/105
f 1147/1464/117 1033/1324/3 1071/1372/41
f 1054/1366/36 1072/1380/49 1035/1342/17
f 1129/1450/106 1034/1332/11 1111/1436/93
f 1090/1396/60 1128/1442/98 1166/1488/136
f 1091/1404/68 1148/1472/125 1073/1390/55
f 1167/1496/144 1110/1512/87 1149/1482/131
f 1185/1518/390 1187/1519/390 1186/1520/390
f 1185/1518/390 1188/1521/390 1187/1519/390
f 1185/1518/390 1189/1522/390 1188/1521/390
f 1185/1518/390 1190/1523/390 1189/1522/390
f 1185/1518/390 1191/1524/390 1190/1523/390
f 1185/1518/390 1192/1525/390 1191/1524/390
f 1185/1518/390 1193/1526/390 1192/1525/390
f 1185/1518/390 1194/1527/390 1193/1526/390
f 1185/1518/390 1195/1528/390 1194/1527/390
f 1185/1518/390 1186/1520/390 1195/1528/390
f 1187/1529/388 1196/1530/388 1186/1531/388
f 1188/1532/386 1197/1533/386 1187/1534/386
f 1189/1535/384 1198/1536/384 1188/1532/384
f 1190/1537/382 1199/1538/382 1189/1535/382
f 1191/1539/380 1200/1540/380 1190/1541/380
f 1191/1539/378 1202/1542/378 1201/1543/378
f 1192/1544/376 1203/1545/376 1202/1546/376
f 1194/1547/374 1203/1545/374 1193/1548/374
f 1195/1549/372 1204/1550/372 1194/1547/372
f 1186/1531/369 1205/1551/369 1195/1552/369
f 1196/1553/403 1197/1554/404 1206/1555/389
f 1197/1554/404 1198/1556/405 1206/1555/389
f 1198/1556/405 1199/1557/406 1206/1555/389
f 1199/1557/406 1200/1558/407 1206/1555/389
f 1200/1558/407 1201/1559/408 1206/1555/389
f 1201/1559/408 1202/1560/409 1206/1555/389
f 1202/1560/409 1203/1561/410 1206/1555/389
f 1203/1561/410 1204/1562/411 1206/1555/389
f 1204/1562/411 1205/1563/412 1206/1555/389
f 1205/1563/412 1196/1553/403 1206/1555/389
f 1207/1564/390 1209/1565/390 1208/1566/390
f 1207/1564/390 1210/1567/390 1209/1565/390
f 1207/1564/390 1211/1568/390 1210/1567/390
f 1207/1564/390 1212/1569/390 1211/1568/390
f 1207/1564/390 1213/1570/390 1212/1569/390
f 1207/1564/390 1214/1571/390 1213/1570/390
f 1207/1564/390 1215/1572/390 1214/1571/390
f 1207/1564/390 1216/1573/390 1215/1572/390
f 1207/1564/390 1217/1574/390 1216/1573/390
f 1207/1564/390 1208/1566/390 1217/1574/390
f 1209/1575/388 1218/1576/388 1208/1577/388
f 1210/1578/386 1219/1579/386 1209/1580/386
f 1211/1581/384 1220/1582/384 1210/1578/384
f 1212/1583/382 1221/1584/382 1211/1581/382
f 1213/1585/380 1222/1586/380 1212/1587/380
f 1213/1585/378 1224/1588/378 1223/1589/378
f 1214/1590/376 1225/1591/376 1224/1592/376
f 1216/1593/374 1225/1591/374 1215/1594/374
f 1217/1595/372 1226/1596/372 1216/1593/372
f 1217/1597/369 1218/1576/369 1227/1598/369
f 1218/1599/403 1219/1600/404 1228/1601/389
f 1219/1600/404 1220/1602/405 1228/1601/389
f 1220/1602/405 1221/1603/406 1228/1601/389
f 1221/1603/406 1222/1604/407 1228/1601/389
f 1222/1604/407 1223/1605/408 1228/1601/389
f 1223/1605/408 1224/1606/409 1228/1601/389
f 1224/1606/409 1225/1607/410 1228/1601/389
f 1225/1607/410 1226/1608/411 1228/1601/389
f 1226/1608/411 1227/1609/412 1228/1601/389
f 1227/1609/412 1218/1599/403 1228/1601/389
f 1229/1610/390 1231/1611/390 1230/1612/390
f 1229/1610/390 1232/1613/390 1231/1611/390
f 1229/1610/390 1233/1614/390 1232/1613/390
f 1229/1610/390 1234/1615/390 1233/1614/390
f 1229/1610/390 1235/1616/390 1234/1615/390
f 1229/1610/390 1236/1617/390 1235/1616/390
f 1229/1610/390 1237/1618/390 1236/1617/390
f 1229/1610/390 1238/1619/390 1237/1618/390
f 1229/1610/390 1239/1620/390 1238/1619/390
f 1229/1610/390 1230/1612/390 1239/1620/390
f 1231/1621/388 1240/1622/388 1230/1623/388
f 1232/1624/386 1241/1625/386 1231/1626/386
f 1233/1627/384 1242/1628/384 1232/1624/384
f 1234/1629/382 1243/1630/382 1233/1627/382
f 1235/1631/380 1244/1632/380 1234/1633/380
f 1235/1631/378 1246/1634/378 1245/1635/378
f 1236/1636/376 1247/1637/376 1246/1638/376
f 1238/1639/374 1247/1637/374 1237/1640/374
f 1239/1641/372 1248/1642/372 1238/1639/372
f 1230/1623/369 1249/1643/369 1239/1644/369
f 1240/1645/403 1241/1646/404 1250/1647/389
f 1241/1646/404 1242/1648/405 1250/1647/389
f 1242/1648/405 1243/1649/406 1250/1647/389
f 1243/1649/406 1244/1650/407 1250/1647/389
f 1244/1650/407 1245/1651/408 1250/1647/389
f 1245/1651/408 1246/1652/409 1250/1647/389
f 1246/1652/409 1247/1653/410 1250/1647/389
f 1247/1653/410 1248/1654/411 1250/1647/389
f 1248/1654/411 1249/1655/412 1250/1647/389
f 1249/1655/412 1240/1645/403 1250/1647/389
f 1251/1656/390 1253/1657/390 1252/1658/390
f 1251/1656/390 1254/1659/390 1253/1657/390
f 1251/1656/390 1255/1660/390 1254/1659/390
f 1251/1656/390 1256/1661/390 1255/1660/390
f 1251/1656/390 1257/1662/390 1256/1661/390
f 1251/1656/390 1258/1663/390 1257/1662/390
f 1251/1656/390 1259/1664/390 1258/1663/390
f 1251/1656/390 1260/1665/390 1259/1664/390
f 1251/1656/390 1261/1666/390 1260/1665/390
f 1251/1656/390 1252/1658/390 1261/1666/390
f 1253/1667/388 1262/1668/388 1252/1669/388
f 1254/1670/386 1263/1671/386 1253/1672/386
f 1255/1673/384 1264/1674/384 1254/1670/384
f 1256/1675/382 1265/1676/382 1255/1673/382
f 1257/1677/380 1266/1678/380 1256/1679/380
f 1257/1677/378 1268/1680/378 1267/1681/378
f 1258/1682/376 1269/1683/376 1268/1684/376
f 1260/1685/374 1269/1683/374 1259/1686/374
f 1261/1687/372 1270/1688/372 1260/1685/372
f 1252/1669/369 1271/1689/369 1261/1690/369
f 1262/1691/403 1263/1692/404 1272/1693/389
f 1263/1692/404 1264/1694/405 1272/1693/389
f 1264/1694/405 1265/1695/406 1272/1693/389
f 1265/1695/406 1266/1696/407 1272/1693/389
f 1266/1696/407 1267/1697/408 1272/1693/389
f 1267/1697/408 1268/1698/409 1272/1693/389
f 1268/1698/409 1269/1699/410 1272/1693/389
f 1269/1699/410 1270/1700/411 1272/1693/389
f 1270/1700/411 1271/1701/412 1272/1693/389
f 1271/1701/412 1262/1691/403 1272/1693/389
f 1273/1702/390 1275/1703/390 1274/1704/390
f 1273/1702/390 1276/1705/390 1275/1703/390
f 1273/1702/390 1277/1706/390 1276/1705/390
f 1273/1702/390 1278/1707/390 1277/1706/390
f 1273/1702/390 1279/1708/390 1278/1707/390
f 1273/1702/390 1280/1709/390 1279/1708/390
f 1273/1702/390 1281/1710/390 1280/1709/390
f 1273/1702/390 1282/1711/390 1281/1710/390
f 1273/1702/390 1283/1712/390 1282/1711/390
f 1273/1702/390 1274/1704/390 1283/1712/390
f 1275/1713/388 1284/1714/388 1274/1715/388
f 1276/1716/386 1285/1717/386 1275/1718/386
f 1277/1719/384 1286/1720/384 1276/1716/384
f 1278/1721/382 1287/1722/382 1277/1719/382
f 1279/1723/380 1288/1724/380 1278/1725/380
f 1279/1723/378 1290/1726/378 1289/1727/378
f 1280/1728/376 1291/1729/376 1290/1730/376
f 1282/1731/374 1291/1729/374 1281/1732/374
f 1283/1733/372 1292/1734/372 1282/1731/372
f 1274/1715/369 1293/1735/369 1283/1736/369
f 1284/1737/403 1285/1738/404 1294/1739/389
f 1285/1738/404 1286/1740/405 1294/1739/389
f 1286/1740/405 1287/1741/406 1294/1739/389
f 1287/1741/406 1288/1742/407 1294/1739/389
f 1288/1742/407 1289/1743/408 1294/1739/389
f 1289/1743/408 1290/1744/409 1294/1739/389
f 1290/1744/409 1291/1745/410 1294/1739/389
f 1291/1745/410 1292/1746/411 1294/1739/389
f 1292/1746/411 1293/1747/412 1294/1739/389
f 1293/1747/412 1284/1737/403 1294/1739/389
f 1295/1748/390 1297/1749/390 1296/1750/390
f 1295/1748/390 1298/1751/390 1297/1749/390
f 1295/1748/390 1299/1752/390 1298/1751/390
f 1295/1748/390 1300/1753/390 1299/1752/390
f 1295/1748/390 1301/1754/390 1300/1753/390
f 1295/1748/390 1302/1755/390 1301/1754/390
f 1295/1748/390 1303/1756/390 1302/1755/390
f 1295/1748/390 1304/1757/390 1303/1756/390
f 1295/1748/390 1305/1758/390 1304/1757/390
f 1295/1748/390 1296/1750/390 1305/1758/390
f 1297/1759/388 1306/1760/388 1296/1761/388
f 1298/1762/386 1307/1763/386 1297/1764/386
f 1299/1765/384 1308/1766/384 1298/1762/384
f 1300/1767/382 1309/1768/382 1299/1765/382
f 1301/1769/380 1310/1770/380 1300/1771/380
f 1302/1772/378 1311/1773/378 1301/1769/378
f 1303/1774/376 1312/1775/376 1302/1776/376
f 1304/1777/374 1313/1778/374 1303/1774/374
f 1305/1779/372 1314/1780/372 1304/1777/372
f 1296/1761/369 1315/1781/369 1305/1782/369
f 1306/1783/403 1307/1784/404 1316/1785/389
f 1307/1784/404 1308/1786/405 1316/1785/389
f 1308/1786/405 1309/1787/406 1316/1785/389
f 1309/1787/406 1310/1788/407 1316/1785/389
f 1310/1788/407 1311/1789/408 1316/1785/389
f 1311/1789/408 1312/1790/409 1316/1785/389
f 1312/1790/409 1313/1791/410 1316/1785/389
f 1313/1791/410 1314/1792/411 1316/1785/389
f 1314/1792/411 1315/1793/412 1316/1785/389
f 1315/1793/412 1306/1783/403 1316/1785/389
f 1317/1794/390 1319/1795/390 1318/1796/390
f 1317/1794/390 1320/1797/390 1319/1795/390
f 1317/1794/390 1321/1798/390 1320/1797/390
f 1317/1794/390 1322/1799/390 1321/1798/390
f 1317/1794/390 1323/1800/390 1322/1799/390
f 1317/1794/390 1324/1801/390 1323/1800/390
f 1317/1794/390 1325/1802/390 1324/1801/390
f 1317/1794/390 1326/1803/390 1325/1802/390
f 1317/1794/390 1327/1804/390 1326/1803/390
f 1317/1794/390 1318/1796/390 1327/1804/390
f 1319/1805/388 1328/1806/388 1318/1807/388
f 1320/1808/386 1329/1809/386 1319/1810/386
f 1321/1811/384 1330/1812/384 1320/1808/384
f 1322/1813/382 1331/1814/382 1321/1811/382
f 1323/1815/380 1332/1816/380 1322/1817/380
f 1323/1815/378 1334/1818/378 1333/1819/378
f 1324/1820/376 1335/1821/376 1334/1822/376
f 1326/1823/374 1335/1821/374 1325/1824/374
f 1327/1825/372 1336/1826/372 1326/1823/372
f 1318/1807/369 1337/1827/369 1327/1828/369
f 1328/1829/403 1329/1830/404 1338/1831/389
f 1329/1830/404 1330/1832/405 1338/1831/389
f 1330/1832/405 1331/1833/406 1338/1831/389
f 1331/1833/406 1332/1834/407 1338/1831/389
f 1332/1834/407 1333/1835/408 1338/1831/389
f 1333/1835/408 1334/1836/409 1338/1831/389
f 1334/1836/409 1335/1837/410 1338/1831/389
f 1335/1837/410 1336/1838/411 1338/1831/389
f 1336/1838/411 1337/1839/412 1338/1831/389
f 1337/1839/412 1328/1829/403 1338/1831/389
f 1339/1840/390 1341/1841/390 1340/1842/390
f 1339/1840/390 1342/1843/390 1341/1841/390
f 1339/1840/390 1343/1844/390 1342/1843/390
f 1339/1840/390 1344/1845/390 1343/1844/390
f 1339/1840/390 1345/1846/390 1344/1845/390
f 1339/1840/390 1346/1847/390 1345/1846/390
f 1339/1840/390 1347/1848/390 1346/1847/390
f 1339/1840/390 1348/1849/390 1347/1848/390
f 1339/1840/390 1349/1850/390 1348/1849/390
f 1339/1840/390 1340/1842/390 1349/1850/390
f 1341/1851/388 1350/1852/388 1340/1853/388
f 1342/1854/386 1351/1855/386 1341/1856/386
f 1343/1857/384 1352/1858/384 1342/1854/384
f 1344/1859/382 1353/1860/382 1343/1857/382
f 1345/1861/380 1354/1862/380 1344/1863/380
f 1345/1861/378 1356/1864/378 1355/1865/378
f 1346/1866/376 1357/1867/376 1356/1868/376
f 1348/1869/374 1357/1867/374 1347/1870/374
f 1349/1871/372 1358/1872/372 1348/1869/372
f 1340/1853/369 1359/1873/369 1349/1874/369
f 1350/1875/403 1351/1876/404 1360/1877/389
f 1351/1876/404 1352/1878/405 1360/1877/389
f 1352/1878/405 1353/1879/406 1360/1877/389
f 1353/1879/406 1354/1880/407 1360/1877/389
f 1354/1880/407 1355/1881/408 1360/1877/389
f 1355/1881/408 1356/1882/409 1360/1877/389
f 1356/1882/409 1357/1883/410 1360/1877/389
f 1357/1883/410 1358/1884/411 1360/1877/389
f 1358/1884/411 1359/1885/412 1360/1877/389
f 1359/1885/412 1350/1875/403 1360/1877/389
f 1361/1886/390 1363/1887/390 1362/1888/390
f 1361/1886/390 1364/1889/390 1363/1887/390
f 1361/1886/390 1365/1890/390 1364/1889/390
f 1361/1886/390 1366/1891/390 1365/1890/390
f 1361/1886/390 1367/1892/390 1366/1891/390
f 1361/1886/390 1368/1893/390 1367/1892/390
f 1361/1886/390 1369/1894/390 1368/1893/390
f 1361/1886/390 1370/1895/390 1369/1894/390
f 1361/1886/390 1371/1896/390 1370/1895/390
f 1361/1886/390 1362/1888/390 1371/1896/390
f 1363/1897/388 1372/1898/388 1362/1899/388
f 1364/1900/386 1373/1901/386 1363/1902/386
f 1365/1903/384 1374/1904/384 1364/1900/384
f 1366/1905/382 1375/1906/382 1365/1903/382
f 1367/1907/380 1376/1908/380 1366/1909/380
f 1367/1907/378 1378/1910/378 1377/1911/378
f 1368/1912/376 1379/1913/376 1378/1914/376
f 1370/1915/374 1379/1913/374 1369/1916/374
f 1371/1917/372 1380/1918/372 1370/1915/372
f 1362/1899/369 1381/1919/369 1371/1920/369
f 1372/1921/403 1373/1922/404 1382/1923/389
f 1373/1922/404 1374/1924/405 1382/1923/389
f 1374/1924/405 1375/1925/406 1382/1923/389
f 1375/1925/406 1376/1926/407 1382/1923/389
f 1376/1926/407 1377/1927/408 1382/1923/389
f 1377/1927/408 1378/1928/409 1382/1923/389
f 1378/1928/409 1379/1929/410 1382/1923/389
f 1379/1929/410 1380/1930/411 1382/1923/389
f 1380/1930/411 1381/1931/412 1382/1923/389
f 1381/1931/412 1372/1921/403 1382/1923/389
f 1383/1932/390 1385/1933/390 1384/1934/390
f 1383/1932/390 1386/1935/390 1385/1933/390
f 1383/1932/390 1387/1936/390 1386/1935/390
f 1383/1932/390 1388/1937/390 1387/1936/390
f 1383/1932/390 1389/1938/390 1388/1937/390
f 1383/1932/390 1390/1939/390 1389/1938/390
f 1383/1932/390 1391/1940/390 1390/1939/390
f 1383/1932/390 1392/1941/390 1391/1940/390
f 1383/1932/390 1393/1942/390 1392/1941/390
f 1383/1932/390 1384/1934/390 1393/1942/390
f 1385/1943/388 1394/1944/388 1384/1945/388
f 1386/1946/386 1395/1947/386 1385/1948/386
f 1387/1949/384 1396/1950/384 1386/1946/384
f 1388/1951/382 1397/1952/382 1387/1949/382
f 1389/1953/380 1398/1954/380 1388/1955/380
f 1390/1956/378 1399/1957/378 1389/1953/378
f 1391/1958/376 1400/1959/376 1390/1960/376
f 1392/1961/374 1401/1962/374 1391/1958/374
f 1393/1963/372 1402/1964/372 1392/1961/372
f 1393/1965/369 1394/1944/369 1403/1966/369
f 1394/1967/403 1395/1968/404 1404/1969/389
f 1395/1968/404 1396/1970/405 1404/1969/389
f 1396/1970/405 1397/1971/406 1404/1969/389
f 1397/1971/406 1398/1972/407 1404/1969/389
f 1398/1972/407 1399/1973/408 1404/1969/389
f 1399/1973/408 1400/1974/409 1404/1969/389
f 1400/1974/409 1401/1975/410 1404/1969/389
f 1401/1975/410 1402/1976/411 1404/1969/389
f 1402/1976/411 1403/1977/412 1404/1969/389
f 1403/1977/412 1394/1967/403 1404/1969/389
f 1405/1978/390 1407/1979/390 1406/1980/390
f 1405/1978/390 1408/1981/390 1407/1979/390
f 1405/1978/390 1409/1982/390 1408/1981/390
f 1405/1978/390 1410/1983/390 1409/1982/390
f 1405/1978/390 1411/1984/390 1410/1983/390
f 1405/1978/390 1412/1985/390 1411/1984/390
f 1405/1978/390 1413/1986/390 1412/1985/390
f 1405/1978/390 1414/1987/390 1413/1986/390
f 1405/1978/390 1415/1988/390 1414/1987/390
f 1405/1978/390 1406/1980/390 1415/1988/390
f 1407/1989/388 1416/1990/388 1406/1991/388
f 1408/1992/386 1417/1993/386 1407/1994/386
f 1409/1995/384 1418/1996/384 1408/1992/384
f 1410/1997/382 1419/1998/382 1409/1995/382
f 1411/1999/380 1420/2000/380 1410/2001/380
f 1412/2002/378 1421/2003/378 1411/1999/378
f 1412/2004/376 1423/2005/376 1422/2006/376
f 1414/2007/374 1423/2005/374 1413/2008/374
f 1415/2009/372 1424/2010/372 1414/2007/372
f 1415/2011/369 1416/1990/369 1425/2012/369
f 1416/2013/403 1417/2014/404 1426/2015/389
f 1417/2014/404 1418/2016/405 1426/2015/389
f 1418/2016/405 1419/2017/406 1426/2015/389
f 1419/2017/406 1420/2018/407 1426/2015/389
f 1420/2018/407 1421/2019/408 1426/2015/389
f 1421/2019/408 1422/2020/409 1426/2015/389
f 1422/2020/409 1423/2021/410 1426/2015/389
f 1423/2021/410 1424/2022/411 1426/2015/389
f 1424/2022/411 1425/2023/412 1426/2015/389
f 1425/2023/412 1416/2013/403 1426/2015/389
f 1427/2024/390 1429/2025/390 1428/2026/390
f 1427/2024/390 1430/2027/390 1429/2025/390
f 1427/2024/390 1431/2028/390 1430/2027/390
f 1427/2024/390 1432/2029/390 1431/2028/390
f 1427/2024/390 1433/2030/390 1432/2029/390
f 1427/2024/390 1434/2031/390 1433/2030/390
f 1427/2024/390 1435/2032/390 1434/2031/390
f 1427/2024/390 1436/2033/390 1435/2032/390
f 1427/2024/390 1437/2034/390 1436/2033/390
f 1427/2024/390 1428/2026/390 1437/2034/390
f 1429/2035/388 1438/2036/388 1428/2037/388
f 1430/2038/386 1439/2039/386 1429/2040/386
f 1431/2041/384 1440/2042/384 1430/2038/384
f 1432/2043/382 1441/2044/382 1431/2041/382
f 1433/2045/380 1442/2046/380 1432/2047/380
f 1433/2045/378 1444/2048/378 1443/2049/378
f 1434/2050/376 1445/2051/376 1444/2052/376
f 1436/2053/374 1445/2051/374 1435/2054/374
f 1437/2055/372 1446/2056/372 1436/2053/372
f 1428/2037/369 1447/2057/369 1437/2058/369
f 1438/2059/403 1439/2060/404 1448/2061/389
f 1439/2060/404 1440/2062/405 1448/2061/389
f 1440/2062/405 1441/2063/406 1448/2061/389
f 1441/2063/406 1442/2064/407 1448/2061/389
f 1442/2064/407 1443/2065/408 1448/2061/389
f 1443/2065/408 1444/2066/409 1448/2061/389
f 1444/2066/409 1445/2067/410 1448/2061/389
f 1445/2067/410 1446/2068/411 1448/2061/389
f 1446/2068/411 1447/2069/412 1448/2061/389
f 1447/2069/412 1438/2059/403 1448/2061/389
f 1449/2070/390 1451/2071/390 1450/2072/390
f 1449/2070/390 1452/2073/390 1451/2071/390
f 1449/2070/390 1453/2074/390 1452/2073/390
f 1449/2070/390 1454/2075/390 1453/2074/390
f 1449/2070/390 1455/2076/390 1454/2075/390
f 1449/2070/390 1456/2077/390 1455/2076/390
f 1449/2070/390 1457/2078/390 1456/2077/390
f 1449/2070/390 1458/2079/390 1457/2078/390
f 1449/2070/390 1459/2080/390 1458/2079/390
f 1449/2070/390 1450/2072/390 1459/2080/390
f 1451/2081/388 1460/2082/388 1450/2083/388
f 1452/2084/386 1461/2085/386 1451/2086/386
f 1453/2087/384 1462/2088/384 1452/2084/384
f 1454/2089/382 1463/2090/382 1453/2087/382
f 1455/2091/380 1464/2092/380 1454/2093/380
f 1455/2091/378 1466/2094/378 1465/2095/378
f 1456/2096/376 1467/2097/376 1466/2098/376
f 1458/2099/374 1467/2097/374 1457/2100/374
f 1459/2101/372 1468/2102/372 1458/2099/372
f 1450/2083/369 1469/2103/369 1459/2104/369
f 1460/2105/403 1461/2106/404 1470/2107/389
f 1461/2106/404 1462/2108/405 1470/2107/389
f 1462/2108/405 1463/2109/406 1470/2107/389
f 1463/2109/406 1464/2110/407 1470/2107/389
f 1464/2110/407 1465/2111/408 1470/2107/389
f 1465/2111/408 1466/2112/409 1470/2107/389
f 1466/2112/409 1467/2113/410 1470/2107/389
f 1467/2113/410 1468/2114/411 1470/2107/389
f 1468/2114/411 1469/2115/412 1470/2107/389
f 1469/2115/412 1460/2105/403 1470/2107/389
f 1471/2116/390 1473/2117/390 1472/2118/390
f 1471/2116/390 1474/2119/390 1473/2117/390
f 1471/2116/390 1475/2120/390 1474/2119/390
f 1471/2116/390 1476/2121/390 1475/2120/390
f 1471/2116/390 1477/2122/390 1476/2121/390
f 1471/2116/390 1478/2123/390 1477/2122/390
f 1471/2116/390 1479/2124/390 1478/2123/390
f 1471/2116/390 1480/2125/390 1479/2124/390
f 1471/2116/390 1481/2126/390 1480/2125/390
f 1471/2116/390 1472/2118/390 1481/2126/390
f 1473/2127/388 1482/2128/388 1472/2129/388
f 1474/2130/386 1483/2131/386 1473/2132/386
f 1475/2133/384 1484/2134/384 1474/2130/384
f 1476/2135/382 1485/2136/382 1475/2133/382
f 1477/2137/380 1486/2138/380 1476/2139/380
f 1477/2137/378 1488/2140/378 1487/2141/378
f 1479/2142/376 1488/2143/376 1478/2144/376
f 1480/2145/374 1489/2146/374 1479/2142/374
f 1481/2147/372 1490/2148/372 1480/2145/372
f 1472/2129/369 1491/2149/369 1481/2150/369
f 1482/2151/403 1483/2152/404 1492/2153/389
f 1483/2152/404 1484/2154/405 1492/2153/389
f 1484/2154/405 1485/2155/406 1492/2153/389
f 1485/2155/406 1486/2156/407 1492/2153/389
f 1486/2156/407 1487/2157/408 1492/2153/389
f 1487/2157/408 1488/2158/409 1492/2153/389
f 1488/2158/409 1489/2159/410 1492/2153/389
f 1489/2159/410 1490/2160/411 1492/2153/389
f 1490/2160/411 1491/2161/412 1492/2153/389
f 1491/2161/412 1482/2151/403 1492/2153/389
f 1493/2162/384 1495/2163/384 1494/2164/384
f 1493/2162/384 1496/2165/384 1495/2163/384
f 1493/2162/384 1497/2166/384 1496/2165/384
f 1493/2162/384 1498/2167/384 1497/2166/384
f 1493/2162/384 1499/2168/384 1498/2167/384
f 1493/2162/384 1500/2169/384 1499/2168/384
f 1493/2162/384 1501/2170/384 1500/2169/384
f 1493/2162/384 1502/2171/384 1501/2170/384
f 1493/2162/384 1503/2172/384 1502/2171/384
f 1493/2162/384 1504/2173/384 1503/2172/384
f 1493/2162/384 1505/2174/384 1504/2173/384
f 1493/2162/384 1494/2164/384 1505/2174/384
f 1495/2175/413 1506/2176/414 1494/2177/415
f 1495/2175/413 1508/2178/416 1507/2179/417
f 1496/2180/418 1509/2181/419 1508/2182/416
f 1498/2183/420 1509/2181/419 1497/2184/421
f 1499/2185/422 1510/2186/423 1498/2183/420
f 1499/2187/422 1512/2188/424 1511/2189/425
f 1501/2190/426 1512/2188/424 1500/2191/427
f 1501/2190/426 1514/2192/428 1513/2193/429
f 1502/2194/430 1515/2195/431 1514/2196/428
f 1504/2197/432 1515/2195/431 1503/2198/433
f 1505/2199/434 1516/2200/435 1504/2197/432
f 1505/2199/434 1506/2201/414 1517/2202/436
f 1506/2176/414 1519/2203/437 1518/2204/438
f 1508/2178/416 1519/2203/437 1507/2179/417
f 1509/2181/419 1520/2205/439 1508/2182/416
f 1510/2186/423 1521/2206/440 1509/2181/419
f 1511/2207/425 1522/2208/441 1510/2186/423
f 1512/2188/424 1523/2209/442 1511/2189/425
f 1512/2188/424 1525/2210/443 1524/2211/444
f 1514/2192/428 1525/2210/443 1513/2193/429
f 1515/2195/431 1526/2212/445 1514/2196/428
f 1516/2200/435 1527/2213/446 1515/2195/431
f 1517/2202/436 1528/2214/447 1516/2200/435
f 1506/2201/414 1529/2215/448 1517/2202/436
f 1518/2216/374 1519/2217/374 1530/2218/374
f 1519/2217/374 1520/2219/374 1530/2218/374
f 1520/2219/374 1521/2220/374 1530/2218/374
f 1521/2220/374 1522/2221/374 1530/2218/374
f 1522/2221/374 1523/2222/374 1530/2218/374
f 1523/2222/374 1524/2223/374 1530/2218/374
f 1524/2223/374 1525/2224/374 1530/2218/374
f 1525/2224/374 1526/2225/374 1530/2218/374
f 1526/2225/374 1527/2226/374 1530/2218/374
f 1527/2226/374 1528/2227/374 1530/2218/374
f 1528/2227/374 1529/2228/374 1530/2218/374
f 1529/2228/374 1518/2216/374 1530/2218/374
f 1531/2229/384 1533/2230/384 1532/2231/384
f 1531/2229/384 1534/2232/384 1533/2230/384
f 1531/2229/384 1535/2233/384 1534/2232/384
f 1531/2229/384 1536/2234/384 1535/2233/384
f 1531/2229/384 1537/2235/384 1536/2234/384
f 1531/2229/384 1538/2236/384 1537/2235/384
f 1531/2229/384 1539/2237/384 1538/2236/384
f 1531/2229/384 1540/2238/384 1539/2237/384
f 1531/2229/384 1541/2239/384 1540/2238/384
f 1531/2229/384 1542/2240/384 1541/2239/384
f 1531/2229/384 1543/2241/384 1542/2240/384
f 1531/2229/384 1532/2231/384 1543/2241/384
f 1533/2242/413 1544/2243/414 1532/2244/415
f 1533/2242/413 1546/2245/416 1545/2246/417
f 1534/2247/418 1547/2248/419 1546/2249/416
f 1536/2250/420 1547/2248/419 1535/2251/421
f 1537/2252/422 1548/2253/423 1536/2250/420
f 1538/2254/427 1549/2255/425 1537/2256/422
f 1539/2257/426 1550/2258/424 1538/2254/427
f 1539/2257/426 1552/2259/428 1551/2260/429
f 1540/2261/430 1553/2262/431 1552/2263/428
f 1542/2264/432 1553/2262/431 1541/2265/433
f 1543/2266/434 1554/2267/435 1542/2264/432
f 1543/2266/434 1544/2268/414 1555/2269/436
f 1544/2243/414 1557/2270/437 1556/2271/438
f 1546/2245/416 1557/2270/437 1545/2246/417
f 1547/2248/419 1558/2272/439 1546/2249/416
f 1547/2248/419 1560/2273/441 1559/2274/440
f 1548/2253/423 1561/2275/442 1560/2273/441
f 1550/2258/424 1561/2276/442 1549/2255/425
f 1551/2260/429 1562/2277/444 1550/2258/424
f 1552/2259/428 1563/2278/443 1551/2260/429
f 1552/2263/428 1565/2279/446 1564/2280/445
f 1554/2267/435 1565/2279/446 1553/2262/431
f 1554/2267/435 1567/2281/448 1566/2282/447
f 1544/2268/414 1567/2281/448 1555/2269/436
f 1556/2283/374 1557/2284/374 1568/2285/374
f 1557/2284/374 1558/2286/374 1568/2285/374
f 1558/2286/374 1559/2287/374 1568/2285/374
f 1559/2287/374 1560/2288/374 1568/2285/374
f 1560/2288/374 1561/2289/374 1568/2285/374
f 1561/2289/374 1562/2290/374 1568/2285/374
f 1562/2290/374 1563/2291/374 1568/2285/374
f 1563/2291/374 1564/2292/374 1568/2285/374
f 1564/2292/374 1565/2293/374 1568/2285/374
f 1565/2293/374 1566/2294/374 1568/2285/374
f 1566/2294/374 1567/2295/374 1568/2285/374
f 1567/2295/374 1556/2283/374 1568/2285/374
f 1569/2296/384 1571/2297/384 1570/2298/384
f 1569/2296/384 1572/2299/384 1571/2297/384
f 1569/2296/384 1573/2300/384 1572/2299/384
f 1569/2296/384 1574/2301/384 1573/2300/384
f 1569/2296/384 1575/2302/384 1574/2301/384
f 1569/2296/384 1576/2303/384 1575/2302/384
f 1569/2296/384 1577/2304/384 1576/2303/384
f 1569/2296/384 1578/2305/384 1577/2304/384
f 1569/2296/384 1579/2306/384 1578/2305/384
f 1569/2296/384 1580/2307/384 1579/2306/384
f 1569/2296/384 1581/2308/384 1580/2307/384
f 1569/2296/384 1570/2298/384 1581/2308/384
f 1571/2309/413 1582/2310/414 1570/2311/415
f 1571/2309/413 1584/2312/416 1583/2313/417
f 1572/2314/418 1585/2315/419 1584/2316/416
f 1574/2317/420 1585/2315/419 1573/2318/421
f 1575/2319/422 1586/2320/423 1574/2317/420
f 1575/2321/422 1588/2322/424 1587/2323/425
f 1577/2324/426 1588/2322/424 1576/2325/427
f 1577/2324/426 1590/2326/428 1589/2327/429
f 1578/2328/430 1591/2329/431 1590/2330/428
f 1580/2331/432 1591/2329/431 1579/2332/433
f 1581/2333/434 1592/2334/435 1580/2331/432
f 1570/2335/415 1593/2336/436 1581/2333/434
f 1583/2313/417 1594/2337/438 1582/2310/414
f 1584/2312/416 1595/2338/437 1583/2313/417
f 1584/2316/416 1597/2339/440 1596/2340/439
f 1586/2320/423 1597/2339/440 1585/2315/419
f 1587/2341/425 1598/2342/441 1586/2320/423
f 1588/2322/424 1599/2343/442 1587/2323/425
f 1588/2322/424 1601/2344/443 1600/2345/444
f 1590/2326/428 1601/2344/443 1589/2327/429
f 1591/2329/431 1602/2346/445 1590/2330/428
f 1591/2329/431 1604/2347/447 1603/2348/446
f 1592/2334/435 1605/2349/448 1604/2347/447
f 1582/2350/414 1605/2349/448 1593/2336/436
f 1594/2351/374 1595/2352/374 1606/2353/374
f 1595/2352/374 1596/2354/374 1606/2353/374
f 1596/2354/374 1597/2355/374 1606/2353/374
f 1597/2355/374 1598/2356/374 1606/2353/374
f 1598/2356/374 1599/2357/374 1606/2353/374
f 1599/2357/374 1600/2358/374 1606/2353/374
f 1600/2358/374 1601/2359/374 1606/2353/374
f 1601/2359/374 1602/2360/374 1606/2353/374
f 1602/2360/374 1603/2361/374 1606/2353/374
f 1603/2361/374 1604/2362/374 1606/2353/374
f 1604/2362/374 1605/2363/374 1606/2353/374
f 1605/2363/374 1594/2351/374 1606/2353/374
f 1607/2364/384 1609/2365/384 1608/2366/384
f 1607/2364/384 1610/2367/384 1609/2365/384
f 1607/2364/384 1611/2368/384 1610/2367/384
f 1607/2364/384 1612/2369/384 1611/2368/384
f 1607/2364/384 1613/2370/384 1612/2369/384
f 1607/2364/384 1614/2371/384 1613/2370/384
f 1607/2364/384 1615/2372/384 1614/2371/384
f 1607/2364/384 1616/2373/384 1615/2372/384
f 1607/2364/384 1617/2374/384 1616/2373/384
f 1607/2364/384 1618/2375/384 1617/2374/384
f 1607/2364/384 1619/2376/384 1618/2375/384
f 1607/2364/384 1608/2366/384 1619/2376/384
f 1609/2377/413 1620/2378/414 1608/2379/415
f 1609/2377/413 1622/2380/416 1621/2381/417
f 1610/2382/418 1623/2383/419 1622/2384/416
f 1612/2385/420 1623/2383/419 1611/2386/421
f 1613/2387/422 1624/2388/423 1612/2385/420
f 1613/2389/422 1626/2390/424 1625/2391/425
f 1615/2392/426 1626/2390/424 1614/2393/427
f 1615/2392/426 1628/2394/428 1627/2395/429
f 1616/2396/430 1629/2397/431 1628/2398/428
f 1618/2399/432 1629/2397/431 1617/2400/433
f 1619/2401/434 1630/2402/435 1618/2399/432
f 1619/2401/434 1620/2403/414 1631/2404/436
f 1621/2381/417 1632/2405/438 1620/2378/414
f 1622/2380/416 1633/2406/437 1621/2381/417
f 1623/2383/419 1634/2407/439 1622/2384/416
f 1623/2383/419 1636/2408/441 1635/2409/440
f 1624/2388/423 1637/2410/442 1636/2408/441
f 1625/2391/425 1638/2411/444 1637/2412/442
f 1626/2390/424 1639/2413/443 1638/2411/444
f 1628/2394/428 1639/2413/443 1627/2395/429
f 1628/2398/428 1641/2414/446 1640/2415/445
f 1630/2402/435 1641/2414/446 1629/2397/431
f 1630/2402/435 1643/2416/448 1642/2417/447
f 1620/2403/414 1643/2416/448 1631/2404/436
f 1632/2418/374 1633/2419/374 1644/2420/374
f 1633/2419/374 1634/2421/374 1644/2420/374
f 1634/2421/374 1635/2422/374 1644/2420/374
f 1635/2422/374 1636/2423/374 1644/2420/374
f 1636/2423/374 1637/2424/374 1644/2420/374
f 1637/2424/374 1638/2425/374 1644/2420/374
f 1638/2425/374 1639/2426/374 1644/2420/374
f 1639/2426/374 1640/2427/374 1644/2420/374
f 1640/2427/374 1641/2428/374 1644/2420/374
f 1641/2428/374 1642/2429/374 1644/2420/374
f 1642/2429/374 1643/2430/374 1644/2420/374
f 1643/2430/374 1632/2418/374 1644/2420/374
f 4/1/1 7/5/5 6/2/2
f 5/4/4 8/2431/14 7/5/5
f 7/5/5 19/8/8 16/6/6
f 7/5/5 8/2431/14 9/7/7
f 10/9/9 13/15/13 12/10/10
f 11/12/12 14/24/19 13/13/13
f 13/15/13 8/2432/14 5/16/4
f 13/13/13 14/24/19 9/17/7
f 15/19/15 18/23/18 17/20/16
f 16/22/6 19/2433/8 18/23/18
f 18/23/18 14/24/19 11/12/12
f 18/23/18 19/2433/8 9/17/7
f 23/25/20 26/29/24 25/26/21
f 24/28/23 27/2434/33 26/29/24
f 26/30/24 38/34/27 35/31/25
f 26/30/24 27/2435/33 28/33/26
f 29/35/28 32/39/32 31/36/29
f 30/38/31 33/2436/38 32/39/32
f 32/39/32 27/42/33 24/40/23
f 32/39/32 33/2436/38 28/41/26
f 34/43/34 37/46/37 36/44/35
f 35/31/25 38/34/27 37/46/37
f 37/46/37 33/48/38 30/47/31
f 37/46/37 38/34/27 28/33/26
f 42/49/39 45/53/43 44/50/40
f 43/52/42 46/2437/52 45/53/43
f 45/53/43 57/56/46 54/54/44
f 45/53/43 46/2437/52 47/55/45
f 48/57/47 51/63/51 50/58/48
f 49/60/50 52/72/57 51/61/51
f 51/63/51 46/2438/52 43/64/42
f 51/61/51 52/72/57 47/65/45
f 53/67/53 56/71/56 55/68/54
f 54/70/44 57/2439/46 56/71/56
f 56/71/56 52/72/57 49/60/50
f 56/71/56 57/2439/46 47/65/45
f 61/73/58 64/77/62 63/74/59
f 62/76/61 65/2440/71 64/77/62
f 64/77/62 76/80/65 73/78/63
f 64/77/62 65/2440/71 66/79/64
f 67/81/66 70/85/70 69/82/67
f 68/84/69 71/96/76 70/85/70
f 70/85/70 65/88/71 62/86/61
f 70/85/70 71/96/76 66/87/64
f 72/89/72 75/93/75 74/90/73
f 73/92/63 76/2441/65 75/93/75
f 75/94/75 71/96/76 68/84/69
f 75/94/75 76/2442/65 66/87/64
f 80/97/77 83/101/81 82/98/78
f 81/100/80 84/2443/90 83/101/81
f 83/101/81 95/104/84 92/102/82
f 83/101/81 84/2443/90 85/103/83
f 86/105/85 89/109/89 88/106/86
f 87/108/88 90/118/95 89/109/89
f 89/109/89 84/112/90 81/110/80
f 89/109/89 90/118/95 85/111/83
f 91/113/91 94/117/94 93/114/92
f 92/116/82 95/2444/84 94/117/94
f 94/117/94 90/118/95 87/108/88
f 94/117/94 95/2444/84 85/111/83
f 99/119/96 102/123/100 101/120/97
f 100/122/99 103/2445/109 102/123/100
f 102/123/100 114/126/103 111/124/101
f 102/123/100 103/2445/109 104/125/102
f 105/127/104 108/131/108 107/128/105
f 106/130/107 109/140/114 108/131/108
f 108/131/108 103/134/109 100/132/99
f 108/131/108 109/140/114 104/133/102
f 110/135/110 113/139/113 112/136/111
f 111/138/101 114/2446/103 113/139/113
f 113/139/113 109/140/114 106/130/107
f 113/139/113 114/2446/103 104/133/102
f 118/141/115 121/145/119 120/142/116
f 119/144/118 122/2447/128 121/145/119
f 121/145/119 133/148/122 130/146/120
f 121/145/119 122/2447/128 123/147/121
f 124/149/123 127/155/127 126/150/124
f 125/152/126 128/164/133 127/153/127
f 127/155/127 122/2448/128 119/156/118
f 127/153/127 128/164/133 123/157/121
f 129/159/129 132/163/132 131/160/130
f 130/162/120 133/2449/122 132/163/132
f 132/163/132 128/164/133 125/152/126
f 132/163/132 133/2449/122 123/157/121
f 137/165/134 140/169/138 139/166/135
f 138/168/137 141/2450/147 140/169/138
f 140/169/138 152/172/141 149/170/139
f 140/169/138 141/2450/147 142/171/140
f 143/173/142 146/177/146 145/174/143
f 144/176/145 147/188/152 146/177/146
f 146/177/146 141/180/147 138/178/137
f 146/177/146 147/188/152 142/179/140
f 148/181/148 151/185/151 150/182/149
f 149/184/139 152/2451/141 151/185/151
f 151/186/151 147/188/152 144/176/145
f 151/186/151 152/2452/141 142/179/140
f 1/3/3 6/2/2 42/49/39
f 6/2/2 16/6/6 43/52/42
f 16/22/6 15/19/15 50/58/48
f 15/19/15 3/21/17 40/59/49
f 20/27/22 25/26/21 10/9/9
f 25/32/21 35/31/25 11/12/12
f 35/31/25 34/43/34 17/20/16
f 34/43/34 22/45/36 3/21/17
f 58/75/60 63/74/59 29/35/28
f 63/74/59 73/78/63 30/38/31
f 73/92/63 72/89/72 36/44/35
f 72/89/72 60/91/74 22/45/36
f 41/69/55 55/68/54 67/81/66
f 55/68/54 49/60/50 68/84/69
f 49/60/50 48/62/47 74/95/73
f 48/57/47 40/59/49 60/91/74
f 39/51/41 44/50/40 118/141/115
f 44/50/40 54/54/44 119/144/118
f 54/70/44 53/67/53 126/150/124
f 126/150/124 53/67/53 41/69/55
f 134/167/136 139/166/135 61/73/58
f 139/166/135 149/170/139 62/76/61
f 149/184/139 148/181/148 69/82/67
f 148/181/148 136/183/150 59/83/68
f 117/161/131 131/160/130 143/173/142
f 131/160/130 125/152/126 144/176/145
f 125/152/126 124/154/123 150/187/149
f 124/149/123 116/151/125 136/183/150
f 115/143/117 120/142/116 80/97/77
f 80/97/77 120/142/116 130/146/120
f 130/162/120 129/159/129 88/189/86
f 129/159/129 117/161/131 78/191/87
f 96/121/98 101/120/97 137/165/134
f 101/120/97 111/124/101 138/168/137
f 111/192/101 110/193/110 145/174/143
f 110/193/110 98/195/112 135/175/144
f 79/115/93 93/114/92 105/127/104
f 93/114/92 87/108/88 106/130/107
f 87/108/88 86/105/85 112/136/111
f 86/194/85 78/191/87 98/195/112
f 77/99/79 82/98/78 4/1/1
f 82/98/78 92/102/82 5/4/4
f 92/116/82 91/113/91 12/10/10
f 12/10/10 91/113/91 79/115/93
f 21/37/30 31/36/29 99/119/96
f 31/36/29 24/40/23 100/122/99
f 24/28/23 23/25/20 107/128/105
f 23/25/20 20/27/22 97/129/106
f 115/143/117 77/99/79 1/3/3
f 22/45/36 60/91/74 40/59/49
f 97/129/106 20/27/22 2/11/11
f 58/75/60 21/37/30 96/121/98
f 59/83/68 136/183/150 116/151/125
f 135/175/144 98/195/112 78/191/87
f 156/197/153 159/201/157 158/198/154
f 157/200/156 160/203/159 159/201/157
f 169/202/158 170/207/163 160/203/159
f 159/201/157 162/206/162 161/204/160
f 159/201/157 160/203/159 163/205/161
f 170/207/163 171/2453/171 163/205/161
f 164/208/164 167/216/168 166/209/165
f 165/211/167 168/215/170 167/212/168
f 177/214/169 178/220/172 168/215/170
f 167/216/168 170/2454/163 169/217/158
f 167/212/168 168/215/170 171/218/171
f 178/220/172 179/228/179 171/218/171
f 172/221/173 175/225/177 174/222/174
f 173/224/176 176/227/178 175/225/177
f 161/226/160 162/229/162 176/227/178
f 175/225/177 178/220/172 177/214/169
f 175/225/177 176/227/178 179/228/179
f 162/229/162 163/230/161 179/228/179
f 183/231/180 186/235/184 185/232/181
f 184/234/183 187/2455/186 186/235/184
f 196/236/185 197/244/190 187/237/186
f 186/239/184 189/243/189 188/240/187
f 186/239/184 187/2456/186 190/242/188
f 197/244/190 198/253/198 190/245/188
f 191/246/191 194/250/195 193/247/192
f 192/249/194 195/252/197 194/250/195
f 204/251/196 205/2457/199 195/252/197
f 194/250/195 197/244/190 196/236/185
f 194/250/195 195/252/197 198/253/198
f 205/254/199 206/264/206 198/255/198
f 199/257/200 202/261/204 201/258/201
f 200/260/203 203/262/205 202/261/204
f 188/240/187 189/243/189 203/262/205
f 202/261/204 205/254/199 204/263/196
f 202/261/204 203/262/205 206/264/206
f 189/243/189 190/242/188 206/264/206
f 210/265/207 213/269/211 212/266/208
f 211/268/210 214/271/213 213/269/211
f 223/270/212 224/275/217 214/271/213
f 213/269/211 216/274/216 215/272/214
f 213/269/211 214/271/213 217/273/215
f 224/275/217 225/2458/225 217/273/215
f 218/276/218 221/284/222 220/277/219
f 219/279/221 222/283/224 221/280/222
f 231/282/223 232/288/226 222/283/224
f 221/284/222 224/2459/217 223/285/212
f 221/280/222 222/283/224 225/286/225
f 232/288/226 233/296/233 225/286/225
f 226/289/227 229/293/231 228/290/228
f 227/292/230 230/295/232 229/293/231
f 215/294/214 216/297/216 230/295/232
f 229/293/231 232/288/226 231/282/223
f 229/293/231 230/295/232 233/296/233
f 216/297/216 217/298/215 233/296/233
f 237/299/234 240/303/238 239/300/235
f 238/302/237 241/2460/240 240/303/238
f 250/304/239 251/310/244 241/305/240
f 240/303/238 243/309/243 242/307/241
f 240/303/238 241/2460/240 244/308/242
f 251/310/244 252/319/252 244/311/242
f 245/312/245 248/316/249 247/313/246
f 246/315/248 249/318/251 248/316/249
f 258/317/250 259/320/253 249/318/251
f 248/316/249 251/310/244 250/304/239
f 248/316/249 249/318/251 252/319/252
f 259/320/253 260/330/260 252/319/252
f 253/321/254 256/325/258 255/322/255
f 254/324/257 257/2461/259 256/325/258
f 242/307/241 243/309/243 257/326/259
f 256/328/258 259/320/253 258/317/250
f 256/328/258 257/2462/259 260/330/260
f 243/309/243 244/308/242 260/331/260
f 264/332/261 267/336/265 266/333/262
f 265/335/264 268/338/267 267/336/265
f 277/337/266 278/2463/271 268/338/267
f 267/336/265 270/341/270 269/339/268
f 267/336/265 268/338/267 271/340/269
f 278/342/271 279/355/279 271/343/269
f 272/345/272 275/353/276 274/346/273
f 273/348/275 276/352/278 275/349/276
f 285/351/277 286/356/280 276/352/278
f 275/353/276 278/2464/271 277/354/266
f 275/349/276 276/352/278 279/355/279
f 286/356/280 287/364/287 279/355/279
f 280/357/281 283/361/285 282/358/282
f 281/360/284 284/366/286 283/361/285
f 269/339/268 270/341/270 284/362/286
f 283/361/285 286/356/280 285/351/277
f 283/361/285 284/366/286 287/364/287
f 270/365/270 271/343/269 287/364/287
f 291/367/288 294/371/292 293/368/289
f 292/370/291 295/373/294 294/371/292
f 304/372/293 305/2465/298 295/373/294
f 294/371/292 297/376/297 296/374/295
f 294/371/292 295/373/294 298/375/296
f 305/377/298 306/388/306 298/378/296
f 299/380/299 302/384/303 301/381/300
f 300/383/302 303/386/305 302/384/303
f 312/385/304 313/389/307 303/386/305
f 302/384/303 305/377/298 304/387/293
f 302/384/303 303/386/305 306/388/306
f 313/389/307 314/399/314 306/388/306
f 307/390/308 310/394/312 309/391/309
f 308/393/311 311/2466/313 310/394/312
f 296/374/295 297/376/297 311/395/313
f 310/397/312 313/389/307 312/385/304
f 310/397/312 311/401/313 314/399/314
f 297/400/297 298/378/296 314/399/314
f 318/402/315 321/406/319 320/403/316
f 319/405/318 322/408/321 321/406/319
f 331/407/320 332/2467/325 322/408/321
f 321/406/319 324/411/324 323/409/322
f 321/406/319 322/408/321 325/410/323
f 332/412/325 333/425/333 325/413/323
f 326/415/326 329/423/330 328/416/327
f 327/418/329 330/422/332 329/419/330
f 339/421/331 340/426/334 330/422/332
f 329/423/330 332/2468/325 331/424/320
f 329/419/330 330/422/332 333/425/333
f 340/426/334 341/434/341 333/425/333
f 334/427/335 337/431/339 336/428/336
f 335/430/338 338/436/340 337/431/339
f 323/409/322 324/411/324 338/432/340
f 337/431/339 340/426/334 339/421/331
f 337/431/339 338/436/340 341/434/341
f 324/435/324 325/413/323 341/434/341
f 345/437/342 348/441/346 347/438/343
f 346/440/345 349/443/348 348/441/346
f 358/442/347 359/2469/352 349/443/348
f 348/441/346 351/446/351 350/444/349
f 348/441/346 349/443/348 352/445/350
f 359/447/352 360/458/360 352/448/350
f 353/450/353 356/454/357 355/451/354
f 354/453/356 357/456/359 356/454/357
f 366/455/358 367/459/361 357/456/359
f 356/454/357 359/447/352 358/457/347
f 356/454/357 357/456/359 360/458/360
f 367/459/361 368/469/368 360/458/360
f 361/460/362 364/464/366 363/461/363
f 362/463/365 365/2470/367 364/464/366
f 350/444/349 351/446/351 365/465/367
f 364/467/366 367/459/361 366/455/358
f 364/467/366 365/471/367 368/469/368
f 351/470/351 352/448/350 368/469/368
f 207/267/209 153/199/155 158/198/154
f 158/198/154 161/204/160 211/268/210
f 211/268/210 161/204/160 173/472/176
f 173/224/176 172/221/173 220/277/219
f 172/221/173 155/223/175 208/278/220
f 180/233/182 185/232/181 164/208/164
f 185/241/181 188/240/187 165/211/167
f 188/240/187 200/260/203 177/214/169
f 200/260/203 199/257/200 174/222/174
f 174/222/174 199/257/200 182/259/202
f 234/301/236 239/300/235 191/246/191
f 191/246/191 239/300/235 242/307/241
f 192/249/194 242/307/241 254/327/257
f 204/263/196 254/324/257 253/321/254
f 201/258/201 253/321/254 236/323/256
f 235/314/247 209/291/229 228/290/228
f 228/290/228 231/282/223 246/315/248
f 231/282/223 219/279/221 258/317/250
f 219/279/221 218/281/218 255/329/255
f 218/276/218 208/278/220 236/323/256
f 207/267/209 212/266/208 318/402/315
f 212/266/208 215/272/214 319/405/318
f 215/272/214 227/2471/230 331/407/320
f 227/292/230 226/289/227 328/416/327
f 226/289/227 209/291/229 316/417/328
f 342/439/344 347/438/343 237/299/234
f 347/438/343 350/444/349 238/302/237
f 350/444/349 362/466/365 250/473/239
f 362/463/365 361/460/362 247/313/246
f 361/460/362 344/462/364 235/314/247
f 343/452/355 317/429/337 336/428/336
f 336/428/336 339/421/331 354/453/356
f 339/421/331 327/418/329 366/455/358
f 327/418/329 326/420/326 363/468/363
f 326/415/326 316/417/328 344/462/364
f 315/404/317 320/403/316 264/332/261
f 320/403/316 323/409/322 265/335/264
f 265/335/264 323/409/322 335/433/338
f 335/430/338 334/427/335 274/346/273
f 274/346/273 334/427/335 317/429/337
f 342/439/344 288/369/290 293/368/289
f 345/437/342 293/368/289 296/374/295
f 346/440/345 296/374/295 308/396/311
f 358/457/347 308/393/311 307/390/308
f 307/390/308 290/392/310 343/452/355
f 289/382/301 263/359/283 282/358/282
f 282/358/282 285/351/277 300/383/302
f 285/351/277 273/348/275 312/385/304
f 273/348/275 272/350/272 309/398/309
f 272/345/272 262/347/274 290/392/310
f 261/334/263 266/333/262 156/197/153
f 266/333/262 269/339/268 157/200/156
f 269/339/268 281/363/284 169/202/158
f 281/360/284 280/357/281 166/209/165
f 280/357/281 263/359/283 154/210/166
f 181/248/193 193/247/192 291/367/288
f 193/247/192 196/236/185 292/370/291
f 196/236/185 184/238/183 304/372/293
f 184/234/183 183/231/180 301/381/300
f 183/231/180 180/233/182 289/382/301
f 315/404/317 261/334/263 153/199/155
f 182/259/202 236/323/256 208/278/220
f 289/382/301 180/233/182 154/210/166
f 234/301/236 181/248/193 288/369/290
f 235/314/247 344/462/364 316/417/328
f 343/452/355 290/392/310 262/347/274
f 372/474/153 375/478/157 374/475/154
f 373/477/156 376/480/159 375/478/157
f 385/479/158 386/484/163 376/480/159
f 375/478/157 378/483/162 377/481/160
f 375/478/157 376/480/159 379/482/161
f 386/484/163 387/2472/171 379/482/161
f 380/485/164 383/493/168 382/486/165
f 381/488/167 384/492/170 383/489/168
f 393/491/169 394/497/172 384/492/170
f 383/493/168 386/2473/163 385/494/158
f 383/489/168 384/492/170 387/495/171
f 394/497/172 395/505/179 387/495/171
f 388/498/173 391/502/177 390/499/174
f 389/501/176 392/504/178 391/502/177
f 377/503/160 378/506/162 392/504/178
f 391/502/177 394/497/172 393/491/169
f 391/502/177 392/504/178 395/505/179
f 378/506/162 379/507/161 395/505/179
f 399/508/180 402/512/184 401/509/181
f 400/511/183 403/2474/186 402/512/184
f 412/513/185 413/521/190 403/514/186
f 402/516/184 405/520/189 404/517/187
f 402/516/184 403/2475/186 406/519/188
f 413/521/190 414/530/198 406/522/188
f 407/523/191 410/527/195 409/524/192
f 408/526/194 411/529/197 410/527/195
f 420/528/196 421/2476/199 411/529/197
f 410/527/195 413/521/190 412/513/185
f 410/527/195 411/529/197 414/530/198
f 421/531/199 422/541/206 414/532/198
f 415/534/200 418/538/204 417/535/201
f 416/537/203 419/539/205 418/538/204
f 404/517/187 405/520/189 419/539/205
f 418/538/204 421/531/199 420/540/196
f 418/538/204 419/539/205 422/541/206
f 405/520/189 406/519/188 422/541/206
f 426/542/207 429/546/211 428/543/208
f 427/545/210 430/548/213 429/546/211
f 439/547/212 440/552/217 430/548/213
f 429/546/211 432/551/216 431/549/214
f 429/546/211 430/548/213 433/550/215
f 440/552/217 441/2477/225 433/550/215
f 434/553/218 437/561/222 436/554/219
f 435/556/221 438/560/224 437/557/222
f 447/559/223 448/565/226 438/560/224
f 437/561/222 440/2478/217 439/562/212
f 437/557/222 438/560/224 441/563/225
f 448/565/226 449/573/233 441/563/225
f 442/566/227 445/570/231 444/567/228
f 443/569/230 446/572/232 445/570/231
f 431/571/214 432/574/216 446/572/232
f 445/570/231 448/565/226 447/559/223
f 445/570/231 446/572/232 449/573/233
f 432/574/216 433/575/215 449/573/233
f 453/576/234 456/580/238 455/577/235
f 454/579/237 457/2479/240 456/580/238
f 466/581/239 467/587/244 457/582/240
f 456/580/238 459/586/243 458/584/241
f 456/580/238 457/2479/240 460/585/242
f 467/587/244 468/596/252 460/588/242
f 461/589/245 464/593/249 463/590/246
f 462/592/248 465/595/251 464/593/249
f 474/594/250 475/597/253 465/595/251
f 464/593/249 467/587/244 466/581/239
f 464/593/249 465/595/251 468/596/252
f 475/597/253 476/607/260 468/596/252
f 469/598/254 472/602/258 471/599/255
f 470/601/257 473/2480/259 472/602/258
f 458/584/241 459/586/243 473/603/259
f 472/605/258 475/597/253 474/594/250
f 472/605/258 473/2481/259 476/607/260
f 459/586/243 460/585/242 476/608/260
f 480/609/261 483/613/265 482/610/262
f 481/612/264 484/615/267 483/613/265
f 493/614/266 494/2482/271 484/615/267
f 483/613/265 486/618/270 485/616/268
f 483/613/265 484/615/267 487/617/269
f 494/619/271 495/632/279 487/620/269
f 488/622/272 491/630/276 490/623/273
f 489/625/275 492/629/278 491/626/276
f 501/628/277 502/633/280 492/629/278
f 491/630/276 494/2483/271 493/631/266
f 491/626/276 492/629/278 495/632/279
f 502/633/280 503/641/287 495/632/279
f 496/634/281 499/638/285 498/635/282
f 497/637/284 500/643/286 499/638/285
f 485/616/268 486/618/270 500/639/286
f 499/638/285 502/633/280 501/628/277
f 499/638/285 500/643/286 503/641/287
f 486/642/270 487/620/269 503/641/287
f 507/644/288 510/648/292 509/645/289
f 508/647/291 511/650/294 510/648/292
f 520/649/293 521/2484/298 511/650/294
f 510/648/292 513/653/297 512/651/295
f 510/648/292 511/650/294 514/652/296
f 521/654/298 522/665/306 514/655/296
f 515/657/299 518/661/303 517/658/300
f 516/660/302 519/663/305 518/661/303
f 528/662/304 529/666/307 519/663/305
f 518/661/303 521/654/298 520/664/293
f 518/661/303 519/663/305 522/665/306
f 529/666/307 530/676/314 522/665/306
f 523/667/308 526/671/312 525/668/309
f 524/670/311 527/2485/313 526/671/312
f 512/651/295 513/653/297 527/672/313
f 526/674/312 529/666/307 528/662/304
f 526/674/312 527/678/313 530/676/314
f 513/677/297 514/655/296 530/676/314
f 534/679/315 537/683/319 536/680/316
f 535/682/318 538/685/321 537/683/319
f 547/684/320 548/2486/325 538/685/321
f 537/683/319 540/688/324 539/686/322
f 537/683/319 538/685/321 541/687/323
f 548/689/325 549/702/333 541/690/323
f 542/692/326 545/700/330 544/693/327
f 543/695/329 546/699/332 545/696/330
f 555/698/331 556/703/334 546/699/332
f 545/700/330 548/2487/325 547/701/320
f 545/696/330 546/699/332 549/702/333
f 556/703/334 557/711/341 549/702/333
f 550/704/335 553/708/339 552/705/336
f 551/707/338 554/713/340 553/708/339
f 539/686/322 540/688/324 554/709/340
f 553/708/339 556/703/334 555/698/331
f 553/708/339 554/713/340 557/711/341
f 540/712/324 541/690/323 557/711/341
f 561/714/342 564/718/346 563/715/343
f 562/717/345 565/720/348 564/718/346
f 574/719/347 575/2488/352 565/720/348
f 564/718/346 567/723/351 566/721/349
f 564/718/346 565/720/348 568/722/350
f 575/724/352 576/735/360 568/725/350
f 569/727/353 572/731/357 571/728/354
f 570/730/356 573/733/359 572/731/357
f 582/732/358 583/736/361 573/733/359
f 572/731/357 575/724/352 574/734/347
f 572/731/357 573/733/359 576/735/360
f 583/736/361 584/746/368 576/735/360
f 577/737/362 580/741/366 579/738/363
f 578/740/365 581/2489/367 580/741/366
f 566/721/349 567/723/351 581/742/367
f 580/744/366 583/736/361 582/732/358
f 580/744/366 581/748/367 584/746/368
f 567/747/351 568/725/350 584/746/368
f 369/476/155 374/475/154 426/542/207
f 374/475/154 377/481/160 427/545/210
f 377/481/160 389/2490/176 439/547/212
f 389/501/176 388/498/173 436/554/219
f 388/498/173 371/500/175 424/555/220
f 370/487/166 396/510/182 401/509/181
f 401/518/181 404/517/187 381/488/167
f 404/517/187 416/537/203 393/491/169
f 416/537/203 415/534/200 390/499/174
f 415/534/200 398/536/202 371/500/175
f 450/578/236 455/577/235 407/523/191
f 455/577/235 458/584/241 408/526/194
f 458/584/241 470/604/257 420/528/196
f 470/601/257 469/598/254 417/535/201
f 469/598/254 452/600/256 398/536/202
f 425/568/229 444/567/228 461/589/245
f 444/567/228 447/559/223 462/592/248
f 447/559/223 435/556/221 474/594/250
f 435/556/221 434/558/218 471/606/255
f 471/599/255 434/553/218 424/555/220
f 531/681/317 423/544/209 428/543/208
f 428/543/208 431/549/214 535/682/318
f 431/549/214 443/2491/230 547/684/320
f 443/569/230 442/566/227 544/693/327
f 442/566/227 425/568/229 532/694/328
f 558/716/344 563/715/343 453/576/234
f 563/715/343 566/721/349 454/579/237
f 454/579/237 566/721/349 578/743/365
f 578/740/365 577/737/362 463/590/246
f 463/590/246 577/737/362 560/739/364
f 533/706/337 552/705/336 569/727/353
f 552/705/336 555/698/331 570/730/356
f 555/698/331 543/695/329 582/732/358
f 543/695/329 542/697/326 579/745/363
f 579/738/363 542/692/326 532/694/328
f 531/681/317 536/680/316 480/609/261
f 536/680/316 539/686/322 481/612/264
f 539/686/322 551/710/338 493/614/266
f 551/707/338 550/704/335 490/623/273
f 550/704/335 533/706/337 478/624/274
f 504/646/290 509/645/289 561/714/342
f 509/645/289 512/651/295 562/717/345
f 512/651/295 524/673/311 574/719/347
f 524/670/311 523/667/308 571/728/354
f 523/667/308 506/669/310 559/729/355
f 479/636/283 498/635/282 515/657/299
f 498/635/282 501/628/277 516/660/302
f 501/628/277 489/625/275 528/662/304
f 528/662/304 489/625/275 488/627/272
f 525/668/309 488/622/272 478/624/274
f 477/611/263 482/610/262 372/474/153
f 482/610/262 485/616/268 373/477/156
f 373/477/156 485/616/268 497/640/284
f 497/637/284 496/634/281 382/486/165
f 382/486/165 496/634/281 479/636/283
f 504/646/290 397/525/193 409/524/192
f 409/524/192 412/513/185 508/647/291
f 508/647/291 412/513/185 400/515/183
f 400/511/183 399/508/180 517/658/300
f 399/508/180 396/510/182 505/659/301
f 531/681/317 477/611/263 369/476/155
f 398/536/202 452/600/256 424/555/220
f 505/659/301 396/510/182 370/487/166
f 450/578/236 397/525/193 504/646/290
f 451/591/247 560/739/364 532/694/328
f 559/729/355 506/669/310 478/624/274
f 586/750/369 606/754/369 605/751/370
f 587/753/371 607/2492/371 606/754/369
f 588/755/372 608/759/372 607/756/371
f 589/758/373 609/761/373 608/759/372
f 590/760/374 610/763/374 609/761/373
f 591/762/375 611/765/375 610/763/374
f 592/764/376 612/767/376 611/765/375
f 593/766/377 613/2493/377 612/767/376
f 594/768/378 614/772/378 613/769/377
f 595/771/379 615/774/379 614/772/378
f 596/773/380 616/776/380 615/774/379
f 597/775/381 617/2494/381 616/776/380
f 598/777/382 618/781/382 617/778/381
f 599/780/383 619/783/383 618/781/382
f 600/782/384 620/785/384 619/783/383
f 601/784/385 621/787/385 620/785/384
f 602/786/386 622/789/386 621/787/385
f 603/788/387 623/2495/387 622/789/386
f 604/790/388 624/793/388 623/791/387
f 585/752/370 605/751/370 624/793/388
f 585/796/389 604/2496/389 603/2497/389
f 603/2497/389 602/2498/389 601/2499/389
f 601/2499/389 600/2500/389 599/2501/389
f 599/2501/389 598/2502/389 597/794/389
f 597/794/389 596/2503/389 595/2504/389
f 595/2504/389 594/2505/389 593/2506/389
f 593/2506/389 592/2507/389 591/2508/389
f 591/2508/389 590/2509/389 589/795/389
f 589/795/389 588/2510/389 587/2511/389
f 587/2511/389 586/2512/389 585/796/389
f 585/796/389 603/2497/389 601/2499/389
f 601/2499/389 599/2501/389 597/794/389
f 597/794/389 595/2504/389 593/2506/389
f 593/2506/389 591/2508/389 589/795/389
f 589/795/389 587/2511/389 585/796/389
f 585/796/389 601/2499/389 597/794/389
f 597/794/389 593/2506/389 589/795/389
f 624/799/390 605/2513/390 606/2514/390
f 606/2514/390 607/2515/390 608/2516/390
f 608/2516/390 609/2517/390 610/2518/390
f 610/2518/390 611/2519/390 612/797/390
f 612/797/390 613/2520/390 614/2521/390
f 614/2521/390 615/2522/390 616/2523/390
f 616/2523/390 617/2524/390 618/2525/390
f 618/2525/390 619/2526/390 620/798/390
f 620/798/390 621/2527/390 622/2528/390
f 622/2528/390 623/2529/390 624/799/390
f 624/799/390 606/2514/390 608/2516/390
f 608/2516/390 610/2518/390 612/797/390
f 612/797/390 614/2521/390 616/2523/390
f 616/2523/390 618/2525/390 620/798/390
f 620/798/390 622/2528/390 624/799/390
f 624/799/390 608/2516/390 612/797/390
f 612/797/390 616/2523/390 620/798/390
f 628/800/153 631/804/157 630/801/154
f 629/803/156 632/806/159 631/804/157
f 641/805/158 642/810/163 632/806/159
f 631/804/157 634/809/162 633/807/160
f 631/804/157 632/806/159 635/808/161
f 642/810/163 643/2530/171 635/808/161
f 636/811/164 639/819/168 638/812/165
f 637/814/167 640/818/170 639/815/168
f 649/817/169 650/823/172 640/818/170
f 639/819/168 642/2531/163 641/820/158
f 639/815/168 640/818/170 643/821/171
f 650/823/172 651/831/179 643/821/171
f 644/824/173 647/828/177 646/825/174
f 645/827/176 648/830/178 647/828/177
f 633/829/160 634/832/162 648/830/178
f 647/828/177 650/823/172 649/817/169
f 647/828/177 648/830/178 651/831/179
f 634/832/162 635/833/161 651/831/179
f 655/834/180 658/838/184 657/835/181
f 656/837/183 659/2532/186 658/838/184
f 668/839/185 669/847/190 659/840/186
f 658/842/184 661/846/189 660/843/187
f 658/842/184 659/2533/186 662/845/188
f 669/847/190 670/856/198 662/848/188
f 663/849/191 666/853/195 665/850/192
f 664/852/194 667/855/197 666/853/195
f 676/854/196 677/2534/199 667/855/197
f 666/853/195 669/847/190 668/839/185
f 666/853/195 667/855/197 670/856/198
f 677/857/199 678/867/206 670/858/198
f 671/860/200 674/864/204 673/861/201
f 672/863/203 675/865/205 674/864/204
f 660/843/187 661/846/189 675/865/205
f 674/864/204 677/857/199 676/866/196
f 674/864/204 675/865/205 678/867/206
f 661/846/189 662/845/188 678/867/206
f 682/868/207 685/872/211 684/869/208
f 683/871/210 686/874/213 685/872/211
f 695/873/212 696/878/217 686/874/213
f 685/872/211 688/877/216 687/875/214
f 685/872/211 686/874/213 689/876/215
f 696/878/217 697/2535/225 689/876/215
f 690/879/218 693/887/222 692/880/219
f 691/882/221 694/886/224 693/883/222
f 703/885/223 704/891/226 694/886/224
f 693/887/222 696/2536/217 695/888/212
f 693/883/222 694/886/224 697/889/225
f 704/891/226 705/899/233 697/889/225
f 698/892/227 701/896/231 700/893/228
f 699/895/230 702/898/232 701/896/231
f 687/897/214 688/900/216 702/898/232
f 701/896/231 704/891/226 703/885/223
f 701/896/231 702/898/232 705/899/233
f 688/900/216 689/901/215 705/899/233
f 709/902/234 712/906/238 711/903/235
f 710/905/237 713/2537/240 712/906/238
f 722/907/239 723/913/244 713/908/240
f 712/906/238 715/912/243 714/910/241
f 712/906/238 713/2537/240 716/911/242
f 723/913/244 724/922/252 716/914/242
f 717/915/245 720/919/249 719/916/246
f 718/918/248 721/921/251 720/919/249
f 730/920/250 731/923/253 721/921/251
f 720/919/249 723/913/244 722/907/239
f 720/919/249 721/921/251 724/922/252
f 731/923/253 732/933/260 724/922/252
f 725/924/254 728/928/258 727/925/255
f 726/927/257 729/2538/259 728/928/258
f 714/910/241 715/912/243 729/929/259
f 728/931/258 731/923/253 730/920/250
f 728/931/258 729/2539/259 732/933/260
f 715/912/243 716/911/242 732/934/260
f 736/935/261 739/939/265 738/936/262
f 737/938/264 740/941/267 739/939/265
f 749/940/266 750/2540/271 740/941/267
f 739/939/265 742/944/270 741/942/268
f 739/939/265 740/941/267 743/943/269
f 750/945/271 751/958/279 743/946/269
f 744/948/272 747/956/276 746/949/273
f 745/951/275 748/955/278 747/952/276
f 757/954/277 758/959/280 748/955/278
f 747/956/276 750/2541/271 749/957/266
f 747/952/276 748/955/278 751/958/279
f 758/959/280 759/967/287 751/958/279
f 752/960/281 755/964/285 754/961/282
f 753/963/284 756/969/286 755/964/285
f 741/942/268 742/944/270 756/965/286
f 755/964/285 758/959/280 757/954/277
f 755/964/285 756/969/286 759/967/287
f 742/968/270 743/946/269 759/967/287
f 763/970/288 766/974/292 765/971/289
f 764/973/291 767/976/294 766/974/292
f 776/975/293 777/2542/298 767/976/294
f 766/974/292 769/979/297 768/977/295
f 766/974/292 767/976/294 770/978/296
f 777/980/298 778/991/306 770/981/296
f 771/983/299 774/987/303 773/984/300
f 772/986/302 775/989/305 774/987/303
f 784/988/304 785/992/307 775/989/305
f 774/987/303 777/980/298 776/990/293
f 774/987/303 775/989/305 778/991/306
f 785/992/307 786/1002/314 778/991/306
f 779/993/308 782/997/312 781/994/309
f 780/996/311 783/2543/313 782/997/312
f 768/977/295 769/979/297 783/998/313
f 782/1000/312 785/992/307 784/988/304
f 782/1000/312 783/1004/313 786/1002/314
f 769/1003/297 770/981/296 786/1002/314
f 790/1005/315 793/1009/319 792/1006/316
f 791/1008/318 794/1011/321 793/1009/319
f 803/1010/320 804/2544/325 794/1011/321
f 793/1009/319 796/1014/324 795/1012/322
f 793/1009/319 794/1011/321 797/1013/323
f 804/1015/325 805/1028/333 797/1016/323
f 798/1018/326 801/1026/330 800/1019/327
f 799/1021/329 802/1025/332 801/1022/330
f 811/1024/331 812/1029/334 802/1025/332
f 801/1026/330 804/2545/325 803/1027/320
f 801/1022/330 802/1025/332 805/1028/333
f 812/1029/334 813/1037/341 805/1028/333
f 806/1030/335 809/1034/339 808/1031/336
f 807/1033/338 810/1039/340 809/1034/339
f 795/1012/322 796/1014/324 810/1035/340
f 809/1034/339 812/1029/334 811/1024/331
f 809/1034/339 810/1039/340 813/1037/341
f 796/1038/324 797/1016/323 813/1037/341
f 817/1040/342 820/1044/346 819/1041/343
f 818/1043/345 821/1046/348 820/1044/346
f 830/1045/347 831/2546/352 821/1046/348
f 820/1044/346 823/1049/351 822/1047/349
f 820/1044/346 821/1046/348 824/1048/350
f 831/1050/352 832/1061/360 824/1051/350
f 825/1053/353 828/1057/357 827/1054/354
f 826/1056/356 829/1059/359 828/1057/357
f 838/1058/358 839/1062/361 829/1059/359
f 828/1057/357 831/1050/352 830/1060/347
f 828/1057/357 829/1059/359 832/1061/360
f 839/1062/361 840/1072/368 832/1061/360
f 833/1063/362 836/1067/366 835/1064/363
f 834/1066/365 837/2547/367 836/1067/366
f 822/1047/349 823/1049/351 837/1068/367
f 836/1070/366 839/1062/361 838/1058/358
f 836/1070/366 837/1074/367 840/1072/368
f 823/1073/351 824/1051/350 840/1072/368
f 625/802/155 630/801/154 682/868/207
f 630/801/154 633/807/160 683/871/210
f 633/807/160 645/2548/176 695/873/212
f 645/827/176 644/824/173 692/880/219
f 644/824/173 627/826/175 680/881/220
f 626/813/166 652/836/182 657/835/181
f 657/844/181 660/843/187 637/814/167
f 660/843/187 672/863/203 649/817/169
f 672/863/203 671/860/200 646/825/174
f 671/860/200 654/862/202 627/826/175
f 706/904/236 711/903/235 663/849/191
f 711/903/235 714/910/241 664/852/194
f 714/910/241 726/930/257 676/854/196
f 726/927/257 725/924/254 673/861/201
f 725/924/254 708/926/256 654/862/202
f 681/894/229 700/893/228 717/915/245
f 717/915/245 700/893/228 703/885/223
f 703/885/223 691/882/221 730/920/250
f 691/882/221 690/884/218 727/932/255
f 690/879/218 680/881/220 708/926/256
f 679/870/209 684/869/208 790/1005/315
f 684/869/208 687/875/214 791/1008/318
f 687/875/214 699/2549/230 803/1010/320
f 699/895/230 698/892/227 800/1019/327
f 800/1019/327 698/892/227 681/894/229
f 706/904/236 814/1042/344 819/1041/343
f 819/1041/343 822/1047/349 710/905/237
f 710/905/237 822/1047/349 834/1069/365
f 834/1066/365 833/1063/362 719/916/246
f 833/1063/362 816/1065/364 707/917/247
f 789/1032/337 808/1031/336 825/1053/353
f 808/1031/336 811/1024/331 826/1056/356
f 826/1056/356 811/1024/331 799/1021/329
f 799/1021/329 798/1023/326 835/1071/363
f 835/1064/363 798/1018/326 788/1020/328
f 787/1007/317 792/1006/316 736/935/261
f 792/1006/316 795/1012/322 737/938/264
f 795/1012/322 807/1036/338 749/940/266
f 807/1033/338 806/1030/335 746/949/273
f 806/1030/335 789/1032/337 734/950/274
f 760/972/290 765/971/289 817/1040/342
f 765/971/289 768/977/295 818/1043/345
f 768/977/295 780/999/311 830/1045/347
f 780/996/311 779/993/308 827/1054/354
f 779/993/308 762/995/310 815/1055/355
f 735/962/283 754/961/282 771/983/299
f 754/961/282 757/954/277 772/986/302
f 772/986/302 757/954/277 745/951/275
f 745/951/275 744/953/272 781/1001/309
f 744/948/272 734/950/274 762/995/310
f 625/802/155 733/937/263 738/936/262
f 738/936/262 741/942/268 629/803/156
f 629/803/156 741/942/268 753/966/284
f 753/963/284 752/960/281 638/812/165
f 752/960/281 735/962/283 626/813/166
f 653/851/193 665/850/192 763/970/288
f 665/850/192 668/839/185 764/973/291
f 764/973/291 668/839/185 656/841/183
f 656/837/183 655/834/180 773/984/300
f 773/984/300 655/834/180 652/836/182
f 787/1007/317 733/937/263 625/802/155
f 654/862/202 708/926/256 680/881/220
f 761/985/301 652/836/182 626/813/166
f 706/904/236 653/851/193 760/972/290
f 707/917/247 816/1065/364 788/1020/328
f 815/1055/355 762/995/310 734/950/274
f 842/1076/369 862/1080/369 861/1077/370
f 843/1079/371 863/2550/371 862/1080/369
f 844/1081/372 864/1085/372 863/1082/371
f 845/1084/373 865/1087/373 864/1085/372
f 846/1086/374 866/1089/374 865/1087/373
f 847/1088/375 867/1091/375 866/1089/374
f 848/1090/376 868/1093/376 867/1091/375
f 849/1092/377 869/2551/377 868/1093/376
f 850/1094/378 870/1098/378 869/1095/377
f 851/1097/379 871/1100/379 870/1098/378
f 852/1099/380 872/1102/380 871/1100/379
f 853/1101/381 873/2552/381 872/1102/380
f 854/1103/382 874/1107/382 873/1104/381
f 855/1106/383 875/1109/383 874/1107/382
f 856/1108/384 876/1111/384 875/1109/383
f 857/1110/385 877/1113/385 876/1111/384
f 858/1112/386 878/1115/386 877/1113/385
f 859/1114/387 879/2553/387 878/1115/386
f 860/1116/388 880/1119/388 879/1117/387
f 841/1078/370 861/1077/370 880/1119/388
f 841/1122/389 860/2554/389 859/2555/389
f 859/2555/389 858/2556/389 857/2557/389
f 857/2557/389 856/2558/389 855/2559/389
f 855/2559/389 854/2560/389 853/1120/389
f 853/1120/389 852/2561/389 851/2562/389
f 851/2562/389 850/2563/389 849/2564/389
f 849/2564/389 848/2565/389 847/2566/389
f 847/2566/389 846/2567/389 845/1121/389
f 845/1121/389 844/2568/389 843/2569/389
f 843/2569/389 842/2570/389 841/1122/389
f 841/1122/389 859/2555/389 857/2557/389
f 857/2557/389 855/2559/389 853/1120/389
f 853/1120/389 851/2562/389 849/2564/389
f 849/2564/389 847/2566/389 845/1121/389
f 845/1121/389 843/2569/389 841/1122/389
f 841/1122/389 857/2557/389 853/1120/389
f 853/1120/389 849/2564/389 845/1121/389
f 880/1125/390 861/2571/390 862/2572/390
f 862/2572/390 863/2573/390 864/2574/390
f 864/2574/390 865/2575/390 866/2576/390
f 866/2576/390 867/2577/390 868/1123/390
f 868/1123/390 869/2578/390 870/2579/390
f 870/2579/390 871/2580/390 872/2581/390
f 872/2581/390 873/2582/390 874/2583/390
f 874/2583/390 875/2584/390 876/1124/390
f 876/1124/390 877/2585/390 878/2586/390
f 878/2586/390 879/2587/390 880/1125/390
f 880/1125/390 862/2572/390 864/2574/390
f 864/2574/390 866/2576/390 868/1123/390
f 868/1123/390 870/2579/390 872/2581/390
f 872/2581/390 874/2583/390 876/1124/390
f 876/1124/390 878/2586/390 880/1125/390
f 880/1125/390 864/2574/390 868/1123/390
f 868/1123/390 872/2581/390 876/1124/390
f 884/1126/1 887/1130/5 886/1127/2
f 885/1129/4 888/2588/14 887/1130/5
f 887/1130/5 899/1133/8 896/1131/6
f 887/1130/5 888/2588/14 889/1132/391
f 890/1134/9 893/1140/13 892/1135/10
f 891/1137/12 894/1149/19 893/1138/13
f 893/1140/13 888/2589/14 885/1141/4
f 893/1138/13 894/1149/19 889/1142/391
f 895/1144/15 898/1148/18 897/1145/16
f 896/1147/6 899/2590/8 898/1148/18
f 898/1148/18 894/1149/19 891/1137/12
f 898/1148/18 899/2590/8 889/1142/391
f 903/1150/20 906/1154/24 905/1151/21
f 904/1153/23 907/2591/33 906/1154/24
f 906/1155/24 918/1159/27 915/1156/25
f 906/1155/24 907/2592/33 908/1158/392
f 909/1160/28 912/1164/32 911/1161/29
f 910/1163/31 913/2593/38 912/1164/32
f 912/1164/32 907/1167/33 904/1165/23
f 912/1164/32 913/2593/38 908/1166/392
f 914/1168/34 917/1171/37 916/1169/35
f 915/1156/25 918/1159/27 917/1171/37
f 917/1171/37 913/1173/38 910/1172/31
f 917/1171/37 918/1159/27 908/1158/392
f 922/1174/39 925/1178/43 924/1175/40
f 923/1177/42 926/2594/52 925/1178/43
f 925/1178/43 937/1181/46 934/1179/44
f 925/1178/43 926/2594/52 927/1180/393
f 928/1182/47 931/1188/51 930/1183/48
f 929/1185/50 932/1197/57 931/1186/51
f 931/1188/51 926/2595/52 923/1189/42
f 931/1186/51 932/1197/57 927/1190/393
f 933/1192/53 936/1196/56 935/1193/54
f 934/1195/44 937/2596/46 936/1196/56
f 936/1196/56 932/1197/57 929/1185/50
f 936/1196/56 937/2596/46 927/1190/393
f 941/1198/58 944/1202/62 943/1199/59
f 942/1201/61 945/2597/71 944/1202/62
f 944/1202/62 956/1205/65 953/1203/63
f 944/1202/62 945/2597/71 946/1204/394
f 947/1206/66 950/1210/70 949/1207/67
f 948/1209/69 951/1221/76 950/1210/70
f 950/1210/70 945/1213/71 942/1211/61
f 950/1210/70 951/1221/76 946/1212/394
f 952/1214/72 955/1218/75 954/1215/73
f 953/1217/63 956/2598/65 955/1218/75
f 955/1219/75 951/1221/76 948/1209/69
f 955/1219/75 956/2599/65 946/1212/394
f 960/1222/77 963/1226/81 962/1223/78
f 961/1225/80 964/2600/90 963/1226/81
f 963/1226/81 975/1229/84 972/1227/82
f 963/1226/81 964/2600/90 965/1228/395
f 966/1230/85 969/1234/89 968/1231/86
f 967/1233/88 970/1243/95 969/1234/89
f 969/1234/89 964/1237/90 961/1235/80
f 969/1234/89 970/1243/95 965/1236/395
f 971/1238/91 974/1242/94 973/1239/92
f 972/1241/82 975/2601/84 974/1242/94
f 974/1242/94 970/1243/95 967/1233/88
f 974/1242/94 975/2601/84 965/1236/395
f 979/1244/96 982/1248/100 981/1245/97
f 980/1247/99 983/2602/109 982/1248/100
f 982/1248/100 994/1251/103 991/1249/101
f 982/1248/100 983/2602/109 984/1250/396
f 985/1252/104 988/1256/108 987/1253/105
f 986/1255/107 989/1265/114 988/1256/108
f 988/1256/108 983/1259/109 980/1257/99
f 988/1256/108 989/1265/114 984/1258/396
f 990/1260/110 993/1264/113 992/1261/111
f 991/1263/101 994/2603/103 993/1264/113
f 993/1264/113 989/1265/114 986/1255/107
f 993/1264/113 994/2603/103 984/1258/396
f 998/1266/115 1001/1270/119 1000/1267/116
f 999/1269/118 1002/2604/128 1001/1270/119
f 1001/1270/119 1013/1273/122 1010/1271/120
f 1001/1270/119 1002/2604/128 1003/1272/121
f 1004/1274/123 1007/1280/127 1006/1275/124
f 1005/1277/126 1008/1289/133 1007/1278/127
f 1007/1280/127 1002/2605/128 999/1281/118
f 1007/1278/127 1008/1289/133 1003/1282/121
f 1009/1284/129 1012/1288/132 1011/1285/130
f 1010/1287/120 1013/2606/122 1012/1288/132
f 1012/1288/132 1008/1289/133 1005/1277/126
f 1012/1288/132 1013/2606/122 1003/1282/121
f 1017/1290/134 1020/1294/138 1019/1291/135
f 1018/1293/137 1021/2607/147 1020/1294/138
f 1020/1294/138 1032/1297/141 1029/1295/139
f 1020/1294/138 1021/2607/147 1022/1296/397
f 1023/1298/142 1026/1302/146 1025/1299/143
f 1024/1301/145 1027/1313/152 1026/1302/146
f 1026/1302/146 1021/1305/147 1018/1303/137
f 1026/1302/146 1027/1313/152 1022/1304/397
f 1028/1306/148 1031/1310/151 1030/1307/149
f 1029/1309/139 1032/2608/141 1031/1310/151
f 1031/1311/151 1027/1313/152 1024/1301/145
f 1031/1311/151 1032/2609/141 1022/1304/397
f 881/1128/3 886/1127/2 922/1174/39
f 886/1127/2 896/1131/6 923/1177/42
f 896/1147/6 895/1144/15 930/1183/48
f 895/1144/15 883/1146/17 920/1184/49
f 900/1152/22 905/1151/21 890/1134/9
f 905/1157/21 915/1156/25 891/1137/12
f 915/1156/25 914/1168/34 897/1145/16
f 914/1168/34 902/1170/36 883/1146/17
f 938/1200/60 943/1199/59 909/1160/28
f 943/1199/59 953/1203/63 910/1163/31
f 953/1217/63 952/1214/72 916/1169/35
f 952/1214/72 940/1216/74 902/1170/36
f 921/1194/55 935/1193/54 947/1206/66
f 935/1193/54 929/1185/50 948/1209/69
f 929/1185/50 928/1187/47 954/1220/73
f 928/1182/47 920/1184/49 940/1216/74
f 919/1176/41 924/1175/40 998/1266/115
f 924/1175/40 934/1179/44 999/1269/118
f 934/1195/44 933/1192/53 1006/1275/124
f 933/1192/53 921/1194/55 996/1276/125
f 1014/1292/136 1019/1291/135 941/1198/58
f 1019/1291/135 1029/1295/139 942/1201/61
f 1029/1309/139 1028/1306/148 949/1207/67
f 1028/1306/148 1016/1308/150 939/1208/68
f 997/1286/131 1011/1285/130 1023/1298/142
f 1011/1285/130 1005/1277/126 1024/1301/145
f 1024/1301/145 1005/1277/126 1004/1279/123
f 1004/1274/123 996/1276/125 1016/1308/150
f 995/1268/117 1000/1267/116 960/1222/77
f 1000/1267/116 1010/1271/120 961/1225/80
f 1010/1287/120 1009/1284/129 968/1314/86
f 1009/1284/129 997/1286/131 958/1316/87
f 976/1246/98 981/1245/97 1017/1290/134
f 981/1245/97 991/1249/101 1018/1293/137
f 991/1317/101 990/1318/110 1025/1299/143
f 990/1318/110 978/1320/112 1015/1300/144
f 959/1240/93 973/1239/92 985/1252/104
f 973/1239/92 967/1233/88 986/1255/107
f 967/1233/88 966/1230/85 992/1261/111
f 966/1319/85 958/1316/87 978/1320/112
f 957/1224/79 962/1223/78 884/1126/1
f 962/1223/78 972/1227/82 885/1129/4
f 972/1241/82 971/1238/91 892/1135/10
f 971/1238/91 959/1240/93 882/1136/11
f 901/1162/30 911/1161/29 979/1244/96
f 911/1161/29 904/1165/23 980/1247/99
f 904/1153/23 903/1150/20 987/1253/105
f 903/1150/20 900/1152/22 977/1254/106
f 995/1268/117 957/1224/79 881/1128/3
f 902/1170/36 940/1216/74 920/1184/49
f 977/1254/106 900/1152/22 882/1136/11
f 938/1200/60 901/1162/30 976/1246/98
f 939/1208/68 1016/1308/150 996/1276/125
f 1015/1300/144 978/1320/112 958/1316/87
f 1036/1322/1 1039/1326/5 1038/1323/2
f 1037/1325/4 1040/2610/14 1039/1326/5
f 1039/1326/5 1051/1329/8 1048/1327/6
f 1039/1326/5 1040/2610/14 1041/1328/391
f 1042/1330/9 1045/1336/13 1044/1331/10
f 1043/1333/12 1046/1345/19 1045/1334/13
f 1045/1336/13 1040/2611/14 1037/1337/4
f 1045/1334/13 1046/1345/19 1041/1338/391
f 1047/1340/15 1050/1344/18 1049/1341/16
f 1048/1343/6 1051/2612/8 1050/1344/18
f 1050/1344/18 1046/1345/19 1043/1333/12
f 1050/1344/18 1051/2612/8 1041/1338/391
f 1055/1346/20 1058/1350/24 1057/1347/21
f 1056/1349/23 1059/2613/33 1058/1350/24
f 1058/1351/24 1070/1355/27 1067/1352/25
f 1058/1351/24 1059/2614/33 1060/1354/398
f 1061/1356/28 1064/1360/32 1063/1357/29
f 1062/1359/31 1065/2615/38 1064/1360/32
f 1064/1360/32 1059/1363/33 1056/1361/23
f 1064/1360/32 1065/2615/38 1060/1362/398
f 1066/1364/34 1069/1367/37 1068/1365/35
f 1067/1352/25 1070/1355/27 1069/1367/37
f 1069/1367/37 1065/1369/38 1062/1368/31
f 1069/1367/37 1070/1355/27 1060/1354/398
f 1074/1370/39 1077/1374/43 1076/1371/40
f 1075/1373/42 1078/2616/52 1077/1374/43
f 1077/1374/43 1089/1377/46 1086/1375/44
f 1077/1374/43 1078/2616/52 1079/1376/45
f 1080/1378/47 1083/1384/51 1082/1379/48
f 1081/1381/50 1084/1393/57 1083/1382/51
f 1083/1384/51 1078/2617/52 1075/1385/42
f 1083/1382/51 1084/1393/57 1079/1386/45
f 1085/1388/53 1088/1392/56 1087/1389/54
f 1086/1391/44 1089/2618/46 1088/1392/56
f 1088/1392/56 1084/1393/57 1081/1381/50
f 1088/1392/56 1089/2618/46 1079/1386/45
f 1093/1394/58 1096/1398/62 1095/1395/59
f 1094/1397/61 1097/2619/71 1096/1398/62
f 1096/1398/62 1108/1401/65 1105/1399/63
f 1096/1398/62 1097/2619/71 1098/1400/399
f 1099/1402/66 1102/1406/70 1101/1403/67
f 1100/1405/69 1103/1417/76 1102/1406/70
f 1102/1406/70 1097/1409/71 1094/1407/61
f 1102/1406/70 1103/1417/76 1098/1408/399
f 1104/1410/72 1107/1414/75 1106/1411/73
f 1105/1413/63 1108/2620/65 1107/1414/75
f 1107/1415/75 1103/1417/76 1100/1405/69
f 1107/1415/75 1108/2621/65 1098/1408/399
f 1112/1418/77 1115/1422/81 1114/1419/78
f 1113/1421/80 1116/2622/90 1115/1422/81
f 1115/1422/81 1127/1425/84 1124/1423/82
f 1115/1422/81 1116/2622/90 1117/1424/400
f 1118/1426/85 1121/1430/89 1120/1427/86
f 1119/1429/88 1122/1439/95 1121/1430/89
f 1121/1430/89 1116/1433/90 1113/1431/80
f 1121/1430/89 1122/1439/95 1117/1432/400
f 1123/1434/91 1126/1438/94 1125/1435/92
f 1124/1437/82 1127/2623/84 1126/1438/94
f 1126/1438/94 1122/1439/95 1119/1429/88
f 1126/1438/94 1127/2623/84 1117/1432/400
f 1131/1440/96 1134/1444/100 1133/1441/97
f 1132/1443/99 1135/2624/109 1134/1444/100
f 1134/1444/100 1146/1447/103 1143/1445/101
f 1134/1444/100 1135/2624/109 1136/1446/401
f 1137/1448/104 1140/1452/108 1139/1449/105
f 1138/1451/107 1141/1461/114 1140/1452/108
f 1140/1452/108 1135/1455/109 1132/1453/99
f 1140/1452/108 1141/1461/114 1136/1454/401
f 1142/1456/110 1145/1460/113 1144/1457/111
f 1143/1459/101 1146/2625/103 1145/1460/113
f 1145/1460/113 1141/1461/114 1138/1451/107
f 1145/1460/113 1146/2625/103 1136/1454/401
f 1150/1462/115 1153/1466/119 1152/1463/116
f 1151/1465/118 1154/2626/128 1153/1466/119
f 1153/1466/119 1165/1469/122 1162/1467/120
f 1153/1466/119 1154/2626/128 1155/1468/121
f 1156/1470/123 1159/1476/127 1158/1471/124
f 1157/1473/126 1160/1485/133 1159/1474/127
f 1159/1476/127 1154/2627/128 1151/1477/118
f 1159/1474/127 1160/1485/133 1155/1478/121
f 1161/1480/129 1164/1484/132 1163/1481/130
f 1162/1483/120 1165/2628/122 1164/1484/132
f 1164/1484/132 1160/1485/133 1157/1473/126
f 1164/1484/132 1165/2628/122 1155/1478/121
f 1169/1486/134 1172/1490/138 1171/1487/135
f 1170/1489/137 1173/2629/147 1172/1490/138
f 1172/1490/138 1184/1493/141 1181/1491/139
f 1172/1490/138 1173/2629/147 1174/1492/402
f 1175/1494/142 1178/1498/146 1177/1495/143
f 1176/1497/145 1179/1509/152 1178/1498/146
f 1178/1498/146 1173/1501/147 1170/1499/137
f 1178/1498/146 1179/1509/152 1174/1500/402
f 1180/1502/148 1183/1506/151 1182/1503/149
f 1181/1505/139 1184/2630/141 1183/1506/151
f 1183/1507/151 1179/1509/152 1176/1497/145
f 1183/1507/151 1184/2631/141 1174/1500/402
f 1033/1324/3 1038/1323/2 1074/1370/39
f 1038/1323/2 1048/1327/6 1075/1373/42
f 1048/1343/6 1047/1340/15 1082/1379/48
f 1047/1340/15 1035/1342/17 1072/1380/49
f 1034/1332/11 1052/1348/22 1057/1347/21
f 1057/1353/21 1067/1352/25 1043/1333/12
f 1067/1352/25 1066/1364/34 1049/1341/16
f 1066/1364/34 1054/1366/36 1035/1342/17
f 1090/1396/60 1095/1395/59 1061/1356/28
f 1095/1395/59 1105/1399/63 1062/1359/31
f 1105/1413/63 1104/1410/72 1068/1365/35
f 1104/1410/72 1092/1412/74 1054/1366/36
f 1073/1390/55 1087/1389/54 1099/1402/66
f 1099/1402/66 1087/1389/54 1081/1381/50
f 1081/1381/50 1080/1383/47 1106/1416/73
f 1080/1378/47 1072/1380/49 1092/1412/74
f 1071/1372/41 1076/1371/40 1150/1462/115
f 1076/1371/40 1086/1375/44 1151/1465/118
f 1086/1391/44 1085/1388/53 1158/1471/124
f 1085/1388/53 1073/1390/55 1148/1472/125
f 1166/1488/136 1171/1487/135 1093/1394/58
f 1171/1487/135 1181/1491/139 1094/1397/61
f 1181/1505/139 1180/1502/148 1101/1403/67
f 1180/1502/148 1168/1504/150 1091/1404/68
f 1149/1482/131 1163/1481/130 1175/1494/142
f 1163/1481/130 1157/1473/126 1176/1497/145
f 1157/1473/126 1156/1475/123 1182/1508/149
f 1156/1470/123 1148/1472/125 1168/1504/150
f 1147/1464/117 1152/1463/116 1112/1418/77
f 1152/1463/116 1162/1467/120 1113/1421/80
f 1162/1483/120 1161/1480/129 1120/1510/86
f 1161/1480/129 1149/1482/131 1110/1512/87
f 1128/1442/98 1133/1441/97 1169/1486/134
f 1133/1441/97 1143/1445/101 1170/1489/137
f 1143/1513/101 1142/1514/110 1177/1495/143
f 1142/1514/110 1130/1516/112 1167/1496/144
f 1111/1436/93 1125/1435/92 1137/1448/104
f 1125/1435/92 1119/1429/88 1138/1451/107
f 1119/1429/88 1118/1426/85 1144/1457/111
f 1118/1515/85 1110/1512/87 1130/1516/112
f 1109/1420/79 1114/1419/78 1036/1322/1
f 1114/1419/78 1124/1423/82 1037/1325/4
f 1124/1437/82 1123/1434/91 1044/1331/10
f 1123/1434/91 1111/1436/93 1034/1332/11
f 1053/1358/30 1063/1357/29 1131/1440/96
f 1063/1357/29 1056/1361/23 1132/1443/99
f 1056/1349/23 1055/1346/20 1139/1449/105
f 1055/1346/20 1052/1348/22 1129/1450/106
f 1147/1464/117 1109/1420/79 1033/1324/3
f 1054/1366/36 1092/1412/74 1072/1380/49
f 1129/1450/106 1052/1348/22 1034/1332/11
f 1090/1396/60 1053/1358/30 1128/1442/98
f 1091/1404/68 1168/1504/150 1148/1472/125
f 1167/1496/144 1130/1516/112 1110/1512/87
f 1187/1529/388 1197/2632/388 1196/1530/388
f 1188/1532/386 1198/1536/386 1197/1533/386
f 1189/1535/384 1199/1538/384 1198/1536/384
f 1190/1537/382 1200/2633/382 1199/1538/382
f 1191/1539/380 1201/1543/380 1200/1540/380
f 1191/1539/378 1192/2634/378 1202/1542/378
f 1192/1544/376 1193/1548/376 1203/1545/376
f 1194/1547/374 1204/1550/374 1203/1545/374
f 1195/1549/372 1205/2635/372 1204/1550/372
f 1186/1531/369 1196/1530/369 1205/1551/369
f 1209/1575/388 1219/2636/388 1218/1576/388
f 1210/1578/386 1220/1582/386 1219/1579/386
f 1211/1581/384 1221/1584/384 1220/1582/384
f 1212/1583/382 1222/2637/382 1221/1584/382
f 1213/1585/380 1223/1589/380 1222/1586/380
f 1213/1585/378 1214/2638/378 1224/1588/378
f 1214/1590/376 1215/1594/376 1225/1591/376
f 1216/1593/374 1226/1596/374 1225/1591/374
f 1217/1595/372 1227/2639/372 1226/1596/372
f 1217/1597/369 1208/1577/369 1218/1576/369
f 1231/1621/388 1241/2640/388 1240/1622/388
f 1232/1624/386 1242/1628/386 1241/1625/386
f 1233/1627/384 1243/1630/384 1242/1628/384
f 1234/1629/382 1244/2641/382 1243/1630/382
f 1235/1631/380 1245/1635/380 1244/1632/380
f 1235/1631/378 1236/2642/378 1246/1634/378
f 1236/1636/376 1237/1640/376 1247/1637/376
f 1238/1639/374 1248/1642/374 1247/1637/374
f 1239/1641/372 1249/2643/372 1248/1642/372
f 1230/1623/369 1240/1622/369 1249/1643/369
f 1253/1667/388 1263/2644/388 1262/1668/388
f 1254/1670/386 1264/1674/386 1263/1671/386
f 1255/1673/384 1265/1676/384 1264/1674/384
f 1256/1675/382 1266/2645/382 1265/1676/382
f 1257/1677/380 1267/1681/380 1266/1678/380
f 1257/1677/378 1258/2646/378 1268/1680/378
f 1258/1682/376 1259/1686/376 1269/1683/376
f 1260/1685/374 1270/1688/374 1269/1683/374
f 1261/1687/372 1271/2647/372 1270/1688/372
f 1252/1669/369 1262/1668/369 1271/1689/369
f 1275/1713/388 1285/2648/388 1284/1714/388
f 1276/1716/386 1286/1720/386 1285/1717/386
f 1277/1719/384 1287/1722/384 1286/1720/384
f 1278/1721/382 1288/2649/382 1287/1722/382
f 1279/1723/380 1289/1727/380 1288/1724/380
f 1279/1723/378 1280/2650/378 1290/1726/378
f 1280/1728/376 1281/1732/376 1291/1729/376
f 1282/1731/374 1292/1734/374 1291/1729/374
f 1283/1733/372 1293/2651/372 1292/1734/372
f 1274/1715/369 1284/1714/369 1293/1735/369
f 1297/1759/388 1307/2652/388 1306/1760/388
f 1298/1762/386 1308/1766/386 1307/1763/386
f 1299/1765/384 1309/1768/384 1308/1766/384
f 1300/1767/382 1310/2653/382 1309/1768/382
f 1301/1769/380 1311/1773/380 1310/1770/380
f 1302/1772/378 1312/2654/378 1311/1773/378
f 1303/1774/376 1313/1778/376 1312/1775/376
f 1304/1777/374 1314/1780/374 1313/1778/374
f 1305/1779/372 1315/2655/372 1314/1780/372
f 1296/1761/369 1306/1760/369 1315/1781/369
f 1319/1805/388 1329/2656/388 1328/1806/388
f 1320/1808/386 1330/1812/386 1329/1809/386
f 1321/1811/384 1331/1814/384 1330/1812/384
f 1322/1813/382 1332/2657/382 1331/1814/382
f 1323/1815/380 1333/1819/380 1332/1816/380
f 1323/1815/378 1324/2658/378 1334/1818/378
f 1324/1820/376 1325/1824/376 1335/1821/376
f 1326/1823/374 1336/1826/374 1335/1821/374
f 1327/1825/372 1337/2659/372 1336/1826/372
f 1318/1807/369 1328/1806/369 1337/1827/369
f 1341/1851/388 1351/2660/388 1350/1852/388
f 1342/1854/386 1352/1858/386 1351/1855/386
f 1343/1857/384 1353/1860/384 1352/1858/384
f 1344/1859/382 1354/2661/382 1353/1860/382
f 1345/1861/380 1355/1865/380 1354/1862/380
f 1345/1861/378 1346/2662/378 1356/1864/378
f 1346/1866/376 1347/1870/376 1357/1867/376
f 1348/1869/374 1358/1872/374 1357/1867/374
f 1349/1871/372 1359/2663/372 1358/1872/372
f 1340/1853/369 1350/1852/369 1359/1873/369
f 1363/1897/388 1373/2664/388 1372/1898/388
f 1364/1900/386 1374/1904/386 1373/1901/386
f 1365/1903/384 1375/1906/384 1374/1904/384
f 1366/1905/382 1376/2665/382 1375/1906/382
f 1367/1907/380 1377/1911/380 1376/1908/380
f 1367/1907/378 1368/2666/378 1378/1910/378
f 1368/1912/376 1369/1916/376 1379/1913/376
f 1370/1915/374 1380/1918/374 1379/1913/374
f 1371/1917/372 1381/2667/372 1380/1918/372
f 1362/1899/369 1372/1898/369 1381/1919/369
f 1385/1943/388 1395/2668/388 1394/1944/388
f 1386/1946/386 1396/1950/386 1395/1947/386
f 1387/1949/384 1397/1952/384 1396/1950/384
f 1388/1951/382 1398/2669/382 1397/1952/382
f 1389/1953/380 1399/1957/380 1398/1954/380
f 1390/1956/378 1400/2670/378 1399/1957/378
f 1391/1958/376 1401/1962/376 1400/1959/376
f 1392/1961/374 1402/1964/374 1401/1962/374
f 1393/1963/372 1403/2671/372 1402/1964/372
f 1393/1965/369 1384/1945/369 1394/1944/369
f 1407/1989/388 1417/2672/388 1416/1990/388
f 1408/1992/386 1418/1996/386 1417/1993/386
f 1409/1995/384 1419/1998/384 1418/1996/384
f 1410/1997/382 1420/2673/382 1419/1998/382
f 1411/1999/380 1421/2003/380 1420/2000/380
f 1412/2002/378 1422/2674/378 1421/2003/378
f 1412/2004/376 1413/2008/376 1423/2005/376
f 1414/2007/374 1424/2010/374 1423/2005/374
f 1415/2009/372 1425/2675/372 1424/2010/372
f 1415/2011/369 1406/1991/369 1416/1990/369
f 1429/2035/388 1439/2676/388 1438/2036/388
f 1430/2038/386 1440/2042/386 1439/2039/386
f 1431/2041/384 1441/2044/384 1440/2042/384
f 1432/2043/382 1442/2677/382 1441/2044/382
f 1433/2045/380 1443/2049/380 1442/2046/380
f 1433/2045/378 1434/2678/378 1444/2048/378
f 1434/2050/376 1435/2054/376 1445/2051/376
f 1436/2053/374 1446/2056/374 1445/2051/374
f 1437/2055/372 1447/2679/372 1446/2056/372
f 1428/2037/369 1438/2036/369 1447/2057/369
f 1451/2081/388 1461/2680/388 1460/2082/388
f 1452/2084/386 1462/2088/386 1461/2085/386
f 1453/2087/384 1463/2090/384 1462/2088/384
f 1454/2089/382 1464/2681/382 1463/2090/382
f 1455/2091/380 1465/2095/380 1464/2092/380
f 1455/2091/378 1456/2682/378 1466/2094/378
f 1456/2096/376 1457/2100/376 1467/2097/376
f 1458/2099/374 1468/2102/374 1467/2097/374
f 1459/2101/372 1469/2683/372 1468/2102/372
f 1450/2083/369 1460/2082/369 1469/2103/369
f 1473/2127/388 1483/2684/388 1482/2128/388
f 1474/2130/386 1484/2134/386 1483/2131/386
f 1475/2133/384 1485/2136/384 1484/2134/384
f 1476/2135/382 1486/2685/382 1485/2136/382
f 1477/2137/380 1487/2141/380 1486/2138/380
f 1477/2137/378 1478/2686/378 1488/2140/378
f 1479/2142/376 1489/2146/376 1488/2143/376
f 1480/2145/374 1490/2148/374 1489/2146/374
f 1481/2147/372 1491/2687/372 1490/2148/372
f 1472/2129/369 1482/2128/369 1491/2149/369
f 1495/2175/413 1507/2179/417 1506/2176/414
f 1495/2175/413 1496/2688/418 1508/2178/416
f 1496/2180/418 1497/2184/421 1509/2181/419
f 1498/2183/420 1510/2186/423 1509/2181/419
f 1499/2185/422 1511/2207/425 1510/2186/423
f 1499/2187/422 1500/2191/427 1512/2188/424
f 1501/2190/426 1513/2193/429 1512/2188/424
f 1501/2190/426 1502/2689/430 1514/2192/428
f 1502/2194/430 1503/2198/433 1515/2195/431
f 1504/2197/432 1516/2200/435 1515/2195/431
f 1505/2199/434 1517/2202/436 1516/2200/435
f 1505/2199/434 1494/2690/415 1506/2201/414
f 1506/2176/414 1507/2179/417 1519/2203/437
f 1508/2178/416 1520/2691/439 1519/2203/437
f 1509/2181/419 1521/2206/440 1520/2205/439
f 1510/2186/423 1522/2208/441 1521/2206/440
f 1511/2207/425 1523/2692/442 1522/2208/441
f 1512/2188/424 1524/2211/444 1523/2209/442
f 1512/2188/424 1513/2193/429 1525/2210/443
f 1514/2192/428 1526/2693/445 1525/2210/443
f 1515/2195/431 1527/2213/446 1526/2212/445
f 1516/2200/435 1528/2214/447 1527/2213/446
f 1517/2202/436 1529/2215/448 1528/2214/447
f 1506/2201/414 1518/2694/438 1529/2215/448
f 1533/2242/413 1545/2246/417 1544/2243/414
f 1533/2242/413 1534/2695/418 1546/2245/416
f 1534/2247/418 1535/2251/421 1547/2248/419
f 1536/2250/420 1548/2253/423 1547/2248/419
f 1537/2252/422 1549/2696/425 1548/2253/423
f 1538/2254/427 1550/2258/424 1549/2255/425
f 1539/2257/426 1551/2260/429 1550/2258/424
f 1539/2257/426 1540/2697/430 1552/2259/428
f 1540/2261/430 1541/2265/433 1553/2262/431
f 1542/2264/432 1554/2267/435 1553/2262/431
f 1543/2266/434 1555/2269/436 1554/2267/435
f 1543/2266/434 1532/2698/415 1544/2268/414
f 1544/2243/414 1545/2246/417 1557/2270/437
f 1546/2245/416 1558/2699/439 1557/2270/437
f 1547/2248/419 1559/2274/440 1558/2272/439
f 1547/2248/419 1548/2253/423 1560/2273/441
f 1548/2253/423 1549/2696/425 1561/2275/442
f 1550/2258/424 1562/2277/444 1561/2276/442
f 1551/2260/429 1563/2278/443 1562/2277/444
f 1552/2259/428 1564/2700/445 1563/2278/443
f 1552/2263/428 1553/2262/431 1565/2279/446
f 1554/2267/435 1566/2282/447 1565/2279/446
f 1554/2267/435 1555/2269/436 1567/2281/448
f 1544/2268/414 1556/2701/438 1567/2281/448
f 1571/2309/413 1583/2313/417 1582/2310/414
f 1571/2309/413 1572/2702/418 1584/2312/416
f 1572/2314/418 1573/2318/421 1585/2315/419
f 1574/2317/420 1586/2320/423 1585/2315/419
f 1575/2319/422 1587/2341/425 1586/2320/423
f 1575/2321/422 1576/2325/427 1588/2322/424
f 1577/2324/426 1589/2327/429 1588/2322/424
f 1577/2324/426 1578/2703/430 1590/2326/428
f 1578/2328/430 1579/2332/433 1591/2329/431
f 1580/2331/432 1592/2334/435 1591/2329/431
f 1581/2333/434 1593/2336/436 1592/2334/435
f 1570/2335/415 1582/2350/414 1593/2336/436
f 1583/2313/417 1595/2338/437 1594/2337/438
f 1584/2312/416 1596/2704/439 1595/2338/437
f 1584/2316/416 1585/2315/419 1597/2339/440
f 1586/2320/423 1598/2342/441 1597/2339/440
f 1587/2341/425 1599/2705/442 1598/2342/441
f 1588/2322/424 1600/2345/444 1599/2343/442
f 1588/2322/424 1589/2327/429 1601/2344/443
f 1590/2326/428 1602/2706/445 1601/2344/443
f 1591/2329/431 1603/2348/446 1602/2346/445
f 1591/2329/431 1592/2334/435 1604/2347/447
f 1592/2334/435 1593/2336/436 1605/2349/448
f 1582/2350/414 1594/2707/438 1605/2349/448
f 1609/2377/413 1621/2381/417 1620/2378/414
f 1609/2377/413 1610/2708/418 1622/2380/416
f 1610/2382/418 1611/2386/421 1623/2383/419
f 1612/2385/420 1624/2388/423 1623/2383/419
f 1613/2387/422 1625/2709/425 1624/2388/423
f 1613/2389/422 1614/2393/427 1626/2390/424
f 1615/2392/426 1627/2395/429 1626/2390/424
f 1615/2392/426 1616/2710/430 1628/2394/428
f 1616/2396/430 1617/2400/433 1629/2397/431
f 1618/2399/432 1630/2402/435 1629/2397/431
f 1619/2401/434 1631/2404/436 1630/2402/435
f 1619/2401/434 1608/2711/415 1620/2403/414
f 1621/2381/417 1633/2406/437 1632/2405/438
f 1622/2380/416 1634/2712/439 1633/2406/437
f 1623/2383/419 1635/2409/440 1634/2407/439
f 1623/2383/419 1624/2388/423 1636/2408/441
f 1624/2388/423 1625/2709/425 1637/2410/442
f 1625/2391/425 1626/2390/424 1638/2411/444
f 1626/2390/424 1627/2395/429 1639/2413/443
f 1628/2394/428 1640/2713/445 1639/2413/443
f 1628/2398/428 1629/2397/431 1641/2414/446
f 1630/2402/435 1642/2417/447 1641/2414/446
f 1630/2402/435 1631/2404/436 1643/2416/448
f 1620/2403/414 1632/2714/438 1643/2416/448
