# Blender 5.2.2 LTS
# www.blender.org
o WoodChair
v -0.820000 1.800000 0.820000
v -0.820000 1.880000 0.900000
v -0.900000 1.880000 0.820000
v -0.820000 1.810688 0.859947
v -0.859948 1.810688 0.820000
v -0.858257 1.821069 0.858257
v -0.859948 1.880000 0.889312
v -0.820000 1.840052 0.889312
v -0.858257 1.841743 0.878931
v -0.889312 1.840052 0.820000
v -0.889312 1.880000 0.859947
v -0.878931 1.841743 0.858257
v -0.820000 1.920000 0.900000
v -0.820000 2.000000 0.820000
v -0.900000 1.920000 0.820000
v -0.820000 1.959948 0.889312
v -0.859948 1.920000 0.889312
v -0.858257 1.958257 0.878931
v -0.859948 1.989312 0.820000
v -0.820000 1.989312 0.859947
v -0.858257 1.978931 0.858257
v -0.889312 1.920000 0.859947
v -0.889312 1.959948 0.820000
v -0.878931 1.958257 0.858257
v -0.820000 1.800000 -0.820000
v -0.900000 1.880000 -0.820000
v -0.820000 1.880000 -0.900000
v -0.859948 1.810688 -0.820000
v -0.820000 1.810688 -0.859948
v -0.858257 1.821069 -0.858257
v -0.889312 1.880000 -0.859948
v -0.889312 1.840052 -0.820000
v -0.878931 1.841743 -0.858257
v -0.820000 1.840052 -0.889312
v -0.859948 1.880000 -0.889312
v -0.858257 1.841743 -0.878931
v -0.820000 2.000000 -0.820000
v -0.820000 1.920000 -0.900000
v -0.900000 1.920000 -0.820000
v -0.820000 1.989312 -0.859948
v -0.859948 1.989312 -0.820000
v -0.858257 1.978931 -0.858257
v -0.859948 1.920000 -0.889312
v -0.820000 1.959948 -0.889312
v -0.858257 1.958257 -0.878931
v -0.889312 1.959948 -0.820000
v -0.889312 1.920000 -0.859948
v -0.878931 1.958257 -0.858257
v 0.820000 1.800000 0.820000
v 0.900000 1.880000 0.820000
v 0.820000 1.880000 0.900000
v 0.859948 1.810688 0.820000
v 0.820000 1.810688 0.859947
v 0.858257 1.821069 0.858257
v 0.889312 1.880000 0.859947
v 0.889312 1.840052 0.820000
v 0.878931 1.841743 0.858257
v 0.820000 1.840052 0.889312
v 0.859948 1.880000 0.889312
v 0.858257 1.841743 0.878931
v 0.820000 2.000000 0.820000
v 0.820000 1.920000 0.900000
v 0.900000 1.920000 0.820000
v 0.820000 1.989312 0.859947
v 0.859948 1.989312 0.820000
v 0.858257 1.978931 0.858257
v 0.859948 1.920000 0.889312
v 0.820000 1.959948 0.889312
v 0.858257 1.958257 0.878931
v 0.889312 1.959948 0.820000
v 0.889312 1.920000 0.859947
v 0.878931 1.958257 0.858257
v 0.820000 1.800000 -0.820000
v 0.820000 1.880000 -0.900000
v 0.900000 1.880000 -0.820000
v 0.820000 1.810688 -0.859948
v 0.859948 1.810688 -0.820000
v 0.858257 1.821069 -0.858257
v 0.859948 1.880000 -0.889312
v 0.820000 1.840052 -0.889312
v 0.858257 1.841743 -0.878931
v 0.889312 1.840052 -0.820000
v 0.889312 1.880000 -0.859948
v 0.878931 1.841743 -0.858257
v 0.820000 2.000000 -0.820000
v 0.900000 1.920000 -0.820000
v 0.820000 1.920000 -0.900000
v 0.859948 1.989312 -0.820000
v 0.820000 1.989312 -0.859948
v 0.858257 1.978931 -0.858257
v 0.889312 1.920000 -0.859948
v 0.889312 1.959948 -0.820000
v 0.878931 1.958257 -0.858257
v 0.820000 1.959948 -0.889312
v 0.859948 1.920000 -0.889312
v 0.858257 1.958257 -0.878931
v -0.720000 -0.000000 -0.720000
v -0.650000 -0.000000 -0.720000
v -0.656932 -0.000000 -0.750372
v -0.676356 -0.000000 -0.774728
v -0.704424 -0.000000 -0.788245
v -0.735577 -0.000000 -0.788245
v -0.763644 -0.000000 -0.774728
v -0.783068 -0.000000 -0.750372
v -0.790000 -0.000000 -0.720000
v -0.783068 -0.000000 -0.689628
v -0.763644 -0.000000 -0.665272
v -0.735577 -0.000000 -0.651755
v -0.704424 -0.000000 -0.651755
v -0.676356 -0.000000 -0.665272
v -0.656932 -0.000000 -0.689628
v -0.630000 0.150000 -0.720000
v -0.638913 0.150000 -0.759050
v -0.663886 0.150000 -0.790365
v -0.699973 0.150000 -0.807744
v -0.740027 0.150000 -0.807744
v -0.776114 0.150000 -0.790365
v -0.801087 0.150000 -0.759050
v -0.810000 0.150000 -0.720000
v -0.801087 0.150000 -0.680951
v -0.776114 0.150000 -0.649635
v -0.740027 0.150000 -0.632257
v -0.699973 0.150000 -0.632257
v -0.663886 0.150000 -0.649635
v -0.638913 0.150000 -0.680951
v -0.645000 0.500000 -0.720000
v -0.652427 0.500000 -0.752541
v -0.673238 0.500000 -0.778637
v -0.703311 0.500000 -0.793120
v -0.736689 0.500000 -0.793120
v -0.766762 0.500000 -0.778637
v -0.787573 0.500000 -0.752541
v -0.795000 0.500000 -0.720000
v -0.787573 0.500000 -0.687459
v -0.766762 0.500000 -0.661363
v -0.736689 0.500000 -0.646880
v -0.703311 0.500000 -0.646880
v -0.673238 0.500000 -0.661363
v -0.652427 0.500000 -0.687459
v -0.620000 0.900000 -0.720000
v -0.629903 0.900000 -0.763388
v -0.657651 0.900000 -0.798183
v -0.697748 0.900000 -0.817493
v -0.742252 0.900000 -0.817493
v -0.782349 0.900000 -0.798183
v -0.810097 0.900000 -0.763388
v -0.820000 0.900000 -0.720000
v -0.810097 0.900000 -0.676612
v -0.782349 0.900000 -0.641817
v -0.742252 0.900000 -0.622507
v -0.697748 0.900000 -0.622507
v -0.657651 0.900000 -0.641817
v -0.629903 0.900000 -0.676612
v -0.640000 1.200000 -0.720000
v -0.647923 1.200000 -0.754711
v -0.670121 1.200000 -0.782547
v -0.702198 1.200000 -0.797994
v -0.737802 1.200000 -0.797994
v -0.769879 1.200000 -0.782547
v -0.792078 1.200000 -0.754711
v -0.800000 1.200000 -0.720000
v -0.792078 1.200000 -0.685289
v -0.769879 1.200000 -0.657454
v -0.737802 1.200000 -0.642006
v -0.702198 1.200000 -0.642006
v -0.670121 1.200000 -0.657454
v -0.647923 1.200000 -0.685289
v -0.620000 1.600000 -0.720000
v -0.629903 1.600000 -0.763388
v -0.657651 1.600000 -0.798183
v -0.697748 1.600000 -0.817493
v -0.742252 1.600000 -0.817493
v -0.782349 1.600000 -0.798183
v -0.810097 1.600000 -0.763388
v -0.820000 1.600000 -0.720000
v -0.810097 1.600000 -0.676612
v -0.782349 1.600000 -0.641817
v -0.742252 1.600000 -0.622507
v -0.697748 1.600000 -0.622507
v -0.657651 1.600000 -0.641817
v -0.629903 1.600000 -0.676612
v -0.610000 1.800000 -0.720000
v -0.620893 1.800000 -0.767727
v -0.651416 1.800000 -0.806002
v -0.695523 1.800000 -0.827242
v -0.744477 1.800000 -0.827242
v -0.788584 1.800000 -0.806002
v -0.819107 1.800000 -0.767727
v -0.830000 1.800000 -0.720000
v -0.819107 1.800000 -0.672273
v -0.788584 1.800000 -0.633999
v -0.744477 1.800000 -0.612758
v -0.695523 1.800000 -0.612758
v -0.651416 1.800000 -0.633999
v -0.620893 1.800000 -0.672273
v -0.720000 1.800000 -0.720000
v 0.720000 -0.000000 -0.720000
v 0.790000 -0.000000 -0.720000
v 0.783068 -0.000000 -0.750372
v 0.763644 -0.000000 -0.774728
v 0.735577 -0.000000 -0.788245
v 0.704424 -0.000000 -0.788245
v 0.676356 -0.000000 -0.774728
v 0.656932 -0.000000 -0.750372
v 0.650000 -0.000000 -0.720000
v 0.656932 -0.000000 -0.689628
v 0.676356 -0.000000 -0.665272
v 0.704424 -0.000000 -0.651755
v 0.735577 -0.000000 -0.651755
v 0.763644 -0.000000 -0.665272
v 0.783068 -0.000000 -0.689628
v 0.810000 0.150000 -0.720000
v 0.801087 0.150000 -0.759050
v 0.776114 0.150000 -0.790365
v 0.740027 0.150000 -0.807744
v 0.699973 0.150000 -0.807744
v 0.663886 0.150000 -0.790365
v 0.638913 0.150000 -0.759050
v 0.630000 0.150000 -0.720000
v 0.638913 0.150000 -0.680951
v 0.663886 0.150000 -0.649635
v 0.699973 0.150000 -0.632257
v 0.740027 0.150000 -0.632257
v 0.776114 0.150000 -0.649635
v 0.801087 0.150000 -0.680951
v 0.795000 0.500000 -0.720000
v 0.787573 0.500000 -0.752541
v 0.766762 0.500000 -0.778637
v 0.736689 0.500000 -0.793120
v 0.703311 0.500000 -0.793120
v 0.673238 0.500000 -0.778637
v 0.652427 0.500000 -0.752541
v 0.645000 0.500000 -0.720000
v 0.652427 0.500000 -0.687459
v 0.673238 0.500000 -0.661363
v 0.703311 0.500000 -0.646880
v 0.736689 0.500000 -0.646880
v 0.766762 0.500000 -0.661363
v 0.787573 0.500000 -0.687459
v 0.820000 0.900000 -0.720000
v 0.810097 0.900000 -0.763388
v 0.782349 0.900000 -0.798183
v 0.742252 0.900000 -0.817493
v 0.697748 0.900000 -0.817493
v 0.657651 0.900000 -0.798183
v 0.629903 0.900000 -0.763388
v 0.620000 0.900000 -0.720000
v 0.629903 0.900000 -0.676612
v 0.657651 0.900000 -0.641817
v 0.697748 0.900000 -0.622507
v 0.742252 0.900000 -0.622507
v 0.782349 0.900000 -0.641817
v 0.810097 0.900000 -0.676612
v 0.800000 1.200000 -0.720000
v 0.792078 1.200000 -0.754711
v 0.769879 1.200000 -0.782547
v 0.737802 1.200000 -0.797994
v 0.702198 1.200000 -0.797994
v 0.670121 1.200000 -0.782547
v 0.647923 1.200000 -0.754711
v 0.640000 1.200000 -0.720000
v 0.647923 1.200000 -0.685289
v 0.670121 1.200000 -0.657454
v 0.702198 1.200000 -0.642006
v 0.737802 1.200000 -0.642006
v 0.769879 1.200000 -0.657454
v 0.792078 1.200000 -0.685289
v 0.820000 1.600000 -0.720000
v 0.810097 1.600000 -0.763388
v 0.782349 1.600000 -0.798183
v 0.742252 1.600000 -0.817493
v 0.697748 1.600000 -0.817493
v 0.657651 1.600000 -0.798183
v 0.629903 1.600000 -0.763388
v 0.620000 1.600000 -0.720000
v 0.629903 1.600000 -0.676612
v 0.657651 1.600000 -0.641817
v 0.697748 1.600000 -0.622507
v 0.742252 1.600000 -0.622507
v 0.782349 1.600000 -0.641817
v 0.810097 1.600000 -0.676612
v 0.830000 1.800000 -0.720000
v 0.819107 1.800000 -0.767727
v 0.788584 1.800000 -0.806002
v 0.744477 1.800000 -0.827242
v 0.695523 1.800000 -0.827242
v 0.651416 1.800000 -0.806002
v 0.620893 1.800000 -0.767727
v 0.610000 1.800000 -0.720000
v 0.620893 1.800000 -0.672273
v 0.651416 1.800000 -0.633999
v 0.695523 1.800000 -0.612758
v 0.744477 1.800000 -0.612758
v 0.788584 1.800000 -0.633999
v 0.819107 1.800000 -0.672273
v 0.720000 1.800000 -0.720000
v -0.720000 0.000000 0.720000
v -0.650000 0.000000 0.720000
v -0.656932 0.000000 0.689628
v -0.676356 0.000000 0.665272
v -0.704424 0.000000 0.651755
v -0.735577 0.000000 0.651755
v -0.763644 0.000000 0.665272
v -0.783068 0.000000 0.689628
v -0.790000 0.000000 0.720000
v -0.783068 0.000000 0.750372
v -0.763644 0.000000 0.774728
v -0.735577 0.000000 0.788245
v -0.704424 0.000000 0.788245
v -0.676356 0.000000 0.774728
v -0.656932 0.000000 0.750372
v -0.630000 0.150000 0.720000
v -0.638913 0.150000 0.680951
v -0.663886 0.150000 0.649635
v -0.699973 0.150000 0.632257
v -0.740027 0.150000 0.632257
v -0.776114 0.150000 0.649635
v -0.801087 0.150000 0.680951
v -0.810000 0.150000 0.720000
v -0.801087 0.150000 0.759050
v -0.776114 0.150000 0.790365
v -0.740027 0.150000 0.807744
v -0.699973 0.150000 0.807744
v -0.663886 0.150000 0.790365
v -0.638913 0.150000 0.759050
v -0.645000 0.500000 0.720000
v -0.652427 0.500000 0.687459
v -0.673238 0.500000 0.661363
v -0.703311 0.500000 0.646880
v -0.736689 0.500000 0.646880
v -0.766762 0.500000 0.661363
v -0.787573 0.500000 0.687459
v -0.795000 0.500000 0.720000
v -0.787573 0.500000 0.752541
v -0.766762 0.500000 0.778637
v -0.736689 0.500000 0.793120
v -0.703311 0.500000 0.793120
v -0.673238 0.500000 0.778637
v -0.652427 0.500000 0.752541
v -0.620000 0.900000 0.720000
v -0.629903 0.900000 0.676612
v -0.657651 0.900000 0.641817
v -0.697748 0.900000 0.622507
v -0.742252 0.900000 0.622507
v -0.782349 0.900000 0.641817
v -0.810097 0.900000 0.676612
v -0.820000 0.900000 0.720000
v -0.810097 0.900000 0.763388
v -0.782349 0.900000 0.798183
v -0.742252 0.900000 0.817493
v -0.697748 0.900000 0.817493
v -0.657651 0.900000 0.798183
v -0.629903 0.900000 0.763388
v -0.640000 1.200000 0.720000
v -0.647923 1.200000 0.685289
v -0.670121 1.200000 0.657453
v -0.702198 1.200000 0.642006
v -0.737802 1.200000 0.642006
v -0.769879 1.200000 0.657453
v -0.792078 1.200000 0.685289
v -0.800000 1.200000 0.720000
v -0.792078 1.200000 0.754711
v -0.769879 1.200000 0.782546
v -0.737802 1.200000 0.797994
v -0.702198 1.200000 0.797994
v -0.670121 1.200000 0.782546
v -0.647923 1.200000 0.754711
v -0.620000 1.600000 0.720000
v -0.629903 1.600000 0.676612
v -0.657651 1.600000 0.641817
v -0.697748 1.600000 0.622507
v -0.742252 1.600000 0.622507
v -0.782349 1.600000 0.641817
v -0.810097 1.600000 0.676612
v -0.820000 1.600000 0.720000
v -0.810097 1.600000 0.763388
v -0.782349 1.600000 0.798183
v -0.742252 1.600000 0.817493
v -0.697748 1.600000 0.817493
v -0.657651 1.600000 0.798183
v -0.629903 1.600000 0.763388
v -0.610000 1.800000 0.720000
v -0.620893 1.800000 0.672273
v -0.651416 1.800000 0.633999
v -0.695523 1.800000 0.612758
v -0.744477 1.800000 0.612758
v -0.788584 1.800000 0.633999
v -0.819107 1.800000 0.672273
v -0.830000 1.800000 0.720000
v -0.819107 1.800000 0.767727
v -0.788584 1.800000 0.806001
v -0.744477 1.800000 0.827242
v -0.695523 1.800000 0.827242
v -0.651416 1.800000 0.806001
v -0.620893 1.800000 0.767727
v -0.720000 1.800000 0.720000
v 0.720000 0.000000 0.720000
v 0.790000 0.000000 0.720000
v 0.783068 0.000000 0.689628
v 0.763644 0.000000 0.665272
v 0.735577 0.000000 0.651755
v 0.704424 0.000000 0.651755
v 0.676356 0.000000 0.665272
v 0.656932 0.000000 0.689628
v 0.650000 0.000000 0.720000
v 0.656932 0.000000 0.750372
v 0.676356 0.000000 0.774728
v 0.704424 0.000000 0.788245
v 0.735577 0.000000 0.788245
v 0.763644 0.000000 0.774728
v 0.783068 0.000000 0.750372
v 0.810000 0.150000 0.720000
v 0.801087 0.150000 0.680951
v 0.776114 0.150000 0.649635
v 0.740027 0.150000 0.632257
v 0.699973 0.150000 0.632257
v 0.663886 0.150000 0.649635
v 0.638913 0.150000 0.680951
v 0.630000 0.150000 0.720000
v 0.638913 0.150000 0.759050
v 0.663886 0.150000 0.790365
v 0.699973 0.150000 0.807744
v 0.740027 0.150000 0.807744
v 0.776114 0.150000 0.790365
v 0.801087 0.150000 0.759050
v 0.795000 0.500000 0.720000
v 0.787573 0.500000 0.687459
v 0.766762 0.500000 0.661363
v 0.736689 0.500000 0.646880
v 0.703311 0.500000 0.646880
v 0.673238 0.500000 0.661363
v 0.652427 0.500000 0.687459
v 0.645000 0.500000 0.720000
v 0.652427 0.500000 0.752541
v 0.673238 0.500000 0.778637
v 0.703311 0.500000 0.793120
v 0.736689 0.500000 0.793120
v 0.766762 0.500000 0.778637
v 0.787573 0.500000 0.752541
v 0.820000 0.900000 0.720000
v 0.810097 0.900000 0.676612
v 0.782349 0.900000 0.641817
v 0.742252 0.900000 0.622507
v 0.697748 0.900000 0.622507
v 0.657651 0.900000 0.641817
v 0.629903 0.900000 0.676612
v 0.620000 0.900000 0.720000
v 0.629903 0.900000 0.763388
v 0.657651 0.900000 0.798183
v 0.697748 0.900000 0.817493
v 0.742252 0.900000 0.817493
v 0.782349 0.900000 0.798183
v 0.810097 0.900000 0.763388
v 0.800000 1.200000 0.720000
v 0.792078 1.200000 0.685289
v 0.769879 1.200000 0.657453
v 0.737802 1.200000 0.642006
v 0.702198 1.200000 0.642006
v 0.670121 1.200000 0.657453
v 0.647923 1.200000 0.685289
v 0.640000 1.200000 0.720000
v 0.647923 1.200000 0.754711
v 0.670121 1.200000 0.782546
v 0.702198 1.200000 0.797994
v 0.737802 1.200000 0.797994
v 0.769879 1.200000 0.782546
v 0.792078 1.200000 0.754711
v 0.820000 1.600000 0.720000
v 0.810097 1.600000 0.676612
v 0.782349 1.600000 0.641817
v 0.742252 1.600000 0.622507
v 0.697748 1.600000 0.622507
v 0.657651 1.600000 0.641817
v 0.629903 1.600000 0.676612
v 0.620000 1.600000 0.720000
v 0.629903 1.600000 0.763388
v 0.657651 1.600000 0.798183
v 0.697748 1.600000 0.817493
v 0.742252 1.600000 0.817493
v 0.782349 1.600000 0.798183
v 0.810097 1.600000 0.763388
v 0.830000 1.800000 0.720000
v 0.819107 1.800000 0.672273
v 0.788584 1.800000 0.633999
v 0.744477 1.800000 0.612758
v 0.695523 1.800000 0.612758
v 0.651416 1.800000 0.633999
v 0.620893 1.800000 0.672273
v 0.610000 1.800000 0.720000
v 0.620893 1.800000 0.767727
v 0.651416 1.800000 0.806001
v 0.695523 1.800000 0.827242
v 0.744477 1.800000 0.827242
v 0.788584 1.800000 0.806001
v 0.819107 1.800000 0.767727
v 0.720000 1.800000 0.720000
v -0.720000 1.950000 0.760000
v -0.635000 1.950000 0.760000
v -0.643418 1.950000 0.723120
v -0.667003 1.950000 0.693544
v -0.701086 1.950000 0.677131
v -0.738914 1.950000 0.677131
v -0.772997 1.950000 0.693544
v -0.796582 1.950000 0.723120
v -0.805000 1.950000 0.760000
v -0.796582 1.950000 0.796880
v -0.772997 1.950000 0.826456
v -0.738914 1.950000 0.842869
v -0.701086 1.950000 0.842869
v -0.667003 1.950000 0.826456
v -0.643418 1.950000 0.796880
v -0.650000 2.600000 0.760000
v -0.656932 2.600000 0.729628
v -0.676356 2.600000 0.705272
v -0.704424 2.600000 0.691755
v -0.735577 2.600000 0.691755
v -0.763644 2.600000 0.705272
v -0.783068 2.600000 0.729628
v -0.790000 2.600000 0.760000
v -0.783068 2.600000 0.790372
v -0.763644 2.600000 0.814728
v -0.735577 2.600000 0.828245
v -0.704424 2.600000 0.828245
v -0.676356 2.600000 0.814728
v -0.656932 2.600000 0.790372
v -0.635000 3.300000 0.760000
v -0.643418 3.300000 0.723120
v -0.667003 3.300000 0.693544
v -0.701086 3.300000 0.677131
v -0.738914 3.300000 0.677131
v -0.772997 3.300000 0.693544
v -0.796582 3.300000 0.723120
v -0.805000 3.300000 0.760000
v -0.796582 3.300000 0.796880
v -0.772997 3.300000 0.826456
v -0.738914 3.300000 0.842869
v -0.701086 3.300000 0.842869
v -0.667003 3.300000 0.826456
v -0.643418 3.300000 0.796880
v -0.650000 3.900000 0.760000
v -0.656932 3.900000 0.729628
v -0.676356 3.900000 0.705272
v -0.704424 3.900000 0.691755
v -0.735577 3.900000 0.691755
v -0.763644 3.900000 0.705272
v -0.783068 3.900000 0.729628
v -0.790000 3.900000 0.760000
v -0.783068 3.900000 0.790372
v -0.763644 3.900000 0.814728
v -0.735577 3.900000 0.828245
v -0.704424 3.900000 0.828245
v -0.676356 3.900000 0.814728
v -0.656932 3.900000 0.790372
v -0.720000 3.950000 0.760000
v 0.720000 1.950000 0.760000
v 0.805000 1.950000 0.760000
v 0.796582 1.950000 0.723120
v 0.772997 1.950000 0.693544
v 0.738914 1.950000 0.677131
v 0.701086 1.950000 0.677131
v 0.667003 1.950000 0.693544
v 0.643418 1.950000 0.723120
v 0.635000 1.950000 0.760000
v 0.643418 1.950000 0.796880
v 0.667003 1.950000 0.826456
v 0.701086 1.950000 0.842869
v 0.738914 1.950000 0.842869
v 0.772997 1.950000 0.826456
v 0.796582 1.950000 0.796880
v 0.790000 2.600000 0.760000
v 0.783068 2.600000 0.729628
v 0.763644 2.600000 0.705272
v 0.735577 2.600000 0.691755
v 0.704424 2.600000 0.691755
v 0.676356 2.600000 0.705272
v 0.656932 2.600000 0.729628
v 0.650000 2.600000 0.760000
v 0.656932 2.600000 0.790372
v 0.676356 2.600000 0.814728
v 0.704424 2.600000 0.828245
v 0.735577 2.600000 0.828245
v 0.763644 2.600000 0.814728
v 0.783068 2.600000 0.790372
v 0.805000 3.300000 0.760000
v 0.796582 3.300000 0.723120
v 0.772997 3.300000 0.693544
v 0.738914 3.300000 0.677131
v 0.701086 3.300000 0.677131
v 0.667003 3.300000 0.693544
v 0.643418 3.300000 0.723120
v 0.635000 3.300000 0.760000
v 0.643418 3.300000 0.796880
v 0.667003 3.300000 0.826456
v 0.701086 3.300000 0.842869
v 0.738914 3.300000 0.842869
v 0.772997 3.300000 0.826456
v 0.796582 3.300000 0.796880
v 0.790000 3.900000 0.760000
v 0.783068 3.900000 0.729628
v 0.763644 3.900000 0.705272
v 0.735577 3.900000 0.691755
v 0.704424 3.900000 0.691755
v 0.676356 3.900000 0.705272
v 0.656932 3.900000 0.729628
v 0.650000 3.900000 0.760000
v 0.656932 3.900000 0.790372
v 0.676356 3.900000 0.814728
v 0.704424 3.900000 0.828245
v 0.735577 3.900000 0.828245
v 0.763644 3.900000 0.814728
v 0.783068 3.900000 0.790372
v 0.720000 3.950000 0.760000
v -0.320000 2.025000 0.760000
v -0.327639 2.025000 0.736489
v -0.347639 2.025000 0.721958
v -0.372361 2.025000 0.721958
v -0.392361 2.025000 0.736489
v -0.400000 2.025000 0.760000
v -0.392361 2.025000 0.783511
v -0.372361 2.025000 0.798042
v -0.347639 2.025000 0.798042
v -0.327639 2.025000 0.783511
v -0.320000 3.475000 0.760000
v -0.327639 3.475000 0.736488
v -0.347639 3.475000 0.721958
v -0.372361 3.475000 0.721958
v -0.392361 3.475000 0.736488
v -0.400000 3.475000 0.760000
v -0.392361 3.475000 0.783511
v -0.372361 3.475000 0.798042
v -0.347639 3.475000 0.798042
v -0.327639 3.475000 0.783511
v 0.040000 2.025000 0.760000
v 0.032361 2.025000 0.736489
v 0.012361 2.025000 0.721958
v -0.012361 2.025000 0.721958
v -0.032361 2.025000 0.736489
v -0.040000 2.025000 0.760000
v -0.032361 2.025000 0.783511
v -0.012361 2.025000 0.798042
v 0.012361 2.025000 0.798042
v 0.032361 2.025000 0.783511
v 0.040000 3.475000 0.760000
v 0.032361 3.475000 0.736488
v 0.012361 3.475000 0.721958
v -0.012361 3.475000 0.721958
v -0.032361 3.475000 0.736488
v -0.040000 3.475000 0.760000
v -0.032361 3.475000 0.783511
v -0.012361 3.475000 0.798042
v 0.012361 3.475000 0.798042
v 0.032361 3.475000 0.783511
v 0.400000 2.025000 0.760000
v 0.392361 2.025000 0.736489
v 0.372361 2.025000 0.721958
v 0.347639 2.025000 0.721958
v 0.327639 2.025000 0.736489
v 0.320000 2.025000 0.760000
v 0.327639 2.025000 0.783511
v 0.347639 2.025000 0.798042
v 0.372361 2.025000 0.798042
v 0.392361 2.025000 0.783511
v 0.400000 3.475000 0.760000
v 0.392361 3.475000 0.736488
v 0.372361 3.475000 0.721958
v 0.347639 3.475000 0.721958
v 0.327639 3.475000 0.736488
v 0.320000 3.475000 0.760000
v 0.327639 3.475000 0.783511
v 0.347639 3.475000 0.798042
v 0.372361 3.475000 0.798042
v 0.392361 3.475000 0.783511
v -0.798771 3.450000 0.828771
v -0.798771 3.457375 0.831533
v -0.810000 3.461229 0.810013
v 0.798771 3.450000 0.828771
v 0.810000 3.461229 0.810013
v 0.798771 3.457375 0.831533
v -0.810000 3.461837 0.809314
v -0.798771 3.470000 0.817039
v 0.810000 3.461837 0.809314
v 0.798771 3.470000 0.817039
v -0.810000 3.482956 0.788760
v -0.798771 3.490000 0.797573
v 0.810000 3.482956 0.788760
v 0.798771 3.490000 0.797573
v -0.810000 3.505553 0.774065
v -0.798771 3.510000 0.784567
v 0.810000 3.505553 0.774065
v 0.798771 3.510000 0.784567
v -0.810000 3.530000 0.768482
v -0.798771 3.530000 0.780000
v 0.810000 3.530000 0.768482
v 0.798771 3.530000 0.780000
v -0.810000 3.554447 0.774065
v -0.798771 3.550000 0.784567
v 0.810000 3.554447 0.774065
v 0.798771 3.550000 0.784567
v -0.810000 3.577044 0.788760
v -0.798771 3.570000 0.797573
v 0.810000 3.577044 0.788760
v 0.798771 3.570000 0.797573
v -0.810000 3.598163 0.809314
v -0.798771 3.590000 0.817039
v 0.810000 3.598163 0.809314
v 0.798771 3.590000 0.817039
v -0.810000 3.598771 0.810013
v -0.798771 3.602625 0.831533
v -0.798771 3.610000 0.828771
v 0.798771 3.610000 0.828771
v 0.798771 3.602625 0.831533
v 0.810000 3.598771 0.810013
v -0.810000 3.598771 0.689912
v -0.798771 3.610000 0.691229
v -0.798771 3.598858 0.678607
v 0.798771 3.598858 0.678607
v 0.798771 3.610000 0.691229
v 0.810000 3.598771 0.689912
v -0.810000 3.461229 0.672720
v -0.798771 3.461142 0.661393
v -0.798771 3.450000 0.671229
v 0.798771 3.450000 0.671229
v 0.798771 3.461142 0.661393
v 0.810000 3.461229 0.672720
v -0.650000 0.505000 0.720000
v -0.650000 0.513594 0.693550
v -0.650000 0.536094 0.677202
v -0.650000 0.563906 0.677202
v -0.650000 0.586406 0.693550
v -0.650000 0.595000 0.720000
v -0.650000 0.586406 0.746450
v -0.650000 0.563906 0.762798
v -0.650000 0.536094 0.762798
v -0.650000 0.513594 0.746450
v 0.650000 0.505000 0.720000
v 0.650000 0.513594 0.693550
v 0.650000 0.536094 0.677202
v 0.650000 0.563906 0.677202
v 0.650000 0.586406 0.693550
v 0.650000 0.595000 0.720000
v 0.650000 0.586406 0.746450
v 0.650000 0.563906 0.762798
v 0.650000 0.536094 0.762798
v 0.650000 0.513594 0.746450
v -0.650000 0.505000 -0.720000
v -0.650000 0.513594 -0.746450
v -0.650000 0.536094 -0.762798
v -0.650000 0.563906 -0.762798
v -0.650000 0.586406 -0.746450
v -0.650000 0.595000 -0.720000
v -0.650000 0.586406 -0.693550
v -0.650000 0.563906 -0.677202
v -0.650000 0.536094 -0.677202
v -0.650000 0.513594 -0.693550
v 0.650000 0.505000 -0.720000
v 0.650000 0.513594 -0.746450
v 0.650000 0.536094 -0.762798
v 0.650000 0.563906 -0.762798
v 0.650000 0.586406 -0.746450
v 0.650000 0.595000 -0.720000
v 0.650000 0.586406 -0.693550
v 0.650000 0.563906 -0.677202
v 0.650000 0.536094 -0.677202
v 0.650000 0.513594 -0.693550
v -0.675000 0.750000 -0.650000
v -0.683594 0.776450 -0.650000
v -0.706094 0.792798 -0.650000
v -0.733906 0.792798 -0.650000
v -0.756406 0.776450 -0.650000
v -0.765000 0.750000 -0.650000
v -0.756406 0.723550 -0.650000
v -0.733906 0.707202 -0.650000
v -0.706094 0.707202 -0.650000
v -0.683594 0.723550 -0.650000
v -0.675000 0.750000 0.650000
v -0.683594 0.776450 0.650000
v -0.706094 0.792798 0.650000
v -0.733906 0.792798 0.650000
v -0.756406 0.776450 0.650000
v -0.765000 0.750000 0.650000
v -0.756406 0.723550 0.650000
v -0.733906 0.707202 0.650000
v -0.706094 0.707202 0.650000
v -0.683594 0.723550 0.650000
v 0.765000 0.750000 -0.650000
v 0.756406 0.776450 -0.650000
v 0.733906 0.792798 -0.650000
v 0.706094 0.792798 -0.650000
v 0.683594 0.776450 -0.650000
v 0.675000 0.750000 -0.650000
v 0.683594 0.723550 -0.650000
v 0.706094 0.707202 -0.650000
v 0.733906 0.707202 -0.650000
v 0.756406 0.723550 -0.650000
v 0.765000 0.750000 0.650000
v 0.756406 0.776450 0.650000
v 0.733906 0.792798 0.650000
v 0.706094 0.792798 0.650000
v 0.683594 0.776450 0.650000
v 0.675000 0.750000 0.650000
v 0.683594 0.723550 0.650000
v 0.706094 0.707202 0.650000
v 0.733906 0.707202 0.650000
v 0.756406 0.723550 0.650000
vn -0.1216 -0.8623 0.4916
vn -0.4916 -0.8623 0.1216
vn -0.1280 -0.9835 0.1280
vn -0.1216 -0.4916 0.8623
vn -0.4488 -0.7727 0.4489
vn -0.4916 -0.1216 0.8623
vn -0.1280 -0.1280 0.9835
vn -0.7727 -0.4488 0.4488
vn -0.4488 -0.4488 0.7727
vn -0.8623 -0.4916 0.1216
vn -0.8623 -0.1216 0.4916
vn -0.9835 -0.1280 0.1280
vn -0.1216 0.4916 0.8623
vn -0.4916 0.1216 0.8623
vn -0.1280 0.1280 0.9835
vn -0.4488 0.7727 0.4489
vn -0.4488 0.4488 0.7727
vn -0.4916 0.8623 0.1216
vn -0.1216 0.8623 0.4916
vn -0.1280 0.9835 0.1280
vn -0.7727 0.4488 0.4488
vn -0.8623 0.1216 0.4916
vn -0.8623 0.4916 0.1216
vn -0.9835 0.1280 0.1280
vn -0.4916 -0.8623 -0.1216
vn -0.1216 -0.8623 -0.4916
vn -0.1280 -0.9835 -0.1280
vn -0.7727 -0.4488 -0.4488
vn -0.4488 -0.7727 -0.4488
vn -0.8623 -0.1216 -0.4916
vn -0.8623 -0.4916 -0.1216
vn -0.9835 -0.1280 -0.1280
vn -0.4916 -0.1216 -0.8623
vn -0.1216 -0.4916 -0.8623
vn -0.1280 -0.1280 -0.9835
vn -0.4488 -0.4488 -0.7727
vn -0.1216 0.8623 -0.4916
vn -0.4916 0.8623 -0.1216
vn -0.1280 0.9835 -0.1280
vn -0.1216 0.4916 -0.8623
vn -0.4488 0.7727 -0.4488
vn -0.4916 0.1216 -0.8623
vn -0.1280 0.1280 -0.9835
vn -0.7727 0.4488 -0.4488
vn -0.4488 0.4488 -0.7727
vn -0.8623 0.4916 -0.1216
vn -0.8623 0.1216 -0.4916
vn -0.9835 0.1280 -0.1280
vn 0.4916 -0.8623 0.1216
vn 0.1216 -0.8623 0.4916
vn 0.1280 -0.9835 0.1280
vn 0.7727 -0.4488 0.4488
vn 0.4488 -0.7727 0.4488
vn 0.8623 -0.1216 0.4916
vn 0.8623 -0.4916 0.1216
vn 0.9835 -0.1280 0.1280
vn 0.4916 -0.1216 0.8623
vn 0.1216 -0.4916 0.8623
vn 0.1280 -0.1280 0.9835
vn 0.4488 -0.4488 0.7727
vn 0.1216 0.8623 0.4916
vn 0.4916 0.8623 0.1216
vn 0.1280 0.9835 0.1280
vn 0.1216 0.4916 0.8623
vn 0.4488 0.7727 0.4488
vn 0.4916 0.1216 0.8623
vn 0.1280 0.1280 0.9835
vn 0.7727 0.4488 0.4488
vn 0.4488 0.4488 0.7727
vn 0.8623 0.4916 0.1216
vn 0.8623 0.1216 0.4916
vn 0.9835 0.1280 0.1280
vn 0.1216 -0.8623 -0.4916
vn 0.4916 -0.8623 -0.1216
vn 0.1280 -0.9835 -0.1280
vn 0.1216 -0.4916 -0.8623
vn 0.4488 -0.7727 -0.4489
vn 0.4916 -0.1216 -0.8623
vn 0.1280 -0.1280 -0.9835
vn 0.7727 -0.4488 -0.4488
vn 0.4488 -0.4488 -0.7727
vn 0.8623 -0.4916 -0.1216
vn 0.8623 -0.1216 -0.4916
vn 0.9835 -0.1280 -0.1280
vn 0.4916 0.8623 -0.1216
vn 0.1216 0.8623 -0.4916
vn 0.1280 0.9835 -0.1280
vn 0.7727 0.4488 -0.4488
vn 0.4488 0.7727 -0.4488
vn 0.8623 0.1216 -0.4916
vn 0.8623 0.4916 -0.1216
vn 0.9835 0.1280 -0.1280
vn 0.4916 0.1216 -0.8623
vn 0.1216 0.4916 -0.8623
vn 0.1280 0.1280 -0.9835
vn 0.4488 0.4488 -0.7727
vn -0.0000 -1.0000 -0.0000
vn 0.8931 -0.1322 -0.4301
vn 0.9990 -0.0443 -0.0000
vn 0.9912 -0.1322 -0.0000
vn 0.6180 -0.1322 -0.7750
vn 0.9001 -0.0443 -0.4335
vn 0.2206 -0.1322 -0.9664
vn 0.6229 -0.0443 -0.7811
vn -0.2206 -0.1322 -0.9664
vn 0.2223 -0.0443 -0.9740
vn -0.6229 -0.0443 -0.7811
vn -0.2223 -0.0443 -0.9740
vn -0.8931 -0.1322 -0.4301
vn -0.6180 -0.1322 -0.7750
vn -0.9912 -0.1322 -0.0000
vn -0.9001 -0.0443 -0.4335
vn -0.8931 -0.1322 0.4301
vn -0.9990 -0.0443 -0.0000
vn -0.6180 -0.1322 0.7750
vn -0.9001 -0.0443 0.4335
vn -0.2206 -0.1322 0.9664
vn -0.6229 -0.0443 0.7811
vn 0.2206 -0.1322 0.9664
vn -0.2223 -0.0443 0.9740
vn 0.6229 -0.0443 0.7811
vn 0.2223 -0.0443 0.9740
vn 0.8931 -0.1322 0.4301
vn 0.6180 -0.1322 0.7750
vn 0.9001 -0.0443 0.4335
vn 1.0000 -0.0099 -0.0000
vn 0.6235 -0.0099 -0.7818
vn 0.9009 -0.0099 -0.4339
vn 0.2225 -0.0099 -0.9749
vn -0.2225 -0.0099 -0.9749
vn -0.6235 -0.0099 -0.7818
vn -0.9009 -0.0099 -0.4339
vn -1.0000 -0.0099 -0.0000
vn -0.9009 -0.0099 0.4339
vn -0.6235 -0.0099 0.7818
vn -0.2225 -0.0099 0.9749
vn 0.2225 -0.0099 0.9749
vn 0.6235 -0.0099 0.7818
vn 0.9009 -0.0099 0.4339
vn 1.0000 0.0021 -0.0000
vn 0.9010 0.0021 -0.4339
vn 0.6235 0.0021 -0.7818
vn 0.2225 0.0021 -0.9749
vn -0.2225 0.0021 -0.9749
vn -0.9010 0.0021 -0.4339
vn -0.6235 0.0021 -0.7818
vn -1.0000 0.0021 -0.0000
vn -0.9010 0.0021 0.4339
vn -0.6235 0.0021 0.7818
vn -0.2225 0.0021 0.9749
vn 0.2225 0.0021 0.9749
vn 0.6235 0.0021 0.7818
vn 0.9010 0.0021 0.4339
vn 1.0000 0.0084 -0.0000
vn 0.9009 0.0084 -0.4339
vn 0.2225 0.0084 -0.9749
vn 0.6235 0.0084 -0.7818
vn -0.2225 0.0084 -0.9749
vn -0.6235 0.0084 -0.7818
vn -1.0000 0.0084 -0.0000
vn -0.9009 0.0084 -0.4339
vn -0.9009 0.0084 0.4339
vn -0.2225 0.0084 0.9749
vn -0.6235 0.0084 0.7818
vn 0.2225 0.0084 0.9749
vn 0.6235 0.0084 0.7818
vn 0.9009 0.0084 0.4339
vn 0.9988 -0.0499 -0.0000
vn 0.6227 -0.0499 -0.7809
vn 0.8998 -0.0499 -0.4333
vn 0.2222 -0.0499 -0.9737
vn -0.2222 -0.0499 -0.9737
vn -0.6227 -0.0499 -0.7809
vn -0.8998 -0.0499 -0.4333
vn -0.9988 -0.0499 -0.0000
vn -0.6227 -0.0499 0.7809
vn -0.8998 -0.0499 0.4333
vn -0.2222 -0.0499 0.9737
vn 0.2222 -0.0499 0.9737
vn 0.6227 -0.0499 0.7809
vn 0.8998 -0.0499 0.4333
vn -0.0000 1.0000 -0.0000
vn 0.9007 0.0231 -0.4338
vn 1.0000 0.0008 -0.0000
vn 0.9997 0.0231 -0.0000
vn 0.6235 0.0008 -0.7818
vn 0.9010 0.0008 -0.4339
vn 0.6233 0.0231 -0.7816
vn 0.2225 0.0008 -0.9749
vn -0.2225 0.0231 -0.9747
vn 0.2225 0.0231 -0.9747
vn -0.6235 0.0008 -0.7818
vn -0.2225 0.0008 -0.9749
vn -0.6233 0.0231 -0.7816
vn -0.9010 0.0008 -0.4339
vn -0.9997 0.0231 -0.0000
vn -0.9007 0.0231 -0.4338
vn -0.9007 0.0231 0.4338
vn -1.0000 0.0008 -0.0000
vn -0.6235 0.0008 0.7818
vn -0.9010 0.0008 0.4339
vn -0.2225 0.0231 0.9747
vn -0.6233 0.0231 0.7816
vn 0.2225 0.0231 0.9747
vn -0.2225 0.0008 0.9749
vn 0.6233 0.0231 0.7816
vn 0.2225 0.0008 0.9749
vn 0.9007 0.0231 0.4338
vn 0.6235 0.0008 0.7818
vn 0.9010 0.0008 0.4339
vn 0.9010 0.0018 -0.4339
vn 1.0000 0.0018 -0.0000
vn 0.6235 0.0018 -0.7818
vn 0.2225 0.0018 -0.9749
vn -0.6235 0.0018 -0.7818
vn -0.2225 0.0018 -0.9749
vn -1.0000 0.0018 -0.0000
vn -0.9010 0.0018 -0.4339
vn -0.9010 0.0018 0.4339
vn -0.6235 0.0018 0.7818
vn -0.2225 0.0018 0.9749
vn 0.6235 0.0018 0.7818
vn 0.2225 0.0018 0.9749
vn 0.9010 0.0018 0.4339
vn 0.9997 0.0250 -0.0000
vn 0.9007 0.0250 -0.4338
vn 0.2225 0.0250 -0.9746
vn 0.6233 0.0250 -0.7816
vn -0.2225 0.0250 -0.9746
vn -0.9007 0.0250 -0.4337
vn -0.6233 0.0250 -0.7816
vn -0.9997 0.0250 -0.0000
vn -0.9007 0.0250 0.4338
vn -0.6233 0.0250 0.7816
vn -0.2224 0.0250 0.9746
vn 0.2225 0.0250 0.9746
vn 0.6233 0.0250 0.7816
vn 0.9007 0.0250 0.4337
vn 0.5812 0.8137 -0.0000
vn 0.5237 0.8137 -0.2522
vn 0.3624 0.8137 -0.4544
vn 0.1293 0.8137 -0.5667
vn -0.1293 0.8137 -0.5667
vn -0.3624 0.8137 -0.4544
vn -0.5237 0.8137 -0.2522
vn -0.5812 0.8137 -0.0000
vn -0.5237 0.8137 0.2522
vn -0.3624 0.8137 0.4544
vn -0.1293 0.8137 0.5667
vn 0.1293 0.8137 0.5667
vn 0.3624 0.8137 0.4544
vn 0.5237 0.8137 0.2522
vn 0.2224 0.0250 -0.9746
vn -0.9007 0.0250 0.4337
vn 0.9511 -0.0000 -0.3090
vn 0.5878 -0.0000 -0.8090
vn -0.0000 -0.0000 -1.0000
vn -0.5878 -0.0000 -0.8090
vn -0.9511 -0.0000 -0.3090
vn -0.9511 -0.0000 0.3090
vn -0.5878 -0.0000 0.8090
vn -0.0000 -0.0000 1.0000
vn 0.5878 -0.0000 0.8090
vn 0.9511 -0.0000 0.3090
vn -0.8865 -0.1623 0.4334
vn 0.8865 -0.1623 0.4334
vn -0.8864 0.1623 0.4335
vn 0.8864 0.1623 0.4335
vn -0.7367 0.5069 -0.4475
vn -0.4568 0.7840 -0.4204
vn -0.4568 0.5144 -0.7258
vn 0.4568 0.5144 -0.7258
vn 0.4568 0.7840 -0.4204
vn 0.7367 0.5069 -0.4475
vn -0.6058 -0.5266 -0.5965
vn 0.6058 -0.5266 -0.5965
vn -0.0000 -0.3507 0.9365
vn -0.7074 0.5134 0.4858
vn -0.7071 0.5332 0.4645
vn -0.7071 0.5332 0.4644
vn 0.7074 0.5134 0.4858
vn 0.7071 0.5332 0.4645
vn 0.7074 0.5134 0.4859
vn -0.7088 0.4404 0.5511
vn -0.7074 0.5134 0.4859
vn 0.7088 0.4404 0.5511
vn -0.7126 0.2736 0.6460
vn 0.7126 0.2736 0.6460
vn -0.7160 -0.0000 0.6981
vn 0.7160 -0.0000 0.6981
vn -0.7126 -0.2736 0.6460
vn 0.7126 -0.2736 0.6460
vn -0.7088 -0.4404 0.5511
vn 0.7088 -0.4404 0.5511
vn -0.7074 -0.5134 0.4859
vn 0.7074 -0.5134 0.4859
vn 0.7074 -0.5134 0.4858
vn -0.7074 -0.5134 0.4858
vn -0.7071 -0.5332 0.4645
vn -0.0000 0.3507 0.9365
vn 0.7071 -0.5332 0.4645
vn 0.7071 -0.5332 0.4644
vn -0.7071 0.7071 -0.0000
vn 0.7071 0.7071 -0.0000
vn -0.7071 0.0877 -0.7016
vn -0.0000 -0.6618 -0.7497
vn 0.7071 0.0877 -0.7016
vn -0.7071 -0.7071 -0.0000
vn 0.7071 -0.7071 -0.0000
vn -0.0000 0.7541 0.6568
vn -0.0000 0.7264 0.6873
vn -1.0000 -0.0000 -0.0000
vn 1.0000 -0.0000 -0.0000
vn -0.0000 0.6243 0.7812
vn -0.0000 0.3899 0.9208
vn -0.0000 -0.3899 0.9208
vn -0.0000 -0.6243 0.7812
vn -0.0000 -0.7264 0.6873
vn -0.0000 -0.7540 0.6568
vn -0.0000 0.1240 -0.9923
vn -0.0000 -0.9511 -0.3090
vn -0.0000 -0.5878 -0.8090
vn -0.0000 0.5878 -0.8090
vn -0.0000 0.9511 -0.3090
vn -0.0000 0.9511 0.3090
vn -0.0000 0.5878 0.8090
vn -0.0000 -0.5878 0.8090
vn -0.0000 -0.9511 0.3090
vn 0.9511 0.3090 -0.0000
vn 0.5878 0.8090 -0.0000
vn -0.5878 0.8090 -0.0000
vn -0.9511 0.3090 -0.0000
vn -0.9511 -0.3090 -0.0000
vn -0.5878 -0.8090 -0.0000
vn 0.5878 -0.8090 -0.0000
vn 0.9511 -0.3090 -0.0000
vn 0.7071 0.5332 0.4644
vn -0.7071 -0.5332 0.4644
vn -1.0000 0.0001 -0.0000
vn 1.0000 -0.0001 -0.0000
vn -0.0000 -0.7541 0.6568
vt 0.581361 0.008529
vt 0.589473 0.016640
vt 0.581361 0.016640
vt 0.581361 0.002566
vt 0.589129 0.008872
vt 0.890511 0.716665
vt 0.898715 0.722973
vt 0.890573 0.724337
vt 0.898324 0.709703
vt 0.898312 0.715607
vt 0.898754 0.703180
vt 0.890527 0.708280
vt 0.890619 0.701492
vt 0.593327 0.008872
vt 0.595435 0.016640
vt 0.902569 0.712968
vt 0.874374 0.722972
vt 0.882390 0.716665
vt 0.882453 0.724337
vt 0.248358 0.368850
vt 0.240589 0.375156
vt 0.240589 0.370958
vt 0.240246 0.382924
vt 0.248358 0.374813
vt 0.248358 0.382924
vt 0.236392 0.375156
vt 0.882407 0.708279
vt 0.874413 0.703178
vt 0.882498 0.701491
vt 0.874657 0.715606
vt 0.874669 0.709702
vt 0.870521 0.712966
vt 0.589473 0.349644
vt 0.581361 0.357755
vt 0.581361 0.349644
vt 0.870521 0.683388
vt 0.876933 0.689052
vt 0.872672 0.690681
vt 0.884734 0.688550
vt 0.876572 0.681074
vt 0.884715 0.680232
vt 0.884682 0.696359
vt 0.796976 0.381271
vt 0.805060 0.373327
vt 0.805121 0.380833
vt 0.589129 0.361610
vt 0.581361 0.363718
vt 0.876896 0.694549
vt 0.248358 0.724039
vt 0.240246 0.715928
vt 0.248358 0.715928
vt 0.248358 0.730002
vt 0.240589 0.723696
vt 0.813181 0.373327
vt 0.821318 0.381271
vt 0.813242 0.380833
vt 0.892803 0.696359
vt 0.900588 0.689052
vt 0.900551 0.694549
vt 0.900914 0.681074
vt 0.892855 0.688550
vt 0.892836 0.680232
vt 0.906786 0.683388
vt 0.904722 0.690681
vt 0.240246 0.016640
vt 0.248358 0.008529
vt 0.248358 0.016640
vt 0.824245 0.337634
vt 0.830656 0.344445
vt 0.826378 0.345307
vt 0.838464 0.344348
vt 0.830322 0.336409
vt 0.838473 0.335963
vt 0.838373 0.351408
vt 0.902569 0.981909
vt 0.894553 0.988215
vt 0.894428 0.983273
vt 0.248358 0.002566
vt 0.240590 0.008872
vt 0.240590 0.004674
vt 0.830592 0.349415
vt 0.581361 0.374813
vt 0.589473 0.382924
vt 0.581361 0.382924
vt 0.581361 0.368850
vt 0.589129 0.375156
vt 0.886432 0.988215
vt 0.878229 0.981907
vt 0.886307 0.983272
vt 0.846494 0.351408
vt 0.854309 0.344444
vt 0.854245 0.349415
vt 0.854662 0.336409
vt 0.846585 0.344348
vt 0.846594 0.335963
vt 0.860508 0.337634
vt 0.858425 0.345307
vt 0.248358 0.357755
vt 0.240246 0.349644
vt 0.248358 0.349644
vt 0.798057 0.707417
vt 0.794129 0.716299
vt 0.792002 0.708621
vt 0.806194 0.715362
vt 0.806202 0.706979
vt 0.798340 0.720410
vt 0.798393 0.715451
vt 0.828975 0.010505
vt 0.837053 0.002566
vt 0.837127 0.010059
vt 0.236392 0.357412
vt 0.234284 0.349644
vt 0.589473 0.715928
vt 0.581361 0.724039
vt 0.581361 0.715928
vt 0.593327 0.723696
vt 0.589129 0.723696
vt 0.845173 0.002566
vt 0.853316 0.010505
vt 0.845248 0.010059
vt 0.814315 0.715362
vt 0.821995 0.720410
vt 0.814241 0.722405
vt 0.822399 0.707417
vt 0.814323 0.706979
vt 0.826179 0.716299
vt 0.822048 0.715451
vt 0.595435 0.349644
vt 0.874466 0.374169
vt 0.234284 0.382924
vt 0.890730 0.373327
vt 0.898807 0.374169
vt 0.248358 0.363718
vt 0.806120 0.722405
vt 0.234284 0.016640
vt 0.595435 0.715928
vt 0.882609 0.373327
vt 0.163414 0.788605
vt 0.152302 0.797467
vt 0.149557 0.791767
vt 0.157247 0.801411
vt 0.163414 0.802818
vt 0.169581 0.801411
vt 0.174527 0.797467
vt 0.177271 0.791768
vt 0.177271 0.785442
vt 0.174527 0.779743
vt 0.169581 0.775799
vt 0.163414 0.774391
vt 0.157247 0.775799
vt 0.152302 0.779743
vt 0.149557 0.785442
vt 0.607295 0.739049
vt 0.612058 0.708444
vt 0.613041 0.738970
vt 0.624292 0.368164
vt 0.632371 0.337733
vt 0.629154 0.368227
vt 0.618156 0.368141
vt 0.626121 0.337651
vt 0.611961 0.368164
vt 0.618232 0.337622
vt 0.603802 0.337733
vt 0.610266 0.337651
vt 0.165964 0.769213
vt 0.174084 0.738753
vt 0.172053 0.769259
vt 0.159734 0.769213
vt 0.166256 0.738694
vt 0.154597 0.769259
vt 0.158246 0.738694
vt 0.048862 0.769279
vt 0.056908 0.738819
vt 0.055038 0.769331
vt 0.042705 0.769279
vt 0.048967 0.738752
vt 0.037786 0.769331
vt 0.041051 0.738752
vt 0.628873 0.739049
vt 0.627455 0.708444
vt 0.632414 0.708547
vt 0.619365 0.738941
vt 0.625016 0.738970
vt 0.620190 0.708407
vt 0.604671 0.708547
vt 0.612339 0.637446
vt 0.624718 0.266637
vt 0.629926 0.266705
vt 0.618143 0.266613
vt 0.611506 0.266637
vt 0.172830 0.667734
vt 0.166306 0.667685
vt 0.151640 0.738753
vt 0.159631 0.667685
vt 0.055914 0.667809
vt 0.049297 0.667753
vt 0.034726 0.738819
vt 0.042699 0.667753
vt 0.629302 0.637532
vt 0.625170 0.637446
vt 0.619116 0.637416
vt 0.606183 0.637532
vt 0.610902 0.556150
vt 0.633933 0.185444
vt 0.626989 0.185353
vt 0.618223 0.185321
vt 0.606119 0.266705
vt 0.609372 0.185353
vt 0.166794 0.586394
vt 0.175492 0.586459
vt 0.154127 0.667734
vt 0.157894 0.586394
vt 0.058439 0.586528
vt 0.049616 0.586454
vt 0.037429 0.667809
vt 0.040819 0.586454
vt 0.633519 0.556264
vt 0.628009 0.556150
vt 0.619937 0.556109
vt 0.602693 0.556264
vt 0.611440 0.495321
vt 0.630685 0.124577
vt 0.618117 0.124479
vt 0.625129 0.124505
vt 0.602190 0.185444
vt 0.611036 0.124505
vt 0.173723 0.525605
vt 0.159645 0.525553
vt 0.166765 0.525553
vt 0.150555 0.586459
vt 0.056966 0.525684
vt 0.042871 0.525624
vt 0.049908 0.525624
vt 0.033792 0.586528
vt 0.629534 0.495413
vt 0.625126 0.495321
vt 0.618668 0.495289
vt 0.604873 0.495413
vt 0.610212 0.414043
vt 0.626940 0.043236
vt 0.633885 0.043327
vt 0.618175 0.043204
vt 0.605290 0.124577
vt 0.609324 0.043236
vt 0.175900 0.444343
vt 0.167202 0.444278
vt 0.153773 0.525605
vt 0.158302 0.444278
vt 0.050233 0.444343
vt 0.059057 0.444418
vt 0.041437 0.444343
vt 0.037249 0.525684
vt 0.632829 0.414158
vt 0.627319 0.414043
vt 0.619247 0.414003
vt 0.600567 0.373530
vt 0.609597 0.373405
vt 0.635485 0.002701
vt 0.618204 0.002566
vt 0.627846 0.002602
vt 0.608468 0.002602
vt 0.600568 0.002701
vt 0.176988 0.403712
vt 0.157630 0.403640
vt 0.167420 0.403640
vt 0.150962 0.444343
vt 0.050396 0.403703
vt 0.060102 0.403785
vt 0.032991 0.403785
vt 0.040721 0.403703
vt 0.634476 0.373530
vt 0.619536 0.373360
vt 0.628415 0.373405
vt 0.395379 0.777593
vt 0.387607 0.771396
vt 0.405070 0.757469
vt 0.383294 0.762440
vt 0.383294 0.752499
vt 0.387607 0.743543
vt 0.395379 0.737346
vt 0.405070 0.735134
vt 0.414761 0.737346
vt 0.422532 0.743543
vt 0.426845 0.752499
vt 0.426845 0.762439
vt 0.422533 0.771395
vt 0.414761 0.777593
vt 0.405070 0.779805
vt 0.768404 0.758424
vt 0.782261 0.755261
vt 0.782261 0.761587
vt 0.779517 0.749562
vt 0.774571 0.745618
vt 0.768404 0.744210
vt 0.762237 0.745618
vt 0.757291 0.749562
vt 0.754547 0.755261
vt 0.754547 0.761587
vt 0.757291 0.767286
vt 0.762237 0.771230
vt 0.768404 0.772637
vt 0.774571 0.771230
vt 0.779517 0.767286
vt 0.648354 0.739049
vt 0.653118 0.708444
vt 0.654100 0.738970
vt 0.704392 0.738957
vt 0.712471 0.708526
vt 0.709254 0.739021
vt 0.698256 0.738935
vt 0.706221 0.708445
vt 0.692061 0.738957
vt 0.698332 0.708416
vt 0.687033 0.739021
vt 0.690366 0.708445
vt 0.224216 0.769264
vt 0.218419 0.738699
vt 0.226247 0.738758
vt 0.211898 0.769219
vt 0.218128 0.769219
vt 0.206760 0.769264
vt 0.210409 0.738699
vt 0.775630 0.368142
vt 0.783676 0.337682
vt 0.781806 0.368194
vt 0.769472 0.368142
vt 0.775735 0.337615
vt 0.764553 0.368194
vt 0.767818 0.337615
vt 0.669932 0.739049
vt 0.668514 0.708444
vt 0.673473 0.708547
vt 0.660424 0.738941
vt 0.666075 0.738970
vt 0.661249 0.708407
vt 0.645730 0.708547
vt 0.653398 0.637446
vt 0.710026 0.637498
vt 0.704818 0.637430
vt 0.698243 0.637406
vt 0.683902 0.708526
vt 0.691605 0.637430
vt 0.224993 0.667739
vt 0.218470 0.667691
vt 0.203804 0.738758
vt 0.211795 0.667691
vt 0.782682 0.266672
vt 0.776064 0.266616
vt 0.761494 0.337682
vt 0.769467 0.266616
vt 0.670361 0.637532
vt 0.666229 0.637446
vt 0.660175 0.637416
vt 0.647242 0.637532
vt 0.651961 0.556150
vt 0.714033 0.556237
vt 0.707089 0.556147
vt 0.698323 0.556114
vt 0.686219 0.637498
vt 0.689472 0.556147
vt 0.218958 0.586399
vt 0.227656 0.586464
vt 0.206290 0.667739
vt 0.210058 0.586399
vt 0.785206 0.185391
vt 0.767587 0.185317
vt 0.776383 0.185317
vt 0.764197 0.266672
vt 0.669068 0.556150
vt 0.674578 0.556264
vt 0.660996 0.556109
vt 0.643752 0.556264
vt 0.652499 0.495321
vt 0.710785 0.495371
vt 0.698216 0.495272
vt 0.705229 0.495298
vt 0.682290 0.556237
vt 0.691136 0.495298
vt 0.225886 0.525610
vt 0.211808 0.525558
vt 0.218928 0.525558
vt 0.202718 0.586464
vt 0.783734 0.124547
vt 0.769638 0.124487
vt 0.776675 0.124487
vt 0.760560 0.185391
vt 0.670593 0.495413
vt 0.666185 0.495321
vt 0.659728 0.495289
vt 0.645932 0.495413
vt 0.651271 0.414043
vt 0.707040 0.414030
vt 0.713985 0.414120
vt 0.698275 0.413997
vt 0.685390 0.495371
vt 0.689424 0.414030
vt 0.228063 0.444348
vt 0.219365 0.444283
vt 0.205937 0.525610
vt 0.210465 0.444283
vt 0.785824 0.043281
vt 0.768205 0.043207
vt 0.777001 0.043207
vt 0.764016 0.124547
vt 0.673888 0.414158
vt 0.668378 0.414043
vt 0.660306 0.414003
vt 0.643062 0.414158
vt 0.650656 0.373405
vt 0.707946 0.373395
vt 0.715585 0.373495
vt 0.688568 0.373395
vt 0.698304 0.373360
vt 0.680667 0.373495
vt 0.219584 0.403646
vt 0.229151 0.403717
vt 0.203126 0.444348
vt 0.209794 0.403646
vt 0.786869 0.002648
vt 0.777164 0.002566
vt 0.759758 0.002648
vt 0.767488 0.002566
vt 0.669474 0.373405
vt 0.675535 0.373530
vt 0.660595 0.373360
vt 0.436291 0.771396
vt 0.431978 0.762440
vt 0.453753 0.757469
vt 0.431978 0.752499
vt 0.436291 0.743544
vt 0.444062 0.737346
vt 0.453753 0.735134
vt 0.463444 0.737346
vt 0.471216 0.743543
vt 0.475529 0.752499
vt 0.475529 0.762440
vt 0.471216 0.771395
vt 0.463444 0.777593
vt 0.453753 0.779805
vt 0.444062 0.777593
vt 0.768404 0.791983
vt 0.762237 0.804789
vt 0.757291 0.800845
vt 0.768404 0.806197
vt 0.774571 0.804789
vt 0.779517 0.800845
vt 0.782261 0.795146
vt 0.782261 0.788821
vt 0.779517 0.783121
vt 0.774571 0.779177
vt 0.768404 0.777770
vt 0.762237 0.779177
vt 0.757291 0.783121
vt 0.754547 0.788820
vt 0.754547 0.795146
vt 0.727444 0.368256
vt 0.732208 0.337650
vt 0.733191 0.368176
vt 0.664342 0.368164
vt 0.672421 0.337733
vt 0.669204 0.368227
vt 0.658206 0.368141
vt 0.666171 0.337651
vt 0.652011 0.368164
vt 0.658282 0.337622
vt 0.646983 0.368227
vt 0.650316 0.337651
vt 0.081641 0.769230
vt 0.089761 0.738769
vt 0.087730 0.769275
vt 0.075411 0.769230
vt 0.081933 0.738711
vt 0.070274 0.769275
vt 0.073923 0.738711
vt 0.807873 0.368142
vt 0.815919 0.337682
vt 0.814050 0.368194
vt 0.801716 0.368142
vt 0.807978 0.337615
vt 0.796797 0.368194
vt 0.800062 0.337615
vt 0.745166 0.368176
vt 0.752564 0.337753
vt 0.749023 0.368256
vt 0.740340 0.337614
vt 0.747605 0.337650
vt 0.739515 0.368147
vt 0.724820 0.337753
vt 0.732489 0.266653
vt 0.669976 0.266705
vt 0.664768 0.266637
vt 0.658193 0.266613
vt 0.643852 0.337733
vt 0.651556 0.266637
vt 0.088507 0.667750
vt 0.081984 0.667702
vt 0.067317 0.738769
vt 0.075309 0.667702
vt 0.814925 0.266672
vt 0.808308 0.266616
vt 0.793737 0.337682
vt 0.801711 0.266616
vt 0.749452 0.266738
vt 0.745319 0.266653
vt 0.739265 0.266622
vt 0.726332 0.266738
vt 0.731052 0.185356
vt 0.673983 0.185444
vt 0.667039 0.185353
vt 0.649422 0.185353
vt 0.658273 0.185321
vt 0.642240 0.185444
vt 0.082472 0.586410
vt 0.091169 0.586475
vt 0.069804 0.667750
vt 0.073572 0.586410
vt 0.817450 0.185391
vt 0.808627 0.185317
vt 0.796440 0.266672
vt 0.799830 0.185317
vt 0.753669 0.185471
vt 0.748159 0.185356
vt 0.740087 0.185316
vt 0.725023 0.124619
vt 0.731590 0.124528
vt 0.670735 0.124577
vt 0.658167 0.124479
vt 0.665179 0.124505
vt 0.651086 0.124505
vt 0.082442 0.525569
vt 0.089400 0.525621
vt 0.066232 0.586475
vt 0.075322 0.525569
vt 0.815977 0.124547
vt 0.808919 0.124487
vt 0.792803 0.185391
vt 0.801882 0.124487
vt 0.745276 0.124528
vt 0.749684 0.124619
vt 0.738818 0.124495
vt 0.730361 0.043250
vt 0.666990 0.043236
vt 0.673935 0.043327
vt 0.658225 0.043204
vt 0.645340 0.124577
vt 0.649374 0.043236
vt 0.091577 0.444359
vt 0.082879 0.444294
vt 0.069451 0.525621
vt 0.073979 0.444294
vt 0.818068 0.043281
vt 0.800448 0.043207
vt 0.809245 0.043207
vt 0.796260 0.124547
vt 0.752979 0.043364
vt 0.747468 0.043250
vt 0.739396 0.043209
vt 0.722153 0.043364
vt 0.729747 0.002611
vt 0.675535 0.002701
vt 0.667896 0.002602
vt 0.648518 0.002602
vt 0.658254 0.002566
vt 0.640617 0.002701
vt 0.092665 0.403728
vt 0.073308 0.403657
vt 0.083098 0.403657
vt 0.066640 0.444359
vt 0.809407 0.002566
vt 0.819113 0.002648
vt 0.792002 0.002648
vt 0.799731 0.002566
vt 0.748565 0.002611
vt 0.754626 0.002737
vt 0.739686 0.002566
vt 0.572896 0.762440
vt 0.568583 0.771395
vt 0.551121 0.757469
vt 0.560812 0.777593
vt 0.551120 0.779805
vt 0.541429 0.777593
vt 0.533658 0.771395
vt 0.529345 0.762439
vt 0.529345 0.752499
vt 0.533658 0.743543
vt 0.541429 0.737346
vt 0.551121 0.735134
vt 0.560812 0.737346
vt 0.568583 0.743543
vt 0.572896 0.752499
vt 0.655484 0.795931
vt 0.644371 0.804793
vt 0.641627 0.799094
vt 0.649317 0.808737
vt 0.655484 0.810144
vt 0.661651 0.808737
vt 0.666596 0.804793
vt 0.669341 0.799094
vt 0.669341 0.792768
vt 0.666596 0.787069
vt 0.661651 0.783125
vt 0.655484 0.781717
vt 0.649317 0.783125
vt 0.644371 0.787069
vt 0.641627 0.792768
vt 0.727445 0.739078
vt 0.732208 0.708473
vt 0.733191 0.738998
vt 0.704392 0.368164
vt 0.712471 0.337733
vt 0.709254 0.368227
vt 0.698256 0.368141
vt 0.706221 0.337651
vt 0.692061 0.368164
vt 0.698332 0.337622
vt 0.683902 0.337733
vt 0.690366 0.337651
vt 0.114205 0.769230
vt 0.122324 0.738769
vt 0.120293 0.769275
vt 0.107975 0.769230
vt 0.114496 0.738711
vt 0.102837 0.769275
vt 0.106486 0.738711
vt 0.775630 0.738903
vt 0.783676 0.708443
vt 0.781806 0.738955
vt 0.769472 0.738903
vt 0.775735 0.708376
vt 0.764553 0.738955
vt 0.767818 0.708376
vt 0.749023 0.739078
vt 0.747605 0.708473
vt 0.752564 0.708575
vt 0.739515 0.738970
vt 0.745166 0.738998
vt 0.740340 0.708436
vt 0.724820 0.708575
vt 0.732489 0.637475
vt 0.704818 0.266637
vt 0.710026 0.266705
vt 0.698243 0.266613
vt 0.691605 0.266637
vt 0.121070 0.667750
vt 0.114547 0.667702
vt 0.099881 0.738769
vt 0.107872 0.667702
vt 0.776064 0.637377
vt 0.782682 0.637433
vt 0.761494 0.708443
vt 0.769467 0.637377
vt 0.749452 0.637561
vt 0.745319 0.637475
vt 0.739265 0.637444
vt 0.722843 0.556293
vt 0.731052 0.556179
vt 0.707089 0.185353
vt 0.714033 0.185444
vt 0.689472 0.185353
vt 0.698323 0.185321
vt 0.686219 0.266705
vt 0.123733 0.586475
vt 0.115035 0.586410
vt 0.102367 0.667750
vt 0.106135 0.586410
vt 0.785206 0.556152
vt 0.776383 0.556077
vt 0.764197 0.637433
vt 0.767587 0.556077
vt 0.753669 0.556293
vt 0.740087 0.556138
vt 0.748159 0.556179
vt 0.731590 0.495350
vt 0.710785 0.124577
vt 0.698216 0.124479
vt 0.705229 0.124505
vt 0.682290 0.185444
vt 0.691136 0.124505
vt 0.115005 0.525569
vt 0.121964 0.525621
vt 0.102014 0.525621
vt 0.107885 0.525569
vt 0.776675 0.495248
vt 0.783734 0.495308
vt 0.760560 0.556152
vt 0.769638 0.495248
vt 0.749684 0.495441
vt 0.745276 0.495350
vt 0.738818 0.495317
vt 0.725023 0.495441
vt 0.730361 0.414072
vt 0.707040 0.043236
vt 0.713985 0.043327
vt 0.698275 0.043204
vt 0.685390 0.124577
vt 0.689424 0.043236
vt 0.124140 0.444359
vt 0.115442 0.444294
vt 0.106542 0.444294
vt 0.777001 0.413967
vt 0.785824 0.414042
vt 0.764016 0.495308
vt 0.768205 0.413967
vt 0.752979 0.414186
vt 0.747469 0.414072
vt 0.739397 0.414031
vt 0.722153 0.414186
vt 0.729747 0.373433
vt 0.707946 0.002602
vt 0.715585 0.002701
vt 0.688568 0.002602
vt 0.698304 0.002566
vt 0.680667 0.002701
vt 0.115661 0.403657
vt 0.125228 0.403728
vt 0.097798 0.403728
vt 0.105871 0.403657
vt 0.786869 0.373409
vt 0.777164 0.373327
vt 0.759758 0.373409
vt 0.767488 0.373327
vt 0.748565 0.373433
vt 0.754626 0.373559
vt 0.739686 0.373388
vt 0.492746 0.777593
vt 0.484974 0.771396
vt 0.502437 0.757469
vt 0.480661 0.762440
vt 0.480661 0.752499
vt 0.484974 0.743543
vt 0.492746 0.737346
vt 0.502437 0.735134
vt 0.512128 0.737346
vt 0.519900 0.743543
vt 0.524213 0.752499
vt 0.524213 0.762439
vt 0.519900 0.771395
vt 0.512128 0.777593
vt 0.502437 0.779805
vt 0.697494 0.761413
vt 0.680667 0.765253
vt 0.680667 0.757572
vt 0.684000 0.772173
vt 0.690005 0.776963
vt 0.697494 0.778672
vt 0.704983 0.776963
vt 0.710988 0.772174
vt 0.714321 0.765253
vt 0.714321 0.757572
vt 0.710988 0.750651
vt 0.704983 0.745862
vt 0.697494 0.744153
vt 0.690005 0.745862
vt 0.684000 0.750651
vt 0.033900 0.398443
vt 0.041504 0.266481
vt 0.040878 0.398380
vt 0.092216 0.398524
vt 0.084934 0.266523
vt 0.089795 0.266588
vt 0.086313 0.398445
vt 0.078798 0.266498
vt 0.071339 0.398440
vt 0.078862 0.398415
vt 0.067575 0.266581
vt 0.072603 0.266519
vt 0.150659 0.398447
vt 0.143113 0.266497
vt 0.149201 0.266525
vt 0.135701 0.398435
vt 0.143266 0.398414
vt 0.129462 0.398508
vt 0.136883 0.266515
vt 0.229151 0.398422
vt 0.221672 0.266487
vt 0.227849 0.266513
vt 0.214175 0.398424
vt 0.221651 0.398392
vt 0.208202 0.398513
vt 0.215515 0.266514
vt 0.055419 0.398451
vt 0.057335 0.266638
vt 0.060102 0.398571
vt 0.048558 0.398383
vt 0.053478 0.266539
vt 0.047828 0.266483
vt 0.033900 0.124378
vt 0.040878 0.124315
vt 0.092216 0.124441
vt 0.086313 0.124362
vt 0.078862 0.124332
vt 0.065234 0.124432
vt 0.071339 0.124357
vt 0.150659 0.124365
vt 0.135701 0.124353
vt 0.143266 0.124331
vt 0.131745 0.266576
vt 0.229151 0.124350
vt 0.221651 0.124320
vt 0.210596 0.266588
vt 0.214175 0.124352
vt 0.055419 0.124385
vt 0.060102 0.124505
vt 0.048558 0.124317
vt 0.041504 0.002566
vt 0.089795 0.002656
vt 0.078798 0.002566
vt 0.084934 0.002591
vt 0.072603 0.002587
vt 0.143113 0.002566
vt 0.149201 0.002594
vt 0.129462 0.124426
vt 0.136883 0.002584
vt 0.227849 0.002591
vt 0.221672 0.002566
vt 0.208202 0.124441
vt 0.215515 0.002593
vt 0.057335 0.002723
vt 0.053478 0.002624
vt 0.047828 0.002568
vt 0.092949 0.785458
vt 0.092949 0.791784
vt 0.079092 0.788621
vt 0.090204 0.797483
vt 0.085259 0.801427
vt 0.079092 0.802835
vt 0.072925 0.801427
vt 0.067979 0.797483
vt 0.065234 0.791784
vt 0.065234 0.785458
vt 0.067979 0.779759
vt 0.072924 0.775815
vt 0.079092 0.774407
vt 0.085259 0.775815
vt 0.090204 0.779759
vt 0.617394 0.761441
vt 0.603900 0.772202
vt 0.600568 0.765282
vt 0.609906 0.776991
vt 0.617394 0.778700
vt 0.624883 0.776991
vt 0.630888 0.772202
vt 0.634221 0.765282
vt 0.634221 0.757601
vt 0.630888 0.750680
vt 0.624883 0.745891
vt 0.617394 0.744182
vt 0.609906 0.745891
vt 0.603900 0.750680
vt 0.600568 0.757601
vt 0.002566 0.398443
vt 0.010170 0.266481
vt 0.009544 0.398380
vt 0.118427 0.398445
vt 0.121909 0.266588
vt 0.124330 0.398524
vt 0.110976 0.398415
vt 0.117048 0.266523
vt 0.103454 0.398440
vt 0.110912 0.266498
vt 0.097348 0.398515
vt 0.104717 0.266519
vt 0.169595 0.398413
vt 0.175530 0.266525
vt 0.176988 0.398447
vt 0.163212 0.266515
vt 0.169442 0.266497
vt 0.162030 0.398435
vt 0.158074 0.266575
vt 0.195570 0.398392
vt 0.201767 0.266513
vt 0.203070 0.398422
vt 0.188093 0.398424
vt 0.195590 0.266487
vt 0.182120 0.398513
vt 0.189433 0.266514
vt 0.024085 0.398451
vt 0.026001 0.266638
vt 0.028768 0.398571
vt 0.017224 0.398383
vt 0.022144 0.266539
vt 0.016494 0.266483
vt 0.004423 0.266533
vt 0.009544 0.124314
vt 0.124330 0.124441
vt 0.118427 0.124362
vt 0.110976 0.124332
vt 0.097348 0.124432
vt 0.103454 0.124357
vt 0.169595 0.124331
vt 0.176988 0.124365
vt 0.155791 0.124426
vt 0.162030 0.124353
vt 0.203070 0.124350
vt 0.195570 0.124320
vt 0.184514 0.266588
vt 0.188093 0.124352
vt 0.024085 0.124385
vt 0.028768 0.124505
vt 0.017224 0.124317
vt 0.002566 0.124378
vt 0.010170 0.002566
vt 0.121909 0.002656
vt 0.117048 0.002591
vt 0.110912 0.002566
vt 0.104717 0.002587
vt 0.169442 0.002566
vt 0.175530 0.002594
vt 0.163212 0.002584
vt 0.195590 0.002566
vt 0.201767 0.002591
vt 0.182120 0.124441
vt 0.189433 0.002593
vt 0.022144 0.002624
vt 0.026001 0.002723
vt 0.016494 0.002568
vt 0.123051 0.779759
vt 0.125796 0.785458
vt 0.111938 0.788621
vt 0.125796 0.791784
vt 0.123051 0.797483
vt 0.118105 0.801427
vt 0.111938 0.802835
vt 0.105771 0.801427
vt 0.100826 0.797483
vt 0.098081 0.791784
vt 0.098081 0.785458
vt 0.100826 0.779759
vt 0.105771 0.775815
vt 0.111938 0.774407
vt 0.118105 0.775815
vt 0.911918 0.667743
vt 0.916272 0.373327
vt 0.916272 0.667694
vt 0.916834 0.967289
vt 0.921408 0.672936
vt 0.921408 0.967322
vt 0.911918 0.967305
vt 0.916834 0.672903
vt 0.971574 0.667712
vt 0.975869 0.373369
vt 0.975869 0.667754
vt 0.966572 0.667718
vt 0.971574 0.373327
vt 0.957231 0.667700
vt 0.961439 0.373377
vt 0.961439 0.667751
vt 0.952218 0.667705
vt 0.957231 0.373327
vt 0.948315 0.667763
vt 0.952218 0.373331
vt 0.921263 0.667704
vt 0.924984 0.373404
vt 0.924984 0.667771
vt 0.921263 0.373337
vt 0.557447 0.790549
vt 0.572896 0.790550
vt 0.569946 0.799630
vt 0.613639 0.789445
vt 0.601141 0.798526
vt 0.598190 0.789445
vt 0.014792 0.698119
vt 0.019146 0.403703
vt 0.019146 0.698070
vt 0.953290 0.967289
vt 0.957863 0.672936
vt 0.957863 0.967322
vt 0.948373 0.967305
vt 0.953290 0.672903
vt 0.967997 0.967288
vt 0.972292 0.672945
vt 0.972292 0.967330
vt 0.962995 0.967295
vt 0.967997 0.672903
vt 0.947729 0.296940
vt 0.951937 0.002617
vt 0.951937 0.296990
vt 0.942716 0.296945
vt 0.947729 0.002566
vt 0.938813 0.297003
vt 0.942716 0.002571
vt 0.024137 0.698080
vt 0.027858 0.403780
vt 0.027858 0.698147
vt 0.024137 0.403714
vt 0.431978 0.790550
vt 0.447427 0.790550
vt 0.444476 0.799630
vt 0.419121 0.801181
vt 0.414347 0.786489
vt 0.423895 0.786489
vt 0.930117 0.667743
vt 0.934470 0.373327
vt 0.934470 0.667694
vt 0.961986 0.296952
vt 0.966559 0.002599
vt 0.966559 0.296985
vt 0.957070 0.296968
vt 0.961986 0.002566
vt 0.976693 0.296951
vt 0.980989 0.002609
vt 0.980989 0.296993
vt 0.971692 0.296958
vt 0.976693 0.002566
vt 0.939033 0.967276
vt 0.943241 0.672953
vt 0.943241 0.967327
vt 0.934020 0.967281
vt 0.939033 0.672903
vt 0.930117 0.967340
vt 0.934020 0.672908
vt 0.939461 0.667704
vt 0.943183 0.373404
vt 0.943183 0.667771
vt 0.939461 0.373337
vt 0.621722 0.785384
vt 0.634221 0.794465
vt 0.626496 0.800077
vt 0.406264 0.790550
vt 0.393766 0.799630
vt 0.390815 0.790550
vt 0.266763 0.744844
vt 0.265252 0.745174
vt 0.264574 0.740642
vt 0.673182 0.776585
vt 0.668836 0.774574
vt 0.673625 0.775051
vt 0.236654 0.740225
vt 0.235767 0.744733
vt 0.234284 0.744358
vt 0.670922 0.744182
vt 0.671574 0.745635
vt 0.666893 0.746719
vt 0.743192 0.746454
vt 0.743831 0.744210
vt 0.746193 0.746456
vt 0.903484 0.005263
vt 0.901264 0.004738
vt 0.903539 0.002566
vt 0.746410 0.774357
vt 0.749414 0.774394
vt 0.747574 0.776669
vt 0.933681 0.005665
vt 0.931386 0.006061
vt 0.931406 0.003363
vt 0.266763 0.997104
vt 0.265252 0.997434
vt 0.262759 0.743286
vt 0.670574 0.772706
vt 0.668689 0.774461
vt 0.258793 0.740741
vt 0.264454 0.740552
vt 0.666434 0.768941
vt 0.664317 0.770485
vt 0.254796 0.739020
vt 0.260266 0.737864
vt 0.663574 0.765081
vt 0.661085 0.766124
vt 0.250758 0.738377
vt 0.255750 0.735920
vt 0.662387 0.761098
vt 0.659634 0.761255
vt 0.245824 0.735772
vt 0.250814 0.735134
vt 0.660395 0.756222
vt 0.663009 0.756980
vt 0.246676 0.738899
vt 0.241166 0.737579
vt 0.662988 0.751431
vt 0.665304 0.752739
vt 0.242554 0.740498
vt 0.236780 0.740138
vt 0.666763 0.746853
vt 0.668880 0.748404
vt 0.238400 0.742922
vt 0.235767 0.996993
vt 0.893569 0.329229
vt 0.869449 0.331509
vt 0.865641 0.329229
vt 0.893569 0.004846
vt 0.896132 0.329229
vt 0.869450 0.002566
vt 0.893836 0.002566
vt 0.933681 0.323370
vt 0.931386 0.323765
vt 0.865388 0.375607
vt 0.837208 0.373327
vt 0.865086 0.373327
vt 0.865388 0.699989
vt 0.837208 0.702269
vt 0.833399 0.699989
vt 0.833399 0.375607
vt 0.137529 0.403641
vt 0.140472 0.728023
vt 0.137529 0.728023
vt 0.728489 0.760517
vt 0.727444 0.755561
vt 0.641626 0.776585
vt 0.140472 0.403641
vt 0.144425 0.728023
vt 0.258793 0.993001
vt 0.254796 0.991281
vt 0.250758 0.990637
vt 0.246676 0.991159
vt 0.196588 0.728028
vt 0.192636 0.403646
vt 0.196588 0.403646
vt 0.192636 0.728028
vt 0.189693 0.403646
vt 0.865641 0.004846
vt 0.903484 0.322967
vt 0.844141 0.707402
vt 0.838770 0.971368
vt 0.838770 0.707402
vt 0.282055 0.994370
vt 0.286677 0.735183
vt 0.286677 0.993715
vt 0.276409 0.994351
vt 0.282055 0.735838
vt 0.271895 0.993666
vt 0.276409 0.735819
vt 0.991492 0.266532
vt 0.996863 0.002566
vt 0.996863 0.266532
vt 0.986121 0.266532
vt 0.991492 0.002566
vt 0.367870 0.737288
vt 0.363382 0.940411
vt 0.363382 0.735134
vt 0.373516 0.737373
vt 0.367870 0.942565
vt 0.378162 0.735355
vt 0.373516 0.942649
vt 0.833399 0.971368
vt 0.833399 0.707402
vt 0.720717 0.787349
vt 0.737116 0.788586
vt 0.733984 0.798327
vt 0.041672 0.774464
vt 0.047037 0.790605
vt 0.036307 0.790704
vt 0.988166 0.672903
vt 0.982795 0.936869
vt 0.982795 0.672903
vt 0.301970 0.994370
vt 0.306592 0.735183
vt 0.306592 0.993715
vt 0.296323 0.994351
vt 0.301970 0.735838
vt 0.291810 0.993666
vt 0.296323 0.735819
vt 0.986372 0.637293
vt 0.991743 0.373327
vt 0.991743 0.637293
vt 0.981001 0.637293
vt 0.986372 0.373327
vt 0.347957 0.737288
vt 0.343469 0.940411
vt 0.343469 0.735134
vt 0.353603 0.737373
vt 0.347957 0.942565
vt 0.358249 0.735355
vt 0.353603 0.942649
vt 0.977424 0.936869
vt 0.977424 0.672903
vt 0.698765 0.787102
vt 0.714321 0.792439
vt 0.708831 0.801074
vt 0.578335 0.770218
vt 0.592169 0.760322
vt 0.595435 0.770543
vt 0.133685 0.991496
vt 0.139020 0.733536
vt 0.139020 0.991877
vt 0.860820 0.971368
vt 0.865388 0.707402
vt 0.865388 0.971368
vt 0.855173 0.971368
vt 0.860820 0.707402
vt 0.850604 0.971368
vt 0.855173 0.707402
vt 0.332936 0.735848
vt 0.327597 0.978418
vt 0.327597 0.735134
vt 0.338337 0.735208
vt 0.332936 0.979132
vt 0.802218 0.991504
vt 0.806786 0.727538
vt 0.806786 0.991504
vt 0.796570 0.991504
vt 0.802218 0.727538
vt 0.792002 0.991504
vt 0.796570 0.727538
vt 0.144425 0.733200
vt 0.144425 0.991541
vt 0.229151 0.786016
vt 0.211871 0.786338
vt 0.215172 0.776215
vt 0.687460 0.783804
vt 0.687201 0.801179
vt 0.679306 0.797861
vt 0.185849 0.991502
vt 0.191183 0.733541
vt 0.191183 0.991882
vt 0.023290 0.967245
vt 0.027858 0.703279
vt 0.027858 0.967245
vt 0.017643 0.967245
vt 0.023290 0.703279
vt 0.013074 0.967245
vt 0.017643 0.703279
vt 0.317064 0.735848
vt 0.311725 0.978418
vt 0.311725 0.735134
vt 0.322464 0.735208
vt 0.317064 0.979132
vt 0.823698 0.991504
vt 0.828267 0.727538
vt 0.828267 0.991504
vt 0.818051 0.991504
vt 0.823698 0.727538
vt 0.813483 0.991504
vt 0.818051 0.727538
vt 0.196588 0.733205
vt 0.196588 0.991546
vt 0.578364 0.747185
vt 0.592175 0.736795
vt 0.595435 0.746932
vt 0.585199 0.781792
vt 0.589441 0.798643
vt 0.580957 0.797479
vt 0.589129 0.004674
vt 0.589129 0.357412
vt 0.797261 0.374088
vt 0.240589 0.727894
vt 0.820916 0.374088
vt 0.902346 0.986623
vt 0.589129 0.370958
vt 0.878692 0.986622
vt 0.240589 0.357412
vt 0.829247 0.003335
vt 0.852900 0.003335
vt 0.828267 0.708621
vt 0.234284 0.715928
vt 0.581361 0.730002
vt 0.595435 0.382924
vt 0.606933 0.368227
vt 0.602003 0.414158
vt 0.602142 0.043327
vt 0.034410 0.444418
vt 0.149557 0.403712
vt 0.682242 0.414120
vt 0.761178 0.043281
vt 0.641626 0.373530
vt 0.201720 0.403717
vt 0.646169 0.266705
vt 0.722843 0.185471
vt 0.642192 0.043327
vt 0.793421 0.043281
vt 0.720717 0.002737
vt 0.065234 0.403728
vt 0.687033 0.368227
vt 0.726332 0.637561
vt 0.098795 0.586475
vt 0.682242 0.043327
vt 0.099203 0.444359
vt 0.761178 0.414042
vt 0.720717 0.373559
vt 0.035757 0.266533
vt 0.065234 0.398515
vt 0.035757 0.002618
vt 0.067575 0.002648
vt 0.131745 0.002644
vt 0.210596 0.002666
vt 0.099689 0.266581
vt 0.155791 0.398508
vt 0.004423 0.002618
vt 0.099689 0.002648
vt 0.158074 0.002644
vt 0.184514 0.002666
vt 0.911918 0.373376
vt 0.911918 0.672919
vt 0.966572 0.373334
vt 0.948315 0.373390
vt 0.565171 0.801181
vt 0.560397 0.799630
vt 0.557447 0.795569
vt 0.560398 0.786488
vt 0.565172 0.784937
vt 0.569946 0.786488
vt 0.572896 0.795569
vt 0.601141 0.785384
vt 0.605915 0.783833
vt 0.610689 0.785384
vt 0.613639 0.794465
vt 0.610689 0.798526
vt 0.605915 0.800077
vt 0.598190 0.794465
vt 0.014792 0.403752
vt 0.948373 0.672919
vt 0.962995 0.672910
vt 0.938813 0.002629
vt 0.439702 0.801181
vt 0.434928 0.799630
vt 0.431978 0.795569
vt 0.434928 0.786489
vt 0.439702 0.784937
vt 0.444476 0.786489
vt 0.447427 0.795569
vt 0.426845 0.790550
vt 0.426845 0.795569
vt 0.423895 0.799630
vt 0.414347 0.799630
vt 0.411396 0.795569
vt 0.411396 0.790550
vt 0.419121 0.784937
vt 0.930117 0.373376
vt 0.957070 0.002582
vt 0.971692 0.002573
vt 0.930117 0.672966
vt 0.621722 0.798526
vt 0.618772 0.794465
vt 0.618772 0.789445
vt 0.626496 0.783833
vt 0.631270 0.785384
vt 0.634221 0.789445
vt 0.631270 0.798526
vt 0.393766 0.786489
vt 0.398540 0.784937
vt 0.403314 0.786489
vt 0.406264 0.795569
vt 0.403314 0.799630
vt 0.398540 0.801181
vt 0.390815 0.795569
vt 0.234284 0.996619
vt 0.893836 0.331509
vt 0.896132 0.004846
vt 0.865086 0.702269
vt 0.720717 0.774533
vt 0.720848 0.774408
vt 0.724694 0.770094
vt 0.720848 0.746731
vt 0.720717 0.746608
vt 0.724694 0.750992
vt 0.727444 0.765488
vt 0.643091 0.748478
vt 0.144425 0.403641
vt 0.242554 0.992759
vt 0.189693 0.728028
vt 0.844141 0.971368
vt 0.271895 0.735134
vt 0.986121 0.002566
vt 0.378162 0.940631
vt 0.728917 0.799649
vt 0.723849 0.797562
vt 0.720717 0.792864
vt 0.723849 0.783123
vt 0.728917 0.781801
vt 0.733984 0.783887
vt 0.737116 0.794101
vt 0.032991 0.786259
vt 0.032991 0.780728
vt 0.036307 0.776222
vt 0.047037 0.776124
vt 0.050353 0.780568
vt 0.050353 0.786099
vt 0.041672 0.792364
vt 0.988166 0.936869
vt 0.291810 0.735134
vt 0.981001 0.373327
vt 0.358249 0.940631
vt 0.703594 0.801074
vt 0.699217 0.797776
vt 0.697373 0.792439
vt 0.702862 0.783804
vt 0.708099 0.783804
vt 0.712476 0.787102
vt 0.712928 0.797776
vt 0.592169 0.775025
vt 0.586885 0.776660
vt 0.581600 0.774824
vt 0.578335 0.764602
vt 0.581601 0.760121
vt 0.586885 0.758486
vt 0.595435 0.764927
vt 0.133685 0.733155
vt 0.850604 0.707402
vt 0.338337 0.978492
vt 0.792002 0.727538
vt 0.220511 0.774396
vt 0.225851 0.776016
vt 0.229151 0.780454
vt 0.225851 0.790578
vt 0.220511 0.792396
vt 0.215172 0.790777
vt 0.211871 0.780776
vt 0.678029 0.792492
vt 0.679466 0.787123
vt 0.683069 0.783804
vt 0.690963 0.787123
vt 0.692240 0.792492
vt 0.690803 0.797861
vt 0.682809 0.801179
vt 0.185849 0.733161
vt 0.013074 0.703279
vt 0.322464 0.978492
vt 0.813483 0.727538
vt 0.592175 0.751535
vt 0.586899 0.753353
vt 0.581624 0.751692
vt 0.578364 0.741555
vt 0.581624 0.736952
vt 0.586899 0.735134
vt 0.595435 0.741302
vt 0.578335 0.792623
vt 0.578335 0.787064
vt 0.580957 0.782927
vt 0.589441 0.784091
vt 0.592063 0.788948
vt 0.592063 0.794506
vt 0.585199 0.799779
s 1
f 4/1/1 5/2/2 1/3/3
f 8/4/4 6/5/5 4/1/1
f 7/6/6 8/7/4 2/8/7
f 7/6/6 12/9/8 9/10/9
f 10/11/10 11/12/11 3/13/12
f 5/2/2 12/14/8 10/15/10
f 6/16/5 9/10/9 12/9/8
f 16/17/13 17/18/14 13/19/15
f 16/20/13 21/21/16 18/22/17
f 19/23/18 20/24/19 14/25/20
f 19/23/18 24/26/21 21/21/16
f 22/27/22 23/28/23 15/29/24
f 22/27/22 18/30/17 24/31/21
f 18/30/17 21/32/16 24/31/21
f 28/33/25 29/34/26 25/35/27
f 28/36/25 33/37/28 30/38/29
f 31/39/30 32/40/31 26/41/32
f 35/42/33 33/37/28 31/39/30
f 34/43/34 35/44/33 27/45/35
f 29/34/26 36/46/36 34/47/34
f 30/38/29 33/37/28 36/48/36
f 40/49/37 41/50/38 37/51/39
f 44/52/40 42/53/41 40/49/37
f 43/54/42 44/55/40 38/56/43
f 43/57/42 48/58/44 45/59/45
f 46/60/46 47/61/47 39/62/48
f 41/63/38 48/58/44 46/60/46
f 42/64/41 45/59/45 48/58/44
f 52/65/49 53/66/50 49/67/51
f 52/68/49 57/69/52 54/70/53
f 55/71/54 56/72/55 50/73/56
f 59/74/57 57/69/52 55/71/54
f 58/75/58 59/76/57 51/77/59
f 58/78/58 54/79/53 60/80/60
f 54/70/53 57/69/52 60/81/60
f 64/82/61 65/83/62 61/84/63
f 68/85/64 66/86/65 64/82/61
f 67/87/66 68/88/64 62/89/67
f 67/90/66 72/91/68 69/92/69
f 70/93/70 71/94/71 63/95/72
f 65/96/62 72/91/68 70/93/70
f 66/97/65 69/92/69 72/91/68
f 76/98/73 77/99/74 73/100/75
f 80/101/76 78/102/77 76/103/73
f 79/104/78 80/101/76 74/105/79
f 79/104/78 84/106/80 81/107/81
f 82/108/82 83/109/83 75/110/84
f 77/99/74 84/111/80 82/112/82
f 78/102/77 81/107/81 84/106/80
f 88/113/85 89/114/86 85/115/87
f 88/113/85 93/116/88 90/117/89
f 91/118/90 92/119/91 86/120/92
f 95/121/93 93/122/88 91/123/90
f 94/124/94 95/121/93 87/125/95
f 94/124/94 90/126/89 96/127/96
f 90/126/89 93/122/88 96/127/96
f 1/3/3 28/33/25 25/35/27
f 5/2/2 32/128/31 28/33/25
f 10/129/10 26/41/32 32/40/31
f 13/19/15 7/6/6 2/8/7
f 17/18/14 11/12/11 7/6/6
f 11/12/11 15/29/24 3/13/12
f 37/51/39 19/23/18 14/25/20
f 41/50/38 23/130/23 19/23/18
f 46/60/46 15/131/24 23/132/23
f 38/56/43 35/44/33 43/54/42
f 35/42/33 47/61/47 43/57/42
f 31/39/30 39/62/48 47/61/47
f 25/35/27 76/98/73 73/100/75
f 29/34/26 80/133/76 76/98/73
f 34/43/34 74/105/79 80/101/76
f 85/115/87 40/49/37 37/51/39
f 89/114/86 44/52/40 40/49/37
f 94/124/94 38/56/43 44/55/40
f 86/120/92 83/109/83 91/118/90
f 83/134/83 95/121/93 91/123/90
f 79/104/78 87/125/95 95/121/93
f 73/100/75 52/65/49 49/67/51
f 77/99/74 56/135/55 52/65/49
f 82/108/82 50/73/56 56/72/55
f 61/84/63 88/113/85 85/115/87
f 65/83/62 92/136/91 88/113/85
f 70/93/70 86/120/92 92/119/91
f 62/89/67 59/76/57 67/87/66
f 59/74/57 71/94/71 67/90/66
f 55/71/54 63/95/72 71/94/71
f 49/67/51 4/1/1 1/3/3
f 53/66/50 8/4/4 4/1/1
f 58/75/58 2/8/7 8/7/4
f 14/25/20 64/82/61 61/84/63
f 20/24/19 68/85/64 64/82/61
f 16/17/13 62/89/67 68/88/64
f 73/100/75 1/3/3 25/35/27
f 15/131/24 26/41/32 3/137/12
f 62/89/67 2/8/7 51/77/59
f 37/51/39 61/84/63 85/115/87
f 38/56/43 74/105/79 27/45/35
f 86/120/92 50/73/56 75/110/84
f 97/138/97 99/139/97 98/140/97
f 97/138/97 100/141/97 99/139/97
f 97/138/97 101/142/97 100/141/97
f 97/138/97 102/143/97 101/142/97
f 97/138/97 103/144/97 102/143/97
f 97/138/97 104/145/97 103/144/97
f 97/138/97 105/146/97 104/145/97
f 97/138/97 106/147/97 105/146/97
f 97/138/97 107/148/97 106/147/97
f 97/138/97 108/149/97 107/148/97
f 97/138/97 109/150/97 108/149/97
f 97/138/97 110/151/97 109/150/97
f 97/138/97 111/152/97 110/151/97
f 97/138/97 98/140/97 111/152/97
f 99/153/98 112/154/99 98/155/100
f 100/156/101 113/157/102 99/158/98
f 101/159/103 114/160/104 100/156/101
f 102/161/105 115/162/106 101/159/103
f 102/161/105 117/163/107 116/164/108
f 104/165/109 117/166/107 103/167/110
f 105/168/111 118/169/112 104/165/109
f 106/170/113 119/171/114 105/168/111
f 107/172/115 120/173/116 106/174/113
f 108/175/117 121/176/118 107/172/115
f 109/177/119 122/178/120 108/175/117
f 109/179/119 124/180/121 123/181/122
f 111/182/123 124/180/121 110/183/124
f 98/155/100 125/184/125 111/182/123
f 113/185/102 126/186/126 112/154/99
f 113/157/102 128/187/127 127/188/128
f 115/162/106 128/187/127 114/160/104
f 116/164/108 129/189/129 115/162/106
f 117/163/107 130/190/130 116/164/108
f 118/169/112 131/191/131 117/166/107
f 119/171/114 132/192/132 118/169/112
f 120/193/116 133/194/133 119/171/114
f 121/176/118 134/195/134 120/173/116
f 122/178/120 135/196/135 121/176/118
f 123/197/122 136/198/136 122/178/120
f 124/180/121 137/199/137 123/181/122
f 125/184/125 138/200/138 124/180/121
f 125/184/125 126/186/126 139/201/139
f 127/202/128 140/203/140 126/186/126
f 128/187/127 141/204/141 127/188/128
f 129/189/129 142/205/142 128/187/127
f 130/190/130 143/206/143 129/189/129
f 131/207/131 144/208/144 130/190/130
f 131/191/131 146/209/145 145/210/146
f 133/194/133 146/209/145 132/192/132
f 134/211/134 147/212/147 133/194/133
f 135/196/135 148/213/148 134/195/134
f 136/198/136 149/214/149 135/196/135
f 137/215/137 150/216/150 136/198/136
f 138/200/138 151/217/151 137/199/137
f 139/201/139 152/218/152 138/200/138
f 126/186/126 153/219/153 139/201/139
f 141/220/141 154/221/154 140/203/140
f 142/205/142 155/222/155 141/204/141
f 142/205/142 157/223/156 156/224/157
f 144/208/144 157/223/156 143/206/143
f 145/225/146 158/226/158 144/208/144
f 146/209/145 159/227/159 145/210/146
f 146/209/145 161/228/160 160/229/161
f 148/230/148 161/228/160 147/212/147
f 149/214/149 162/231/162 148/213/148
f 149/214/149 164/232/163 163/233/164
f 151/234/151 164/232/163 150/216/150
f 152/218/152 165/235/165 151/217/151
f 153/219/153 166/236/166 152/218/152
f 153/219/153 154/221/154 167/237/167
f 155/238/155 168/239/168 154/221/154
f 155/222/155 170/240/169 169/241/170
f 156/224/157 171/242/171 170/240/169
f 158/226/158 171/242/171 157/223/156
f 159/243/159 172/244/172 158/226/158
f 160/229/161 173/245/173 159/227/159
f 161/228/160 174/246/174 160/229/161
f 162/247/162 175/248/175 161/228/160
f 162/231/162 177/249/176 176/250/177
f 163/233/164 178/251/178 177/249/176
f 165/252/165 178/251/178 164/232/163
f 166/236/166 179/253/179 165/235/165
f 167/237/167 180/254/180 166/236/166
f 154/221/154 181/255/181 167/237/167
f 168/239/168 183/256/170 182/257/168
f 170/240/169 183/258/170 169/241/170
f 170/240/169 185/259/171 184/260/169
f 171/242/171 186/261/172 185/259/171
f 172/244/172 187/262/173 186/261/172
f 174/246/174 187/263/173 173/245/173
f 174/246/174 189/264/175 188/265/174
f 176/266/177 189/264/175 175/248/175
f 176/250/177 191/267/176 190/268/177
f 178/251/178 191/267/176 177/249/176
f 178/251/178 193/269/179 192/270/178
f 180/254/180 193/271/179 179/253/179
f 180/254/180 195/272/181 194/273/180
f 168/239/168 195/272/181 181/255/181
f 182/274/182 183/275/182 196/276/182
f 183/275/182 184/277/182 196/276/182
f 184/277/182 185/278/182 196/276/182
f 185/278/182 186/279/182 196/276/182
f 186/279/182 187/280/182 196/276/182
f 187/280/182 188/281/182 196/276/182
f 188/281/182 189/282/182 196/276/182
f 189/282/182 190/283/182 196/276/182
f 190/283/182 191/284/182 196/276/182
f 191/284/182 192/285/182 196/276/182
f 192/285/182 193/286/182 196/276/182
f 193/286/182 194/287/182 196/276/182
f 194/287/182 195/288/182 196/276/182
f 195/288/182 182/274/182 196/276/182
f 197/289/97 199/290/97 198/291/97
f 197/289/97 200/292/97 199/290/97
f 197/289/97 201/293/97 200/292/97
f 197/289/97 202/294/97 201/293/97
f 197/289/97 203/295/97 202/294/97
f 197/289/97 204/296/97 203/295/97
f 197/289/97 205/297/97 204/296/97
f 197/289/97 206/298/97 205/297/97
f 197/289/97 207/299/97 206/298/97
f 197/289/97 208/300/97 207/299/97
f 197/289/97 209/301/97 208/300/97
f 197/289/97 210/302/97 209/301/97
f 197/289/97 211/303/97 210/302/97
f 197/289/97 198/291/97 211/303/97
f 199/304/98 212/305/99 198/306/100
f 200/307/101 213/308/102 199/309/98
f 201/310/103 214/311/104 200/307/101
f 202/312/105 215/313/106 201/310/103
f 203/314/110 216/315/108 202/312/105
f 203/316/110 218/317/112 217/318/107
f 205/319/111 218/317/112 204/320/109
f 206/321/113 219/322/114 205/319/111
f 207/323/115 220/324/116 206/325/113
f 208/326/117 221/327/118 207/323/115
f 209/328/119 222/329/120 208/326/117
f 209/330/119 224/331/121 223/332/122
f 211/333/123 224/331/121 210/334/124
f 198/306/100 225/335/125 211/333/123
f 213/336/102 226/337/126 212/305/99
f 214/311/104 227/338/128 213/308/102
f 215/313/106 228/339/127 214/311/104
f 216/315/108 229/340/129 215/313/106
f 217/341/107 230/342/130 216/315/108
f 218/317/112 231/343/131 217/318/107
f 219/322/114 232/344/132 218/317/112
f 220/345/116 233/346/133 219/322/114
f 221/327/118 234/347/134 220/324/116
f 222/329/120 235/348/135 221/327/118
f 223/349/122 236/350/136 222/329/120
f 224/331/121 237/351/137 223/332/122
f 225/335/125 238/352/138 224/331/121
f 212/305/99 239/353/139 225/335/125
f 227/354/128 240/355/140 226/337/126
f 228/339/127 241/356/141 227/338/128
f 229/340/129 242/357/142 228/339/127
f 230/342/130 243/358/143 229/340/129
f 231/359/131 244/360/144 230/342/130
f 231/343/131 246/361/145 245/362/146
f 233/346/133 246/361/145 232/344/132
f 234/363/134 247/364/147 233/346/133
f 235/348/135 248/365/148 234/347/134
f 235/348/135 250/366/150 249/367/149
f 237/368/137 250/366/150 236/350/136
f 237/351/137 252/369/152 251/370/151
f 239/353/139 252/369/152 238/352/138
f 226/337/126 253/371/153 239/353/139
f 241/372/141 254/373/154 240/355/140
f 242/357/142 255/374/155 241/356/141
f 242/357/142 257/375/156 256/376/157
f 244/360/144 257/375/156 243/358/143
f 245/377/146 258/378/158 244/360/144
f 246/361/145 259/379/159 245/362/146
f 246/361/145 261/380/160 260/381/161
f 248/382/148 261/380/160 247/364/147
f 249/367/149 262/383/162 248/365/148
f 249/367/149 264/384/163 263/385/164
f 251/386/151 264/384/163 250/366/150
f 252/369/152 265/387/165 251/370/151
f 253/371/153 266/388/166 252/369/152
f 253/371/153 254/373/154 267/389/167
f 255/390/155 268/391/168 254/373/154
f 255/374/155 270/392/169 269/393/170
f 256/376/157 271/394/171 270/392/169
f 258/378/158 271/394/171 257/375/156
f 259/395/159 272/396/172 258/378/158
f 260/381/161 273/397/173 259/379/159
f 261/380/160 274/398/174 260/381/161
f 262/399/162 275/400/175 261/380/160
f 263/385/164 276/401/177 262/383/162
f 263/385/164 278/402/178 277/403/176
f 265/404/165 278/402/178 264/384/163
f 266/388/166 279/405/179 265/387/165
f 267/389/167 280/406/180 266/388/166
f 254/373/154 281/407/181 267/389/167
f 269/408/170 282/409/168 268/391/168
f 269/393/170 284/410/169 283/411/170
f 271/394/171 284/410/169 270/392/169
f 271/394/171 286/412/172 285/413/171
f 272/396/172 287/414/173 286/412/172
f 273/397/173 288/415/174 287/416/173
f 275/400/175 288/415/174 274/398/174
f 276/417/177 289/418/175 275/400/175
f 277/403/176 290/419/177 276/401/177
f 278/402/178 291/420/176 277/403/176
f 278/402/178 293/421/179 292/422/178
f 279/405/179 294/423/180 293/424/179
f 281/407/181 294/423/180 280/406/180
f 281/407/181 282/409/168 295/425/181
f 282/426/182 283/427/182 296/428/182
f 283/427/182 284/429/182 296/428/182
f 284/429/182 285/430/182 296/428/182
f 285/430/182 286/431/182 296/428/182
f 286/431/182 287/432/182 296/428/182
f 287/432/182 288/433/182 296/428/182
f 288/433/182 289/434/182 296/428/182
f 289/434/182 290/435/182 296/428/182
f 290/435/182 291/436/182 296/428/182
f 291/436/182 292/437/182 296/428/182
f 292/437/182 293/438/182 296/428/182
f 293/438/182 294/439/182 296/428/182
f 294/439/182 295/440/182 296/428/182
f 295/440/182 282/426/182 296/428/182
f 297/441/97 299/442/97 298/443/97
f 297/441/97 300/444/97 299/442/97
f 297/441/97 301/445/97 300/444/97
f 297/441/97 302/446/97 301/445/97
f 297/441/97 303/447/97 302/446/97
f 297/441/97 304/448/97 303/447/97
f 297/441/97 305/449/97 304/448/97
f 297/441/97 306/450/97 305/449/97
f 297/441/97 307/451/97 306/450/97
f 297/441/97 308/452/97 307/451/97
f 297/441/97 309/453/97 308/452/97
f 297/441/97 310/454/97 309/453/97
f 297/441/97 311/455/97 310/454/97
f 297/441/97 298/443/97 311/455/97
f 299/456/98 312/457/99 298/458/100
f 300/459/101 313/460/102 299/461/98
f 301/462/103 314/463/104 300/459/101
f 302/464/105 315/465/106 301/462/103
f 303/466/110 316/467/108 302/464/105
f 304/468/109 317/469/107 303/470/110
f 305/471/111 318/472/112 304/468/109
f 306/473/113 319/474/114 305/471/111
f 307/475/115 320/476/116 306/477/113
f 308/478/117 321/479/118 307/475/115
f 309/480/119 322/481/120 308/478/117
f 310/482/124 323/483/122 309/484/119
f 310/482/124 325/485/125 324/486/121
f 298/458/100 325/485/125 311/487/123
f 313/488/102 326/489/126 312/457/99
f 314/463/104 327/490/128 313/460/102
f 315/465/106 328/491/127 314/463/104
f 316/467/108 329/492/129 315/465/106
f 317/493/107 330/494/130 316/467/108
f 318/472/112 331/495/131 317/469/107
f 319/474/114 332/496/132 318/472/112
f 320/497/116 333/498/133 319/474/114
f 321/479/118 334/499/134 320/476/116
f 322/481/120 335/500/135 321/479/118
f 323/501/122 336/502/136 322/481/120
f 324/486/121 337/503/137 323/483/122
f 325/485/125 338/504/138 324/486/121
f 312/457/99 339/505/139 325/485/125
f 327/506/128 340/507/140 326/489/126
f 328/491/127 341/508/141 327/490/128
f 329/492/129 342/509/142 328/491/127
f 329/492/129 344/510/144 343/511/143
f 330/494/130 345/512/146 344/510/144
f 331/495/131 346/513/145 345/514/146
f 333/498/133 346/513/145 332/496/132
f 334/515/134 347/516/147 333/498/133
f 335/500/135 348/517/148 334/499/134
f 336/502/136 349/518/149 335/500/135
f 337/519/137 350/520/150 336/502/136
f 338/504/138 351/521/151 337/503/137
f 339/505/139 352/522/152 338/504/138
f 326/489/126 353/523/153 339/505/139
f 340/507/140 355/524/155 354/525/154
f 342/509/142 355/526/155 341/508/141
f 342/509/142 357/527/156 356/528/157
f 344/510/144 357/527/156 343/511/143
f 345/512/146 358/529/158 344/510/144
f 345/514/146 360/530/161 359/531/159
f 347/516/147 360/530/161 346/513/145
f 348/532/148 361/533/160 347/516/147
f 349/518/149 362/534/162 348/517/148
f 350/520/150 363/535/164 349/518/149
f 351/536/151 364/537/163 350/520/150
f 351/521/151 366/538/166 365/539/165
f 353/523/153 366/538/166 352/522/152
f 340/507/140 367/540/167 353/523/153
f 355/524/155 368/541/168 354/525/154
f 355/526/155 370/542/169 369/543/170
f 356/528/157 371/544/171 370/542/169
f 358/529/158 371/544/171 357/527/156
f 359/545/159 372/546/172 358/529/158
f 360/530/161 373/547/173 359/531/159
f 361/533/160 374/548/174 360/530/161
f 362/549/162 375/550/175 361/533/160
f 363/535/164 376/551/177 362/534/162
f 363/535/164 378/552/178 377/553/176
f 365/554/165 378/552/178 364/537/163
f 366/538/166 379/555/179 365/539/165
f 367/540/167 380/556/180 366/538/166
f 354/525/154 381/557/181 367/540/167
f 369/558/170 382/559/168 368/541/168
f 370/542/169 383/560/170 369/543/170
f 371/544/171 384/561/169 370/542/169
f 371/544/171 386/562/172 385/563/171
f 372/546/172 387/564/173 386/562/172
f 374/548/174 387/565/173 373/547/173
f 374/548/174 389/566/175 388/567/174
f 376/568/177 389/566/175 375/550/175
f 376/551/177 391/569/176 390/570/177
f 378/552/178 391/569/176 377/553/176
f 378/552/178 393/571/179 392/572/178
f 379/555/179 394/573/180 393/574/179
f 380/556/180 395/575/181 394/573/180
f 368/541/168 395/575/181 381/557/181
f 382/576/182 383/577/182 396/578/182
f 383/577/182 384/579/182 396/578/182
f 384/579/182 385/580/182 396/578/182
f 385/580/182 386/581/182 396/578/182
f 386/581/182 387/582/182 396/578/182
f 387/582/182 388/583/182 396/578/182
f 388/583/182 389/584/182 396/578/182
f 389/584/182 390/585/182 396/578/182
f 390/585/182 391/586/182 396/578/182
f 391/586/182 392/587/182 396/578/182
f 392/587/182 393/588/182 396/578/182
f 393/588/182 394/589/182 396/578/182
f 394/589/182 395/590/182 396/578/182
f 395/590/182 382/576/182 396/578/182
f 397/591/97 399/592/97 398/593/97
f 397/591/97 400/594/97 399/592/97
f 397/591/97 401/595/97 400/594/97
f 397/591/97 402/596/97 401/595/97
f 397/591/97 403/597/97 402/596/97
f 397/591/97 404/598/97 403/597/97
f 397/591/97 405/599/97 404/598/97
f 397/591/97 406/600/97 405/599/97
f 397/591/97 407/601/97 406/600/97
f 397/591/97 408/602/97 407/601/97
f 397/591/97 409/603/97 408/602/97
f 397/591/97 410/604/97 409/603/97
f 397/591/97 411/605/97 410/604/97
f 397/591/97 398/593/97 411/605/97
f 399/606/98 412/607/99 398/608/100
f 400/609/101 413/610/102 399/611/98
f 401/612/103 414/613/104 400/609/101
f 402/614/105 415/615/106 401/612/103
f 402/614/105 417/616/107 416/617/108
f 404/618/109 417/619/107 403/620/110
f 405/621/111 418/622/112 404/618/109
f 406/623/113 419/624/114 405/621/111
f 407/625/115 420/626/116 406/627/113
f 408/628/117 421/629/118 407/625/115
f 409/630/119 422/631/120 408/628/117
f 409/632/119 424/633/121 423/634/122
f 411/635/123 424/633/121 410/636/124
f 398/608/100 425/637/125 411/635/123
f 413/638/102 426/639/126 412/607/99
f 413/610/102 428/640/127 427/641/128
f 415/615/106 428/640/127 414/613/104
f 416/617/108 429/642/129 415/615/106
f 417/616/107 430/643/130 416/617/108
f 418/622/112 431/644/131 417/619/107
f 419/624/114 432/645/132 418/622/112
f 420/646/116 433/647/133 419/624/114
f 420/626/116 435/648/135 434/649/134
f 422/631/120 435/648/135 421/629/118
f 423/650/122 436/651/136 422/631/120
f 424/633/121 437/652/137 423/634/122
f 425/637/125 438/653/138 424/633/121
f 412/607/99 439/654/139 425/637/125
f 426/639/126 441/655/141 440/656/140
f 427/641/128 442/657/142 441/658/141
f 429/642/129 442/657/142 428/640/127
f 429/642/129 444/659/144 443/660/143
f 431/661/131 444/659/144 430/643/130
f 432/645/132 445/662/146 431/644/131
f 433/647/133 446/663/145 432/645/132
f 434/664/134 447/665/147 433/647/133
f 435/648/135 448/666/148 434/649/134
f 436/651/136 449/667/149 435/648/135
f 437/668/137 450/669/150 436/651/136
f 438/653/138 451/670/151 437/652/137
f 438/653/138 453/671/153 452/672/152
f 426/639/126 453/671/153 439/654/139
f 441/655/141 454/673/154 440/656/140
f 442/657/142 455/674/155 441/658/141
f 442/657/142 457/675/156 456/676/157
f 444/659/144 457/675/156 443/660/143
f 445/677/146 458/678/158 444/659/144
f 445/662/146 460/679/161 459/680/159
f 447/665/147 460/679/161 446/663/145
f 447/665/147 462/681/162 461/682/160
f 448/666/148 463/683/164 462/684/162
f 450/669/150 463/683/164 449/667/149
f 451/685/151 464/686/163 450/669/150
f 452/672/152 465/687/165 451/670/151
f 453/671/153 466/688/166 452/672/152
f 440/656/140 467/689/167 453/671/153
f 455/690/155 468/691/168 454/673/154
f 455/674/155 470/692/169 469/693/170
f 456/676/157 471/694/171 470/692/169
f 458/678/158 471/694/171 457/675/156
f 459/695/159 472/696/172 458/678/158
f 460/679/161 473/697/173 459/680/159
f 461/682/160 474/698/174 460/679/161
f 462/681/162 475/699/175 461/682/160
f 462/684/162 477/700/176 476/701/177
f 464/686/163 477/700/176 463/683/164
f 465/702/165 478/703/178 464/686/163
f 466/688/166 479/704/179 465/687/165
f 467/689/167 480/705/180 466/688/166
f 454/673/154 481/706/181 467/689/167
f 469/707/170 482/708/168 468/691/168
f 469/693/170 484/709/169 483/710/170
f 471/694/171 484/709/169 470/692/169
f 471/694/171 486/711/172 485/712/171
f 472/696/172 487/713/173 486/711/172
f 473/697/173 488/714/174 487/715/173
f 475/699/175 488/714/174 474/698/174
f 475/699/175 490/716/177 489/717/175
f 477/700/176 490/718/177 476/701/177
f 478/703/178 491/719/176 477/700/176
f 478/703/178 493/720/179 492/721/178
f 479/704/179 494/722/180 493/723/179
f 481/706/181 494/722/180 480/705/180
f 481/706/181 482/708/168 495/724/181
f 482/725/182 483/726/182 496/727/182
f 483/726/182 484/728/182 496/727/182
f 484/728/182 485/729/182 496/727/182
f 485/729/182 486/730/182 496/727/182
f 486/730/182 487/731/182 496/727/182
f 487/731/182 488/732/182 496/727/182
f 488/732/182 489/733/182 496/727/182
f 489/733/182 490/734/182 496/727/182
f 490/734/182 491/735/182 496/727/182
f 491/735/182 492/736/182 496/727/182
f 492/736/182 493/737/182 496/727/182
f 493/737/182 494/738/182 496/727/182
f 494/738/182 495/739/182 496/727/182
f 495/739/182 482/725/182 496/727/182
f 497/740/97 499/741/97 498/742/97
f 497/740/97 500/743/97 499/741/97
f 497/740/97 501/744/97 500/743/97
f 497/740/97 502/745/97 501/744/97
f 497/740/97 503/746/97 502/745/97
f 497/740/97 504/747/97 503/746/97
f 497/740/97 505/748/97 504/747/97
f 497/740/97 506/749/97 505/748/97
f 497/740/97 507/750/97 506/749/97
f 497/740/97 508/751/97 507/750/97
f 497/740/97 509/752/97 508/751/97
f 497/740/97 510/753/97 509/752/97
f 497/740/97 511/754/97 510/753/97
f 497/740/97 498/742/97 511/754/97
f 499/755/183 512/756/184 498/757/185
f 499/758/183 514/759/186 513/760/187
f 500/761/188 515/762/189 514/759/186
f 502/763/190 515/762/189 501/764/191
f 502/763/190 517/765/192 516/766/193
f 503/767/194 518/768/195 517/769/192
f 505/770/196 518/768/195 504/771/197
f 506/772/198 519/773/199 505/770/196
f 506/774/198 521/775/200 520/776/201
f 508/777/202 521/775/200 507/778/203
f 509/779/204 522/780/205 508/777/202
f 510/781/206 523/782/207 509/783/204
f 511/784/208 524/785/209 510/781/206
f 511/784/208 512/756/184 525/786/210
f 512/756/184 527/787/211 526/788/212
f 514/759/186 527/789/211 513/760/187
f 515/762/189 528/790/213 514/759/186
f 516/766/193 529/791/214 515/762/189
f 516/766/193 531/792/215 530/793/216
f 518/768/195 531/794/215 517/769/192
f 518/768/195 533/795/217 532/796/218
f 520/797/201 533/795/217 519/773/199
f 521/775/200 534/798/219 520/776/201
f 522/780/205 535/799/220 521/775/200
f 523/800/207 536/801/221 522/780/205
f 523/782/207 538/802/222 537/803/223
f 525/786/210 538/802/222 524/785/209
f 512/756/184 539/804/224 525/786/210
f 527/787/211 540/805/225 526/788/212
f 528/790/213 541/806/226 527/789/211
f 528/790/213 543/807/227 542/808/228
f 530/793/216 543/807/227 529/791/214
f 531/792/215 544/809/229 530/793/216
f 531/794/215 546/810/230 545/811/231
f 533/795/217 546/810/230 532/796/218
f 534/812/219 547/813/232 533/795/217
f 535/799/220 548/814/233 534/798/219
f 536/801/221 549/815/234 535/799/220
f 537/816/223 550/817/235 536/801/221
f 538/802/222 551/818/236 537/803/223
f 539/804/224 552/819/237 538/802/222
f 526/788/212 553/820/238 539/804/224
f 540/821/239 541/822/240 554/823/182
f 541/822/240 542/824/241 554/823/182
f 542/824/241 543/825/242 554/823/182
f 543/825/242 544/826/243 554/823/182
f 544/826/243 545/827/244 554/823/182
f 545/827/244 546/828/245 554/823/182
f 546/828/245 547/829/246 554/823/182
f 547/829/246 548/830/247 554/823/182
f 548/830/247 549/831/248 554/823/182
f 549/831/248 550/832/249 554/823/182
f 550/832/249 551/833/250 554/823/182
f 551/833/250 552/834/251 554/823/182
f 552/834/251 553/835/252 554/823/182
f 553/835/252 540/821/239 554/823/182
f 555/836/97 557/837/97 556/838/97
f 555/836/97 558/839/97 557/837/97
f 555/836/97 559/840/97 558/839/97
f 555/836/97 560/841/97 559/840/97
f 555/836/97 561/842/97 560/841/97
f 555/836/97 562/843/97 561/842/97
f 555/836/97 563/844/97 562/843/97
f 555/836/97 564/845/97 563/844/97
f 555/836/97 565/846/97 564/845/97
f 555/836/97 566/847/97 565/846/97
f 555/836/97 567/848/97 566/847/97
f 555/836/97 568/849/97 567/848/97
f 555/836/97 569/850/97 568/849/97
f 555/836/97 556/838/97 569/850/97
f 557/851/183 570/852/184 556/853/185
f 558/854/188 571/855/187 557/856/183
f 559/857/191 572/858/186 558/854/188
f 560/859/190 573/860/189 559/857/191
f 561/861/194 574/862/193 560/859/190
f 562/863/197 575/864/192 561/865/194
f 562/863/197 577/866/199 576/867/195
f 563/868/196 578/869/201 577/866/199
f 565/870/203 578/871/201 564/872/198
f 566/873/202 579/874/200 565/870/203
f 567/875/204 580/876/205 566/873/202
f 568/877/206 581/878/207 567/879/204
f 569/880/208 582/881/209 568/877/206
f 556/853/185 583/882/210 569/880/208
f 571/883/187 584/884/212 570/852/184
f 572/858/186 585/885/211 571/855/187
f 573/860/189 586/886/213 572/858/186
f 574/862/193 587/887/214 573/860/189
f 574/862/193 589/888/215 588/889/216
f 575/864/192 590/890/218 589/891/215
f 577/866/199 590/890/218 576/867/195
f 577/866/199 592/892/219 591/893/217
f 579/874/200 592/894/219 578/871/201
f 580/876/205 593/895/220 579/874/200
f 581/896/207 594/897/221 580/876/205
f 581/878/207 596/898/222 595/899/223
f 583/882/210 596/898/222 582/881/209
f 583/882/210 584/884/212 597/900/224
f 585/901/211 598/902/225 584/884/212
f 586/886/213 599/903/226 585/885/211
f 587/887/214 600/904/228 586/886/213
f 588/889/216 601/905/253 587/887/214
f 589/888/215 602/906/229 588/889/216
f 589/891/215 604/907/230 603/908/231
f 591/893/217 604/907/230 590/890/218
f 592/892/219 605/909/232 591/893/217
f 592/894/219 607/910/234 606/911/254
f 594/897/221 607/910/234 593/895/220
f 595/912/223 608/913/235 594/897/221
f 595/899/223 610/914/237 609/915/236
f 596/898/222 611/916/238 610/914/237
f 584/884/212 611/916/238 597/900/224
f 598/917/239 599/918/240 612/919/182
f 599/918/240 600/920/241 612/919/182
f 600/920/241 601/921/242 612/919/182
f 601/921/242 602/922/243 612/919/182
f 602/922/243 603/923/244 612/919/182
f 603/923/244 604/924/245 612/919/182
f 604/924/245 605/925/246 612/919/182
f 605/925/246 606/926/247 612/919/182
f 606/926/247 607/927/248 612/919/182
f 607/927/248 608/928/249 612/919/182
f 608/928/249 609/929/250 612/919/182
f 609/929/250 610/930/251 612/919/182
f 610/930/251 611/931/252 612/919/182
f 611/931/252 598/917/239 612/919/182
f 614/932/255 623/933/255 613/934/255
f 615/935/256 624/936/256 614/937/256
f 616/938/257 625/939/257 615/935/257
f 617/940/258 626/941/258 616/942/258
f 618/943/259 627/944/259 617/940/259
f 619/945/260 628/946/260 618/947/260
f 620/948/261 629/949/261 619/945/261
f 621/950/262 630/951/262 620/948/262
f 622/952/263 631/953/263 621/954/263
f 613/934/264 632/955/264 622/952/264
f 619/956/97 615/957/97 613/958/97
f 626/959/182 630/960/182 632/961/182
f 634/962/255 643/963/255 633/964/255
f 635/965/256 644/966/256 634/967/256
f 636/968/257 645/969/257 635/965/257
f 637/970/258 646/971/258 636/972/258
f 638/973/259 647/974/259 637/970/259
f 639/975/260 648/976/260 638/977/260
f 640/978/261 649/979/261 639/975/261
f 641/980/262 650/981/262 640/978/262
f 642/982/263 651/983/263 641/984/263
f 633/964/264 652/985/264 642/982/264
f 639/986/97 635/987/97 633/988/97
f 646/989/182 650/990/182 652/991/182
f 654/992/255 663/993/255 653/994/255
f 655/995/256 664/996/256 654/997/256
f 656/998/257 665/999/257 655/995/257
f 657/1000/258 666/1001/258 656/1002/258
f 658/1003/259 667/1004/259 657/1000/259
f 659/1005/260 668/1006/260 658/1007/260
f 660/1008/261 669/1009/261 659/1005/261
f 661/1010/262 670/1011/262 660/1008/262
f 662/1012/263 671/1013/263 661/1014/263
f 653/994/264 672/1015/264 662/1012/264
f 659/1016/97 655/1017/97 653/1018/97
f 666/1019/182 670/1020/182 672/1021/182
f 673/1022/265 674/1023/265 675/1024/265
f 676/1025/266 677/1026/266 678/1027/266
f 707/1028/267 708/1029/267 709/1030/267
f 710/1031/268 711/1032/268 712/1033/268
f 713/1034/269 714/1035/270 715/1036/271
f 716/1037/272 717/1038/273 718/1039/274
f 719/1040/275 720/1041/275 721/1042/275
f 722/1043/276 723/1044/276 724/1045/276
f 674/1023/277 676/1046/277 678/1047/277
f 680/1048/278 675/1024/279 674/1023/280
f 682/1049/281 677/1026/282 681/1050/283
f 684/1051/284 679/1052/285 680/1048/278
f 686/1053/286 681/1050/283 685/1054/286
f 688/1055/287 683/1056/284 684/1051/284
f 690/1057/288 685/1054/286 689/1058/288
f 692/1059/289 687/1060/287 688/1055/287
f 694/1061/290 689/1058/288 693/1062/290
f 692/1059/289 695/1063/291 691/1064/289
f 694/1061/290 697/1065/292 698/1066/292
f 696/1067/291 699/1068/293 695/1063/291
f 698/1066/292 701/1069/294 702/1070/294
f 700/1071/293 703/1072/295 699/1068/293
f 702/1070/294 705/1073/296 706/1074/297
f 704/1075/298 707/1028/299 703/1072/295
f 711/1076/300 709/1030/300 708/1029/300
f 706/1074/297 712/1033/301 711/1032/302
f 714/1077/270 707/1078/303 709/1079/303
f 717/1080/273 715/1081/271 714/1077/270
f 717/1080/273 712/1082/304 718/1083/274
f 715/1036/271 719/1040/305 713/1034/269
f 723/1044/306 721/1084/306 720/1085/306
f 716/1037/272 724/1045/307 723/1044/307
f 721/1086/308 675/1087/308 719/1088/308
f 722/1089/309 677/1090/309 676/1091/309
f 722/1089/97 673/1092/97 721/1086/97
f 678/1093/310 680/1094/311 674/1095/310
f 691/1096/312 695/1097/312 713/1034/312
f 724/1098/313 697/1065/313 693/1062/313
f 682/1099/311 684/1100/314 680/1094/311
f 686/1101/314 688/1055/315 684/1051/314
f 690/1102/315 692/1059/262 688/1055/315
f 694/1103/262 696/1067/316 692/1059/262
f 698/1104/316 700/1071/317 696/1067/316
f 702/1105/317 704/1106/318 700/1107/317
f 706/1108/318 708/1109/319 704/1106/318
f 710/1110/182 714/1077/182 709/1079/182
f 716/1037/320 720/1085/320 715/1111/320
f 726/1112/321 735/1113/321 725/1114/321
f 727/1115/322 736/1116/322 726/1117/322
f 728/1118/257 737/1119/257 727/1115/257
f 729/1120/323 738/1121/323 728/1118/323
f 730/1122/324 739/1123/324 729/1124/324
f 731/1125/325 740/1126/325 730/1122/325
f 732/1127/326 741/1128/326 731/1129/326
f 733/1130/262 742/1131/262 732/1127/262
f 734/1132/327 743/1133/327 733/1130/327
f 725/1114/328 744/1134/328 734/1135/328
f 731/1136/312 727/1137/312 725/1138/312
f 738/1139/313 742/1140/313 744/1141/313
f 746/1142/321 755/1143/321 745/1144/321
f 747/1145/322 756/1146/322 746/1147/322
f 748/1148/257 757/1149/257 747/1145/257
f 749/1150/323 758/1151/323 748/1148/323
f 750/1152/324 759/1153/324 749/1154/324
f 751/1155/325 760/1156/325 750/1152/325
f 752/1157/326 761/1158/326 751/1159/326
f 753/1160/262 762/1161/262 752/1157/262
f 754/1162/327 763/1163/327 753/1160/327
f 745/1144/328 764/1164/328 754/1165/328
f 751/1166/312 747/1167/312 745/1168/312
f 758/1169/313 762/1170/313 764/1171/313
f 766/1172/329 775/1173/329 765/1174/329
f 767/1175/330 776/1176/330 766/1177/330
f 768/1178/182 777/1179/182 767/1175/182
f 769/1180/331 778/1181/331 768/1178/331
f 770/1182/332 779/1183/332 769/1184/332
f 771/1185/333 780/1186/333 770/1182/333
f 772/1187/334 781/1188/334 771/1189/334
f 773/1190/97 782/1191/97 772/1187/97
f 774/1192/335 783/1193/335 773/1190/335
f 765/1174/336 784/1194/336 774/1195/336
f 771/1196/257 767/1197/257 765/1198/257
f 778/1199/262 782/1200/262 784/1201/262
f 786/1202/329 795/1203/329 785/1204/329
f 787/1205/330 796/1206/330 786/1207/330
f 788/1208/182 797/1209/182 787/1205/182
f 789/1210/331 798/1211/331 788/1208/331
f 790/1212/332 799/1213/332 789/1214/332
f 791/1215/333 800/1216/333 790/1212/333
f 792/1217/334 801/1218/334 791/1219/334
f 793/1220/97 802/1221/97 792/1217/97
f 794/1222/335 803/1223/335 793/1220/335
f 785/1204/336 804/1224/336 794/1225/336
f 791/1226/257 787/1227/257 785/1228/257
f 798/1229/262 802/1230/262 804/1231/262
f 4/1/1 6/5/5 5/2/2
f 8/4/4 9/1232/9 6/5/5
f 7/6/6 9/10/9 8/7/4
f 7/6/6 11/12/11 12/9/8
f 10/11/10 12/9/8 11/12/11
f 5/2/2 6/5/5 12/14/8
f 16/17/13 18/30/17 17/18/14
f 16/20/13 20/24/19 21/21/16
f 19/23/18 21/21/16 20/24/19
f 19/23/18 23/130/23 24/26/21
f 22/27/22 24/31/21 23/28/23
f 22/27/22 17/18/14 18/30/17
f 28/33/25 30/1233/29 29/34/26
f 28/36/25 32/40/31 33/37/28
f 31/39/30 33/37/28 32/40/31
f 35/42/33 36/48/36 33/37/28
f 34/43/34 36/1234/36 35/44/33
f 29/34/26 30/1233/29 36/46/36
f 40/49/37 42/53/41 41/50/38
f 44/52/40 45/1235/45 42/53/41
f 43/54/42 45/1236/45 44/55/40
f 43/57/42 47/61/47 48/58/44
f 46/60/46 48/58/44 47/61/47
f 41/63/38 42/64/41 48/58/44
f 52/65/49 54/79/53 53/66/50
f 52/68/49 56/72/55 57/69/52
f 55/71/54 57/69/52 56/72/55
f 59/74/57 60/81/60 57/69/52
f 58/75/58 60/1237/60 59/76/57
f 58/78/58 53/66/50 54/79/53
f 64/82/61 66/86/65 65/83/62
f 68/85/64 69/1238/69 66/86/65
f 67/87/66 69/1239/69 68/88/64
f 67/90/66 71/94/71 72/91/68
f 70/93/70 72/91/68 71/94/71
f 65/96/62 66/97/65 72/91/68
f 76/98/73 78/1240/77 77/99/74
f 80/101/76 81/107/81 78/102/77
f 79/104/78 81/107/81 80/101/76
f 79/104/78 83/134/83 84/106/80
f 82/108/82 84/1241/80 83/109/83
f 77/99/74 78/1240/77 84/111/80
f 88/113/85 90/117/89 89/114/86
f 88/113/85 92/136/91 93/116/88
f 91/118/90 93/1242/88 92/119/91
f 95/121/93 96/127/96 93/122/88
f 94/124/94 96/127/96 95/121/93
f 94/124/94 89/1243/86 90/126/89
f 1/3/3 5/2/2 28/33/25
f 5/2/2 10/15/10 32/128/31
f 10/129/10 3/137/12 26/41/32
f 13/19/15 17/18/14 7/6/6
f 17/18/14 22/27/22 11/12/11
f 11/12/11 22/27/22 15/29/24
f 37/51/39 41/50/38 19/23/18
f 41/50/38 46/1244/46 23/130/23
f 46/60/46 39/62/48 15/131/24
f 38/56/43 27/45/35 35/44/33
f 35/42/33 31/39/30 47/61/47
f 31/39/30 26/41/32 39/62/48
f 25/35/27 29/34/26 76/98/73
f 29/34/26 34/47/34 80/133/76
f 34/43/34 27/45/35 74/105/79
f 85/115/87 89/114/86 40/49/37
f 89/114/86 94/1245/94 44/52/40
f 94/124/94 87/125/95 38/56/43
f 86/120/92 75/110/84 83/109/83
f 83/134/83 79/104/78 95/121/93
f 79/104/78 74/105/79 87/125/95
f 73/100/75 77/99/74 52/65/49
f 77/99/74 82/112/82 56/135/55
f 82/108/82 75/110/84 50/73/56
f 61/84/63 65/83/62 88/113/85
f 65/83/62 70/1246/70 92/136/91
f 70/93/70 63/95/72 86/120/92
f 62/89/67 51/77/59 59/76/57
f 59/74/57 55/71/54 71/94/71
f 55/71/54 50/73/56 63/95/72
f 49/67/51 53/66/50 4/1/1
f 53/66/50 58/78/58 8/4/4
f 58/75/58 51/77/59 2/8/7
f 14/25/20 20/24/19 64/82/61
f 20/24/19 16/20/13 68/85/64
f 16/17/13 13/19/15 62/89/67
f 73/100/75 49/67/51 1/3/3
f 15/131/24 39/62/48 26/41/32
f 62/89/67 13/19/15 2/8/7
f 37/51/39 14/25/20 61/84/63
f 38/56/43 87/125/95 74/105/79
f 86/120/92 63/95/72 50/73/56
f 99/153/98 113/185/102 112/154/99
f 100/156/101 114/160/104 113/157/102
f 101/159/103 115/162/106 114/160/104
f 102/161/105 116/164/108 115/162/106
f 102/161/105 103/1247/110 117/163/107
f 104/165/109 118/169/112 117/166/107
f 105/168/111 119/171/114 118/169/112
f 106/170/113 120/193/116 119/171/114
f 107/172/115 121/176/118 120/173/116
f 108/175/117 122/178/120 121/176/118
f 109/177/119 123/197/122 122/178/120
f 109/179/119 110/183/124 124/180/121
f 111/182/123 125/184/125 124/180/121
f 98/155/100 112/154/99 125/184/125
f 113/185/102 127/202/128 126/186/126
f 113/157/102 114/160/104 128/187/127
f 115/162/106 129/189/129 128/187/127
f 116/164/108 130/190/130 129/189/129
f 117/163/107 131/207/131 130/190/130
f 118/169/112 132/192/132 131/191/131
f 119/171/114 133/194/133 132/192/132
f 120/193/116 134/211/134 133/194/133
f 121/176/118 135/196/135 134/195/134
f 122/178/120 136/198/136 135/196/135
f 123/197/122 137/215/137 136/198/136
f 124/180/121 138/200/138 137/199/137
f 125/184/125 139/201/139 138/200/138
f 125/184/125 112/154/99 126/186/126
f 127/202/128 141/220/141 140/203/140
f 128/187/127 142/205/142 141/204/141
f 129/189/129 143/206/143 142/205/142
f 130/190/130 144/208/144 143/206/143
f 131/207/131 145/225/146 144/208/144
f 131/191/131 132/192/132 146/209/145
f 133/194/133 147/212/147 146/209/145
f 134/211/134 148/230/148 147/212/147
f 135/196/135 149/214/149 148/213/148
f 136/198/136 150/216/150 149/214/149
f 137/215/137 151/234/151 150/216/150
f 138/200/138 152/218/152 151/217/151
f 139/201/139 153/219/153 152/218/152
f 126/186/126 140/203/140 153/219/153
f 141/220/141 155/238/155 154/221/154
f 142/205/142 156/224/157 155/222/155
f 142/205/142 143/206/143 157/223/156
f 144/208/144 158/226/158 157/223/156
f 145/225/146 159/243/159 158/226/158
f 146/209/145 160/229/161 159/227/159
f 146/209/145 147/212/147 161/228/160
f 148/230/148 162/247/162 161/228/160
f 149/214/149 163/233/164 162/231/162
f 149/214/149 150/216/150 164/232/163
f 151/234/151 165/252/165 164/232/163
f 152/218/152 166/236/166 165/235/165
f 153/219/153 167/237/167 166/236/166
f 153/219/153 140/203/140 154/221/154
f 155/238/155 169/1248/170 168/239/168
f 155/222/155 156/224/157 170/240/169
f 156/224/157 157/223/156 171/242/171
f 158/226/158 172/244/172 171/242/171
f 159/243/159 173/1249/173 172/244/172
f 160/229/161 174/246/174 173/245/173
f 161/228/160 175/248/175 174/246/174
f 162/247/162 176/266/177 175/248/175
f 162/231/162 163/233/164 177/249/176
f 163/233/164 164/232/163 178/251/178
f 165/252/165 179/1250/179 178/251/178
f 166/236/166 180/254/180 179/253/179
f 167/237/167 181/255/181 180/254/180
f 154/221/154 168/239/168 181/255/181
f 168/239/168 169/1248/170 183/256/170
f 170/240/169 184/260/169 183/258/170
f 170/240/169 171/242/171 185/259/171
f 171/242/171 172/244/172 186/261/172
f 172/244/172 173/1249/173 187/262/173
f 174/246/174 188/265/174 187/263/173
f 174/246/174 175/248/175 189/264/175
f 176/266/177 190/1251/177 189/264/175
f 176/250/177 177/249/176 191/267/176
f 178/251/178 192/270/178 191/267/176
f 178/251/178 179/1250/179 193/269/179
f 180/254/180 194/273/180 193/271/179
f 180/254/180 181/255/181 195/272/181
f 168/239/168 182/257/168 195/272/181
f 199/304/98 213/336/102 212/305/99
f 200/307/101 214/311/104 213/308/102
f 201/310/103 215/313/106 214/311/104
f 202/312/105 216/315/108 215/313/106
f 203/314/110 217/341/107 216/315/108
f 203/316/110 204/320/109 218/317/112
f 205/319/111 219/322/114 218/317/112
f 206/321/113 220/345/116 219/322/114
f 207/323/115 221/327/118 220/324/116
f 208/326/117 222/329/120 221/327/118
f 209/328/119 223/349/122 222/329/120
f 209/330/119 210/334/124 224/331/121
f 211/333/123 225/335/125 224/331/121
f 198/306/100 212/305/99 225/335/125
f 213/336/102 227/354/128 226/337/126
f 214/311/104 228/339/127 227/338/128
f 215/313/106 229/340/129 228/339/127
f 216/315/108 230/342/130 229/340/129
f 217/341/107 231/359/131 230/342/130
f 218/317/112 232/344/132 231/343/131
f 219/322/114 233/346/133 232/344/132
f 220/345/116 234/363/134 233/346/133
f 221/327/118 235/348/135 234/347/134
f 222/329/120 236/350/136 235/348/135
f 223/349/122 237/368/137 236/350/136
f 224/331/121 238/352/138 237/351/137
f 225/335/125 239/353/139 238/352/138
f 212/305/99 226/337/126 239/353/139
f 227/354/128 241/372/141 240/355/140
f 228/339/127 242/357/142 241/356/141
f 229/340/129 243/358/143 242/357/142
f 230/342/130 244/360/144 243/358/143
f 231/359/131 245/377/146 244/360/144
f 231/343/131 232/344/132 246/361/145
f 233/346/133 247/364/147 246/361/145
f 234/363/134 248/382/148 247/364/147
f 235/348/135 249/367/149 248/365/148
f 235/348/135 236/350/136 250/366/150
f 237/368/137 251/386/151 250/366/150
f 237/351/137 238/352/138 252/369/152
f 239/353/139 253/371/153 252/369/152
f 226/337/126 240/355/140 253/371/153
f 241/372/141 255/390/155 254/373/154
f 242/357/142 256/376/157 255/374/155
f 242/357/142 243/358/143 257/375/156
f 244/360/144 258/378/158 257/375/156
f 245/377/146 259/395/159 258/378/158
f 246/361/145 260/381/161 259/379/159
f 246/361/145 247/364/147 261/380/160
f 248/382/148 262/399/162 261/380/160
f 249/367/149 263/385/164 262/383/162
f 249/367/149 250/366/150 264/384/163
f 251/386/151 265/404/165 264/384/163
f 252/369/152 266/388/166 265/387/165
f 253/371/153 267/389/167 266/388/166
f 253/371/153 240/355/140 254/373/154
f 255/390/155 269/408/170 268/391/168
f 255/374/155 256/376/157 270/392/169
f 256/376/157 257/375/156 271/394/171
f 258/378/158 272/396/172 271/394/171
f 259/395/159 273/1252/173 272/396/172
f 260/381/161 274/398/174 273/397/173
f 261/380/160 275/400/175 274/398/174
f 262/399/162 276/417/177 275/400/175
f 263/385/164 277/403/176 276/401/177
f 263/385/164 264/384/163 278/402/178
f 265/404/165 279/1253/179 278/402/178
f 266/388/166 280/406/180 279/405/179
f 267/389/167 281/407/181 280/406/180
f 254/373/154 268/391/168 281/407/181
f 269/408/170 283/1254/170 282/409/168
f 269/393/170 270/392/169 284/410/169
f 271/394/171 285/413/171 284/410/169
f 271/394/171 272/396/172 286/412/172
f 272/396/172 273/1252/173 287/414/173
f 273/397/173 274/398/174 288/415/174
f 275/400/175 289/418/175 288/415/174
f 276/417/177 290/1255/177 289/418/175
f 277/403/176 291/420/176 290/419/177
f 278/402/178 292/422/178 291/420/176
f 278/402/178 279/1253/179 293/421/179
f 279/405/179 280/406/180 294/423/180
f 281/407/181 295/425/181 294/423/180
f 281/407/181 268/391/168 282/409/168
f 299/456/98 313/488/102 312/457/99
f 300/459/101 314/463/104 313/460/102
f 301/462/103 315/465/106 314/463/104
f 302/464/105 316/467/108 315/465/106
f 303/466/110 317/493/107 316/467/108
f 304/468/109 318/472/112 317/469/107
f 305/471/111 319/474/114 318/472/112
f 306/473/113 320/497/116 319/474/114
f 307/475/115 321/479/118 320/476/116
f 308/478/117 322/481/120 321/479/118
f 309/480/119 323/501/122 322/481/120
f 310/482/124 324/486/121 323/483/122
f 310/482/124 311/487/123 325/485/125
f 298/458/100 312/457/99 325/485/125
f 313/488/102 327/506/128 326/489/126
f 314/463/104 328/491/127 327/490/128
f 315/465/106 329/492/129 328/491/127
f 316/467/108 330/494/130 329/492/129
f 317/493/107 331/1256/131 330/494/130
f 318/472/112 332/496/132 331/495/131
f 319/474/114 333/498/133 332/496/132
f 320/497/116 334/515/134 333/498/133
f 321/479/118 335/500/135 334/499/134
f 322/481/120 336/502/136 335/500/135
f 323/501/122 337/519/137 336/502/136
f 324/486/121 338/504/138 337/503/137
f 325/485/125 339/505/139 338/504/138
f 312/457/99 326/489/126 339/505/139
f 327/506/128 341/1257/141 340/507/140
f 328/491/127 342/509/142 341/508/141
f 329/492/129 343/511/143 342/509/142
f 329/492/129 330/494/130 344/510/144
f 330/494/130 331/1256/131 345/512/146
f 331/495/131 332/496/132 346/513/145
f 333/498/133 347/516/147 346/513/145
f 334/515/134 348/532/148 347/516/147
f 335/500/135 349/518/149 348/517/148
f 336/502/136 350/520/150 349/518/149
f 337/519/137 351/536/151 350/520/150
f 338/504/138 352/522/152 351/521/151
f 339/505/139 353/523/153 352/522/152
f 326/489/126 340/507/140 353/523/153
f 340/507/140 341/1257/141 355/524/155
f 342/509/142 356/528/157 355/526/155
f 342/509/142 343/511/143 357/527/156
f 344/510/144 358/529/158 357/527/156
f 345/512/146 359/545/159 358/529/158
f 345/514/146 346/513/145 360/530/161
f 347/516/147 361/533/160 360/530/161
f 348/532/148 362/549/162 361/533/160
f 349/518/149 363/535/164 362/534/162
f 350/520/150 364/537/163 363/535/164
f 351/536/151 365/554/165 364/537/163
f 351/521/151 352/522/152 366/538/166
f 353/523/153 367/540/167 366/538/166
f 340/507/140 354/525/154 367/540/167
f 355/524/155 369/558/170 368/541/168
f 355/526/155 356/528/157 370/542/169
f 356/528/157 357/527/156 371/544/171
f 358/529/158 372/546/172 371/544/171
f 359/545/159 373/1258/173 372/546/172
f 360/530/161 374/548/174 373/547/173
f 361/533/160 375/550/175 374/548/174
f 362/549/162 376/568/177 375/550/175
f 363/535/164 377/553/176 376/551/177
f 363/535/164 364/537/163 378/552/178
f 365/554/165 379/1259/179 378/552/178
f 366/538/166 380/556/180 379/555/179
f 367/540/167 381/557/181 380/556/180
f 354/525/154 368/541/168 381/557/181
f 369/558/170 383/1260/170 382/559/168
f 370/542/169 384/561/169 383/560/170
f 371/544/171 385/563/171 384/561/169
f 371/544/171 372/546/172 386/562/172
f 372/546/172 373/1258/173 387/564/173
f 374/548/174 388/567/174 387/565/173
f 374/548/174 375/550/175 389/566/175
f 376/568/177 390/1261/177 389/566/175
f 376/551/177 377/553/176 391/569/176
f 378/552/178 392/572/178 391/569/176
f 378/552/178 379/1259/179 393/571/179
f 379/555/179 380/556/180 394/573/180
f 380/556/180 381/557/181 395/575/181
f 368/541/168 382/559/168 395/575/181
f 399/606/98 413/638/102 412/607/99
f 400/609/101 414/613/104 413/610/102
f 401/612/103 415/615/106 414/613/104
f 402/614/105 416/617/108 415/615/106
f 402/614/105 403/1262/110 417/616/107
f 404/618/109 418/622/112 417/619/107
f 405/621/111 419/624/114 418/622/112
f 406/623/113 420/646/116 419/624/114
f 407/625/115 421/629/118 420/626/116
f 408/628/117 422/631/120 421/629/118
f 409/630/119 423/650/122 422/631/120
f 409/632/119 410/636/124 424/633/121
f 411/635/123 425/637/125 424/633/121
f 398/608/100 412/607/99 425/637/125
f 413/638/102 427/1263/128 426/639/126
f 413/610/102 414/613/104 428/640/127
f 415/615/106 429/642/129 428/640/127
f 416/617/108 430/643/130 429/642/129
f 417/616/107 431/661/131 430/643/130
f 418/622/112 432/645/132 431/644/131
f 419/624/114 433/647/133 432/645/132
f 420/646/116 434/664/134 433/647/133
f 420/626/116 421/629/118 435/648/135
f 422/631/120 436/651/136 435/648/135
f 423/650/122 437/668/137 436/651/136
f 424/633/121 438/653/138 437/652/137
f 425/637/125 439/654/139 438/653/138
f 412/607/99 426/639/126 439/654/139
f 426/639/126 427/1263/128 441/655/141
f 427/641/128 428/640/127 442/657/142
f 429/642/129 443/660/143 442/657/142
f 429/642/129 430/643/130 444/659/144
f 431/661/131 445/677/146 444/659/144
f 432/645/132 446/663/145 445/662/146
f 433/647/133 447/665/147 446/663/145
f 434/664/134 448/1264/148 447/665/147
f 435/648/135 449/667/149 448/666/148
f 436/651/136 450/669/150 449/667/149
f 437/668/137 451/685/151 450/669/150
f 438/653/138 452/672/152 451/670/151
f 438/653/138 439/654/139 453/671/153
f 426/639/126 440/656/140 453/671/153
f 441/655/141 455/690/155 454/673/154
f 442/657/142 456/676/157 455/674/155
f 442/657/142 443/660/143 457/675/156
f 444/659/144 458/678/158 457/675/156
f 445/677/146 459/695/159 458/678/158
f 445/662/146 446/663/145 460/679/161
f 447/665/147 461/682/160 460/679/161
f 447/665/147 448/1264/148 462/681/162
f 448/666/148 449/667/149 463/683/164
f 450/669/150 464/686/163 463/683/164
f 451/685/151 465/702/165 464/686/163
f 452/672/152 466/688/166 465/687/165
f 453/671/153 467/689/167 466/688/166
f 440/656/140 454/673/154 467/689/167
f 455/690/155 469/707/170 468/691/168
f 455/674/155 456/676/157 470/692/169
f 456/676/157 457/675/156 471/694/171
f 458/678/158 472/696/172 471/694/171
f 459/695/159 473/1265/173 472/696/172
f 460/679/161 474/698/174 473/697/173
f 461/682/160 475/699/175 474/698/174
f 462/681/162 476/1266/177 475/699/175
f 462/684/162 463/683/164 477/700/176
f 464/686/163 478/703/178 477/700/176
f 465/702/165 479/1267/179 478/703/178
f 466/688/166 480/705/180 479/704/179
f 467/689/167 481/706/181 480/705/180
f 454/673/154 468/691/168 481/706/181
f 469/707/170 483/1268/170 482/708/168
f 469/693/170 470/692/169 484/709/169
f 471/694/171 485/712/171 484/709/169
f 471/694/171 472/696/172 486/711/172
f 472/696/172 473/1265/173 487/713/173
f 473/697/173 474/698/174 488/714/174
f 475/699/175 489/717/175 488/714/174
f 475/699/175 476/1266/177 490/716/177
f 477/700/176 491/719/176 490/718/177
f 478/703/178 492/721/178 491/719/176
f 478/703/178 479/1267/179 493/720/179
f 479/704/179 480/705/180 494/722/180
f 481/706/181 495/724/181 494/722/180
f 481/706/181 468/691/168 482/708/168
f 499/755/183 513/1269/187 512/756/184
f 499/758/183 500/761/188 514/759/186
f 500/761/188 501/764/191 515/762/189
f 502/763/190 516/766/193 515/762/189
f 502/763/190 503/1270/194 517/765/192
f 503/767/194 504/771/197 518/768/195
f 505/770/196 519/773/199 518/768/195
f 506/772/198 520/797/201 519/773/199
f 506/774/198 507/778/203 521/775/200
f 508/777/202 522/780/205 521/775/200
f 509/779/204 523/800/207 522/780/205
f 510/781/206 524/785/209 523/782/207
f 511/784/208 525/786/210 524/785/209
f 511/784/208 498/757/185 512/756/184
f 512/756/184 513/1269/187 527/787/211
f 514/759/186 528/790/213 527/789/211
f 515/762/189 529/791/214 528/790/213
f 516/766/193 530/793/216 529/791/214
f 516/766/193 517/765/192 531/792/215
f 518/768/195 532/796/218 531/794/215
f 518/768/195 519/773/199 533/795/217
f 520/797/201 534/812/219 533/795/217
f 521/775/200 535/799/220 534/798/219
f 522/780/205 536/801/221 535/799/220
f 523/800/207 537/816/223 536/801/221
f 523/782/207 524/785/209 538/802/222
f 525/786/210 539/804/224 538/802/222
f 512/756/184 526/788/212 539/804/224
f 527/787/211 541/1271/226 540/805/225
f 528/790/213 542/808/228 541/806/226
f 528/790/213 529/791/214 543/807/227
f 530/793/216 544/809/229 543/807/227
f 531/792/215 545/1272/231 544/809/229
f 531/794/215 532/796/218 546/810/230
f 533/795/217 547/813/232 546/810/230
f 534/812/219 548/1273/233 547/813/232
f 535/799/220 549/815/234 548/814/233
f 536/801/221 550/817/235 549/815/234
f 537/816/223 551/1274/236 550/817/235
f 538/802/222 552/819/237 551/818/236
f 539/804/224 553/820/238 552/819/237
f 526/788/212 540/805/225 553/820/238
f 557/851/183 571/883/187 570/852/184
f 558/854/188 572/858/186 571/855/187
f 559/857/191 573/860/189 572/858/186
f 560/859/190 574/862/193 573/860/189
f 561/861/194 575/1275/192 574/862/193
f 562/863/197 576/867/195 575/864/192
f 562/863/197 563/868/196 577/866/199
f 563/868/196 564/1276/198 578/869/201
f 565/870/203 579/874/200 578/871/201
f 566/873/202 580/876/205 579/874/200
f 567/875/204 581/896/207 580/876/205
f 568/877/206 582/881/209 581/878/207
f 569/880/208 583/882/210 582/881/209
f 556/853/185 570/852/184 583/882/210
f 571/883/187 585/901/211 584/884/212
f 572/858/186 586/886/213 585/885/211
f 573/860/189 587/887/214 586/886/213
f 574/862/193 588/889/216 587/887/214
f 574/862/193 575/1275/192 589/888/215
f 575/864/192 576/867/195 590/890/218
f 577/866/199 591/893/217 590/890/218
f 577/866/199 578/869/201 592/892/219
f 579/874/200 593/895/220 592/894/219
f 580/876/205 594/897/221 593/895/220
f 581/896/207 595/912/223 594/897/221
f 581/878/207 582/881/209 596/898/222
f 583/882/210 597/900/224 596/898/222
f 583/882/210 570/852/184 584/884/212
f 585/901/211 599/1277/226 598/902/225
f 586/886/213 600/904/228 599/903/226
f 587/887/214 601/905/253 600/904/228
f 588/889/216 602/906/229 601/905/253
f 589/888/215 603/1278/231 602/906/229
f 589/891/215 590/890/218 604/907/230
f 591/893/217 605/909/232 604/907/230
f 592/892/219 606/1279/254 605/909/232
f 592/894/219 593/895/220 607/910/234
f 594/897/221 608/913/235 607/910/234
f 595/912/223 609/1280/236 608/913/235
f 595/899/223 596/898/222 610/914/237
f 596/898/222 597/900/224 611/916/238
f 584/884/212 598/902/225 611/916/238
f 614/932/255 624/1281/255 623/933/255
f 615/935/256 625/939/256 624/936/256
f 616/938/257 626/1282/257 625/939/257
f 617/940/258 627/944/258 626/941/258
f 618/943/259 628/1283/259 627/944/259
f 619/945/260 629/949/260 628/946/260
f 620/948/261 630/951/261 629/949/261
f 621/950/262 631/1284/262 630/951/262
f 622/952/263 632/955/263 631/953/263
f 613/934/264 623/933/264 632/955/264
f 613/958/97 622/1285/97 621/1286/97
f 621/1286/97 620/1287/97 619/956/97
f 619/956/97 618/1288/97 617/1289/97
f 617/1289/97 616/1290/97 615/957/97
f 615/957/97 614/1291/97 613/958/97
f 613/958/97 621/1286/97 619/956/97
f 619/956/97 617/1289/97 615/957/97
f 632/961/182 623/1292/182 624/1293/182
f 624/1293/182 625/1294/182 626/959/182
f 626/959/182 627/1295/182 628/1296/182
f 628/1296/182 629/1297/182 630/960/182
f 630/960/182 631/1298/182 632/961/182
f 632/961/182 624/1293/182 626/959/182
f 626/959/182 628/1296/182 630/960/182
f 634/962/255 644/1299/255 643/963/255
f 635/965/256 645/969/256 644/966/256
f 636/968/257 646/1300/257 645/969/257
f 637/970/258 647/974/258 646/971/258
f 638/973/259 648/1301/259 647/974/259
f 639/975/260 649/979/260 648/976/260
f 640/978/261 650/981/261 649/979/261
f 641/980/262 651/1302/262 650/981/262
f 642/982/263 652/985/263 651/983/263
f 633/964/264 643/963/264 652/985/264
f 633/988/97 642/1303/97 641/1304/97
f 641/1304/97 640/1305/97 639/986/97
f 639/986/97 638/1306/97 637/1307/97
f 637/1307/97 636/1308/97 635/987/97
f 635/987/97 634/1309/97 633/988/97
f 633/988/97 641/1304/97 639/986/97
f 639/986/97 637/1307/97 635/987/97
f 652/991/182 643/1310/182 644/1311/182
f 644/1311/182 645/1312/182 646/989/182
f 646/989/182 647/1313/182 648/1314/182
f 648/1314/182 649/1315/182 650/990/182
f 650/990/182 651/1316/182 652/991/182
f 652/991/182 644/1311/182 646/989/182
f 646/989/182 648/1314/182 650/990/182
f 654/992/255 664/1317/255 663/993/255
f 655/995/256 665/999/256 664/996/256
f 656/998/257 666/1318/257 665/999/257
f 657/1000/258 667/1004/258 666/1001/258
f 658/1003/259 668/1319/259 667/1004/259
f 659/1005/260 669/1009/260 668/1006/260
f 660/1008/261 670/1011/261 669/1009/261
f 661/1010/262 671/1320/262 670/1011/262
f 662/1012/263 672/1015/263 671/1013/263
f 653/994/264 663/993/264 672/1015/264
f 653/1018/97 662/1321/97 661/1322/97
f 661/1322/97 660/1323/97 659/1016/97
f 659/1016/97 658/1324/97 657/1325/97
f 657/1325/97 656/1326/97 655/1017/97
f 655/1017/97 654/1327/97 653/1018/97
f 653/1018/97 661/1322/97 659/1016/97
f 659/1016/97 657/1325/97 655/1017/97
f 672/1021/182 663/1328/182 664/1329/182
f 664/1329/182 665/1330/182 666/1019/182
f 666/1019/182 667/1331/182 668/1332/182
f 668/1332/182 669/1333/182 670/1020/182
f 670/1020/182 671/1334/182 672/1021/182
f 672/1021/182 664/1329/182 666/1019/182
f 666/1019/182 668/1332/182 670/1020/182
f 674/1023/277 673/1022/277 676/1046/277
f 680/1048/278 679/1052/285 675/1024/279
f 682/1049/281 678/1027/337 677/1026/282
f 684/1051/284 683/1056/284 679/1052/285
f 686/1053/286 682/1049/281 681/1050/283
f 688/1055/287 687/1060/287 683/1056/284
f 690/1057/288 686/1053/286 685/1054/286
f 692/1059/289 691/1064/289 687/1060/287
f 694/1061/290 690/1057/288 689/1058/288
f 692/1059/289 696/1067/291 695/1063/291
f 694/1061/290 693/1062/290 697/1065/292
f 696/1067/291 700/1071/293 699/1068/293
f 698/1066/292 697/1065/292 701/1069/294
f 700/1071/293 704/1075/298 703/1072/295
f 702/1070/294 701/1069/294 705/1073/296
f 704/1075/298 708/1029/338 707/1028/299
f 711/1076/300 710/1335/300 709/1030/300
f 706/1074/297 705/1073/296 712/1033/301
f 714/1077/270 713/1336/269 707/1078/303
f 717/1080/273 716/1337/272 715/1081/271
f 717/1080/273 710/1110/304 712/1082/304
f 715/1036/271 720/1041/305 719/1040/305
f 723/1044/306 722/1043/306 721/1084/306
f 716/1037/272 718/1039/274 724/1045/307
f 721/1086/308 673/1092/308 675/1087/308
f 722/1089/309 724/1338/309 677/1090/309
f 722/1089/97 676/1091/97 673/1092/97
f 678/1093/310 682/1099/311 680/1094/311
f 719/1040/312 675/1339/339 679/1340/312
f 719/1040/312 679/1340/312 683/1341/312
f 703/1342/312 707/1343/312 713/1034/312
f 699/1344/312 703/1342/312 713/1034/312
f 713/1034/312 719/1040/312 683/1341/312
f 713/1034/312 683/1341/312 687/1345/312
f 695/1097/312 699/1344/312 713/1034/312
f 713/1034/312 687/1345/312 691/1096/312
f 681/1050/313 677/1026/313 724/1098/313
f 718/1346/313 712/1033/340 705/1073/313
f 718/1346/313 705/1073/313 701/1069/313
f 685/1054/313 681/1050/313 724/1098/313
f 689/1058/313 685/1054/313 724/1098/313
f 724/1098/313 718/1346/313 701/1069/313
f 724/1098/313 701/1069/313 697/1065/313
f 693/1062/313 689/1058/313 724/1098/313
f 682/1099/311 686/1347/314 684/1100/314
f 686/1101/314 690/1102/315 688/1055/315
f 690/1102/315 694/1103/262 692/1059/262
f 694/1103/262 698/1104/316 696/1067/316
f 698/1104/316 702/1348/317 700/1071/317
f 702/1105/317 706/1108/318 704/1106/318
f 706/1108/318 711/1349/341 708/1109/319
f 710/1110/182 717/1080/182 714/1077/182
f 716/1037/320 723/1044/320 720/1085/320
f 726/1112/321 736/1350/321 735/1113/321
f 727/1115/322 737/1119/322 736/1116/322
f 728/1118/257 738/1121/257 737/1119/257
f 729/1120/323 739/1351/323 738/1121/323
f 730/1122/324 740/1126/324 739/1123/324
f 731/1125/325 741/1352/325 740/1126/325
f 732/1127/326 742/1131/326 741/1128/326
f 733/1130/262 743/1133/262 742/1131/262
f 734/1132/327 744/1353/327 743/1133/327
f 725/1114/328 735/1113/328 744/1134/328
f 725/1138/312 734/1354/312 733/1355/312
f 733/1355/312 732/1356/312 731/1136/312
f 731/1136/312 730/1357/312 729/1358/312
f 729/1358/312 728/1359/312 727/1137/312
f 727/1137/312 726/1360/312 725/1138/312
f 725/1138/312 733/1355/312 731/1136/312
f 731/1136/312 729/1358/312 727/1137/312
f 744/1141/313 735/1361/313 736/1362/313
f 736/1362/313 737/1363/313 738/1139/313
f 738/1139/313 739/1364/313 740/1365/313
f 740/1365/313 741/1366/313 742/1140/313
f 742/1140/313 743/1367/313 744/1141/313
f 744/1141/313 736/1362/313 738/1139/313
f 738/1139/313 740/1365/313 742/1140/313
f 746/1142/321 756/1368/321 755/1143/321
f 747/1145/322 757/1149/322 756/1146/322
f 748/1148/257 758/1151/257 757/1149/257
f 749/1150/323 759/1369/323 758/1151/323
f 750/1152/324 760/1156/324 759/1153/324
f 751/1155/325 761/1370/325 760/1156/325
f 752/1157/326 762/1161/326 761/1158/326
f 753/1160/262 763/1163/262 762/1161/262
f 754/1162/327 764/1371/327 763/1163/327
f 745/1144/328 755/1143/328 764/1164/328
f 745/1168/312 754/1372/312 753/1373/312
f 753/1373/312 752/1374/312 751/1166/312
f 751/1166/312 750/1375/312 749/1376/312
f 749/1376/312 748/1377/312 747/1167/312
f 747/1167/312 746/1378/312 745/1168/312
f 745/1168/312 753/1373/312 751/1166/312
f 751/1166/312 749/1376/312 747/1167/312
f 764/1171/313 755/1379/313 756/1380/313
f 756/1380/313 757/1381/313 758/1169/313
f 758/1169/313 759/1382/313 760/1383/313
f 760/1383/313 761/1384/313 762/1170/313
f 762/1170/313 763/1385/313 764/1171/313
f 764/1171/313 756/1380/313 758/1169/313
f 758/1169/313 760/1383/313 762/1170/313
f 766/1172/329 776/1386/329 775/1173/329
f 767/1175/330 777/1179/330 776/1176/330
f 768/1178/182 778/1181/182 777/1179/182
f 769/1180/331 779/1387/331 778/1181/331
f 770/1182/332 780/1186/332 779/1183/332
f 771/1185/333 781/1388/333 780/1186/333
f 772/1187/334 782/1191/334 781/1188/334
f 773/1190/97 783/1193/97 782/1191/97
f 774/1192/335 784/1389/335 783/1193/335
f 765/1174/336 775/1173/336 784/1194/336
f 765/1198/257 774/1390/257 773/1391/257
f 773/1391/257 772/1392/257 771/1196/257
f 771/1196/257 770/1393/257 769/1394/257
f 769/1394/257 768/1395/257 767/1197/257
f 767/1197/257 766/1396/257 765/1198/257
f 765/1198/257 773/1391/257 771/1196/257
f 771/1196/257 769/1394/257 767/1197/257
f 784/1201/262 775/1397/262 776/1398/262
f 776/1398/262 777/1399/262 778/1199/262
f 778/1199/262 779/1400/262 780/1401/262
f 780/1401/262 781/1402/262 782/1200/262
f 782/1200/262 783/1403/262 784/1201/262
f 784/1201/262 776/1398/262 778/1199/262
f 778/1199/262 780/1401/262 782/1200/262
f 786/1202/329 796/1404/329 795/1203/329
f 787/1205/330 797/1209/330 796/1206/330
f 788/1208/182 798/1211/182 797/1209/182
f 789/1210/331 799/1405/331 798/1211/331
f 790/1212/332 800/1216/332 799/1213/332
f 791/1215/333 801/1406/333 800/1216/333
f 792/1217/334 802/1221/334 801/1218/334
f 793/1220/97 803/1223/97 802/1221/97
f 794/1222/335 804/1407/335 803/1223/335
f 785/1204/336 795/1203/336 804/1224/336
f 785/1228/257 794/1408/257 793/1409/257
f 793/1409/257 792/1410/257 791/1226/257
f 791/1226/257 790/1411/257 789/1412/257
f 789/1412/257 788/1413/257 787/1227/257
f 787/1227/257 786/1414/257 785/1228/257
f 785/1228/257 793/1409/257 791/1226/257
f 791/1226/257 789/1412/257 787/1227/257
f 804/1231/262 795/1415/262 796/1416/262
f 796/1416/262 797/1417/262 798/1229/262
f 798/1229/262 799/1418/262 800/1419/262
f 800/1419/262 801/1420/262 802/1230/262
f 802/1230/262 803/1421/262 804/1231/262
f 804/1231/262 796/1416/262 798/1229/262
f 798/1229/262 800/1419/262 802/1230/262
