# THE OBSERVER - generated by tools/gen_observer.py
v 0.00100 0.36800 0.00000
v 0.00095 0.36800 0.00031
v 0.00081 0.36800 0.00059
v 0.00059 0.36800 0.00081
v 0.00031 0.36800 0.00095
v 0.00000 0.36800 0.00100
v -0.00031 0.36800 0.00095
v -0.00059 0.36800 0.00081
v -0.00081 0.36800 0.00059
v -0.00095 0.36800 0.00031
v -0.00100 0.36800 0.00000
v -0.00095 0.36800 -0.00031
v -0.00081 0.36800 -0.00059
v -0.00059 0.36800 -0.00081
v -0.00031 0.36800 -0.00095
v -0.00000 0.36800 -0.00100
v 0.00031 0.36800 -0.00095
v 0.00059 0.36800 -0.00081
v 0.00081 0.36800 -0.00059
v 0.00095 0.36800 -0.00031
v 0.00100 0.36800 -0.00000
v 0.06123 0.36130 0.00000
v 0.05823 0.36130 0.00710
v 0.04954 0.36130 0.01350
v 0.03599 0.36130 0.01858
v 0.01892 0.36130 0.02184
v 0.00000 0.36130 0.02296
v -0.01892 0.36130 0.02184
v -0.03599 0.36130 0.01858
v -0.04954 0.36130 0.01350
v -0.05823 0.36130 0.00710
v -0.06123 0.36130 0.00000
v -0.05823 0.36130 -0.00710
v -0.04954 0.36130 -0.01350
v -0.03599 0.36130 -0.01858
v -0.01892 0.36130 -0.02184
v -0.00000 0.36130 -0.02296
v 0.01892 0.36130 -0.02184
v 0.03599 0.36130 -0.01858
v 0.04954 0.36130 -0.01350
v 0.05823 0.36130 -0.00710
v 0.06123 0.36130 -0.00000
v 0.11314 0.34223 0.00000
v 0.10760 0.34223 0.01311
v 0.09153 0.34223 0.02494
v 0.06650 0.34223 0.03432
v 0.03496 0.34223 0.04035
v 0.00000 0.34223 0.04243
v -0.03496 0.34223 0.04035
v -0.06650 0.34223 0.03432
v -0.09153 0.34223 0.02494
v -0.10760 0.34223 0.01311
v -0.11314 0.34223 0.00000
v -0.10760 0.34223 -0.01311
v -0.09153 0.34223 -0.02494
v -0.06650 0.34223 -0.03432
v -0.03496 0.34223 -0.04035
v -0.00000 0.34223 -0.04243
v 0.03496 0.34223 -0.04035
v 0.06650 0.34223 -0.03432
v 0.09153 0.34223 -0.02494
v 0.10760 0.34223 -0.01311
v 0.11314 0.34223 -0.00000
v 0.14782 0.31368 0.00000
v 0.14059 0.31368 0.01713
v 0.11959 0.31368 0.03258
v 0.08689 0.31368 0.04485
v 0.04568 0.31368 0.05272
v 0.00000 0.31368 0.05543
v -0.04568 0.31368 0.05272
v -0.08689 0.31368 0.04485
v -0.11959 0.31368 0.03258
v -0.14059 0.31368 0.01713
v -0.14782 0.31368 0.00000
v -0.14059 0.31368 -0.01713
v -0.11959 0.31368 -0.03258
v -0.08689 0.31368 -0.04485
v -0.04568 0.31368 -0.05272
v -0.00000 0.31368 -0.05543
v 0.04568 0.31368 -0.05272
v 0.08689 0.31368 -0.04485
v 0.11959 0.31368 -0.03258
v 0.14059 0.31368 -0.01713
v 0.14782 0.31368 -0.00000
v 0.16000 0.28000 0.00000
v 0.15217 0.28000 0.01854
v 0.12944 0.28000 0.03527
v 0.09405 0.28000 0.04854
v 0.04944 0.28000 0.05706
v 0.00000 0.28000 0.06000
v -0.04944 0.28000 0.05706
v -0.09405 0.28000 0.04854
v -0.12944 0.28000 0.03527
v -0.15217 0.28000 0.01854
v -0.16000 0.28000 0.00000
v -0.15217 0.28000 -0.01854
v -0.12944 0.28000 -0.03527
v -0.09405 0.28000 -0.04854
v -0.04944 0.28000 -0.05706
v -0.00000 0.28000 -0.06000
v 0.04944 0.28000 -0.05706
v 0.09405 0.28000 -0.04854
v 0.12944 0.28000 -0.03527
v 0.15217 0.28000 -0.01854
v 0.16000 0.28000 -0.00000
v 0.15778 0.22000 0.00000
v 0.15006 0.22000 0.01854
v 0.12764 0.22000 0.03527
v 0.09274 0.22000 0.04854
v 0.04876 0.22000 0.05706
v 0.00000 0.22000 0.06000
v -0.04876 0.22000 0.05706
v -0.09274 0.22000 0.04854
v -0.12764 0.22000 0.03527
v -0.15006 0.22000 0.01854
v -0.15778 0.22000 0.00000
v -0.15006 0.22000 -0.01854
v -0.12764 0.22000 -0.03527
v -0.09274 0.22000 -0.04854
v -0.04876 0.22000 -0.05706
v -0.00000 0.22000 -0.06000
v 0.04876 0.22000 -0.05706
v 0.09274 0.22000 -0.04854
v 0.12764 0.22000 -0.03527
v 0.15006 0.22000 -0.01854
v 0.15778 0.22000 -0.00000
v 0.15556 0.16000 0.00000
v 0.14794 0.16000 0.01854
v 0.12585 0.16000 0.03527
v 0.09143 0.16000 0.04854
v 0.04807 0.16000 0.05706
v 0.00000 0.16000 0.06000
v -0.04807 0.16000 0.05706
v -0.09143 0.16000 0.04854
v -0.12585 0.16000 0.03527
v -0.14794 0.16000 0.01854
v -0.15556 0.16000 0.00000
v -0.14794 0.16000 -0.01854
v -0.12585 0.16000 -0.03527
v -0.09143 0.16000 -0.04854
v -0.04807 0.16000 -0.05706
v -0.00000 0.16000 -0.06000
v 0.04807 0.16000 -0.05706
v 0.09143 0.16000 -0.04854
v 0.12585 0.16000 -0.03527
v 0.14794 0.16000 -0.01854
v 0.15556 0.16000 -0.00000
v 0.15333 0.10000 0.00000
v 0.14583 0.10000 0.01854
v 0.12405 0.10000 0.03527
v 0.09013 0.10000 0.04854
v 0.04738 0.10000 0.05706
v 0.00000 0.10000 0.06000
v -0.04738 0.10000 0.05706
v -0.09013 0.10000 0.04854
v -0.12405 0.10000 0.03527
v -0.14583 0.10000 0.01854
v -0.15333 0.10000 0.00000
v -0.14583 0.10000 -0.01854
v -0.12405 0.10000 -0.03527
v -0.09013 0.10000 -0.04854
v -0.04738 0.10000 -0.05706
v -0.00000 0.10000 -0.06000
v 0.04738 0.10000 -0.05706
v 0.09013 0.10000 -0.04854
v 0.12405 0.10000 -0.03527
v 0.14583 0.10000 -0.01854
v 0.15333 0.10000 -0.00000
v 0.15111 0.04000 0.00000
v 0.14372 0.04000 0.01854
v 0.12225 0.04000 0.03527
v 0.08882 0.04000 0.04854
v 0.04670 0.04000 0.05706
v 0.00000 0.04000 0.06000
v -0.04670 0.04000 0.05706
v -0.08882 0.04000 0.04854
v -0.12225 0.04000 0.03527
v -0.14372 0.04000 0.01854
v -0.15111 0.04000 0.00000
v -0.14372 0.04000 -0.01854
v -0.12225 0.04000 -0.03527
v -0.08882 0.04000 -0.04854
v -0.04670 0.04000 -0.05706
v -0.00000 0.04000 -0.06000
v 0.04670 0.04000 -0.05706
v 0.08882 0.04000 -0.04854
v 0.12225 0.04000 -0.03527
v 0.14372 0.04000 -0.01854
v 0.15111 0.04000 -0.00000
v 0.14889 -0.02000 0.00000
v 0.14160 -0.02000 0.01854
v 0.12045 -0.02000 0.03527
v 0.08751 -0.02000 0.04854
v 0.04601 -0.02000 0.05706
v 0.00000 -0.02000 0.06000
v -0.04601 -0.02000 0.05706
v -0.08751 -0.02000 0.04854
v -0.12045 -0.02000 0.03527
v -0.14160 -0.02000 0.01854
v -0.14889 -0.02000 0.00000
v -0.14160 -0.02000 -0.01854
v -0.12045 -0.02000 -0.03527
v -0.08751 -0.02000 -0.04854
v -0.04601 -0.02000 -0.05706
v -0.00000 -0.02000 -0.06000
v 0.04601 -0.02000 -0.05706
v 0.08751 -0.02000 -0.04854
v 0.12045 -0.02000 -0.03527
v 0.14160 -0.02000 -0.01854
v 0.14889 -0.02000 -0.00000
v 0.14667 -0.08000 0.00000
v 0.13949 -0.08000 0.01854
v 0.11866 -0.08000 0.03527
v 0.08621 -0.08000 0.04854
v 0.04532 -0.08000 0.05706
v 0.00000 -0.08000 0.06000
v -0.04532 -0.08000 0.05706
v -0.08621 -0.08000 0.04854
v -0.11866 -0.08000 0.03527
v -0.13949 -0.08000 0.01854
v -0.14667 -0.08000 0.00000
v -0.13949 -0.08000 -0.01854
v -0.11866 -0.08000 -0.03527
v -0.08621 -0.08000 -0.04854
v -0.04532 -0.08000 -0.05706
v -0.00000 -0.08000 -0.06000
v 0.04532 -0.08000 -0.05706
v 0.08621 -0.08000 -0.04854
v 0.11866 -0.08000 -0.03527
v 0.13949 -0.08000 -0.01854
v 0.14667 -0.08000 -0.00000
v 0.14456 -0.14000 0.00000
v 0.13748 -0.14000 0.01856
v 0.11695 -0.14000 0.03529
v 0.08497 -0.14000 0.04858
v 0.04467 -0.14000 0.05711
v 0.00000 -0.14000 0.06005
v -0.04467 -0.14000 0.05711
v -0.08497 -0.14000 0.04858
v -0.11695 -0.14000 0.03529
v -0.13748 -0.14000 0.01856
v -0.14456 -0.14000 0.00000
v -0.13748 -0.14000 -0.01856
v -0.11695 -0.14000 -0.03529
v -0.08497 -0.14000 -0.04858
v -0.04467 -0.14000 -0.05711
v -0.00000 -0.14000 -0.06005
v 0.04467 -0.14000 -0.05711
v 0.08497 -0.14000 -0.04858
v 0.11695 -0.14000 -0.03529
v 0.13748 -0.14000 -0.01856
v 0.14456 -0.14000 -0.00000
v 0.14857 -0.20000 0.00000
v 0.14130 -0.20000 0.01937
v 0.12020 -0.20000 0.03684
v 0.08733 -0.20000 0.05071
v 0.04591 -0.20000 0.05961
v 0.00000 -0.20000 0.06268
v -0.04591 -0.20000 0.05961
v -0.08733 -0.20000 0.05071
v -0.12020 -0.20000 0.03684
v -0.14130 -0.20000 0.01937
v -0.14857 -0.20000 0.00000
v -0.14130 -0.20000 -0.01937
v -0.12020 -0.20000 -0.03684
v -0.08733 -0.20000 -0.05071
v -0.04591 -0.20000 -0.05961
v -0.00000 -0.20000 -0.06268
v 0.04591 -0.20000 -0.05961
v 0.08733 -0.20000 -0.05071
v 0.12020 -0.20000 -0.03684
v 0.14130 -0.20000 -0.01937
v 0.14857 -0.20000 -0.00000
v 0.14758 -0.26000 0.00000
v 0.14036 -0.26000 0.01954
v 0.11939 -0.26000 0.03718
v 0.08674 -0.26000 0.05117
v 0.04560 -0.26000 0.06015
v 0.00000 -0.26000 0.06325
v -0.04560 -0.26000 0.06015
v -0.08674 -0.26000 0.05117
v -0.11939 -0.26000 0.03718
v -0.14036 -0.26000 0.01954
v -0.14758 -0.26000 0.00000
v -0.14036 -0.26000 -0.01954
v -0.11939 -0.26000 -0.03718
v -0.08674 -0.26000 -0.05117
v -0.04560 -0.26000 -0.06015
v -0.00000 -0.26000 -0.06325
v 0.04560 -0.26000 -0.06015
v 0.08674 -0.26000 -0.05117
v 0.11939 -0.26000 -0.03718
v 0.14036 -0.26000 -0.01954
v 0.14758 -0.26000 -0.00000
v 0.13634 -0.29061 0.00000
v 0.12967 -0.29061 0.01806
v 0.11031 -0.29061 0.03435
v 0.08014 -0.29061 0.04727
v 0.04213 -0.29061 0.05557
v 0.00000 -0.29061 0.05843
v -0.04213 -0.29061 0.05557
v -0.08014 -0.29061 0.04727
v -0.11031 -0.29061 0.03435
v -0.12967 -0.29061 0.01806
v -0.13634 -0.29061 0.00000
v -0.12967 -0.29061 -0.01806
v -0.11031 -0.29061 -0.03435
v -0.08014 -0.29061 -0.04727
v -0.04213 -0.29061 -0.05557
v -0.00000 -0.29061 -0.05843
v 0.04213 -0.29061 -0.05557
v 0.08014 -0.29061 -0.04727
v 0.11031 -0.29061 -0.03435
v 0.12967 -0.29061 -0.01806
v 0.13634 -0.29061 -0.00000
v 0.10435 -0.31657 0.00000
v 0.09925 -0.31657 0.01382
v 0.08442 -0.31657 0.02629
v 0.06134 -0.31657 0.03618
v 0.03225 -0.31657 0.04253
v 0.00000 -0.31657 0.04472
v -0.03225 -0.31657 0.04253
v -0.06134 -0.31657 0.03618
v -0.08442 -0.31657 0.02629
v -0.09925 -0.31657 0.01382
v -0.10435 -0.31657 0.00000
v -0.09925 -0.31657 -0.01382
v -0.08442 -0.31657 -0.02629
v -0.06134 -0.31657 -0.03618
v -0.03225 -0.31657 -0.04253
v -0.00000 -0.31657 -0.04472
v 0.03225 -0.31657 -0.04253
v 0.06134 -0.31657 -0.03618
v 0.08442 -0.31657 -0.02629
v 0.09925 -0.31657 -0.01382
v 0.10435 -0.31657 -0.00000
v 0.05648 -0.33391 0.00000
v 0.05371 -0.33391 0.00748
v 0.04569 -0.33391 0.01423
v 0.03320 -0.33391 0.01958
v 0.01745 -0.33391 0.02302
v 0.00000 -0.33391 0.02420
v -0.01745 -0.33391 0.02302
v -0.03320 -0.33391 0.01958
v -0.04569 -0.33391 0.01423
v -0.05371 -0.33391 0.00748
v -0.05648 -0.33391 0.00000
v -0.05371 -0.33391 -0.00748
v -0.04569 -0.33391 -0.01423
v -0.03320 -0.33391 -0.01958
v -0.01745 -0.33391 -0.02302
v -0.00000 -0.33391 -0.02420
v 0.01745 -0.33391 -0.02302
v 0.03320 -0.33391 -0.01958
v 0.04569 -0.33391 -0.01423
v 0.05371 -0.33391 -0.00748
v 0.05648 -0.33391 -0.00000
v 0.00105 -0.34000 0.00000
v 0.00100 -0.34000 0.00033
v 0.00085 -0.34000 0.00062
v 0.00062 -0.34000 0.00085
v 0.00033 -0.34000 0.00100
v 0.00000 -0.34000 0.00105
v -0.00033 -0.34000 0.00100
v -0.00062 -0.34000 0.00085
v -0.00085 -0.34000 0.00062
v -0.00100 -0.34000 0.00033
v -0.00105 -0.34000 0.00000
v -0.00100 -0.34000 -0.00033
v -0.00085 -0.34000 -0.00062
v -0.00062 -0.34000 -0.00085
v -0.00033 -0.34000 -0.00100
v -0.00000 -0.34000 -0.00105
v 0.00033 -0.34000 -0.00100
v 0.00062 -0.34000 -0.00085
v 0.00085 -0.34000 -0.00062
v 0.00100 -0.34000 -0.00033
v 0.00105 -0.34000 -0.00000
v -0.09577 -0.18315 0.00222
v -0.09597 -0.18317 0.00281
v -0.09647 -0.18315 0.00317
v -0.09708 -0.18309 0.00317
v -0.09758 -0.18303 0.00281
v -0.09776 -0.18298 0.00222
v -0.09757 -0.18296 0.00164
v -0.09707 -0.18298 0.00128
v -0.09646 -0.18303 0.00128
v -0.09596 -0.18310 0.00164
v -0.09577 -0.18315 0.00222
v -0.07931 -0.18742 0.00206
v -0.08275 -0.18775 0.01248
v -0.09163 -0.18736 0.01892
v -0.10257 -0.18641 0.01892
v -0.11139 -0.18525 0.01248
v -0.11471 -0.18433 0.00206
v -0.11128 -0.18400 -0.00837
v -0.10240 -0.18439 -0.01481
v -0.09146 -0.18535 -0.01481
v -0.08264 -0.18651 -0.00837
v -0.07931 -0.18742 0.00206
v -0.06501 -0.19674 0.00157
v -0.07136 -0.19735 0.02084
v -0.08777 -0.19663 0.03274
v -0.10798 -0.19486 0.03274
v -0.12428 -0.19272 0.02084
v -0.13042 -0.19102 0.00157
v -0.12407 -0.19042 -0.01769
v -0.10766 -0.19114 -0.02959
v -0.08745 -0.19290 -0.02959
v -0.07115 -0.19505 -0.01769
v -0.06501 -0.19674 0.00157
v -0.05603 -0.20960 0.00085
v -0.06432 -0.21039 0.02602
v -0.08577 -0.20945 0.04157
v -0.11218 -0.20714 0.04157
v -0.13347 -0.20435 0.02602
v -0.14150 -0.20213 0.00085
v -0.13320 -0.20134 -0.02432
v -0.11176 -0.20228 -0.03987
v -0.08535 -0.20459 -0.03987
v -0.06406 -0.20739 -0.02432
v -0.05603 -0.20960 0.00085
v -0.05375 -0.22405 0.00000
v -0.06272 -0.22490 0.02724
v -0.08594 -0.22389 0.04408
v -0.11452 -0.22138 0.04408
v -0.13756 -0.21835 0.02724
v -0.14625 -0.21595 0.00000
v -0.13728 -0.21510 -0.02724
v -0.11406 -0.21611 -0.04408
v -0.08548 -0.21862 -0.04408
v -0.06244 -0.22165 -0.02724
v -0.05375 -0.22405 -0.00000
v -0.06009 -0.31033 -0.00519
v -0.06930 -0.31121 0.02276
v -0.09311 -0.31017 0.04003
v -0.12244 -0.30760 0.04003
v -0.14608 -0.30449 0.02276
v -0.15499 -0.30203 -0.00519
v -0.14578 -0.30115 -0.03314
v -0.12197 -0.30220 -0.05041
v -0.09264 -0.30476 -0.05041
v -0.06900 -0.30787 -0.03314
v -0.06009 -0.31033 -0.00519
v -0.07498 -0.39587 -0.01038
v -0.08276 -0.39661 0.01323
v -0.10289 -0.39573 0.02783
v -0.12767 -0.39356 0.02783
v -0.14764 -0.39094 0.01323
v -0.15518 -0.38886 -0.01038
v -0.14740 -0.38811 -0.03400
v -0.12727 -0.38900 -0.04859
v -0.10249 -0.39116 -0.04859
v -0.08252 -0.39379 -0.03400
v -0.07498 -0.39587 -0.01038
v -0.08411 -0.48191 -0.01557
v -0.09158 -0.48263 0.00711
v -0.11091 -0.48178 0.02113
v -0.13471 -0.47970 0.02113
v -0.15389 -0.47718 0.00711
v -0.16113 -0.47518 -0.01557
v -0.15366 -0.47446 -0.03825
v -0.13433 -0.47531 -0.05227
v -0.11053 -0.47739 -0.05227
v -0.09134 -0.47992 -0.03825
v -0.08411 -0.48191 -0.01557
v -0.09276 -0.56800 -0.02076
v -0.10002 -0.56869 0.00126
v -0.11879 -0.56787 0.01488
v -0.14190 -0.56585 0.01488
v -0.16053 -0.56340 0.00126
v -0.16756 -0.56146 -0.02076
v -0.16030 -0.56076 -0.04279
v -0.14153 -0.56159 -0.05640
v -0.11842 -0.56361 -0.05640
v -0.09979 -0.56606 -0.04279
v -0.09276 -0.56800 -0.02076
v -0.10141 -0.65408 -0.02595
v -0.10845 -0.65476 -0.00458
v -0.12667 -0.65396 0.00863
v -0.14909 -0.65200 0.00863
v -0.16717 -0.64962 -0.00458
v -0.17399 -0.64773 -0.02595
v -0.16695 -0.64706 -0.04733
v -0.14873 -0.64786 -0.06054
v -0.12630 -0.64982 -0.06054
v -0.10823 -0.65220 -0.04733
v -0.10141 -0.65408 -0.02595
v -0.11006 -0.74017 -0.03114
v -0.11689 -0.74082 -0.01042
v -0.13454 -0.74005 0.00238
v -0.15629 -0.73814 0.00238
v -0.17381 -0.73584 -0.01042
v -0.18042 -0.73401 -0.03114
v -0.17359 -0.73336 -0.05186
v -0.15594 -0.73414 -0.06467
v -0.13419 -0.73604 -0.06467
v -0.11667 -0.73834 -0.05186
v -0.11006 -0.74017 -0.03114
v -0.11869 -0.82626 -0.03633
v -0.12531 -0.82689 -0.01626
v -0.14242 -0.82614 -0.00385
v -0.16348 -0.82429 -0.00385
v -0.18046 -0.82206 -0.01626
v -0.18687 -0.82029 -0.03633
v -0.18025 -0.81966 -0.05641
v -0.16314 -0.82041 -0.06882
v -0.14208 -0.82225 -0.06882
v -0.12510 -0.82449 -0.05641
v -0.11869 -0.82626 -0.03633
v -0.12520 -0.91253 -0.04153
v -0.13202 -0.91318 -0.02084
v -0.14964 -0.91240 -0.00806
v -0.17135 -0.91051 -0.00806
v -0.18884 -0.90821 -0.02084
v -0.19543 -0.90638 -0.04153
v -0.18862 -0.90573 -0.06221
v -0.17100 -0.90651 -0.07499
v -0.14929 -0.90840 -0.07499
v -0.13180 -0.91070 -0.06221
v -0.12520 -0.91253 -0.04153
v -0.12490 -0.99945 -0.04672
v -0.13350 -1.00323 -0.02178
v -0.15523 -1.00412 -0.00636
v -0.18178 -1.00177 -0.00636
v -0.20301 -0.99707 -0.02177
v -0.21082 -0.99183 -0.04671
v -0.20221 -0.98804 -0.07165
v -0.18049 -0.98715 -0.08707
v -0.15394 -0.98951 -0.08707
v -0.13271 -0.99420 -0.07166
v -0.12490 -0.99945 -0.04672
v -0.14004 -1.07215 -0.07066
v -0.14717 -1.07781 -0.05133
v -0.16473 -1.08012 -0.03937
v -0.18602 -1.07821 -0.03936
v -0.20289 -1.07280 -0.05130
v -0.20891 -1.06595 -0.07063
v -0.20178 -1.06029 -0.08996
v -0.18422 -1.05798 -0.10192
v -0.16294 -1.05990 -0.10193
v -0.14607 -1.06531 -0.08999
v -0.14004 -1.07215 -0.07066
v -0.15114 -1.14516 -0.09459
v -0.15734 -1.15009 -0.07777
v -0.17262 -1.15210 -0.06737
v -0.19114 -1.15043 -0.06736
v -0.20582 -1.14572 -0.07775
v -0.21106 -1.13977 -0.09456
v -0.20485 -1.13485 -0.11138
v -0.18958 -1.13284 -0.12178
v -0.17106 -1.13450 -0.12179
v -0.15638 -1.13921 -0.11140
v -0.15114 -1.14516 -0.09459
v -0.15885 -1.21848 -0.11852
v -0.16483 -1.22322 -0.10231
v -0.17955 -1.22516 -0.09229
v -0.19739 -1.22356 -0.09228
v -0.21154 -1.21902 -0.10229
v -0.21658 -1.21328 -0.11849
v -0.21061 -1.20854 -0.13470
v -0.19589 -1.20660 -0.14472
v -0.17805 -1.20821 -0.14473
v -0.16390 -1.21275 -0.13472
v -0.15885 -1.21848 -0.11852
v -0.16646 -1.29181 -0.14245
v -0.17224 -1.29639 -0.12680
v -0.18645 -1.29826 -0.11712
v -0.20368 -1.29671 -0.11712
v -0.21734 -1.29233 -0.12678
v -0.22221 -1.28679 -0.14242
v -0.21644 -1.28221 -0.15807
v -0.20223 -1.28034 -0.16775
v -0.18500 -1.28189 -0.16775
v -0.17134 -1.28627 -0.15809
v -0.16646 -1.29181 -0.14245
v -0.17408 -1.36513 -0.16638
v -0.17964 -1.36955 -0.15129
v -0.19335 -1.37136 -0.14195
v -0.20996 -1.36986 -0.14195
v -0.22314 -1.36564 -0.15127
v -0.22784 -1.36029 -0.16635
v -0.22227 -1.35588 -0.18144
v -0.20857 -1.35407 -0.19077
v -0.19195 -1.35557 -0.19078
v -0.17878 -1.35979 -0.18146
v -0.17408 -1.36513 -0.16638
v -0.18169 -1.43846 -0.19031
v -0.18705 -1.44271 -0.17577
v -0.20025 -1.44445 -0.16679
v -0.21625 -1.44301 -0.16678
v -0.22894 -1.43894 -0.17575
v -0.23347 -1.43380 -0.19028
v -0.22811 -1.42954 -0.20482
v -0.21490 -1.42781 -0.21380
v -0.19890 -1.42925 -0.21381
v -0.18622 -1.43331 -0.20484
v -0.18169 -1.43846 -0.19031
v -0.18930 -1.51178 -0.21424
v -0.19446 -1.51588 -0.20026
v -0.20715 -1.51755 -0.19162
v -0.22254 -1.51616 -0.19161
v -0.23474 -1.51225 -0.20024
v -0.23909 -1.50730 -0.21421
v -0.23394 -1.50321 -0.22819
v -0.22124 -1.50154 -0.23683
v -0.20586 -1.50292 -0.23684
v -0.19366 -1.50684 -0.22821
v -0.18930 -1.51178 -0.21424
v -0.19691 -1.58511 -0.23816
v -0.20186 -1.58904 -0.22475
v -0.21405 -1.59064 -0.21645
v -0.22882 -1.58931 -0.21644
v -0.24054 -1.58556 -0.22473
v -0.24472 -1.58081 -0.23814
v -0.23977 -1.57688 -0.25156
v -0.22758 -1.57527 -0.25986
v -0.21281 -1.57660 -0.25987
v -0.20109 -1.58036 -0.25158
v -0.19691 -1.58511 -0.23816
v -0.19936 -1.59191 -0.24043
v -0.20393 -1.59554 -0.22803
v -0.21519 -1.59702 -0.22037
v -0.22884 -1.59579 -0.22036
v -0.23967 -1.59232 -0.22802
v -0.24353 -1.58793 -0.24041
v -0.23896 -1.58430 -0.25281
v -0.22769 -1.58282 -0.26048
v -0.21405 -1.58405 -0.26048
v -0.20322 -1.58752 -0.25283
v -0.19936 -1.59191 -0.24043
v -0.20507 -1.59734 -0.24235
v -0.20857 -1.60012 -0.23286
v -0.21719 -1.60125 -0.22700
v -0.22764 -1.60031 -0.22699
v -0.23592 -1.59766 -0.23285
v -0.23888 -1.59430 -0.24234
v -0.23538 -1.59152 -0.25183
v -0.22676 -1.59039 -0.25769
v -0.21631 -1.59133 -0.25770
v -0.20803 -1.59398 -0.25184
v -0.20507 -1.59734 -0.24235
v -0.21318 -1.60059 -0.24363
v -0.21508 -1.60209 -0.23850
v -0.21974 -1.60270 -0.23532
v -0.22540 -1.60219 -0.23532
v -0.22988 -1.60076 -0.23849
v -0.23148 -1.59894 -0.24363
v -0.22959 -1.59744 -0.24876
v -0.22492 -1.59682 -0.25194
v -0.21927 -1.59733 -0.25194
v -0.21478 -1.59877 -0.24877
v -0.21318 -1.60059 -0.24363
v -0.22146 -1.60124 -0.24408
v -0.22167 -1.60140 -0.24352
v -0.22217 -1.60147 -0.24318
v -0.22279 -1.60141 -0.24318
v -0.22328 -1.60126 -0.24352
v -0.22345 -1.60106 -0.24408
v -0.22325 -1.60089 -0.24464
v -0.22274 -1.60083 -0.24499
v -0.22212 -1.60088 -0.24499
v -0.22163 -1.60104 -0.24464
v -0.22146 -1.60124 -0.24408
v 0.00100 -0.18292 0.00222
v 0.00081 -0.18296 0.00281
v 0.00031 -0.18298 0.00317
v -0.00031 -0.18298 0.00317
v -0.00081 -0.18296 0.00281
v -0.00100 -0.18292 0.00222
v -0.00081 -0.18289 0.00164
v -0.00031 -0.18287 0.00128
v 0.00031 -0.18287 0.00128
v 0.00081 -0.18289 0.00164
v 0.00100 -0.18292 0.00222
v 0.01777 -0.18575 0.00206
v 0.01437 -0.18637 0.01248
v 0.00549 -0.18676 0.01892
v -0.00549 -0.18676 0.01892
v -0.01437 -0.18637 0.01248
v -0.01777 -0.18575 0.00206
v -0.01437 -0.18512 -0.00837
v -0.00549 -0.18473 -0.01481
v 0.00549 -0.18473 -0.01481
v 0.01437 -0.18512 -0.00837
v 0.01777 -0.18575 0.00206
v 0.03283 -0.19378 0.00157
v 0.02656 -0.19494 0.02084
v 0.01015 -0.19565 0.03274
v -0.01015 -0.19565 0.03274
v -0.02656 -0.19494 0.02084
v -0.03283 -0.19378 0.00157
v -0.02656 -0.19263 -0.01769
v -0.01015 -0.19191 -0.02959
v 0.01015 -0.19191 -0.02959
v 0.02656 -0.19263 -0.01769
v 0.03283 -0.19378 0.00157
v 0.04290 -0.20581 0.00085
v 0.03470 -0.20732 0.02602
v 0.01326 -0.20825 0.04157
v -0.01326 -0.20825 0.04157
v -0.03470 -0.20732 0.02602
v -0.04290 -0.20581 0.00085
v -0.03470 -0.20430 -0.02432
v -0.01326 -0.20337 -0.03987
v 0.01326 -0.20337 -0.03987
v 0.03470 -0.20430 -0.02432
v 0.04290 -0.20581 0.00085
v 0.04643 -0.22000 0.00000
v 0.03756 -0.22163 0.02724
v 0.01435 -0.22264 0.04408
v -0.01435 -0.22264 0.04408
v -0.03756 -0.22163 0.02724
v -0.04643 -0.22000 0.00000
v -0.03756 -0.21837 -0.02724
v -0.01435 -0.21736 -0.04408
v 0.01435 -0.21736 -0.04408
v 0.03756 -0.21837 -0.02724
v 0.04643 -0.22000 -0.00000
v 0.04763 -0.30651 -0.00519
v 0.03854 -0.30819 0.02276
v 0.01472 -0.30922 0.04003
v -0.01472 -0.30922 0.04003
v -0.03854 -0.30819 0.02276
v -0.04763 -0.30651 -0.00519
v -0.03854 -0.30483 -0.03314
v -0.01472 -0.30380 -0.05041
v 0.01472 -0.30380 -0.05041
v 0.03854 -0.30483 -0.03314
v 0.04763 -0.30651 -0.00519
v 0.04025 -0.39302 -0.01038
v 0.03256 -0.39444 0.01323
v 0.01244 -0.39531 0.02783
v -0.01244 -0.39531 0.02783
v -0.03256 -0.39444 0.01323
v -0.04025 -0.39302 -0.01038
v -0.03256 -0.39161 -0.03400
v -0.01244 -0.39073 -0.04859
v 0.01244 -0.39073 -0.04859
v 0.03256 -0.39161 -0.03400
v 0.04025 -0.39302 -0.01038
v 0.03866 -0.47953 -0.01557
v 0.03128 -0.48089 0.00711
v 0.01195 -0.48174 0.02113
v -0.01195 -0.48174 0.02113
v -0.03128 -0.48089 0.00711
v -0.03866 -0.47953 -0.01557
v -0.03128 -0.47817 -0.03825
v -0.01195 -0.47733 -0.05227
v 0.01195 -0.47733 -0.05227
v 0.03128 -0.47817 -0.03825
v 0.03866 -0.47953 -0.01557
v 0.03754 -0.56604 -0.02076
v 0.03037 -0.56737 0.00126
v 0.01160 -0.56818 0.01488
v -0.01160 -0.56818 0.01488
v -0.03037 -0.56737 0.00126
v -0.03754 -0.56604 -0.02076
v -0.03037 -0.56472 -0.04279
v -0.01160 -0.56391 -0.05640
v 0.01160 -0.56391 -0.05640
v 0.03037 -0.56472 -0.04279
v 0.03754 -0.56604 -0.02076
v 0.03643 -0.65256 -0.02595
v 0.02947 -0.65384 -0.00458
v 0.01126 -0.65463 0.00863
v -0.01126 -0.65463 0.00863
v -0.02947 -0.65384 -0.00458
v -0.03643 -0.65256 -0.02595
v -0.02947 -0.65127 -0.04733
v -0.01126 -0.65048 -0.06054
v 0.01126 -0.65048 -0.06054
v 0.02947 -0.65127 -0.04733
v 0.03643 -0.65256 -0.02595
v 0.03531 -0.73907 -0.03114
v 0.02857 -0.74031 -0.01042
v 0.01091 -0.74108 0.00238
v -0.01091 -0.74108 0.00238
v -0.02857 -0.74031 -0.01042
v -0.03531 -0.73907 -0.03114
v -0.02857 -0.73782 -0.05186
v -0.01091 -0.73705 -0.06467
v 0.01091 -0.73705 -0.06467
v 0.02857 -0.73782 -0.05186
v 0.03531 -0.73907 -0.03114
v 0.03422 -0.82558 -0.03633
v 0.02768 -0.82678 -0.01626
v 0.01057 -0.82753 -0.00385
v -0.01057 -0.82753 -0.00385
v -0.02768 -0.82678 -0.01626
v -0.03422 -0.82558 -0.03633
v -0.02768 -0.82437 -0.05641
v -0.01057 -0.82363 -0.06882
v 0.01057 -0.82363 -0.06882
v 0.02768 -0.82437 -0.05641
v 0.03422 -0.82558 -0.03633
v 0.03525 -0.91209 -0.04153
v 0.02852 -0.91333 -0.02084
v 0.01089 -0.91410 -0.00806
v -0.01089 -0.91410 -0.00806
v -0.02852 -0.91333 -0.02084
v -0.03525 -0.91209 -0.04153
v -0.02852 -0.91085 -0.06221
v -0.01089 -0.91008 -0.07499
v 0.01089 -0.91008 -0.07499
v 0.02852 -0.91085 -0.06221
v 0.03525 -0.91209 -0.04153
v 0.04312 -0.99860 -0.04672
v 0.03489 -1.00313 -0.02178
v 0.01333 -1.00594 -0.00636
v -0.01333 -1.00594 -0.00636
v -0.03489 -1.00313 -0.02178
v -0.04312 -0.99860 -0.04672
v -0.03489 -0.99407 -0.07166
v -0.01333 -0.99126 -0.08707
v 0.01333 -0.99126 -0.08707
v 0.03489 -0.99407 -0.07166
v 0.04312 -0.99860 -0.04672
v 0.03457 -1.07231 -0.07065
v 0.02797 -1.07859 -0.05132
v 0.01068 -1.08247 -0.03938
v -0.01068 -1.08247 -0.03938
v -0.02797 -1.07859 -0.05132
v -0.03457 -1.07231 -0.07065
v -0.02797 -1.06603 -0.08998
v -0.01068 -1.06216 -0.10193
v 0.01068 -1.06216 -0.10193
v 0.02797 -1.06603 -0.08998
v 0.03457 -1.07231 -0.07065
v 0.03008 -1.14602 -0.09459
v 0.02433 -1.15148 -0.07777
v 0.00929 -1.15486 -0.06738
v -0.00929 -1.15486 -0.06738
v -0.02433 -1.15148 -0.07777
v -0.03008 -1.14602 -0.09459
v -0.02433 -1.14056 -0.11140
v -0.00929 -1.13719 -0.12179
v 0.00929 -1.13719 -0.12179
v 0.02433 -1.14056 -0.11140
v 0.03008 -1.14602 -0.09459
v 0.02898 -1.21973 -0.11852
v 0.02345 -1.22500 -0.10232
v 0.00896 -1.22825 -0.09230
v -0.00896 -1.22825 -0.09230
v -0.02345 -1.22500 -0.10232
v -0.02898 -1.21973 -0.11852
v -0.02345 -1.21447 -0.13472
v -0.00896 -1.21122 -0.14474
v 0.00896 -1.21122 -0.14474
v 0.02345 -1.21447 -0.13472
v 0.02898 -1.21973 -0.11852
v 0.02799 -1.29345 -0.14246
v 0.02264 -1.29853 -0.12681
v 0.00865 -1.30167 -0.11714
v -0.00865 -1.30167 -0.11714
v -0.02264 -1.29853 -0.12681
v -0.02799 -1.29345 -0.14246
v -0.02264 -1.28837 -0.15810
v -0.00865 -1.28523 -0.16777
v 0.00865 -1.28523 -0.16777
v 0.02264 -1.28837 -0.15810
v 0.02799 -1.29345 -0.14246
v 0.02699 -1.36716 -0.16639
v 0.02183 -1.37206 -0.15130
v 0.00834 -1.37508 -0.14198
v -0.00834 -1.37508 -0.14198
v -0.02183 -1.37206 -0.15130
v -0.02699 -1.36716 -0.16639
v -0.02183 -1.36226 -0.18148
v -0.00834 -1.35923 -0.19080
v 0.00834 -1.35923 -0.19080
v 0.02183 -1.36226 -0.18148
v 0.02699 -1.36716 -0.16639
v 0.02599 -1.44087 -0.19032
v 0.02103 -1.44559 -0.17579
v 0.00803 -1.44850 -0.16681
v -0.00803 -1.44850 -0.16681
v -0.02103 -1.44559 -0.17579
v -0.02599 -1.44087 -0.19032
v -0.02103 -1.43615 -0.20486
v -0.00803 -1.43323 -0.21384
v 0.00803 -1.43323 -0.21384
v 0.02103 -1.43615 -0.20486
v 0.02599 -1.44087 -0.19032
v 0.02500 -1.51458 -0.21426
v 0.02022 -1.51912 -0.20029
v 0.00772 -1.52192 -0.19165
v -0.00772 -1.52192 -0.19165
v -0.02022 -1.51912 -0.20029
v -0.02500 -1.51458 -0.21426
v -0.02022 -1.51004 -0.22823
v -0.00772 -1.50724 -0.23687
v 0.00772 -1.50724 -0.23687
v 0.02022 -1.51004 -0.22823
v 0.02500 -1.51458 -0.21426
v 0.02400 -1.58829 -0.23819
v 0.01942 -1.59265 -0.22478
v 0.00742 -1.59534 -0.21648
v -0.00742 -1.59534 -0.21648
v -0.01942 -1.59265 -0.22478
v -0.02400 -1.58829 -0.23819
v -0.01942 -1.58393 -0.25161
v -0.00742 -1.58124 -0.25990
v 0.00742 -1.58124 -0.25990
v 0.01942 -1.58393 -0.25161
v 0.02400 -1.58829 -0.23819
v 0.02217 -1.59528 -0.24046
v 0.01794 -1.59930 -0.22807
v 0.00685 -1.60179 -0.22041
v -0.00685 -1.60179 -0.22041
v -0.01794 -1.59930 -0.22807
v -0.02217 -1.59528 -0.24046
v -0.01794 -1.59125 -0.25286
v -0.00685 -1.58877 -0.26052
v 0.00685 -1.58877 -0.26052
v 0.01794 -1.59125 -0.25286
v 0.02217 -1.59528 -0.24046
v 0.01697 -1.60120 -0.24239
v 0.01373 -1.60428 -0.23290
v 0.00524 -1.60619 -0.22704
v -0.00524 -1.60619 -0.22704
v -0.01373 -1.60428 -0.23290
v -0.01697 -1.60120 -0.24239
v -0.01373 -1.59812 -0.25187
v -0.00524 -1.59622 -0.25774
v 0.00524 -1.59622 -0.25774
v 0.01373 -1.59812 -0.25187
v 0.01697 -1.60120 -0.24239
v 0.00918 -1.60516 -0.24367
v 0.00743 -1.60683 -0.23854
v 0.00284 -1.60786 -0.23536
v -0.00284 -1.60786 -0.23536
v -0.00743 -1.60683 -0.23854
v -0.00918 -1.60516 -0.24367
v -0.00743 -1.60350 -0.24881
v -0.00284 -1.60246 -0.25198
v 0.00284 -1.60246 -0.25198
v 0.00743 -1.60350 -0.24881
v 0.00918 -1.60516 -0.24367
v 0.00100 -1.60655 -0.24412
v 0.00081 -1.60673 -0.24356
v 0.00031 -1.60685 -0.24322
v -0.00031 -1.60685 -0.24322
v -0.00081 -1.60673 -0.24356
v -0.00100 -1.60655 -0.24412
v -0.00081 -1.60637 -0.24468
v -0.00031 -1.60626 -0.24503
v 0.00031 -1.60626 -0.24503
v 0.00081 -1.60637 -0.24468
v 0.00100 -1.60655 -0.24412
v 0.09776 -0.18298 0.00222
v 0.09758 -0.18303 0.00281
v 0.09708 -0.18309 0.00317
v 0.09647 -0.18315 0.00317
v 0.09597 -0.18317 0.00281
v 0.09577 -0.18315 0.00222
v 0.09596 -0.18310 0.00164
v 0.09646 -0.18303 0.00128
v 0.09707 -0.18298 0.00128
v 0.09757 -0.18296 0.00164
v 0.09776 -0.18298 0.00222
v 0.11471 -0.18433 0.00206
v 0.11139 -0.18525 0.01248
v 0.10257 -0.18641 0.01892
v 0.09163 -0.18736 0.01892
v 0.08275 -0.18775 0.01248
v 0.07931 -0.18742 0.00206
v 0.08264 -0.18651 -0.00837
v 0.09146 -0.18535 -0.01481
v 0.10240 -0.18439 -0.01481
v 0.11128 -0.18400 -0.00837
v 0.11471 -0.18433 0.00206
v 0.13042 -0.19102 0.00157
v 0.12428 -0.19272 0.02084
v 0.10798 -0.19486 0.03274
v 0.08777 -0.19663 0.03274
v 0.07136 -0.19735 0.02084
v 0.06501 -0.19674 0.00157
v 0.07115 -0.19505 -0.01769
v 0.08745 -0.19290 -0.02959
v 0.10766 -0.19114 -0.02959
v 0.12407 -0.19042 -0.01769
v 0.13042 -0.19102 0.00157
v 0.14150 -0.20213 0.00085
v 0.13347 -0.20435 0.02602
v 0.11218 -0.20714 0.04157
v 0.08577 -0.20945 0.04157
v 0.06432 -0.21039 0.02602
v 0.05603 -0.20960 0.00085
v 0.06406 -0.20739 -0.02432
v 0.08535 -0.20459 -0.03987
v 0.11176 -0.20228 -0.03987
v 0.13320 -0.20134 -0.02432
v 0.14150 -0.20213 0.00085
v 0.14625 -0.21595 0.00000
v 0.13756 -0.21835 0.02724
v 0.11452 -0.22138 0.04408
v 0.08594 -0.22389 0.04408
v 0.06272 -0.22490 0.02724
v 0.05375 -0.22405 0.00000
v 0.06244 -0.22165 -0.02724
v 0.08548 -0.21862 -0.04408
v 0.11406 -0.21611 -0.04408
v 0.13728 -0.21510 -0.02724
v 0.14625 -0.21595 -0.00000
v 0.15499 -0.30203 -0.00519
v 0.14608 -0.30449 0.02276
v 0.12244 -0.30760 0.04003
v 0.09311 -0.31017 0.04003
v 0.06930 -0.31121 0.02276
v 0.06009 -0.31033 -0.00519
v 0.06900 -0.30787 -0.03314
v 0.09264 -0.30476 -0.05041
v 0.12197 -0.30220 -0.05041
v 0.14578 -0.30115 -0.03314
v 0.15499 -0.30203 -0.00519
v 0.15518 -0.38886 -0.01038
v 0.14764 -0.39094 0.01323
v 0.12767 -0.39356 0.02783
v 0.10289 -0.39573 0.02783
v 0.08276 -0.39661 0.01323
v 0.07498 -0.39587 -0.01038
v 0.08252 -0.39379 -0.03400
v 0.10249 -0.39116 -0.04859
v 0.12727 -0.38900 -0.04859
v 0.14740 -0.38811 -0.03400
v 0.15518 -0.38886 -0.01038
v 0.16113 -0.47518 -0.01557
v 0.15389 -0.47718 0.00711
v 0.13471 -0.47970 0.02113
v 0.11091 -0.48178 0.02113
v 0.09158 -0.48263 0.00711
v 0.08411 -0.48191 -0.01557
v 0.09134 -0.47992 -0.03825
v 0.11053 -0.47739 -0.05227
v 0.13433 -0.47531 -0.05227
v 0.15366 -0.47446 -0.03825
v 0.16113 -0.47518 -0.01557
v 0.16756 -0.56146 -0.02076
v 0.16053 -0.56340 0.00126
v 0.14190 -0.56585 0.01488
v 0.11879 -0.56787 0.01488
v 0.10002 -0.56869 0.00126
v 0.09276 -0.56800 -0.02076
v 0.09979 -0.56606 -0.04279
v 0.11842 -0.56361 -0.05640
v 0.14153 -0.56159 -0.05640
v 0.16030 -0.56076 -0.04279
v 0.16756 -0.56146 -0.02076
v 0.17399 -0.64773 -0.02595
v 0.16717 -0.64962 -0.00458
v 0.14909 -0.65200 0.00863
v 0.12667 -0.65396 0.00863
v 0.10845 -0.65476 -0.00458
v 0.10141 -0.65408 -0.02595
v 0.10823 -0.65220 -0.04733
v 0.12630 -0.64982 -0.06054
v 0.14873 -0.64786 -0.06054
v 0.16695 -0.64706 -0.04733
v 0.17399 -0.64773 -0.02595
v 0.18042 -0.73401 -0.03114
v 0.17381 -0.73584 -0.01042
v 0.15629 -0.73814 0.00238
v 0.13454 -0.74005 0.00238
v 0.11689 -0.74082 -0.01042
v 0.11006 -0.74017 -0.03114
v 0.11667 -0.73834 -0.05186
v 0.13419 -0.73604 -0.06467
v 0.15594 -0.73414 -0.06467
v 0.17359 -0.73336 -0.05186
v 0.18042 -0.73401 -0.03114
v 0.18687 -0.82029 -0.03633
v 0.18046 -0.82206 -0.01626
v 0.16348 -0.82429 -0.00385
v 0.14242 -0.82614 -0.00385
v 0.12531 -0.82689 -0.01626
v 0.11869 -0.82626 -0.03633
v 0.12510 -0.82449 -0.05641
v 0.14208 -0.82225 -0.06882
v 0.16314 -0.82041 -0.06882
v 0.18025 -0.81966 -0.05641
v 0.18687 -0.82029 -0.03633
v 0.19543 -0.90638 -0.04153
v 0.18884 -0.90821 -0.02084
v 0.17135 -0.91051 -0.00806
v 0.14964 -0.91240 -0.00806
v 0.13202 -0.91318 -0.02084
v 0.12520 -0.91253 -0.04153
v 0.13180 -0.91070 -0.06221
v 0.14929 -0.90840 -0.07499
v 0.17100 -0.90651 -0.07499
v 0.18862 -0.90573 -0.06221
v 0.19543 -0.90638 -0.04153
v 0.21082 -0.99183 -0.04671
v 0.20301 -0.99707 -0.02177
v 0.18178 -1.00177 -0.00636
v 0.15523 -1.00412 -0.00636
v 0.13350 -1.00323 -0.02178
v 0.12490 -0.99945 -0.04672
v 0.13271 -0.99420 -0.07166
v 0.15394 -0.98951 -0.08707
v 0.18049 -0.98715 -0.08707
v 0.20221 -0.98804 -0.07165
v 0.21082 -0.99183 -0.04671
v 0.20891 -1.06595 -0.07063
v 0.20289 -1.07280 -0.05130
v 0.18602 -1.07821 -0.03936
v 0.16473 -1.08012 -0.03937
v 0.14717 -1.07781 -0.05133
v 0.14004 -1.07215 -0.07066
v 0.14607 -1.06531 -0.08999
v 0.16294 -1.05990 -0.10193
v 0.18422 -1.05798 -0.10192
v 0.20178 -1.06029 -0.08996
v 0.20891 -1.06595 -0.07063
v 0.21106 -1.13977 -0.09456
v 0.20582 -1.14572 -0.07775
v 0.19114 -1.15043 -0.06736
v 0.17262 -1.15210 -0.06737
v 0.15734 -1.15009 -0.07777
v 0.15114 -1.14516 -0.09459
v 0.15638 -1.13921 -0.11140
v 0.17106 -1.13450 -0.12179
v 0.18958 -1.13284 -0.12178
v 0.20485 -1.13485 -0.11138
v 0.21106 -1.13977 -0.09456
v 0.21658 -1.21328 -0.11849
v 0.21154 -1.21902 -0.10229
v 0.19739 -1.22356 -0.09228
v 0.17955 -1.22516 -0.09229
v 0.16483 -1.22322 -0.10231
v 0.15885 -1.21848 -0.11852
v 0.16390 -1.21275 -0.13472
v 0.17805 -1.20821 -0.14473
v 0.19589 -1.20660 -0.14472
v 0.21061 -1.20854 -0.13470
v 0.21658 -1.21328 -0.11849
v 0.22221 -1.28679 -0.14242
v 0.21734 -1.29233 -0.12678
v 0.20368 -1.29671 -0.11712
v 0.18645 -1.29826 -0.11712
v 0.17224 -1.29639 -0.12680
v 0.16646 -1.29181 -0.14245
v 0.17134 -1.28627 -0.15809
v 0.18500 -1.28189 -0.16775
v 0.20223 -1.28034 -0.16775
v 0.21644 -1.28221 -0.15807
v 0.22221 -1.28679 -0.14242
v 0.22784 -1.36029 -0.16635
v 0.22314 -1.36564 -0.15127
v 0.20996 -1.36986 -0.14195
v 0.19335 -1.37136 -0.14195
v 0.17964 -1.36955 -0.15129
v 0.17408 -1.36513 -0.16638
v 0.17878 -1.35979 -0.18146
v 0.19195 -1.35557 -0.19078
v 0.20857 -1.35407 -0.19077
v 0.22227 -1.35588 -0.18144
v 0.22784 -1.36029 -0.16635
v 0.23347 -1.43380 -0.19028
v 0.22894 -1.43894 -0.17575
v 0.21625 -1.44301 -0.16678
v 0.20025 -1.44445 -0.16679
v 0.18705 -1.44271 -0.17577
v 0.18169 -1.43846 -0.19031
v 0.18622 -1.43331 -0.20484
v 0.19890 -1.42925 -0.21381
v 0.21490 -1.42781 -0.21380
v 0.22811 -1.42954 -0.20482
v 0.23347 -1.43380 -0.19028
v 0.23909 -1.50730 -0.21421
v 0.23474 -1.51225 -0.20024
v 0.22254 -1.51616 -0.19161
v 0.20715 -1.51755 -0.19162
v 0.19446 -1.51588 -0.20026
v 0.18930 -1.51178 -0.21424
v 0.19366 -1.50684 -0.22821
v 0.20586 -1.50292 -0.23684
v 0.22124 -1.50154 -0.23683
v 0.23394 -1.50321 -0.22819
v 0.23909 -1.50730 -0.21421
v 0.24472 -1.58081 -0.23814
v 0.24054 -1.58556 -0.22473
v 0.22882 -1.58931 -0.21644
v 0.21405 -1.59064 -0.21645
v 0.20186 -1.58904 -0.22475
v 0.19691 -1.58511 -0.23816
v 0.20109 -1.58036 -0.25158
v 0.21281 -1.57660 -0.25987
v 0.22758 -1.57527 -0.25986
v 0.23977 -1.57688 -0.25156
v 0.24472 -1.58081 -0.23814
v 0.24353 -1.58793 -0.24041
v 0.23967 -1.59232 -0.22802
v 0.22884 -1.59579 -0.22036
v 0.21519 -1.59702 -0.22037
v 0.20393 -1.59554 -0.22803
v 0.19936 -1.59191 -0.24043
v 0.20322 -1.58752 -0.25283
v 0.21405 -1.58405 -0.26048
v 0.22769 -1.58282 -0.26048
v 0.23896 -1.58430 -0.25281
v 0.24353 -1.58793 -0.24041
v 0.23888 -1.59430 -0.24234
v 0.23592 -1.59766 -0.23285
v 0.22764 -1.60031 -0.22699
v 0.21719 -1.60125 -0.22700
v 0.20857 -1.60012 -0.23286
v 0.20507 -1.59734 -0.24235
v 0.20803 -1.59398 -0.25184
v 0.21631 -1.59133 -0.25770
v 0.22676 -1.59039 -0.25769
v 0.23538 -1.59152 -0.25183
v 0.23888 -1.59430 -0.24234
v 0.23148 -1.59894 -0.24363
v 0.22988 -1.60076 -0.23849
v 0.22540 -1.60219 -0.23532
v 0.21974 -1.60270 -0.23532
v 0.21508 -1.60209 -0.23850
v 0.21318 -1.60059 -0.24363
v 0.21478 -1.59877 -0.24877
v 0.21927 -1.59733 -0.25194
v 0.22492 -1.59682 -0.25194
v 0.22959 -1.59744 -0.24876
v 0.23148 -1.59894 -0.24363
v 0.22345 -1.60106 -0.24408
v 0.22328 -1.60126 -0.24352
v 0.22279 -1.60141 -0.24318
v 0.22217 -1.60147 -0.24318
v 0.22167 -1.60140 -0.24352
v 0.22146 -1.60124 -0.24408
v 0.22163 -1.60104 -0.24464
v 0.22212 -1.60088 -0.24499
v 0.22274 -1.60083 -0.24499
v 0.22325 -1.60089 -0.24464
v 0.22345 -1.60106 -0.24408
vt 0.00000 -0.04400
vt 0.05000 -0.04400
vt 0.10000 -0.04400
vt 0.15000 -0.04400
vt 0.20000 -0.04400
vt 0.25000 -0.04400
vt 0.30000 -0.04400
vt 0.35000 -0.04400
vt 0.40000 -0.04400
vt 0.45000 -0.04400
vt 0.50000 -0.04400
vt 0.55000 -0.04400
vt 0.60000 -0.04400
vt 0.65000 -0.04400
vt 0.70000 -0.04400
vt 0.75000 -0.04400
vt 0.80000 -0.04400
vt 0.85000 -0.04400
vt 0.90000 -0.04400
vt 0.95000 -0.04400
vt 1.00000 -0.04400
vt 0.00000 -0.04065
vt 0.05000 -0.04065
vt 0.10000 -0.04065
vt 0.15000 -0.04065
vt 0.20000 -0.04065
vt 0.25000 -0.04065
vt 0.30000 -0.04065
vt 0.35000 -0.04065
vt 0.40000 -0.04065
vt 0.45000 -0.04065
vt 0.50000 -0.04065
vt 0.55000 -0.04065
vt 0.60000 -0.04065
vt 0.65000 -0.04065
vt 0.70000 -0.04065
vt 0.75000 -0.04065
vt 0.80000 -0.04065
vt 0.85000 -0.04065
vt 0.90000 -0.04065
vt 0.95000 -0.04065
vt 1.00000 -0.04065
vt 0.00000 -0.03111
vt 0.05000 -0.03111
vt 0.10000 -0.03111
vt 0.15000 -0.03111
vt 0.20000 -0.03111
vt 0.25000 -0.03111
vt 0.30000 -0.03111
vt 0.35000 -0.03111
vt 0.40000 -0.03111
vt 0.45000 -0.03111
vt 0.50000 -0.03111
vt 0.55000 -0.03111
vt 0.60000 -0.03111
vt 0.65000 -0.03111
vt 0.70000 -0.03111
vt 0.75000 -0.03111
vt 0.80000 -0.03111
vt 0.85000 -0.03111
vt 0.90000 -0.03111
vt 0.95000 -0.03111
vt 1.00000 -0.03111
vt 0.00000 -0.01684
vt 0.05000 -0.01684
vt 0.10000 -0.01684
vt 0.15000 -0.01684
vt 0.20000 -0.01684
vt 0.25000 -0.01684
vt 0.30000 -0.01684
vt 0.35000 -0.01684
vt 0.40000 -0.01684
vt 0.45000 -0.01684
vt 0.50000 -0.01684
vt 0.55000 -0.01684
vt 0.60000 -0.01684
vt 0.65000 -0.01684
vt 0.70000 -0.01684
vt 0.75000 -0.01684
vt 0.80000 -0.01684
vt 0.85000 -0.01684
vt 0.90000 -0.01684
vt 0.95000 -0.01684
vt 1.00000 -0.01684
vt 0.00000 0.00000
vt 0.05000 0.00000
vt 0.10000 0.00000
vt 0.15000 0.00000
vt 0.20000 0.00000
vt 0.25000 0.00000
vt 0.30000 0.00000
vt 0.35000 0.00000
vt 0.40000 0.00000
vt 0.45000 0.00000
vt 0.50000 0.00000
vt 0.55000 0.00000
vt 0.60000 0.00000
vt 0.65000 0.00000
vt 0.70000 0.00000
vt 0.75000 0.00000
vt 0.80000 0.00000
vt 0.85000 0.00000
vt 0.90000 0.00000
vt 0.95000 0.00000
vt 1.00000 0.00000
vt 0.00000 0.03000
vt 0.05000 0.03000
vt 0.10000 0.03000
vt 0.15000 0.03000
vt 0.20000 0.03000
vt 0.25000 0.03000
vt 0.30000 0.03000
vt 0.35000 0.03000
vt 0.40000 0.03000
vt 0.45000 0.03000
vt 0.50000 0.03000
vt 0.55000 0.03000
vt 0.60000 0.03000
vt 0.65000 0.03000
vt 0.70000 0.03000
vt 0.75000 0.03000
vt 0.80000 0.03000
vt 0.85000 0.03000
vt 0.90000 0.03000
vt 0.95000 0.03000
vt 1.00000 0.03000
vt 0.00000 0.06000
vt 0.05000 0.06000
vt 0.10000 0.06000
vt 0.15000 0.06000
vt 0.20000 0.06000
vt 0.25000 0.06000
vt 0.30000 0.06000
vt 0.35000 0.06000
vt 0.40000 0.06000
vt 0.45000 0.06000
vt 0.50000 0.06000
vt 0.55000 0.06000
vt 0.60000 0.06000
vt 0.65000 0.06000
vt 0.70000 0.06000
vt 0.75000 0.06000
vt 0.80000 0.06000
vt 0.85000 0.06000
vt 0.90000 0.06000
vt 0.95000 0.06000
vt 1.00000 0.06000
vt 0.00000 0.09000
vt 0.05000 0.09000
vt 0.10000 0.09000
vt 0.15000 0.09000
vt 0.20000 0.09000
vt 0.25000 0.09000
vt 0.30000 0.09000
vt 0.35000 0.09000
vt 0.40000 0.09000
vt 0.45000 0.09000
vt 0.50000 0.09000
vt 0.55000 0.09000
vt 0.60000 0.09000
vt 0.65000 0.09000
vt 0.70000 0.09000
vt 0.75000 0.09000
vt 0.80000 0.09000
vt 0.85000 0.09000
vt 0.90000 0.09000
vt 0.95000 0.09000
vt 1.00000 0.09000
vt 0.00000 0.12000
vt 0.05000 0.12000
vt 0.10000 0.12000
vt 0.15000 0.12000
vt 0.20000 0.12000
vt 0.25000 0.12000
vt 0.30000 0.12000
vt 0.35000 0.12000
vt 0.40000 0.12000
vt 0.45000 0.12000
vt 0.50000 0.12000
vt 0.55000 0.12000
vt 0.60000 0.12000
vt 0.65000 0.12000
vt 0.70000 0.12000
vt 0.75000 0.12000
vt 0.80000 0.12000
vt 0.85000 0.12000
vt 0.90000 0.12000
vt 0.95000 0.12000
vt 1.00000 0.12000
vt 0.00000 0.15000
vt 0.05000 0.15000
vt 0.10000 0.15000
vt 0.15000 0.15000
vt 0.20000 0.15000
vt 0.25000 0.15000
vt 0.30000 0.15000
vt 0.35000 0.15000
vt 0.40000 0.15000
vt 0.45000 0.15000
vt 0.50000 0.15000
vt 0.55000 0.15000
vt 0.60000 0.15000
vt 0.65000 0.15000
vt 0.70000 0.15000
vt 0.75000 0.15000
vt 0.80000 0.15000
vt 0.85000 0.15000
vt 0.90000 0.15000
vt 0.95000 0.15000
vt 1.00000 0.15000
vt 0.00000 0.18000
vt 0.05000 0.18000
vt 0.10000 0.18000
vt 0.15000 0.18000
vt 0.20000 0.18000
vt 0.25000 0.18000
vt 0.30000 0.18000
vt 0.35000 0.18000
vt 0.40000 0.18000
vt 0.45000 0.18000
vt 0.50000 0.18000
vt 0.55000 0.18000
vt 0.60000 0.18000
vt 0.65000 0.18000
vt 0.70000 0.18000
vt 0.75000 0.18000
vt 0.80000 0.18000
vt 0.85000 0.18000
vt 0.90000 0.18000
vt 0.95000 0.18000
vt 1.00000 0.18000
vt 0.00000 0.21000
vt 0.05000 0.21000
vt 0.10000 0.21000
vt 0.15000 0.21000
vt 0.20000 0.21000
vt 0.25000 0.21000
vt 0.30000 0.21000
vt 0.35000 0.21000
vt 0.40000 0.21000
vt 0.45000 0.21000
vt 0.50000 0.21000
vt 0.55000 0.21000
vt 0.60000 0.21000
vt 0.65000 0.21000
vt 0.70000 0.21000
vt 0.75000 0.21000
vt 0.80000 0.21000
vt 0.85000 0.21000
vt 0.90000 0.21000
vt 0.95000 0.21000
vt 1.00000 0.21000
vt 0.00000 0.24000
vt 0.05000 0.24000
vt 0.10000 0.24000
vt 0.15000 0.24000
vt 0.20000 0.24000
vt 0.25000 0.24000
vt 0.30000 0.24000
vt 0.35000 0.24000
vt 0.40000 0.24000
vt 0.45000 0.24000
vt 0.50000 0.24000
vt 0.55000 0.24000
vt 0.60000 0.24000
vt 0.65000 0.24000
vt 0.70000 0.24000
vt 0.75000 0.24000
vt 0.80000 0.24000
vt 0.85000 0.24000
vt 0.90000 0.24000
vt 0.95000 0.24000
vt 1.00000 0.24000
vt 0.00000 0.27000
vt 0.05000 0.27000
vt 0.10000 0.27000
vt 0.15000 0.27000
vt 0.20000 0.27000
vt 0.25000 0.27000
vt 0.30000 0.27000
vt 0.35000 0.27000
vt 0.40000 0.27000
vt 0.45000 0.27000
vt 0.50000 0.27000
vt 0.55000 0.27000
vt 0.60000 0.27000
vt 0.65000 0.27000
vt 0.70000 0.27000
vt 0.75000 0.27000
vt 0.80000 0.27000
vt 0.85000 0.27000
vt 0.90000 0.27000
vt 0.95000 0.27000
vt 1.00000 0.27000
vt 0.00000 0.28531
vt 0.05000 0.28531
vt 0.10000 0.28531
vt 0.15000 0.28531
vt 0.20000 0.28531
vt 0.25000 0.28531
vt 0.30000 0.28531
vt 0.35000 0.28531
vt 0.40000 0.28531
vt 0.45000 0.28531
vt 0.50000 0.28531
vt 0.55000 0.28531
vt 0.60000 0.28531
vt 0.65000 0.28531
vt 0.70000 0.28531
vt 0.75000 0.28531
vt 0.80000 0.28531
vt 0.85000 0.28531
vt 0.90000 0.28531
vt 0.95000 0.28531
vt 1.00000 0.28531
vt 0.00000 0.29828
vt 0.05000 0.29828
vt 0.10000 0.29828
vt 0.15000 0.29828
vt 0.20000 0.29828
vt 0.25000 0.29828
vt 0.30000 0.29828
vt 0.35000 0.29828
vt 0.40000 0.29828
vt 0.45000 0.29828
vt 0.50000 0.29828
vt 0.55000 0.29828
vt 0.60000 0.29828
vt 0.65000 0.29828
vt 0.70000 0.29828
vt 0.75000 0.29828
vt 0.80000 0.29828
vt 0.85000 0.29828
vt 0.90000 0.29828
vt 0.95000 0.29828
vt 1.00000 0.29828
vt 0.00000 0.30696
vt 0.05000 0.30696
vt 0.10000 0.30696
vt 0.15000 0.30696
vt 0.20000 0.30696
vt 0.25000 0.30696
vt 0.30000 0.30696
vt 0.35000 0.30696
vt 0.40000 0.30696
vt 0.45000 0.30696
vt 0.50000 0.30696
vt 0.55000 0.30696
vt 0.60000 0.30696
vt 0.65000 0.30696
vt 0.70000 0.30696
vt 0.75000 0.30696
vt 0.80000 0.30696
vt 0.85000 0.30696
vt 0.90000 0.30696
vt 0.95000 0.30696
vt 1.00000 0.30696
vt 0.00000 0.31000
vt 0.05000 0.31000
vt 0.10000 0.31000
vt 0.15000 0.31000
vt 0.20000 0.31000
vt 0.25000 0.31000
vt 0.30000 0.31000
vt 0.35000 0.31000
vt 0.40000 0.31000
vt 0.45000 0.31000
vt 0.50000 0.31000
vt 0.55000 0.31000
vt 0.60000 0.31000
vt 0.65000 0.31000
vt 0.70000 0.31000
vt 0.75000 0.31000
vt 0.80000 0.31000
vt 0.85000 0.31000
vt 0.90000 0.31000
vt 0.95000 0.31000
vt 1.00000 0.31000
vt 0.00000 -0.01857
vt 0.10000 -0.01857
vt 0.20000 -0.01857
vt 0.30000 -0.01857
vt 0.40000 -0.01857
vt 0.50000 -0.01857
vt 0.60000 -0.01857
vt 0.70000 -0.01857
vt 0.80000 -0.01857
vt 0.90000 -0.01857
vt 1.00000 -0.01857
vt 0.00000 -0.01716
vt 0.10000 -0.01716
vt 0.20000 -0.01716
vt 0.30000 -0.01716
vt 0.40000 -0.01716
vt 0.50000 -0.01716
vt 0.60000 -0.01716
vt 0.70000 -0.01716
vt 0.80000 -0.01716
vt 0.90000 -0.01716
vt 1.00000 -0.01716
vt 0.00000 -0.01313
vt 0.10000 -0.01313
vt 0.20000 -0.01313
vt 0.30000 -0.01313
vt 0.40000 -0.01313
vt 0.50000 -0.01313
vt 0.60000 -0.01313
vt 0.70000 -0.01313
vt 0.80000 -0.01313
vt 0.90000 -0.01313
vt 1.00000 -0.01313
vt 0.00000 -0.00711
vt 0.10000 -0.00711
vt 0.20000 -0.00711
vt 0.30000 -0.00711
vt 0.40000 -0.00711
vt 0.50000 -0.00711
vt 0.60000 -0.00711
vt 0.70000 -0.00711
vt 0.80000 -0.00711
vt 0.90000 -0.00711
vt 1.00000 -0.00711
vt 0.00000 0.00000
vt 0.10000 0.00000
vt 0.20000 0.00000
vt 0.30000 0.00000
vt 0.40000 0.00000
vt 0.50000 0.00000
vt 0.60000 0.00000
vt 0.70000 0.00000
vt 0.80000 0.00000
vt 0.90000 0.00000
vt 1.00000 0.00000
vt 0.00000 0.04333
vt 0.10000 0.04333
vt 0.20000 0.04333
vt 0.30000 0.04333
vt 0.40000 0.04333
vt 0.50000 0.04333
vt 0.60000 0.04333
vt 0.70000 0.04333
vt 0.80000 0.04333
vt 0.90000 0.04333
vt 1.00000 0.04333
vt 0.00000 0.08667
vt 0.10000 0.08667
vt 0.20000 0.08667
vt 0.30000 0.08667
vt 0.40000 0.08667
vt 0.50000 0.08667
vt 0.60000 0.08667
vt 0.70000 0.08667
vt 0.80000 0.08667
vt 0.90000 0.08667
vt 1.00000 0.08667
vt 0.00000 0.13000
vt 0.10000 0.13000
vt 0.20000 0.13000
vt 0.30000 0.13000
vt 0.40000 0.13000
vt 0.50000 0.13000
vt 0.60000 0.13000
vt 0.70000 0.13000
vt 0.80000 0.13000
vt 0.90000 0.13000
vt 1.00000 0.13000
vt 0.00000 0.17333
vt 0.10000 0.17333
vt 0.20000 0.17333
vt 0.30000 0.17333
vt 0.40000 0.17333
vt 0.50000 0.17333
vt 0.60000 0.17333
vt 0.70000 0.17333
vt 0.80000 0.17333
vt 0.90000 0.17333
vt 1.00000 0.17333
vt 0.00000 0.21667
vt 0.10000 0.21667
vt 0.20000 0.21667
vt 0.30000 0.21667
vt 0.40000 0.21667
vt 0.50000 0.21667
vt 0.60000 0.21667
vt 0.70000 0.21667
vt 0.80000 0.21667
vt 0.90000 0.21667
vt 1.00000 0.21667
vt 0.00000 0.26000
vt 0.10000 0.26000
vt 0.20000 0.26000
vt 0.30000 0.26000
vt 0.40000 0.26000
vt 0.50000 0.26000
vt 0.60000 0.26000
vt 0.70000 0.26000
vt 0.80000 0.26000
vt 0.90000 0.26000
vt 1.00000 0.26000
vt 0.00000 0.30333
vt 0.10000 0.30333
vt 0.20000 0.30333
vt 0.30000 0.30333
vt 0.40000 0.30333
vt 0.50000 0.30333
vt 0.60000 0.30333
vt 0.70000 0.30333
vt 0.80000 0.30333
vt 0.90000 0.30333
vt 1.00000 0.30333
vt 0.00000 0.34667
vt 0.10000 0.34667
vt 0.20000 0.34667
vt 0.30000 0.34667
vt 0.40000 0.34667
vt 0.50000 0.34667
vt 0.60000 0.34667
vt 0.70000 0.34667
vt 0.80000 0.34667
vt 0.90000 0.34667
vt 1.00000 0.34667
vt 0.00000 0.39000
vt 0.10000 0.39000
vt 0.20000 0.39000
vt 0.30000 0.39000
vt 0.40000 0.39000
vt 0.50000 0.39000
vt 0.60000 0.39000
vt 0.70000 0.39000
vt 0.80000 0.39000
vt 0.90000 0.39000
vt 1.00000 0.39000
vt 0.00000 0.42875
vt 0.10000 0.42875
vt 0.20000 0.42875
vt 0.30000 0.42875
vt 0.40000 0.42875
vt 0.50000 0.42875
vt 0.60000 0.42875
vt 0.70000 0.42875
vt 0.80000 0.42875
vt 0.90000 0.42875
vt 1.00000 0.42875
vt 0.00000 0.46750
vt 0.10000 0.46750
vt 0.20000 0.46750
vt 0.30000 0.46750
vt 0.40000 0.46750
vt 0.50000 0.46750
vt 0.60000 0.46750
vt 0.70000 0.46750
vt 0.80000 0.46750
vt 0.90000 0.46750
vt 1.00000 0.46750
vt 0.00000 0.50625
vt 0.10000 0.50625
vt 0.20000 0.50625
vt 0.30000 0.50625
vt 0.40000 0.50625
vt 0.50000 0.50625
vt 0.60000 0.50625
vt 0.70000 0.50625
vt 0.80000 0.50625
vt 0.90000 0.50625
vt 1.00000 0.50625
vt 0.00000 0.54500
vt 0.10000 0.54500
vt 0.20000 0.54500
vt 0.30000 0.54500
vt 0.40000 0.54500
vt 0.50000 0.54500
vt 0.60000 0.54500
vt 0.70000 0.54500
vt 0.80000 0.54500
vt 0.90000 0.54500
vt 1.00000 0.54500
vt 0.00000 0.58375
vt 0.10000 0.58375
vt 0.20000 0.58375
vt 0.30000 0.58375
vt 0.40000 0.58375
vt 0.50000 0.58375
vt 0.60000 0.58375
vt 0.70000 0.58375
vt 0.80000 0.58375
vt 0.90000 0.58375
vt 1.00000 0.58375
vt 0.00000 0.62250
vt 0.10000 0.62250
vt 0.20000 0.62250
vt 0.30000 0.62250
vt 0.40000 0.62250
vt 0.50000 0.62250
vt 0.60000 0.62250
vt 0.70000 0.62250
vt 0.80000 0.62250
vt 0.90000 0.62250
vt 1.00000 0.62250
vt 0.00000 0.66125
vt 0.10000 0.66125
vt 0.20000 0.66125
vt 0.30000 0.66125
vt 0.40000 0.66125
vt 0.50000 0.66125
vt 0.60000 0.66125
vt 0.70000 0.66125
vt 0.80000 0.66125
vt 0.90000 0.66125
vt 1.00000 0.66125
vt 0.00000 0.70000
vt 0.10000 0.70000
vt 0.20000 0.70000
vt 0.30000 0.70000
vt 0.40000 0.70000
vt 0.50000 0.70000
vt 0.60000 0.70000
vt 0.70000 0.70000
vt 0.80000 0.70000
vt 0.90000 0.70000
vt 1.00000 0.70000
vt 0.00000 0.70367
vt 0.10000 0.70367
vt 0.20000 0.70367
vt 0.30000 0.70367
vt 0.40000 0.70367
vt 0.50000 0.70367
vt 0.60000 0.70367
vt 0.70000 0.70367
vt 0.80000 0.70367
vt 0.90000 0.70367
vt 1.00000 0.70367
vt 0.00000 0.70679
vt 0.10000 0.70679
vt 0.20000 0.70679
vt 0.30000 0.70679
vt 0.40000 0.70679
vt 0.50000 0.70679
vt 0.60000 0.70679
vt 0.70000 0.70679
vt 0.80000 0.70679
vt 0.90000 0.70679
vt 1.00000 0.70679
vt 0.00000 0.70887
vt 0.10000 0.70887
vt 0.20000 0.70887
vt 0.30000 0.70887
vt 0.40000 0.70887
vt 0.50000 0.70887
vt 0.60000 0.70887
vt 0.70000 0.70887
vt 0.80000 0.70887
vt 0.90000 0.70887
vt 1.00000 0.70887
vt 0.00000 0.70960
vt 0.10000 0.70960
vt 0.20000 0.70960
vt 0.30000 0.70960
vt 0.40000 0.70960
vt 0.50000 0.70960
vt 0.60000 0.70960
vt 0.70000 0.70960
vt 0.80000 0.70960
vt 0.90000 0.70960
vt 1.00000 0.70960
vt 0.00000 -0.01857
vt 0.10000 -0.01857
vt 0.20000 -0.01857
vt 0.30000 -0.01857
vt 0.40000 -0.01857
vt 0.50000 -0.01857
vt 0.60000 -0.01857
vt 0.70000 -0.01857
vt 0.80000 -0.01857
vt 0.90000 -0.01857
vt 1.00000 -0.01857
vt 0.00000 -0.01716
vt 0.10000 -0.01716
vt 0.20000 -0.01716
vt 0.30000 -0.01716
vt 0.40000 -0.01716
vt 0.50000 -0.01716
vt 0.60000 -0.01716
vt 0.70000 -0.01716
vt 0.80000 -0.01716
vt 0.90000 -0.01716
vt 1.00000 -0.01716
vt 0.00000 -0.01313
vt 0.10000 -0.01313
vt 0.20000 -0.01313
vt 0.30000 -0.01313
vt 0.40000 -0.01313
vt 0.50000 -0.01313
vt 0.60000 -0.01313
vt 0.70000 -0.01313
vt 0.80000 -0.01313
vt 0.90000 -0.01313
vt 1.00000 -0.01313
vt 0.00000 -0.00711
vt 0.10000 -0.00711
vt 0.20000 -0.00711
vt 0.30000 -0.00711
vt 0.40000 -0.00711
vt 0.50000 -0.00711
vt 0.60000 -0.00711
vt 0.70000 -0.00711
vt 0.80000 -0.00711
vt 0.90000 -0.00711
vt 1.00000 -0.00711
vt 0.00000 0.00000
vt 0.10000 0.00000
vt 0.20000 0.00000
vt 0.30000 0.00000
vt 0.40000 0.00000
vt 0.50000 0.00000
vt 0.60000 0.00000
vt 0.70000 0.00000
vt 0.80000 0.00000
vt 0.90000 0.00000
vt 1.00000 0.00000
vt 0.00000 0.04333
vt 0.10000 0.04333
vt 0.20000 0.04333
vt 0.30000 0.04333
vt 0.40000 0.04333
vt 0.50000 0.04333
vt 0.60000 0.04333
vt 0.70000 0.04333
vt 0.80000 0.04333
vt 0.90000 0.04333
vt 1.00000 0.04333
vt 0.00000 0.08667
vt 0.10000 0.08667
vt 0.20000 0.08667
vt 0.30000 0.08667
vt 0.40000 0.08667
vt 0.50000 0.08667
vt 0.60000 0.08667
vt 0.70000 0.08667
vt 0.80000 0.08667
vt 0.90000 0.08667
vt 1.00000 0.08667
vt 0.00000 0.13000
vt 0.10000 0.13000
vt 0.20000 0.13000
vt 0.30000 0.13000
vt 0.40000 0.13000
vt 0.50000 0.13000
vt 0.60000 0.13000
vt 0.70000 0.13000
vt 0.80000 0.13000
vt 0.90000 0.13000
vt 1.00000 0.13000
vt 0.00000 0.17333
vt 0.10000 0.17333
vt 0.20000 0.17333
vt 0.30000 0.17333
vt 0.40000 0.17333
vt 0.50000 0.17333
vt 0.60000 0.17333
vt 0.70000 0.17333
vt 0.80000 0.17333
vt 0.90000 0.17333
vt 1.00000 0.17333
vt 0.00000 0.21667
vt 0.10000 0.21667
vt 0.20000 0.21667
vt 0.30000 0.21667
vt 0.40000 0.21667
vt 0.50000 0.21667
vt 0.60000 0.21667
vt 0.70000 0.21667
vt 0.80000 0.21667
vt 0.90000 0.21667
vt 1.00000 0.21667
vt 0.00000 0.26000
vt 0.10000 0.26000
vt 0.20000 0.26000
vt 0.30000 0.26000
vt 0.40000 0.26000
vt 0.50000 0.26000
vt 0.60000 0.26000
vt 0.70000 0.26000
vt 0.80000 0.26000
vt 0.90000 0.26000
vt 1.00000 0.26000
vt 0.00000 0.30333
vt 0.10000 0.30333
vt 0.20000 0.30333
vt 0.30000 0.30333
vt 0.40000 0.30333
vt 0.50000 0.30333
vt 0.60000 0.30333
vt 0.70000 0.30333
vt 0.80000 0.30333
vt 0.90000 0.30333
vt 1.00000 0.30333
vt 0.00000 0.34667
vt 0.10000 0.34667
vt 0.20000 0.34667
vt 0.30000 0.34667
vt 0.40000 0.34667
vt 0.50000 0.34667
vt 0.60000 0.34667
vt 0.70000 0.34667
vt 0.80000 0.34667
vt 0.90000 0.34667
vt 1.00000 0.34667
vt 0.00000 0.39000
vt 0.10000 0.39000
vt 0.20000 0.39000
vt 0.30000 0.39000
vt 0.40000 0.39000
vt 0.50000 0.39000
vt 0.60000 0.39000
vt 0.70000 0.39000
vt 0.80000 0.39000
vt 0.90000 0.39000
vt 1.00000 0.39000
vt 0.00000 0.42875
vt 0.10000 0.42875
vt 0.20000 0.42875
vt 0.30000 0.42875
vt 0.40000 0.42875
vt 0.50000 0.42875
vt 0.60000 0.42875
vt 0.70000 0.42875
vt 0.80000 0.42875
vt 0.90000 0.42875
vt 1.00000 0.42875
vt 0.00000 0.46750
vt 0.10000 0.46750
vt 0.20000 0.46750
vt 0.30000 0.46750
vt 0.40000 0.46750
vt 0.50000 0.46750
vt 0.60000 0.46750
vt 0.70000 0.46750
vt 0.80000 0.46750
vt 0.90000 0.46750
vt 1.00000 0.46750
vt 0.00000 0.50625
vt 0.10000 0.50625
vt 0.20000 0.50625
vt 0.30000 0.50625
vt 0.40000 0.50625
vt 0.50000 0.50625
vt 0.60000 0.50625
vt 0.70000 0.50625
vt 0.80000 0.50625
vt 0.90000 0.50625
vt 1.00000 0.50625
vt 0.00000 0.54500
vt 0.10000 0.54500
vt 0.20000 0.54500
vt 0.30000 0.54500
vt 0.40000 0.54500
vt 0.50000 0.54500
vt 0.60000 0.54500
vt 0.70000 0.54500
vt 0.80000 0.54500
vt 0.90000 0.54500
vt 1.00000 0.54500
vt 0.00000 0.58375
vt 0.10000 0.58375
vt 0.20000 0.58375
vt 0.30000 0.58375
vt 0.40000 0.58375
vt 0.50000 0.58375
vt 0.60000 0.58375
vt 0.70000 0.58375
vt 0.80000 0.58375
vt 0.90000 0.58375
vt 1.00000 0.58375
vt 0.00000 0.62250
vt 0.10000 0.62250
vt 0.20000 0.62250
vt 0.30000 0.62250
vt 0.40000 0.62250
vt 0.50000 0.62250
vt 0.60000 0.62250
vt 0.70000 0.62250
vt 0.80000 0.62250
vt 0.90000 0.62250
vt 1.00000 0.62250
vt 0.00000 0.66125
vt 0.10000 0.66125
vt 0.20000 0.66125
vt 0.30000 0.66125
vt 0.40000 0.66125
vt 0.50000 0.66125
vt 0.60000 0.66125
vt 0.70000 0.66125
vt 0.80000 0.66125
vt 0.90000 0.66125
vt 1.00000 0.66125
vt 0.00000 0.70000
vt 0.10000 0.70000
vt 0.20000 0.70000
vt 0.30000 0.70000
vt 0.40000 0.70000
vt 0.50000 0.70000
vt 0.60000 0.70000
vt 0.70000 0.70000
vt 0.80000 0.70000
vt 0.90000 0.70000
vt 1.00000 0.70000
vt 0.00000 0.70367
vt 0.10000 0.70367
vt 0.20000 0.70367
vt 0.30000 0.70367
vt 0.40000 0.70367
vt 0.50000 0.70367
vt 0.60000 0.70367
vt 0.70000 0.70367
vt 0.80000 0.70367
vt 0.90000 0.70367
vt 1.00000 0.70367
vt 0.00000 0.70679
vt 0.10000 0.70679
vt 0.20000 0.70679
vt 0.30000 0.70679
vt 0.40000 0.70679
vt 0.50000 0.70679
vt 0.60000 0.70679
vt 0.70000 0.70679
vt 0.80000 0.70679
vt 0.90000 0.70679
vt 1.00000 0.70679
vt 0.00000 0.70887
vt 0.10000 0.70887
vt 0.20000 0.70887
vt 0.30000 0.70887
vt 0.40000 0.70887
vt 0.50000 0.70887
vt 0.60000 0.70887
vt 0.70000 0.70887
vt 0.80000 0.70887
vt 0.90000 0.70887
vt 1.00000 0.70887
vt 0.00000 0.70960
vt 0.10000 0.70960
vt 0.20000 0.70960
vt 0.30000 0.70960
vt 0.40000 0.70960
vt 0.50000 0.70960
vt 0.60000 0.70960
vt 0.70000 0.70960
vt 0.80000 0.70960
vt 0.90000 0.70960
vt 1.00000 0.70960
vt 0.00000 -0.01857
vt 0.10000 -0.01857
vt 0.20000 -0.01857
vt 0.30000 -0.01857
vt 0.40000 -0.01857
vt 0.50000 -0.01857
vt 0.60000 -0.01857
vt 0.70000 -0.01857
vt 0.80000 -0.01857
vt 0.90000 -0.01857
vt 1.00000 -0.01857
vt 0.00000 -0.01716
vt 0.10000 -0.01716
vt 0.20000 -0.01716
vt 0.30000 -0.01716
vt 0.40000 -0.01716
vt 0.50000 -0.01716
vt 0.60000 -0.01716
vt 0.70000 -0.01716
vt 0.80000 -0.01716
vt 0.90000 -0.01716
vt 1.00000 -0.01716
vt 0.00000 -0.01313
vt 0.10000 -0.01313
vt 0.20000 -0.01313
vt 0.30000 -0.01313
vt 0.40000 -0.01313
vt 0.50000 -0.01313
vt 0.60000 -0.01313
vt 0.70000 -0.01313
vt 0.80000 -0.01313
vt 0.90000 -0.01313
vt 1.00000 -0.01313
vt 0.00000 -0.00711
vt 0.10000 -0.00711
vt 0.20000 -0.00711
vt 0.30000 -0.00711
vt 0.40000 -0.00711
vt 0.50000 -0.00711
vt 0.60000 -0.00711
vt 0.70000 -0.00711
vt 0.80000 -0.00711
vt 0.90000 -0.00711
vt 1.00000 -0.00711
vt 0.00000 0.00000
vt 0.10000 0.00000
vt 0.20000 0.00000
vt 0.30000 0.00000
vt 0.40000 0.00000
vt 0.50000 0.00000
vt 0.60000 0.00000
vt 0.70000 0.00000
vt 0.80000 0.00000
vt 0.90000 0.00000
vt 1.00000 0.00000
vt 0.00000 0.04333
vt 0.10000 0.04333
vt 0.20000 0.04333
vt 0.30000 0.04333
vt 0.40000 0.04333
vt 0.50000 0.04333
vt 0.60000 0.04333
vt 0.70000 0.04333
vt 0.80000 0.04333
vt 0.90000 0.04333
vt 1.00000 0.04333
vt 0.00000 0.08667
vt 0.10000 0.08667
vt 0.20000 0.08667
vt 0.30000 0.08667
vt 0.40000 0.08667
vt 0.50000 0.08667
vt 0.60000 0.08667
vt 0.70000 0.08667
vt 0.80000 0.08667
vt 0.90000 0.08667
vt 1.00000 0.08667
vt 0.00000 0.13000
vt 0.10000 0.13000
vt 0.20000 0.13000
vt 0.30000 0.13000
vt 0.40000 0.13000
vt 0.50000 0.13000
vt 0.60000 0.13000
vt 0.70000 0.13000
vt 0.80000 0.13000
vt 0.90000 0.13000
vt 1.00000 0.13000
vt 0.00000 0.17333
vt 0.10000 0.17333
vt 0.20000 0.17333
vt 0.30000 0.17333
vt 0.40000 0.17333
vt 0.50000 0.17333
vt 0.60000 0.17333
vt 0.70000 0.17333
vt 0.80000 0.17333
vt 0.90000 0.17333
vt 1.00000 0.17333
vt 0.00000 0.21667
vt 0.10000 0.21667
vt 0.20000 0.21667
vt 0.30000 0.21667
vt 0.40000 0.21667
vt 0.50000 0.21667
vt 0.60000 0.21667
vt 0.70000 0.21667
vt 0.80000 0.21667
vt 0.90000 0.21667
vt 1.00000 0.21667
vt 0.00000 0.26000
vt 0.10000 0.26000
vt 0.20000 0.26000
vt 0.30000 0.26000
vt 0.40000 0.26000
vt 0.50000 0.26000
vt 0.60000 0.26000
vt 0.70000 0.26000
vt 0.80000 0.26000
vt 0.90000 0.26000
vt 1.00000 0.26000
vt 0.00000 0.30333
vt 0.10000 0.30333
vt 0.20000 0.30333
vt 0.30000 0.30333
vt 0.40000 0.30333
vt 0.50000 0.30333
vt 0.60000 0.30333
vt 0.70000 0.30333
vt 0.80000 0.30333
vt 0.90000 0.30333
vt 1.00000 0.30333
vt 0.00000 0.34667
vt 0.10000 0.34667
vt 0.20000 0.34667
vt 0.30000 0.34667
vt 0.40000 0.34667
vt 0.50000 0.34667
vt 0.60000 0.34667
vt 0.70000 0.34667
vt 0.80000 0.34667
vt 0.90000 0.34667
vt 1.00000 0.34667
vt 0.00000 0.39000
vt 0.10000 0.39000
vt 0.20000 0.39000
vt 0.30000 0.39000
vt 0.40000 0.39000
vt 0.50000 0.39000
vt 0.60000 0.39000
vt 0.70000 0.39000
vt 0.80000 0.39000
vt 0.90000 0.39000
vt 1.00000 0.39000
vt 0.00000 0.42875
vt 0.10000 0.42875
vt 0.20000 0.42875
vt 0.30000 0.42875
vt 0.40000 0.42875
vt 0.50000 0.42875
vt 0.60000 0.42875
vt 0.70000 0.42875
vt 0.80000 0.42875
vt 0.90000 0.42875
vt 1.00000 0.42875
vt 0.00000 0.46750
vt 0.10000 0.46750
vt 0.20000 0.46750
vt 0.30000 0.46750
vt 0.40000 0.46750
vt 0.50000 0.46750
vt 0.60000 0.46750
vt 0.70000 0.46750
vt 0.80000 0.46750
vt 0.90000 0.46750
vt 1.00000 0.46750
vt 0.00000 0.50625
vt 0.10000 0.50625
vt 0.20000 0.50625
vt 0.30000 0.50625
vt 0.40000 0.50625
vt 0.50000 0.50625
vt 0.60000 0.50625
vt 0.70000 0.50625
vt 0.80000 0.50625
vt 0.90000 0.50625
vt 1.00000 0.50625
vt 0.00000 0.54500
vt 0.10000 0.54500
vt 0.20000 0.54500
vt 0.30000 0.54500
vt 0.40000 0.54500
vt 0.50000 0.54500
vt 0.60000 0.54500
vt 0.70000 0.54500
vt 0.80000 0.54500
vt 0.90000 0.54500
vt 1.00000 0.54500
vt 0.00000 0.58375
vt 0.10000 0.58375
vt 0.20000 0.58375
vt 0.30000 0.58375
vt 0.40000 0.58375
vt 0.50000 0.58375
vt 0.60000 0.58375
vt 0.70000 0.58375
vt 0.80000 0.58375
vt 0.90000 0.58375
vt 1.00000 0.58375
vt 0.00000 0.62250
vt 0.10000 0.62250
vt 0.20000 0.62250
vt 0.30000 0.62250
vt 0.40000 0.62250
vt 0.50000 0.62250
vt 0.60000 0.62250
vt 0.70000 0.62250
vt 0.80000 0.62250
vt 0.90000 0.62250
vt 1.00000 0.62250
vt 0.00000 0.66125
vt 0.10000 0.66125
vt 0.20000 0.66125
vt 0.30000 0.66125
vt 0.40000 0.66125
vt 0.50000 0.66125
vt 0.60000 0.66125
vt 0.70000 0.66125
vt 0.80000 0.66125
vt 0.90000 0.66125
vt 1.00000 0.66125
vt 0.00000 0.70000
vt 0.10000 0.70000
vt 0.20000 0.70000
vt 0.30000 0.70000
vt 0.40000 0.70000
vt 0.50000 0.70000
vt 0.60000 0.70000
vt 0.70000 0.70000
vt 0.80000 0.70000
vt 0.90000 0.70000
vt 1.00000 0.70000
vt 0.00000 0.70367
vt 0.10000 0.70367
vt 0.20000 0.70367
vt 0.30000 0.70367
vt 0.40000 0.70367
vt 0.50000 0.70367
vt 0.60000 0.70367
vt 0.70000 0.70367
vt 0.80000 0.70367
vt 0.90000 0.70367
vt 1.00000 0.70367
vt 0.00000 0.70679
vt 0.10000 0.70679
vt 0.20000 0.70679
vt 0.30000 0.70679
vt 0.40000 0.70679
vt 0.50000 0.70679
vt 0.60000 0.70679
vt 0.70000 0.70679
vt 0.80000 0.70679
vt 0.90000 0.70679
vt 1.00000 0.70679
vt 0.00000 0.70887
vt 0.10000 0.70887
vt 0.20000 0.70887
vt 0.30000 0.70887
vt 0.40000 0.70887
vt 0.50000 0.70887
vt 0.60000 0.70887
vt 0.70000 0.70887
vt 0.80000 0.70887
vt 0.90000 0.70887
vt 1.00000 0.70887
vt 0.00000 0.70960
vt 0.10000 0.70960
vt 0.20000 0.70960
vt 0.30000 0.70960
vt 0.40000 0.70960
vt 0.50000 0.70960
vt 0.60000 0.70960
vt 0.70000 0.70960
vt 0.80000 0.70960
vt 0.90000 0.70960
vt 1.00000 0.70960
vn -0.11052 -0.99372 -0.01750
vn -0.11052 -0.99282 -0.04586
vn -0.10026 -0.98622 -0.13163
vn -0.08006 -0.97515 -0.20659
vn -0.05128 -0.96363 -0.26228
vn -0.01676 -0.95647 -0.29135
vn 0.01954 -0.95686 -0.28989
vn 0.05335 -0.96451 -0.25860
vn 0.08114 -0.97596 -0.20227
vn 0.10060 -0.98667 -0.12795
vn 0.11057 -0.99294 -0.04296
vn 0.11052 -0.99282 0.04586
vn 0.10026 -0.98622 0.13163
vn 0.08006 -0.97515 0.20659
vn 0.05128 -0.96363 0.26228
vn 0.01676 -0.95647 0.29135
vn -0.01954 -0.95686 0.28989
vn -0.05335 -0.96451 0.25860
vn -0.08114 -0.97596 0.20227
vn -0.10060 -0.98667 0.12795
vn -0.11056 -0.99283 0.04548
vn -0.22069 -0.97094 -0.09256
vn -0.25020 -0.95312 -0.17018
vn -0.20957 -0.91179 -0.35316
vn -0.15043 -0.86256 -0.48308
vn -0.08341 -0.82465 -0.55945
vn -0.01407 -0.80798 -0.58904
vn 0.05542 -0.81557 -0.57599
vn 0.12351 -0.84592 -0.51881
vn 0.18653 -0.89215 -0.41142
vn 0.23621 -0.93909 -0.24964
vn 0.26028 -0.96452 -0.04435
vn 0.25020 -0.95312 0.17018
vn 0.20957 -0.91179 0.35316
vn 0.15043 -0.86256 0.48308
vn 0.08341 -0.82465 0.55945
vn 0.01407 -0.80798 0.58904
vn -0.05542 -0.81557 0.57599
vn -0.12351 -0.84592 0.51881
vn -0.18653 -0.89215 0.41142
vn -0.23621 -0.93909 0.24964
vn -0.27948 -0.95287 0.11804
vn -0.44303 -0.87676 -0.18712
vn -0.45468 -0.81718 -0.35425
vn -0.33971 -0.70930 -0.61765
vn -0.21902 -0.61768 -0.75532
vn -0.11007 -0.56292 -0.81915
vn -0.00941 -0.54332 -0.83947
vn 0.09048 -0.55660 -0.82584
vn 0.19735 -0.60437 -0.77187
vn 0.31611 -0.68935 -0.65182
vn 0.43556 -0.79818 -0.41617
vn 0.50093 -0.86456 -0.03995
vn 0.45468 -0.81718 0.35425
vn 0.33971 -0.70930 0.61765
vn 0.21902 -0.61768 0.75532
vn 0.11007 -0.56292 0.81915
vn 0.00941 -0.54332 0.83947
vn -0.09048 -0.55660 0.82584
vn -0.19735 -0.60437 0.77187
vn -0.31611 -0.68935 0.65182
vn -0.43556 -0.79818 0.41617
vn -0.52772 -0.81965 0.22289
vn -0.71782 -0.62675 -0.30318
vn -0.66336 -0.50726 -0.55013
vn -0.43200 -0.38639 -0.81491
vn -0.25593 -0.31252 -0.91479
vn -0.12121 -0.27570 -0.95357
vn -0.00458 -0.26412 -0.96448
vn 0.11140 -0.27393 -0.95528
vn 0.24390 -0.30839 -0.91946
vn 0.41566 -0.37867 -0.82694
vn 0.64396 -0.49649 -0.58208
vn 0.80729 -0.58952 -0.02724
vn 0.66336 -0.50726 0.55013
vn 0.43200 -0.38639 0.81491
vn 0.25593 -0.31252 0.91479
vn 0.12121 -0.27570 0.95357
vn 0.00458 -0.26412 0.96448
vn -0.11140 -0.27393 0.95528
vn -0.24390 -0.30839 0.91946
vn -0.41566 -0.37867 0.82694
vn -0.64396 -0.49649 0.58208
vn -0.80356 -0.48898 0.33939
vn -0.91012 -0.15468 -0.38440
vn -0.77162 -0.08511 -0.63037
vn -0.47123 -0.06366 -0.87971
vn -0.27169 -0.05322 -0.96091
vn -0.12785 -0.04891 -0.99059
vn -0.00617 -0.04790 -0.99883
vn 0.11453 -0.04933 -0.99219
vn 0.25490 -0.05379 -0.96547
vn 0.44665 -0.06374 -0.89243
vn 0.73654 -0.08379 -0.67119
vn 0.99371 -0.10368 -0.04228
vn 0.77162 -0.08511 0.63037
vn 0.47123 -0.06366 0.87971
vn 0.27169 -0.05322 0.96091
vn 0.12785 -0.04891 0.99059
vn 0.00617 -0.04790 0.99883
vn -0.11453 -0.04933 0.99219
vn -0.25490 -0.05379 0.96547
vn -0.44665 -0.06374 0.89243
vn -0.73654 -0.08379 0.67119
vn -0.92094 -0.04700 0.38686
vn -0.92197 0.03359 -0.38580
vn -0.75928 0.02635 -0.65023
vn -0.46331 0.01378 -0.88609
vn -0.26617 0.00588 -0.96391
vn -0.12260 0.00160 -0.99245
vn -0.00000 0.00023 -1.00000
vn 0.12266 0.00160 -0.99245
vn 0.26644 0.00589 -0.96383
vn 0.46406 0.01380 -0.88570
vn 0.76075 0.02641 -0.64851
vn 0.99934 0.03641 0.00195
vn 0.75928 0.02635 0.65023
vn 0.46331 0.01378 0.88609
vn 0.26617 0.00588 0.96391
vn 0.12260 0.00160 0.99245
vn 0.00000 0.00023 1.00000
vn -0.12266 0.00160 0.99245
vn -0.26644 0.00589 0.96383
vn -0.46406 0.01380 0.88570
vn -0.76075 0.02641 0.64851
vn -0.92325 0.03364 0.38272
vn -0.92389 0.03366 -0.38118
vn -0.76380 0.02651 -0.64491
vn -0.46848 0.01393 -0.88336
vn -0.26970 0.00596 -0.96293
vn -0.12432 0.00162 -0.99224
vn -0.00000 0.00023 -1.00000
vn 0.12438 0.00162 -0.99223
vn 0.26997 0.00596 -0.96285
vn 0.46924 0.01395 -0.88296
vn 0.76527 0.02656 -0.64316
vn 0.99934 0.03641 0.00195
vn 0.76380 0.02651 0.64491
vn 0.46848 0.01393 0.88336
vn 0.26970 0.00596 0.96293
vn 0.12432 0.00162 0.99224
vn 0.00000 0.00023 1.00000
vn -0.12438 0.00162 0.99223
vn -0.26997 0.00596 0.96285
vn -0.46924 0.01395 0.88296
vn -0.76527 0.02656 0.64316
vn -0.92516 0.03371 0.37808
vn -0.92579 0.03373 -0.37653
vn -0.76834 0.02667 -0.63949
vn -0.47375 0.01409 -0.88055
vn -0.27332 0.00604 -0.96191
vn -0.12610 0.00164 -0.99202
vn -0.00000 0.00024 -1.00000
vn 0.12616 0.00164 -0.99201
vn 0.27360 0.00604 -0.96183
vn 0.47452 0.01411 -0.88013
vn 0.76981 0.02672 -0.63771
vn 0.99934 0.03641 0.00195
vn 0.76834 0.02667 0.63949
vn 0.47375 0.01409 0.88055
vn 0.27332 0.00604 0.96191
vn 0.12610 0.00164 0.99202
vn 0.00000 0.00024 1.00000
vn -0.12616 0.00164 0.99201
vn -0.27360 0.00604 0.96183
vn -0.47452 0.01411 0.88013
vn -0.76981 0.02672 0.63771
vn -0.92705 0.03377 0.37342
vn -0.92767 0.03380 -0.37186
vn -0.77289 0.02683 -0.63398
vn -0.47912 0.01425 -0.87763
vn -0.27703 0.00612 -0.96084
vn -0.12792 0.00167 -0.99178
vn -0.00000 0.00024 -1.00000
vn 0.12798 0.00167 -0.99177
vn 0.27732 0.00613 -0.96076
vn 0.47991 0.01427 -0.87720
vn 0.77437 0.02688 -0.63216
vn 0.99934 0.03641 0.00195
vn 0.77289 0.02683 0.63398
vn 0.47912 0.01425 0.87763
vn 0.27703 0.00612 0.96084
vn 0.12792 0.00167 0.99178
vn 0.00000 0.00024 1.00000
vn -0.12798 0.00167 0.99177
vn -0.27732 0.00613 0.96076
vn -0.47991 0.01427 0.87720
vn -0.77437 0.02688 0.63216
vn -0.92892 0.03384 0.36873
vn -0.92954 0.03387 -0.36715
vn -0.77745 0.02699 -0.62836
vn -0.48459 0.01441 -0.87462
vn -0.28084 0.00620 -0.95974
vn -0.12980 0.00169 -0.99154
vn -0.00000 0.00024 -1.00000
vn 0.12986 0.00169 -0.99153
vn 0.28113 0.00621 -0.95965
vn 0.48540 0.01443 -0.87417
vn 0.77894 0.02704 -0.62652
vn 0.99934 0.03641 0.00195
vn 0.77745 0.02699 0.62836
vn 0.48459 0.01441 0.87462
vn 0.28084 0.00620 0.95974
vn 0.12980 0.00169 0.99154
vn 0.00000 0.00024 1.00000
vn -0.12986 0.00169 0.99153
vn -0.28113 0.00621 0.95965
vn -0.48540 0.01443 0.87417
vn -0.77894 0.02704 0.62652
vn -0.93078 0.03391 0.36400
vn -0.93141 0.03335 -0.36243
vn -0.78206 0.02638 -0.62264
vn -0.49019 0.01401 -0.87150
vn -0.28476 0.00583 -0.95858
vn -0.13174 0.00131 -0.99128
vn -0.00001 -0.00014 -1.00000
vn 0.13179 0.00131 -0.99128
vn 0.28504 0.00584 -0.95850
vn 0.49098 0.01403 -0.87106
vn 0.78351 0.02642 -0.62081
vn 0.99937 0.03547 0.00190
vn 0.78206 0.02638 0.62264
vn 0.49019 0.01401 0.87150
vn 0.28476 0.00583 0.95858
vn 0.13174 0.00131 0.99128
vn 0.00001 -0.00014 1.00000
vn -0.13179 0.00131 0.99128
vn -0.28504 0.00584 0.95850
vn -0.49098 0.01403 0.87106
vn -0.78351 0.02642 0.62081
vn -0.93266 0.03282 0.35927
vn -0.93377 0.00050 -0.35787
vn -0.78801 -0.01680 -0.61543
vn -0.49679 -0.01801 -0.86768
vn -0.28939 -0.01995 -0.95700
vn -0.13423 -0.02151 -0.99072
vn -0.00049 -0.02210 -0.99976
vn 0.13325 -0.02154 -0.99085
vn 0.28840 -0.02001 -0.95730
vn 0.49580 -0.01808 -0.86825
vn 0.78715 -0.01686 -0.61654
vn 0.99986 -0.01685 -0.00083
vn 0.78801 -0.01680 0.61543
vn 0.49679 -0.01801 0.86768
vn 0.28939 -0.01995 0.95700
vn 0.13423 -0.02151 0.99072
vn 0.00049 -0.02210 0.99976
vn -0.13325 -0.02154 0.99085
vn -0.28840 -0.02001 0.95730
vn -0.49580 -0.01808 0.86825
vn -0.78715 -0.01686 0.61654
vn -0.93453 -0.03176 0.35445
vn -0.93498 -0.03675 -0.35280
vn -0.79269 -0.02411 -0.60915
vn -0.50270 -0.02369 -0.86413
vn -0.29360 -0.02473 -0.95561
vn -0.13636 -0.02587 -0.99032
vn -0.00057 -0.02635 -0.99965
vn 0.13520 -0.02591 -0.99048
vn 0.29239 -0.02479 -0.95598
vn 0.50141 -0.02377 -0.86489
vn 0.79145 -0.02417 -0.61076
vn 0.99968 -0.02544 -0.00128
vn 0.79269 -0.02411 0.60915
vn 0.50270 -0.02369 0.86413
vn 0.29360 -0.02473 0.95561
vn 0.13636 -0.02587 0.99032
vn 0.00057 -0.02635 0.99965
vn -0.13520 -0.02591 0.99048
vn -0.29239 -0.02479 0.95598
vn -0.50141 -0.02377 0.86489
vn -0.79145 -0.02417 0.61076
vn -0.93674 -0.01108 0.34984
vn -0.93417 0.08151 -0.34740
vn -0.77281 0.10559 -0.62579
vn -0.49073 0.07512 -0.86807
vn -0.28544 0.05702 -0.95670
vn -0.12889 0.04814 -0.99049
vn 0.00783 0.04594 -0.99891
vn 0.14575 0.04966 -0.98807
vn 0.30642 0.06011 -0.95000
vn 0.52004 0.07990 -0.85040
vn 0.80939 0.11125 -0.57663
vn 0.99036 0.13144 0.04371
vn 0.77281 0.10559 0.62579
vn 0.49073 0.07512 0.86807
vn 0.28544 0.05702 0.95670
vn 0.12889 0.04814 0.99049
vn -0.00783 0.04594 0.99891
vn -0.14575 0.04966 0.98807
vn -0.30642 0.06011 0.95000
vn -0.52004 0.07990 0.85040
vn -0.80939 0.11125 0.57663
vn -0.92343 0.17556 0.34127
vn -0.81171 0.50115 -0.29998
vn -0.66853 0.52296 -0.52875
vn -0.45246 0.41821 -0.78764
vn -0.27190 0.34881 -0.89688
vn -0.12547 0.31303 -0.94142
vn 0.00517 0.30264 -0.95309
vn 0.13645 0.31489 -0.93927
vn 0.28494 0.35302 -0.89117
vn 0.46892 0.42553 -0.77398
vn 0.68543 0.53179 -0.49738
vn 0.80327 0.59515 0.02372
vn 0.66853 0.52296 0.52875
vn 0.45246 0.41821 0.78764
vn 0.27190 0.34881 0.89688
vn 0.12547 0.31303 0.94142
vn -0.00517 0.30264 0.95309
vn -0.13645 0.31489 0.93927
vn -0.28494 0.35302 0.89117
vn -0.46892 0.42553 0.77398
vn -0.68543 0.53179 0.49738
vn -0.72144 0.63910 0.26662
vn -0.52559 0.82827 -0.19424
vn -0.44040 0.81883 -0.36819
vn -0.33058 0.73142 -0.59644
vn -0.21145 0.65700 -0.72363
vn -0.09819 0.61279 -0.78412
vn 0.01025 0.60021 -0.79977
vn 0.11924 0.61874 -0.77649
vn 0.23381 0.66901 -0.70552
vn 0.35314 0.74811 -0.56181
vn 0.45691 0.83319 -0.31150
vn 0.49560 0.86786 0.03458
vn 0.44040 0.81883 0.36819
vn 0.33058 0.73142 0.59644
vn 0.21145 0.65700 0.72363
vn 0.09819 0.61279 0.78412
vn -0.01025 0.60021 0.79977
vn -0.11924 0.61874 0.77649
vn -0.23381 0.66901 0.70552
vn -0.35314 0.74811 0.56181
vn -0.45691 0.83319 0.31150
vn -0.43987 0.88323 0.16256
vn -0.27644 0.95559 -0.10216
vn -0.23505 0.94736 -0.21739
vn -0.18815 0.91253 -0.36316
vn -0.12620 0.87684 -0.46392
vn -0.05709 0.85268 -0.51931
vn 0.01453 0.84655 -0.53212
vn 0.08570 0.85998 -0.50307
vn 0.15295 0.88985 -0.42986
vn 0.21013 0.92725 -0.30991
vn 0.24790 0.95748 -0.14759
vn 0.25706 0.96564 0.03831
vn 0.23505 0.94736 0.21739
vn 0.18815 0.91253 0.36316
vn 0.12620 0.87684 0.46392
vn 0.05709 0.85268 0.51931
vn -0.01453 0.84655 0.53212
vn -0.08570 0.85998 0.50307
vn -0.15295 0.88985 0.42986
vn -0.21013 0.92725 0.30991
vn -0.24790 0.95748 0.14759
vn -0.21816 0.97262 0.08011
vn -0.10926 0.99323 -0.03942
vn -0.09951 0.98882 -0.11108
vn -0.08036 0.98111 -0.17594
vn -0.05291 0.97285 -0.22530
vn -0.01939 0.96732 -0.25280
vn 0.01663 0.96704 -0.25407
vn 0.05082 0.97221 -0.22852
vn 0.07922 0.98051 -0.17979
vn 0.09910 0.98847 -0.11449
vn 0.10919 0.99322 -0.03998
vn 0.10927 0.99332 0.03715
vn 0.09951 0.98882 0.11108
vn 0.08036 0.98111 0.17594
vn 0.05291 0.97285 0.22530
vn 0.01939 0.96732 0.25280
vn -0.01663 0.96704 0.25407
vn -0.05082 0.97221 0.22852
vn -0.07922 0.98051 0.17979
vn -0.09910 0.98847 0.11449
vn -0.10919 0.99322 0.03998
vn -0.10920 0.99387 0.01730
vn -0.25078 -0.96145 -0.11282
vn -0.24763 -0.96173 -0.11726
vn -0.18202 -0.96239 -0.20169
vn -0.07961 -0.96954 -0.23162
vn 0.02047 -0.98047 -0.19560
vn 0.08001 -0.99099 -0.10740
vn 0.07626 -0.99709 -0.00072
vn 0.01064 -0.99643 0.08372
vn -0.09176 -0.98928 0.11364
vn -0.19185 -0.97835 0.07762
vn -0.25134 -0.96788 -0.00512
vn -0.39774 -0.90354 -0.15943
vn -0.40564 -0.88369 -0.23355
vn -0.23819 -0.88883 -0.39147
vn -0.01060 -0.90696 -0.42109
vn 0.19020 -0.93115 -0.31110
vn 0.28751 -0.95217 -0.10351
vn 0.24416 -0.96198 0.12239
vn 0.07671 -0.95684 0.28030
vn -0.15088 -0.93871 0.30992
vn -0.35168 -0.91452 0.19993
vn -0.47149 -0.87885 0.07296
vn -0.64719 -0.72487 -0.23601
vn -0.60676 -0.69169 -0.39167
vn -0.29900 -0.70336 -0.64489
vn 0.09759 -0.73659 -0.66926
vn 0.43150 -0.77868 -0.45548
vn 0.57521 -0.81356 -0.08520
vn 0.47382 -0.82789 0.30015
vn 0.16605 -0.81622 0.55337
vn -0.23053 -0.78299 0.57774
vn -0.56445 -0.74090 0.36395
vn -0.72787 -0.66334 0.17375
vn -0.86453 -0.40502 -0.29758
vn -0.77003 -0.35165 -0.53235
vn -0.33164 -0.36979 -0.86791
vn 0.21852 -0.41706 -0.88222
vn 0.67030 -0.47540 -0.56981
vn 0.85115 -0.52253 -0.05002
vn 0.69198 -0.54045 0.47862
vn 0.25359 -0.52230 0.81418
vn -0.29657 -0.47503 0.82849
vn -0.74835 -0.41669 0.51608
vn -0.91398 -0.30773 0.26447
vn -0.94952 0.03485 -0.31177
vn -0.85099 0.05980 -0.52177
vn -0.38215 0.04295 -0.92310
vn 0.23114 -0.00771 -0.97289
vn 0.75462 -0.07282 -0.65211
vn 0.98833 -0.12753 -0.08330
vn 0.84301 -0.15093 0.51628
vn 0.37417 -0.13408 0.91761
vn -0.23911 -0.08343 0.96740
vn -0.76259 -0.01831 0.64662
vn -0.95123 0.03466 0.30653
vn -0.94406 0.11966 -0.30730
vn -0.79510 0.13982 -0.59014
vn -0.29282 0.11749 -0.94892
vn 0.32246 0.06339 -0.94446
vn 0.81571 -0.00181 -0.57845
vn 0.99854 -0.05321 0.00929
vn 0.80111 -0.07117 0.59428
vn 0.29882 -0.04883 0.95306
vn -0.31645 0.00527 0.94859
vn -0.80971 0.07047 0.58259
vn -0.94380 0.11196 0.31097
vn -0.93876 0.16175 -0.30424
vn -0.79014 0.15801 -0.59221
vn -0.28665 0.13542 -0.94842
vn 0.32809 0.08120 -0.94115
vn 0.81927 0.01606 -0.57319
vn 0.99927 -0.03511 0.01492
vn 0.79935 -0.05277 0.59855
vn 0.29586 -0.03017 0.95476
vn -0.31888 0.02405 0.94749
vn -0.81006 0.08918 0.57953
vn -0.94495 0.10310 0.31056
vn -0.94434 0.11698 -0.30748
vn -0.79917 0.12112 -0.58877
vn -0.29788 0.09899 -0.94946
vn 0.31771 0.04499 -0.94712
vn 0.81246 -0.02025 -0.58266
vn 0.99741 -0.07181 0.00472
vn 0.80190 -0.08999 0.59065
vn 0.30061 -0.06786 0.95133
vn -0.31498 -0.01386 0.94900
vn -0.80974 0.05138 0.58454
vn -0.94774 0.07837 0.30927
vn -0.94469 0.11349 -0.30771
vn -0.79978 0.11835 -0.58851
vn -0.29868 0.09626 -0.94949
vn 0.31694 0.04228 -0.94750
vn 0.81192 -0.02296 -0.58331
vn 0.99721 -0.07455 0.00398
vn 0.80202 -0.09277 0.59005
vn 0.30092 -0.07067 0.95103
vn -0.31470 -0.01669 0.94904
vn -0.80969 0.04855 0.58485
vn -0.94792 0.07661 0.30917
vn -0.94469 0.11348 -0.30771
vn -0.79973 0.11835 -0.58858
vn -0.29859 0.09624 -0.94952
vn 0.31703 0.04226 -0.94747
vn 0.81198 -0.02298 -0.58323
vn 0.99721 -0.07456 0.00408
vn 0.80196 -0.09278 0.59012
vn 0.30082 -0.07067 0.95106
vn -0.31479 -0.01669 0.94901
vn -0.80974 0.04855 0.58477
vn -0.94792 0.07661 0.30917
vn -0.94470 0.11341 -0.30771
vn -0.79969 0.11823 -0.58865
vn -0.29853 0.09612 -0.94955
vn 0.31709 0.04214 -0.94746
vn 0.81201 -0.02310 -0.58318
vn 0.99720 -0.07468 0.00414
vn 0.80191 -0.09289 0.59018
vn 0.30074 -0.07078 0.95107
vn -0.31487 -0.01679 0.94899
vn -0.80980 0.04845 0.58471
vn -0.94793 0.07647 0.30916
vn -0.94544 0.10563 -0.30820
vn -0.80278 0.10596 -0.58679
vn -0.30275 0.08405 -0.94936
vn 0.31294 0.03018 -0.94929
vn 0.80910 -0.03507 -0.58662
vn 0.99623 -0.08678 0.00012
vn 0.80284 -0.10520 0.58684
vn 0.30281 -0.08329 0.94940
vn -0.31287 -0.02942 0.94934
vn -0.80903 0.03583 0.58667
vn -0.94936 0.06087 0.30824
vn -0.94837 0.06491 -0.31045
vn -0.81249 0.05398 -0.58047
vn -0.31944 0.03455 -0.94698
vn 0.29252 -0.01800 -0.95609
vn 0.79289 -0.08418 -0.60352
vn 0.99020 -0.13818 -0.02021
vn 0.80546 -0.15828 0.57113
vn 0.30875 -0.13683 0.94125
vn -0.30760 -0.08320 0.94787
vn -0.80707 -0.01835 0.59017
vn -0.95356 0.00146 0.30119
vn -0.94610 0.10451 -0.30655
vn -0.79429 0.17062 -0.58309
vn -0.28811 0.19651 -0.93722
vn 0.32933 0.14863 -0.93244
vn 0.82012 0.04513 -0.57041
vn 0.99722 -0.07403 0.00874
vn 0.79453 -0.16330 0.58485
vn 0.28787 -0.18855 0.93893
vn -0.32964 -0.14004 0.93366
vn -0.81986 -0.03682 0.57138
vn -0.94925 0.04892 0.31068
vn -0.92570 0.26411 -0.27079
vn -0.76400 0.33499 -0.55144
vn -0.25142 0.39510 -0.88357
vn 0.35780 0.33690 -0.87091
vn 0.83505 0.18211 -0.51917
vn 0.99912 -0.01249 0.04011
vn 0.78505 -0.17332 0.59470
vn 0.27294 -0.23748 0.93226
vn -0.34205 -0.17879 0.92252
vn -0.82341 -0.01963 0.56711
vn -0.94696 0.05874 0.31592
vn -0.93441 0.21983 -0.28027
vn -0.78005 0.28985 -0.55454
vn -0.26910 0.35487 -0.89535
vn 0.34584 0.29762 -0.88984
vn 0.82987 0.13998 -0.54011
vn 0.99812 -0.05784 0.02026
vn 0.78632 -0.22028 0.57722
vn 0.27537 -0.28530 0.91803
vn -0.33957 -0.22805 0.91252
vn -0.82360 -0.07041 0.56278
vn -0.95293 0.01629 0.30275
vn -0.93762 0.19265 -0.28941
vn -0.78615 0.26685 -0.55746
vn -0.27696 0.33302 -0.90133
vn 0.33846 0.27688 -0.89932
vn 0.82504 0.11986 -0.55221
vn 0.99692 -0.07805 0.00741
vn 0.78845 -0.24126 0.56580
vn 0.27926 -0.30743 0.90967
vn -0.33615 -0.25128 0.90767
vn -0.82273 -0.09427 0.56056
vn -0.95449 0.00219 0.29825
vn -0.93770 0.19188 -0.28967
vn -0.78624 0.26622 -0.55763
vn -0.27706 0.33241 -0.90152
vn 0.33836 0.27627 -0.89955
vn 0.82496 0.11926 -0.55246
vn 0.99688 -0.07865 0.00716
vn 0.78844 -0.24187 0.56557
vn 0.27926 -0.30805 0.90946
vn -0.33616 -0.25191 0.90749
vn -0.82277 -0.09490 0.56040
vn -0.95453 0.00180 0.29812
vn -0.93770 0.19187 -0.28967
vn -0.78615 0.26625 -0.55774
vn -0.27693 0.33241 -0.90156
vn 0.33849 0.27624 -0.89951
vn 0.82504 0.11922 -0.55235
vn 0.99687 -0.07869 0.00730
vn 0.78835 -0.24189 0.56568
vn 0.27912 -0.30805 0.90950
vn -0.33630 -0.25189 0.90745
vn -0.82285 -0.09486 0.56029
vn -0.95453 0.00180 0.29812
vn -0.93770 0.19187 -0.28967
vn -0.78606 0.26628 -0.55786
vn -0.27678 0.33241 -0.90161
vn 0.33864 0.27622 -0.89946
vn 0.82513 0.11917 -0.55223
vn 0.99687 -0.07874 0.00744
vn 0.78826 -0.24192 0.56580
vn 0.27898 -0.30805 0.90955
vn -0.33644 -0.25186 0.90740
vn -0.82293 -0.09482 0.56017
vn -0.95453 0.00180 0.29812
vn -0.93770 0.19187 -0.28967
vn -0.78596 0.26631 -0.55798
vn -0.27662 0.33241 -0.90166
vn 0.33879 0.27619 -0.89941
vn 0.82522 0.11912 -0.55211
vn 0.99686 -0.07879 0.00760
vn 0.78816 -0.24196 0.56592
vn 0.27882 -0.30805 0.90960
vn -0.33660 -0.25183 0.90735
vn -0.82302 -0.09477 0.56004
vn -0.95453 0.00180 0.29812
vn -0.93669 0.20127 -0.28655
vn -0.72669 0.30100 -0.61751
vn -0.18892 0.35026 -0.91740
vn 0.42207 0.27745 -0.86306
vn 0.87290 0.11039 -0.47524
vn 0.99137 -0.08711 0.09793
vn 0.73223 -0.23962 0.63751
vn 0.19445 -0.28889 0.93741
vn -0.41654 -0.21608 0.88307
vn -0.86737 -0.04902 0.49524
vn -0.95060 0.03453 0.30849
vn -0.84073 0.51774 -0.15853
vn -0.65321 0.65578 -0.37851
vn -0.19136 0.71124 -0.67640
vn 0.35821 0.65733 -0.66303
vn 0.78559 0.51464 -0.34350
vn 0.92754 0.33768 0.16014
vn 0.72983 0.19404 0.65551
vn 0.26799 0.13859 0.95340
vn -0.28158 0.19250 0.94003
vn -0.70896 0.33518 0.62050
vn -0.78757 0.46116 0.40873
vn -0.59783 0.80150 0.01411
vn -0.41928 0.89466 -0.15424
vn -0.07849 0.93038 -0.35810
vn 0.31721 0.88719 -0.33507
vn 0.61668 0.78159 -0.09394
vn 0.70552 0.65391 0.27319
vn 0.54981 0.55293 0.62608
vn 0.20902 0.51721 0.82994
vn -0.18669 0.56040 0.80691
vn -0.48615 0.66600 0.56578
vn -0.51677 0.74357 0.42432
vn -0.31557 0.93574 0.15750
vn -0.18751 0.98146 0.03976
vn 0.01939 0.99757 -0.06692
vn 0.24910 0.96770 -0.03882
vn 0.41387 0.90325 0.11332
vn 0.45077 0.82885 0.33138
vn 0.34570 0.77291 0.53208
vn 0.13879 0.75679 0.63875
vn -0.09092 0.78666 0.61065
vn -0.25569 0.85111 0.45851
vn -0.24382 0.88781 0.39032
vn -0.08930 0.96430 0.24931
vn -0.02623 0.98519 0.16946
vn 0.07927 0.98821 0.13102
vn 0.18657 0.96957 0.15851
vn 0.25469 0.93640 0.24143
vn 0.25761 0.90136 0.34811
vn 0.19421 0.87785 0.43780
vn 0.08871 0.87483 0.47624
vn -0.01859 0.89347 0.44875
vn -0.08671 0.92664 0.36583
vn -0.09240 0.92922 0.35779
vn -0.16603 -0.97965 -0.11282
vn -0.16287 -0.97965 -0.11726
vn -0.09745 -0.97459 -0.20169
vn 0.00519 -0.97279 -0.23162
vn 0.10585 -0.97495 -0.19560
vn 0.16608 -0.98025 -0.10740
vn 0.16287 -0.98665 -0.00072
vn 0.09745 -0.99171 0.08372
vn -0.00519 -0.99351 0.11364
vn -0.10585 -0.99135 0.07762
vn -0.16603 -0.98611 -0.00512
vn -0.31748 -0.93477 -0.15943
vn -0.32708 -0.91568 -0.23355
vn -0.15981 -0.90621 -0.39147
vn 0.06849 -0.90443 -0.42109
vn 0.27063 -0.91103 -0.31110
vn 0.36940 -0.92349 -0.10351
vn 0.32708 -0.93704 0.12239
vn 0.15981 -0.94651 0.28030
vn -0.06849 -0.94829 0.30992
vn -0.27063 -0.94169 0.19993
vn -0.39310 -0.91660 0.07296
vn -0.58155 -0.77852 -0.23601
vn -0.54417 -0.74194 -0.39167
vn -0.23656 -0.72675 -0.64489
vn 0.16141 -0.72528 -0.66926
vn 0.49773 -0.73811 -0.45548
vn 0.64393 -0.76033 -0.08520
vn 0.54417 -0.78345 0.30015
vn 0.23656 -0.79864 0.55337
vn -0.16141 -0.80010 0.57774
vn -0.49773 -0.78728 0.36395
vn -0.66729 -0.72425 0.17375
vn -0.82594 -0.47882 -0.29758
vn -0.73645 -0.41742 -0.53235
vn -0.29815 -0.39729 -0.86791
vn 0.25404 -0.39643 -0.88222
vn 0.70919 -0.41517 -0.56981
vn 0.89345 -0.44636 -0.05002
vn 0.73645 -0.47808 0.47862
vn 0.29815 -0.49821 0.81418
vn -0.25404 -0.49907 0.82849
vn -0.70919 -0.48033 0.51608
vn -0.88368 -0.38622 0.26447
vn -0.94894 -0.04804 -0.31177
vn -0.85296 -0.01460 -0.52177
vn -0.38443 0.00948 -0.92310
vn 0.23093 0.01247 -0.97289
vn 0.75809 -0.00678 -0.65211
vn 0.99568 -0.04091 -0.08330
vn 0.85296 -0.07688 0.51628
vn 0.38443 -0.10096 0.91761
vn -0.23093 -0.10395 0.96740
vn -0.75809 -0.08470 0.64662
vn -0.95063 -0.04838 0.30653
vn -0.95089 0.03693 -0.30730
vn -0.80426 0.06999 -0.59014
vn -0.30194 0.09152 -0.94892
vn 0.31571 0.09125 -0.94446
vn 0.81277 0.06929 -0.57845
vn 0.99938 0.03403 0.00929
vn 0.80426 -0.00107 0.59428
vn 0.30194 -0.02260 0.95306
vn -0.31571 -0.02233 0.94859
vn -0.81277 -0.00037 0.58259
vn -0.94997 0.02927 0.31097
vn -0.94929 0.07932 -0.30424
vn -0.80091 0.08855 -0.59221
vn -0.29736 0.10992 -0.94842
vn 0.31976 0.10948 -0.94115
vn 0.81475 0.08741 -0.57319
vn 0.99853 0.05212 0.01492
vn 0.80091 0.01710 0.59855
vn 0.29736 -0.00427 0.95476
vn -0.31976 -0.00383 0.94749
vn -0.81475 0.01824 0.57953
vn -0.95034 0.02035 0.31056
vn -0.95094 0.03423 -0.30748
vn -0.80669 0.05101 -0.58877
vn -0.30538 0.07265 -0.94946
vn 0.31258 0.07251 -0.94712
vn 0.81114 0.05064 -0.58266
vn 0.99987 0.01540 0.00472
vn 0.80669 -0.01976 0.59065
vn 0.30538 -0.04140 0.95133
vn -0.31258 -0.04126 0.94900
vn -0.81114 -0.01939 0.58454
vn -0.95096 -0.00453 0.30927
vn -0.95099 0.03072 -0.30771
vn -0.80706 0.04820 -0.58851
vn -0.30593 0.06986 -0.94949
vn 0.31205 0.06974 -0.94750
vn 0.81084 0.04789 -0.58331
vn 0.99991 0.01265 0.00398
vn 0.80706 -0.02251 0.59005
vn 0.30593 -0.04417 0.95103
vn -0.31205 -0.04405 0.94904
vn -0.81084 -0.02220 0.58485
vn -0.95099 -0.00630 0.30917
vn -0.95099 0.03071 -0.30771
vn -0.80700 0.04819 -0.58858
vn -0.30584 0.06985 -0.94952
vn 0.31214 0.06973 -0.94747
vn 0.81089 0.04787 -0.58323
vn 0.99991 0.01263 0.00408
vn 0.80700 -0.02253 0.59012
vn 0.30584 -0.04418 0.95106
vn -0.31214 -0.04406 0.94901
vn -0.81089 -0.02221 0.58477
vn -0.95099 -0.00630 0.30917
vn -0.95099 0.03064 -0.30771
vn -0.80696 0.04809 -0.58865
vn -0.30577 0.06974 -0.94955
vn 0.31221 0.06961 -0.94746
vn 0.81094 0.04776 -0.58318
vn 0.99991 0.01252 0.00414
vn 0.80696 -0.02264 0.59018
vn 0.30577 -0.04430 0.95107
vn -0.31221 -0.04417 0.94899
vn -0.81094 -0.02232 0.58471
vn -0.95099 -0.00644 0.30916
vn -0.95105 0.02283 -0.30820
vn -0.80896 0.03559 -0.58679
vn -0.30892 0.05734 -0.94936
vn 0.30911 0.05734 -0.94929
vn 0.80908 0.03558 -0.58662
vn 1.00000 0.00037 0.00012
vn 0.80896 -0.03483 0.58684
vn 0.30892 -0.05658 0.94940
vn -0.30911 -0.05658 0.94934
vn -0.80908 -0.03482 0.58667
vn -0.95105 -0.02211 0.30824
vn -0.95042 -0.01800 -0.31045
vn -0.81409 -0.01706 -0.58049
vn -0.32119 0.00656 -0.94699
vn 0.29302 0.00757 -0.95608
vn 0.79722 -0.01473 -0.60351
vn 0.99848 -0.05133 -0.02025
vn 0.81622 -0.08747 0.57109
vn 0.31953 -0.10941 0.94124
vn -0.29916 -0.10969 0.94788
vn -0.80240 -0.08861 0.59017
vn -0.95005 -0.08167 0.30122
vn -0.95160 0.02086 -0.30664
vn -0.80616 0.09973 -0.58323
vn -0.30423 0.17020 -0.93727
vn 0.31503 0.17706 -0.93242
vn 0.81301 0.11736 -0.57030
vn 0.99986 0.01436 0.00891
vn 0.80577 -0.09242 0.58498
vn 0.30329 -0.16230 0.93898
vn -0.31609 -0.16853 0.93364
vn -0.81349 -0.10905 0.57126
vn -0.94993 -0.03547 0.31046
vn -0.94552 0.18013 -0.27120
vn -0.79068 0.26523 -0.55179
vn -0.28535 0.37104 -0.88369
vn 0.32663 0.36764 -0.87072
vn 0.81563 0.25622 -0.51875
vn 0.99620 0.07711 0.04058
vn 0.79715 -0.10228 0.59506
vn 0.29271 -0.21212 0.93238
vn -0.32504 -0.20881 0.92236
vn -0.81857 -0.09341 0.56676
vn -0.94857 -0.02640 0.31548
vn -0.95022 0.13519 -0.28072
vn -0.80263 0.21879 -0.55491
vn -0.29940 0.32938 -0.89547
vn 0.31819 0.32749 -0.88967
vn 0.81424 0.21386 -0.53971
vn 0.99928 0.03188 0.02073
vn 0.80263 -0.14894 0.57759
vn 0.29940 -0.25953 0.91815
vn -0.31819 -0.25764 0.91235
vn -0.81424 -0.14401 0.56239
vn -0.95070 -0.06922 0.30230
vn -0.95098 0.10784 -0.28986
vn -0.80664 0.19534 -0.55783
vn -0.30527 0.30691 -0.90145
vn 0.31270 0.30617 -0.89915
vn 0.81123 0.19338 -0.55182
vn 0.99990 0.01164 0.00789
vn 0.80664 -0.16964 0.56618
vn 0.30527 -0.28122 0.90980
vn -0.31270 -0.28047 0.90750
vn -0.81123 -0.16769 0.56016
vn -0.95098 -0.08340 0.29779
vn -0.95099 0.10706 -0.29011
vn -0.80668 0.19471 -0.55800
vn -0.30532 0.30629 -0.90165
vn 0.31266 0.30555 -0.89938
vn 0.81121 0.19278 -0.55206
vn 0.99991 0.01104 0.00764
vn 0.80668 -0.17025 0.56594
vn 0.30532 -0.28183 0.90959
vn -0.31266 -0.28110 0.90732
vn -0.81121 -0.16832 0.56000
vn -0.95099 -0.08380 0.29767
vn -0.95099 0.10706 -0.29011
vn -0.80659 0.19474 -0.55811
vn -0.30519 0.30630 -0.90169
vn 0.31279 0.30554 -0.89934
vn 0.81129 0.19274 -0.55195
vn 0.99991 0.01099 0.00777
vn 0.80659 -0.17028 0.56605
vn 0.30519 -0.28185 0.90963
vn -0.31279 -0.28108 0.90728
vn -0.81129 -0.16829 0.55989
vn -0.95099 -0.08380 0.29766
vn -0.95099 0.10706 -0.29011
vn -0.80650 0.19478 -0.55822
vn -0.30504 0.30632 -0.90173
vn 0.31294 0.30552 -0.89929
vn 0.81138 0.19270 -0.55184
vn 0.99991 0.01095 0.00792
vn 0.80650 -0.17032 0.56617
vn 0.30504 -0.28186 0.90967
vn -0.31294 -0.28107 0.90723
vn -0.81138 -0.16825 0.55978
vn -0.95099 -0.08380 0.29766
vn -0.95099 0.10706 -0.29011
vn -0.80641 0.19482 -0.55835
vn -0.30488 0.30633 -0.90178
vn 0.31309 0.30551 -0.89924
vn 0.81148 0.19266 -0.55171
vn 0.99991 0.01089 0.00808
vn 0.80641 -0.17036 0.56629
vn 0.30488 -0.28188 0.90972
vn -0.31309 -0.28105 0.90718
vn -0.81148 -0.16821 0.55965
vn -0.95099 -0.08380 0.29766
vn -0.95082 0.11650 -0.28699
vn -0.75046 0.23468 -0.61785
vn -0.21912 0.33197 -0.91748
vn 0.39591 0.31423 -0.86285
vn 0.85972 0.18824 -0.47482
vn 0.99514 0.00211 0.09840
vn 0.75046 -0.17306 0.63786
vn 0.21912 -0.27035 0.93749
vn -0.39591 -0.25261 0.88286
vn -0.85972 -0.12662 0.49483
vn -0.95002 -0.05085 0.30803
vn -0.88368 0.44029 -0.15892
vn -0.70919 0.59461 -0.37880
vn -0.25404 0.69127 -0.67647
vn 0.29815 0.68684 -0.66284
vn 0.73645 0.58302 -0.34311
vn 0.89345 0.41946 0.16059
vn 0.70919 0.25864 0.65586
vn 0.25404 0.16199 0.95353
vn -0.29815 0.16641 0.93990
vn -0.73645 0.27023 0.62017
vn -0.82594 0.38867 0.40836
vn -0.66729 0.74467 0.01384
vn -0.49773 0.85348 -0.15442
vn -0.16141 0.91962 -0.35812
vn 0.23656 0.91208 -0.33489
vn 0.54417 0.83373 -0.09362
vn 0.64393 0.71451 0.27354
vn 0.49773 0.59995 0.62636
vn 0.16141 0.53381 0.83006
vn -0.23656 0.54135 0.80683
vn -0.54417 0.61969 0.56556
vn -0.58155 0.69422 0.42409
vn -0.39827 0.90367 0.15737
vn -0.27476 0.96069 0.03969
vn -0.07009 0.99530 -0.06688
vn 0.16136 0.98614 -0.03867
vn 0.33118 0.93671 0.11354
vn 0.37449 0.86590 0.33162
vn 0.27476 0.80075 0.53226
vn 0.07009 0.76614 0.63884
vn -0.16136 0.77530 0.61063
vn -0.33118 0.82473 0.45841
vn -0.32261 0.86235 0.39022
vn -0.17551 0.95239 0.24929
vn -0.11452 0.97886 0.16947
vn -0.00970 0.99132 0.13108
vn 0.09882 0.98238 0.15862
vn 0.16960 0.95545 0.24158
vn 0.17560 0.92081 0.34826
vn 0.11452 0.89169 0.43791
vn 0.00970 0.87923 0.47630
vn -0.09882 0.88817 0.44876
vn -0.16960 0.91511 0.36581
vn -0.17551 0.91717 0.35777
vn -0.08002 -0.99039 -0.11282
vn -0.07687 -0.99012 -0.11726
vn -0.01214 -0.97937 -0.20169
vn 0.08996 -0.96864 -0.23162
vn 0.19042 -0.96202 -0.19560
vn 0.25088 -0.96204 -0.10740
vn 0.24824 -0.96870 -0.00072
vn 0.18351 -0.97945 0.08372
vn 0.08142 -0.99018 0.11364
vn -0.01905 -0.99680 0.07762
vn -0.07945 -0.99683 -0.00512
vn -0.23480 -0.95888 -0.15943
vn -0.24602 -0.94071 -0.23355
vn -0.08023 -0.91669 -0.39147
vn 0.14706 -0.89502 -0.42109
vn 0.34901 -0.88398 -0.31110
vn 0.44849 -0.88778 -0.10351
vn 0.40750 -0.90497 0.12239
vn 0.24170 -0.92898 0.28030
vn 0.01442 -0.95065 0.30992
vn -0.18753 -0.96170 0.19993
vn -0.31172 -0.94737 0.07296
vn -0.51149 -0.82624 -0.23601
vn -0.47744 -0.78654 -0.39167
vn -0.17232 -0.74460 -0.64489
vn 0.22401 -0.70845 -0.66926
vn 0.56017 -0.69192 -0.45548
vn 0.70775 -0.70131 -0.08520
vn 0.61038 -0.73304 0.30015
vn 0.30526 -0.77498 0.55337
vn -0.09107 -0.81113 0.57774
vn -0.42722 -0.82766 0.36395
vn -0.60163 -0.77965 0.17375
vn -0.78106 -0.54899 -0.29758
vn -0.69727 -0.48002 -0.53235
vn -0.26239 -0.42176 -0.86791
vn 0.28762 -0.37278 -0.88222
vn 0.74267 -0.35178 -0.56981
vn 0.92896 -0.36679 -0.05002
vn 0.77532 -0.41207 0.47862
vn 0.34044 -0.47033 0.81418
vn -0.20957 -0.51931 0.82849
vn -0.66463 -0.54031 0.51608
vn -0.84666 -0.46177 0.26447
vn -0.94115 -0.13056 -0.31177
vn -0.84844 -0.08888 -0.52177
vn -0.38380 -0.02406 -0.92310
vn 0.22897 0.03255 -0.97289
vn 0.75580 0.05932 -0.65211
vn 0.99546 0.04603 -0.08330
vn 0.85642 -0.00225 0.51628
vn 0.39177 -0.06707 0.91761
vn -0.22099 -0.12368 0.96740
vn -0.74782 -0.15045 0.64662
vn -0.94280 -0.13105 0.30653
vn -0.95049 -0.04609 -0.30730
vn -0.80730 -0.00037 -0.59014
vn -0.30877 0.06485 -0.94892
vn 0.30655 0.11842 -0.94446
vn 0.80364 0.13986 -0.57845
vn 0.99261 0.12100 0.00929
vn 0.80129 0.06903 0.59428
vn 0.30276 0.00380 0.95306
vn -0.31256 -0.04976 0.94859
vn -0.80964 -0.07121 0.58259
vn -0.94890 -0.05363 0.31097
vn -0.95259 -0.00372 -0.30424
vn -0.80558 0.01841 -0.59221
vn -0.30581 0.08359 -0.94842
vn 0.30900 0.13694 -0.94115
vn 0.80403 0.15808 -0.57319
vn 0.99019 0.13895 0.01492
vn 0.79637 0.08684 0.59855
vn 0.29660 0.02166 0.95476
vn -0.31821 -0.03169 0.94749
vn -0.81324 -0.05284 0.57953
vn -0.94849 -0.06256 0.31056
vn -0.95030 -0.04878 -0.30748
vn -0.80806 -0.01950 -0.58877
vn -0.31055 0.04575 -0.94946
vn 0.30507 0.09947 -0.94712
vn 0.80364 0.12114 -0.58266
vn 0.99472 0.10248 0.00472
vn 0.80534 0.05062 0.59065
vn 0.30782 -0.01463 0.95133
vn -0.30779 -0.06835 0.94900
vn -0.80636 -0.09001 0.58454
vn -0.94695 -0.08739 0.30927
vn -0.95004 -0.05228 -0.30771
vn -0.80818 -0.02232 -0.58851
vn -0.31086 0.04293 -0.94949
vn 0.30478 0.09667 -0.94750
vn 0.80358 0.11837 -0.58331
vn 0.99500 0.09975 0.00398
vn 0.80595 0.04791 0.59005
vn 0.30862 -0.01734 0.95103
vn -0.30702 -0.07108 0.94904
vn -0.80582 -0.09279 0.58485
vn -0.94682 -0.08916 0.30917
vn -0.95004 -0.05229 -0.30771
vn -0.80813 -0.02232 -0.58858
vn -0.31076 0.04293 -0.94952
vn 0.30488 0.09667 -0.94747
vn 0.80363 0.11836 -0.58323
vn 0.99501 0.09973 0.00408
vn 0.80589 0.04789 0.59012
vn 0.30853 -0.01736 0.95106
vn -0.30711 -0.07110 0.94901
vn -0.80587 -0.09280 0.58477
vn -0.94682 -0.08916 0.30917
vn -0.95004 -0.05236 -0.30771
vn -0.80808 -0.02243 -0.58865
vn -0.31068 0.04283 -0.94955
vn 0.30496 0.09656 -0.94746
vn 0.80369 0.11825 -0.58318
vn 0.99502 0.09962 0.00414
vn 0.80586 0.04777 0.59018
vn 0.30847 -0.01748 0.95107
vn -0.30717 -0.07121 0.94899
vn -0.80591 -0.09291 0.58471
vn -0.94681 -0.08930 0.30916
vn -0.94942 -0.06015 -0.30820
vn -0.80898 -0.03505 -0.58679
vn -0.31274 0.03020 -0.94936
vn 0.30294 0.08406 -0.94929
vn 0.80290 0.10596 -0.58662
vn 0.99616 0.08753 0.00012
vn 0.80891 0.03581 0.58684
vn 0.31268 -0.02944 0.94940
vn -0.30301 -0.08331 0.94934
vn -0.80296 -0.10520 0.58667
vn -0.94550 -0.10491 0.30824
vn -0.94523 -0.10078 -0.31045
vn -0.80948 -0.08797 -0.58052
vn -0.32048 -0.02147 -0.94701
vn 0.29128 0.03309 -0.95606
vn 0.79547 0.05483 -0.60350
vn 0.99915 0.03591 -0.02028
vn 0.82076 -0.01599 0.57105
vn 0.32789 -0.08115 0.94122
vn -0.28844 -0.13534 0.94788
vn -0.79162 -0.15821 0.59018
vn -0.93931 -0.16417 0.30125
vn -0.94971 -0.06297 -0.30673
vn -0.81172 0.02804 -0.58337
vn -0.31794 0.14253 -0.93734
vn 0.29828 0.20406 -0.93241
vn 0.79955 0.18864 -0.57020
vn 0.99468 0.10263 0.00907
vn 0.81069 -0.02080 0.58511
vn 0.31631 -0.13475 0.93904
vn -0.30010 -0.19567 0.93362
vn -0.80078 -0.18040 0.57115
vn -0.94311 -0.11957 0.31023
vn -0.95773 0.09468 -0.27163
vn -0.81101 0.19331 -0.55218
vn -0.31699 0.34397 -0.88386
vn 0.29284 0.39539 -0.87058
vn 0.78965 0.32825 -0.51836
vn 0.98526 0.16608 0.04105
vn 0.80283 -0.03038 0.59544
vn 0.31013 -0.18499 0.93252
vn -0.30541 -0.23709 0.92224
vn -0.80713 -0.16641 0.56643
vn -0.94253 -0.11131 0.31503
vn -0.95838 0.04946 -0.28117
vn -0.81874 0.14594 -0.55530
vn -0.32730 0.30118 -0.89564
vn 0.28797 0.35467 -0.88954
vn 0.79204 0.28598 -0.53934
vn 0.99239 0.12133 0.02120
vn 0.81247 -0.07637 0.57798
vn 0.32102 -0.23161 0.91831
vn -0.29424 -0.28510 0.91222
vn -0.79832 -0.21641 0.56201
vn -0.94081 -0.15417 0.30185
vn -0.95668 0.02214 -0.29031
vn -0.82064 0.12222 -0.55823
vn -0.33112 0.27829 -0.90162
vn 0.28443 0.33294 -0.89903
vn 0.79089 0.26532 -0.55145
vn 0.99483 0.10124 0.00836
vn 0.81833 -0.09663 0.56657
vn 0.32882 -0.25269 0.90996
vn -0.28673 -0.30735 0.90737
vn -0.79320 -0.23972 0.55979
vn -0.93982 -0.16832 0.29735
vn -0.95662 0.02137 -0.29057
vn -0.82062 0.12159 -0.55839
vn -0.33112 0.27766 -0.90181
vn 0.28443 0.33233 -0.89925
vn 0.79093 0.26471 -0.55169
vn 0.99489 0.10064 0.00811
vn 0.81842 -0.09723 0.56633
vn 0.32892 -0.25330 0.90975
vn -0.28663 -0.30797 0.90719
vn -0.79312 -0.24035 0.55963
vn -0.93979 -0.16871 0.29722
vn -0.95662 0.02136 -0.29057
vn -0.82054 0.12163 -0.55850
vn -0.33099 0.27769 -0.90185
vn 0.28457 0.33233 -0.89921
vn 0.79101 0.26468 -0.55158
vn 0.99489 0.10059 0.00825
vn 0.81834 -0.09727 0.56644
vn 0.32879 -0.25333 0.90979
vn -0.28677 -0.30797 0.90715
vn -0.79321 -0.24033 0.55952
vn -0.93979 -0.16871 0.29722
vn -0.95662 0.02136 -0.29057
vn -0.82045 0.12168 -0.55862
vn -0.33084 0.27771 -0.90190
vn 0.28472 0.33233 -0.89916
vn 0.79110 0.26465 -0.55146
vn 0.99490 0.10054 0.00839
vn 0.81825 -0.09732 0.56656
vn 0.32865 -0.25336 0.90984
vn -0.28691 -0.30797 0.90710
vn -0.79330 -0.24030 0.55940
vn -0.93979 -0.16871 0.29722
vn -0.95662 0.02136 -0.29057
vn -0.82036 0.12173 -0.55875
vn -0.33069 0.27774 -0.90195
vn 0.28487 0.33232 -0.89911
vn 0.79120 0.26462 -0.55134
vn 0.99490 0.10049 0.00855
vn 0.81816 -0.09737 0.56669
vn 0.32849 -0.25339 0.90988
vn -0.28707 -0.30797 0.90705
vn -0.79340 -0.24026 0.55928
vn -0.93979 -0.16871 0.29722
vn -0.95730 0.03078 -0.28745
vn -0.76818 0.16644 -0.61822
vn -0.24757 0.31097 -0.91761
vn 0.36656 0.34844 -0.86269
vn 0.83961 0.26454 -0.47442
vn 0.99090 0.09131 0.09887
vn 0.76265 -0.10507 0.63822
vn 0.24203 -0.24960 0.93762
vn -0.37209 -0.28707 0.88269
vn -0.84514 -0.20317 0.49443
vn -0.94178 -0.13580 0.30759
vn -0.91952 0.35929 -0.15936
vn -0.75946 0.52863 -0.37918
vn -0.31466 0.66569 -0.67664
vn 0.23569 0.71079 -0.66275
vn 0.68138 0.64669 -0.34280
vn 0.85218 0.49788 0.16098
vn 0.68283 0.32120 0.65618
vn 0.23803 0.18413 0.95364
vn -0.31232 0.13904 0.93975
vn -0.75801 0.20314 0.61980
vn -0.85765 0.31307 0.40794
vn -0.73137 0.68185 0.01348
vn -0.57216 0.80541 -0.15471
vn -0.24304 0.90144 -0.35826
vn 0.15400 0.92960 -0.33484
vn 0.46728 0.87916 -0.09342
vn 0.57715 0.76937 0.27380
vn 0.44164 0.64217 0.62655
vn 0.11251 0.54615 0.83010
vn -0.28452 0.51798 0.80669
vn -0.59780 0.56843 0.56526
vn -0.64165 0.63930 0.42377
vn -0.47775 0.86433 0.15712
vn -0.35980 0.93219 0.03950
vn -0.15900 0.98500 -0.06698
vn 0.07233 0.99663 -0.03866
vn 0.24581 0.96263 0.11363
vn 0.29520 0.89600 0.33174
vn 0.20162 0.82217 0.53234
vn 0.00081 0.76936 0.63882
vn -0.23051 0.75773 0.61050
vn -0.40400 0.79173 0.45820
vn -0.39881 0.82996 0.39001
vn -0.26030 0.93283 0.24915
vn -0.20190 0.96465 0.16935
vn -0.09860 0.98647 0.13101
vn 0.01028 0.98729 0.15860
vn 0.08315 0.96681 0.24159
vn 0.09218 0.93285 0.34827
vn 0.03391 0.89838 0.43791
vn -0.06939 0.87657 0.47625
vn -0.17826 0.87575 0.44865
vn -0.25113 0.89623 0.36567
vn -0.25719 0.89775 0.35762
f 1/1/1 22/22/22 2/2/2
f 2/2/2 22/22/22 23/23/23
f 2/2/2 23/23/23 3/3/3
f 3/3/3 23/23/23 24/24/24
f 3/3/3 24/24/24 4/4/4
f 4/4/4 24/24/24 25/25/25
f 4/4/4 25/25/25 5/5/5
f 5/5/5 25/25/25 26/26/26
f 5/5/5 26/26/26 6/6/6
f 6/6/6 26/26/26 27/27/27
f 6/6/6 27/27/27 7/7/7
f 7/7/7 27/27/27 28/28/28
f 7/7/7 28/28/28 8/8/8
f 8/8/8 28/28/28 29/29/29
f 8/8/8 29/29/29 9/9/9
f 9/9/9 29/29/29 30/30/30
f 9/9/9 30/30/30 10/10/10
f 10/10/10 30/30/30 31/31/31
f 10/10/10 31/31/31 11/11/11
f 11/11/11 31/31/31 32/32/32
f 11/11/11 32/32/32 12/12/12
f 12/12/12 32/32/32 33/33/33
f 12/12/12 33/33/33 13/13/13
f 13/13/13 33/33/33 34/34/34
f 13/13/13 34/34/34 14/14/14
f 14/14/14 34/34/34 35/35/35
f 14/14/14 35/35/35 15/15/15
f 15/15/15 35/35/35 36/36/36
f 15/15/15 36/36/36 16/16/16
f 16/16/16 36/36/36 37/37/37
f 16/16/16 37/37/37 17/17/17
f 17/17/17 37/37/37 38/38/38
f 17/17/17 38/38/38 18/18/18
f 18/18/18 38/38/38 39/39/39
f 18/18/18 39/39/39 19/19/19
f 19/19/19 39/39/39 40/40/40
f 19/19/19 40/40/40 20/20/20
f 20/20/20 40/40/40 41/41/41
f 20/20/20 41/41/41 21/21/21
f 21/21/21 41/41/41 42/42/42
f 22/22/22 43/43/43 23/23/23
f 23/23/23 43/43/43 44/44/44
f 23/23/23 44/44/44 24/24/24
f 24/24/24 44/44/44 45/45/45
f 24/24/24 45/45/45 25/25/25
f 25/25/25 45/45/45 46/46/46
f 25/25/25 46/46/46 26/26/26
f 26/26/26 46/46/46 47/47/47
f 26/26/26 47/47/47 27/27/27
f 27/27/27 47/47/47 48/48/48
f 27/27/27 48/48/48 28/28/28
f 28/28/28 48/48/48 49/49/49
f 28/28/28 49/49/49 29/29/29
f 29/29/29 49/49/49 50/50/50
f 29/29/29 50/50/50 30/30/30
f 30/30/30 50/50/50 51/51/51
f 30/30/30 51/51/51 31/31/31
f 31/31/31 51/51/51 52/52/52
f 31/31/31 52/52/52 32/32/32
f 32/32/32 52/52/52 53/53/53
f 32/32/32 53/53/53 33/33/33
f 33/33/33 53/53/53 54/54/54
f 33/33/33 54/54/54 34/34/34
f 34/34/34 54/54/54 55/55/55
f 34/34/34 55/55/55 35/35/35
f 35/35/35 55/55/55 56/56/56
f 35/35/35 56/56/56 36/36/36
f 36/36/36 56/56/56 57/57/57
f 36/36/36 57/57/57 37/37/37
f 37/37/37 57/57/57 58/58/58
f 37/37/37 58/58/58 38/38/38
f 38/38/38 58/58/58 59/59/59
f 38/38/38 59/59/59 39/39/39
f 39/39/39 59/59/59 60/60/60
f 39/39/39 60/60/60 40/40/40
f 40/40/40 60/60/60 61/61/61
f 40/40/40 61/61/61 41/41/41
f 41/41/41 61/61/61 62/62/62
f 41/41/41 62/62/62 42/42/42
f 42/42/42 62/62/62 63/63/63
f 43/43/43 64/64/64 44/44/44
f 44/44/44 64/64/64 65/65/65
f 44/44/44 65/65/65 45/45/45
f 45/45/45 65/65/65 66/66/66
f 45/45/45 66/66/66 46/46/46
f 46/46/46 66/66/66 67/67/67
f 46/46/46 67/67/67 47/47/47
f 47/47/47 67/67/67 68/68/68
f 47/47/47 68/68/68 48/48/48
f 48/48/48 68/68/68 69/69/69
f 48/48/48 69/69/69 49/49/49
f 49/49/49 69/69/69 70/70/70
f 49/49/49 70/70/70 50/50/50
f 50/50/50 70/70/70 71/71/71
f 50/50/50 71/71/71 51/51/51
f 51/51/51 71/71/71 72/72/72
f 51/51/51 72/72/72 52/52/52
f 52/52/52 72/72/72 73/73/73
f 52/52/52 73/73/73 53/53/53
f 53/53/53 73/73/73 74/74/74
f 53/53/53 74/74/74 54/54/54
f 54/54/54 74/74/74 75/75/75
f 54/54/54 75/75/75 55/55/55
f 55/55/55 75/75/75 76/76/76
f 55/55/55 76/76/76 56/56/56
f 56/56/56 76/76/76 77/77/77
f 56/56/56 77/77/77 57/57/57
f 57/57/57 77/77/77 78/78/78
f 57/57/57 78/78/78 58/58/58
f 58/58/58 78/78/78 79/79/79
f 58/58/58 79/79/79 59/59/59
f 59/59/59 79/79/79 80/80/80
f 59/59/59 80/80/80 60/60/60
f 60/60/60 80/80/80 81/81/81
f 60/60/60 81/81/81 61/61/61
f 61/61/61 81/81/81 82/82/82
f 61/61/61 82/82/82 62/62/62
f 62/62/62 82/82/82 83/83/83
f 62/62/62 83/83/83 63/63/63
f 63/63/63 83/83/83 84/84/84
f 64/64/64 85/85/85 65/65/65
f 65/65/65 85/85/85 86/86/86
f 65/65/65 86/86/86 66/66/66
f 66/66/66 86/86/86 87/87/87
f 66/66/66 87/87/87 67/67/67
f 67/67/67 87/87/87 88/88/88
f 67/67/67 88/88/88 68/68/68
f 68/68/68 88/88/88 89/89/89
f 68/68/68 89/89/89 69/69/69
f 69/69/69 89/89/89 90/90/90
f 69/69/69 90/90/90 70/70/70
f 70/70/70 90/90/90 91/91/91
f 70/70/70 91/91/91 71/71/71
f 71/71/71 91/91/91 92/92/92
f 71/71/71 92/92/92 72/72/72
f 72/72/72 92/92/92 93/93/93
f 72/72/72 93/93/93 73/73/73
f 73/73/73 93/93/93 94/94/94
f 73/73/73 94/94/94 74/74/74
f 74/74/74 94/94/94 95/95/95
f 74/74/74 95/95/95 75/75/75
f 75/75/75 95/95/95 96/96/96
f 75/75/75 96/96/96 76/76/76
f 76/76/76 96/96/96 97/97/97
f 76/76/76 97/97/97 77/77/77
f 77/77/77 97/97/97 98/98/98
f 77/77/77 98/98/98 78/78/78
f 78/78/78 98/98/98 99/99/99
f 78/78/78 99/99/99 79/79/79
f 79/79/79 99/99/99 100/100/100
f 79/79/79 100/100/100 80/80/80
f 80/80/80 100/100/100 101/101/101
f 80/80/80 101/101/101 81/81/81
f 81/81/81 101/101/101 102/102/102
f 81/81/81 102/102/102 82/82/82
f 82/82/82 102/102/102 103/103/103
f 82/82/82 103/103/103 83/83/83
f 83/83/83 103/103/103 104/104/104
f 83/83/83 104/104/104 84/84/84
f 84/84/84 104/104/104 105/105/105
f 85/85/85 106/106/106 86/86/86
f 86/86/86 106/106/106 107/107/107
f 86/86/86 107/107/107 87/87/87
f 87/87/87 107/107/107 108/108/108
f 87/87/87 108/108/108 88/88/88
f 88/88/88 108/108/108 109/109/109
f 88/88/88 109/109/109 89/89/89
f 89/89/89 109/109/109 110/110/110
f 89/89/89 110/110/110 90/90/90
f 90/90/90 110/110/110 111/111/111
f 90/90/90 111/111/111 91/91/91
f 91/91/91 111/111/111 112/112/112
f 91/91/91 112/112/112 92/92/92
f 92/92/92 112/112/112 113/113/113
f 92/92/92 113/113/113 93/93/93
f 93/93/93 113/113/113 114/114/114
f 93/93/93 114/114/114 94/94/94
f 94/94/94 114/114/114 115/115/115
f 94/94/94 115/115/115 95/95/95
f 95/95/95 115/115/115 116/116/116
f 95/95/95 116/116/116 96/96/96
f 96/96/96 116/116/116 117/117/117
f 96/96/96 117/117/117 97/97/97
f 97/97/97 117/117/117 118/118/118
f 97/97/97 118/118/118 98/98/98
f 98/98/98 118/118/118 119/119/119
f 98/98/98 119/119/119 99/99/99
f 99/99/99 119/119/119 120/120/120
f 99/99/99 120/120/120 100/100/100
f 100/100/100 120/120/120 121/121/121
f 100/100/100 121/121/121 101/101/101
f 101/101/101 121/121/121 122/122/122
f 101/101/101 122/122/122 102/102/102
f 102/102/102 122/122/122 123/123/123
f 102/102/102 123/123/123 103/103/103
f 103/103/103 123/123/123 124/124/124
f 103/103/103 124/124/124 104/104/104
f 104/104/104 124/124/124 125/125/125
f 104/104/104 125/125/125 105/105/105
f 105/105/105 125/125/125 126/126/126
f 106/106/106 127/127/127 107/107/107
f 107/107/107 127/127/127 128/128/128
f 107/107/107 128/128/128 108/108/108
f 108/108/108 128/128/128 129/129/129
f 108/108/108 129/129/129 109/109/109
f 109/109/109 129/129/129 130/130/130
f 109/109/109 130/130/130 110/110/110
f 110/110/110 130/130/130 131/131/131
f 110/110/110 131/131/131 111/111/111
f 111/111/111 131/131/131 132/132/132
f 111/111/111 132/132/132 112/112/112
f 112/112/112 132/132/132 133/133/133
f 112/112/112 133/133/133 113/113/113
f 113/113/113 133/133/133 134/134/134
f 113/113/113 134/134/134 114/114/114
f 114/114/114 134/134/134 135/135/135
f 114/114/114 135/135/135 115/115/115
f 115/115/115 135/135/135 136/136/136
f 115/115/115 136/136/136 116/116/116
f 116/116/116 136/136/136 137/137/137
f 116/116/116 137/137/137 117/117/117
f 117/117/117 137/137/137 138/138/138
f 117/117/117 138/138/138 118/118/118
f 118/118/118 138/138/138 139/139/139
f 118/118/118 139/139/139 119/119/119
f 119/119/119 139/139/139 140/140/140
f 119/119/119 140/140/140 120/120/120
f 120/120/120 140/140/140 141/141/141
f 120/120/120 141/141/141 121/121/121
f 121/121/121 141/141/141 142/142/142
f 121/121/121 142/142/142 122/122/122
f 122/122/122 142/142/142 143/143/143
f 122/122/122 143/143/143 123/123/123
f 123/123/123 143/143/143 144/144/144
f 123/123/123 144/144/144 124/124/124
f 124/124/124 144/144/144 145/145/145
f 124/124/124 145/145/145 125/125/125
f 125/125/125 145/145/145 146/146/146
f 125/125/125 146/146/146 126/126/126
f 126/126/126 146/146/146 147/147/147
f 127/127/127 148/148/148 128/128/128
f 128/128/128 148/148/148 149/149/149
f 128/128/128 149/149/149 129/129/129
f 129/129/129 149/149/149 150/150/150
f 129/129/129 150/150/150 130/130/130
f 130/130/130 150/150/150 151/151/151
f 130/130/130 151/151/151 131/131/131
f 131/131/131 151/151/151 152/152/152
f 131/131/131 152/152/152 132/132/132
f 132/132/132 152/152/152 153/153/153
f 132/132/132 153/153/153 133/133/133
f 133/133/133 153/153/153 154/154/154
f 133/133/133 154/154/154 134/134/134
f 134/134/134 154/154/154 155/155/155
f 134/134/134 155/155/155 135/135/135
f 135/135/135 155/155/155 156/156/156
f 135/135/135 156/156/156 136/136/136
f 136/136/136 156/156/156 157/157/157
f 136/136/136 157/157/157 137/137/137
f 137/137/137 157/157/157 158/158/158
f 137/137/137 158/158/158 138/138/138
f 138/138/138 158/158/158 159/159/159
f 138/138/138 159/159/159 139/139/139
f 139/139/139 159/159/159 160/160/160
f 139/139/139 160/160/160 140/140/140
f 140/140/140 160/160/160 161/161/161
f 140/140/140 161/161/161 141/141/141
f 141/141/141 161/161/161 162/162/162
f 141/141/141 162/162/162 142/142/142
f 142/142/142 162/162/162 163/163/163
f 142/142/142 163/163/163 143/143/143
f 143/143/143 163/163/163 164/164/164
f 143/143/143 164/164/164 144/144/144
f 144/144/144 164/164/164 165/165/165
f 144/144/144 165/165/165 145/145/145
f 145/145/145 165/165/165 166/166/166
f 145/145/145 166/166/166 146/146/146
f 146/146/146 166/166/166 167/167/167
f 146/146/146 167/167/167 147/147/147
f 147/147/147 167/167/167 168/168/168
f 148/148/148 169/169/169 149/149/149
f 149/149/149 169/169/169 170/170/170
f 149/149/149 170/170/170 150/150/150
f 150/150/150 170/170/170 171/171/171
f 150/150/150 171/171/171 151/151/151
f 151/151/151 171/171/171 172/172/172
f 151/151/151 172/172/172 152/152/152
f 152/152/152 172/172/172 173/173/173
f 152/152/152 173/173/173 153/153/153
f 153/153/153 173/173/173 174/174/174
f 153/153/153 174/174/174 154/154/154
f 154/154/154 174/174/174 175/175/175
f 154/154/154 175/175/175 155/155/155
f 155/155/155 175/175/175 176/176/176
f 155/155/155 176/176/176 156/156/156
f 156/156/156 176/176/176 177/177/177
f 156/156/156 177/177/177 157/157/157
f 157/157/157 177/177/177 178/178/178
f 157/157/157 178/178/178 158/158/158
f 158/158/158 178/178/178 179/179/179
f 158/158/158 179/179/179 159/159/159
f 159/159/159 179/179/179 180/180/180
f 159/159/159 180/180/180 160/160/160
f 160/160/160 180/180/180 181/181/181
f 160/160/160 181/181/181 161/161/161
f 161/161/161 181/181/181 182/182/182
f 161/161/161 182/182/182 162/162/162
f 162/162/162 182/182/182 183/183/183
f 162/162/162 183/183/183 163/163/163
f 163/163/163 183/183/183 184/184/184
f 163/163/163 184/184/184 164/164/164
f 164/164/164 184/184/184 185/185/185
f 164/164/164 185/185/185 165/165/165
f 165/165/165 185/185/185 186/186/186
f 165/165/165 186/186/186 166/166/166
f 166/166/166 186/186/186 187/187/187
f 166/166/166 187/187/187 167/167/167
f 167/167/167 187/187/187 188/188/188
f 167/167/167 188/188/188 168/168/168
f 168/168/168 188/188/188 189/189/189
f 169/169/169 190/190/190 170/170/170
f 170/170/170 190/190/190 191/191/191
f 170/170/170 191/191/191 171/171/171
f 171/171/171 191/191/191 192/192/192
f 171/171/171 192/192/192 172/172/172
f 172/172/172 192/192/192 193/193/193
f 172/172/172 193/193/193 173/173/173
f 173/173/173 193/193/193 194/194/194
f 173/173/173 194/194/194 174/174/174
f 174/174/174 194/194/194 195/195/195
f 174/174/174 195/195/195 175/175/175
f 175/175/175 195/195/195 196/196/196
f 175/175/175 196/196/196 176/176/176
f 176/176/176 196/196/196 197/197/197
f 176/176/176 197/197/197 177/177/177
f 177/177/177 197/197/197 198/198/198
f 177/177/177 198/198/198 178/178/178
f 178/178/178 198/198/198 199/199/199
f 178/178/178 199/199/199 179/179/179
f 179/179/179 199/199/199 200/200/200
f 179/179/179 200/200/200 180/180/180
f 180/180/180 200/200/200 201/201/201
f 180/180/180 201/201/201 181/181/181
f 181/181/181 201/201/201 202/202/202
f 181/181/181 202/202/202 182/182/182
f 182/182/182 202/202/202 203/203/203
f 182/182/182 203/203/203 183/183/183
f 183/183/183 203/203/203 204/204/204
f 183/183/183 204/204/204 184/184/184
f 184/184/184 204/204/204 205/205/205
f 184/184/184 205/205/205 185/185/185
f 185/185/185 205/205/205 206/206/206
f 185/185/185 206/206/206 186/186/186
f 186/186/186 206/206/206 207/207/207
f 186/186/186 207/207/207 187/187/187
f 187/187/187 207/207/207 208/208/208
f 187/187/187 208/208/208 188/188/188
f 188/188/188 208/208/208 209/209/209
f 188/188/188 209/209/209 189/189/189
f 189/189/189 209/209/209 210/210/210
f 190/190/190 211/211/211 191/191/191
f 191/191/191 211/211/211 212/212/212
f 191/191/191 212/212/212 192/192/192
f 192/192/192 212/212/212 213/213/213
f 192/192/192 213/213/213 193/193/193
f 193/193/193 213/213/213 214/214/214
f 193/193/193 214/214/214 194/194/194
f 194/194/194 214/214/214 215/215/215
f 194/194/194 215/215/215 195/195/195
f 195/195/195 215/215/215 216/216/216
f 195/195/195 216/216/216 196/196/196
f 196/196/196 216/216/216 217/217/217
f 196/196/196 217/217/217 197/197/197
f 197/197/197 217/217/217 218/218/218
f 197/197/197 218/218/218 198/198/198
f 198/198/198 218/218/218 219/219/219
f 198/198/198 219/219/219 199/199/199
f 199/199/199 219/219/219 220/220/220
f 199/199/199 220/220/220 200/200/200
f 200/200/200 220/220/220 221/221/221
f 200/200/200 221/221/221 201/201/201
f 201/201/201 221/221/221 222/222/222
f 201/201/201 222/222/222 202/202/202
f 202/202/202 222/222/222 223/223/223
f 202/202/202 223/223/223 203/203/203
f 203/203/203 223/223/223 224/224/224
f 203/203/203 224/224/224 204/204/204
f 204/204/204 224/224/224 225/225/225
f 204/204/204 225/225/225 205/205/205
f 205/205/205 225/225/225 226/226/226
f 205/205/205 226/226/226 206/206/206
f 206/206/206 226/226/226 227/227/227
f 206/206/206 227/227/227 207/207/207
f 207/207/207 227/227/227 228/228/228
f 207/207/207 228/228/228 208/208/208
f 208/208/208 228/228/228 229/229/229
f 208/208/208 229/229/229 209/209/209
f 209/209/209 229/229/229 230/230/230
f 209/209/209 230/230/230 210/210/210
f 210/210/210 230/230/230 231/231/231
f 211/211/211 232/232/232 212/212/212
f 212/212/212 232/232/232 233/233/233
f 212/212/212 233/233/233 213/213/213
f 213/213/213 233/233/233 234/234/234
f 213/213/213 234/234/234 214/214/214
f 214/214/214 234/234/234 235/235/235
f 214/214/214 235/235/235 215/215/215
f 215/215/215 235/235/235 236/236/236
f 215/215/215 236/236/236 216/216/216
f 216/216/216 236/236/236 237/237/237
f 216/216/216 237/237/237 217/217/217
f 217/217/217 237/237/237 238/238/238
f 217/217/217 238/238/238 218/218/218
f 218/218/218 238/238/238 239/239/239
f 218/218/218 239/239/239 219/219/219
f 219/219/219 239/239/239 240/240/240
f 219/219/219 240/240/240 220/220/220
f 220/220/220 240/240/240 241/241/241
f 220/220/220 241/241/241 221/221/221
f 221/221/221 241/241/241 242/242/242
f 221/221/221 242/242/242 222/222/222
f 222/222/222 242/242/242 243/243/243
f 222/222/222 243/243/243 223/223/223
f 223/223/223 243/243/243 244/244/244
f 223/223/223 244/244/244 224/224/224
f 224/224/224 244/244/244 245/245/245
f 224/224/224 245/245/245 225/225/225
f 225/225/225 245/245/245 246/246/246
f 225/225/225 246/246/246 226/226/226
f 226/226/226 246/246/246 247/247/247
f 226/226/226 247/247/247 227/227/227
f 227/227/227 247/247/247 248/248/248
f 227/227/227 248/248/248 228/228/228
f 228/228/228 248/248/248 249/249/249
f 228/228/228 249/249/249 229/229/229
f 229/229/229 249/249/249 250/250/250
f 229/229/229 250/250/250 230/230/230
f 230/230/230 250/250/250 251/251/251
f 230/230/230 251/251/251 231/231/231
f 231/231/231 251/251/251 252/252/252
f 232/232/232 253/253/253 233/233/233
f 233/233/233 253/253/253 254/254/254
f 233/233/233 254/254/254 234/234/234
f 234/234/234 254/254/254 255/255/255
f 234/234/234 255/255/255 235/235/235
f 235/235/235 255/255/255 256/256/256
f 235/235/235 256/256/256 236/236/236
f 236/236/236 256/256/256 257/257/257
f 236/236/236 257/257/257 237/237/237
f 237/237/237 257/257/257 258/258/258
f 237/237/237 258/258/258 238/238/238
f 238/238/238 258/258/258 259/259/259
f 238/238/238 259/259/259 239/239/239
f 239/239/239 259/259/259 260/260/260
f 239/239/239 260/260/260 240/240/240
f 240/240/240 260/260/260 261/261/261
f 240/240/240 261/261/261 241/241/241
f 241/241/241 261/261/261 262/262/262
f 241/241/241 262/262/262 242/242/242
f 242/242/242 262/262/262 263/263/263
f 242/242/242 263/263/263 243/243/243
f 243/243/243 263/263/263 264/264/264
f 243/243/243 264/264/264 244/244/244
f 244/244/244 264/264/264 265/265/265
f 244/244/244 265/265/265 245/245/245
f 245/245/245 265/265/265 266/266/266
f 245/245/245 266/266/266 246/246/246
f 246/246/246 266/266/266 267/267/267
f 246/246/246 267/267/267 247/247/247
f 247/247/247 267/267/267 268/268/268
f 247/247/247 268/268/268 248/248/248
f 248/248/248 268/268/268 269/269/269
f 248/248/248 269/269/269 249/249/249
f 249/249/249 269/269/269 270/270/270
f 249/249/249 270/270/270 250/250/250
f 250/250/250 270/270/270 271/271/271
f 250/250/250 271/271/271 251/251/251
f 251/251/251 271/271/271 272/272/272
f 251/251/251 272/272/272 252/252/252
f 252/252/252 272/272/272 273/273/273
f 253/253/253 274/274/274 254/254/254
f 254/254/254 274/274/274 275/275/275
f 254/254/254 275/275/275 255/255/255
f 255/255/255 275/275/275 276/276/276
f 255/255/255 276/276/276 256/256/256
f 256/256/256 276/276/276 277/277/277
f 256/256/256 277/277/277 257/257/257
f 257/257/257 277/277/277 278/278/278
f 257/257/257 278/278/278 258/258/258
f 258/258/258 278/278/278 279/279/279
f 258/258/258 279/279/279 259/259/259
f 259/259/259 279/279/279 280/280/280
f 259/259/259 280/280/280 260/260/260
f 260/260/260 280/280/280 281/281/281
f 260/260/260 281/281/281 261/261/261
f 261/261/261 281/281/281 282/282/282
f 261/261/261 282/282/282 262/262/262
f 262/262/262 282/282/282 283/283/283
f 262/262/262 283/283/283 263/263/263
f 263/263/263 283/283/283 284/284/284
f 263/263/263 284/284/284 264/264/264
f 264/264/264 284/284/284 285/285/285
f 264/264/264 285/285/285 265/265/265
f 265/265/265 285/285/285 286/286/286
f 265/265/265 286/286/286 266/266/266
f 266/266/266 286/286/286 287/287/287
f 266/266/266 287/287/287 267/267/267
f 267/267/267 287/287/287 288/288/288
f 267/267/267 288/288/288 268/268/268
f 268/268/268 288/288/288 289/289/289
f 268/268/268 289/289/289 269/269/269
f 269/269/269 289/289/289 290/290/290
f 269/269/269 290/290/290 270/270/270
f 270/270/270 290/290/290 291/291/291
f 270/270/270 291/291/291 271/271/271
f 271/271/271 291/291/291 292/292/292
f 271/271/271 292/292/292 272/272/272
f 272/272/272 292/292/292 293/293/293
f 272/272/272 293/293/293 273/273/273
f 273/273/273 293/293/293 294/294/294
f 274/274/274 295/295/295 275/275/275
f 275/275/275 295/295/295 296/296/296
f 275/275/275 296/296/296 276/276/276
f 276/276/276 296/296/296 297/297/297
f 276/276/276 297/297/297 277/277/277
f 277/277/277 297/297/297 298/298/298
f 277/277/277 298/298/298 278/278/278
f 278/278/278 298/298/298 299/299/299
f 278/278/278 299/299/299 279/279/279
f 279/279/279 299/299/299 300/300/300
f 279/279/279 300/300/300 280/280/280
f 280/280/280 300/300/300 301/301/301
f 280/280/280 301/301/301 281/281/281
f 281/281/281 301/301/301 302/302/302
f 281/281/281 302/302/302 282/282/282
f 282/282/282 302/302/302 303/303/303
f 282/282/282 303/303/303 283/283/283
f 283/283/283 303/303/303 304/304/304
f 283/283/283 304/304/304 284/284/284
f 284/284/284 304/304/304 305/305/305
f 284/284/284 305/305/305 285/285/285
f 285/285/285 305/305/305 306/306/306
f 285/285/285 306/306/306 286/286/286
f 286/286/286 306/306/306 307/307/307
f 286/286/286 307/307/307 287/287/287
f 287/287/287 307/307/307 308/308/308
f 287/287/287 308/308/308 288/288/288
f 288/288/288 308/308/308 309/309/309
f 288/288/288 309/309/309 289/289/289
f 289/289/289 309/309/309 310/310/310
f 289/289/289 310/310/310 290/290/290
f 290/290/290 310/310/310 311/311/311
f 290/290/290 311/311/311 291/291/291
f 291/291/291 311/311/311 312/312/312
f 291/291/291 312/312/312 292/292/292
f 292/292/292 312/312/312 313/313/313
f 292/292/292 313/313/313 293/293/293
f 293/293/293 313/313/313 314/314/314
f 293/293/293 314/314/314 294/294/294
f 294/294/294 314/314/314 315/315/315
f 295/295/295 316/316/316 296/296/296
f 296/296/296 316/316/316 317/317/317
f 296/296/296 317/317/317 297/297/297
f 297/297/297 317/317/317 318/318/318
f 297/297/297 318/318/318 298/298/298
f 298/298/298 318/318/318 319/319/319
f 298/298/298 319/319/319 299/299/299
f 299/299/299 319/319/319 320/320/320
f 299/299/299 320/320/320 300/300/300
f 300/300/300 320/320/320 321/321/321
f 300/300/300 321/321/321 301/301/301
f 301/301/301 321/321/321 322/322/322
f 301/301/301 322/322/322 302/302/302
f 302/302/302 322/322/322 323/323/323
f 302/302/302 323/323/323 303/303/303
f 303/303/303 323/323/323 324/324/324
f 303/303/303 324/324/324 304/304/304
f 304/304/304 324/324/324 325/325/325
f 304/304/304 325/325/325 305/305/305
f 305/305/305 325/325/325 326/326/326
f 305/305/305 326/326/326 306/306/306
f 306/306/306 326/326/326 327/327/327
f 306/306/306 327/327/327 307/307/307
f 307/307/307 327/327/327 328/328/328
f 307/307/307 328/328/328 308/308/308
f 308/308/308 328/328/328 329/329/329
f 308/308/308 329/329/329 309/309/309
f 309/309/309 329/329/329 330/330/330
f 309/309/309 330/330/330 310/310/310
f 310/310/310 330/330/330 331/331/331
f 310/310/310 331/331/331 311/311/311
f 311/311/311 331/331/331 332/332/332
f 311/311/311 332/332/332 312/312/312
f 312/312/312 332/332/332 333/333/333
f 312/312/312 333/333/333 313/313/313
f 313/313/313 333/333/333 334/334/334
f 313/313/313 334/334/334 314/314/314
f 314/314/314 334/334/334 335/335/335
f 314/314/314 335/335/335 315/315/315
f 315/315/315 335/335/335 336/336/336
f 316/316/316 337/337/337 317/317/317
f 317/317/317 337/337/337 338/338/338
f 317/317/317 338/338/338 318/318/318
f 318/318/318 338/338/338 339/339/339
f 318/318/318 339/339/339 319/319/319
f 319/319/319 339/339/339 340/340/340
f 319/319/319 340/340/340 320/320/320
f 320/320/320 340/340/340 341/341/341
f 320/320/320 341/341/341 321/321/321
f 321/321/321 341/341/341 342/342/342
f 321/321/321 342/342/342 322/322/322
f 322/322/322 342/342/342 343/343/343
f 322/322/322 343/343/343 323/323/323
f 323/323/323 343/343/343 344/344/344
f 323/323/323 344/344/344 324/324/324
f 324/324/324 344/344/344 345/345/345
f 324/324/324 345/345/345 325/325/325
f 325/325/325 345/345/345 346/346/346
f 325/325/325 346/346/346 326/326/326
f 326/326/326 346/346/346 347/347/347
f 326/326/326 347/347/347 327/327/327
f 327/327/327 347/347/347 348/348/348
f 327/327/327 348/348/348 328/328/328
f 328/328/328 348/348/348 349/349/349
f 328/328/328 349/349/349 329/329/329
f 329/329/329 349/349/349 350/350/350
f 329/329/329 350/350/350 330/330/330
f 330/330/330 350/350/350 351/351/351
f 330/330/330 351/351/351 331/331/331
f 331/331/331 351/351/351 352/352/352
f 331/331/331 352/352/352 332/332/332
f 332/332/332 352/352/352 353/353/353
f 332/332/332 353/353/353 333/333/333
f 333/333/333 353/353/353 354/354/354
f 333/333/333 354/354/354 334/334/334
f 334/334/334 354/354/354 355/355/355
f 334/334/334 355/355/355 335/335/335
f 335/335/335 355/355/355 356/356/356
f 335/335/335 356/356/356 336/336/336
f 336/336/336 356/356/356 357/357/357
f 337/337/337 358/358/358 338/338/338
f 338/338/338 358/358/358 359/359/359
f 338/338/338 359/359/359 339/339/339
f 339/339/339 359/359/359 360/360/360
f 339/339/339 360/360/360 340/340/340
f 340/340/340 360/360/360 361/361/361
f 340/340/340 361/361/361 341/341/341
f 341/341/341 361/361/361 362/362/362
f 341/341/341 362/362/362 342/342/342
f 342/342/342 362/362/362 363/363/363
f 342/342/342 363/363/363 343/343/343
f 343/343/343 363/363/363 364/364/364
f 343/343/343 364/364/364 344/344/344
f 344/344/344 364/364/364 365/365/365
f 344/344/344 365/365/365 345/345/345
f 345/345/345 365/365/365 366/366/366
f 345/345/345 366/366/366 346/346/346
f 346/346/346 366/366/366 367/367/367
f 346/346/346 367/367/367 347/347/347
f 347/347/347 367/367/367 368/368/368
f 347/347/347 368/368/368 348/348/348
f 348/348/348 368/368/368 369/369/369
f 348/348/348 369/369/369 349/349/349
f 349/349/349 369/369/369 370/370/370
f 349/349/349 370/370/370 350/350/350
f 350/350/350 370/370/370 371/371/371
f 350/350/350 371/371/371 351/351/351
f 351/351/351 371/371/371 372/372/372
f 351/351/351 372/372/372 352/352/352
f 352/352/352 372/372/372 373/373/373
f 352/352/352 373/373/373 353/353/353
f 353/353/353 373/373/373 374/374/374
f 353/353/353 374/374/374 354/354/354
f 354/354/354 374/374/374 375/375/375
f 354/354/354 375/375/375 355/355/355
f 355/355/355 375/375/375 376/376/376
f 355/355/355 376/376/376 356/356/356
f 356/356/356 376/376/376 377/377/377
f 356/356/356 377/377/377 357/357/357
f 357/357/357 377/377/377 378/378/378
f 379/379/379 390/390/390 380/380/380
f 380/380/380 390/390/390 391/391/391
f 380/380/380 391/391/391 381/381/381
f 381/381/381 391/391/391 392/392/392
f 381/381/381 392/392/392 382/382/382
f 382/382/382 392/392/392 393/393/393
f 382/382/382 393/393/393 383/383/383
f 383/383/383 393/393/393 394/394/394
f 383/383/383 394/394/394 384/384/384
f 384/384/384 394/394/394 395/395/395
f 384/384/384 395/395/395 385/385/385
f 385/385/385 395/395/395 396/396/396
f 385/385/385 396/396/396 386/386/386
f 386/386/386 396/396/396 397/397/397
f 386/386/386 397/397/397 387/387/387
f 387/387/387 397/397/397 398/398/398
f 387/387/387 398/398/398 388/388/388
f 388/388/388 398/398/398 399/399/399
f 388/388/388 399/399/399 389/389/389
f 389/389/389 399/399/399 400/400/400
f 390/390/390 401/401/401 391/391/391
f 391/391/391 401/401/401 402/402/402
f 391/391/391 402/402/402 392/392/392
f 392/392/392 402/402/402 403/403/403
f 392/392/392 403/403/403 393/393/393
f 393/393/393 403/403/403 404/404/404
f 393/393/393 404/404/404 394/394/394
f 394/394/394 404/404/404 405/405/405
f 394/394/394 405/405/405 395/395/395
f 395/395/395 405/405/405 406/406/406
f 395/395/395 406/406/406 396/396/396
f 396/396/396 406/406/406 407/407/407
f 396/396/396 407/407/407 397/397/397
f 397/397/397 407/407/407 408/408/408
f 397/397/397 408/408/408 398/398/398
f 398/398/398 408/408/408 409/409/409
f 398/398/398 409/409/409 399/399/399
f 399/399/399 409/409/409 410/410/410
f 399/399/399 410/410/410 400/400/400
f 400/400/400 410/410/410 411/411/411
f 401/401/401 412/412/412 402/402/402
f 402/402/402 412/412/412 413/413/413
f 402/402/402 413/413/413 403/403/403
f 403/403/403 413/413/413 414/414/414
f 403/403/403 414/414/414 404/404/404
f 404/404/404 414/414/414 415/415/415
f 404/404/404 415/415/415 405/405/405
f 405/405/405 415/415/415 416/416/416
f 405/405/405 416/416/416 406/406/406
f 406/406/406 416/416/416 417/417/417
f 406/406/406 417/417/417 407/407/407
f 407/407/407 417/417/417 418/418/418
f 407/407/407 418/418/418 408/408/408
f 408/408/408 418/418/418 419/419/419
f 408/408/408 419/419/419 409/409/409
f 409/409/409 419/419/419 420/420/420
f 409/409/409 420/420/420 410/410/410
f 410/410/410 420/420/420 421/421/421
f 410/410/410 421/421/421 411/411/411
f 411/411/411 421/421/421 422/422/422
f 412/412/412 423/423/423 413/413/413
f 413/413/413 423/423/423 424/424/424
f 413/413/413 424/424/424 414/414/414
f 414/414/414 424/424/424 425/425/425
f 414/414/414 425/425/425 415/415/415
f 415/415/415 425/425/425 426/426/426
f 415/415/415 426/426/426 416/416/416
f 416/416/416 426/426/426 427/427/427
f 416/416/416 427/427/427 417/417/417
f 417/417/417 427/427/427 428/428/428
f 417/417/417 428/428/428 418/418/418
f 418/418/418 428/428/428 429/429/429
f 418/418/418 429/429/429 419/419/419
f 419/419/419 429/429/429 430/430/430
f 419/419/419 430/430/430 420/420/420
f 420/420/420 430/430/430 431/431/431
f 420/420/420 431/431/431 421/421/421
f 421/421/421 431/431/431 432/432/432
f 421/421/421 432/432/432 422/422/422
f 422/422/422 432/432/432 433/433/433
f 423/423/423 434/434/434 424/424/424
f 424/424/424 434/434/434 435/435/435
f 424/424/424 435/435/435 425/425/425
f 425/425/425 435/435/435 436/436/436
f 425/425/425 436/436/436 426/426/426
f 426/426/426 436/436/436 437/437/437
f 426/426/426 437/437/437 427/427/427
f 427/427/427 437/437/437 438/438/438
f 427/427/427 438/438/438 428/428/428
f 428/428/428 438/438/438 439/439/439
f 428/428/428 439/439/439 429/429/429
f 429/429/429 439/439/439 440/440/440
f 429/429/429 440/440/440 430/430/430
f 430/430/430 440/440/440 441/441/441
f 430/430/430 441/441/441 431/431/431
f 431/431/431 441/441/441 442/442/442
f 431/431/431 442/442/442 432/432/432
f 432/432/432 442/442/442 443/443/443
f 432/432/432 443/443/443 433/433/433
f 433/433/433 443/443/443 444/444/444
f 434/434/434 445/445/445 435/435/435
f 435/435/435 445/445/445 446/446/446
f 435/435/435 446/446/446 436/436/436
f 436/436/436 446/446/446 447/447/447
f 436/436/436 447/447/447 437/437/437
f 437/437/437 447/447/447 448/448/448
f 437/437/437 448/448/448 438/438/438
f 438/438/438 448/448/448 449/449/449
f 438/438/438 449/449/449 439/439/439
f 439/439/439 449/449/449 450/450/450
f 439/439/439 450/450/450 440/440/440
f 440/440/440 450/450/450 451/451/451
f 440/440/440 451/451/451 441/441/441
f 441/441/441 451/451/451 452/452/452
f 441/441/441 452/452/452 442/442/442
f 442/442/442 452/452/452 453/453/453
f 442/442/442 453/453/453 443/443/443
f 443/443/443 453/453/453 454/454/454
f 443/443/443 454/454/454 444/444/444
f 444/444/444 454/454/454 455/455/455
f 445/445/445 456/456/456 446/446/446
f 446/446/446 456/456/456 457/457/457
f 446/446/446 457/457/457 447/447/447
f 447/447/447 457/457/457 458/458/458
f 447/447/447 458/458/458 448/448/448
f 448/448/448 458/458/458 459/459/459
f 448/448/448 459/459/459 449/449/449
f 449/449/449 459/459/459 460/460/460
f 449/449/449 460/460/460 450/450/450
f 450/450/450 460/460/460 461/461/461
f 450/450/450 461/461/461 451/451/451
f 451/451/451 461/461/461 462/462/462
f 451/451/451 462/462/462 452/452/452
f 452/452/452 462/462/462 463/463/463
f 452/452/452 463/463/463 453/453/453
f 453/453/453 463/463/463 464/464/464
f 453/453/453 464/464/464 454/454/454
f 454/454/454 464/464/464 465/465/465
f 454/454/454 465/465/465 455/455/455
f 455/455/455 465/465/465 466/466/466
f 456/456/456 467/467/467 457/457/457
f 457/457/457 467/467/467 468/468/468
f 457/457/457 468/468/468 458/458/458
f 458/458/458 468/468/468 469/469/469
f 458/458/458 469/469/469 459/459/459
f 459/459/459 469/469/469 470/470/470
f 459/459/459 470/470/470 460/460/460
f 460/460/460 470/470/470 471/471/471
f 460/460/460 471/471/471 461/461/461
f 461/461/461 471/471/471 472/472/472
f 461/461/461 472/472/472 462/462/462
f 462/462/462 472/472/472 473/473/473
f 462/462/462 473/473/473 463/463/463
f 463/463/463 473/473/473 474/474/474
f 463/463/463 474/474/474 464/464/464
f 464/464/464 474/474/474 475/475/475
f 464/464/464 475/475/475 465/465/465
f 465/465/465 475/475/475 476/476/476
f 465/465/465 476/476/476 466/466/466
f 466/466/466 476/476/476 477/477/477
f 467/467/467 478/478/478 468/468/468
f 468/468/468 478/478/478 479/479/479
f 468/468/468 479/479/479 469/469/469
f 469/469/469 479/479/479 480/480/480
f 469/469/469 480/480/480 470/470/470
f 470/470/470 480/480/480 481/481/481
f 470/470/470 481/481/481 471/471/471
f 471/471/471 481/481/481 482/482/482
f 471/471/471 482/482/482 472/472/472
f 472/472/472 482/482/482 483/483/483
f 472/472/472 483/483/483 473/473/473
f 473/473/473 483/483/483 484/484/484
f 473/473/473 484/484/484 474/474/474
f 474/474/474 484/484/484 485/485/485
f 474/474/474 485/485/485 475/475/475
f 475/475/475 485/485/485 486/486/486
f 475/475/475 486/486/486 476/476/476
f 476/476/476 486/486/486 487/487/487
f 476/476/476 487/487/487 477/477/477
f 477/477/477 487/487/487 488/488/488
f 478/478/478 489/489/489 479/479/479
f 479/479/479 489/489/489 490/490/490
f 479/479/479 490/490/490 480/480/480
f 480/480/480 490/490/490 491/491/491
f 480/480/480 491/491/491 481/481/481
f 481/481/481 491/491/491 492/492/492
f 481/481/481 492/492/492 482/482/482
f 482/482/482 492/492/492 493/493/493
f 482/482/482 493/493/493 483/483/483
f 483/483/483 493/493/493 494/494/494
f 483/483/483 494/494/494 484/484/484
f 484/484/484 494/494/494 495/495/495
f 484/484/484 495/495/495 485/485/485
f 485/485/485 495/495/495 496/496/496
f 485/485/485 496/496/496 486/486/486
f 486/486/486 496/496/496 497/497/497
f 486/486/486 497/497/497 487/487/487
f 487/487/487 497/497/497 498/498/498
f 487/487/487 498/498/498 488/488/488
f 488/488/488 498/498/498 499/499/499
f 489/489/489 500/500/500 490/490/490
f 490/490/490 500/500/500 501/501/501
f 490/490/490 501/501/501 491/491/491
f 491/491/491 501/501/501 502/502/502
f 491/491/491 502/502/502 492/492/492
f 492/492/492 502/502/502 503/503/503
f 492/492/492 503/503/503 493/493/493
f 493/493/493 503/503/503 504/504/504
f 493/493/493 504/504/504 494/494/494
f 494/494/494 504/504/504 505/505/505
f 494/494/494 505/505/505 495/495/495
f 495/495/495 505/505/505 506/506/506
f 495/495/495 506/506/506 496/496/496
f 496/496/496 506/506/506 507/507/507
f 496/496/496 507/507/507 497/497/497
f 497/497/497 507/507/507 508/508/508
f 497/497/497 508/508/508 498/498/498
f 498/498/498 508/508/508 509/509/509
f 498/498/498 509/509/509 499/499/499
f 499/499/499 509/509/509 510/510/510
f 500/500/500 511/511/511 501/501/501
f 501/501/501 511/511/511 512/512/512
f 501/501/501 512/512/512 502/502/502
f 502/502/502 512/512/512 513/513/513
f 502/502/502 513/513/513 503/503/503
f 503/503/503 513/513/513 514/514/514
f 503/503/503 514/514/514 504/504/504
f 504/504/504 514/514/514 515/515/515
f 504/504/504 515/515/515 505/505/505
f 505/505/505 515/515/515 516/516/516
f 505/505/505 516/516/516 506/506/506
f 506/506/506 516/516/516 517/517/517
f 506/506/506 517/517/517 507/507/507
f 507/507/507 517/517/517 518/518/518
f 507/507/507 518/518/518 508/508/508
f 508/508/508 518/518/518 519/519/519
f 508/508/508 519/519/519 509/509/509
f 509/509/509 519/519/519 520/520/520
f 509/509/509 520/520/520 510/510/510
f 510/510/510 520/520/520 521/521/521
f 511/511/511 522/522/522 512/512/512
f 512/512/512 522/522/522 523/523/523
f 512/512/512 523/523/523 513/513/513
f 513/513/513 523/523/523 524/524/524
f 513/513/513 524/524/524 514/514/514
f 514/514/514 524/524/524 525/525/525
f 514/514/514 525/525/525 515/515/515
f 515/515/515 525/525/525 526/526/526
f 515/515/515 526/526/526 516/516/516
f 516/516/516 526/526/526 527/527/527
f 516/516/516 527/527/527 517/517/517
f 517/517/517 527/527/527 528/528/528
f 517/517/517 528/528/528 518/518/518
f 518/518/518 528/528/528 529/529/529
f 518/518/518 529/529/529 519/519/519
f 519/519/519 529/529/529 530/530/530
f 519/519/519 530/530/530 520/520/520
f 520/520/520 530/530/530 531/531/531
f 520/520/520 531/531/531 521/521/521
f 521/521/521 531/531/531 532/532/532
f 522/522/522 533/533/533 523/523/523
f 523/523/523 533/533/533 534/534/534
f 523/523/523 534/534/534 524/524/524
f 524/524/524 534/534/534 535/535/535
f 524/524/524 535/535/535 525/525/525
f 525/525/525 535/535/535 536/536/536
f 525/525/525 536/536/536 526/526/526
f 526/526/526 536/536/536 537/537/537
f 526/526/526 537/537/537 527/527/527
f 527/527/527 537/537/537 538/538/538
f 527/527/527 538/538/538 528/528/528
f 528/528/528 538/538/538 539/539/539
f 528/528/528 539/539/539 529/529/529
f 529/529/529 539/539/539 540/540/540
f 529/529/529 540/540/540 530/530/530
f 530/530/530 540/540/540 541/541/541
f 530/530/530 541/541/541 531/531/531
f 531/531/531 541/541/541 542/542/542
f 531/531/531 542/542/542 532/532/532
f 532/532/532 542/542/542 543/543/543
f 533/533/533 544/544/544 534/534/534
f 534/534/534 544/544/544 545/545/545
f 534/534/534 545/545/545 535/535/535
f 535/535/535 545/545/545 546/546/546
f 535/535/535 546/546/546 536/536/536
f 536/536/536 546/546/546 547/547/547
f 536/536/536 547/547/547 537/537/537
f 537/537/537 547/547/547 548/548/548
f 537/537/537 548/548/548 538/538/538
f 538/538/538 548/548/548 549/549/549
f 538/538/538 549/549/549 539/539/539
f 539/539/539 549/549/549 550/550/550
f 539/539/539 550/550/550 540/540/540
f 540/540/540 550/550/550 551/551/551
f 540/540/540 551/551/551 541/541/541
f 541/541/541 551/551/551 552/552/552
f 541/541/541 552/552/552 542/542/542
f 542/542/542 552/552/552 553/553/553
f 542/542/542 553/553/553 543/543/543
f 543/543/543 553/553/553 554/554/554
f 544/544/544 555/555/555 545/545/545
f 545/545/545 555/555/555 556/556/556
f 545/545/545 556/556/556 546/546/546
f 546/546/546 556/556/556 557/557/557
f 546/546/546 557/557/557 547/547/547
f 547/547/547 557/557/557 558/558/558
f 547/547/547 558/558/558 548/548/548
f 548/548/548 558/558/558 559/559/559
f 548/548/548 559/559/559 549/549/549
f 549/549/549 559/559/559 560/560/560
f 549/549/549 560/560/560 550/550/550
f 550/550/550 560/560/560 561/561/561
f 550/550/550 561/561/561 551/551/551
f 551/551/551 561/561/561 562/562/562
f 551/551/551 562/562/562 552/552/552
f 552/552/552 562/562/562 563/563/563
f 552/552/552 563/563/563 553/553/553
f 553/553/553 563/563/563 564/564/564
f 553/553/553 564/564/564 554/554/554
f 554/554/554 564/564/564 565/565/565
f 555/555/555 566/566/566 556/556/556
f 556/556/556 566/566/566 567/567/567
f 556/556/556 567/567/567 557/557/557
f 557/557/557 567/567/567 568/568/568
f 557/557/557 568/568/568 558/558/558
f 558/558/558 568/568/568 569/569/569
f 558/558/558 569/569/569 559/559/559
f 559/559/559 569/569/569 570/570/570
f 559/559/559 570/570/570 560/560/560
f 560/560/560 570/570/570 571/571/571
f 560/560/560 571/571/571 561/561/561
f 561/561/561 571/571/571 572/572/572
f 561/561/561 572/572/572 562/562/562
f 562/562/562 572/572/572 573/573/573
f 562/562/562 573/573/573 563/563/563
f 563/563/563 573/573/573 574/574/574
f 563/563/563 574/574/574 564/564/564
f 564/564/564 574/574/574 575/575/575
f 564/564/564 575/575/575 565/565/565
f 565/565/565 575/575/575 576/576/576
f 566/566/566 577/577/577 567/567/567
f 567/567/567 577/577/577 578/578/578
f 567/567/567 578/578/578 568/568/568
f 568/568/568 578/578/578 579/579/579
f 568/568/568 579/579/579 569/569/569
f 569/569/569 579/579/579 580/580/580
f 569/569/569 580/580/580 570/570/570
f 570/570/570 580/580/580 581/581/581
f 570/570/570 581/581/581 571/571/571
f 571/571/571 581/581/581 582/582/582
f 571/571/571 582/582/582 572/572/572
f 572/572/572 582/582/582 583/583/583
f 572/572/572 583/583/583 573/573/573
f 573/573/573 583/583/583 584/584/584
f 573/573/573 584/584/584 574/574/574
f 574/574/574 584/584/584 585/585/585
f 574/574/574 585/585/585 575/575/575
f 575/575/575 585/585/585 586/586/586
f 575/575/575 586/586/586 576/576/576
f 576/576/576 586/586/586 587/587/587
f 577/577/577 588/588/588 578/578/578
f 578/578/578 588/588/588 589/589/589
f 578/578/578 589/589/589 579/579/579
f 579/579/579 589/589/589 590/590/590
f 579/579/579 590/590/590 580/580/580
f 580/580/580 590/590/590 591/591/591
f 580/580/580 591/591/591 581/581/581
f 581/581/581 591/591/591 592/592/592
f 581/581/581 592/592/592 582/582/582
f 582/582/582 592/592/592 593/593/593
f 582/582/582 593/593/593 583/583/583
f 583/583/583 593/593/593 594/594/594
f 583/583/583 594/594/594 584/584/584
f 584/584/584 594/594/594 595/595/595
f 584/584/584 595/595/595 585/585/585
f 585/585/585 595/595/595 596/596/596
f 585/585/585 596/596/596 586/586/586
f 586/586/586 596/596/596 597/597/597
f 586/586/586 597/597/597 587/587/587
f 587/587/587 597/597/597 598/598/598
f 588/588/588 599/599/599 589/589/589
f 589/589/589 599/599/599 600/600/600
f 589/589/589 600/600/600 590/590/590
f 590/590/590 600/600/600 601/601/601
f 590/590/590 601/601/601 591/591/591
f 591/591/591 601/601/601 602/602/602
f 591/591/591 602/602/602 592/592/592
f 592/592/592 602/602/602 603/603/603
f 592/592/592 603/603/603 593/593/593
f 593/593/593 603/603/603 604/604/604
f 593/593/593 604/604/604 594/594/594
f 594/594/594 604/604/604 605/605/605
f 594/594/594 605/605/605 595/595/595
f 595/595/595 605/605/605 606/606/606
f 595/595/595 606/606/606 596/596/596
f 596/596/596 606/606/606 607/607/607
f 596/596/596 607/607/607 597/597/597
f 597/597/597 607/607/607 608/608/608
f 597/597/597 608/608/608 598/598/598
f 598/598/598 608/608/608 609/609/609
f 599/599/599 610/610/610 600/600/600
f 600/600/600 610/610/610 611/611/611
f 600/600/600 611/611/611 601/601/601
f 601/601/601 611/611/611 612/612/612
f 601/601/601 612/612/612 602/602/602
f 602/602/602 612/612/612 613/613/613
f 602/602/602 613/613/613 603/603/603
f 603/603/603 613/613/613 614/614/614
f 603/603/603 614/614/614 604/604/604
f 604/604/604 614/614/614 615/615/615
f 604/604/604 615/615/615 605/605/605
f 605/605/605 615/615/615 616/616/616
f 605/605/605 616/616/616 606/606/606
f 606/606/606 616/616/616 617/617/617
f 606/606/606 617/617/617 607/607/607
f 607/607/607 617/617/617 618/618/618
f 607/607/607 618/618/618 608/608/608
f 608/608/608 618/618/618 619/619/619
f 608/608/608 619/619/619 609/609/609
f 609/609/609 619/619/619 620/620/620
f 610/610/610 621/621/621 611/611/611
f 611/611/611 621/621/621 622/622/622
f 611/611/611 622/622/622 612/612/612
f 612/612/612 622/622/622 623/623/623
f 612/612/612 623/623/623 613/613/613
f 613/613/613 623/623/623 624/624/624
f 613/613/613 624/624/624 614/614/614
f 614/614/614 624/624/624 625/625/625
f 614/614/614 625/625/625 615/615/615
f 615/615/615 625/625/625 626/626/626
f 615/615/615 626/626/626 616/616/616
f 616/616/616 626/626/626 627/627/627
f 616/616/616 627/627/627 617/617/617
f 617/617/617 627/627/627 628/628/628
f 617/617/617 628/628/628 618/618/618
f 618/618/618 628/628/628 629/629/629
f 618/618/618 629/629/629 619/619/619
f 619/619/619 629/629/629 630/630/630
f 619/619/619 630/630/630 620/620/620
f 620/620/620 630/630/630 631/631/631
f 621/621/621 632/632/632 622/622/622
f 622/622/622 632/632/632 633/633/633
f 622/622/622 633/633/633 623/623/623
f 623/623/623 633/633/633 634/634/634
f 623/623/623 634/634/634 624/624/624
f 624/624/624 634/634/634 635/635/635
f 624/624/624 635/635/635 625/625/625
f 625/625/625 635/635/635 636/636/636
f 625/625/625 636/636/636 626/626/626
f 626/626/626 636/636/636 637/637/637
f 626/626/626 637/637/637 627/627/627
f 627/627/627 637/637/637 638/638/638
f 627/627/627 638/638/638 628/628/628
f 628/628/628 638/638/638 639/639/639
f 628/628/628 639/639/639 629/629/629
f 629/629/629 639/639/639 640/640/640
f 629/629/629 640/640/640 630/630/630
f 630/630/630 640/640/640 641/641/641
f 630/630/630 641/641/641 631/631/631
f 631/631/631 641/641/641 642/642/642
f 632/632/632 643/643/643 633/633/633
f 633/633/633 643/643/643 644/644/644
f 633/633/633 644/644/644 634/634/634
f 634/634/634 644/644/644 645/645/645
f 634/634/634 645/645/645 635/635/635
f 635/635/635 645/645/645 646/646/646
f 635/635/635 646/646/646 636/636/636
f 636/636/636 646/646/646 647/647/647
f 636/636/636 647/647/647 637/637/637
f 637/637/637 647/647/647 648/648/648
f 637/637/637 648/648/648 638/638/638
f 638/638/638 648/648/648 649/649/649
f 638/638/638 649/649/649 639/639/639
f 639/639/639 649/649/649 650/650/650
f 639/639/639 650/650/650 640/640/640
f 640/640/640 650/650/650 651/651/651
f 640/640/640 651/651/651 641/641/641
f 641/641/641 651/651/651 652/652/652
f 641/641/641 652/652/652 642/642/642
f 642/642/642 652/652/652 653/653/653
f 643/643/643 654/654/654 644/644/644
f 644/644/644 654/654/654 655/655/655
f 644/644/644 655/655/655 645/645/645
f 645/645/645 655/655/655 656/656/656
f 645/645/645 656/656/656 646/646/646
f 646/646/646 656/656/656 657/657/657
f 646/646/646 657/657/657 647/647/647
f 647/647/647 657/657/657 658/658/658
f 647/647/647 658/658/658 648/648/648
f 648/648/648 658/658/658 659/659/659
f 648/648/648 659/659/659 649/649/649
f 649/649/649 659/659/659 660/660/660
f 649/649/649 660/660/660 650/650/650
f 650/650/650 660/660/660 661/661/661
f 650/650/650 661/661/661 651/651/651
f 651/651/651 661/661/661 662/662/662
f 651/651/651 662/662/662 652/652/652
f 652/652/652 662/662/662 663/663/663
f 652/652/652 663/663/663 653/653/653
f 653/653/653 663/663/663 664/664/664
f 665/665/665 676/676/676 666/666/666
f 666/666/666 676/676/676 677/677/677
f 666/666/666 677/677/677 667/667/667
f 667/667/667 677/677/677 678/678/678
f 667/667/667 678/678/678 668/668/668
f 668/668/668 678/678/678 679/679/679
f 668/668/668 679/679/679 669/669/669
f 669/669/669 679/679/679 680/680/680
f 669/669/669 680/680/680 670/670/670
f 670/670/670 680/680/680 681/681/681
f 670/670/670 681/681/681 671/671/671
f 671/671/671 681/681/681 682/682/682
f 671/671/671 682/682/682 672/672/672
f 672/672/672 682/682/682 683/683/683
f 672/672/672 683/683/683 673/673/673
f 673/673/673 683/683/683 684/684/684
f 673/673/673 684/684/684 674/674/674
f 674/674/674 684/684/684 685/685/685
f 674/674/674 685/685/685 675/675/675
f 675/675/675 685/685/685 686/686/686
f 676/676/676 687/687/687 677/677/677
f 677/677/677 687/687/687 688/688/688
f 677/677/677 688/688/688 678/678/678
f 678/678/678 688/688/688 689/689/689
f 678/678/678 689/689/689 679/679/679
f 679/679/679 689/689/689 690/690/690
f 679/679/679 690/690/690 680/680/680
f 680/680/680 690/690/690 691/691/691
f 680/680/680 691/691/691 681/681/681
f 681/681/681 691/691/691 692/692/692
f 681/681/681 692/692/692 682/682/682
f 682/682/682 692/692/692 693/693/693
f 682/682/682 693/693/693 683/683/683
f 683/683/683 693/693/693 694/694/694
f 683/683/683 694/694/694 684/684/684
f 684/684/684 694/694/694 695/695/695
f 684/684/684 695/695/695 685/685/685
f 685/685/685 695/695/695 696/696/696
f 685/685/685 696/696/696 686/686/686
f 686/686/686 696/696/696 697/697/697
f 687/687/687 698/698/698 688/688/688
f 688/688/688 698/698/698 699/699/699
f 688/688/688 699/699/699 689/689/689
f 689/689/689 699/699/699 700/700/700
f 689/689/689 700/700/700 690/690/690
f 690/690/690 700/700/700 701/701/701
f 690/690/690 701/701/701 691/691/691
f 691/691/691 701/701/701 702/702/702
f 691/691/691 702/702/702 692/692/692
f 692/692/692 702/702/702 703/703/703
f 692/692/692 703/703/703 693/693/693
f 693/693/693 703/703/703 704/704/704
f 693/693/693 704/704/704 694/694/694
f 694/694/694 704/704/704 705/705/705
f 694/694/694 705/705/705 695/695/695
f 695/695/695 705/705/705 706/706/706
f 695/695/695 706/706/706 696/696/696
f 696/696/696 706/706/706 707/707/707
f 696/696/696 707/707/707 697/697/697
f 697/697/697 707/707/707 708/708/708
f 698/698/698 709/709/709 699/699/699
f 699/699/699 709/709/709 710/710/710
f 699/699/699 710/710/710 700/700/700
f 700/700/700 710/710/710 711/711/711
f 700/700/700 711/711/711 701/701/701
f 701/701/701 711/711/711 712/712/712
f 701/701/701 712/712/712 702/702/702
f 702/702/702 712/712/712 713/713/713
f 702/702/702 713/713/713 703/703/703
f 703/703/703 713/713/713 714/714/714
f 703/703/703 714/714/714 704/704/704
f 704/704/704 714/714/714 715/715/715
f 704/704/704 715/715/715 705/705/705
f 705/705/705 715/715/715 716/716/716
f 705/705/705 716/716/716 706/706/706
f 706/706/706 716/716/716 717/717/717
f 706/706/706 717/717/717 707/707/707
f 707/707/707 717/717/717 718/718/718
f 707/707/707 718/718/718 708/708/708
f 708/708/708 718/718/718 719/719/719
f 709/709/709 720/720/720 710/710/710
f 710/710/710 720/720/720 721/721/721
f 710/710/710 721/721/721 711/711/711
f 711/711/711 721/721/721 722/722/722
f 711/711/711 722/722/722 712/712/712
f 712/712/712 722/722/722 723/723/723
f 712/712/712 723/723/723 713/713/713
f 713/713/713 723/723/723 724/724/724
f 713/713/713 724/724/724 714/714/714
f 714/714/714 724/724/724 725/725/725
f 714/714/714 725/725/725 715/715/715
f 715/715/715 725/725/725 726/726/726
f 715/715/715 726/726/726 716/716/716
f 716/716/716 726/726/726 727/727/727
f 716/716/716 727/727/727 717/717/717
f 717/717/717 727/727/727 728/728/728
f 717/717/717 728/728/728 718/718/718
f 718/718/718 728/728/728 729/729/729
f 718/718/718 729/729/729 719/719/719
f 719/719/719 729/729/729 730/730/730
f 720/720/720 731/731/731 721/721/721
f 721/721/721 731/731/731 732/732/732
f 721/721/721 732/732/732 722/722/722
f 722/722/722 732/732/732 733/733/733
f 722/722/722 733/733/733 723/723/723
f 723/723/723 733/733/733 734/734/734
f 723/723/723 734/734/734 724/724/724
f 724/724/724 734/734/734 735/735/735
f 724/724/724 735/735/735 725/725/725
f 725/725/725 735/735/735 736/736/736
f 725/725/725 736/736/736 726/726/726
f 726/726/726 736/736/736 737/737/737
f 726/726/726 737/737/737 727/727/727
f 727/727/727 737/737/737 738/738/738
f 727/727/727 738/738/738 728/728/728
f 728/728/728 738/738/738 739/739/739
f 728/728/728 739/739/739 729/729/729
f 729/729/729 739/739/739 740/740/740
f 729/729/729 740/740/740 730/730/730
f 730/730/730 740/740/740 741/741/741
f 731/731/731 742/742/742 732/732/732
f 732/732/732 742/742/742 743/743/743
f 732/732/732 743/743/743 733/733/733
f 733/733/733 743/743/743 744/744/744
f 733/733/733 744/744/744 734/734/734
f 734/734/734 744/744/744 745/745/745
f 734/734/734 745/745/745 735/735/735
f 735/735/735 745/745/745 746/746/746
f 735/735/735 746/746/746 736/736/736
f 736/736/736 746/746/746 747/747/747
f 736/736/736 747/747/747 737/737/737
f 737/737/737 747/747/747 748/748/748
f 737/737/737 748/748/748 738/738/738
f 738/738/738 748/748/748 749/749/749
f 738/738/738 749/749/749 739/739/739
f 739/739/739 749/749/749 750/750/750
f 739/739/739 750/750/750 740/740/740
f 740/740/740 750/750/750 751/751/751
f 740/740/740 751/751/751 741/741/741
f 741/741/741 751/751/751 752/752/752
f 742/742/742 753/753/753 743/743/743
f 743/743/743 753/753/753 754/754/754
f 743/743/743 754/754/754 744/744/744
f 744/744/744 754/754/754 755/755/755
f 744/744/744 755/755/755 745/745/745
f 745/745/745 755/755/755 756/756/756
f 745/745/745 756/756/756 746/746/746
f 746/746/746 756/756/756 757/757/757
f 746/746/746 757/757/757 747/747/747
f 747/747/747 757/757/757 758/758/758
f 747/747/747 758/758/758 748/748/748
f 748/748/748 758/758/758 759/759/759
f 748/748/748 759/759/759 749/749/749
f 749/749/749 759/759/759 760/760/760
f 749/749/749 760/760/760 750/750/750
f 750/750/750 760/760/760 761/761/761
f 750/750/750 761/761/761 751/751/751
f 751/751/751 761/761/761 762/762/762
f 751/751/751 762/762/762 752/752/752
f 752/752/752 762/762/762 763/763/763
f 753/753/753 764/764/764 754/754/754
f 754/754/754 764/764/764 765/765/765
f 754/754/754 765/765/765 755/755/755
f 755/755/755 765/765/765 766/766/766
f 755/755/755 766/766/766 756/756/756
f 756/756/756 766/766/766 767/767/767
f 756/756/756 767/767/767 757/757/757
f 757/757/757 767/767/767 768/768/768
f 757/757/757 768/768/768 758/758/758
f 758/758/758 768/768/768 769/769/769
f 758/758/758 769/769/769 759/759/759
f 759/759/759 769/769/769 770/770/770
f 759/759/759 770/770/770 760/760/760
f 760/760/760 770/770/770 771/771/771
f 760/760/760 771/771/771 761/761/761
f 761/761/761 771/771/771 772/772/772
f 761/761/761 772/772/772 762/762/762
f 762/762/762 772/772/772 773/773/773
f 762/762/762 773/773/773 763/763/763
f 763/763/763 773/773/773 774/774/774
f 764/764/764 775/775/775 765/765/765
f 765/765/765 775/775/775 776/776/776
f 765/765/765 776/776/776 766/766/766
f 766/766/766 776/776/776 777/777/777
f 766/766/766 777/777/777 767/767/767
f 767/767/767 777/777/777 778/778/778
f 767/767/767 778/778/778 768/768/768
f 768/768/768 778/778/778 779/779/779
f 768/768/768 779/779/779 769/769/769
f 769/769/769 779/779/779 780/780/780
f 769/769/769 780/780/780 770/770/770
f 770/770/770 780/780/780 781/781/781
f 770/770/770 781/781/781 771/771/771
f 771/771/771 781/781/781 782/782/782
f 771/771/771 782/782/782 772/772/772
f 772/772/772 782/782/782 783/783/783
f 772/772/772 783/783/783 773/773/773
f 773/773/773 783/783/783 784/784/784
f 773/773/773 784/784/784 774/774/774
f 774/774/774 784/784/784 785/785/785
f 775/775/775 786/786/786 776/776/776
f 776/776/776 786/786/786 787/787/787
f 776/776/776 787/787/787 777/777/777
f 777/777/777 787/787/787 788/788/788
f 777/777/777 788/788/788 778/778/778
f 778/778/778 788/788/788 789/789/789
f 778/778/778 789/789/789 779/779/779
f 779/779/779 789/789/789 790/790/790
f 779/779/779 790/790/790 780/780/780
f 780/780/780 790/790/790 791/791/791
f 780/780/780 791/791/791 781/781/781
f 781/781/781 791/791/791 792/792/792
f 781/781/781 792/792/792 782/782/782
f 782/782/782 792/792/792 793/793/793
f 782/782/782 793/793/793 783/783/783
f 783/783/783 793/793/793 794/794/794
f 783/783/783 794/794/794 784/784/784
f 784/784/784 794/794/794 795/795/795
f 784/784/784 795/795/795 785/785/785
f 785/785/785 795/795/795 796/796/796
f 786/786/786 797/797/797 787/787/787
f 787/787/787 797/797/797 798/798/798
f 787/787/787 798/798/798 788/788/788
f 788/788/788 798/798/798 799/799/799
f 788/788/788 799/799/799 789/789/789
f 789/789/789 799/799/799 800/800/800
f 789/789/789 800/800/800 790/790/790
f 790/790/790 800/800/800 801/801/801
f 790/790/790 801/801/801 791/791/791
f 791/791/791 801/801/801 802/802/802
f 791/791/791 802/802/802 792/792/792
f 792/792/792 802/802/802 803/803/803
f 792/792/792 803/803/803 793/793/793
f 793/793/793 803/803/803 804/804/804
f 793/793/793 804/804/804 794/794/794
f 794/794/794 804/804/804 805/805/805
f 794/794/794 805/805/805 795/795/795
f 795/795/795 805/805/805 806/806/806
f 795/795/795 806/806/806 796/796/796
f 796/796/796 806/806/806 807/807/807
f 797/797/797 808/808/808 798/798/798
f 798/798/798 808/808/808 809/809/809
f 798/798/798 809/809/809 799/799/799
f 799/799/799 809/809/809 810/810/810
f 799/799/799 810/810/810 800/800/800
f 800/800/800 810/810/810 811/811/811
f 800/800/800 811/811/811 801/801/801
f 801/801/801 811/811/811 812/812/812
f 801/801/801 812/812/812 802/802/802
f 802/802/802 812/812/812 813/813/813
f 802/802/802 813/813/813 803/803/803
f 803/803/803 813/813/813 814/814/814
f 803/803/803 814/814/814 804/804/804
f 804/804/804 814/814/814 815/815/815
f 804/804/804 815/815/815 805/805/805
f 805/805/805 815/815/815 816/816/816
f 805/805/805 816/816/816 806/806/806
f 806/806/806 816/816/816 817/817/817
f 806/806/806 817/817/817 807/807/807
f 807/807/807 817/817/817 818/818/818
f 808/808/808 819/819/819 809/809/809
f 809/809/809 819/819/819 820/820/820
f 809/809/809 820/820/820 810/810/810
f 810/810/810 820/820/820 821/821/821
f 810/810/810 821/821/821 811/811/811
f 811/811/811 821/821/821 822/822/822
f 811/811/811 822/822/822 812/812/812
f 812/812/812 822/822/822 823/823/823
f 812/812/812 823/823/823 813/813/813
f 813/813/813 823/823/823 824/824/824
f 813/813/813 824/824/824 814/814/814
f 814/814/814 824/824/824 825/825/825
f 814/814/814 825/825/825 815/815/815
f 815/815/815 825/825/825 826/826/826
f 815/815/815 826/826/826 816/816/816
f 816/816/816 826/826/826 827/827/827
f 816/816/816 827/827/827 817/817/817
f 817/817/817 827/827/827 828/828/828
f 817/817/817 828/828/828 818/818/818
f 818/818/818 828/828/828 829/829/829
f 819/819/819 830/830/830 820/820/820
f 820/820/820 830/830/830 831/831/831
f 820/820/820 831/831/831 821/821/821
f 821/821/821 831/831/831 832/832/832
f 821/821/821 832/832/832 822/822/822
f 822/822/822 832/832/832 833/833/833
f 822/822/822 833/833/833 823/823/823
f 823/823/823 833/833/833 834/834/834
f 823/823/823 834/834/834 824/824/824
f 824/824/824 834/834/834 835/835/835
f 824/824/824 835/835/835 825/825/825
f 825/825/825 835/835/835 836/836/836
f 825/825/825 836/836/836 826/826/826
f 826/826/826 836/836/836 837/837/837
f 826/826/826 837/837/837 827/827/827
f 827/827/827 837/837/837 838/838/838
f 827/827/827 838/838/838 828/828/828
f 828/828/828 838/838/838 839/839/839
f 828/828/828 839/839/839 829/829/829
f 829/829/829 839/839/839 840/840/840
f 830/830/830 841/841/841 831/831/831
f 831/831/831 841/841/841 842/842/842
f 831/831/831 842/842/842 832/832/832
f 832/832/832 842/842/842 843/843/843
f 832/832/832 843/843/843 833/833/833
f 833/833/833 843/843/843 844/844/844
f 833/833/833 844/844/844 834/834/834
f 834/834/834 844/844/844 845/845/845
f 834/834/834 845/845/845 835/835/835
f 835/835/835 845/845/845 846/846/846
f 835/835/835 846/846/846 836/836/836
f 836/836/836 846/846/846 847/847/847
f 836/836/836 847/847/847 837/837/837
f 837/837/837 847/847/847 848/848/848
f 837/837/837 848/848/848 838/838/838
f 838/838/838 848/848/848 849/849/849
f 838/838/838 849/849/849 839/839/839
f 839/839/839 849/849/849 850/850/850
f 839/839/839 850/850/850 840/840/840
f 840/840/840 850/850/850 851/851/851
f 841/841/841 852/852/852 842/842/842
f 842/842/842 852/852/852 853/853/853
f 842/842/842 853/853/853 843/843/843
f 843/843/843 853/853/853 854/854/854
f 843/843/843 854/854/854 844/844/844
f 844/844/844 854/854/854 855/855/855
f 844/844/844 855/855/855 845/845/845
f 845/845/845 855/855/855 856/856/856
f 845/845/845 856/856/856 846/846/846
f 846/846/846 856/856/856 857/857/857
f 846/846/846 857/857/857 847/847/847
f 847/847/847 857/857/857 858/858/858
f 847/847/847 858/858/858 848/848/848
f 848/848/848 858/858/858 859/859/859
f 848/848/848 859/859/859 849/849/849
f 849/849/849 859/859/859 860/860/860
f 849/849/849 860/860/860 850/850/850
f 850/850/850 860/860/860 861/861/861
f 850/850/850 861/861/861 851/851/851
f 851/851/851 861/861/861 862/862/862
f 852/852/852 863/863/863 853/853/853
f 853/853/853 863/863/863 864/864/864
f 853/853/853 864/864/864 854/854/854
f 854/854/854 864/864/864 865/865/865
f 854/854/854 865/865/865 855/855/855
f 855/855/855 865/865/865 866/866/866
f 855/855/855 866/866/866 856/856/856
f 856/856/856 866/866/866 867/867/867
f 856/856/856 867/867/867 857/857/857
f 857/857/857 867/867/867 868/868/868
f 857/857/857 868/868/868 858/858/858
f 858/858/858 868/868/868 869/869/869
f 858/858/858 869/869/869 859/859/859
f 859/859/859 869/869/869 870/870/870
f 859/859/859 870/870/870 860/860/860
f 860/860/860 870/870/870 871/871/871
f 860/860/860 871/871/871 861/861/861
f 861/861/861 871/871/871 872/872/872
f 861/861/861 872/872/872 862/862/862
f 862/862/862 872/872/872 873/873/873
f 863/863/863 874/874/874 864/864/864
f 864/864/864 874/874/874 875/875/875
f 864/864/864 875/875/875 865/865/865
f 865/865/865 875/875/875 876/876/876
f 865/865/865 876/876/876 866/866/866
f 866/866/866 876/876/876 877/877/877
f 866/866/866 877/877/877 867/867/867
f 867/867/867 877/877/877 878/878/878
f 867/867/867 878/878/878 868/868/868
f 868/868/868 878/878/878 879/879/879
f 868/868/868 879/879/879 869/869/869
f 869/869/869 879/879/879 880/880/880
f 869/869/869 880/880/880 870/870/870
f 870/870/870 880/880/880 881/881/881
f 870/870/870 881/881/881 871/871/871
f 871/871/871 881/881/881 882/882/882
f 871/871/871 882/882/882 872/872/872
f 872/872/872 882/882/882 883/883/883
f 872/872/872 883/883/883 873/873/873
f 873/873/873 883/883/883 884/884/884
f 874/874/874 885/885/885 875/875/875
f 875/875/875 885/885/885 886/886/886
f 875/875/875 886/886/886 876/876/876
f 876/876/876 886/886/886 887/887/887
f 876/876/876 887/887/887 877/877/877
f 877/877/877 887/887/887 888/888/888
f 877/877/877 888/888/888 878/878/878
f 878/878/878 888/888/888 889/889/889
f 878/878/878 889/889/889 879/879/879
f 879/879/879 889/889/889 890/890/890
f 879/879/879 890/890/890 880/880/880
f 880/880/880 890/890/890 891/891/891
f 880/880/880 891/891/891 881/881/881
f 881/881/881 891/891/891 892/892/892
f 881/881/881 892/892/892 882/882/882
f 882/882/882 892/892/892 893/893/893
f 882/882/882 893/893/893 883/883/883
f 883/883/883 893/893/893 894/894/894
f 883/883/883 894/894/894 884/884/884
f 884/884/884 894/894/894 895/895/895
f 885/885/885 896/896/896 886/886/886
f 886/886/886 896/896/896 897/897/897
f 886/886/886 897/897/897 887/887/887
f 887/887/887 897/897/897 898/898/898
f 887/887/887 898/898/898 888/888/888
f 888/888/888 898/898/898 899/899/899
f 888/888/888 899/899/899 889/889/889
f 889/889/889 899/899/899 900/900/900
f 889/889/889 900/900/900 890/890/890
f 890/890/890 900/900/900 901/901/901
f 890/890/890 901/901/901 891/891/891
f 891/891/891 901/901/901 902/902/902
f 891/891/891 902/902/902 892/892/892
f 892/892/892 902/902/902 903/903/903
f 892/892/892 903/903/903 893/893/893
f 893/893/893 903/903/903 904/904/904
f 893/893/893 904/904/904 894/894/894
f 894/894/894 904/904/904 905/905/905
f 894/894/894 905/905/905 895/895/895
f 895/895/895 905/905/905 906/906/906
f 896/896/896 907/907/907 897/897/897
f 897/897/897 907/907/907 908/908/908
f 897/897/897 908/908/908 898/898/898
f 898/898/898 908/908/908 909/909/909
f 898/898/898 909/909/909 899/899/899
f 899/899/899 909/909/909 910/910/910
f 899/899/899 910/910/910 900/900/900
f 900/900/900 910/910/910 911/911/911
f 900/900/900 911/911/911 901/901/901
f 901/901/901 911/911/911 912/912/912
f 901/901/901 912/912/912 902/902/902
f 902/902/902 912/912/912 913/913/913
f 902/902/902 913/913/913 903/903/903
f 903/903/903 913/913/913 914/914/914
f 903/903/903 914/914/914 904/904/904
f 904/904/904 914/914/914 915/915/915
f 904/904/904 915/915/915 905/905/905
f 905/905/905 915/915/915 916/916/916
f 905/905/905 916/916/916 906/906/906
f 906/906/906 916/916/916 917/917/917
f 907/907/907 918/918/918 908/908/908
f 908/908/908 918/918/918 919/919/919
f 908/908/908 919/919/919 909/909/909
f 909/909/909 919/919/919 920/920/920
f 909/909/909 920/920/920 910/910/910
f 910/910/910 920/920/920 921/921/921
f 910/910/910 921/921/921 911/911/911
f 911/911/911 921/921/921 922/922/922
f 911/911/911 922/922/922 912/912/912
f 912/912/912 922/922/922 923/923/923
f 912/912/912 923/923/923 913/913/913
f 913/913/913 923/923/923 924/924/924
f 913/913/913 924/924/924 914/914/914
f 914/914/914 924/924/924 925/925/925
f 914/914/914 925/925/925 915/915/915
f 915/915/915 925/925/925 926/926/926
f 915/915/915 926/926/926 916/916/916
f 916/916/916 926/926/926 927/927/927
f 916/916/916 927/927/927 917/917/917
f 917/917/917 927/927/927 928/928/928
f 918/918/918 929/929/929 919/919/919
f 919/919/919 929/929/929 930/930/930
f 919/919/919 930/930/930 920/920/920
f 920/920/920 930/930/930 931/931/931
f 920/920/920 931/931/931 921/921/921
f 921/921/921 931/931/931 932/932/932
f 921/921/921 932/932/932 922/922/922
f 922/922/922 932/932/932 933/933/933
f 922/922/922 933/933/933 923/923/923
f 923/923/923 933/933/933 934/934/934
f 923/923/923 934/934/934 924/924/924
f 924/924/924 934/934/934 935/935/935
f 924/924/924 935/935/935 925/925/925
f 925/925/925 935/935/935 936/936/936
f 925/925/925 936/936/936 926/926/926
f 926/926/926 936/936/936 937/937/937
f 926/926/926 937/937/937 927/927/927
f 927/927/927 937/937/937 938/938/938
f 927/927/927 938/938/938 928/928/928
f 928/928/928 938/938/938 939/939/939
f 929/929/929 940/940/940 930/930/930
f 930/930/930 940/940/940 941/941/941
f 930/930/930 941/941/941 931/931/931
f 931/931/931 941/941/941 942/942/942
f 931/931/931 942/942/942 932/932/932
f 932/932/932 942/942/942 943/943/943
f 932/932/932 943/943/943 933/933/933
f 933/933/933 943/943/943 944/944/944
f 933/933/933 944/944/944 934/934/934
f 934/934/934 944/944/944 945/945/945
f 934/934/934 945/945/945 935/935/935
f 935/935/935 945/945/945 946/946/946
f 935/935/935 946/946/946 936/936/936
f 936/936/936 946/946/946 947/947/947
f 936/936/936 947/947/947 937/937/937
f 937/937/937 947/947/947 948/948/948
f 937/937/937 948/948/948 938/938/938
f 938/938/938 948/948/948 949/949/949
f 938/938/938 949/949/949 939/939/939
f 939/939/939 949/949/949 950/950/950
f 951/951/951 962/962/962 952/952/952
f 952/952/952 962/962/962 963/963/963
f 952/952/952 963/963/963 953/953/953
f 953/953/953 963/963/963 964/964/964
f 953/953/953 964/964/964 954/954/954
f 954/954/954 964/964/964 965/965/965
f 954/954/954 965/965/965 955/955/955
f 955/955/955 965/965/965 966/966/966
f 955/955/955 966/966/966 956/956/956
f 956/956/956 966/966/966 967/967/967
f 956/956/956 967/967/967 957/957/957
f 957/957/957 967/967/967 968/968/968
f 957/957/957 968/968/968 958/958/958
f 958/958/958 968/968/968 969/969/969
f 958/958/958 969/969/969 959/959/959
f 959/959/959 969/969/969 970/970/970
f 959/959/959 970/970/970 960/960/960
f 960/960/960 970/970/970 971/971/971
f 960/960/960 971/971/971 961/961/961
f 961/961/961 971/971/971 972/972/972
f 962/962/962 973/973/973 963/963/963
f 963/963/963 973/973/973 974/974/974
f 963/963/963 974/974/974 964/964/964
f 964/964/964 974/974/974 975/975/975
f 964/964/964 975/975/975 965/965/965
f 965/965/965 975/975/975 976/976/976
f 965/965/965 976/976/976 966/966/966
f 966/966/966 976/976/976 977/977/977
f 966/966/966 977/977/977 967/967/967
f 967/967/967 977/977/977 978/978/978
f 967/967/967 978/978/978 968/968/968
f 968/968/968 978/978/978 979/979/979
f 968/968/968 979/979/979 969/969/969
f 969/969/969 979/979/979 980/980/980
f 969/969/969 980/980/980 970/970/970
f 970/970/970 980/980/980 981/981/981
f 970/970/970 981/981/981 971/971/971
f 971/971/971 981/981/981 982/982/982
f 971/971/971 982/982/982 972/972/972
f 972/972/972 982/982/982 983/983/983
f 973/973/973 984/984/984 974/974/974
f 974/974/974 984/984/984 985/985/985
f 974/974/974 985/985/985 975/975/975
f 975/975/975 985/985/985 986/986/986
f 975/975/975 986/986/986 976/976/976
f 976/976/976 986/986/986 987/987/987
f 976/976/976 987/987/987 977/977/977
f 977/977/977 987/987/987 988/988/988
f 977/977/977 988/988/988 978/978/978
f 978/978/978 988/988/988 989/989/989
f 978/978/978 989/989/989 979/979/979
f 979/979/979 989/989/989 990/990/990
f 979/979/979 990/990/990 980/980/980
f 980/980/980 990/990/990 991/991/991
f 980/980/980 991/991/991 981/981/981
f 981/981/981 991/991/991 992/992/992
f 981/981/981 992/992/992 982/982/982
f 982/982/982 992/992/992 993/993/993
f 982/982/982 993/993/993 983/983/983
f 983/983/983 993/993/993 994/994/994
f 984/984/984 995/995/995 985/985/985
f 985/985/985 995/995/995 996/996/996
f 985/985/985 996/996/996 986/986/986
f 986/986/986 996/996/996 997/997/997
f 986/986/986 997/997/997 987/987/987
f 987/987/987 997/997/997 998/998/998
f 987/987/987 998/998/998 988/988/988
f 988/988/988 998/998/998 999/999/999
f 988/988/988 999/999/999 989/989/989
f 989/989/989 999/999/999 1000/1000/1000
f 989/989/989 1000/1000/1000 990/990/990
f 990/990/990 1000/1000/1000 1001/1001/1001
f 990/990/990 1001/1001/1001 991/991/991
f 991/991/991 1001/1001/1001 1002/1002/1002
f 991/991/991 1002/1002/1002 992/992/992
f 992/992/992 1002/1002/1002 1003/1003/1003
f 992/992/992 1003/1003/1003 993/993/993
f 993/993/993 1003/1003/1003 1004/1004/1004
f 993/993/993 1004/1004/1004 994/994/994
f 994/994/994 1004/1004/1004 1005/1005/1005
f 995/995/995 1006/1006/1006 996/996/996
f 996/996/996 1006/1006/1006 1007/1007/1007
f 996/996/996 1007/1007/1007 997/997/997
f 997/997/997 1007/1007/1007 1008/1008/1008
f 997/997/997 1008/1008/1008 998/998/998
f 998/998/998 1008/1008/1008 1009/1009/1009
f 998/998/998 1009/1009/1009 999/999/999
f 999/999/999 1009/1009/1009 1010/1010/1010
f 999/999/999 1010/1010/1010 1000/1000/1000
f 1000/1000/1000 1010/1010/1010 1011/1011/1011
f 1000/1000/1000 1011/1011/1011 1001/1001/1001
f 1001/1001/1001 1011/1011/1011 1012/1012/1012
f 1001/1001/1001 1012/1012/1012 1002/1002/1002
f 1002/1002/1002 1012/1012/1012 1013/1013/1013
f 1002/1002/1002 1013/1013/1013 1003/1003/1003
f 1003/1003/1003 1013/1013/1013 1014/1014/1014
f 1003/1003/1003 1014/1014/1014 1004/1004/1004
f 1004/1004/1004 1014/1014/1014 1015/1015/1015
f 1004/1004/1004 1015/1015/1015 1005/1005/1005
f 1005/1005/1005 1015/1015/1015 1016/1016/1016
f 1006/1006/1006 1017/1017/1017 1007/1007/1007
f 1007/1007/1007 1017/1017/1017 1018/1018/1018
f 1007/1007/1007 1018/1018/1018 1008/1008/1008
f 1008/1008/1008 1018/1018/1018 1019/1019/1019
f 1008/1008/1008 1019/1019/1019 1009/1009/1009
f 1009/1009/1009 1019/1019/1019 1020/1020/1020
f 1009/1009/1009 1020/1020/1020 1010/1010/1010
f 1010/1010/1010 1020/1020/1020 1021/1021/1021
f 1010/1010/1010 1021/1021/1021 1011/1011/1011
f 1011/1011/1011 1021/1021/1021 1022/1022/1022
f 1011/1011/1011 1022/1022/1022 1012/1012/1012
f 1012/1012/1012 1022/1022/1022 1023/1023/1023
f 1012/1012/1012 1023/1023/1023 1013/1013/1013
f 1013/1013/1013 1023/1023/1023 1024/1024/1024
f 1013/1013/1013 1024/1024/1024 1014/1014/1014
f 1014/1014/1014 1024/1024/1024 1025/1025/1025
f 1014/1014/1014 1025/1025/1025 1015/1015/1015
f 1015/1015/1015 1025/1025/1025 1026/1026/1026
f 1015/1015/1015 1026/1026/1026 1016/1016/1016
f 1016/1016/1016 1026/1026/1026 1027/1027/1027
f 1017/1017/1017 1028/1028/1028 1018/1018/1018
f 1018/1018/1018 1028/1028/1028 1029/1029/1029
f 1018/1018/1018 1029/1029/1029 1019/1019/1019
f 1019/1019/1019 1029/1029/1029 1030/1030/1030
f 1019/1019/1019 1030/1030/1030 1020/1020/1020
f 1020/1020/1020 1030/1030/1030 1031/1031/1031
f 1020/1020/1020 1031/1031/1031 1021/1021/1021
f 1021/1021/1021 1031/1031/1031 1032/1032/1032
f 1021/1021/1021 1032/1032/1032 1022/1022/1022
f 1022/1022/1022 1032/1032/1032 1033/1033/1033
f 1022/1022/1022 1033/1033/1033 1023/1023/1023
f 1023/1023/1023 1033/1033/1033 1034/1034/1034
f 1023/1023/1023 1034/1034/1034 1024/1024/1024
f 1024/1024/1024 1034/1034/1034 1035/1035/1035
f 1024/1024/1024 1035/1035/1035 1025/1025/1025
f 1025/1025/1025 1035/1035/1035 1036/1036/1036
f 1025/1025/1025 1036/1036/1036 1026/1026/1026
f 1026/1026/1026 1036/1036/1036 1037/1037/1037
f 1026/1026/1026 1037/1037/1037 1027/1027/1027
f 1027/1027/1027 1037/1037/1037 1038/1038/1038
f 1028/1028/1028 1039/1039/1039 1029/1029/1029
f 1029/1029/1029 1039/1039/1039 1040/1040/1040
f 1029/1029/1029 1040/1040/1040 1030/1030/1030
f 1030/1030/1030 1040/1040/1040 1041/1041/1041
f 1030/1030/1030 1041/1041/1041 1031/1031/1031
f 1031/1031/1031 1041/1041/1041 1042/1042/1042
f 1031/1031/1031 1042/1042/1042 1032/1032/1032
f 1032/1032/1032 1042/1042/1042 1043/1043/1043
f 1032/1032/1032 1043/1043/1043 1033/1033/1033
f 1033/1033/1033 1043/1043/1043 1044/1044/1044
f 1033/1033/1033 1044/1044/1044 1034/1034/1034
f 1034/1034/1034 1044/1044/1044 1045/1045/1045
f 1034/1034/1034 1045/1045/1045 1035/1035/1035
f 1035/1035/1035 1045/1045/1045 1046/1046/1046
f 1035/1035/1035 1046/1046/1046 1036/1036/1036
f 1036/1036/1036 1046/1046/1046 1047/1047/1047
f 1036/1036/1036 1047/1047/1047 1037/1037/1037
f 1037/1037/1037 1047/1047/1047 1048/1048/1048
f 1037/1037/1037 1048/1048/1048 1038/1038/1038
f 1038/1038/1038 1048/1048/1048 1049/1049/1049
f 1039/1039/1039 1050/1050/1050 1040/1040/1040
f 1040/1040/1040 1050/1050/1050 1051/1051/1051
f 1040/1040/1040 1051/1051/1051 1041/1041/1041
f 1041/1041/1041 1051/1051/1051 1052/1052/1052
f 1041/1041/1041 1052/1052/1052 1042/1042/1042
f 1042/1042/1042 1052/1052/1052 1053/1053/1053
f 1042/1042/1042 1053/1053/1053 1043/1043/1043
f 1043/1043/1043 1053/1053/1053 1054/1054/1054
f 1043/1043/1043 1054/1054/1054 1044/1044/1044
f 1044/1044/1044 1054/1054/1054 1055/1055/1055
f 1044/1044/1044 1055/1055/1055 1045/1045/1045
f 1045/1045/1045 1055/1055/1055 1056/1056/1056
f 1045/1045/1045 1056/1056/1056 1046/1046/1046
f 1046/1046/1046 1056/1056/1056 1057/1057/1057
f 1046/1046/1046 1057/1057/1057 1047/1047/1047
f 1047/1047/1047 1057/1057/1057 1058/1058/1058
f 1047/1047/1047 1058/1058/1058 1048/1048/1048
f 1048/1048/1048 1058/1058/1058 1059/1059/1059
f 1048/1048/1048 1059/1059/1059 1049/1049/1049
f 1049/1049/1049 1059/1059/1059 1060/1060/1060
f 1050/1050/1050 1061/1061/1061 1051/1051/1051
f 1051/1051/1051 1061/1061/1061 1062/1062/1062
f 1051/1051/1051 1062/1062/1062 1052/1052/1052
f 1052/1052/1052 1062/1062/1062 1063/1063/1063
f 1052/1052/1052 1063/1063/1063 1053/1053/1053
f 1053/1053/1053 1063/1063/1063 1064/1064/1064
f 1053/1053/1053 1064/1064/1064 1054/1054/1054
f 1054/1054/1054 1064/1064/1064 1065/1065/1065
f 1054/1054/1054 1065/1065/1065 1055/1055/1055
f 1055/1055/1055 1065/1065/1065 1066/1066/1066
f 1055/1055/1055 1066/1066/1066 1056/1056/1056
f 1056/1056/1056 1066/1066/1066 1067/1067/1067
f 1056/1056/1056 1067/1067/1067 1057/1057/1057
f 1057/1057/1057 1067/1067/1067 1068/1068/1068
f 1057/1057/1057 1068/1068/1068 1058/1058/1058
f 1058/1058/1058 1068/1068/1068 1069/1069/1069
f 1058/1058/1058 1069/1069/1069 1059/1059/1059
f 1059/1059/1059 1069/1069/1069 1070/1070/1070
f 1059/1059/1059 1070/1070/1070 1060/1060/1060
f 1060/1060/1060 1070/1070/1070 1071/1071/1071
f 1061/1061/1061 1072/1072/1072 1062/1062/1062
f 1062/1062/1062 1072/1072/1072 1073/1073/1073
f 1062/1062/1062 1073/1073/1073 1063/1063/1063
f 1063/1063/1063 1073/1073/1073 1074/1074/1074
f 1063/1063/1063 1074/1074/1074 1064/1064/1064
f 1064/1064/1064 1074/1074/1074 1075/1075/1075
f 1064/1064/1064 1075/1075/1075 1065/1065/1065
f 1065/1065/1065 1075/1075/1075 1076/1076/1076
f 1065/1065/1065 1076/1076/1076 1066/1066/1066
f 1066/1066/1066 1076/1076/1076 1077/1077/1077
f 1066/1066/1066 1077/1077/1077 1067/1067/1067
f 1067/1067/1067 1077/1077/1077 1078/1078/1078
f 1067/1067/1067 1078/1078/1078 1068/1068/1068
f 1068/1068/1068 1078/1078/1078 1079/1079/1079
f 1068/1068/1068 1079/1079/1079 1069/1069/1069
f 1069/1069/1069 1079/1079/1079 1080/1080/1080
f 1069/1069/1069 1080/1080/1080 1070/1070/1070
f 1070/1070/1070 1080/1080/1080 1081/1081/1081
f 1070/1070/1070 1081/1081/1081 1071/1071/1071
f 1071/1071/1071 1081/1081/1081 1082/1082/1082
f 1072/1072/1072 1083/1083/1083 1073/1073/1073
f 1073/1073/1073 1083/1083/1083 1084/1084/1084
f 1073/1073/1073 1084/1084/1084 1074/1074/1074
f 1074/1074/1074 1084/1084/1084 1085/1085/1085
f 1074/1074/1074 1085/1085/1085 1075/1075/1075
f 1075/1075/1075 1085/1085/1085 1086/1086/1086
f 1075/1075/1075 1086/1086/1086 1076/1076/1076
f 1076/1076/1076 1086/1086/1086 1087/1087/1087
f 1076/1076/1076 1087/1087/1087 1077/1077/1077
f 1077/1077/1077 1087/1087/1087 1088/1088/1088
f 1077/1077/1077 1088/1088/1088 1078/1078/1078
f 1078/1078/1078 1088/1088/1088 1089/1089/1089
f 1078/1078/1078 1089/1089/1089 1079/1079/1079
f 1079/1079/1079 1089/1089/1089 1090/1090/1090
f 1079/1079/1079 1090/1090/1090 1080/1080/1080
f 1080/1080/1080 1090/1090/1090 1091/1091/1091
f 1080/1080/1080 1091/1091/1091 1081/1081/1081
f 1081/1081/1081 1091/1091/1091 1092/1092/1092
f 1081/1081/1081 1092/1092/1092 1082/1082/1082
f 1082/1082/1082 1092/1092/1092 1093/1093/1093
f 1083/1083/1083 1094/1094/1094 1084/1084/1084
f 1084/1084/1084 1094/1094/1094 1095/1095/1095
f 1084/1084/1084 1095/1095/1095 1085/1085/1085
f 1085/1085/1085 1095/1095/1095 1096/1096/1096
f 1085/1085/1085 1096/1096/1096 1086/1086/1086
f 1086/1086/1086 1096/1096/1096 1097/1097/1097
f 1086/1086/1086 1097/1097/1097 1087/1087/1087
f 1087/1087/1087 1097/1097/1097 1098/1098/1098
f 1087/1087/1087 1098/1098/1098 1088/1088/1088
f 1088/1088/1088 1098/1098/1098 1099/1099/1099
f 1088/1088/1088 1099/1099/1099 1089/1089/1089
f 1089/1089/1089 1099/1099/1099 1100/1100/1100
f 1089/1089/1089 1100/1100/1100 1090/1090/1090
f 1090/1090/1090 1100/1100/1100 1101/1101/1101
f 1090/1090/1090 1101/1101/1101 1091/1091/1091
f 1091/1091/1091 1101/1101/1101 1102/1102/1102
f 1091/1091/1091 1102/1102/1102 1092/1092/1092
f 1092/1092/1092 1102/1102/1102 1103/1103/1103
f 1092/1092/1092 1103/1103/1103 1093/1093/1093
f 1093/1093/1093 1103/1103/1103 1104/1104/1104
f 1094/1094/1094 1105/1105/1105 1095/1095/1095
f 1095/1095/1095 1105/1105/1105 1106/1106/1106
f 1095/1095/1095 1106/1106/1106 1096/1096/1096
f 1096/1096/1096 1106/1106/1106 1107/1107/1107
f 1096/1096/1096 1107/1107/1107 1097/1097/1097
f 1097/1097/1097 1107/1107/1107 1108/1108/1108
f 1097/1097/1097 1108/1108/1108 1098/1098/1098
f 1098/1098/1098 1108/1108/1108 1109/1109/1109
f 1098/1098/1098 1109/1109/1109 1099/1099/1099
f 1099/1099/1099 1109/1109/1109 1110/1110/1110
f 1099/1099/1099 1110/1110/1110 1100/1100/1100
f 1100/1100/1100 1110/1110/1110 1111/1111/1111
f 1100/1100/1100 1111/1111/1111 1101/1101/1101
f 1101/1101/1101 1111/1111/1111 1112/1112/1112
f 1101/1101/1101 1112/1112/1112 1102/1102/1102
f 1102/1102/1102 1112/1112/1112 1113/1113/1113
f 1102/1102/1102 1113/1113/1113 1103/1103/1103
f 1103/1103/1103 1113/1113/1113 1114/1114/1114
f 1103/1103/1103 1114/1114/1114 1104/1104/1104
f 1104/1104/1104 1114/1114/1114 1115/1115/1115
f 1105/1105/1105 1116/1116/1116 1106/1106/1106
f 1106/1106/1106 1116/1116/1116 1117/1117/1117
f 1106/1106/1106 1117/1117/1117 1107/1107/1107
f 1107/1107/1107 1117/1117/1117 1118/1118/1118
f 1107/1107/1107 1118/1118/1118 1108/1108/1108
f 1108/1108/1108 1118/1118/1118 1119/1119/1119
f 1108/1108/1108 1119/1119/1119 1109/1109/1109
f 1109/1109/1109 1119/1119/1119 1120/1120/1120
f 1109/1109/1109 1120/1120/1120 1110/1110/1110
f 1110/1110/1110 1120/1120/1120 1121/1121/1121
f 1110/1110/1110 1121/1121/1121 1111/1111/1111
f 1111/1111/1111 1121/1121/1121 1122/1122/1122
f 1111/1111/1111 1122/1122/1122 1112/1112/1112
f 1112/1112/1112 1122/1122/1122 1123/1123/1123
f 1112/1112/1112 1123/1123/1123 1113/1113/1113
f 1113/1113/1113 1123/1123/1123 1124/1124/1124
f 1113/1113/1113 1124/1124/1124 1114/1114/1114
f 1114/1114/1114 1124/1124/1124 1125/1125/1125
f 1114/1114/1114 1125/1125/1125 1115/1115/1115
f 1115/1115/1115 1125/1125/1125 1126/1126/1126
f 1116/1116/1116 1127/1127/1127 1117/1117/1117
f 1117/1117/1117 1127/1127/1127 1128/1128/1128
f 1117/1117/1117 1128/1128/1128 1118/1118/1118
f 1118/1118/1118 1128/1128/1128 1129/1129/1129
f 1118/1118/1118 1129/1129/1129 1119/1119/1119
f 1119/1119/1119 1129/1129/1129 1130/1130/1130
f 1119/1119/1119 1130/1130/1130 1120/1120/1120
f 1120/1120/1120 1130/1130/1130 1131/1131/1131
f 1120/1120/1120 1131/1131/1131 1121/1121/1121
f 1121/1121/1121 1131/1131/1131 1132/1132/1132
f 1121/1121/1121 1132/1132/1132 1122/1122/1122
f 1122/1122/1122 1132/1132/1132 1133/1133/1133
f 1122/1122/1122 1133/1133/1133 1123/1123/1123
f 1123/1123/1123 1133/1133/1133 1134/1134/1134
f 1123/1123/1123 1134/1134/1134 1124/1124/1124
f 1124/1124/1124 1134/1134/1134 1135/1135/1135
f 1124/1124/1124 1135/1135/1135 1125/1125/1125
f 1125/1125/1125 1135/1135/1135 1136/1136/1136
f 1125/1125/1125 1136/1136/1136 1126/1126/1126
f 1126/1126/1126 1136/1136/1136 1137/1137/1137
f 1127/1127/1127 1138/1138/1138 1128/1128/1128
f 1128/1128/1128 1138/1138/1138 1139/1139/1139
f 1128/1128/1128 1139/1139/1139 1129/1129/1129
f 1129/1129/1129 1139/1139/1139 1140/1140/1140
f 1129/1129/1129 1140/1140/1140 1130/1130/1130
f 1130/1130/1130 1140/1140/1140 1141/1141/1141
f 1130/1130/1130 1141/1141/1141 1131/1131/1131
f 1131/1131/1131 1141/1141/1141 1142/1142/1142
f 1131/1131/1131 1142/1142/1142 1132/1132/1132
f 1132/1132/1132 1142/1142/1142 1143/1143/1143
f 1132/1132/1132 1143/1143/1143 1133/1133/1133
f 1133/1133/1133 1143/1143/1143 1144/1144/1144
f 1133/1133/1133 1144/1144/1144 1134/1134/1134
f 1134/1134/1134 1144/1144/1144 1145/1145/1145
f 1134/1134/1134 1145/1145/1145 1135/1135/1135
f 1135/1135/1135 1145/1145/1145 1146/1146/1146
f 1135/1135/1135 1146/1146/1146 1136/1136/1136
f 1136/1136/1136 1146/1146/1146 1147/1147/1147
f 1136/1136/1136 1147/1147/1147 1137/1137/1137
f 1137/1137/1137 1147/1147/1147 1148/1148/1148
f 1138/1138/1138 1149/1149/1149 1139/1139/1139
f 1139/1139/1139 1149/1149/1149 1150/1150/1150
f 1139/1139/1139 1150/1150/1150 1140/1140/1140
f 1140/1140/1140 1150/1150/1150 1151/1151/1151
f 1140/1140/1140 1151/1151/1151 1141/1141/1141
f 1141/1141/1141 1151/1151/1151 1152/1152/1152
f 1141/1141/1141 1152/1152/1152 1142/1142/1142
f 1142/1142/1142 1152/1152/1152 1153/1153/1153
f 1142/1142/1142 1153/1153/1153 1143/1143/1143
f 1143/1143/1143 1153/1153/1153 1154/1154/1154
f 1143/1143/1143 1154/1154/1154 1144/1144/1144
f 1144/1144/1144 1154/1154/1154 1155/1155/1155
f 1144/1144/1144 1155/1155/1155 1145/1145/1145
f 1145/1145/1145 1155/1155/1155 1156/1156/1156
f 1145/1145/1145 1156/1156/1156 1146/1146/1146
f 1146/1146/1146 1156/1156/1156 1157/1157/1157
f 1146/1146/1146 1157/1157/1157 1147/1147/1147
f 1147/1147/1147 1157/1157/1157 1158/1158/1158
f 1147/1147/1147 1158/1158/1158 1148/1148/1148
f 1148/1148/1148 1158/1158/1158 1159/1159/1159
f 1149/1149/1149 1160/1160/1160 1150/1150/1150
f 1150/1150/1150 1160/1160/1160 1161/1161/1161
f 1150/1150/1150 1161/1161/1161 1151/1151/1151
f 1151/1151/1151 1161/1161/1161 1162/1162/1162
f 1151/1151/1151 1162/1162/1162 1152/1152/1152
f 1152/1152/1152 1162/1162/1162 1163/1163/1163
f 1152/1152/1152 1163/1163/1163 1153/1153/1153
f 1153/1153/1153 1163/1163/1163 1164/1164/1164
f 1153/1153/1153 1164/1164/1164 1154/1154/1154
f 1154/1154/1154 1164/1164/1164 1165/1165/1165
f 1154/1154/1154 1165/1165/1165 1155/1155/1155
f 1155/1155/1155 1165/1165/1165 1166/1166/1166
f 1155/1155/1155 1166/1166/1166 1156/1156/1156
f 1156/1156/1156 1166/1166/1166 1167/1167/1167
f 1156/1156/1156 1167/1167/1167 1157/1157/1157
f 1157/1157/1157 1167/1167/1167 1168/1168/1168
f 1157/1157/1157 1168/1168/1168 1158/1158/1158
f 1158/1158/1158 1168/1168/1168 1169/1169/1169
f 1158/1158/1158 1169/1169/1169 1159/1159/1159
f 1159/1159/1159 1169/1169/1169 1170/1170/1170
f 1160/1160/1160 1171/1171/1171 1161/1161/1161
f 1161/1161/1161 1171/1171/1171 1172/1172/1172
f 1161/1161/1161 1172/1172/1172 1162/1162/1162
f 1162/1162/1162 1172/1172/1172 1173/1173/1173
f 1162/1162/1162 1173/1173/1173 1163/1163/1163
f 1163/1163/1163 1173/1173/1173 1174/1174/1174
f 1163/1163/1163 1174/1174/1174 1164/1164/1164
f 1164/1164/1164 1174/1174/1174 1175/1175/1175
f 1164/1164/1164 1175/1175/1175 1165/1165/1165
f 1165/1165/1165 1175/1175/1175 1176/1176/1176
f 1165/1165/1165 1176/1176/1176 1166/1166/1166
f 1166/1166/1166 1176/1176/1176 1177/1177/1177
f 1166/1166/1166 1177/1177/1177 1167/1167/1167
f 1167/1167/1167 1177/1177/1177 1178/1178/1178
f 1167/1167/1167 1178/1178/1178 1168/1168/1168
f 1168/1168/1168 1178/1178/1178 1179/1179/1179
f 1168/1168/1168 1179/1179/1179 1169/1169/1169
f 1169/1169/1169 1179/1179/1179 1180/1180/1180
f 1169/1169/1169 1180/1180/1180 1170/1170/1170
f 1170/1170/1170 1180/1180/1180 1181/1181/1181
f 1171/1171/1171 1182/1182/1182 1172/1172/1172
f 1172/1172/1172 1182/1182/1182 1183/1183/1183
f 1172/1172/1172 1183/1183/1183 1173/1173/1173
f 1173/1173/1173 1183/1183/1183 1184/1184/1184
f 1173/1173/1173 1184/1184/1184 1174/1174/1174
f 1174/1174/1174 1184/1184/1184 1185/1185/1185
f 1174/1174/1174 1185/1185/1185 1175/1175/1175
f 1175/1175/1175 1185/1185/1185 1186/1186/1186
f 1175/1175/1175 1186/1186/1186 1176/1176/1176
f 1176/1176/1176 1186/1186/1186 1187/1187/1187
f 1176/1176/1176 1187/1187/1187 1177/1177/1177
f 1177/1177/1177 1187/1187/1187 1188/1188/1188
f 1177/1177/1177 1188/1188/1188 1178/1178/1178
f 1178/1178/1178 1188/1188/1188 1189/1189/1189
f 1178/1178/1178 1189/1189/1189 1179/1179/1179
f 1179/1179/1179 1189/1189/1189 1190/1190/1190
f 1179/1179/1179 1190/1190/1190 1180/1180/1180
f 1180/1180/1180 1190/1190/1190 1191/1191/1191
f 1180/1180/1180 1191/1191/1191 1181/1181/1181
f 1181/1181/1181 1191/1191/1191 1192/1192/1192
f 1182/1182/1182 1193/1193/1193 1183/1183/1183
f 1183/1183/1183 1193/1193/1193 1194/1194/1194
f 1183/1183/1183 1194/1194/1194 1184/1184/1184
f 1184/1184/1184 1194/1194/1194 1195/1195/1195
f 1184/1184/1184 1195/1195/1195 1185/1185/1185
f 1185/1185/1185 1195/1195/1195 1196/1196/1196
f 1185/1185/1185 1196/1196/1196 1186/1186/1186
f 1186/1186/1186 1196/1196/1196 1197/1197/1197
f 1186/1186/1186 1197/1197/1197 1187/1187/1187
f 1187/1187/1187 1197/1197/1197 1198/1198/1198
f 1187/1187/1187 1198/1198/1198 1188/1188/1188
f 1188/1188/1188 1198/1198/1198 1199/1199/1199
f 1188/1188/1188 1199/1199/1199 1189/1189/1189
f 1189/1189/1189 1199/1199/1199 1200/1200/1200
f 1189/1189/1189 1200/1200/1200 1190/1190/1190
f 1190/1190/1190 1200/1200/1200 1201/1201/1201
f 1190/1190/1190 1201/1201/1201 1191/1191/1191
f 1191/1191/1191 1201/1201/1201 1202/1202/1202
f 1191/1191/1191 1202/1202/1202 1192/1192/1192
f 1192/1192/1192 1202/1202/1202 1203/1203/1203
f 1193/1193/1193 1204/1204/1204 1194/1194/1194
f 1194/1194/1194 1204/1204/1204 1205/1205/1205
f 1194/1194/1194 1205/1205/1205 1195/1195/1195
f 1195/1195/1195 1205/1205/1205 1206/1206/1206
f 1195/1195/1195 1206/1206/1206 1196/1196/1196
f 1196/1196/1196 1206/1206/1206 1207/1207/1207
f 1196/1196/1196 1207/1207/1207 1197/1197/1197
f 1197/1197/1197 1207/1207/1207 1208/1208/1208
f 1197/1197/1197 1208/1208/1208 1198/1198/1198
f 1198/1198/1198 1208/1208/1208 1209/1209/1209
f 1198/1198/1198 1209/1209/1209 1199/1199/1199
f 1199/1199/1199 1209/1209/1209 1210/1210/1210
f 1199/1199/1199 1210/1210/1210 1200/1200/1200
f 1200/1200/1200 1210/1210/1210 1211/1211/1211
f 1200/1200/1200 1211/1211/1211 1201/1201/1201
f 1201/1201/1201 1211/1211/1211 1212/1212/1212
f 1201/1201/1201 1212/1212/1212 1202/1202/1202
f 1202/1202/1202 1212/1212/1212 1213/1213/1213
f 1202/1202/1202 1213/1213/1213 1203/1203/1203
f 1203/1203/1203 1213/1213/1213 1214/1214/1214
f 1204/1204/1204 1215/1215/1215 1205/1205/1205
f 1205/1205/1205 1215/1215/1215 1216/1216/1216
f 1205/1205/1205 1216/1216/1216 1206/1206/1206
f 1206/1206/1206 1216/1216/1216 1217/1217/1217
f 1206/1206/1206 1217/1217/1217 1207/1207/1207
f 1207/1207/1207 1217/1217/1217 1218/1218/1218
f 1207/1207/1207 1218/1218/1218 1208/1208/1208
f 1208/1208/1208 1218/1218/1218 1219/1219/1219
f 1208/1208/1208 1219/1219/1219 1209/1209/1209
f 1209/1209/1209 1219/1219/1219 1220/1220/1220
f 1209/1209/1209 1220/1220/1220 1210/1210/1210
f 1210/1210/1210 1220/1220/1220 1221/1221/1221
f 1210/1210/1210 1221/1221/1221 1211/1211/1211
f 1211/1211/1211 1221/1221/1221 1222/1222/1222
f 1211/1211/1211 1222/1222/1222 1212/1212/1212
f 1212/1212/1212 1222/1222/1222 1223/1223/1223
f 1212/1212/1212 1223/1223/1223 1213/1213/1213
f 1213/1213/1213 1223/1223/1223 1224/1224/1224
f 1213/1213/1213 1224/1224/1224 1214/1214/1214
f 1214/1214/1214 1224/1224/1224 1225/1225/1225
f 1215/1215/1215 1226/1226/1226 1216/1216/1216
f 1216/1216/1216 1226/1226/1226 1227/1227/1227
f 1216/1216/1216 1227/1227/1227 1217/1217/1217
f 1217/1217/1217 1227/1227/1227 1228/1228/1228
f 1217/1217/1217 1228/1228/1228 1218/1218/1218
f 1218/1218/1218 1228/1228/1228 1229/1229/1229
f 1218/1218/1218 1229/1229/1229 1219/1219/1219
f 1219/1219/1219 1229/1229/1229 1230/1230/1230
f 1219/1219/1219 1230/1230/1230 1220/1220/1220
f 1220/1220/1220 1230/1230/1230 1231/1231/1231
f 1220/1220/1220 1231/1231/1231 1221/1221/1221
f 1221/1221/1221 1231/1231/1231 1232/1232/1232
f 1221/1221/1221 1232/1232/1232 1222/1222/1222
f 1222/1222/1222 1232/1232/1232 1233/1233/1233
f 1222/1222/1222 1233/1233/1233 1223/1223/1223
f 1223/1223/1223 1233/1233/1233 1234/1234/1234
f 1223/1223/1223 1234/1234/1234 1224/1224/1224
f 1224/1224/1224 1234/1234/1234 1235/1235/1235
f 1224/1224/1224 1235/1235/1235 1225/1225/1225
f 1225/1225/1225 1235/1235/1235 1236/1236/1236
