# THE OBSERVER - generated by tools/gen_observer.py
o Head
v -0.00100 -0.75600 0.01975
v -0.00099 -0.75600 0.01991
v -0.00095 -0.75600 0.02006
v -0.00089 -0.75600 0.02021
v -0.00081 -0.75600 0.02034
v -0.00071 -0.75600 0.02046
v -0.00059 -0.75600 0.02056
v -0.00045 -0.75600 0.02064
v -0.00031 -0.75600 0.02070
v -0.00016 -0.75600 0.02074
v -0.00000 -0.75600 0.02075
v 0.00016 -0.75600 0.02074
v 0.00031 -0.75600 0.02070
v 0.00045 -0.75600 0.02064
v 0.00059 -0.75600 0.02056
v 0.00071 -0.75600 0.02046
v 0.00081 -0.75600 0.02034
v 0.00089 -0.75600 0.02021
v 0.00095 -0.75600 0.02006
v 0.00099 -0.75600 0.01991
v 0.00100 -0.75600 0.01975
v 0.00099 -0.75600 0.01960
v 0.00095 -0.75600 0.01944
v 0.00089 -0.75600 0.01930
v 0.00081 -0.75600 0.01917
v 0.00071 -0.75600 0.01905
v 0.00059 -0.75600 0.01895
v 0.00045 -0.75600 0.01887
v 0.00031 -0.75600 0.01881
v 0.00015 -0.75600 0.01878
v 0.00000 -0.75600 0.01877
v -0.00015 -0.75600 0.01878
v -0.00031 -0.75600 0.01881
v -0.00045 -0.75600 0.01887
v -0.00059 -0.75600 0.01895
v -0.00071 -0.75600 0.01905
v -0.00081 -0.75600 0.01917
v -0.00089 -0.75600 0.01930
v -0.00095 -0.75600 0.01944
v -0.00099 -0.75600 0.01960
v -0.00100 -0.75600 0.01975
v -0.03061 -0.74869 0.01977
v -0.03024 -0.74872 0.02935
v -0.02912 -0.74874 0.03869
v -0.02728 -0.74876 0.04757
v -0.02477 -0.74878 0.05576
v -0.02165 -0.74880 0.06307
v -0.01799 -0.74882 0.06931
v -0.01390 -0.74883 0.07433
v -0.00946 -0.74884 0.07800
v -0.00479 -0.74885 0.08025
v -0.00000 -0.74885 0.08100
v 0.00479 -0.74885 0.08025
v 0.00946 -0.74884 0.07800
v 0.01390 -0.74883 0.07433
v 0.01799 -0.74882 0.06931
v 0.02165 -0.74880 0.06307
v 0.02477 -0.74878 0.05576
v 0.02728 -0.74876 0.04757
v 0.02912 -0.74874 0.03869
v 0.03024 -0.74872 0.02935
v 0.03061 -0.74869 0.01977
v 0.03024 -0.74867 0.01019
v 0.02911 -0.74864 0.00085
v 0.02727 -0.74862 -0.00802
v 0.02475 -0.74860 -0.01619
v 0.02160 -0.74858 -0.02344
v 0.01792 -0.74856 -0.02955
v 0.01379 -0.74855 -0.03437
v 0.00935 -0.74854 -0.03780
v 0.00472 -0.74854 -0.03983
v 0.00000 -0.74854 -0.04050
v -0.00472 -0.74854 -0.03983
v -0.00935 -0.74854 -0.03780
v -0.01379 -0.74855 -0.03437
v -0.01792 -0.74856 -0.02955
v -0.02160 -0.74858 -0.02344
v -0.02475 -0.74860 -0.01619
v -0.02727 -0.74862 -0.00802
v -0.02911 -0.74864 0.00085
v -0.03024 -0.74867 0.01019
v -0.03061 -0.74869 0.01977
v -0.05657 -0.72788 0.01982
v -0.05587 -0.72793 0.03752
v -0.05380 -0.72797 0.05479
v -0.05040 -0.72801 0.07119
v -0.04577 -0.72805 0.08633
v -0.04000 -0.72809 0.09983
v -0.03325 -0.72812 0.11136
v -0.02568 -0.72814 0.12063
v -0.01748 -0.72816 0.12743
v -0.00885 -0.72817 0.13157
v -0.00000 -0.72817 0.13296
v 0.00885 -0.72817 0.13157
v 0.01748 -0.72816 0.12743
v 0.02568 -0.72814 0.12063
v 0.03325 -0.72812 0.11136
v 0.04000 -0.72809 0.09983
v 0.04577 -0.72805 0.08633
v 0.05040 -0.72801 0.07119
v 0.05380 -0.72797 0.05479
v 0.05587 -0.72793 0.03752
v 0.05657 -0.72788 0.01982
v 0.05587 -0.72784 0.00213
v 0.05380 -0.72779 -0.01513
v 0.05039 -0.72775 -0.03152
v 0.04573 -0.72771 -0.04662
v 0.03992 -0.72768 -0.06001
v 0.03311 -0.72765 -0.07132
v 0.02549 -0.72762 -0.08022
v 0.01728 -0.72761 -0.08656
v 0.00872 -0.72760 -0.09031
v 0.00000 -0.72759 -0.09154
v -0.00872 -0.72760 -0.09031
v -0.01728 -0.72761 -0.08656
v -0.02549 -0.72762 -0.08022
v -0.03311 -0.72765 -0.07132
v -0.03992 -0.72768 -0.06001
v -0.04573 -0.72771 -0.04662
v -0.05039 -0.72775 -0.03152
v -0.05380 -0.72779 -0.01513
v -0.05587 -0.72784 0.00213
v -0.05657 -0.72788 0.01982
v -0.07391 -0.69674 0.01991
v -0.07300 -0.69680 0.04303
v -0.07029 -0.69686 0.06558
v -0.06585 -0.69691 0.08701
v -0.05979 -0.69696 0.10679
v -0.05226 -0.69701 0.12443
v -0.04344 -0.69705 0.13950
v -0.03355 -0.69708 0.15162
v -0.02284 -0.69710 0.16049
v -0.01156 -0.69711 0.16591
v -0.00000 -0.69712 0.16773
v 0.01156 -0.69711 0.16591
v 0.02284 -0.69710 0.16049
v 0.03355 -0.69708 0.15162
v 0.04344 -0.69705 0.13950
v 0.05226 -0.69701 0.12443
v 0.05979 -0.69696 0.10679
v 0.06585 -0.69691 0.08701
v 0.07029 -0.69686 0.06558
v 0.07300 -0.69680 0.04303
v 0.07391 -0.69674 0.01991
v 0.07300 -0.69668 -0.00322
v 0.07029 -0.69662 -0.02577
v 0.06584 -0.69656 -0.04718
v 0.05975 -0.69651 -0.06691
v 0.05216 -0.69647 -0.08441
v 0.04326 -0.69643 -0.09918
v 0.03330 -0.69640 -0.11081
v 0.02258 -0.69638 -0.11909
v 0.01140 -0.69637 -0.12399
v 0.00000 -0.69636 -0.12560
v -0.01140 -0.69637 -0.12399
v -0.02258 -0.69638 -0.11909
v -0.03330 -0.69640 -0.11081
v -0.04326 -0.69643 -0.09918
v -0.05216 -0.69647 -0.08441
v -0.05975 -0.69651 -0.06691
v -0.06584 -0.69656 -0.04718
v -0.07029 -0.69662 -0.02577
v -0.07300 -0.69668 -0.00322
v -0.07391 -0.69674 0.01991
v -0.08000 -0.66000 0.02000
v -0.07902 -0.66006 0.04503
v -0.07608 -0.66013 0.06944
v -0.07128 -0.66019 0.09264
v -0.06472 -0.66024 0.11405
v -0.05657 -0.66029 0.13314
v -0.04702 -0.66033 0.14944
v -0.03632 -0.66037 0.16256
v -0.02472 -0.66039 0.17217
v -0.01251 -0.66041 0.17803
v -0.00000 -0.66041 0.18000
v 0.01251 -0.66041 0.17803
v 0.02472 -0.66039 0.17217
v 0.03632 -0.66037 0.16256
v 0.04702 -0.66033 0.14944
v 0.05657 -0.66029 0.13314
v 0.06472 -0.66024 0.11405
v 0.07128 -0.66019 0.09264
v 0.07608 -0.66013 0.06944
v 0.07902 -0.66006 0.04503
v 0.08000 -0.66000 0.02000
v 0.07901 -0.65994 -0.00503
v 0.07608 -0.65987 -0.02944
v 0.07126 -0.65981 -0.05262
v 0.06467 -0.65976 -0.07397
v 0.05645 -0.65971 -0.09291
v 0.04682 -0.65967 -0.10889
v 0.03605 -0.65964 -0.12149
v 0.02444 -0.65961 -0.13045
v 0.01233 -0.65960 -0.13575
v 0.00000 -0.65959 -0.13749
v -0.01233 -0.65960 -0.13575
v -0.02444 -0.65961 -0.13045
v -0.03605 -0.65964 -0.12149
v -0.04682 -0.65967 -0.10889
v -0.05645 -0.65971 -0.09291
v -0.06467 -0.65976 -0.07397
v -0.07126 -0.65981 -0.05262
v -0.07608 -0.65987 -0.02944
v -0.07901 -0.65994 -0.00503
v -0.08000 -0.66000 0.02000
v -0.08434 -0.63191 0.02007
v -0.08330 -0.63205 0.04557
v -0.08021 -0.63217 0.07043
v -0.07515 -0.63230 0.09406
v -0.06823 -0.63241 0.11586
v -0.05964 -0.63251 0.13530
v -0.04958 -0.63259 0.15191
v -0.03829 -0.63266 0.16527
v -0.02606 -0.63271 0.17506
v -0.01319 -0.63275 0.18103
v -0.00000 -0.63276 0.18304
v 0.01319 -0.63275 0.18103
v 0.02606 -0.63271 0.17506
v 0.03829 -0.63266 0.16527
v 0.04958 -0.63259 0.15191
v 0.05964 -0.63251 0.13530
v 0.06823 -0.63241 0.11586
v 0.07515 -0.63230 0.09406
v 0.08021 -0.63217 0.07043
v 0.08330 -0.63205 0.04557
v 0.08434 -0.63191 0.02007
v 0.08330 -0.63178 -0.00542
v 0.08021 -0.63166 -0.03028
v 0.07512 -0.63153 -0.05388
v 0.06817 -0.63142 -0.07562
v 0.05949 -0.63132 -0.09487
v 0.04932 -0.63124 -0.11108
v 0.03794 -0.63117 -0.12379
v 0.02570 -0.63113 -0.13277
v 0.01296 -0.63110 -0.13804
v 0.00000 -0.63109 -0.13977
v -0.01296 -0.63110 -0.13804
v -0.02570 -0.63113 -0.13277
v -0.03794 -0.63117 -0.12379
v -0.04932 -0.63124 -0.11108
v -0.05949 -0.63132 -0.09487
v -0.06817 -0.63142 -0.07562
v -0.07512 -0.63153 -0.05388
v -0.08021 -0.63166 -0.03028
v -0.08330 -0.63178 -0.00542
v -0.08434 -0.63191 0.02007
v -0.09690 -0.60383 0.02029
v -0.09571 -0.60411 0.04714
v -0.09216 -0.60438 0.07333
v -0.08634 -0.60463 0.09821
v -0.07839 -0.60487 0.12118
v -0.06852 -0.60508 0.14166
v -0.05696 -0.60526 0.15915
v -0.04399 -0.60541 0.17322
v -0.02994 -0.60551 0.18353
v -0.01516 -0.60558 0.18982
v -0.00000 -0.60560 0.19193
v 0.01516 -0.60558 0.18982
v 0.02994 -0.60551 0.18353
v 0.04399 -0.60541 0.17322
v 0.05696 -0.60526 0.15915
v 0.06852 -0.60508 0.14166
v 0.07839 -0.60487 0.12118
v 0.08634 -0.60463 0.09821
v 0.09216 -0.60438 0.07333
v 0.09571 -0.60411 0.04714
v 0.09690 -0.60383 0.02029
v 0.09570 -0.60355 -0.00656
v 0.09215 -0.60328 -0.03274
v 0.08630 -0.60303 -0.05760
v 0.07830 -0.60279 -0.08047
v 0.06831 -0.60258 -0.10071
v 0.05660 -0.60241 -0.11769
v 0.04350 -0.60227 -0.13093
v 0.02944 -0.60217 -0.14021
v 0.01483 -0.60212 -0.14560
v 0.00000 -0.60210 -0.14736
v -0.01483 -0.60212 -0.14560
v -0.02944 -0.60217 -0.14021
v -0.04350 -0.60227 -0.13093
v -0.05660 -0.60241 -0.11769
v -0.06831 -0.60258 -0.10071
v -0.07830 -0.60279 -0.08047
v -0.08630 -0.60303 -0.05760
v -0.09215 -0.60328 -0.03274
v -0.09570 -0.60355 -0.00656
v -0.09690 -0.60383 0.02029
v -0.11631 -0.57574 0.02065
v -0.11488 -0.57619 0.04966
v -0.11062 -0.57663 0.07795
v -0.10363 -0.57705 0.10483
v -0.09410 -0.57743 0.12964
v -0.08224 -0.57777 0.15177
v -0.06837 -0.57807 0.17066
v -0.05280 -0.57830 0.18587
v -0.03594 -0.57847 0.19700
v -0.01820 -0.57858 0.20380
v -0.00000 -0.57861 0.20608
v 0.01820 -0.57858 0.20380
v 0.03594 -0.57847 0.19700
v 0.05280 -0.57830 0.18587
v 0.06837 -0.57807 0.17066
v 0.08224 -0.57777 0.15177
v 0.09410 -0.57743 0.12964
v 0.10363 -0.57705 0.10483
v 0.11062 -0.57663 0.07795
v 0.11488 -0.57619 0.04966
v 0.11631 -0.57574 0.02065
v 0.11487 -0.57530 -0.00835
v 0.11060 -0.57486 -0.03664
v 0.10358 -0.57444 -0.06348
v 0.09396 -0.57406 -0.08817
v 0.08194 -0.57372 -0.10998
v 0.06785 -0.57344 -0.12822
v 0.05209 -0.57322 -0.14234
v 0.03522 -0.57307 -0.15214
v 0.01773 -0.57298 -0.15777
v 0.00000 -0.57296 -0.15959
v -0.01773 -0.57298 -0.15777
v -0.03522 -0.57307 -0.15214
v -0.05209 -0.57322 -0.14234
v -0.06785 -0.57344 -0.12822
v -0.08194 -0.57372 -0.10998
v -0.09396 -0.57406 -0.08817
v -0.10358 -0.57444 -0.06348
v -0.11060 -0.57486 -0.03664
v -0.11487 -0.57530 -0.00835
v -0.11631 -0.57574 0.02065
v -0.14046 -0.54766 0.02116
v -0.13873 -0.54832 0.05297
v -0.13359 -0.54896 0.08400
v -0.12516 -0.54956 0.11348
v -0.11364 -0.55013 0.14069
v -0.09933 -0.55063 0.16495
v -0.08257 -0.55105 0.18568
v -0.06377 -0.55140 0.20235
v -0.04341 -0.55165 0.21457
v -0.02197 -0.55180 0.22202
v -0.00000 -0.55186 0.22452
v 0.02197 -0.55180 0.22202
v 0.04341 -0.55165 0.21457
v 0.06377 -0.55140 0.20235
v 0.08257 -0.55105 0.18568
v 0.09933 -0.55063 0.16495
v 0.11364 -0.55013 0.14069
v 0.12516 -0.54956 0.11348
v 0.13359 -0.54896 0.08400
v 0.13873 -0.54832 0.05297
v 0.14046 -0.54766 0.02116
v 0.13873 -0.54700 -0.01065
v 0.13356 -0.54636 -0.04167
v 0.12508 -0.54576 -0.07110
v 0.11344 -0.54520 -0.09816
v 0.09889 -0.54471 -0.12201
v 0.08182 -0.54430 -0.14187
v 0.06275 -0.54398 -0.15713
v 0.04236 -0.54377 -0.16759
v 0.02130 -0.54364 -0.17352
v 0.00000 -0.54360 -0.17542
v -0.02130 -0.54364 -0.17352
v -0.04236 -0.54377 -0.16759
v -0.06275 -0.54398 -0.15713
v -0.08182 -0.54430 -0.14187
v -0.09889 -0.54471 -0.12201
v -0.11344 -0.54520 -0.09816
v -0.12508 -0.54576 -0.07110
v -0.13356 -0.54636 -0.04167
v -0.13873 -0.54700 -0.01065
v -0.14046 -0.54766 0.02116
v -0.16674 -0.51957 0.02181
v -0.16469 -0.52048 0.05688
v -0.15858 -0.52136 0.09108
v -0.14857 -0.52220 0.12358
v -0.13490 -0.52297 0.15358
v -0.11791 -0.52366 0.18033
v -0.09801 -0.52425 0.20318
v -0.07571 -0.52473 0.22156
v -0.05153 -0.52507 0.23503
v -0.02609 -0.52529 0.24324
v -0.00000 -0.52536 0.24601
v 0.02609 -0.52529 0.24324
v 0.05153 -0.52507 0.23503
v 0.07571 -0.52473 0.22156
v 0.09801 -0.52425 0.20318
v 0.11791 -0.52366 0.18033
v 0.13490 -0.52297 0.15358
v 0.14857 -0.52220 0.12358
v 0.15858 -0.52136 0.09108
v 0.16469 -0.52048 0.05688
v 0.16674 -0.51957 0.02181
v 0.16468 -0.51867 -0.01326
v 0.15855 -0.51779 -0.04745
v 0.14846 -0.51695 -0.07989
v 0.13462 -0.51618 -0.10968
v 0.11730 -0.51551 -0.13589
v 0.09696 -0.51495 -0.15761
v 0.07427 -0.51452 -0.17416
v 0.05006 -0.51423 -0.18534
v 0.02514 -0.51407 -0.19157
v 0.00000 -0.51402 -0.19354
v -0.02514 -0.51407 -0.19157
v -0.05006 -0.51423 -0.18534
v -0.07427 -0.51452 -0.17416
v -0.09696 -0.51495 -0.15761
v -0.11730 -0.51551 -0.13589
v -0.13462 -0.51618 -0.10968
v -0.14846 -0.51695 -0.07989
v -0.15855 -0.51779 -0.04745
v -0.16468 -0.51867 -0.01326
v -0.16674 -0.51957 0.02181
v -0.19229 -0.49149 0.02261
v -0.18993 -0.49268 0.06116
v -0.18288 -0.49385 0.09876
v -0.17134 -0.49495 0.13449
v -0.15558 -0.49597 0.16746
v -0.13598 -0.49688 0.19687
v -0.11304 -0.49766 0.22200
v -0.08731 -0.49829 0.24221
v -0.05943 -0.49874 0.25701
v -0.03009 -0.49902 0.26604
v -0.00000 -0.49912 0.26908
v 0.03009 -0.49902 0.26604
v 0.05943 -0.49874 0.25701
v 0.08731 -0.49829 0.24221
v 0.11304 -0.49766 0.22200
v 0.13598 -0.49688 0.19687
v 0.15558 -0.49597 0.16746
v 0.17134 -0.49495 0.13449
v 0.18288 -0.49385 0.09876
v 0.18993 -0.49268 0.06116
v 0.19229 -0.49149 0.02261
v 0.18991 -0.49030 -0.01594
v 0.18284 -0.48913 -0.05353
v 0.17119 -0.48803 -0.08918
v 0.15519 -0.48702 -0.12189
v 0.13516 -0.48613 -0.15060
v 0.11161 -0.48540 -0.17427
v 0.08537 -0.48484 -0.19211
v 0.05745 -0.48448 -0.20397
v 0.02880 -0.48428 -0.21046
v 0.00000 -0.48421 -0.21247
v -0.02880 -0.48428 -0.21046
v -0.05745 -0.48448 -0.20397
v -0.08537 -0.48484 -0.19211
v -0.11161 -0.48540 -0.17427
v -0.13516 -0.48613 -0.15060
v -0.15519 -0.48702 -0.12189
v -0.17119 -0.48803 -0.08918
v -0.18284 -0.48913 -0.05353
v -0.18991 -0.49030 -0.01594
v -0.19229 -0.49149 0.02261
v -0.21434 -0.46340 0.02355
v -0.21170 -0.46492 0.06556
v -0.20385 -0.46640 0.10655
v -0.19099 -0.46781 0.14549
v -0.17342 -0.46910 0.18143
v -0.15158 -0.47026 0.21348
v -0.12600 -0.47125 0.24086
v -0.09732 -0.47205 0.26290
v -0.06625 -0.47263 0.27903
v -0.03354 -0.47298 0.28888
v -0.00000 -0.47310 0.29219
v 0.03354 -0.47298 0.28888
v 0.06625 -0.47263 0.27903
v 0.09732 -0.47205 0.26290
v 0.12600 -0.47125 0.24086
v 0.15158 -0.47026 0.21348
v 0.17342 -0.46910 0.18143
v 0.19099 -0.46781 0.14549
v 0.20385 -0.46640 0.10655
v 0.21170 -0.46492 0.06556
v 0.21434 -0.46340 0.02355
v 0.21168 -0.46189 -0.01846
v 0.20379 -0.46041 -0.05942
v 0.19079 -0.45901 -0.09827
v 0.17292 -0.45772 -0.13387
v 0.15051 -0.45659 -0.16504
v 0.12416 -0.45567 -0.19058
v 0.09481 -0.45499 -0.20961
v 0.06368 -0.45454 -0.22202
v 0.03188 -0.45430 -0.22864
v 0.00000 -0.45423 -0.23066
v -0.03188 -0.45430 -0.22864
v -0.06368 -0.45454 -0.22202
v -0.09481 -0.45499 -0.20961
v -0.12416 -0.45567 -0.19058
v -0.15051 -0.45659 -0.16504
v -0.17292 -0.45772 -0.13387
v -0.19079 -0.45901 -0.09827
v -0.20379 -0.46041 -0.05942
v -0.21168 -0.46189 -0.01846
v -0.21434 -0.46340 0.02355
v -0.23048 -0.43532 0.02464
v -0.22765 -0.43719 0.06985
v -0.21921 -0.43901 0.11396
v -0.20537 -0.44073 0.15587
v -0.18648 -0.44233 0.19456
v -0.16300 -0.44375 0.22906
v -0.13550 -0.44497 0.25853
v -0.10466 -0.44595 0.28225
v -0.07124 -0.44667 0.29963
v -0.03607 -0.44710 0.31023
v -0.00000 -0.44725 0.31379
v 0.03607 -0.44710 0.31023
v 0.07124 -0.44667 0.29963
v 0.10466 -0.44595 0.28225
v 0.13550 -0.44497 0.25853
v 0.16300 -0.44375 0.22906
v 0.18648 -0.44233 0.19456
v 0.20537 -0.44073 0.15587
v 0.21921 -0.43901 0.11396
v 0.22765 -0.43719 0.06985
v 0.23048 -0.43532 0.02464
v 0.22762 -0.43345 -0.02058
v 0.21913 -0.43163 -0.06466
v 0.20514 -0.42991 -0.10645
v 0.18587 -0.42833 -0.14473
v 0.16167 -0.42695 -0.17812
v 0.13321 -0.42583 -0.20531
v 0.10154 -0.42501 -0.22530
v 0.06806 -0.42448 -0.23805
v 0.03401 -0.42421 -0.24465
v 0.00000 -0.42413 -0.24661
v -0.03401 -0.42421 -0.24465
v -0.06806 -0.42448 -0.23805
v -0.10154 -0.42501 -0.22530
v -0.13321 -0.42583 -0.20531
v -0.16167 -0.42695 -0.17812
v -0.18587 -0.42833 -0.14473
v -0.20514 -0.42991 -0.10645
v -0.21913 -0.43163 -0.06466
v -0.22762 -0.43345 -0.02058
v -0.23048 -0.43532 0.02464
v -0.23896 -0.40723 0.02587
v -0.23603 -0.40946 0.07380
v -0.22728 -0.41163 0.12056
v -0.21294 -0.41369 0.16500
v -0.19336 -0.41560 0.20601
v -0.16901 -0.41729 0.24259
v -0.14050 -0.41875 0.27385
v -0.10853 -0.41991 0.29900
v -0.07388 -0.42077 0.31743
v -0.03740 -0.42129 0.32867
v -0.00000 -0.42147 0.33245
v 0.03740 -0.42129 0.32867
v 0.07388 -0.42077 0.31743
v 0.10853 -0.41991 0.29900
v 0.14050 -0.41875 0.27385
v 0.16901 -0.41729 0.24259
v 0.19336 -0.41560 0.20601
v 0.21294 -0.41369 0.16500
v 0.22728 -0.41163 0.12056
v 0.23603 -0.40946 0.07380
v 0.23896 -0.40723 0.02587
v 0.23600 -0.40501 -0.02206
v 0.22720 -0.40284 -0.06880
v 0.21269 -0.40078 -0.11310
v 0.19265 -0.39890 -0.15362
v 0.16744 -0.39727 -0.18885
v 0.13778 -0.39595 -0.21731
v 0.10482 -0.39499 -0.23795
v 0.07010 -0.39439 -0.25078
v 0.03496 -0.39409 -0.25718
v 0.00000 -0.39401 -0.25902
v -0.03496 -0.39409 -0.25718
v -0.07010 -0.39439 -0.25078
v -0.10482 -0.39499 -0.23795
v -0.13778 -0.39595 -0.21731
v -0.16744 -0.39727 -0.18885
v -0.19265 -0.39890 -0.15362
v -0.21269 -0.40078 -0.11310
v -0.22720 -0.40284 -0.06880
v -0.23600 -0.40501 -0.02206
v -0.23896 -0.40723 0.02587
v -0.24042 -0.37915 0.02724
v -0.23747 -0.38173 0.07722
v -0.22867 -0.38424 0.12598
v -0.21425 -0.38663 0.17231
v -0.19455 -0.38884 0.21507
v -0.17006 -0.39081 0.25323
v -0.14138 -0.39249 0.28583
v -0.10921 -0.39384 0.31206
v -0.07434 -0.39483 0.33129
v -0.03764 -0.39544 0.34302
v -0.00000 -0.39564 0.34696
v 0.03764 -0.39544 0.34302
v 0.07434 -0.39483 0.33129
v 0.10921 -0.39384 0.31206
v 0.14138 -0.39249 0.28583
v 0.17006 -0.39081 0.25323
v 0.19455 -0.38884 0.21507
v 0.21425 -0.38663 0.17231
v 0.22867 -0.38424 0.12598
v 0.23747 -0.38173 0.07722
v 0.24042 -0.37915 0.02724
v 0.23744 -0.37657 -0.02273
v 0.22860 -0.37406 -0.07146
v 0.21403 -0.37167 -0.11767
v 0.19382 -0.36950 -0.15988
v 0.16829 -0.36761 -0.19639
v 0.13827 -0.36610 -0.22566
v 0.10498 -0.36503 -0.24655
v 0.07003 -0.36438 -0.25916
v 0.03485 -0.36407 -0.26517
v 0.00000 -0.36398 -0.26682
v -0.03485 -0.36407 -0.26517
v -0.07003 -0.36438 -0.25916
v -0.10498 -0.36503 -0.24655
v -0.13827 -0.36610 -0.22566
v -0.16829 -0.36761 -0.19639
v -0.19382 -0.36950 -0.15988
v -0.21403 -0.37167 -0.11767
v -0.22860 -0.37406 -0.07146
v -0.23744 -0.37657 -0.02273
v -0.24042 -0.37915 0.02724
v -0.24358 -0.35106 0.02876
v -0.24059 -0.35397 0.07997
v -0.23169 -0.35680 0.12992
v -0.21708 -0.35950 0.17739
v -0.19712 -0.36198 0.22121
v -0.17232 -0.36420 0.26031
v -0.14326 -0.36610 0.29372
v -0.11067 -0.36762 0.32062
v -0.07534 -0.36874 0.34033
v -0.03814 -0.36942 0.35237
v -0.00000 -0.36965 0.35641
v 0.03814 -0.36942 0.35237
v 0.07534 -0.36874 0.34033
v 0.11067 -0.36762 0.32062
v 0.14326 -0.36610 0.29372
v 0.17232 -0.36420 0.26031
v 0.19712 -0.36198 0.22121
v 0.21708 -0.35950 0.17739
v 0.23169 -0.35680 0.12992
v 0.24059 -0.35397 0.07997
v 0.24358 -0.35106 0.02876
v 0.24056 -0.34816 -0.02243
v 0.23164 -0.34533 -0.07237
v 0.21698 -0.34264 -0.11979
v 0.19644 -0.34018 -0.16301
v 0.17035 -0.33808 -0.20013
v 0.13972 -0.33640 -0.22964
v 0.10584 -0.33523 -0.25037
v 0.07042 -0.33454 -0.26247
v 0.03497 -0.33423 -0.26791
v 0.00000 -0.33415 -0.26932
v -0.03497 -0.33423 -0.26791
v -0.07042 -0.33454 -0.26247
v -0.10584 -0.33523 -0.25037
v -0.13972 -0.33640 -0.22964
v -0.17035 -0.33808 -0.20013
v -0.19644 -0.34018 -0.16301
v -0.21698 -0.34264 -0.11979
v -0.23164 -0.34533 -0.07237
v -0.24056 -0.34816 -0.02243
v -0.24358 -0.35106 0.02876
v -0.24964 -0.32298 0.03043
v -0.24658 -0.32617 0.08196
v -0.23746 -0.32928 0.13224
v -0.22250 -0.33224 0.18002
v -0.20206 -0.33497 0.22414
v -0.17664 -0.33741 0.26351
v -0.14686 -0.33949 0.29717
v -0.11346 -0.34117 0.32426
v -0.07724 -0.34240 0.34413
v -0.03911 -0.34315 0.35625
v -0.00000 -0.34340 0.36033
v 0.03911 -0.34315 0.35625
v 0.07724 -0.34240 0.34413
v 0.11346 -0.34117 0.32426
v 0.14686 -0.33949 0.29717
v 0.17664 -0.33741 0.26351
v 0.20206 -0.33497 0.22414
v 0.22250 -0.33224 0.18002
v 0.23746 -0.32928 0.13224
v 0.24658 -0.32617 0.08196
v 0.24964 -0.32298 0.03043
v 0.24656 -0.31979 -0.02110
v 0.23751 -0.31668 -0.07140
v 0.22268 -0.31371 -0.11929
v 0.20159 -0.31102 -0.16283
v 0.17449 -0.30873 -0.19981
v 0.14281 -0.30692 -0.22894
v 0.10793 -0.30568 -0.24909
v 0.07162 -0.30498 -0.26041
v 0.03548 -0.30468 -0.26516
v 0.00000 -0.30461 -0.26628
v -0.03548 -0.30468 -0.26516
v -0.07162 -0.30498 -0.26041
v -0.10793 -0.30568 -0.24909
v -0.14281 -0.30692 -0.22894
v -0.17449 -0.30873 -0.19981
v -0.20159 -0.31102 -0.16283
v -0.22268 -0.31371 -0.11929
v -0.23751 -0.31668 -0.07140
v -0.24656 -0.31979 -0.02110
v -0.24964 -0.32298 0.03043
v -0.25818 -0.29489 0.03224
v -0.25502 -0.29836 0.08398
v -0.24560 -0.30175 0.13446
v -0.23013 -0.30497 0.18244
v -0.20900 -0.30794 0.22675
v -0.18273 -0.31059 0.26631
v -0.15194 -0.31286 0.30012
v -0.11739 -0.31468 0.32736
v -0.07993 -0.31602 0.34734
v -0.04047 -0.31684 0.35953
v -0.00000 -0.31711 0.36363
v 0.04047 -0.31684 0.35953
v 0.07993 -0.31602 0.34734
v 0.11739 -0.31468 0.32736
v 0.15194 -0.31286 0.30012
v 0.18273 -0.31059 0.26631
v 0.20900 -0.30794 0.22675
v 0.23013 -0.30497 0.18244
v 0.24560 -0.30175 0.13446
v 0.25502 -0.29836 0.08398
v 0.25818 -0.29489 0.03224
v 0.25501 -0.29142 -0.01950
v 0.24583 -0.28803 -0.07008
v 0.23090 -0.28479 -0.11846
v 0.20904 -0.28185 -0.16230
v 0.18045 -0.27939 -0.19891
v 0.14730 -0.27748 -0.22747
v 0.11105 -0.27617 -0.24694
v 0.07348 -0.27547 -0.25744
v 0.03631 -0.27520 -0.26145
v 0.00000 -0.27515 -0.26228
v -0.03631 -0.27520 -0.26145
v -0.07348 -0.27547 -0.25744
v -0.11105 -0.27617 -0.24694
v -0.14730 -0.27748 -0.22747
v -0.18045 -0.27939 -0.19891
v -0.20904 -0.28185 -0.16230
v -0.23090 -0.28479 -0.11846
v -0.24583 -0.28803 -0.07008
v -0.25501 -0.29142 -0.01950
v -0.25818 -0.29489 0.03224
v -0.26861 -0.26681 0.03420
v -0.26533 -0.27058 0.08647
v -0.25553 -0.27427 0.13748
v -0.23946 -0.27777 0.18597
v -0.21749 -0.28100 0.23076
v -0.19017 -0.28389 0.27076
v -0.15815 -0.28636 0.30497
v -0.12220 -0.28835 0.33254
v -0.08321 -0.28981 0.35276
v -0.04213 -0.29070 0.36511
v -0.00000 -0.29100 0.36927
v 0.04213 -0.29070 0.36511
v 0.08321 -0.28981 0.35276
v 0.12220 -0.28835 0.33254
v 0.15815 -0.28636 0.30497
v 0.19017 -0.28389 0.27076
v 0.21749 -0.28100 0.23076
v 0.23946 -0.27777 0.18597
v 0.25553 -0.27427 0.13748
v 0.26533 -0.27058 0.08647
v 0.26861 -0.26681 0.03420
v 0.26534 -0.26303 -0.01808
v 0.25610 -0.25933 -0.06932
v 0.24125 -0.25577 -0.11871
v 0.21847 -0.25255 -0.16326
v 0.18788 -0.24993 -0.19952
v 0.15286 -0.24791 -0.22753
v 0.11494 -0.24655 -0.24642
v 0.07583 -0.24584 -0.25614
v 0.03739 -0.24561 -0.25943
v 0.00000 -0.24557 -0.25996
v -0.03739 -0.24561 -0.25943
v -0.07583 -0.24584 -0.25614
v -0.11494 -0.24655 -0.24642
v -0.15286 -0.24791 -0.22753
v -0.18788 -0.24993 -0.19952
v -0.21847 -0.25255 -0.16326
v -0.24125 -0.25577 -0.11871
v -0.25610 -0.25933 -0.06932
v -0.26534 -0.26303 -0.01808
v -0.26861 -0.26681 0.03420
v -0.28019 -0.23872 0.03630
v -0.27679 -0.24283 0.08941
v -0.26658 -0.24684 0.14125
v -0.24983 -0.25066 0.19053
v -0.22694 -0.25418 0.23607
v -0.19846 -0.25733 0.27675
v -0.16506 -0.26002 0.31157
v -0.12756 -0.26219 0.33964
v -0.08687 -0.26379 0.36024
v -0.04399 -0.26476 0.37283
v -0.00000 -0.26509 0.37707
v 0.04399 -0.26476 0.37283
v 0.08687 -0.26379 0.36024
v 0.12756 -0.26219 0.33964
v 0.16506 -0.26002 0.31157
v 0.19846 -0.25733 0.27675
v 0.22694 -0.25418 0.23607
v 0.24983 -0.25066 0.19053
v 0.26658 -0.24684 0.14125
v 0.27679 -0.24283 0.08941
v 0.28019 -0.23872 0.03630
v 0.27684 -0.23461 -0.01683
v 0.26766 -0.23057 -0.06908
v 0.25319 -0.22663 -0.12001
v 0.22943 -0.22310 -0.16567
v 0.19632 -0.22032 -0.20157
v 0.15908 -0.21820 -0.22899
v 0.11929 -0.21678 -0.24736
v 0.07848 -0.21608 -0.25635
v 0.03859 -0.21588 -0.25894
v 0.00000 -0.21586 -0.25918
v -0.03859 -0.21588 -0.25894
v -0.07848 -0.21608 -0.25635
v -0.11929 -0.21678 -0.24736
v -0.15908 -0.21820 -0.22899
v -0.19632 -0.22032 -0.20157
v -0.22943 -0.22310 -0.16567
v -0.25319 -0.22663 -0.12001
v -0.26766 -0.23057 -0.06908
v -0.27684 -0.23461 -0.01683
v -0.28019 -0.23872 0.03630
v -0.29213 -0.21064 0.03854
v -0.28859 -0.21511 0.09276
v -0.27797 -0.21948 0.14568
v -0.26053 -0.22363 0.19601
v -0.23670 -0.22747 0.24253
v -0.20702 -0.23090 0.28411
v -0.17222 -0.23384 0.31972
v -0.13312 -0.23621 0.34846
v -0.09067 -0.23796 0.36956
v -0.04592 -0.23902 0.38246
v -0.00000 -0.23938 0.38681
v 0.04592 -0.23902 0.38246
v 0.09067 -0.23796 0.36956
v 0.13312 -0.23621 0.34846
v 0.17222 -0.23384 0.31972
v 0.20702 -0.23090 0.28411
v 0.23670 -0.22747 0.24253
v 0.26053 -0.22363 0.19601
v 0.27797 -0.21948 0.14568
v 0.28859 -0.21511 0.09276
v 0.29213 -0.21064 0.03854
v 0.28870 -0.20616 -0.01570
v 0.27974 -0.20174 -0.06927
v 0.26601 -0.19737 -0.12224
v 0.24125 -0.19348 -0.16937
v 0.20520 -0.19055 -0.20487
v 0.16549 -0.18834 -0.23165
v 0.12375 -0.18686 -0.24956
v 0.08119 -0.18618 -0.25787
v 0.03983 -0.18602 -0.25976
v 0.00000 -0.18602 -0.25971
v -0.03983 -0.18602 -0.25976
v -0.08119 -0.18618 -0.25787
v -0.12375 -0.18686 -0.24956
v -0.16549 -0.18834 -0.23165
v -0.20520 -0.19055 -0.20487
v -0.24125 -0.19348 -0.16937
v -0.26601 -0.19737 -0.12224
v -0.27974 -0.20174 -0.06927
v -0.28870 -0.20616 -0.01570
v -0.29213 -0.21064 0.03854
v -0.30358 -0.18255 0.04093
v -0.29992 -0.18742 0.09646
v -0.28891 -0.19218 0.15067
v -0.27082 -0.19670 0.20224
v -0.24609 -0.20088 0.24994
v -0.21529 -0.20462 0.29260
v -0.17914 -0.20783 0.32916
v -0.13850 -0.21042 0.35869
v -0.09435 -0.21232 0.38040
v -0.04779 -0.21348 0.39368
v -0.00000 -0.21388 0.39815
v 0.04779 -0.21348 0.39368
v 0.09435 -0.21232 0.38040
v 0.13850 -0.21042 0.35869
v 0.17914 -0.20783 0.32916
v 0.21529 -0.20462 0.29260
v 0.24609 -0.20088 0.24994
v 0.27082 -0.19670 0.20224
v 0.28891 -0.19218 0.15067
v 0.29992 -0.18742 0.09646
v 0.30358 -0.18255 0.04093
v 0.30010 -0.17768 -0.01463
v 0.29147 -0.17285 -0.06978
v 0.27876 -0.16799 -0.12510
v 0.25304 -0.16371 -0.17398
v 0.21387 -0.16063 -0.20909
v 0.17164 -0.15834 -0.23524
v 0.12800 -0.15680 -0.25274
v 0.08376 -0.15613 -0.26041
v 0.04099 -0.15602 -0.26164
v 0.00000 -0.15605 -0.26129
v -0.04099 -0.15602 -0.26164
v -0.08376 -0.15613 -0.26041
v -0.12800 -0.15680 -0.25274
v -0.17164 -0.15834 -0.23524
v -0.21387 -0.16063 -0.20909
v -0.25304 -0.16371 -0.17398
v -0.27876 -0.16799 -0.12510
v -0.29147 -0.17285 -0.06978
v -0.30010 -0.17768 -0.01463
v -0.30358 -0.18255 0.04093
v -0.31374 -0.15447 0.04347
v -0.30998 -0.15976 0.10045
v -0.29864 -0.16492 0.15609
v -0.27999 -0.16984 0.20905
v -0.25448 -0.17439 0.25806
v -0.22268 -0.17846 0.30193
v -0.18535 -0.18196 0.33957
v -0.14334 -0.18478 0.37000
v -0.09768 -0.18686 0.39239
v -0.04949 -0.18814 0.40611
v -0.00000 -0.18857 0.41072
v 0.04949 -0.18814 0.40611
v 0.09768 -0.18686 0.39239
v 0.14334 -0.18478 0.37000
v 0.18535 -0.18196 0.33957
v 0.22268 -0.17846 0.30193
v 0.25448 -0.17439 0.25806
v 0.27999 -0.16984 0.20905
v 0.29864 -0.16492 0.15609
v 0.30998 -0.15976 0.10045
v 0.31374 -0.15447 0.04347
v 0.31021 -0.14917 -0.01356
v 0.30195 -0.14390 -0.07040
v 0.29027 -0.13853 -0.12820
v 0.26372 -0.13382 -0.17892
v 0.22162 -0.13059 -0.21376
v 0.17707 -0.12821 -0.23940
v 0.13172 -0.12661 -0.25658
v 0.08598 -0.12595 -0.26367
v 0.04199 -0.12590 -0.26425
v 0.00000 -0.12596 -0.26363
v -0.04199 -0.12590 -0.26425
v -0.08598 -0.12595 -0.26367
v -0.13172 -0.12661 -0.25658
v -0.17707 -0.12821 -0.23940
v -0.22162 -0.13059 -0.21376
v -0.26372 -0.13382 -0.17892
v -0.29027 -0.13853 -0.12820
v -0.30195 -0.14390 -0.07040
v -0.31021 -0.14917 -0.01356
v -0.31374 -0.15447 0.04347
v -0.32189 -0.12638 0.04615
v -0.31807 -0.13212 0.10466
v -0.30648 -0.13772 0.16181
v -0.28740 -0.14305 0.21623
v -0.26128 -0.14799 0.26663
v -0.22871 -0.15242 0.31179
v -0.19044 -0.15622 0.35058
v -0.14733 -0.15930 0.38199
v -0.10043 -0.16156 0.40513
v -0.05089 -0.16295 0.41931
v -0.00000 -0.16342 0.42409
v 0.05089 -0.16295 0.41931
v 0.10043 -0.16156 0.40513
v 0.14733 -0.15930 0.38199
v 0.19044 -0.15622 0.35058
v 0.22871 -0.15242 0.31179
v 0.26128 -0.14799 0.26663
v 0.28740 -0.14305 0.21623
v 0.30648 -0.13772 0.16181
v 0.31807 -0.13212 0.10466
v 0.32189 -0.12638 0.04615
v 0.31830 -0.12064 -0.01241
v 0.31029 -0.11491 -0.07095
v 0.29934 -0.10902 -0.13100
v 0.27211 -0.10388 -0.18347
v 0.22775 -0.10046 -0.21837
v 0.18136 -0.09797 -0.24377
v 0.13463 -0.09631 -0.26073
v 0.08769 -0.09566 -0.26730
v 0.04274 -0.09567 -0.26729
v 0.00000 -0.09575 -0.26641
v -0.04274 -0.09567 -0.26729
v -0.08769 -0.09566 -0.26730
v -0.13463 -0.09631 -0.26073
v -0.18136 -0.09797 -0.24377
v -0.22775 -0.10046 -0.21837
v -0.27211 -0.10388 -0.18347
v -0.29934 -0.10902 -0.13100
v -0.31029 -0.11491 -0.07095
v -0.31830 -0.12064 -0.01241
v -0.32189 -0.12638 0.04615
v -0.32743 -0.09830 0.04897
v -0.32360 -0.10449 0.10900
v -0.31188 -0.11054 0.16766
v -0.29255 -0.11631 0.22356
v -0.26604 -0.12165 0.27536
v -0.23297 -0.12645 0.32184
v -0.19406 -0.13057 0.36182
v -0.15020 -0.13392 0.39424
v -0.10242 -0.13638 0.41816
v -0.05191 -0.13790 0.43284
v -0.00000 -0.13841 0.43779
v 0.05191 -0.13790 0.43284
v 0.10242 -0.13638 0.41816
v 0.15020 -0.13392 0.39424
v 0.19406 -0.13057 0.36182
v 0.23297 -0.12645 0.32184
v 0.26604 -0.12165 0.27536
v 0.29255 -0.11631 0.22356
v 0.31188 -0.11054 0.16766
v 0.32360 -0.10449 0.10900
v 0.32743 -0.09830 0.04897
v 0.32377 -0.09210 -0.01109
v 0.31576 -0.08590 -0.07119
v 0.30495 -0.07952 -0.13302
v 0.27723 -0.07396 -0.18694
v 0.23167 -0.07031 -0.22238
v 0.18419 -0.06767 -0.24795
v 0.13651 -0.06593 -0.26483
v 0.08875 -0.06529 -0.27096
v 0.04319 -0.06535 -0.27043
v 0.00000 -0.06546 -0.26932
v -0.04319 -0.06535 -0.27043
v -0.08875 -0.06529 -0.27096
v -0.13651 -0.06593 -0.26483
v -0.18419 -0.06767 -0.24795
v -0.23167 -0.07031 -0.22238
v -0.27723 -0.07396 -0.18694
v -0.30495 -0.07952 -0.13302
v -0.31576 -0.08590 -0.07119
v -0.32377 -0.09210 -0.01109
v -0.32743 -0.09830 0.04897
v -0.32992 -0.07021 0.05194
v -0.32617 -0.07687 0.11341
v -0.31447 -0.08338 0.17351
v -0.29506 -0.08959 0.23082
v -0.26843 -0.09535 0.28399
v -0.23517 -0.10052 0.33175
v -0.19599 -0.10498 0.37291
v -0.15177 -0.10860 0.40634
v -0.10353 -0.11128 0.43106
v -0.05249 -0.11292 0.44624
v -0.00000 -0.11348 0.45137
v 0.05249 -0.11292 0.44624
v 0.10353 -0.11128 0.43106
v 0.15177 -0.10860 0.40634
v 0.19599 -0.10498 0.37291
v 0.23517 -0.10052 0.33175
v 0.26843 -0.09535 0.28399
v 0.29506 -0.08959 0.23082
v 0.31447 -0.08338 0.17351
v 0.32617 -0.07687 0.11341
v 0.32992 -0.07021 0.05194
v 0.32616 -0.06356 -0.00952
v 0.31789 -0.05690 -0.07095
v 0.30653 -0.05008 -0.13389
v 0.27854 -0.04413 -0.18884
v 0.23306 -0.04018 -0.22535
v 0.18534 -0.03734 -0.25158
v 0.13724 -0.03550 -0.26852
v 0.08910 -0.03487 -0.27431
v 0.04330 -0.03498 -0.27335
v 0.00000 -0.03512 -0.27204
v -0.04330 -0.03498 -0.27335
v -0.08910 -0.03487 -0.27431
v -0.13724 -0.03550 -0.26852
v -0.18534 -0.03734 -0.25158
v -0.23306 -0.04018 -0.22535
v -0.27854 -0.04413 -0.18884
v -0.30653 -0.05008 -0.13389
v -0.31789 -0.05690 -0.07095
v -0.32616 -0.06356 -0.00952
v -0.32992 -0.07021 0.05194
v -0.33052 -0.04213 0.05506
v -0.32695 -0.04925 0.11779
v -0.31539 -0.05622 0.17920
v -0.29606 -0.06286 0.23780
v -0.26946 -0.06904 0.29223
v -0.23619 -0.07460 0.34119
v -0.19696 -0.07939 0.38347
v -0.15260 -0.08330 0.41788
v -0.10415 -0.08619 0.44337
v -0.05282 -0.08797 0.45906
v -0.00000 -0.08857 0.46435
v 0.05282 -0.08797 0.45906
v 0.10415 -0.08619 0.44337
v 0.15260 -0.08330 0.41788
v 0.19696 -0.07939 0.38347
v 0.23619 -0.07460 0.34119
v 0.26946 -0.06904 0.29223
v 0.29606 -0.06286 0.23780
v 0.31539 -0.05622 0.17920
v 0.32695 -0.04925 0.11779
v 0.33052 -0.04213 0.05506
v 0.32660 -0.03502 -0.00761
v 0.31787 -0.02793 -0.07007
v 0.30538 -0.02074 -0.13345
v 0.27727 -0.01443 -0.18899
v 0.23285 -0.01012 -0.22703
v 0.18554 -0.00702 -0.25433
v 0.13733 -0.00507 -0.27147
v 0.08907 -0.00444 -0.27705
v 0.04325 -0.00459 -0.27576
v 0.00000 -0.00475 -0.27431
v -0.04325 -0.00459 -0.27576
v -0.08907 -0.00444 -0.27705
v -0.13733 -0.00507 -0.27147
v -0.18554 -0.00702 -0.25433
v -0.23285 -0.01012 -0.22703
v -0.27727 -0.01443 -0.18899
v -0.30538 -0.02074 -0.13345
v -0.31787 -0.02793 -0.07007
v -0.32660 -0.03502 -0.00761
v -0.33052 -0.04213 0.05506
v -0.33330 -0.01404 0.05832
v -0.33006 -0.02161 0.12208
v -0.31867 -0.02902 0.18460
v -0.29930 -0.03611 0.24432
v -0.27255 -0.04270 0.29984
v -0.23905 -0.04863 0.34988
v -0.19946 -0.05377 0.39317
v -0.15464 -0.05796 0.42849
v -0.10560 -0.06107 0.45471
v -0.05357 -0.06298 0.47087
v -0.00000 -0.06363 0.47633
v 0.05357 -0.06298 0.47087
v 0.10560 -0.06107 0.45471
v 0.15464 -0.05796 0.42849
v 0.19946 -0.05377 0.39317
v 0.23905 -0.04863 0.34988
v 0.27255 -0.04270 0.29984
v 0.29930 -0.03611 0.24432
v 0.31867 -0.02902 0.18460
v 0.33006 -0.02161 0.12208
v 0.33330 -0.01404 0.05832
v 0.32913 -0.00650 -0.00526
v 0.31979 0.00099 -0.06842
v 0.30578 0.00850 -0.13172
v 0.27740 0.01512 -0.18750
v 0.23419 0.01984 -0.22732
v 0.18719 0.02324 -0.25592
v 0.13857 0.02531 -0.27339
v 0.08983 0.02596 -0.27887
v 0.04360 0.02578 -0.27740
v 0.00000 0.02560 -0.27585
v -0.04360 0.02578 -0.27740
v -0.08983 0.02596 -0.27887
v -0.13857 0.02531 -0.27339
v -0.18719 0.02324 -0.25592
v -0.23419 0.01984 -0.22732
v -0.27740 0.01512 -0.18750
v -0.30578 0.00850 -0.13172
v -0.31979 0.00099 -0.06842
v -0.32913 -0.00650 -0.00526
v -0.33330 -0.01404 0.05832
v -0.33811 0.01404 0.06172
v -0.33544 0.00606 0.12619
v -0.32433 -0.00179 0.18959
v -0.30487 -0.00929 0.25021
v -0.27778 -0.01627 0.30662
v -0.24379 -0.02258 0.35754
v -0.20357 -0.02804 0.40171
v -0.15793 -0.03252 0.43783
v -0.10791 -0.03584 0.46471
v -0.05477 -0.03790 0.48130
v -0.00000 -0.03859 0.48692
v 0.05477 -0.03790 0.48130
v 0.10791 -0.03584 0.46471
v 0.15793 -0.03252 0.43783
v 0.20357 -0.02804 0.40171
v 0.24379 -0.02258 0.35754
v 0.27778 -0.01627 0.30662
v 0.30487 -0.00929 0.25021
v 0.32433 -0.00179 0.18959
v 0.33544 0.00606 0.12619
v 0.33811 0.01404 0.06172
v 0.33356 0.02198 -0.00239
v 0.32370 0.02984 -0.06591
v 0.30820 0.03763 -0.12883
v 0.27943 0.04454 -0.18463
v 0.23728 0.04968 -0.22620
v 0.19033 0.05339 -0.25616
v 0.14097 0.05560 -0.27401
v 0.09138 0.05629 -0.27955
v 0.04435 0.05610 -0.27804
v 0.00000 0.05591 -0.27646
v -0.04435 0.05610 -0.27804
v -0.09138 0.05629 -0.27955
v -0.14097 0.05560 -0.27401
v -0.19033 0.05339 -0.25616
v -0.23728 0.04968 -0.22620
v -0.27943 0.04454 -0.18463
v -0.30820 0.03763 -0.12883
v -0.32370 0.02984 -0.06591
v -0.33356 0.02198 -0.00239
v -0.33811 0.01404 0.06172
v -0.34425 0.04213 0.06527
v -0.34255 0.03377 0.13006
v -0.33195 0.02552 0.19408
v -0.31237 0.01762 0.25535
v -0.28482 0.01026 0.31240
v -0.25014 0.00361 0.36400
v -0.20902 -0.00218 0.40885
v -0.16229 -0.00692 0.44564
v -0.11095 -0.01046 0.47308
v -0.05634 -0.01265 0.49005
v -0.00000 -0.01339 0.49580
v 0.05634 -0.01265 0.49005
v 0.11095 -0.01046 0.47308
v 0.16229 -0.00692 0.44564
v 0.20902 -0.00218 0.40885
v 0.25014 0.00361 0.36400
v 0.28482 0.01026 0.31240
v 0.31237 0.01762 0.25535
v 0.33195 0.02552 0.19408
v 0.34255 0.03377 0.13006
v 0.34425 0.04213 0.06527
v 0.33919 0.05040 0.00111
v 0.32914 0.05860 -0.06245
v 0.31255 0.06665 -0.12492
v 0.28342 0.07384 -0.18065
v 0.24199 0.07939 -0.22372
v 0.19477 0.08341 -0.25488
v 0.14439 0.08577 -0.27315
v 0.09363 0.08651 -0.27888
v 0.04546 0.08632 -0.27748
v 0.00000 0.08613 -0.27594
v -0.04546 0.08632 -0.27748
v -0.09363 0.08651 -0.27888
v -0.14439 0.08577 -0.27315
v -0.19477 0.08341 -0.25488
v -0.24199 0.07939 -0.22372
v -0.28342 0.07384 -0.18065
v -0.31255 0.06665 -0.12492
v -0.32914 0.05860 -0.06245
v -0.33919 0.05040 0.00111
v -0.34425 0.04213 0.06527
v -0.35093 0.07021 0.06896
v -0.35073 0.06154 0.13366
v -0.34097 0.05291 0.19800
v -0.32131 0.04464 0.25964
v -0.29319 0.03694 0.31707
v -0.25769 0.02996 0.36909
v -0.21550 0.02388 0.41443
v -0.16745 0.01888 0.45172
v -0.11456 0.01514 0.47960
v -0.05819 0.01283 0.49688
v -0.00000 0.01204 0.50274
v 0.05819 0.01283 0.49688
v 0.11456 0.01514 0.47960
v 0.16745 0.01888 0.45172
v 0.21550 0.02388 0.41443
v 0.25769 0.02996 0.36909
v 0.29319 0.03694 0.31707
v 0.32131 0.04464 0.25964
v 0.34097 0.05291 0.19800
v 0.35073 0.06154 0.13366
v 0.35093 0.07021 0.06896
v 0.34520 0.07875 0.00528
v 0.33545 0.08724 -0.05798
v 0.31849 0.09556 -0.12004
v 0.28912 0.10302 -0.17569
v 0.24800 0.10895 -0.21989
v 0.20020 0.11325 -0.25198
v 0.14858 0.11576 -0.27067
v 0.09644 0.11657 -0.27673
v 0.04685 0.11642 -0.27559
v 0.00000 0.11623 -0.27415
v -0.04685 0.11642 -0.27559
v -0.09644 0.11657 -0.27673
v -0.14858 0.11576 -0.27067
v -0.20020 0.11325 -0.25198
v -0.24800 0.10895 -0.21989
v -0.28912 0.10302 -0.17569
v -0.31849 0.09556 -0.12004
v -0.33545 0.08724 -0.05798
v -0.34520 0.07875 0.00528
v -0.35093 0.07021 0.06896
v -0.35741 0.09830 0.07280
v -0.35926 0.08932 0.13727
v -0.35071 0.08032 0.20192
v -0.33107 0.07168 0.26393
v -0.30236 0.06363 0.32170
v -0.26594 0.05633 0.37413
v -0.22259 0.04995 0.41993
v -0.17309 0.04469 0.45771
v -0.11850 0.04075 0.48602
v -0.06022 0.03830 0.50360
v -0.00000 0.03747 0.50957
v 0.06022 0.03830 0.50360
v 0.11850 0.04075 0.48602
v 0.17309 0.04469 0.45771
v 0.22259 0.04995 0.41993
v 0.26594 0.05633 0.37413
v 0.30236 0.06363 0.32170
v 0.33107 0.07168 0.26393
v 0.35071 0.08032 0.20192
v 0.35926 0.08932 0.13727
v 0.35741 0.09830 0.07280
v 0.35084 0.10707 0.00984
v 0.34198 0.11583 -0.05310
v 0.32547 0.12447 -0.11510
v 0.29605 0.13224 -0.17091
v 0.25489 0.13852 -0.21600
v 0.20626 0.14309 -0.24886
v 0.15328 0.14577 -0.26805
v 0.09962 0.14668 -0.27459
v 0.04846 0.14657 -0.27385
v 0.00000 0.14640 -0.27258
v -0.04846 0.14657 -0.27385
v -0.09962 0.14668 -0.27459
v -0.15328 0.14577 -0.26805
v -0.20626 0.14309 -0.24886
v -0.25489 0.13852 -0.21600
v -0.29605 0.13224 -0.17091
v -0.32547 0.12447 -0.11510
v -0.34198 0.11583 -0.05310
v -0.35084 0.10707 0.00984
v -0.35741 0.09830 0.07280
v -0.36323 0.12638 0.07679
v -0.36755 0.11707 0.14124
v -0.36052 0.10765 0.20647
v -0.34098 0.09860 0.26914
v -0.31168 0.09017 0.32750
v -0.27435 0.08251 0.38053
v -0.22982 0.07581 0.42699
v -0.17885 0.07026 0.46541
v -0.12252 0.06609 0.49428
v -0.06229 0.06349 0.51224
v -0.00000 0.06261 0.51834
v 0.06229 0.06349 0.51224
v 0.12252 0.06609 0.49428
v 0.17885 0.07026 0.46541
v 0.22982 0.07581 0.42699
v 0.27435 0.08251 0.38053
v 0.31168 0.09017 0.32750
v 0.34098 0.09860 0.26914
v 0.36052 0.10765 0.20647
v 0.36755 0.11707 0.14124
v 0.36323 0.12638 0.07679
v 0.35573 0.13539 0.01441
v 0.34821 0.14447 -0.04848
v 0.33284 0.15350 -0.11098
v 0.30358 0.16165 -0.16741
v 0.26211 0.16829 -0.21341
v 0.21252 0.17316 -0.24707
v 0.15818 0.17602 -0.26691
v 0.10298 0.17706 -0.27411
v 0.05017 0.17703 -0.27391
v 0.00000 0.17688 -0.27284
v -0.05017 0.17703 -0.27391
v -0.10298 0.17706 -0.27411
v -0.15818 0.17602 -0.26691
v -0.21252 0.17316 -0.24707
v -0.26211 0.16829 -0.21341
v -0.30358 0.16165 -0.16741
v -0.33284 0.15350 -0.11098
v -0.34821 0.14447 -0.04848
v -0.35573 0.13539 0.01441
v -0.36323 0.12638 0.07679
v -0.36836 0.15447 0.08091
v -0.37521 0.14479 0.14558
v -0.36974 0.13491 0.21165
v -0.35036 0.12541 0.27518
v -0.32053 0.11656 0.33433
v -0.28235 0.10851 0.38817
v -0.23670 0.10144 0.43544
v -0.18435 0.09557 0.47464
v -0.12637 0.09116 0.50416
v -0.06428 0.08841 0.52256
v -0.00000 0.08747 0.52881
v 0.06428 0.08841 0.52256
v 0.12637 0.09116 0.50416
v 0.18435 0.09557 0.47464
v 0.23670 0.10144 0.43544
v 0.28235 0.10851 0.38817
v 0.32053 0.11656 0.33433
v 0.35036 0.12541 0.27518
v 0.36974 0.13491 0.21165
v 0.37521 0.14479 0.14558
v 0.36836 0.15447 0.08091
v 0.35992 0.16375 0.01888
v 0.35392 0.17319 -0.04422
v 0.34001 0.18267 -0.10761
v 0.31100 0.19125 -0.16497
v 0.26910 0.19827 -0.21192
v 0.21856 0.20343 -0.24644
v 0.16296 0.20653 -0.26711
v 0.10631 0.20773 -0.27513
v 0.05189 0.20779 -0.27558
v 0.00000 0.20767 -0.27477
v -0.05189 0.20779 -0.27558
v -0.10631 0.20773 -0.27513
v -0.16296 0.20653 -0.26711
v -0.21856 0.20343 -0.24644
v -0.26910 0.19827 -0.21192
v -0.31100 0.19125 -0.16497
v -0.34001 0.18267 -0.10761
v -0.35392 0.17319 -0.04422
v -0.35992 0.16375 0.01888
v -0.36836 0.15447 0.08091
v -0.37312 0.18255 0.08519
v -0.38204 0.17247 0.15034
v -0.37783 0.16210 0.21738
v -0.35857 0.15211 0.28192
v -0.32829 0.14281 0.34202
v -0.28939 0.13433 0.39680
v -0.24278 0.12687 0.44501
v -0.18922 0.12068 0.48508
v -0.12979 0.11600 0.51532
v -0.06604 0.11307 0.53420
v -0.00000 0.11208 0.54063
v 0.06604 0.11307 0.53420
v 0.12979 0.11600 0.51532
v 0.18922 0.12068 0.48508
v 0.24278 0.12687 0.44501
v 0.28939 0.13433 0.39680
v 0.32829 0.14281 0.34202
v 0.35857 0.15211 0.28192
v 0.37783 0.16210 0.21738
v 0.38204 0.17247 0.15034
v 0.37312 0.18255 0.08519
v 0.36392 0.19216 0.02312
v 0.35916 0.20200 -0.04047
v 0.34650 0.21197 -0.10492
v 0.31767 0.22101 -0.16334
v 0.27532 0.22843 -0.21128
v 0.22396 0.23392 -0.24675
v 0.16730 0.23726 -0.26838
v 0.10940 0.23866 -0.27739
v 0.05351 0.23885 -0.27860
v 0.00000 0.23877 -0.27809
v -0.05351 0.23885 -0.27860
v -0.10940 0.23866 -0.27739
v -0.16730 0.23726 -0.26838
v -0.22396 0.23392 -0.24675
v -0.27532 0.22843 -0.21128
v -0.31767 0.22101 -0.16334
v -0.34650 0.21197 -0.10492
v -0.35916 0.20200 -0.04047
v -0.36392 0.19216 0.02312
v -0.37312 0.18255 0.08519
v -0.37792 0.21064 0.08961
v -0.38790 0.20010 0.15553
v -0.38431 0.18921 0.22361
v -0.36504 0.17872 0.28920
v -0.33441 0.16895 0.35033
v -0.29496 0.16003 0.40613
v -0.24762 0.15216 0.45534
v -0.19312 0.14560 0.49633
v -0.13253 0.14065 0.52732
v -0.06746 0.13755 0.54670
v -0.00000 0.13649 0.55330
v 0.06746 0.13755 0.54670
v 0.13253 0.14065 0.52732
v 0.19312 0.14560 0.49633
v 0.24762 0.15216 0.45534
v 0.29496 0.16003 0.40613
v 0.33441 0.16895 0.35033
v 0.36504 0.17872 0.28920
v 0.38431 0.18921 0.22361
v 0.38790 0.20010 0.15553
v 0.37792 0.21064 0.08961
v 0.36828 0.22065 0.02701
v 0.36407 0.23094 -0.03734
v 0.35193 0.24141 -0.10282
v 0.32305 0.25091 -0.16226
v 0.28030 0.25873 -0.21119
v 0.22835 0.26457 -0.24767
v 0.17094 0.26820 -0.27041
v 0.11207 0.26982 -0.28052
v 0.05494 0.27016 -0.28262
v 0.00000 0.27013 -0.28244
v -0.05494 0.27016 -0.28262
v -0.11207 0.26982 -0.28052
v -0.17094 0.26820 -0.27041
v -0.22835 0.26457 -0.24767
v -0.28030 0.25873 -0.21119
v -0.32305 0.25091 -0.16226
v -0.35193 0.24141 -0.10282
v -0.36407 0.23094 -0.03734
v -0.36828 0.22065 0.02701
v -0.37792 0.21064 0.08961
v -0.38285 0.23872 0.09417
v -0.39260 0.22767 0.16113
v -0.38878 0.21627 0.23020
v -0.36932 0.20528 0.29681
v -0.33846 0.19502 0.35898
v -0.29869 0.18563 0.41582
v -0.25089 0.17735 0.46603
v -0.19577 0.17043 0.50793
v -0.13441 0.16519 0.53966
v -0.06844 0.16191 0.55952
v -0.00000 0.16080 0.56629
v 0.06844 0.16191 0.55952
v 0.13441 0.16519 0.53966
v 0.19577 0.17043 0.50793
v 0.25089 0.17735 0.46603
v 0.29869 0.18563 0.41582
v 0.33846 0.19502 0.35898
v 0.36932 0.20528 0.29681
v 0.38878 0.21627 0.23020
v 0.39260 0.22767 0.16113
v 0.38285 0.23872 0.09417
v 0.37318 0.24923 0.03052
v 0.36859 0.26001 -0.03480
v 0.35596 0.27096 -0.10114
v 0.32670 0.28091 -0.16144
v 0.28367 0.28914 -0.21131
v 0.23143 0.29534 -0.24885
v 0.17363 0.29929 -0.27279
v 0.11414 0.30116 -0.28414
v 0.05609 0.30167 -0.28720
v 0.00000 0.30170 -0.28739
v -0.05609 0.30167 -0.28720
v -0.11414 0.30116 -0.28414
v -0.17363 0.29929 -0.27279
v -0.23143 0.29534 -0.24885
v -0.28367 0.28914 -0.21131
v -0.32670 0.28091 -0.16144
v -0.35596 0.27096 -0.10114
v -0.36859 0.26001 -0.03480
v -0.37318 0.24923 0.03052
v -0.38285 0.23872 0.09417
v -0.38747 0.26681 0.09888
v -0.39575 0.25520 0.16705
v -0.39090 0.24329 0.23702
v -0.37109 0.23180 0.30453
v -0.34015 0.22106 0.36767
v -0.30029 0.21122 0.42549
v -0.25234 0.20251 0.47664
v -0.19699 0.19524 0.51937
v -0.13530 0.18972 0.55178
v -0.06891 0.18626 0.57208
v -0.00000 0.18508 0.57901
v 0.06891 0.18626 0.57208
v 0.13530 0.18972 0.55178
v 0.19699 0.19524 0.51937
v 0.25234 0.20251 0.47664
v 0.30029 0.21122 0.42549
v 0.34015 0.22106 0.36767
v 0.37109 0.23180 0.30453
v 0.39090 0.24329 0.23702
v 0.39575 0.25520 0.16705
v 0.38747 0.26681 0.09888
v 0.37818 0.27790 0.03373
v 0.37232 0.28920 -0.03270
v 0.35823 0.30060 -0.09965
v 0.32831 0.31097 -0.16056
v 0.28517 0.31960 -0.21129
v 0.23299 0.32618 -0.24991
v 0.17520 0.33047 -0.27511
v 0.11551 0.33262 -0.28777
v 0.05690 0.33332 -0.29187
v 0.00000 0.33342 -0.29247
v -0.05690 0.33332 -0.29187
v -0.11551 0.33262 -0.28777
v -0.17520 0.33047 -0.27511
v -0.23299 0.32618 -0.24991
v -0.28517 0.31960 -0.21129
v -0.32831 0.31097 -0.16056
v -0.35823 0.30060 -0.09965
v -0.37232 0.28920 -0.03270
v -0.37818 0.27790 0.03373
v -0.38747 0.26681 0.09888
v -0.39122 0.29489 0.10373
v -0.39720 0.28272 0.17317
v -0.39078 0.27032 0.24388
v -0.37055 0.25835 0.31212
v -0.33964 0.24713 0.37610
v -0.29992 0.23684 0.43477
v -0.25210 0.22773 0.48672
v -0.19686 0.22011 0.53017
v -0.13524 0.21433 0.56314
v -0.06889 0.21070 0.58382
v -0.00000 0.20946 0.59087
v 0.06889 0.21070 0.58382
v 0.13524 0.21433 0.56314
v 0.19686 0.22011 0.53017
v 0.25210 0.22773 0.48672
v 0.29992 0.23684 0.43477
v 0.33964 0.24713 0.37610
v 0.37055 0.25835 0.31212
v 0.39078 0.27032 0.24388
v 0.39720 0.28272 0.17317
v 0.39122 0.29489 0.10373
v 0.38259 0.30662 0.03685
v 0.37490 0.31847 -0.03072
v 0.35873 0.33027 -0.09801
v 0.32800 0.34102 -0.15930
v 0.28495 0.35005 -0.21079
v 0.23314 0.35701 -0.25046
v 0.17573 0.36165 -0.27694
v 0.11618 0.36411 -0.29095
v 0.05738 0.36502 -0.29614
v 0.00000 0.36520 -0.29716
v -0.05738 0.36502 -0.29614
v -0.11618 0.36411 -0.29095
v -0.17573 0.36165 -0.27694
v -0.23314 0.35701 -0.25046
v -0.28495 0.35005 -0.21079
v -0.32800 0.34102 -0.15930
v -0.35873 0.33027 -0.09801
v -0.37490 0.31847 -0.03072
v -0.38259 0.30662 0.03685
v -0.39122 0.29489 0.10373
v -0.39354 0.32298 0.10873
v -0.39694 0.31023 0.17933
v -0.38880 0.29737 0.25059
v -0.36815 0.28495 0.31937
v -0.33739 0.27329 0.38399
v -0.29797 0.26257 0.44332
v -0.25050 0.25308 0.49589
v -0.19563 0.24515 0.53987
v -0.13441 0.23912 0.57326
v -0.06847 0.23534 0.59421
v -0.00000 0.23405 0.60135
v 0.06847 0.23534 0.59421
v 0.13441 0.23912 0.57326
v 0.19563 0.24515 0.53987
v 0.25050 0.25308 0.49589
v 0.29797 0.26257 0.44332
v 0.33739 0.27329 0.38399
v 0.36815 0.28495 0.31937
v 0.38880 0.29737 0.25059
v 0.39694 0.31023 0.17933
v 0.39354 0.32298 0.10873
v 0.38570 0.33536 0.04013
v 0.37602 0.34775 -0.02847
v 0.35764 0.35992 -0.09590
v 0.32617 0.37102 -0.15738
v 0.28338 0.38043 -0.20949
v 0.23219 0.38776 -0.25014
v 0.17541 0.39277 -0.27786
v 0.11631 0.39554 -0.29324
v 0.05758 0.39668 -0.29954
v 0.00000 0.39694 -0.30099
v -0.05758 0.39668 -0.29954
v -0.11631 0.39554 -0.29324
v -0.17541 0.39277 -0.27786
v -0.23219 0.38776 -0.25014
v -0.28338 0.38043 -0.20949
v -0.32617 0.37102 -0.15738
v -0.35764 0.35992 -0.09590
v -0.37602 0.34775 -0.02847
v -0.38570 0.33536 0.04013
v -0.39354 0.32298 0.10873
v -0.39386 0.35106 0.11387
v -0.39490 0.33778 0.18539
v -0.38520 0.32449 0.25699
v -0.36425 0.31166 0.32609
v -0.33373 0.29958 0.39113
v -0.29472 0.28849 0.45088
v -0.24776 0.27866 0.50382
v -0.19349 0.27043 0.54810
v -0.13294 0.26419 0.58173
v -0.06772 0.26027 0.60282
v -0.00000 0.25894 0.61001
v 0.06772 0.26027 0.60282
v 0.13294 0.26419 0.58173
v 0.19349 0.27043 0.54810
v 0.24776 0.27866 0.50382
v 0.29472 0.28849 0.45088
v 0.33373 0.29958 0.39113
v 0.36425 0.31166 0.32609
v 0.38520 0.32449 0.25699
v 0.39490 0.33778 0.18539
v 0.39386 0.35106 0.11387
v 0.38678 0.36407 0.04382
v 0.37535 0.37696 -0.02559
v 0.35506 0.38948 -0.09300
v 0.32306 0.40090 -0.15452
v 0.28071 0.41067 -0.20712
v 0.23032 0.41837 -0.24863
v 0.17440 0.42374 -0.27753
v 0.11596 0.42684 -0.29423
v 0.05755 0.42822 -0.30162
v 0.00000 0.42856 -0.30351
v -0.05755 0.42822 -0.30162
v -0.11596 0.42684 -0.29423
v -0.17440 0.42374 -0.27753
v -0.23032 0.41837 -0.24863
v -0.28071 0.41067 -0.20712
v -0.32306 0.40090 -0.15452
v -0.35506 0.38948 -0.09300
v -0.37535 0.37696 -0.02559
v -0.38678 0.36407 0.04382
v -0.39386 0.35106 0.11387
v -0.39220 0.37915 0.11916
v -0.39137 0.36539 0.19126
v -0.38049 0.35170 0.26297
v -0.35937 0.33850 0.33216
v -0.32915 0.32606 0.39734
v -0.29062 0.31463 0.45723
v -0.24428 0.30451 0.51026
v -0.19074 0.29605 0.55461
v -0.13103 0.28962 0.58826
v -0.06674 0.28560 0.60936
v -0.00000 0.28422 0.61656
v 0.06674 0.28560 0.60936
v 0.13103 0.28962 0.58826
v 0.19074 0.29605 0.55461
v 0.24428 0.30451 0.51026
v 0.29062 0.31463 0.45723
v 0.32915 0.32606 0.39734
v 0.35937 0.33850 0.33216
v 0.38049 0.35170 0.26297
v 0.39137 0.36539 0.19126
v 0.39220 0.37915 0.11916
v 0.38574 0.39271 0.04809
v 0.37303 0.40606 -0.02183
v 0.35135 0.41889 -0.08909
v 0.31911 0.43062 -0.15054
v 0.27735 0.44072 -0.20347
v 0.22788 0.44878 -0.24570
v 0.17294 0.45450 -0.27566
v 0.11529 0.45792 -0.29360
v 0.05735 0.45953 -0.30205
v 0.00000 0.45997 -0.30435
v -0.05735 0.45953 -0.30205
v -0.11529 0.45792 -0.29360
v -0.17294 0.45450 -0.27566
v -0.22788 0.44878 -0.24570
v -0.27735 0.44072 -0.20347
v -0.31911 0.43062 -0.15054
v -0.35135 0.41889 -0.08909
v -0.37303 0.40606 -0.02183
v -0.38574 0.39271 0.04809
v -0.39220 0.37915 0.11916
v -0.38914 0.40723 0.12459
v -0.38702 0.39306 0.19689
v -0.37537 0.37904 0.26844
v -0.35419 0.36552 0.33744
v -0.32428 0.35277 0.40247
v -0.28624 0.34107 0.46218
v -0.24051 0.33071 0.51502
v -0.18774 0.32206 0.55915
v -0.12894 0.31550 0.59261
v -0.06567 0.31139 0.61357
v -0.00000 0.30999 0.62072
v 0.06567 0.31139 0.61357
v 0.12894 0.31550 0.59261
v 0.18774 0.32206 0.55915
v 0.24051 0.33071 0.51502
v 0.28624 0.34107 0.46218
v 0.32428 0.35277 0.40247
v 0.35419 0.36552 0.33744
v 0.37537 0.37904 0.26844
v 0.38702 0.39306 0.19689
v 0.38914 0.40723 0.12459
v 0.38316 0.42126 0.05301
v 0.36964 0.43500 -0.01706
v 0.34714 0.44812 -0.08402
v 0.31493 0.46013 -0.14527
v 0.27382 0.47053 -0.19835
v 0.22528 0.47891 -0.24111
v 0.17132 0.48496 -0.27197
v 0.11450 0.48870 -0.29104
v 0.05708 0.49055 -0.30047
v 0.00000 0.49107 -0.30316
v -0.05708 0.49055 -0.30047
v -0.11450 0.48870 -0.29104
v -0.17132 0.48496 -0.27197
v -0.22528 0.47891 -0.24111
v -0.27382 0.47053 -0.19835
v -0.31493 0.46013 -0.14527
v -0.34714 0.44812 -0.08402
v -0.36964 0.43500 -0.01706
v -0.38316 0.42126 0.05301
v -0.38914 0.40723 0.12459
v -0.38564 0.43532 0.13017
v -0.38272 0.42088 0.20193
v -0.37060 0.40664 0.27272
v -0.34943 0.39292 0.34095
v -0.31978 0.37999 0.40523
v -0.28214 0.36813 0.46419
v -0.23696 0.35765 0.51629
v -0.18488 0.34891 0.55974
v -0.12693 0.34229 0.59264
v -0.06463 0.33815 0.61323
v -0.00000 0.33673 0.62025
v 0.06463 0.33815 0.61323
v 0.12693 0.34229 0.59264
v 0.18488 0.34891 0.55974
v 0.23696 0.35765 0.51629
v 0.28214 0.36813 0.46419
v 0.31978 0.37999 0.40523
v 0.34943 0.39292 0.34095
v 0.37060 0.40664 0.27272
v 0.38272 0.42088 0.20193
v 0.38564 0.43532 0.13017
v 0.37999 0.44965 0.05892
v 0.36605 0.46364 -0.01064
v 0.34316 0.47696 -0.07683
v 0.31113 0.48915 -0.13745
v 0.27064 0.49977 -0.19024
v 0.22295 0.50840 -0.23312
v 0.16988 0.51472 -0.26456
v 0.11381 0.51874 -0.28452
v 0.05685 0.52080 -0.29478
v 0.00000 0.52141 -0.29781
v -0.05685 0.52080 -0.29478
v -0.11381 0.51874 -0.28452
v -0.16988 0.51472 -0.26456
v -0.22295 0.50840 -0.23312
v -0.27064 0.49977 -0.19024
v -0.31113 0.48915 -0.13745
v -0.34316 0.47696 -0.07683
v -0.36605 0.46364 -0.01064
v -0.37999 0.44965 0.05892
v -0.38564 0.43532 0.13017
v -0.38267 0.46340 0.13589
v -0.37929 0.44886 0.20640
v -0.36690 0.43453 0.27582
v -0.34573 0.42074 0.34266
v -0.31624 0.40776 0.40558
v -0.27887 0.39587 0.46322
v -0.23407 0.38538 0.51405
v -0.18253 0.37665 0.55637
v -0.12525 0.37005 0.58836
v -0.06375 0.36593 0.60836
v -0.00000 0.36452 0.61517
v 0.06375 0.36593 0.60836
v 0.12525 0.37005 0.58836
v 0.18253 0.37665 0.55637
v 0.23407 0.38538 0.51405
v 0.27887 0.39587 0.46322
v 0.31624 0.40776 0.40558
v 0.34573 0.42074 0.34266
v 0.36690 0.43453 0.27582
v 0.37929 0.44886 0.20640
v 0.38267 0.46340 0.13589
v 0.37724 0.47787 0.06576
v 0.36312 0.49198 -0.00260
v 0.34011 0.50537 -0.06752
v 0.30829 0.51765 -0.12703
v 0.26832 0.52838 -0.17906
v 0.22130 0.53717 -0.22163
v 0.16893 0.54370 -0.25328
v 0.11342 0.54794 -0.27385
v 0.05676 0.55019 -0.28477
v 0.00000 0.55088 -0.28809
v -0.05676 0.55019 -0.28477
v -0.11342 0.54794 -0.27385
v -0.16893 0.54370 -0.25328
v -0.22130 0.53717 -0.22163
v -0.26832 0.52838 -0.17906
v -0.30829 0.51765 -0.12703
v -0.34011 0.50537 -0.06752
v -0.36312 0.49198 -0.00260
v -0.37724 0.47787 0.06576
v -0.38267 0.46340 0.13589
v -0.38104 0.49149 0.14176
v -0.37740 0.47694 0.21058
v -0.36483 0.46263 0.27823
v -0.34360 0.44886 0.34332
v -0.31412 0.43592 0.40451
v -0.27682 0.42409 0.46046
v -0.23219 0.41368 0.50971
v -0.18094 0.40503 0.55061
v -0.12409 0.39850 0.58147
v -0.06314 0.39443 0.60073
v -0.00000 0.39304 0.60728
v 0.06314 0.39443 0.60073
v 0.12409 0.39850 0.58147
v 0.18094 0.40503 0.55061
v 0.23219 0.41368 0.50971
v 0.27682 0.42409 0.46046
v 0.31412 0.43592 0.40451
v 0.34360 0.44886 0.34332
v 0.36483 0.46263 0.27823
v 0.37740 0.47694 0.21058
v 0.38104 0.49149 0.14176
v 0.37575 0.50598 0.07324
v 0.36157 0.52009 0.00650
v 0.33852 0.53349 -0.05683
v 0.30686 0.54577 -0.11493
v 0.26722 0.55655 -0.16590
v 0.22063 0.56543 -0.20787
v 0.16871 0.57211 -0.23946
v 0.11349 0.57654 -0.26040
v 0.05689 0.57895 -0.27181
v 0.00000 0.57970 -0.27535
v -0.05689 0.57895 -0.27181
v -0.11349 0.57654 -0.26040
v -0.16871 0.57211 -0.23946
v -0.22063 0.56543 -0.20787
v -0.26722 0.55655 -0.16590
v -0.30686 0.54577 -0.11493
v -0.33852 0.53349 -0.05683
v -0.36157 0.52009 0.00650
v -0.37575 0.50598 0.07324
v -0.38104 0.49149 0.14176
v -0.37899 0.51957 0.14777
v -0.37520 0.50505 0.21480
v -0.36252 0.49079 0.28063
v -0.34125 0.47709 0.34389
v -0.31179 0.46422 0.40328
v -0.27458 0.45248 0.45747
v -0.23014 0.44217 0.50505
v -0.17921 0.43363 0.54448
v -0.12283 0.42720 0.57415
v -0.06247 0.42320 0.59264
v -0.00000 0.42184 0.59893
v 0.06247 0.42320 0.59264
v 0.12283 0.42720 0.57415
v 0.17921 0.43363 0.54448
v 0.23014 0.44217 0.50505
v 0.27458 0.45248 0.45747
v 0.31179 0.46422 0.40328
v 0.34125 0.47709 0.34389
v 0.36252 0.49079 0.28063
v 0.37520 0.50505 0.21480
v 0.37899 0.51957 0.14777
v 0.37381 0.53404 0.08099
v 0.35966 0.54813 0.01596
v 0.33670 0.56149 -0.04574
v 0.30526 0.57377 -0.10239
v 0.26596 0.58456 -0.15221
v 0.21981 0.59350 -0.19348
v 0.16833 0.60030 -0.22487
v 0.11345 0.60489 -0.24605
v 0.05695 0.60744 -0.25783
v 0.00000 0.60825 -0.26155
v -0.05695 0.60744 -0.25783
v -0.11345 0.60489 -0.24605
v -0.16833 0.60030 -0.22487
v -0.21981 0.59350 -0.19348
v -0.26596 0.58456 -0.15221
v -0.30526 0.57377 -0.10239
v -0.33670 0.56149 -0.04574
v -0.35966 0.54813 0.01596
v -0.37381 0.53404 0.08099
v -0.37899 0.51957 0.14777
v -0.36646 0.54766 0.15392
v -0.36268 0.53313 0.21942
v -0.35028 0.51888 0.28369
v -0.32957 0.50520 0.34538
v -0.30093 0.49237 0.40320
v -0.26482 0.48069 0.45585
v -0.22178 0.47047 0.50196
v -0.17256 0.46202 0.54006
v -0.11819 0.45567 0.56867
v -0.06009 0.45173 0.58646
v -0.00000 0.45039 0.59251
v 0.06009 0.45173 0.58646
v 0.11819 0.45567 0.56867
v 0.17256 0.46202 0.54006
v 0.22178 0.47047 0.50196
v 0.26482 0.48069 0.45585
v 0.30093 0.49237 0.40320
v 0.32957 0.50520 0.34538
v 0.35028 0.51888 0.28369
v 0.36268 0.53313 0.21942
v 0.36646 0.54766 0.15392
v 0.36151 0.56214 0.08864
v 0.34784 0.57624 0.02507
v 0.32564 0.58962 -0.03525
v 0.29528 0.60191 -0.09068
v 0.25739 0.61275 -0.13954
v 0.21292 0.62177 -0.18021
v 0.16328 0.62869 -0.21144
v 0.11021 0.63344 -0.23281
v 0.05541 0.63612 -0.24492
v 0.00000 0.63698 -0.24878
v -0.05541 0.63612 -0.24492
v -0.11021 0.63344 -0.23281
v -0.16328 0.62869 -0.21144
v -0.21292 0.62177 -0.18021
v -0.25739 0.61275 -0.13954
v -0.29528 0.60191 -0.09068
v -0.32564 0.58962 -0.03525
v -0.34784 0.57624 0.02507
v -0.36151 0.56214 0.08864
v -0.36646 0.54766 0.15392
v -0.34590 0.57574 0.16023
v -0.34223 0.56110 0.22474
v -0.33042 0.54675 0.28800
v -0.31073 0.53298 0.34865
v -0.28355 0.52010 0.40540
v -0.24933 0.50840 0.45696
v -0.20864 0.49818 0.50198
v -0.16221 0.48976 0.53909
v -0.11102 0.48345 0.56688
v -0.05642 0.47954 0.58414
v -0.00000 0.47821 0.58999
v 0.05642 0.47954 0.58414
v 0.11102 0.48345 0.56688
v 0.16221 0.48976 0.53909
v 0.20864 0.49818 0.50198
v 0.24933 0.50840 0.45696
v 0.28355 0.52010 0.40540
v 0.31073 0.53298 0.34865
v 0.33042 0.54675 0.28800
v 0.34223 0.56110 0.22474
v 0.34590 0.57574 0.16023
v 0.34127 0.59034 0.09590
v 0.32839 0.60456 0.03324
v 0.30745 0.61806 -0.02621
v 0.27885 0.63046 -0.08088
v 0.24317 0.64142 -0.12917
v 0.20132 0.65059 -0.16954
v 0.15457 0.65768 -0.20079
v 0.10448 0.66259 -0.22245
v 0.05258 0.66542 -0.23488
v 0.00000 0.66633 -0.23890
v -0.05258 0.66542 -0.23488
v -0.10448 0.66259 -0.22245
v -0.15457 0.65768 -0.20079
v -0.20132 0.65059 -0.16954
v -0.24317 0.64142 -0.12917
v -0.27885 0.63046 -0.08088
v -0.30745 0.61806 -0.02621
v -0.32839 0.60456 0.03324
v -0.34127 0.59034 0.09590
v -0.34590 0.57574 0.16023
v -0.32369 0.60383 0.16667
v -0.32019 0.58905 0.23036
v -0.30903 0.57456 0.29277
v -0.29048 0.56069 0.35255
v -0.26490 0.54773 0.40838
v -0.23276 0.53598 0.45898
v -0.19461 0.52575 0.50306
v -0.15118 0.51734 0.53929
v -0.10341 0.51106 0.56635
v -0.05252 0.50717 0.58311
v -0.00000 0.50585 0.58880
v 0.05252 0.50717 0.58311
v 0.10341 0.51106 0.56635
v 0.15118 0.51734 0.53929
v 0.19461 0.52575 0.50306
v 0.23276 0.53598 0.45898
v 0.26490 0.54773 0.40838
v 0.29048 0.56069 0.35255
v 0.30903 0.57456 0.29277
v 0.32019 0.58905 0.23036
v 0.32369 0.60383 0.16667
v 0.31941 0.61858 0.10314
v 0.30738 0.63294 0.04125
v 0.28781 0.64658 -0.01749
v 0.26108 0.65912 -0.07154
v 0.22776 0.67022 -0.11936
v 0.18869 0.67953 -0.15949
v 0.14502 0.68679 -0.19077
v 0.09814 0.69188 -0.21267
v 0.04945 0.69483 -0.22540
v 0.00000 0.69579 -0.22954
v -0.04945 0.69483 -0.22540
v -0.09814 0.69188 -0.21267
v -0.14502 0.68679 -0.19077
v -0.18869 0.67953 -0.15949
v -0.22776 0.67022 -0.11936
v -0.26108 0.65912 -0.07154
v -0.28781 0.64658 -0.01749
v -0.30738 0.63294 0.04125
v -0.31941 0.61858 0.10314
v -0.32369 0.60383 0.16667
v -0.30677 0.63191 0.17326
v -0.30339 0.61845 0.23001
v -0.29272 0.60527 0.28557
v -0.27502 0.59265 0.33873
v -0.25065 0.58089 0.38830
v -0.22008 0.57026 0.43314
v -0.18386 0.56101 0.47209
v -0.14271 0.55344 0.50401
v -0.09755 0.54780 0.52779
v -0.04953 0.54431 0.54250
v -0.00000 0.54313 0.54748
v 0.04953 0.54431 0.54250
v 0.09755 0.54780 0.52779
v 0.14271 0.55344 0.50401
v 0.18386 0.56101 0.47209
v 0.22008 0.57026 0.43314
v 0.25065 0.58089 0.38830
v 0.27502 0.59265 0.33873
v 0.29272 0.60527 0.28557
v 0.30339 0.61845 0.23001
v 0.30677 0.63191 0.17326
v 0.30275 0.64535 0.11664
v 0.29137 0.65844 0.06147
v 0.27284 0.67086 0.00910
v 0.24754 0.68230 -0.03911
v 0.21603 0.69244 -0.08183
v 0.17908 0.70097 -0.11779
v 0.13776 0.70766 -0.14599
v 0.09333 0.71239 -0.16590
v 0.04706 0.71516 -0.17759
v 0.00000 0.71607 -0.18142
v -0.04706 0.71516 -0.17759
v -0.09333 0.71239 -0.16590
v -0.13776 0.70766 -0.14599
v -0.17908 0.70097 -0.11779
v -0.21603 0.69244 -0.08183
v -0.24754 0.68230 -0.03911
v -0.27284 0.67086 0.00910
v -0.29137 0.65844 0.06147
v -0.30275 0.64535 0.11664
v -0.30677 0.63191 0.17326
v -0.30042 0.66000 0.18000
v -0.29705 0.64756 0.23185
v -0.28651 0.63539 0.28260
v -0.26907 0.62376 0.33109
v -0.24509 0.61293 0.37625
v -0.21505 0.60316 0.41700
v -0.17952 0.59469 0.45232
v -0.13924 0.58776 0.48118
v -0.09512 0.58262 0.50263
v -0.04827 0.57944 0.51587
v -0.00000 0.57837 0.52035
v 0.04827 0.57944 0.51587
v 0.09512 0.58262 0.50263
v 0.13924 0.58776 0.48118
v 0.17952 0.59469 0.45232
v 0.21505 0.60316 0.41700
v 0.24509 0.61293 0.37625
v 0.26907 0.62376 0.33109
v 0.28651 0.63539 0.28260
v 0.29705 0.64756 0.23185
v 0.30042 0.66000 0.18000
v 0.29652 0.67241 0.12824
v 0.28540 0.68451 0.07780
v 0.26727 0.69600 0.02992
v 0.24252 0.70658 -0.01419
v 0.21171 0.71596 -0.05332
v 0.17559 0.72388 -0.08635
v 0.13517 0.73012 -0.11237
v 0.09166 0.73456 -0.13089
v 0.04625 0.73719 -0.14184
v 0.00000 0.73806 -0.14544
v -0.04625 0.73719 -0.14184
v -0.09166 0.73456 -0.13089
v -0.13517 0.73012 -0.11237
v -0.17559 0.72388 -0.08635
v -0.21171 0.71596 -0.05332
v -0.24252 0.70658 -0.01419
v -0.26727 0.69600 0.02992
v -0.28540 0.68451 0.07780
v -0.29652 0.67241 0.12824
v -0.30042 0.66000 0.18000
v -0.27755 0.75527 0.20285
v -0.27443 0.74378 0.25075
v -0.26470 0.73253 0.29764
v -0.24859 0.72178 0.34244
v -0.22643 0.71178 0.38416
v -0.19868 0.70275 0.42181
v -0.16586 0.69492 0.45444
v -0.12864 0.68853 0.48110
v -0.08788 0.68377 0.50092
v -0.04460 0.68084 0.51316
v -0.00000 0.67985 0.51729
v 0.04460 0.68084 0.51316
v 0.08788 0.68377 0.50092
v 0.12864 0.68853 0.48110
v 0.16586 0.69492 0.45444
v 0.19868 0.70275 0.42181
v 0.22643 0.71178 0.38416
v 0.24859 0.72178 0.34244
v 0.26470 0.73253 0.29764
v 0.27443 0.74378 0.25075
v 0.27755 0.75527 0.20285
v 0.27395 0.76673 0.15503
v 0.26367 0.77791 0.10843
v 0.24693 0.78852 0.06419
v 0.22406 0.79830 0.02344
v 0.19559 0.80697 -0.01271
v 0.16222 0.81428 -0.04322
v 0.12488 0.82005 -0.06727
v 0.08468 0.82415 -0.08437
v 0.04273 0.82658 -0.09449
v 0.00000 0.82738 -0.09782
v -0.04273 0.82658 -0.09449
v -0.08468 0.82415 -0.08437
v -0.12488 0.82005 -0.06727
v -0.16222 0.81428 -0.04322
v -0.19559 0.80697 -0.01271
v -0.22406 0.79830 0.02344
v -0.24693 0.78852 0.06419
v -0.26367 0.77791 0.10843
v -0.27395 0.76673 0.15503
v -0.27755 0.75527 0.20285
v -0.21243 0.83603 0.22222
v -0.21004 0.82723 0.25888
v -0.20259 0.81863 0.29477
v -0.19026 0.81040 0.32906
v -0.17331 0.80274 0.36099
v -0.15206 0.79583 0.38980
v -0.12694 0.78984 0.41478
v -0.09846 0.78495 0.43518
v -0.06726 0.78131 0.45036
v -0.03413 0.77906 0.45972
v -0.00000 0.77830 0.46289
v 0.03413 0.77906 0.45972
v 0.06726 0.78131 0.45036
v 0.09846 0.78495 0.43518
v 0.12694 0.78984 0.41478
v 0.15206 0.79583 0.38980
v 0.17331 0.80274 0.36099
v 0.19026 0.81040 0.32906
v 0.20259 0.81863 0.29477
v 0.21004 0.82723 0.25888
v 0.21243 0.83603 0.22222
v 0.20967 0.84481 0.18562
v 0.20181 0.85336 0.14996
v 0.18899 0.86148 0.11610
v 0.17149 0.86896 0.08491
v 0.14970 0.87560 0.05724
v 0.12416 0.88120 0.03388
v 0.09558 0.88561 0.01548
v 0.06481 0.88875 0.00239
v 0.03271 0.89061 -0.00535
v 0.00000 0.89122 -0.00790
v -0.03271 0.89061 -0.00535
v -0.06481 0.88875 0.00239
v -0.09558 0.88561 0.01548
v -0.12416 0.88120 0.03388
v -0.14970 0.87560 0.05724
v -0.17149 0.86896 0.08491
v -0.18899 0.86148 0.11610
v -0.20181 0.85336 0.14996
v -0.20967 0.84481 0.18562
v -0.21243 0.83603 0.22222
v -0.11497 0.88999 0.23516
v -0.11367 0.88523 0.25500
v -0.10964 0.88057 0.27442
v -0.10297 0.87612 0.29298
v -0.09379 0.87198 0.31026
v -0.08230 0.86824 0.32586
v -0.06870 0.86500 0.33937
v -0.05329 0.86235 0.35042
v -0.03640 0.86038 0.35863
v -0.01847 0.85916 0.36370
v -0.00000 0.85875 0.36541
v 0.01847 0.85916 0.36370
v 0.03640 0.86038 0.35863
v 0.05329 0.86235 0.35042
v 0.06870 0.86500 0.33937
v 0.08230 0.86824 0.32586
v 0.09379 0.87198 0.31026
v 0.10297 0.87612 0.29298
v 0.10964 0.88057 0.27442
v 0.11367 0.88523 0.25500
v 0.11497 0.88999 0.23516
v 0.11347 0.89474 0.21536
v 0.10922 0.89937 0.19605
v 0.10228 0.90377 0.17773
v 0.09281 0.90781 0.16085
v 0.08102 0.91141 0.14588
v 0.06719 0.91444 0.13324
v 0.05173 0.91683 0.12328
v 0.03508 0.91853 0.11619
v 0.01770 0.91953 0.11200
v 0.00000 0.91986 0.11062
v -0.01770 0.91953 0.11200
v -0.03508 0.91853 0.11619
v -0.05173 0.91683 0.12328
v -0.06719 0.91444 0.13324
v -0.08102 0.91141 0.14588
v -0.09281 0.90781 0.16085
v -0.10228 0.90377 0.17773
v -0.10922 0.89937 0.19605
v -0.11347 0.89474 0.21536
v -0.11497 0.88999 0.23516
v -0.00100 0.90894 0.23971
v -0.00099 0.90890 0.23986
v -0.00096 0.90887 0.24001
v -0.00090 0.90883 0.24015
v -0.00082 0.90880 0.24028
v -0.00072 0.90877 0.24040
v -0.00060 0.90875 0.24051
v -0.00046 0.90873 0.24059
v -0.00032 0.90871 0.24066
v -0.00016 0.90870 0.24069
v -0.00000 0.90870 0.24071
v 0.00016 0.90870 0.24069
v 0.00032 0.90871 0.24066
v 0.00046 0.90873 0.24059
v 0.00060 0.90875 0.24051
v 0.00072 0.90877 0.24040
v 0.00082 0.90880 0.24028
v 0.00090 0.90883 0.24015
v 0.00096 0.90887 0.24001
v 0.00099 0.90890 0.23986
v 0.00100 0.90894 0.23971
v 0.00099 0.90898 0.23955
v 0.00095 0.90901 0.23941
v 0.00089 0.90905 0.23927
v 0.00081 0.90908 0.23914
v 0.00071 0.90910 0.23902
v 0.00059 0.90913 0.23892
v 0.00045 0.90915 0.23885
v 0.00031 0.90916 0.23879
v 0.00015 0.90917 0.23876
v 0.00000 0.90917 0.23875
v -0.00015 0.90917 0.23876
v -0.00031 0.90916 0.23879
v -0.00045 0.90915 0.23885
v -0.00059 0.90913 0.23892
v -0.00071 0.90910 0.23902
v -0.00081 0.90908 0.23914
v -0.00089 0.90905 0.23927
v -0.00095 0.90901 0.23941
v -0.00099 0.90898 0.23955
v -0.00100 0.90894 0.23971
vt 0.00000 -0.04800
vt 0.02500 -0.04800
vt 0.05000 -0.04800
vt 0.07500 -0.04800
vt 0.10000 -0.04800
vt 0.12500 -0.04800
vt 0.15000 -0.04800
vt 0.17500 -0.04800
vt 0.20000 -0.04800
vt 0.22500 -0.04800
vt 0.25000 -0.04800
vt 0.27500 -0.04800
vt 0.30000 -0.04800
vt 0.32500 -0.04800
vt 0.35000 -0.04800
vt 0.37500 -0.04800
vt 0.40000 -0.04800
vt 0.42500 -0.04800
vt 0.45000 -0.04800
vt 0.47500 -0.04800
vt 0.50000 -0.04800
vt 0.52500 -0.04800
vt 0.55000 -0.04800
vt 0.57500 -0.04800
vt 0.60000 -0.04800
vt 0.62500 -0.04800
vt 0.65000 -0.04800
vt 0.67500 -0.04800
vt 0.70000 -0.04800
vt 0.72500 -0.04800
vt 0.75000 -0.04800
vt 0.77500 -0.04800
vt 0.80000 -0.04800
vt 0.82500 -0.04800
vt 0.85000 -0.04800
vt 0.87500 -0.04800
vt 0.90000 -0.04800
vt 0.92500 -0.04800
vt 0.95000 -0.04800
vt 0.97500 -0.04800
vt 1.00000 -0.04800
vt 0.00000 -0.04435
vt 0.02500 -0.04435
vt 0.05000 -0.04435
vt 0.07500 -0.04435
vt 0.10000 -0.04435
vt 0.12500 -0.04435
vt 0.15000 -0.04435
vt 0.17500 -0.04435
vt 0.20000 -0.04435
vt 0.22500 -0.04435
vt 0.25000 -0.04435
vt 0.27500 -0.04435
vt 0.30000 -0.04435
vt 0.32500 -0.04435
vt 0.35000 -0.04435
vt 0.37500 -0.04435
vt 0.40000 -0.04435
vt 0.42500 -0.04435
vt 0.45000 -0.04435
vt 0.47500 -0.04435
vt 0.50000 -0.04435
vt 0.52500 -0.04435
vt 0.55000 -0.04435
vt 0.57500 -0.04435
vt 0.60000 -0.04435
vt 0.62500 -0.04435
vt 0.65000 -0.04435
vt 0.67500 -0.04435
vt 0.70000 -0.04435
vt 0.72500 -0.04435
vt 0.75000 -0.04435
vt 0.77500 -0.04435
vt 0.80000 -0.04435
vt 0.82500 -0.04435
vt 0.85000 -0.04435
vt 0.87500 -0.04435
vt 0.90000 -0.04435
vt 0.92500 -0.04435
vt 0.95000 -0.04435
vt 0.97500 -0.04435
vt 1.00000 -0.04435
vt 0.00000 -0.03394
vt 0.02500 -0.03394
vt 0.05000 -0.03394
vt 0.07500 -0.03394
vt 0.10000 -0.03394
vt 0.12500 -0.03394
vt 0.15000 -0.03394
vt 0.17500 -0.03394
vt 0.20000 -0.03394
vt 0.22500 -0.03394
vt 0.25000 -0.03394
vt 0.27500 -0.03394
vt 0.30000 -0.03394
vt 0.32500 -0.03394
vt 0.35000 -0.03394
vt 0.37500 -0.03394
vt 0.40000 -0.03394
vt 0.42500 -0.03394
vt 0.45000 -0.03394
vt 0.47500 -0.03394
vt 0.50000 -0.03394
vt 0.52500 -0.03394
vt 0.55000 -0.03394
vt 0.57500 -0.03394
vt 0.60000 -0.03394
vt 0.62500 -0.03394
vt 0.65000 -0.03394
vt 0.67500 -0.03394
vt 0.70000 -0.03394
vt 0.72500 -0.03394
vt 0.75000 -0.03394
vt 0.77500 -0.03394
vt 0.80000 -0.03394
vt 0.82500 -0.03394
vt 0.85000 -0.03394
vt 0.87500 -0.03394
vt 0.90000 -0.03394
vt 0.92500 -0.03394
vt 0.95000 -0.03394
vt 0.97500 -0.03394
vt 1.00000 -0.03394
vt 0.00000 -0.01837
vt 0.02500 -0.01837
vt 0.05000 -0.01837
vt 0.07500 -0.01837
vt 0.10000 -0.01837
vt 0.12500 -0.01837
vt 0.15000 -0.01837
vt 0.17500 -0.01837
vt 0.20000 -0.01837
vt 0.22500 -0.01837
vt 0.25000 -0.01837
vt 0.27500 -0.01837
vt 0.30000 -0.01837
vt 0.32500 -0.01837
vt 0.35000 -0.01837
vt 0.37500 -0.01837
vt 0.40000 -0.01837
vt 0.42500 -0.01837
vt 0.45000 -0.01837
vt 0.47500 -0.01837
vt 0.50000 -0.01837
vt 0.52500 -0.01837
vt 0.55000 -0.01837
vt 0.57500 -0.01837
vt 0.60000 -0.01837
vt 0.62500 -0.01837
vt 0.65000 -0.01837
vt 0.67500 -0.01837
vt 0.70000 -0.01837
vt 0.72500 -0.01837
vt 0.75000 -0.01837
vt 0.77500 -0.01837
vt 0.80000 -0.01837
vt 0.82500 -0.01837
vt 0.85000 -0.01837
vt 0.87500 -0.01837
vt 0.90000 -0.01837
vt 0.92500 -0.01837
vt 0.95000 -0.01837
vt 0.97500 -0.01837
vt 1.00000 -0.01837
vt 0.00000 0.00000
vt 0.02500 0.00000
vt 0.05000 0.00000
vt 0.07500 0.00000
vt 0.10000 0.00000
vt 0.12500 0.00000
vt 0.15000 0.00000
vt 0.17500 0.00000
vt 0.20000 0.00000
vt 0.22500 0.00000
vt 0.25000 0.00000
vt 0.27500 0.00000
vt 0.30000 0.00000
vt 0.32500 0.00000
vt 0.35000 0.00000
vt 0.37500 0.00000
vt 0.40000 0.00000
vt 0.42500 0.00000
vt 0.45000 0.00000
vt 0.47500 0.00000
vt 0.50000 0.00000
vt 0.52500 0.00000
vt 0.55000 0.00000
vt 0.57500 0.00000
vt 0.60000 0.00000
vt 0.62500 0.00000
vt 0.65000 0.00000
vt 0.67500 0.00000
vt 0.70000 0.00000
vt 0.72500 0.00000
vt 0.75000 0.00000
vt 0.77500 0.00000
vt 0.80000 0.00000
vt 0.82500 0.00000
vt 0.85000 0.00000
vt 0.87500 0.00000
vt 0.90000 0.00000
vt 0.92500 0.00000
vt 0.95000 0.00000
vt 0.97500 0.00000
vt 1.00000 0.00000
vt 0.00000 0.01404
vt 0.02500 0.01404
vt 0.05000 0.01404
vt 0.07500 0.01404
vt 0.10000 0.01404
vt 0.12500 0.01404
vt 0.15000 0.01404
vt 0.17500 0.01404
vt 0.20000 0.01404
vt 0.22500 0.01404
vt 0.25000 0.01404
vt 0.27500 0.01404
vt 0.30000 0.01404
vt 0.32500 0.01404
vt 0.35000 0.01404
vt 0.37500 0.01404
vt 0.40000 0.01404
vt 0.42500 0.01404
vt 0.45000 0.01404
vt 0.47500 0.01404
vt 0.50000 0.01404
vt 0.52500 0.01404
vt 0.55000 0.01404
vt 0.57500 0.01404
vt 0.60000 0.01404
vt 0.62500 0.01404
vt 0.65000 0.01404
vt 0.67500 0.01404
vt 0.70000 0.01404
vt 0.72500 0.01404
vt 0.75000 0.01404
vt 0.77500 0.01404
vt 0.80000 0.01404
vt 0.82500 0.01404
vt 0.85000 0.01404
vt 0.87500 0.01404
vt 0.90000 0.01404
vt 0.92500 0.01404
vt 0.95000 0.01404
vt 0.97500 0.01404
vt 1.00000 0.01404
vt 0.00000 0.02809
vt 0.02500 0.02809
vt 0.05000 0.02809
vt 0.07500 0.02809
vt 0.10000 0.02809
vt 0.12500 0.02809
vt 0.15000 0.02809
vt 0.17500 0.02809
vt 0.20000 0.02809
vt 0.22500 0.02809
vt 0.25000 0.02809
vt 0.27500 0.02809
vt 0.30000 0.02809
vt 0.32500 0.02809
vt 0.35000 0.02809
vt 0.37500 0.02809
vt 0.40000 0.02809
vt 0.42500 0.02809
vt 0.45000 0.02809
vt 0.47500 0.02809
vt 0.50000 0.02809
vt 0.52500 0.02809
vt 0.55000 0.02809
vt 0.57500 0.02809
vt 0.60000 0.02809
vt 0.62500 0.02809
vt 0.65000 0.02809
vt 0.67500 0.02809
vt 0.70000 0.02809
vt 0.72500 0.02809
vt 0.75000 0.02809
vt 0.77500 0.02809
vt 0.80000 0.02809
vt 0.82500 0.02809
vt 0.85000 0.02809
vt 0.87500 0.02809
vt 0.90000 0.02809
vt 0.92500 0.02809
vt 0.95000 0.02809
vt 0.97500 0.02809
vt 1.00000 0.02809
vt 0.00000 0.04213
vt 0.02500 0.04213
vt 0.05000 0.04213
vt 0.07500 0.04213
vt 0.10000 0.04213
vt 0.12500 0.04213
vt 0.15000 0.04213
vt 0.17500 0.04213
vt 0.20000 0.04213
vt 0.22500 0.04213
vt 0.25000 0.04213
vt 0.27500 0.04213
vt 0.30000 0.04213
vt 0.32500 0.04213
vt 0.35000 0.04213
vt 0.37500 0.04213
vt 0.40000 0.04213
vt 0.42500 0.04213
vt 0.45000 0.04213
vt 0.47500 0.04213
vt 0.50000 0.04213
vt 0.52500 0.04213
vt 0.55000 0.04213
vt 0.57500 0.04213
vt 0.60000 0.04213
vt 0.62500 0.04213
vt 0.65000 0.04213
vt 0.67500 0.04213
vt 0.70000 0.04213
vt 0.72500 0.04213
vt 0.75000 0.04213
vt 0.77500 0.04213
vt 0.80000 0.04213
vt 0.82500 0.04213
vt 0.85000 0.04213
vt 0.87500 0.04213
vt 0.90000 0.04213
vt 0.92500 0.04213
vt 0.95000 0.04213
vt 0.97500 0.04213
vt 1.00000 0.04213
vt 0.00000 0.05617
vt 0.02500 0.05617
vt 0.05000 0.05617
vt 0.07500 0.05617
vt 0.10000 0.05617
vt 0.12500 0.05617
vt 0.15000 0.05617
vt 0.17500 0.05617
vt 0.20000 0.05617
vt 0.22500 0.05617
vt 0.25000 0.05617
vt 0.27500 0.05617
vt 0.30000 0.05617
vt 0.32500 0.05617
vt 0.35000 0.05617
vt 0.37500 0.05617
vt 0.40000 0.05617
vt 0.42500 0.05617
vt 0.45000 0.05617
vt 0.47500 0.05617
vt 0.50000 0.05617
vt 0.52500 0.05617
vt 0.55000 0.05617
vt 0.57500 0.05617
vt 0.60000 0.05617
vt 0.62500 0.05617
vt 0.65000 0.05617
vt 0.67500 0.05617
vt 0.70000 0.05617
vt 0.72500 0.05617
vt 0.75000 0.05617
vt 0.77500 0.05617
vt 0.80000 0.05617
vt 0.82500 0.05617
vt 0.85000 0.05617
vt 0.87500 0.05617
vt 0.90000 0.05617
vt 0.92500 0.05617
vt 0.95000 0.05617
vt 0.97500 0.05617
vt 1.00000 0.05617
vt 0.00000 0.07022
vt 0.02500 0.07022
vt 0.05000 0.07022
vt 0.07500 0.07022
vt 0.10000 0.07022
vt 0.12500 0.07022
vt 0.15000 0.07022
vt 0.17500 0.07022
vt 0.20000 0.07022
vt 0.22500 0.07022
vt 0.25000 0.07022
vt 0.27500 0.07022
vt 0.30000 0.07022
vt 0.32500 0.07022
vt 0.35000 0.07022
vt 0.37500 0.07022
vt 0.40000 0.07022
vt 0.42500 0.07022
vt 0.45000 0.07022
vt 0.47500 0.07022
vt 0.50000 0.07022
vt 0.52500 0.07022
vt 0.55000 0.07022
vt 0.57500 0.07022
vt 0.60000 0.07022
vt 0.62500 0.07022
vt 0.65000 0.07022
vt 0.67500 0.07022
vt 0.70000 0.07022
vt 0.72500 0.07022
vt 0.75000 0.07022
vt 0.77500 0.07022
vt 0.80000 0.07022
vt 0.82500 0.07022
vt 0.85000 0.07022
vt 0.87500 0.07022
vt 0.90000 0.07022
vt 0.92500 0.07022
vt 0.95000 0.07022
vt 0.97500 0.07022
vt 1.00000 0.07022
vt 0.00000 0.08427
vt 0.02500 0.08427
vt 0.05000 0.08427
vt 0.07500 0.08427
vt 0.10000 0.08427
vt 0.12500 0.08427
vt 0.15000 0.08427
vt 0.17500 0.08427
vt 0.20000 0.08427
vt 0.22500 0.08427
vt 0.25000 0.08427
vt 0.27500 0.08427
vt 0.30000 0.08427
vt 0.32500 0.08427
vt 0.35000 0.08427
vt 0.37500 0.08427
vt 0.40000 0.08427
vt 0.42500 0.08427
vt 0.45000 0.08427
vt 0.47500 0.08427
vt 0.50000 0.08427
vt 0.52500 0.08427
vt 0.55000 0.08427
vt 0.57500 0.08427
vt 0.60000 0.08427
vt 0.62500 0.08427
vt 0.65000 0.08427
vt 0.67500 0.08427
vt 0.70000 0.08427
vt 0.72500 0.08427
vt 0.75000 0.08427
vt 0.77500 0.08427
vt 0.80000 0.08427
vt 0.82500 0.08427
vt 0.85000 0.08427
vt 0.87500 0.08427
vt 0.90000 0.08427
vt 0.92500 0.08427
vt 0.95000 0.08427
vt 0.97500 0.08427
vt 1.00000 0.08427
vt 0.00000 0.09832
vt 0.02500 0.09832
vt 0.05000 0.09832
vt 0.07500 0.09832
vt 0.10000 0.09832
vt 0.12500 0.09832
vt 0.15000 0.09832
vt 0.17500 0.09832
vt 0.20000 0.09832
vt 0.22500 0.09832
vt 0.25000 0.09832
vt 0.27500 0.09832
vt 0.30000 0.09832
vt 0.32500 0.09832
vt 0.35000 0.09832
vt 0.37500 0.09832
vt 0.40000 0.09832
vt 0.42500 0.09832
vt 0.45000 0.09832
vt 0.47500 0.09832
vt 0.50000 0.09832
vt 0.52500 0.09832
vt 0.55000 0.09832
vt 0.57500 0.09832
vt 0.60000 0.09832
vt 0.62500 0.09832
vt 0.65000 0.09832
vt 0.67500 0.09832
vt 0.70000 0.09832
vt 0.72500 0.09832
vt 0.75000 0.09832
vt 0.77500 0.09832
vt 0.80000 0.09832
vt 0.82500 0.09832
vt 0.85000 0.09832
vt 0.87500 0.09832
vt 0.90000 0.09832
vt 0.92500 0.09832
vt 0.95000 0.09832
vt 0.97500 0.09832
vt 1.00000 0.09832
vt 0.00000 0.11237
vt 0.02500 0.11237
vt 0.05000 0.11237
vt 0.07500 0.11237
vt 0.10000 0.11237
vt 0.12500 0.11237
vt 0.15000 0.11237
vt 0.17500 0.11237
vt 0.20000 0.11237
vt 0.22500 0.11237
vt 0.25000 0.11237
vt 0.27500 0.11237
vt 0.30000 0.11237
vt 0.32500 0.11237
vt 0.35000 0.11237
vt 0.37500 0.11237
vt 0.40000 0.11237
vt 0.42500 0.11237
vt 0.45000 0.11237
vt 0.47500 0.11237
vt 0.50000 0.11237
vt 0.52500 0.11237
vt 0.55000 0.11237
vt 0.57500 0.11237
vt 0.60000 0.11237
vt 0.62500 0.11237
vt 0.65000 0.11237
vt 0.67500 0.11237
vt 0.70000 0.11237
vt 0.72500 0.11237
vt 0.75000 0.11237
vt 0.77500 0.11237
vt 0.80000 0.11237
vt 0.82500 0.11237
vt 0.85000 0.11237
vt 0.87500 0.11237
vt 0.90000 0.11237
vt 0.92500 0.11237
vt 0.95000 0.11237
vt 0.97500 0.11237
vt 1.00000 0.11237
vt 0.00000 0.12643
vt 0.02500 0.12643
vt 0.05000 0.12643
vt 0.07500 0.12643
vt 0.10000 0.12643
vt 0.12500 0.12643
vt 0.15000 0.12643
vt 0.17500 0.12643
vt 0.20000 0.12643
vt 0.22500 0.12643
vt 0.25000 0.12643
vt 0.27500 0.12643
vt 0.30000 0.12643
vt 0.32500 0.12643
vt 0.35000 0.12643
vt 0.37500 0.12643
vt 0.40000 0.12643
vt 0.42500 0.12643
vt 0.45000 0.12643
vt 0.47500 0.12643
vt 0.50000 0.12643
vt 0.52500 0.12643
vt 0.55000 0.12643
vt 0.57500 0.12643
vt 0.60000 0.12643
vt 0.62500 0.12643
vt 0.65000 0.12643
vt 0.67500 0.12643
vt 0.70000 0.12643
vt 0.72500 0.12643
vt 0.75000 0.12643
vt 0.77500 0.12643
vt 0.80000 0.12643
vt 0.82500 0.12643
vt 0.85000 0.12643
vt 0.87500 0.12643
vt 0.90000 0.12643
vt 0.92500 0.12643
vt 0.95000 0.12643
vt 0.97500 0.12643
vt 1.00000 0.12643
vt 0.00000 0.14049
vt 0.02500 0.14049
vt 0.05000 0.14049
vt 0.07500 0.14049
vt 0.10000 0.14049
vt 0.12500 0.14049
vt 0.15000 0.14049
vt 0.17500 0.14049
vt 0.20000 0.14049
vt 0.22500 0.14049
vt 0.25000 0.14049
vt 0.27500 0.14049
vt 0.30000 0.14049
vt 0.32500 0.14049
vt 0.35000 0.14049
vt 0.37500 0.14049
vt 0.40000 0.14049
vt 0.42500 0.14049
vt 0.45000 0.14049
vt 0.47500 0.14049
vt 0.50000 0.14049
vt 0.52500 0.14049
vt 0.55000 0.14049
vt 0.57500 0.14049
vt 0.60000 0.14049
vt 0.62500 0.14049
vt 0.65000 0.14049
vt 0.67500 0.14049
vt 0.70000 0.14049
vt 0.72500 0.14049
vt 0.75000 0.14049
vt 0.77500 0.14049
vt 0.80000 0.14049
vt 0.82500 0.14049
vt 0.85000 0.14049
vt 0.87500 0.14049
vt 0.90000 0.14049
vt 0.92500 0.14049
vt 0.95000 0.14049
vt 0.97500 0.14049
vt 1.00000 0.14049
vt 0.00000 0.15455
vt 0.02500 0.15455
vt 0.05000 0.15455
vt 0.07500 0.15455
vt 0.10000 0.15455
vt 0.12500 0.15455
vt 0.15000 0.15455
vt 0.17500 0.15455
vt 0.20000 0.15455
vt 0.22500 0.15455
vt 0.25000 0.15455
vt 0.27500 0.15455
vt 0.30000 0.15455
vt 0.32500 0.15455
vt 0.35000 0.15455
vt 0.37500 0.15455
vt 0.40000 0.15455
vt 0.42500 0.15455
vt 0.45000 0.15455
vt 0.47500 0.15455
vt 0.50000 0.15455
vt 0.52500 0.15455
vt 0.55000 0.15455
vt 0.57500 0.15455
vt 0.60000 0.15455
vt 0.62500 0.15455
vt 0.65000 0.15455
vt 0.67500 0.15455
vt 0.70000 0.15455
vt 0.72500 0.15455
vt 0.75000 0.15455
vt 0.77500 0.15455
vt 0.80000 0.15455
vt 0.82500 0.15455
vt 0.85000 0.15455
vt 0.87500 0.15455
vt 0.90000 0.15455
vt 0.92500 0.15455
vt 0.95000 0.15455
vt 0.97500 0.15455
vt 1.00000 0.15455
vt 0.00000 0.16862
vt 0.02500 0.16862
vt 0.05000 0.16862
vt 0.07500 0.16862
vt 0.10000 0.16862
vt 0.12500 0.16862
vt 0.15000 0.16862
vt 0.17500 0.16862
vt 0.20000 0.16862
vt 0.22500 0.16862
vt 0.25000 0.16862
vt 0.27500 0.16862
vt 0.30000 0.16862
vt 0.32500 0.16862
vt 0.35000 0.16862
vt 0.37500 0.16862
vt 0.40000 0.16862
vt 0.42500 0.16862
vt 0.45000 0.16862
vt 0.47500 0.16862
vt 0.50000 0.16862
vt 0.52500 0.16862
vt 0.55000 0.16862
vt 0.57500 0.16862
vt 0.60000 0.16862
vt 0.62500 0.16862
vt 0.65000 0.16862
vt 0.67500 0.16862
vt 0.70000 0.16862
vt 0.72500 0.16862
vt 0.75000 0.16862
vt 0.77500 0.16862
vt 0.80000 0.16862
vt 0.82500 0.16862
vt 0.85000 0.16862
vt 0.87500 0.16862
vt 0.90000 0.16862
vt 0.92500 0.16862
vt 0.95000 0.16862
vt 0.97500 0.16862
vt 1.00000 0.16862
vt 0.00000 0.18269
vt 0.02500 0.18269
vt 0.05000 0.18269
vt 0.07500 0.18269
vt 0.10000 0.18269
vt 0.12500 0.18269
vt 0.15000 0.18269
vt 0.17500 0.18269
vt 0.20000 0.18269
vt 0.22500 0.18269
vt 0.25000 0.18269
vt 0.27500 0.18269
vt 0.30000 0.18269
vt 0.32500 0.18269
vt 0.35000 0.18269
vt 0.37500 0.18269
vt 0.40000 0.18269
vt 0.42500 0.18269
vt 0.45000 0.18269
vt 0.47500 0.18269
vt 0.50000 0.18269
vt 0.52500 0.18269
vt 0.55000 0.18269
vt 0.57500 0.18269
vt 0.60000 0.18269
vt 0.62500 0.18269
vt 0.65000 0.18269
vt 0.67500 0.18269
vt 0.70000 0.18269
vt 0.72500 0.18269
vt 0.75000 0.18269
vt 0.77500 0.18269
vt 0.80000 0.18269
vt 0.82500 0.18269
vt 0.85000 0.18269
vt 0.87500 0.18269
vt 0.90000 0.18269
vt 0.92500 0.18269
vt 0.95000 0.18269
vt 0.97500 0.18269
vt 1.00000 0.18269
vt 0.00000 0.19677
vt 0.02500 0.19677
vt 0.05000 0.19677
vt 0.07500 0.19677
vt 0.10000 0.19677
vt 0.12500 0.19677
vt 0.15000 0.19677
vt 0.17500 0.19677
vt 0.20000 0.19677
vt 0.22500 0.19677
vt 0.25000 0.19677
vt 0.27500 0.19677
vt 0.30000 0.19677
vt 0.32500 0.19677
vt 0.35000 0.19677
vt 0.37500 0.19677
vt 0.40000 0.19677
vt 0.42500 0.19677
vt 0.45000 0.19677
vt 0.47500 0.19677
vt 0.50000 0.19677
vt 0.52500 0.19677
vt 0.55000 0.19677
vt 0.57500 0.19677
vt 0.60000 0.19677
vt 0.62500 0.19677
vt 0.65000 0.19677
vt 0.67500 0.19677
vt 0.70000 0.19677
vt 0.72500 0.19677
vt 0.75000 0.19677
vt 0.77500 0.19677
vt 0.80000 0.19677
vt 0.82500 0.19677
vt 0.85000 0.19677
vt 0.87500 0.19677
vt 0.90000 0.19677
vt 0.92500 0.19677
vt 0.95000 0.19677
vt 0.97500 0.19677
vt 1.00000 0.19677
vt 0.00000 0.21085
vt 0.02500 0.21085
vt 0.05000 0.21085
vt 0.07500 0.21085
vt 0.10000 0.21085
vt 0.12500 0.21085
vt 0.15000 0.21085
vt 0.17500 0.21085
vt 0.20000 0.21085
vt 0.22500 0.21085
vt 0.25000 0.21085
vt 0.27500 0.21085
vt 0.30000 0.21085
vt 0.32500 0.21085
vt 0.35000 0.21085
vt 0.37500 0.21085
vt 0.40000 0.21085
vt 0.42500 0.21085
vt 0.45000 0.21085
vt 0.47500 0.21085
vt 0.50000 0.21085
vt 0.52500 0.21085
vt 0.55000 0.21085
vt 0.57500 0.21085
vt 0.60000 0.21085
vt 0.62500 0.21085
vt 0.65000 0.21085
vt 0.67500 0.21085
vt 0.70000 0.21085
vt 0.72500 0.21085
vt 0.75000 0.21085
vt 0.77500 0.21085
vt 0.80000 0.21085
vt 0.82500 0.21085
vt 0.85000 0.21085
vt 0.87500 0.21085
vt 0.90000 0.21085
vt 0.92500 0.21085
vt 0.95000 0.21085
vt 0.97500 0.21085
vt 1.00000 0.21085
vt 0.00000 0.22494
vt 0.02500 0.22494
vt 0.05000 0.22494
vt 0.07500 0.22494
vt 0.10000 0.22494
vt 0.12500 0.22494
vt 0.15000 0.22494
vt 0.17500 0.22494
vt 0.20000 0.22494
vt 0.22500 0.22494
vt 0.25000 0.22494
vt 0.27500 0.22494
vt 0.30000 0.22494
vt 0.32500 0.22494
vt 0.35000 0.22494
vt 0.37500 0.22494
vt 0.40000 0.22494
vt 0.42500 0.22494
vt 0.45000 0.22494
vt 0.47500 0.22494
vt 0.50000 0.22494
vt 0.52500 0.22494
vt 0.55000 0.22494
vt 0.57500 0.22494
vt 0.60000 0.22494
vt 0.62500 0.22494
vt 0.65000 0.22494
vt 0.67500 0.22494
vt 0.70000 0.22494
vt 0.72500 0.22494
vt 0.75000 0.22494
vt 0.77500 0.22494
vt 0.80000 0.22494
vt 0.82500 0.22494
vt 0.85000 0.22494
vt 0.87500 0.22494
vt 0.90000 0.22494
vt 0.92500 0.22494
vt 0.95000 0.22494
vt 0.97500 0.22494
vt 1.00000 0.22494
vt 0.00000 0.23903
vt 0.02500 0.23903
vt 0.05000 0.23903
vt 0.07500 0.23903
vt 0.10000 0.23903
vt 0.12500 0.23903
vt 0.15000 0.23903
vt 0.17500 0.23903
vt 0.20000 0.23903
vt 0.22500 0.23903
vt 0.25000 0.23903
vt 0.27500 0.23903
vt 0.30000 0.23903
vt 0.32500 0.23903
vt 0.35000 0.23903
vt 0.37500 0.23903
vt 0.40000 0.23903
vt 0.42500 0.23903
vt 0.45000 0.23903
vt 0.47500 0.23903
vt 0.50000 0.23903
vt 0.52500 0.23903
vt 0.55000 0.23903
vt 0.57500 0.23903
vt 0.60000 0.23903
vt 0.62500 0.23903
vt 0.65000 0.23903
vt 0.67500 0.23903
vt 0.70000 0.23903
vt 0.72500 0.23903
vt 0.75000 0.23903
vt 0.77500 0.23903
vt 0.80000 0.23903
vt 0.82500 0.23903
vt 0.85000 0.23903
vt 0.87500 0.23903
vt 0.90000 0.23903
vt 0.92500 0.23903
vt 0.95000 0.23903
vt 0.97500 0.23903
vt 1.00000 0.23903
vt 0.00000 0.25313
vt 0.02500 0.25313
vt 0.05000 0.25313
vt 0.07500 0.25313
vt 0.10000 0.25313
vt 0.12500 0.25313
vt 0.15000 0.25313
vt 0.17500 0.25313
vt 0.20000 0.25313
vt 0.22500 0.25313
vt 0.25000 0.25313
vt 0.27500 0.25313
vt 0.30000 0.25313
vt 0.32500 0.25313
vt 0.35000 0.25313
vt 0.37500 0.25313
vt 0.40000 0.25313
vt 0.42500 0.25313
vt 0.45000 0.25313
vt 0.47500 0.25313
vt 0.50000 0.25313
vt 0.52500 0.25313
vt 0.55000 0.25313
vt 0.57500 0.25313
vt 0.60000 0.25313
vt 0.62500 0.25313
vt 0.65000 0.25313
vt 0.67500 0.25313
vt 0.70000 0.25313
vt 0.72500 0.25313
vt 0.75000 0.25313
vt 0.77500 0.25313
vt 0.80000 0.25313
vt 0.82500 0.25313
vt 0.85000 0.25313
vt 0.87500 0.25313
vt 0.90000 0.25313
vt 0.92500 0.25313
vt 0.95000 0.25313
vt 0.97500 0.25313
vt 1.00000 0.25313
vt 0.00000 0.26723
vt 0.02500 0.26723
vt 0.05000 0.26723
vt 0.07500 0.26723
vt 0.10000 0.26723
vt 0.12500 0.26723
vt 0.15000 0.26723
vt 0.17500 0.26723
vt 0.20000 0.26723
vt 0.22500 0.26723
vt 0.25000 0.26723
vt 0.27500 0.26723
vt 0.30000 0.26723
vt 0.32500 0.26723
vt 0.35000 0.26723
vt 0.37500 0.26723
vt 0.40000 0.26723
vt 0.42500 0.26723
vt 0.45000 0.26723
vt 0.47500 0.26723
vt 0.50000 0.26723
vt 0.52500 0.26723
vt 0.55000 0.26723
vt 0.57500 0.26723
vt 0.60000 0.26723
vt 0.62500 0.26723
vt 0.65000 0.26723
vt 0.67500 0.26723
vt 0.70000 0.26723
vt 0.72500 0.26723
vt 0.75000 0.26723
vt 0.77500 0.26723
vt 0.80000 0.26723
vt 0.82500 0.26723
vt 0.85000 0.26723
vt 0.87500 0.26723
vt 0.90000 0.26723
vt 0.92500 0.26723
vt 0.95000 0.26723
vt 0.97500 0.26723
vt 1.00000 0.26723
vt 0.00000 0.28135
vt 0.02500 0.28135
vt 0.05000 0.28135
vt 0.07500 0.28135
vt 0.10000 0.28135
vt 0.12500 0.28135
vt 0.15000 0.28135
vt 0.17500 0.28135
vt 0.20000 0.28135
vt 0.22500 0.28135
vt 0.25000 0.28135
vt 0.27500 0.28135
vt 0.30000 0.28135
vt 0.32500 0.28135
vt 0.35000 0.28135
vt 0.37500 0.28135
vt 0.40000 0.28135
vt 0.42500 0.28135
vt 0.45000 0.28135
vt 0.47500 0.28135
vt 0.50000 0.28135
vt 0.52500 0.28135
vt 0.55000 0.28135
vt 0.57500 0.28135
vt 0.60000 0.28135
vt 0.62500 0.28135
vt 0.65000 0.28135
vt 0.67500 0.28135
vt 0.70000 0.28135
vt 0.72500 0.28135
vt 0.75000 0.28135
vt 0.77500 0.28135
vt 0.80000 0.28135
vt 0.82500 0.28135
vt 0.85000 0.28135
vt 0.87500 0.28135
vt 0.90000 0.28135
vt 0.92500 0.28135
vt 0.95000 0.28135
vt 0.97500 0.28135
vt 1.00000 0.28135
vt 0.00000 0.29547
vt 0.02500 0.29547
vt 0.05000 0.29547
vt 0.07500 0.29547
vt 0.10000 0.29547
vt 0.12500 0.29547
vt 0.15000 0.29547
vt 0.17500 0.29547
vt 0.20000 0.29547
vt 0.22500 0.29547
vt 0.25000 0.29547
vt 0.27500 0.29547
vt 0.30000 0.29547
vt 0.32500 0.29547
vt 0.35000 0.29547
vt 0.37500 0.29547
vt 0.40000 0.29547
vt 0.42500 0.29547
vt 0.45000 0.29547
vt 0.47500 0.29547
vt 0.50000 0.29547
vt 0.52500 0.29547
vt 0.55000 0.29547
vt 0.57500 0.29547
vt 0.60000 0.29547
vt 0.62500 0.29547
vt 0.65000 0.29547
vt 0.67500 0.29547
vt 0.70000 0.29547
vt 0.72500 0.29547
vt 0.75000 0.29547
vt 0.77500 0.29547
vt 0.80000 0.29547
vt 0.82500 0.29547
vt 0.85000 0.29547
vt 0.87500 0.29547
vt 0.90000 0.29547
vt 0.92500 0.29547
vt 0.95000 0.29547
vt 0.97500 0.29547
vt 1.00000 0.29547
vt 0.00000 0.30960
vt 0.02500 0.30960
vt 0.05000 0.30960
vt 0.07500 0.30960
vt 0.10000 0.30960
vt 0.12500 0.30960
vt 0.15000 0.30960
vt 0.17500 0.30960
vt 0.20000 0.30960
vt 0.22500 0.30960
vt 0.25000 0.30960
vt 0.27500 0.30960
vt 0.30000 0.30960
vt 0.32500 0.30960
vt 0.35000 0.30960
vt 0.37500 0.30960
vt 0.40000 0.30960
vt 0.42500 0.30960
vt 0.45000 0.30960
vt 0.47500 0.30960
vt 0.50000 0.30960
vt 0.52500 0.30960
vt 0.55000 0.30960
vt 0.57500 0.30960
vt 0.60000 0.30960
vt 0.62500 0.30960
vt 0.65000 0.30960
vt 0.67500 0.30960
vt 0.70000 0.30960
vt 0.72500 0.30960
vt 0.75000 0.30960
vt 0.77500 0.30960
vt 0.80000 0.30960
vt 0.82500 0.30960
vt 0.85000 0.30960
vt 0.87500 0.30960
vt 0.90000 0.30960
vt 0.92500 0.30960
vt 0.95000 0.30960
vt 0.97500 0.30960
vt 1.00000 0.30960
vt 0.00000 0.32373
vt 0.02500 0.32373
vt 0.05000 0.32373
vt 0.07500 0.32373
vt 0.10000 0.32373
vt 0.12500 0.32373
vt 0.15000 0.32373
vt 0.17500 0.32373
vt 0.20000 0.32373
vt 0.22500 0.32373
vt 0.25000 0.32373
vt 0.27500 0.32373
vt 0.30000 0.32373
vt 0.32500 0.32373
vt 0.35000 0.32373
vt 0.37500 0.32373
vt 0.40000 0.32373
vt 0.42500 0.32373
vt 0.45000 0.32373
vt 0.47500 0.32373
vt 0.50000 0.32373
vt 0.52500 0.32373
vt 0.55000 0.32373
vt 0.57500 0.32373
vt 0.60000 0.32373
vt 0.62500 0.32373
vt 0.65000 0.32373
vt 0.67500 0.32373
vt 0.70000 0.32373
vt 0.72500 0.32373
vt 0.75000 0.32373
vt 0.77500 0.32373
vt 0.80000 0.32373
vt 0.82500 0.32373
vt 0.85000 0.32373
vt 0.87500 0.32373
vt 0.90000 0.32373
vt 0.92500 0.32373
vt 0.95000 0.32373
vt 0.97500 0.32373
vt 1.00000 0.32373
vt 0.00000 0.33788
vt 0.02500 0.33788
vt 0.05000 0.33788
vt 0.07500 0.33788
vt 0.10000 0.33788
vt 0.12500 0.33788
vt 0.15000 0.33788
vt 0.17500 0.33788
vt 0.20000 0.33788
vt 0.22500 0.33788
vt 0.25000 0.33788
vt 0.27500 0.33788
vt 0.30000 0.33788
vt 0.32500 0.33788
vt 0.35000 0.33788
vt 0.37500 0.33788
vt 0.40000 0.33788
vt 0.42500 0.33788
vt 0.45000 0.33788
vt 0.47500 0.33788
vt 0.50000 0.33788
vt 0.52500 0.33788
vt 0.55000 0.33788
vt 0.57500 0.33788
vt 0.60000 0.33788
vt 0.62500 0.33788
vt 0.65000 0.33788
vt 0.67500 0.33788
vt 0.70000 0.33788
vt 0.72500 0.33788
vt 0.75000 0.33788
vt 0.77500 0.33788
vt 0.80000 0.33788
vt 0.82500 0.33788
vt 0.85000 0.33788
vt 0.87500 0.33788
vt 0.90000 0.33788
vt 0.92500 0.33788
vt 0.95000 0.33788
vt 0.97500 0.33788
vt 1.00000 0.33788
vt 0.00000 0.35203
vt 0.02500 0.35203
vt 0.05000 0.35203
vt 0.07500 0.35203
vt 0.10000 0.35203
vt 0.12500 0.35203
vt 0.15000 0.35203
vt 0.17500 0.35203
vt 0.20000 0.35203
vt 0.22500 0.35203
vt 0.25000 0.35203
vt 0.27500 0.35203
vt 0.30000 0.35203
vt 0.32500 0.35203
vt 0.35000 0.35203
vt 0.37500 0.35203
vt 0.40000 0.35203
vt 0.42500 0.35203
vt 0.45000 0.35203
vt 0.47500 0.35203
vt 0.50000 0.35203
vt 0.52500 0.35203
vt 0.55000 0.35203
vt 0.57500 0.35203
vt 0.60000 0.35203
vt 0.62500 0.35203
vt 0.65000 0.35203
vt 0.67500 0.35203
vt 0.70000 0.35203
vt 0.72500 0.35203
vt 0.75000 0.35203
vt 0.77500 0.35203
vt 0.80000 0.35203
vt 0.82500 0.35203
vt 0.85000 0.35203
vt 0.87500 0.35203
vt 0.90000 0.35203
vt 0.92500 0.35203
vt 0.95000 0.35203
vt 0.97500 0.35203
vt 1.00000 0.35203
vt 0.00000 0.36620
vt 0.02500 0.36620
vt 0.05000 0.36620
vt 0.07500 0.36620
vt 0.10000 0.36620
vt 0.12500 0.36620
vt 0.15000 0.36620
vt 0.17500 0.36620
vt 0.20000 0.36620
vt 0.22500 0.36620
vt 0.25000 0.36620
vt 0.27500 0.36620
vt 0.30000 0.36620
vt 0.32500 0.36620
vt 0.35000 0.36620
vt 0.37500 0.36620
vt 0.40000 0.36620
vt 0.42500 0.36620
vt 0.45000 0.36620
vt 0.47500 0.36620
vt 0.50000 0.36620
vt 0.52500 0.36620
vt 0.55000 0.36620
vt 0.57500 0.36620
vt 0.60000 0.36620
vt 0.62500 0.36620
vt 0.65000 0.36620
vt 0.67500 0.36620
vt 0.70000 0.36620
vt 0.72500 0.36620
vt 0.75000 0.36620
vt 0.77500 0.36620
vt 0.80000 0.36620
vt 0.82500 0.36620
vt 0.85000 0.36620
vt 0.87500 0.36620
vt 0.90000 0.36620
vt 0.92500 0.36620
vt 0.95000 0.36620
vt 0.97500 0.36620
vt 1.00000 0.36620
vt 0.00000 0.38037
vt 0.02500 0.38037
vt 0.05000 0.38037
vt 0.07500 0.38037
vt 0.10000 0.38037
vt 0.12500 0.38037
vt 0.15000 0.38037
vt 0.17500 0.38037
vt 0.20000 0.38037
vt 0.22500 0.38037
vt 0.25000 0.38037
vt 0.27500 0.38037
vt 0.30000 0.38037
vt 0.32500 0.38037
vt 0.35000 0.38037
vt 0.37500 0.38037
vt 0.40000 0.38037
vt 0.42500 0.38037
vt 0.45000 0.38037
vt 0.47500 0.38037
vt 0.50000 0.38037
vt 0.52500 0.38037
vt 0.55000 0.38037
vt 0.57500 0.38037
vt 0.60000 0.38037
vt 0.62500 0.38037
vt 0.65000 0.38037
vt 0.67500 0.38037
vt 0.70000 0.38037
vt 0.72500 0.38037
vt 0.75000 0.38037
vt 0.77500 0.38037
vt 0.80000 0.38037
vt 0.82500 0.38037
vt 0.85000 0.38037
vt 0.87500 0.38037
vt 0.90000 0.38037
vt 0.92500 0.38037
vt 0.95000 0.38037
vt 0.97500 0.38037
vt 1.00000 0.38037
vt 0.00000 0.39455
vt 0.02500 0.39455
vt 0.05000 0.39455
vt 0.07500 0.39455
vt 0.10000 0.39455
vt 0.12500 0.39455
vt 0.15000 0.39455
vt 0.17500 0.39455
vt 0.20000 0.39455
vt 0.22500 0.39455
vt 0.25000 0.39455
vt 0.27500 0.39455
vt 0.30000 0.39455
vt 0.32500 0.39455
vt 0.35000 0.39455
vt 0.37500 0.39455
vt 0.40000 0.39455
vt 0.42500 0.39455
vt 0.45000 0.39455
vt 0.47500 0.39455
vt 0.50000 0.39455
vt 0.52500 0.39455
vt 0.55000 0.39455
vt 0.57500 0.39455
vt 0.60000 0.39455
vt 0.62500 0.39455
vt 0.65000 0.39455
vt 0.67500 0.39455
vt 0.70000 0.39455
vt 0.72500 0.39455
vt 0.75000 0.39455
vt 0.77500 0.39455
vt 0.80000 0.39455
vt 0.82500 0.39455
vt 0.85000 0.39455
vt 0.87500 0.39455
vt 0.90000 0.39455
vt 0.92500 0.39455
vt 0.95000 0.39455
vt 0.97500 0.39455
vt 1.00000 0.39455
vt 0.00000 0.40875
vt 0.02500 0.40875
vt 0.05000 0.40875
vt 0.07500 0.40875
vt 0.10000 0.40875
vt 0.12500 0.40875
vt 0.15000 0.40875
vt 0.17500 0.40875
vt 0.20000 0.40875
vt 0.22500 0.40875
vt 0.25000 0.40875
vt 0.27500 0.40875
vt 0.30000 0.40875
vt 0.32500 0.40875
vt 0.35000 0.40875
vt 0.37500 0.40875
vt 0.40000 0.40875
vt 0.42500 0.40875
vt 0.45000 0.40875
vt 0.47500 0.40875
vt 0.50000 0.40875
vt 0.52500 0.40875
vt 0.55000 0.40875
vt 0.57500 0.40875
vt 0.60000 0.40875
vt 0.62500 0.40875
vt 0.65000 0.40875
vt 0.67500 0.40875
vt 0.70000 0.40875
vt 0.72500 0.40875
vt 0.75000 0.40875
vt 0.77500 0.40875
vt 0.80000 0.40875
vt 0.82500 0.40875
vt 0.85000 0.40875
vt 0.87500 0.40875
vt 0.90000 0.40875
vt 0.92500 0.40875
vt 0.95000 0.40875
vt 0.97500 0.40875
vt 1.00000 0.40875
vt 0.00000 0.42295
vt 0.02500 0.42295
vt 0.05000 0.42295
vt 0.07500 0.42295
vt 0.10000 0.42295
vt 0.12500 0.42295
vt 0.15000 0.42295
vt 0.17500 0.42295
vt 0.20000 0.42295
vt 0.22500 0.42295
vt 0.25000 0.42295
vt 0.27500 0.42295
vt 0.30000 0.42295
vt 0.32500 0.42295
vt 0.35000 0.42295
vt 0.37500 0.42295
vt 0.40000 0.42295
vt 0.42500 0.42295
vt 0.45000 0.42295
vt 0.47500 0.42295
vt 0.50000 0.42295
vt 0.52500 0.42295
vt 0.55000 0.42295
vt 0.57500 0.42295
vt 0.60000 0.42295
vt 0.62500 0.42295
vt 0.65000 0.42295
vt 0.67500 0.42295
vt 0.70000 0.42295
vt 0.72500 0.42295
vt 0.75000 0.42295
vt 0.77500 0.42295
vt 0.80000 0.42295
vt 0.82500 0.42295
vt 0.85000 0.42295
vt 0.87500 0.42295
vt 0.90000 0.42295
vt 0.92500 0.42295
vt 0.95000 0.42295
vt 0.97500 0.42295
vt 1.00000 0.42295
vt 0.00000 0.43717
vt 0.02500 0.43717
vt 0.05000 0.43717
vt 0.07500 0.43717
vt 0.10000 0.43717
vt 0.12500 0.43717
vt 0.15000 0.43717
vt 0.17500 0.43717
vt 0.20000 0.43717
vt 0.22500 0.43717
vt 0.25000 0.43717
vt 0.27500 0.43717
vt 0.30000 0.43717
vt 0.32500 0.43717
vt 0.35000 0.43717
vt 0.37500 0.43717
vt 0.40000 0.43717
vt 0.42500 0.43717
vt 0.45000 0.43717
vt 0.47500 0.43717
vt 0.50000 0.43717
vt 0.52500 0.43717
vt 0.55000 0.43717
vt 0.57500 0.43717
vt 0.60000 0.43717
vt 0.62500 0.43717
vt 0.65000 0.43717
vt 0.67500 0.43717
vt 0.70000 0.43717
vt 0.72500 0.43717
vt 0.75000 0.43717
vt 0.77500 0.43717
vt 0.80000 0.43717
vt 0.82500 0.43717
vt 0.85000 0.43717
vt 0.87500 0.43717
vt 0.90000 0.43717
vt 0.92500 0.43717
vt 0.95000 0.43717
vt 0.97500 0.43717
vt 1.00000 0.43717
vt 0.00000 0.45139
vt 0.02500 0.45139
vt 0.05000 0.45139
vt 0.07500 0.45139
vt 0.10000 0.45139
vt 0.12500 0.45139
vt 0.15000 0.45139
vt 0.17500 0.45139
vt 0.20000 0.45139
vt 0.22500 0.45139
vt 0.25000 0.45139
vt 0.27500 0.45139
vt 0.30000 0.45139
vt 0.32500 0.45139
vt 0.35000 0.45139
vt 0.37500 0.45139
vt 0.40000 0.45139
vt 0.42500 0.45139
vt 0.45000 0.45139
vt 0.47500 0.45139
vt 0.50000 0.45139
vt 0.52500 0.45139
vt 0.55000 0.45139
vt 0.57500 0.45139
vt 0.60000 0.45139
vt 0.62500 0.45139
vt 0.65000 0.45139
vt 0.67500 0.45139
vt 0.70000 0.45139
vt 0.72500 0.45139
vt 0.75000 0.45139
vt 0.77500 0.45139
vt 0.80000 0.45139
vt 0.82500 0.45139
vt 0.85000 0.45139
vt 0.87500 0.45139
vt 0.90000 0.45139
vt 0.92500 0.45139
vt 0.95000 0.45139
vt 0.97500 0.45139
vt 1.00000 0.45139
vt 0.00000 0.46563
vt 0.02500 0.46563
vt 0.05000 0.46563
vt 0.07500 0.46563
vt 0.10000 0.46563
vt 0.12500 0.46563
vt 0.15000 0.46563
vt 0.17500 0.46563
vt 0.20000 0.46563
vt 0.22500 0.46563
vt 0.25000 0.46563
vt 0.27500 0.46563
vt 0.30000 0.46563
vt 0.32500 0.46563
vt 0.35000 0.46563
vt 0.37500 0.46563
vt 0.40000 0.46563
vt 0.42500 0.46563
vt 0.45000 0.46563
vt 0.47500 0.46563
vt 0.50000 0.46563
vt 0.52500 0.46563
vt 0.55000 0.46563
vt 0.57500 0.46563
vt 0.60000 0.46563
vt 0.62500 0.46563
vt 0.65000 0.46563
vt 0.67500 0.46563
vt 0.70000 0.46563
vt 0.72500 0.46563
vt 0.75000 0.46563
vt 0.77500 0.46563
vt 0.80000 0.46563
vt 0.82500 0.46563
vt 0.85000 0.46563
vt 0.87500 0.46563
vt 0.90000 0.46563
vt 0.92500 0.46563
vt 0.95000 0.46563
vt 0.97500 0.46563
vt 1.00000 0.46563
vt 0.00000 0.47988
vt 0.02500 0.47988
vt 0.05000 0.47988
vt 0.07500 0.47988
vt 0.10000 0.47988
vt 0.12500 0.47988
vt 0.15000 0.47988
vt 0.17500 0.47988
vt 0.20000 0.47988
vt 0.22500 0.47988
vt 0.25000 0.47988
vt 0.27500 0.47988
vt 0.30000 0.47988
vt 0.32500 0.47988
vt 0.35000 0.47988
vt 0.37500 0.47988
vt 0.40000 0.47988
vt 0.42500 0.47988
vt 0.45000 0.47988
vt 0.47500 0.47988
vt 0.50000 0.47988
vt 0.52500 0.47988
vt 0.55000 0.47988
vt 0.57500 0.47988
vt 0.60000 0.47988
vt 0.62500 0.47988
vt 0.65000 0.47988
vt 0.67500 0.47988
vt 0.70000 0.47988
vt 0.72500 0.47988
vt 0.75000 0.47988
vt 0.77500 0.47988
vt 0.80000 0.47988
vt 0.82500 0.47988
vt 0.85000 0.47988
vt 0.87500 0.47988
vt 0.90000 0.47988
vt 0.92500 0.47988
vt 0.95000 0.47988
vt 0.97500 0.47988
vt 1.00000 0.47988
vt 0.00000 0.49415
vt 0.02500 0.49415
vt 0.05000 0.49415
vt 0.07500 0.49415
vt 0.10000 0.49415
vt 0.12500 0.49415
vt 0.15000 0.49415
vt 0.17500 0.49415
vt 0.20000 0.49415
vt 0.22500 0.49415
vt 0.25000 0.49415
vt 0.27500 0.49415
vt 0.30000 0.49415
vt 0.32500 0.49415
vt 0.35000 0.49415
vt 0.37500 0.49415
vt 0.40000 0.49415
vt 0.42500 0.49415
vt 0.45000 0.49415
vt 0.47500 0.49415
vt 0.50000 0.49415
vt 0.52500 0.49415
vt 0.55000 0.49415
vt 0.57500 0.49415
vt 0.60000 0.49415
vt 0.62500 0.49415
vt 0.65000 0.49415
vt 0.67500 0.49415
vt 0.70000 0.49415
vt 0.72500 0.49415
vt 0.75000 0.49415
vt 0.77500 0.49415
vt 0.80000 0.49415
vt 0.82500 0.49415
vt 0.85000 0.49415
vt 0.87500 0.49415
vt 0.90000 0.49415
vt 0.92500 0.49415
vt 0.95000 0.49415
vt 0.97500 0.49415
vt 1.00000 0.49415
vt 0.00000 0.50842
vt 0.02500 0.50842
vt 0.05000 0.50842
vt 0.07500 0.50842
vt 0.10000 0.50842
vt 0.12500 0.50842
vt 0.15000 0.50842
vt 0.17500 0.50842
vt 0.20000 0.50842
vt 0.22500 0.50842
vt 0.25000 0.50842
vt 0.27500 0.50842
vt 0.30000 0.50842
vt 0.32500 0.50842
vt 0.35000 0.50842
vt 0.37500 0.50842
vt 0.40000 0.50842
vt 0.42500 0.50842
vt 0.45000 0.50842
vt 0.47500 0.50842
vt 0.50000 0.50842
vt 0.52500 0.50842
vt 0.55000 0.50842
vt 0.57500 0.50842
vt 0.60000 0.50842
vt 0.62500 0.50842
vt 0.65000 0.50842
vt 0.67500 0.50842
vt 0.70000 0.50842
vt 0.72500 0.50842
vt 0.75000 0.50842
vt 0.77500 0.50842
vt 0.80000 0.50842
vt 0.82500 0.50842
vt 0.85000 0.50842
vt 0.87500 0.50842
vt 0.90000 0.50842
vt 0.92500 0.50842
vt 0.95000 0.50842
vt 0.97500 0.50842
vt 1.00000 0.50842
vt 0.00000 0.52271
vt 0.02500 0.52271
vt 0.05000 0.52271
vt 0.07500 0.52271
vt 0.10000 0.52271
vt 0.12500 0.52271
vt 0.15000 0.52271
vt 0.17500 0.52271
vt 0.20000 0.52271
vt 0.22500 0.52271
vt 0.25000 0.52271
vt 0.27500 0.52271
vt 0.30000 0.52271
vt 0.32500 0.52271
vt 0.35000 0.52271
vt 0.37500 0.52271
vt 0.40000 0.52271
vt 0.42500 0.52271
vt 0.45000 0.52271
vt 0.47500 0.52271
vt 0.50000 0.52271
vt 0.52500 0.52271
vt 0.55000 0.52271
vt 0.57500 0.52271
vt 0.60000 0.52271
vt 0.62500 0.52271
vt 0.65000 0.52271
vt 0.67500 0.52271
vt 0.70000 0.52271
vt 0.72500 0.52271
vt 0.75000 0.52271
vt 0.77500 0.52271
vt 0.80000 0.52271
vt 0.82500 0.52271
vt 0.85000 0.52271
vt 0.87500 0.52271
vt 0.90000 0.52271
vt 0.92500 0.52271
vt 0.95000 0.52271
vt 0.97500 0.52271
vt 1.00000 0.52271
vt 0.00000 0.53701
vt 0.02500 0.53701
vt 0.05000 0.53701
vt 0.07500 0.53701
vt 0.10000 0.53701
vt 0.12500 0.53701
vt 0.15000 0.53701
vt 0.17500 0.53701
vt 0.20000 0.53701
vt 0.22500 0.53701
vt 0.25000 0.53701
vt 0.27500 0.53701
vt 0.30000 0.53701
vt 0.32500 0.53701
vt 0.35000 0.53701
vt 0.37500 0.53701
vt 0.40000 0.53701
vt 0.42500 0.53701
vt 0.45000 0.53701
vt 0.47500 0.53701
vt 0.50000 0.53701
vt 0.52500 0.53701
vt 0.55000 0.53701
vt 0.57500 0.53701
vt 0.60000 0.53701
vt 0.62500 0.53701
vt 0.65000 0.53701
vt 0.67500 0.53701
vt 0.70000 0.53701
vt 0.72500 0.53701
vt 0.75000 0.53701
vt 0.77500 0.53701
vt 0.80000 0.53701
vt 0.82500 0.53701
vt 0.85000 0.53701
vt 0.87500 0.53701
vt 0.90000 0.53701
vt 0.92500 0.53701
vt 0.95000 0.53701
vt 0.97500 0.53701
vt 1.00000 0.53701
vt 0.00000 0.55133
vt 0.02500 0.55133
vt 0.05000 0.55133
vt 0.07500 0.55133
vt 0.10000 0.55133
vt 0.12500 0.55133
vt 0.15000 0.55133
vt 0.17500 0.55133
vt 0.20000 0.55133
vt 0.22500 0.55133
vt 0.25000 0.55133
vt 0.27500 0.55133
vt 0.30000 0.55133
vt 0.32500 0.55133
vt 0.35000 0.55133
vt 0.37500 0.55133
vt 0.40000 0.55133
vt 0.42500 0.55133
vt 0.45000 0.55133
vt 0.47500 0.55133
vt 0.50000 0.55133
vt 0.52500 0.55133
vt 0.55000 0.55133
vt 0.57500 0.55133
vt 0.60000 0.55133
vt 0.62500 0.55133
vt 0.65000 0.55133
vt 0.67500 0.55133
vt 0.70000 0.55133
vt 0.72500 0.55133
vt 0.75000 0.55133
vt 0.77500 0.55133
vt 0.80000 0.55133
vt 0.82500 0.55133
vt 0.85000 0.55133
vt 0.87500 0.55133
vt 0.90000 0.55133
vt 0.92500 0.55133
vt 0.95000 0.55133
vt 0.97500 0.55133
vt 1.00000 0.55133
vt 0.00000 0.56566
vt 0.02500 0.56566
vt 0.05000 0.56566
vt 0.07500 0.56566
vt 0.10000 0.56566
vt 0.12500 0.56566
vt 0.15000 0.56566
vt 0.17500 0.56566
vt 0.20000 0.56566
vt 0.22500 0.56566
vt 0.25000 0.56566
vt 0.27500 0.56566
vt 0.30000 0.56566
vt 0.32500 0.56566
vt 0.35000 0.56566
vt 0.37500 0.56566
vt 0.40000 0.56566
vt 0.42500 0.56566
vt 0.45000 0.56566
vt 0.47500 0.56566
vt 0.50000 0.56566
vt 0.52500 0.56566
vt 0.55000 0.56566
vt 0.57500 0.56566
vt 0.60000 0.56566
vt 0.62500 0.56566
vt 0.65000 0.56566
vt 0.67500 0.56566
vt 0.70000 0.56566
vt 0.72500 0.56566
vt 0.75000 0.56566
vt 0.77500 0.56566
vt 0.80000 0.56566
vt 0.82500 0.56566
vt 0.85000 0.56566
vt 0.87500 0.56566
vt 0.90000 0.56566
vt 0.92500 0.56566
vt 0.95000 0.56566
vt 0.97500 0.56566
vt 1.00000 0.56566
vt 0.00000 0.58001
vt 0.02500 0.58001
vt 0.05000 0.58001
vt 0.07500 0.58001
vt 0.10000 0.58001
vt 0.12500 0.58001
vt 0.15000 0.58001
vt 0.17500 0.58001
vt 0.20000 0.58001
vt 0.22500 0.58001
vt 0.25000 0.58001
vt 0.27500 0.58001
vt 0.30000 0.58001
vt 0.32500 0.58001
vt 0.35000 0.58001
vt 0.37500 0.58001
vt 0.40000 0.58001
vt 0.42500 0.58001
vt 0.45000 0.58001
vt 0.47500 0.58001
vt 0.50000 0.58001
vt 0.52500 0.58001
vt 0.55000 0.58001
vt 0.57500 0.58001
vt 0.60000 0.58001
vt 0.62500 0.58001
vt 0.65000 0.58001
vt 0.67500 0.58001
vt 0.70000 0.58001
vt 0.72500 0.58001
vt 0.75000 0.58001
vt 0.77500 0.58001
vt 0.80000 0.58001
vt 0.82500 0.58001
vt 0.85000 0.58001
vt 0.87500 0.58001
vt 0.90000 0.58001
vt 0.92500 0.58001
vt 0.95000 0.58001
vt 0.97500 0.58001
vt 1.00000 0.58001
vt 0.00000 0.59437
vt 0.02500 0.59437
vt 0.05000 0.59437
vt 0.07500 0.59437
vt 0.10000 0.59437
vt 0.12500 0.59437
vt 0.15000 0.59437
vt 0.17500 0.59437
vt 0.20000 0.59437
vt 0.22500 0.59437
vt 0.25000 0.59437
vt 0.27500 0.59437
vt 0.30000 0.59437
vt 0.32500 0.59437
vt 0.35000 0.59437
vt 0.37500 0.59437
vt 0.40000 0.59437
vt 0.42500 0.59437
vt 0.45000 0.59437
vt 0.47500 0.59437
vt 0.50000 0.59437
vt 0.52500 0.59437
vt 0.55000 0.59437
vt 0.57500 0.59437
vt 0.60000 0.59437
vt 0.62500 0.59437
vt 0.65000 0.59437
vt 0.67500 0.59437
vt 0.70000 0.59437
vt 0.72500 0.59437
vt 0.75000 0.59437
vt 0.77500 0.59437
vt 0.80000 0.59437
vt 0.82500 0.59437
vt 0.85000 0.59437
vt 0.87500 0.59437
vt 0.90000 0.59437
vt 0.92500 0.59437
vt 0.95000 0.59437
vt 0.97500 0.59437
vt 1.00000 0.59437
vt 0.00000 0.60874
vt 0.02500 0.60874
vt 0.05000 0.60874
vt 0.07500 0.60874
vt 0.10000 0.60874
vt 0.12500 0.60874
vt 0.15000 0.60874
vt 0.17500 0.60874
vt 0.20000 0.60874
vt 0.22500 0.60874
vt 0.25000 0.60874
vt 0.27500 0.60874
vt 0.30000 0.60874
vt 0.32500 0.60874
vt 0.35000 0.60874
vt 0.37500 0.60874
vt 0.40000 0.60874
vt 0.42500 0.60874
vt 0.45000 0.60874
vt 0.47500 0.60874
vt 0.50000 0.60874
vt 0.52500 0.60874
vt 0.55000 0.60874
vt 0.57500 0.60874
vt 0.60000 0.60874
vt 0.62500 0.60874
vt 0.65000 0.60874
vt 0.67500 0.60874
vt 0.70000 0.60874
vt 0.72500 0.60874
vt 0.75000 0.60874
vt 0.77500 0.60874
vt 0.80000 0.60874
vt 0.82500 0.60874
vt 0.85000 0.60874
vt 0.87500 0.60874
vt 0.90000 0.60874
vt 0.92500 0.60874
vt 0.95000 0.60874
vt 0.97500 0.60874
vt 1.00000 0.60874
vt 0.00000 0.62314
vt 0.02500 0.62314
vt 0.05000 0.62314
vt 0.07500 0.62314
vt 0.10000 0.62314
vt 0.12500 0.62314
vt 0.15000 0.62314
vt 0.17500 0.62314
vt 0.20000 0.62314
vt 0.22500 0.62314
vt 0.25000 0.62314
vt 0.27500 0.62314
vt 0.30000 0.62314
vt 0.32500 0.62314
vt 0.35000 0.62314
vt 0.37500 0.62314
vt 0.40000 0.62314
vt 0.42500 0.62314
vt 0.45000 0.62314
vt 0.47500 0.62314
vt 0.50000 0.62314
vt 0.52500 0.62314
vt 0.55000 0.62314
vt 0.57500 0.62314
vt 0.60000 0.62314
vt 0.62500 0.62314
vt 0.65000 0.62314
vt 0.67500 0.62314
vt 0.70000 0.62314
vt 0.72500 0.62314
vt 0.75000 0.62314
vt 0.77500 0.62314
vt 0.80000 0.62314
vt 0.82500 0.62314
vt 0.85000 0.62314
vt 0.87500 0.62314
vt 0.90000 0.62314
vt 0.92500 0.62314
vt 0.95000 0.62314
vt 0.97500 0.62314
vt 1.00000 0.62314
vt 0.00000 0.63754
vt 0.02500 0.63754
vt 0.05000 0.63754
vt 0.07500 0.63754
vt 0.10000 0.63754
vt 0.12500 0.63754
vt 0.15000 0.63754
vt 0.17500 0.63754
vt 0.20000 0.63754
vt 0.22500 0.63754
vt 0.25000 0.63754
vt 0.27500 0.63754
vt 0.30000 0.63754
vt 0.32500 0.63754
vt 0.35000 0.63754
vt 0.37500 0.63754
vt 0.40000 0.63754
vt 0.42500 0.63754
vt 0.45000 0.63754
vt 0.47500 0.63754
vt 0.50000 0.63754
vt 0.52500 0.63754
vt 0.55000 0.63754
vt 0.57500 0.63754
vt 0.60000 0.63754
vt 0.62500 0.63754
vt 0.65000 0.63754
vt 0.67500 0.63754
vt 0.70000 0.63754
vt 0.72500 0.63754
vt 0.75000 0.63754
vt 0.77500 0.63754
vt 0.80000 0.63754
vt 0.82500 0.63754
vt 0.85000 0.63754
vt 0.87500 0.63754
vt 0.90000 0.63754
vt 0.92500 0.63754
vt 0.95000 0.63754
vt 0.97500 0.63754
vt 1.00000 0.63754
vt 0.00000 0.65197
vt 0.02500 0.65197
vt 0.05000 0.65197
vt 0.07500 0.65197
vt 0.10000 0.65197
vt 0.12500 0.65197
vt 0.15000 0.65197
vt 0.17500 0.65197
vt 0.20000 0.65197
vt 0.22500 0.65197
vt 0.25000 0.65197
vt 0.27500 0.65197
vt 0.30000 0.65197
vt 0.32500 0.65197
vt 0.35000 0.65197
vt 0.37500 0.65197
vt 0.40000 0.65197
vt 0.42500 0.65197
vt 0.45000 0.65197
vt 0.47500 0.65197
vt 0.50000 0.65197
vt 0.52500 0.65197
vt 0.55000 0.65197
vt 0.57500 0.65197
vt 0.60000 0.65197
vt 0.62500 0.65197
vt 0.65000 0.65197
vt 0.67500 0.65197
vt 0.70000 0.65197
vt 0.72500 0.65197
vt 0.75000 0.65197
vt 0.77500 0.65197
vt 0.80000 0.65197
vt 0.82500 0.65197
vt 0.85000 0.65197
vt 0.87500 0.65197
vt 0.90000 0.65197
vt 0.92500 0.65197
vt 0.95000 0.65197
vt 0.97500 0.65197
vt 1.00000 0.65197
vt 0.00000 0.66641
vt 0.02500 0.66641
vt 0.05000 0.66641
vt 0.07500 0.66641
vt 0.10000 0.66641
vt 0.12500 0.66641
vt 0.15000 0.66641
vt 0.17500 0.66641
vt 0.20000 0.66641
vt 0.22500 0.66641
vt 0.25000 0.66641
vt 0.27500 0.66641
vt 0.30000 0.66641
vt 0.32500 0.66641
vt 0.35000 0.66641
vt 0.37500 0.66641
vt 0.40000 0.66641
vt 0.42500 0.66641
vt 0.45000 0.66641
vt 0.47500 0.66641
vt 0.50000 0.66641
vt 0.52500 0.66641
vt 0.55000 0.66641
vt 0.57500 0.66641
vt 0.60000 0.66641
vt 0.62500 0.66641
vt 0.65000 0.66641
vt 0.67500 0.66641
vt 0.70000 0.66641
vt 0.72500 0.66641
vt 0.75000 0.66641
vt 0.77500 0.66641
vt 0.80000 0.66641
vt 0.82500 0.66641
vt 0.85000 0.66641
vt 0.87500 0.66641
vt 0.90000 0.66641
vt 0.92500 0.66641
vt 0.95000 0.66641
vt 0.97500 0.66641
vt 1.00000 0.66641
vt 0.00000 0.71539
vt 0.02500 0.71539
vt 0.05000 0.71539
vt 0.07500 0.71539
vt 0.10000 0.71539
vt 0.12500 0.71539
vt 0.15000 0.71539
vt 0.17500 0.71539
vt 0.20000 0.71539
vt 0.22500 0.71539
vt 0.25000 0.71539
vt 0.27500 0.71539
vt 0.30000 0.71539
vt 0.32500 0.71539
vt 0.35000 0.71539
vt 0.37500 0.71539
vt 0.40000 0.71539
vt 0.42500 0.71539
vt 0.45000 0.71539
vt 0.47500 0.71539
vt 0.50000 0.71539
vt 0.52500 0.71539
vt 0.55000 0.71539
vt 0.57500 0.71539
vt 0.60000 0.71539
vt 0.62500 0.71539
vt 0.65000 0.71539
vt 0.67500 0.71539
vt 0.70000 0.71539
vt 0.72500 0.71539
vt 0.75000 0.71539
vt 0.77500 0.71539
vt 0.80000 0.71539
vt 0.82500 0.71539
vt 0.85000 0.71539
vt 0.87500 0.71539
vt 0.90000 0.71539
vt 0.92500 0.71539
vt 0.95000 0.71539
vt 0.97500 0.71539
vt 1.00000 0.71539
vt 0.00000 0.75692
vt 0.02500 0.75692
vt 0.05000 0.75692
vt 0.07500 0.75692
vt 0.10000 0.75692
vt 0.12500 0.75692
vt 0.15000 0.75692
vt 0.17500 0.75692
vt 0.20000 0.75692
vt 0.22500 0.75692
vt 0.25000 0.75692
vt 0.27500 0.75692
vt 0.30000 0.75692
vt 0.32500 0.75692
vt 0.35000 0.75692
vt 0.37500 0.75692
vt 0.40000 0.75692
vt 0.42500 0.75692
vt 0.45000 0.75692
vt 0.47500 0.75692
vt 0.50000 0.75692
vt 0.52500 0.75692
vt 0.55000 0.75692
vt 0.57500 0.75692
vt 0.60000 0.75692
vt 0.62500 0.75692
vt 0.65000 0.75692
vt 0.67500 0.75692
vt 0.70000 0.75692
vt 0.72500 0.75692
vt 0.75000 0.75692
vt 0.77500 0.75692
vt 0.80000 0.75692
vt 0.82500 0.75692
vt 0.85000 0.75692
vt 0.87500 0.75692
vt 0.90000 0.75692
vt 0.92500 0.75692
vt 0.95000 0.75692
vt 0.97500 0.75692
vt 1.00000 0.75692
vt 0.00000 0.78466
vt 0.02500 0.78466
vt 0.05000 0.78466
vt 0.07500 0.78466
vt 0.10000 0.78466
vt 0.12500 0.78466
vt 0.15000 0.78466
vt 0.17500 0.78466
vt 0.20000 0.78466
vt 0.22500 0.78466
vt 0.25000 0.78466
vt 0.27500 0.78466
vt 0.30000 0.78466
vt 0.32500 0.78466
vt 0.35000 0.78466
vt 0.37500 0.78466
vt 0.40000 0.78466
vt 0.42500 0.78466
vt 0.45000 0.78466
vt 0.47500 0.78466
vt 0.50000 0.78466
vt 0.52500 0.78466
vt 0.55000 0.78466
vt 0.57500 0.78466
vt 0.60000 0.78466
vt 0.62500 0.78466
vt 0.65000 0.78466
vt 0.67500 0.78466
vt 0.70000 0.78466
vt 0.72500 0.78466
vt 0.75000 0.78466
vt 0.77500 0.78466
vt 0.80000 0.78466
vt 0.82500 0.78466
vt 0.85000 0.78466
vt 0.87500 0.78466
vt 0.90000 0.78466
vt 0.92500 0.78466
vt 0.95000 0.78466
vt 0.97500 0.78466
vt 1.00000 0.78466
vt 0.00000 0.79441
vt 0.02500 0.79441
vt 0.05000 0.79441
vt 0.07500 0.79441
vt 0.10000 0.79441
vt 0.12500 0.79441
vt 0.15000 0.79441
vt 0.17500 0.79441
vt 0.20000 0.79441
vt 0.22500 0.79441
vt 0.25000 0.79441
vt 0.27500 0.79441
vt 0.30000 0.79441
vt 0.32500 0.79441
vt 0.35000 0.79441
vt 0.37500 0.79441
vt 0.40000 0.79441
vt 0.42500 0.79441
vt 0.45000 0.79441
vt 0.47500 0.79441
vt 0.50000 0.79441
vt 0.52500 0.79441
vt 0.55000 0.79441
vt 0.57500 0.79441
vt 0.60000 0.79441
vt 0.62500 0.79441
vt 0.65000 0.79441
vt 0.67500 0.79441
vt 0.70000 0.79441
vt 0.72500 0.79441
vt 0.75000 0.79441
vt 0.77500 0.79441
vt 0.80000 0.79441
vt 0.82500 0.79441
vt 0.85000 0.79441
vt 0.87500 0.79441
vt 0.90000 0.79441
vt 0.92500 0.79441
vt 0.95000 0.79441
vt 0.97500 0.79441
vt 1.00000 0.79441
vn 0.23953 0.97075 -0.01634
vn 0.23929 0.97092 -0.00780
vn 0.23290 0.97213 -0.02692
vn 0.22059 0.97432 -0.04520
vn 0.20278 0.97725 -0.06216
vn 0.18003 0.98061 -0.07738
vn 0.15304 0.98407 -0.09052
vn 0.12254 0.98728 -0.10130
vn 0.08932 0.98996 -0.10954
vn 0.05415 0.99188 -0.11510
vn 0.01780 0.99287 -0.11789
vn -0.01896 0.99285 -0.11786
vn -0.05536 0.99182 -0.11502
vn -0.09062 0.98986 -0.10938
vn -0.12393 0.98714 -0.10102
vn -0.15447 0.98388 -0.09008
vn -0.18143 0.98040 -0.07677
vn -0.20403 0.97704 -0.06136
vn -0.22160 0.97413 -0.04423
vn -0.23355 0.97200 -0.02581
vn -0.23951 0.97087 -0.00662
vn -0.23929 0.97086 0.01282
vn -0.23289 0.97198 0.03199
vn -0.22050 0.97408 0.05039
vn -0.20244 0.97696 0.06761
vn -0.17907 0.98031 0.08328
vn -0.15094 0.98377 0.09700
vn -0.11902 0.98697 0.10833
vn -0.08485 0.98952 0.11682
vn -0.05023 0.99122 0.12229
vn -0.01625 0.99204 0.12490
vn 0.01733 0.99202 0.12487
vn 0.05139 0.99117 0.12221
vn 0.08613 0.98943 0.11665
vn 0.12042 0.98683 0.10803
vn 0.15241 0.98359 0.09655
vn 0.18050 0.98010 0.08264
vn 0.20372 0.97675 0.06679
vn 0.22152 0.97390 0.04941
vn 0.23354 0.97186 0.03088
vn 0.23951 0.97082 0.01209
vn 0.44979 0.89300 -0.01547
vn 0.50759 0.86108 -0.02981
vn 0.49407 0.86663 -0.06955
vn 0.47001 0.87598 -0.10838
vn 0.43517 0.88849 -0.14567
vn 0.38934 0.90322 -0.18059
vn 0.33259 0.91890 -0.21213
vn 0.26543 0.93401 -0.23909
vn 0.18908 0.94687 -0.26017
vn 0.10563 0.95586 -0.27416
vn 0.01796 0.95979 -0.28013
vn -0.07047 0.95809 -0.27766
vn -0.15609 0.95100 -0.26691
vn -0.23573 0.93948 -0.24860
vn -0.30691 0.92503 -0.22387
vn -0.36806 0.90934 -0.19400
vn -0.41837 0.89403 -0.16026
vn -0.45761 0.88050 -0.12376
vn -0.48593 0.86982 -0.08541
vn -0.50356 0.86274 -0.04593
vn -0.51074 0.85971 -0.00587
vn -0.50759 0.86092 0.03431
vn -0.49402 0.86628 0.07419
vn -0.46975 0.87549 0.11339
vn -0.43424 0.88798 0.15143
vn -0.38684 0.90287 0.18758
vn -0.32737 0.91877 0.22064
vn -0.25704 0.93381 0.24884
vn -0.17909 0.94598 0.27029
vn -0.09787 0.95388 0.28378
vn -0.01638 0.95712 0.28922
vn 0.06493 0.95576 0.28688
vn 0.14635 0.94975 0.27668
vn 0.22611 0.93919 0.25845
vn 0.30014 0.92504 0.23285
vn 0.36444 0.90916 0.20155
vn 0.41686 0.89360 0.16644
vn 0.45713 0.87999 0.12901
vn 0.48581 0.86940 0.09016
vn 0.50354 0.86250 0.05046
vn 0.54074 0.84086 0.02348
vn 0.74038 0.67164 -0.02739
vn 0.78002 0.62340 -0.05423
vn 0.76495 0.63349 -0.11638
vn 0.73788 0.65064 -0.17945
vn 0.69679 0.67466 -0.24355
vn 0.63879 0.70495 -0.30822
vn 0.56039 0.74002 -0.37193
vn 0.45826 0.77697 -0.43163
vn 0.33083 0.81109 -0.48238
vn 0.18059 0.83621 -0.51782
vn 0.01588 0.84657 -0.53204
vn -0.15019 0.83944 -0.52228
vn -0.30399 0.81672 -0.49046
vn -0.43609 0.78382 -0.44210
vn -0.54297 0.74698 -0.38366
vn -0.62563 0.71128 -0.32041
vn -0.68721 0.67994 -0.25577
vn -0.73126 0.65467 -0.19150
vn -0.76080 0.63620 -0.12824
vn -0.77802 0.62476 -0.06594
vn -0.78427 0.62040 -0.00420
vn -0.78001 0.62311 0.05754
vn -0.76487 0.63291 0.11996
vn -0.73751 0.64987 0.18370
vn -0.69545 0.67396 0.24925
vn -0.63503 0.70472 0.31639
vn -0.55204 0.74048 0.38333
vn -0.44396 0.77739 0.44561
vn -0.31300 0.80961 0.49655
vn -0.16688 0.83150 0.52987
vn -0.01443 0.83997 0.54244
vn 0.13836 0.83429 0.53368
vn 0.28607 0.81491 0.50406
vn 0.42048 0.78432 0.45611
vn 0.53328 0.74777 0.39553
vn 0.62102 0.71135 0.32911
vn 0.68549 0.67938 0.26183
vn 0.73075 0.65392 0.19595
vn 0.76068 0.63558 0.13189
vn 0.77801 0.62442 0.06928
vn 0.81424 0.57956 0.03358
vn 0.92780 0.37138 -0.03554
vn 0.94475 0.32001 -0.07094
vn 0.93306 0.32808 -0.14750
vn 0.91169 0.34196 -0.22778
vn 0.87770 0.36227 -0.31371
vn 0.82618 0.38967 -0.40692
vn 0.74954 0.42445 -0.50796
vn 0.63707 0.46553 -0.61435
vn 0.47681 0.50848 -0.71701
vn 0.26320 0.54368 -0.79696
vn 0.01045 0.55838 -0.82952
vn -0.24404 0.54577 -0.80161
vn -0.46165 0.51174 -0.72457
vn -0.62615 0.46899 -0.62289
vn -0.74202 0.42754 -0.51635
vn -0.82110 0.39218 -0.41473
vn -0.87430 0.36419 -0.32088
vn -0.90948 0.34334 -0.23443
vn -0.93174 0.32897 -0.15376
vn -0.94413 0.32045 -0.07698
vn -0.94829 0.31739 -0.00213
vn -0.94474 0.31964 0.07272
vn -0.93299 0.32734 0.14960
vn -0.91133 0.34092 0.23075
vn -0.87637 0.36114 0.31867
vn -0.82221 0.38886 0.41564
vn -0.73989 0.42430 0.52204
vn -0.61859 0.46538 0.63306
vn -0.45115 0.50587 0.73522
vn -0.24221 0.53619 0.80860
vn -0.00944 0.54803 0.83641
vn 0.22418 0.53819 0.81246
vn 0.43564 0.50929 0.74219
vn 0.60671 0.46925 0.64164
vn 0.73160 0.42780 0.53080
vn 0.81671 0.39163 0.42380
vn 0.87280 0.36317 0.32607
vn 0.90907 0.34232 0.23750
vn 0.93165 0.32821 0.15590
vn 0.94412 0.32006 0.07877
vn 0.96255 0.26836 0.03862
vn 0.98630 0.16046 -0.03839
vn 0.98399 0.15989 -0.07875
vn 0.97380 0.16203 -0.15954
vn 0.95526 0.16523 -0.24530
vn 0.92538 0.16992 -0.33883
vn 0.87891 0.17665 -0.44307
vn 0.80710 0.18605 -0.56034
vn 0.69615 0.19839 -0.68994
vn 0.52782 0.21266 -0.82230
vn 0.28897 0.22509 -0.93050
vn -0.00459 0.22950 -0.97330
vn -0.29727 0.22272 -0.92845
vn -0.53420 0.20863 -0.81921
vn -0.70068 0.19355 -0.68672
vn -0.81026 0.18107 -0.55740
vn -0.88113 0.17201 -0.44048
vn -0.92693 0.16592 -0.33655
vn -0.95632 0.16210 -0.24324
vn -0.97446 0.15990 -0.15764
vn -0.98430 0.15885 -0.07695
vn -0.98733 0.15868 0.00139
vn -0.98400 0.15926 0.07983
vn -0.97380 0.16065 0.16094
vn -0.95503 0.16308 0.24762
vn -0.92424 0.16694 0.34337
vn -0.87514 0.17273 0.45198
vn -0.79734 0.18079 0.57582
vn -0.67635 0.19081 0.71143
vn -0.49888 0.20104 0.84303
vn -0.26488 0.20841 0.94149
vn 0.00410 0.21023 0.97764
vn 0.27240 0.20575 0.93993
vn 0.50483 0.19640 0.84058
vn 0.68065 0.18523 0.70881
vn 0.80036 0.17515 0.57337
vn 0.87728 0.16759 0.44977
vn 0.92576 0.16262 0.34136
vn 0.95609 0.15971 0.24575
vn 0.97448 0.15831 0.15915
vn 0.98434 0.15802 0.07809
vn 0.98690 0.15633 0.03983
vn 0.96884 0.24478 -0.03787
vn 0.95421 0.28937 -0.07586
vn 0.94506 0.28651 -0.15741
vn 0.92830 0.28042 -0.24417
vn 0.90073 0.27155 -0.33903
vn 0.85685 0.26066 -0.44483
vn 0.78770 0.24881 -0.56359
vn 0.67973 0.23738 -0.69399
vn 0.51580 0.22779 -0.82587
vn 0.28448 0.22104 -0.93285
vn 0.00137 0.21741 -0.97608
vn -0.28212 0.21715 -0.93448
vn -0.51432 0.22101 -0.82863
vn -0.67920 0.22907 -0.69729
vn -0.78792 0.24016 -0.56702
vn -0.85754 0.25256 -0.44816
vn -0.90162 0.26460 -0.34215
vn -0.92915 0.27502 -0.24708
vn -0.94568 0.28291 -0.16014
vn -0.95450 0.28770 -0.07848
vn -0.95731 0.28907 0.00060
vn -0.95463 0.28692 0.07975
vn -0.94589 0.28132 0.16172
vn -0.92921 0.27247 0.24964
vn -0.90082 0.26070 0.34721
vn -0.85397 0.24637 0.45830
vn -0.77776 0.22992 0.58499
vn -0.65779 0.21209 0.72272
vn -0.48264 0.19448 0.85395
vn -0.25607 0.18032 0.94969
vn -0.00044 0.17363 0.98481
vn 0.25473 0.17651 0.95077
vn 0.48076 0.18755 0.85656
vn 0.65626 0.20330 0.72663
vn 0.77717 0.22064 0.58934
vn 0.85423 0.23765 0.46241
vn 0.90155 0.25319 0.35085
vn 0.93007 0.26653 0.25284
vn 0.94663 0.27715 0.16459
vn 0.95508 0.28464 0.08242
vn 0.94323 0.32947 0.04214
vn 0.88311 0.46794 -0.03400
vn 0.86538 0.49615 -0.07034
vn 0.85723 0.49238 -0.15074
vn 0.84241 0.48422 -0.23638
vn 0.81742 0.47219 -0.32994
vn 0.77649 0.45719 -0.43363
vn 0.71087 0.44065 -0.54817
vn 0.60860 0.42449 -0.67038
vn 0.45674 0.41089 -0.78903
vn 0.24964 0.40165 -0.88111
vn 0.00278 0.39771 -0.91751
vn -0.24462 0.39945 -0.88352
vn -0.45300 0.40703 -0.79317
vn -0.60631 0.41975 -0.67543
vn -0.70978 0.43573 -0.55349
vn -0.77623 0.45261 -0.43887
vn -0.81763 0.46830 -0.33492
vn -0.84279 0.48123 -0.24108
vn -0.85757 0.49040 -0.15519
vn -0.86555 0.49524 -0.07463
vn -0.86863 0.49545 0.00335
vn -0.86736 0.49096 0.08151
vn -0.86101 0.48184 0.16276
vn -0.84736 0.46831 0.25033
vn -0.82212 0.45072 0.34780
vn -0.77798 0.42959 0.45847
vn -0.70400 0.40562 0.58297
vn -0.58776 0.38005 0.71421
vn -0.42345 0.35544 0.83327
vn -0.22099 0.33649 0.91539
vn -0.00096 0.32853 0.94449
vn 0.21856 0.33406 0.91686
vn 0.42038 0.35103 0.83670
vn 0.58502 0.37450 0.71937
vn 0.70236 0.39989 0.58888
vn 0.77743 0.42434 0.46425
vn 0.82226 0.44633 0.35310
vn 0.84779 0.46491 0.25516
vn 0.86146 0.47949 0.16725
vn 0.86767 0.48969 0.08580
vn 0.85336 0.51930 0.04590
vn 0.80002 0.59923 -0.02985
vn 0.78636 0.61423 -0.06611
vn 0.77777 0.61118 -0.14674
vn 0.76243 0.60400 -0.23213
vn 0.73681 0.59314 -0.32448
vn 0.69542 0.57939 -0.42509
vn 0.63050 0.56399 -0.53327
vn 0.53267 0.54873 -0.64433
vn 0.39363 0.53569 -0.74706
vn 0.21247 0.52682 -0.82299
vn 0.00307 0.52343 -0.85206
vn -0.20671 0.52602 -0.82497
vn -0.38879 0.53428 -0.75059
vn -0.52896 0.54699 -0.64885
vn -0.62784 0.56220 -0.53828
vn -0.69361 0.57774 -0.43026
vn -0.73562 0.59178 -0.32963
vn -0.76167 0.60300 -0.23718
vn -0.77730 0.61057 -0.15168
vn -0.78608 0.61404 -0.07099
vn -0.78992 0.61317 0.00739
vn -0.78935 0.60788 0.08612
vn -0.78355 0.59819 0.16799
vn -0.77016 0.58419 0.25608
vn -0.74467 0.56610 0.35356
vn -0.69973 0.54419 0.46286
vn -0.62528 0.51898 0.58282
vn -0.51218 0.49168 0.70422
vn -0.36058 0.46529 0.80839
vn -0.18459 0.44527 0.87616
vn -0.00118 0.43735 0.89929
vn 0.18159 0.44400 0.87743
vn 0.35655 0.46302 0.81147
vn 0.50805 0.48892 0.70912
vn 0.62204 0.51624 0.58869
vn 0.69763 0.54177 0.46883
vn 0.74346 0.56411 0.35922
vn 0.76954 0.58266 0.26138
vn 0.78329 0.59709 0.17304
vn 0.78931 0.60722 0.09103
vn 0.77946 0.62439 0.05085
vn 0.74799 0.66317 -0.02682
vn 0.73999 0.66952 -0.06445
vn 0.72953 0.66792 -0.14720
vn 0.71126 0.66292 -0.23376
vn 0.68194 0.65493 -0.32561
vn 0.63676 0.64462 -0.42308
vn 0.56950 0.63303 -0.52435
vn 0.47351 0.62155 -0.62407
vn 0.34427 0.61179 -0.71217
vn 0.18355 0.60526 -0.77457
vn 0.00294 0.60299 -0.79774
vn -0.17786 0.60534 -0.77584
vn -0.33906 0.61193 -0.71454
vn -0.46897 0.62174 -0.62730
vn -0.56570 0.63326 -0.52818
vn -0.63368 0.64487 -0.42731
vn -0.67952 0.65520 -0.33010
vn -0.70946 0.66320 -0.23841
vn -0.72830 0.66820 -0.15194
vn -0.73930 0.66980 -0.06925
vn -0.74427 0.66778 0.01167
vn -0.74366 0.66205 0.09310
vn -0.73662 0.65260 0.17751
vn -0.72076 0.63947 0.26754
vn -0.69163 0.62276 0.36582
vn -0.64227 0.60255 0.47373
vn -0.56415 0.57909 0.58855
vn -0.45172 0.55335 0.69982
vn -0.31012 0.52838 0.79034
vn -0.15552 0.50962 0.84623
vn -0.00101 0.50248 0.86459
vn 0.15272 0.50912 0.84704
vn 0.30586 0.52755 0.79256
vn 0.44679 0.55249 0.70366
vn 0.55970 0.57839 0.59347
vn 0.63883 0.60206 0.47898
vn 0.68919 0.62240 0.37100
vn 0.71914 0.63918 0.27257
vn 0.73566 0.65232 0.18243
vn 0.74327 0.66178 0.09797
vn 0.73986 0.67038 0.05654
vn 0.73281 0.67996 -0.02547
vn 0.73031 0.67993 -0.06587
vn 0.71683 0.68029 -0.15283
vn 0.69380 0.67819 -0.24228
vn 0.65845 0.67403 -0.33486
vn 0.60689 0.66839 -0.43004
vn 0.53455 0.66207 -0.52528
vn 0.43721 0.65597 -0.61526
vn 0.31302 0.65101 -0.69152
vn 0.16501 0.64791 -0.74363
vn 0.00266 0.64705 -0.76245
vn -0.15975 0.64852 -0.74425
vn -0.30791 0.65213 -0.69276
vn -0.43237 0.65743 -0.61712
vn -0.53011 0.66368 -0.52775
vn -0.60297 0.66999 -0.43306
vn -0.65515 0.67549 -0.33836
vn -0.69121 0.67943 -0.24616
vn -0.71501 0.68125 -0.15701
vn -0.72930 0.68058 -0.07023
vn -0.73564 0.67719 0.01552
vn -0.73441 0.67101 0.10195
vn -0.72474 0.66203 0.19098
vn -0.70430 0.65030 0.28473
vn -0.66885 0.63586 0.38512
vn -0.61210 0.61862 0.49259
vn -0.52718 0.59850 0.60322
vn -0.41198 0.57608 0.70598
vn -0.27555 0.55404 0.78557
vn -0.13518 0.53746 0.83239
vn -0.00066 0.53127 0.84720
vn 0.13294 0.53743 0.83276
vn 0.27150 0.55415 0.78690
vn 0.40674 0.57653 0.70864
vn 0.52200 0.59928 0.60694
vn 0.60773 0.61956 0.49680
vn 0.66549 0.63674 0.38947
vn 0.70189 0.65097 0.28911
vn 0.72322 0.66240 0.19541
vn 0.73374 0.67104 0.10642
vn 0.73725 0.67271 0.06265
vn 0.75470 0.65554 -0.02643
vn 0.75737 0.64911 -0.07109
vn 0.73979 0.65240 -0.16460
vn 0.71023 0.65462 -0.25891
vn 0.66659 0.65609 -0.35386
vn 0.60605 0.65715 -0.44817
vn 0.52568 0.65817 -0.53896
vn 0.42328 0.65936 -0.62135
vn 0.29883 0.66072 -0.68858
vn 0.15592 0.66199 -0.73311
vn 0.00235 0.66282 -0.74877
vn -0.15118 0.66300 -0.73320
vn -0.29400 0.66259 -0.68887
vn -0.41842 0.66185 -0.62200
vn -0.52093 0.66098 -0.54013
vn -0.60162 0.66000 -0.44995
vn -0.66269 0.65872 -0.35626
vn -0.70708 0.65685 -0.26188
vn -0.73753 0.65407 -0.16802
vn -0.75613 0.65013 -0.07482
vn -0.76407 0.64488 0.01827
vn -0.76161 0.63825 0.11221
vn -0.74791 0.63030 0.20819
vn -0.72082 0.62109 0.30768
vn -0.67644 0.61049 0.41197
vn -0.60921 0.59813 0.52068
vn -0.51398 0.58334 0.62891
vn -0.39172 0.56594 0.72544
vn -0.25499 0.54785 0.79677
vn -0.12212 0.53375 0.83678
vn -0.00024 0.52849 0.84894
vn 0.12061 0.53406 0.83680
vn 0.25134 0.54869 0.79735
vn 0.38646 0.56750 0.72704
vn 0.50840 0.58548 0.63146
vn 0.60424 0.60044 0.52379
vn 0.67242 0.61262 0.41539
vn 0.71783 0.62276 0.31127
vn 0.74595 0.63138 0.21194
vn 0.76070 0.63864 0.11607
vn 0.77154 0.63246 0.06864
vn 0.81295 0.58152 -0.03066
vn 0.82004 0.56653 -0.08111
vn 0.79744 0.57482 -0.18350
vn 0.75975 0.58454 -0.28478
vn 0.70561 0.59556 -0.38396
vn 0.63342 0.60759 -0.47917
vn 0.54178 0.62008 -0.56743
vn 0.43020 0.63210 -0.64450
vn 0.30002 0.64241 -0.70519
vn 0.15512 0.64965 -0.74424
vn 0.00207 0.65268 -0.75763
vn -0.15090 0.65103 -0.74391
vn -0.29555 0.64502 -0.70470
vn -0.42550 0.63565 -0.64413
vn -0.53699 0.62421 -0.56746
vn -0.62879 0.61189 -0.47980
vn -0.70144 0.59962 -0.38527
vn -0.75632 0.58802 -0.28675
vn -0.79497 0.57742 -0.18602
vn -0.81870 0.56805 -0.08402
vn -0.82827 0.56001 0.01890
vn -0.82381 0.55340 0.12279
vn -0.80461 0.54827 0.22803
vn -0.76877 0.54450 0.33543
vn -0.71279 0.54150 0.44577
vn -0.63183 0.53806 0.55792
vn -0.52231 0.53244 0.66610
vn -0.38814 0.52296 0.75885
vn -0.24553 0.51035 0.82417
vn -0.11445 0.49911 0.85895
vn 0.00024 0.49474 0.86904
vn 0.11377 0.49970 0.85870
vn 0.24238 0.51187 0.82416
vn 0.38301 0.52567 0.75958
vn 0.51658 0.53608 0.66765
vn 0.62656 0.54200 0.56005
vn 0.70840 0.54516 0.44829
vn 0.76543 0.54750 0.33818
vn 0.80239 0.55030 0.23095
vn 0.82276 0.55428 0.12587
vn 0.84072 0.53649 0.07330
vn 0.89917 0.43584 -0.03919
vn 0.90756 0.40877 -0.09616
vn 0.88061 0.42551 -0.20848
vn 0.83533 0.44833 -0.31816
vn 0.77075 0.47605 -0.42346
vn 0.68606 0.50686 -0.52194
vn 0.58106 0.53835 -0.61037
vn 0.45670 0.56764 -0.68499
vn 0.31556 0.59171 -0.74183
vn 0.16197 0.60781 -0.77739
vn 0.00179 0.61402 -0.78929
vn -0.15826 0.60960 -0.77675
vn -0.31155 0.59514 -0.74077
vn -0.45237 0.57243 -0.68387
vn -0.57658 0.54406 -0.60955
vn -0.68174 0.51294 -0.52165
vn -0.76691 0.48190 -0.42383
vn -0.83223 0.45337 -0.31915
vn -0.87844 0.42925 -0.20998
vn -0.90641 0.41087 -0.09802
vn -0.91681 0.39901 0.01565
vn -0.90983 0.39398 0.13036
vn -0.88486 0.39567 0.24590
vn -0.84005 0.40337 0.36278
vn -0.77182 0.41517 0.48159
vn -0.67555 0.42813 0.60029
vn -0.54873 0.43850 0.71176
vn -0.39808 0.44213 0.80377
vn -0.24434 0.43781 0.86523
vn -0.11041 0.43029 0.89591
vn 0.00077 0.42687 0.90431
vn 0.11067 0.43114 0.89547
vn 0.24182 0.44005 0.86480
vn 0.39328 0.44614 0.80392
vn 0.54323 0.44389 0.71264
vn 0.67052 0.43398 0.60173
vn 0.76762 0.42074 0.48346
vn 0.83691 0.40807 0.36476
vn 0.88284 0.39896 0.24785
vn 0.90885 0.39554 0.13241
vn 0.92994 0.36027 0.07362
vn 0.97523 0.21531 -0.05062
vn 0.97631 0.18572 -0.11106
vn 0.94998 0.21177 -0.22957
vn 0.90437 0.24991 -0.34592
vn 0.83742 0.29796 -0.45820
vn 0.74736 0.35234 -0.56330
vn 0.63364 0.40821 -0.65716
vn 0.49773 0.45990 -0.73536
vn 0.34329 0.50182 -0.79393
vn 0.17574 0.52931 -0.83003
vn 0.00149 0.53937 -0.84207
vn -0.17271 0.53094 -0.82962
vn -0.34017 0.50496 -0.79329
vn -0.49460 0.46429 -0.73471
vn -0.63070 0.41343 -0.65673
vn -0.74482 0.35786 -0.56320
vn -0.83543 0.30319 -0.45841
vn -0.90296 0.25434 -0.34637
vn -0.94910 0.21499 -0.23019
vn -0.97589 0.18748 -0.11180
vn -0.98490 0.17295 0.00786
vn -0.97673 0.17166 0.12858
vn -0.95057 0.18328 0.25066
vn -0.90352 0.20653 0.37548
vn -0.83023 0.23764 0.50424
vn -0.72457 0.27132 0.63355
vn -0.58360 0.30174 0.75390
vn -0.41578 0.32155 0.85073
vn -0.24777 0.32678 0.91204
vn -0.10806 0.32280 0.94028
vn 0.00137 0.31993 0.94744
vn 0.10940 0.32348 0.93989
vn 0.24613 0.32875 0.91178
vn 0.41191 0.32522 0.85121
vn 0.57945 0.30663 0.75513
vn 0.72121 0.27646 0.63515
vn 0.82760 0.24262 0.50617
vn 0.90186 0.21091 0.37704
vn 0.94972 0.18637 0.25160
vn 0.97636 0.17312 0.12944
vn 0.98923 0.13037 0.06651
vn 0.99553 0.07639 -0.05560
vn 0.98896 0.09621 -0.11271
vn 0.96572 0.12019 -0.23010
vn 0.92505 0.15412 -0.34718
vn 0.86428 0.19659 -0.46301
vn 0.78037 0.24513 -0.57527
vn 0.67077 0.29599 -0.68005
vn 0.53452 0.34419 -0.77189
vn 0.37344 0.38404 -0.84443
vn 0.19278 0.41010 -0.89143
vn 0.00110 0.41843 -0.90825
vn -0.19090 0.40762 -0.89298
vn -0.37237 0.37926 -0.84705
vn -0.53437 0.33754 -0.77493
vn -0.67128 0.28816 -0.68289
vn -0.78118 0.23696 -0.57759
vn -0.86506 0.18894 -0.46473
vn -0.92564 0.14776 -0.34837
vn -0.96607 0.11570 -0.23090
vn -0.98911 0.09396 -0.11324
vn -0.99655 0.08293 0.00463
vn -0.98893 0.08259 0.12324
vn -0.96538 0.09308 0.24366
vn -0.92236 0.11357 0.36925
vn -0.85277 0.13890 0.50348
vn -0.74882 0.16316 0.64237
vn -0.60524 0.18300 0.77472
vn -0.42805 0.19255 0.88301
vn -0.24863 0.18850 0.95008
vn -0.10418 0.17774 0.97855
vn 0.00200 0.17198 0.98510
vn 0.10673 0.17634 0.97853
vn 0.24832 0.18491 0.95087
vn 0.42620 0.18635 0.88522
vn 0.60410 0.17462 0.77754
vn 0.74867 0.15378 0.64487
vn 0.85256 0.13053 0.50607
vn 0.92249 0.10748 0.37076
vn 0.96573 0.08897 0.24380
vn 0.98911 0.08027 0.12337
vn 0.99401 0.08873 0.06378
vn 0.98759 0.14903 -0.04953
vn 0.97957 0.17130 -0.10537
vn 0.95813 0.18148 -0.22148
vn 0.92105 0.19200 -0.33883
vn 0.86582 0.20282 -0.45741
vn 0.78898 0.21380 -0.57602
vn 0.68652 0.22459 -0.69156
vn 0.55489 0.23448 -0.79819
vn 0.39298 0.24239 -0.88702
vn 0.20470 0.24702 -0.94714
vn 0.00059 0.24731 -0.96894
vn -0.20373 0.24304 -0.94838
vn -0.39256 0.23502 -0.88919
vn -0.55510 0.22474 -0.80085
vn -0.68726 0.21367 -0.69427
vn -0.79004 0.20289 -0.57851
vn -0.86696 0.19293 -0.45951
vn -0.92208 0.18395 -0.34050
vn -0.95888 0.17587 -0.22274
vn -0.97995 0.16850 -0.10631
vn -0.98680 0.16168 0.00940
vn -0.97987 0.15563 0.12502
vn -0.95839 0.15175 0.24178
vn -0.91858 0.14999 0.36568
vn -0.85221 0.14215 0.50351
vn -0.75080 0.12240 0.64908
vn -0.60749 0.09523 0.78860
vn -0.42470 0.06296 0.90314
vn -0.23825 0.02932 0.97076
vn -0.09452 0.00352 0.99552
vn 0.00252 -0.00626 0.99998
vn 0.09809 0.00228 0.99517
vn 0.23883 0.02520 0.97073
vn 0.42351 0.05484 0.90423
vn 0.60702 0.08382 0.79025
vn 0.75117 0.10954 0.65096
vn 0.85198 0.13077 0.50697
vn 0.91888 0.14243 0.36793
vn 0.95911 0.14709 0.24181
vn 0.98027 0.15292 0.12523
vn 0.98251 0.17322 0.06836
vn 0.96968 0.24062 -0.04263
vn 0.96151 0.25650 -0.09855
vn 0.94229 0.25642 -0.21525
vn 0.90869 0.24979 -0.33450
vn 0.85755 0.23716 -0.45646
vn 0.78463 0.21955 -0.57979
vn 0.68513 0.19860 -0.70082
vn 0.55510 0.17671 -0.81279
vn 0.39353 0.15702 -0.90580
vn 0.20487 0.14293 -0.96830
vn 0.00026 0.13725 -0.99054
vn -0.20437 0.14116 -0.96866
vn -0.39311 0.15376 -0.90655
vn -0.55483 0.17245 -0.81390
vn -0.68507 0.19389 -0.70220
vn -0.78478 0.21493 -0.58132
vn -0.85786 0.23306 -0.45800
vn -0.90904 0.24652 -0.33596
vn -0.94259 0.25420 -0.21659
vn -0.96166 0.25546 -0.09975
vn -0.96811 0.25006 0.01547
vn -0.96239 0.23879 0.12958
vn -0.94345 0.22487 0.24359
vn -0.90636 0.20834 0.36757
vn -0.84067 0.17469 0.51259
vn -0.73765 0.11697 0.66497
vn -0.59183 0.05015 0.80450
vn -0.40413 -0.01501 0.91458
vn -0.21579 -0.06922 0.97398
vn -0.07951 -0.10359 0.99144
vn 0.00273 -0.11519 0.99334
vn 0.08356 -0.10409 0.99105
vn 0.21689 -0.07111 0.97360
vn 0.40328 -0.01901 0.91488
vn 0.59166 0.04409 0.80498
vn 0.73777 0.10939 0.66613
vn 0.83896 0.16819 0.51755
vn 0.90552 0.20584 0.37103
vn 0.94365 0.22427 0.24337
vn 0.96254 0.23805 0.12984
vn 0.96320 0.25824 0.07456
vn 0.94924 0.31239 -0.03688
vn 0.94141 0.32413 -0.09319
vn 0.92282 0.32248 -0.21075
vn 0.89023 0.31288 -0.33106
vn 0.84031 0.29596 -0.45419
vn 0.76863 0.27296 -0.57853
vn 0.67048 0.24595 -0.69997
vn 0.54227 0.21808 -0.81141
vn 0.38360 0.19339 -0.90302
vn 0.19937 0.17623 -0.96395
vn 0.00034 0.17004 -0.98544
vn -0.19868 0.17614 -0.96411
vn -0.38289 0.19324 -0.90336
vn -0.54154 0.21787 -0.81195
vn -0.66978 0.24573 -0.70072
vn -0.76799 0.27275 -0.57948
vn -0.83976 0.29580 -0.45531
vn -0.88979 0.31279 -0.33231
vn -0.92251 0.32248 -0.21209
vn -0.94124 0.32423 -0.09457
vn -0.94789 0.31790 0.02107
vn -0.94284 0.30503 0.13423
vn -0.92483 0.29114 0.24480
vn -0.88741 0.27595 0.36927
vn -0.81783 0.23596 0.52485
vn -0.71022 0.16183 0.68513
vn -0.56404 0.07974 0.82189
vn -0.37621 0.00464 0.92652
vn -0.19032 -0.05472 0.98020
vn -0.06379 -0.09078 0.99383
vn 0.00272 -0.10267 0.99471
vn 0.06778 -0.09106 0.99354
vn 0.19132 -0.05541 0.97996
vn 0.37537 0.00334 0.92687
vn 0.56444 0.07735 0.82184
vn 0.71039 0.15770 0.68591
vn 0.81414 0.23263 0.53203
vn 0.88499 0.27698 0.37427
vn 0.92435 0.29343 0.24388
vn 0.94264 0.30564 0.13422
vn 0.94332 0.32200 0.08035
vn 0.93187 0.36133 -0.03236
vn 0.92471 0.37007 -0.08924
vn 0.90529 0.37065 -0.20752
vn 0.87165 0.36420 -0.32799
vn 0.82074 0.35137 -0.45048
vn 0.74855 0.33330 -0.57322
vn 0.65093 0.31184 -0.69213
vn 0.52488 0.28964 -0.80038
vn 0.37040 0.27004 -0.88875
vn 0.19227 0.25651 -0.94722
vn 0.00054 0.25176 -0.96779
vn -0.19118 0.25679 -0.94737
vn -0.36930 0.27055 -0.88906
vn -0.52377 0.29031 -0.80086
vn -0.64985 0.31258 -0.69281
vn -0.74754 0.33404 -0.57412
vn -0.81984 0.35206 -0.45158
vn -0.87092 0.36480 -0.32927
vn -0.90476 0.37114 -0.20896
vn -0.92441 0.37044 -0.09076
vn -0.93158 0.36263 0.02564
vn -0.92654 0.35021 0.13742
vn -0.90808 0.34154 0.24235
vn -0.86755 0.33559 0.36706
vn -0.78931 0.29811 0.53677
vn -0.67425 0.21711 0.70587
vn -0.53068 0.13107 0.83738
vn -0.34667 0.05644 0.93629
vn -0.16513 -0.00177 0.98627
vn -0.04857 -0.03698 0.99813
vn 0.00264 -0.04850 0.99882
vn 0.05231 -0.03713 0.99794
vn 0.16579 -0.00209 0.98616
vn 0.34567 0.05584 0.93669
vn 0.53190 0.12954 0.83684
vn 0.67489 0.21350 0.70635
vn 0.78366 0.29506 0.54664
vn 0.86390 0.33746 0.37388
vn 0.90739 0.34476 0.24037
vn 0.92624 0.35122 0.13683
vn 0.92813 0.36242 0.08499
vn 0.92172 0.38675 -0.02939
vn 0.91553 0.39268 -0.08722
vn 0.89466 0.39612 -0.20659
vn 0.85893 0.39390 -0.32724
vn 0.80572 0.38666 -0.44867
vn 0.73168 0.37540 -0.56896
vn 0.63340 0.36160 -0.68414
vn 0.50860 0.34723 -0.78788
vn 0.35772 0.33458 -0.87183
vn 0.18535 0.32596 -0.92704
vn 0.00071 0.32308 -0.94637
vn -0.18393 0.32656 -0.92711
vn -0.35628 0.33568 -0.87200
vn -0.50716 0.34867 -0.78818
vn -0.63197 0.36321 -0.68461
vn -0.73031 0.37700 -0.56966
vn -0.80449 0.38813 -0.44962
vn -0.85790 0.39514 -0.32843
vn -0.89391 0.39706 -0.20800
vn -0.91512 0.39329 -0.08877
vn -0.92293 0.38388 0.02880
vn -0.91764 0.37249 0.13850
vn -0.89851 0.37050 0.23539
vn -0.85367 0.37528 0.36112
vn -0.76234 0.34148 0.54976
vn -0.63589 0.25547 0.72827
vn -0.49643 0.16895 0.85148
vn -0.31815 0.09818 0.94294
vn -0.14131 0.04344 0.98901
vn -0.03419 0.01024 0.99936
vn 0.00254 -0.00060 1.00000
vn 0.03768 0.01022 0.99924
vn 0.14165 0.04351 0.98896
vn 0.31706 0.09835 0.94329
vn 0.49850 0.16857 0.85035
vn 0.63685 0.25312 0.72825
vn 0.75440 0.33917 0.56200
vn 0.84899 0.37753 0.36972
vn 0.89790 0.37396 0.23224
vn 0.91735 0.37370 0.13715
vn 0.92099 0.37946 0.08819
vn 0.92082 0.38897 -0.02835
vn 0.91566 0.39231 -0.08750
vn 0.89284 0.39928 -0.20838
vn 0.85418 0.40236 -0.32937
vn 0.79761 0.40209 -0.44959
vn 0.72052 0.39924 -0.56697
vn 0.62036 0.39476 -0.67773
vn 0.49563 0.38973 -0.77618
vn 0.34719 0.38527 -0.85500
vn 0.17948 0.38235 -0.90642
vn 0.00084 0.38159 -0.92433
vn -0.17780 0.38320 -0.90639
vn -0.34549 0.38686 -0.85497
vn -0.49390 0.39183 -0.77623
vn -0.61864 0.39710 -0.67793
vn -0.71887 0.40160 -0.56740
vn -0.79612 0.40426 -0.45031
vn -0.85293 0.40418 -0.33038
vn -0.89192 0.40065 -0.20965
vn -0.91516 0.39316 -0.08895
vn -0.92369 0.38195 0.03020
vn -0.91808 0.37190 0.13714
vn -0.89881 0.37677 0.22404
vn -0.84980 0.39160 0.35283
vn -0.74125 0.36201 0.56524
vn -0.59876 0.27452 0.75241
vn -0.46396 0.19216 0.86476
vn -0.29221 0.12849 0.94768
vn -0.11964 0.07910 0.98966
vn -0.02096 0.04873 0.99859
vn 0.00242 0.03878 0.99924
vn 0.02418 0.04883 0.99851
vn 0.11970 0.07954 0.98962
vn 0.29102 0.12945 0.94792
vn 0.46654 0.19328 0.86312
vn 0.59962 0.27445 0.75176
vn 0.73116 0.36120 0.57874
vn 0.84469 0.39361 0.36272
vn 0.89869 0.37941 0.21999
vn 0.91795 0.37296 0.13512
vn 0.92335 0.37333 0.08968
vn 0.92936 0.36801 -0.02948
vn 0.92506 0.36895 -0.09023
vn 0.90004 0.38023 -0.21294
vn 0.85800 0.38981 -0.33448
vn 0.79743 0.39800 -0.45354
vn 0.71646 0.40512 -0.56794
vn 0.61338 0.41143 -0.67415
vn 0.48747 0.41697 -0.76714
vn 0.34001 0.42156 -0.84064
vn 0.17532 0.42480 -0.88815
vn 0.00093 0.42631 -0.90458
vn -0.17344 0.42586 -0.88801
vn -0.33811 0.42352 -0.84042
vn -0.48555 0.41959 -0.76693
vn -0.61148 0.41440 -0.67407
vn -0.71464 0.40813 -0.56809
vn -0.79579 0.40078 -0.45398
vn -0.85664 0.39216 -0.33524
vn -0.89905 0.38199 -0.21400
vn -0.92451 0.37002 -0.09150
vn -0.93373 0.35675 0.02953
vn -0.92799 0.34796 0.13327
vn -0.90991 0.35808 0.20938
vn -0.85866 0.37982 0.34415
vn -0.72997 0.35501 0.58405
vn -0.56700 0.27240 0.77738
vn -0.43593 0.20030 0.87741
vn -0.26994 0.14679 0.95162
vn -0.10052 0.10423 0.98946
vn -0.00901 0.07725 0.99697
vn 0.00228 0.06830 0.99766
vn 0.01196 0.07748 0.99692
vn 0.10035 0.10504 0.98939
vn 0.26858 0.14856 0.95173
vn 0.43832 0.20321 0.87554
vn 0.56716 0.27561 0.77613
vn 0.71855 0.35664 0.59707
vn 0.85405 0.38088 0.35430
vn 0.91065 0.35869 0.20507
vn 0.92814 0.34843 0.13093
vn 0.93480 0.34381 0.08915
vn 0.94566 0.32347 -0.03298
vn 0.94184 0.32222 -0.09539
vn 0.91482 0.33870 -0.21998
vn 0.86954 0.35613 -0.34216
vn 0.80497 0.37440 -0.46027
vn 0.71986 0.39320 -0.57201
vn 0.61322 0.41182 -0.67406
vn 0.48499 0.42910 -0.76201
vn 0.33692 0.44348 -0.83055
vn 0.17328 0.45328 -0.87436
vn 0.00099 0.45714 -0.88939
vn -0.17128 0.45449 -0.87413
vn -0.33490 0.44574 -0.83015
vn -0.48297 0.43214 -0.76158
vn -0.61124 0.41529 -0.67373
vn -0.71801 0.39675 -0.57189
vn -0.80333 0.37770 -0.46043
vn -0.86820 0.35893 -0.34264
vn -0.91385 0.34081 -0.22077
vn -0.94131 0.32350 -0.09639
vn -0.95108 0.30781 0.02654
vn -0.94552 0.29972 0.12708
vn -0.93040 0.31144 0.19329
vn -0.88022 0.33428 0.33685
vn -0.73080 0.31559 0.60525
vn -0.54475 0.24798 0.80110
vn -0.41485 0.19348 0.88908
vn -0.25209 0.15302 0.95553
vn -0.08411 0.11848 0.98939
vn 0.00162 0.09529 0.99545
vn 0.00211 0.08740 0.99617
vn 0.00103 0.09567 0.99541
vn 0.08376 0.11967 0.98927
vn 0.25043 0.15557 0.95555
vn 0.41615 0.19830 0.88741
vn 0.54371 0.25511 0.79956
vn 0.71975 0.32050 0.61582
vn 0.87699 0.33377 0.34566
vn 0.93194 0.30909 0.18959
vn 0.94596 0.29923 0.12501
vn 0.95301 0.29040 0.08630
vn 0.96610 0.25522 -0.03883
vn 0.96223 0.25217 -0.10264
vn 0.93393 0.27471 -0.22870
vn 0.88641 0.30128 -0.35144
vn 0.81880 0.33124 -0.46888
vn 0.73014 0.36342 -0.57863
vn 0.61990 0.39595 -0.67746
vn 0.48855 0.42623 -0.76134
vn 0.33831 0.45125 -0.82578
vn 0.17362 0.46804 -0.86648
vn 0.00103 0.47437 -0.88032
vn -0.17155 0.46936 -0.86618
vn -0.33624 0.45372 -0.82527
vn -0.48652 0.42957 -0.76077
vn -0.61799 0.39978 -0.67695
vn -0.72842 0.36737 -0.57831
vn -0.81734 0.33492 -0.46881
vn -0.88525 0.30442 -0.35165
vn -0.93311 0.27710 -0.22919
vn -0.96176 0.25365 -0.10331
vn -0.97172 0.23519 0.02109
vn -0.96665 0.22675 0.11903
vn -0.95556 0.23495 0.17805
vn -0.90955 0.25086 0.33134
vn -0.74286 0.24074 0.62466
vn -0.53532 0.20154 0.82025
vn -0.40280 0.17224 0.89894
vn -0.23909 0.14741 0.95974
vn -0.07045 0.12195 0.99003
vn 0.01095 0.10287 0.99463
vn 0.00190 0.09608 0.99537
vn -0.00864 0.10342 0.99460
vn 0.06995 0.12351 0.98988
vn 0.23703 0.15067 0.95975
vn 0.40216 0.17874 0.89795
vn 0.53290 0.21234 0.81910
vn 0.73458 0.24903 0.63117
vn 0.90811 0.24856 0.33697
vn 0.95726 0.22965 0.17584
vn 0.96714 0.22527 0.11782
vn 0.97362 0.21336 0.08083
vn 0.98522 0.16482 -0.04670
vn 0.98071 0.16075 -0.11116
vn 0.95258 0.18994 -0.23775
vn 0.90479 0.22642 -0.36068
vn 0.83624 0.26908 -0.47780
vn 0.74575 0.31593 -0.58655
vn 0.63275 0.36375 -0.68361
vn 0.49803 0.40832 -0.76501
vn 0.34433 0.44494 -0.82672
vn 0.17647 0.46928 -0.86523
vn 0.00105 0.47825 -0.87822
vn -0.17438 0.47066 -0.86491
vn -0.34228 0.44754 -0.82617
vn -0.49610 0.41183 -0.76438
vn -0.63104 0.36779 -0.68303
vn -0.74433 0.32007 -0.58611
vn -0.83514 0.27293 -0.47755
vn -0.90397 0.22971 -0.36065
vn -0.95201 0.19251 -0.23795
vn -0.98040 0.16246 -0.11148
vn -0.98993 0.14090 0.01331
vn -0.98531 0.13099 0.10960
vn -0.97746 0.13103 0.16556
vn -0.93601 0.13241 0.32613
vn -0.76111 0.13361 0.63471
vn -0.54025 0.13557 0.83051
vn -0.40092 0.13756 0.90572
vn -0.23114 0.13040 0.96414
vn -0.05954 0.11494 0.99159
vn 0.01898 0.10033 0.99477
vn 0.00163 0.09469 0.99551
vn -0.01704 0.10106 0.99473
vn 0.05891 0.11686 0.99140
vn 0.22865 0.13421 0.96421
vn 0.39789 0.14514 0.90588
vn 0.53667 0.14861 0.83060
vn 0.75789 0.14396 0.63630
vn 0.93610 0.12909 0.32719
vn 0.97835 0.12428 0.16548
vn 0.98557 0.12898 0.10962
vn 0.99068 0.11525 0.07257
vn 0.99582 0.07378 -0.05387
vn 0.99005 0.07845 -0.11678
vn 0.96356 0.11325 -0.24234
vn 0.91777 0.15712 -0.36471
vn 0.85110 0.20900 -0.48161
vn 0.76166 0.26670 -0.59054
vn 0.64827 0.32620 -0.68800
vn 0.51146 0.38195 -0.76976
vn 0.35415 0.42778 -0.83161
vn 0.18165 0.45808 -0.87015
vn 0.00106 0.46891 -0.88325
vn -0.17962 0.45883 -0.87018
vn -0.35236 0.42916 -0.83167
vn -0.51001 0.38375 -0.76982
vn -0.64720 0.32819 -0.68806
vn -0.76094 0.26867 -0.59058
vn -0.85064 0.21078 -0.48164
vn -0.91746 0.15872 -0.36480
vn -0.96333 0.11479 -0.24254
vn -0.98992 0.07990 -0.11689
vn -0.99844 0.05547 0.00653
vn -0.99388 0.04296 0.10177
vn -0.98673 0.03263 0.15906
vn -0.94690 0.01628 0.32112
vn -0.77697 0.02520 0.62903
vn -0.55738 0.06605 0.82763
vn -0.40836 0.09728 0.90762
vn -0.22794 0.10551 0.96794
vn -0.05136 0.09853 0.99381
vn 0.02561 0.08808 0.99578
vn 0.00131 0.08376 0.99649
vn -0.02411 0.08906 0.99573
vn 0.05066 0.10035 0.99366
vn 0.22517 0.10839 0.96827
vn 0.40322 0.10326 0.90926
vn 0.55329 0.07654 0.82947
vn 0.77960 0.03168 0.62548
vn 0.94815 0.01191 0.31759
vn 0.98655 0.02670 0.16127
vn 0.99385 0.04094 0.10289
vn 0.99724 0.03527 0.06539
vn 0.99707 0.05632 -0.05171
vn 0.99008 0.08737 -0.11003
vn 0.96441 0.12353 -0.23379
vn 0.92010 0.16513 -0.35517
vn 0.85584 0.21209 -0.47176
vn 0.76942 0.26370 -0.58177
vn 0.65878 0.31711 -0.68224
vn 0.52328 0.36762 -0.76879
vn 0.36469 0.40953 -0.83623
vn 0.18795 0.43720 -0.87950
vn 0.00104 0.44647 -0.89480
vn -0.18613 0.43580 -0.88059
vn -0.36350 0.40682 -0.83807
vn -0.52281 0.36384 -0.77090
vn -0.65888 0.31263 -0.68421
vn -0.76980 0.25901 -0.58337
vn -0.85624 0.20772 -0.47296
vn -0.92032 0.16176 -0.35615
vn -0.96439 0.12194 -0.23471
vn -0.99000 0.08779 -0.11046
vn -0.99809 0.06094 0.01048
vn -0.99352 0.04347 0.10504
vn -0.98565 0.02199 0.16739
vn -0.94526 -0.01299 0.32606
vn -0.78769 -0.01532 0.61588
vn -0.58048 0.03268 0.81362
vn -0.42085 0.07219 0.90425
vn -0.22788 0.08126 0.97029
vn -0.04582 0.07448 0.99617
vn 0.03055 0.06638 0.99733
vn 0.00092 0.06385 0.99796
vn -0.02956 0.06778 0.99726
vn 0.04509 0.07536 0.99614
vn 0.22519 0.08030 0.97100
vn 0.41459 0.07152 0.90719
vn 0.57644 0.03316 0.81647
vn 0.79405 -0.02030 0.60751
vn 0.94733 -0.02020 0.31961
vn 0.98502 0.01781 0.17153
vn 0.99344 0.04133 0.10667
vn 0.99557 0.06225 0.07052
vn 0.99065 0.13131 -0.03693
vn 0.98209 0.16376 -0.09313
vn 0.95606 0.19824 -0.21600
vn 0.91270 0.23014 -0.33765
vn 0.85120 0.26138 -0.45512
vn 0.76897 0.29396 -0.56768
vn 0.66298 0.32744 -0.67323
vn 0.53104 0.35949 -0.76731
vn 0.37319 0.38659 -0.84337
vn 0.19351 0.40471 -0.89373
vn 0.00098 0.41057 -0.91183
vn -0.19180 0.40295 -0.89490
vn -0.37211 0.38328 -0.84536
vn -0.53067 0.35504 -0.76963
vn -0.66319 0.32237 -0.67547
vn -0.76950 0.28882 -0.56961
vn -0.85176 0.25674 -0.45671
vn -0.91299 0.22677 -0.33915
vn -0.95591 0.19717 -0.21762
vn -0.98176 0.16526 -0.09399
vn -0.99073 0.13364 0.02421
vn -0.98703 0.10905 0.11780
vn -0.97904 0.07942 0.18755
vn -0.93929 0.02793 0.34198
vn -0.79617 0.00092 0.60507
vn -0.60402 0.03063 0.79638
vn -0.43379 0.05697 0.89921
vn -0.22894 0.05376 0.97195
vn -0.04277 0.04216 0.99819
vn 0.03321 0.03623 0.99879
vn 0.00047 0.03581 0.99936
vn -0.03281 0.03785 0.99874
vn 0.04207 0.04322 0.99818
vn 0.22648 0.05237 0.97261
vn 0.42717 0.05378 0.90257
vn 0.59999 0.02663 0.79956
vn 0.80363 -0.00465 0.59511
vn 0.94170 0.02435 0.33556
vn 0.97808 0.07851 0.19288
vn 0.98700 0.10797 0.11907
vn 0.98794 0.13105 0.08242
vn 0.98084 0.19378 -0.01998
vn 0.97105 0.22692 -0.07463
vn 0.94427 0.26254 -0.19856
vn 0.90213 0.28637 -0.32272
vn 0.84397 0.30277 -0.44276
vn 0.76626 0.31669 -0.55907
vn 0.66478 0.32986 -0.67027
vn 0.53613 0.34215 -0.77169
vn 0.37918 0.35244 -0.85557
vn 0.19749 0.35918 -0.91213
vn 0.00089 0.36095 -0.93258
vn -0.19593 0.35729 -0.91321
vn -0.37817 0.34899 -0.85744
vn -0.53576 0.33765 -0.77392
vn -0.66496 0.32490 -0.67250
vn -0.76677 0.31181 -0.56110
vn -0.84454 0.29851 -0.44458
vn -0.90232 0.28355 -0.32468
vn -0.94377 0.26247 -0.20101
vn -0.97025 0.22987 -0.07597
vn -0.98092 0.19031 0.03967
vn -0.97863 0.15900 0.13039
vn -0.96987 0.12829 0.20709
vn -0.93063 0.07240 0.35873
vn -0.80244 0.02820 0.59607
vn -0.62471 0.03352 0.78014
vn -0.44499 0.03729 0.89476
vn -0.23045 0.01847 0.97291
vn -0.04236 0.00229 0.99910
vn 0.03327 -0.00094 0.99945
vn -0.00002 0.00086 1.00000
vn -0.03349 0.00079 0.99944
vn 0.04172 0.00357 0.99912
vn 0.22852 0.01710 0.97339
vn 0.43904 0.03245 0.89788
vn 0.62115 0.02640 0.78325
vn 0.80932 0.02342 0.58691
vn 0.93245 0.07276 0.35389
vn 0.96839 0.13068 0.21249
vn 0.97864 0.15924 0.13005
vn 0.97905 0.18027 0.09470
vn 0.97285 0.23144 -0.00096
vn 0.96198 0.26757 -0.05476
vn 0.93371 0.30787 -0.18274
vn 0.89224 0.32612 -0.31233
vn 0.83700 0.32974 -0.43669
vn 0.76312 0.32674 -0.55758
vn 0.66509 0.32076 -0.67437
vn 0.53865 0.31353 -0.78202
vn 0.38222 0.30650 -0.87176
vn 0.19943 0.30109 -0.93251
vn 0.00075 0.29846 -0.95442
vn -0.19808 0.29921 -0.93340
vn -0.38129 0.30312 -0.87335
vn -0.53824 0.30924 -0.78401
vn -0.66518 0.31616 -0.67645
vn -0.76354 0.32235 -0.55956
vn -0.83745 0.32603 -0.43861
vn -0.89219 0.32394 -0.31475
vn -0.93275 0.30872 -0.18620
vn -0.96067 0.27182 -0.05672
vn -0.97366 0.22088 0.05655
vn -0.97292 0.18365 0.14035
vn -0.96239 0.15870 0.22052
vn -0.92199 0.10921 0.37148
vn -0.80615 0.05551 0.58910
vn -0.64000 0.03426 0.76761
vn -0.45286 0.01088 0.89151
vn -0.23212 -0.02383 0.97240
vn -0.04461 -0.04337 0.99806
vn 0.03073 -0.04353 0.99858
vn -0.00051 -0.03964 0.99921
vn -0.03157 -0.04182 0.99863
vn 0.04407 -0.04194 0.99815
vn 0.23091 -0.02490 0.97266
vn 0.44827 0.00549 0.89388
vn 0.63716 0.02577 0.77030
vn 0.81129 0.05166 0.58235
vn 0.92256 0.11225 0.36917
vn 0.96051 0.16363 0.22507
vn 0.97306 0.18523 0.13723
vn 0.97344 0.20247 0.10687
vn 0.96964 0.24356 0.02170
vn 0.95781 0.28557 -0.03248
vn 0.92724 0.33457 -0.16820
vn 0.88461 0.35194 -0.30596
vn 0.83022 0.34849 -0.43507
vn 0.75809 0.33534 -0.55933
vn 0.66162 0.31753 -0.67929
vn 0.53619 0.29808 -0.78971
vn 0.38043 0.28015 -0.88136
vn 0.19836 0.26724 -0.94299
vn 0.00067 0.26230 -0.96498
vn -0.19711 0.26657 -0.94345
vn -0.37941 0.27896 -0.88217
vn -0.53547 0.29661 -0.79075
vn -0.66119 0.31603 -0.68041
vn -0.75785 0.33397 -0.56046
vn -0.82994 0.34748 -0.43641
vn -0.88375 0.35195 -0.30841
vn -0.92551 0.33709 -0.17262
vn -0.95613 0.29081 -0.03519
vn -0.97135 0.22527 0.07567
vn -0.97196 0.18405 0.14638
vn -0.95930 0.17141 0.22441
vn -0.91580 0.13720 0.37747
vn -0.80723 0.08334 0.58433
vn -0.64828 0.04202 0.76024
vn -0.45616 -0.00259 0.88989
vn -0.23364 -0.04674 0.97120
vn -0.04933 -0.06618 0.99659
vn 0.02582 -0.06300 0.99768
vn -0.00093 -0.05763 0.99834
vn -0.02722 -0.06196 0.99771
vn 0.04880 -0.06497 0.99669
vn 0.23305 -0.04660 0.97135
vn 0.45300 -0.00565 0.89149
vn 0.64593 0.03627 0.76253
vn 0.80980 0.08265 0.58085
vn 0.91465 0.14288 0.37816
vn 0.95725 0.17843 0.22766
vn 0.97232 0.18724 0.13979
vn 0.97263 0.19941 0.11926
vn 0.97094 0.23410 0.04970
vn 0.95874 0.28421 -0.00677
vn 0.92569 0.34561 -0.15379
vn 0.87923 0.36911 -0.30117
vn 0.82242 0.36860 -0.43332
vn 0.74927 0.35783 -0.55728
vn 0.65266 0.34259 -0.67578
vn 0.52798 0.32583 -0.78426
vn 0.37404 0.31049 -0.87389
vn 0.19484 0.29971 -0.93392
vn 0.00071 0.29605 -0.95517
vn -0.19346 0.30048 -0.93396
vn -0.37275 0.31191 -0.87394
vn -0.52680 0.32768 -0.78429
vn -0.65157 0.34461 -0.67580
vn -0.74823 0.35983 -0.55739
vn -0.82126 0.37051 -0.43389
vn -0.87750 0.37133 -0.30349
vn -0.92344 0.34920 -0.15910
vn -0.95730 0.28891 -0.01038
vn -0.97310 0.20873 0.09752
vn -0.97467 0.16793 0.14769
vn -0.96072 0.17286 0.21711
vn -0.91296 0.16033 0.37523
vn -0.80583 0.11721 0.58043
vn -0.64980 0.07047 0.75684
vn -0.45567 0.02015 0.88992
vn -0.23572 -0.02197 0.97157
vn -0.05635 -0.03687 0.99773
vn 0.01903 -0.03024 0.99936
vn -0.00126 -0.02383 0.99972
vn -0.02093 -0.02988 0.99933
vn 0.05562 -0.03584 0.99781
vn 0.23534 -0.02038 0.97170
vn 0.45354 0.02047 0.89100
vn 0.64761 0.06898 0.75885
vn 0.80583 0.11928 0.58001
vn 0.91041 0.16672 0.37862
vn 0.95901 0.17989 0.21895
vn 0.97542 0.17203 0.13774
vn 0.97497 0.17886 0.13206
vn 0.97388 0.21132 0.08302
vn 0.96312 0.26824 0.02142
vn 0.92972 0.34062 -0.14000
vn 0.87848 0.37332 -0.29817
vn 0.81716 0.38148 -0.43211
vn 0.74105 0.38041 -0.55329
vn 0.64291 0.37597 -0.66732
vn 0.51836 0.37026 -0.77085
vn 0.36633 0.36479 -0.85600
vn 0.19058 0.36100 -0.91289
vn 0.00080 0.35997 -0.93296
vn -0.18900 0.36207 -0.91279
vn -0.36482 0.36673 -0.85581
vn -0.51694 0.37276 -0.77060
vn -0.64158 0.37870 -0.66706
vn -0.73978 0.38309 -0.55315
vn -0.81579 0.38394 -0.43252
vn -0.87666 0.37564 -0.30061
vn -0.92789 0.34304 -0.14606
vn -0.96275 0.26988 0.01694
vn -0.97585 0.18171 0.12123
vn -0.97851 0.14704 0.14459
vn -0.96526 0.16831 0.19986
vn -0.91450 0.17422 0.36516
vn -0.80497 0.14389 0.57560
vn -0.64854 0.10125 0.75442
vn -0.45442 0.05660 0.88899
vn -0.23939 0.02374 0.97063
vn -0.06539 0.01577 0.99774
vn 0.01088 0.02574 0.99961
vn -0.00152 0.03313 0.99945
vn -0.01322 0.02609 0.99957
vn 0.06437 0.01698 0.99778
vn 0.23900 0.02595 0.97067
vn 0.45299 0.05842 0.88960
vn 0.64657 0.10165 0.75605
vn 0.80351 0.14555 0.57723
vn 0.91186 0.17753 0.37013
vn 0.96455 0.17177 0.20034
vn 0.97969 0.15044 0.13257
vn 0.97743 0.15354 0.14509
vn 0.97539 0.18606 0.11829
vn 0.96879 0.24315 0.04819
vn 0.93908 0.31844 -0.12934
vn 0.88440 0.35835 -0.29905
vn 0.81832 0.37590 -0.43480
vn 0.73847 0.38591 -0.55294
vn 0.63775 0.39365 -0.66205
vn 0.51211 0.40018 -0.76000
vn 0.36074 0.40550 -0.83990
vn 0.18730 0.40925 -0.89299
vn 0.00086 0.41101 -0.91163
vn -0.18560 0.41051 -0.89277
vn -0.35909 0.40778 -0.83951
vn -0.51053 0.40312 -0.75951
vn -0.63628 0.39686 -0.66155
vn -0.73708 0.38906 -0.55258
vn -0.81692 0.37871 -0.43500
vn -0.88280 0.36039 -0.30129
vn -0.93815 0.31869 -0.13530
vn -0.96980 0.24002 0.04336
vn -0.97707 0.15680 0.14405
vn -0.98122 0.13359 0.13913
vn -0.97063 0.16193 0.17792
vn -0.92022 0.17351 0.35084
vn -0.80768 0.15017 0.57018
vn -0.64899 0.11450 0.75213
vn -0.45547 0.08055 0.88660
vn -0.24562 0.05989 0.96751
vn -0.07627 0.06004 0.99528
vn 0.00179 0.07340 0.99730
vn -0.00173 0.08156 0.99667
vn -0.00451 0.07378 0.99726
vn 0.07500 0.06143 0.99529
vn 0.24518 0.06258 0.96745
vn 0.45450 0.08351 0.88682
vn 0.64731 0.11637 0.75330
vn 0.80579 0.15119 0.57258
vn 0.91842 0.17286 0.35584
vn 0.97104 0.16007 0.17736
vn 0.98256 0.13529 0.12760
vn 0.97794 0.13701 0.15768
vn 0.97473 0.16652 0.14890
vn 0.97460 0.21351 0.06765
vn 0.95170 0.28056 -0.12469
vn 0.89566 0.32427 -0.30436
vn 0.82557 0.35152 -0.44144
vn 0.74194 0.37370 -0.55667
vn 0.63809 0.39464 -0.66113
vn 0.51034 0.41415 -0.75368
vn 0.35827 0.43065 -0.82836
vn 0.18560 0.44209 -0.87756
vn 0.00088 0.44662 -0.89472
vn -0.18385 0.44343 -0.87725
vn -0.35657 0.43310 -0.82782
vn -0.50872 0.41732 -0.75302
vn -0.63660 0.39812 -0.66048
vn -0.74059 0.37712 -0.55615
vn -0.82432 0.35448 -0.44140
vn -0.89457 0.32576 -0.30599
vn -0.95178 0.27815 -0.12938
vn -0.97665 0.20529 0.06334
vn -0.97650 0.14259 0.16163
vn -0.98179 0.13449 0.13414
vn -0.97473 0.15692 0.15896
vn -0.92769 0.15954 0.33754
vn -0.81356 0.13725 0.56506
vn -0.65263 0.11061 0.74956
vn -0.46007 0.09069 0.88324
vn -0.25481 0.08400 0.96333
vn -0.08890 0.09302 0.99169
vn -0.00801 0.10988 0.99391
vn -0.00192 0.11870 0.99293
vn 0.00497 0.11032 0.99388
vn 0.08743 0.09457 0.99167
vn 0.25434 0.08701 0.96319
vn 0.45943 0.09436 0.88319
vn 0.65141 0.11340 0.75020
vn 0.81218 0.13762 0.56694
vn 0.92721 0.15518 0.34087
vn 0.97604 0.14978 0.15783
vn 0.98291 0.13403 0.12617
vn 0.97646 0.13552 0.16783
vn 0.97403 0.15293 0.16697
vn 0.98100 0.17942 0.07382
vn 0.96516 0.22779 -0.12876
vn 0.90974 0.27142 -0.31417
vn 0.83736 0.30823 -0.45146
vn 0.75083 0.34333 -0.56425
vn 0.64400 0.37819 -0.66500
vn 0.51356 0.41116 -0.75313
vn 0.35953 0.43905 -0.82339
vn 0.18586 0.45816 -0.86922
vn 0.00086 0.46541 -0.88509
vn -0.18415 0.45951 -0.86887
vn -0.35788 0.44152 -0.82279
vn -0.51202 0.41437 -0.75242
vn -0.64264 0.38172 -0.66430
vn -0.74967 0.34680 -0.56367
vn -0.83644 0.31114 -0.45118
vn -0.90927 0.27230 -0.31478
vn -0.96592 0.22320 -0.13105
vn -0.98327 0.16778 0.07094
vn -0.97593 0.13766 0.16914
vn -0.98070 0.14480 0.13141
vn -0.97735 0.14979 0.14949
vn -0.93479 0.13209 0.32972
vn -0.82126 0.10662 0.56050
vn -0.65988 0.09036 0.74592
vn -0.46890 0.08632 0.87902
vn -0.26731 0.09443 0.95897
vn -0.10332 0.11274 0.98824
vn -0.01843 0.13325 0.99091
vn -0.00209 0.14275 0.98976
vn 0.01512 0.13377 0.99090
vn 0.10168 0.11440 0.98822
vn 0.26683 0.09756 0.95879
vn 0.46857 0.09030 0.87880
vn 0.65933 0.09363 0.74600
vn 0.82098 0.10664 0.56091
vn 0.93554 0.12559 0.33015
vn 0.97904 0.13947 0.14839
vn 0.98129 0.14252 0.12943
vn 0.97461 0.14279 0.17249
vn 0.97655 0.13662 0.16639
vn 0.98866 0.13628 0.06300
vn 0.97665 0.16056 -0.14273
vn 0.92312 0.20128 -0.32761
vn 0.85097 0.24695 -0.46354
vn 0.76340 0.29496 -0.57465
vn 0.65462 0.34393 -0.67319
vn 0.52156 0.39052 -0.75860
vn 0.36465 0.42986 -0.82598
vn 0.18826 0.45663 -0.86951
vn 0.00080 0.46655 -0.88449
vn -0.18668 0.45791 -0.86918
vn -0.36315 0.43219 -0.82543
vn -0.52023 0.39355 -0.75795
vn -0.65352 0.34726 -0.67255
vn -0.76257 0.29822 -0.57407
vn -0.85047 0.24960 -0.46303
vn -0.92324 0.20171 -0.32701
vn -0.97761 0.15525 -0.14202
vn -0.99028 0.12445 0.06218
vn -0.97796 0.13031 0.16314
vn -0.98015 0.14902 0.13075
vn -0.97965 0.13130 0.15184
vn -0.94007 0.08943 0.32904
vn -0.82912 0.05988 0.55586
vn -0.67032 0.05490 0.74004
vn -0.48206 0.06727 0.87355
vn -0.28330 0.09023 0.95478
vn -0.11966 0.11801 0.98578
vn -0.02951 0.14241 0.98937
vn -0.00222 0.15269 0.98827
vn 0.02597 0.14300 0.98938
vn 0.11790 0.11971 0.98578
vn 0.28286 0.09332 0.95461
vn 0.48205 0.07121 0.87324
vn 0.67052 0.05831 0.73960
vn 0.83007 0.06014 0.55440
vn 0.94158 0.08323 0.32633
vn 0.98103 0.12117 0.15135
vn 0.97999 0.14592 0.13541
vn 0.97530 0.14242 0.16881
vn 0.98339 0.10843 0.14558
vn 0.99581 0.08392 0.03634
vn 0.98265 0.08639 -0.16414
vn 0.93170 0.12307 -0.34174
vn 0.86252 0.17537 -0.47466
vn 0.77650 0.23409 -0.58502
vn 0.66773 0.29521 -0.68337
vn 0.53307 0.35384 -0.76853
vn 0.37310 0.40348 -0.83547
vn 0.19266 0.43715 -0.87851
vn 0.00071 0.44939 -0.89334
vn -0.19130 0.43807 -0.87835
vn -0.37189 0.40516 -0.83519
vn -0.53210 0.35600 -0.76820
vn -0.66704 0.29755 -0.68302
vn -0.77609 0.23634 -0.58466
vn -0.86248 0.17712 -0.47409
vn -0.93230 0.12301 -0.34012
vn -0.98359 0.08198 -0.16070
vn -0.99645 0.07532 0.03773
vn -0.98340 0.11059 0.14382
vn -0.98219 0.13475 0.13091
vn -0.98169 0.09659 0.16419
vn -0.94180 0.03523 0.33432
vn -0.83513 0.00368 0.55004
vn -0.68255 0.00919 0.73078
vn -0.49885 0.03601 0.86594
vn -0.30264 0.07213 0.95037
vn -0.13801 0.10863 0.98446
vn -0.04133 0.13688 0.98972
vn -0.00233 0.14801 0.98898
vn 0.03760 0.13747 0.98979
vn 0.13620 0.11012 0.98454
vn 0.30235 0.07464 0.95027
vn 0.49924 0.03911 0.86558
vn 0.68350 0.01190 0.72985
vn 0.83716 0.00419 0.54694
vn 0.94372 0.03131 0.32925
vn 0.98226 0.08970 0.16469
vn 0.98120 0.13189 0.14090
vn 0.97985 0.12407 0.15650
vn 0.99171 0.06826 0.10883
vn 0.99959 0.02859 -0.00017
vn 0.98201 0.01793 -0.18798
vn 0.93408 0.05084 -0.35342
vn 0.86964 0.10576 -0.48223
vn 0.78725 0.17010 -0.59271
vn 0.68060 0.23831 -0.69282
vn 0.54597 0.30457 -0.78048
vn 0.38358 0.36116 -0.84996
vn 0.19850 0.39968 -0.89490
vn 0.00057 0.41350 -0.91050
vn -0.19744 0.40006 -0.89497
vn -0.38274 0.36183 -0.85005
vn -0.54541 0.30538 -0.78055
vn -0.68030 0.23914 -0.69282
vn -0.78718 0.17086 -0.59258
vn -0.86988 0.10625 -0.48169
vn -0.93493 0.05036 -0.35123
vn -0.98302 0.01548 -0.18283
vn -0.99968 0.02507 0.00298
vn -0.99048 0.07575 0.11496
vn -0.98650 0.09896 0.13046
vn -0.98213 0.04825 0.18193
vn -0.93920 -0.02216 0.34265
vn -0.83837 -0.05257 0.54256
vn -0.69497 -0.03976 0.71794
vn -0.51788 -0.00341 0.85544
vn -0.32469 0.04194 0.94489
vn -0.15826 0.08516 0.98372
vn -0.05394 0.11675 0.99170
vn -0.00242 0.12870 0.99168
vn 0.05009 0.11723 0.99184
vn 0.15647 0.08622 0.98391
vn 0.32460 0.04350 0.94485
vn 0.51866 -0.00163 0.85498
vn 0.69647 -0.03820 0.71657
vn 0.84103 -0.05181 0.53851
vn 0.94136 -0.02284 0.33664
vn 0.98196 0.04606 0.18342
vn 0.98493 0.09700 0.14319
vn 0.98682 0.08537 0.13744
vn 0.99786 0.01609 0.06340
vn 0.99880 -0.02849 -0.03972
vn 0.97665 -0.04178 -0.21072
vn 0.93201 -0.01133 -0.36225
vn 0.87259 0.04249 -0.48661
vn 0.79459 0.10697 -0.59765
vn 0.69131 0.17637 -0.70070
vn 0.55817 0.24478 -0.79280
vn 0.39440 0.30400 -0.86720
vn 0.20485 0.34469 -0.91609
vn 0.00040 0.35921 -0.93326
vn -0.20415 0.34459 -0.91629
vn -0.39392 0.30379 -0.86749
vn -0.55794 0.24446 -0.79306
vn -0.69127 0.17599 -0.70084
vn -0.79467 0.10657 -0.59761
vn -0.87290 0.04208 -0.48609
vn -0.93291 -0.01184 -0.35993
vn -0.97784 -0.04208 -0.20510
vn -0.99899 -0.02731 -0.03568
vn -0.99644 0.02323 0.08110
vn -0.99104 0.04075 0.12719
vn -0.98000 -0.01260 0.19862
vn -0.93337 -0.08023 0.34983
vn -0.83950 -0.10617 0.53288
vn -0.70670 -0.08953 0.70183
vn -0.53774 -0.04906 0.84168
vn -0.34844 0.00099 0.93733
vn -0.18002 0.04847 0.98247
vn -0.06725 0.08259 0.99431
vn -0.00246 0.09523 0.99545
vn 0.06336 0.08292 0.99454
vn 0.17830 0.04909 0.98275
vn 0.34858 0.00173 0.93728
vn 0.53880 -0.04834 0.84104
vn 0.70843 -0.08878 0.70018
vn 0.84229 -0.10490 0.52871
vn 0.93565 -0.07785 0.34423
vn 0.97958 -0.01050 0.20077
vn 0.98936 0.03984 0.13990
vn 0.99321 0.02491 0.11362
vn 0.99888 -0.04400 0.01741
vn 0.99376 -0.08182 -0.07574
vn 0.96913 -0.08988 -0.22957
vn 0.92774 -0.06080 -0.36825
vn 0.87247 -0.01099 -0.48854
vn 0.79837 0.04887 -0.60018
vn 0.69861 0.11380 -0.70639
vn 0.56775 0.17852 -0.80361
vn 0.40369 0.23528 -0.88412
vn 0.21058 0.27468 -0.93819
vn 0.00018 0.28865 -0.95743
vn -0.21029 0.27399 -0.93846
vn -0.40356 0.23401 -0.88452
vn -0.56776 0.17687 -0.80397
vn -0.69868 0.11203 -0.70661
vn -0.79845 0.04719 -0.60021
vn -0.87270 -0.01239 -0.48810
vn -0.92850 -0.06158 -0.36620
vn -0.97040 -0.08896 -0.22453
vn -0.99438 -0.07785 -0.07172
vn -0.99811 -0.03889 0.04763
vn -0.99226 -0.02963 0.12055
vn -0.97462 -0.07762 0.20998
vn -0.92589 -0.13411 0.35320
vn -0.83946 -0.15399 0.52114
vn -0.71712 -0.13703 0.68334
vn -0.55701 -0.09781 0.82472
vn -0.37263 -0.04797 0.92674
vn -0.20260 0.00058 0.97926
vn -0.08105 0.03585 0.99607
vn -0.00245 0.04883 0.99880
vn 0.07721 0.03592 0.99637
vn 0.20103 0.00056 0.97958
vn 0.37300 -0.04829 0.92657
vn 0.55828 -0.09838 0.82380
vn 0.71884 -0.13739 0.68146
vn 0.84201 -0.15295 0.51733
vn 0.92813 -0.13036 0.34867
vn 0.97447 -0.07323 0.21223
vn 0.99091 -0.02986 0.13120
vn 0.99508 -0.04344 0.08902
vn 0.99536 -0.09395 -0.02072
vn 0.98762 -0.11836 -0.10292
vn 0.96289 -0.11848 -0.24250
vn 0.92401 -0.09130 -0.37130
vn 0.87116 -0.04849 -0.48859
vn 0.79934 0.00208 -0.60087
vn 0.70206 0.05664 -0.70986
vn 0.57328 0.11110 -0.81179
vn 0.40972 0.15913 -0.89822
vn 0.21452 0.19262 -0.95754
vn -0.00006 0.20429 -0.97891
vn -0.21466 0.19122 -0.95779
vn -0.40989 0.15662 -0.89859
vn -0.57342 0.10795 -0.81212
vn -0.70210 0.05334 -0.71008
vn -0.79929 -0.00098 -0.60094
vn -0.87118 -0.05101 -0.48831
vn -0.92448 -0.09273 -0.36978
vn -0.96398 -0.11749 -0.23863
vn -0.98850 -0.11382 -0.09957
vn -0.99564 -0.09104 0.02044
vn -0.98943 -0.09058 0.11324
vn -0.96758 -0.13022 0.21642
vn -0.91903 -0.17414 0.35364
vn -0.83936 -0.19014 0.50923
vn -0.72595 -0.17758 0.66443
vn -0.57442 -0.14565 0.80550
vn -0.39580 -0.10197 0.91266
vn -0.22503 -0.05672 0.97270
vn -0.09491 -0.02257 0.99523
vn -0.00238 -0.00990 0.99995
vn 0.09123 -0.02287 0.99557
vn 0.22367 -0.05757 0.97296
vn 0.39639 -0.10354 0.91222
vn 0.57576 -0.14769 0.80417
vn 0.72748 -0.17933 0.66228
vn 0.84139 -0.19013 0.50588
vn 0.92094 -0.17090 0.35023
vn 0.96775 -0.12585 0.21823
vn 0.98851 -0.09071 0.12089
vn 0.99278 -0.09829 0.06878
vn 0.99171 -0.11977 -0.04649
vn 0.98427 -0.13009 -0.11958
vn 0.96017 -0.12522 -0.24977
vn 0.92196 -0.10471 -0.37287
vn 0.86886 -0.07599 -0.48918
vn 0.79667 -0.04414 -0.60281
vn 0.69962 -0.01144 -0.71442
vn 0.57178 0.01996 -0.82016
vn 0.40927 0.04682 -0.91121
vn 0.21449 0.06485 -0.97457
vn -0.00040 0.07024 -0.99753
vn -0.21516 0.06163 -0.97463
vn -0.40961 0.04110 -0.91133
vn -0.57171 0.01286 -0.82036
vn -0.69919 -0.01886 -0.71468
vn -0.79603 -0.05105 -0.60310
vn -0.86826 -0.08180 -0.48931
vn -0.92178 -0.10872 -0.37215
vn -0.96068 -0.12613 -0.24737
vn -0.98495 -0.12701 -0.11726
vn -0.99297 -0.11831 0.00298
vn -0.98602 -0.12627 0.10870
vn -0.96195 -0.16106 0.22072
vn -0.91418 -0.19942 0.35286
vn -0.83898 -0.22041 0.49752
vn -0.73192 -0.22241 0.64407
vn -0.58808 -0.20903 0.78132
vn -0.41616 -0.18252 0.89079
vn -0.24613 -0.14907 0.95770
vn -0.10834 -0.12075 0.98675
vn -0.00220 -0.10986 0.99395
vn 0.10501 -0.12176 0.98699
vn 0.24513 -0.15159 0.95756
vn 0.41698 -0.18680 0.88951
vn 0.58937 -0.21447 0.77887
vn 0.73300 -0.22778 0.64096
vn 0.84016 -0.22395 0.49394
vn 0.91532 -0.19957 0.34979
vn 0.96205 -0.15939 0.22148
vn 0.98536 -0.12737 0.11332
vn 0.99050 -0.12536 0.05653
vn 0.99150 -0.11568 -0.05961
vn 0.98521 -0.11518 -0.12690
vn 0.96108 -0.11082 -0.25307
vn 0.92135 -0.10285 -0.37488
vn 0.86505 -0.09531 -0.49255
vn 0.78881 -0.09072 -0.60790
vn 0.68801 -0.08945 -0.72017
vn 0.55800 -0.09090 -0.82485
vn 0.39636 -0.09405 -0.91327
vn 0.20634 -0.09755 -0.97361
vn -0.00079 -0.10010 -0.99498
vn -0.20760 -0.10088 -0.97300
vn -0.39686 -0.10002 -0.91241
vn -0.55771 -0.09846 -0.82417
vn -0.68721 -0.09749 -0.71989
vn -0.78782 -0.09836 -0.60801
vn -0.86416 -0.10187 -0.49280
vn -0.92088 -0.10761 -0.37471
vn -0.96119 -0.11271 -0.25181
vn -0.98557 -0.11360 -0.12551
vn -0.99338 -0.11482 -0.00415
vn -0.98527 -0.13121 0.10963
vn -0.95943 -0.16782 0.22656
vn -0.91123 -0.21064 0.35396
vn -0.83715 -0.24642 0.48833
vn -0.73269 -0.27215 0.62378
vn -0.59401 -0.28641 0.75175
vn -0.42868 -0.28606 0.85697
vn -0.26167 -0.27230 0.92595
vn -0.11908 -0.25512 0.95955
vn -0.00189 -0.24783 0.96880
vn 0.11634 -0.25669 0.95947
vn 0.26110 -0.27571 0.92510
vn 0.42964 -0.29125 0.85474
vn 0.59512 -0.29270 0.74844
vn 0.73338 -0.27842 0.62019
vn 0.83772 -0.25121 0.48489
vn 0.91178 -0.21268 0.35131
vn 0.95938 -0.16813 0.22653
vn 0.98479 -0.13281 0.11203
vn 0.99133 -0.11992 0.05364
vn 0.99460 -0.08302 -0.06220
vn 0.98908 -0.07523 -0.12672
vn 0.96462 -0.07383 -0.25309
vn 0.92282 -0.07883 -0.37707
vn 0.86231 -0.09170 -0.49801
vn 0.78016 -0.11251 -0.61538
vn 0.67298 -0.13932 -0.72642
vn 0.53844 -0.16855 -0.82564
vn 0.37710 -0.19542 -0.90532
vn 0.19405 -0.21479 -0.95719
vn -0.00107 -0.22257 -0.97492
vn -0.19583 -0.21707 -0.95631
vn -0.37802 -0.19962 -0.90402
vn -0.53844 -0.17408 -0.82448
vn -0.67238 -0.14545 -0.72578
vn -0.77933 -0.11853 -0.61530
vn -0.86158 -0.09700 -0.49826
vn -0.92242 -0.08279 -0.37720
vn -0.96461 -0.07568 -0.25259
vn -0.98922 -0.07458 -0.12604
vn -0.99660 -0.08231 -0.00227
vn -0.98741 -0.10634 0.11712
vn -0.96004 -0.14856 0.23718
vn -0.91062 -0.20046 0.36136
vn -0.83548 -0.25312 0.48775
vn -0.73056 -0.30189 0.61249
vn -0.59381 -0.34150 0.72853
vn -0.43323 -0.36510 0.82402
vn -0.27011 -0.37053 0.88868
vn -0.12583 -0.36540 0.92231
vn -0.00152 -0.36220 0.93210
vn 0.12374 -0.36705 0.92194
vn 0.26992 -0.37373 0.88739
vn 0.43430 -0.36953 0.82148
vn 0.59492 -0.34663 0.72520
vn 0.73119 -0.30702 0.60918
vn 0.83587 -0.25728 0.48490
vn 0.91092 -0.20279 0.35932
vn 0.95996 -0.14962 0.23682
vn 0.98711 -0.10784 0.11822
vn 0.99459 -0.08529 0.05923
vn 0.99659 -0.05389 -0.06240
vn 0.99018 -0.05432 -0.12880
vn 0.96490 -0.05410 -0.25699
vn 0.92112 -0.06565 -0.38370
vn 0.85711 -0.08883 -0.50741
vn 0.77030 -0.12204 -0.62589
vn 0.65846 -0.16166 -0.73505
vn 0.52123 -0.20236 -0.82908
vn 0.36126 -0.23779 -0.90163
vn 0.18443 -0.26194 -0.94730
vn -0.00120 -0.27052 -0.96271
vn -0.18665 -0.26199 -0.94685
vn -0.36302 -0.23792 -0.90089
vn -0.52240 -0.20259 -0.82828
vn -0.65911 -0.16201 -0.73439
vn -0.77058 -0.12244 -0.62547
vn -0.85722 -0.08919 -0.50717
vn -0.92121 -0.06577 -0.38346
vn -0.96504 -0.05369 -0.25653
vn -0.99030 -0.05328 -0.12835
vn -0.99781 -0.06612 -0.00180
vn -0.98794 -0.09544 0.12194
vn -0.95922 -0.14126 0.24484
vn -0.90844 -0.19810 0.36810
vn -0.83205 -0.25939 0.49031
vn -0.72654 -0.31945 0.60835
vn -0.59134 -0.37096 0.71603
vn -0.43478 -0.40584 0.80390
vn -0.27529 -0.42103 0.86426
vn -0.13043 -0.42272 0.89682
vn -0.00119 -0.42179 0.90669
vn 0.12888 -0.42348 0.89669
vn 0.27548 -0.42210 0.86368
vn 0.43621 -0.40672 0.80268
vn 0.59298 -0.37147 0.71441
vn 0.72776 -0.31964 0.60679
vn 0.83286 -0.25917 0.48906
vn 0.90894 -0.19730 0.36728
vn 0.95935 -0.14040 0.24483
vn 0.98785 -0.09549 0.12257
vn 0.99497 -0.08027 0.05989
vn 0.98003 -0.17612 -0.09235
vn 0.95952 -0.22630 -0.16764
vn 0.93203 -0.21605 -0.29092
vn 0.88693 -0.21088 -0.41095
vn 0.82333 -0.21101 -0.52689
vn 0.73956 -0.21598 -0.63750
vn 0.63367 -0.22449 -0.74032
vn 0.50429 -0.23449 -0.83109
vn 0.35206 -0.24340 -0.90377
vn 0.18095 -0.24870 -0.95153
vn -0.00120 -0.24864 -0.96859
vn -0.18374 -0.24291 -0.95249
vn -0.35576 -0.23275 -0.90513
vn -0.50886 -0.22056 -0.83211
vn -0.63865 -0.20908 -0.74055
vn -0.74440 -0.20073 -0.63684
vn -0.82759 -0.19726 -0.52553
vn -0.89035 -0.19964 -0.40917
vn -0.93445 -0.20801 -0.28903
vn -0.96079 -0.22199 -0.16614
vn -0.96944 -0.24170 -0.04206
vn -0.95994 -0.26788 0.08216
vn -0.93129 -0.30003 0.20661
vn -0.88188 -0.33535 0.33140
vn -0.80930 -0.37055 0.45577
vn -0.71044 -0.40224 0.57748
vn -0.58417 -0.42588 0.69092
vn -0.43638 -0.43701 0.78651
vn -0.28182 -0.43545 0.85496
vn -0.13585 -0.42773 0.89364
vn -0.00099 -0.42296 0.90615
vn 0.13471 -0.42497 0.89513
vn 0.28265 -0.42914 0.85788
vn 0.43919 -0.42680 0.79054
vn 0.58821 -0.41271 0.69547
vn 0.71483 -0.38789 0.58186
vn 0.81343 -0.35672 0.45944
vn 0.88534 -0.32337 0.33408
vn 0.93372 -0.29115 0.20834
vn 0.96116 -0.26324 0.08292
vn 0.95248 -0.30453 0.00675
vn 0.88213 -0.44677 -0.14911
vn 0.85837 -0.46767 -0.21090
vn 0.83894 -0.44166 -0.31800
vn 0.80814 -0.40937 -0.42347
vn 0.76344 -0.37155 -0.52831
vn 0.70091 -0.32929 -0.63269
vn 0.61558 -0.28434 -0.73499
vn 0.50245 -0.23970 -0.83072
vn 0.35878 -0.19998 -0.91175
vn 0.18739 -0.17110 -0.96727
vn -0.00109 -0.15865 -0.98733
vn -0.18993 -0.16539 -0.96777
vn -0.36222 -0.18982 -0.91256
vn -0.50696 -0.22705 -0.83153
vn -0.62094 -0.27113 -0.73548
vn -0.70663 -0.31698 -0.63261
vn -0.76895 -0.36111 -0.52756
vn -0.81288 -0.40133 -0.42208
vn -0.84245 -0.43626 -0.31616
vn -0.86027 -0.46504 -0.20898
vn -0.86752 -0.48734 -0.09954
vn -0.86400 -0.50331 0.01343
vn -0.84829 -0.51293 0.13153
vn -0.81762 -0.51563 0.25618
vn -0.76739 -0.51057 0.38786
vn -0.69143 -0.49676 0.52455
vn -0.58469 -0.47328 0.65889
vn -0.44901 -0.44115 0.77703
vn -0.29715 -0.40616 0.86414
vn -0.14575 -0.37837 0.91411
vn -0.00095 -0.36701 0.93022
vn 0.14460 -0.37541 0.91551
vn 0.29780 -0.39987 0.86685
vn 0.45164 -0.43175 0.78078
vn 0.58887 -0.46200 0.66317
vn 0.69648 -0.48527 0.52860
vn 0.77260 -0.50019 0.39102
vn 0.82231 -0.50715 0.25806
vn 0.85183 -0.50688 0.13210
vn 0.86589 -0.50008 0.01287
vn 0.84986 -0.52425 -0.05392
vn 0.80492 -0.56736 -0.17379
vn 0.79714 -0.56054 -0.22442
vn 0.78570 -0.52920 -0.32035
vn 0.76739 -0.48687 -0.41721
vn 0.73831 -0.43307 -0.51706
vn 0.69239 -0.36794 -0.62065
vn 0.62170 -0.29339 -0.72623
vn 0.51789 -0.21474 -0.82805
vn 0.37577 -0.14215 -0.91575
vn 0.19823 -0.08952 -0.97606
vn -0.00099 -0.06977 -0.99756
vn -0.20024 -0.08833 -0.97576
vn -0.37785 -0.14006 -0.91521
vn -0.52007 -0.21219 -0.82735
vn -0.62393 -0.29081 -0.72536
vn -0.69455 -0.36566 -0.61958
vn -0.74027 -0.43127 -0.51575
vn -0.76904 -0.48561 -0.41565
vn -0.78691 -0.52848 -0.31857
vn -0.79783 -0.56032 -0.22250
vn -0.80375 -0.58172 -0.12484
vn -0.80480 -0.59312 -0.02259
vn -0.79932 -0.59450 0.08745
vn -0.78363 -0.58525 0.20835
vn -0.75141 -0.56420 0.34213
vn -0.69377 -0.53007 0.48756
vn -0.60177 -0.48266 0.63632
vn -0.47335 -0.42594 0.77105
vn -0.31965 -0.37036 0.87216
vn -0.15896 -0.32988 0.93054
vn -0.00093 -0.31503 0.94908
vn 0.15772 -0.32939 0.93093
vn 0.31981 -0.36933 0.87253
vn 0.47479 -0.42434 0.77105
vn 0.60384 -0.48066 0.63588
vn 0.69592 -0.52795 0.48678
vn 0.75336 -0.56224 0.34109
vn 0.78522 -0.58358 0.20703
vn 0.80043 -0.59324 0.08588
vn 0.80532 -0.59234 -0.02437
vn 0.80045 -0.59410 -0.07950
vn 0.81433 -0.55407 -0.17282
vn 0.81869 -0.53016 -0.22063
vn 0.79579 -0.51565 -0.31753
vn 0.75718 -0.50621 -0.41282
vn 0.70187 -0.50196 -0.50539
vn 0.62855 -0.50262 -0.59354
vn 0.53597 -0.50753 -0.67465
vn 0.42368 -0.51553 -0.74480
vn 0.29318 -0.52499 -0.79902
vn 0.14890 -0.53398 -0.83229
vn -0.00193 -0.54069 -0.84122
vn -0.15078 -0.54398 -0.82544
vn -0.29005 -0.54372 -0.78756
vn -0.41463 -0.54067 -0.73195
vn -0.52216 -0.53618 -0.66322
vn -0.61224 -0.53179 -0.58511
vn -0.68557 -0.52887 -0.50029
vn -0.74309 -0.52851 -0.41047
vn -0.78562 -0.53148 -0.31676
vn -0.81356 -0.53825 -0.22001
vn -0.82692 -0.54916 -0.12094
vn -0.82522 -0.56445 -0.02025
vn -0.80755 -0.58415 0.08144
vn -0.77239 -0.60805 0.18354
vn -0.71750 -0.63547 0.28525
vn -0.64015 -0.66497 0.38473
vn -0.53868 -0.69393 0.47778
vn -0.41545 -0.71873 0.55753
vn -0.27854 -0.73638 0.61658
vn -0.13816 -0.74664 0.65072
vn 0.00049 -0.75170 0.65950
vn 0.13859 -0.75308 0.64317
vn 0.27685 -0.74934 0.60154
vn 0.40968 -0.73766 0.53668
vn 0.52813 -0.71722 0.45462
vn 0.62608 -0.69014 0.36294
vn 0.70232 -0.65979 0.26726
vn 0.75855 -0.62898 0.17026
vn 0.79702 -0.59956 0.07279
vn 0.81937 -0.57272 -0.02499
vn 0.83703 -0.54274 -0.06941
vn 0.90250 -0.40469 -0.14738
vn 0.90976 -0.36372 -0.20012
vn 0.86776 -0.38261 -0.31718
vn 0.79848 -0.42381 -0.42757
vn 0.70473 -0.47847 -0.52385
vn 0.59293 -0.53653 -0.60047
vn 0.47164 -0.58953 -0.65575
vn 0.34853 -0.63226 -0.69193
vn 0.22820 -0.66266 -0.71331
vn 0.11182 -0.68050 -0.72416
vn -0.00193 -0.68618 -0.72743
vn -0.11566 -0.67991 -0.72412
vn -0.23196 -0.66150 -0.71317
vn -0.35213 -0.63061 -0.69161
vn -0.47493 -0.58752 -0.65518
vn -0.59576 -0.53436 -0.59962
vn -0.70698 -0.47635 -0.52276
vn -0.80014 -0.42194 -0.42631
vn -0.86890 -0.38113 -0.31584
vn -0.91049 -0.36266 -0.19872
vn -0.92467 -0.37188 -0.08177
vn -0.91173 -0.40972 0.02976
vn -0.87140 -0.47254 0.13182
vn -0.80366 -0.55252 0.22104
vn -0.71052 -0.63894 0.29481
vn -0.59731 -0.72065 0.35197
vn -0.47227 -0.78888 0.39323
vn -0.34465 -0.83912 0.42082
vn -0.22195 -0.87133 0.43764
vn -0.10732 -0.88839 0.44637
vn 0.00148 -0.89363 0.44879
vn 0.11053 -0.88841 0.44555
vn 0.22564 -0.87118 0.43605
vn 0.34853 -0.83862 0.41861
vn 0.47578 -0.78805 0.39066
vn 0.60002 -0.71969 0.34932
vn 0.71231 -0.63810 0.29230
vn 0.80465 -0.55196 0.21880
vn 0.87179 -0.47235 0.12988
vn 0.91168 -0.40993 0.02807
vn 0.94244 -0.33420 -0.01129
vn 0.97269 -0.20384 -0.11101
vn 0.96579 -0.19884 -0.16647
vn 0.93755 -0.18412 -0.29513
vn 0.88940 -0.17779 -0.42115
vn 0.82102 -0.17865 -0.54223
vn 0.73206 -0.18500 -0.65563
vn 0.62244 -0.19469 -0.75807
vn 0.49283 -0.20526 -0.84557
vn 0.34527 -0.21421 -0.91373
vn 0.18363 -0.21934 -0.95821
vn 0.01370 -0.21926 -0.97557
vn -0.15735 -0.21370 -0.96414
vn -0.32197 -0.20359 -0.92460
vn -0.47351 -0.19087 -0.85986
vn -0.60721 -0.17801 -0.77434
vn -0.72046 -0.16757 -0.67294
vn -0.81243 -0.16185 -0.56014
vn -0.88330 -0.16279 -0.43963
vn -0.93364 -0.17183 -0.31431
vn -0.96393 -0.18988 -0.18650
vn -0.97437 -0.21729 -0.05816
vn -0.96481 -0.25374 0.06898
vn -0.93472 -0.29822 0.19328
vn -0.88328 -0.34899 0.31309
vn -0.80947 -0.40350 0.42655
vn -0.71265 -0.45825 0.53117
vn -0.59373 -0.50888 0.62332
vn -0.45686 -0.55078 0.69851
vn -0.30961 -0.58069 0.75296
vn -0.15991 -0.59779 0.78554
vn -0.01152 -0.60303 0.79763
vn 0.13690 -0.59695 0.79051
vn 0.28719 -0.57867 0.76332
vn 0.43636 -0.54726 0.71422
vn 0.57647 -0.50393 0.64323
vn 0.69915 -0.45255 0.55352
vn 0.79949 -0.39808 0.44983
vn 0.87626 -0.34503 0.33633
vn 0.93022 -0.29672 0.21597
vn 0.96254 -0.25545 0.09087
vn 0.97174 -0.23548 0.01673
vn 0.92918 -0.34116 -0.14226
vn 0.89558 -0.38707 -0.21933
vn 0.86904 -0.36212 -0.33711
vn 0.82481 -0.33974 -0.45196
vn 0.76236 -0.32005 -0.56247
vn 0.68079 -0.30311 -0.66682
vn 0.57911 -0.28900 -0.76230
vn 0.45692 -0.27786 -0.84500
vn 0.31545 -0.26982 -0.90978
vn 0.15861 -0.26504 -0.95110
vn -0.00668 -0.26361 -0.96461
vn -0.17158 -0.26555 -0.94871
vn -0.32734 -0.27079 -0.90527
vn -0.46730 -0.27920 -0.83886
vn -0.58782 -0.29062 -0.75499
vn -0.68784 -0.30491 -0.65871
vn -0.76786 -0.32199 -0.55382
vn -0.82885 -0.34180 -0.44293
vn -0.87169 -0.36428 -0.32781
vn -0.89687 -0.38935 -0.20985
vn -0.90450 -0.41681 -0.09030
vn -0.89434 -0.44640 0.02957
vn -0.86588 -0.47771 0.14847
vn -0.81822 -0.51021 0.26496
vn -0.75013 -0.54310 0.37730
vn -0.66044 -0.57515 0.48273
vn -0.54934 -0.60445 0.57694
vn -0.42026 -0.62868 0.65433
vn -0.28027 -0.64593 0.71009
vn -0.13703 -0.65569 0.74249
vn 0.00567 -0.65854 0.75252
vn 0.14848 -0.65492 0.74097
vn 0.29176 -0.64442 0.70682
vn 0.43125 -0.62657 0.64918
vn 0.55910 -0.60195 0.57015
vn 0.66851 -0.57245 0.47475
vn 0.75641 -0.54037 0.36857
vn 0.82280 -0.50752 0.25579
vn 0.86887 -0.47511 0.13904
vn 0.89585 -0.44390 0.02002
vn 0.86942 -0.49130 -0.05233
vn 0.70553 -0.67736 -0.20835
vn 0.65971 -0.70256 -0.26682
vn 0.63716 -0.68509 -0.35311
vn 0.60063 -0.67008 -0.43615
vn 0.55029 -0.65758 -0.51456
vn 0.48619 -0.64752 -0.58681
vn 0.40846 -0.63977 -0.65104
vn 0.31769 -0.63414 -0.70493
vn 0.21540 -0.63043 -0.74576
vn 0.10444 -0.62841 -0.77084
vn -0.01100 -0.62790 -0.77822
vn -0.12591 -0.62883 -0.76728
vn -0.23543 -0.63128 -0.73895
vn -0.33562 -0.63541 -0.69542
vn -0.42393 -0.64144 -0.63940
vn -0.49907 -0.64959 -0.57355
vn -0.56059 -0.66005 -0.50007
vn -0.60838 -0.67296 -0.42072
vn -0.64233 -0.68837 -0.33699
vn -0.66227 -0.70624 -0.25026
vn -0.66793 -0.72638 -0.16197
vn -0.65906 -0.74848 -0.07360
vn -0.63539 -0.77208 0.01335
vn -0.59666 -0.79656 0.09739
vn -0.54258 -0.82116 0.17695
vn -0.47312 -0.84477 0.25003
vn -0.38934 -0.86596 0.31388
vn -0.29444 -0.88310 0.36529
vn -0.19357 -0.89507 0.40173
vn -0.09163 -0.90169 0.42255
vn 0.00950 -0.90348 0.42852
vn 0.11084 -0.90070 0.42005
vn 0.21298 -0.89303 0.39641
vn 0.31323 -0.88003 0.35697
vn 0.40637 -0.86205 0.30286
vn 0.48754 -0.84034 0.23692
vn 0.55406 -0.81649 0.16237
vn 0.60519 -0.79187 0.08181
vn 0.64104 -0.76750 -0.00290
vn 0.66191 -0.74413 -0.09023
vn 0.61581 -0.77543 -0.13959
vn 0.41281 -0.87924 -0.23773
vn 0.37977 -0.88345 -0.27438
vn 0.36478 -0.87306 -0.32357
vn 0.34137 -0.86394 -0.37023
vn 0.30993 -0.85616 -0.41345
vn 0.27083 -0.84971 -0.45237
vn 0.22452 -0.84459 -0.48607
vn 0.17165 -0.84074 -0.51351
vn 0.11329 -0.83812 -0.53360
vn 0.05102 -0.83667 -0.54532
vn -0.01306 -0.83637 -0.54801
vn -0.07664 -0.83720 -0.54150
vn -0.13747 -0.83917 -0.52620
vn -0.19368 -0.84232 -0.50298
vn -0.24393 -0.84669 -0.47288
vn -0.28735 -0.85233 -0.43700
vn -0.32340 -0.85928 -0.39629
vn -0.35166 -0.86758 -0.35162
vn -0.37175 -0.87720 -0.30385
vn -0.38328 -0.88804 -0.25393
vn -0.38593 -0.89994 -0.20290
vn -0.37951 -0.91263 -0.15189
vn -0.36398 -0.92581 -0.10200
vn -0.33939 -0.93908 -0.05429
vn -0.30589 -0.95202 -0.00978
vn -0.26388 -0.96408 0.03038
vn -0.21440 -0.97460 0.06478
vn -0.15957 -0.98290 0.09188
vn -0.10236 -0.98857 0.11066
vn -0.04516 -0.99162 0.12101
vn 0.01142 -0.99229 0.12340
vn 0.06827 -0.99066 0.11800
vn 0.12579 -0.98656 0.10432
vn 0.18246 -0.97979 0.08203
vn 0.23542 -0.97052 0.05171
vn 0.28199 -0.95930 0.01473
vn 0.32057 -0.94683 -0.02738
vn 0.35046 -0.93370 -0.07332
vn 0.37139 -0.92042 -0.12203
vn 0.38325 -0.90739 -0.17251
vn 0.33351 -0.92214 -0.19604
vn 0.16853 -0.95597 -0.24026
vn 0.16453 -0.95091 -0.26209
vn 0.15664 -0.94619 -0.28318
vn 0.14507 -0.94192 -0.30289
vn 0.13006 -0.93816 -0.32085
vn 0.11185 -0.93495 -0.33670
vn 0.09070 -0.93231 -0.35010
vn 0.06696 -0.93029 -0.36066
vn 0.04117 -0.92892 -0.36799
vn 0.01402 -0.92822 -0.37177
vn -0.01360 -0.92822 -0.37179
vn -0.04076 -0.92890 -0.36807
vn -0.06658 -0.93027 -0.36079
vn -0.09034 -0.93228 -0.35028
vn -0.11153 -0.93490 -0.33693
vn -0.12978 -0.93811 -0.32112
vn -0.14484 -0.94186 -0.30320
vn -0.15646 -0.94612 -0.28352
vn -0.16442 -0.95083 -0.26246
vn -0.16850 -0.95592 -0.24046
vn -0.16853 -0.96128 -0.21804
vn -0.16445 -0.96677 -0.19575
vn -0.15630 -0.97224 -0.17412
vn -0.14415 -0.97755 -0.15365
vn -0.12817 -0.98255 -0.13479
vn -0.10862 -0.98705 -0.11805
vn -0.08611 -0.99084 -0.10406
vn -0.06175 -0.99371 -0.09344
vn -0.03686 -0.99557 -0.08651
vn -0.01231 -0.99646 -0.08317
vn 0.01194 -0.99647 -0.08315
vn 0.03648 -0.99559 -0.08644
vn 0.06136 -0.99374 -0.09331
vn 0.08574 -0.99089 -0.10388
vn 0.10827 -0.98712 -0.11781
vn 0.12787 -0.98263 -0.13451
vn 0.14391 -0.97764 -0.15333
vn 0.15612 -0.97233 -0.17377
vn 0.16434 -0.96686 -0.19538
vn 0.16849 -0.96137 -0.21766
vn 0.16853 -0.96168 -0.21626
f 1/1/1 42/42/42 2/2/2
f 2/2/2 42/42/42 43/43/43
f 2/2/2 43/43/43 3/3/3
f 3/3/3 43/43/43 44/44/44
f 3/3/3 44/44/44 4/4/4
f 4/4/4 44/44/44 45/45/45
f 4/4/4 45/45/45 5/5/5
f 5/5/5 45/45/45 46/46/46
f 5/5/5 46/46/46 6/6/6
f 6/6/6 46/46/46 47/47/47
f 6/6/6 47/47/47 7/7/7
f 7/7/7 47/47/47 48/48/48
f 7/7/7 48/48/48 8/8/8
f 8/8/8 48/48/48 49/49/49
f 8/8/8 49/49/49 9/9/9
f 9/9/9 49/49/49 50/50/50
f 9/9/9 50/50/50 10/10/10
f 10/10/10 50/50/50 51/51/51
f 10/10/10 51/51/51 11/11/11
f 11/11/11 51/51/51 52/52/52
f 11/11/11 52/52/52 12/12/12
f 12/12/12 52/52/52 53/53/53
f 12/12/12 53/53/53 13/13/13
f 13/13/13 53/53/53 54/54/54
f 13/13/13 54/54/54 14/14/14
f 14/14/14 54/54/54 55/55/55
f 14/14/14 55/55/55 15/15/15
f 15/15/15 55/55/55 56/56/56
f 15/15/15 56/56/56 16/16/16
f 16/16/16 56/56/56 57/57/57
f 16/16/16 57/57/57 17/17/17
f 17/17/17 57/57/57 58/58/58
f 17/17/17 58/58/58 18/18/18
f 18/18/18 58/58/58 59/59/59
f 18/18/18 59/59/59 19/19/19
f 19/19/19 59/59/59 60/60/60
f 19/19/19 60/60/60 20/20/20
f 20/20/20 60/60/60 61/61/61
f 20/20/20 61/61/61 21/21/21
f 21/21/21 61/61/61 62/62/62
f 21/21/21 62/62/62 22/22/22
f 22/22/22 62/62/62 63/63/63
f 22/22/22 63/63/63 23/23/23
f 23/23/23 63/63/63 64/64/64
f 23/23/23 64/64/64 24/24/24
f 24/24/24 64/64/64 65/65/65
f 24/24/24 65/65/65 25/25/25
f 25/25/25 65/65/65 66/66/66
f 25/25/25 66/66/66 26/26/26
f 26/26/26 66/66/66 67/67/67
f 26/26/26 67/67/67 27/27/27
f 27/27/27 67/67/67 68/68/68
f 27/27/27 68/68/68 28/28/28
f 28/28/28 68/68/68 69/69/69
f 28/28/28 69/69/69 29/29/29
f 29/29/29 69/69/69 70/70/70
f 29/29/29 70/70/70 30/30/30
f 30/30/30 70/70/70 71/71/71
f 30/30/30 71/71/71 31/31/31
f 31/31/31 71/71/71 72/72/72
f 31/31/31 72/72/72 32/32/32
f 32/32/32 72/72/72 73/73/73
f 32/32/32 73/73/73 33/33/33
f 33/33/33 73/73/73 74/74/74
f 33/33/33 74/74/74 34/34/34
f 34/34/34 74/74/74 75/75/75
f 34/34/34 75/75/75 35/35/35
f 35/35/35 75/75/75 76/76/76
f 35/35/35 76/76/76 36/36/36
f 36/36/36 76/76/76 77/77/77
f 36/36/36 77/77/77 37/37/37
f 37/37/37 77/77/77 78/78/78
f 37/37/37 78/78/78 38/38/38
f 38/38/38 78/78/78 79/79/79
f 38/38/38 79/79/79 39/39/39
f 39/39/39 79/79/79 80/80/80
f 39/39/39 80/80/80 40/40/40
f 40/40/40 80/80/80 81/81/81
f 40/40/40 81/81/81 41/41/41
f 41/41/41 81/81/81 82/82/82
f 42/42/42 83/83/83 43/43/43
f 43/43/43 83/83/83 84/84/84
f 43/43/43 84/84/84 44/44/44
f 44/44/44 84/84/84 85/85/85
f 44/44/44 85/85/85 45/45/45
f 45/45/45 85/85/85 86/86/86
f 45/45/45 86/86/86 46/46/46
f 46/46/46 86/86/86 87/87/87
f 46/46/46 87/87/87 47/47/47
f 47/47/47 87/87/87 88/88/88
f 47/47/47 88/88/88 48/48/48
f 48/48/48 88/88/88 89/89/89
f 48/48/48 89/89/89 49/49/49
f 49/49/49 89/89/89 90/90/90
f 49/49/49 90/90/90 50/50/50
f 50/50/50 90/90/90 91/91/91
f 50/50/50 91/91/91 51/51/51
f 51/51/51 91/91/91 92/92/92
f 51/51/51 92/92/92 52/52/52
f 52/52/52 92/92/92 93/93/93
f 52/52/52 93/93/93 53/53/53
f 53/53/53 93/93/93 94/94/94
f 53/53/53 94/94/94 54/54/54
f 54/54/54 94/94/94 95/95/95
f 54/54/54 95/95/95 55/55/55
f 55/55/55 95/95/95 96/96/96
f 55/55/55 96/96/96 56/56/56
f 56/56/56 96/96/96 97/97/97
f 56/56/56 97/97/97 57/57/57
f 57/57/57 97/97/97 98/98/98
f 57/57/57 98/98/98 58/58/58
f 58/58/58 98/98/98 99/99/99
f 58/58/58 99/99/99 59/59/59
f 59/59/59 99/99/99 100/100/100
f 59/59/59 100/100/100 60/60/60
f 60/60/60 100/100/100 101/101/101
f 60/60/60 101/101/101 61/61/61
f 61/61/61 101/101/101 102/102/102
f 61/61/61 102/102/102 62/62/62
f 62/62/62 102/102/102 103/103/103
f 62/62/62 103/103/103 63/63/63
f 63/63/63 103/103/103 104/104/104
f 63/63/63 104/104/104 64/64/64
f 64/64/64 104/104/104 105/105/105
f 64/64/64 105/105/105 65/65/65
f 65/65/65 105/105/105 106/106/106
f 65/65/65 106/106/106 66/66/66
f 66/66/66 106/106/106 107/107/107
f 66/66/66 107/107/107 67/67/67
f 67/67/67 107/107/107 108/108/108
f 67/67/67 108/108/108 68/68/68
f 68/68/68 108/108/108 109/109/109
f 68/68/68 109/109/109 69/69/69
f 69/69/69 109/109/109 110/110/110
f 69/69/69 110/110/110 70/70/70
f 70/70/70 110/110/110 111/111/111
f 70/70/70 111/111/111 71/71/71
f 71/71/71 111/111/111 112/112/112
f 71/71/71 112/112/112 72/72/72
f 72/72/72 112/112/112 113/113/113
f 72/72/72 113/113/113 73/73/73
f 73/73/73 113/113/113 114/114/114
f 73/73/73 114/114/114 74/74/74
f 74/74/74 114/114/114 115/115/115
f 74/74/74 115/115/115 75/75/75
f 75/75/75 115/115/115 116/116/116
f 75/75/75 116/116/116 76/76/76
f 76/76/76 116/116/116 117/117/117
f 76/76/76 117/117/117 77/77/77
f 77/77/77 117/117/117 118/118/118
f 77/77/77 118/118/118 78/78/78
f 78/78/78 118/118/118 119/119/119
f 78/78/78 119/119/119 79/79/79
f 79/79/79 119/119/119 120/120/120
f 79/79/79 120/120/120 80/80/80
f 80/80/80 120/120/120 121/121/121
f 80/80/80 121/121/121 81/81/81
f 81/81/81 121/121/121 122/122/122
f 81/81/81 122/122/122 82/82/82
f 82/82/82 122/122/122 123/123/123
f 83/83/83 124/124/124 84/84/84
f 84/84/84 124/124/124 125/125/125
f 84/84/84 125/125/125 85/85/85
f 85/85/85 125/125/125 126/126/126
f 85/85/85 126/126/126 86/86/86
f 86/86/86 126/126/126 127/127/127
f 86/86/86 127/127/127 87/87/87
f 87/87/87 127/127/127 128/128/128
f 87/87/87 128/128/128 88/88/88
f 88/88/88 128/128/128 129/129/129
f 88/88/88 129/129/129 89/89/89
f 89/89/89 129/129/129 130/130/130
f 89/89/89 130/130/130 90/90/90
f 90/90/90 130/130/130 131/131/131
f 90/90/90 131/131/131 91/91/91
f 91/91/91 131/131/131 132/132/132
f 91/91/91 132/132/132 92/92/92
f 92/92/92 132/132/132 133/133/133
f 92/92/92 133/133/133 93/93/93
f 93/93/93 133/133/133 134/134/134
f 93/93/93 134/134/134 94/94/94
f 94/94/94 134/134/134 135/135/135
f 94/94/94 135/135/135 95/95/95
f 95/95/95 135/135/135 136/136/136
f 95/95/95 136/136/136 96/96/96
f 96/96/96 136/136/136 137/137/137
f 96/96/96 137/137/137 97/97/97
f 97/97/97 137/137/137 138/138/138
f 97/97/97 138/138/138 98/98/98
f 98/98/98 138/138/138 139/139/139
f 98/98/98 139/139/139 99/99/99
f 99/99/99 139/139/139 140/140/140
f 99/99/99 140/140/140 100/100/100
f 100/100/100 140/140/140 141/141/141
f 100/100/100 141/141/141 101/101/101
f 101/101/101 141/141/141 142/142/142
f 101/101/101 142/142/142 102/102/102
f 102/102/102 142/142/142 143/143/143
f 102/102/102 143/143/143 103/103/103
f 103/103/103 143/143/143 144/144/144
f 103/103/103 144/144/144 104/104/104
f 104/104/104 144/144/144 145/145/145
f 104/104/104 145/145/145 105/105/105
f 105/105/105 145/145/145 146/146/146
f 105/105/105 146/146/146 106/106/106
f 106/106/106 146/146/146 147/147/147
f 106/106/106 147/147/147 107/107/107
f 107/107/107 147/147/147 148/148/148
f 107/107/107 148/148/148 108/108/108
f 108/108/108 148/148/148 149/149/149
f 108/108/108 149/149/149 109/109/109
f 109/109/109 149/149/149 150/150/150
f 109/109/109 150/150/150 110/110/110
f 110/110/110 150/150/150 151/151/151
f 110/110/110 151/151/151 111/111/111
f 111/111/111 151/151/151 152/152/152
f 111/111/111 152/152/152 112/112/112
f 112/112/112 152/152/152 153/153/153
f 112/112/112 153/153/153 113/113/113
f 113/113/113 153/153/153 154/154/154
f 113/113/113 154/154/154 114/114/114
f 114/114/114 154/154/154 155/155/155
f 114/114/114 155/155/155 115/115/115
f 115/115/115 155/155/155 156/156/156
f 115/115/115 156/156/156 116/116/116
f 116/116/116 156/156/156 157/157/157
f 116/116/116 157/157/157 117/117/117
f 117/117/117 157/157/157 158/158/158
f 117/117/117 158/158/158 118/118/118
f 118/118/118 158/158/158 159/159/159
f 118/118/118 159/159/159 119/119/119
f 119/119/119 159/159/159 160/160/160
f 119/119/119 160/160/160 120/120/120
f 120/120/120 160/160/160 161/161/161
f 120/120/120 161/161/161 121/121/121
f 121/121/121 161/161/161 162/162/162
f 121/121/121 162/162/162 122/122/122
f 122/122/122 162/162/162 163/163/163
f 122/122/122 163/163/163 123/123/123
f 123/123/123 163/163/163 164/164/164
f 124/124/124 165/165/165 125/125/125
f 125/125/125 165/165/165 166/166/166
f 125/125/125 166/166/166 126/126/126
f 126/126/126 166/166/166 167/167/167
f 126/126/126 167/167/167 127/127/127
f 127/127/127 167/167/167 168/168/168
f 127/127/127 168/168/168 128/128/128
f 128/128/128 168/168/168 169/169/169
f 128/128/128 169/169/169 129/129/129
f 129/129/129 169/169/169 170/170/170
f 129/129/129 170/170/170 130/130/130
f 130/130/130 170/170/170 171/171/171
f 130/130/130 171/171/171 131/131/131
f 131/131/131 171/171/171 172/172/172
f 131/131/131 172/172/172 132/132/132
f 132/132/132 172/172/172 173/173/173
f 132/132/132 173/173/173 133/133/133
f 133/133/133 173/173/173 174/174/174
f 133/133/133 174/174/174 134/134/134
f 134/134/134 174/174/174 175/175/175
f 134/134/134 175/175/175 135/135/135
f 135/135/135 175/175/175 176/176/176
f 135/135/135 176/176/176 136/136/136
f 136/136/136 176/176/176 177/177/177
f 136/136/136 177/177/177 137/137/137
f 137/137/137 177/177/177 178/178/178
f 137/137/137 178/178/178 138/138/138
f 138/138/138 178/178/178 179/179/179
f 138/138/138 179/179/179 139/139/139
f 139/139/139 179/179/179 180/180/180
f 139/139/139 180/180/180 140/140/140
f 140/140/140 180/180/180 181/181/181
f 140/140/140 181/181/181 141/141/141
f 141/141/141 181/181/181 182/182/182
f 141/141/141 182/182/182 142/142/142
f 142/142/142 182/182/182 183/183/183
f 142/142/142 183/183/183 143/143/143
f 143/143/143 183/183/183 184/184/184
f 143/143/143 184/184/184 144/144/144
f 144/144/144 184/184/184 185/185/185
f 144/144/144 185/185/185 145/145/145
f 145/145/145 185/185/185 186/186/186
f 145/145/145 186/186/186 146/146/146
f 146/146/146 186/186/186 187/187/187
f 146/146/146 187/187/187 147/147/147
f 147/147/147 187/187/187 188/188/188
f 147/147/147 188/188/188 148/148/148
f 148/148/148 188/188/188 189/189/189
f 148/148/148 189/189/189 149/149/149
f 149/149/149 189/189/189 190/190/190
f 149/149/149 190/190/190 150/150/150
f 150/150/150 190/190/190 191/191/191
f 150/150/150 191/191/191 151/151/151
f 151/151/151 191/191/191 192/192/192
f 151/151/151 192/192/192 152/152/152
f 152/152/152 192/192/192 193/193/193
f 152/152/152 193/193/193 153/153/153
f 153/153/153 193/193/193 194/194/194
f 153/153/153 194/194/194 154/154/154
f 154/154/154 194/194/194 195/195/195
f 154/154/154 195/195/195 155/155/155
f 155/155/155 195/195/195 196/196/196
f 155/155/155 196/196/196 156/156/156
f 156/156/156 196/196/196 197/197/197
f 156/156/156 197/197/197 157/157/157
f 157/157/157 197/197/197 198/198/198
f 157/157/157 198/198/198 158/158/158
f 158/158/158 198/198/198 199/199/199
f 158/158/158 199/199/199 159/159/159
f 159/159/159 199/199/199 200/200/200
f 159/159/159 200/200/200 160/160/160
f 160/160/160 200/200/200 201/201/201
f 160/160/160 201/201/201 161/161/161
f 161/161/161 201/201/201 202/202/202
f 161/161/161 202/202/202 162/162/162
f 162/162/162 202/202/202 203/203/203
f 162/162/162 203/203/203 163/163/163
f 163/163/163 203/203/203 204/204/204
f 163/163/163 204/204/204 164/164/164
f 164/164/164 204/204/204 205/205/205
f 165/165/165 206/206/206 166/166/166
f 166/166/166 206/206/206 207/207/207
f 166/166/166 207/207/207 167/167/167
f 167/167/167 207/207/207 208/208/208
f 167/167/167 208/208/208 168/168/168
f 168/168/168 208/208/208 209/209/209
f 168/168/168 209/209/209 169/169/169
f 169/169/169 209/209/209 210/210/210
f 169/169/169 210/210/210 170/170/170
f 170/170/170 210/210/210 211/211/211
f 170/170/170 211/211/211 171/171/171
f 171/171/171 211/211/211 212/212/212
f 171/171/171 212/212/212 172/172/172
f 172/172/172 212/212/212 213/213/213
f 172/172/172 213/213/213 173/173/173
f 173/173/173 213/213/213 214/214/214
f 173/173/173 214/214/214 174/174/174
f 174/174/174 214/214/214 215/215/215
f 174/174/174 215/215/215 175/175/175
f 175/175/175 215/215/215 216/216/216
f 175/175/175 216/216/216 176/176/176
f 176/176/176 216/216/216 217/217/217
f 176/176/176 217/217/217 177/177/177
f 177/177/177 217/217/217 218/218/218
f 177/177/177 218/218/218 178/178/178
f 178/178/178 218/218/218 219/219/219
f 178/178/178 219/219/219 179/179/179
f 179/179/179 219/219/219 220/220/220
f 179/179/179 220/220/220 180/180/180
f 180/180/180 220/220/220 221/221/221
f 180/180/180 221/221/221 181/181/181
f 181/181/181 221/221/221 222/222/222
f 181/181/181 222/222/222 182/182/182
f 182/182/182 222/222/222 223/223/223
f 182/182/182 223/223/223 183/183/183
f 183/183/183 223/223/223 224/224/224
f 183/183/183 224/224/224 184/184/184
f 184/184/184 224/224/224 225/225/225
f 184/184/184 225/225/225 185/185/185
f 185/185/185 225/225/225 226/226/226
f 185/185/185 226/226/226 186/186/186
f 186/186/186 226/226/226 227/227/227
f 186/186/186 227/227/227 187/187/187
f 187/187/187 227/227/227 228/228/228
f 187/187/187 228/228/228 188/188/188
f 188/188/188 228/228/228 229/229/229
f 188/188/188 229/229/229 189/189/189
f 189/189/189 229/229/229 230/230/230
f 189/189/189 230/230/230 190/190/190
f 190/190/190 230/230/230 231/231/231
f 190/190/190 231/231/231 191/191/191
f 191/191/191 231/231/231 232/232/232
f 191/191/191 232/232/232 192/192/192
f 192/192/192 232/232/232 233/233/233
f 192/192/192 233/233/233 193/193/193
f 193/193/193 233/233/233 234/234/234
f 193/193/193 234/234/234 194/194/194
f 194/194/194 234/234/234 235/235/235
f 194/194/194 235/235/235 195/195/195
f 195/195/195 235/235/235 236/236/236
f 195/195/195 236/236/236 196/196/196
f 196/196/196 236/236/236 237/237/237
f 196/196/196 237/237/237 197/197/197
f 197/197/197 237/237/237 238/238/238
f 197/197/197 238/238/238 198/198/198
f 198/198/198 238/238/238 239/239/239
f 198/198/198 239/239/239 199/199/199
f 199/199/199 239/239/239 240/240/240
f 199/199/199 240/240/240 200/200/200
f 200/200/200 240/240/240 241/241/241
f 200/200/200 241/241/241 201/201/201
f 201/201/201 241/241/241 242/242/242
f 201/201/201 242/242/242 202/202/202
f 202/202/202 242/242/242 243/243/243
f 202/202/202 243/243/243 203/203/203
f 203/203/203 243/243/243 244/244/244
f 203/203/203 244/244/244 204/204/204
f 204/204/204 244/244/244 245/245/245
f 204/204/204 245/245/245 205/205/205
f 205/205/205 245/245/245 246/246/246
f 206/206/206 247/247/247 207/207/207
f 207/207/207 247/247/247 248/248/248
f 207/207/207 248/248/248 208/208/208
f 208/208/208 248/248/248 249/249/249
f 208/208/208 249/249/249 209/209/209
f 209/209/209 249/249/249 250/250/250
f 209/209/209 250/250/250 210/210/210
f 210/210/210 250/250/250 251/251/251
f 210/210/210 251/251/251 211/211/211
f 211/211/211 251/251/251 252/252/252
f 211/211/211 252/252/252 212/212/212
f 212/212/212 252/252/252 253/253/253
f 212/212/212 253/253/253 213/213/213
f 213/213/213 253/253/253 254/254/254
f 213/213/213 254/254/254 214/214/214
f 214/214/214 254/254/254 255/255/255
f 214/214/214 255/255/255 215/215/215
f 215/215/215 255/255/255 256/256/256
f 215/215/215 256/256/256 216/216/216
f 216/216/216 256/256/256 257/257/257
f 216/216/216 257/257/257 217/217/217
f 217/217/217 257/257/257 258/258/258
f 217/217/217 258/258/258 218/218/218
f 218/218/218 258/258/258 259/259/259
f 218/218/218 259/259/259 219/219/219
f 219/219/219 259/259/259 260/260/260
f 219/219/219 260/260/260 220/220/220
f 220/220/220 260/260/260 261/261/261
f 220/220/220 261/261/261 221/221/221
f 221/221/221 261/261/261 262/262/262
f 221/221/221 262/262/262 222/222/222
f 222/222/222 262/262/262 263/263/263
f 222/222/222 263/263/263 223/223/223
f 223/223/223 263/263/263 264/264/264
f 223/223/223 264/264/264 224/224/224
f 224/224/224 264/264/264 265/265/265
f 224/224/224 265/265/265 225/225/225
f 225/225/225 265/265/265 266/266/266
f 225/225/225 266/266/266 226/226/226
f 226/226/226 266/266/266 267/267/267
f 226/226/226 267/267/267 227/227/227
f 227/227/227 267/267/267 268/268/268
f 227/227/227 268/268/268 228/228/228
f 228/228/228 268/268/268 269/269/269
f 228/228/228 269/269/269 229/229/229
f 229/229/229 269/269/269 270/270/270
f 229/229/229 270/270/270 230/230/230
f 230/230/230 270/270/270 271/271/271
f 230/230/230 271/271/271 231/231/231
f 231/231/231 271/271/271 272/272/272
f 231/231/231 272/272/272 232/232/232
f 232/232/232 272/272/272 273/273/273
f 232/232/232 273/273/273 233/233/233
f 233/233/233 273/273/273 274/274/274
f 233/233/233 274/274/274 234/234/234
f 234/234/234 274/274/274 275/275/275
f 234/234/234 275/275/275 235/235/235
f 235/235/235 275/275/275 276/276/276
f 235/235/235 276/276/276 236/236/236
f 236/236/236 276/276/276 277/277/277
f 236/236/236 277/277/277 237/237/237
f 237/237/237 277/277/277 278/278/278
f 237/237/237 278/278/278 238/238/238
f 238/238/238 278/278/278 279/279/279
f 238/238/238 279/279/279 239/239/239
f 239/239/239 279/279/279 280/280/280
f 239/239/239 280/280/280 240/240/240
f 240/240/240 280/280/280 281/281/281
f 240/240/240 281/281/281 241/241/241
f 241/241/241 281/281/281 282/282/282
f 241/241/241 282/282/282 242/242/242
f 242/242/242 282/282/282 283/283/283
f 242/242/242 283/283/283 243/243/243
f 243/243/243 283/283/283 284/284/284
f 243/243/243 284/284/284 244/244/244
f 244/244/244 284/284/284 285/285/285
f 244/244/244 285/285/285 245/245/245
f 245/245/245 285/285/285 286/286/286
f 245/245/245 286/286/286 246/246/246
f 246/246/246 286/286/286 287/287/287
f 247/247/247 288/288/288 248/248/248
f 248/248/248 288/288/288 289/289/289
f 248/248/248 289/289/289 249/249/249
f 249/249/249 289/289/289 290/290/290
f 249/249/249 290/290/290 250/250/250
f 250/250/250 290/290/290 291/291/291
f 250/250/250 291/291/291 251/251/251
f 251/251/251 291/291/291 292/292/292
f 251/251/251 292/292/292 252/252/252
f 252/252/252 292/292/292 293/293/293
f 252/252/252 293/293/293 253/253/253
f 253/253/253 293/293/293 294/294/294
f 253/253/253 294/294/294 254/254/254
f 254/254/254 294/294/294 295/295/295
f 254/254/254 295/295/295 255/255/255
f 255/255/255 295/295/295 296/296/296
f 255/255/255 296/296/296 256/256/256
f 256/256/256 296/296/296 297/297/297
f 256/256/256 297/297/297 257/257/257
f 257/257/257 297/297/297 298/298/298
f 257/257/257 298/298/298 258/258/258
f 258/258/258 298/298/298 299/299/299
f 258/258/258 299/299/299 259/259/259
f 259/259/259 299/299/299 300/300/300
f 259/259/259 300/300/300 260/260/260
f 260/260/260 300/300/300 301/301/301
f 260/260/260 301/301/301 261/261/261
f 261/261/261 301/301/301 302/302/302
f 261/261/261 302/302/302 262/262/262
f 262/262/262 302/302/302 303/303/303
f 262/262/262 303/303/303 263/263/263
f 263/263/263 303/303/303 304/304/304
f 263/263/263 304/304/304 264/264/264
f 264/264/264 304/304/304 305/305/305
f 264/264/264 305/305/305 265/265/265
f 265/265/265 305/305/305 306/306/306
f 265/265/265 306/306/306 266/266/266
f 266/266/266 306/306/306 307/307/307
f 266/266/266 307/307/307 267/267/267
f 267/267/267 307/307/307 308/308/308
f 267/267/267 308/308/308 268/268/268
f 268/268/268 308/308/308 309/309/309
f 268/268/268 309/309/309 269/269/269
f 269/269/269 309/309/309 310/310/310
f 269/269/269 310/310/310 270/270/270
f 270/270/270 310/310/310 311/311/311
f 270/270/270 311/311/311 271/271/271
f 271/271/271 311/311/311 312/312/312
f 271/271/271 312/312/312 272/272/272
f 272/272/272 312/312/312 313/313/313
f 272/272/272 313/313/313 273/273/273
f 273/273/273 313/313/313 314/314/314
f 273/273/273 314/314/314 274/274/274
f 274/274/274 314/314/314 315/315/315
f 274/274/274 315/315/315 275/275/275
f 275/275/275 315/315/315 316/316/316
f 275/275/275 316/316/316 276/276/276
f 276/276/276 316/316/316 317/317/317
f 276/276/276 317/317/317 277/277/277
f 277/277/277 317/317/317 318/318/318
f 277/277/277 318/318/318 278/278/278
f 278/278/278 318/318/318 319/319/319
f 278/278/278 319/319/319 279/279/279
f 279/279/279 319/319/319 320/320/320
f 279/279/279 320/320/320 280/280/280
f 280/280/280 320/320/320 321/321/321
f 280/280/280 321/321/321 281/281/281
f 281/281/281 321/321/321 322/322/322
f 281/281/281 322/322/322 282/282/282
f 282/282/282 322/322/322 323/323/323
f 282/282/282 323/323/323 283/283/283
f 283/283/283 323/323/323 324/324/324
f 283/283/283 324/324/324 284/284/284
f 284/284/284 324/324/324 325/325/325
f 284/284/284 325/325/325 285/285/285
f 285/285/285 325/325/325 326/326/326
f 285/285/285 326/326/326 286/286/286
f 286/286/286 326/326/326 327/327/327
f 286/286/286 327/327/327 287/287/287
f 287/287/287 327/327/327 328/328/328
f 288/288/288 329/329/329 289/289/289
f 289/289/289 329/329/329 330/330/330
f 289/289/289 330/330/330 290/290/290
f 290/290/290 330/330/330 331/331/331
f 290/290/290 331/331/331 291/291/291
f 291/291/291 331/331/331 332/332/332
f 291/291/291 332/332/332 292/292/292
f 292/292/292 332/332/332 333/333/333
f 292/292/292 333/333/333 293/293/293
f 293/293/293 333/333/333 334/334/334
f 293/293/293 334/334/334 294/294/294
f 294/294/294 334/334/334 335/335/335
f 294/294/294 335/335/335 295/295/295
f 295/295/295 335/335/335 336/336/336
f 295/295/295 336/336/336 296/296/296
f 296/296/296 336/336/336 337/337/337
f 296/296/296 337/337/337 297/297/297
f 297/297/297 337/337/337 338/338/338
f 297/297/297 338/338/338 298/298/298
f 298/298/298 338/338/338 339/339/339
f 298/298/298 339/339/339 299/299/299
f 299/299/299 339/339/339 340/340/340
f 299/299/299 340/340/340 300/300/300
f 300/300/300 340/340/340 341/341/341
f 300/300/300 341/341/341 301/301/301
f 301/301/301 341/341/341 342/342/342
f 301/301/301 342/342/342 302/302/302
f 302/302/302 342/342/342 343/343/343
f 302/302/302 343/343/343 303/303/303
f 303/303/303 343/343/343 344/344/344
f 303/303/303 344/344/344 304/304/304
f 304/304/304 344/344/344 345/345/345
f 304/304/304 345/345/345 305/305/305
f 305/305/305 345/345/345 346/346/346
f 305/305/305 346/346/346 306/306/306
f 306/306/306 346/346/346 347/347/347
f 306/306/306 347/347/347 307/307/307
f 307/307/307 347/347/347 348/348/348
f 307/307/307 348/348/348 308/308/308
f 308/308/308 348/348/348 349/349/349
f 308/308/308 349/349/349 309/309/309
f 309/309/309 349/349/349 350/350/350
f 309/309/309 350/350/350 310/310/310
f 310/310/310 350/350/350 351/351/351
f 310/310/310 351/351/351 311/311/311
f 311/311/311 351/351/351 352/352/352
f 311/311/311 352/352/352 312/312/312
f 312/312/312 352/352/352 353/353/353
f 312/312/312 353/353/353 313/313/313
f 313/313/313 353/353/353 354/354/354
f 313/313/313 354/354/354 314/314/314
f 314/314/314 354/354/354 355/355/355
f 314/314/314 355/355/355 315/315/315
f 315/315/315 355/355/355 356/356/356
f 315/315/315 356/356/356 316/316/316
f 316/316/316 356/356/356 357/357/357
f 316/316/316 357/357/357 317/317/317
f 317/317/317 357/357/357 358/358/358
f 317/317/317 358/358/358 318/318/318
f 318/318/318 358/358/358 359/359/359
f 318/318/318 359/359/359 319/319/319
f 319/319/319 359/359/359 360/360/360
f 319/319/319 360/360/360 320/320/320
f 320/320/320 360/360/360 361/361/361
f 320/320/320 361/361/361 321/321/321
f 321/321/321 361/361/361 362/362/362
f 321/321/321 362/362/362 322/322/322
f 322/322/322 362/362/362 363/363/363
f 322/322/322 363/363/363 323/323/323
f 323/323/323 363/363/363 364/364/364
f 323/323/323 364/364/364 324/324/324
f 324/324/324 364/364/364 365/365/365
f 324/324/324 365/365/365 325/325/325
f 325/325/325 365/365/365 366/366/366
f 325/325/325 366/366/366 326/326/326
f 326/326/326 366/366/366 367/367/367
f 326/326/326 367/367/367 327/327/327
f 327/327/327 367/367/367 368/368/368
f 327/327/327 368/368/368 328/328/328
f 328/328/328 368/368/368 369/369/369
f 329/329/329 370/370/370 330/330/330
f 330/330/330 370/370/370 371/371/371
f 330/330/330 371/371/371 331/331/331
f 331/331/331 371/371/371 372/372/372
f 331/331/331 372/372/372 332/332/332
f 332/332/332 372/372/372 373/373/373
f 332/332/332 373/373/373 333/333/333
f 333/333/333 373/373/373 374/374/374
f 333/333/333 374/374/374 334/334/334
f 334/334/334 374/374/374 375/375/375
f 334/334/334 375/375/375 335/335/335
f 335/335/335 375/375/375 376/376/376
f 335/335/335 376/376/376 336/336/336
f 336/336/336 376/376/376 377/377/377
f 336/336/336 377/377/377 337/337/337
f 337/337/337 377/377/377 378/378/378
f 337/337/337 378/378/378 338/338/338
f 338/338/338 378/378/378 379/379/379
f 338/338/338 379/379/379 339/339/339
f 339/339/339 379/379/379 380/380/380
f 339/339/339 380/380/380 340/340/340
f 340/340/340 380/380/380 381/381/381
f 340/340/340 381/381/381 341/341/341
f 341/341/341 381/381/381 382/382/382
f 341/341/341 382/382/382 342/342/342
f 342/342/342 382/382/382 383/383/383
f 342/342/342 383/383/383 343/343/343
f 343/343/343 383/383/383 384/384/384
f 343/343/343 384/384/384 344/344/344
f 344/344/344 384/384/384 385/385/385
f 344/344/344 385/385/385 345/345/345
f 345/345/345 385/385/385 386/386/386
f 345/345/345 386/386/386 346/346/346
f 346/346/346 386/386/386 387/387/387
f 346/346/346 387/387/387 347/347/347
f 347/347/347 387/387/387 388/388/388
f 347/347/347 388/388/388 348/348/348
f 348/348/348 388/388/388 389/389/389
f 348/348/348 389/389/389 349/349/349
f 349/349/349 389/389/389 390/390/390
f 349/349/349 390/390/390 350/350/350
f 350/350/350 390/390/390 391/391/391
f 350/350/350 391/391/391 351/351/351
f 351/351/351 391/391/391 392/392/392
f 351/351/351 392/392/392 352/352/352
f 352/352/352 392/392/392 393/393/393
f 352/352/352 393/393/393 353/353/353
f 353/353/353 393/393/393 394/394/394
f 353/353/353 394/394/394 354/354/354
f 354/354/354 394/394/394 395/395/395
f 354/354/354 395/395/395 355/355/355
f 355/355/355 395/395/395 396/396/396
f 355/355/355 396/396/396 356/356/356
f 356/356/356 396/396/396 397/397/397
f 356/356/356 397/397/397 357/357/357
f 357/357/357 397/397/397 398/398/398
f 357/357/357 398/398/398 358/358/358
f 358/358/358 398/398/398 399/399/399
f 358/358/358 399/399/399 359/359/359
f 359/359/359 399/399/399 400/400/400
f 359/359/359 400/400/400 360/360/360
f 360/360/360 400/400/400 401/401/401
f 360/360/360 401/401/401 361/361/361
f 361/361/361 401/401/401 402/402/402
f 361/361/361 402/402/402 362/362/362
f 362/362/362 402/402/402 403/403/403
f 362/362/362 403/403/403 363/363/363
f 363/363/363 403/403/403 404/404/404
f 363/363/363 404/404/404 364/364/364
f 364/364/364 404/404/404 405/405/405
f 364/364/364 405/405/405 365/365/365
f 365/365/365 405/405/405 406/406/406
f 365/365/365 406/406/406 366/366/366
f 366/366/366 406/406/406 407/407/407
f 366/366/366 407/407/407 367/367/367
f 367/367/367 407/407/407 408/408/408
f 367/367/367 408/408/408 368/368/368
f 368/368/368 408/408/408 409/409/409
f 368/368/368 409/409/409 369/369/369
f 369/369/369 409/409/409 410/410/410
f 370/370/370 411/411/411 371/371/371
f 371/371/371 411/411/411 412/412/412
f 371/371/371 412/412/412 372/372/372
f 372/372/372 412/412/412 413/413/413
f 372/372/372 413/413/413 373/373/373
f 373/373/373 413/413/413 414/414/414
f 373/373/373 414/414/414 374/374/374
f 374/374/374 414/414/414 415/415/415
f 374/374/374 415/415/415 375/375/375
f 375/375/375 415/415/415 416/416/416
f 375/375/375 416/416/416 376/376/376
f 376/376/376 416/416/416 417/417/417
f 376/376/376 417/417/417 377/377/377
f 377/377/377 417/417/417 418/418/418
f 377/377/377 418/418/418 378/378/378
f 378/378/378 418/418/418 419/419/419
f 378/378/378 419/419/419 379/379/379
f 379/379/379 419/419/419 420/420/420
f 379/379/379 420/420/420 380/380/380
f 380/380/380 420/420/420 421/421/421
f 380/380/380 421/421/421 381/381/381
f 381/381/381 421/421/421 422/422/422
f 381/381/381 422/422/422 382/382/382
f 382/382/382 422/422/422 423/423/423
f 382/382/382 423/423/423 383/383/383
f 383/383/383 423/423/423 424/424/424
f 383/383/383 424/424/424 384/384/384
f 384/384/384 424/424/424 425/425/425
f 384/384/384 425/425/425 385/385/385
f 385/385/385 425/425/425 426/426/426
f 385/385/385 426/426/426 386/386/386
f 386/386/386 426/426/426 427/427/427
f 386/386/386 427/427/427 387/387/387
f 387/387/387 427/427/427 428/428/428
f 387/387/387 428/428/428 388/388/388
f 388/388/388 428/428/428 429/429/429
f 388/388/388 429/429/429 389/389/389
f 389/389/389 429/429/429 430/430/430
f 389/389/389 430/430/430 390/390/390
f 390/390/390 430/430/430 431/431/431
f 390/390/390 431/431/431 391/391/391
f 391/391/391 431/431/431 432/432/432
f 391/391/391 432/432/432 392/392/392
f 392/392/392 432/432/432 433/433/433
f 392/392/392 433/433/433 393/393/393
f 393/393/393 433/433/433 434/434/434
f 393/393/393 434/434/434 394/394/394
f 394/394/394 434/434/434 435/435/435
f 394/394/394 435/435/435 395/395/395
f 395/395/395 435/435/435 436/436/436
f 395/395/395 436/436/436 396/396/396
f 396/396/396 436/436/436 437/437/437
f 396/396/396 437/437/437 397/397/397
f 397/397/397 437/437/437 438/438/438
f 397/397/397 438/438/438 398/398/398
f 398/398/398 438/438/438 439/439/439
f 398/398/398 439/439/439 399/399/399
f 399/399/399 439/439/439 440/440/440
f 399/399/399 440/440/440 400/400/400
f 400/400/400 440/440/440 441/441/441
f 400/400/400 441/441/441 401/401/401
f 401/401/401 441/441/441 442/442/442
f 401/401/401 442/442/442 402/402/402
f 402/402/402 442/442/442 443/443/443
f 402/402/402 443/443/443 403/403/403
f 403/403/403 443/443/443 444/444/444
f 403/403/403 444/444/444 404/404/404
f 404/404/404 444/444/444 445/445/445
f 404/404/404 445/445/445 405/405/405
f 405/405/405 445/445/445 446/446/446
f 405/405/405 446/446/446 406/406/406
f 406/406/406 446/446/446 447/447/447
f 406/406/406 447/447/447 407/407/407
f 407/407/407 447/447/447 448/448/448
f 407/407/407 448/448/448 408/408/408
f 408/408/408 448/448/448 449/449/449
f 408/408/408 449/449/449 409/409/409
f 409/409/409 449/449/449 450/450/450
f 409/409/409 450/450/450 410/410/410
f 410/410/410 450/450/450 451/451/451
f 411/411/411 452/452/452 412/412/412
f 412/412/412 452/452/452 453/453/453
f 412/412/412 453/453/453 413/413/413
f 413/413/413 453/453/453 454/454/454
f 413/413/413 454/454/454 414/414/414
f 414/414/414 454/454/454 455/455/455
f 414/414/414 455/455/455 415/415/415
f 415/415/415 455/455/455 456/456/456
f 415/415/415 456/456/456 416/416/416
f 416/416/416 456/456/456 457/457/457
f 416/416/416 457/457/457 417/417/417
f 417/417/417 457/457/457 458/458/458
f 417/417/417 458/458/458 418/418/418
f 418/418/418 458/458/458 459/459/459
f 418/418/418 459/459/459 419/419/419
f 419/419/419 459/459/459 460/460/460
f 419/419/419 460/460/460 420/420/420
f 420/420/420 460/460/460 461/461/461
f 420/420/420 461/461/461 421/421/421
f 421/421/421 461/461/461 462/462/462
f 421/421/421 462/462/462 422/422/422
f 422/422/422 462/462/462 463/463/463
f 422/422/422 463/463/463 423/423/423
f 423/423/423 463/463/463 464/464/464
f 423/423/423 464/464/464 424/424/424
f 424/424/424 464/464/464 465/465/465
f 424/424/424 465/465/465 425/425/425
f 425/425/425 465/465/465 466/466/466
f 425/425/425 466/466/466 426/426/426
f 426/426/426 466/466/466 467/467/467
f 426/426/426 467/467/467 427/427/427
f 427/427/427 467/467/467 468/468/468
f 427/427/427 468/468/468 428/428/428
f 428/428/428 468/468/468 469/469/469
f 428/428/428 469/469/469 429/429/429
f 429/429/429 469/469/469 470/470/470
f 429/429/429 470/470/470 430/430/430
f 430/430/430 470/470/470 471/471/471
f 430/430/430 471/471/471 431/431/431
f 431/431/431 471/471/471 472/472/472
f 431/431/431 472/472/472 432/432/432
f 432/432/432 472/472/472 473/473/473
f 432/432/432 473/473/473 433/433/433
f 433/433/433 473/473/473 474/474/474
f 433/433/433 474/474/474 434/434/434
f 434/434/434 474/474/474 475/475/475
f 434/434/434 475/475/475 435/435/435
f 435/435/435 475/475/475 476/476/476
f 435/435/435 476/476/476 436/436/436
f 436/436/436 476/476/476 477/477/477
f 436/436/436 477/477/477 437/437/437
f 437/437/437 477/477/477 478/478/478
f 437/437/437 478/478/478 438/438/438
f 438/438/438 478/478/478 479/479/479
f 438/438/438 479/479/479 439/439/439
f 439/439/439 479/479/479 480/480/480
f 439/439/439 480/480/480 440/440/440
f 440/440/440 480/480/480 481/481/481
f 440/440/440 481/481/481 441/441/441
f 441/441/441 481/481/481 482/482/482
f 441/441/441 482/482/482 442/442/442
f 442/442/442 482/482/482 483/483/483
f 442/442/442 483/483/483 443/443/443
f 443/443/443 483/483/483 484/484/484
f 443/443/443 484/484/484 444/444/444
f 444/444/444 484/484/484 485/485/485
f 444/444/444 485/485/485 445/445/445
f 445/445/445 485/485/485 486/486/486
f 445/445/445 486/486/486 446/446/446
f 446/446/446 486/486/486 487/487/487
f 446/446/446 487/487/487 447/447/447
f 447/447/447 487/487/487 488/488/488
f 447/447/447 488/488/488 448/448/448
f 448/448/448 488/488/488 489/489/489
f 448/448/448 489/489/489 449/449/449
f 449/449/449 489/489/489 490/490/490
f 449/449/449 490/490/490 450/450/450
f 450/450/450 490/490/490 491/491/491
f 450/450/450 491/491/491 451/451/451
f 451/451/451 491/491/491 492/492/492
f 452/452/452 493/493/493 453/453/453
f 453/453/453 493/493/493 494/494/494
f 453/453/453 494/494/494 454/454/454
f 454/454/454 494/494/494 495/495/495
f 454/454/454 495/495/495 455/455/455
f 455/455/455 495/495/495 496/496/496
f 455/455/455 496/496/496 456/456/456
f 456/456/456 496/496/496 497/497/497
f 456/456/456 497/497/497 457/457/457
f 457/457/457 497/497/497 498/498/498
f 457/457/457 498/498/498 458/458/458
f 458/458/458 498/498/498 499/499/499
f 458/458/458 499/499/499 459/459/459
f 459/459/459 499/499/499 500/500/500
f 459/459/459 500/500/500 460/460/460
f 460/460/460 500/500/500 501/501/501
f 460/460/460 501/501/501 461/461/461
f 461/461/461 501/501/501 502/502/502
f 461/461/461 502/502/502 462/462/462
f 462/462/462 502/502/502 503/503/503
f 462/462/462 503/503/503 463/463/463
f 463/463/463 503/503/503 504/504/504
f 463/463/463 504/504/504 464/464/464
f 464/464/464 504/504/504 505/505/505
f 464/464/464 505/505/505 465/465/465
f 465/465/465 505/505/505 506/506/506
f 465/465/465 506/506/506 466/466/466
f 466/466/466 506/506/506 507/507/507
f 466/466/466 507/507/507 467/467/467
f 467/467/467 507/507/507 508/508/508
f 467/467/467 508/508/508 468/468/468
f 468/468/468 508/508/508 509/509/509
f 468/468/468 509/509/509 469/469/469
f 469/469/469 509/509/509 510/510/510
f 469/469/469 510/510/510 470/470/470
f 470/470/470 510/510/510 511/511/511
f 470/470/470 511/511/511 471/471/471
f 471/471/471 511/511/511 512/512/512
f 471/471/471 512/512/512 472/472/472
f 472/472/472 512/512/512 513/513/513
f 472/472/472 513/513/513 473/473/473
f 473/473/473 513/513/513 514/514/514
f 473/473/473 514/514/514 474/474/474
f 474/474/474 514/514/514 515/515/515
f 474/474/474 515/515/515 475/475/475
f 475/475/475 515/515/515 516/516/516
f 475/475/475 516/516/516 476/476/476
f 476/476/476 516/516/516 517/517/517
f 476/476/476 517/517/517 477/477/477
f 477/477/477 517/517/517 518/518/518
f 477/477/477 518/518/518 478/478/478
f 478/478/478 518/518/518 519/519/519
f 478/478/478 519/519/519 479/479/479
f 479/479/479 519/519/519 520/520/520
f 479/479/479 520/520/520 480/480/480
f 480/480/480 520/520/520 521/521/521
f 480/480/480 521/521/521 481/481/481
f 481/481/481 521/521/521 522/522/522
f 481/481/481 522/522/522 482/482/482
f 482/482/482 522/522/522 523/523/523
f 482/482/482 523/523/523 483/483/483
f 483/483/483 523/523/523 524/524/524
f 483/483/483 524/524/524 484/484/484
f 484/484/484 524/524/524 525/525/525
f 484/484/484 525/525/525 485/485/485
f 485/485/485 525/525/525 526/526/526
f 485/485/485 526/526/526 486/486/486
f 486/486/486 526/526/526 527/527/527
f 486/486/486 527/527/527 487/487/487
f 487/487/487 527/527/527 528/528/528
f 487/487/487 528/528/528 488/488/488
f 488/488/488 528/528/528 529/529/529
f 488/488/488 529/529/529 489/489/489
f 489/489/489 529/529/529 530/530/530
f 489/489/489 530/530/530 490/490/490
f 490/490/490 530/530/530 531/531/531
f 490/490/490 531/531/531 491/491/491
f 491/491/491 531/531/531 532/532/532
f 491/491/491 532/532/532 492/492/492
f 492/492/492 532/532/532 533/533/533
f 493/493/493 534/534/534 494/494/494
f 494/494/494 534/534/534 535/535/535
f 494/494/494 535/535/535 495/495/495
f 495/495/495 535/535/535 536/536/536
f 495/495/495 536/536/536 496/496/496
f 496/496/496 536/536/536 537/537/537
f 496/496/496 537/537/537 497/497/497
f 497/497/497 537/537/537 538/538/538
f 497/497/497 538/538/538 498/498/498
f 498/498/498 538/538/538 539/539/539
f 498/498/498 539/539/539 499/499/499
f 499/499/499 539/539/539 540/540/540
f 499/499/499 540/540/540 500/500/500
f 500/500/500 540/540/540 541/541/541
f 500/500/500 541/541/541 501/501/501
f 501/501/501 541/541/541 542/542/542
f 501/501/501 542/542/542 502/502/502
f 502/502/502 542/542/542 543/543/543
f 502/502/502 543/543/543 503/503/503
f 503/503/503 543/543/543 544/544/544
f 503/503/503 544/544/544 504/504/504
f 504/504/504 544/544/544 545/545/545
f 504/504/504 545/545/545 505/505/505
f 505/505/505 545/545/545 546/546/546
f 505/505/505 546/546/546 506/506/506
f 506/506/506 546/546/546 547/547/547
f 506/506/506 547/547/547 507/507/507
f 507/507/507 547/547/547 548/548/548
f 507/507/507 548/548/548 508/508/508
f 508/508/508 548/548/548 549/549/549
f 508/508/508 549/549/549 509/509/509
f 509/509/509 549/549/549 550/550/550
f 509/509/509 550/550/550 510/510/510
f 510/510/510 550/550/550 551/551/551
f 510/510/510 551/551/551 511/511/511
f 511/511/511 551/551/551 552/552/552
f 511/511/511 552/552/552 512/512/512
f 512/512/512 552/552/552 553/553/553
f 512/512/512 553/553/553 513/513/513
f 513/513/513 553/553/553 554/554/554
f 513/513/513 554/554/554 514/514/514
f 514/514/514 554/554/554 555/555/555
f 514/514/514 555/555/555 515/515/515
f 515/515/515 555/555/555 556/556/556
f 515/515/515 556/556/556 516/516/516
f 516/516/516 556/556/556 557/557/557
f 516/516/516 557/557/557 517/517/517
f 517/517/517 557/557/557 558/558/558
f 517/517/517 558/558/558 518/518/518
f 518/518/518 558/558/558 559/559/559
f 518/518/518 559/559/559 519/519/519
f 519/519/519 559/559/559 560/560/560
f 519/519/519 560/560/560 520/520/520
f 520/520/520 560/560/560 561/561/561
f 520/520/520 561/561/561 521/521/521
f 521/521/521 561/561/561 562/562/562
f 521/521/521 562/562/562 522/522/522
f 522/522/522 562/562/562 563/563/563
f 522/522/522 563/563/563 523/523/523
f 523/523/523 563/563/563 564/564/564
f 523/523/523 564/564/564 524/524/524
f 524/524/524 564/564/564 565/565/565
f 524/524/524 565/565/565 525/525/525
f 525/525/525 565/565/565 566/566/566
f 525/525/525 566/566/566 526/526/526
f 526/526/526 566/566/566 567/567/567
f 526/526/526 567/567/567 527/527/527
f 527/527/527 567/567/567 568/568/568
f 527/527/527 568/568/568 528/528/528
f 528/528/528 568/568/568 569/569/569
f 528/528/528 569/569/569 529/529/529
f 529/529/529 569/569/569 570/570/570
f 529/529/529 570/570/570 530/530/530
f 530/530/530 570/570/570 571/571/571
f 530/530/530 571/571/571 531/531/531
f 531/531/531 571/571/571 572/572/572
f 531/531/531 572/572/572 532/532/532
f 532/532/532 572/572/572 573/573/573
f 532/532/532 573/573/573 533/533/533
f 533/533/533 573/573/573 574/574/574
f 534/534/534 575/575/575 535/535/535
f 535/535/535 575/575/575 576/576/576
f 535/535/535 576/576/576 536/536/536
f 536/536/536 576/576/576 577/577/577
f 536/536/536 577/577/577 537/537/537
f 537/537/537 577/577/577 578/578/578
f 537/537/537 578/578/578 538/538/538
f 538/538/538 578/578/578 579/579/579
f 538/538/538 579/579/579 539/539/539
f 539/539/539 579/579/579 580/580/580
f 539/539/539 580/580/580 540/540/540
f 540/540/540 580/580/580 581/581/581
f 540/540/540 581/581/581 541/541/541
f 541/541/541 581/581/581 582/582/582
f 541/541/541 582/582/582 542/542/542
f 542/542/542 582/582/582 583/583/583
f 542/542/542 583/583/583 543/543/543
f 543/543/543 583/583/583 584/584/584
f 543/543/543 584/584/584 544/544/544
f 544/544/544 584/584/584 585/585/585
f 544/544/544 585/585/585 545/545/545
f 545/545/545 585/585/585 586/586/586
f 545/545/545 586/586/586 546/546/546
f 546/546/546 586/586/586 587/587/587
f 546/546/546 587/587/587 547/547/547
f 547/547/547 587/587/587 588/588/588
f 547/547/547 588/588/588 548/548/548
f 548/548/548 588/588/588 589/589/589
f 548/548/548 589/589/589 549/549/549
f 549/549/549 589/589/589 590/590/590
f 549/549/549 590/590/590 550/550/550
f 550/550/550 590/590/590 591/591/591
f 550/550/550 591/591/591 551/551/551
f 551/551/551 591/591/591 592/592/592
f 551/551/551 592/592/592 552/552/552
f 552/552/552 592/592/592 593/593/593
f 552/552/552 593/593/593 553/553/553
f 553/553/553 593/593/593 594/594/594
f 553/553/553 594/594/594 554/554/554
f 554/554/554 594/594/594 595/595/595
f 554/554/554 595/595/595 555/555/555
f 555/555/555 595/595/595 596/596/596
f 555/555/555 596/596/596 556/556/556
f 556/556/556 596/596/596 597/597/597
f 556/556/556 597/597/597 557/557/557
f 557/557/557 597/597/597 598/598/598
f 557/557/557 598/598/598 558/558/558
f 558/558/558 598/598/598 599/599/599
f 558/558/558 599/599/599 559/559/559
f 559/559/559 599/599/599 600/600/600
f 559/559/559 600/600/600 560/560/560
f 560/560/560 600/600/600 601/601/601
f 560/560/560 601/601/601 561/561/561
f 561/561/561 601/601/601 602/602/602
f 561/561/561 602/602/602 562/562/562
f 562/562/562 602/602/602 603/603/603
f 562/562/562 603/603/603 563/563/563
f 563/563/563 603/603/603 604/604/604
f 563/563/563 604/604/604 564/564/564
f 564/564/564 604/604/604 605/605/605
f 564/564/564 605/605/605 565/565/565
f 565/565/565 605/605/605 606/606/606
f 565/565/565 606/606/606 566/566/566
f 566/566/566 606/606/606 607/607/607
f 566/566/566 607/607/607 567/567/567
f 567/567/567 607/607/607 608/608/608
f 567/567/567 608/608/608 568/568/568
f 568/568/568 608/608/608 609/609/609
f 568/568/568 609/609/609 569/569/569
f 569/569/569 609/609/609 610/610/610
f 569/569/569 610/610/610 570/570/570
f 570/570/570 610/610/610 611/611/611
f 570/570/570 611/611/611 571/571/571
f 571/571/571 611/611/611 612/612/612
f 571/571/571 612/612/612 572/572/572
f 572/572/572 612/612/612 613/613/613
f 572/572/572 613/613/613 573/573/573
f 573/573/573 613/613/613 614/614/614
f 573/573/573 614/614/614 574/574/574
f 574/574/574 614/614/614 615/615/615
f 575/575/575 616/616/616 576/576/576
f 576/576/576 616/616/616 617/617/617
f 576/576/576 617/617/617 577/577/577
f 577/577/577 617/617/617 618/618/618
f 577/577/577 618/618/618 578/578/578
f 578/578/578 618/618/618 619/619/619
f 578/578/578 619/619/619 579/579/579
f 579/579/579 619/619/619 620/620/620
f 579/579/579 620/620/620 580/580/580
f 580/580/580 620/620/620 621/621/621
f 580/580/580 621/621/621 581/581/581
f 581/581/581 621/621/621 622/622/622
f 581/581/581 622/622/622 582/582/582
f 582/582/582 622/622/622 623/623/623
f 582/582/582 623/623/623 583/583/583
f 583/583/583 623/623/623 624/624/624
f 583/583/583 624/624/624 584/584/584
f 584/584/584 624/624/624 625/625/625
f 584/584/584 625/625/625 585/585/585
f 585/585/585 625/625/625 626/626/626
f 585/585/585 626/626/626 586/586/586
f 586/586/586 626/626/626 627/627/627
f 586/586/586 627/627/627 587/587/587
f 587/587/587 627/627/627 628/628/628
f 587/587/587 628/628/628 588/588/588
f 588/588/588 628/628/628 629/629/629
f 588/588/588 629/629/629 589/589/589
f 589/589/589 629/629/629 630/630/630
f 589/589/589 630/630/630 590/590/590
f 590/590/590 630/630/630 631/631/631
f 590/590/590 631/631/631 591/591/591
f 591/591/591 631/631/631 632/632/632
f 591/591/591 632/632/632 592/592/592
f 592/592/592 632/632/632 633/633/633
f 592/592/592 633/633/633 593/593/593
f 593/593/593 633/633/633 634/634/634
f 593/593/593 634/634/634 594/594/594
f 594/594/594 634/634/634 635/635/635
f 594/594/594 635/635/635 595/595/595
f 595/595/595 635/635/635 636/636/636
f 595/595/595 636/636/636 596/596/596
f 596/596/596 636/636/636 637/637/637
f 596/596/596 637/637/637 597/597/597
f 597/597/597 637/637/637 638/638/638
f 597/597/597 638/638/638 598/598/598
f 598/598/598 638/638/638 639/639/639
f 598/598/598 639/639/639 599/599/599
f 599/599/599 639/639/639 640/640/640
f 599/599/599 640/640/640 600/600/600
f 600/600/600 640/640/640 641/641/641
f 600/600/600 641/641/641 601/601/601
f 601/601/601 641/641/641 642/642/642
f 601/601/601 642/642/642 602/602/602
f 602/602/602 642/642/642 643/643/643
f 602/602/602 643/643/643 603/603/603
f 603/603/603 643/643/643 644/644/644
f 603/603/603 644/644/644 604/604/604
f 604/604/604 644/644/644 645/645/645
f 604/604/604 645/645/645 605/605/605
f 605/605/605 645/645/645 646/646/646
f 605/605/605 646/646/646 606/606/606
f 606/606/606 646/646/646 647/647/647
f 606/606/606 647/647/647 607/607/607
f 607/607/607 647/647/647 648/648/648
f 607/607/607 648/648/648 608/608/608
f 608/608/608 648/648/648 649/649/649
f 608/608/608 649/649/649 609/609/609
f 609/609/609 649/649/649 650/650/650
f 609/609/609 650/650/650 610/610/610
f 610/610/610 650/650/650 651/651/651
f 610/610/610 651/651/651 611/611/611
f 611/611/611 651/651/651 652/652/652
f 611/611/611 652/652/652 612/612/612
f 612/612/612 652/652/652 653/653/653
f 612/612/612 653/653/653 613/613/613
f 613/613/613 653/653/653 654/654/654
f 613/613/613 654/654/654 614/614/614
f 614/614/614 654/654/654 655/655/655
f 614/614/614 655/655/655 615/615/615
f 615/615/615 655/655/655 656/656/656
f 616/616/616 657/657/657 617/617/617
f 617/617/617 657/657/657 658/658/658
f 617/617/617 658/658/658 618/618/618
f 618/618/618 658/658/658 659/659/659
f 618/618/618 659/659/659 619/619/619
f 619/619/619 659/659/659 660/660/660
f 619/619/619 660/660/660 620/620/620
f 620/620/620 660/660/660 661/661/661
f 620/620/620 661/661/661 621/621/621
f 621/621/621 661/661/661 662/662/662
f 621/621/621 662/662/662 622/622/622
f 622/622/622 662/662/662 663/663/663
f 622/622/622 663/663/663 623/623/623
f 623/623/623 663/663/663 664/664/664
f 623/623/623 664/664/664 624/624/624
f 624/624/624 664/664/664 665/665/665
f 624/624/624 665/665/665 625/625/625
f 625/625/625 665/665/665 666/666/666
f 625/625/625 666/666/666 626/626/626
f 626/626/626 666/666/666 667/667/667
f 626/626/626 667/667/667 627/627/627
f 627/627/627 667/667/667 668/668/668
f 627/627/627 668/668/668 628/628/628
f 628/628/628 668/668/668 669/669/669
f 628/628/628 669/669/669 629/629/629
f 629/629/629 669/669/669 670/670/670
f 629/629/629 670/670/670 630/630/630
f 630/630/630 670/670/670 671/671/671
f 630/630/630 671/671/671 631/631/631
f 631/631/631 671/671/671 672/672/672
f 631/631/631 672/672/672 632/632/632
f 632/632/632 672/672/672 673/673/673
f 632/632/632 673/673/673 633/633/633
f 633/633/633 673/673/673 674/674/674
f 633/633/633 674/674/674 634/634/634
f 634/634/634 674/674/674 675/675/675
f 634/634/634 675/675/675 635/635/635
f 635/635/635 675/675/675 676/676/676
f 635/635/635 676/676/676 636/636/636
f 636/636/636 676/676/676 677/677/677
f 636/636/636 677/677/677 637/637/637
f 637/637/637 677/677/677 678/678/678
f 637/637/637 678/678/678 638/638/638
f 638/638/638 678/678/678 679/679/679
f 638/638/638 679/679/679 639/639/639
f 639/639/639 679/679/679 680/680/680
f 639/639/639 680/680/680 640/640/640
f 640/640/640 680/680/680 681/681/681
f 640/640/640 681/681/681 641/641/641
f 641/641/641 681/681/681 682/682/682
f 641/641/641 682/682/682 642/642/642
f 642/642/642 682/682/682 683/683/683
f 642/642/642 683/683/683 643/643/643
f 643/643/643 683/683/683 684/684/684
f 643/643/643 684/684/684 644/644/644
f 644/644/644 684/684/684 685/685/685
f 644/644/644 685/685/685 645/645/645
f 645/645/645 685/685/685 686/686/686
f 645/645/645 686/686/686 646/646/646
f 646/646/646 686/686/686 687/687/687
f 646/646/646 687/687/687 647/647/647
f 647/647/647 687/687/687 688/688/688
f 647/647/647 688/688/688 648/648/648
f 648/648/648 688/688/688 689/689/689
f 648/648/648 689/689/689 649/649/649
f 649/649/649 689/689/689 690/690/690
f 649/649/649 690/690/690 650/650/650
f 650/650/650 690/690/690 691/691/691
f 650/650/650 691/691/691 651/651/651
f 651/651/651 691/691/691 692/692/692
f 651/651/651 692/692/692 652/652/652
f 652/652/652 692/692/692 693/693/693
f 652/652/652 693/693/693 653/653/653
f 653/653/653 693/693/693 694/694/694
f 653/653/653 694/694/694 654/654/654
f 654/654/654 694/694/694 695/695/695
f 654/654/654 695/695/695 655/655/655
f 655/655/655 695/695/695 696/696/696
f 655/655/655 696/696/696 656/656/656
f 656/656/656 696/696/696 697/697/697
f 657/657/657 698/698/698 658/658/658
f 658/658/658 698/698/698 699/699/699
f 658/658/658 699/699/699 659/659/659
f 659/659/659 699/699/699 700/700/700
f 659/659/659 700/700/700 660/660/660
f 660/660/660 700/700/700 701/701/701
f 660/660/660 701/701/701 661/661/661
f 661/661/661 701/701/701 702/702/702
f 661/661/661 702/702/702 662/662/662
f 662/662/662 702/702/702 703/703/703
f 662/662/662 703/703/703 663/663/663
f 663/663/663 703/703/703 704/704/704
f 663/663/663 704/704/704 664/664/664
f 664/664/664 704/704/704 705/705/705
f 664/664/664 705/705/705 665/665/665
f 665/665/665 705/705/705 706/706/706
f 665/665/665 706/706/706 666/666/666
f 666/666/666 706/706/706 707/707/707
f 666/666/666 707/707/707 667/667/667
f 667/667/667 707/707/707 708/708/708
f 667/667/667 708/708/708 668/668/668
f 668/668/668 708/708/708 709/709/709
f 668/668/668 709/709/709 669/669/669
f 669/669/669 709/709/709 710/710/710
f 669/669/669 710/710/710 670/670/670
f 670/670/670 710/710/710 711/711/711
f 670/670/670 711/711/711 671/671/671
f 671/671/671 711/711/711 712/712/712
f 671/671/671 712/712/712 672/672/672
f 672/672/672 712/712/712 713/713/713
f 672/672/672 713/713/713 673/673/673
f 673/673/673 713/713/713 714/714/714
f 673/673/673 714/714/714 674/674/674
f 674/674/674 714/714/714 715/715/715
f 674/674/674 715/715/715 675/675/675
f 675/675/675 715/715/715 716/716/716
f 675/675/675 716/716/716 676/676/676
f 676/676/676 716/716/716 717/717/717
f 676/676/676 717/717/717 677/677/677
f 677/677/677 717/717/717 718/718/718
f 677/677/677 718/718/718 678/678/678
f 678/678/678 718/718/718 719/719/719
f 678/678/678 719/719/719 679/679/679
f 679/679/679 719/719/719 720/720/720
f 679/679/679 720/720/720 680/680/680
f 680/680/680 720/720/720 721/721/721
f 680/680/680 721/721/721 681/681/681
f 681/681/681 721/721/721 722/722/722
f 681/681/681 722/722/722 682/682/682
f 682/682/682 722/722/722 723/723/723
f 682/682/682 723/723/723 683/683/683
f 683/683/683 723/723/723 724/724/724
f 683/683/683 724/724/724 684/684/684
f 684/684/684 724/724/724 725/725/725
f 684/684/684 725/725/725 685/685/685
f 685/685/685 725/725/725 726/726/726
f 685/685/685 726/726/726 686/686/686
f 686/686/686 726/726/726 727/727/727
f 686/686/686 727/727/727 687/687/687
f 687/687/687 727/727/727 728/728/728
f 687/687/687 728/728/728 688/688/688
f 688/688/688 728/728/728 729/729/729
f 688/688/688 729/729/729 689/689/689
f 689/689/689 729/729/729 730/730/730
f 689/689/689 730/730/730 690/690/690
f 690/690/690 730/730/730 731/731/731
f 690/690/690 731/731/731 691/691/691
f 691/691/691 731/731/731 732/732/732
f 691/691/691 732/732/732 692/692/692
f 692/692/692 732/732/732 733/733/733
f 692/692/692 733/733/733 693/693/693
f 693/693/693 733/733/733 734/734/734
f 693/693/693 734/734/734 694/694/694
f 694/694/694 734/734/734 735/735/735
f 694/694/694 735/735/735 695/695/695
f 695/695/695 735/735/735 736/736/736
f 695/695/695 736/736/736 696/696/696
f 696/696/696 736/736/736 737/737/737
f 696/696/696 737/737/737 697/697/697
f 697/697/697 737/737/737 738/738/738
f 698/698/698 739/739/739 699/699/699
f 699/699/699 739/739/739 740/740/740
f 699/699/699 740/740/740 700/700/700
f 700/700/700 740/740/740 741/741/741
f 700/700/700 741/741/741 701/701/701
f 701/701/701 741/741/741 742/742/742
f 701/701/701 742/742/742 702/702/702
f 702/702/702 742/742/742 743/743/743
f 702/702/702 743/743/743 703/703/703
f 703/703/703 743/743/743 744/744/744
f 703/703/703 744/744/744 704/704/704
f 704/704/704 744/744/744 745/745/745
f 704/704/704 745/745/745 705/705/705
f 705/705/705 745/745/745 746/746/746
f 705/705/705 746/746/746 706/706/706
f 706/706/706 746/746/746 747/747/747
f 706/706/706 747/747/747 707/707/707
f 707/707/707 747/747/747 748/748/748
f 707/707/707 748/748/748 708/708/708
f 708/708/708 748/748/748 749/749/749
f 708/708/708 749/749/749 709/709/709
f 709/709/709 749/749/749 750/750/750
f 709/709/709 750/750/750 710/710/710
f 710/710/710 750/750/750 751/751/751
f 710/710/710 751/751/751 711/711/711
f 711/711/711 751/751/751 752/752/752
f 711/711/711 752/752/752 712/712/712
f 712/712/712 752/752/752 753/753/753
f 712/712/712 753/753/753 713/713/713
f 713/713/713 753/753/753 754/754/754
f 713/713/713 754/754/754 714/714/714
f 714/714/714 754/754/754 755/755/755
f 714/714/714 755/755/755 715/715/715
f 715/715/715 755/755/755 756/756/756
f 715/715/715 756/756/756 716/716/716
f 716/716/716 756/756/756 757/757/757
f 716/716/716 757/757/757 717/717/717
f 717/717/717 757/757/757 758/758/758
f 717/717/717 758/758/758 718/718/718
f 718/718/718 758/758/758 759/759/759
f 718/718/718 759/759/759 719/719/719
f 719/719/719 759/759/759 760/760/760
f 719/719/719 760/760/760 720/720/720
f 720/720/720 760/760/760 761/761/761
f 720/720/720 761/761/761 721/721/721
f 721/721/721 761/761/761 762/762/762
f 721/721/721 762/762/762 722/722/722
f 722/722/722 762/762/762 763/763/763
f 722/722/722 763/763/763 723/723/723
f 723/723/723 763/763/763 764/764/764
f 723/723/723 764/764/764 724/724/724
f 724/724/724 764/764/764 765/765/765
f 724/724/724 765/765/765 725/725/725
f 725/725/725 765/765/765 766/766/766
f 725/725/725 766/766/766 726/726/726
f 726/726/726 766/766/766 767/767/767
f 726/726/726 767/767/767 727/727/727
f 727/727/727 767/767/767 768/768/768
f 727/727/727 768/768/768 728/728/728
f 728/728/728 768/768/768 769/769/769
f 728/728/728 769/769/769 729/729/729
f 729/729/729 769/769/769 770/770/770
f 729/729/729 770/770/770 730/730/730
f 730/730/730 770/770/770 771/771/771
f 730/730/730 771/771/771 731/731/731
f 731/731/731 771/771/771 772/772/772
f 731/731/731 772/772/772 732/732/732
f 732/732/732 772/772/772 773/773/773
f 732/732/732 773/773/773 733/733/733
f 733/733/733 773/773/773 774/774/774
f 733/733/733 774/774/774 734/734/734
f 734/734/734 774/774/774 775/775/775
f 734/734/734 775/775/775 735/735/735
f 735/735/735 775/775/775 776/776/776
f 735/735/735 776/776/776 736/736/736
f 736/736/736 776/776/776 777/777/777
f 736/736/736 777/777/777 737/737/737
f 737/737/737 777/777/777 778/778/778
f 737/737/737 778/778/778 738/738/738
f 738/738/738 778/778/778 779/779/779
f 739/739/739 780/780/780 740/740/740
f 740/740/740 780/780/780 781/781/781
f 740/740/740 781/781/781 741/741/741
f 741/741/741 781/781/781 782/782/782
f 741/741/741 782/782/782 742/742/742
f 742/742/742 782/782/782 783/783/783
f 742/742/742 783/783/783 743/743/743
f 743/743/743 783/783/783 784/784/784
f 743/743/743 784/784/784 744/744/744
f 744/744/744 784/784/784 785/785/785
f 744/744/744 785/785/785 745/745/745
f 745/745/745 785/785/785 786/786/786
f 745/745/745 786/786/786 746/746/746
f 746/746/746 786/786/786 787/787/787
f 746/746/746 787/787/787 747/747/747
f 747/747/747 787/787/787 788/788/788
f 747/747/747 788/788/788 748/748/748
f 748/748/748 788/788/788 789/789/789
f 748/748/748 789/789/789 749/749/749
f 749/749/749 789/789/789 790/790/790
f 749/749/749 790/790/790 750/750/750
f 750/750/750 790/790/790 791/791/791
f 750/750/750 791/791/791 751/751/751
f 751/751/751 791/791/791 792/792/792
f 751/751/751 792/792/792 752/752/752
f 752/752/752 792/792/792 793/793/793
f 752/752/752 793/793/793 753/753/753
f 753/753/753 793/793/793 794/794/794
f 753/753/753 794/794/794 754/754/754
f 754/754/754 794/794/794 795/795/795
f 754/754/754 795/795/795 755/755/755
f 755/755/755 795/795/795 796/796/796
f 755/755/755 796/796/796 756/756/756
f 756/756/756 796/796/796 797/797/797
f 756/756/756 797/797/797 757/757/757
f 757/757/757 797/797/797 798/798/798
f 757/757/757 798/798/798 758/758/758
f 758/758/758 798/798/798 799/799/799
f 758/758/758 799/799/799 759/759/759
f 759/759/759 799/799/799 800/800/800
f 759/759/759 800/800/800 760/760/760
f 760/760/760 800/800/800 801/801/801
f 760/760/760 801/801/801 761/761/761
f 761/761/761 801/801/801 802/802/802
f 761/761/761 802/802/802 762/762/762
f 762/762/762 802/802/802 803/803/803
f 762/762/762 803/803/803 763/763/763
f 763/763/763 803/803/803 804/804/804
f 763/763/763 804/804/804 764/764/764
f 764/764/764 804/804/804 805/805/805
f 764/764/764 805/805/805 765/765/765
f 765/765/765 805/805/805 806/806/806
f 765/765/765 806/806/806 766/766/766
f 766/766/766 806/806/806 807/807/807
f 766/766/766 807/807/807 767/767/767
f 767/767/767 807/807/807 808/808/808
f 767/767/767 808/808/808 768/768/768
f 768/768/768 808/808/808 809/809/809
f 768/768/768 809/809/809 769/769/769
f 769/769/769 809/809/809 810/810/810
f 769/769/769 810/810/810 770/770/770
f 770/770/770 810/810/810 811/811/811
f 770/770/770 811/811/811 771/771/771
f 771/771/771 811/811/811 812/812/812
f 771/771/771 812/812/812 772/772/772
f 772/772/772 812/812/812 813/813/813
f 772/772/772 813/813/813 773/773/773
f 773/773/773 813/813/813 814/814/814
f 773/773/773 814/814/814 774/774/774
f 774/774/774 814/814/814 815/815/815
f 774/774/774 815/815/815 775/775/775
f 775/775/775 815/815/815 816/816/816
f 775/775/775 816/816/816 776/776/776
f 776/776/776 816/816/816 817/817/817
f 776/776/776 817/817/817 777/777/777
f 777/777/777 817/817/817 818/818/818
f 777/777/777 818/818/818 778/778/778
f 778/778/778 818/818/818 819/819/819
f 778/778/778 819/819/819 779/779/779
f 779/779/779 819/819/819 820/820/820
f 780/780/780 821/821/821 781/781/781
f 781/781/781 821/821/821 822/822/822
f 781/781/781 822/822/822 782/782/782
f 782/782/782 822/822/822 823/823/823
f 782/782/782 823/823/823 783/783/783
f 783/783/783 823/823/823 824/824/824
f 783/783/783 824/824/824 784/784/784
f 784/784/784 824/824/824 825/825/825
f 784/784/784 825/825/825 785/785/785
f 785/785/785 825/825/825 826/826/826
f 785/785/785 826/826/826 786/786/786
f 786/786/786 826/826/826 827/827/827
f 786/786/786 827/827/827 787/787/787
f 787/787/787 827/827/827 828/828/828
f 787/787/787 828/828/828 788/788/788
f 788/788/788 828/828/828 829/829/829
f 788/788/788 829/829/829 789/789/789
f 789/789/789 829/829/829 830/830/830
f 789/789/789 830/830/830 790/790/790
f 790/790/790 830/830/830 831/831/831
f 790/790/790 831/831/831 791/791/791
f 791/791/791 831/831/831 832/832/832
f 791/791/791 832/832/832 792/792/792
f 792/792/792 832/832/832 833/833/833
f 792/792/792 833/833/833 793/793/793
f 793/793/793 833/833/833 834/834/834
f 793/793/793 834/834/834 794/794/794
f 794/794/794 834/834/834 835/835/835
f 794/794/794 835/835/835 795/795/795
f 795/795/795 835/835/835 836/836/836
f 795/795/795 836/836/836 796/796/796
f 796/796/796 836/836/836 837/837/837
f 796/796/796 837/837/837 797/797/797
f 797/797/797 837/837/837 838/838/838
f 797/797/797 838/838/838 798/798/798
f 798/798/798 838/838/838 839/839/839
f 798/798/798 839/839/839 799/799/799
f 799/799/799 839/839/839 840/840/840
f 799/799/799 840/840/840 800/800/800
f 800/800/800 840/840/840 841/841/841
f 800/800/800 841/841/841 801/801/801
f 801/801/801 841/841/841 842/842/842
f 801/801/801 842/842/842 802/802/802
f 802/802/802 842/842/842 843/843/843
f 802/802/802 843/843/843 803/803/803
f 803/803/803 843/843/843 844/844/844
f 803/803/803 844/844/844 804/804/804
f 804/804/804 844/844/844 845/845/845
f 804/804/804 845/845/845 805/805/805
f 805/805/805 845/845/845 846/846/846
f 805/805/805 846/846/846 806/806/806
f 806/806/806 846/846/846 847/847/847
f 806/806/806 847/847/847 807/807/807
f 807/807/807 847/847/847 848/848/848
f 807/807/807 848/848/848 808/808/808
f 808/808/808 848/848/848 849/849/849
f 808/808/808 849/849/849 809/809/809
f 809/809/809 849/849/849 850/850/850
f 809/809/809 850/850/850 810/810/810
f 810/810/810 850/850/850 851/851/851
f 810/810/810 851/851/851 811/811/811
f 811/811/811 851/851/851 852/852/852
f 811/811/811 852/852/852 812/812/812
f 812/812/812 852/852/852 853/853/853
f 812/812/812 853/853/853 813/813/813
f 813/813/813 853/853/853 854/854/854
f 813/813/813 854/854/854 814/814/814
f 814/814/814 854/854/854 855/855/855
f 814/814/814 855/855/855 815/815/815
f 815/815/815 855/855/855 856/856/856
f 815/815/815 856/856/856 816/816/816
f 816/816/816 856/856/856 857/857/857
f 816/816/816 857/857/857 817/817/817
f 817/817/817 857/857/857 858/858/858
f 817/817/817 858/858/858 818/818/818
f 818/818/818 858/858/858 859/859/859
f 818/818/818 859/859/859 819/819/819
f 819/819/819 859/859/859 860/860/860
f 819/819/819 860/860/860 820/820/820
f 820/820/820 860/860/860 861/861/861
f 821/821/821 862/862/862 822/822/822
f 822/822/822 862/862/862 863/863/863
f 822/822/822 863/863/863 823/823/823
f 823/823/823 863/863/863 864/864/864
f 823/823/823 864/864/864 824/824/824
f 824/824/824 864/864/864 865/865/865
f 824/824/824 865/865/865 825/825/825
f 825/825/825 865/865/865 866/866/866
f 825/825/825 866/866/866 826/826/826
f 826/826/826 866/866/866 867/867/867
f 826/826/826 867/867/867 827/827/827
f 827/827/827 867/867/867 868/868/868
f 827/827/827 868/868/868 828/828/828
f 828/828/828 868/868/868 869/869/869
f 828/828/828 869/869/869 829/829/829
f 829/829/829 869/869/869 870/870/870
f 829/829/829 870/870/870 830/830/830
f 830/830/830 870/870/870 871/871/871
f 830/830/830 871/871/871 831/831/831
f 831/831/831 871/871/871 872/872/872
f 831/831/831 872/872/872 832/832/832
f 832/832/832 872/872/872 873/873/873
f 832/832/832 873/873/873 833/833/833
f 833/833/833 873/873/873 874/874/874
f 833/833/833 874/874/874 834/834/834
f 834/834/834 874/874/874 875/875/875
f 834/834/834 875/875/875 835/835/835
f 835/835/835 875/875/875 876/876/876
f 835/835/835 876/876/876 836/836/836
f 836/836/836 876/876/876 877/877/877
f 836/836/836 877/877/877 837/837/837
f 837/837/837 877/877/877 878/878/878
f 837/837/837 878/878/878 838/838/838
f 838/838/838 878/878/878 879/879/879
f 838/838/838 879/879/879 839/839/839
f 839/839/839 879/879/879 880/880/880
f 839/839/839 880/880/880 840/840/840
f 840/840/840 880/880/880 881/881/881
f 840/840/840 881/881/881 841/841/841
f 841/841/841 881/881/881 882/882/882
f 841/841/841 882/882/882 842/842/842
f 842/842/842 882/882/882 883/883/883
f 842/842/842 883/883/883 843/843/843
f 843/843/843 883/883/883 884/884/884
f 843/843/843 884/884/884 844/844/844
f 844/844/844 884/884/884 885/885/885
f 844/844/844 885/885/885 845/845/845
f 845/845/845 885/885/885 886/886/886
f 845/845/845 886/886/886 846/846/846
f 846/846/846 886/886/886 887/887/887
f 846/846/846 887/887/887 847/847/847
f 847/847/847 887/887/887 888/888/888
f 847/847/847 888/888/888 848/848/848
f 848/848/848 888/888/888 889/889/889
f 848/848/848 889/889/889 849/849/849
f 849/849/849 889/889/889 890/890/890
f 849/849/849 890/890/890 850/850/850
f 850/850/850 890/890/890 891/891/891
f 850/850/850 891/891/891 851/851/851
f 851/851/851 891/891/891 892/892/892
f 851/851/851 892/892/892 852/852/852
f 852/852/852 892/892/892 893/893/893
f 852/852/852 893/893/893 853/853/853
f 853/853/853 893/893/893 894/894/894
f 853/853/853 894/894/894 854/854/854
f 854/854/854 894/894/894 895/895/895
f 854/854/854 895/895/895 855/855/855
f 855/855/855 895/895/895 896/896/896
f 855/855/855 896/896/896 856/856/856
f 856/856/856 896/896/896 897/897/897
f 856/856/856 897/897/897 857/857/857
f 857/857/857 897/897/897 898/898/898
f 857/857/857 898/898/898 858/858/858
f 858/858/858 898/898/898 899/899/899
f 858/858/858 899/899/899 859/859/859
f 859/859/859 899/899/899 900/900/900
f 859/859/859 900/900/900 860/860/860
f 860/860/860 900/900/900 901/901/901
f 860/860/860 901/901/901 861/861/861
f 861/861/861 901/901/901 902/902/902
f 862/862/862 903/903/903 863/863/863
f 863/863/863 903/903/903 904/904/904
f 863/863/863 904/904/904 864/864/864
f 864/864/864 904/904/904 905/905/905
f 864/864/864 905/905/905 865/865/865
f 865/865/865 905/905/905 906/906/906
f 865/865/865 906/906/906 866/866/866
f 866/866/866 906/906/906 907/907/907
f 866/866/866 907/907/907 867/867/867
f 867/867/867 907/907/907 908/908/908
f 867/867/867 908/908/908 868/868/868
f 868/868/868 908/908/908 909/909/909
f 868/868/868 909/909/909 869/869/869
f 869/869/869 909/909/909 910/910/910
f 869/869/869 910/910/910 870/870/870
f 870/870/870 910/910/910 911/911/911
f 870/870/870 911/911/911 871/871/871
f 871/871/871 911/911/911 912/912/912
f 871/871/871 912/912/912 872/872/872
f 872/872/872 912/912/912 913/913/913
f 872/872/872 913/913/913 873/873/873
f 873/873/873 913/913/913 914/914/914
f 873/873/873 914/914/914 874/874/874
f 874/874/874 914/914/914 915/915/915
f 874/874/874 915/915/915 875/875/875
f 875/875/875 915/915/915 916/916/916
f 875/875/875 916/916/916 876/876/876
f 876/876/876 916/916/916 917/917/917
f 876/876/876 917/917/917 877/877/877
f 877/877/877 917/917/917 918/918/918
f 877/877/877 918/918/918 878/878/878
f 878/878/878 918/918/918 919/919/919
f 878/878/878 919/919/919 879/879/879
f 879/879/879 919/919/919 920/920/920
f 879/879/879 920/920/920 880/880/880
f 880/880/880 920/920/920 921/921/921
f 880/880/880 921/921/921 881/881/881
f 881/881/881 921/921/921 922/922/922
f 881/881/881 922/922/922 882/882/882
f 882/882/882 922/922/922 923/923/923
f 882/882/882 923/923/923 883/883/883
f 883/883/883 923/923/923 924/924/924
f 883/883/883 924/924/924 884/884/884
f 884/884/884 924/924/924 925/925/925
f 884/884/884 925/925/925 885/885/885
f 885/885/885 925/925/925 926/926/926
f 885/885/885 926/926/926 886/886/886
f 886/886/886 926/926/926 927/927/927
f 886/886/886 927/927/927 887/887/887
f 887/887/887 927/927/927 928/928/928
f 887/887/887 928/928/928 888/888/888
f 888/888/888 928/928/928 929/929/929
f 888/888/888 929/929/929 889/889/889
f 889/889/889 929/929/929 930/930/930
f 889/889/889 930/930/930 890/890/890
f 890/890/890 930/930/930 931/931/931
f 890/890/890 931/931/931 891/891/891
f 891/891/891 931/931/931 932/932/932
f 891/891/891 932/932/932 892/892/892
f 892/892/892 932/932/932 933/933/933
f 892/892/892 933/933/933 893/893/893
f 893/893/893 933/933/933 934/934/934
f 893/893/893 934/934/934 894/894/894
f 894/894/894 934/934/934 935/935/935
f 894/894/894 935/935/935 895/895/895
f 895/895/895 935/935/935 936/936/936
f 895/895/895 936/936/936 896/896/896
f 896/896/896 936/936/936 937/937/937
f 896/896/896 937/937/937 897/897/897
f 897/897/897 937/937/937 938/938/938
f 897/897/897 938/938/938 898/898/898
f 898/898/898 938/938/938 939/939/939
f 898/898/898 939/939/939 899/899/899
f 899/899/899 939/939/939 940/940/940
f 899/899/899 940/940/940 900/900/900
f 900/900/900 940/940/940 941/941/941
f 900/900/900 941/941/941 901/901/901
f 901/901/901 941/941/941 942/942/942
f 901/901/901 942/942/942 902/902/902
f 902/902/902 942/942/942 943/943/943
f 903/903/903 944/944/944 904/904/904
f 904/904/904 944/944/944 945/945/945
f 904/904/904 945/945/945 905/905/905
f 905/905/905 945/945/945 946/946/946
f 905/905/905 946/946/946 906/906/906
f 906/906/906 946/946/946 947/947/947
f 906/906/906 947/947/947 907/907/907
f 907/907/907 947/947/947 948/948/948
f 907/907/907 948/948/948 908/908/908
f 908/908/908 948/948/948 949/949/949
f 908/908/908 949/949/949 909/909/909
f 909/909/909 949/949/949 950/950/950
f 909/909/909 950/950/950 910/910/910
f 910/910/910 950/950/950 951/951/951
f 910/910/910 951/951/951 911/911/911
f 911/911/911 951/951/951 952/952/952
f 911/911/911 952/952/952 912/912/912
f 912/912/912 952/952/952 953/953/953
f 912/912/912 953/953/953 913/913/913
f 913/913/913 953/953/953 954/954/954
f 913/913/913 954/954/954 914/914/914
f 914/914/914 954/954/954 955/955/955
f 914/914/914 955/955/955 915/915/915
f 915/915/915 955/955/955 956/956/956
f 915/915/915 956/956/956 916/916/916
f 916/916/916 956/956/956 957/957/957
f 916/916/916 957/957/957 917/917/917
f 917/917/917 957/957/957 958/958/958
f 917/917/917 958/958/958 918/918/918
f 918/918/918 958/958/958 959/959/959
f 918/918/918 959/959/959 919/919/919
f 919/919/919 959/959/959 960/960/960
f 919/919/919 960/960/960 920/920/920
f 920/920/920 960/960/960 961/961/961
f 920/920/920 961/961/961 921/921/921
f 921/921/921 961/961/961 962/962/962
f 921/921/921 962/962/962 922/922/922
f 922/922/922 962/962/962 963/963/963
f 922/922/922 963/963/963 923/923/923
f 923/923/923 963/963/963 964/964/964
f 923/923/923 964/964/964 924/924/924
f 924/924/924 964/964/964 965/965/965
f 924/924/924 965/965/965 925/925/925
f 925/925/925 965/965/965 966/966/966
f 925/925/925 966/966/966 926/926/926
f 926/926/926 966/966/966 967/967/967
f 926/926/926 967/967/967 927/927/927
f 927/927/927 967/967/967 968/968/968
f 927/927/927 968/968/968 928/928/928
f 928/928/928 968/968/968 969/969/969
f 928/928/928 969/969/969 929/929/929
f 929/929/929 969/969/969 970/970/970
f 929/929/929 970/970/970 930/930/930
f 930/930/930 970/970/970 971/971/971
f 930/930/930 971/971/971 931/931/931
f 931/931/931 971/971/971 972/972/972
f 931/931/931 972/972/972 932/932/932
f 932/932/932 972/972/972 973/973/973
f 932/932/932 973/973/973 933/933/933
f 933/933/933 973/973/973 974/974/974
f 933/933/933 974/974/974 934/934/934
f 934/934/934 974/974/974 975/975/975
f 934/934/934 975/975/975 935/935/935
f 935/935/935 975/975/975 976/976/976
f 935/935/935 976/976/976 936/936/936
f 936/936/936 976/976/976 977/977/977
f 936/936/936 977/977/977 937/937/937
f 937/937/937 977/977/977 978/978/978
f 937/937/937 978/978/978 938/938/938
f 938/938/938 978/978/978 979/979/979
f 938/938/938 979/979/979 939/939/939
f 939/939/939 979/979/979 980/980/980
f 939/939/939 980/980/980 940/940/940
f 940/940/940 980/980/980 981/981/981
f 940/940/940 981/981/981 941/941/941
f 941/941/941 981/981/981 982/982/982
f 941/941/941 982/982/982 942/942/942
f 942/942/942 982/982/982 983/983/983
f 942/942/942 983/983/983 943/943/943
f 943/943/943 983/983/983 984/984/984
f 944/944/944 985/985/985 945/945/945
f 945/945/945 985/985/985 986/986/986
f 945/945/945 986/986/986 946/946/946
f 946/946/946 986/986/986 987/987/987
f 946/946/946 987/987/987 947/947/947
f 947/947/947 987/987/987 988/988/988
f 947/947/947 988/988/988 948/948/948
f 948/948/948 988/988/988 989/989/989
f 948/948/948 989/989/989 949/949/949
f 949/949/949 989/989/989 990/990/990
f 949/949/949 990/990/990 950/950/950
f 950/950/950 990/990/990 991/991/991
f 950/950/950 991/991/991 951/951/951
f 951/951/951 991/991/991 992/992/992
f 951/951/951 992/992/992 952/952/952
f 952/952/952 992/992/992 993/993/993
f 952/952/952 993/993/993 953/953/953
f 953/953/953 993/993/993 994/994/994
f 953/953/953 994/994/994 954/954/954
f 954/954/954 994/994/994 995/995/995
f 954/954/954 995/995/995 955/955/955
f 955/955/955 995/995/995 996/996/996
f 955/955/955 996/996/996 956/956/956
f 956/956/956 996/996/996 997/997/997
f 956/956/956 997/997/997 957/957/957
f 957/957/957 997/997/997 998/998/998
f 957/957/957 998/998/998 958/958/958
f 958/958/958 998/998/998 999/999/999
f 958/958/958 999/999/999 959/959/959
f 959/959/959 999/999/999 1000/1000/1000
f 959/959/959 1000/1000/1000 960/960/960
f 960/960/960 1000/1000/1000 1001/1001/1001
f 960/960/960 1001/1001/1001 961/961/961
f 961/961/961 1001/1001/1001 1002/1002/1002
f 961/961/961 1002/1002/1002 962/962/962
f 962/962/962 1002/1002/1002 1003/1003/1003
f 962/962/962 1003/1003/1003 963/963/963
f 963/963/963 1003/1003/1003 1004/1004/1004
f 963/963/963 1004/1004/1004 964/964/964
f 964/964/964 1004/1004/1004 1005/1005/1005
f 964/964/964 1005/1005/1005 965/965/965
f 965/965/965 1005/1005/1005 1006/1006/1006
f 965/965/965 1006/1006/1006 966/966/966
f 966/966/966 1006/1006/1006 1007/1007/1007
f 966/966/966 1007/1007/1007 967/967/967
f 967/967/967 1007/1007/1007 1008/1008/1008
f 967/967/967 1008/1008/1008 968/968/968
f 968/968/968 1008/1008/1008 1009/1009/1009
f 968/968/968 1009/1009/1009 969/969/969
f 969/969/969 1009/1009/1009 1010/1010/1010
f 969/969/969 1010/1010/1010 970/970/970
f 970/970/970 1010/1010/1010 1011/1011/1011
f 970/970/970 1011/1011/1011 971/971/971
f 971/971/971 1011/1011/1011 1012/1012/1012
f 971/971/971 1012/1012/1012 972/972/972
f 972/972/972 1012/1012/1012 1013/1013/1013
f 972/972/972 1013/1013/1013 973/973/973
f 973/973/973 1013/1013/1013 1014/1014/1014
f 973/973/973 1014/1014/1014 974/974/974
f 974/974/974 1014/1014/1014 1015/1015/1015
f 974/974/974 1015/1015/1015 975/975/975
f 975/975/975 1015/1015/1015 1016/1016/1016
f 975/975/975 1016/1016/1016 976/976/976
f 976/976/976 1016/1016/1016 1017/1017/1017
f 976/976/976 1017/1017/1017 977/977/977
f 977/977/977 1017/1017/1017 1018/1018/1018
f 977/977/977 1018/1018/1018 978/978/978
f 978/978/978 1018/1018/1018 1019/1019/1019
f 978/978/978 1019/1019/1019 979/979/979
f 979/979/979 1019/1019/1019 1020/1020/1020
f 979/979/979 1020/1020/1020 980/980/980
f 980/980/980 1020/1020/1020 1021/1021/1021
f 980/980/980 1021/1021/1021 981/981/981
f 981/981/981 1021/1021/1021 1022/1022/1022
f 981/981/981 1022/1022/1022 982/982/982
f 982/982/982 1022/1022/1022 1023/1023/1023
f 982/982/982 1023/1023/1023 983/983/983
f 983/983/983 1023/1023/1023 1024/1024/1024
f 983/983/983 1024/1024/1024 984/984/984
f 984/984/984 1024/1024/1024 1025/1025/1025
f 985/985/985 1026/1026/1026 986/986/986
f 986/986/986 1026/1026/1026 1027/1027/1027
f 986/986/986 1027/1027/1027 987/987/987
f 987/987/987 1027/1027/1027 1028/1028/1028
f 987/987/987 1028/1028/1028 988/988/988
f 988/988/988 1028/1028/1028 1029/1029/1029
f 988/988/988 1029/1029/1029 989/989/989
f 989/989/989 1029/1029/1029 1030/1030/1030
f 989/989/989 1030/1030/1030 990/990/990
f 990/990/990 1030/1030/1030 1031/1031/1031
f 990/990/990 1031/1031/1031 991/991/991
f 991/991/991 1031/1031/1031 1032/1032/1032
f 991/991/991 1032/1032/1032 992/992/992
f 992/992/992 1032/1032/1032 1033/1033/1033
f 992/992/992 1033/1033/1033 993/993/993
f 993/993/993 1033/1033/1033 1034/1034/1034
f 993/993/993 1034/1034/1034 994/994/994
f 994/994/994 1034/1034/1034 1035/1035/1035
f 994/994/994 1035/1035/1035 995/995/995
f 995/995/995 1035/1035/1035 1036/1036/1036
f 995/995/995 1036/1036/1036 996/996/996
f 996/996/996 1036/1036/1036 1037/1037/1037
f 996/996/996 1037/1037/1037 997/997/997
f 997/997/997 1037/1037/1037 1038/1038/1038
f 997/997/997 1038/1038/1038 998/998/998
f 998/998/998 1038/1038/1038 1039/1039/1039
f 998/998/998 1039/1039/1039 999/999/999
f 999/999/999 1039/1039/1039 1040/1040/1040
f 999/999/999 1040/1040/1040 1000/1000/1000
f 1000/1000/1000 1040/1040/1040 1041/1041/1041
f 1000/1000/1000 1041/1041/1041 1001/1001/1001
f 1001/1001/1001 1041/1041/1041 1042/1042/1042
f 1001/1001/1001 1042/1042/1042 1002/1002/1002
f 1002/1002/1002 1042/1042/1042 1043/1043/1043
f 1002/1002/1002 1043/1043/1043 1003/1003/1003
f 1003/1003/1003 1043/1043/1043 1044/1044/1044
f 1003/1003/1003 1044/1044/1044 1004/1004/1004
f 1004/1004/1004 1044/1044/1044 1045/1045/1045
f 1004/1004/1004 1045/1045/1045 1005/1005/1005
f 1005/1005/1005 1045/1045/1045 1046/1046/1046
f 1005/1005/1005 1046/1046/1046 1006/1006/1006
f 1006/1006/1006 1046/1046/1046 1047/1047/1047
f 1006/1006/1006 1047/1047/1047 1007/1007/1007
f 1007/1007/1007 1047/1047/1047 1048/1048/1048
f 1007/1007/1007 1048/1048/1048 1008/1008/1008
f 1008/1008/1008 1048/1048/1048 1049/1049/1049
f 1008/1008/1008 1049/1049/1049 1009/1009/1009
f 1009/1009/1009 1049/1049/1049 1050/1050/1050
f 1009/1009/1009 1050/1050/1050 1010/1010/1010
f 1010/1010/1010 1050/1050/1050 1051/1051/1051
f 1010/1010/1010 1051/1051/1051 1011/1011/1011
f 1011/1011/1011 1051/1051/1051 1052/1052/1052
f 1011/1011/1011 1052/1052/1052 1012/1012/1012
f 1012/1012/1012 1052/1052/1052 1053/1053/1053
f 1012/1012/1012 1053/1053/1053 1013/1013/1013
f 1013/1013/1013 1053/1053/1053 1054/1054/1054
f 1013/1013/1013 1054/1054/1054 1014/1014/1014
f 1014/1014/1014 1054/1054/1054 1055/1055/1055
f 1014/1014/1014 1055/1055/1055 1015/1015/1015
f 1015/1015/1015 1055/1055/1055 1056/1056/1056
f 1015/1015/1015 1056/1056/1056 1016/1016/1016
f 1016/1016/1016 1056/1056/1056 1057/1057/1057
f 1016/1016/1016 1057/1057/1057 1017/1017/1017
f 1017/1017/1017 1057/1057/1057 1058/1058/1058
f 1017/1017/1017 1058/1058/1058 1018/1018/1018
f 1018/1018/1018 1058/1058/1058 1059/1059/1059
f 1018/1018/1018 1059/1059/1059 1019/1019/1019
f 1019/1019/1019 1059/1059/1059 1060/1060/1060
f 1019/1019/1019 1060/1060/1060 1020/1020/1020
f 1020/1020/1020 1060/1060/1060 1061/1061/1061
f 1020/1020/1020 1061/1061/1061 1021/1021/1021
f 1021/1021/1021 1061/1061/1061 1062/1062/1062
f 1021/1021/1021 1062/1062/1062 1022/1022/1022
f 1022/1022/1022 1062/1062/1062 1063/1063/1063
f 1022/1022/1022 1063/1063/1063 1023/1023/1023
f 1023/1023/1023 1063/1063/1063 1064/1064/1064
f 1023/1023/1023 1064/1064/1064 1024/1024/1024
f 1024/1024/1024 1064/1064/1064 1065/1065/1065
f 1024/1024/1024 1065/1065/1065 1025/1025/1025
f 1025/1025/1025 1065/1065/1065 1066/1066/1066
f 1026/1026/1026 1067/1067/1067 1027/1027/1027
f 1027/1027/1027 1067/1067/1067 1068/1068/1068
f 1027/1027/1027 1068/1068/1068 1028/1028/1028
f 1028/1028/1028 1068/1068/1068 1069/1069/1069
f 1028/1028/1028 1069/1069/1069 1029/1029/1029
f 1029/1029/1029 1069/1069/1069 1070/1070/1070
f 1029/1029/1029 1070/1070/1070 1030/1030/1030
f 1030/1030/1030 1070/1070/1070 1071/1071/1071
f 1030/1030/1030 1071/1071/1071 1031/1031/1031
f 1031/1031/1031 1071/1071/1071 1072/1072/1072
f 1031/1031/1031 1072/1072/1072 1032/1032/1032
f 1032/1032/1032 1072/1072/1072 1073/1073/1073
f 1032/1032/1032 1073/1073/1073 1033/1033/1033
f 1033/1033/1033 1073/1073/1073 1074/1074/1074
f 1033/1033/1033 1074/1074/1074 1034/1034/1034
f 1034/1034/1034 1074/1074/1074 1075/1075/1075
f 1034/1034/1034 1075/1075/1075 1035/1035/1035
f 1035/1035/1035 1075/1075/1075 1076/1076/1076
f 1035/1035/1035 1076/1076/1076 1036/1036/1036
f 1036/1036/1036 1076/1076/1076 1077/1077/1077
f 1036/1036/1036 1077/1077/1077 1037/1037/1037
f 1037/1037/1037 1077/1077/1077 1078/1078/1078
f 1037/1037/1037 1078/1078/1078 1038/1038/1038
f 1038/1038/1038 1078/1078/1078 1079/1079/1079
f 1038/1038/1038 1079/1079/1079 1039/1039/1039
f 1039/1039/1039 1079/1079/1079 1080/1080/1080
f 1039/1039/1039 1080/1080/1080 1040/1040/1040
f 1040/1040/1040 1080/1080/1080 1081/1081/1081
f 1040/1040/1040 1081/1081/1081 1041/1041/1041
f 1041/1041/1041 1081/1081/1081 1082/1082/1082
f 1041/1041/1041 1082/1082/1082 1042/1042/1042
f 1042/1042/1042 1082/1082/1082 1083/1083/1083
f 1042/1042/1042 1083/1083/1083 1043/1043/1043
f 1043/1043/1043 1083/1083/1083 1084/1084/1084
f 1043/1043/1043 1084/1084/1084 1044/1044/1044
f 1044/1044/1044 1084/1084/1084 1085/1085/1085
f 1044/1044/1044 1085/1085/1085 1045/1045/1045
f 1045/1045/1045 1085/1085/1085 1086/1086/1086
f 1045/1045/1045 1086/1086/1086 1046/1046/1046
f 1046/1046/1046 1086/1086/1086 1087/1087/1087
f 1046/1046/1046 1087/1087/1087 1047/1047/1047
f 1047/1047/1047 1087/1087/1087 1088/1088/1088
f 1047/1047/1047 1088/1088/1088 1048/1048/1048
f 1048/1048/1048 1088/1088/1088 1089/1089/1089
f 1048/1048/1048 1089/1089/1089 1049/1049/1049
f 1049/1049/1049 1089/1089/1089 1090/1090/1090
f 1049/1049/1049 1090/1090/1090 1050/1050/1050
f 1050/1050/1050 1090/1090/1090 1091/1091/1091
f 1050/1050/1050 1091/1091/1091 1051/1051/1051
f 1051/1051/1051 1091/1091/1091 1092/1092/1092
f 1051/1051/1051 1092/1092/1092 1052/1052/1052
f 1052/1052/1052 1092/1092/1092 1093/1093/1093
f 1052/1052/1052 1093/1093/1093 1053/1053/1053
f 1053/1053/1053 1093/1093/1093 1094/1094/1094
f 1053/1053/1053 1094/1094/1094 1054/1054/1054
f 1054/1054/1054 1094/1094/1094 1095/1095/1095
f 1054/1054/1054 1095/1095/1095 1055/1055/1055
f 1055/1055/1055 1095/1095/1095 1096/1096/1096
f 1055/1055/1055 1096/1096/1096 1056/1056/1056
f 1056/1056/1056 1096/1096/1096 1097/1097/1097
f 1056/1056/1056 1097/1097/1097 1057/1057/1057
f 1057/1057/1057 1097/1097/1097 1098/1098/1098
f 1057/1057/1057 1098/1098/1098 1058/1058/1058
f 1058/1058/1058 1098/1098/1098 1099/1099/1099
f 1058/1058/1058 1099/1099/1099 1059/1059/1059
f 1059/1059/1059 1099/1099/1099 1100/1100/1100
f 1059/1059/1059 1100/1100/1100 1060/1060/1060
f 1060/1060/1060 1100/1100/1100 1101/1101/1101
f 1060/1060/1060 1101/1101/1101 1061/1061/1061
f 1061/1061/1061 1101/1101/1101 1102/1102/1102
f 1061/1061/1061 1102/1102/1102 1062/1062/1062
f 1062/1062/1062 1102/1102/1102 1103/1103/1103
f 1062/1062/1062 1103/1103/1103 1063/1063/1063
f 1063/1063/1063 1103/1103/1103 1104/1104/1104
f 1063/1063/1063 1104/1104/1104 1064/1064/1064
f 1064/1064/1064 1104/1104/1104 1105/1105/1105
f 1064/1064/1064 1105/1105/1105 1065/1065/1065
f 1065/1065/1065 1105/1105/1105 1106/1106/1106
f 1065/1065/1065 1106/1106/1106 1066/1066/1066
f 1066/1066/1066 1106/1106/1106 1107/1107/1107
f 1067/1067/1067 1108/1108/1108 1068/1068/1068
f 1068/1068/1068 1108/1108/1108 1109/1109/1109
f 1068/1068/1068 1109/1109/1109 1069/1069/1069
f 1069/1069/1069 1109/1109/1109 1110/1110/1110
f 1069/1069/1069 1110/1110/1110 1070/1070/1070
f 1070/1070/1070 1110/1110/1110 1111/1111/1111
f 1070/1070/1070 1111/1111/1111 1071/1071/1071
f 1071/1071/1071 1111/1111/1111 1112/1112/1112
f 1071/1071/1071 1112/1112/1112 1072/1072/1072
f 1072/1072/1072 1112/1112/1112 1113/1113/1113
f 1072/1072/1072 1113/1113/1113 1073/1073/1073
f 1073/1073/1073 1113/1113/1113 1114/1114/1114
f 1073/1073/1073 1114/1114/1114 1074/1074/1074
f 1074/1074/1074 1114/1114/1114 1115/1115/1115
f 1074/1074/1074 1115/1115/1115 1075/1075/1075
f 1075/1075/1075 1115/1115/1115 1116/1116/1116
f 1075/1075/1075 1116/1116/1116 1076/1076/1076
f 1076/1076/1076 1116/1116/1116 1117/1117/1117
f 1076/1076/1076 1117/1117/1117 1077/1077/1077
f 1077/1077/1077 1117/1117/1117 1118/1118/1118
f 1077/1077/1077 1118/1118/1118 1078/1078/1078
f 1078/1078/1078 1118/1118/1118 1119/1119/1119
f 1078/1078/1078 1119/1119/1119 1079/1079/1079
f 1079/1079/1079 1119/1119/1119 1120/1120/1120
f 1079/1079/1079 1120/1120/1120 1080/1080/1080
f 1080/1080/1080 1120/1120/1120 1121/1121/1121
f 1080/1080/1080 1121/1121/1121 1081/1081/1081
f 1081/1081/1081 1121/1121/1121 1122/1122/1122
f 1081/1081/1081 1122/1122/1122 1082/1082/1082
f 1082/1082/1082 1122/1122/1122 1123/1123/1123
f 1082/1082/1082 1123/1123/1123 1083/1083/1083
f 1083/1083/1083 1123/1123/1123 1124/1124/1124
f 1083/1083/1083 1124/1124/1124 1084/1084/1084
f 1084/1084/1084 1124/1124/1124 1125/1125/1125
f 1084/1084/1084 1125/1125/1125 1085/1085/1085
f 1085/1085/1085 1125/1125/1125 1126/1126/1126
f 1085/1085/1085 1126/1126/1126 1086/1086/1086
f 1086/1086/1086 1126/1126/1126 1127/1127/1127
f 1086/1086/1086 1127/1127/1127 1087/1087/1087
f 1087/1087/1087 1127/1127/1127 1128/1128/1128
f 1087/1087/1087 1128/1128/1128 1088/1088/1088
f 1088/1088/1088 1128/1128/1128 1129/1129/1129
f 1088/1088/1088 1129/1129/1129 1089/1089/1089
f 1089/1089/1089 1129/1129/1129 1130/1130/1130
f 1089/1089/1089 1130/1130/1130 1090/1090/1090
f 1090/1090/1090 1130/1130/1130 1131/1131/1131
f 1090/1090/1090 1131/1131/1131 1091/1091/1091
f 1091/1091/1091 1131/1131/1131 1132/1132/1132
f 1091/1091/1091 1132/1132/1132 1092/1092/1092
f 1092/1092/1092 1132/1132/1132 1133/1133/1133
f 1092/1092/1092 1133/1133/1133 1093/1093/1093
f 1093/1093/1093 1133/1133/1133 1134/1134/1134
f 1093/1093/1093 1134/1134/1134 1094/1094/1094
f 1094/1094/1094 1134/1134/1134 1135/1135/1135
f 1094/1094/1094 1135/1135/1135 1095/1095/1095
f 1095/1095/1095 1135/1135/1135 1136/1136/1136
f 1095/1095/1095 1136/1136/1136 1096/1096/1096
f 1096/1096/1096 1136/1136/1136 1137/1137/1137
f 1096/1096/1096 1137/1137/1137 1097/1097/1097
f 1097/1097/1097 1137/1137/1137 1138/1138/1138
f 1097/1097/1097 1138/1138/1138 1098/1098/1098
f 1098/1098/1098 1138/1138/1138 1139/1139/1139
f 1098/1098/1098 1139/1139/1139 1099/1099/1099
f 1099/1099/1099 1139/1139/1139 1140/1140/1140
f 1099/1099/1099 1140/1140/1140 1100/1100/1100
f 1100/1100/1100 1140/1140/1140 1141/1141/1141
f 1100/1100/1100 1141/1141/1141 1101/1101/1101
f 1101/1101/1101 1141/1141/1141 1142/1142/1142
f 1101/1101/1101 1142/1142/1142 1102/1102/1102
f 1102/1102/1102 1142/1142/1142 1143/1143/1143
f 1102/1102/1102 1143/1143/1143 1103/1103/1103
f 1103/1103/1103 1143/1143/1143 1144/1144/1144
f 1103/1103/1103 1144/1144/1144 1104/1104/1104
f 1104/1104/1104 1144/1144/1144 1145/1145/1145
f 1104/1104/1104 1145/1145/1145 1105/1105/1105
f 1105/1105/1105 1145/1145/1145 1146/1146/1146
f 1105/1105/1105 1146/1146/1146 1106/1106/1106
f 1106/1106/1106 1146/1146/1146 1147/1147/1147
f 1106/1106/1106 1147/1147/1147 1107/1107/1107
f 1107/1107/1107 1147/1147/1147 1148/1148/1148
f 1108/1108/1108 1149/1149/1149 1109/1109/1109
f 1109/1109/1109 1149/1149/1149 1150/1150/1150
f 1109/1109/1109 1150/1150/1150 1110/1110/1110
f 1110/1110/1110 1150/1150/1150 1151/1151/1151
f 1110/1110/1110 1151/1151/1151 1111/1111/1111
f 1111/1111/1111 1151/1151/1151 1152/1152/1152
f 1111/1111/1111 1152/1152/1152 1112/1112/1112
f 1112/1112/1112 1152/1152/1152 1153/1153/1153
f 1112/1112/1112 1153/1153/1153 1113/1113/1113
f 1113/1113/1113 1153/1153/1153 1154/1154/1154
f 1113/1113/1113 1154/1154/1154 1114/1114/1114
f 1114/1114/1114 1154/1154/1154 1155/1155/1155
f 1114/1114/1114 1155/1155/1155 1115/1115/1115
f 1115/1115/1115 1155/1155/1155 1156/1156/1156
f 1115/1115/1115 1156/1156/1156 1116/1116/1116
f 1116/1116/1116 1156/1156/1156 1157/1157/1157
f 1116/1116/1116 1157/1157/1157 1117/1117/1117
f 1117/1117/1117 1157/1157/1157 1158/1158/1158
f 1117/1117/1117 1158/1158/1158 1118/1118/1118
f 1118/1118/1118 1158/1158/1158 1159/1159/1159
f 1118/1118/1118 1159/1159/1159 1119/1119/1119
f 1119/1119/1119 1159/1159/1159 1160/1160/1160
f 1119/1119/1119 1160/1160/1160 1120/1120/1120
f 1120/1120/1120 1160/1160/1160 1161/1161/1161
f 1120/1120/1120 1161/1161/1161 1121/1121/1121
f 1121/1121/1121 1161/1161/1161 1162/1162/1162
f 1121/1121/1121 1162/1162/1162 1122/1122/1122
f 1122/1122/1122 1162/1162/1162 1163/1163/1163
f 1122/1122/1122 1163/1163/1163 1123/1123/1123
f 1123/1123/1123 1163/1163/1163 1164/1164/1164
f 1123/1123/1123 1164/1164/1164 1124/1124/1124
f 1124/1124/1124 1164/1164/1164 1165/1165/1165
f 1124/1124/1124 1165/1165/1165 1125/1125/1125
f 1125/1125/1125 1165/1165/1165 1166/1166/1166
f 1125/1125/1125 1166/1166/1166 1126/1126/1126
f 1126/1126/1126 1166/1166/1166 1167/1167/1167
f 1126/1126/1126 1167/1167/1167 1127/1127/1127
f 1127/1127/1127 1167/1167/1167 1168/1168/1168
f 1127/1127/1127 1168/1168/1168 1128/1128/1128
f 1128/1128/1128 1168/1168/1168 1169/1169/1169
f 1128/1128/1128 1169/1169/1169 1129/1129/1129
f 1129/1129/1129 1169/1169/1169 1170/1170/1170
f 1129/1129/1129 1170/1170/1170 1130/1130/1130
f 1130/1130/1130 1170/1170/1170 1171/1171/1171
f 1130/1130/1130 1171/1171/1171 1131/1131/1131
f 1131/1131/1131 1171/1171/1171 1172/1172/1172
f 1131/1131/1131 1172/1172/1172 1132/1132/1132
f 1132/1132/1132 1172/1172/1172 1173/1173/1173
f 1132/1132/1132 1173/1173/1173 1133/1133/1133
f 1133/1133/1133 1173/1173/1173 1174/1174/1174
f 1133/1133/1133 1174/1174/1174 1134/1134/1134
f 1134/1134/1134 1174/1174/1174 1175/1175/1175
f 1134/1134/1134 1175/1175/1175 1135/1135/1135
f 1135/1135/1135 1175/1175/1175 1176/1176/1176
f 1135/1135/1135 1176/1176/1176 1136/1136/1136
f 1136/1136/1136 1176/1176/1176 1177/1177/1177
f 1136/1136/1136 1177/1177/1177 1137/1137/1137
f 1137/1137/1137 1177/1177/1177 1178/1178/1178
f 1137/1137/1137 1178/1178/1178 1138/1138/1138
f 1138/1138/1138 1178/1178/1178 1179/1179/1179
f 1138/1138/1138 1179/1179/1179 1139/1139/1139
f 1139/1139/1139 1179/1179/1179 1180/1180/1180
f 1139/1139/1139 1180/1180/1180 1140/1140/1140
f 1140/1140/1140 1180/1180/1180 1181/1181/1181
f 1140/1140/1140 1181/1181/1181 1141/1141/1141
f 1141/1141/1141 1181/1181/1181 1182/1182/1182
f 1141/1141/1141 1182/1182/1182 1142/1142/1142
f 1142/1142/1142 1182/1182/1182 1183/1183/1183
f 1142/1142/1142 1183/1183/1183 1143/1143/1143
f 1143/1143/1143 1183/1183/1183 1184/1184/1184
f 1143/1143/1143 1184/1184/1184 1144/1144/1144
f 1144/1144/1144 1184/1184/1184 1185/1185/1185
f 1144/1144/1144 1185/1185/1185 1145/1145/1145
f 1145/1145/1145 1185/1185/1185 1186/1186/1186
f 1145/1145/1145 1186/1186/1186 1146/1146/1146
f 1146/1146/1146 1186/1186/1186 1187/1187/1187
f 1146/1146/1146 1187/1187/1187 1147/1147/1147
f 1147/1147/1147 1187/1187/1187 1188/1188/1188
f 1147/1147/1147 1188/1188/1188 1148/1148/1148
f 1148/1148/1148 1188/1188/1188 1189/1189/1189
f 1149/1149/1149 1190/1190/1190 1150/1150/1150
f 1150/1150/1150 1190/1190/1190 1191/1191/1191
f 1150/1150/1150 1191/1191/1191 1151/1151/1151
f 1151/1151/1151 1191/1191/1191 1192/1192/1192
f 1151/1151/1151 1192/1192/1192 1152/1152/1152
f 1152/1152/1152 1192/1192/1192 1193/1193/1193
f 1152/1152/1152 1193/1193/1193 1153/1153/1153
f 1153/1153/1153 1193/1193/1193 1194/1194/1194
f 1153/1153/1153 1194/1194/1194 1154/1154/1154
f 1154/1154/1154 1194/1194/1194 1195/1195/1195
f 1154/1154/1154 1195/1195/1195 1155/1155/1155
f 1155/1155/1155 1195/1195/1195 1196/1196/1196
f 1155/1155/1155 1196/1196/1196 1156/1156/1156
f 1156/1156/1156 1196/1196/1196 1197/1197/1197
f 1156/1156/1156 1197/1197/1197 1157/1157/1157
f 1157/1157/1157 1197/1197/1197 1198/1198/1198
f 1157/1157/1157 1198/1198/1198 1158/1158/1158
f 1158/1158/1158 1198/1198/1198 1199/1199/1199
f 1158/1158/1158 1199/1199/1199 1159/1159/1159
f 1159/1159/1159 1199/1199/1199 1200/1200/1200
f 1159/1159/1159 1200/1200/1200 1160/1160/1160
f 1160/1160/1160 1200/1200/1200 1201/1201/1201
f 1160/1160/1160 1201/1201/1201 1161/1161/1161
f 1161/1161/1161 1201/1201/1201 1202/1202/1202
f 1161/1161/1161 1202/1202/1202 1162/1162/1162
f 1162/1162/1162 1202/1202/1202 1203/1203/1203
f 1162/1162/1162 1203/1203/1203 1163/1163/1163
f 1163/1163/1163 1203/1203/1203 1204/1204/1204
f 1163/1163/1163 1204/1204/1204 1164/1164/1164
f 1164/1164/1164 1204/1204/1204 1205/1205/1205
f 1164/1164/1164 1205/1205/1205 1165/1165/1165
f 1165/1165/1165 1205/1205/1205 1206/1206/1206
f 1165/1165/1165 1206/1206/1206 1166/1166/1166
f 1166/1166/1166 1206/1206/1206 1207/1207/1207
f 1166/1166/1166 1207/1207/1207 1167/1167/1167
f 1167/1167/1167 1207/1207/1207 1208/1208/1208
f 1167/1167/1167 1208/1208/1208 1168/1168/1168
f 1168/1168/1168 1208/1208/1208 1209/1209/1209
f 1168/1168/1168 1209/1209/1209 1169/1169/1169
f 1169/1169/1169 1209/1209/1209 1210/1210/1210
f 1169/1169/1169 1210/1210/1210 1170/1170/1170
f 1170/1170/1170 1210/1210/1210 1211/1211/1211
f 1170/1170/1170 1211/1211/1211 1171/1171/1171
f 1171/1171/1171 1211/1211/1211 1212/1212/1212
f 1171/1171/1171 1212/1212/1212 1172/1172/1172
f 1172/1172/1172 1212/1212/1212 1213/1213/1213
f 1172/1172/1172 1213/1213/1213 1173/1173/1173
f 1173/1173/1173 1213/1213/1213 1214/1214/1214
f 1173/1173/1173 1214/1214/1214 1174/1174/1174
f 1174/1174/1174 1214/1214/1214 1215/1215/1215
f 1174/1174/1174 1215/1215/1215 1175/1175/1175
f 1175/1175/1175 1215/1215/1215 1216/1216/1216
f 1175/1175/1175 1216/1216/1216 1176/1176/1176
f 1176/1176/1176 1216/1216/1216 1217/1217/1217
f 1176/1176/1176 1217/1217/1217 1177/1177/1177
f 1177/1177/1177 1217/1217/1217 1218/1218/1218
f 1177/1177/1177 1218/1218/1218 1178/1178/1178
f 1178/1178/1178 1218/1218/1218 1219/1219/1219
f 1178/1178/1178 1219/1219/1219 1179/1179/1179
f 1179/1179/1179 1219/1219/1219 1220/1220/1220
f 1179/1179/1179 1220/1220/1220 1180/1180/1180
f 1180/1180/1180 1220/1220/1220 1221/1221/1221
f 1180/1180/1180 1221/1221/1221 1181/1181/1181
f 1181/1181/1181 1221/1221/1221 1222/1222/1222
f 1181/1181/1181 1222/1222/1222 1182/1182/1182
f 1182/1182/1182 1222/1222/1222 1223/1223/1223
f 1182/1182/1182 1223/1223/1223 1183/1183/1183
f 1183/1183/1183 1223/1223/1223 1224/1224/1224
f 1183/1183/1183 1224/1224/1224 1184/1184/1184
f 1184/1184/1184 1224/1224/1224 1225/1225/1225
f 1184/1184/1184 1225/1225/1225 1185/1185/1185
f 1185/1185/1185 1225/1225/1225 1226/1226/1226
f 1185/1185/1185 1226/1226/1226 1186/1186/1186
f 1186/1186/1186 1226/1226/1226 1227/1227/1227
f 1186/1186/1186 1227/1227/1227 1187/1187/1187
f 1187/1187/1187 1227/1227/1227 1228/1228/1228
f 1187/1187/1187 1228/1228/1228 1188/1188/1188
f 1188/1188/1188 1228/1228/1228 1229/1229/1229
f 1188/1188/1188 1229/1229/1229 1189/1189/1189
f 1189/1189/1189 1229/1229/1229 1230/1230/1230
f 1190/1190/1190 1231/1231/1231 1191/1191/1191
f 1191/1191/1191 1231/1231/1231 1232/1232/1232
f 1191/1191/1191 1232/1232/1232 1192/1192/1192
f 1192/1192/1192 1232/1232/1232 1233/1233/1233
f 1192/1192/1192 1233/1233/1233 1193/1193/1193
f 1193/1193/1193 1233/1233/1233 1234/1234/1234
f 1193/1193/1193 1234/1234/1234 1194/1194/1194
f 1194/1194/1194 1234/1234/1234 1235/1235/1235
f 1194/1194/1194 1235/1235/1235 1195/1195/1195
f 1195/1195/1195 1235/1235/1235 1236/1236/1236
f 1195/1195/1195 1236/1236/1236 1196/1196/1196
f 1196/1196/1196 1236/1236/1236 1237/1237/1237
f 1196/1196/1196 1237/1237/1237 1197/1197/1197
f 1197/1197/1197 1237/1237/1237 1238/1238/1238
f 1197/1197/1197 1238/1238/1238 1198/1198/1198
f 1198/1198/1198 1238/1238/1238 1239/1239/1239
f 1198/1198/1198 1239/1239/1239 1199/1199/1199
f 1199/1199/1199 1239/1239/1239 1240/1240/1240
f 1199/1199/1199 1240/1240/1240 1200/1200/1200
f 1200/1200/1200 1240/1240/1240 1241/1241/1241
f 1200/1200/1200 1241/1241/1241 1201/1201/1201
f 1201/1201/1201 1241/1241/1241 1242/1242/1242
f 1201/1201/1201 1242/1242/1242 1202/1202/1202
f 1202/1202/1202 1242/1242/1242 1243/1243/1243
f 1202/1202/1202 1243/1243/1243 1203/1203/1203
f 1203/1203/1203 1243/1243/1243 1244/1244/1244
f 1203/1203/1203 1244/1244/1244 1204/1204/1204
f 1204/1204/1204 1244/1244/1244 1245/1245/1245
f 1204/1204/1204 1245/1245/1245 1205/1205/1205
f 1205/1205/1205 1245/1245/1245 1246/1246/1246
f 1205/1205/1205 1246/1246/1246 1206/1206/1206
f 1206/1206/1206 1246/1246/1246 1247/1247/1247
f 1206/1206/1206 1247/1247/1247 1207/1207/1207
f 1207/1207/1207 1247/1247/1247 1248/1248/1248
f 1207/1207/1207 1248/1248/1248 1208/1208/1208
f 1208/1208/1208 1248/1248/1248 1249/1249/1249
f 1208/1208/1208 1249/1249/1249 1209/1209/1209
f 1209/1209/1209 1249/1249/1249 1250/1250/1250
f 1209/1209/1209 1250/1250/1250 1210/1210/1210
f 1210/1210/1210 1250/1250/1250 1251/1251/1251
f 1210/1210/1210 1251/1251/1251 1211/1211/1211
f 1211/1211/1211 1251/1251/1251 1252/1252/1252
f 1211/1211/1211 1252/1252/1252 1212/1212/1212
f 1212/1212/1212 1252/1252/1252 1253/1253/1253
f 1212/1212/1212 1253/1253/1253 1213/1213/1213
f 1213/1213/1213 1253/1253/1253 1254/1254/1254
f 1213/1213/1213 1254/1254/1254 1214/1214/1214
f 1214/1214/1214 1254/1254/1254 1255/1255/1255
f 1214/1214/1214 1255/1255/1255 1215/1215/1215
f 1215/1215/1215 1255/1255/1255 1256/1256/1256
f 1215/1215/1215 1256/1256/1256 1216/1216/1216
f 1216/1216/1216 1256/1256/1256 1257/1257/1257
f 1216/1216/1216 1257/1257/1257 1217/1217/1217
f 1217/1217/1217 1257/1257/1257 1258/1258/1258
f 1217/1217/1217 1258/1258/1258 1218/1218/1218
f 1218/1218/1218 1258/1258/1258 1259/1259/1259
f 1218/1218/1218 1259/1259/1259 1219/1219/1219
f 1219/1219/1219 1259/1259/1259 1260/1260/1260
f 1219/1219/1219 1260/1260/1260 1220/1220/1220
f 1220/1220/1220 1260/1260/1260 1261/1261/1261
f 1220/1220/1220 1261/1261/1261 1221/1221/1221
f 1221/1221/1221 1261/1261/1261 1262/1262/1262
f 1221/1221/1221 1262/1262/1262 1222/1222/1222
f 1222/1222/1222 1262/1262/1262 1263/1263/1263
f 1222/1222/1222 1263/1263/1263 1223/1223/1223
f 1223/1223/1223 1263/1263/1263 1264/1264/1264
f 1223/1223/1223 1264/1264/1264 1224/1224/1224
f 1224/1224/1224 1264/1264/1264 1265/1265/1265
f 1224/1224/1224 1265/1265/1265 1225/1225/1225
f 1225/1225/1225 1265/1265/1265 1266/1266/1266
f 1225/1225/1225 1266/1266/1266 1226/1226/1226
f 1226/1226/1226 1266/1266/1266 1267/1267/1267
f 1226/1226/1226 1267/1267/1267 1227/1227/1227
f 1227/1227/1227 1267/1267/1267 1268/1268/1268
f 1227/1227/1227 1268/1268/1268 1228/1228/1228
f 1228/1228/1228 1268/1268/1268 1269/1269/1269
f 1228/1228/1228 1269/1269/1269 1229/1229/1229
f 1229/1229/1229 1269/1269/1269 1270/1270/1270
f 1229/1229/1229 1270/1270/1270 1230/1230/1230
f 1230/1230/1230 1270/1270/1270 1271/1271/1271
f 1231/1231/1231 1272/1272/1272 1232/1232/1232
f 1232/1232/1232 1272/1272/1272 1273/1273/1273
f 1232/1232/1232 1273/1273/1273 1233/1233/1233
f 1233/1233/1233 1273/1273/1273 1274/1274/1274
f 1233/1233/1233 1274/1274/1274 1234/1234/1234
f 1234/1234/1234 1274/1274/1274 1275/1275/1275
f 1234/1234/1234 1275/1275/1275 1235/1235/1235
f 1235/1235/1235 1275/1275/1275 1276/1276/1276
f 1235/1235/1235 1276/1276/1276 1236/1236/1236
f 1236/1236/1236 1276/1276/1276 1277/1277/1277
f 1236/1236/1236 1277/1277/1277 1237/1237/1237
f 1237/1237/1237 1277/1277/1277 1278/1278/1278
f 1237/1237/1237 1278/1278/1278 1238/1238/1238
f 1238/1238/1238 1278/1278/1278 1279/1279/1279
f 1238/1238/1238 1279/1279/1279 1239/1239/1239
f 1239/1239/1239 1279/1279/1279 1280/1280/1280
f 1239/1239/1239 1280/1280/1280 1240/1240/1240
f 1240/1240/1240 1280/1280/1280 1281/1281/1281
f 1240/1240/1240 1281/1281/1281 1241/1241/1241
f 1241/1241/1241 1281/1281/1281 1282/1282/1282
f 1241/1241/1241 1282/1282/1282 1242/1242/1242
f 1242/1242/1242 1282/1282/1282 1283/1283/1283
f 1242/1242/1242 1283/1283/1283 1243/1243/1243
f 1243/1243/1243 1283/1283/1283 1284/1284/1284
f 1243/1243/1243 1284/1284/1284 1244/1244/1244
f 1244/1244/1244 1284/1284/1284 1285/1285/1285
f 1244/1244/1244 1285/1285/1285 1245/1245/1245
f 1245/1245/1245 1285/1285/1285 1286/1286/1286
f 1245/1245/1245 1286/1286/1286 1246/1246/1246
f 1246/1246/1246 1286/1286/1286 1287/1287/1287
f 1246/1246/1246 1287/1287/1287 1247/1247/1247
f 1247/1247/1247 1287/1287/1287 1288/1288/1288
f 1247/1247/1247 1288/1288/1288 1248/1248/1248
f 1248/1248/1248 1288/1288/1288 1289/1289/1289
f 1248/1248/1248 1289/1289/1289 1249/1249/1249
f 1249/1249/1249 1289/1289/1289 1290/1290/1290
f 1249/1249/1249 1290/1290/1290 1250/1250/1250
f 1250/1250/1250 1290/1290/1290 1291/1291/1291
f 1250/1250/1250 1291/1291/1291 1251/1251/1251
f 1251/1251/1251 1291/1291/1291 1292/1292/1292
f 1251/1251/1251 1292/1292/1292 1252/1252/1252
f 1252/1252/1252 1292/1292/1292 1293/1293/1293
f 1252/1252/1252 1293/1293/1293 1253/1253/1253
f 1253/1253/1253 1293/1293/1293 1294/1294/1294
f 1253/1253/1253 1294/1294/1294 1254/1254/1254
f 1254/1254/1254 1294/1294/1294 1295/1295/1295
f 1254/1254/1254 1295/1295/1295 1255/1255/1255
f 1255/1255/1255 1295/1295/1295 1296/1296/1296
f 1255/1255/1255 1296/1296/1296 1256/1256/1256
f 1256/1256/1256 1296/1296/1296 1297/1297/1297
f 1256/1256/1256 1297/1297/1297 1257/1257/1257
f 1257/1257/1257 1297/1297/1297 1298/1298/1298
f 1257/1257/1257 1298/1298/1298 1258/1258/1258
f 1258/1258/1258 1298/1298/1298 1299/1299/1299
f 1258/1258/1258 1299/1299/1299 1259/1259/1259
f 1259/1259/1259 1299/1299/1299 1300/1300/1300
f 1259/1259/1259 1300/1300/1300 1260/1260/1260
f 1260/1260/1260 1300/1300/1300 1301/1301/1301
f 1260/1260/1260 1301/1301/1301 1261/1261/1261
f 1261/1261/1261 1301/1301/1301 1302/1302/1302
f 1261/1261/1261 1302/1302/1302 1262/1262/1262
f 1262/1262/1262 1302/1302/1302 1303/1303/1303
f 1262/1262/1262 1303/1303/1303 1263/1263/1263
f 1263/1263/1263 1303/1303/1303 1304/1304/1304
f 1263/1263/1263 1304/1304/1304 1264/1264/1264
f 1264/1264/1264 1304/1304/1304 1305/1305/1305
f 1264/1264/1264 1305/1305/1305 1265/1265/1265
f 1265/1265/1265 1305/1305/1305 1306/1306/1306
f 1265/1265/1265 1306/1306/1306 1266/1266/1266
f 1266/1266/1266 1306/1306/1306 1307/1307/1307
f 1266/1266/1266 1307/1307/1307 1267/1267/1267
f 1267/1267/1267 1307/1307/1307 1308/1308/1308
f 1267/1267/1267 1308/1308/1308 1268/1268/1268
f 1268/1268/1268 1308/1308/1308 1309/1309/1309
f 1268/1268/1268 1309/1309/1309 1269/1269/1269
f 1269/1269/1269 1309/1309/1309 1310/1310/1310
f 1269/1269/1269 1310/1310/1310 1270/1270/1270
f 1270/1270/1270 1310/1310/1310 1311/1311/1311
f 1270/1270/1270 1311/1311/1311 1271/1271/1271
f 1271/1271/1271 1311/1311/1311 1312/1312/1312
f 1272/1272/1272 1313/1313/1313 1273/1273/1273
f 1273/1273/1273 1313/1313/1313 1314/1314/1314
f 1273/1273/1273 1314/1314/1314 1274/1274/1274
f 1274/1274/1274 1314/1314/1314 1315/1315/1315
f 1274/1274/1274 1315/1315/1315 1275/1275/1275
f 1275/1275/1275 1315/1315/1315 1316/1316/1316
f 1275/1275/1275 1316/1316/1316 1276/1276/1276
f 1276/1276/1276 1316/1316/1316 1317/1317/1317
f 1276/1276/1276 1317/1317/1317 1277/1277/1277
f 1277/1277/1277 1317/1317/1317 1318/1318/1318
f 1277/1277/1277 1318/1318/1318 1278/1278/1278
f 1278/1278/1278 1318/1318/1318 1319/1319/1319
f 1278/1278/1278 1319/1319/1319 1279/1279/1279
f 1279/1279/1279 1319/1319/1319 1320/1320/1320
f 1279/1279/1279 1320/1320/1320 1280/1280/1280
f 1280/1280/1280 1320/1320/1320 1321/1321/1321
f 1280/1280/1280 1321/1321/1321 1281/1281/1281
f 1281/1281/1281 1321/1321/1321 1322/1322/1322
f 1281/1281/1281 1322/1322/1322 1282/1282/1282
f 1282/1282/1282 1322/1322/1322 1323/1323/1323
f 1282/1282/1282 1323/1323/1323 1283/1283/1283
f 1283/1283/1283 1323/1323/1323 1324/1324/1324
f 1283/1283/1283 1324/1324/1324 1284/1284/1284
f 1284/1284/1284 1324/1324/1324 1325/1325/1325
f 1284/1284/1284 1325/1325/1325 1285/1285/1285
f 1285/1285/1285 1325/1325/1325 1326/1326/1326
f 1285/1285/1285 1326/1326/1326 1286/1286/1286
f 1286/1286/1286 1326/1326/1326 1327/1327/1327
f 1286/1286/1286 1327/1327/1327 1287/1287/1287
f 1287/1287/1287 1327/1327/1327 1328/1328/1328
f 1287/1287/1287 1328/1328/1328 1288/1288/1288
f 1288/1288/1288 1328/1328/1328 1329/1329/1329
f 1288/1288/1288 1329/1329/1329 1289/1289/1289
f 1289/1289/1289 1329/1329/1329 1330/1330/1330
f 1289/1289/1289 1330/1330/1330 1290/1290/1290
f 1290/1290/1290 1330/1330/1330 1331/1331/1331
f 1290/1290/1290 1331/1331/1331 1291/1291/1291
f 1291/1291/1291 1331/1331/1331 1332/1332/1332
f 1291/1291/1291 1332/1332/1332 1292/1292/1292
f 1292/1292/1292 1332/1332/1332 1333/1333/1333
f 1292/1292/1292 1333/1333/1333 1293/1293/1293
f 1293/1293/1293 1333/1333/1333 1334/1334/1334
f 1293/1293/1293 1334/1334/1334 1294/1294/1294
f 1294/1294/1294 1334/1334/1334 1335/1335/1335
f 1294/1294/1294 1335/1335/1335 1295/1295/1295
f 1295/1295/1295 1335/1335/1335 1336/1336/1336
f 1295/1295/1295 1336/1336/1336 1296/1296/1296
f 1296/1296/1296 1336/1336/1336 1337/1337/1337
f 1296/1296/1296 1337/1337/1337 1297/1297/1297
f 1297/1297/1297 1337/1337/1337 1338/1338/1338
f 1297/1297/1297 1338/1338/1338 1298/1298/1298
f 1298/1298/1298 1338/1338/1338 1339/1339/1339
f 1298/1298/1298 1339/1339/1339 1299/1299/1299
f 1299/1299/1299 1339/1339/1339 1340/1340/1340
f 1299/1299/1299 1340/1340/1340 1300/1300/1300
f 1300/1300/1300 1340/1340/1340 1341/1341/1341
f 1300/1300/1300 1341/1341/1341 1301/1301/1301
f 1301/1301/1301 1341/1341/1341 1342/1342/1342
f 1301/1301/1301 1342/1342/1342 1302/1302/1302
f 1302/1302/1302 1342/1342/1342 1343/1343/1343
f 1302/1302/1302 1343/1343/1343 1303/1303/1303
f 1303/1303/1303 1343/1343/1343 1344/1344/1344
f 1303/1303/1303 1344/1344/1344 1304/1304/1304
f 1304/1304/1304 1344/1344/1344 1345/1345/1345
f 1304/1304/1304 1345/1345/1345 1305/1305/1305
f 1305/1305/1305 1345/1345/1345 1346/1346/1346
f 1305/1305/1305 1346/1346/1346 1306/1306/1306
f 1306/1306/1306 1346/1346/1346 1347/1347/1347
f 1306/1306/1306 1347/1347/1347 1307/1307/1307
f 1307/1307/1307 1347/1347/1347 1348/1348/1348
f 1307/1307/1307 1348/1348/1348 1308/1308/1308
f 1308/1308/1308 1348/1348/1348 1349/1349/1349
f 1308/1308/1308 1349/1349/1349 1309/1309/1309
f 1309/1309/1309 1349/1349/1349 1350/1350/1350
f 1309/1309/1309 1350/1350/1350 1310/1310/1310
f 1310/1310/1310 1350/1350/1350 1351/1351/1351
f 1310/1310/1310 1351/1351/1351 1311/1311/1311
f 1311/1311/1311 1351/1351/1351 1352/1352/1352
f 1311/1311/1311 1352/1352/1352 1312/1312/1312
f 1312/1312/1312 1352/1352/1352 1353/1353/1353
f 1313/1313/1313 1354/1354/1354 1314/1314/1314
f 1314/1314/1314 1354/1354/1354 1355/1355/1355
f 1314/1314/1314 1355/1355/1355 1315/1315/1315
f 1315/1315/1315 1355/1355/1355 1356/1356/1356
f 1315/1315/1315 1356/1356/1356 1316/1316/1316
f 1316/1316/1316 1356/1356/1356 1357/1357/1357
f 1316/1316/1316 1357/1357/1357 1317/1317/1317
f 1317/1317/1317 1357/1357/1357 1358/1358/1358
f 1317/1317/1317 1358/1358/1358 1318/1318/1318
f 1318/1318/1318 1358/1358/1358 1359/1359/1359
f 1318/1318/1318 1359/1359/1359 1319/1319/1319
f 1319/1319/1319 1359/1359/1359 1360/1360/1360
f 1319/1319/1319 1360/1360/1360 1320/1320/1320
f 1320/1320/1320 1360/1360/1360 1361/1361/1361
f 1320/1320/1320 1361/1361/1361 1321/1321/1321
f 1321/1321/1321 1361/1361/1361 1362/1362/1362
f 1321/1321/1321 1362/1362/1362 1322/1322/1322
f 1322/1322/1322 1362/1362/1362 1363/1363/1363
f 1322/1322/1322 1363/1363/1363 1323/1323/1323
f 1323/1323/1323 1363/1363/1363 1364/1364/1364
f 1323/1323/1323 1364/1364/1364 1324/1324/1324
f 1324/1324/1324 1364/1364/1364 1365/1365/1365
f 1324/1324/1324 1365/1365/1365 1325/1325/1325
f 1325/1325/1325 1365/1365/1365 1366/1366/1366
f 1325/1325/1325 1366/1366/1366 1326/1326/1326
f 1326/1326/1326 1366/1366/1366 1367/1367/1367
f 1326/1326/1326 1367/1367/1367 1327/1327/1327
f 1327/1327/1327 1367/1367/1367 1368/1368/1368
f 1327/1327/1327 1368/1368/1368 1328/1328/1328
f 1328/1328/1328 1368/1368/1368 1369/1369/1369
f 1328/1328/1328 1369/1369/1369 1329/1329/1329
f 1329/1329/1329 1369/1369/1369 1370/1370/1370
f 1329/1329/1329 1370/1370/1370 1330/1330/1330
f 1330/1330/1330 1370/1370/1370 1371/1371/1371
f 1330/1330/1330 1371/1371/1371 1331/1331/1331
f 1331/1331/1331 1371/1371/1371 1372/1372/1372
f 1331/1331/1331 1372/1372/1372 1332/1332/1332
f 1332/1332/1332 1372/1372/1372 1373/1373/1373
f 1332/1332/1332 1373/1373/1373 1333/1333/1333
f 1333/1333/1333 1373/1373/1373 1374/1374/1374
f 1333/1333/1333 1374/1374/1374 1334/1334/1334
f 1334/1334/1334 1374/1374/1374 1375/1375/1375
f 1334/1334/1334 1375/1375/1375 1335/1335/1335
f 1335/1335/1335 1375/1375/1375 1376/1376/1376
f 1335/1335/1335 1376/1376/1376 1336/1336/1336
f 1336/1336/1336 1376/1376/1376 1377/1377/1377
f 1336/1336/1336 1377/1377/1377 1337/1337/1337
f 1337/1337/1337 1377/1377/1377 1378/1378/1378
f 1337/1337/1337 1378/1378/1378 1338/1338/1338
f 1338/1338/1338 1378/1378/1378 1379/1379/1379
f 1338/1338/1338 1379/1379/1379 1339/1339/1339
f 1339/1339/1339 1379/1379/1379 1380/1380/1380
f 1339/1339/1339 1380/1380/1380 1340/1340/1340
f 1340/1340/1340 1380/1380/1380 1381/1381/1381
f 1340/1340/1340 1381/1381/1381 1341/1341/1341
f 1341/1341/1341 1381/1381/1381 1382/1382/1382
f 1341/1341/1341 1382/1382/1382 1342/1342/1342
f 1342/1342/1342 1382/1382/1382 1383/1383/1383
f 1342/1342/1342 1383/1383/1383 1343/1343/1343
f 1343/1343/1343 1383/1383/1383 1384/1384/1384
f 1343/1343/1343 1384/1384/1384 1344/1344/1344
f 1344/1344/1344 1384/1384/1384 1385/1385/1385
f 1344/1344/1344 1385/1385/1385 1345/1345/1345
f 1345/1345/1345 1385/1385/1385 1386/1386/1386
f 1345/1345/1345 1386/1386/1386 1346/1346/1346
f 1346/1346/1346 1386/1386/1386 1387/1387/1387
f 1346/1346/1346 1387/1387/1387 1347/1347/1347
f 1347/1347/1347 1387/1387/1387 1388/1388/1388
f 1347/1347/1347 1388/1388/1388 1348/1348/1348
f 1348/1348/1348 1388/1388/1388 1389/1389/1389
f 1348/1348/1348 1389/1389/1389 1349/1349/1349
f 1349/1349/1349 1389/1389/1389 1390/1390/1390
f 1349/1349/1349 1390/1390/1390 1350/1350/1350
f 1350/1350/1350 1390/1390/1390 1391/1391/1391
f 1350/1350/1350 1391/1391/1391 1351/1351/1351
f 1351/1351/1351 1391/1391/1391 1392/1392/1392
f 1351/1351/1351 1392/1392/1392 1352/1352/1352
f 1352/1352/1352 1392/1392/1392 1393/1393/1393
f 1352/1352/1352 1393/1393/1393 1353/1353/1353
f 1353/1353/1353 1393/1393/1393 1394/1394/1394
f 1354/1354/1354 1395/1395/1395 1355/1355/1355
f 1355/1355/1355 1395/1395/1395 1396/1396/1396
f 1355/1355/1355 1396/1396/1396 1356/1356/1356
f 1356/1356/1356 1396/1396/1396 1397/1397/1397
f 1356/1356/1356 1397/1397/1397 1357/1357/1357
f 1357/1357/1357 1397/1397/1397 1398/1398/1398
f 1357/1357/1357 1398/1398/1398 1358/1358/1358
f 1358/1358/1358 1398/1398/1398 1399/1399/1399
f 1358/1358/1358 1399/1399/1399 1359/1359/1359
f 1359/1359/1359 1399/1399/1399 1400/1400/1400
f 1359/1359/1359 1400/1400/1400 1360/1360/1360
f 1360/1360/1360 1400/1400/1400 1401/1401/1401
f 1360/1360/1360 1401/1401/1401 1361/1361/1361
f 1361/1361/1361 1401/1401/1401 1402/1402/1402
f 1361/1361/1361 1402/1402/1402 1362/1362/1362
f 1362/1362/1362 1402/1402/1402 1403/1403/1403
f 1362/1362/1362 1403/1403/1403 1363/1363/1363
f 1363/1363/1363 1403/1403/1403 1404/1404/1404
f 1363/1363/1363 1404/1404/1404 1364/1364/1364
f 1364/1364/1364 1404/1404/1404 1405/1405/1405
f 1364/1364/1364 1405/1405/1405 1365/1365/1365
f 1365/1365/1365 1405/1405/1405 1406/1406/1406
f 1365/1365/1365 1406/1406/1406 1366/1366/1366
f 1366/1366/1366 1406/1406/1406 1407/1407/1407
f 1366/1366/1366 1407/1407/1407 1367/1367/1367
f 1367/1367/1367 1407/1407/1407 1408/1408/1408
f 1367/1367/1367 1408/1408/1408 1368/1368/1368
f 1368/1368/1368 1408/1408/1408 1409/1409/1409
f 1368/1368/1368 1409/1409/1409 1369/1369/1369
f 1369/1369/1369 1409/1409/1409 1410/1410/1410
f 1369/1369/1369 1410/1410/1410 1370/1370/1370
f 1370/1370/1370 1410/1410/1410 1411/1411/1411
f 1370/1370/1370 1411/1411/1411 1371/1371/1371
f 1371/1371/1371 1411/1411/1411 1412/1412/1412
f 1371/1371/1371 1412/1412/1412 1372/1372/1372
f 1372/1372/1372 1412/1412/1412 1413/1413/1413
f 1372/1372/1372 1413/1413/1413 1373/1373/1373
f 1373/1373/1373 1413/1413/1413 1414/1414/1414
f 1373/1373/1373 1414/1414/1414 1374/1374/1374
f 1374/1374/1374 1414/1414/1414 1415/1415/1415
f 1374/1374/1374 1415/1415/1415 1375/1375/1375
f 1375/1375/1375 1415/1415/1415 1416/1416/1416
f 1375/1375/1375 1416/1416/1416 1376/1376/1376
f 1376/1376/1376 1416/1416/1416 1417/1417/1417
f 1376/1376/1376 1417/1417/1417 1377/1377/1377
f 1377/1377/1377 1417/1417/1417 1418/1418/1418
f 1377/1377/1377 1418/1418/1418 1378/1378/1378
f 1378/1378/1378 1418/1418/1418 1419/1419/1419
f 1378/1378/1378 1419/1419/1419 1379/1379/1379
f 1379/1379/1379 1419/1419/1419 1420/1420/1420
f 1379/1379/1379 1420/1420/1420 1380/1380/1380
f 1380/1380/1380 1420/1420/1420 1421/1421/1421
f 1380/1380/1380 1421/1421/1421 1381/1381/1381
f 1381/1381/1381 1421/1421/1421 1422/1422/1422
f 1381/1381/1381 1422/1422/1422 1382/1382/1382
f 1382/1382/1382 1422/1422/1422 1423/1423/1423
f 1382/1382/1382 1423/1423/1423 1383/1383/1383
f 1383/1383/1383 1423/1423/1423 1424/1424/1424
f 1383/1383/1383 1424/1424/1424 1384/1384/1384
f 1384/1384/1384 1424/1424/1424 1425/1425/1425
f 1384/1384/1384 1425/1425/1425 1385/1385/1385
f 1385/1385/1385 1425/1425/1425 1426/1426/1426
f 1385/1385/1385 1426/1426/1426 1386/1386/1386
f 1386/1386/1386 1426/1426/1426 1427/1427/1427
f 1386/1386/1386 1427/1427/1427 1387/1387/1387
f 1387/1387/1387 1427/1427/1427 1428/1428/1428
f 1387/1387/1387 1428/1428/1428 1388/1388/1388
f 1388/1388/1388 1428/1428/1428 1429/1429/1429
f 1388/1388/1388 1429/1429/1429 1389/1389/1389
f 1389/1389/1389 1429/1429/1429 1430/1430/1430
f 1389/1389/1389 1430/1430/1430 1390/1390/1390
f 1390/1390/1390 1430/1430/1430 1431/1431/1431
f 1390/1390/1390 1431/1431/1431 1391/1391/1391
f 1391/1391/1391 1431/1431/1431 1432/1432/1432
f 1391/1391/1391 1432/1432/1432 1392/1392/1392
f 1392/1392/1392 1432/1432/1432 1433/1433/1433
f 1392/1392/1392 1433/1433/1433 1393/1393/1393
f 1393/1393/1393 1433/1433/1433 1434/1434/1434
f 1393/1393/1393 1434/1434/1434 1394/1394/1394
f 1394/1394/1394 1434/1434/1434 1435/1435/1435
f 1395/1395/1395 1436/1436/1436 1396/1396/1396
f 1396/1396/1396 1436/1436/1436 1437/1437/1437
f 1396/1396/1396 1437/1437/1437 1397/1397/1397
f 1397/1397/1397 1437/1437/1437 1438/1438/1438
f 1397/1397/1397 1438/1438/1438 1398/1398/1398
f 1398/1398/1398 1438/1438/1438 1439/1439/1439
f 1398/1398/1398 1439/1439/1439 1399/1399/1399
f 1399/1399/1399 1439/1439/1439 1440/1440/1440
f 1399/1399/1399 1440/1440/1440 1400/1400/1400
f 1400/1400/1400 1440/1440/1440 1441/1441/1441
f 1400/1400/1400 1441/1441/1441 1401/1401/1401
f 1401/1401/1401 1441/1441/1441 1442/1442/1442
f 1401/1401/1401 1442/1442/1442 1402/1402/1402
f 1402/1402/1402 1442/1442/1442 1443/1443/1443
f 1402/1402/1402 1443/1443/1443 1403/1403/1403
f 1403/1403/1403 1443/1443/1443 1444/1444/1444
f 1403/1403/1403 1444/1444/1444 1404/1404/1404
f 1404/1404/1404 1444/1444/1444 1445/1445/1445
f 1404/1404/1404 1445/1445/1445 1405/1405/1405
f 1405/1405/1405 1445/1445/1445 1446/1446/1446
f 1405/1405/1405 1446/1446/1446 1406/1406/1406
f 1406/1406/1406 1446/1446/1446 1447/1447/1447
f 1406/1406/1406 1447/1447/1447 1407/1407/1407
f 1407/1407/1407 1447/1447/1447 1448/1448/1448
f 1407/1407/1407 1448/1448/1448 1408/1408/1408
f 1408/1408/1408 1448/1448/1448 1449/1449/1449
f 1408/1408/1408 1449/1449/1449 1409/1409/1409
f 1409/1409/1409 1449/1449/1449 1450/1450/1450
f 1409/1409/1409 1450/1450/1450 1410/1410/1410
f 1410/1410/1410 1450/1450/1450 1451/1451/1451
f 1410/1410/1410 1451/1451/1451 1411/1411/1411
f 1411/1411/1411 1451/1451/1451 1452/1452/1452
f 1411/1411/1411 1452/1452/1452 1412/1412/1412
f 1412/1412/1412 1452/1452/1452 1453/1453/1453
f 1412/1412/1412 1453/1453/1453 1413/1413/1413
f 1413/1413/1413 1453/1453/1453 1454/1454/1454
f 1413/1413/1413 1454/1454/1454 1414/1414/1414
f 1414/1414/1414 1454/1454/1454 1455/1455/1455
f 1414/1414/1414 1455/1455/1455 1415/1415/1415
f 1415/1415/1415 1455/1455/1455 1456/1456/1456
f 1415/1415/1415 1456/1456/1456 1416/1416/1416
f 1416/1416/1416 1456/1456/1456 1457/1457/1457
f 1416/1416/1416 1457/1457/1457 1417/1417/1417
f 1417/1417/1417 1457/1457/1457 1458/1458/1458
f 1417/1417/1417 1458/1458/1458 1418/1418/1418
f 1418/1418/1418 1458/1458/1458 1459/1459/1459
f 1418/1418/1418 1459/1459/1459 1419/1419/1419
f 1419/1419/1419 1459/1459/1459 1460/1460/1460
f 1419/1419/1419 1460/1460/1460 1420/1420/1420
f 1420/1420/1420 1460/1460/1460 1461/1461/1461
f 1420/1420/1420 1461/1461/1461 1421/1421/1421
f 1421/1421/1421 1461/1461/1461 1462/1462/1462
f 1421/1421/1421 1462/1462/1462 1422/1422/1422
f 1422/1422/1422 1462/1462/1462 1463/1463/1463
f 1422/1422/1422 1463/1463/1463 1423/1423/1423
f 1423/1423/1423 1463/1463/1463 1464/1464/1464
f 1423/1423/1423 1464/1464/1464 1424/1424/1424
f 1424/1424/1424 1464/1464/1464 1465/1465/1465
f 1424/1424/1424 1465/1465/1465 1425/1425/1425
f 1425/1425/1425 1465/1465/1465 1466/1466/1466
f 1425/1425/1425 1466/1466/1466 1426/1426/1426
f 1426/1426/1426 1466/1466/1466 1467/1467/1467
f 1426/1426/1426 1467/1467/1467 1427/1427/1427
f 1427/1427/1427 1467/1467/1467 1468/1468/1468
f 1427/1427/1427 1468/1468/1468 1428/1428/1428
f 1428/1428/1428 1468/1468/1468 1469/1469/1469
f 1428/1428/1428 1469/1469/1469 1429/1429/1429
f 1429/1429/1429 1469/1469/1469 1470/1470/1470
f 1429/1429/1429 1470/1470/1470 1430/1430/1430
f 1430/1430/1430 1470/1470/1470 1471/1471/1471
f 1430/1430/1430 1471/1471/1471 1431/1431/1431
f 1431/1431/1431 1471/1471/1471 1472/1472/1472
f 1431/1431/1431 1472/1472/1472 1432/1432/1432
f 1432/1432/1432 1472/1472/1472 1473/1473/1473
f 1432/1432/1432 1473/1473/1473 1433/1433/1433
f 1433/1433/1433 1473/1473/1473 1474/1474/1474
f 1433/1433/1433 1474/1474/1474 1434/1434/1434
f 1434/1434/1434 1474/1474/1474 1475/1475/1475
f 1434/1434/1434 1475/1475/1475 1435/1435/1435
f 1435/1435/1435 1475/1475/1475 1476/1476/1476
f 1436/1436/1436 1477/1477/1477 1437/1437/1437
f 1437/1437/1437 1477/1477/1477 1478/1478/1478
f 1437/1437/1437 1478/1478/1478 1438/1438/1438
f 1438/1438/1438 1478/1478/1478 1479/1479/1479
f 1438/1438/1438 1479/1479/1479 1439/1439/1439
f 1439/1439/1439 1479/1479/1479 1480/1480/1480
f 1439/1439/1439 1480/1480/1480 1440/1440/1440
f 1440/1440/1440 1480/1480/1480 1481/1481/1481
f 1440/1440/1440 1481/1481/1481 1441/1441/1441
f 1441/1441/1441 1481/1481/1481 1482/1482/1482
f 1441/1441/1441 1482/1482/1482 1442/1442/1442
f 1442/1442/1442 1482/1482/1482 1483/1483/1483
f 1442/1442/1442 1483/1483/1483 1443/1443/1443
f 1443/1443/1443 1483/1483/1483 1484/1484/1484
f 1443/1443/1443 1484/1484/1484 1444/1444/1444
f 1444/1444/1444 1484/1484/1484 1485/1485/1485
f 1444/1444/1444 1485/1485/1485 1445/1445/1445
f 1445/1445/1445 1485/1485/1485 1486/1486/1486
f 1445/1445/1445 1486/1486/1486 1446/1446/1446
f 1446/1446/1446 1486/1486/1486 1487/1487/1487
f 1446/1446/1446 1487/1487/1487 1447/1447/1447
f 1447/1447/1447 1487/1487/1487 1488/1488/1488
f 1447/1447/1447 1488/1488/1488 1448/1448/1448
f 1448/1448/1448 1488/1488/1488 1489/1489/1489
f 1448/1448/1448 1489/1489/1489 1449/1449/1449
f 1449/1449/1449 1489/1489/1489 1490/1490/1490
f 1449/1449/1449 1490/1490/1490 1450/1450/1450
f 1450/1450/1450 1490/1490/1490 1491/1491/1491
f 1450/1450/1450 1491/1491/1491 1451/1451/1451
f 1451/1451/1451 1491/1491/1491 1492/1492/1492
f 1451/1451/1451 1492/1492/1492 1452/1452/1452
f 1452/1452/1452 1492/1492/1492 1493/1493/1493
f 1452/1452/1452 1493/1493/1493 1453/1453/1453
f 1453/1453/1453 1493/1493/1493 1494/1494/1494
f 1453/1453/1453 1494/1494/1494 1454/1454/1454
f 1454/1454/1454 1494/1494/1494 1495/1495/1495
f 1454/1454/1454 1495/1495/1495 1455/1455/1455
f 1455/1455/1455 1495/1495/1495 1496/1496/1496
f 1455/1455/1455 1496/1496/1496 1456/1456/1456
f 1456/1456/1456 1496/1496/1496 1497/1497/1497
f 1456/1456/1456 1497/1497/1497 1457/1457/1457
f 1457/1457/1457 1497/1497/1497 1498/1498/1498
f 1457/1457/1457 1498/1498/1498 1458/1458/1458
f 1458/1458/1458 1498/1498/1498 1499/1499/1499
f 1458/1458/1458 1499/1499/1499 1459/1459/1459
f 1459/1459/1459 1499/1499/1499 1500/1500/1500
f 1459/1459/1459 1500/1500/1500 1460/1460/1460
f 1460/1460/1460 1500/1500/1500 1501/1501/1501
f 1460/1460/1460 1501/1501/1501 1461/1461/1461
f 1461/1461/1461 1501/1501/1501 1502/1502/1502
f 1461/1461/1461 1502/1502/1502 1462/1462/1462
f 1462/1462/1462 1502/1502/1502 1503/1503/1503
f 1462/1462/1462 1503/1503/1503 1463/1463/1463
f 1463/1463/1463 1503/1503/1503 1504/1504/1504
f 1463/1463/1463 1504/1504/1504 1464/1464/1464
f 1464/1464/1464 1504/1504/1504 1505/1505/1505
f 1464/1464/1464 1505/1505/1505 1465/1465/1465
f 1465/1465/1465 1505/1505/1505 1506/1506/1506
f 1465/1465/1465 1506/1506/1506 1466/1466/1466
f 1466/1466/1466 1506/1506/1506 1507/1507/1507
f 1466/1466/1466 1507/1507/1507 1467/1467/1467
f 1467/1467/1467 1507/1507/1507 1508/1508/1508
f 1467/1467/1467 1508/1508/1508 1468/1468/1468
f 1468/1468/1468 1508/1508/1508 1509/1509/1509
f 1468/1468/1468 1509/1509/1509 1469/1469/1469
f 1469/1469/1469 1509/1509/1509 1510/1510/1510
f 1469/1469/1469 1510/1510/1510 1470/1470/1470
f 1470/1470/1470 1510/1510/1510 1511/1511/1511
f 1470/1470/1470 1511/1511/1511 1471/1471/1471
f 1471/1471/1471 1511/1511/1511 1512/1512/1512
f 1471/1471/1471 1512/1512/1512 1472/1472/1472
f 1472/1472/1472 1512/1512/1512 1513/1513/1513
f 1472/1472/1472 1513/1513/1513 1473/1473/1473
f 1473/1473/1473 1513/1513/1513 1514/1514/1514
f 1473/1473/1473 1514/1514/1514 1474/1474/1474
f 1474/1474/1474 1514/1514/1514 1515/1515/1515
f 1474/1474/1474 1515/1515/1515 1475/1475/1475
f 1475/1475/1475 1515/1515/1515 1516/1516/1516
f 1475/1475/1475 1516/1516/1516 1476/1476/1476
f 1476/1476/1476 1516/1516/1516 1517/1517/1517
f 1477/1477/1477 1518/1518/1518 1478/1478/1478
f 1478/1478/1478 1518/1518/1518 1519/1519/1519
f 1478/1478/1478 1519/1519/1519 1479/1479/1479
f 1479/1479/1479 1519/1519/1519 1520/1520/1520
f 1479/1479/1479 1520/1520/1520 1480/1480/1480
f 1480/1480/1480 1520/1520/1520 1521/1521/1521
f 1480/1480/1480 1521/1521/1521 1481/1481/1481
f 1481/1481/1481 1521/1521/1521 1522/1522/1522
f 1481/1481/1481 1522/1522/1522 1482/1482/1482
f 1482/1482/1482 1522/1522/1522 1523/1523/1523
f 1482/1482/1482 1523/1523/1523 1483/1483/1483
f 1483/1483/1483 1523/1523/1523 1524/1524/1524
f 1483/1483/1483 1524/1524/1524 1484/1484/1484
f 1484/1484/1484 1524/1524/1524 1525/1525/1525
f 1484/1484/1484 1525/1525/1525 1485/1485/1485
f 1485/1485/1485 1525/1525/1525 1526/1526/1526
f 1485/1485/1485 1526/1526/1526 1486/1486/1486
f 1486/1486/1486 1526/1526/1526 1527/1527/1527
f 1486/1486/1486 1527/1527/1527 1487/1487/1487
f 1487/1487/1487 1527/1527/1527 1528/1528/1528
f 1487/1487/1487 1528/1528/1528 1488/1488/1488
f 1488/1488/1488 1528/1528/1528 1529/1529/1529
f 1488/1488/1488 1529/1529/1529 1489/1489/1489
f 1489/1489/1489 1529/1529/1529 1530/1530/1530
f 1489/1489/1489 1530/1530/1530 1490/1490/1490
f 1490/1490/1490 1530/1530/1530 1531/1531/1531
f 1490/1490/1490 1531/1531/1531 1491/1491/1491
f 1491/1491/1491 1531/1531/1531 1532/1532/1532
f 1491/1491/1491 1532/1532/1532 1492/1492/1492
f 1492/1492/1492 1532/1532/1532 1533/1533/1533
f 1492/1492/1492 1533/1533/1533 1493/1493/1493
f 1493/1493/1493 1533/1533/1533 1534/1534/1534
f 1493/1493/1493 1534/1534/1534 1494/1494/1494
f 1494/1494/1494 1534/1534/1534 1535/1535/1535
f 1494/1494/1494 1535/1535/1535 1495/1495/1495
f 1495/1495/1495 1535/1535/1535 1536/1536/1536
f 1495/1495/1495 1536/1536/1536 1496/1496/1496
f 1496/1496/1496 1536/1536/1536 1537/1537/1537
f 1496/1496/1496 1537/1537/1537 1497/1497/1497
f 1497/1497/1497 1537/1537/1537 1538/1538/1538
f 1497/1497/1497 1538/1538/1538 1498/1498/1498
f 1498/1498/1498 1538/1538/1538 1539/1539/1539
f 1498/1498/1498 1539/1539/1539 1499/1499/1499
f 1499/1499/1499 1539/1539/1539 1540/1540/1540
f 1499/1499/1499 1540/1540/1540 1500/1500/1500
f 1500/1500/1500 1540/1540/1540 1541/1541/1541
f 1500/1500/1500 1541/1541/1541 1501/1501/1501
f 1501/1501/1501 1541/1541/1541 1542/1542/1542
f 1501/1501/1501 1542/1542/1542 1502/1502/1502
f 1502/1502/1502 1542/1542/1542 1543/1543/1543
f 1502/1502/1502 1543/1543/1543 1503/1503/1503
f 1503/1503/1503 1543/1543/1543 1544/1544/1544
f 1503/1503/1503 1544/1544/1544 1504/1504/1504
f 1504/1504/1504 1544/1544/1544 1545/1545/1545
f 1504/1504/1504 1545/1545/1545 1505/1505/1505
f 1505/1505/1505 1545/1545/1545 1546/1546/1546
f 1505/1505/1505 1546/1546/1546 1506/1506/1506
f 1506/1506/1506 1546/1546/1546 1547/1547/1547
f 1506/1506/1506 1547/1547/1547 1507/1507/1507
f 1507/1507/1507 1547/1547/1547 1548/1548/1548
f 1507/1507/1507 1548/1548/1548 1508/1508/1508
f 1508/1508/1508 1548/1548/1548 1549/1549/1549
f 1508/1508/1508 1549/1549/1549 1509/1509/1509
f 1509/1509/1509 1549/1549/1549 1550/1550/1550
f 1509/1509/1509 1550/1550/1550 1510/1510/1510
f 1510/1510/1510 1550/1550/1550 1551/1551/1551
f 1510/1510/1510 1551/1551/1551 1511/1511/1511
f 1511/1511/1511 1551/1551/1551 1552/1552/1552
f 1511/1511/1511 1552/1552/1552 1512/1512/1512
f 1512/1512/1512 1552/1552/1552 1553/1553/1553
f 1512/1512/1512 1553/1553/1553 1513/1513/1513
f 1513/1513/1513 1553/1553/1553 1554/1554/1554
f 1513/1513/1513 1554/1554/1554 1514/1514/1514
f 1514/1514/1514 1554/1554/1554 1555/1555/1555
f 1514/1514/1514 1555/1555/1555 1515/1515/1515
f 1515/1515/1515 1555/1555/1555 1556/1556/1556
f 1515/1515/1515 1556/1556/1556 1516/1516/1516
f 1516/1516/1516 1556/1556/1556 1557/1557/1557
f 1516/1516/1516 1557/1557/1557 1517/1517/1517
f 1517/1517/1517 1557/1557/1557 1558/1558/1558
f 1518/1518/1518 1559/1559/1559 1519/1519/1519
f 1519/1519/1519 1559/1559/1559 1560/1560/1560
f 1519/1519/1519 1560/1560/1560 1520/1520/1520
f 1520/1520/1520 1560/1560/1560 1561/1561/1561
f 1520/1520/1520 1561/1561/1561 1521/1521/1521
f 1521/1521/1521 1561/1561/1561 1562/1562/1562
f 1521/1521/1521 1562/1562/1562 1522/1522/1522
f 1522/1522/1522 1562/1562/1562 1563/1563/1563
f 1522/1522/1522 1563/1563/1563 1523/1523/1523
f 1523/1523/1523 1563/1563/1563 1564/1564/1564
f 1523/1523/1523 1564/1564/1564 1524/1524/1524
f 1524/1524/1524 1564/1564/1564 1565/1565/1565
f 1524/1524/1524 1565/1565/1565 1525/1525/1525
f 1525/1525/1525 1565/1565/1565 1566/1566/1566
f 1525/1525/1525 1566/1566/1566 1526/1526/1526
f 1526/1526/1526 1566/1566/1566 1567/1567/1567
f 1526/1526/1526 1567/1567/1567 1527/1527/1527
f 1527/1527/1527 1567/1567/1567 1568/1568/1568
f 1527/1527/1527 1568/1568/1568 1528/1528/1528
f 1528/1528/1528 1568/1568/1568 1569/1569/1569
f 1528/1528/1528 1569/1569/1569 1529/1529/1529
f 1529/1529/1529 1569/1569/1569 1570/1570/1570
f 1529/1529/1529 1570/1570/1570 1530/1530/1530
f 1530/1530/1530 1570/1570/1570 1571/1571/1571
f 1530/1530/1530 1571/1571/1571 1531/1531/1531
f 1531/1531/1531 1571/1571/1571 1572/1572/1572
f 1531/1531/1531 1572/1572/1572 1532/1532/1532
f 1532/1532/1532 1572/1572/1572 1573/1573/1573
f 1532/1532/1532 1573/1573/1573 1533/1533/1533
f 1533/1533/1533 1573/1573/1573 1574/1574/1574
f 1533/1533/1533 1574/1574/1574 1534/1534/1534
f 1534/1534/1534 1574/1574/1574 1575/1575/1575
f 1534/1534/1534 1575/1575/1575 1535/1535/1535
f 1535/1535/1535 1575/1575/1575 1576/1576/1576
f 1535/1535/1535 1576/1576/1576 1536/1536/1536
f 1536/1536/1536 1576/1576/1576 1577/1577/1577
f 1536/1536/1536 1577/1577/1577 1537/1537/1537
f 1537/1537/1537 1577/1577/1577 1578/1578/1578
f 1537/1537/1537 1578/1578/1578 1538/1538/1538
f 1538/1538/1538 1578/1578/1578 1579/1579/1579
f 1538/1538/1538 1579/1579/1579 1539/1539/1539
f 1539/1539/1539 1579/1579/1579 1580/1580/1580
f 1539/1539/1539 1580/1580/1580 1540/1540/1540
f 1540/1540/1540 1580/1580/1580 1581/1581/1581
f 1540/1540/1540 1581/1581/1581 1541/1541/1541
f 1541/1541/1541 1581/1581/1581 1582/1582/1582
f 1541/1541/1541 1582/1582/1582 1542/1542/1542
f 1542/1542/1542 1582/1582/1582 1583/1583/1583
f 1542/1542/1542 1583/1583/1583 1543/1543/1543
f 1543/1543/1543 1583/1583/1583 1584/1584/1584
f 1543/1543/1543 1584/1584/1584 1544/1544/1544
f 1544/1544/1544 1584/1584/1584 1585/1585/1585
f 1544/1544/1544 1585/1585/1585 1545/1545/1545
f 1545/1545/1545 1585/1585/1585 1586/1586/1586
f 1545/1545/1545 1586/1586/1586 1546/1546/1546
f 1546/1546/1546 1586/1586/1586 1587/1587/1587
f 1546/1546/1546 1587/1587/1587 1547/1547/1547
f 1547/1547/1547 1587/1587/1587 1588/1588/1588
f 1547/1547/1547 1588/1588/1588 1548/1548/1548
f 1548/1548/1548 1588/1588/1588 1589/1589/1589
f 1548/1548/1548 1589/1589/1589 1549/1549/1549
f 1549/1549/1549 1589/1589/1589 1590/1590/1590
f 1549/1549/1549 1590/1590/1590 1550/1550/1550
f 1550/1550/1550 1590/1590/1590 1591/1591/1591
f 1550/1550/1550 1591/1591/1591 1551/1551/1551
f 1551/1551/1551 1591/1591/1591 1592/1592/1592
f 1551/1551/1551 1592/1592/1592 1552/1552/1552
f 1552/1552/1552 1592/1592/1592 1593/1593/1593
f 1552/1552/1552 1593/1593/1593 1553/1553/1553
f 1553/1553/1553 1593/1593/1593 1594/1594/1594
f 1553/1553/1553 1594/1594/1594 1554/1554/1554
f 1554/1554/1554 1594/1594/1594 1595/1595/1595
f 1554/1554/1554 1595/1595/1595 1555/1555/1555
f 1555/1555/1555 1595/1595/1595 1596/1596/1596
f 1555/1555/1555 1596/1596/1596 1556/1556/1556
f 1556/1556/1556 1596/1596/1596 1597/1597/1597
f 1556/1556/1556 1597/1597/1597 1557/1557/1557
f 1557/1557/1557 1597/1597/1597 1598/1598/1598
f 1557/1557/1557 1598/1598/1598 1558/1558/1558
f 1558/1558/1558 1598/1598/1598 1599/1599/1599
f 1559/1559/1559 1600/1600/1600 1560/1560/1560
f 1560/1560/1560 1600/1600/1600 1601/1601/1601
f 1560/1560/1560 1601/1601/1601 1561/1561/1561
f 1561/1561/1561 1601/1601/1601 1602/1602/1602
f 1561/1561/1561 1602/1602/1602 1562/1562/1562
f 1562/1562/1562 1602/1602/1602 1603/1603/1603
f 1562/1562/1562 1603/1603/1603 1563/1563/1563
f 1563/1563/1563 1603/1603/1603 1604/1604/1604
f 1563/1563/1563 1604/1604/1604 1564/1564/1564
f 1564/1564/1564 1604/1604/1604 1605/1605/1605
f 1564/1564/1564 1605/1605/1605 1565/1565/1565
f 1565/1565/1565 1605/1605/1605 1606/1606/1606
f 1565/1565/1565 1606/1606/1606 1566/1566/1566
f 1566/1566/1566 1606/1606/1606 1607/1607/1607
f 1566/1566/1566 1607/1607/1607 1567/1567/1567
f 1567/1567/1567 1607/1607/1607 1608/1608/1608
f 1567/1567/1567 1608/1608/1608 1568/1568/1568
f 1568/1568/1568 1608/1608/1608 1609/1609/1609
f 1568/1568/1568 1609/1609/1609 1569/1569/1569
f 1569/1569/1569 1609/1609/1609 1610/1610/1610
f 1569/1569/1569 1610/1610/1610 1570/1570/1570
f 1570/1570/1570 1610/1610/1610 1611/1611/1611
f 1570/1570/1570 1611/1611/1611 1571/1571/1571
f 1571/1571/1571 1611/1611/1611 1612/1612/1612
f 1571/1571/1571 1612/1612/1612 1572/1572/1572
f 1572/1572/1572 1612/1612/1612 1613/1613/1613
f 1572/1572/1572 1613/1613/1613 1573/1573/1573
f 1573/1573/1573 1613/1613/1613 1614/1614/1614
f 1573/1573/1573 1614/1614/1614 1574/1574/1574
f 1574/1574/1574 1614/1614/1614 1615/1615/1615
f 1574/1574/1574 1615/1615/1615 1575/1575/1575
f 1575/1575/1575 1615/1615/1615 1616/1616/1616
f 1575/1575/1575 1616/1616/1616 1576/1576/1576
f 1576/1576/1576 1616/1616/1616 1617/1617/1617
f 1576/1576/1576 1617/1617/1617 1577/1577/1577
f 1577/1577/1577 1617/1617/1617 1618/1618/1618
f 1577/1577/1577 1618/1618/1618 1578/1578/1578
f 1578/1578/1578 1618/1618/1618 1619/1619/1619
f 1578/1578/1578 1619/1619/1619 1579/1579/1579
f 1579/1579/1579 1619/1619/1619 1620/1620/1620
f 1579/1579/1579 1620/1620/1620 1580/1580/1580
f 1580/1580/1580 1620/1620/1620 1621/1621/1621
f 1580/1580/1580 1621/1621/1621 1581/1581/1581
f 1581/1581/1581 1621/1621/1621 1622/1622/1622
f 1581/1581/1581 1622/1622/1622 1582/1582/1582
f 1582/1582/1582 1622/1622/1622 1623/1623/1623
f 1582/1582/1582 1623/1623/1623 1583/1583/1583
f 1583/1583/1583 1623/1623/1623 1624/1624/1624
f 1583/1583/1583 1624/1624/1624 1584/1584/1584
f 1584/1584/1584 1624/1624/1624 1625/1625/1625
f 1584/1584/1584 1625/1625/1625 1585/1585/1585
f 1585/1585/1585 1625/1625/1625 1626/1626/1626
f 1585/1585/1585 1626/1626/1626 1586/1586/1586
f 1586/1586/1586 1626/1626/1626 1627/1627/1627
f 1586/1586/1586 1627/1627/1627 1587/1587/1587
f 1587/1587/1587 1627/1627/1627 1628/1628/1628
f 1587/1587/1587 1628/1628/1628 1588/1588/1588
f 1588/1588/1588 1628/1628/1628 1629/1629/1629
f 1588/1588/1588 1629/1629/1629 1589/1589/1589
f 1589/1589/1589 1629/1629/1629 1630/1630/1630
f 1589/1589/1589 1630/1630/1630 1590/1590/1590
f 1590/1590/1590 1630/1630/1630 1631/1631/1631
f 1590/1590/1590 1631/1631/1631 1591/1591/1591
f 1591/1591/1591 1631/1631/1631 1632/1632/1632
f 1591/1591/1591 1632/1632/1632 1592/1592/1592
f 1592/1592/1592 1632/1632/1632 1633/1633/1633
f 1592/1592/1592 1633/1633/1633 1593/1593/1593
f 1593/1593/1593 1633/1633/1633 1634/1634/1634
f 1593/1593/1593 1634/1634/1634 1594/1594/1594
f 1594/1594/1594 1634/1634/1634 1635/1635/1635
f 1594/1594/1594 1635/1635/1635 1595/1595/1595
f 1595/1595/1595 1635/1635/1635 1636/1636/1636
f 1595/1595/1595 1636/1636/1636 1596/1596/1596
f 1596/1596/1596 1636/1636/1636 1637/1637/1637
f 1596/1596/1596 1637/1637/1637 1597/1597/1597
f 1597/1597/1597 1637/1637/1637 1638/1638/1638
f 1597/1597/1597 1638/1638/1638 1598/1598/1598
f 1598/1598/1598 1638/1638/1638 1639/1639/1639
f 1598/1598/1598 1639/1639/1639 1599/1599/1599
f 1599/1599/1599 1639/1639/1639 1640/1640/1640
f 1600/1600/1600 1641/1641/1641 1601/1601/1601
f 1601/1601/1601 1641/1641/1641 1642/1642/1642
f 1601/1601/1601 1642/1642/1642 1602/1602/1602
f 1602/1602/1602 1642/1642/1642 1643/1643/1643
f 1602/1602/1602 1643/1643/1643 1603/1603/1603
f 1603/1603/1603 1643/1643/1643 1644/1644/1644
f 1603/1603/1603 1644/1644/1644 1604/1604/1604
f 1604/1604/1604 1644/1644/1644 1645/1645/1645
f 1604/1604/1604 1645/1645/1645 1605/1605/1605
f 1605/1605/1605 1645/1645/1645 1646/1646/1646
f 1605/1605/1605 1646/1646/1646 1606/1606/1606
f 1606/1606/1606 1646/1646/1646 1647/1647/1647
f 1606/1606/1606 1647/1647/1647 1607/1607/1607
f 1607/1607/1607 1647/1647/1647 1648/1648/1648
f 1607/1607/1607 1648/1648/1648 1608/1608/1608
f 1608/1608/1608 1648/1648/1648 1649/1649/1649
f 1608/1608/1608 1649/1649/1649 1609/1609/1609
f 1609/1609/1609 1649/1649/1649 1650/1650/1650
f 1609/1609/1609 1650/1650/1650 1610/1610/1610
f 1610/1610/1610 1650/1650/1650 1651/1651/1651
f 1610/1610/1610 1651/1651/1651 1611/1611/1611
f 1611/1611/1611 1651/1651/1651 1652/1652/1652
f 1611/1611/1611 1652/1652/1652 1612/1612/1612
f 1612/1612/1612 1652/1652/1652 1653/1653/1653
f 1612/1612/1612 1653/1653/1653 1613/1613/1613
f 1613/1613/1613 1653/1653/1653 1654/1654/1654
f 1613/1613/1613 1654/1654/1654 1614/1614/1614
f 1614/1614/1614 1654/1654/1654 1655/1655/1655
f 1614/1614/1614 1655/1655/1655 1615/1615/1615
f 1615/1615/1615 1655/1655/1655 1656/1656/1656
f 1615/1615/1615 1656/1656/1656 1616/1616/1616
f 1616/1616/1616 1656/1656/1656 1657/1657/1657
f 1616/1616/1616 1657/1657/1657 1617/1617/1617
f 1617/1617/1617 1657/1657/1657 1658/1658/1658
f 1617/1617/1617 1658/1658/1658 1618/1618/1618
f 1618/1618/1618 1658/1658/1658 1659/1659/1659
f 1618/1618/1618 1659/1659/1659 1619/1619/1619
f 1619/1619/1619 1659/1659/1659 1660/1660/1660
f 1619/1619/1619 1660/1660/1660 1620/1620/1620
f 1620/1620/1620 1660/1660/1660 1661/1661/1661
f 1620/1620/1620 1661/1661/1661 1621/1621/1621
f 1621/1621/1621 1661/1661/1661 1662/1662/1662
f 1621/1621/1621 1662/1662/1662 1622/1622/1622
f 1622/1622/1622 1662/1662/1662 1663/1663/1663
f 1622/1622/1622 1663/1663/1663 1623/1623/1623
f 1623/1623/1623 1663/1663/1663 1664/1664/1664
f 1623/1623/1623 1664/1664/1664 1624/1624/1624
f 1624/1624/1624 1664/1664/1664 1665/1665/1665
f 1624/1624/1624 1665/1665/1665 1625/1625/1625
f 1625/1625/1625 1665/1665/1665 1666/1666/1666
f 1625/1625/1625 1666/1666/1666 1626/1626/1626
f 1626/1626/1626 1666/1666/1666 1667/1667/1667
f 1626/1626/1626 1667/1667/1667 1627/1627/1627
f 1627/1627/1627 1667/1667/1667 1668/1668/1668
f 1627/1627/1627 1668/1668/1668 1628/1628/1628
f 1628/1628/1628 1668/1668/1668 1669/1669/1669
f 1628/1628/1628 1669/1669/1669 1629/1629/1629
f 1629/1629/1629 1669/1669/1669 1670/1670/1670
f 1629/1629/1629 1670/1670/1670 1630/1630/1630
f 1630/1630/1630 1670/1670/1670 1671/1671/1671
f 1630/1630/1630 1671/1671/1671 1631/1631/1631
f 1631/1631/1631 1671/1671/1671 1672/1672/1672
f 1631/1631/1631 1672/1672/1672 1632/1632/1632
f 1632/1632/1632 1672/1672/1672 1673/1673/1673
f 1632/1632/1632 1673/1673/1673 1633/1633/1633
f 1633/1633/1633 1673/1673/1673 1674/1674/1674
f 1633/1633/1633 1674/1674/1674 1634/1634/1634
f 1634/1634/1634 1674/1674/1674 1675/1675/1675
f 1634/1634/1634 1675/1675/1675 1635/1635/1635
f 1635/1635/1635 1675/1675/1675 1676/1676/1676
f 1635/1635/1635 1676/1676/1676 1636/1636/1636
f 1636/1636/1636 1676/1676/1676 1677/1677/1677
f 1636/1636/1636 1677/1677/1677 1637/1637/1637
f 1637/1637/1637 1677/1677/1677 1678/1678/1678
f 1637/1637/1637 1678/1678/1678 1638/1638/1638
f 1638/1638/1638 1678/1678/1678 1679/1679/1679
f 1638/1638/1638 1679/1679/1679 1639/1639/1639
f 1639/1639/1639 1679/1679/1679 1680/1680/1680
f 1639/1639/1639 1680/1680/1680 1640/1640/1640
f 1640/1640/1640 1680/1680/1680 1681/1681/1681
f 1641/1641/1641 1682/1682/1682 1642/1642/1642
f 1642/1642/1642 1682/1682/1682 1683/1683/1683
f 1642/1642/1642 1683/1683/1683 1643/1643/1643
f 1643/1643/1643 1683/1683/1683 1684/1684/1684
f 1643/1643/1643 1684/1684/1684 1644/1644/1644
f 1644/1644/1644 1684/1684/1684 1685/1685/1685
f 1644/1644/1644 1685/1685/1685 1645/1645/1645
f 1645/1645/1645 1685/1685/1685 1686/1686/1686
f 1645/1645/1645 1686/1686/1686 1646/1646/1646
f 1646/1646/1646 1686/1686/1686 1687/1687/1687
f 1646/1646/1646 1687/1687/1687 1647/1647/1647
f 1647/1647/1647 1687/1687/1687 1688/1688/1688
f 1647/1647/1647 1688/1688/1688 1648/1648/1648
f 1648/1648/1648 1688/1688/1688 1689/1689/1689
f 1648/1648/1648 1689/1689/1689 1649/1649/1649
f 1649/1649/1649 1689/1689/1689 1690/1690/1690
f 1649/1649/1649 1690/1690/1690 1650/1650/1650
f 1650/1650/1650 1690/1690/1690 1691/1691/1691
f 1650/1650/1650 1691/1691/1691 1651/1651/1651
f 1651/1651/1651 1691/1691/1691 1692/1692/1692
f 1651/1651/1651 1692/1692/1692 1652/1652/1652
f 1652/1652/1652 1692/1692/1692 1693/1693/1693
f 1652/1652/1652 1693/1693/1693 1653/1653/1653
f 1653/1653/1653 1693/1693/1693 1694/1694/1694
f 1653/1653/1653 1694/1694/1694 1654/1654/1654
f 1654/1654/1654 1694/1694/1694 1695/1695/1695
f 1654/1654/1654 1695/1695/1695 1655/1655/1655
f 1655/1655/1655 1695/1695/1695 1696/1696/1696
f 1655/1655/1655 1696/1696/1696 1656/1656/1656
f 1656/1656/1656 1696/1696/1696 1697/1697/1697
f 1656/1656/1656 1697/1697/1697 1657/1657/1657
f 1657/1657/1657 1697/1697/1697 1698/1698/1698
f 1657/1657/1657 1698/1698/1698 1658/1658/1658
f 1658/1658/1658 1698/1698/1698 1699/1699/1699
f 1658/1658/1658 1699/1699/1699 1659/1659/1659
f 1659/1659/1659 1699/1699/1699 1700/1700/1700
f 1659/1659/1659 1700/1700/1700 1660/1660/1660
f 1660/1660/1660 1700/1700/1700 1701/1701/1701
f 1660/1660/1660 1701/1701/1701 1661/1661/1661
f 1661/1661/1661 1701/1701/1701 1702/1702/1702
f 1661/1661/1661 1702/1702/1702 1662/1662/1662
f 1662/1662/1662 1702/1702/1702 1703/1703/1703
f 1662/1662/1662 1703/1703/1703 1663/1663/1663
f 1663/1663/1663 1703/1703/1703 1704/1704/1704
f 1663/1663/1663 1704/1704/1704 1664/1664/1664
f 1664/1664/1664 1704/1704/1704 1705/1705/1705
f 1664/1664/1664 1705/1705/1705 1665/1665/1665
f 1665/1665/1665 1705/1705/1705 1706/1706/1706
f 1665/1665/1665 1706/1706/1706 1666/1666/1666
f 1666/1666/1666 1706/1706/1706 1707/1707/1707
f 1666/1666/1666 1707/1707/1707 1667/1667/1667
f 1667/1667/1667 1707/1707/1707 1708/1708/1708
f 1667/1667/1667 1708/1708/1708 1668/1668/1668
f 1668/1668/1668 1708/1708/1708 1709/1709/1709
f 1668/1668/1668 1709/1709/1709 1669/1669/1669
f 1669/1669/1669 1709/1709/1709 1710/1710/1710
f 1669/1669/1669 1710/1710/1710 1670/1670/1670
f 1670/1670/1670 1710/1710/1710 1711/1711/1711
f 1670/1670/1670 1711/1711/1711 1671/1671/1671
f 1671/1671/1671 1711/1711/1711 1712/1712/1712
f 1671/1671/1671 1712/1712/1712 1672/1672/1672
f 1672/1672/1672 1712/1712/1712 1713/1713/1713
f 1672/1672/1672 1713/1713/1713 1673/1673/1673
f 1673/1673/1673 1713/1713/1713 1714/1714/1714
f 1673/1673/1673 1714/1714/1714 1674/1674/1674
f 1674/1674/1674 1714/1714/1714 1715/1715/1715
f 1674/1674/1674 1715/1715/1715 1675/1675/1675
f 1675/1675/1675 1715/1715/1715 1716/1716/1716
f 1675/1675/1675 1716/1716/1716 1676/1676/1676
f 1676/1676/1676 1716/1716/1716 1717/1717/1717
f 1676/1676/1676 1717/1717/1717 1677/1677/1677
f 1677/1677/1677 1717/1717/1717 1718/1718/1718
f 1677/1677/1677 1718/1718/1718 1678/1678/1678
f 1678/1678/1678 1718/1718/1718 1719/1719/1719
f 1678/1678/1678 1719/1719/1719 1679/1679/1679
f 1679/1679/1679 1719/1719/1719 1720/1720/1720
f 1679/1679/1679 1720/1720/1720 1680/1680/1680
f 1680/1680/1680 1720/1720/1720 1721/1721/1721
f 1680/1680/1680 1721/1721/1721 1681/1681/1681
f 1681/1681/1681 1721/1721/1721 1722/1722/1722
f 1682/1682/1682 1723/1723/1723 1683/1683/1683
f 1683/1683/1683 1723/1723/1723 1724/1724/1724
f 1683/1683/1683 1724/1724/1724 1684/1684/1684
f 1684/1684/1684 1724/1724/1724 1725/1725/1725
f 1684/1684/1684 1725/1725/1725 1685/1685/1685
f 1685/1685/1685 1725/1725/1725 1726/1726/1726
f 1685/1685/1685 1726/1726/1726 1686/1686/1686
f 1686/1686/1686 1726/1726/1726 1727/1727/1727
f 1686/1686/1686 1727/1727/1727 1687/1687/1687
f 1687/1687/1687 1727/1727/1727 1728/1728/1728
f 1687/1687/1687 1728/1728/1728 1688/1688/1688
f 1688/1688/1688 1728/1728/1728 1729/1729/1729
f 1688/1688/1688 1729/1729/1729 1689/1689/1689
f 1689/1689/1689 1729/1729/1729 1730/1730/1730
f 1689/1689/1689 1730/1730/1730 1690/1690/1690
f 1690/1690/1690 1730/1730/1730 1731/1731/1731
f 1690/1690/1690 1731/1731/1731 1691/1691/1691
f 1691/1691/1691 1731/1731/1731 1732/1732/1732
f 1691/1691/1691 1732/1732/1732 1692/1692/1692
f 1692/1692/1692 1732/1732/1732 1733/1733/1733
f 1692/1692/1692 1733/1733/1733 1693/1693/1693
f 1693/1693/1693 1733/1733/1733 1734/1734/1734
f 1693/1693/1693 1734/1734/1734 1694/1694/1694
f 1694/1694/1694 1734/1734/1734 1735/1735/1735
f 1694/1694/1694 1735/1735/1735 1695/1695/1695
f 1695/1695/1695 1735/1735/1735 1736/1736/1736
f 1695/1695/1695 1736/1736/1736 1696/1696/1696
f 1696/1696/1696 1736/1736/1736 1737/1737/1737
f 1696/1696/1696 1737/1737/1737 1697/1697/1697
f 1697/1697/1697 1737/1737/1737 1738/1738/1738
f 1697/1697/1697 1738/1738/1738 1698/1698/1698
f 1698/1698/1698 1738/1738/1738 1739/1739/1739
f 1698/1698/1698 1739/1739/1739 1699/1699/1699
f 1699/1699/1699 1739/1739/1739 1740/1740/1740
f 1699/1699/1699 1740/1740/1740 1700/1700/1700
f 1700/1700/1700 1740/1740/1740 1741/1741/1741
f 1700/1700/1700 1741/1741/1741 1701/1701/1701
f 1701/1701/1701 1741/1741/1741 1742/1742/1742
f 1701/1701/1701 1742/1742/1742 1702/1702/1702
f 1702/1702/1702 1742/1742/1742 1743/1743/1743
f 1702/1702/1702 1743/1743/1743 1703/1703/1703
f 1703/1703/1703 1743/1743/1743 1744/1744/1744
f 1703/1703/1703 1744/1744/1744 1704/1704/1704
f 1704/1704/1704 1744/1744/1744 1745/1745/1745
f 1704/1704/1704 1745/1745/1745 1705/1705/1705
f 1705/1705/1705 1745/1745/1745 1746/1746/1746
f 1705/1705/1705 1746/1746/1746 1706/1706/1706
f 1706/1706/1706 1746/1746/1746 1747/1747/1747
f 1706/1706/1706 1747/1747/1747 1707/1707/1707
f 1707/1707/1707 1747/1747/1747 1748/1748/1748
f 1707/1707/1707 1748/1748/1748 1708/1708/1708
f 1708/1708/1708 1748/1748/1748 1749/1749/1749
f 1708/1708/1708 1749/1749/1749 1709/1709/1709
f 1709/1709/1709 1749/1749/1749 1750/1750/1750
f 1709/1709/1709 1750/1750/1750 1710/1710/1710
f 1710/1710/1710 1750/1750/1750 1751/1751/1751
f 1710/1710/1710 1751/1751/1751 1711/1711/1711
f 1711/1711/1711 1751/1751/1751 1752/1752/1752
f 1711/1711/1711 1752/1752/1752 1712/1712/1712
f 1712/1712/1712 1752/1752/1752 1753/1753/1753
f 1712/1712/1712 1753/1753/1753 1713/1713/1713
f 1713/1713/1713 1753/1753/1753 1754/1754/1754
f 1713/1713/1713 1754/1754/1754 1714/1714/1714
f 1714/1714/1714 1754/1754/1754 1755/1755/1755
f 1714/1714/1714 1755/1755/1755 1715/1715/1715
f 1715/1715/1715 1755/1755/1755 1756/1756/1756
f 1715/1715/1715 1756/1756/1756 1716/1716/1716
f 1716/1716/1716 1756/1756/1756 1757/1757/1757
f 1716/1716/1716 1757/1757/1757 1717/1717/1717
f 1717/1717/1717 1757/1757/1757 1758/1758/1758
f 1717/1717/1717 1758/1758/1758 1718/1718/1718
f 1718/1718/1718 1758/1758/1758 1759/1759/1759
f 1718/1718/1718 1759/1759/1759 1719/1719/1719
f 1719/1719/1719 1759/1759/1759 1760/1760/1760
f 1719/1719/1719 1760/1760/1760 1720/1720/1720
f 1720/1720/1720 1760/1760/1760 1761/1761/1761
f 1720/1720/1720 1761/1761/1761 1721/1721/1721
f 1721/1721/1721 1761/1761/1761 1762/1762/1762
f 1721/1721/1721 1762/1762/1762 1722/1722/1722
f 1722/1722/1722 1762/1762/1762 1763/1763/1763
f 1723/1723/1723 1764/1764/1764 1724/1724/1724
f 1724/1724/1724 1764/1764/1764 1765/1765/1765
f 1724/1724/1724 1765/1765/1765 1725/1725/1725
f 1725/1725/1725 1765/1765/1765 1766/1766/1766
f 1725/1725/1725 1766/1766/1766 1726/1726/1726
f 1726/1726/1726 1766/1766/1766 1767/1767/1767
f 1726/1726/1726 1767/1767/1767 1727/1727/1727
f 1727/1727/1727 1767/1767/1767 1768/1768/1768
f 1727/1727/1727 1768/1768/1768 1728/1728/1728
f 1728/1728/1728 1768/1768/1768 1769/1769/1769
f 1728/1728/1728 1769/1769/1769 1729/1729/1729
f 1729/1729/1729 1769/1769/1769 1770/1770/1770
f 1729/1729/1729 1770/1770/1770 1730/1730/1730
f 1730/1730/1730 1770/1770/1770 1771/1771/1771
f 1730/1730/1730 1771/1771/1771 1731/1731/1731
f 1731/1731/1731 1771/1771/1771 1772/1772/1772
f 1731/1731/1731 1772/1772/1772 1732/1732/1732
f 1732/1732/1732 1772/1772/1772 1773/1773/1773
f 1732/1732/1732 1773/1773/1773 1733/1733/1733
f 1733/1733/1733 1773/1773/1773 1774/1774/1774
f 1733/1733/1733 1774/1774/1774 1734/1734/1734
f 1734/1734/1734 1774/1774/1774 1775/1775/1775
f 1734/1734/1734 1775/1775/1775 1735/1735/1735
f 1735/1735/1735 1775/1775/1775 1776/1776/1776
f 1735/1735/1735 1776/1776/1776 1736/1736/1736
f 1736/1736/1736 1776/1776/1776 1777/1777/1777
f 1736/1736/1736 1777/1777/1777 1737/1737/1737
f 1737/1737/1737 1777/1777/1777 1778/1778/1778
f 1737/1737/1737 1778/1778/1778 1738/1738/1738
f 1738/1738/1738 1778/1778/1778 1779/1779/1779
f 1738/1738/1738 1779/1779/1779 1739/1739/1739
f 1739/1739/1739 1779/1779/1779 1780/1780/1780
f 1739/1739/1739 1780/1780/1780 1740/1740/1740
f 1740/1740/1740 1780/1780/1780 1781/1781/1781
f 1740/1740/1740 1781/1781/1781 1741/1741/1741
f 1741/1741/1741 1781/1781/1781 1782/1782/1782
f 1741/1741/1741 1782/1782/1782 1742/1742/1742
f 1742/1742/1742 1782/1782/1782 1783/1783/1783
f 1742/1742/1742 1783/1783/1783 1743/1743/1743
f 1743/1743/1743 1783/1783/1783 1784/1784/1784
f 1743/1743/1743 1784/1784/1784 1744/1744/1744
f 1744/1744/1744 1784/1784/1784 1785/1785/1785
f 1744/1744/1744 1785/1785/1785 1745/1745/1745
f 1745/1745/1745 1785/1785/1785 1786/1786/1786
f 1745/1745/1745 1786/1786/1786 1746/1746/1746
f 1746/1746/1746 1786/1786/1786 1787/1787/1787
f 1746/1746/1746 1787/1787/1787 1747/1747/1747
f 1747/1747/1747 1787/1787/1787 1788/1788/1788
f 1747/1747/1747 1788/1788/1788 1748/1748/1748
f 1748/1748/1748 1788/1788/1788 1789/1789/1789
f 1748/1748/1748 1789/1789/1789 1749/1749/1749
f 1749/1749/1749 1789/1789/1789 1790/1790/1790
f 1749/1749/1749 1790/1790/1790 1750/1750/1750
f 1750/1750/1750 1790/1790/1790 1791/1791/1791
f 1750/1750/1750 1791/1791/1791 1751/1751/1751
f 1751/1751/1751 1791/1791/1791 1792/1792/1792
f 1751/1751/1751 1792/1792/1792 1752/1752/1752
f 1752/1752/1752 1792/1792/1792 1793/1793/1793
f 1752/1752/1752 1793/1793/1793 1753/1753/1753
f 1753/1753/1753 1793/1793/1793 1794/1794/1794
f 1753/1753/1753 1794/1794/1794 1754/1754/1754
f 1754/1754/1754 1794/1794/1794 1795/1795/1795
f 1754/1754/1754 1795/1795/1795 1755/1755/1755
f 1755/1755/1755 1795/1795/1795 1796/1796/1796
f 1755/1755/1755 1796/1796/1796 1756/1756/1756
f 1756/1756/1756 1796/1796/1796 1797/1797/1797
f 1756/1756/1756 1797/1797/1797 1757/1757/1757
f 1757/1757/1757 1797/1797/1797 1798/1798/1798
f 1757/1757/1757 1798/1798/1798 1758/1758/1758
f 1758/1758/1758 1798/1798/1798 1799/1799/1799
f 1758/1758/1758 1799/1799/1799 1759/1759/1759
f 1759/1759/1759 1799/1799/1799 1800/1800/1800
f 1759/1759/1759 1800/1800/1800 1760/1760/1760
f 1760/1760/1760 1800/1800/1800 1801/1801/1801
f 1760/1760/1760 1801/1801/1801 1761/1761/1761
f 1761/1761/1761 1801/1801/1801 1802/1802/1802
f 1761/1761/1761 1802/1802/1802 1762/1762/1762
f 1762/1762/1762 1802/1802/1802 1803/1803/1803
f 1762/1762/1762 1803/1803/1803 1763/1763/1763
f 1763/1763/1763 1803/1803/1803 1804/1804/1804
f 1764/1764/1764 1805/1805/1805 1765/1765/1765
f 1765/1765/1765 1805/1805/1805 1806/1806/1806
f 1765/1765/1765 1806/1806/1806 1766/1766/1766
f 1766/1766/1766 1806/1806/1806 1807/1807/1807
f 1766/1766/1766 1807/1807/1807 1767/1767/1767
f 1767/1767/1767 1807/1807/1807 1808/1808/1808
f 1767/1767/1767 1808/1808/1808 1768/1768/1768
f 1768/1768/1768 1808/1808/1808 1809/1809/1809
f 1768/1768/1768 1809/1809/1809 1769/1769/1769
f 1769/1769/1769 1809/1809/1809 1810/1810/1810
f 1769/1769/1769 1810/1810/1810 1770/1770/1770
f 1770/1770/1770 1810/1810/1810 1811/1811/1811
f 1770/1770/1770 1811/1811/1811 1771/1771/1771
f 1771/1771/1771 1811/1811/1811 1812/1812/1812
f 1771/1771/1771 1812/1812/1812 1772/1772/1772
f 1772/1772/1772 1812/1812/1812 1813/1813/1813
f 1772/1772/1772 1813/1813/1813 1773/1773/1773
f 1773/1773/1773 1813/1813/1813 1814/1814/1814
f 1773/1773/1773 1814/1814/1814 1774/1774/1774
f 1774/1774/1774 1814/1814/1814 1815/1815/1815
f 1774/1774/1774 1815/1815/1815 1775/1775/1775
f 1775/1775/1775 1815/1815/1815 1816/1816/1816
f 1775/1775/1775 1816/1816/1816 1776/1776/1776
f 1776/1776/1776 1816/1816/1816 1817/1817/1817
f 1776/1776/1776 1817/1817/1817 1777/1777/1777
f 1777/1777/1777 1817/1817/1817 1818/1818/1818
f 1777/1777/1777 1818/1818/1818 1778/1778/1778
f 1778/1778/1778 1818/1818/1818 1819/1819/1819
f 1778/1778/1778 1819/1819/1819 1779/1779/1779
f 1779/1779/1779 1819/1819/1819 1820/1820/1820
f 1779/1779/1779 1820/1820/1820 1780/1780/1780
f 1780/1780/1780 1820/1820/1820 1821/1821/1821
f 1780/1780/1780 1821/1821/1821 1781/1781/1781
f 1781/1781/1781 1821/1821/1821 1822/1822/1822
f 1781/1781/1781 1822/1822/1822 1782/1782/1782
f 1782/1782/1782 1822/1822/1822 1823/1823/1823
f 1782/1782/1782 1823/1823/1823 1783/1783/1783
f 1783/1783/1783 1823/1823/1823 1824/1824/1824
f 1783/1783/1783 1824/1824/1824 1784/1784/1784
f 1784/1784/1784 1824/1824/1824 1825/1825/1825
f 1784/1784/1784 1825/1825/1825 1785/1785/1785
f 1785/1785/1785 1825/1825/1825 1826/1826/1826
f 1785/1785/1785 1826/1826/1826 1786/1786/1786
f 1786/1786/1786 1826/1826/1826 1827/1827/1827
f 1786/1786/1786 1827/1827/1827 1787/1787/1787
f 1787/1787/1787 1827/1827/1827 1828/1828/1828
f 1787/1787/1787 1828/1828/1828 1788/1788/1788
f 1788/1788/1788 1828/1828/1828 1829/1829/1829
f 1788/1788/1788 1829/1829/1829 1789/1789/1789
f 1789/1789/1789 1829/1829/1829 1830/1830/1830
f 1789/1789/1789 1830/1830/1830 1790/1790/1790
f 1790/1790/1790 1830/1830/1830 1831/1831/1831
f 1790/1790/1790 1831/1831/1831 1791/1791/1791
f 1791/1791/1791 1831/1831/1831 1832/1832/1832
f 1791/1791/1791 1832/1832/1832 1792/1792/1792
f 1792/1792/1792 1832/1832/1832 1833/1833/1833
f 1792/1792/1792 1833/1833/1833 1793/1793/1793
f 1793/1793/1793 1833/1833/1833 1834/1834/1834
f 1793/1793/1793 1834/1834/1834 1794/1794/1794
f 1794/1794/1794 1834/1834/1834 1835/1835/1835
f 1794/1794/1794 1835/1835/1835 1795/1795/1795
f 1795/1795/1795 1835/1835/1835 1836/1836/1836
f 1795/1795/1795 1836/1836/1836 1796/1796/1796
f 1796/1796/1796 1836/1836/1836 1837/1837/1837
f 1796/1796/1796 1837/1837/1837 1797/1797/1797
f 1797/1797/1797 1837/1837/1837 1838/1838/1838
f 1797/1797/1797 1838/1838/1838 1798/1798/1798
f 1798/1798/1798 1838/1838/1838 1839/1839/1839
f 1798/1798/1798 1839/1839/1839 1799/1799/1799
f 1799/1799/1799 1839/1839/1839 1840/1840/1840
f 1799/1799/1799 1840/1840/1840 1800/1800/1800
f 1800/1800/1800 1840/1840/1840 1841/1841/1841
f 1800/1800/1800 1841/1841/1841 1801/1801/1801
f 1801/1801/1801 1841/1841/1841 1842/1842/1842
f 1801/1801/1801 1842/1842/1842 1802/1802/1802
f 1802/1802/1802 1842/1842/1842 1843/1843/1843
f 1802/1802/1802 1843/1843/1843 1803/1803/1803
f 1803/1803/1803 1843/1843/1843 1844/1844/1844
f 1803/1803/1803 1844/1844/1844 1804/1804/1804
f 1804/1804/1804 1844/1844/1844 1845/1845/1845
f 1805/1805/1805 1846/1846/1846 1806/1806/1806
f 1806/1806/1806 1846/1846/1846 1847/1847/1847
f 1806/1806/1806 1847/1847/1847 1807/1807/1807
f 1807/1807/1807 1847/1847/1847 1848/1848/1848
f 1807/1807/1807 1848/1848/1848 1808/1808/1808
f 1808/1808/1808 1848/1848/1848 1849/1849/1849
f 1808/1808/1808 1849/1849/1849 1809/1809/1809
f 1809/1809/1809 1849/1849/1849 1850/1850/1850
f 1809/1809/1809 1850/1850/1850 1810/1810/1810
f 1810/1810/1810 1850/1850/1850 1851/1851/1851
f 1810/1810/1810 1851/1851/1851 1811/1811/1811
f 1811/1811/1811 1851/1851/1851 1852/1852/1852
f 1811/1811/1811 1852/1852/1852 1812/1812/1812
f 1812/1812/1812 1852/1852/1852 1853/1853/1853
f 1812/1812/1812 1853/1853/1853 1813/1813/1813
f 1813/1813/1813 1853/1853/1853 1854/1854/1854
f 1813/1813/1813 1854/1854/1854 1814/1814/1814
f 1814/1814/1814 1854/1854/1854 1855/1855/1855
f 1814/1814/1814 1855/1855/1855 1815/1815/1815
f 1815/1815/1815 1855/1855/1855 1856/1856/1856
f 1815/1815/1815 1856/1856/1856 1816/1816/1816
f 1816/1816/1816 1856/1856/1856 1857/1857/1857
f 1816/1816/1816 1857/1857/1857 1817/1817/1817
f 1817/1817/1817 1857/1857/1857 1858/1858/1858
f 1817/1817/1817 1858/1858/1858 1818/1818/1818
f 1818/1818/1818 1858/1858/1858 1859/1859/1859
f 1818/1818/1818 1859/1859/1859 1819/1819/1819
f 1819/1819/1819 1859/1859/1859 1860/1860/1860
f 1819/1819/1819 1860/1860/1860 1820/1820/1820
f 1820/1820/1820 1860/1860/1860 1861/1861/1861
f 1820/1820/1820 1861/1861/1861 1821/1821/1821
f 1821/1821/1821 1861/1861/1861 1862/1862/1862
f 1821/1821/1821 1862/1862/1862 1822/1822/1822
f 1822/1822/1822 1862/1862/1862 1863/1863/1863
f 1822/1822/1822 1863/1863/1863 1823/1823/1823
f 1823/1823/1823 1863/1863/1863 1864/1864/1864
f 1823/1823/1823 1864/1864/1864 1824/1824/1824
f 1824/1824/1824 1864/1864/1864 1865/1865/1865
f 1824/1824/1824 1865/1865/1865 1825/1825/1825
f 1825/1825/1825 1865/1865/1865 1866/1866/1866
f 1825/1825/1825 1866/1866/1866 1826/1826/1826
f 1826/1826/1826 1866/1866/1866 1867/1867/1867
f 1826/1826/1826 1867/1867/1867 1827/1827/1827
f 1827/1827/1827 1867/1867/1867 1868/1868/1868
f 1827/1827/1827 1868/1868/1868 1828/1828/1828
f 1828/1828/1828 1868/1868/1868 1869/1869/1869
f 1828/1828/1828 1869/1869/1869 1829/1829/1829
f 1829/1829/1829 1869/1869/1869 1870/1870/1870
f 1829/1829/1829 1870/1870/1870 1830/1830/1830
f 1830/1830/1830 1870/1870/1870 1871/1871/1871
f 1830/1830/1830 1871/1871/1871 1831/1831/1831
f 1831/1831/1831 1871/1871/1871 1872/1872/1872
f 1831/1831/1831 1872/1872/1872 1832/1832/1832
f 1832/1832/1832 1872/1872/1872 1873/1873/1873
f 1832/1832/1832 1873/1873/1873 1833/1833/1833
f 1833/1833/1833 1873/1873/1873 1874/1874/1874
f 1833/1833/1833 1874/1874/1874 1834/1834/1834
f 1834/1834/1834 1874/1874/1874 1875/1875/1875
f 1834/1834/1834 1875/1875/1875 1835/1835/1835
f 1835/1835/1835 1875/1875/1875 1876/1876/1876
f 1835/1835/1835 1876/1876/1876 1836/1836/1836
f 1836/1836/1836 1876/1876/1876 1877/1877/1877
f 1836/1836/1836 1877/1877/1877 1837/1837/1837
f 1837/1837/1837 1877/1877/1877 1878/1878/1878
f 1837/1837/1837 1878/1878/1878 1838/1838/1838
f 1838/1838/1838 1878/1878/1878 1879/1879/1879
f 1838/1838/1838 1879/1879/1879 1839/1839/1839
f 1839/1839/1839 1879/1879/1879 1880/1880/1880
f 1839/1839/1839 1880/1880/1880 1840/1840/1840
f 1840/1840/1840 1880/1880/1880 1881/1881/1881
f 1840/1840/1840 1881/1881/1881 1841/1841/1841
f 1841/1841/1841 1881/1881/1881 1882/1882/1882
f 1841/1841/1841 1882/1882/1882 1842/1842/1842
f 1842/1842/1842 1882/1882/1882 1883/1883/1883
f 1842/1842/1842 1883/1883/1883 1843/1843/1843
f 1843/1843/1843 1883/1883/1883 1884/1884/1884
f 1843/1843/1843 1884/1884/1884 1844/1844/1844
f 1844/1844/1844 1884/1884/1884 1885/1885/1885
f 1844/1844/1844 1885/1885/1885 1845/1845/1845
f 1845/1845/1845 1885/1885/1885 1886/1886/1886
f 1846/1846/1846 1887/1887/1887 1847/1847/1847
f 1847/1847/1847 1887/1887/1887 1888/1888/1888
f 1847/1847/1847 1888/1888/1888 1848/1848/1848
f 1848/1848/1848 1888/1888/1888 1889/1889/1889
f 1848/1848/1848 1889/1889/1889 1849/1849/1849
f 1849/1849/1849 1889/1889/1889 1890/1890/1890
f 1849/1849/1849 1890/1890/1890 1850/1850/1850
f 1850/1850/1850 1890/1890/1890 1891/1891/1891
f 1850/1850/1850 1891/1891/1891 1851/1851/1851
f 1851/1851/1851 1891/1891/1891 1892/1892/1892
f 1851/1851/1851 1892/1892/1892 1852/1852/1852
f 1852/1852/1852 1892/1892/1892 1893/1893/1893
f 1852/1852/1852 1893/1893/1893 1853/1853/1853
f 1853/1853/1853 1893/1893/1893 1894/1894/1894
f 1853/1853/1853 1894/1894/1894 1854/1854/1854
f 1854/1854/1854 1894/1894/1894 1895/1895/1895
f 1854/1854/1854 1895/1895/1895 1855/1855/1855
f 1855/1855/1855 1895/1895/1895 1896/1896/1896
f 1855/1855/1855 1896/1896/1896 1856/1856/1856
f 1856/1856/1856 1896/1896/1896 1897/1897/1897
f 1856/1856/1856 1897/1897/1897 1857/1857/1857
f 1857/1857/1857 1897/1897/1897 1898/1898/1898
f 1857/1857/1857 1898/1898/1898 1858/1858/1858
f 1858/1858/1858 1898/1898/1898 1899/1899/1899
f 1858/1858/1858 1899/1899/1899 1859/1859/1859
f 1859/1859/1859 1899/1899/1899 1900/1900/1900
f 1859/1859/1859 1900/1900/1900 1860/1860/1860
f 1860/1860/1860 1900/1900/1900 1901/1901/1901
f 1860/1860/1860 1901/1901/1901 1861/1861/1861
f 1861/1861/1861 1901/1901/1901 1902/1902/1902
f 1861/1861/1861 1902/1902/1902 1862/1862/1862
f 1862/1862/1862 1902/1902/1902 1903/1903/1903
f 1862/1862/1862 1903/1903/1903 1863/1863/1863
f 1863/1863/1863 1903/1903/1903 1904/1904/1904
f 1863/1863/1863 1904/1904/1904 1864/1864/1864
f 1864/1864/1864 1904/1904/1904 1905/1905/1905
f 1864/1864/1864 1905/1905/1905 1865/1865/1865
f 1865/1865/1865 1905/1905/1905 1906/1906/1906
f 1865/1865/1865 1906/1906/1906 1866/1866/1866
f 1866/1866/1866 1906/1906/1906 1907/1907/1907
f 1866/1866/1866 1907/1907/1907 1867/1867/1867
f 1867/1867/1867 1907/1907/1907 1908/1908/1908
f 1867/1867/1867 1908/1908/1908 1868/1868/1868
f 1868/1868/1868 1908/1908/1908 1909/1909/1909
f 1868/1868/1868 1909/1909/1909 1869/1869/1869
f 1869/1869/1869 1909/1909/1909 1910/1910/1910
f 1869/1869/1869 1910/1910/1910 1870/1870/1870
f 1870/1870/1870 1910/1910/1910 1911/1911/1911
f 1870/1870/1870 1911/1911/1911 1871/1871/1871
f 1871/1871/1871 1911/1911/1911 1912/1912/1912
f 1871/1871/1871 1912/1912/1912 1872/1872/1872
f 1872/1872/1872 1912/1912/1912 1913/1913/1913
f 1872/1872/1872 1913/1913/1913 1873/1873/1873
f 1873/1873/1873 1913/1913/1913 1914/1914/1914
f 1873/1873/1873 1914/1914/1914 1874/1874/1874
f 1874/1874/1874 1914/1914/1914 1915/1915/1915
f 1874/1874/1874 1915/1915/1915 1875/1875/1875
f 1875/1875/1875 1915/1915/1915 1916/1916/1916
f 1875/1875/1875 1916/1916/1916 1876/1876/1876
f 1876/1876/1876 1916/1916/1916 1917/1917/1917
f 1876/1876/1876 1917/1917/1917 1877/1877/1877
f 1877/1877/1877 1917/1917/1917 1918/1918/1918
f 1877/1877/1877 1918/1918/1918 1878/1878/1878
f 1878/1878/1878 1918/1918/1918 1919/1919/1919
f 1878/1878/1878 1919/1919/1919 1879/1879/1879
f 1879/1879/1879 1919/1919/1919 1920/1920/1920
f 1879/1879/1879 1920/1920/1920 1880/1880/1880
f 1880/1880/1880 1920/1920/1920 1921/1921/1921
f 1880/1880/1880 1921/1921/1921 1881/1881/1881
f 1881/1881/1881 1921/1921/1921 1922/1922/1922
f 1881/1881/1881 1922/1922/1922 1882/1882/1882
f 1882/1882/1882 1922/1922/1922 1923/1923/1923
f 1882/1882/1882 1923/1923/1923 1883/1883/1883
f 1883/1883/1883 1923/1923/1923 1924/1924/1924
f 1883/1883/1883 1924/1924/1924 1884/1884/1884
f 1884/1884/1884 1924/1924/1924 1925/1925/1925
f 1884/1884/1884 1925/1925/1925 1885/1885/1885
f 1885/1885/1885 1925/1925/1925 1926/1926/1926
f 1885/1885/1885 1926/1926/1926 1886/1886/1886
f 1886/1886/1886 1926/1926/1926 1927/1927/1927
f 1887/1887/1887 1928/1928/1928 1888/1888/1888
f 1888/1888/1888 1928/1928/1928 1929/1929/1929
f 1888/1888/1888 1929/1929/1929 1889/1889/1889
f 1889/1889/1889 1929/1929/1929 1930/1930/1930
f 1889/1889/1889 1930/1930/1930 1890/1890/1890
f 1890/1890/1890 1930/1930/1930 1931/1931/1931
f 1890/1890/1890 1931/1931/1931 1891/1891/1891
f 1891/1891/1891 1931/1931/1931 1932/1932/1932
f 1891/1891/1891 1932/1932/1932 1892/1892/1892
f 1892/1892/1892 1932/1932/1932 1933/1933/1933
f 1892/1892/1892 1933/1933/1933 1893/1893/1893
f 1893/1893/1893 1933/1933/1933 1934/1934/1934
f 1893/1893/1893 1934/1934/1934 1894/1894/1894
f 1894/1894/1894 1934/1934/1934 1935/1935/1935
f 1894/1894/1894 1935/1935/1935 1895/1895/1895
f 1895/1895/1895 1935/1935/1935 1936/1936/1936
f 1895/1895/1895 1936/1936/1936 1896/1896/1896
f 1896/1896/1896 1936/1936/1936 1937/1937/1937
f 1896/1896/1896 1937/1937/1937 1897/1897/1897
f 1897/1897/1897 1937/1937/1937 1938/1938/1938
f 1897/1897/1897 1938/1938/1938 1898/1898/1898
f 1898/1898/1898 1938/1938/1938 1939/1939/1939
f 1898/1898/1898 1939/1939/1939 1899/1899/1899
f 1899/1899/1899 1939/1939/1939 1940/1940/1940
f 1899/1899/1899 1940/1940/1940 1900/1900/1900
f 1900/1900/1900 1940/1940/1940 1941/1941/1941
f 1900/1900/1900 1941/1941/1941 1901/1901/1901
f 1901/1901/1901 1941/1941/1941 1942/1942/1942
f 1901/1901/1901 1942/1942/1942 1902/1902/1902
f 1902/1902/1902 1942/1942/1942 1943/1943/1943
f 1902/1902/1902 1943/1943/1943 1903/1903/1903
f 1903/1903/1903 1943/1943/1943 1944/1944/1944
f 1903/1903/1903 1944/1944/1944 1904/1904/1904
f 1904/1904/1904 1944/1944/1944 1945/1945/1945
f 1904/1904/1904 1945/1945/1945 1905/1905/1905
f 1905/1905/1905 1945/1945/1945 1946/1946/1946
f 1905/1905/1905 1946/1946/1946 1906/1906/1906
f 1906/1906/1906 1946/1946/1946 1947/1947/1947
f 1906/1906/1906 1947/1947/1947 1907/1907/1907
f 1907/1907/1907 1947/1947/1947 1948/1948/1948
f 1907/1907/1907 1948/1948/1948 1908/1908/1908
f 1908/1908/1908 1948/1948/1948 1949/1949/1949
f 1908/1908/1908 1949/1949/1949 1909/1909/1909
f 1909/1909/1909 1949/1949/1949 1950/1950/1950
f 1909/1909/1909 1950/1950/1950 1910/1910/1910
f 1910/1910/1910 1950/1950/1950 1951/1951/1951
f 1910/1910/1910 1951/1951/1951 1911/1911/1911
f 1911/1911/1911 1951/1951/1951 1952/1952/1952
f 1911/1911/1911 1952/1952/1952 1912/1912/1912
f 1912/1912/1912 1952/1952/1952 1953/1953/1953
f 1912/1912/1912 1953/1953/1953 1913/1913/1913
f 1913/1913/1913 1953/1953/1953 1954/1954/1954
f 1913/1913/1913 1954/1954/1954 1914/1914/1914
f 1914/1914/1914 1954/1954/1954 1955/1955/1955
f 1914/1914/1914 1955/1955/1955 1915/1915/1915
f 1915/1915/1915 1955/1955/1955 1956/1956/1956
f 1915/1915/1915 1956/1956/1956 1916/1916/1916
f 1916/1916/1916 1956/1956/1956 1957/1957/1957
f 1916/1916/1916 1957/1957/1957 1917/1917/1917
f 1917/1917/1917 1957/1957/1957 1958/1958/1958
f 1917/1917/1917 1958/1958/1958 1918/1918/1918
f 1918/1918/1918 1958/1958/1958 1959/1959/1959
f 1918/1918/1918 1959/1959/1959 1919/1919/1919
f 1919/1919/1919 1959/1959/1959 1960/1960/1960
f 1919/1919/1919 1960/1960/1960 1920/1920/1920
f 1920/1920/1920 1960/1960/1960 1961/1961/1961
f 1920/1920/1920 1961/1961/1961 1921/1921/1921
f 1921/1921/1921 1961/1961/1961 1962/1962/1962
f 1921/1921/1921 1962/1962/1962 1922/1922/1922
f 1922/1922/1922 1962/1962/1962 1963/1963/1963
f 1922/1922/1922 1963/1963/1963 1923/1923/1923
f 1923/1923/1923 1963/1963/1963 1964/1964/1964
f 1923/1923/1923 1964/1964/1964 1924/1924/1924
f 1924/1924/1924 1964/1964/1964 1965/1965/1965
f 1924/1924/1924 1965/1965/1965 1925/1925/1925
f 1925/1925/1925 1965/1965/1965 1966/1966/1966
f 1925/1925/1925 1966/1966/1966 1926/1926/1926
f 1926/1926/1926 1966/1966/1966 1967/1967/1967
f 1926/1926/1926 1967/1967/1967 1927/1927/1927
f 1927/1927/1927 1967/1967/1967 1968/1968/1968
f 1928/1928/1928 1969/1969/1969 1929/1929/1929
f 1929/1929/1929 1969/1969/1969 1970/1970/1970
f 1929/1929/1929 1970/1970/1970 1930/1930/1930
f 1930/1930/1930 1970/1970/1970 1971/1971/1971
f 1930/1930/1930 1971/1971/1971 1931/1931/1931
f 1931/1931/1931 1971/1971/1971 1972/1972/1972
f 1931/1931/1931 1972/1972/1972 1932/1932/1932
f 1932/1932/1932 1972/1972/1972 1973/1973/1973
f 1932/1932/1932 1973/1973/1973 1933/1933/1933
f 1933/1933/1933 1973/1973/1973 1974/1974/1974
f 1933/1933/1933 1974/1974/1974 1934/1934/1934
f 1934/1934/1934 1974/1974/1974 1975/1975/1975
f 1934/1934/1934 1975/1975/1975 1935/1935/1935
f 1935/1935/1935 1975/1975/1975 1976/1976/1976
f 1935/1935/1935 1976/1976/1976 1936/1936/1936
f 1936/1936/1936 1976/1976/1976 1977/1977/1977
f 1936/1936/1936 1977/1977/1977 1937/1937/1937
f 1937/1937/1937 1977/1977/1977 1978/1978/1978
f 1937/1937/1937 1978/1978/1978 1938/1938/1938
f 1938/1938/1938 1978/1978/1978 1979/1979/1979
f 1938/1938/1938 1979/1979/1979 1939/1939/1939
f 1939/1939/1939 1979/1979/1979 1980/1980/1980
f 1939/1939/1939 1980/1980/1980 1940/1940/1940
f 1940/1940/1940 1980/1980/1980 1981/1981/1981
f 1940/1940/1940 1981/1981/1981 1941/1941/1941
f 1941/1941/1941 1981/1981/1981 1982/1982/1982
f 1941/1941/1941 1982/1982/1982 1942/1942/1942
f 1942/1942/1942 1982/1982/1982 1983/1983/1983
f 1942/1942/1942 1983/1983/1983 1943/1943/1943
f 1943/1943/1943 1983/1983/1983 1984/1984/1984
f 1943/1943/1943 1984/1984/1984 1944/1944/1944
f 1944/1944/1944 1984/1984/1984 1985/1985/1985
f 1944/1944/1944 1985/1985/1985 1945/1945/1945
f 1945/1945/1945 1985/1985/1985 1986/1986/1986
f 1945/1945/1945 1986/1986/1986 1946/1946/1946
f 1946/1946/1946 1986/1986/1986 1987/1987/1987
f 1946/1946/1946 1987/1987/1987 1947/1947/1947
f 1947/1947/1947 1987/1987/1987 1988/1988/1988
f 1947/1947/1947 1988/1988/1988 1948/1948/1948
f 1948/1948/1948 1988/1988/1988 1989/1989/1989
f 1948/1948/1948 1989/1989/1989 1949/1949/1949
f 1949/1949/1949 1989/1989/1989 1990/1990/1990
f 1949/1949/1949 1990/1990/1990 1950/1950/1950
f 1950/1950/1950 1990/1990/1990 1991/1991/1991
f 1950/1950/1950 1991/1991/1991 1951/1951/1951
f 1951/1951/1951 1991/1991/1991 1992/1992/1992
f 1951/1951/1951 1992/1992/1992 1952/1952/1952
f 1952/1952/1952 1992/1992/1992 1993/1993/1993
f 1952/1952/1952 1993/1993/1993 1953/1953/1953
f 1953/1953/1953 1993/1993/1993 1994/1994/1994
f 1953/1953/1953 1994/1994/1994 1954/1954/1954
f 1954/1954/1954 1994/1994/1994 1995/1995/1995
f 1954/1954/1954 1995/1995/1995 1955/1955/1955
f 1955/1955/1955 1995/1995/1995 1996/1996/1996
f 1955/1955/1955 1996/1996/1996 1956/1956/1956
f 1956/1956/1956 1996/1996/1996 1997/1997/1997
f 1956/1956/1956 1997/1997/1997 1957/1957/1957
f 1957/1957/1957 1997/1997/1997 1998/1998/1998
f 1957/1957/1957 1998/1998/1998 1958/1958/1958
f 1958/1958/1958 1998/1998/1998 1999/1999/1999
f 1958/1958/1958 1999/1999/1999 1959/1959/1959
f 1959/1959/1959 1999/1999/1999 2000/2000/2000
f 1959/1959/1959 2000/2000/2000 1960/1960/1960
f 1960/1960/1960 2000/2000/2000 2001/2001/2001
f 1960/1960/1960 2001/2001/2001 1961/1961/1961
f 1961/1961/1961 2001/2001/2001 2002/2002/2002
f 1961/1961/1961 2002/2002/2002 1962/1962/1962
f 1962/1962/1962 2002/2002/2002 2003/2003/2003
f 1962/1962/1962 2003/2003/2003 1963/1963/1963
f 1963/1963/1963 2003/2003/2003 2004/2004/2004
f 1963/1963/1963 2004/2004/2004 1964/1964/1964
f 1964/1964/1964 2004/2004/2004 2005/2005/2005
f 1964/1964/1964 2005/2005/2005 1965/1965/1965
f 1965/1965/1965 2005/2005/2005 2006/2006/2006
f 1965/1965/1965 2006/2006/2006 1966/1966/1966
f 1966/1966/1966 2006/2006/2006 2007/2007/2007
f 1966/1966/1966 2007/2007/2007 1967/1967/1967
f 1967/1967/1967 2007/2007/2007 2008/2008/2008
f 1967/1967/1967 2008/2008/2008 1968/1968/1968
f 1968/1968/1968 2008/2008/2008 2009/2009/2009
f 1969/1969/1969 2010/2010/2010 1970/1970/1970
f 1970/1970/1970 2010/2010/2010 2011/2011/2011
f 1970/1970/1970 2011/2011/2011 1971/1971/1971
f 1971/1971/1971 2011/2011/2011 2012/2012/2012
f 1971/1971/1971 2012/2012/2012 1972/1972/1972
f 1972/1972/1972 2012/2012/2012 2013/2013/2013
f 1972/1972/1972 2013/2013/2013 1973/1973/1973
f 1973/1973/1973 2013/2013/2013 2014/2014/2014
f 1973/1973/1973 2014/2014/2014 1974/1974/1974
f 1974/1974/1974 2014/2014/2014 2015/2015/2015
f 1974/1974/1974 2015/2015/2015 1975/1975/1975
f 1975/1975/1975 2015/2015/2015 2016/2016/2016
f 1975/1975/1975 2016/2016/2016 1976/1976/1976
f 1976/1976/1976 2016/2016/2016 2017/2017/2017
f 1976/1976/1976 2017/2017/2017 1977/1977/1977
f 1977/1977/1977 2017/2017/2017 2018/2018/2018
f 1977/1977/1977 2018/2018/2018 1978/1978/1978
f 1978/1978/1978 2018/2018/2018 2019/2019/2019
f 1978/1978/1978 2019/2019/2019 1979/1979/1979
f 1979/1979/1979 2019/2019/2019 2020/2020/2020
f 1979/1979/1979 2020/2020/2020 1980/1980/1980
f 1980/1980/1980 2020/2020/2020 2021/2021/2021
f 1980/1980/1980 2021/2021/2021 1981/1981/1981
f 1981/1981/1981 2021/2021/2021 2022/2022/2022
f 1981/1981/1981 2022/2022/2022 1982/1982/1982
f 1982/1982/1982 2022/2022/2022 2023/2023/2023
f 1982/1982/1982 2023/2023/2023 1983/1983/1983
f 1983/1983/1983 2023/2023/2023 2024/2024/2024
f 1983/1983/1983 2024/2024/2024 1984/1984/1984
f 1984/1984/1984 2024/2024/2024 2025/2025/2025
f 1984/1984/1984 2025/2025/2025 1985/1985/1985
f 1985/1985/1985 2025/2025/2025 2026/2026/2026
f 1985/1985/1985 2026/2026/2026 1986/1986/1986
f 1986/1986/1986 2026/2026/2026 2027/2027/2027
f 1986/1986/1986 2027/2027/2027 1987/1987/1987
f 1987/1987/1987 2027/2027/2027 2028/2028/2028
f 1987/1987/1987 2028/2028/2028 1988/1988/1988
f 1988/1988/1988 2028/2028/2028 2029/2029/2029
f 1988/1988/1988 2029/2029/2029 1989/1989/1989
f 1989/1989/1989 2029/2029/2029 2030/2030/2030
f 1989/1989/1989 2030/2030/2030 1990/1990/1990
f 1990/1990/1990 2030/2030/2030 2031/2031/2031
f 1990/1990/1990 2031/2031/2031 1991/1991/1991
f 1991/1991/1991 2031/2031/2031 2032/2032/2032
f 1991/1991/1991 2032/2032/2032 1992/1992/1992
f 1992/1992/1992 2032/2032/2032 2033/2033/2033
f 1992/1992/1992 2033/2033/2033 1993/1993/1993
f 1993/1993/1993 2033/2033/2033 2034/2034/2034
f 1993/1993/1993 2034/2034/2034 1994/1994/1994
f 1994/1994/1994 2034/2034/2034 2035/2035/2035
f 1994/1994/1994 2035/2035/2035 1995/1995/1995
f 1995/1995/1995 2035/2035/2035 2036/2036/2036
f 1995/1995/1995 2036/2036/2036 1996/1996/1996
f 1996/1996/1996 2036/2036/2036 2037/2037/2037
f 1996/1996/1996 2037/2037/2037 1997/1997/1997
f 1997/1997/1997 2037/2037/2037 2038/2038/2038
f 1997/1997/1997 2038/2038/2038 1998/1998/1998
f 1998/1998/1998 2038/2038/2038 2039/2039/2039
f 1998/1998/1998 2039/2039/2039 1999/1999/1999
f 1999/1999/1999 2039/2039/2039 2040/2040/2040
f 1999/1999/1999 2040/2040/2040 2000/2000/2000
f 2000/2000/2000 2040/2040/2040 2041/2041/2041
f 2000/2000/2000 2041/2041/2041 2001/2001/2001
f 2001/2001/2001 2041/2041/2041 2042/2042/2042
f 2001/2001/2001 2042/2042/2042 2002/2002/2002
f 2002/2002/2002 2042/2042/2042 2043/2043/2043
f 2002/2002/2002 2043/2043/2043 2003/2003/2003
f 2003/2003/2003 2043/2043/2043 2044/2044/2044
f 2003/2003/2003 2044/2044/2044 2004/2004/2004
f 2004/2004/2004 2044/2044/2044 2045/2045/2045
f 2004/2004/2004 2045/2045/2045 2005/2005/2005
f 2005/2005/2005 2045/2045/2045 2046/2046/2046
f 2005/2005/2005 2046/2046/2046 2006/2006/2006
f 2006/2006/2006 2046/2046/2046 2047/2047/2047
f 2006/2006/2006 2047/2047/2047 2007/2007/2007
f 2007/2007/2007 2047/2047/2047 2048/2048/2048
f 2007/2007/2007 2048/2048/2048 2008/2008/2008
f 2008/2008/2008 2048/2048/2048 2049/2049/2049
f 2008/2008/2008 2049/2049/2049 2009/2009/2009
f 2009/2009/2009 2049/2049/2049 2050/2050/2050
f 2010/2010/2010 2051/2051/2051 2011/2011/2011
f 2011/2011/2011 2051/2051/2051 2052/2052/2052
f 2011/2011/2011 2052/2052/2052 2012/2012/2012
f 2012/2012/2012 2052/2052/2052 2053/2053/2053
f 2012/2012/2012 2053/2053/2053 2013/2013/2013
f 2013/2013/2013 2053/2053/2053 2054/2054/2054
f 2013/2013/2013 2054/2054/2054 2014/2014/2014
f 2014/2014/2014 2054/2054/2054 2055/2055/2055
f 2014/2014/2014 2055/2055/2055 2015/2015/2015
f 2015/2015/2015 2055/2055/2055 2056/2056/2056
f 2015/2015/2015 2056/2056/2056 2016/2016/2016
f 2016/2016/2016 2056/2056/2056 2057/2057/2057
f 2016/2016/2016 2057/2057/2057 2017/2017/2017
f 2017/2017/2017 2057/2057/2057 2058/2058/2058
f 2017/2017/2017 2058/2058/2058 2018/2018/2018
f 2018/2018/2018 2058/2058/2058 2059/2059/2059
f 2018/2018/2018 2059/2059/2059 2019/2019/2019
f 2019/2019/2019 2059/2059/2059 2060/2060/2060
f 2019/2019/2019 2060/2060/2060 2020/2020/2020
f 2020/2020/2020 2060/2060/2060 2061/2061/2061
f 2020/2020/2020 2061/2061/2061 2021/2021/2021
f 2021/2021/2021 2061/2061/2061 2062/2062/2062
f 2021/2021/2021 2062/2062/2062 2022/2022/2022
f 2022/2022/2022 2062/2062/2062 2063/2063/2063
f 2022/2022/2022 2063/2063/2063 2023/2023/2023
f 2023/2023/2023 2063/2063/2063 2064/2064/2064
f 2023/2023/2023 2064/2064/2064 2024/2024/2024
f 2024/2024/2024 2064/2064/2064 2065/2065/2065
f 2024/2024/2024 2065/2065/2065 2025/2025/2025
f 2025/2025/2025 2065/2065/2065 2066/2066/2066
f 2025/2025/2025 2066/2066/2066 2026/2026/2026
f 2026/2026/2026 2066/2066/2066 2067/2067/2067
f 2026/2026/2026 2067/2067/2067 2027/2027/2027
f 2027/2027/2027 2067/2067/2067 2068/2068/2068
f 2027/2027/2027 2068/2068/2068 2028/2028/2028
f 2028/2028/2028 2068/2068/2068 2069/2069/2069
f 2028/2028/2028 2069/2069/2069 2029/2029/2029
f 2029/2029/2029 2069/2069/2069 2070/2070/2070
f 2029/2029/2029 2070/2070/2070 2030/2030/2030
f 2030/2030/2030 2070/2070/2070 2071/2071/2071
f 2030/2030/2030 2071/2071/2071 2031/2031/2031
f 2031/2031/2031 2071/2071/2071 2072/2072/2072
f 2031/2031/2031 2072/2072/2072 2032/2032/2032
f 2032/2032/2032 2072/2072/2072 2073/2073/2073
f 2032/2032/2032 2073/2073/2073 2033/2033/2033
f 2033/2033/2033 2073/2073/2073 2074/2074/2074
f 2033/2033/2033 2074/2074/2074 2034/2034/2034
f 2034/2034/2034 2074/2074/2074 2075/2075/2075
f 2034/2034/2034 2075/2075/2075 2035/2035/2035
f 2035/2035/2035 2075/2075/2075 2076/2076/2076
f 2035/2035/2035 2076/2076/2076 2036/2036/2036
f 2036/2036/2036 2076/2076/2076 2077/2077/2077
f 2036/2036/2036 2077/2077/2077 2037/2037/2037
f 2037/2037/2037 2077/2077/2077 2078/2078/2078
f 2037/2037/2037 2078/2078/2078 2038/2038/2038
f 2038/2038/2038 2078/2078/2078 2079/2079/2079
f 2038/2038/2038 2079/2079/2079 2039/2039/2039
f 2039/2039/2039 2079/2079/2079 2080/2080/2080
f 2039/2039/2039 2080/2080/2080 2040/2040/2040
f 2040/2040/2040 2080/2080/2080 2081/2081/2081
f 2040/2040/2040 2081/2081/2081 2041/2041/2041
f 2041/2041/2041 2081/2081/2081 2082/2082/2082
f 2041/2041/2041 2082/2082/2082 2042/2042/2042
f 2042/2042/2042 2082/2082/2082 2083/2083/2083
f 2042/2042/2042 2083/2083/2083 2043/2043/2043
f 2043/2043/2043 2083/2083/2083 2084/2084/2084
f 2043/2043/2043 2084/2084/2084 2044/2044/2044
f 2044/2044/2044 2084/2084/2084 2085/2085/2085
f 2044/2044/2044 2085/2085/2085 2045/2045/2045
f 2045/2045/2045 2085/2085/2085 2086/2086/2086
f 2045/2045/2045 2086/2086/2086 2046/2046/2046
f 2046/2046/2046 2086/2086/2086 2087/2087/2087
f 2046/2046/2046 2087/2087/2087 2047/2047/2047
f 2047/2047/2047 2087/2087/2087 2088/2088/2088
f 2047/2047/2047 2088/2088/2088 2048/2048/2048
f 2048/2048/2048 2088/2088/2088 2089/2089/2089
f 2048/2048/2048 2089/2089/2089 2049/2049/2049
f 2049/2049/2049 2089/2089/2089 2090/2090/2090
f 2049/2049/2049 2090/2090/2090 2050/2050/2050
f 2050/2050/2050 2090/2090/2090 2091/2091/2091
f 2051/2051/2051 2092/2092/2092 2052/2052/2052
f 2052/2052/2052 2092/2092/2092 2093/2093/2093
f 2052/2052/2052 2093/2093/2093 2053/2053/2053
f 2053/2053/2053 2093/2093/2093 2094/2094/2094
f 2053/2053/2053 2094/2094/2094 2054/2054/2054
f 2054/2054/2054 2094/2094/2094 2095/2095/2095
f 2054/2054/2054 2095/2095/2095 2055/2055/2055
f 2055/2055/2055 2095/2095/2095 2096/2096/2096
f 2055/2055/2055 2096/2096/2096 2056/2056/2056
f 2056/2056/2056 2096/2096/2096 2097/2097/2097
f 2056/2056/2056 2097/2097/2097 2057/2057/2057
f 2057/2057/2057 2097/2097/2097 2098/2098/2098
f 2057/2057/2057 2098/2098/2098 2058/2058/2058
f 2058/2058/2058 2098/2098/2098 2099/2099/2099
f 2058/2058/2058 2099/2099/2099 2059/2059/2059
f 2059/2059/2059 2099/2099/2099 2100/2100/2100
f 2059/2059/2059 2100/2100/2100 2060/2060/2060
f 2060/2060/2060 2100/2100/2100 2101/2101/2101
f 2060/2060/2060 2101/2101/2101 2061/2061/2061
f 2061/2061/2061 2101/2101/2101 2102/2102/2102
f 2061/2061/2061 2102/2102/2102 2062/2062/2062
f 2062/2062/2062 2102/2102/2102 2103/2103/2103
f 2062/2062/2062 2103/2103/2103 2063/2063/2063
f 2063/2063/2063 2103/2103/2103 2104/2104/2104
f 2063/2063/2063 2104/2104/2104 2064/2064/2064
f 2064/2064/2064 2104/2104/2104 2105/2105/2105
f 2064/2064/2064 2105/2105/2105 2065/2065/2065
f 2065/2065/2065 2105/2105/2105 2106/2106/2106
f 2065/2065/2065 2106/2106/2106 2066/2066/2066
f 2066/2066/2066 2106/2106/2106 2107/2107/2107
f 2066/2066/2066 2107/2107/2107 2067/2067/2067
f 2067/2067/2067 2107/2107/2107 2108/2108/2108
f 2067/2067/2067 2108/2108/2108 2068/2068/2068
f 2068/2068/2068 2108/2108/2108 2109/2109/2109
f 2068/2068/2068 2109/2109/2109 2069/2069/2069
f 2069/2069/2069 2109/2109/2109 2110/2110/2110
f 2069/2069/2069 2110/2110/2110 2070/2070/2070
f 2070/2070/2070 2110/2110/2110 2111/2111/2111
f 2070/2070/2070 2111/2111/2111 2071/2071/2071
f 2071/2071/2071 2111/2111/2111 2112/2112/2112
f 2071/2071/2071 2112/2112/2112 2072/2072/2072
f 2072/2072/2072 2112/2112/2112 2113/2113/2113
f 2072/2072/2072 2113/2113/2113 2073/2073/2073
f 2073/2073/2073 2113/2113/2113 2114/2114/2114
f 2073/2073/2073 2114/2114/2114 2074/2074/2074
f 2074/2074/2074 2114/2114/2114 2115/2115/2115
f 2074/2074/2074 2115/2115/2115 2075/2075/2075
f 2075/2075/2075 2115/2115/2115 2116/2116/2116
f 2075/2075/2075 2116/2116/2116 2076/2076/2076
f 2076/2076/2076 2116/2116/2116 2117/2117/2117
f 2076/2076/2076 2117/2117/2117 2077/2077/2077
f 2077/2077/2077 2117/2117/2117 2118/2118/2118
f 2077/2077/2077 2118/2118/2118 2078/2078/2078
f 2078/2078/2078 2118/2118/2118 2119/2119/2119
f 2078/2078/2078 2119/2119/2119 2079/2079/2079
f 2079/2079/2079 2119/2119/2119 2120/2120/2120
f 2079/2079/2079 2120/2120/2120 2080/2080/2080
f 2080/2080/2080 2120/2120/2120 2121/2121/2121
f 2080/2080/2080 2121/2121/2121 2081/2081/2081
f 2081/2081/2081 2121/2121/2121 2122/2122/2122
f 2081/2081/2081 2122/2122/2122 2082/2082/2082
f 2082/2082/2082 2122/2122/2122 2123/2123/2123
f 2082/2082/2082 2123/2123/2123 2083/2083/2083
f 2083/2083/2083 2123/2123/2123 2124/2124/2124
f 2083/2083/2083 2124/2124/2124 2084/2084/2084
f 2084/2084/2084 2124/2124/2124 2125/2125/2125
f 2084/2084/2084 2125/2125/2125 2085/2085/2085
f 2085/2085/2085 2125/2125/2125 2126/2126/2126
f 2085/2085/2085 2126/2126/2126 2086/2086/2086
f 2086/2086/2086 2126/2126/2126 2127/2127/2127
f 2086/2086/2086 2127/2127/2127 2087/2087/2087
f 2087/2087/2087 2127/2127/2127 2128/2128/2128
f 2087/2087/2087 2128/2128/2128 2088/2088/2088
f 2088/2088/2088 2128/2128/2128 2129/2129/2129
f 2088/2088/2088 2129/2129/2129 2089/2089/2089
f 2089/2089/2089 2129/2129/2129 2130/2130/2130
f 2089/2089/2089 2130/2130/2130 2090/2090/2090
f 2090/2090/2090 2130/2130/2130 2131/2131/2131
f 2090/2090/2090 2131/2131/2131 2091/2091/2091
f 2091/2091/2091 2131/2131/2131 2132/2132/2132
f 2092/2092/2092 2133/2133/2133 2093/2093/2093
f 2093/2093/2093 2133/2133/2133 2134/2134/2134
f 2093/2093/2093 2134/2134/2134 2094/2094/2094
f 2094/2094/2094 2134/2134/2134 2135/2135/2135
f 2094/2094/2094 2135/2135/2135 2095/2095/2095
f 2095/2095/2095 2135/2135/2135 2136/2136/2136
f 2095/2095/2095 2136/2136/2136 2096/2096/2096
f 2096/2096/2096 2136/2136/2136 2137/2137/2137
f 2096/2096/2096 2137/2137/2137 2097/2097/2097
f 2097/2097/2097 2137/2137/2137 2138/2138/2138
f 2097/2097/2097 2138/2138/2138 2098/2098/2098
f 2098/2098/2098 2138/2138/2138 2139/2139/2139
f 2098/2098/2098 2139/2139/2139 2099/2099/2099
f 2099/2099/2099 2139/2139/2139 2140/2140/2140
f 2099/2099/2099 2140/2140/2140 2100/2100/2100
f 2100/2100/2100 2140/2140/2140 2141/2141/2141
f 2100/2100/2100 2141/2141/2141 2101/2101/2101
f 2101/2101/2101 2141/2141/2141 2142/2142/2142
f 2101/2101/2101 2142/2142/2142 2102/2102/2102
f 2102/2102/2102 2142/2142/2142 2143/2143/2143
f 2102/2102/2102 2143/2143/2143 2103/2103/2103
f 2103/2103/2103 2143/2143/2143 2144/2144/2144
f 2103/2103/2103 2144/2144/2144 2104/2104/2104
f 2104/2104/2104 2144/2144/2144 2145/2145/2145
f 2104/2104/2104 2145/2145/2145 2105/2105/2105
f 2105/2105/2105 2145/2145/2145 2146/2146/2146
f 2105/2105/2105 2146/2146/2146 2106/2106/2106
f 2106/2106/2106 2146/2146/2146 2147/2147/2147
f 2106/2106/2106 2147/2147/2147 2107/2107/2107
f 2107/2107/2107 2147/2147/2147 2148/2148/2148
f 2107/2107/2107 2148/2148/2148 2108/2108/2108
f 2108/2108/2108 2148/2148/2148 2149/2149/2149
f 2108/2108/2108 2149/2149/2149 2109/2109/2109
f 2109/2109/2109 2149/2149/2149 2150/2150/2150
f 2109/2109/2109 2150/2150/2150 2110/2110/2110
f 2110/2110/2110 2150/2150/2150 2151/2151/2151
f 2110/2110/2110 2151/2151/2151 2111/2111/2111
f 2111/2111/2111 2151/2151/2151 2152/2152/2152
f 2111/2111/2111 2152/2152/2152 2112/2112/2112
f 2112/2112/2112 2152/2152/2152 2153/2153/2153
f 2112/2112/2112 2153/2153/2153 2113/2113/2113
f 2113/2113/2113 2153/2153/2153 2154/2154/2154
f 2113/2113/2113 2154/2154/2154 2114/2114/2114
f 2114/2114/2114 2154/2154/2154 2155/2155/2155
f 2114/2114/2114 2155/2155/2155 2115/2115/2115
f 2115/2115/2115 2155/2155/2155 2156/2156/2156
f 2115/2115/2115 2156/2156/2156 2116/2116/2116
f 2116/2116/2116 2156/2156/2156 2157/2157/2157
f 2116/2116/2116 2157/2157/2157 2117/2117/2117
f 2117/2117/2117 2157/2157/2157 2158/2158/2158
f 2117/2117/2117 2158/2158/2158 2118/2118/2118
f 2118/2118/2118 2158/2158/2158 2159/2159/2159
f 2118/2118/2118 2159/2159/2159 2119/2119/2119
f 2119/2119/2119 2159/2159/2159 2160/2160/2160
f 2119/2119/2119 2160/2160/2160 2120/2120/2120
f 2120/2120/2120 2160/2160/2160 2161/2161/2161
f 2120/2120/2120 2161/2161/2161 2121/2121/2121
f 2121/2121/2121 2161/2161/2161 2162/2162/2162
f 2121/2121/2121 2162/2162/2162 2122/2122/2122
f 2122/2122/2122 2162/2162/2162 2163/2163/2163
f 2122/2122/2122 2163/2163/2163 2123/2123/2123
f 2123/2123/2123 2163/2163/2163 2164/2164/2164
f 2123/2123/2123 2164/2164/2164 2124/2124/2124
f 2124/2124/2124 2164/2164/2164 2165/2165/2165
f 2124/2124/2124 2165/2165/2165 2125/2125/2125
f 2125/2125/2125 2165/2165/2165 2166/2166/2166
f 2125/2125/2125 2166/2166/2166 2126/2126/2126
f 2126/2126/2126 2166/2166/2166 2167/2167/2167
f 2126/2126/2126 2167/2167/2167 2127/2127/2127
f 2127/2127/2127 2167/2167/2167 2168/2168/2168
f 2127/2127/2127 2168/2168/2168 2128/2128/2128
f 2128/2128/2128 2168/2168/2168 2169/2169/2169
f 2128/2128/2128 2169/2169/2169 2129/2129/2129
f 2129/2129/2129 2169/2169/2169 2170/2170/2170
f 2129/2129/2129 2170/2170/2170 2130/2130/2130
f 2130/2130/2130 2170/2170/2170 2171/2171/2171
f 2130/2130/2130 2171/2171/2171 2131/2131/2131
f 2131/2131/2131 2171/2171/2171 2172/2172/2172
f 2131/2131/2131 2172/2172/2172 2132/2132/2132
f 2132/2132/2132 2172/2172/2172 2173/2173/2173
f 2133/2133/2133 2174/2174/2174 2134/2134/2134
f 2134/2134/2134 2174/2174/2174 2175/2175/2175
f 2134/2134/2134 2175/2175/2175 2135/2135/2135
f 2135/2135/2135 2175/2175/2175 2176/2176/2176
f 2135/2135/2135 2176/2176/2176 2136/2136/2136
f 2136/2136/2136 2176/2176/2176 2177/2177/2177
f 2136/2136/2136 2177/2177/2177 2137/2137/2137
f 2137/2137/2137 2177/2177/2177 2178/2178/2178
f 2137/2137/2137 2178/2178/2178 2138/2138/2138
f 2138/2138/2138 2178/2178/2178 2179/2179/2179
f 2138/2138/2138 2179/2179/2179 2139/2139/2139
f 2139/2139/2139 2179/2179/2179 2180/2180/2180
f 2139/2139/2139 2180/2180/2180 2140/2140/2140
f 2140/2140/2140 2180/2180/2180 2181/2181/2181
f 2140/2140/2140 2181/2181/2181 2141/2141/2141
f 2141/2141/2141 2181/2181/2181 2182/2182/2182
f 2141/2141/2141 2182/2182/2182 2142/2142/2142
f 2142/2142/2142 2182/2182/2182 2183/2183/2183
f 2142/2142/2142 2183/2183/2183 2143/2143/2143
f 2143/2143/2143 2183/2183/2183 2184/2184/2184
f 2143/2143/2143 2184/2184/2184 2144/2144/2144
f 2144/2144/2144 2184/2184/2184 2185/2185/2185
f 2144/2144/2144 2185/2185/2185 2145/2145/2145
f 2145/2145/2145 2185/2185/2185 2186/2186/2186
f 2145/2145/2145 2186/2186/2186 2146/2146/2146
f 2146/2146/2146 2186/2186/2186 2187/2187/2187
f 2146/2146/2146 2187/2187/2187 2147/2147/2147
f 2147/2147/2147 2187/2187/2187 2188/2188/2188
f 2147/2147/2147 2188/2188/2188 2148/2148/2148
f 2148/2148/2148 2188/2188/2188 2189/2189/2189
f 2148/2148/2148 2189/2189/2189 2149/2149/2149
f 2149/2149/2149 2189/2189/2189 2190/2190/2190
f 2149/2149/2149 2190/2190/2190 2150/2150/2150
f 2150/2150/2150 2190/2190/2190 2191/2191/2191
f 2150/2150/2150 2191/2191/2191 2151/2151/2151
f 2151/2151/2151 2191/2191/2191 2192/2192/2192
f 2151/2151/2151 2192/2192/2192 2152/2152/2152
f 2152/2152/2152 2192/2192/2192 2193/2193/2193
f 2152/2152/2152 2193/2193/2193 2153/2153/2153
f 2153/2153/2153 2193/2193/2193 2194/2194/2194
f 2153/2153/2153 2194/2194/2194 2154/2154/2154
f 2154/2154/2154 2194/2194/2194 2195/2195/2195
f 2154/2154/2154 2195/2195/2195 2155/2155/2155
f 2155/2155/2155 2195/2195/2195 2196/2196/2196
f 2155/2155/2155 2196/2196/2196 2156/2156/2156
f 2156/2156/2156 2196/2196/2196 2197/2197/2197
f 2156/2156/2156 2197/2197/2197 2157/2157/2157
f 2157/2157/2157 2197/2197/2197 2198/2198/2198
f 2157/2157/2157 2198/2198/2198 2158/2158/2158
f 2158/2158/2158 2198/2198/2198 2199/2199/2199
f 2158/2158/2158 2199/2199/2199 2159/2159/2159
f 2159/2159/2159 2199/2199/2199 2200/2200/2200
f 2159/2159/2159 2200/2200/2200 2160/2160/2160
f 2160/2160/2160 2200/2200/2200 2201/2201/2201
f 2160/2160/2160 2201/2201/2201 2161/2161/2161
f 2161/2161/2161 2201/2201/2201 2202/2202/2202
f 2161/2161/2161 2202/2202/2202 2162/2162/2162
f 2162/2162/2162 2202/2202/2202 2203/2203/2203
f 2162/2162/2162 2203/2203/2203 2163/2163/2163
f 2163/2163/2163 2203/2203/2203 2204/2204/2204
f 2163/2163/2163 2204/2204/2204 2164/2164/2164
f 2164/2164/2164 2204/2204/2204 2205/2205/2205
f 2164/2164/2164 2205/2205/2205 2165/2165/2165
f 2165/2165/2165 2205/2205/2205 2206/2206/2206
f 2165/2165/2165 2206/2206/2206 2166/2166/2166
f 2166/2166/2166 2206/2206/2206 2207/2207/2207
f 2166/2166/2166 2207/2207/2207 2167/2167/2167
f 2167/2167/2167 2207/2207/2207 2208/2208/2208
f 2167/2167/2167 2208/2208/2208 2168/2168/2168
f 2168/2168/2168 2208/2208/2208 2209/2209/2209
f 2168/2168/2168 2209/2209/2209 2169/2169/2169
f 2169/2169/2169 2209/2209/2209 2210/2210/2210
f 2169/2169/2169 2210/2210/2210 2170/2170/2170
f 2170/2170/2170 2210/2210/2210 2211/2211/2211
f 2170/2170/2170 2211/2211/2211 2171/2171/2171
f 2171/2171/2171 2211/2211/2211 2212/2212/2212
f 2171/2171/2171 2212/2212/2212 2172/2172/2172
f 2172/2172/2172 2212/2212/2212 2213/2213/2213
f 2172/2172/2172 2213/2213/2213 2173/2173/2173
f 2173/2173/2173 2213/2213/2213 2214/2214/2214
f 2174/2174/2174 2215/2215/2215 2175/2175/2175
f 2175/2175/2175 2215/2215/2215 2216/2216/2216
f 2175/2175/2175 2216/2216/2216 2176/2176/2176
f 2176/2176/2176 2216/2216/2216 2217/2217/2217
f 2176/2176/2176 2217/2217/2217 2177/2177/2177
f 2177/2177/2177 2217/2217/2217 2218/2218/2218
f 2177/2177/2177 2218/2218/2218 2178/2178/2178
f 2178/2178/2178 2218/2218/2218 2219/2219/2219
f 2178/2178/2178 2219/2219/2219 2179/2179/2179
f 2179/2179/2179 2219/2219/2219 2220/2220/2220
f 2179/2179/2179 2220/2220/2220 2180/2180/2180
f 2180/2180/2180 2220/2220/2220 2221/2221/2221
f 2180/2180/2180 2221/2221/2221 2181/2181/2181
f 2181/2181/2181 2221/2221/2221 2222/2222/2222
f 2181/2181/2181 2222/2222/2222 2182/2182/2182
f 2182/2182/2182 2222/2222/2222 2223/2223/2223
f 2182/2182/2182 2223/2223/2223 2183/2183/2183
f 2183/2183/2183 2223/2223/2223 2224/2224/2224
f 2183/2183/2183 2224/2224/2224 2184/2184/2184
f 2184/2184/2184 2224/2224/2224 2225/2225/2225
f 2184/2184/2184 2225/2225/2225 2185/2185/2185
f 2185/2185/2185 2225/2225/2225 2226/2226/2226
f 2185/2185/2185 2226/2226/2226 2186/2186/2186
f 2186/2186/2186 2226/2226/2226 2227/2227/2227
f 2186/2186/2186 2227/2227/2227 2187/2187/2187
f 2187/2187/2187 2227/2227/2227 2228/2228/2228
f 2187/2187/2187 2228/2228/2228 2188/2188/2188
f 2188/2188/2188 2228/2228/2228 2229/2229/2229
f 2188/2188/2188 2229/2229/2229 2189/2189/2189
f 2189/2189/2189 2229/2229/2229 2230/2230/2230
f 2189/2189/2189 2230/2230/2230 2190/2190/2190
f 2190/2190/2190 2230/2230/2230 2231/2231/2231
f 2190/2190/2190 2231/2231/2231 2191/2191/2191
f 2191/2191/2191 2231/2231/2231 2232/2232/2232
f 2191/2191/2191 2232/2232/2232 2192/2192/2192
f 2192/2192/2192 2232/2232/2232 2233/2233/2233
f 2192/2192/2192 2233/2233/2233 2193/2193/2193
f 2193/2193/2193 2233/2233/2233 2234/2234/2234
f 2193/2193/2193 2234/2234/2234 2194/2194/2194
f 2194/2194/2194 2234/2234/2234 2235/2235/2235
f 2194/2194/2194 2235/2235/2235 2195/2195/2195
f 2195/2195/2195 2235/2235/2235 2236/2236/2236
f 2195/2195/2195 2236/2236/2236 2196/2196/2196
f 2196/2196/2196 2236/2236/2236 2237/2237/2237
f 2196/2196/2196 2237/2237/2237 2197/2197/2197
f 2197/2197/2197 2237/2237/2237 2238/2238/2238
f 2197/2197/2197 2238/2238/2238 2198/2198/2198
f 2198/2198/2198 2238/2238/2238 2239/2239/2239
f 2198/2198/2198 2239/2239/2239 2199/2199/2199
f 2199/2199/2199 2239/2239/2239 2240/2240/2240
f 2199/2199/2199 2240/2240/2240 2200/2200/2200
f 2200/2200/2200 2240/2240/2240 2241/2241/2241
f 2200/2200/2200 2241/2241/2241 2201/2201/2201
f 2201/2201/2201 2241/2241/2241 2242/2242/2242
f 2201/2201/2201 2242/2242/2242 2202/2202/2202
f 2202/2202/2202 2242/2242/2242 2243/2243/2243
f 2202/2202/2202 2243/2243/2243 2203/2203/2203
f 2203/2203/2203 2243/2243/2243 2244/2244/2244
f 2203/2203/2203 2244/2244/2244 2204/2204/2204
f 2204/2204/2204 2244/2244/2244 2245/2245/2245
f 2204/2204/2204 2245/2245/2245 2205/2205/2205
f 2205/2205/2205 2245/2245/2245 2246/2246/2246
f 2205/2205/2205 2246/2246/2246 2206/2206/2206
f 2206/2206/2206 2246/2246/2246 2247/2247/2247
f 2206/2206/2206 2247/2247/2247 2207/2207/2207
f 2207/2207/2207 2247/2247/2247 2248/2248/2248
f 2207/2207/2207 2248/2248/2248 2208/2208/2208
f 2208/2208/2208 2248/2248/2248 2249/2249/2249
f 2208/2208/2208 2249/2249/2249 2209/2209/2209
f 2209/2209/2209 2249/2249/2249 2250/2250/2250
f 2209/2209/2209 2250/2250/2250 2210/2210/2210
f 2210/2210/2210 2250/2250/2250 2251/2251/2251
f 2210/2210/2210 2251/2251/2251 2211/2211/2211
f 2211/2211/2211 2251/2251/2251 2252/2252/2252
f 2211/2211/2211 2252/2252/2252 2212/2212/2212
f 2212/2212/2212 2252/2252/2252 2253/2253/2253
f 2212/2212/2212 2253/2253/2253 2213/2213/2213
f 2213/2213/2213 2253/2253/2253 2254/2254/2254
f 2213/2213/2213 2254/2254/2254 2214/2214/2214
f 2214/2214/2214 2254/2254/2254 2255/2255/2255
f 2215/2215/2215 2256/2256/2256 2216/2216/2216
f 2216/2216/2216 2256/2256/2256 2257/2257/2257
f 2216/2216/2216 2257/2257/2257 2217/2217/2217
f 2217/2217/2217 2257/2257/2257 2258/2258/2258
f 2217/2217/2217 2258/2258/2258 2218/2218/2218
f 2218/2218/2218 2258/2258/2258 2259/2259/2259
f 2218/2218/2218 2259/2259/2259 2219/2219/2219
f 2219/2219/2219 2259/2259/2259 2260/2260/2260
f 2219/2219/2219 2260/2260/2260 2220/2220/2220
f 2220/2220/2220 2260/2260/2260 2261/2261/2261
f 2220/2220/2220 2261/2261/2261 2221/2221/2221
f 2221/2221/2221 2261/2261/2261 2262/2262/2262
f 2221/2221/2221 2262/2262/2262 2222/2222/2222
f 2222/2222/2222 2262/2262/2262 2263/2263/2263
f 2222/2222/2222 2263/2263/2263 2223/2223/2223
f 2223/2223/2223 2263/2263/2263 2264/2264/2264
f 2223/2223/2223 2264/2264/2264 2224/2224/2224
f 2224/2224/2224 2264/2264/2264 2265/2265/2265
f 2224/2224/2224 2265/2265/2265 2225/2225/2225
f 2225/2225/2225 2265/2265/2265 2266/2266/2266
f 2225/2225/2225 2266/2266/2266 2226/2226/2226
f 2226/2226/2226 2266/2266/2266 2267/2267/2267
f 2226/2226/2226 2267/2267/2267 2227/2227/2227
f 2227/2227/2227 2267/2267/2267 2268/2268/2268
f 2227/2227/2227 2268/2268/2268 2228/2228/2228
f 2228/2228/2228 2268/2268/2268 2269/2269/2269
f 2228/2228/2228 2269/2269/2269 2229/2229/2229
f 2229/2229/2229 2269/2269/2269 2270/2270/2270
f 2229/2229/2229 2270/2270/2270 2230/2230/2230
f 2230/2230/2230 2270/2270/2270 2271/2271/2271
f 2230/2230/2230 2271/2271/2271 2231/2231/2231
f 2231/2231/2231 2271/2271/2271 2272/2272/2272
f 2231/2231/2231 2272/2272/2272 2232/2232/2232
f 2232/2232/2232 2272/2272/2272 2273/2273/2273
f 2232/2232/2232 2273/2273/2273 2233/2233/2233
f 2233/2233/2233 2273/2273/2273 2274/2274/2274
f 2233/2233/2233 2274/2274/2274 2234/2234/2234
f 2234/2234/2234 2274/2274/2274 2275/2275/2275
f 2234/2234/2234 2275/2275/2275 2235/2235/2235
f 2235/2235/2235 2275/2275/2275 2276/2276/2276
f 2235/2235/2235 2276/2276/2276 2236/2236/2236
f 2236/2236/2236 2276/2276/2276 2277/2277/2277
f 2236/2236/2236 2277/2277/2277 2237/2237/2237
f 2237/2237/2237 2277/2277/2277 2278/2278/2278
f 2237/2237/2237 2278/2278/2278 2238/2238/2238
f 2238/2238/2238 2278/2278/2278 2279/2279/2279
f 2238/2238/2238 2279/2279/2279 2239/2239/2239
f 2239/2239/2239 2279/2279/2279 2280/2280/2280
f 2239/2239/2239 2280/2280/2280 2240/2240/2240
f 2240/2240/2240 2280/2280/2280 2281/2281/2281
f 2240/2240/2240 2281/2281/2281 2241/2241/2241
f 2241/2241/2241 2281/2281/2281 2282/2282/2282
f 2241/2241/2241 2282/2282/2282 2242/2242/2242
f 2242/2242/2242 2282/2282/2282 2283/2283/2283
f 2242/2242/2242 2283/2283/2283 2243/2243/2243
f 2243/2243/2243 2283/2283/2283 2284/2284/2284
f 2243/2243/2243 2284/2284/2284 2244/2244/2244
f 2244/2244/2244 2284/2284/2284 2285/2285/2285
f 2244/2244/2244 2285/2285/2285 2245/2245/2245
f 2245/2245/2245 2285/2285/2285 2286/2286/2286
f 2245/2245/2245 2286/2286/2286 2246/2246/2246
f 2246/2246/2246 2286/2286/2286 2287/2287/2287
f 2246/2246/2246 2287/2287/2287 2247/2247/2247
f 2247/2247/2247 2287/2287/2287 2288/2288/2288
f 2247/2247/2247 2288/2288/2288 2248/2248/2248
f 2248/2248/2248 2288/2288/2288 2289/2289/2289
f 2248/2248/2248 2289/2289/2289 2249/2249/2249
f 2249/2249/2249 2289/2289/2289 2290/2290/2290
f 2249/2249/2249 2290/2290/2290 2250/2250/2250
f 2250/2250/2250 2290/2290/2290 2291/2291/2291
f 2250/2250/2250 2291/2291/2291 2251/2251/2251
f 2251/2251/2251 2291/2291/2291 2292/2292/2292
f 2251/2251/2251 2292/2292/2292 2252/2252/2252
f 2252/2252/2252 2292/2292/2292 2293/2293/2293
f 2252/2252/2252 2293/2293/2293 2253/2253/2253
f 2253/2253/2253 2293/2293/2293 2294/2294/2294
f 2253/2253/2253 2294/2294/2294 2254/2254/2254
f 2254/2254/2254 2294/2294/2294 2295/2295/2295
f 2254/2254/2254 2295/2295/2295 2255/2255/2255
f 2255/2255/2255 2295/2295/2295 2296/2296/2296
