# THE OBSERVER - generated by tools/gen_observer.py
v -0.00100 -0.61200 0.00000
v -0.00099 -0.61200 0.00016
v -0.00095 -0.61200 0.00031
v -0.00089 -0.61200 0.00045
v -0.00081 -0.61200 0.00059
v -0.00071 -0.61200 0.00071
v -0.00059 -0.61200 0.00081
v -0.00045 -0.61200 0.00089
v -0.00031 -0.61200 0.00095
v -0.00016 -0.61200 0.00101
v -0.00000 -0.61200 0.00112
v 0.00016 -0.61200 0.00101
v 0.00031 -0.61200 0.00095
v 0.00045 -0.61200 0.00089
v 0.00059 -0.61200 0.00081
v 0.00071 -0.61200 0.00071
v 0.00081 -0.61200 0.00059
v 0.00089 -0.61200 0.00045
v 0.00095 -0.61200 0.00031
v 0.00099 -0.61200 0.00016
v 0.00100 -0.61200 0.00000
v 0.00099 -0.61200 -0.00016
v 0.00095 -0.61200 -0.00031
v 0.00089 -0.61200 -0.00045
v 0.00081 -0.61200 -0.00059
v 0.00071 -0.61200 -0.00071
v 0.00059 -0.61200 -0.00081
v 0.00045 -0.61200 -0.00089
v 0.00031 -0.61200 -0.00095
v 0.00016 -0.61200 -0.00099
v 0.00000 -0.61200 -0.00100
v -0.00016 -0.61200 -0.00099
v -0.00031 -0.61200 -0.00095
v -0.00045 -0.61200 -0.00089
v -0.00059 -0.61200 -0.00081
v -0.00071 -0.61200 -0.00071
v -0.00081 -0.61200 -0.00059
v -0.00089 -0.61200 -0.00045
v -0.00095 -0.61200 -0.00031
v -0.00099 -0.61200 -0.00016
v -0.00100 -0.61200 -0.00000
v -0.11481 -0.59738 0.00000
v -0.11339 -0.59738 0.01078
v -0.10919 -0.59738 0.02129
v -0.10229 -0.59738 0.03127
v -0.09288 -0.59738 0.04049
v -0.08118 -0.59738 0.04871
v -0.06748 -0.59738 0.05573
v -0.05212 -0.59738 0.06138
v -0.03548 -0.59738 0.06552
v -0.01835 -0.59738 0.06951
v -0.00000 -0.59738 0.07715
v 0.01835 -0.59738 0.06951
v 0.03548 -0.59738 0.06552
v 0.05212 -0.59738 0.06138
v 0.06748 -0.59738 0.05573
v 0.08118 -0.59738 0.04871
v 0.09288 -0.59738 0.04049
v 0.10229 -0.59738 0.03127
v 0.10919 -0.59738 0.02129
v 0.11339 -0.59738 0.01078
v 0.11481 -0.59738 0.00000
v 0.11339 -0.59738 -0.01078
v 0.10919 -0.59738 -0.02129
v 0.10229 -0.59738 -0.03127
v 0.09288 -0.59738 -0.04049
v 0.08118 -0.59738 -0.04871
v 0.06748 -0.59738 -0.05573
v 0.05212 -0.59738 -0.06138
v 0.03548 -0.59738 -0.06551
v 0.01796 -0.59738 -0.06803
v 0.00000 -0.59738 -0.06888
v -0.01796 -0.59738 -0.06803
v -0.03548 -0.59738 -0.06551
v -0.05212 -0.59738 -0.06138
v -0.06748 -0.59738 -0.05573
v -0.08118 -0.59738 -0.04871
v -0.09288 -0.59738 -0.04049
v -0.10229 -0.59738 -0.03127
v -0.10919 -0.59738 -0.02129
v -0.11339 -0.59738 -0.01078
v -0.11481 -0.59738 -0.00000
v -0.21213 -0.55576 0.00000
v -0.20952 -0.55576 0.01991
v -0.20175 -0.55576 0.03933
v -0.18901 -0.55576 0.05778
v -0.17162 -0.55576 0.07481
v -0.15000 -0.55576 0.09000
v -0.12469 -0.55576 0.10297
v -0.09631 -0.55576 0.11341
v -0.06556 -0.55576 0.12107
v -0.03390 -0.55576 0.12843
v -0.00000 -0.55576 0.14255
v 0.03390 -0.55576 0.12843
v 0.06556 -0.55576 0.12107
v 0.09631 -0.55576 0.11341
v 0.12469 -0.55576 0.10297
v 0.15000 -0.55576 0.09000
v 0.17162 -0.55576 0.07481
v 0.18901 -0.55576 0.05778
v 0.20175 -0.55576 0.03933
v 0.20952 -0.55576 0.01991
v 0.21213 -0.55576 0.00000
v 0.20952 -0.55576 -0.01991
v 0.20175 -0.55576 -0.03933
v 0.18901 -0.55576 -0.05778
v 0.17162 -0.55576 -0.07481
v 0.15000 -0.55576 -0.09000
v 0.12469 -0.55576 -0.10297
v 0.09631 -0.55576 -0.11341
v 0.06555 -0.55576 -0.12105
v 0.03318 -0.55576 -0.12571
v 0.00000 -0.55576 -0.12728
v -0.03318 -0.55576 -0.12571
v -0.06555 -0.55576 -0.12105
v -0.09631 -0.55576 -0.11341
v -0.12469 -0.55576 -0.10297
v -0.15000 -0.55576 -0.09000
v -0.17162 -0.55576 -0.07481
v -0.18901 -0.55576 -0.05778
v -0.20175 -0.55576 -0.03933
v -0.20952 -0.55576 -0.01991
v -0.21213 -0.55576 -0.00000
v -0.27716 -0.49348 0.00000
v -0.27375 -0.49348 0.02601
v -0.26360 -0.49348 0.05139
v -0.24695 -0.49348 0.07550
v -0.22423 -0.49348 0.09775
v -0.19598 -0.49348 0.11759
v -0.16291 -0.49348 0.13454
v -0.12583 -0.49348 0.14817
v -0.08566 -0.49348 0.15818
v -0.04430 -0.49348 0.16780
v -0.00000 -0.49348 0.18625
v 0.04430 -0.49348 0.16780
v 0.08566 -0.49348 0.15818
v 0.12583 -0.49348 0.14817
v 0.16291 -0.49348 0.13454
v 0.19598 -0.49348 0.11759
v 0.22423 -0.49348 0.09775
v 0.24695 -0.49348 0.07550
v 0.26360 -0.49348 0.05139
v 0.27375 -0.49348 0.02601
v 0.27716 -0.49348 0.00000
v 0.27375 -0.49348 -0.02601
v 0.26360 -0.49348 -0.05139
v 0.24695 -0.49348 -0.07550
v 0.22423 -0.49348 -0.09775
v 0.19598 -0.49348 -0.11759
v 0.16291 -0.49348 -0.13454
v 0.12583 -0.49348 -0.14817
v 0.08565 -0.49348 -0.15816
v 0.04336 -0.49348 -0.16425
v 0.00000 -0.49348 -0.16630
v -0.04336 -0.49348 -0.16425
v -0.08565 -0.49348 -0.15816
v -0.12583 -0.49348 -0.14817
v -0.16291 -0.49348 -0.13454
v -0.19598 -0.49348 -0.11759
v -0.22423 -0.49348 -0.09775
v -0.24695 -0.49348 -0.07550
v -0.26360 -0.49348 -0.05139
v -0.27375 -0.49348 -0.02601
v -0.27716 -0.49348 -0.00000
v -0.30000 -0.42000 0.00000
v -0.29631 -0.42000 0.02816
v -0.28532 -0.42000 0.05562
v -0.26730 -0.42000 0.08172
v -0.24271 -0.42000 0.10580
v -0.21213 -0.42000 0.12728
v -0.17634 -0.42000 0.14562
v -0.13620 -0.42000 0.16038
v -0.09272 -0.42000 0.17121
v -0.04795 -0.42000 0.18163
v -0.00000 -0.42000 0.20160
v 0.04795 -0.42000 0.18163
v 0.09272 -0.42000 0.17121
v 0.13620 -0.42000 0.16038
v 0.17634 -0.42000 0.14562
v 0.21213 -0.42000 0.12728
v 0.24271 -0.42000 0.10580
v 0.26730 -0.42000 0.08172
v 0.28532 -0.42000 0.05562
v 0.29631 -0.42000 0.02816
v 0.30000 -0.42000 0.00000
v 0.29631 -0.42000 -0.02816
v 0.28532 -0.42000 -0.05562
v 0.26730 -0.42000 -0.08172
v 0.24271 -0.42000 -0.10580
v 0.21213 -0.42000 -0.12728
v 0.17634 -0.42000 -0.14562
v 0.13620 -0.42000 -0.16038
v 0.09271 -0.42000 -0.17119
v 0.04693 -0.42000 -0.17778
v 0.00000 -0.42000 -0.18000
v -0.04693 -0.42000 -0.17778
v -0.09271 -0.42000 -0.17119
v -0.13620 -0.42000 -0.16038
v -0.17634 -0.42000 -0.14562
v -0.21213 -0.42000 -0.12728
v -0.24271 -0.42000 -0.10580
v -0.26730 -0.42000 -0.08172
v -0.28532 -0.42000 -0.05562
v -0.29631 -0.42000 -0.02816
v -0.30000 -0.42000 -0.00000
v -0.30953 -0.36706 0.00000
v -0.30572 -0.36706 0.02837
v -0.29438 -0.36706 0.05604
v -0.27580 -0.36706 0.08233
v -0.25042 -0.36706 0.10660
v -0.21887 -0.36706 0.12823
v -0.18194 -0.36706 0.14672
v -0.14052 -0.36706 0.16158
v -0.09566 -0.36706 0.17250
v -0.04947 -0.36706 0.18299
v -0.00000 -0.36706 0.20311
v 0.04947 -0.36706 0.18299
v 0.09566 -0.36706 0.17250
v 0.14052 -0.36706 0.16158
v 0.18194 -0.36706 0.14672
v 0.21887 -0.36706 0.12823
v 0.25042 -0.36706 0.10660
v 0.27580 -0.36706 0.08233
v 0.29438 -0.36706 0.05604
v 0.30572 -0.36706 0.02837
v 0.30953 -0.36706 0.00000
v 0.30572 -0.36706 -0.02837
v 0.29438 -0.36706 -0.05604
v 0.27580 -0.36706 -0.08233
v 0.25042 -0.36706 -0.10660
v 0.21887 -0.36706 -0.12823
v 0.18194 -0.36706 -0.14672
v 0.14052 -0.36706 -0.16158
v 0.09565 -0.36706 -0.17247
v 0.04842 -0.36706 -0.17912
v 0.00000 -0.36706 -0.18135
v -0.04842 -0.36706 -0.17912
v -0.09565 -0.36706 -0.17247
v -0.14052 -0.36706 -0.16158
v -0.18194 -0.36706 -0.14672
v -0.21887 -0.36706 -0.12823
v -0.25042 -0.36706 -0.10660
v -0.27580 -0.36706 -0.08233
v -0.29438 -0.36706 -0.05604
v -0.30572 -0.36706 -0.02837
v -0.30953 -0.36706 -0.00000
v -0.33553 -0.31412 0.00000
v -0.33140 -0.31412 0.02897
v -0.31911 -0.31412 0.05724
v -0.29896 -0.31412 0.08409
v -0.27145 -0.31412 0.10887
v -0.23726 -0.31412 0.13097
v -0.19722 -0.31412 0.14985
v -0.15233 -0.31412 0.16503
v -0.10370 -0.31412 0.17618
v -0.05362 -0.31412 0.18690
v -0.00000 -0.31412 0.20745
v 0.05362 -0.31412 0.18690
v 0.10370 -0.31412 0.17618
v 0.15233 -0.31412 0.16503
v 0.19722 -0.31412 0.14985
v 0.23726 -0.31412 0.13097
v 0.27145 -0.31412 0.10887
v 0.29896 -0.31412 0.08409
v 0.31911 -0.31412 0.05724
v 0.33140 -0.31412 0.02897
v 0.33553 -0.31412 0.00000
v 0.33140 -0.31412 -0.02897
v 0.31911 -0.31412 -0.05724
v 0.29896 -0.31412 -0.08409
v 0.27145 -0.31412 -0.10887
v 0.23726 -0.31412 -0.13097
v 0.19722 -0.31412 -0.14985
v 0.15233 -0.31412 -0.16503
v 0.10369 -0.31412 -0.17615
v 0.05249 -0.31412 -0.18294
v 0.00000 -0.31412 -0.18522
v -0.05249 -0.31412 -0.18294
v -0.10369 -0.31412 -0.17615
v -0.15233 -0.31412 -0.16503
v -0.19722 -0.31412 -0.14985
v -0.23726 -0.31412 -0.13097
v -0.27145 -0.31412 -0.10887
v -0.29896 -0.31412 -0.08409
v -0.31911 -0.31412 -0.05724
v -0.33140 -0.31412 -0.02897
v -0.33553 -0.31412 -0.00000
v -0.37092 -0.26118 0.00000
v -0.36636 -0.26118 0.02989
v -0.35277 -0.26118 0.05905
v -0.33050 -0.26118 0.08675
v -0.30008 -0.26118 0.11232
v -0.26228 -0.26118 0.13512
v -0.21802 -0.26118 0.15459
v -0.16840 -0.26118 0.17026
v -0.11464 -0.26118 0.18176
v -0.05928 -0.26118 0.19281
v -0.00000 -0.26118 0.21402
v 0.05928 -0.26118 0.19281
v 0.11464 -0.26118 0.18176
v 0.16840 -0.26118 0.17026
v 0.21802 -0.26118 0.15459
v 0.26228 -0.26118 0.13512
v 0.30008 -0.26118 0.11232
v 0.33050 -0.26118 0.08675
v 0.35277 -0.26118 0.05905
v 0.36636 -0.26118 0.02989
v 0.37092 -0.26118 0.00000
v 0.36636 -0.26118 -0.02989
v 0.35277 -0.26118 -0.05905
v 0.33051 -0.26118 -0.08675
v 0.30010 -0.26118 -0.11232
v 0.26229 -0.26118 -0.13512
v 0.21802 -0.26118 -0.15459
v 0.16839 -0.26118 -0.17026
v 0.11462 -0.26118 -0.18173
v 0.05802 -0.26118 -0.18873
v 0.00000 -0.26118 -0.19108
v -0.05802 -0.26118 -0.18873
v -0.11462 -0.26118 -0.18173
v -0.16839 -0.26118 -0.17026
v -0.21802 -0.26118 -0.15459
v -0.26229 -0.26118 -0.13512
v -0.30010 -0.26118 -0.11232
v -0.33051 -0.26118 -0.08675
v -0.35277 -0.26118 -0.05905
v -0.36636 -0.26118 -0.02989
v -0.37092 -0.26118 -0.00000
v -0.40606 -0.20824 0.00000
v -0.40106 -0.20824 0.03100
v -0.38619 -0.20824 0.06123
v -0.36180 -0.20824 0.08996
v -0.32851 -0.20824 0.11647
v -0.28713 -0.20824 0.14012
v -0.23868 -0.20824 0.16031
v -0.18435 -0.20824 0.17656
v -0.12550 -0.20824 0.18848
v -0.06490 -0.20824 0.19995
v -0.00000 -0.20824 0.22193
v 0.06490 -0.20824 0.19995
v 0.12550 -0.20824 0.18848
v 0.18435 -0.20824 0.17656
v 0.23868 -0.20824 0.16031
v 0.28713 -0.20824 0.14012
v 0.32851 -0.20824 0.11647
v 0.36180 -0.20824 0.08996
v 0.38619 -0.20824 0.06123
v 0.40106 -0.20824 0.03100
v 0.40606 -0.20824 0.00000
v 0.40106 -0.20824 -0.03100
v 0.38621 -0.20824 -0.06124
v 0.36190 -0.20824 -0.08998
v 0.32865 -0.20824 -0.11652
v 0.28720 -0.20824 -0.14015
v 0.23868 -0.20824 -0.16032
v 0.18434 -0.20824 -0.17655
v 0.12547 -0.20824 -0.18844
v 0.06351 -0.20824 -0.19569
v 0.00000 -0.20824 -0.19813
v -0.06351 -0.20824 -0.19569
v -0.12547 -0.20824 -0.18844
v -0.18434 -0.20824 -0.17655
v -0.23868 -0.20824 -0.16032
v -0.28720 -0.20824 -0.14015
v -0.32865 -0.20824 -0.11652
v -0.36190 -0.20824 -0.08998
v -0.38621 -0.20824 -0.06124
v -0.40106 -0.20824 -0.03100
v -0.40606 -0.20824 -0.00000
v -0.43138 -0.15529 0.00000
v -0.42607 -0.15529 0.03214
v -0.41026 -0.15529 0.06349
v -0.38436 -0.15529 0.09328
v -0.34899 -0.15529 0.12077
v -0.30503 -0.15529 0.14529
v -0.25356 -0.15529 0.16623
v -0.19584 -0.15529 0.18308
v -0.13332 -0.15529 0.19544
v -0.06894 -0.15529 0.20733
v -0.00000 -0.15529 0.23013
v 0.06894 -0.15529 0.20733
v 0.13332 -0.15529 0.19544
v 0.19584 -0.15529 0.18308
v 0.25356 -0.15529 0.16623
v 0.30503 -0.15529 0.14529
v 0.34899 -0.15529 0.12077
v 0.38436 -0.15529 0.09328
v 0.41026 -0.15529 0.06349
v 0.42607 -0.15529 0.03214
v 0.43138 -0.15529 0.00000
v 0.42608 -0.15529 -0.03214
v 0.41041 -0.15529 -0.06352
v 0.38496 -0.15529 -0.09343
v 0.34986 -0.15529 -0.12108
v 0.30546 -0.15529 -0.14550
v 0.25361 -0.15529 -0.16627
v 0.19581 -0.15529 -0.18305
v 0.13326 -0.15529 -0.19535
v 0.06745 -0.15529 -0.20284
v 0.00000 -0.15529 -0.20536
v -0.06745 -0.15529 -0.20284
v -0.13326 -0.15529 -0.19535
v -0.19581 -0.15529 -0.18305
v -0.25361 -0.15529 -0.16627
v -0.30546 -0.15529 -0.14550
v -0.34986 -0.15529 -0.12108
v -0.38496 -0.15529 -0.09343
v -0.41041 -0.15529 -0.06352
v -0.42608 -0.15529 -0.03214
v -0.43138 -0.15529 -0.00000
v -0.44000 -0.10235 0.00000
v -0.43458 -0.10235 0.03317
v -0.41846 -0.10235 0.06553
v -0.39204 -0.10235 0.09627
v -0.35596 -0.10235 0.12464
v -0.31112 -0.10235 0.14994
v -0.25862 -0.10235 0.17155
v -0.19975 -0.10235 0.18894
v -0.13598 -0.10235 0.20170
v -0.07032 -0.10235 0.21397
v -0.00000 -0.10235 0.23750
v 0.07032 -0.10235 0.21397
v 0.13598 -0.10235 0.20170
v 0.19975 -0.10235 0.18894
v 0.25862 -0.10235 0.17155
v 0.31112 -0.10235 0.14994
v 0.35596 -0.10235 0.12464
v 0.39204 -0.10235 0.09627
v 0.41846 -0.10235 0.06553
v 0.43458 -0.10235 0.03317
v 0.44000 -0.10235 0.00000
v 0.43463 -0.10235 -0.03318
v 0.41910 -0.10235 -0.06563
v 0.39466 -0.10235 -0.09691
v 0.35973 -0.10235 -0.12596
v 0.31298 -0.10235 -0.15084
v 0.25887 -0.10235 -0.17172
v 0.19964 -0.10235 -0.18884
v 0.13580 -0.10235 -0.20143
v 0.06871 -0.10235 -0.20908
v 0.00000 -0.10235 -0.21164
v -0.06871 -0.10235 -0.20908
v -0.13580 -0.10235 -0.20143
v -0.19964 -0.10235 -0.18884
v -0.25887 -0.10235 -0.17172
v -0.31298 -0.10235 -0.15084
v -0.35973 -0.10235 -0.12596
v -0.39466 -0.10235 -0.09691
v -0.41910 -0.10235 -0.06563
v -0.43463 -0.10235 -0.03318
v -0.44000 -0.10235 -0.00000
v -0.43799 -0.04941 0.00000
v -0.43259 -0.04941 0.03395
v -0.41654 -0.04941 0.06706
v -0.39024 -0.04941 0.09852
v -0.35433 -0.04941 0.12755
v -0.30970 -0.04941 0.15345
v -0.25744 -0.04941 0.17556
v -0.19884 -0.04941 0.19335
v -0.13536 -0.04941 0.20641
v -0.07000 -0.04941 0.21897
v -0.00000 -0.04941 0.24304
v 0.07000 -0.04941 0.21897
v 0.13536 -0.04941 0.20641
v 0.19884 -0.04941 0.19335
v 0.25744 -0.04941 0.17556
v 0.30970 -0.04941 0.15345
v 0.35433 -0.04941 0.12755
v 0.39024 -0.04941 0.09852
v 0.41654 -0.04941 0.06706
v 0.43259 -0.04941 0.03395
v 0.43799 -0.04941 0.00000
v 0.43276 -0.04941 -0.03396
v 0.41852 -0.04941 -0.06738
v 0.39838 -0.04941 -0.10057
v 0.36603 -0.04941 -0.13176
v 0.31548 -0.04941 -0.15631
v 0.25823 -0.04941 -0.17610
v 0.19852 -0.04941 -0.19304
v 0.13487 -0.04941 -0.20566
v 0.06817 -0.04941 -0.21325
v 0.00000 -0.04941 -0.21576
v -0.06817 -0.04941 -0.21325
v -0.13487 -0.04941 -0.20566
v -0.19852 -0.04941 -0.19304
v -0.25823 -0.04941 -0.17610
v -0.31548 -0.04941 -0.15631
v -0.36603 -0.04941 -0.13176
v -0.39838 -0.04941 -0.10057
v -0.41852 -0.04941 -0.06738
v -0.43276 -0.04941 -0.03396
v -0.43799 -0.04941 -0.00000
v -0.43304 0.00353 0.00000
v -0.42770 0.00353 0.03436
v -0.41184 0.00353 0.06788
v -0.38583 0.00353 0.09972
v -0.35033 0.00353 0.12911
v -0.30620 0.00353 0.15532
v -0.25453 0.00353 0.17771
v -0.19659 0.00353 0.19572
v -0.13383 0.00353 0.20894
v -0.06921 0.00353 0.22165
v -0.00000 0.00353 0.24602
v 0.06921 0.00353 0.22165
v 0.13383 0.00353 0.20894
v 0.19659 0.00353 0.19572
v 0.25453 0.00353 0.17771
v 0.30620 0.00353 0.15532
v 0.35033 0.00353 0.12911
v 0.38583 0.00353 0.09972
v 0.41184 0.00353 0.06788
v 0.42770 0.00353 0.03436
v 0.43304 0.00353 0.00000
v 0.42808 0.00353 -0.03439
v 0.41632 0.00353 -0.06862
v 0.40429 0.00353 -0.10449
v 0.37686 0.00353 -0.13889
v 0.31929 0.00353 -0.16196
v 0.25630 0.00353 -0.17894
v 0.19579 0.00353 -0.19492
v 0.13265 0.00353 -0.20709
v 0.06689 0.00353 -0.21423
v 0.00000 0.00353 -0.21654
v -0.06689 0.00353 -0.21423
v -0.13265 0.00353 -0.20709
v -0.19579 0.00353 -0.19492
v -0.25630 0.00353 -0.17894
v -0.31929 0.00353 -0.16196
v -0.37686 0.00353 -0.13889
v -0.40429 0.00353 -0.10449
v -0.41632 0.00353 -0.06862
v -0.42808 0.00353 -0.03439
v -0.43304 0.00353 -0.00000
v -0.42699 0.05647 0.00000
v -0.42171 0.05647 0.03436
v -0.40607 0.05647 0.06788
v -0.38043 0.05647 0.09972
v -0.34542 0.05647 0.12911
v -0.30191 0.05647 0.15532
v -0.25097 0.05647 0.17771
v -0.19384 0.05647 0.19572
v -0.13196 0.05647 0.20894
v -0.06824 0.05647 0.22165
v -0.00000 0.05647 0.24602
v 0.06824 0.05647 0.22165
v 0.13196 0.05647 0.20894
v 0.19384 0.05647 0.19572
v 0.25097 0.05647 0.17771
v 0.30191 0.05647 0.15532
v 0.34542 0.05647 0.12911
v 0.38043 0.05647 0.09972
v 0.40607 0.05647 0.06788
v 0.42171 0.05647 0.03436
v 0.42699 0.05647 0.00000
v 0.42235 0.05647 -0.03441
v 0.41353 0.05647 -0.06912
v 0.41113 0.05647 -0.10777
v 0.38953 0.05647 -0.14560
v 0.32360 0.05647 -0.16648
v 0.25370 0.05647 -0.17964
v 0.19214 0.05647 -0.19400
v 0.12954 0.05647 -0.20511
v 0.06504 0.05647 -0.21126
v 0.00000 0.05647 -0.21315
v -0.06504 0.05647 -0.21126
v -0.12954 0.05647 -0.20511
v -0.19214 0.05647 -0.19400
v -0.25370 0.05647 -0.17964
v -0.32360 0.05647 -0.16648
v -0.38953 0.05647 -0.14560
v -0.41113 0.05647 -0.10777
v -0.41353 0.05647 -0.06912
v -0.42235 0.05647 -0.03441
v -0.42699 0.05647 -0.00000
v -0.42204 0.10941 0.00000
v -0.41682 0.10941 0.03395
v -0.40136 0.10941 0.06706
v -0.37602 0.10941 0.09852
v -0.34142 0.10941 0.12755
v -0.29841 0.10941 0.15345
v -0.24806 0.10941 0.17556
v -0.19159 0.10941 0.19335
v -0.13043 0.10941 0.20641
v -0.06745 0.10941 0.21897
v -0.00000 0.10941 0.24304
v 0.06745 0.10941 0.21897
v 0.13043 0.10941 0.20641
v 0.19159 0.10941 0.19335
v 0.24806 0.10941 0.17556
v 0.29841 0.10941 0.15345
v 0.34142 0.10941 0.12755
v 0.37602 0.10941 0.09852
v 0.40136 0.10941 0.06706
v 0.41682 0.10941 0.03395
v 0.42204 0.10941 0.00000
v 0.41760 0.10941 -0.03401
v 0.41050 0.10941 -0.06858
v 0.41364 0.10941 -0.10837
v 0.39543 0.10941 -0.14773
v 0.32479 0.10941 -0.16701
v 0.25087 0.10941 -0.17755
v 0.18853 0.10941 -0.19026
v 0.12625 0.10941 -0.19980
v 0.06298 0.10941 -0.20447
v 0.00000 0.10941 -0.20572
v -0.06298 0.10941 -0.20447
v -0.12625 0.10941 -0.19980
v -0.18853 0.10941 -0.19026
v -0.25087 0.10941 -0.17755
v -0.32479 0.10941 -0.16701
v -0.39543 0.10941 -0.14773
v -0.41364 0.10941 -0.10837
v -0.41050 0.10941 -0.06858
v -0.41760 0.10941 -0.03401
v -0.42204 0.10941 -0.00000
v -0.42003 0.16235 0.00000
v -0.41483 0.16235 0.03317
v -0.39945 0.16235 0.06553
v -0.37423 0.16235 0.09627
v -0.33979 0.16235 0.12464
v -0.29699 0.16235 0.14994
v -0.24687 0.16235 0.17155
v -0.19068 0.16235 0.18894
v -0.12981 0.16235 0.20170
v -0.06712 0.16235 0.21397
v -0.00000 0.16235 0.23750
v 0.06712 0.16235 0.21397
v 0.12981 0.16235 0.20170
v 0.19068 0.16235 0.18894
v 0.24687 0.16235 0.17155
v 0.29699 0.16235 0.14994
v 0.33979 0.16235 0.12464
v 0.37423 0.16235 0.09627
v 0.39945 0.16235 0.06553
v 0.41483 0.16235 0.03317
v 0.42003 0.16235 0.00000
v 0.41554 0.16235 -0.03323
v 0.40774 0.16235 -0.06689
v 0.40834 0.16235 -0.10504
v 0.38868 0.16235 -0.14257
v 0.32051 0.16235 -0.16182
v 0.24840 0.16235 -0.17261
v 0.18603 0.16235 -0.18434
v 0.12368 0.16235 -0.19218
v 0.06124 0.16235 -0.19522
v 0.00000 0.16235 -0.19578
v -0.06124 0.16235 -0.19522
v -0.12368 0.16235 -0.19218
v -0.18603 0.16235 -0.18434
v -0.24840 0.16235 -0.17261
v -0.32051 0.16235 -0.16182
v -0.38868 0.16235 -0.14257
v -0.40834 0.16235 -0.10504
v -0.40774 0.16235 -0.06689
v -0.41554 0.16235 -0.03323
v -0.42003 0.16235 -0.00000
v -0.41262 0.21529 0.00000
v -0.40753 0.21529 0.03214
v -0.39241 0.21529 0.06349
v -0.36764 0.21529 0.09328
v -0.33381 0.21529 0.12077
v -0.29176 0.21529 0.14529
v -0.24253 0.21529 0.16623
v -0.18732 0.21529 0.18308
v -0.12752 0.21529 0.19544
v -0.06594 0.21529 0.20733
v -0.00000 0.21529 0.23013
v 0.06594 0.21529 0.20733
v 0.12752 0.21529 0.19544
v 0.18732 0.21529 0.18308
v 0.24253 0.21529 0.16623
v 0.29176 0.21529 0.14529
v 0.33381 0.21529 0.12077
v 0.36764 0.21529 0.09328
v 0.39241 0.21529 0.06349
v 0.40753 0.21529 0.03214
v 0.41262 0.21529 0.00000
v 0.40799 0.21529 -0.03218
v 0.39787 0.21529 -0.06438
v 0.39006 0.21529 -0.09897
v 0.36582 0.21529 -0.13236
v 0.30664 0.21529 -0.15270
v 0.24202 0.21529 -0.16588
v 0.18152 0.21529 -0.17741
v 0.12005 0.21529 -0.18399
v 0.05910 0.21529 -0.18583
v 0.00000 0.21529 -0.18590
v -0.05910 0.21529 -0.18583
v -0.12005 0.21529 -0.18399
v -0.18152 0.21529 -0.17741
v -0.24202 0.21529 -0.16588
v -0.30664 0.21529 -0.15270
v -0.36582 0.21529 -0.13236
v -0.39006 0.21529 -0.09897
v -0.39787 0.21529 -0.06438
v -0.40799 0.21529 -0.03218
v -0.41262 0.21529 -0.00000
v -0.39092 0.26824 0.00000
v -0.38610 0.26824 0.03100
v -0.37178 0.26824 0.06123
v -0.34830 0.26824 0.08996
v -0.31625 0.26824 0.11647
v -0.27641 0.26824 0.14012
v -0.22977 0.26824 0.16031
v -0.17747 0.26824 0.17656
v -0.12081 0.26824 0.18848
v -0.06247 0.26824 0.19995
v -0.00000 0.26824 0.22193
v 0.06247 0.26824 0.19995
v 0.12081 0.26824 0.18848
v 0.17747 0.26824 0.17656
v 0.22977 0.26824 0.16031
v 0.27641 0.26824 0.14012
v 0.31625 0.26824 0.11647
v 0.34830 0.26824 0.08996
v 0.37178 0.26824 0.06123
v 0.38610 0.26824 0.03100
v 0.39092 0.26824 0.00000
v 0.38631 0.26824 -0.03102
v 0.37432 0.26824 -0.06165
v 0.35873 0.26824 -0.09265
v 0.33100 0.26824 -0.12190
v 0.28268 0.26824 -0.14329
v 0.22782 0.26824 -0.15895
v 0.17165 0.26824 -0.17077
v 0.11342 0.26824 -0.17695
v 0.05577 0.26824 -0.17848
v 0.00000 0.26824 -0.17845
v -0.05577 0.26824 -0.17848
v -0.11342 0.26824 -0.17695
v -0.17165 0.26824 -0.17077
v -0.22782 0.26824 -0.15895
v -0.28268 0.26824 -0.14329
v -0.33100 0.26824 -0.12190
v -0.35873 0.26824 -0.09265
v -0.37432 0.26824 -0.06165
v -0.38631 0.26824 -0.03102
v -0.39092 0.26824 -0.00000
v -0.36079 0.32118 0.00000
v -0.35635 0.32118 0.02989
v -0.34313 0.32118 0.05905
v -0.32147 0.32118 0.08675
v -0.29189 0.32118 0.11232
v -0.25512 0.32118 0.13512
v -0.21207 0.32118 0.15459
v -0.16380 0.32118 0.17026
v -0.11150 0.32118 0.18176
v -0.05766 0.32118 0.19281
v -0.00000 0.32118 0.21402
v 0.05766 0.32118 0.19281
v 0.11150 0.32118 0.18176
v 0.16380 0.32118 0.17026
v 0.21207 0.32118 0.15459
v 0.25512 0.32118 0.13512
v 0.29189 0.32118 0.11232
v 0.32147 0.32118 0.08675
v 0.34313 0.32118 0.05905
v 0.35635 0.32118 0.02989
v 0.36079 0.32118 0.00000
v 0.35642 0.32118 -0.02990
v 0.34398 0.32118 -0.05919
v 0.32491 0.32118 -0.08768
v 0.29663 0.32118 -0.11414
v 0.25659 0.32118 -0.13590
v 0.20987 0.32118 -0.15299
v 0.15904 0.32118 -0.16532
v 0.10551 0.32118 -0.17198
v 0.05208 0.32118 -0.17414
v 0.00000 0.32118 -0.17439
v -0.05208 0.32118 -0.17414
v -0.10551 0.32118 -0.17198
v -0.15904 0.32118 -0.16532
v -0.20987 0.32118 -0.15299
v -0.25659 0.32118 -0.13590
v -0.29663 0.32118 -0.11414
v -0.32491 0.32118 -0.08768
v -0.34398 0.32118 -0.05919
v -0.35642 0.32118 -0.02990
v -0.36079 0.32118 -0.00000
v -0.33046 0.37412 0.00000
v -0.32639 0.37412 0.02897
v -0.31428 0.37412 0.05724
v -0.29444 0.37412 0.08409
v -0.26735 0.37412 0.10887
v -0.23367 0.37412 0.13097
v -0.19424 0.37412 0.14985
v -0.15002 0.37412 0.16503
v -0.10213 0.37412 0.17618
v -0.05281 0.37412 0.18690
v -0.00000 0.37412 0.20745
v 0.05281 0.37412 0.18690
v 0.10213 0.37412 0.17618
v 0.15002 0.37412 0.16503
v 0.19424 0.37412 0.14985
v 0.23367 0.37412 0.13097
v 0.26735 0.37412 0.10887
v 0.29444 0.37412 0.08409
v 0.31428 0.37412 0.05724
v 0.32639 0.37412 0.02897
v 0.33046 0.37412 0.00000
v 0.32641 0.37412 -0.02898
v 0.31448 0.37412 -0.05727
v 0.29525 0.37412 -0.08432
v 0.26837 0.37412 -0.10929
v 0.23357 0.37412 -0.13091
v 0.19256 0.37412 -0.14855
v 0.14680 0.37412 -0.16148
v 0.09807 0.37412 -0.16917
v 0.04874 0.37412 -0.17249
v 0.00000 0.37412 -0.17327
v -0.04874 0.37412 -0.17249
v -0.09807 0.37412 -0.16917
v -0.14680 0.37412 -0.16148
v -0.19256 0.37412 -0.14855
v -0.23357 0.37412 -0.13091
v -0.26837 0.37412 -0.10929
v -0.29525 0.37412 -0.08432
v -0.31448 0.37412 -0.05727
v -0.32641 0.37412 -0.02898
v -0.33046 0.37412 -0.00000
v -0.30817 0.42706 0.00000
v -0.30438 0.42706 0.02837
v -0.29309 0.42706 0.05604
v -0.27458 0.42706 0.08233
v -0.24932 0.42706 0.10660
v -0.21791 0.42706 0.12823
v -0.18114 0.42706 0.14672
v -0.13991 0.42706 0.16158
v -0.09524 0.42706 0.17250
v -0.04925 0.42706 0.18299
v -0.00000 0.42706 0.20311
v 0.04925 0.42706 0.18299
v 0.09524 0.42706 0.17250
v 0.13991 0.42706 0.16158
v 0.18114 0.42706 0.14672
v 0.21791 0.42706 0.12823
v 0.24932 0.42706 0.10660
v 0.27458 0.42706 0.08233
v 0.29309 0.42706 0.05604
v 0.30438 0.42706 0.02837
v 0.30817 0.42706 0.00000
v 0.30438 0.42706 -0.02837
v 0.29312 0.42706 -0.05605
v 0.27471 0.42706 -0.08237
v 0.24942 0.42706 -0.10664
v 0.21761 0.42706 -0.12806
v 0.18012 0.42706 -0.14589
v 0.13803 0.42706 -0.15942
v 0.09288 0.42706 -0.16823
v 0.04650 0.42706 -0.17276
v 0.00000 0.42706 -0.17408
v -0.04650 0.42706 -0.17276
v -0.09288 0.42706 -0.16823
v -0.13803 0.42706 -0.15942
v -0.18012 0.42706 -0.14589
v -0.21761 0.42706 -0.12806
v -0.24942 0.42706 -0.10664
v -0.27471 0.42706 -0.08237
v -0.29312 0.42706 -0.05605
v -0.30438 0.42706 -0.02837
v -0.30817 0.42706 -0.00000
v -0.30000 0.48000 0.00000
v -0.29631 0.48000 0.02816
v -0.28532 0.48000 0.05562
v -0.26730 0.48000 0.08172
v -0.24271 0.48000 0.10580
v -0.21213 0.48000 0.12728
v -0.17634 0.48000 0.14562
v -0.13620 0.48000 0.16038
v -0.09272 0.48000 0.17121
v -0.04795 0.48000 0.18163
v -0.00000 0.48000 0.20160
v 0.04795 0.48000 0.18163
v 0.09272 0.48000 0.17121
v 0.13620 0.48000 0.16038
v 0.17634 0.48000 0.14562
v 0.21213 0.48000 0.12728
v 0.24271 0.48000 0.10580
v 0.26730 0.48000 0.08172
v 0.28532 0.48000 0.05562
v 0.29631 0.48000 0.02816
v 0.30000 0.48000 0.00000
v 0.29631 0.48000 -0.02816
v 0.28532 0.48000 -0.05562
v 0.26731 0.48000 -0.08172
v 0.24267 0.48000 -0.10579
v 0.21194 0.48000 -0.12716
v 0.17581 0.48000 -0.14519
v 0.13524 0.48000 -0.15926
v 0.09151 0.48000 -0.16899
v 0.04606 0.48000 -0.17448
v 0.00000 0.48000 -0.17623
v -0.04606 0.48000 -0.17448
v -0.09151 0.48000 -0.16899
v -0.13524 0.48000 -0.15926
v -0.17581 0.48000 -0.14519
v -0.21194 0.48000 -0.12716
v -0.24267 0.48000 -0.10579
v -0.26731 0.48000 -0.08172
v -0.28532 0.48000 -0.05562
v -0.29631 0.48000 -0.02816
v -0.30000 0.48000 -0.00000
v -0.27716 0.55348 0.00000
v -0.27375 0.55348 0.02601
v -0.26360 0.55348 0.05139
v -0.24695 0.55348 0.07550
v -0.22423 0.55348 0.09775
v -0.19598 0.55348 0.11759
v -0.16291 0.55348 0.13454
v -0.12583 0.55348 0.14817
v -0.08566 0.55348 0.15818
v -0.04430 0.55348 0.16780
v -0.00000 0.55348 0.18625
v 0.04430 0.55348 0.16780
v 0.08566 0.55348 0.15818
v 0.12583 0.55348 0.14817
v 0.16291 0.55348 0.13454
v 0.19598 0.55348 0.11759
v 0.22423 0.55348 0.09775
v 0.24695 0.55348 0.07550
v 0.26360 0.55348 0.05139
v 0.27375 0.55348 0.02601
v 0.27716 0.55348 0.00000
v 0.27375 0.55348 -0.02601
v 0.26360 0.55348 -0.05139
v 0.24696 0.55348 -0.07550
v 0.22420 0.55348 -0.09773
v 0.19580 0.55348 -0.11748
v 0.16243 0.55348 -0.13414
v 0.12495 0.55348 -0.14714
v 0.08455 0.55348 -0.15612
v 0.04255 0.55348 -0.16120
v 0.00000 0.55348 -0.16281
v -0.04255 0.55348 -0.16120
v -0.08455 0.55348 -0.15612
v -0.12495 0.55348 -0.14714
v -0.16243 0.55348 -0.13414
v -0.19580 0.55348 -0.11748
v -0.22420 0.55348 -0.09773
v -0.24696 0.55348 -0.07550
v -0.26360 0.55348 -0.05139
v -0.27375 0.55348 -0.02601
v -0.27716 0.55348 -0.00000
v -0.21213 0.61576 0.00000
v -0.20952 0.61576 0.01991
v -0.20175 0.61576 0.03933
v -0.18901 0.61576 0.05778
v -0.17162 0.61576 0.07481
v -0.15000 0.61576 0.09000
v -0.12469 0.61576 0.10297
v -0.09631 0.61576 0.11341
v -0.06556 0.61576 0.12107
v -0.03390 0.61576 0.12843
v -0.00000 0.61576 0.14255
v 0.03390 0.61576 0.12843
v 0.06556 0.61576 0.12107
v 0.09631 0.61576 0.11341
v 0.12469 0.61576 0.10297
v 0.15000 0.61576 0.09000
v 0.17162 0.61576 0.07481
v 0.18901 0.61576 0.05778
v 0.20175 0.61576 0.03933
v 0.20952 0.61576 0.01991
v 0.21213 0.61576 0.00000
v 0.20952 0.61576 -0.01991
v 0.20175 0.61576 -0.03933
v 0.18902 0.61576 -0.05779
v 0.17160 0.61576 -0.07480
v 0.14986 0.61576 -0.08992
v 0.12432 0.61576 -0.10267
v 0.09563 0.61576 -0.11261
v 0.06471 0.61576 -0.11949
v 0.03257 0.61576 -0.12338
v 0.00000 0.61576 -0.12461
v -0.03257 0.61576 -0.12338
v -0.06471 0.61576 -0.11949
v -0.09563 0.61576 -0.11261
v -0.12432 0.61576 -0.10267
v -0.14986 0.61576 -0.08992
v -0.17160 0.61576 -0.07480
v -0.18902 0.61576 -0.05779
v -0.20175 0.61576 -0.03933
v -0.20952 0.61576 -0.01991
v -0.21213 0.61576 -0.00000
v -0.11481 0.65738 0.00000
v -0.11339 0.65738 0.01078
v -0.10919 0.65738 0.02129
v -0.10229 0.65738 0.03127
v -0.09288 0.65738 0.04049
v -0.08118 0.65738 0.04871
v -0.06748 0.65738 0.05573
v -0.05212 0.65738 0.06138
v -0.03548 0.65738 0.06552
v -0.01835 0.65738 0.06951
v -0.00000 0.65738 0.07715
v 0.01835 0.65738 0.06951
v 0.03548 0.65738 0.06552
v 0.05212 0.65738 0.06138
v 0.06748 0.65738 0.05573
v 0.08118 0.65738 0.04871
v 0.09288 0.65738 0.04049
v 0.10229 0.65738 0.03127
v 0.10919 0.65738 0.02129
v 0.11339 0.65738 0.01078
v 0.11481 0.65738 0.00000
v 0.11339 0.65738 -0.01078
v 0.10919 0.65738 -0.02129
v 0.10229 0.65738 -0.03127
v 0.09287 0.65738 -0.04048
v 0.08110 0.65738 -0.04866
v 0.06728 0.65738 -0.05556
v 0.05176 0.65738 -0.06095
v 0.03502 0.65738 -0.06467
v 0.01763 0.65738 -0.06677
v 0.00000 0.65738 -0.06744
v -0.01763 0.65738 -0.06677
v -0.03502 0.65738 -0.06467
v -0.05176 0.65738 -0.06095
v -0.06728 0.65738 -0.05556
v -0.08110 0.65738 -0.04866
v -0.09287 0.65738 -0.04048
v -0.10229 0.65738 -0.03127
v -0.10919 0.65738 -0.02129
v -0.11339 0.65738 -0.01078
v -0.11481 0.65738 -0.00000
v -0.00100 0.67200 0.00000
v -0.00099 0.67200 0.00016
v -0.00095 0.67200 0.00031
v -0.00089 0.67200 0.00045
v -0.00081 0.67200 0.00059
v -0.00071 0.67200 0.00071
v -0.00059 0.67200 0.00081
v -0.00045 0.67200 0.00089
v -0.00031 0.67200 0.00095
v -0.00016 0.67200 0.00101
v -0.00000 0.67200 0.00112
v 0.00016 0.67200 0.00101
v 0.00031 0.67200 0.00095
v 0.00045 0.67200 0.00089
v 0.00059 0.67200 0.00081
v 0.00071 0.67200 0.00071
v 0.00081 0.67200 0.00059
v 0.00089 0.67200 0.00045
v 0.00095 0.67200 0.00031
v 0.00099 0.67200 0.00016
v 0.00100 0.67200 0.00000
v 0.00099 0.67200 -0.00016
v 0.00095 0.67200 -0.00031
v 0.00089 0.67200 -0.00045
v 0.00081 0.67200 -0.00059
v 0.00071 0.67200 -0.00071
v 0.00059 0.67200 -0.00081
v 0.00045 0.67200 -0.00088
v 0.00031 0.67200 -0.00094
v 0.00015 0.67200 -0.00097
v 0.00000 0.67200 -0.00098
v -0.00015 0.67200 -0.00097
v -0.00031 0.67200 -0.00094
v -0.00045 0.67200 -0.00088
v -0.00059 0.67200 -0.00081
v -0.00071 0.67200 -0.00071
v -0.00081 0.67200 -0.00059
v -0.00089 0.67200 -0.00045
v -0.00095 0.67200 -0.00031
v -0.00099 0.67200 -0.00016
v -0.00100 0.67200 -0.00000
vt 0.00000 -0.09600
vt 0.02500 -0.09600
vt 0.05000 -0.09600
vt 0.07500 -0.09600
vt 0.10000 -0.09600
vt 0.12500 -0.09600
vt 0.15000 -0.09600
vt 0.17500 -0.09600
vt 0.20000 -0.09600
vt 0.22500 -0.09600
vt 0.25000 -0.09600
vt 0.27500 -0.09600
vt 0.30000 -0.09600
vt 0.32500 -0.09600
vt 0.35000 -0.09600
vt 0.37500 -0.09600
vt 0.40000 -0.09600
vt 0.42500 -0.09600
vt 0.45000 -0.09600
vt 0.47500 -0.09600
vt 0.50000 -0.09600
vt 0.52500 -0.09600
vt 0.55000 -0.09600
vt 0.57500 -0.09600
vt 0.60000 -0.09600
vt 0.62500 -0.09600
vt 0.65000 -0.09600
vt 0.67500 -0.09600
vt 0.70000 -0.09600
vt 0.72500 -0.09600
vt 0.75000 -0.09600
vt 0.77500 -0.09600
vt 0.80000 -0.09600
vt 0.82500 -0.09600
vt 0.85000 -0.09600
vt 0.87500 -0.09600
vt 0.90000 -0.09600
vt 0.92500 -0.09600
vt 0.95000 -0.09600
vt 0.97500 -0.09600
vt 1.00000 -0.09600
vt 0.00000 -0.08869
vt 0.02500 -0.08869
vt 0.05000 -0.08869
vt 0.07500 -0.08869
vt 0.10000 -0.08869
vt 0.12500 -0.08869
vt 0.15000 -0.08869
vt 0.17500 -0.08869
vt 0.20000 -0.08869
vt 0.22500 -0.08869
vt 0.25000 -0.08869
vt 0.27500 -0.08869
vt 0.30000 -0.08869
vt 0.32500 -0.08869
vt 0.35000 -0.08869
vt 0.37500 -0.08869
vt 0.40000 -0.08869
vt 0.42500 -0.08869
vt 0.45000 -0.08869
vt 0.47500 -0.08869
vt 0.50000 -0.08869
vt 0.52500 -0.08869
vt 0.55000 -0.08869
vt 0.57500 -0.08869
vt 0.60000 -0.08869
vt 0.62500 -0.08869
vt 0.65000 -0.08869
vt 0.67500 -0.08869
vt 0.70000 -0.08869
vt 0.72500 -0.08869
vt 0.75000 -0.08869
vt 0.77500 -0.08869
vt 0.80000 -0.08869
vt 0.82500 -0.08869
vt 0.85000 -0.08869
vt 0.87500 -0.08869
vt 0.90000 -0.08869
vt 0.92500 -0.08869
vt 0.95000 -0.08869
vt 0.97500 -0.08869
vt 1.00000 -0.08869
vt 0.00000 -0.06788
vt 0.02500 -0.06788
vt 0.05000 -0.06788
vt 0.07500 -0.06788
vt 0.10000 -0.06788
vt 0.12500 -0.06788
vt 0.15000 -0.06788
vt 0.17500 -0.06788
vt 0.20000 -0.06788
vt 0.22500 -0.06788
vt 0.25000 -0.06788
vt 0.27500 -0.06788
vt 0.30000 -0.06788
vt 0.32500 -0.06788
vt 0.35000 -0.06788
vt 0.37500 -0.06788
vt 0.40000 -0.06788
vt 0.42500 -0.06788
vt 0.45000 -0.06788
vt 0.47500 -0.06788
vt 0.50000 -0.06788
vt 0.52500 -0.06788
vt 0.55000 -0.06788
vt 0.57500 -0.06788
vt 0.60000 -0.06788
vt 0.62500 -0.06788
vt 0.65000 -0.06788
vt 0.67500 -0.06788
vt 0.70000 -0.06788
vt 0.72500 -0.06788
vt 0.75000 -0.06788
vt 0.77500 -0.06788
vt 0.80000 -0.06788
vt 0.82500 -0.06788
vt 0.85000 -0.06788
vt 0.87500 -0.06788
vt 0.90000 -0.06788
vt 0.92500 -0.06788
vt 0.95000 -0.06788
vt 0.97500 -0.06788
vt 1.00000 -0.06788
vt 0.00000 -0.03674
vt 0.02500 -0.03674
vt 0.05000 -0.03674
vt 0.07500 -0.03674
vt 0.10000 -0.03674
vt 0.12500 -0.03674
vt 0.15000 -0.03674
vt 0.17500 -0.03674
vt 0.20000 -0.03674
vt 0.22500 -0.03674
vt 0.25000 -0.03674
vt 0.27500 -0.03674
vt 0.30000 -0.03674
vt 0.32500 -0.03674
vt 0.35000 -0.03674
vt 0.37500 -0.03674
vt 0.40000 -0.03674
vt 0.42500 -0.03674
vt 0.45000 -0.03674
vt 0.47500 -0.03674
vt 0.50000 -0.03674
vt 0.52500 -0.03674
vt 0.55000 -0.03674
vt 0.57500 -0.03674
vt 0.60000 -0.03674
vt 0.62500 -0.03674
vt 0.65000 -0.03674
vt 0.67500 -0.03674
vt 0.70000 -0.03674
vt 0.72500 -0.03674
vt 0.75000 -0.03674
vt 0.77500 -0.03674
vt 0.80000 -0.03674
vt 0.82500 -0.03674
vt 0.85000 -0.03674
vt 0.87500 -0.03674
vt 0.90000 -0.03674
vt 0.92500 -0.03674
vt 0.95000 -0.03674
vt 0.97500 -0.03674
vt 1.00000 -0.03674
vt 0.00000 0.00000
vt 0.02500 0.00000
vt 0.05000 0.00000
vt 0.07500 0.00000
vt 0.10000 0.00000
vt 0.12500 0.00000
vt 0.15000 0.00000
vt 0.17500 0.00000
vt 0.20000 0.00000
vt 0.22500 0.00000
vt 0.25000 0.00000
vt 0.27500 0.00000
vt 0.30000 0.00000
vt 0.32500 0.00000
vt 0.35000 0.00000
vt 0.37500 0.00000
vt 0.40000 0.00000
vt 0.42500 0.00000
vt 0.45000 0.00000
vt 0.47500 0.00000
vt 0.50000 0.00000
vt 0.52500 0.00000
vt 0.55000 0.00000
vt 0.57500 0.00000
vt 0.60000 0.00000
vt 0.62500 0.00000
vt 0.65000 0.00000
vt 0.67500 0.00000
vt 0.70000 0.00000
vt 0.72500 0.00000
vt 0.75000 0.00000
vt 0.77500 0.00000
vt 0.80000 0.00000
vt 0.82500 0.00000
vt 0.85000 0.00000
vt 0.87500 0.00000
vt 0.90000 0.00000
vt 0.92500 0.00000
vt 0.95000 0.00000
vt 0.97500 0.00000
vt 1.00000 0.00000
vt 0.00000 0.02647
vt 0.02500 0.02647
vt 0.05000 0.02647
vt 0.07500 0.02647
vt 0.10000 0.02647
vt 0.12500 0.02647
vt 0.15000 0.02647
vt 0.17500 0.02647
vt 0.20000 0.02647
vt 0.22500 0.02647
vt 0.25000 0.02647
vt 0.27500 0.02647
vt 0.30000 0.02647
vt 0.32500 0.02647
vt 0.35000 0.02647
vt 0.37500 0.02647
vt 0.40000 0.02647
vt 0.42500 0.02647
vt 0.45000 0.02647
vt 0.47500 0.02647
vt 0.50000 0.02647
vt 0.52500 0.02647
vt 0.55000 0.02647
vt 0.57500 0.02647
vt 0.60000 0.02647
vt 0.62500 0.02647
vt 0.65000 0.02647
vt 0.67500 0.02647
vt 0.70000 0.02647
vt 0.72500 0.02647
vt 0.75000 0.02647
vt 0.77500 0.02647
vt 0.80000 0.02647
vt 0.82500 0.02647
vt 0.85000 0.02647
vt 0.87500 0.02647
vt 0.90000 0.02647
vt 0.92500 0.02647
vt 0.95000 0.02647
vt 0.97500 0.02647
vt 1.00000 0.02647
vt 0.00000 0.05294
vt 0.02500 0.05294
vt 0.05000 0.05294
vt 0.07500 0.05294
vt 0.10000 0.05294
vt 0.12500 0.05294
vt 0.15000 0.05294
vt 0.17500 0.05294
vt 0.20000 0.05294
vt 0.22500 0.05294
vt 0.25000 0.05294
vt 0.27500 0.05294
vt 0.30000 0.05294
vt 0.32500 0.05294
vt 0.35000 0.05294
vt 0.37500 0.05294
vt 0.40000 0.05294
vt 0.42500 0.05294
vt 0.45000 0.05294
vt 0.47500 0.05294
vt 0.50000 0.05294
vt 0.52500 0.05294
vt 0.55000 0.05294
vt 0.57500 0.05294
vt 0.60000 0.05294
vt 0.62500 0.05294
vt 0.65000 0.05294
vt 0.67500 0.05294
vt 0.70000 0.05294
vt 0.72500 0.05294
vt 0.75000 0.05294
vt 0.77500 0.05294
vt 0.80000 0.05294
vt 0.82500 0.05294
vt 0.85000 0.05294
vt 0.87500 0.05294
vt 0.90000 0.05294
vt 0.92500 0.05294
vt 0.95000 0.05294
vt 0.97500 0.05294
vt 1.00000 0.05294
vt 0.00000 0.07941
vt 0.02500 0.07941
vt 0.05000 0.07941
vt 0.07500 0.07941
vt 0.10000 0.07941
vt 0.12500 0.07941
vt 0.15000 0.07941
vt 0.17500 0.07941
vt 0.20000 0.07941
vt 0.22500 0.07941
vt 0.25000 0.07941
vt 0.27500 0.07941
vt 0.30000 0.07941
vt 0.32500 0.07941
vt 0.35000 0.07941
vt 0.37500 0.07941
vt 0.40000 0.07941
vt 0.42500 0.07941
vt 0.45000 0.07941
vt 0.47500 0.07941
vt 0.50000 0.07941
vt 0.52500 0.07941
vt 0.55000 0.07941
vt 0.57500 0.07941
vt 0.60000 0.07941
vt 0.62500 0.07941
vt 0.65000 0.07941
vt 0.67500 0.07941
vt 0.70000 0.07941
vt 0.72500 0.07941
vt 0.75000 0.07941
vt 0.77500 0.07941
vt 0.80000 0.07941
vt 0.82500 0.07941
vt 0.85000 0.07941
vt 0.87500 0.07941
vt 0.90000 0.07941
vt 0.92500 0.07941
vt 0.95000 0.07941
vt 0.97500 0.07941
vt 1.00000 0.07941
vt 0.00000 0.10588
vt 0.02500 0.10588
vt 0.05000 0.10588
vt 0.07500 0.10588
vt 0.10000 0.10588
vt 0.12500 0.10588
vt 0.15000 0.10588
vt 0.17500 0.10588
vt 0.20000 0.10588
vt 0.22500 0.10588
vt 0.25000 0.10588
vt 0.27500 0.10588
vt 0.30000 0.10588
vt 0.32500 0.10588
vt 0.35000 0.10588
vt 0.37500 0.10588
vt 0.40000 0.10588
vt 0.42500 0.10588
vt 0.45000 0.10588
vt 0.47500 0.10588
vt 0.50000 0.10588
vt 0.52500 0.10588
vt 0.55000 0.10588
vt 0.57500 0.10588
vt 0.60000 0.10588
vt 0.62500 0.10588
vt 0.65000 0.10588
vt 0.67500 0.10588
vt 0.70000 0.10588
vt 0.72500 0.10588
vt 0.75000 0.10588
vt 0.77500 0.10588
vt 0.80000 0.10588
vt 0.82500 0.10588
vt 0.85000 0.10588
vt 0.87500 0.10588
vt 0.90000 0.10588
vt 0.92500 0.10588
vt 0.95000 0.10588
vt 0.97500 0.10588
vt 1.00000 0.10588
vt 0.00000 0.13235
vt 0.02500 0.13235
vt 0.05000 0.13235
vt 0.07500 0.13235
vt 0.10000 0.13235
vt 0.12500 0.13235
vt 0.15000 0.13235
vt 0.17500 0.13235
vt 0.20000 0.13235
vt 0.22500 0.13235
vt 0.25000 0.13235
vt 0.27500 0.13235
vt 0.30000 0.13235
vt 0.32500 0.13235
vt 0.35000 0.13235
vt 0.37500 0.13235
vt 0.40000 0.13235
vt 0.42500 0.13235
vt 0.45000 0.13235
vt 0.47500 0.13235
vt 0.50000 0.13235
vt 0.52500 0.13235
vt 0.55000 0.13235
vt 0.57500 0.13235
vt 0.60000 0.13235
vt 0.62500 0.13235
vt 0.65000 0.13235
vt 0.67500 0.13235
vt 0.70000 0.13235
vt 0.72500 0.13235
vt 0.75000 0.13235
vt 0.77500 0.13235
vt 0.80000 0.13235
vt 0.82500 0.13235
vt 0.85000 0.13235
vt 0.87500 0.13235
vt 0.90000 0.13235
vt 0.92500 0.13235
vt 0.95000 0.13235
vt 0.97500 0.13235
vt 1.00000 0.13235
vt 0.00000 0.15882
vt 0.02500 0.15882
vt 0.05000 0.15882
vt 0.07500 0.15882
vt 0.10000 0.15882
vt 0.12500 0.15882
vt 0.15000 0.15882
vt 0.17500 0.15882
vt 0.20000 0.15882
vt 0.22500 0.15882
vt 0.25000 0.15882
vt 0.27500 0.15882
vt 0.30000 0.15882
vt 0.32500 0.15882
vt 0.35000 0.15882
vt 0.37500 0.15882
vt 0.40000 0.15882
vt 0.42500 0.15882
vt 0.45000 0.15882
vt 0.47500 0.15882
vt 0.50000 0.15882
vt 0.52500 0.15882
vt 0.55000 0.15882
vt 0.57500 0.15882
vt 0.60000 0.15882
vt 0.62500 0.15882
vt 0.65000 0.15882
vt 0.67500 0.15882
vt 0.70000 0.15882
vt 0.72500 0.15882
vt 0.75000 0.15882
vt 0.77500 0.15882
vt 0.80000 0.15882
vt 0.82500 0.15882
vt 0.85000 0.15882
vt 0.87500 0.15882
vt 0.90000 0.15882
vt 0.92500 0.15882
vt 0.95000 0.15882
vt 0.97500 0.15882
vt 1.00000 0.15882
vt 0.00000 0.18529
vt 0.02500 0.18529
vt 0.05000 0.18529
vt 0.07500 0.18529
vt 0.10000 0.18529
vt 0.12500 0.18529
vt 0.15000 0.18529
vt 0.17500 0.18529
vt 0.20000 0.18529
vt 0.22500 0.18529
vt 0.25000 0.18529
vt 0.27500 0.18529
vt 0.30000 0.18529
vt 0.32500 0.18529
vt 0.35000 0.18529
vt 0.37500 0.18529
vt 0.40000 0.18529
vt 0.42500 0.18529
vt 0.45000 0.18529
vt 0.47500 0.18529
vt 0.50000 0.18529
vt 0.52500 0.18529
vt 0.55000 0.18529
vt 0.57500 0.18529
vt 0.60000 0.18529
vt 0.62500 0.18529
vt 0.65000 0.18529
vt 0.67500 0.18529
vt 0.70000 0.18529
vt 0.72500 0.18529
vt 0.75000 0.18529
vt 0.77500 0.18529
vt 0.80000 0.18529
vt 0.82500 0.18529
vt 0.85000 0.18529
vt 0.87500 0.18529
vt 0.90000 0.18529
vt 0.92500 0.18529
vt 0.95000 0.18529
vt 0.97500 0.18529
vt 1.00000 0.18529
vt 0.00000 0.21176
vt 0.02500 0.21176
vt 0.05000 0.21176
vt 0.07500 0.21176
vt 0.10000 0.21176
vt 0.12500 0.21176
vt 0.15000 0.21176
vt 0.17500 0.21176
vt 0.20000 0.21176
vt 0.22500 0.21176
vt 0.25000 0.21176
vt 0.27500 0.21176
vt 0.30000 0.21176
vt 0.32500 0.21176
vt 0.35000 0.21176
vt 0.37500 0.21176
vt 0.40000 0.21176
vt 0.42500 0.21176
vt 0.45000 0.21176
vt 0.47500 0.21176
vt 0.50000 0.21176
vt 0.52500 0.21176
vt 0.55000 0.21176
vt 0.57500 0.21176
vt 0.60000 0.21176
vt 0.62500 0.21176
vt 0.65000 0.21176
vt 0.67500 0.21176
vt 0.70000 0.21176
vt 0.72500 0.21176
vt 0.75000 0.21176
vt 0.77500 0.21176
vt 0.80000 0.21176
vt 0.82500 0.21176
vt 0.85000 0.21176
vt 0.87500 0.21176
vt 0.90000 0.21176
vt 0.92500 0.21176
vt 0.95000 0.21176
vt 0.97500 0.21176
vt 1.00000 0.21176
vt 0.00000 0.23824
vt 0.02500 0.23824
vt 0.05000 0.23824
vt 0.07500 0.23824
vt 0.10000 0.23824
vt 0.12500 0.23824
vt 0.15000 0.23824
vt 0.17500 0.23824
vt 0.20000 0.23824
vt 0.22500 0.23824
vt 0.25000 0.23824
vt 0.27500 0.23824
vt 0.30000 0.23824
vt 0.32500 0.23824
vt 0.35000 0.23824
vt 0.37500 0.23824
vt 0.40000 0.23824
vt 0.42500 0.23824
vt 0.45000 0.23824
vt 0.47500 0.23824
vt 0.50000 0.23824
vt 0.52500 0.23824
vt 0.55000 0.23824
vt 0.57500 0.23824
vt 0.60000 0.23824
vt 0.62500 0.23824
vt 0.65000 0.23824
vt 0.67500 0.23824
vt 0.70000 0.23824
vt 0.72500 0.23824
vt 0.75000 0.23824
vt 0.77500 0.23824
vt 0.80000 0.23824
vt 0.82500 0.23824
vt 0.85000 0.23824
vt 0.87500 0.23824
vt 0.90000 0.23824
vt 0.92500 0.23824
vt 0.95000 0.23824
vt 0.97500 0.23824
vt 1.00000 0.23824
vt 0.00000 0.26471
vt 0.02500 0.26471
vt 0.05000 0.26471
vt 0.07500 0.26471
vt 0.10000 0.26471
vt 0.12500 0.26471
vt 0.15000 0.26471
vt 0.17500 0.26471
vt 0.20000 0.26471
vt 0.22500 0.26471
vt 0.25000 0.26471
vt 0.27500 0.26471
vt 0.30000 0.26471
vt 0.32500 0.26471
vt 0.35000 0.26471
vt 0.37500 0.26471
vt 0.40000 0.26471
vt 0.42500 0.26471
vt 0.45000 0.26471
vt 0.47500 0.26471
vt 0.50000 0.26471
vt 0.52500 0.26471
vt 0.55000 0.26471
vt 0.57500 0.26471
vt 0.60000 0.26471
vt 0.62500 0.26471
vt 0.65000 0.26471
vt 0.67500 0.26471
vt 0.70000 0.26471
vt 0.72500 0.26471
vt 0.75000 0.26471
vt 0.77500 0.26471
vt 0.80000 0.26471
vt 0.82500 0.26471
vt 0.85000 0.26471
vt 0.87500 0.26471
vt 0.90000 0.26471
vt 0.92500 0.26471
vt 0.95000 0.26471
vt 0.97500 0.26471
vt 1.00000 0.26471
vt 0.00000 0.29118
vt 0.02500 0.29118
vt 0.05000 0.29118
vt 0.07500 0.29118
vt 0.10000 0.29118
vt 0.12500 0.29118
vt 0.15000 0.29118
vt 0.17500 0.29118
vt 0.20000 0.29118
vt 0.22500 0.29118
vt 0.25000 0.29118
vt 0.27500 0.29118
vt 0.30000 0.29118
vt 0.32500 0.29118
vt 0.35000 0.29118
vt 0.37500 0.29118
vt 0.40000 0.29118
vt 0.42500 0.29118
vt 0.45000 0.29118
vt 0.47500 0.29118
vt 0.50000 0.29118
vt 0.52500 0.29118
vt 0.55000 0.29118
vt 0.57500 0.29118
vt 0.60000 0.29118
vt 0.62500 0.29118
vt 0.65000 0.29118
vt 0.67500 0.29118
vt 0.70000 0.29118
vt 0.72500 0.29118
vt 0.75000 0.29118
vt 0.77500 0.29118
vt 0.80000 0.29118
vt 0.82500 0.29118
vt 0.85000 0.29118
vt 0.87500 0.29118
vt 0.90000 0.29118
vt 0.92500 0.29118
vt 0.95000 0.29118
vt 0.97500 0.29118
vt 1.00000 0.29118
vt 0.00000 0.31765
vt 0.02500 0.31765
vt 0.05000 0.31765
vt 0.07500 0.31765
vt 0.10000 0.31765
vt 0.12500 0.31765
vt 0.15000 0.31765
vt 0.17500 0.31765
vt 0.20000 0.31765
vt 0.22500 0.31765
vt 0.25000 0.31765
vt 0.27500 0.31765
vt 0.30000 0.31765
vt 0.32500 0.31765
vt 0.35000 0.31765
vt 0.37500 0.31765
vt 0.40000 0.31765
vt 0.42500 0.31765
vt 0.45000 0.31765
vt 0.47500 0.31765
vt 0.50000 0.31765
vt 0.52500 0.31765
vt 0.55000 0.31765
vt 0.57500 0.31765
vt 0.60000 0.31765
vt 0.62500 0.31765
vt 0.65000 0.31765
vt 0.67500 0.31765
vt 0.70000 0.31765
vt 0.72500 0.31765
vt 0.75000 0.31765
vt 0.77500 0.31765
vt 0.80000 0.31765
vt 0.82500 0.31765
vt 0.85000 0.31765
vt 0.87500 0.31765
vt 0.90000 0.31765
vt 0.92500 0.31765
vt 0.95000 0.31765
vt 0.97500 0.31765
vt 1.00000 0.31765
vt 0.00000 0.34412
vt 0.02500 0.34412
vt 0.05000 0.34412
vt 0.07500 0.34412
vt 0.10000 0.34412
vt 0.12500 0.34412
vt 0.15000 0.34412
vt 0.17500 0.34412
vt 0.20000 0.34412
vt 0.22500 0.34412
vt 0.25000 0.34412
vt 0.27500 0.34412
vt 0.30000 0.34412
vt 0.32500 0.34412
vt 0.35000 0.34412
vt 0.37500 0.34412
vt 0.40000 0.34412
vt 0.42500 0.34412
vt 0.45000 0.34412
vt 0.47500 0.34412
vt 0.50000 0.34412
vt 0.52500 0.34412
vt 0.55000 0.34412
vt 0.57500 0.34412
vt 0.60000 0.34412
vt 0.62500 0.34412
vt 0.65000 0.34412
vt 0.67500 0.34412
vt 0.70000 0.34412
vt 0.72500 0.34412
vt 0.75000 0.34412
vt 0.77500 0.34412
vt 0.80000 0.34412
vt 0.82500 0.34412
vt 0.85000 0.34412
vt 0.87500 0.34412
vt 0.90000 0.34412
vt 0.92500 0.34412
vt 0.95000 0.34412
vt 0.97500 0.34412
vt 1.00000 0.34412
vt 0.00000 0.37059
vt 0.02500 0.37059
vt 0.05000 0.37059
vt 0.07500 0.37059
vt 0.10000 0.37059
vt 0.12500 0.37059
vt 0.15000 0.37059
vt 0.17500 0.37059
vt 0.20000 0.37059
vt 0.22500 0.37059
vt 0.25000 0.37059
vt 0.27500 0.37059
vt 0.30000 0.37059
vt 0.32500 0.37059
vt 0.35000 0.37059
vt 0.37500 0.37059
vt 0.40000 0.37059
vt 0.42500 0.37059
vt 0.45000 0.37059
vt 0.47500 0.37059
vt 0.50000 0.37059
vt 0.52500 0.37059
vt 0.55000 0.37059
vt 0.57500 0.37059
vt 0.60000 0.37059
vt 0.62500 0.37059
vt 0.65000 0.37059
vt 0.67500 0.37059
vt 0.70000 0.37059
vt 0.72500 0.37059
vt 0.75000 0.37059
vt 0.77500 0.37059
vt 0.80000 0.37059
vt 0.82500 0.37059
vt 0.85000 0.37059
vt 0.87500 0.37059
vt 0.90000 0.37059
vt 0.92500 0.37059
vt 0.95000 0.37059
vt 0.97500 0.37059
vt 1.00000 0.37059
vt 0.00000 0.39706
vt 0.02500 0.39706
vt 0.05000 0.39706
vt 0.07500 0.39706
vt 0.10000 0.39706
vt 0.12500 0.39706
vt 0.15000 0.39706
vt 0.17500 0.39706
vt 0.20000 0.39706
vt 0.22500 0.39706
vt 0.25000 0.39706
vt 0.27500 0.39706
vt 0.30000 0.39706
vt 0.32500 0.39706
vt 0.35000 0.39706
vt 0.37500 0.39706
vt 0.40000 0.39706
vt 0.42500 0.39706
vt 0.45000 0.39706
vt 0.47500 0.39706
vt 0.50000 0.39706
vt 0.52500 0.39706
vt 0.55000 0.39706
vt 0.57500 0.39706
vt 0.60000 0.39706
vt 0.62500 0.39706
vt 0.65000 0.39706
vt 0.67500 0.39706
vt 0.70000 0.39706
vt 0.72500 0.39706
vt 0.75000 0.39706
vt 0.77500 0.39706
vt 0.80000 0.39706
vt 0.82500 0.39706
vt 0.85000 0.39706
vt 0.87500 0.39706
vt 0.90000 0.39706
vt 0.92500 0.39706
vt 0.95000 0.39706
vt 0.97500 0.39706
vt 1.00000 0.39706
vt 0.00000 0.42353
vt 0.02500 0.42353
vt 0.05000 0.42353
vt 0.07500 0.42353
vt 0.10000 0.42353
vt 0.12500 0.42353
vt 0.15000 0.42353
vt 0.17500 0.42353
vt 0.20000 0.42353
vt 0.22500 0.42353
vt 0.25000 0.42353
vt 0.27500 0.42353
vt 0.30000 0.42353
vt 0.32500 0.42353
vt 0.35000 0.42353
vt 0.37500 0.42353
vt 0.40000 0.42353
vt 0.42500 0.42353
vt 0.45000 0.42353
vt 0.47500 0.42353
vt 0.50000 0.42353
vt 0.52500 0.42353
vt 0.55000 0.42353
vt 0.57500 0.42353
vt 0.60000 0.42353
vt 0.62500 0.42353
vt 0.65000 0.42353
vt 0.67500 0.42353
vt 0.70000 0.42353
vt 0.72500 0.42353
vt 0.75000 0.42353
vt 0.77500 0.42353
vt 0.80000 0.42353
vt 0.82500 0.42353
vt 0.85000 0.42353
vt 0.87500 0.42353
vt 0.90000 0.42353
vt 0.92500 0.42353
vt 0.95000 0.42353
vt 0.97500 0.42353
vt 1.00000 0.42353
vt 0.00000 0.45000
vt 0.02500 0.45000
vt 0.05000 0.45000
vt 0.07500 0.45000
vt 0.10000 0.45000
vt 0.12500 0.45000
vt 0.15000 0.45000
vt 0.17500 0.45000
vt 0.20000 0.45000
vt 0.22500 0.45000
vt 0.25000 0.45000
vt 0.27500 0.45000
vt 0.30000 0.45000
vt 0.32500 0.45000
vt 0.35000 0.45000
vt 0.37500 0.45000
vt 0.40000 0.45000
vt 0.42500 0.45000
vt 0.45000 0.45000
vt 0.47500 0.45000
vt 0.50000 0.45000
vt 0.52500 0.45000
vt 0.55000 0.45000
vt 0.57500 0.45000
vt 0.60000 0.45000
vt 0.62500 0.45000
vt 0.65000 0.45000
vt 0.67500 0.45000
vt 0.70000 0.45000
vt 0.72500 0.45000
vt 0.75000 0.45000
vt 0.77500 0.45000
vt 0.80000 0.45000
vt 0.82500 0.45000
vt 0.85000 0.45000
vt 0.87500 0.45000
vt 0.90000 0.45000
vt 0.92500 0.45000
vt 0.95000 0.45000
vt 0.97500 0.45000
vt 1.00000 0.45000
vt 0.00000 0.48674
vt 0.02500 0.48674
vt 0.05000 0.48674
vt 0.07500 0.48674
vt 0.10000 0.48674
vt 0.12500 0.48674
vt 0.15000 0.48674
vt 0.17500 0.48674
vt 0.20000 0.48674
vt 0.22500 0.48674
vt 0.25000 0.48674
vt 0.27500 0.48674
vt 0.30000 0.48674
vt 0.32500 0.48674
vt 0.35000 0.48674
vt 0.37500 0.48674
vt 0.40000 0.48674
vt 0.42500 0.48674
vt 0.45000 0.48674
vt 0.47500 0.48674
vt 0.50000 0.48674
vt 0.52500 0.48674
vt 0.55000 0.48674
vt 0.57500 0.48674
vt 0.60000 0.48674
vt 0.62500 0.48674
vt 0.65000 0.48674
vt 0.67500 0.48674
vt 0.70000 0.48674
vt 0.72500 0.48674
vt 0.75000 0.48674
vt 0.77500 0.48674
vt 0.80000 0.48674
vt 0.82500 0.48674
vt 0.85000 0.48674
vt 0.87500 0.48674
vt 0.90000 0.48674
vt 0.92500 0.48674
vt 0.95000 0.48674
vt 0.97500 0.48674
vt 1.00000 0.48674
vt 0.00000 0.51788
vt 0.02500 0.51788
vt 0.05000 0.51788
vt 0.07500 0.51788
vt 0.10000 0.51788
vt 0.12500 0.51788
vt 0.15000 0.51788
vt 0.17500 0.51788
vt 0.20000 0.51788
vt 0.22500 0.51788
vt 0.25000 0.51788
vt 0.27500 0.51788
vt 0.30000 0.51788
vt 0.32500 0.51788
vt 0.35000 0.51788
vt 0.37500 0.51788
vt 0.40000 0.51788
vt 0.42500 0.51788
vt 0.45000 0.51788
vt 0.47500 0.51788
vt 0.50000 0.51788
vt 0.52500 0.51788
vt 0.55000 0.51788
vt 0.57500 0.51788
vt 0.60000 0.51788
vt 0.62500 0.51788
vt 0.65000 0.51788
vt 0.67500 0.51788
vt 0.70000 0.51788
vt 0.72500 0.51788
vt 0.75000 0.51788
vt 0.77500 0.51788
vt 0.80000 0.51788
vt 0.82500 0.51788
vt 0.85000 0.51788
vt 0.87500 0.51788
vt 0.90000 0.51788
vt 0.92500 0.51788
vt 0.95000 0.51788
vt 0.97500 0.51788
vt 1.00000 0.51788
vt 0.00000 0.53869
vt 0.02500 0.53869
vt 0.05000 0.53869
vt 0.07500 0.53869
vt 0.10000 0.53869
vt 0.12500 0.53869
vt 0.15000 0.53869
vt 0.17500 0.53869
vt 0.20000 0.53869
vt 0.22500 0.53869
vt 0.25000 0.53869
vt 0.27500 0.53869
vt 0.30000 0.53869
vt 0.32500 0.53869
vt 0.35000 0.53869
vt 0.37500 0.53869
vt 0.40000 0.53869
vt 0.42500 0.53869
vt 0.45000 0.53869
vt 0.47500 0.53869
vt 0.50000 0.53869
vt 0.52500 0.53869
vt 0.55000 0.53869
vt 0.57500 0.53869
vt 0.60000 0.53869
vt 0.62500 0.53869
vt 0.65000 0.53869
vt 0.67500 0.53869
vt 0.70000 0.53869
vt 0.72500 0.53869
vt 0.75000 0.53869
vt 0.77500 0.53869
vt 0.80000 0.53869
vt 0.82500 0.53869
vt 0.85000 0.53869
vt 0.87500 0.53869
vt 0.90000 0.53869
vt 0.92500 0.53869
vt 0.95000 0.53869
vt 0.97500 0.53869
vt 1.00000 0.53869
vt 0.00000 0.54600
vt 0.02500 0.54600
vt 0.05000 0.54600
vt 0.07500 0.54600
vt 0.10000 0.54600
vt 0.12500 0.54600
vt 0.15000 0.54600
vt 0.17500 0.54600
vt 0.20000 0.54600
vt 0.22500 0.54600
vt 0.25000 0.54600
vt 0.27500 0.54600
vt 0.30000 0.54600
vt 0.32500 0.54600
vt 0.35000 0.54600
vt 0.37500 0.54600
vt 0.40000 0.54600
vt 0.42500 0.54600
vt 0.45000 0.54600
vt 0.47500 0.54600
vt 0.50000 0.54600
vt 0.52500 0.54600
vt 0.55000 0.54600
vt 0.57500 0.54600
vt 0.60000 0.54600
vt 0.62500 0.54600
vt 0.65000 0.54600
vt 0.67500 0.54600
vt 0.70000 0.54600
vt 0.72500 0.54600
vt 0.75000 0.54600
vt 0.77500 0.54600
vt 0.80000 0.54600
vt 0.82500 0.54600
vt 0.85000 0.54600
vt 0.87500 0.54600
vt 0.90000 0.54600
vt 0.92500 0.54600
vt 0.95000 0.54600
vt 0.97500 0.54600
vt 1.00000 0.54600
vn 0.12737 0.99180 -0.01002
vn 0.12735 0.99172 -0.01680
vn 0.12421 0.99102 -0.04944
vn 0.11802 0.98971 -0.08089
vn 0.10892 0.98790 -0.11038
vn 0.09713 0.98577 -0.13718
vn 0.08293 0.98353 -0.16061
vn 0.06667 0.98139 -0.18009
vn 0.04907 0.97959 -0.19493
vn 0.04681 0.97939 -0.19648
vn 0.07701 0.97912 -0.18811
vn -0.07875 0.97899 -0.18809
vn -0.04629 0.97940 -0.19654
vn -0.04932 0.97963 -0.19466
vn -0.06708 0.98145 -0.17959
vn -0.08325 0.98359 -0.16004
vn -0.09737 0.98583 -0.13658
vn -0.10909 0.98795 -0.10978
vn -0.11813 0.98975 -0.08030
vn -0.12427 0.99104 -0.04887
vn -0.12737 0.99172 -0.01624
vn -0.12735 0.99172 0.01680
vn -0.12421 0.99102 0.04944
vn -0.11802 0.98971 0.08089
vn -0.10892 0.98790 0.11038
vn -0.09713 0.98577 0.13718
vn -0.08293 0.98353 0.16061
vn -0.06667 0.98139 0.18009
vn -0.04876 0.97957 0.19512
vn -0.02963 0.97824 0.20533
vn -0.00977 0.97756 0.21045
vn 0.01033 0.97757 0.21037
vn 0.03016 0.97828 0.20508
vn 0.04923 0.97962 0.19473
vn 0.06708 0.98145 0.17959
vn 0.08325 0.98359 0.16004
vn 0.09737 0.98583 0.13658
vn 0.10909 0.98795 0.10978
vn 0.11813 0.98975 0.08030
vn 0.12427 0.99104 0.04887
vn 0.12737 0.99172 0.01661
vn 0.25628 0.96602 -0.03357
vn 0.29705 0.95283 -0.06228
vn 0.28620 0.94814 -0.13829
vn 0.26761 0.94047 -0.20954
vn 0.24222 0.93073 -0.27397
vn 0.21117 0.92004 -0.33006
vn 0.17562 0.90947 -0.37685
vn 0.13676 0.90005 -0.41378
vn 0.10626 0.89408 -0.43511
vn 0.12463 0.89447 -0.42941
vn 0.07134 0.90321 -0.42322
vn -0.15510 0.89158 -0.42548
vn -0.10384 0.89339 -0.43711
vn -0.12031 0.89681 -0.42575
vn -0.16014 0.90552 -0.39291
vn -0.19716 0.91574 -0.35007
vn -0.23016 0.92650 -0.29769
vn -0.25799 0.93675 -0.23653
vn -0.27948 0.94536 -0.16786
vn -0.29359 0.95135 -0.09353
vn -0.29956 0.95395 -0.01591
vn -0.29705 0.95283 0.06228
vn -0.28620 0.94814 0.13829
vn -0.26761 0.94047 0.20954
vn -0.24222 0.93073 0.27397
vn -0.21117 0.92004 0.33006
vn -0.17562 0.90947 0.37685
vn -0.13670 0.90003 0.41383
vn -0.09538 0.89252 0.44080
vn -0.05253 0.88753 0.45775
vn -0.00888 0.88542 0.46472
vn 0.03490 0.88633 0.46173
vn 0.07815 0.89021 0.44879
vn 0.12016 0.89678 0.42586
vn 0.16014 0.90552 0.39291
vn 0.19716 0.91574 0.35007
vn 0.23016 0.92650 0.29769
vn 0.25799 0.93675 0.23653
vn 0.27948 0.94536 0.16786
vn 0.29359 0.95135 0.09353
vn 0.32207 0.94577 0.04225
vn 0.50574 0.86013 -0.06634
vn 0.55036 0.82453 -0.13134
vn 0.52176 0.80979 -0.26833
vn 0.47678 0.78771 -0.39012
vn 0.42008 0.76193 -0.49295
vn 0.35602 0.73585 -0.57600
vn 0.28796 0.71207 -0.64034
vn 0.21822 0.69232 -0.68780
vn 0.17230 0.68172 -0.71103
vn 0.21656 0.68266 -0.69791
vn 0.05562 0.70485 -0.70717
vn -0.24000 0.67707 -0.69569
vn -0.17048 0.68051 -0.71263
vn -0.20498 0.68914 -0.69504
vn -0.27483 0.70798 -0.65056
vn -0.34337 0.73111 -0.58955
vn -0.40841 0.75692 -0.51017
vn -0.46681 0.78300 -0.41109
vn -0.51437 0.80607 -0.29270
vn -0.54640 0.82246 -0.15814
vn -0.55897 0.82907 -0.01384
vn -0.55036 0.82453 0.13134
vn -0.52176 0.80979 0.26833
vn -0.47678 0.78771 0.39012
vn -0.42008 0.76193 0.49295
vn -0.35602 0.73585 0.57600
vn -0.28796 0.71207 0.64034
vn -0.21808 0.69229 0.68788
vn -0.14761 0.67751 0.72055
vn -0.07709 0.66826 0.73992
vn -0.00666 0.66478 0.74701
vn 0.06376 0.66715 0.74219
vn 0.13426 0.67532 0.72520
vn 0.20477 0.68909 0.69515
vn 0.27483 0.70798 0.65056
vn 0.34337 0.73111 0.58955
vn 0.40841 0.75692 0.51017
vn 0.46681 0.78300 0.41109
vn 0.51437 0.80607 0.29270
vn 0.54640 0.82246 0.15814
vn 0.59774 0.79785 0.07841
vn 0.79550 0.59690 -0.10435
vn 0.82562 0.52406 -0.20908
vn 0.76371 0.50291 -0.40475
vn 0.67545 0.47421 -0.56471
vn 0.57504 0.44403 -0.68715
vn 0.47211 0.41638 -0.77701
vn 0.37150 0.39324 -0.84104
vn 0.27507 0.37533 -0.88514
vn 0.21831 0.36691 -0.90428
vn 0.28364 0.36853 -0.88528
vn 0.03065 0.38839 -0.92098
vn -0.29618 0.36185 -0.88394
vn -0.21731 0.36559 -0.90505
vn -0.26754 0.37412 -0.88795
vn -0.36361 0.39160 -0.84524
vn -0.46393 0.41434 -0.78300
vn -0.56680 0.44168 -0.69545
vn -0.66769 0.47178 -0.57585
vn -0.75741 0.50080 -0.41896
vn -0.82200 0.52280 -0.22583
vn -0.84699 0.53153 -0.00888
vn -0.82562 0.52406 0.20908
vn -0.76371 0.50291 0.40475
vn -0.67545 0.47421 0.56471
vn -0.57504 0.44403 0.68715
vn -0.47211 0.41638 0.77701
vn -0.37150 0.39324 0.84104
vn -0.27485 0.37529 0.88522
vn -0.18201 0.36260 0.91400
vn -0.09201 0.35502 0.93032
vn -0.00353 0.35238 0.93585
vn 0.08489 0.35463 0.93115
vn 0.17471 0.36181 0.91573
vn 0.26728 0.37408 0.88804
vn 0.36361 0.39160 0.84524
vn 0.46393 0.41434 0.78300
vn 0.56680 0.44168 0.69545
vn 0.66769 0.47178 0.57585
vn 0.75741 0.50080 0.41896
vn 0.82200 0.52280 0.22583
vn 0.88022 0.46030 0.11546
vn 0.95654 0.26322 -0.12547
vn 0.93699 0.24127 -0.25267
vn 0.85418 0.22540 -0.46859
vn 0.74287 0.20443 -0.63746
vn 0.62250 0.18282 -0.76097
vn 0.50414 0.16322 -0.84806
vn 0.39207 0.14681 -0.90814
vn 0.28712 0.13400 -0.94847
vn 0.23115 0.12715 -0.96457
vn 0.31106 0.12628 -0.94196
vn -0.01600 0.13187 -0.99114
vn -0.30509 0.12213 -0.94446
vn -0.23176 0.12525 -0.96468
vn -0.29111 0.13190 -0.94755
vn -0.39636 0.14426 -0.90669
vn -0.50873 0.16043 -0.84585
vn -0.62733 0.18007 -0.75765
vn -0.74765 0.20202 -0.63263
vn -0.85827 0.22362 -0.46193
vn -0.93943 0.24032 -0.24435
vn -0.96900 0.24701 0.00451
vn -0.93699 0.24127 0.25267
vn -0.85418 0.22540 0.46859
vn -0.74287 0.20443 0.63746
vn -0.62250 0.18282 0.76097
vn -0.50414 0.16322 0.84806
vn -0.39207 0.14681 0.90814
vn -0.28685 0.13398 0.94856
vn -0.18735 0.12477 0.97434
vn -0.09178 0.11912 0.98863
vn 0.00182 0.11698 0.99313
vn 0.09545 0.11835 0.98837
vn 0.19115 0.12328 0.97379
vn 0.29086 0.13188 0.94763
vn 0.39636 0.14426 0.90669
vn 0.50873 0.16043 0.84585
vn 0.62733 0.18007 0.75765
vn 0.74765 0.20202 0.63263
vn 0.85827 0.22362 0.46193
vn 0.93943 0.24032 0.24435
vn 0.96595 0.22507 0.12761
vn 0.95428 0.27050 -0.12719
vn 0.91876 0.30752 -0.24762
vn 0.83984 0.27742 -0.46659
vn 0.73212 0.23632 -0.63887
vn 0.61442 0.19256 -0.76512
vn 0.49794 0.15162 -0.85385
vn 0.38738 0.11641 -0.91454
vn 0.28388 0.08830 -0.95479
vn 0.22696 0.07081 -0.97133
vn 0.30217 0.06338 -0.95114
vn 0.00193 0.06101 -0.99814
vn -0.30267 0.06190 -0.95108
vn -0.22684 0.06833 -0.97153
vn -0.28321 0.08372 -0.95540
vn -0.38659 0.11069 -0.91559
vn -0.49704 0.14516 -0.85550
vn -0.61348 0.18591 -0.76752
vn -0.73125 0.23018 -0.64210
vn -0.83916 0.27262 -0.47063
vn -0.91838 0.30486 -0.25226
vn -0.94811 0.31792 -0.00243
vn -0.91876 0.30752 0.24762
vn -0.83984 0.27742 0.46659
vn -0.73212 0.23632 0.63886
vn -0.61442 0.19257 0.76512
vn -0.49794 0.15162 0.85385
vn -0.38738 0.11641 0.91454
vn -0.28362 0.08827 0.95486
vn -0.18570 0.06776 0.98027
vn -0.09190 0.05507 0.99424
vn -0.00022 0.05028 0.99874
vn 0.09143 0.05343 0.99438
vn 0.18515 0.06456 0.98059
vn 0.28295 0.08368 0.95548
vn 0.38658 0.11069 0.91559
vn 0.49704 0.14516 0.85550
vn 0.61347 0.18592 0.76752
vn 0.73125 0.23019 0.64210
vn 0.83916 0.27262 0.47063
vn 0.91838 0.30486 0.25226
vn 0.92516 0.35775 0.12685
vn 0.87000 0.47779 -0.12168
vn 0.84134 0.48509 -0.23841
vn 0.77459 0.44057 -0.45377
vn 0.68069 0.37900 -0.62692
vn 0.57506 0.31229 -0.75617
vn 0.46812 0.24905 -0.84784
vn 0.36509 0.19431 -0.91047
vn 0.26784 0.15063 -0.95162
vn 0.21413 0.12422 -0.96887
vn 0.28564 0.11339 -0.95161
vn 0.00332 0.11131 -0.99378
vn -0.28654 0.11310 -0.95137
vn -0.21391 0.12315 -0.96906
vn -0.26667 0.14836 -0.95230
vn -0.36362 0.19139 -0.91167
vn -0.46634 0.24564 -0.84982
vn -0.57302 0.30863 -0.75921
vn -0.67858 0.37548 -0.63131
vn -0.77277 0.43771 -0.45961
vn -0.84025 0.48345 -0.24545
vn -0.86544 0.50099 -0.00376
vn -0.84134 0.48509 0.23841
vn -0.77459 0.44059 0.45375
vn -0.68069 0.37908 0.62686
vn -0.57505 0.31240 0.75612
vn -0.46809 0.24912 0.84784
vn -0.36506 0.19432 0.91048
vn -0.26759 0.15056 0.95170
vn -0.17529 0.11889 0.97731
vn -0.08682 0.09967 0.99123
vn -0.00038 0.09299 0.99567
vn 0.08602 0.09888 0.99137
vn 0.17434 0.11733 0.97767
vn 0.26641 0.14828 0.95239
vn 0.36360 0.19139 0.91168
vn 0.46630 0.24567 0.84983
vn 0.57298 0.30872 0.75920
vn 0.67857 0.37558 0.63125
vn 0.77277 0.43775 0.45956
vn 0.84025 0.48346 0.24543
vn 0.84786 0.51556 0.12382
vn 0.82632 0.54949 -0.12349
vn 0.80868 0.53507 -0.24439
vn 0.74132 0.48559 -0.46330
vn 0.64779 0.41854 -0.63654
vn 0.54430 0.34731 -0.76362
vn 0.44109 0.28099 -0.85234
vn 0.34285 0.22443 -0.91218
vn 0.25095 0.17986 -0.95114
vn 0.20039 0.15374 -0.96758
vn 0.26775 0.14376 -0.95270
vn 0.00399 0.14388 -0.98959
vn -0.26893 0.14474 -0.95222
vn -0.20011 0.15426 -0.96755
vn -0.24953 0.18031 -0.95143
vn -0.34100 0.22482 -0.91278
vn -0.43872 0.28116 -0.85351
vn -0.54139 0.34712 -0.76577
vn -0.64457 0.41795 -0.64019
vn -0.73835 0.48479 -0.46885
vn -0.80683 0.53448 -0.25171
vn -0.83295 0.55333 -0.00403
vn -0.80868 0.53509 0.24436
vn -0.74134 0.48575 0.46309
vn -0.64786 0.41915 0.63607
vn -0.54423 0.34822 0.76325
vn -0.44079 0.28153 0.85232
vn -0.34264 0.22455 0.91223
vn -0.25066 0.17974 0.95124
vn -0.16398 0.14772 0.97534
vn -0.08119 0.12858 0.98837
vn -0.00044 0.12227 0.99250
vn 0.08024 0.12877 0.98842
vn 0.16285 0.14807 0.97548
vn 0.24925 0.18014 0.95154
vn 0.34090 0.22483 0.91282
vn 0.43844 0.28147 0.85355
vn 0.54106 0.34787 0.76566
vn 0.64453 0.41875 0.63971
vn 0.73840 0.48516 0.46839
vn 0.80683 0.53454 0.25157
vn 0.82629 0.54836 0.12861
vn 0.84986 0.50950 -0.13471
vn 0.83811 0.47542 -0.26748
vn 0.75493 0.42747 -0.49735
vn 0.64637 0.36672 -0.66912
vn 0.53356 0.30633 -0.78834
vn 0.42674 0.25311 -0.86823
vn 0.32878 0.20958 -0.92086
vn 0.23933 0.17632 -0.95479
vn 0.19065 0.15791 -0.96887
vn 0.25489 0.15194 -0.95496
vn 0.00407 0.15564 -0.98781
vn -0.25622 0.15383 -0.95430
vn -0.19037 0.15975 -0.96863
vn -0.23793 0.17916 -0.95462
vn -0.32694 0.21299 -0.92073
vn -0.42432 0.25673 -0.86836
vn -0.53046 0.30973 -0.78910
vn -0.64272 0.36945 -0.67113
vn -0.75132 0.42922 -0.50129
vn -0.83573 0.47620 -0.27348
vn -0.86928 0.49430 -0.00350
vn -0.83813 0.47555 0.26718
vn -0.75523 0.42860 0.49591
vn -0.64710 0.37060 0.66627
vn -0.53330 0.31178 0.78637
vn -0.42494 0.25638 0.86816
vn -0.32755 0.21040 0.92111
vn -0.23875 0.17606 0.95499
vn -0.15577 0.15239 0.97597
vn -0.07698 0.13856 0.98736
vn -0.00043 0.13430 0.99094
vn 0.07606 0.13954 0.98729
vn 0.15466 0.15430 0.97584
vn 0.23748 0.17869 0.95482
vn 0.32629 0.21318 0.92092
vn 0.42258 0.25877 0.86860
vn 0.52861 0.31447 0.78847
vn 0.64283 0.37441 0.66827
vn 0.75190 0.43154 0.49841
vn 0.83578 0.47661 0.27262
vn 0.87157 0.46938 0.14159
vn 0.92667 0.34381 -0.15193
vn 0.90910 0.29055 -0.29852
vn 0.79973 0.26143 -0.54045
vn 0.66782 0.22836 -0.70843
vn 0.54032 0.19877 -0.81764
vn 0.42609 0.17498 -0.88760
vn 0.32525 0.15698 -0.93251
vn 0.23541 0.14411 -0.96115
vn 0.18706 0.13843 -0.97255
vn 0.25004 0.13824 -0.95832
vn 0.00371 0.14612 -0.98926
vn -0.25141 0.14048 -0.95763
vn -0.18684 0.14104 -0.97221
vn -0.23425 0.14856 -0.96076
vn -0.32381 0.16253 -0.93206
vn -0.42427 0.18126 -0.88721
vn -0.53803 0.20525 -0.81756
vn -0.66508 0.23438 -0.70904
vn -0.79691 0.26616 -0.54231
vn -0.90715 0.29317 -0.30189
vn -0.95282 0.30353 -0.00221
vn -0.90944 0.29129 0.29678
vn -0.80273 0.26702 0.53323
vn -0.67388 0.24601 0.69668
vn -0.54044 0.22295 0.81131
vn -0.41808 0.18996 0.88833
vn -0.31971 0.16114 0.93371
vn -0.23363 0.14358 0.96167
vn -0.15218 0.13355 0.97929
vn -0.07496 0.12810 0.98892
vn -0.00030 0.12670 0.99194
vn 0.07426 0.12943 0.98880
vn 0.15128 0.13625 0.97906
vn 0.23302 0.14722 0.96126
vn 0.32058 0.16406 0.93291
vn 0.41623 0.19169 0.88883
vn 0.53112 0.22780 0.81610
vn 0.66889 0.25672 0.69763
vn 0.80208 0.27633 0.52944
vn 0.90791 0.29505 0.29773
vn 0.95417 0.25522 0.15627
vn 0.98246 0.09389 -0.16109
vn 0.94851 0.06269 -0.31048
vn 0.82827 0.06623 -0.55640
vn 0.68665 0.07199 -0.72341
vn 0.55241 0.07897 -0.82982
vn 0.43382 0.08625 -0.89686
vn 0.33018 0.09311 -0.93931
vn 0.23848 0.09902 -0.96609
vn 0.18938 0.10409 -0.97637
vn 0.25308 0.10852 -0.96134
vn 0.00302 0.11817 -0.99299
vn -0.25438 0.10912 -0.96093
vn -0.18928 0.10529 -0.97626
vn -0.23776 0.10127 -0.96603
vn -0.32943 0.09594 -0.93929
vn -0.43306 0.08950 -0.89691
vn -0.55165 0.08242 -0.82999
vn -0.68594 0.07530 -0.72375
vn -0.82768 0.06895 -0.55694
vn -0.94817 0.06426 -0.31119
vn -0.99807 0.06216 -0.00104
vn -0.95070 0.06517 0.30320
vn -0.84429 0.08343 0.52936
vn -0.71615 0.12624 0.68644
vn -0.55603 0.15424 0.81673
vn -0.40663 0.13410 0.90370
vn -0.31107 0.10709 0.94433
vn -0.23286 0.09786 0.96757
vn -0.15232 0.09759 0.98350
vn -0.07464 0.09787 0.99240
vn -0.00000 0.09782 0.99520
vn 0.07444 0.09800 0.99240
vn 0.15184 0.09809 0.98353
vn 0.23375 0.09796 0.96735
vn 0.31694 0.10297 0.94284
vn 0.40515 0.12657 0.90545
vn 0.53406 0.15588 0.83095
vn 0.71005 0.14251 0.68958
vn 0.85244 0.09667 0.51381
vn 0.95241 0.06937 0.29681
vn 0.98715 0.02967 0.15704
vn 0.98589 -0.05489 -0.15816
vn 0.95074 -0.05749 -0.30460
vn 0.83529 -0.03925 -0.54840
vn 0.69675 -0.01673 -0.71712
vn 0.56317 0.00548 -0.82632
vn 0.44368 0.02525 -0.89583
vn 0.33836 0.04176 -0.94009
vn 0.24467 0.05469 -0.96806
vn 0.19450 0.06321 -0.97886
vn 0.26001 0.06870 -0.96316
vn 0.00201 0.07644 -0.99707
vn -0.26097 0.06752 -0.96298
vn -0.19448 0.06273 -0.97890
vn -0.24431 0.05417 -0.96818
vn -0.33808 0.04109 -0.94022
vn -0.44351 0.02448 -0.89594
vn -0.56314 0.00466 -0.82635
vn -0.69687 -0.01753 -0.71698
vn -0.83552 -0.03992 -0.54801
vn -0.95096 -0.05789 -0.30386
vn -0.99792 -0.06451 -0.00155
vn -0.95790 -0.05198 0.28236
vn -0.88427 -0.00261 0.46697
vn -0.78270 0.10229 0.61393
vn -0.57150 0.16790 0.80324
vn -0.37262 0.12539 0.91947
vn -0.28837 0.07092 0.95489
vn -0.22968 0.05123 0.97192
vn -0.15209 0.04933 0.98713
vn -0.07369 0.04827 0.99611
vn 0.00060 0.04692 0.99890
vn 0.07443 0.04679 0.99613
vn 0.15215 0.04697 0.98724
vn 0.23264 0.04716 0.97142
vn 0.30123 0.06024 0.95165
vn 0.37012 0.10994 0.92246
vn 0.52786 0.16314 0.83352
vn 0.77266 0.12092 0.62320
vn 0.90222 0.01086 0.43113
vn 0.96248 -0.04902 0.26688
vn 0.98628 -0.07188 0.14863
vn 0.98320 -0.09796 -0.15401
vn 0.94984 -0.09536 -0.29786
vn 0.83890 -0.07756 -0.53873
vn 0.70366 -0.05585 -0.70834
vn 0.57137 -0.03479 -0.81995
vn 0.45169 -0.01637 -0.89202
vn 0.34532 -0.00126 -0.93848
vn 0.25012 0.01039 -0.96816
vn 0.19912 0.01755 -0.97982
vn 0.26638 0.02166 -0.96362
vn 0.00071 0.02532 -0.99968
vn -0.26678 0.01992 -0.96355
vn -0.19913 0.01657 -0.97983
vn -0.25005 0.00904 -0.96819
vn -0.34533 -0.00296 -0.93848
vn -0.45180 -0.01832 -0.89193
vn -0.57159 -0.03685 -0.81971
vn -0.70399 -0.05784 -0.70785
vn -0.83927 -0.07918 -0.53792
vn -0.95012 -0.09630 -0.29664
vn -0.99477 -0.10210 -0.00392
vn -0.96534 -0.08633 0.24629
vn -0.93836 -0.01976 0.34509
vn -0.87251 0.12860 0.47137
vn -0.57889 0.19954 0.79061
vn -0.31253 0.11649 0.94274
vn -0.24688 0.03531 0.96840
vn -0.21817 0.00043 0.97591
vn -0.14645 -0.01040 0.98916
vn -0.06909 -0.01827 0.99744
vn 0.00157 -0.02270 0.99974
vn 0.07127 -0.02060 0.99724
vn 0.14706 -0.01405 0.98903
vn 0.22248 -0.00409 0.97493
vn 0.26375 0.02879 0.96416
vn 0.30795 0.10830 0.94522
vn 0.51891 0.18934 0.83359
vn 0.86074 0.13494 0.49083
vn 0.95704 -0.01587 0.28951
vn 0.97080 -0.08612 0.22391
vn 0.98485 -0.10374 0.13896
vn 0.98285 -0.10513 -0.15153
vn 0.95068 -0.09791 -0.29432
vn 0.84151 -0.08600 -0.53336
vn 0.70754 -0.07195 -0.70300
vn 0.57572 -0.05880 -0.81553
vn 0.45589 -0.04773 -0.88876
vn 0.34896 -0.03898 -0.93633
vn 0.25297 -0.03249 -0.96693
vn 0.20160 -0.02903 -0.97904
vn 0.26995 -0.02740 -0.96248
vn -0.00072 -0.02900 -0.99958
vn -0.26969 -0.02953 -0.96249
vn -0.20163 -0.03044 -0.97899
vn -0.25318 -0.03458 -0.96680
vn -0.34921 -0.04161 -0.93612
vn -0.45618 -0.05073 -0.88844
vn -0.57606 -0.06196 -0.81506
vn -0.70791 -0.07496 -0.70231
vn -0.84185 -0.08843 -0.53241
vn -0.95092 -0.09930 -0.29307
vn -0.99472 -0.10237 -0.00738
vn -0.97508 -0.08807 0.20363
vn -0.98183 -0.02642 0.18791
vn -0.94783 0.10317 0.30162
vn -0.57685 0.14133 0.80453
vn -0.24899 0.05123 0.96715
vn -0.20104 -0.01837 0.97941
vn -0.19850 -0.05399 0.97861
vn -0.13240 -0.07385 0.98844
vn -0.05889 -0.09039 0.99416
vn 0.00270 -0.09832 0.99515
vn 0.06270 -0.09271 0.99372
vn 0.13334 -0.07742 0.98804
vn 0.20146 -0.05594 0.97790
vn 0.21320 -0.01201 0.97694
vn 0.24414 0.06195 0.96776
vn 0.52633 0.13064 0.84018
vn 0.94316 0.07686 0.32333
vn 0.98926 -0.04446 0.13921
vn 0.97848 -0.09332 0.18406
vn 0.98643 -0.09815 0.13161
vn 0.98569 -0.07401 -0.15146
vn 0.95323 -0.06486 -0.29522
vn 0.84276 -0.06350 -0.53453
vn 0.70767 -0.06289 -0.70374
vn 0.57517 -0.06331 -0.81558
vn 0.45504 -0.06453 -0.88813
vn 0.34806 -0.06620 -0.93513
vn 0.25216 -0.06796 -0.96530
vn 0.20099 -0.07001 -0.97709
vn 0.26943 -0.07166 -0.96035
vn -0.00208 -0.07875 -0.99689
vn -0.26852 -0.07385 -0.96044
vn -0.20103 -0.07160 -0.97697
vn -0.25260 -0.07041 -0.96501
vn -0.34847 -0.06927 -0.93476
vn -0.45542 -0.06805 -0.88767
vn -0.57552 -0.06700 -0.81504
vn -0.70797 -0.06640 -0.70312
vn -0.84300 -0.06634 -0.53381
vn -0.95337 -0.06647 -0.29440
vn -0.99779 -0.06560 -0.01034
vn -0.98288 -0.05950 0.17436
vn -0.99603 -0.03546 0.08169
vn -0.97696 -0.00770 0.21328
vn -0.55476 -0.03126 0.83142
vn -0.21025 -0.06174 0.97570
vn -0.17318 -0.08141 0.98152
vn -0.17619 -0.10113 0.97915
vn -0.11059 -0.12553 0.98591
vn -0.04361 -0.14812 0.98801
vn 0.00345 -0.15788 0.98745
vn 0.04847 -0.14897 0.98765
vn 0.11152 -0.12693 0.98562
vn 0.17506 -0.09942 0.97953
vn 0.17335 -0.06549 0.98268
vn 0.20891 -0.03828 0.97718
vn 0.54566 -0.03825 0.83714
vn 0.97447 -0.05770 0.21697
vn 0.99501 -0.06854 0.07250
vn 0.98304 -0.06849 0.17014
vn 0.98978 -0.05702 0.13067
vn 0.98560 -0.07130 -0.15333
vn 0.95021 -0.08880 -0.29869
vn 0.83748 -0.08934 -0.53912
vn 0.70092 -0.09093 -0.70742
vn 0.56812 -0.09359 -0.81760
vn 0.44852 -0.09693 -0.88850
vn 0.34254 -0.10041 -0.93412
vn 0.24787 -0.10355 -0.96324
vn 0.19755 -0.10643 -0.97450
vn 0.26515 -0.10945 -0.95797
vn -0.00316 -0.11869 -0.99293
vn -0.26380 -0.10970 -0.95832
vn -0.19765 -0.10614 -0.97451
vn -0.24860 -0.10287 -0.96313
vn -0.34329 -0.09955 -0.93394
vn -0.44928 -0.09595 -0.88822
vn -0.56889 -0.09256 -0.81719
vn -0.70165 -0.08994 -0.70683
vn -0.83810 -0.08854 -0.53829
vn -0.95057 -0.08833 -0.29767
vn -0.99599 -0.08881 -0.01033
vn -0.97971 -0.09332 0.17738
vn -0.98787 -0.12047 0.09803
vn -0.94004 -0.21153 0.26754
vn -0.50760 -0.24442 0.82620
vn -0.21142 -0.17614 0.96139
vn -0.17469 -0.13685 0.97507
vn -0.15817 -0.13504 0.97813
vn -0.08677 -0.15348 0.98433
vn -0.02734 -0.17285 0.98457
vn 0.00317 -0.18057 0.98356
vn 0.03183 -0.17093 0.98477
vn 0.08752 -0.15017 0.98478
vn 0.15333 -0.12925 0.97969
vn 0.16289 -0.12234 0.97903
vn 0.21455 -0.15613 0.96415
vn 0.54756 -0.24606 0.79977
vn 0.93797 -0.24295 0.24735
vn 0.97983 -0.14736 0.13496
vn 0.97652 -0.09935 0.19115
vn 0.98507 -0.10578 0.13584
vn 0.96337 -0.22095 -0.15202
vn 0.92110 -0.25597 -0.29336
vn 0.81444 -0.23551 -0.53031
vn 0.68423 -0.21108 -0.69805
vn 0.55646 -0.18850 -0.80921
vn 0.44048 -0.16983 -0.88155
vn 0.33708 -0.15528 -0.92858
vn 0.24427 -0.14445 -0.95889
vn 0.19496 -0.13879 -0.97094
vn 0.26197 -0.13878 -0.95504
vn -0.00388 -0.14556 -0.98934
vn -0.26051 -0.13685 -0.95572
vn -0.19517 -0.13649 -0.97123
vn -0.24543 -0.14051 -0.95918
vn -0.33847 -0.15036 -0.92889
vn -0.44219 -0.16428 -0.88175
vn -0.55853 -0.18275 -0.80910
vn -0.68662 -0.20574 -0.69730
vn -0.81681 -0.23129 -0.52851
vn -0.92268 -0.25360 -0.29042
vn -0.96443 -0.26425 -0.00630
vn -0.94099 -0.27009 0.20393
vn -0.92305 -0.31860 0.21556
vn -0.81553 -0.42190 0.39612
vn -0.47050 -0.38771 0.79266
vn -0.25157 -0.25700 0.93309
vn -0.20130 -0.17801 0.96322
vn -0.15053 -0.15332 0.97664
vn -0.07029 -0.15240 0.98582
vn -0.01631 -0.15796 0.98731
vn 0.00168 -0.16011 0.98710
vn 0.01883 -0.15402 0.98789
vn 0.07091 -0.14546 0.98682
vn 0.14529 -0.14512 0.97869
vn 0.18422 -0.16983 0.96810
vn 0.25665 -0.25209 0.93305
vn 0.53054 -0.39731 0.74878
vn 0.82826 -0.41951 0.37149
vn 0.90878 -0.31677 0.27162
vn 0.93712 -0.26783 0.22378
vn 0.94349 -0.30169 0.13714
vn 0.89886 -0.41505 -0.14066
vn 0.86435 -0.42290 -0.27212
vn 0.77728 -0.38300 -0.49915
vn 0.66517 -0.33232 -0.66867
vn 0.54926 -0.28183 -0.78669
vn 0.43962 -0.23715 -0.86631
vn 0.33895 -0.20037 -0.91922
vn 0.24682 -0.17197 -0.95368
vn 0.19751 -0.15582 -0.96784
vn 0.26547 -0.15112 -0.95220
vn -0.00422 -0.15454 -0.98798
vn -0.26405 -0.14943 -0.95286
vn -0.19777 -0.15418 -0.96805
vn -0.24821 -0.16940 -0.95378
vn -0.34071 -0.19726 -0.91924
vn -0.44188 -0.23381 -0.86607
vn -0.55209 -0.27862 -0.78586
vn -0.66844 -0.32965 -0.66672
vn -0.78048 -0.38117 -0.49554
vn -0.86644 -0.42202 -0.26681
vn -0.89858 -0.43881 -0.00119
vn -0.87177 -0.43555 0.22430
vn -0.82504 -0.45692 0.33246
vn -0.70797 -0.49434 0.50439
vn -0.47632 -0.42343 0.77060
vn -0.31660 -0.28973 0.90323
vn -0.24115 -0.19744 0.95019
vn -0.15711 -0.15074 0.97601
vn -0.06843 -0.12597 0.98967
vn -0.01530 -0.11388 0.99338
vn -0.00055 -0.10928 0.99401
vn 0.01491 -0.10988 0.99383
vn 0.06904 -0.11963 0.99041
vn 0.15449 -0.14484 0.97732
vn 0.22741 -0.19603 0.95387
vn 0.32094 -0.29902 0.89866
vn 0.52569 -0.44132 0.72725
vn 0.72599 -0.48182 0.49071
vn 0.81678 -0.43884 0.37455
vn 0.87093 -0.43049 0.23698
vn 0.88149 -0.45390 0.13021
vn 0.86177 -0.49034 -0.13011
vn 0.84063 -0.47801 -0.25464
vn 0.76678 -0.43377 -0.47318
vn 0.66690 -0.37499 -0.64391
vn 0.55845 -0.31353 -0.76801
vn 0.45164 -0.25691 -0.85441
vn 0.35069 -0.20892 -0.91289
vn 0.25652 -0.17118 -0.95126
vn 0.20566 -0.14927 -0.96717
vn 0.27607 -0.14145 -0.95067
vn -0.00411 -0.14238 -0.98980
vn -0.27479 -0.14049 -0.95118
vn -0.20592 -0.14874 -0.96720
vn -0.25791 -0.17067 -0.95098
vn -0.35246 -0.20841 -0.91233
vn -0.45387 -0.25654 -0.85334
vn -0.56115 -0.31343 -0.76608
vn -0.66990 -0.37522 -0.64066
vn -0.76955 -0.43421 -0.46824
vn -0.84236 -0.47838 -0.24814
vn -0.86878 -0.49520 0.00190
vn -0.84259 -0.48448 0.23520
vn -0.78290 -0.47201 0.40531
vn -0.67700 -0.45686 0.57702
vn -0.51601 -0.38417 0.76560
vn -0.38474 -0.27620 0.88073
vn -0.28396 -0.18933 0.93996
vn -0.17812 -0.12995 0.97539
vn -0.08326 -0.08804 0.99263
vn -0.02557 -0.06193 0.99775
vn -0.00260 -0.05214 0.99864
vn 0.02244 -0.05954 0.99797
vn 0.08380 -0.08485 0.99286
vn 0.17887 -0.12821 0.97548
vn 0.27822 -0.19230 0.94107
vn 0.38860 -0.28794 0.87526
vn 0.54567 -0.39742 0.73777
vn 0.68928 -0.44725 0.56997
vn 0.78052 -0.45879 0.42461
vn 0.84342 -0.48162 0.23809
vn 0.86187 -0.49167 0.12425
vn 0.87967 -0.45859 -0.12600
vn 0.86834 -0.42882 -0.24919
vn 0.79555 -0.38808 -0.46529
vn 0.69549 -0.33342 -0.63649
vn 0.58510 -0.27556 -0.76271
vn 0.47495 -0.22168 -0.85164
vn 0.36979 -0.17567 -0.91236
vn 0.27101 -0.13935 -0.95244
vn 0.21731 -0.11823 -0.96892
vn 0.29087 -0.10999 -0.95042
vn -0.00337 -0.10974 -0.99396
vn -0.28989 -0.11006 -0.95071
vn -0.21752 -0.11905 -0.96877
vn -0.27214 -0.14115 -0.95185
vn -0.37119 -0.17799 -0.91134
vn -0.47665 -0.22439 -0.84997
vn -0.58706 -0.27848 -0.76014
vn -0.69755 -0.33626 -0.63273
vn -0.79736 -0.39041 -0.46021
vn -0.86943 -0.43016 -0.24299
vn -0.89569 -0.44468 0.00280
vn -0.86886 -0.43125 0.24311
vn -0.80047 -0.40217 0.44441
vn -0.69733 -0.36340 0.61779
vn -0.56624 -0.30048 0.76752
vn -0.44194 -0.22240 0.86904
vn -0.32540 -0.15229 0.93323
vn -0.21005 -0.09496 0.97307
vn -0.11105 -0.04916 0.99260
vn -0.04400 -0.01819 0.99887
vn -0.00362 -0.00694 0.99997
vn 0.03935 -0.01826 0.99906
vn 0.11135 -0.05014 0.99252
vn 0.21281 -0.09778 0.97219
vn 0.32595 -0.15809 0.93207
vn 0.44570 -0.23205 0.86458
vn 0.57982 -0.30866 0.75401
vn 0.70318 -0.36087 0.61263
vn 0.80030 -0.39811 0.44835
vn 0.86968 -0.43111 0.24041
vn 0.89776 -0.42276 0.12372
vn 0.94139 -0.31209 -0.12803
vn 0.93024 -0.26506 -0.25376
vn 0.84852 -0.23742 -0.47291
vn 0.73798 -0.20127 -0.64411
vn 0.61815 -0.16380 -0.76880
vn 0.50031 -0.12951 -0.85611
vn 0.38891 -0.10061 -0.91577
vn 0.28484 -0.07805 -0.95539
vn 0.22811 -0.06526 -0.97145
vn 0.30428 -0.06005 -0.95069
vn -0.00194 -0.05995 -0.99820
vn -0.30374 -0.06107 -0.95080
vn -0.22822 -0.06724 -0.97128
vn -0.28548 -0.08178 -0.95489
vn -0.38967 -0.10526 -0.91492
vn -0.50119 -0.13477 -0.85478
vn -0.61911 -0.16923 -0.76685
vn -0.73892 -0.20630 -0.64144
vn -0.84930 -0.24137 -0.46950
vn -0.93069 -0.26726 -0.24976
vn -0.96106 -0.27632 0.00199
vn -0.93043 -0.26574 0.25236
vn -0.84997 -0.24114 0.46840
vn -0.73814 -0.20904 0.64144
vn -0.61065 -0.16935 0.77358
vn -0.48394 -0.12506 0.86612
vn -0.36106 -0.08261 0.92888
vn -0.24396 -0.04350 0.96881
vn -0.14236 -0.00899 0.98977
vn -0.06409 0.01591 0.99782
vn -0.00343 0.02458 0.99969
vn 0.05950 0.01375 0.99813
vn 0.14230 -0.01323 0.98973
vn 0.24682 -0.04948 0.96780
vn 0.36372 -0.09002 0.92715
vn 0.48688 -0.13342 0.86322
vn 0.61560 -0.17626 0.76810
vn 0.74018 -0.21223 0.63803
vn 0.85003 -0.24314 0.46727
vn 0.93076 -0.26747 0.24928
vn 0.96373 -0.23419 0.12801
vn 0.96906 -0.21115 -0.12785
vn 0.94171 -0.23089 -0.24470
vn 0.86005 -0.21539 -0.46251
vn 0.74891 -0.19537 -0.63322
vn 0.62817 -0.17507 -0.75812
vn 0.50928 -0.15697 -0.84617
vn 0.39671 -0.14210 -0.90688
vn 0.29133 -0.13075 -0.94764
vn 0.23192 -0.12466 -0.96471
vn 0.30528 -0.12183 -0.94444
vn 0.01601 -0.13170 -0.99116
vn -0.31125 -0.12575 -0.94197
vn -0.23131 -0.12631 -0.96465
vn -0.28735 -0.13242 -0.94863
vn -0.39243 -0.14412 -0.90842
vn -0.50470 -0.15916 -0.84850
vn -0.62336 -0.17723 -0.76158
vn -0.74415 -0.19724 -0.63822
vn -0.85599 -0.21676 -0.46936
vn -0.93928 -0.23161 -0.25321
vn -0.97149 -0.23706 -0.00461
vn -0.94173 -0.23099 0.24452
vn -0.86021 -0.21589 0.46198
vn -0.74851 -0.19627 0.63342
vn -0.62516 -0.17500 0.76062
vn -0.50148 -0.15384 0.85138
vn -0.38156 -0.13397 0.91458
vn -0.26809 -0.11579 0.95641
vn -0.16597 -0.10049 0.98100
vn -0.07880 -0.09058 0.99277
vn -0.00280 -0.08837 0.99608
vn 0.07372 -0.09423 0.99282
vn 0.16191 -0.10624 0.98107
vn 0.26457 -0.12173 0.95665
vn 0.37779 -0.13904 0.91539
vn 0.49733 -0.15785 0.85308
vn 0.62096 -0.17781 0.76341
vn 0.74394 -0.19789 0.63828
vn 0.85607 -0.21694 0.46912
vn 0.93929 -0.23162 0.25314
vn 0.95821 -0.25696 0.12568
vn 0.88022 -0.46030 -0.11546
vn 0.82200 -0.52280 -0.22582
vn 0.75741 -0.50080 -0.41896
vn 0.66769 -0.47178 -0.57585
vn 0.56680 -0.44168 -0.69545
vn 0.46393 -0.41434 -0.78300
vn 0.36361 -0.39160 -0.84524
vn 0.26754 -0.37412 -0.88795
vn 0.21731 -0.36559 -0.90505
vn 0.29618 -0.36185 -0.88394
vn -0.03065 -0.38839 -0.92098
vn -0.28364 -0.36853 -0.88528
vn -0.21831 -0.36691 -0.90428
vn -0.27507 -0.37533 -0.88514
vn -0.37150 -0.39324 -0.84104
vn -0.47211 -0.41638 -0.77701
vn -0.57504 -0.44403 -0.68715
vn -0.67545 -0.47421 -0.56471
vn -0.76371 -0.50291 -0.40475
vn -0.82562 -0.52406 -0.20908
vn -0.84699 -0.53153 0.00887
vn -0.82201 -0.52280 0.22578
vn -0.75746 -0.50082 0.41885
vn -0.66738 -0.47170 0.57628
vn -0.56473 -0.44107 0.69752
vn -0.45796 -0.41260 0.78743
vn -0.35141 -0.38820 0.85195
vn -0.24838 -0.36898 0.89564
vn -0.15366 -0.35567 0.92189
vn -0.07086 -0.34825 0.93472
vn 0.00284 -0.34589 0.93827
vn 0.07703 -0.34817 0.93426
vn 0.16091 -0.35585 0.92059
vn 0.25651 -0.36974 0.89302
vn 0.35994 -0.38963 0.84772
vn 0.46657 -0.41457 0.78131
vn 0.57320 -0.44342 0.68907
vn 0.67520 -0.47414 0.56506
vn 0.76376 -0.50293 0.40465
vn 0.82563 -0.52406 0.20904
vn 0.79550 -0.59690 0.10434
vn 0.59774 -0.79785 -0.07840
vn 0.54640 -0.82246 -0.15814
vn 0.51437 -0.80607 -0.29270
vn 0.46681 -0.78300 -0.41109
vn 0.40841 -0.75692 -0.51017
vn 0.34337 -0.73111 -0.58955
vn 0.27483 -0.70798 -0.65056
vn 0.20498 -0.68914 -0.69504
vn 0.17048 -0.68051 -0.71263
vn 0.24000 -0.67707 -0.69569
vn -0.05562 -0.70485 -0.70717
vn -0.21656 -0.68266 -0.69791
vn -0.17230 -0.68172 -0.71103
vn -0.21822 -0.69232 -0.68780
vn -0.28796 -0.71207 -0.64034
vn -0.35602 -0.73585 -0.57600
vn -0.42008 -0.76193 -0.49295
vn -0.47678 -0.78771 -0.39012
vn -0.52176 -0.80979 -0.26833
vn -0.55036 -0.82453 -0.13134
vn -0.55897 -0.82907 0.01384
vn -0.54640 -0.82246 0.15811
vn -0.51439 -0.80609 0.29262
vn -0.46661 -0.78292 0.41147
vn -0.40709 -0.75631 0.51212
vn -0.33937 -0.72926 0.59415
vn -0.26617 -0.70415 0.65828
vn -0.19079 -0.68307 0.70499
vn -0.11843 -0.66791 0.73475
vn -0.05346 -0.65940 0.74989
vn 0.00538 -0.65690 0.75396
vn 0.06510 -0.66008 0.74837
vn 0.13179 -0.66973 0.73081
vn 0.20521 -0.68625 0.69782
vn 0.28044 -0.70843 0.64767
vn 0.35273 -0.73419 0.58012
vn 0.41910 -0.76144 0.49454
vn 0.47666 -0.78766 0.39036
vn 0.52178 -0.80981 0.26826
vn 0.55036 -0.82453 0.13132
vn 0.50574 -0.86013 0.06633
vn 0.32207 -0.94577 -0.04225
vn 0.29359 -0.95135 -0.09353
vn 0.27948 -0.94536 -0.16786
vn 0.25799 -0.93675 -0.23653
vn 0.23016 -0.92650 -0.29769
vn 0.19716 -0.91574 -0.35007
vn 0.16014 -0.90552 -0.39291
vn 0.12031 -0.89681 -0.42575
vn 0.10384 -0.89339 -0.43711
vn 0.15510 -0.89158 -0.42548
vn -0.07134 -0.90321 -0.42322
vn -0.12463 -0.89447 -0.42941
vn -0.10626 -0.89408 -0.43511
vn -0.13676 -0.90005 -0.41378
vn -0.17562 -0.90947 -0.37685
vn -0.21117 -0.92004 -0.33006
vn -0.24222 -0.93073 -0.27397
vn -0.26761 -0.94047 -0.20954
vn -0.28620 -0.94814 -0.13829
vn -0.29705 -0.95283 -0.06228
vn -0.29956 -0.95395 0.01591
vn -0.29359 -0.95135 0.09351
vn -0.27949 -0.94537 0.16781
vn -0.25788 -0.93671 0.23681
vn -0.22946 -0.92621 0.29913
vn -0.19496 -0.91485 0.35361
vn -0.15518 -0.90362 0.39925
vn -0.11194 -0.89370 0.43447
vn -0.06887 -0.88639 0.45779
vn -0.02930 -0.88232 0.46974
vn 0.00723 -0.88132 0.47247
vn 0.04481 -0.88331 0.46664
vn 0.08624 -0.88868 0.45035
vn 0.12993 -0.89725 0.42197
vn 0.17204 -0.90794 0.38216
vn 0.20975 -0.91941 0.33271
vn 0.24185 -0.93057 0.27484
vn 0.26758 -0.94046 0.20963
vn 0.28621 -0.94814 0.13825
vn 0.29705 -0.95283 0.06227
vn 0.25628 -0.96602 0.03356
vn 0.12737 -0.99172 -0.01661
vn 0.12427 -0.99104 -0.04887
vn 0.11813 -0.98975 -0.08030
vn 0.10909 -0.98795 -0.10978
vn 0.09737 -0.98583 -0.13658
vn 0.08325 -0.98359 -0.16004
vn 0.06708 -0.98145 -0.17959
vn 0.04932 -0.97963 -0.19466
vn 0.04629 -0.97940 -0.19654
vn 0.07875 -0.97899 -0.18809
vn -0.07701 -0.97912 -0.18811
vn -0.04681 -0.97939 -0.19648
vn -0.04907 -0.97959 -0.19493
vn -0.06667 -0.98139 -0.18009
vn -0.08293 -0.98353 -0.16061
vn -0.09713 -0.98577 -0.13718
vn -0.10892 -0.98790 -0.11038
vn -0.11802 -0.98971 -0.08089
vn -0.12421 -0.99102 -0.04944
vn -0.12735 -0.99172 -0.01680
vn -0.12737 -0.99172 0.01623
vn -0.12427 -0.99105 0.04885
vn -0.11813 -0.98975 0.08028
vn -0.10903 -0.98794 0.10996
vn -0.09700 -0.98575 0.13744
vn -0.08215 -0.98335 0.16210
vn -0.06459 -0.98094 0.18326
vn -0.04522 -0.97883 0.19963
vn -0.02599 -0.97735 0.21002
vn -0.00846 -0.97665 0.21468
vn 0.00798 -0.97663 0.21476
vn 0.02548 -0.97731 0.21026
vn 0.04471 -0.97877 0.20004
vn 0.06414 -0.98087 0.18380
vn 0.08179 -0.98328 0.16271
vn 0.09675 -0.98569 0.13807
vn 0.10885 -0.98789 0.11058
vn 0.11802 -0.98971 0.08087
vn 0.12421 -0.99102 0.04943
vn 0.12735 -0.99172 0.01680
vn 0.12737 -0.99180 0.01002
f 1/1/1 42/42/42 2/2/2
f 2/2/2 42/42/42 43/43/43
f 2/2/2 43/43/43 3/3/3
f 3/3/3 43/43/43 44/44/44
f 3/3/3 44/44/44 4/4/4
f 4/4/4 44/44/44 45/45/45
f 4/4/4 45/45/45 5/5/5
f 5/5/5 45/45/45 46/46/46
f 5/5/5 46/46/46 6/6/6
f 6/6/6 46/46/46 47/47/47
f 6/6/6 47/47/47 7/7/7
f 7/7/7 47/47/47 48/48/48
f 7/7/7 48/48/48 8/8/8
f 8/8/8 48/48/48 49/49/49
f 8/8/8 49/49/49 9/9/9
f 9/9/9 49/49/49 50/50/50
f 9/9/9 50/50/50 10/10/10
f 10/10/10 50/50/50 51/51/51
f 10/10/10 51/51/51 11/11/11
f 11/11/11 51/51/51 52/52/52
f 11/11/11 52/52/52 12/12/12
f 12/12/12 52/52/52 53/53/53
f 12/12/12 53/53/53 13/13/13
f 13/13/13 53/53/53 54/54/54
f 13/13/13 54/54/54 14/14/14
f 14/14/14 54/54/54 55/55/55
f 14/14/14 55/55/55 15/15/15
f 15/15/15 55/55/55 56/56/56
f 15/15/15 56/56/56 16/16/16
f 16/16/16 56/56/56 57/57/57
f 16/16/16 57/57/57 17/17/17
f 17/17/17 57/57/57 58/58/58
f 17/17/17 58/58/58 18/18/18
f 18/18/18 58/58/58 59/59/59
f 18/18/18 59/59/59 19/19/19
f 19/19/19 59/59/59 60/60/60
f 19/19/19 60/60/60 20/20/20
f 20/20/20 60/60/60 61/61/61
f 20/20/20 61/61/61 21/21/21
f 21/21/21 61/61/61 62/62/62
f 21/21/21 62/62/62 22/22/22
f 22/22/22 62/62/62 63/63/63
f 22/22/22 63/63/63 23/23/23
f 23/23/23 63/63/63 64/64/64
f 23/23/23 64/64/64 24/24/24
f 24/24/24 64/64/64 65/65/65
f 24/24/24 65/65/65 25/25/25
f 25/25/25 65/65/65 66/66/66
f 25/25/25 66/66/66 26/26/26
f 26/26/26 66/66/66 67/67/67
f 26/26/26 67/67/67 27/27/27
f 27/27/27 67/67/67 68/68/68
f 27/27/27 68/68/68 28/28/28
f 28/28/28 68/68/68 69/69/69
f 28/28/28 69/69/69 29/29/29
f 29/29/29 69/69/69 70/70/70
f 29/29/29 70/70/70 30/30/30
f 30/30/30 70/70/70 71/71/71
f 30/30/30 71/71/71 31/31/31
f 31/31/31 71/71/71 72/72/72
f 31/31/31 72/72/72 32/32/32
f 32/32/32 72/72/72 73/73/73
f 32/32/32 73/73/73 33/33/33
f 33/33/33 73/73/73 74/74/74
f 33/33/33 74/74/74 34/34/34
f 34/34/34 74/74/74 75/75/75
f 34/34/34 75/75/75 35/35/35
f 35/35/35 75/75/75 76/76/76
f 35/35/35 76/76/76 36/36/36
f 36/36/36 76/76/76 77/77/77
f 36/36/36 77/77/77 37/37/37
f 37/37/37 77/77/77 78/78/78
f 37/37/37 78/78/78 38/38/38
f 38/38/38 78/78/78 79/79/79
f 38/38/38 79/79/79 39/39/39
f 39/39/39 79/79/79 80/80/80
f 39/39/39 80/80/80 40/40/40
f 40/40/40 80/80/80 81/81/81
f 40/40/40 81/81/81 41/41/41
f 41/41/41 81/81/81 82/82/82
f 42/42/42 83/83/83 43/43/43
f 43/43/43 83/83/83 84/84/84
f 43/43/43 84/84/84 44/44/44
f 44/44/44 84/84/84 85/85/85
f 44/44/44 85/85/85 45/45/45
f 45/45/45 85/85/85 86/86/86
f 45/45/45 86/86/86 46/46/46
f 46/46/46 86/86/86 87/87/87
f 46/46/46 87/87/87 47/47/47
f 47/47/47 87/87/87 88/88/88
f 47/47/47 88/88/88 48/48/48
f 48/48/48 88/88/88 89/89/89
f 48/48/48 89/89/89 49/49/49
f 49/49/49 89/89/89 90/90/90
f 49/49/49 90/90/90 50/50/50
f 50/50/50 90/90/90 91/91/91
f 50/50/50 91/91/91 51/51/51
f 51/51/51 91/91/91 92/92/92
f 51/51/51 92/92/92 52/52/52
f 52/52/52 92/92/92 93/93/93
f 52/52/52 93/93/93 53/53/53
f 53/53/53 93/93/93 94/94/94
f 53/53/53 94/94/94 54/54/54
f 54/54/54 94/94/94 95/95/95
f 54/54/54 95/95/95 55/55/55
f 55/55/55 95/95/95 96/96/96
f 55/55/55 96/96/96 56/56/56
f 56/56/56 96/96/96 97/97/97
f 56/56/56 97/97/97 57/57/57
f 57/57/57 97/97/97 98/98/98
f 57/57/57 98/98/98 58/58/58
f 58/58/58 98/98/98 99/99/99
f 58/58/58 99/99/99 59/59/59
f 59/59/59 99/99/99 100/100/100
f 59/59/59 100/100/100 60/60/60
f 60/60/60 100/100/100 101/101/101
f 60/60/60 101/101/101 61/61/61
f 61/61/61 101/101/101 102/102/102
f 61/61/61 102/102/102 62/62/62
f 62/62/62 102/102/102 103/103/103
f 62/62/62 103/103/103 63/63/63
f 63/63/63 103/103/103 104/104/104
f 63/63/63 104/104/104 64/64/64
f 64/64/64 104/104/104 105/105/105
f 64/64/64 105/105/105 65/65/65
f 65/65/65 105/105/105 106/106/106
f 65/65/65 106/106/106 66/66/66
f 66/66/66 106/106/106 107/107/107
f 66/66/66 107/107/107 67/67/67
f 67/67/67 107/107/107 108/108/108
f 67/67/67 108/108/108 68/68/68
f 68/68/68 108/108/108 109/109/109
f 68/68/68 109/109/109 69/69/69
f 69/69/69 109/109/109 110/110/110
f 69/69/69 110/110/110 70/70/70
f 70/70/70 110/110/110 111/111/111
f 70/70/70 111/111/111 71/71/71
f 71/71/71 111/111/111 112/112/112
f 71/71/71 112/112/112 72/72/72
f 72/72/72 112/112/112 113/113/113
f 72/72/72 113/113/113 73/73/73
f 73/73/73 113/113/113 114/114/114
f 73/73/73 114/114/114 74/74/74
f 74/74/74 114/114/114 115/115/115
f 74/74/74 115/115/115 75/75/75
f 75/75/75 115/115/115 116/116/116
f 75/75/75 116/116/116 76/76/76
f 76/76/76 116/116/116 117/117/117
f 76/76/76 117/117/117 77/77/77
f 77/77/77 117/117/117 118/118/118
f 77/77/77 118/118/118 78/78/78
f 78/78/78 118/118/118 119/119/119
f 78/78/78 119/119/119 79/79/79
f 79/79/79 119/119/119 120/120/120
f 79/79/79 120/120/120 80/80/80
f 80/80/80 120/120/120 121/121/121
f 80/80/80 121/121/121 81/81/81
f 81/81/81 121/121/121 122/122/122
f 81/81/81 122/122/122 82/82/82
f 82/82/82 122/122/122 123/123/123
f 83/83/83 124/124/124 84/84/84
f 84/84/84 124/124/124 125/125/125
f 84/84/84 125/125/125 85/85/85
f 85/85/85 125/125/125 126/126/126
f 85/85/85 126/126/126 86/86/86
f 86/86/86 126/126/126 127/127/127
f 86/86/86 127/127/127 87/87/87
f 87/87/87 127/127/127 128/128/128
f 87/87/87 128/128/128 88/88/88
f 88/88/88 128/128/128 129/129/129
f 88/88/88 129/129/129 89/89/89
f 89/89/89 129/129/129 130/130/130
f 89/89/89 130/130/130 90/90/90
f 90/90/90 130/130/130 131/131/131
f 90/90/90 131/131/131 91/91/91
f 91/91/91 131/131/131 132/132/132
f 91/91/91 132/132/132 92/92/92
f 92/92/92 132/132/132 133/133/133
f 92/92/92 133/133/133 93/93/93
f 93/93/93 133/133/133 134/134/134
f 93/93/93 134/134/134 94/94/94
f 94/94/94 134/134/134 135/135/135
f 94/94/94 135/135/135 95/95/95
f 95/95/95 135/135/135 136/136/136
f 95/95/95 136/136/136 96/96/96
f 96/96/96 136/136/136 137/137/137
f 96/96/96 137/137/137 97/97/97
f 97/97/97 137/137/137 138/138/138
f 97/97/97 138/138/138 98/98/98
f 98/98/98 138/138/138 139/139/139
f 98/98/98 139/139/139 99/99/99
f 99/99/99 139/139/139 140/140/140
f 99/99/99 140/140/140 100/100/100
f 100/100/100 140/140/140 141/141/141
f 100/100/100 141/141/141 101/101/101
f 101/101/101 141/141/141 142/142/142
f 101/101/101 142/142/142 102/102/102
f 102/102/102 142/142/142 143/143/143
f 102/102/102 143/143/143 103/103/103
f 103/103/103 143/143/143 144/144/144
f 103/103/103 144/144/144 104/104/104
f 104/104/104 144/144/144 145/145/145
f 104/104/104 145/145/145 105/105/105
f 105/105/105 145/145/145 146/146/146
f 105/105/105 146/146/146 106/106/106
f 106/106/106 146/146/146 147/147/147
f 106/106/106 147/147/147 107/107/107
f 107/107/107 147/147/147 148/148/148
f 107/107/107 148/148/148 108/108/108
f 108/108/108 148/148/148 149/149/149
f 108/108/108 149/149/149 109/109/109
f 109/109/109 149/149/149 150/150/150
f 109/109/109 150/150/150 110/110/110
f 110/110/110 150/150/150 151/151/151
f 110/110/110 151/151/151 111/111/111
f 111/111/111 151/151/151 152/152/152
f 111/111/111 152/152/152 112/112/112
f 112/112/112 152/152/152 153/153/153
f 112/112/112 153/153/153 113/113/113
f 113/113/113 153/153/153 154/154/154
f 113/113/113 154/154/154 114/114/114
f 114/114/114 154/154/154 155/155/155
f 114/114/114 155/155/155 115/115/115
f 115/115/115 155/155/155 156/156/156
f 115/115/115 156/156/156 116/116/116
f 116/116/116 156/156/156 157/157/157
f 116/116/116 157/157/157 117/117/117
f 117/117/117 157/157/157 158/158/158
f 117/117/117 158/158/158 118/118/118
f 118/118/118 158/158/158 159/159/159
f 118/118/118 159/159/159 119/119/119
f 119/119/119 159/159/159 160/160/160
f 119/119/119 160/160/160 120/120/120
f 120/120/120 160/160/160 161/161/161
f 120/120/120 161/161/161 121/121/121
f 121/121/121 161/161/161 162/162/162
f 121/121/121 162/162/162 122/122/122
f 122/122/122 162/162/162 163/163/163
f 122/122/122 163/163/163 123/123/123
f 123/123/123 163/163/163 164/164/164
f 124/124/124 165/165/165 125/125/125
f 125/125/125 165/165/165 166/166/166
f 125/125/125 166/166/166 126/126/126
f 126/126/126 166/166/166 167/167/167
f 126/126/126 167/167/167 127/127/127
f 127/127/127 167/167/167 168/168/168
f 127/127/127 168/168/168 128/128/128
f 128/128/128 168/168/168 169/169/169
f 128/128/128 169/169/169 129/129/129
f 129/129/129 169/169/169 170/170/170
f 129/129/129 170/170/170 130/130/130
f 130/130/130 170/170/170 171/171/171
f 130/130/130 171/171/171 131/131/131
f 131/131/131 171/171/171 172/172/172
f 131/131/131 172/172/172 132/132/132
f 132/132/132 172/172/172 173/173/173
f 132/132/132 173/173/173 133/133/133
f 133/133/133 173/173/173 174/174/174
f 133/133/133 174/174/174 134/134/134
f 134/134/134 174/174/174 175/175/175
f 134/134/134 175/175/175 135/135/135
f 135/135/135 175/175/175 176/176/176
f 135/135/135 176/176/176 136/136/136
f 136/136/136 176/176/176 177/177/177
f 136/136/136 177/177/177 137/137/137
f 137/137/137 177/177/177 178/178/178
f 137/137/137 178/178/178 138/138/138
f 138/138/138 178/178/178 179/179/179
f 138/138/138 179/179/179 139/139/139
f 139/139/139 179/179/179 180/180/180
f 139/139/139 180/180/180 140/140/140
f 140/140/140 180/180/180 181/181/181
f 140/140/140 181/181/181 141/141/141
f 141/141/141 181/181/181 182/182/182
f 141/141/141 182/182/182 142/142/142
f 142/142/142 182/182/182 183/183/183
f 142/142/142 183/183/183 143/143/143
f 143/143/143 183/183/183 184/184/184
f 143/143/143 184/184/184 144/144/144
f 144/144/144 184/184/184 185/185/185
f 144/144/144 185/185/185 145/145/145
f 145/145/145 185/185/185 186/186/186
f 145/145/145 186/186/186 146/146/146
f 146/146/146 186/186/186 187/187/187
f 146/146/146 187/187/187 147/147/147
f 147/147/147 187/187/187 188/188/188
f 147/147/147 188/188/188 148/148/148
f 148/148/148 188/188/188 189/189/189
f 148/148/148 189/189/189 149/149/149
f 149/149/149 189/189/189 190/190/190
f 149/149/149 190/190/190 150/150/150
f 150/150/150 190/190/190 191/191/191
f 150/150/150 191/191/191 151/151/151
f 151/151/151 191/191/191 192/192/192
f 151/151/151 192/192/192 152/152/152
f 152/152/152 192/192/192 193/193/193
f 152/152/152 193/193/193 153/153/153
f 153/153/153 193/193/193 194/194/194
f 153/153/153 194/194/194 154/154/154
f 154/154/154 194/194/194 195/195/195
f 154/154/154 195/195/195 155/155/155
f 155/155/155 195/195/195 196/196/196
f 155/155/155 196/196/196 156/156/156
f 156/156/156 196/196/196 197/197/197
f 156/156/156 197/197/197 157/157/157
f 157/157/157 197/197/197 198/198/198
f 157/157/157 198/198/198 158/158/158
f 158/158/158 198/198/198 199/199/199
f 158/158/158 199/199/199 159/159/159
f 159/159/159 199/199/199 200/200/200
f 159/159/159 200/200/200 160/160/160
f 160/160/160 200/200/200 201/201/201
f 160/160/160 201/201/201 161/161/161
f 161/161/161 201/201/201 202/202/202
f 161/161/161 202/202/202 162/162/162
f 162/162/162 202/202/202 203/203/203
f 162/162/162 203/203/203 163/163/163
f 163/163/163 203/203/203 204/204/204
f 163/163/163 204/204/204 164/164/164
f 164/164/164 204/204/204 205/205/205
f 165/165/165 206/206/206 166/166/166
f 166/166/166 206/206/206 207/207/207
f 166/166/166 207/207/207 167/167/167
f 167/167/167 207/207/207 208/208/208
f 167/167/167 208/208/208 168/168/168
f 168/168/168 208/208/208 209/209/209
f 168/168/168 209/209/209 169/169/169
f 169/169/169 209/209/209 210/210/210
f 169/169/169 210/210/210 170/170/170
f 170/170/170 210/210/210 211/211/211
f 170/170/170 211/211/211 171/171/171
f 171/171/171 211/211/211 212/212/212
f 171/171/171 212/212/212 172/172/172
f 172/172/172 212/212/212 213/213/213
f 172/172/172 213/213/213 173/173/173
f 173/173/173 213/213/213 214/214/214
f 173/173/173 214/214/214 174/174/174
f 174/174/174 214/214/214 215/215/215
f 174/174/174 215/215/215 175/175/175
f 175/175/175 215/215/215 216/216/216
f 175/175/175 216/216/216 176/176/176
f 176/176/176 216/216/216 217/217/217
f 176/176/176 217/217/217 177/177/177
f 177/177/177 217/217/217 218/218/218
f 177/177/177 218/218/218 178/178/178
f 178/178/178 218/218/218 219/219/219
f 178/178/178 219/219/219 179/179/179
f 179/179/179 219/219/219 220/220/220
f 179/179/179 220/220/220 180/180/180
f 180/180/180 220/220/220 221/221/221
f 180/180/180 221/221/221 181/181/181
f 181/181/181 221/221/221 222/222/222
f 181/181/181 222/222/222 182/182/182
f 182/182/182 222/222/222 223/223/223
f 182/182/182 223/223/223 183/183/183
f 183/183/183 223/223/223 224/224/224
f 183/183/183 224/224/224 184/184/184
f 184/184/184 224/224/224 225/225/225
f 184/184/184 225/225/225 185/185/185
f 185/185/185 225/225/225 226/226/226
f 185/185/185 226/226/226 186/186/186
f 186/186/186 226/226/226 227/227/227
f 186/186/186 227/227/227 187/187/187
f 187/187/187 227/227/227 228/228/228
f 187/187/187 228/228/228 188/188/188
f 188/188/188 228/228/228 229/229/229
f 188/188/188 229/229/229 189/189/189
f 189/189/189 229/229/229 230/230/230
f 189/189/189 230/230/230 190/190/190
f 190/190/190 230/230/230 231/231/231
f 190/190/190 231/231/231 191/191/191
f 191/191/191 231/231/231 232/232/232
f 191/191/191 232/232/232 192/192/192
f 192/192/192 232/232/232 233/233/233
f 192/192/192 233/233/233 193/193/193
f 193/193/193 233/233/233 234/234/234
f 193/193/193 234/234/234 194/194/194
f 194/194/194 234/234/234 235/235/235
f 194/194/194 235/235/235 195/195/195
f 195/195/195 235/235/235 236/236/236
f 195/195/195 236/236/236 196/196/196
f 196/196/196 236/236/236 237/237/237
f 196/196/196 237/237/237 197/197/197
f 197/197/197 237/237/237 238/238/238
f 197/197/197 238/238/238 198/198/198
f 198/198/198 238/238/238 239/239/239
f 198/198/198 239/239/239 199/199/199
f 199/199/199 239/239/239 240/240/240
f 199/199/199 240/240/240 200/200/200
f 200/200/200 240/240/240 241/241/241
f 200/200/200 241/241/241 201/201/201
f 201/201/201 241/241/241 242/242/242
f 201/201/201 242/242/242 202/202/202
f 202/202/202 242/242/242 243/243/243
f 202/202/202 243/243/243 203/203/203
f 203/203/203 243/243/243 244/244/244
f 203/203/203 244/244/244 204/204/204
f 204/204/204 244/244/244 245/245/245
f 204/204/204 245/245/245 205/205/205
f 205/205/205 245/245/245 246/246/246
f 206/206/206 247/247/247 207/207/207
f 207/207/207 247/247/247 248/248/248
f 207/207/207 248/248/248 208/208/208
f 208/208/208 248/248/248 249/249/249
f 208/208/208 249/249/249 209/209/209
f 209/209/209 249/249/249 250/250/250
f 209/209/209 250/250/250 210/210/210
f 210/210/210 250/250/250 251/251/251
f 210/210/210 251/251/251 211/211/211
f 211/211/211 251/251/251 252/252/252
f 211/211/211 252/252/252 212/212/212
f 212/212/212 252/252/252 253/253/253
f 212/212/212 253/253/253 213/213/213
f 213/213/213 253/253/253 254/254/254
f 213/213/213 254/254/254 214/214/214
f 214/214/214 254/254/254 255/255/255
f 214/214/214 255/255/255 215/215/215
f 215/215/215 255/255/255 256/256/256
f 215/215/215 256/256/256 216/216/216
f 216/216/216 256/256/256 257/257/257
f 216/216/216 257/257/257 217/217/217
f 217/217/217 257/257/257 258/258/258
f 217/217/217 258/258/258 218/218/218
f 218/218/218 258/258/258 259/259/259
f 218/218/218 259/259/259 219/219/219
f 219/219/219 259/259/259 260/260/260
f 219/219/219 260/260/260 220/220/220
f 220/220/220 260/260/260 261/261/261
f 220/220/220 261/261/261 221/221/221
f 221/221/221 261/261/261 262/262/262
f 221/221/221 262/262/262 222/222/222
f 222/222/222 262/262/262 263/263/263
f 222/222/222 263/263/263 223/223/223
f 223/223/223 263/263/263 264/264/264
f 223/223/223 264/264/264 224/224/224
f 224/224/224 264/264/264 265/265/265
f 224/224/224 265/265/265 225/225/225
f 225/225/225 265/265/265 266/266/266
f 225/225/225 266/266/266 226/226/226
f 226/226/226 266/266/266 267/267/267
f 226/226/226 267/267/267 227/227/227
f 227/227/227 267/267/267 268/268/268
f 227/227/227 268/268/268 228/228/228
f 228/228/228 268/268/268 269/269/269
f 228/228/228 269/269/269 229/229/229
f 229/229/229 269/269/269 270/270/270
f 229/229/229 270/270/270 230/230/230
f 230/230/230 270/270/270 271/271/271
f 230/230/230 271/271/271 231/231/231
f 231/231/231 271/271/271 272/272/272
f 231/231/231 272/272/272 232/232/232
f 232/232/232 272/272/272 273/273/273
f 232/232/232 273/273/273 233/233/233
f 233/233/233 273/273/273 274/274/274
f 233/233/233 274/274/274 234/234/234
f 234/234/234 274/274/274 275/275/275
f 234/234/234 275/275/275 235/235/235
f 235/235/235 275/275/275 276/276/276
f 235/235/235 276/276/276 236/236/236
f 236/236/236 276/276/276 277/277/277
f 236/236/236 277/277/277 237/237/237
f 237/237/237 277/277/277 278/278/278
f 237/237/237 278/278/278 238/238/238
f 238/238/238 278/278/278 279/279/279
f 238/238/238 279/279/279 239/239/239
f 239/239/239 279/279/279 280/280/280
f 239/239/239 280/280/280 240/240/240
f 240/240/240 280/280/280 281/281/281
f 240/240/240 281/281/281 241/241/241
f 241/241/241 281/281/281 282/282/282
f 241/241/241 282/282/282 242/242/242
f 242/242/242 282/282/282 283/283/283
f 242/242/242 283/283/283 243/243/243
f 243/243/243 283/283/283 284/284/284
f 243/243/243 284/284/284 244/244/244
f 244/244/244 284/284/284 285/285/285
f 244/244/244 285/285/285 245/245/245
f 245/245/245 285/285/285 286/286/286
f 245/245/245 286/286/286 246/246/246
f 246/246/246 286/286/286 287/287/287
f 247/247/247 288/288/288 248/248/248
f 248/248/248 288/288/288 289/289/289
f 248/248/248 289/289/289 249/249/249
f 249/249/249 289/289/289 290/290/290
f 249/249/249 290/290/290 250/250/250
f 250/250/250 290/290/290 291/291/291
f 250/250/250 291/291/291 251/251/251
f 251/251/251 291/291/291 292/292/292
f 251/251/251 292/292/292 252/252/252
f 252/252/252 292/292/292 293/293/293
f 252/252/252 293/293/293 253/253/253
f 253/253/253 293/293/293 294/294/294
f 253/253/253 294/294/294 254/254/254
f 254/254/254 294/294/294 295/295/295
f 254/254/254 295/295/295 255/255/255
f 255/255/255 295/295/295 296/296/296
f 255/255/255 296/296/296 256/256/256
f 256/256/256 296/296/296 297/297/297
f 256/256/256 297/297/297 257/257/257
f 257/257/257 297/297/297 298/298/298
f 257/257/257 298/298/298 258/258/258
f 258/258/258 298/298/298 299/299/299
f 258/258/258 299/299/299 259/259/259
f 259/259/259 299/299/299 300/300/300
f 259/259/259 300/300/300 260/260/260
f 260/260/260 300/300/300 301/301/301
f 260/260/260 301/301/301 261/261/261
f 261/261/261 301/301/301 302/302/302
f 261/261/261 302/302/302 262/262/262
f 262/262/262 302/302/302 303/303/303
f 262/262/262 303/303/303 263/263/263
f 263/263/263 303/303/303 304/304/304
f 263/263/263 304/304/304 264/264/264
f 264/264/264 304/304/304 305/305/305
f 264/264/264 305/305/305 265/265/265
f 265/265/265 305/305/305 306/306/306
f 265/265/265 306/306/306 266/266/266
f 266/266/266 306/306/306 307/307/307
f 266/266/266 307/307/307 267/267/267
f 267/267/267 307/307/307 308/308/308
f 267/267/267 308/308/308 268/268/268
f 268/268/268 308/308/308 309/309/309
f 268/268/268 309/309/309 269/269/269
f 269/269/269 309/309/309 310/310/310
f 269/269/269 310/310/310 270/270/270
f 270/270/270 310/310/310 311/311/311
f 270/270/270 311/311/311 271/271/271
f 271/271/271 311/311/311 312/312/312
f 271/271/271 312/312/312 272/272/272
f 272/272/272 312/312/312 313/313/313
f 272/272/272 313/313/313 273/273/273
f 273/273/273 313/313/313 314/314/314
f 273/273/273 314/314/314 274/274/274
f 274/274/274 314/314/314 315/315/315
f 274/274/274 315/315/315 275/275/275
f 275/275/275 315/315/315 316/316/316
f 275/275/275 316/316/316 276/276/276
f 276/276/276 316/316/316 317/317/317
f 276/276/276 317/317/317 277/277/277
f 277/277/277 317/317/317 318/318/318
f 277/277/277 318/318/318 278/278/278
f 278/278/278 318/318/318 319/319/319
f 278/278/278 319/319/319 279/279/279
f 279/279/279 319/319/319 320/320/320
f 279/279/279 320/320/320 280/280/280
f 280/280/280 320/320/320 321/321/321
f 280/280/280 321/321/321 281/281/281
f 281/281/281 321/321/321 322/322/322
f 281/281/281 322/322/322 282/282/282
f 282/282/282 322/322/322 323/323/323
f 282/282/282 323/323/323 283/283/283
f 283/283/283 323/323/323 324/324/324
f 283/283/283 324/324/324 284/284/284
f 284/284/284 324/324/324 325/325/325
f 284/284/284 325/325/325 285/285/285
f 285/285/285 325/325/325 326/326/326
f 285/285/285 326/326/326 286/286/286
f 286/286/286 326/326/326 327/327/327
f 286/286/286 327/327/327 287/287/287
f 287/287/287 327/327/327 328/328/328
f 288/288/288 329/329/329 289/289/289
f 289/289/289 329/329/329 330/330/330
f 289/289/289 330/330/330 290/290/290
f 290/290/290 330/330/330 331/331/331
f 290/290/290 331/331/331 291/291/291
f 291/291/291 331/331/331 332/332/332
f 291/291/291 332/332/332 292/292/292
f 292/292/292 332/332/332 333/333/333
f 292/292/292 333/333/333 293/293/293
f 293/293/293 333/333/333 334/334/334
f 293/293/293 334/334/334 294/294/294
f 294/294/294 334/334/334 335/335/335
f 294/294/294 335/335/335 295/295/295
f 295/295/295 335/335/335 336/336/336
f 295/295/295 336/336/336 296/296/296
f 296/296/296 336/336/336 337/337/337
f 296/296/296 337/337/337 297/297/297
f 297/297/297 337/337/337 338/338/338
f 297/297/297 338/338/338 298/298/298
f 298/298/298 338/338/338 339/339/339
f 298/298/298 339/339/339 299/299/299
f 299/299/299 339/339/339 340/340/340
f 299/299/299 340/340/340 300/300/300
f 300/300/300 340/340/340 341/341/341
f 300/300/300 341/341/341 301/301/301
f 301/301/301 341/341/341 342/342/342
f 301/301/301 342/342/342 302/302/302
f 302/302/302 342/342/342 343/343/343
f 302/302/302 343/343/343 303/303/303
f 303/303/303 343/343/343 344/344/344
f 303/303/303 344/344/344 304/304/304
f 304/304/304 344/344/344 345/345/345
f 304/304/304 345/345/345 305/305/305
f 305/305/305 345/345/345 346/346/346
f 305/305/305 346/346/346 306/306/306
f 306/306/306 346/346/346 347/347/347
f 306/306/306 347/347/347 307/307/307
f 307/307/307 347/347/347 348/348/348
f 307/307/307 348/348/348 308/308/308
f 308/308/308 348/348/348 349/349/349
f 308/308/308 349/349/349 309/309/309
f 309/309/309 349/349/349 350/350/350
f 309/309/309 350/350/350 310/310/310
f 310/310/310 350/350/350 351/351/351
f 310/310/310 351/351/351 311/311/311
f 311/311/311 351/351/351 352/352/352
f 311/311/311 352/352/352 312/312/312
f 312/312/312 352/352/352 353/353/353
f 312/312/312 353/353/353 313/313/313
f 313/313/313 353/353/353 354/354/354
f 313/313/313 354/354/354 314/314/314
f 314/314/314 354/354/354 355/355/355
f 314/314/314 355/355/355 315/315/315
f 315/315/315 355/355/355 356/356/356
f 315/315/315 356/356/356 316/316/316
f 316/316/316 356/356/356 357/357/357
f 316/316/316 357/357/357 317/317/317
f 317/317/317 357/357/357 358/358/358
f 317/317/317 358/358/358 318/318/318
f 318/318/318 358/358/358 359/359/359
f 318/318/318 359/359/359 319/319/319
f 319/319/319 359/359/359 360/360/360
f 319/319/319 360/360/360 320/320/320
f 320/320/320 360/360/360 361/361/361
f 320/320/320 361/361/361 321/321/321
f 321/321/321 361/361/361 362/362/362
f 321/321/321 362/362/362 322/322/322
f 322/322/322 362/362/362 363/363/363
f 322/322/322 363/363/363 323/323/323
f 323/323/323 363/363/363 364/364/364
f 323/323/323 364/364/364 324/324/324
f 324/324/324 364/364/364 365/365/365
f 324/324/324 365/365/365 325/325/325
f 325/325/325 365/365/365 366/366/366
f 325/325/325 366/366/366 326/326/326
f 326/326/326 366/366/366 367/367/367
f 326/326/326 367/367/367 327/327/327
f 327/327/327 367/367/367 368/368/368
f 327/327/327 368/368/368 328/328/328
f 328/328/328 368/368/368 369/369/369
f 329/329/329 370/370/370 330/330/330
f 330/330/330 370/370/370 371/371/371
f 330/330/330 371/371/371 331/331/331
f 331/331/331 371/371/371 372/372/372
f 331/331/331 372/372/372 332/332/332
f 332/332/332 372/372/372 373/373/373
f 332/332/332 373/373/373 333/333/333
f 333/333/333 373/373/373 374/374/374
f 333/333/333 374/374/374 334/334/334
f 334/334/334 374/374/374 375/375/375
f 334/334/334 375/375/375 335/335/335
f 335/335/335 375/375/375 376/376/376
f 335/335/335 376/376/376 336/336/336
f 336/336/336 376/376/376 377/377/377
f 336/336/336 377/377/377 337/337/337
f 337/337/337 377/377/377 378/378/378
f 337/337/337 378/378/378 338/338/338
f 338/338/338 378/378/378 379/379/379
f 338/338/338 379/379/379 339/339/339
f 339/339/339 379/379/379 380/380/380
f 339/339/339 380/380/380 340/340/340
f 340/340/340 380/380/380 381/381/381
f 340/340/340 381/381/381 341/341/341
f 341/341/341 381/381/381 382/382/382
f 341/341/341 382/382/382 342/342/342
f 342/342/342 382/382/382 383/383/383
f 342/342/342 383/383/383 343/343/343
f 343/343/343 383/383/383 384/384/384
f 343/343/343 384/384/384 344/344/344
f 344/344/344 384/384/384 385/385/385
f 344/344/344 385/385/385 345/345/345
f 345/345/345 385/385/385 386/386/386
f 345/345/345 386/386/386 346/346/346
f 346/346/346 386/386/386 387/387/387
f 346/346/346 387/387/387 347/347/347
f 347/347/347 387/387/387 388/388/388
f 347/347/347 388/388/388 348/348/348
f 348/348/348 388/388/388 389/389/389
f 348/348/348 389/389/389 349/349/349
f 349/349/349 389/389/389 390/390/390
f 349/349/349 390/390/390 350/350/350
f 350/350/350 390/390/390 391/391/391
f 350/350/350 391/391/391 351/351/351
f 351/351/351 391/391/391 392/392/392
f 351/351/351 392/392/392 352/352/352
f 352/352/352 392/392/392 393/393/393
f 352/352/352 393/393/393 353/353/353
f 353/353/353 393/393/393 394/394/394
f 353/353/353 394/394/394 354/354/354
f 354/354/354 394/394/394 395/395/395
f 354/354/354 395/395/395 355/355/355
f 355/355/355 395/395/395 396/396/396
f 355/355/355 396/396/396 356/356/356
f 356/356/356 396/396/396 397/397/397
f 356/356/356 397/397/397 357/357/357
f 357/357/357 397/397/397 398/398/398
f 357/357/357 398/398/398 358/358/358
f 358/358/358 398/398/398 399/399/399
f 358/358/358 399/399/399 359/359/359
f 359/359/359 399/399/399 400/400/400
f 359/359/359 400/400/400 360/360/360
f 360/360/360 400/400/400 401/401/401
f 360/360/360 401/401/401 361/361/361
f 361/361/361 401/401/401 402/402/402
f 361/361/361 402/402/402 362/362/362
f 362/362/362 402/402/402 403/403/403
f 362/362/362 403/403/403 363/363/363
f 363/363/363 403/403/403 404/404/404
f 363/363/363 404/404/404 364/364/364
f 364/364/364 404/404/404 405/405/405
f 364/364/364 405/405/405 365/365/365
f 365/365/365 405/405/405 406/406/406
f 365/365/365 406/406/406 366/366/366
f 366/366/366 406/406/406 407/407/407
f 366/366/366 407/407/407 367/367/367
f 367/367/367 407/407/407 408/408/408
f 367/367/367 408/408/408 368/368/368
f 368/368/368 408/408/408 409/409/409
f 368/368/368 409/409/409 369/369/369
f 369/369/369 409/409/409 410/410/410
f 370/370/370 411/411/411 371/371/371
f 371/371/371 411/411/411 412/412/412
f 371/371/371 412/412/412 372/372/372
f 372/372/372 412/412/412 413/413/413
f 372/372/372 413/413/413 373/373/373
f 373/373/373 413/413/413 414/414/414
f 373/373/373 414/414/414 374/374/374
f 374/374/374 414/414/414 415/415/415
f 374/374/374 415/415/415 375/375/375
f 375/375/375 415/415/415 416/416/416
f 375/375/375 416/416/416 376/376/376
f 376/376/376 416/416/416 417/417/417
f 376/376/376 417/417/417 377/377/377
f 377/377/377 417/417/417 418/418/418
f 377/377/377 418/418/418 378/378/378
f 378/378/378 418/418/418 419/419/419
f 378/378/378 419/419/419 379/379/379
f 379/379/379 419/419/419 420/420/420
f 379/379/379 420/420/420 380/380/380
f 380/380/380 420/420/420 421/421/421
f 380/380/380 421/421/421 381/381/381
f 381/381/381 421/421/421 422/422/422
f 381/381/381 422/422/422 382/382/382
f 382/382/382 422/422/422 423/423/423
f 382/382/382 423/423/423 383/383/383
f 383/383/383 423/423/423 424/424/424
f 383/383/383 424/424/424 384/384/384
f 384/384/384 424/424/424 425/425/425
f 384/384/384 425/425/425 385/385/385
f 385/385/385 425/425/425 426/426/426
f 385/385/385 426/426/426 386/386/386
f 386/386/386 426/426/426 427/427/427
f 386/386/386 427/427/427 387/387/387
f 387/387/387 427/427/427 428/428/428
f 387/387/387 428/428/428 388/388/388
f 388/388/388 428/428/428 429/429/429
f 388/388/388 429/429/429 389/389/389
f 389/389/389 429/429/429 430/430/430
f 389/389/389 430/430/430 390/390/390
f 390/390/390 430/430/430 431/431/431
f 390/390/390 431/431/431 391/391/391
f 391/391/391 431/431/431 432/432/432
f 391/391/391 432/432/432 392/392/392
f 392/392/392 432/432/432 433/433/433
f 392/392/392 433/433/433 393/393/393
f 393/393/393 433/433/433 434/434/434
f 393/393/393 434/434/434 394/394/394
f 394/394/394 434/434/434 435/435/435
f 394/394/394 435/435/435 395/395/395
f 395/395/395 435/435/435 436/436/436
f 395/395/395 436/436/436 396/396/396
f 396/396/396 436/436/436 437/437/437
f 396/396/396 437/437/437 397/397/397
f 397/397/397 437/437/437 438/438/438
f 397/397/397 438/438/438 398/398/398
f 398/398/398 438/438/438 439/439/439
f 398/398/398 439/439/439 399/399/399
f 399/399/399 439/439/439 440/440/440
f 399/399/399 440/440/440 400/400/400
f 400/400/400 440/440/440 441/441/441
f 400/400/400 441/441/441 401/401/401
f 401/401/401 441/441/441 442/442/442
f 401/401/401 442/442/442 402/402/402
f 402/402/402 442/442/442 443/443/443
f 402/402/402 443/443/443 403/403/403
f 403/403/403 443/443/443 444/444/444
f 403/403/403 444/444/444 404/404/404
f 404/404/404 444/444/444 445/445/445
f 404/404/404 445/445/445 405/405/405
f 405/405/405 445/445/445 446/446/446
f 405/405/405 446/446/446 406/406/406
f 406/406/406 446/446/446 447/447/447
f 406/406/406 447/447/447 407/407/407
f 407/407/407 447/447/447 448/448/448
f 407/407/407 448/448/448 408/408/408
f 408/408/408 448/448/448 449/449/449
f 408/408/408 449/449/449 409/409/409
f 409/409/409 449/449/449 450/450/450
f 409/409/409 450/450/450 410/410/410
f 410/410/410 450/450/450 451/451/451
f 411/411/411 452/452/452 412/412/412
f 412/412/412 452/452/452 453/453/453
f 412/412/412 453/453/453 413/413/413
f 413/413/413 453/453/453 454/454/454
f 413/413/413 454/454/454 414/414/414
f 414/414/414 454/454/454 455/455/455
f 414/414/414 455/455/455 415/415/415
f 415/415/415 455/455/455 456/456/456
f 415/415/415 456/456/456 416/416/416
f 416/416/416 456/456/456 457/457/457
f 416/416/416 457/457/457 417/417/417
f 417/417/417 457/457/457 458/458/458
f 417/417/417 458/458/458 418/418/418
f 418/418/418 458/458/458 459/459/459
f 418/418/418 459/459/459 419/419/419
f 419/419/419 459/459/459 460/460/460
f 419/419/419 460/460/460 420/420/420
f 420/420/420 460/460/460 461/461/461
f 420/420/420 461/461/461 421/421/421
f 421/421/421 461/461/461 462/462/462
f 421/421/421 462/462/462 422/422/422
f 422/422/422 462/462/462 463/463/463
f 422/422/422 463/463/463 423/423/423
f 423/423/423 463/463/463 464/464/464
f 423/423/423 464/464/464 424/424/424
f 424/424/424 464/464/464 465/465/465
f 424/424/424 465/465/465 425/425/425
f 425/425/425 465/465/465 466/466/466
f 425/425/425 466/466/466 426/426/426
f 426/426/426 466/466/466 467/467/467
f 426/426/426 467/467/467 427/427/427
f 427/427/427 467/467/467 468/468/468
f 427/427/427 468/468/468 428/428/428
f 428/428/428 468/468/468 469/469/469
f 428/428/428 469/469/469 429/429/429
f 429/429/429 469/469/469 470/470/470
f 429/429/429 470/470/470 430/430/430
f 430/430/430 470/470/470 471/471/471
f 430/430/430 471/471/471 431/431/431
f 431/431/431 471/471/471 472/472/472
f 431/431/431 472/472/472 432/432/432
f 432/432/432 472/472/472 473/473/473
f 432/432/432 473/473/473 433/433/433
f 433/433/433 473/473/473 474/474/474
f 433/433/433 474/474/474 434/434/434
f 434/434/434 474/474/474 475/475/475
f 434/434/434 475/475/475 435/435/435
f 435/435/435 475/475/475 476/476/476
f 435/435/435 476/476/476 436/436/436
f 436/436/436 476/476/476 477/477/477
f 436/436/436 477/477/477 437/437/437
f 437/437/437 477/477/477 478/478/478
f 437/437/437 478/478/478 438/438/438
f 438/438/438 478/478/478 479/479/479
f 438/438/438 479/479/479 439/439/439
f 439/439/439 479/479/479 480/480/480
f 439/439/439 480/480/480 440/440/440
f 440/440/440 480/480/480 481/481/481
f 440/440/440 481/481/481 441/441/441
f 441/441/441 481/481/481 482/482/482
f 441/441/441 482/482/482 442/442/442
f 442/442/442 482/482/482 483/483/483
f 442/442/442 483/483/483 443/443/443
f 443/443/443 483/483/483 484/484/484
f 443/443/443 484/484/484 444/444/444
f 444/444/444 484/484/484 485/485/485
f 444/444/444 485/485/485 445/445/445
f 445/445/445 485/485/485 486/486/486
f 445/445/445 486/486/486 446/446/446
f 446/446/446 486/486/486 487/487/487
f 446/446/446 487/487/487 447/447/447
f 447/447/447 487/487/487 488/488/488
f 447/447/447 488/488/488 448/448/448
f 448/448/448 488/488/488 489/489/489
f 448/448/448 489/489/489 449/449/449
f 449/449/449 489/489/489 490/490/490
f 449/449/449 490/490/490 450/450/450
f 450/450/450 490/490/490 491/491/491
f 450/450/450 491/491/491 451/451/451
f 451/451/451 491/491/491 492/492/492
f 452/452/452 493/493/493 453/453/453
f 453/453/453 493/493/493 494/494/494
f 453/453/453 494/494/494 454/454/454
f 454/454/454 494/494/494 495/495/495
f 454/454/454 495/495/495 455/455/455
f 455/455/455 495/495/495 496/496/496
f 455/455/455 496/496/496 456/456/456
f 456/456/456 496/496/496 497/497/497
f 456/456/456 497/497/497 457/457/457
f 457/457/457 497/497/497 498/498/498
f 457/457/457 498/498/498 458/458/458
f 458/458/458 498/498/498 499/499/499
f 458/458/458 499/499/499 459/459/459
f 459/459/459 499/499/499 500/500/500
f 459/459/459 500/500/500 460/460/460
f 460/460/460 500/500/500 501/501/501
f 460/460/460 501/501/501 461/461/461
f 461/461/461 501/501/501 502/502/502
f 461/461/461 502/502/502 462/462/462
f 462/462/462 502/502/502 503/503/503
f 462/462/462 503/503/503 463/463/463
f 463/463/463 503/503/503 504/504/504
f 463/463/463 504/504/504 464/464/464
f 464/464/464 504/504/504 505/505/505
f 464/464/464 505/505/505 465/465/465
f 465/465/465 505/505/505 506/506/506
f 465/465/465 506/506/506 466/466/466
f 466/466/466 506/506/506 507/507/507
f 466/466/466 507/507/507 467/467/467
f 467/467/467 507/507/507 508/508/508
f 467/467/467 508/508/508 468/468/468
f 468/468/468 508/508/508 509/509/509
f 468/468/468 509/509/509 469/469/469
f 469/469/469 509/509/509 510/510/510
f 469/469/469 510/510/510 470/470/470
f 470/470/470 510/510/510 511/511/511
f 470/470/470 511/511/511 471/471/471
f 471/471/471 511/511/511 512/512/512
f 471/471/471 512/512/512 472/472/472
f 472/472/472 512/512/512 513/513/513
f 472/472/472 513/513/513 473/473/473
f 473/473/473 513/513/513 514/514/514
f 473/473/473 514/514/514 474/474/474
f 474/474/474 514/514/514 515/515/515
f 474/474/474 515/515/515 475/475/475
f 475/475/475 515/515/515 516/516/516
f 475/475/475 516/516/516 476/476/476
f 476/476/476 516/516/516 517/517/517
f 476/476/476 517/517/517 477/477/477
f 477/477/477 517/517/517 518/518/518
f 477/477/477 518/518/518 478/478/478
f 478/478/478 518/518/518 519/519/519
f 478/478/478 519/519/519 479/479/479
f 479/479/479 519/519/519 520/520/520
f 479/479/479 520/520/520 480/480/480
f 480/480/480 520/520/520 521/521/521
f 480/480/480 521/521/521 481/481/481
f 481/481/481 521/521/521 522/522/522
f 481/481/481 522/522/522 482/482/482
f 482/482/482 522/522/522 523/523/523
f 482/482/482 523/523/523 483/483/483
f 483/483/483 523/523/523 524/524/524
f 483/483/483 524/524/524 484/484/484
f 484/484/484 524/524/524 525/525/525
f 484/484/484 525/525/525 485/485/485
f 485/485/485 525/525/525 526/526/526
f 485/485/485 526/526/526 486/486/486
f 486/486/486 526/526/526 527/527/527
f 486/486/486 527/527/527 487/487/487
f 487/487/487 527/527/527 528/528/528
f 487/487/487 528/528/528 488/488/488
f 488/488/488 528/528/528 529/529/529
f 488/488/488 529/529/529 489/489/489
f 489/489/489 529/529/529 530/530/530
f 489/489/489 530/530/530 490/490/490
f 490/490/490 530/530/530 531/531/531
f 490/490/490 531/531/531 491/491/491
f 491/491/491 531/531/531 532/532/532
f 491/491/491 532/532/532 492/492/492
f 492/492/492 532/532/532 533/533/533
f 493/493/493 534/534/534 494/494/494
f 494/494/494 534/534/534 535/535/535
f 494/494/494 535/535/535 495/495/495
f 495/495/495 535/535/535 536/536/536
f 495/495/495 536/536/536 496/496/496
f 496/496/496 536/536/536 537/537/537
f 496/496/496 537/537/537 497/497/497
f 497/497/497 537/537/537 538/538/538
f 497/497/497 538/538/538 498/498/498
f 498/498/498 538/538/538 539/539/539
f 498/498/498 539/539/539 499/499/499
f 499/499/499 539/539/539 540/540/540
f 499/499/499 540/540/540 500/500/500
f 500/500/500 540/540/540 541/541/541
f 500/500/500 541/541/541 501/501/501
f 501/501/501 541/541/541 542/542/542
f 501/501/501 542/542/542 502/502/502
f 502/502/502 542/542/542 543/543/543
f 502/502/502 543/543/543 503/503/503
f 503/503/503 543/543/543 544/544/544
f 503/503/503 544/544/544 504/504/504
f 504/504/504 544/544/544 545/545/545
f 504/504/504 545/545/545 505/505/505
f 505/505/505 545/545/545 546/546/546
f 505/505/505 546/546/546 506/506/506
f 506/506/506 546/546/546 547/547/547
f 506/506/506 547/547/547 507/507/507
f 507/507/507 547/547/547 548/548/548
f 507/507/507 548/548/548 508/508/508
f 508/508/508 548/548/548 549/549/549
f 508/508/508 549/549/549 509/509/509
f 509/509/509 549/549/549 550/550/550
f 509/509/509 550/550/550 510/510/510
f 510/510/510 550/550/550 551/551/551
f 510/510/510 551/551/551 511/511/511
f 511/511/511 551/551/551 552/552/552
f 511/511/511 552/552/552 512/512/512
f 512/512/512 552/552/552 553/553/553
f 512/512/512 553/553/553 513/513/513
f 513/513/513 553/553/553 554/554/554
f 513/513/513 554/554/554 514/514/514
f 514/514/514 554/554/554 555/555/555
f 514/514/514 555/555/555 515/515/515
f 515/515/515 555/555/555 556/556/556
f 515/515/515 556/556/556 516/516/516
f 516/516/516 556/556/556 557/557/557
f 516/516/516 557/557/557 517/517/517
f 517/517/517 557/557/557 558/558/558
f 517/517/517 558/558/558 518/518/518
f 518/518/518 558/558/558 559/559/559
f 518/518/518 559/559/559 519/519/519
f 519/519/519 559/559/559 560/560/560
f 519/519/519 560/560/560 520/520/520
f 520/520/520 560/560/560 561/561/561
f 520/520/520 561/561/561 521/521/521
f 521/521/521 561/561/561 562/562/562
f 521/521/521 562/562/562 522/522/522
f 522/522/522 562/562/562 563/563/563
f 522/522/522 563/563/563 523/523/523
f 523/523/523 563/563/563 564/564/564
f 523/523/523 564/564/564 524/524/524
f 524/524/524 564/564/564 565/565/565
f 524/524/524 565/565/565 525/525/525
f 525/525/525 565/565/565 566/566/566
f 525/525/525 566/566/566 526/526/526
f 526/526/526 566/566/566 567/567/567
f 526/526/526 567/567/567 527/527/527
f 527/527/527 567/567/567 568/568/568
f 527/527/527 568/568/568 528/528/528
f 528/528/528 568/568/568 569/569/569
f 528/528/528 569/569/569 529/529/529
f 529/529/529 569/569/569 570/570/570
f 529/529/529 570/570/570 530/530/530
f 530/530/530 570/570/570 571/571/571
f 530/530/530 571/571/571 531/531/531
f 531/531/531 571/571/571 572/572/572
f 531/531/531 572/572/572 532/532/532
f 532/532/532 572/572/572 573/573/573
f 532/532/532 573/573/573 533/533/533
f 533/533/533 573/573/573 574/574/574
f 534/534/534 575/575/575 535/535/535
f 535/535/535 575/575/575 576/576/576
f 535/535/535 576/576/576 536/536/536
f 536/536/536 576/576/576 577/577/577
f 536/536/536 577/577/577 537/537/537
f 537/537/537 577/577/577 578/578/578
f 537/537/537 578/578/578 538/538/538
f 538/538/538 578/578/578 579/579/579
f 538/538/538 579/579/579 539/539/539
f 539/539/539 579/579/579 580/580/580
f 539/539/539 580/580/580 540/540/540
f 540/540/540 580/580/580 581/581/581
f 540/540/540 581/581/581 541/541/541
f 541/541/541 581/581/581 582/582/582
f 541/541/541 582/582/582 542/542/542
f 542/542/542 582/582/582 583/583/583
f 542/542/542 583/583/583 543/543/543
f 543/543/543 583/583/583 584/584/584
f 543/543/543 584/584/584 544/544/544
f 544/544/544 584/584/584 585/585/585
f 544/544/544 585/585/585 545/545/545
f 545/545/545 585/585/585 586/586/586
f 545/545/545 586/586/586 546/546/546
f 546/546/546 586/586/586 587/587/587
f 546/546/546 587/587/587 547/547/547
f 547/547/547 587/587/587 588/588/588
f 547/547/547 588/588/588 548/548/548
f 548/548/548 588/588/588 589/589/589
f 548/548/548 589/589/589 549/549/549
f 549/549/549 589/589/589 590/590/590
f 549/549/549 590/590/590 550/550/550
f 550/550/550 590/590/590 591/591/591
f 550/550/550 591/591/591 551/551/551
f 551/551/551 591/591/591 592/592/592
f 551/551/551 592/592/592 552/552/552
f 552/552/552 592/592/592 593/593/593
f 552/552/552 593/593/593 553/553/553
f 553/553/553 593/593/593 594/594/594
f 553/553/553 594/594/594 554/554/554
f 554/554/554 594/594/594 595/595/595
f 554/554/554 595/595/595 555/555/555
f 555/555/555 595/595/595 596/596/596
f 555/555/555 596/596/596 556/556/556
f 556/556/556 596/596/596 597/597/597
f 556/556/556 597/597/597 557/557/557
f 557/557/557 597/597/597 598/598/598
f 557/557/557 598/598/598 558/558/558
f 558/558/558 598/598/598 599/599/599
f 558/558/558 599/599/599 559/559/559
f 559/559/559 599/599/599 600/600/600
f 559/559/559 600/600/600 560/560/560
f 560/560/560 600/600/600 601/601/601
f 560/560/560 601/601/601 561/561/561
f 561/561/561 601/601/601 602/602/602
f 561/561/561 602/602/602 562/562/562
f 562/562/562 602/602/602 603/603/603
f 562/562/562 603/603/603 563/563/563
f 563/563/563 603/603/603 604/604/604
f 563/563/563 604/604/604 564/564/564
f 564/564/564 604/604/604 605/605/605
f 564/564/564 605/605/605 565/565/565
f 565/565/565 605/605/605 606/606/606
f 565/565/565 606/606/606 566/566/566
f 566/566/566 606/606/606 607/607/607
f 566/566/566 607/607/607 567/567/567
f 567/567/567 607/607/607 608/608/608
f 567/567/567 608/608/608 568/568/568
f 568/568/568 608/608/608 609/609/609
f 568/568/568 609/609/609 569/569/569
f 569/569/569 609/609/609 610/610/610
f 569/569/569 610/610/610 570/570/570
f 570/570/570 610/610/610 611/611/611
f 570/570/570 611/611/611 571/571/571
f 571/571/571 611/611/611 612/612/612
f 571/571/571 612/612/612 572/572/572
f 572/572/572 612/612/612 613/613/613
f 572/572/572 613/613/613 573/573/573
f 573/573/573 613/613/613 614/614/614
f 573/573/573 614/614/614 574/574/574
f 574/574/574 614/614/614 615/615/615
f 575/575/575 616/616/616 576/576/576
f 576/576/576 616/616/616 617/617/617
f 576/576/576 617/617/617 577/577/577
f 577/577/577 617/617/617 618/618/618
f 577/577/577 618/618/618 578/578/578
f 578/578/578 618/618/618 619/619/619
f 578/578/578 619/619/619 579/579/579
f 579/579/579 619/619/619 620/620/620
f 579/579/579 620/620/620 580/580/580
f 580/580/580 620/620/620 621/621/621
f 580/580/580 621/621/621 581/581/581
f 581/581/581 621/621/621 622/622/622
f 581/581/581 622/622/622 582/582/582
f 582/582/582 622/622/622 623/623/623
f 582/582/582 623/623/623 583/583/583
f 583/583/583 623/623/623 624/624/624
f 583/583/583 624/624/624 584/584/584
f 584/584/584 624/624/624 625/625/625
f 584/584/584 625/625/625 585/585/585
f 585/585/585 625/625/625 626/626/626
f 585/585/585 626/626/626 586/586/586
f 586/586/586 626/626/626 627/627/627
f 586/586/586 627/627/627 587/587/587
f 587/587/587 627/627/627 628/628/628
f 587/587/587 628/628/628 588/588/588
f 588/588/588 628/628/628 629/629/629
f 588/588/588 629/629/629 589/589/589
f 589/589/589 629/629/629 630/630/630
f 589/589/589 630/630/630 590/590/590
f 590/590/590 630/630/630 631/631/631
f 590/590/590 631/631/631 591/591/591
f 591/591/591 631/631/631 632/632/632
f 591/591/591 632/632/632 592/592/592
f 592/592/592 632/632/632 633/633/633
f 592/592/592 633/633/633 593/593/593
f 593/593/593 633/633/633 634/634/634
f 593/593/593 634/634/634 594/594/594
f 594/594/594 634/634/634 635/635/635
f 594/594/594 635/635/635 595/595/595
f 595/595/595 635/635/635 636/636/636
f 595/595/595 636/636/636 596/596/596
f 596/596/596 636/636/636 637/637/637
f 596/596/596 637/637/637 597/597/597
f 597/597/597 637/637/637 638/638/638
f 597/597/597 638/638/638 598/598/598
f 598/598/598 638/638/638 639/639/639
f 598/598/598 639/639/639 599/599/599
f 599/599/599 639/639/639 640/640/640
f 599/599/599 640/640/640 600/600/600
f 600/600/600 640/640/640 641/641/641
f 600/600/600 641/641/641 601/601/601
f 601/601/601 641/641/641 642/642/642
f 601/601/601 642/642/642 602/602/602
f 602/602/602 642/642/642 643/643/643
f 602/602/602 643/643/643 603/603/603
f 603/603/603 643/643/643 644/644/644
f 603/603/603 644/644/644 604/604/604
f 604/604/604 644/644/644 645/645/645
f 604/604/604 645/645/645 605/605/605
f 605/605/605 645/645/645 646/646/646
f 605/605/605 646/646/646 606/606/606
f 606/606/606 646/646/646 647/647/647
f 606/606/606 647/647/647 607/607/607
f 607/607/607 647/647/647 648/648/648
f 607/607/607 648/648/648 608/608/608
f 608/608/608 648/648/648 649/649/649
f 608/608/608 649/649/649 609/609/609
f 609/609/609 649/649/649 650/650/650
f 609/609/609 650/650/650 610/610/610
f 610/610/610 650/650/650 651/651/651
f 610/610/610 651/651/651 611/611/611
f 611/611/611 651/651/651 652/652/652
f 611/611/611 652/652/652 612/612/612
f 612/612/612 652/652/652 653/653/653
f 612/612/612 653/653/653 613/613/613
f 613/613/613 653/653/653 654/654/654
f 613/613/613 654/654/654 614/614/614
f 614/614/614 654/654/654 655/655/655
f 614/614/614 655/655/655 615/615/615
f 615/615/615 655/655/655 656/656/656
f 616/616/616 657/657/657 617/617/617
f 617/617/617 657/657/657 658/658/658
f 617/617/617 658/658/658 618/618/618
f 618/618/618 658/658/658 659/659/659
f 618/618/618 659/659/659 619/619/619
f 619/619/619 659/659/659 660/660/660
f 619/619/619 660/660/660 620/620/620
f 620/620/620 660/660/660 661/661/661
f 620/620/620 661/661/661 621/621/621
f 621/621/621 661/661/661 662/662/662
f 621/621/621 662/662/662 622/622/622
f 622/622/622 662/662/662 663/663/663
f 622/622/622 663/663/663 623/623/623
f 623/623/623 663/663/663 664/664/664
f 623/623/623 664/664/664 624/624/624
f 624/624/624 664/664/664 665/665/665
f 624/624/624 665/665/665 625/625/625
f 625/625/625 665/665/665 666/666/666
f 625/625/625 666/666/666 626/626/626
f 626/626/626 666/666/666 667/667/667
f 626/626/626 667/667/667 627/627/627
f 627/627/627 667/667/667 668/668/668
f 627/627/627 668/668/668 628/628/628
f 628/628/628 668/668/668 669/669/669
f 628/628/628 669/669/669 629/629/629
f 629/629/629 669/669/669 670/670/670
f 629/629/629 670/670/670 630/630/630
f 630/630/630 670/670/670 671/671/671
f 630/630/630 671/671/671 631/631/631
f 631/631/631 671/671/671 672/672/672
f 631/631/631 672/672/672 632/632/632
f 632/632/632 672/672/672 673/673/673
f 632/632/632 673/673/673 633/633/633
f 633/633/633 673/673/673 674/674/674
f 633/633/633 674/674/674 634/634/634
f 634/634/634 674/674/674 675/675/675
f 634/634/634 675/675/675 635/635/635
f 635/635/635 675/675/675 676/676/676
f 635/635/635 676/676/676 636/636/636
f 636/636/636 676/676/676 677/677/677
f 636/636/636 677/677/677 637/637/637
f 637/637/637 677/677/677 678/678/678
f 637/637/637 678/678/678 638/638/638
f 638/638/638 678/678/678 679/679/679
f 638/638/638 679/679/679 639/639/639
f 639/639/639 679/679/679 680/680/680
f 639/639/639 680/680/680 640/640/640
f 640/640/640 680/680/680 681/681/681
f 640/640/640 681/681/681 641/641/641
f 641/641/641 681/681/681 682/682/682
f 641/641/641 682/682/682 642/642/642
f 642/642/642 682/682/682 683/683/683
f 642/642/642 683/683/683 643/643/643
f 643/643/643 683/683/683 684/684/684
f 643/643/643 684/684/684 644/644/644
f 644/644/644 684/684/684 685/685/685
f 644/644/644 685/685/685 645/645/645
f 645/645/645 685/685/685 686/686/686
f 645/645/645 686/686/686 646/646/646
f 646/646/646 686/686/686 687/687/687
f 646/646/646 687/687/687 647/647/647
f 647/647/647 687/687/687 688/688/688
f 647/647/647 688/688/688 648/648/648
f 648/648/648 688/688/688 689/689/689
f 648/648/648 689/689/689 649/649/649
f 649/649/649 689/689/689 690/690/690
f 649/649/649 690/690/690 650/650/650
f 650/650/650 690/690/690 691/691/691
f 650/650/650 691/691/691 651/651/651
f 651/651/651 691/691/691 692/692/692
f 651/651/651 692/692/692 652/652/652
f 652/652/652 692/692/692 693/693/693
f 652/652/652 693/693/693 653/653/653
f 653/653/653 693/693/693 694/694/694
f 653/653/653 694/694/694 654/654/654
f 654/654/654 694/694/694 695/695/695
f 654/654/654 695/695/695 655/655/655
f 655/655/655 695/695/695 696/696/696
f 655/655/655 696/696/696 656/656/656
f 656/656/656 696/696/696 697/697/697
f 657/657/657 698/698/698 658/658/658
f 658/658/658 698/698/698 699/699/699
f 658/658/658 699/699/699 659/659/659
f 659/659/659 699/699/699 700/700/700
f 659/659/659 700/700/700 660/660/660
f 660/660/660 700/700/700 701/701/701
f 660/660/660 701/701/701 661/661/661
f 661/661/661 701/701/701 702/702/702
f 661/661/661 702/702/702 662/662/662
f 662/662/662 702/702/702 703/703/703
f 662/662/662 703/703/703 663/663/663
f 663/663/663 703/703/703 704/704/704
f 663/663/663 704/704/704 664/664/664
f 664/664/664 704/704/704 705/705/705
f 664/664/664 705/705/705 665/665/665
f 665/665/665 705/705/705 706/706/706
f 665/665/665 706/706/706 666/666/666
f 666/666/666 706/706/706 707/707/707
f 666/666/666 707/707/707 667/667/667
f 667/667/667 707/707/707 708/708/708
f 667/667/667 708/708/708 668/668/668
f 668/668/668 708/708/708 709/709/709
f 668/668/668 709/709/709 669/669/669
f 669/669/669 709/709/709 710/710/710
f 669/669/669 710/710/710 670/670/670
f 670/670/670 710/710/710 711/711/711
f 670/670/670 711/711/711 671/671/671
f 671/671/671 711/711/711 712/712/712
f 671/671/671 712/712/712 672/672/672
f 672/672/672 712/712/712 713/713/713
f 672/672/672 713/713/713 673/673/673
f 673/673/673 713/713/713 714/714/714
f 673/673/673 714/714/714 674/674/674
f 674/674/674 714/714/714 715/715/715
f 674/674/674 715/715/715 675/675/675
f 675/675/675 715/715/715 716/716/716
f 675/675/675 716/716/716 676/676/676
f 676/676/676 716/716/716 717/717/717
f 676/676/676 717/717/717 677/677/677
f 677/677/677 717/717/717 718/718/718
f 677/677/677 718/718/718 678/678/678
f 678/678/678 718/718/718 719/719/719
f 678/678/678 719/719/719 679/679/679
f 679/679/679 719/719/719 720/720/720
f 679/679/679 720/720/720 680/680/680
f 680/680/680 720/720/720 721/721/721
f 680/680/680 721/721/721 681/681/681
f 681/681/681 721/721/721 722/722/722
f 681/681/681 722/722/722 682/682/682
f 682/682/682 722/722/722 723/723/723
f 682/682/682 723/723/723 683/683/683
f 683/683/683 723/723/723 724/724/724
f 683/683/683 724/724/724 684/684/684
f 684/684/684 724/724/724 725/725/725
f 684/684/684 725/725/725 685/685/685
f 685/685/685 725/725/725 726/726/726
f 685/685/685 726/726/726 686/686/686
f 686/686/686 726/726/726 727/727/727
f 686/686/686 727/727/727 687/687/687
f 687/687/687 727/727/727 728/728/728
f 687/687/687 728/728/728 688/688/688
f 688/688/688 728/728/728 729/729/729
f 688/688/688 729/729/729 689/689/689
f 689/689/689 729/729/729 730/730/730
f 689/689/689 730/730/730 690/690/690
f 690/690/690 730/730/730 731/731/731
f 690/690/690 731/731/731 691/691/691
f 691/691/691 731/731/731 732/732/732
f 691/691/691 732/732/732 692/692/692
f 692/692/692 732/732/732 733/733/733
f 692/692/692 733/733/733 693/693/693
f 693/693/693 733/733/733 734/734/734
f 693/693/693 734/734/734 694/694/694
f 694/694/694 734/734/734 735/735/735
f 694/694/694 735/735/735 695/695/695
f 695/695/695 735/735/735 736/736/736
f 695/695/695 736/736/736 696/696/696
f 696/696/696 736/736/736 737/737/737
f 696/696/696 737/737/737 697/697/697
f 697/697/697 737/737/737 738/738/738
f 698/698/698 739/739/739 699/699/699
f 699/699/699 739/739/739 740/740/740
f 699/699/699 740/740/740 700/700/700
f 700/700/700 740/740/740 741/741/741
f 700/700/700 741/741/741 701/701/701
f 701/701/701 741/741/741 742/742/742
f 701/701/701 742/742/742 702/702/702
f 702/702/702 742/742/742 743/743/743
f 702/702/702 743/743/743 703/703/703
f 703/703/703 743/743/743 744/744/744
f 703/703/703 744/744/744 704/704/704
f 704/704/704 744/744/744 745/745/745
f 704/704/704 745/745/745 705/705/705
f 705/705/705 745/745/745 746/746/746
f 705/705/705 746/746/746 706/706/706
f 706/706/706 746/746/746 747/747/747
f 706/706/706 747/747/747 707/707/707
f 707/707/707 747/747/747 748/748/748
f 707/707/707 748/748/748 708/708/708
f 708/708/708 748/748/748 749/749/749
f 708/708/708 749/749/749 709/709/709
f 709/709/709 749/749/749 750/750/750
f 709/709/709 750/750/750 710/710/710
f 710/710/710 750/750/750 751/751/751
f 710/710/710 751/751/751 711/711/711
f 711/711/711 751/751/751 752/752/752
f 711/711/711 752/752/752 712/712/712
f 712/712/712 752/752/752 753/753/753
f 712/712/712 753/753/753 713/713/713
f 713/713/713 753/753/753 754/754/754
f 713/713/713 754/754/754 714/714/714
f 714/714/714 754/754/754 755/755/755
f 714/714/714 755/755/755 715/715/715
f 715/715/715 755/755/755 756/756/756
f 715/715/715 756/756/756 716/716/716
f 716/716/716 756/756/756 757/757/757
f 716/716/716 757/757/757 717/717/717
f 717/717/717 757/757/757 758/758/758
f 717/717/717 758/758/758 718/718/718
f 718/718/718 758/758/758 759/759/759
f 718/718/718 759/759/759 719/719/719
f 719/719/719 759/759/759 760/760/760
f 719/719/719 760/760/760 720/720/720
f 720/720/720 760/760/760 761/761/761
f 720/720/720 761/761/761 721/721/721
f 721/721/721 761/761/761 762/762/762
f 721/721/721 762/762/762 722/722/722
f 722/722/722 762/762/762 763/763/763
f 722/722/722 763/763/763 723/723/723
f 723/723/723 763/763/763 764/764/764
f 723/723/723 764/764/764 724/724/724
f 724/724/724 764/764/764 765/765/765
f 724/724/724 765/765/765 725/725/725
f 725/725/725 765/765/765 766/766/766
f 725/725/725 766/766/766 726/726/726
f 726/726/726 766/766/766 767/767/767
f 726/726/726 767/767/767 727/727/727
f 727/727/727 767/767/767 768/768/768
f 727/727/727 768/768/768 728/728/728
f 728/728/728 768/768/768 769/769/769
f 728/728/728 769/769/769 729/729/729
f 729/729/729 769/769/769 770/770/770
f 729/729/729 770/770/770 730/730/730
f 730/730/730 770/770/770 771/771/771
f 730/730/730 771/771/771 731/731/731
f 731/731/731 771/771/771 772/772/772
f 731/731/731 772/772/772 732/732/732
f 732/732/732 772/772/772 773/773/773
f 732/732/732 773/773/773 733/733/733
f 733/733/733 773/773/773 774/774/774
f 733/733/733 774/774/774 734/734/734
f 734/734/734 774/774/774 775/775/775
f 734/734/734 775/775/775 735/735/735
f 735/735/735 775/775/775 776/776/776
f 735/735/735 776/776/776 736/736/736
f 736/736/736 776/776/776 777/777/777
f 736/736/736 777/777/777 737/737/737
f 737/737/737 777/777/777 778/778/778
f 737/737/737 778/778/778 738/738/738
f 738/738/738 778/778/778 779/779/779
f 739/739/739 780/780/780 740/740/740
f 740/740/740 780/780/780 781/781/781
f 740/740/740 781/781/781 741/741/741
f 741/741/741 781/781/781 782/782/782
f 741/741/741 782/782/782 742/742/742
f 742/742/742 782/782/782 783/783/783
f 742/742/742 783/783/783 743/743/743
f 743/743/743 783/783/783 784/784/784
f 743/743/743 784/784/784 744/744/744
f 744/744/744 784/784/784 785/785/785
f 744/744/744 785/785/785 745/745/745
f 745/745/745 785/785/785 786/786/786
f 745/745/745 786/786/786 746/746/746
f 746/746/746 786/786/786 787/787/787
f 746/746/746 787/787/787 747/747/747
f 747/747/747 787/787/787 788/788/788
f 747/747/747 788/788/788 748/748/748
f 748/748/748 788/788/788 789/789/789
f 748/748/748 789/789/789 749/749/749
f 749/749/749 789/789/789 790/790/790
f 749/749/749 790/790/790 750/750/750
f 750/750/750 790/790/790 791/791/791
f 750/750/750 791/791/791 751/751/751
f 751/751/751 791/791/791 792/792/792
f 751/751/751 792/792/792 752/752/752
f 752/752/752 792/792/792 793/793/793
f 752/752/752 793/793/793 753/753/753
f 753/753/753 793/793/793 794/794/794
f 753/753/753 794/794/794 754/754/754
f 754/754/754 794/794/794 795/795/795
f 754/754/754 795/795/795 755/755/755
f 755/755/755 795/795/795 796/796/796
f 755/755/755 796/796/796 756/756/756
f 756/756/756 796/796/796 797/797/797
f 756/756/756 797/797/797 757/757/757
f 757/757/757 797/797/797 798/798/798
f 757/757/757 798/798/798 758/758/758
f 758/758/758 798/798/798 799/799/799
f 758/758/758 799/799/799 759/759/759
f 759/759/759 799/799/799 800/800/800
f 759/759/759 800/800/800 760/760/760
f 760/760/760 800/800/800 801/801/801
f 760/760/760 801/801/801 761/761/761
f 761/761/761 801/801/801 802/802/802
f 761/761/761 802/802/802 762/762/762
f 762/762/762 802/802/802 803/803/803
f 762/762/762 803/803/803 763/763/763
f 763/763/763 803/803/803 804/804/804
f 763/763/763 804/804/804 764/764/764
f 764/764/764 804/804/804 805/805/805
f 764/764/764 805/805/805 765/765/765
f 765/765/765 805/805/805 806/806/806
f 765/765/765 806/806/806 766/766/766
f 766/766/766 806/806/806 807/807/807
f 766/766/766 807/807/807 767/767/767
f 767/767/767 807/807/807 808/808/808
f 767/767/767 808/808/808 768/768/768
f 768/768/768 808/808/808 809/809/809
f 768/768/768 809/809/809 769/769/769
f 769/769/769 809/809/809 810/810/810
f 769/769/769 810/810/810 770/770/770
f 770/770/770 810/810/810 811/811/811
f 770/770/770 811/811/811 771/771/771
f 771/771/771 811/811/811 812/812/812
f 771/771/771 812/812/812 772/772/772
f 772/772/772 812/812/812 813/813/813
f 772/772/772 813/813/813 773/773/773
f 773/773/773 813/813/813 814/814/814
f 773/773/773 814/814/814 774/774/774
f 774/774/774 814/814/814 815/815/815
f 774/774/774 815/815/815 775/775/775
f 775/775/775 815/815/815 816/816/816
f 775/775/775 816/816/816 776/776/776
f 776/776/776 816/816/816 817/817/817
f 776/776/776 817/817/817 777/777/777
f 777/777/777 817/817/817 818/818/818
f 777/777/777 818/818/818 778/778/778
f 778/778/778 818/818/818 819/819/819
f 778/778/778 819/819/819 779/779/779
f 779/779/779 819/819/819 820/820/820
f 780/780/780 821/821/821 781/781/781
f 781/781/781 821/821/821 822/822/822
f 781/781/781 822/822/822 782/782/782
f 782/782/782 822/822/822 823/823/823
f 782/782/782 823/823/823 783/783/783
f 783/783/783 823/823/823 824/824/824
f 783/783/783 824/824/824 784/784/784
f 784/784/784 824/824/824 825/825/825
f 784/784/784 825/825/825 785/785/785
f 785/785/785 825/825/825 826/826/826
f 785/785/785 826/826/826 786/786/786
f 786/786/786 826/826/826 827/827/827
f 786/786/786 827/827/827 787/787/787
f 787/787/787 827/827/827 828/828/828
f 787/787/787 828/828/828 788/788/788
f 788/788/788 828/828/828 829/829/829
f 788/788/788 829/829/829 789/789/789
f 789/789/789 829/829/829 830/830/830
f 789/789/789 830/830/830 790/790/790
f 790/790/790 830/830/830 831/831/831
f 790/790/790 831/831/831 791/791/791
f 791/791/791 831/831/831 832/832/832
f 791/791/791 832/832/832 792/792/792
f 792/792/792 832/832/832 833/833/833
f 792/792/792 833/833/833 793/793/793
f 793/793/793 833/833/833 834/834/834
f 793/793/793 834/834/834 794/794/794
f 794/794/794 834/834/834 835/835/835
f 794/794/794 835/835/835 795/795/795
f 795/795/795 835/835/835 836/836/836
f 795/795/795 836/836/836 796/796/796
f 796/796/796 836/836/836 837/837/837
f 796/796/796 837/837/837 797/797/797
f 797/797/797 837/837/837 838/838/838
f 797/797/797 838/838/838 798/798/798
f 798/798/798 838/838/838 839/839/839
f 798/798/798 839/839/839 799/799/799
f 799/799/799 839/839/839 840/840/840
f 799/799/799 840/840/840 800/800/800
f 800/800/800 840/840/840 841/841/841
f 800/800/800 841/841/841 801/801/801
f 801/801/801 841/841/841 842/842/842
f 801/801/801 842/842/842 802/802/802
f 802/802/802 842/842/842 843/843/843
f 802/802/802 843/843/843 803/803/803
f 803/803/803 843/843/843 844/844/844
f 803/803/803 844/844/844 804/804/804
f 804/804/804 844/844/844 845/845/845
f 804/804/804 845/845/845 805/805/805
f 805/805/805 845/845/845 846/846/846
f 805/805/805 846/846/846 806/806/806
f 806/806/806 846/846/846 847/847/847
f 806/806/806 847/847/847 807/807/807
f 807/807/807 847/847/847 848/848/848
f 807/807/807 848/848/848 808/808/808
f 808/808/808 848/848/848 849/849/849
f 808/808/808 849/849/849 809/809/809
f 809/809/809 849/849/849 850/850/850
f 809/809/809 850/850/850 810/810/810
f 810/810/810 850/850/850 851/851/851
f 810/810/810 851/851/851 811/811/811
f 811/811/811 851/851/851 852/852/852
f 811/811/811 852/852/852 812/812/812
f 812/812/812 852/852/852 853/853/853
f 812/812/812 853/853/853 813/813/813
f 813/813/813 853/853/853 854/854/854
f 813/813/813 854/854/854 814/814/814
f 814/814/814 854/854/854 855/855/855
f 814/814/814 855/855/855 815/815/815
f 815/815/815 855/855/855 856/856/856
f 815/815/815 856/856/856 816/816/816
f 816/816/816 856/856/856 857/857/857
f 816/816/816 857/857/857 817/817/817
f 817/817/817 857/857/857 858/858/858
f 817/817/817 858/858/858 818/818/818
f 818/818/818 858/858/858 859/859/859
f 818/818/818 859/859/859 819/819/819
f 819/819/819 859/859/859 860/860/860
f 819/819/819 860/860/860 820/820/820
f 820/820/820 860/860/860 861/861/861
f 821/821/821 862/862/862 822/822/822
f 822/822/822 862/862/862 863/863/863
f 822/822/822 863/863/863 823/823/823
f 823/823/823 863/863/863 864/864/864
f 823/823/823 864/864/864 824/824/824
f 824/824/824 864/864/864 865/865/865
f 824/824/824 865/865/865 825/825/825
f 825/825/825 865/865/865 866/866/866
f 825/825/825 866/866/866 826/826/826
f 826/826/826 866/866/866 867/867/867
f 826/826/826 867/867/867 827/827/827
f 827/827/827 867/867/867 868/868/868
f 827/827/827 868/868/868 828/828/828
f 828/828/828 868/868/868 869/869/869
f 828/828/828 869/869/869 829/829/829
f 829/829/829 869/869/869 870/870/870
f 829/829/829 870/870/870 830/830/830
f 830/830/830 870/870/870 871/871/871
f 830/830/830 871/871/871 831/831/831
f 831/831/831 871/871/871 872/872/872
f 831/831/831 872/872/872 832/832/832
f 832/832/832 872/872/872 873/873/873
f 832/832/832 873/873/873 833/833/833
f 833/833/833 873/873/873 874/874/874
f 833/833/833 874/874/874 834/834/834
f 834/834/834 874/874/874 875/875/875
f 834/834/834 875/875/875 835/835/835
f 835/835/835 875/875/875 876/876/876
f 835/835/835 876/876/876 836/836/836
f 836/836/836 876/876/876 877/877/877
f 836/836/836 877/877/877 837/837/837
f 837/837/837 877/877/877 878/878/878
f 837/837/837 878/878/878 838/838/838
f 838/838/838 878/878/878 879/879/879
f 838/838/838 879/879/879 839/839/839
f 839/839/839 879/879/879 880/880/880
f 839/839/839 880/880/880 840/840/840
f 840/840/840 880/880/880 881/881/881
f 840/840/840 881/881/881 841/841/841
f 841/841/841 881/881/881 882/882/882
f 841/841/841 882/882/882 842/842/842
f 842/842/842 882/882/882 883/883/883
f 842/842/842 883/883/883 843/843/843
f 843/843/843 883/883/883 884/884/884
f 843/843/843 884/884/884 844/844/844
f 844/844/844 884/884/884 885/885/885
f 844/844/844 885/885/885 845/845/845
f 845/845/845 885/885/885 886/886/886
f 845/845/845 886/886/886 846/846/846
f 846/846/846 886/886/886 887/887/887
f 846/846/846 887/887/887 847/847/847
f 847/847/847 887/887/887 888/888/888
f 847/847/847 888/888/888 848/848/848
f 848/848/848 888/888/888 889/889/889
f 848/848/848 889/889/889 849/849/849
f 849/849/849 889/889/889 890/890/890
f 849/849/849 890/890/890 850/850/850
f 850/850/850 890/890/890 891/891/891
f 850/850/850 891/891/891 851/851/851
f 851/851/851 891/891/891 892/892/892
f 851/851/851 892/892/892 852/852/852
f 852/852/852 892/892/892 893/893/893
f 852/852/852 893/893/893 853/853/853
f 853/853/853 893/893/893 894/894/894
f 853/853/853 894/894/894 854/854/854
f 854/854/854 894/894/894 895/895/895
f 854/854/854 895/895/895 855/855/855
f 855/855/855 895/895/895 896/896/896
f 855/855/855 896/896/896 856/856/856
f 856/856/856 896/896/896 897/897/897
f 856/856/856 897/897/897 857/857/857
f 857/857/857 897/897/897 898/898/898
f 857/857/857 898/898/898 858/858/858
f 858/858/858 898/898/898 899/899/899
f 858/858/858 899/899/899 859/859/859
f 859/859/859 899/899/899 900/900/900
f 859/859/859 900/900/900 860/860/860
f 860/860/860 900/900/900 901/901/901
f 860/860/860 901/901/901 861/861/861
f 861/861/861 901/901/901 902/902/902
f 862/862/862 903/903/903 863/863/863
f 863/863/863 903/903/903 904/904/904
f 863/863/863 904/904/904 864/864/864
f 864/864/864 904/904/904 905/905/905
f 864/864/864 905/905/905 865/865/865
f 865/865/865 905/905/905 906/906/906
f 865/865/865 906/906/906 866/866/866
f 866/866/866 906/906/906 907/907/907
f 866/866/866 907/907/907 867/867/867
f 867/867/867 907/907/907 908/908/908
f 867/867/867 908/908/908 868/868/868
f 868/868/868 908/908/908 909/909/909
f 868/868/868 909/909/909 869/869/869
f 869/869/869 909/909/909 910/910/910
f 869/869/869 910/910/910 870/870/870
f 870/870/870 910/910/910 911/911/911
f 870/870/870 911/911/911 871/871/871
f 871/871/871 911/911/911 912/912/912
f 871/871/871 912/912/912 872/872/872
f 872/872/872 912/912/912 913/913/913
f 872/872/872 913/913/913 873/873/873
f 873/873/873 913/913/913 914/914/914
f 873/873/873 914/914/914 874/874/874
f 874/874/874 914/914/914 915/915/915
f 874/874/874 915/915/915 875/875/875
f 875/875/875 915/915/915 916/916/916
f 875/875/875 916/916/916 876/876/876
f 876/876/876 916/916/916 917/917/917
f 876/876/876 917/917/917 877/877/877
f 877/877/877 917/917/917 918/918/918
f 877/877/877 918/918/918 878/878/878
f 878/878/878 918/918/918 919/919/919
f 878/878/878 919/919/919 879/879/879
f 879/879/879 919/919/919 920/920/920
f 879/879/879 920/920/920 880/880/880
f 880/880/880 920/920/920 921/921/921
f 880/880/880 921/921/921 881/881/881
f 881/881/881 921/921/921 922/922/922
f 881/881/881 922/922/922 882/882/882
f 882/882/882 922/922/922 923/923/923
f 882/882/882 923/923/923 883/883/883
f 883/883/883 923/923/923 924/924/924
f 883/883/883 924/924/924 884/884/884
f 884/884/884 924/924/924 925/925/925
f 884/884/884 925/925/925 885/885/885
f 885/885/885 925/925/925 926/926/926
f 885/885/885 926/926/926 886/886/886
f 886/886/886 926/926/926 927/927/927
f 886/886/886 927/927/927 887/887/887
f 887/887/887 927/927/927 928/928/928
f 887/887/887 928/928/928 888/888/888
f 888/888/888 928/928/928 929/929/929
f 888/888/888 929/929/929 889/889/889
f 889/889/889 929/929/929 930/930/930
f 889/889/889 930/930/930 890/890/890
f 890/890/890 930/930/930 931/931/931
f 890/890/890 931/931/931 891/891/891
f 891/891/891 931/931/931 932/932/932
f 891/891/891 932/932/932 892/892/892
f 892/892/892 932/932/932 933/933/933
f 892/892/892 933/933/933 893/893/893
f 893/893/893 933/933/933 934/934/934
f 893/893/893 934/934/934 894/894/894
f 894/894/894 934/934/934 935/935/935
f 894/894/894 935/935/935 895/895/895
f 895/895/895 935/935/935 936/936/936
f 895/895/895 936/936/936 896/896/896
f 896/896/896 936/936/936 937/937/937
f 896/896/896 937/937/937 897/897/897
f 897/897/897 937/937/937 938/938/938
f 897/897/897 938/938/938 898/898/898
f 898/898/898 938/938/938 939/939/939
f 898/898/898 939/939/939 899/899/899
f 899/899/899 939/939/939 940/940/940
f 899/899/899 940/940/940 900/900/900
f 900/900/900 940/940/940 941/941/941
f 900/900/900 941/941/941 901/901/901
f 901/901/901 941/941/941 942/942/942
f 901/901/901 942/942/942 902/902/902
f 902/902/902 942/942/942 943/943/943
f 903/903/903 944/944/944 904/904/904
f 904/904/904 944/944/944 945/945/945
f 904/904/904 945/945/945 905/905/905
f 905/905/905 945/945/945 946/946/946
f 905/905/905 946/946/946 906/906/906
f 906/906/906 946/946/946 947/947/947
f 906/906/906 947/947/947 907/907/907
f 907/907/907 947/947/947 948/948/948
f 907/907/907 948/948/948 908/908/908
f 908/908/908 948/948/948 949/949/949
f 908/908/908 949/949/949 909/909/909
f 909/909/909 949/949/949 950/950/950
f 909/909/909 950/950/950 910/910/910
f 910/910/910 950/950/950 951/951/951
f 910/910/910 951/951/951 911/911/911
f 911/911/911 951/951/951 952/952/952
f 911/911/911 952/952/952 912/912/912
f 912/912/912 952/952/952 953/953/953
f 912/912/912 953/953/953 913/913/913
f 913/913/913 953/953/953 954/954/954
f 913/913/913 954/954/954 914/914/914
f 914/914/914 954/954/954 955/955/955
f 914/914/914 955/955/955 915/915/915
f 915/915/915 955/955/955 956/956/956
f 915/915/915 956/956/956 916/916/916
f 916/916/916 956/956/956 957/957/957
f 916/916/916 957/957/957 917/917/917
f 917/917/917 957/957/957 958/958/958
f 917/917/917 958/958/958 918/918/918
f 918/918/918 958/958/958 959/959/959
f 918/918/918 959/959/959 919/919/919
f 919/919/919 959/959/959 960/960/960
f 919/919/919 960/960/960 920/920/920
f 920/920/920 960/960/960 961/961/961
f 920/920/920 961/961/961 921/921/921
f 921/921/921 961/961/961 962/962/962
f 921/921/921 962/962/962 922/922/922
f 922/922/922 962/962/962 963/963/963
f 922/922/922 963/963/963 923/923/923
f 923/923/923 963/963/963 964/964/964
f 923/923/923 964/964/964 924/924/924
f 924/924/924 964/964/964 965/965/965
f 924/924/924 965/965/965 925/925/925
f 925/925/925 965/965/965 966/966/966
f 925/925/925 966/966/966 926/926/926
f 926/926/926 966/966/966 967/967/967
f 926/926/926 967/967/967 927/927/927
f 927/927/927 967/967/967 968/968/968
f 927/927/927 968/968/968 928/928/928
f 928/928/928 968/968/968 969/969/969
f 928/928/928 969/969/969 929/929/929
f 929/929/929 969/969/969 970/970/970
f 929/929/929 970/970/970 930/930/930
f 930/930/930 970/970/970 971/971/971
f 930/930/930 971/971/971 931/931/931
f 931/931/931 971/971/971 972/972/972
f 931/931/931 972/972/972 932/932/932
f 932/932/932 972/972/972 973/973/973
f 932/932/932 973/973/973 933/933/933
f 933/933/933 973/973/973 974/974/974
f 933/933/933 974/974/974 934/934/934
f 934/934/934 974/974/974 975/975/975
f 934/934/934 975/975/975 935/935/935
f 935/935/935 975/975/975 976/976/976
f 935/935/935 976/976/976 936/936/936
f 936/936/936 976/976/976 977/977/977
f 936/936/936 977/977/977 937/937/937
f 937/937/937 977/977/977 978/978/978
f 937/937/937 978/978/978 938/938/938
f 938/938/938 978/978/978 979/979/979
f 938/938/938 979/979/979 939/939/939
f 939/939/939 979/979/979 980/980/980
f 939/939/939 980/980/980 940/940/940
f 940/940/940 980/980/980 981/981/981
f 940/940/940 981/981/981 941/941/941
f 941/941/941 981/981/981 982/982/982
f 941/941/941 982/982/982 942/942/942
f 942/942/942 982/982/982 983/983/983
f 942/942/942 983/983/983 943/943/943
f 943/943/943 983/983/983 984/984/984
f 944/944/944 985/985/985 945/945/945
f 945/945/945 985/985/985 986/986/986
f 945/945/945 986/986/986 946/946/946
f 946/946/946 986/986/986 987/987/987
f 946/946/946 987/987/987 947/947/947
f 947/947/947 987/987/987 988/988/988
f 947/947/947 988/988/988 948/948/948
f 948/948/948 988/988/988 989/989/989
f 948/948/948 989/989/989 949/949/949
f 949/949/949 989/989/989 990/990/990
f 949/949/949 990/990/990 950/950/950
f 950/950/950 990/990/990 991/991/991
f 950/950/950 991/991/991 951/951/951
f 951/951/951 991/991/991 992/992/992
f 951/951/951 992/992/992 952/952/952
f 952/952/952 992/992/992 993/993/993
f 952/952/952 993/993/993 953/953/953
f 953/953/953 993/993/993 994/994/994
f 953/953/953 994/994/994 954/954/954
f 954/954/954 994/994/994 995/995/995
f 954/954/954 995/995/995 955/955/955
f 955/955/955 995/995/995 996/996/996
f 955/955/955 996/996/996 956/956/956
f 956/956/956 996/996/996 997/997/997
f 956/956/956 997/997/997 957/957/957
f 957/957/957 997/997/997 998/998/998
f 957/957/957 998/998/998 958/958/958
f 958/958/958 998/998/998 999/999/999
f 958/958/958 999/999/999 959/959/959
f 959/959/959 999/999/999 1000/1000/1000
f 959/959/959 1000/1000/1000 960/960/960
f 960/960/960 1000/1000/1000 1001/1001/1001
f 960/960/960 1001/1001/1001 961/961/961
f 961/961/961 1001/1001/1001 1002/1002/1002
f 961/961/961 1002/1002/1002 962/962/962
f 962/962/962 1002/1002/1002 1003/1003/1003
f 962/962/962 1003/1003/1003 963/963/963
f 963/963/963 1003/1003/1003 1004/1004/1004
f 963/963/963 1004/1004/1004 964/964/964
f 964/964/964 1004/1004/1004 1005/1005/1005
f 964/964/964 1005/1005/1005 965/965/965
f 965/965/965 1005/1005/1005 1006/1006/1006
f 965/965/965 1006/1006/1006 966/966/966
f 966/966/966 1006/1006/1006 1007/1007/1007
f 966/966/966 1007/1007/1007 967/967/967
f 967/967/967 1007/1007/1007 1008/1008/1008
f 967/967/967 1008/1008/1008 968/968/968
f 968/968/968 1008/1008/1008 1009/1009/1009
f 968/968/968 1009/1009/1009 969/969/969
f 969/969/969 1009/1009/1009 1010/1010/1010
f 969/969/969 1010/1010/1010 970/970/970
f 970/970/970 1010/1010/1010 1011/1011/1011
f 970/970/970 1011/1011/1011 971/971/971
f 971/971/971 1011/1011/1011 1012/1012/1012
f 971/971/971 1012/1012/1012 972/972/972
f 972/972/972 1012/1012/1012 1013/1013/1013
f 972/972/972 1013/1013/1013 973/973/973
f 973/973/973 1013/1013/1013 1014/1014/1014
f 973/973/973 1014/1014/1014 974/974/974
f 974/974/974 1014/1014/1014 1015/1015/1015
f 974/974/974 1015/1015/1015 975/975/975
f 975/975/975 1015/1015/1015 1016/1016/1016
f 975/975/975 1016/1016/1016 976/976/976
f 976/976/976 1016/1016/1016 1017/1017/1017
f 976/976/976 1017/1017/1017 977/977/977
f 977/977/977 1017/1017/1017 1018/1018/1018
f 977/977/977 1018/1018/1018 978/978/978
f 978/978/978 1018/1018/1018 1019/1019/1019
f 978/978/978 1019/1019/1019 979/979/979
f 979/979/979 1019/1019/1019 1020/1020/1020
f 979/979/979 1020/1020/1020 980/980/980
f 980/980/980 1020/1020/1020 1021/1021/1021
f 980/980/980 1021/1021/1021 981/981/981
f 981/981/981 1021/1021/1021 1022/1022/1022
f 981/981/981 1022/1022/1022 982/982/982
f 982/982/982 1022/1022/1022 1023/1023/1023
f 982/982/982 1023/1023/1023 983/983/983
f 983/983/983 1023/1023/1023 1024/1024/1024
f 983/983/983 1024/1024/1024 984/984/984
f 984/984/984 1024/1024/1024 1025/1025/1025
f 985/985/985 1026/1026/1026 986/986/986
f 986/986/986 1026/1026/1026 1027/1027/1027
f 986/986/986 1027/1027/1027 987/987/987
f 987/987/987 1027/1027/1027 1028/1028/1028
f 987/987/987 1028/1028/1028 988/988/988
f 988/988/988 1028/1028/1028 1029/1029/1029
f 988/988/988 1029/1029/1029 989/989/989
f 989/989/989 1029/1029/1029 1030/1030/1030
f 989/989/989 1030/1030/1030 990/990/990
f 990/990/990 1030/1030/1030 1031/1031/1031
f 990/990/990 1031/1031/1031 991/991/991
f 991/991/991 1031/1031/1031 1032/1032/1032
f 991/991/991 1032/1032/1032 992/992/992
f 992/992/992 1032/1032/1032 1033/1033/1033
f 992/992/992 1033/1033/1033 993/993/993
f 993/993/993 1033/1033/1033 1034/1034/1034
f 993/993/993 1034/1034/1034 994/994/994
f 994/994/994 1034/1034/1034 1035/1035/1035
f 994/994/994 1035/1035/1035 995/995/995
f 995/995/995 1035/1035/1035 1036/1036/1036
f 995/995/995 1036/1036/1036 996/996/996
f 996/996/996 1036/1036/1036 1037/1037/1037
f 996/996/996 1037/1037/1037 997/997/997
f 997/997/997 1037/1037/1037 1038/1038/1038
f 997/997/997 1038/1038/1038 998/998/998
f 998/998/998 1038/1038/1038 1039/1039/1039
f 998/998/998 1039/1039/1039 999/999/999
f 999/999/999 1039/1039/1039 1040/1040/1040
f 999/999/999 1040/1040/1040 1000/1000/1000
f 1000/1000/1000 1040/1040/1040 1041/1041/1041
f 1000/1000/1000 1041/1041/1041 1001/1001/1001
f 1001/1001/1001 1041/1041/1041 1042/1042/1042
f 1001/1001/1001 1042/1042/1042 1002/1002/1002
f 1002/1002/1002 1042/1042/1042 1043/1043/1043
f 1002/1002/1002 1043/1043/1043 1003/1003/1003
f 1003/1003/1003 1043/1043/1043 1044/1044/1044
f 1003/1003/1003 1044/1044/1044 1004/1004/1004
f 1004/1004/1004 1044/1044/1044 1045/1045/1045
f 1004/1004/1004 1045/1045/1045 1005/1005/1005
f 1005/1005/1005 1045/1045/1045 1046/1046/1046
f 1005/1005/1005 1046/1046/1046 1006/1006/1006
f 1006/1006/1006 1046/1046/1046 1047/1047/1047
f 1006/1006/1006 1047/1047/1047 1007/1007/1007
f 1007/1007/1007 1047/1047/1047 1048/1048/1048
f 1007/1007/1007 1048/1048/1048 1008/1008/1008
f 1008/1008/1008 1048/1048/1048 1049/1049/1049
f 1008/1008/1008 1049/1049/1049 1009/1009/1009
f 1009/1009/1009 1049/1049/1049 1050/1050/1050
f 1009/1009/1009 1050/1050/1050 1010/1010/1010
f 1010/1010/1010 1050/1050/1050 1051/1051/1051
f 1010/1010/1010 1051/1051/1051 1011/1011/1011
f 1011/1011/1011 1051/1051/1051 1052/1052/1052
f 1011/1011/1011 1052/1052/1052 1012/1012/1012
f 1012/1012/1012 1052/1052/1052 1053/1053/1053
f 1012/1012/1012 1053/1053/1053 1013/1013/1013
f 1013/1013/1013 1053/1053/1053 1054/1054/1054
f 1013/1013/1013 1054/1054/1054 1014/1014/1014
f 1014/1014/1014 1054/1054/1054 1055/1055/1055
f 1014/1014/1014 1055/1055/1055 1015/1015/1015
f 1015/1015/1015 1055/1055/1055 1056/1056/1056
f 1015/1015/1015 1056/1056/1056 1016/1016/1016
f 1016/1016/1016 1056/1056/1056 1057/1057/1057
f 1016/1016/1016 1057/1057/1057 1017/1017/1017
f 1017/1017/1017 1057/1057/1057 1058/1058/1058
f 1017/1017/1017 1058/1058/1058 1018/1018/1018
f 1018/1018/1018 1058/1058/1058 1059/1059/1059
f 1018/1018/1018 1059/1059/1059 1019/1019/1019
f 1019/1019/1019 1059/1059/1059 1060/1060/1060
f 1019/1019/1019 1060/1060/1060 1020/1020/1020
f 1020/1020/1020 1060/1060/1060 1061/1061/1061
f 1020/1020/1020 1061/1061/1061 1021/1021/1021
f 1021/1021/1021 1061/1061/1061 1062/1062/1062
f 1021/1021/1021 1062/1062/1062 1022/1022/1022
f 1022/1022/1022 1062/1062/1062 1063/1063/1063
f 1022/1022/1022 1063/1063/1063 1023/1023/1023
f 1023/1023/1023 1063/1063/1063 1064/1064/1064
f 1023/1023/1023 1064/1064/1064 1024/1024/1024
f 1024/1024/1024 1064/1064/1064 1065/1065/1065
f 1024/1024/1024 1065/1065/1065 1025/1025/1025
f 1025/1025/1025 1065/1065/1065 1066/1066/1066
