# THE OBSERVER - generated by tools/gen_observer.py
v 0.00100 1.44017 0.00000
v 0.00094 1.44017 0.00034
v 0.00077 1.44017 0.00064
v 0.00050 1.44017 0.00087
v 0.00017 1.44017 0.00098
v -0.00017 1.44017 0.00099
v -0.00050 1.44017 0.00087
v -0.00077 1.44017 0.00064
v -0.00094 1.44017 0.00034
v -0.00100 1.44017 0.00000
v -0.00094 1.44017 -0.00034
v -0.00077 1.44017 -0.00064
v -0.00050 1.44017 -0.00087
v -0.00019 1.44017 -0.00106
v 0.00019 1.44017 -0.00106
v 0.00050 1.44017 -0.00087
v 0.00077 1.44017 -0.00064
v 0.00094 1.44017 -0.00034
v 0.00100 1.44017 -0.00000
v 0.05270 1.43178 0.00000
v 0.04952 1.43178 0.01802
v 0.04037 1.43178 0.03387
v 0.02635 1.43178 0.04564
v 0.00915 1.43178 0.05190
v -0.00917 1.43178 0.05202
v -0.02655 1.43178 0.04598
v -0.04043 1.43178 0.03393
v -0.04952 1.43178 0.01802
v -0.05270 1.43178 0.00000
v -0.04952 1.43178 -0.01802
v -0.04037 1.43178 -0.03387
v -0.02639 1.43178 -0.04571
v -0.00983 1.43178 -0.05572
v 0.00983 1.43178 -0.05572
v 0.02639 1.43178 -0.04571
v 0.04037 1.43178 -0.03387
v 0.04952 1.43178 -0.01802
v 0.05270 1.43178 -0.00000
v 0.09737 1.40790 0.00000
v 0.09150 1.40790 0.03330
v 0.07459 1.40790 0.06259
v 0.04869 1.40790 0.08433
v 0.01691 1.40790 0.09590
v -0.01695 1.40790 0.09612
v -0.04905 1.40790 0.08496
v -0.07471 1.40790 0.06269
v -0.09150 1.40790 0.03330
v -0.09737 1.40790 0.00000
v -0.09150 1.40790 -0.03330
v -0.07459 1.40790 -0.06259
v -0.04876 1.40790 -0.08445
v -0.01816 1.40790 -0.10296
v 0.01816 1.40790 -0.10296
v 0.04876 1.40790 -0.08445
v 0.07459 1.40790 -0.06259
v 0.09150 1.40790 -0.03330
v 0.09737 1.40790 -0.00000
v 0.12723 1.37216 0.00000
v 0.11955 1.37216 0.04351
v 0.09746 1.37216 0.08178
v 0.06361 1.37216 0.11018
v 0.02209 1.37216 0.12530
v -0.02214 1.37216 0.12559
v -0.06409 1.37216 0.11101
v -0.09762 1.37216 0.08191
v -0.11956 1.37216 0.04351
v -0.12723 1.37216 0.00000
v -0.11955 1.37216 -0.04351
v -0.09746 1.37216 -0.08178
v -0.06371 1.37216 -0.11035
v -0.02372 1.37216 -0.13453
v 0.02372 1.37216 -0.13453
v 0.06371 1.37216 -0.11035
v 0.09746 1.37216 -0.08178
v 0.11955 1.37216 -0.04351
v 0.12723 1.37216 -0.00000
v 0.13771 1.33000 0.00000
v 0.12940 1.33000 0.04710
v 0.10549 1.33000 0.08852
v 0.06885 1.33000 0.11926
v 0.02391 1.33000 0.13562
v -0.02397 1.33000 0.13593
v -0.06937 1.33000 0.12016
v -0.10566 1.33000 0.08866
v -0.12941 1.33000 0.04710
v -0.13771 1.33000 0.00000
v -0.12940 1.33000 -0.04710
v -0.10549 1.33000 -0.08852
v -0.06896 1.33000 -0.11944
v -0.02568 1.33000 -0.14561
v 0.02568 1.33000 -0.14561
v 0.06896 1.33000 -0.11944
v 0.10549 1.33000 -0.08852
v 0.12940 1.33000 -0.04710
v 0.13771 1.33000 -0.00000
v 0.14534 1.24939 0.00000
v 0.13657 1.24939 0.04971
v 0.11134 1.24939 0.09342
v 0.07267 1.24939 0.12587
v 0.02524 1.24939 0.14314
v -0.02533 1.24939 0.14365
v -0.07351 1.24939 0.12733
v -0.11161 1.24939 0.09365
v -0.13658 1.24939 0.04971
v -0.14534 1.24939 0.00000
v -0.13657 1.24939 -0.04971
v -0.11134 1.24939 -0.09342
v -0.07278 1.24939 -0.12605
v -0.02710 1.24939 -0.15368
v 0.02710 1.24939 -0.15368
v 0.07278 1.24939 -0.12605
v 0.11134 1.24939 -0.09342
v 0.13657 1.24939 -0.04971
v 0.14534 1.24939 -0.00000
v 0.14475 1.16879 0.00000
v 0.13602 1.16879 0.04951
v 0.11089 1.16879 0.09305
v 0.07238 1.16879 0.12536
v 0.02514 1.16879 0.14257
v -0.02527 1.16879 0.14331
v -0.07361 1.16879 0.12750
v -0.11129 1.16879 0.09339
v -0.13603 1.16879 0.04951
v -0.14475 1.16879 0.00000
v -0.13602 1.16879 -0.04951
v -0.11089 1.16879 -0.09305
v -0.07248 1.16879 -0.12555
v -0.02699 1.16879 -0.15306
v 0.02699 1.16879 -0.15306
v 0.07248 1.16879 -0.12555
v 0.11089 1.16879 -0.09305
v 0.13602 1.16879 -0.04951
v 0.14475 1.16879 -0.00000
v 0.13485 1.08818 0.00000
v 0.12671 1.08818 0.04612
v 0.10330 1.08818 0.08668
v 0.06742 1.08818 0.11678
v 0.02342 1.08818 0.13282
v -0.02359 1.08818 0.13379
v -0.06904 1.08818 0.11958
v -0.10383 1.08818 0.08712
v -0.12672 1.08818 0.04612
v -0.13485 1.08818 0.00000
v -0.12671 1.08818 -0.04612
v -0.10330 1.08818 -0.08668
v -0.06752 1.08818 -0.11695
v -0.02514 1.08818 -0.14259
v 0.02514 1.08818 -0.14259
v 0.06752 1.08818 -0.11695
v 0.10330 1.08818 -0.08668
v 0.12671 1.08818 -0.04612
v 0.13485 1.08818 -0.00000
v 0.12256 1.00758 0.00000
v 0.11517 1.00758 0.04192
v 0.09389 1.00758 0.07878
v 0.06128 1.00758 0.10614
v 0.02129 1.00758 0.12072
v -0.02149 1.00758 0.12190
v -0.06325 1.00758 0.10956
v -0.09454 1.00758 0.07932
v -0.11518 1.00758 0.04192
v -0.12256 1.00758 0.00000
v -0.11517 1.00758 -0.04192
v -0.09389 1.00758 -0.07878
v -0.06137 1.00758 -0.10630
v -0.02285 1.00758 -0.12959
v 0.02285 1.00758 -0.12959
v 0.06137 1.00758 -0.10630
v 0.09389 1.00758 -0.07878
v 0.11517 1.00758 -0.04192
v 0.12256 1.00758 -0.00000
v 0.11386 0.92697 0.00000
v 0.10700 0.92697 0.03894
v 0.08722 0.92697 0.07319
v 0.05693 0.92697 0.09861
v 0.01978 0.92697 0.11216
v -0.02003 0.92697 0.11357
v -0.05928 0.92697 0.10267
v -0.08800 0.92697 0.07384
v -0.10701 0.92697 0.03895
v -0.11386 0.92697 0.00000
v -0.10700 0.92697 -0.03894
v -0.08722 0.92697 -0.07319
v -0.05702 0.92697 -0.09876
v -0.02123 0.92697 -0.12040
v 0.02123 0.92697 -0.12040
v 0.05702 0.92697 -0.09876
v 0.08722 0.92697 -0.07319
v 0.10700 0.92697 -0.03894
v 0.11386 0.92697 -0.00000
v 0.10906 0.84636 0.00000
v 0.10248 0.84636 0.03730
v 0.08354 0.84636 0.07010
v 0.05453 0.84636 0.09444
v 0.01894 0.84636 0.10743
v -0.01923 0.84636 0.10908
v -0.05728 0.84636 0.09921
v -0.08445 0.84636 0.07086
v -0.10249 0.84636 0.03730
v -0.10906 0.84636 0.00000
v -0.10248 0.84636 -0.03730
v -0.08354 0.84636 -0.07010
v -0.05461 0.84636 -0.09459
v -0.02033 0.84636 -0.11531
v 0.02033 0.84636 -0.11531
v 0.05461 0.84636 -0.09459
v 0.08354 0.84636 -0.07010
v 0.10248 0.84636 -0.03730
v 0.10906 0.84636 -0.00000
v 0.10603 0.76576 0.00000
v 0.09964 0.76576 0.03627
v 0.08123 0.76576 0.06816
v 0.05302 0.76576 0.09183
v 0.01842 0.76576 0.10446
v -0.01875 0.76576 0.10633
v -0.05614 0.76576 0.09724
v -0.08226 0.76576 0.06902
v -0.09966 0.76576 0.03627
v -0.10603 0.76576 0.00000
v -0.09964 0.76576 -0.03627
v -0.08123 0.76576 -0.06816
v -0.05310 0.76576 -0.09196
v -0.01977 0.76576 -0.11212
v 0.01977 0.76576 -0.11212
v 0.05310 0.76576 -0.09196
v 0.08123 0.76576 -0.06816
v 0.09964 0.76576 -0.03627
v 0.10603 0.76576 -0.00000
v 0.10341 0.68515 0.00000
v 0.09718 0.68515 0.03537
v 0.07922 0.68515 0.06647
v 0.05171 0.68515 0.08956
v 0.01797 0.68515 0.10189
v -0.01832 0.68515 0.10392
v -0.05511 0.68515 0.09546
v -0.08034 0.68515 0.06741
v -0.09720 0.68515 0.03538
v -0.10341 0.68515 0.00000
v -0.09718 0.68515 -0.03537
v -0.07922 0.68515 -0.06647
v -0.05178 0.68515 -0.08969
v -0.01928 0.68515 -0.10935
v 0.01928 0.68515 -0.10935
v 0.05178 0.68515 -0.08969
v 0.07922 0.68515 -0.06647
v 0.09718 0.68515 -0.03537
v 0.10341 0.68515 -0.00000
v 0.10078 0.60455 0.00000
v 0.09470 0.60455 0.03447
v 0.07720 0.60455 0.06478
v 0.05039 0.60455 0.08728
v 0.01751 0.60455 0.09929
v -0.01788 0.60455 0.10141
v -0.05393 0.60455 0.09341
v -0.07837 0.60455 0.06576
v -0.09472 0.60455 0.03448
v -0.10078 0.60455 0.00000
v -0.09470 0.60455 -0.03447
v -0.07720 0.60455 -0.06478
v -0.05046 0.60455 -0.08741
v -0.01879 0.60455 -0.10656
v 0.01879 0.60455 -0.10656
v 0.05046 0.60455 -0.08741
v 0.07720 0.60455 -0.06478
v 0.09470 0.60455 -0.03447
v 0.10078 0.60455 -0.00000
v 0.09809 0.52394 0.00000
v 0.09217 0.52394 0.03355
v 0.07514 0.52394 0.06305
v 0.04904 0.52394 0.08494
v 0.01704 0.52394 0.09664
v -0.01741 0.52394 0.09874
v -0.05255 0.52394 0.09102
v -0.07629 0.52394 0.06402
v -0.09219 0.52394 0.03355
v -0.09809 0.52394 0.00000
v -0.09217 0.52394 -0.03355
v -0.07514 0.52394 -0.06305
v -0.04912 0.52394 -0.08507
v -0.01829 0.52394 -0.10371
v 0.01829 0.52394 -0.10371
v 0.04912 0.52394 -0.08507
v 0.07514 0.52394 -0.06305
v 0.09217 0.52394 -0.03355
v 0.09809 0.52394 -0.00000
v 0.09538 0.44333 0.00000
v 0.08963 0.44333 0.03262
v 0.07307 0.44333 0.06131
v 0.04769 0.44333 0.08260
v 0.01657 0.44333 0.09398
v -0.01692 0.44333 0.09596
v -0.05101 0.44333 0.08835
v -0.07416 0.44333 0.06223
v -0.08965 0.44333 0.03263
v -0.09538 0.44333 0.00000
v -0.08963 0.44333 -0.03262
v -0.07307 0.44333 -0.06131
v -0.04776 0.44333 -0.08273
v -0.01778 0.44333 -0.10086
v 0.01778 0.44333 -0.10086
v 0.04776 0.44333 -0.08273
v 0.07307 0.44333 -0.06131
v 0.08963 0.44333 -0.03262
v 0.09538 0.44333 -0.00000
v 0.09274 0.36273 0.00000
v 0.08715 0.36273 0.03172
v 0.07105 0.36273 0.05961
v 0.04637 0.36273 0.08032
v 0.01611 0.36273 0.09137
v -0.01643 0.36273 0.09317
v -0.04937 0.36273 0.08551
v -0.07203 0.36273 0.06044
v -0.08717 0.36273 0.03173
v -0.09274 0.36273 0.00000
v -0.08715 0.36273 -0.03172
v -0.07105 0.36273 -0.05961
v -0.04644 0.36273 -0.08044
v -0.01729 0.36273 -0.09807
v 0.01729 0.36273 -0.09807
v 0.04644 0.36273 -0.08044
v 0.07105 0.36273 -0.05961
v 0.08715 0.36273 -0.03172
v 0.09274 0.36273 -0.00000
v 0.09025 0.28212 0.00000
v 0.08481 0.28212 0.03087
v 0.06913 0.28212 0.05801
v 0.04512 0.28212 0.07816
v 0.01568 0.28212 0.08891
v -0.01595 0.28212 0.09046
v -0.04771 0.28212 0.08264
v -0.06999 0.28212 0.05873
v -0.08482 0.28212 0.03087
v -0.09025 0.28212 0.00000
v -0.08481 0.28212 -0.03087
v -0.06913 0.28212 -0.05801
v -0.04519 0.28212 -0.07827
v -0.01683 0.28212 -0.09543
v 0.01683 0.28212 -0.09543
v 0.04519 0.28212 -0.07827
v 0.06913 0.28212 -0.05801
v 0.08481 0.28212 -0.03087
v 0.09025 0.28212 -0.00000
v 0.08797 0.20152 0.00000
v 0.08267 0.20152 0.03009
v 0.06739 0.20152 0.05655
v 0.04399 0.20152 0.07619
v 0.01528 0.20152 0.08666
v -0.01551 0.20152 0.08794
v -0.04613 0.20152 0.07989
v -0.06810 0.20152 0.05714
v -0.08268 0.20152 0.03009
v -0.08797 0.20152 0.00000
v -0.08267 0.20152 -0.03009
v -0.06739 0.20152 -0.05655
v -0.04405 0.20152 -0.07630
v -0.01640 0.20152 -0.09302
v 0.01640 0.20152 -0.09302
v 0.04405 0.20152 -0.07630
v 0.06739 0.20152 -0.05655
v 0.08267 0.20152 -0.03009
v 0.08797 0.20152 -0.00000
v 0.08598 0.12091 0.00000
v 0.08079 0.12091 0.02941
v 0.06586 0.12091 0.05527
v 0.04299 0.12091 0.07446
v 0.01493 0.12091 0.08469
v -0.01511 0.12091 0.08571
v -0.04468 0.12091 0.07739
v -0.06642 0.12091 0.05573
v -0.08080 0.12091 0.02941
v -0.08598 0.12091 0.00000
v -0.08079 0.12091 -0.02941
v -0.06586 0.12091 -0.05527
v -0.04305 0.12091 -0.07457
v -0.01603 0.12091 -0.09091
v 0.01603 0.12091 -0.09091
v 0.04305 0.12091 -0.07457
v 0.06586 0.12091 -0.05527
v 0.08079 0.12091 -0.02941
v 0.08598 0.12091 -0.00000
v 0.08431 0.04030 0.00000
v 0.07922 0.04030 0.02884
v 0.06458 0.04030 0.05419
v 0.04215 0.04030 0.07301
v 0.01464 0.04030 0.08304
v -0.01478 0.04030 0.08381
v -0.04344 0.04030 0.07524
v -0.06501 0.04030 0.05455
v -0.07923 0.04030 0.02884
v -0.08431 0.04030 0.00000
v -0.07922 0.04030 -0.02884
v -0.06458 0.04030 -0.05419
v -0.04222 0.04030 -0.07312
v -0.01572 0.04030 -0.08915
v 0.01572 0.04030 -0.08915
v 0.04222 0.04030 -0.07312
v 0.06458 0.04030 -0.05419
v 0.07922 0.04030 -0.02884
v 0.08431 0.04030 -0.00000
v 0.08297 -0.04030 0.00000
v 0.07797 -0.04030 0.02838
v 0.06356 -0.04030 0.05334
v 0.04149 -0.04030 0.07186
v 0.01441 -0.04030 0.08173
v -0.01451 -0.04030 0.08228
v -0.04242 -0.04030 0.07347
v -0.06387 -0.04030 0.05359
v -0.07798 -0.04030 0.02838
v -0.08297 -0.04030 0.00000
v -0.07797 -0.04030 -0.02838
v -0.06356 -0.04030 -0.05334
v -0.04155 -0.04030 -0.07197
v -0.01547 -0.04030 -0.08774
v 0.01547 -0.04030 -0.08774
v 0.04155 -0.04030 -0.07197
v 0.06356 -0.04030 -0.05334
v 0.07797 -0.04030 -0.02838
v 0.08297 -0.04030 -0.00000
v 0.08196 -0.12091 0.00000
v 0.07702 -0.12091 0.02803
v 0.06279 -0.12091 0.05268
v 0.04098 -0.12091 0.07098
v 0.01423 -0.12091 0.08072
v -0.01430 -0.12091 0.08111
v -0.04163 -0.12091 0.07211
v -0.06300 -0.12091 0.05286
v -0.07702 -0.12091 0.02803
v -0.08196 -0.12091 0.00000
v -0.07702 -0.12091 -0.02803
v -0.06279 -0.12091 -0.05268
v -0.04104 -0.12091 -0.07109
v -0.01528 -0.12091 -0.08667
v 0.01528 -0.12091 -0.08667
v 0.04104 -0.12091 -0.07109
v 0.06279 -0.12091 -0.05268
v 0.07702 -0.12091 -0.02803
v 0.08196 -0.12091 -0.00000
v 0.08123 -0.20152 0.00000
v 0.07633 -0.20152 0.02778
v 0.06222 -0.20152 0.05221
v 0.04061 -0.20152 0.07034
v 0.01411 -0.20152 0.08000
v -0.01415 -0.20152 0.08026
v -0.04105 -0.20152 0.07110
v -0.06237 -0.20152 0.05233
v -0.07633 -0.20152 0.02778
v -0.08123 -0.20152 0.00000
v -0.07633 -0.20152 -0.02778
v -0.06222 -0.20152 -0.05221
v -0.04067 -0.20152 -0.07045
v -0.01514 -0.20152 -0.08589
v 0.01514 -0.20152 -0.08589
v 0.04067 -0.20152 -0.07045
v 0.06222 -0.20152 -0.05221
v 0.07633 -0.20152 -0.02778
v 0.08123 -0.20152 -0.00000
v 0.08071 -0.28212 0.00000
v 0.07584 -0.28212 0.02760
v 0.06182 -0.28212 0.05188
v 0.04035 -0.28212 0.06989
v 0.01402 -0.28212 0.07948
v -0.01404 -0.28212 0.07965
v -0.04063 -0.28212 0.07037
v -0.06192 -0.28212 0.05195
v -0.07584 -0.28212 0.02760
v -0.08071 -0.28212 0.00000
v -0.07584 -0.28212 -0.02760
v -0.06182 -0.28212 -0.05188
v -0.04041 -0.28212 -0.07000
v -0.01505 -0.28212 -0.08534
v 0.01505 -0.28212 -0.08534
v 0.04041 -0.28212 -0.07000
v 0.06182 -0.28212 -0.05188
v 0.07584 -0.28212 -0.02760
v 0.08071 -0.28212 -0.00000
v 0.08032 -0.36273 0.00000
v 0.07548 -0.36273 0.02747
v 0.06153 -0.36273 0.05163
v 0.04016 -0.36273 0.06956
v 0.01395 -0.36273 0.07911
v -0.01397 -0.36273 0.07921
v -0.04033 -0.36273 0.06986
v -0.06159 -0.36273 0.05168
v -0.07548 -0.36273 0.02747
v -0.08032 -0.36273 0.00000
v -0.07548 -0.36273 -0.02747
v -0.06153 -0.36273 -0.05163
v -0.04022 -0.36273 -0.06967
v -0.01498 -0.36273 -0.08493
v 0.01498 -0.36273 -0.08493
v 0.04022 -0.36273 -0.06967
v 0.06153 -0.36273 -0.05163
v 0.07548 -0.36273 -0.02747
v 0.08032 -0.36273 -0.00000
v 0.08000 -0.44333 0.00000
v 0.07517 -0.44333 0.02736
v 0.06128 -0.44333 0.05142
v 0.04000 -0.44333 0.06928
v 0.01389 -0.44333 0.07878
v -0.01390 -0.44333 0.07884
v -0.04010 -0.44333 0.06945
v -0.06132 -0.44333 0.05145
v -0.07517 -0.44333 0.02736
v -0.08000 -0.44333 0.00000
v -0.07517 -0.44333 -0.02736
v -0.06128 -0.44333 -0.05142
v -0.04006 -0.44333 -0.06938
v -0.01492 -0.44333 -0.08459
v 0.01492 -0.44333 -0.08459
v 0.04006 -0.44333 -0.06938
v 0.06128 -0.44333 -0.05142
v 0.07517 -0.44333 -0.02736
v 0.08000 -0.44333 -0.00000
v 0.07966 -0.52394 0.00000
v 0.07485 -0.52394 0.02724
v 0.06102 -0.52394 0.05120
v 0.03983 -0.52394 0.06899
v 0.01383 -0.52394 0.07845
v -0.01384 -0.52394 0.07848
v -0.03988 -0.52394 0.06908
v -0.06104 -0.52394 0.05122
v -0.07486 -0.52394 0.02725
v -0.07966 -0.52394 0.00000
v -0.07485 -0.52394 -0.02724
v -0.06102 -0.52394 -0.05120
v -0.03989 -0.52394 -0.06909
v -0.01485 -0.52394 -0.08423
v 0.01485 -0.52394 -0.08423
v 0.03989 -0.52394 -0.06909
v 0.06102 -0.52394 -0.05120
v 0.07485 -0.52394 -0.02724
v 0.07966 -0.52394 -0.00000
v 0.07924 -0.60455 0.00000
v 0.07447 -0.60455 0.02710
v 0.06070 -0.60455 0.05094
v 0.03962 -0.60455 0.06863
v 0.01376 -0.60455 0.07804
v -0.01376 -0.60455 0.07806
v -0.03965 -0.60455 0.06868
v -0.06071 -0.60455 0.05095
v -0.07447 -0.60455 0.02710
v -0.07924 -0.60455 0.00000
v -0.07447 -0.60455 -0.02710
v -0.06070 -0.60455 -0.05094
v -0.03968 -0.60455 -0.06873
v -0.01477 -0.60455 -0.08379
v 0.01477 -0.60455 -0.08379
v 0.03968 -0.60455 -0.06873
v 0.06070 -0.60455 -0.05094
v 0.07447 -0.60455 -0.02710
v 0.07924 -0.60455 -0.00000
v 0.07871 -0.68515 0.00000
v 0.07397 -0.68515 0.02692
v 0.06030 -0.68515 0.05060
v 0.03936 -0.68515 0.06817
v 0.01367 -0.68515 0.07752
v -0.01367 -0.68515 0.07753
v -0.03937 -0.68515 0.06819
v -0.06030 -0.68515 0.05060
v -0.07397 -0.68515 0.02692
v -0.07871 -0.68515 0.00000
v -0.07397 -0.68515 -0.02692
v -0.06030 -0.68515 -0.05060
v -0.03941 -0.68515 -0.06827
v -0.01468 -0.68515 -0.08323
v 0.01468 -0.68515 -0.08323
v 0.03941 -0.68515 -0.06827
v 0.06030 -0.68515 -0.05060
v 0.07397 -0.68515 -0.02692
v 0.07871 -0.68515 -0.00000
v 0.07804 -0.76576 0.00000
v 0.07333 -0.76576 0.02669
v 0.05978 -0.76576 0.05016
v 0.03902 -0.76576 0.06758
v 0.01355 -0.76576 0.07685
v -0.01355 -0.76576 0.07686
v -0.03903 -0.76576 0.06760
v -0.05978 -0.76576 0.05016
v -0.07333 -0.76576 0.02669
v -0.07804 -0.76576 0.00000
v -0.07333 -0.76576 -0.02669
v -0.05978 -0.76576 -0.05016
v -0.03908 -0.76576 -0.06768
v -0.01455 -0.76576 -0.08252
v 0.01455 -0.76576 -0.08252
v 0.03908 -0.76576 -0.06768
v 0.05978 -0.76576 -0.05016
v 0.07333 -0.76576 -0.02669
v 0.07804 -0.76576 -0.00000
v 0.07721 -0.84636 0.00000
v 0.07256 -0.84636 0.02641
v 0.05915 -0.84636 0.04963
v 0.03861 -0.84636 0.06687
v 0.01341 -0.84636 0.07604
v -0.01341 -0.84636 0.07604
v -0.03861 -0.84636 0.06687
v -0.05915 -0.84636 0.04963
v -0.07256 -0.84636 0.02641
v -0.07721 -0.84636 0.00000
v -0.07256 -0.84636 -0.02641
v -0.05915 -0.84636 -0.04963
v -0.03866 -0.84636 -0.06697
v -0.01440 -0.84636 -0.08164
v 0.01440 -0.84636 -0.08164
v 0.03866 -0.84636 -0.06697
v 0.05915 -0.84636 -0.04963
v 0.07256 -0.84636 -0.02641
v 0.07721 -0.84636 -0.00000
v 0.07624 -0.92697 0.00000
v 0.07164 -0.92697 0.02608
v 0.05840 -0.92697 0.04901
v 0.03812 -0.92697 0.06603
v 0.01324 -0.92697 0.07508
v -0.01324 -0.92697 0.07508
v -0.03812 -0.92697 0.06603
v -0.05841 -0.92697 0.04901
v -0.07164 -0.92697 0.02608
v -0.07624 -0.92697 0.00000
v -0.07164 -0.92697 -0.02608
v -0.05840 -0.92697 -0.04901
v -0.03818 -0.92697 -0.06613
v -0.01422 -0.92697 -0.08062
v 0.01422 -0.92697 -0.08062
v 0.03818 -0.92697 -0.06613
v 0.05840 -0.92697 -0.04901
v 0.07164 -0.92697 -0.02608
v 0.07624 -0.92697 -0.00000
v 0.07514 -1.00758 0.00000
v 0.07061 -1.00758 0.02570
v 0.05756 -1.00758 0.04830
v 0.03757 -1.00758 0.06507
v 0.01305 -1.00758 0.07400
v -0.01305 -1.00758 0.07400
v -0.03757 -1.00758 0.06508
v -0.05756 -1.00758 0.04830
v -0.07061 -1.00758 0.02570
v -0.07514 -1.00758 0.00000
v -0.07061 -1.00758 -0.02570
v -0.05756 -1.00758 -0.04830
v -0.03763 -1.00758 -0.06517
v -0.01401 -1.00758 -0.07945
v 0.01401 -1.00758 -0.07945
v 0.03763 -1.00758 -0.06517
v 0.05756 -1.00758 -0.04830
v 0.07061 -1.00758 -0.02570
v 0.07514 -1.00758 -0.00000
v 0.07393 -1.08818 0.00000
v 0.06947 -1.08818 0.02529
v 0.05663 -1.08818 0.04752
v 0.03697 -1.08818 0.06403
v 0.01284 -1.08818 0.07281
v -0.01284 -1.08818 0.07281
v -0.03697 -1.08818 0.06403
v -0.05663 -1.08818 0.04752
v -0.06947 -1.08818 0.02529
v -0.07393 -1.08818 0.00000
v -0.06947 -1.08818 -0.02529
v -0.05663 -1.08818 -0.04752
v -0.03702 -1.08818 -0.06412
v -0.01378 -1.08818 -0.07817
v 0.01378 -1.08818 -0.07817
v 0.03702 -1.08818 -0.06412
v 0.05663 -1.08818 -0.04752
v 0.06947 -1.08818 -0.02529
v 0.07393 -1.08818 -0.00000
v 0.07263 -1.16879 0.00000
v 0.06825 -1.16879 0.02484
v 0.05564 -1.16879 0.04669
v 0.03632 -1.16879 0.06290
v 0.01261 -1.16879 0.07153
v -0.01261 -1.16879 0.07153
v -0.03632 -1.16879 0.06290
v -0.05564 -1.16879 0.04669
v -0.06825 -1.16879 0.02484
v -0.07263 -1.16879 0.00000
v -0.06825 -1.16879 -0.02484
v -0.05564 -1.16879 -0.04669
v -0.03637 -1.16879 -0.06299
v -0.01354 -1.16879 -0.07680
v 0.01354 -1.16879 -0.07680
v 0.03637 -1.16879 -0.06299
v 0.05564 -1.16879 -0.04669
v 0.06825 -1.16879 -0.02484
v 0.07263 -1.16879 -0.00000
v 0.07126 -1.24939 0.00000
v 0.06697 -1.24939 0.02437
v 0.05459 -1.24939 0.04581
v 0.03563 -1.24939 0.06172
v 0.01237 -1.24939 0.07018
v -0.01237 -1.24939 0.07018
v -0.03563 -1.24939 0.06172
v -0.05459 -1.24939 0.04581
v -0.06697 -1.24939 0.02437
v -0.07126 -1.24939 0.00000
v -0.06697 -1.24939 -0.02437
v -0.05459 -1.24939 -0.04581
v -0.03569 -1.24939 -0.06181
v -0.01329 -1.24939 -0.07535
v 0.01329 -1.24939 -0.07535
v 0.03569 -1.24939 -0.06181
v 0.05459 -1.24939 -0.04581
v 0.06697 -1.24939 -0.02437
v 0.07126 -1.24939 -0.00000
v 0.06985 -1.33000 0.00000
v 0.06563 -1.33000 0.02389
v 0.05351 -1.33000 0.04490
v 0.03492 -1.33000 0.06049
v 0.01213 -1.33000 0.06879
v -0.01213 -1.33000 0.06879
v -0.03492 -1.33000 0.06049
v -0.05351 -1.33000 0.04490
v -0.06563 -1.33000 0.02389
v -0.06985 -1.33000 0.00000
v -0.06563 -1.33000 -0.02389
v -0.05351 -1.33000 -0.04490
v -0.03498 -1.33000 -0.06058
v -0.01302 -1.33000 -0.07385
v 0.01302 -1.33000 -0.07385
v 0.03498 -1.33000 -0.06058
v 0.05351 -1.33000 -0.04490
v 0.06563 -1.33000 -0.02389
v 0.06985 -1.33000 -0.00000
v 0.06453 -1.35138 0.00000
v 0.06064 -1.35138 0.02207
v 0.04943 -1.35138 0.04148
v 0.03226 -1.35138 0.05588
v 0.01121 -1.35138 0.06355
v -0.01121 -1.35138 0.06355
v -0.03226 -1.35138 0.05588
v -0.04943 -1.35138 0.04148
v -0.06064 -1.35138 0.02207
v -0.06453 -1.35138 0.00000
v -0.06064 -1.35138 -0.02207
v -0.04943 -1.35138 -0.04148
v -0.03231 -1.35138 -0.05597
v -0.01203 -1.35138 -0.06823
v 0.01203 -1.35138 -0.06823
v 0.03231 -1.35138 -0.05597
v 0.04943 -1.35138 -0.04148
v 0.06064 -1.35138 -0.02207
v 0.06453 -1.35138 -0.00000
v 0.04939 -1.36951 0.00000
v 0.04641 -1.36951 0.01689
v 0.03783 -1.36951 0.03175
v 0.02469 -1.36951 0.04277
v 0.00858 -1.36951 0.04864
v -0.00858 -1.36951 0.04864
v -0.02469 -1.36951 0.04277
v -0.03783 -1.36951 0.03175
v -0.04641 -1.36951 0.01689
v -0.04939 -1.36951 0.00000
v -0.04641 -1.36951 -0.01689
v -0.03783 -1.36951 -0.03175
v -0.02473 -1.36951 -0.04284
v -0.00921 -1.36951 -0.05222
v 0.00921 -1.36951 -0.05222
v 0.02473 -1.36951 -0.04284
v 0.03783 -1.36951 -0.03175
v 0.04641 -1.36951 -0.01689
v 0.04939 -1.36951 -0.00000
v 0.02673 -1.38162 0.00000
v 0.02512 -1.38162 0.00914
v 0.02048 -1.38162 0.01718
v 0.01336 -1.38162 0.02315
v 0.00464 -1.38162 0.02632
v -0.00464 -1.38162 0.02632
v -0.01336 -1.38162 0.02315
v -0.02048 -1.38162 0.01718
v -0.02512 -1.38162 0.00914
v -0.02673 -1.38162 0.00000
v -0.02512 -1.38162 -0.00914
v -0.02048 -1.38162 -0.01718
v -0.01338 -1.38162 -0.02318
v -0.00498 -1.38162 -0.02826
v 0.00498 -1.38162 -0.02826
v 0.01338 -1.38162 -0.02318
v 0.02048 -1.38162 -0.01718
v 0.02512 -1.38162 -0.00914
v 0.02673 -1.38162 -0.00000
v 0.00100 -1.38588 0.00000
v 0.00094 -1.38588 0.00034
v 0.00077 -1.38588 0.00064
v 0.00050 -1.38588 0.00087
v 0.00017 -1.38588 0.00098
v -0.00017 -1.38588 0.00098
v -0.00050 -1.38588 0.00087
v -0.00077 -1.38588 0.00064
v -0.00094 -1.38588 0.00034
v -0.00100 -1.38588 0.00000
v -0.00094 -1.38588 -0.00034
v -0.00077 -1.38588 -0.00064
v -0.00050 -1.38588 -0.00087
v -0.00019 -1.38588 -0.00106
v 0.00019 -1.38588 -0.00106
v 0.00050 -1.38588 -0.00087
v 0.00077 -1.38588 -0.00064
v 0.00094 -1.38588 -0.00034
v 0.00100 -1.38588 -0.00000
vt 0.00000 -0.05508
vt 0.05556 -0.05508
vt 0.11111 -0.05508
vt 0.16667 -0.05508
vt 0.22222 -0.05508
vt 0.27778 -0.05508
vt 0.33333 -0.05508
vt 0.38889 -0.05508
vt 0.44444 -0.05508
vt 0.50000 -0.05508
vt 0.55556 -0.05508
vt 0.61111 -0.05508
vt 0.66667 -0.05508
vt 0.72222 -0.05508
vt 0.77778 -0.05508
vt 0.83333 -0.05508
vt 0.88889 -0.05508
vt 0.94444 -0.05508
vt 1.00000 -0.05508
vt 0.00000 -0.05089
vt 0.05556 -0.05089
vt 0.11111 -0.05089
vt 0.16667 -0.05089
vt 0.22222 -0.05089
vt 0.27778 -0.05089
vt 0.33333 -0.05089
vt 0.38889 -0.05089
vt 0.44444 -0.05089
vt 0.50000 -0.05089
vt 0.55556 -0.05089
vt 0.61111 -0.05089
vt 0.66667 -0.05089
vt 0.72222 -0.05089
vt 0.77778 -0.05089
vt 0.83333 -0.05089
vt 0.88889 -0.05089
vt 0.94444 -0.05089
vt 1.00000 -0.05089
vt 0.00000 -0.03895
vt 0.05556 -0.03895
vt 0.11111 -0.03895
vt 0.16667 -0.03895
vt 0.22222 -0.03895
vt 0.27778 -0.03895
vt 0.33333 -0.03895
vt 0.38889 -0.03895
vt 0.44444 -0.03895
vt 0.50000 -0.03895
vt 0.55556 -0.03895
vt 0.61111 -0.03895
vt 0.66667 -0.03895
vt 0.72222 -0.03895
vt 0.77778 -0.03895
vt 0.83333 -0.03895
vt 0.88889 -0.03895
vt 0.94444 -0.03895
vt 1.00000 -0.03895
vt 0.00000 -0.02108
vt 0.05556 -0.02108
vt 0.11111 -0.02108
vt 0.16667 -0.02108
vt 0.22222 -0.02108
vt 0.27778 -0.02108
vt 0.33333 -0.02108
vt 0.38889 -0.02108
vt 0.44444 -0.02108
vt 0.50000 -0.02108
vt 0.55556 -0.02108
vt 0.61111 -0.02108
vt 0.66667 -0.02108
vt 0.72222 -0.02108
vt 0.77778 -0.02108
vt 0.83333 -0.02108
vt 0.88889 -0.02108
vt 0.94444 -0.02108
vt 1.00000 -0.02108
vt 0.00000 0.00000
vt 0.05556 0.00000
vt 0.11111 0.00000
vt 0.16667 0.00000
vt 0.22222 0.00000
vt 0.27778 0.00000
vt 0.33333 0.00000
vt 0.38889 0.00000
vt 0.44444 0.00000
vt 0.50000 0.00000
vt 0.55556 0.00000
vt 0.61111 0.00000
vt 0.66667 0.00000
vt 0.72222 0.00000
vt 0.77778 0.00000
vt 0.83333 0.00000
vt 0.88889 0.00000
vt 0.94444 0.00000
vt 1.00000 0.00000
vt 0.00000 0.04030
vt 0.05556 0.04030
vt 0.11111 0.04030
vt 0.16667 0.04030
vt 0.22222 0.04030
vt 0.27778 0.04030
vt 0.33333 0.04030
vt 0.38889 0.04030
vt 0.44444 0.04030
vt 0.50000 0.04030
vt 0.55556 0.04030
vt 0.61111 0.04030
vt 0.66667 0.04030
vt 0.72222 0.04030
vt 0.77778 0.04030
vt 0.83333 0.04030
vt 0.88889 0.04030
vt 0.94444 0.04030
vt 1.00000 0.04030
vt 0.00000 0.08061
vt 0.05556 0.08061
vt 0.11111 0.08061
vt 0.16667 0.08061
vt 0.22222 0.08061
vt 0.27778 0.08061
vt 0.33333 0.08061
vt 0.38889 0.08061
vt 0.44444 0.08061
vt 0.50000 0.08061
vt 0.55556 0.08061
vt 0.61111 0.08061
vt 0.66667 0.08061
vt 0.72222 0.08061
vt 0.77778 0.08061
vt 0.83333 0.08061
vt 0.88889 0.08061
vt 0.94444 0.08061
vt 1.00000 0.08061
vt 0.00000 0.12091
vt 0.05556 0.12091
vt 0.11111 0.12091
vt 0.16667 0.12091
vt 0.22222 0.12091
vt 0.27778 0.12091
vt 0.33333 0.12091
vt 0.38889 0.12091
vt 0.44444 0.12091
vt 0.50000 0.12091
vt 0.55556 0.12091
vt 0.61111 0.12091
vt 0.66667 0.12091
vt 0.72222 0.12091
vt 0.77778 0.12091
vt 0.83333 0.12091
vt 0.88889 0.12091
vt 0.94444 0.12091
vt 1.00000 0.12091
vt 0.00000 0.16121
vt 0.05556 0.16121
vt 0.11111 0.16121
vt 0.16667 0.16121
vt 0.22222 0.16121
vt 0.27778 0.16121
vt 0.33333 0.16121
vt 0.38889 0.16121
vt 0.44444 0.16121
vt 0.50000 0.16121
vt 0.55556 0.16121
vt 0.61111 0.16121
vt 0.66667 0.16121
vt 0.72222 0.16121
vt 0.77778 0.16121
vt 0.83333 0.16121
vt 0.88889 0.16121
vt 0.94444 0.16121
vt 1.00000 0.16121
vt 0.00000 0.20152
vt 0.05556 0.20152
vt 0.11111 0.20152
vt 0.16667 0.20152
vt 0.22222 0.20152
vt 0.27778 0.20152
vt 0.33333 0.20152
vt 0.38889 0.20152
vt 0.44444 0.20152
vt 0.50000 0.20152
vt 0.55556 0.20152
vt 0.61111 0.20152
vt 0.66667 0.20152
vt 0.72222 0.20152
vt 0.77778 0.20152
vt 0.83333 0.20152
vt 0.88889 0.20152
vt 0.94444 0.20152
vt 1.00000 0.20152
vt 0.00000 0.24182
vt 0.05556 0.24182
vt 0.11111 0.24182
vt 0.16667 0.24182
vt 0.22222 0.24182
vt 0.27778 0.24182
vt 0.33333 0.24182
vt 0.38889 0.24182
vt 0.44444 0.24182
vt 0.50000 0.24182
vt 0.55556 0.24182
vt 0.61111 0.24182
vt 0.66667 0.24182
vt 0.72222 0.24182
vt 0.77778 0.24182
vt 0.83333 0.24182
vt 0.88889 0.24182
vt 0.94444 0.24182
vt 1.00000 0.24182
vt 0.00000 0.28212
vt 0.05556 0.28212
vt 0.11111 0.28212
vt 0.16667 0.28212
vt 0.22222 0.28212
vt 0.27778 0.28212
vt 0.33333 0.28212
vt 0.38889 0.28212
vt 0.44444 0.28212
vt 0.50000 0.28212
vt 0.55556 0.28212
vt 0.61111 0.28212
vt 0.66667 0.28212
vt 0.72222 0.28212
vt 0.77778 0.28212
vt 0.83333 0.28212
vt 0.88889 0.28212
vt 0.94444 0.28212
vt 1.00000 0.28212
vt 0.00000 0.32242
vt 0.05556 0.32242
vt 0.11111 0.32242
vt 0.16667 0.32242
vt 0.22222 0.32242
vt 0.27778 0.32242
vt 0.33333 0.32242
vt 0.38889 0.32242
vt 0.44444 0.32242
vt 0.50000 0.32242
vt 0.55556 0.32242
vt 0.61111 0.32242
vt 0.66667 0.32242
vt 0.72222 0.32242
vt 0.77778 0.32242
vt 0.83333 0.32242
vt 0.88889 0.32242
vt 0.94444 0.32242
vt 1.00000 0.32242
vt 0.00000 0.36273
vt 0.05556 0.36273
vt 0.11111 0.36273
vt 0.16667 0.36273
vt 0.22222 0.36273
vt 0.27778 0.36273
vt 0.33333 0.36273
vt 0.38889 0.36273
vt 0.44444 0.36273
vt 0.50000 0.36273
vt 0.55556 0.36273
vt 0.61111 0.36273
vt 0.66667 0.36273
vt 0.72222 0.36273
vt 0.77778 0.36273
vt 0.83333 0.36273
vt 0.88889 0.36273
vt 0.94444 0.36273
vt 1.00000 0.36273
vt 0.00000 0.40303
vt 0.05556 0.40303
vt 0.11111 0.40303
vt 0.16667 0.40303
vt 0.22222 0.40303
vt 0.27778 0.40303
vt 0.33333 0.40303
vt 0.38889 0.40303
vt 0.44444 0.40303
vt 0.50000 0.40303
vt 0.55556 0.40303
vt 0.61111 0.40303
vt 0.66667 0.40303
vt 0.72222 0.40303
vt 0.77778 0.40303
vt 0.83333 0.40303
vt 0.88889 0.40303
vt 0.94444 0.40303
vt 1.00000 0.40303
vt 0.00000 0.44333
vt 0.05556 0.44333
vt 0.11111 0.44333
vt 0.16667 0.44333
vt 0.22222 0.44333
vt 0.27778 0.44333
vt 0.33333 0.44333
vt 0.38889 0.44333
vt 0.44444 0.44333
vt 0.50000 0.44333
vt 0.55556 0.44333
vt 0.61111 0.44333
vt 0.66667 0.44333
vt 0.72222 0.44333
vt 0.77778 0.44333
vt 0.83333 0.44333
vt 0.88889 0.44333
vt 0.94444 0.44333
vt 1.00000 0.44333
vt 0.00000 0.48364
vt 0.05556 0.48364
vt 0.11111 0.48364
vt 0.16667 0.48364
vt 0.22222 0.48364
vt 0.27778 0.48364
vt 0.33333 0.48364
vt 0.38889 0.48364
vt 0.44444 0.48364
vt 0.50000 0.48364
vt 0.55556 0.48364
vt 0.61111 0.48364
vt 0.66667 0.48364
vt 0.72222 0.48364
vt 0.77778 0.48364
vt 0.83333 0.48364
vt 0.88889 0.48364
vt 0.94444 0.48364
vt 1.00000 0.48364
vt 0.00000 0.52394
vt 0.05556 0.52394
vt 0.11111 0.52394
vt 0.16667 0.52394
vt 0.22222 0.52394
vt 0.27778 0.52394
vt 0.33333 0.52394
vt 0.38889 0.52394
vt 0.44444 0.52394
vt 0.50000 0.52394
vt 0.55556 0.52394
vt 0.61111 0.52394
vt 0.66667 0.52394
vt 0.72222 0.52394
vt 0.77778 0.52394
vt 0.83333 0.52394
vt 0.88889 0.52394
vt 0.94444 0.52394
vt 1.00000 0.52394
vt 0.00000 0.56424
vt 0.05556 0.56424
vt 0.11111 0.56424
vt 0.16667 0.56424
vt 0.22222 0.56424
vt 0.27778 0.56424
vt 0.33333 0.56424
vt 0.38889 0.56424
vt 0.44444 0.56424
vt 0.50000 0.56424
vt 0.55556 0.56424
vt 0.61111 0.56424
vt 0.66667 0.56424
vt 0.72222 0.56424
vt 0.77778 0.56424
vt 0.83333 0.56424
vt 0.88889 0.56424
vt 0.94444 0.56424
vt 1.00000 0.56424
vt 0.00000 0.60455
vt 0.05556 0.60455
vt 0.11111 0.60455
vt 0.16667 0.60455
vt 0.22222 0.60455
vt 0.27778 0.60455
vt 0.33333 0.60455
vt 0.38889 0.60455
vt 0.44444 0.60455
vt 0.50000 0.60455
vt 0.55556 0.60455
vt 0.61111 0.60455
vt 0.66667 0.60455
vt 0.72222 0.60455
vt 0.77778 0.60455
vt 0.83333 0.60455
vt 0.88889 0.60455
vt 0.94444 0.60455
vt 1.00000 0.60455
vt 0.00000 0.64485
vt 0.05556 0.64485
vt 0.11111 0.64485
vt 0.16667 0.64485
vt 0.22222 0.64485
vt 0.27778 0.64485
vt 0.33333 0.64485
vt 0.38889 0.64485
vt 0.44444 0.64485
vt 0.50000 0.64485
vt 0.55556 0.64485
vt 0.61111 0.64485
vt 0.66667 0.64485
vt 0.72222 0.64485
vt 0.77778 0.64485
vt 0.83333 0.64485
vt 0.88889 0.64485
vt 0.94444 0.64485
vt 1.00000 0.64485
vt 0.00000 0.68515
vt 0.05556 0.68515
vt 0.11111 0.68515
vt 0.16667 0.68515
vt 0.22222 0.68515
vt 0.27778 0.68515
vt 0.33333 0.68515
vt 0.38889 0.68515
vt 0.44444 0.68515
vt 0.50000 0.68515
vt 0.55556 0.68515
vt 0.61111 0.68515
vt 0.66667 0.68515
vt 0.72222 0.68515
vt 0.77778 0.68515
vt 0.83333 0.68515
vt 0.88889 0.68515
vt 0.94444 0.68515
vt 1.00000 0.68515
vt 0.00000 0.72545
vt 0.05556 0.72545
vt 0.11111 0.72545
vt 0.16667 0.72545
vt 0.22222 0.72545
vt 0.27778 0.72545
vt 0.33333 0.72545
vt 0.38889 0.72545
vt 0.44444 0.72545
vt 0.50000 0.72545
vt 0.55556 0.72545
vt 0.61111 0.72545
vt 0.66667 0.72545
vt 0.72222 0.72545
vt 0.77778 0.72545
vt 0.83333 0.72545
vt 0.88889 0.72545
vt 0.94444 0.72545
vt 1.00000 0.72545
vt 0.00000 0.76576
vt 0.05556 0.76576
vt 0.11111 0.76576
vt 0.16667 0.76576
vt 0.22222 0.76576
vt 0.27778 0.76576
vt 0.33333 0.76576
vt 0.38889 0.76576
vt 0.44444 0.76576
vt 0.50000 0.76576
vt 0.55556 0.76576
vt 0.61111 0.76576
vt 0.66667 0.76576
vt 0.72222 0.76576
vt 0.77778 0.76576
vt 0.83333 0.76576
vt 0.88889 0.76576
vt 0.94444 0.76576
vt 1.00000 0.76576
vt 0.00000 0.80606
vt 0.05556 0.80606
vt 0.11111 0.80606
vt 0.16667 0.80606
vt 0.22222 0.80606
vt 0.27778 0.80606
vt 0.33333 0.80606
vt 0.38889 0.80606
vt 0.44444 0.80606
vt 0.50000 0.80606
vt 0.55556 0.80606
vt 0.61111 0.80606
vt 0.66667 0.80606
vt 0.72222 0.80606
vt 0.77778 0.80606
vt 0.83333 0.80606
vt 0.88889 0.80606
vt 0.94444 0.80606
vt 1.00000 0.80606
vt 0.00000 0.84636
vt 0.05556 0.84636
vt 0.11111 0.84636
vt 0.16667 0.84636
vt 0.22222 0.84636
vt 0.27778 0.84636
vt 0.33333 0.84636
vt 0.38889 0.84636
vt 0.44444 0.84636
vt 0.50000 0.84636
vt 0.55556 0.84636
vt 0.61111 0.84636
vt 0.66667 0.84636
vt 0.72222 0.84636
vt 0.77778 0.84636
vt 0.83333 0.84636
vt 0.88889 0.84636
vt 0.94444 0.84636
vt 1.00000 0.84636
vt 0.00000 0.88667
vt 0.05556 0.88667
vt 0.11111 0.88667
vt 0.16667 0.88667
vt 0.22222 0.88667
vt 0.27778 0.88667
vt 0.33333 0.88667
vt 0.38889 0.88667
vt 0.44444 0.88667
vt 0.50000 0.88667
vt 0.55556 0.88667
vt 0.61111 0.88667
vt 0.66667 0.88667
vt 0.72222 0.88667
vt 0.77778 0.88667
vt 0.83333 0.88667
vt 0.88889 0.88667
vt 0.94444 0.88667
vt 1.00000 0.88667
vt 0.00000 0.92697
vt 0.05556 0.92697
vt 0.11111 0.92697
vt 0.16667 0.92697
vt 0.22222 0.92697
vt 0.27778 0.92697
vt 0.33333 0.92697
vt 0.38889 0.92697
vt 0.44444 0.92697
vt 0.50000 0.92697
vt 0.55556 0.92697
vt 0.61111 0.92697
vt 0.66667 0.92697
vt 0.72222 0.92697
vt 0.77778 0.92697
vt 0.83333 0.92697
vt 0.88889 0.92697
vt 0.94444 0.92697
vt 1.00000 0.92697
vt 0.00000 0.96727
vt 0.05556 0.96727
vt 0.11111 0.96727
vt 0.16667 0.96727
vt 0.22222 0.96727
vt 0.27778 0.96727
vt 0.33333 0.96727
vt 0.38889 0.96727
vt 0.44444 0.96727
vt 0.50000 0.96727
vt 0.55556 0.96727
vt 0.61111 0.96727
vt 0.66667 0.96727
vt 0.72222 0.96727
vt 0.77778 0.96727
vt 0.83333 0.96727
vt 0.88889 0.96727
vt 0.94444 0.96727
vt 1.00000 0.96727
vt 0.00000 1.00758
vt 0.05556 1.00758
vt 0.11111 1.00758
vt 0.16667 1.00758
vt 0.22222 1.00758
vt 0.27778 1.00758
vt 0.33333 1.00758
vt 0.38889 1.00758
vt 0.44444 1.00758
vt 0.50000 1.00758
vt 0.55556 1.00758
vt 0.61111 1.00758
vt 0.66667 1.00758
vt 0.72222 1.00758
vt 0.77778 1.00758
vt 0.83333 1.00758
vt 0.88889 1.00758
vt 0.94444 1.00758
vt 1.00000 1.00758
vt 0.00000 1.04788
vt 0.05556 1.04788
vt 0.11111 1.04788
vt 0.16667 1.04788
vt 0.22222 1.04788
vt 0.27778 1.04788
vt 0.33333 1.04788
vt 0.38889 1.04788
vt 0.44444 1.04788
vt 0.50000 1.04788
vt 0.55556 1.04788
vt 0.61111 1.04788
vt 0.66667 1.04788
vt 0.72222 1.04788
vt 0.77778 1.04788
vt 0.83333 1.04788
vt 0.88889 1.04788
vt 0.94444 1.04788
vt 1.00000 1.04788
vt 0.00000 1.08818
vt 0.05556 1.08818
vt 0.11111 1.08818
vt 0.16667 1.08818
vt 0.22222 1.08818
vt 0.27778 1.08818
vt 0.33333 1.08818
vt 0.38889 1.08818
vt 0.44444 1.08818
vt 0.50000 1.08818
vt 0.55556 1.08818
vt 0.61111 1.08818
vt 0.66667 1.08818
vt 0.72222 1.08818
vt 0.77778 1.08818
vt 0.83333 1.08818
vt 0.88889 1.08818
vt 0.94444 1.08818
vt 1.00000 1.08818
vt 0.00000 1.12848
vt 0.05556 1.12848
vt 0.11111 1.12848
vt 0.16667 1.12848
vt 0.22222 1.12848
vt 0.27778 1.12848
vt 0.33333 1.12848
vt 0.38889 1.12848
vt 0.44444 1.12848
vt 0.50000 1.12848
vt 0.55556 1.12848
vt 0.61111 1.12848
vt 0.66667 1.12848
vt 0.72222 1.12848
vt 0.77778 1.12848
vt 0.83333 1.12848
vt 0.88889 1.12848
vt 0.94444 1.12848
vt 1.00000 1.12848
vt 0.00000 1.16879
vt 0.05556 1.16879
vt 0.11111 1.16879
vt 0.16667 1.16879
vt 0.22222 1.16879
vt 0.27778 1.16879
vt 0.33333 1.16879
vt 0.38889 1.16879
vt 0.44444 1.16879
vt 0.50000 1.16879
vt 0.55556 1.16879
vt 0.61111 1.16879
vt 0.66667 1.16879
vt 0.72222 1.16879
vt 0.77778 1.16879
vt 0.83333 1.16879
vt 0.88889 1.16879
vt 0.94444 1.16879
vt 1.00000 1.16879
vt 0.00000 1.20909
vt 0.05556 1.20909
vt 0.11111 1.20909
vt 0.16667 1.20909
vt 0.22222 1.20909
vt 0.27778 1.20909
vt 0.33333 1.20909
vt 0.38889 1.20909
vt 0.44444 1.20909
vt 0.50000 1.20909
vt 0.55556 1.20909
vt 0.61111 1.20909
vt 0.66667 1.20909
vt 0.72222 1.20909
vt 0.77778 1.20909
vt 0.83333 1.20909
vt 0.88889 1.20909
vt 0.94444 1.20909
vt 1.00000 1.20909
vt 0.00000 1.24939
vt 0.05556 1.24939
vt 0.11111 1.24939
vt 0.16667 1.24939
vt 0.22222 1.24939
vt 0.27778 1.24939
vt 0.33333 1.24939
vt 0.38889 1.24939
vt 0.44444 1.24939
vt 0.50000 1.24939
vt 0.55556 1.24939
vt 0.61111 1.24939
vt 0.66667 1.24939
vt 0.72222 1.24939
vt 0.77778 1.24939
vt 0.83333 1.24939
vt 0.88889 1.24939
vt 0.94444 1.24939
vt 1.00000 1.24939
vt 0.00000 1.28970
vt 0.05556 1.28970
vt 0.11111 1.28970
vt 0.16667 1.28970
vt 0.22222 1.28970
vt 0.27778 1.28970
vt 0.33333 1.28970
vt 0.38889 1.28970
vt 0.44444 1.28970
vt 0.50000 1.28970
vt 0.55556 1.28970
vt 0.61111 1.28970
vt 0.66667 1.28970
vt 0.72222 1.28970
vt 0.77778 1.28970
vt 0.83333 1.28970
vt 0.88889 1.28970
vt 0.94444 1.28970
vt 1.00000 1.28970
vt 0.00000 1.33000
vt 0.05556 1.33000
vt 0.11111 1.33000
vt 0.16667 1.33000
vt 0.22222 1.33000
vt 0.27778 1.33000
vt 0.33333 1.33000
vt 0.38889 1.33000
vt 0.44444 1.33000
vt 0.50000 1.33000
vt 0.55556 1.33000
vt 0.61111 1.33000
vt 0.66667 1.33000
vt 0.72222 1.33000
vt 0.77778 1.33000
vt 0.83333 1.33000
vt 0.88889 1.33000
vt 0.94444 1.33000
vt 1.00000 1.33000
vt 0.00000 1.34069
vt 0.05556 1.34069
vt 0.11111 1.34069
vt 0.16667 1.34069
vt 0.22222 1.34069
vt 0.27778 1.34069
vt 0.33333 1.34069
vt 0.38889 1.34069
vt 0.44444 1.34069
vt 0.50000 1.34069
vt 0.55556 1.34069
vt 0.61111 1.34069
vt 0.66667 1.34069
vt 0.72222 1.34069
vt 0.77778 1.34069
vt 0.83333 1.34069
vt 0.88889 1.34069
vt 0.94444 1.34069
vt 1.00000 1.34069
vt 0.00000 1.34976
vt 0.05556 1.34976
vt 0.11111 1.34976
vt 0.16667 1.34976
vt 0.22222 1.34976
vt 0.27778 1.34976
vt 0.33333 1.34976
vt 0.38889 1.34976
vt 0.44444 1.34976
vt 0.50000 1.34976
vt 0.55556 1.34976
vt 0.61111 1.34976
vt 0.66667 1.34976
vt 0.72222 1.34976
vt 0.77778 1.34976
vt 0.83333 1.34976
vt 0.88889 1.34976
vt 0.94444 1.34976
vt 1.00000 1.34976
vt 0.00000 1.35581
vt 0.05556 1.35581
vt 0.11111 1.35581
vt 0.16667 1.35581
vt 0.22222 1.35581
vt 0.27778 1.35581
vt 0.33333 1.35581
vt 0.38889 1.35581
vt 0.44444 1.35581
vt 0.50000 1.35581
vt 0.55556 1.35581
vt 0.61111 1.35581
vt 0.66667 1.35581
vt 0.72222 1.35581
vt 0.77778 1.35581
vt 0.83333 1.35581
vt 0.88889 1.35581
vt 0.94444 1.35581
vt 1.00000 1.35581
vt 0.00000 1.35794
vt 0.05556 1.35794
vt 0.11111 1.35794
vt 0.16667 1.35794
vt 0.22222 1.35794
vt 0.27778 1.35794
vt 0.33333 1.35794
vt 0.38889 1.35794
vt 0.44444 1.35794
vt 0.50000 1.35794
vt 0.55556 1.35794
vt 0.61111 1.35794
vt 0.66667 1.35794
vt 0.72222 1.35794
vt 0.77778 1.35794
vt 0.83333 1.35794
vt 0.88889 1.35794
vt 0.94444 1.35794
vt 1.00000 1.35794
vn -0.16005 -0.98671 -0.02822
vn -0.15970 -0.98673 -0.02919
vn -0.14009 -0.98673 -0.08205
vn -0.10358 -0.98673 -0.12502
vn -0.05461 -0.98673 -0.15289
vn -0.00006 -0.98676 -0.16216
vn 0.05406 -0.98686 -0.15225
vn 0.10671 -0.98684 -0.12145
vn 0.14135 -0.98675 -0.07960
vn 0.16006 -0.98673 -0.02718
vn 0.15970 -0.98673 0.02919
vn 0.14009 -0.98673 0.08204
vn 0.10448 -0.98674 0.12422
vn 0.08114 -0.98722 0.13714
vn -0.00141 -0.98847 0.15139
vn -0.08313 -0.98713 0.13662
vn -0.10557 -0.98675 0.12319
vn -0.14110 -0.98673 0.08029
vn -0.16005 -0.98671 0.02822
vn -0.31551 -0.94729 -0.05563
vn -0.35318 -0.93011 -0.10077
vn -0.29742 -0.93011 -0.21549
vn -0.20579 -0.93011 -0.30421
vn -0.09000 -0.93012 -0.35607
vn 0.03470 -0.93037 -0.36497
vn 0.15777 -0.93099 -0.32918
vn 0.26665 -0.93037 -0.25162
vn 0.33575 -0.93013 -0.14874
vn 0.36635 -0.93011 -0.02608
vn 0.35318 -0.93011 0.10077
vn 0.29767 -0.93011 0.21514
vn 0.22335 -0.93005 0.29176
vn 0.13056 -0.93680 0.32460
vn -0.05438 -0.93839 0.34127
vn -0.20446 -0.92987 0.30585
vn -0.26458 -0.93013 0.25467
vn -0.33533 -0.93011 0.14982
vn -0.39173 -0.91748 0.06907
vn -0.58902 -0.80142 -0.10386
vn -0.61277 -0.76449 -0.20020
vn -0.50734 -0.76449 -0.39771
vn -0.34075 -0.76449 -0.54722
vn -0.13463 -0.76452 -0.63039
vn 0.08459 -0.76525 -0.63815
vn 0.30107 -0.76683 -0.56686
vn 0.48425 -0.76496 -0.42466
vn 0.59873 -0.76449 -0.23892
vn 0.64428 -0.76449 -0.02143
vn 0.61277 -0.76449 0.20020
vn 0.50798 -0.76450 0.39686
vn 0.38291 -0.76447 0.51861
vn 0.19654 -0.78457 0.58807
vn -0.13355 -0.78511 0.60479
vn -0.36840 -0.76271 0.53156
vn -0.48082 -0.76448 0.42939
vn -0.59809 -0.76449 0.24051
vn -0.67864 -0.72466 0.11966
vn -0.84776 -0.50888 -0.14948
vn -0.84404 -0.44864 -0.29381
vn -0.69265 -0.44864 -0.56477
vn -0.45776 -0.44864 -0.76758
vn -0.17015 -0.44872 -0.87733
vn 0.13394 -0.44965 -0.88310
vn 0.43501 -0.45131 -0.77916
vn 0.68259 -0.44901 -0.57660
vn 0.83620 -0.44861 -0.31546
vn 0.89362 -0.44864 -0.01256
vn 0.84404 -0.44864 0.29381
vn 0.69369 -0.44868 0.56345
vn 0.52430 -0.44957 0.72319
vn 0.25355 -0.47425 0.84309
vn -0.21616 -0.47122 0.85512
vn -0.51628 -0.44544 0.73146
vn -0.67778 -0.44860 0.58256
vn -0.83543 -0.44864 0.31747
vn -0.91056 -0.38093 0.16056
vn -0.97099 -0.16690 -0.17121
vn -0.93706 -0.14446 -0.31789
vn -0.77182 -0.14446 -0.61921
vn -0.51354 -0.14446 -0.84582
vn -0.19596 -0.14450 -0.96991
vn 0.13998 -0.14583 -0.97936
vn 0.47287 -0.14916 -0.86842
vn 0.75203 -0.14682 -0.64257
vn 0.92322 -0.14478 -0.35597
vn 0.98927 -0.14446 -0.02173
vn 0.93706 -0.14446 0.31789
vn 0.77292 -0.14447 0.61784
vn 0.58365 -0.14467 0.79901
vn 0.29638 -0.15443 0.94250
vn -0.23017 -0.15381 0.96092
vn -0.56782 -0.14339 0.81057
vn -0.74535 -0.14445 0.65084
vn -0.92217 -0.14446 0.35881
vn -0.97732 -0.12304 0.17233
vn -0.98309 -0.05907 -0.17334
vn -0.93930 -0.04324 -0.34035
vn -0.76625 -0.04324 -0.64108
vn -0.50085 -0.04325 -0.86445
vn -0.17920 -0.04366 -0.98284
vn 0.15694 -0.04635 -0.98652
vn 0.49632 -0.05004 -0.86670
vn 0.77538 -0.04604 -0.62981
vn 0.93967 -0.04359 -0.33931
vn 0.99906 -0.04325 -0.00138
vn 0.93930 -0.04324 0.34035
vn 0.76755 -0.04326 0.63953
vn 0.58177 -0.04369 0.81218
vn 0.26849 -0.04682 0.96215
vn -0.26412 -0.04561 0.96341
vn -0.58075 -0.04252 0.81297
vn -0.76573 -0.04323 0.64170
vn -0.93832 -0.04324 0.34305
vn -0.98447 -0.02634 0.17359
vn -0.98381 0.04502 -0.17347
vn -0.93701 0.06424 -0.34333
vn -0.76308 0.06424 -0.64310
vn -0.49722 0.06423 -0.86524
vn -0.17766 0.06366 -0.98203
vn 0.15328 0.06062 -0.98632
vn 0.49955 0.05737 -0.86438
vn 0.78155 0.06123 -0.62083
vn 0.94039 0.06386 -0.33405
vn 0.99793 0.06424 0.00223
vn 0.93701 0.06424 0.34333
vn 0.76441 0.06423 0.64152
vn 0.57985 0.06338 0.81226
vn 0.26270 0.06797 0.96248
vn -0.26922 0.06932 0.96058
vn -0.58137 0.06469 0.81106
vn -0.76713 0.06426 0.63826
vn -0.93848 0.06424 0.33929
vn -0.98150 0.08191 0.17306
vn -0.97653 0.12940 -0.17219
vn -0.92931 0.13598 -0.34336
vn -0.75583 0.13598 -0.64049
vn -0.49136 0.13597 -0.86028
vn -0.17655 0.13532 -0.97495
vn 0.14598 0.13237 -0.98039
vn 0.49913 0.13006 -0.85671
vn 0.78324 0.13290 -0.60735
vn 0.93516 0.13554 -0.32727
vn 0.99070 0.13598 0.00491
vn 0.92931 0.13598 0.34335
vn 0.75718 0.13598 0.63889
vn 0.57469 0.13541 0.80709
vn 0.25645 0.14508 0.95561
vn -0.27107 0.14522 0.95154
vn -0.57818 0.13569 0.80455
vn -0.76327 0.13598 0.63161
vn -0.93260 0.13598 0.33432
vn -0.97528 0.13876 0.17197
vn -0.97583 0.13472 -0.17207
vn -0.93005 0.12968 -0.34379
vn -0.75638 0.12968 -0.64115
vn -0.49170 0.12967 -0.86105
vn -0.17983 0.12899 -0.97520
vn 0.13575 0.12605 -0.98269
vn 0.50026 0.12396 -0.85695
vn 0.79055 0.12635 -0.59923
vn 0.93680 0.12918 -0.32515
vn 0.99154 0.12967 0.00511
vn 0.93005 0.12968 0.34379
vn 0.75773 0.12969 0.63956
vn 0.57508 0.12955 0.80777
vn 0.25644 0.13881 0.95654
vn -0.27159 0.13807 0.95246
vn -0.57876 0.12898 0.80523
vn -0.76402 0.12967 0.63203
vn -0.93344 0.12968 0.33446
vn -0.97765 0.12034 0.17239
vn -0.98077 0.09043 -0.17294
vn -0.93519 0.08394 -0.34406
vn -0.76112 0.08394 -0.64316
vn -0.49554 0.08393 -0.86452
vn -0.18582 0.08325 -0.97905
vn 0.12332 0.08008 -0.98913
vn 0.50177 0.07749 -0.86153
vn 0.80064 0.08044 -0.59372
vn 0.94181 0.08344 -0.32564
vn 0.99646 0.08394 0.00364
vn 0.93519 0.08394 0.34406
vn 0.76246 0.08395 0.64157
vn 0.57849 0.08397 0.81136
vn 0.26024 0.09002 0.96134
vn -0.27078 0.08933 0.95849
vn -0.58104 0.08338 0.80959
vn -0.76684 0.08394 0.63633
vn -0.93755 0.08394 0.33757
vn -0.98206 0.07460 0.17316
vn -0.98350 0.05151 -0.17342
vn -0.93786 0.04865 -0.34359
vn -0.76378 0.04865 -0.64363
vn -0.49795 0.04864 -0.86584
vn -0.19132 0.04797 -0.98036
vn 0.11048 0.04474 -0.99287
vn 0.50249 0.04192 -0.86357
vn 0.80871 0.04538 -0.58646
vn 0.94444 0.04821 -0.32512
vn 0.99881 0.04865 0.00232
vn 0.93786 0.04865 0.34359
vn 0.76512 0.04866 0.64205
vn 0.58035 0.04863 0.81292
vn 0.26302 0.05215 0.96338
vn -0.26943 0.05184 0.96162
vn -0.58189 0.04836 0.81183
vn -0.76778 0.04865 0.63886
vn -0.93930 0.04865 0.33964
vn -0.98384 0.04423 0.17348
vn -0.98419 0.03528 -0.17354
vn -0.93858 0.03499 -0.34328
vn -0.76457 0.03499 -0.64359
vn -0.49877 0.03498 -0.86603
vn -0.19553 0.03437 -0.98009
vn 0.09910 0.03155 -0.99458
vn 0.50378 0.02936 -0.86333
vn 0.81499 0.03240 -0.57857
vn 0.94557 0.03465 -0.32358
vn 0.99939 0.03499 0.00182
vn 0.93858 0.03499 0.34328
vn 0.76590 0.03499 0.64201
vn 0.58088 0.03491 0.81324
vn 0.26402 0.03744 0.96379
vn -0.26878 0.03736 0.96248
vn -0.58202 0.03485 0.81243
vn -0.76788 0.03499 0.63964
vn -0.93965 0.03499 0.34034
vn -0.98425 0.03363 0.17355
vn -0.98430 0.03204 -0.17356
vn -0.93868 0.03257 -0.34324
vn -0.76468 0.03257 -0.64359
vn -0.49893 0.03256 -0.86603
vn -0.19867 0.03207 -0.97954
vn 0.09015 0.03013 -0.99547
vn 0.50583 0.02923 -0.86214
vn 0.81966 0.03097 -0.57201
vn 0.94618 0.03236 -0.32201
vn 0.99947 0.03256 0.00177
vn 0.93868 0.03257 0.34324
vn 0.76601 0.03257 0.64201
vn 0.58095 0.03246 0.81329
vn 0.26415 0.03481 0.96385
vn -0.26870 0.03480 0.96260
vn -0.58204 0.03246 0.81251
vn -0.76790 0.03257 0.63974
vn -0.93970 0.03257 0.34044
vn -0.98430 0.03211 0.17356
vn -0.98429 0.03241 -0.17356
vn -0.93865 0.03303 -0.34329
vn -0.76463 0.03303 -0.64363
vn -0.49891 0.03303 -0.86602
vn -0.20075 0.03273 -0.97910
vn 0.08436 0.03195 -0.99592
vn 0.50813 0.03264 -0.86066
vn 0.82238 0.03261 -0.56800
vn 0.94650 0.03297 -0.32102
vn 0.99945 0.03303 0.00185
vn 0.93865 0.03303 0.34329
vn 0.76596 0.03303 0.64204
vn 0.58092 0.03292 0.81329
vn 0.26405 0.03531 0.96386
vn -0.26879 0.03530 0.96255
vn -0.58206 0.03293 0.81248
vn -0.76792 0.03303 0.63969
vn -0.93971 0.03303 0.34037
vn -0.98428 0.03265 0.17356
vn -0.98427 0.03293 -0.17355
vn -0.93861 0.03346 -0.34335
vn -0.76458 0.03346 -0.64366
vn -0.49887 0.03345 -0.86603
vn -0.20164 0.03338 -0.97889
vn 0.08233 0.03385 -0.99603
vn 0.51029 0.03611 -0.85925
vn 0.82289 0.03424 -0.56717
vn 0.94652 0.03354 -0.32089
vn 0.99944 0.03346 0.00191
vn 0.93861 0.03346 0.34335
vn 0.76591 0.03346 0.64208
vn 0.58089 0.03335 0.81330
vn 0.26395 0.03576 0.96387
vn -0.26888 0.03575 0.96251
vn -0.58207 0.03335 0.81245
vn -0.76795 0.03346 0.63963
vn -0.93972 0.03346 0.34031
vn -0.98427 0.03297 0.17355
vn -0.98428 0.03274 -0.17356
vn -0.93861 0.03312 -0.34338
vn -0.76457 0.03312 -0.64369
vn -0.49884 0.03312 -0.86606
vn -0.20125 0.03326 -0.97898
vn 0.08429 0.03491 -0.99583
vn 0.51199 0.03847 -0.85813
vn 0.82114 0.03496 -0.56965
vn 0.94627 0.03332 -0.32166
vn 0.99945 0.03312 0.00193
vn 0.93861 0.03312 0.34338
vn 0.76590 0.03312 0.64211
vn 0.58089 0.03302 0.81332
vn 0.26391 0.03541 0.96390
vn -0.26893 0.03538 0.96251
vn -0.58209 0.03300 0.81246
vn -0.76798 0.03312 0.63962
vn -0.93974 0.03312 0.34029
vn -0.98429 0.03248 0.17356
vn -0.98431 0.03164 -0.17356
vn -0.93866 0.03183 -0.34337
vn -0.76461 0.03183 -0.64371
vn -0.49885 0.03184 -0.86610
vn -0.19964 0.03217 -0.97934
vn 0.08998 0.03477 -0.99534
vn 0.51300 0.03918 -0.85749
vn 0.81732 0.03448 -0.57515
vn 0.94577 0.03214 -0.32323
vn 0.99949 0.03184 0.00189
vn 0.93866 0.03183 0.34337
vn 0.76594 0.03184 0.64212
vn 0.58092 0.03174 0.81334
vn 0.26396 0.03404 0.96393
vn -0.26891 0.03400 0.96256
vn -0.58211 0.03172 0.81249
vn -0.76800 0.03183 0.63966
vn -0.93977 0.03183 0.34032
vn -0.98433 0.03106 0.17356
vn -0.98438 0.02959 -0.17357
vn -0.93875 0.02959 -0.34333
vn -0.76471 0.02959 -0.64369
vn -0.49890 0.02960 -0.86616
vn -0.19703 0.03007 -0.97994
vn 0.09871 0.03327 -0.99456
vn 0.51323 0.03806 -0.85741
vn 0.81182 0.03270 -0.58299
vn 0.94509 0.02995 -0.32543
vn 0.99956 0.02960 0.00178
vn 0.93875 0.02959 0.34333
vn 0.76604 0.02959 0.64211
vn 0.58098 0.02951 0.81338
vn 0.26409 0.03165 0.96398
vn -0.26882 0.03160 0.96267
vn -0.58212 0.02948 0.81257
vn -0.76801 0.02959 0.63976
vn -0.93981 0.02959 0.34041
vn -0.98440 0.02869 0.17358
vn -0.98446 0.02666 -0.17359
vn -0.93887 0.02649 -0.34324
vn -0.76486 0.02649 -0.64365
vn -0.49899 0.02650 -0.86620
vn -0.19373 0.02704 -0.98068
vn 0.10948 0.03050 -0.99352
vn 0.51267 0.03521 -0.85786
vn 0.80520 0.02973 -0.59226
vn 0.94429 0.02686 -0.32801
vn 0.99965 0.02649 0.00162
vn 0.93887 0.02649 0.34324
vn 0.76619 0.02649 0.64207
vn 0.58108 0.02643 0.81342
vn 0.26431 0.02834 0.96402
vn -0.26865 0.02828 0.96282
vn -0.58212 0.02638 0.81267
vn -0.76799 0.02649 0.63991
vn -0.93985 0.02649 0.34056
vn -0.98449 0.02551 0.17359
vn -0.98455 0.02305 -0.17360
vn -0.93902 0.02274 -0.34311
vn -0.76504 0.02274 -0.64358
vn -0.49911 0.02275 -0.86624
vn -0.19013 0.02331 -0.98148
vn 0.12114 0.02668 -0.99228
vn 0.51146 0.03098 -0.85875
vn 0.79808 0.02583 -0.60200
vn 0.94345 0.02309 -0.33070
vn 0.99974 0.02274 0.00140
vn 0.93902 0.02274 0.34311
vn 0.76637 0.02274 0.64200
vn 0.58120 0.02269 0.81345
vn 0.26460 0.02433 0.96405
vn -0.26842 0.02427 0.96300
vn -0.58211 0.02264 0.81279
vn -0.76795 0.02274 0.64010
vn -0.93988 0.02274 0.34075
vn -0.98458 0.02173 0.17361
vn -0.98463 0.01905 -0.17362
vn -0.93917 0.01865 -0.34294
vn -0.76524 0.01865 -0.64348
vn -0.49926 0.01866 -0.86625
vn -0.18657 0.01918 -0.98225
vn 0.13260 0.02223 -0.99092
vn 0.50982 0.02590 -0.85989
vn 0.79109 0.02137 -0.61133
vn 0.94264 0.01896 -0.33328
vn 0.99983 0.01865 0.00116
vn 0.93917 0.01865 0.34294
vn 0.76656 0.01865 0.64190
vn 0.58132 0.01861 0.81346
vn 0.26494 0.01996 0.96406
vn -0.26813 0.01990 0.96318
vn -0.58209 0.01856 0.81291
vn -0.76789 0.01865 0.64031
vn -0.93989 0.01865 0.34098
vn -0.98465 0.01767 0.17362
vn -0.98470 0.01500 -0.17363
vn -0.93931 0.01457 -0.34276
vn -0.76543 0.01457 -0.64336
vn -0.49942 0.01458 -0.86624
vn -0.18333 0.01503 -0.98294
vn 0.14299 0.01761 -0.98957
vn 0.50797 0.02057 -0.86113
vn 0.78473 0.01682 -0.61961
vn 0.94190 0.01482 -0.33558
vn 0.99989 0.01457 0.00092
vn 0.93931 0.01457 0.34276
vn 0.76675 0.01457 0.64178
vn 0.58144 0.01454 0.81346
vn 0.26529 0.01560 0.96404
vn -0.26782 0.01554 0.96334
vn -0.58205 0.01449 0.81303
vn -0.76780 0.01457 0.64052
vn -0.93988 0.01457 0.34120
vn -0.98472 0.01369 0.17363
vn -0.98475 0.01125 -0.17364
vn -0.93942 0.01085 -0.34259
vn -0.76560 0.01085 -0.64323
vn -0.49957 0.01085 -0.86621
vn -0.18058 0.01123 -0.98350
vn 0.15178 0.01329 -0.98832
vn 0.50614 0.01555 -0.86231
vn 0.77934 0.01261 -0.62648
vn 0.94127 0.01105 -0.33748
vn 0.99994 0.01085 0.00069
vn 0.93942 0.01085 0.34259
vn 0.76692 0.01085 0.64165
vn 0.58154 0.01083 0.81345
vn 0.26562 0.01162 0.96401
vn -0.26753 0.01157 0.96348
vn -0.58200 0.01079 0.81312
vn -0.76771 0.01085 0.64070
vn -0.93985 0.01085 0.34141
vn -0.98476 0.01011 0.17364
vn -0.98478 0.00811 -0.17364
vn -0.93951 0.00779 -0.34244
vn -0.76573 0.00779 -0.64312
vn -0.49969 0.00780 -0.86617
vn -0.17838 0.00808 -0.98393
vn 0.15875 0.00964 -0.98727
vn 0.50449 0.01129 -0.86334
vn 0.77507 0.00909 -0.63181
vn 0.94077 0.00794 -0.33896
vn 0.99997 0.00779 0.00049
vn 0.93951 0.00779 0.34244
vn 0.76705 0.00779 0.64154
vn 0.58162 0.00778 0.81342
vn 0.26589 0.00834 0.96397
vn -0.26727 0.00831 0.96359
vn -0.58195 0.00775 0.81319
vn -0.76762 0.00779 0.64085
vn -0.93982 0.00779 0.34158
vn -0.98478 0.00724 0.17364
vn -0.98479 0.00580 -0.17365
vn -0.93957 0.00561 -0.34232
vn -0.76582 0.00561 -0.64303
vn -0.49977 0.00561 -0.86614
vn -0.17672 0.00582 -0.98424
vn 0.16397 0.00693 -0.98644
vn 0.50314 0.00808 -0.86417
vn 0.77190 0.00652 -0.63572
vn 0.94040 0.00571 -0.34003
vn 0.99998 0.00561 0.00035
vn 0.93957 0.00561 0.34232
vn 0.76714 0.00561 0.64146
vn 0.58167 0.00560 0.81340
vn 0.26608 0.00600 0.96393
vn -0.26709 0.00598 0.96365
vn -0.58192 0.00558 0.81323
vn -0.76756 0.00561 0.64096
vn -0.93979 0.00561 0.34170
vn -0.98479 0.00524 0.17365
vn -0.98480 0.00444 -0.17365
vn -0.93959 0.00439 -0.34226
vn -0.76587 0.00439 -0.64298
vn -0.49981 0.00439 -0.86612
vn -0.17553 0.00454 -0.98446
vn 0.16767 0.00530 -0.98583
vn 0.50212 0.00606 -0.86478
vn 0.76968 0.00500 -0.63841
vn 0.94014 0.00446 -0.34076
vn 0.99999 0.00439 0.00027
vn 0.93960 0.00439 0.34226
vn 0.76719 0.00439 0.64141
vn 0.58170 0.00438 0.81339
vn 0.26619 0.00470 0.96391
vn -0.26698 0.00469 0.96369
vn -0.58189 0.00437 0.81325
vn -0.76752 0.00439 0.64101
vn -0.93977 0.00439 0.34177
vn -0.98480 0.00421 0.17365
vn -0.98480 0.00403 -0.17365
vn -0.93960 0.00412 -0.34225
vn -0.76588 0.00412 -0.64297
vn -0.49981 0.00412 -0.86613
vn -0.17469 0.00422 -0.98462
vn 0.17018 0.00471 -0.98540
vn 0.50141 0.00519 -0.86520
vn 0.76824 0.00451 -0.64015
vn 0.93998 0.00416 -0.34120
vn 0.99999 0.00412 0.00025
vn 0.93960 0.00412 0.34225
vn 0.76720 0.00412 0.64140
vn 0.58171 0.00411 0.81339
vn 0.26621 0.00440 0.96390
vn -0.26696 0.00441 0.96370
vn -0.58189 0.00411 0.81326
vn -0.76751 0.00412 0.64103
vn -0.93977 0.00412 0.34179
vn -0.98480 0.00409 0.17365
vn -0.98480 0.00445 -0.17365
vn -0.93959 0.00468 -0.34228
vn -0.76586 0.00468 -0.64299
vn -0.49977 0.00468 -0.86615
vn -0.17410 0.00474 -0.98472
vn 0.17181 0.00504 -0.98512
vn 0.50096 0.00533 -0.86546
vn 0.76736 0.00491 -0.64119
vn 0.93990 0.00470 -0.34143
vn 0.99999 0.00468 0.00028
vn 0.93959 0.00468 0.34228
vn 0.76718 0.00468 0.64142
vn 0.58170 0.00466 0.81339
vn 0.26616 0.00499 0.96392
vn -0.26701 0.00500 0.96368
vn -0.58190 0.00467 0.81325
vn -0.76753 0.00468 0.64100
vn -0.93978 0.00468 0.34175
vn -0.98480 0.00476 0.17365
vn -0.98479 0.00554 -0.17365
vn -0.93956 0.00587 -0.34234
vn -0.76581 0.00587 -0.64305
vn -0.49969 0.00587 -0.86618
vn -0.17370 0.00591 -0.98478
vn 0.17284 0.00608 -0.98493
vn 0.50071 0.00625 -0.86559
vn 0.76687 0.00600 -0.64177
vn 0.93986 0.00588 -0.34151
vn 0.99998 0.00587 0.00035
vn 0.93956 0.00587 0.34234
vn 0.76712 0.00587 0.64147
vn 0.58167 0.00584 0.81341
vn 0.26605 0.00627 0.96394
vn -0.26712 0.00628 0.96364
vn -0.58192 0.00586 0.81322
vn -0.76757 0.00587 0.64094
vn -0.93980 0.00587 0.34168
vn -0.98479 0.00602 0.17365
vn -0.98478 0.00708 -0.17364
vn -0.93951 0.00748 -0.34243
vn -0.76573 0.00748 -0.64311
vn -0.49960 0.00748 -0.86622
vn -0.17341 0.00750 -0.98482
vn 0.17349 0.00760 -0.98481
vn 0.50060 0.00769 -0.86564
vn 0.76663 0.00756 -0.64205
vn 0.93985 0.00749 -0.34150
vn 0.99997 0.00748 0.00045
vn 0.93951 0.00748 0.34243
vn 0.76705 0.00748 0.64154
vn 0.58162 0.00745 0.81342
vn 0.26589 0.00799 0.96397
vn -0.26727 0.00801 0.96359
vn -0.58195 0.00747 0.81319
vn -0.76762 0.00748 0.64086
vn -0.93982 0.00748 0.34159
vn -0.98478 0.00766 0.17364
vn -0.98477 0.00885 -0.17364
vn -0.93946 0.00930 -0.34254
vn -0.76565 0.00930 -0.64319
vn -0.49949 0.00930 -0.86627
vn -0.17319 0.00931 -0.98484
vn 0.17390 0.00936 -0.98472
vn 0.50058 0.00941 -0.86564
vn 0.76653 0.00934 -0.64214
vn 0.93986 0.00930 -0.34143
vn 0.99996 0.00930 0.00057
vn 0.93946 0.00930 0.34254
vn 0.76697 0.00930 0.64162
vn 0.58157 0.00926 0.81344
vn 0.26571 0.00993 0.96400
vn -0.26744 0.00995 0.96352
vn -0.58199 0.00928 0.81315
vn -0.76768 0.00930 0.64076
vn -0.93985 0.00930 0.34147
vn -0.98476 0.00947 0.17364
vn -0.98475 0.01067 -0.17364
vn -0.93940 0.01113 -0.34264
vn -0.76556 0.01113 -0.64327
vn -0.49938 0.01113 -0.86631
vn -0.17301 0.01114 -0.98486
vn 0.17417 0.01116 -0.98465
vn 0.50062 0.01119 -0.86560
vn 0.76651 0.01115 -0.64214
vn 0.93988 0.01113 -0.34134
vn 0.99994 0.01113 0.00068
vn 0.93940 0.01113 0.34264
vn 0.76688 0.01113 0.64169
vn 0.58152 0.01109 0.81346
vn 0.26553 0.01189 0.96403
vn -0.26761 0.01191 0.96345
vn -0.58202 0.01111 0.81310
vn -0.76775 0.01113 0.64066
vn -0.93987 0.01113 0.34136
vn -0.98475 0.01126 0.17364
vn -0.98473 0.01238 -0.17363
vn -0.93934 0.01284 -0.34274
vn -0.76547 0.01284 -0.64335
vn -0.49927 0.01284 -0.86635
vn -0.17287 0.01284 -0.98486
vn 0.17436 0.01286 -0.98460
vn 0.50068 0.01287 -0.86554
vn 0.76653 0.01285 -0.64208
vn 0.93989 0.01284 -0.34123
vn 0.99992 0.01284 0.00080
vn 0.93934 0.01284 0.34274
vn 0.76679 0.01284 0.64177
vn 0.58146 0.01279 0.81347
vn 0.26535 0.01372 0.96406
vn -0.26778 0.01373 0.96338
vn -0.58205 0.01281 0.81305
vn -0.76780 0.01284 0.64056
vn -0.93989 0.01284 0.34124
vn -0.98473 0.01291 0.17363
vn -0.98471 0.01389 -0.17363
vn -0.93929 0.01433 -0.34283
vn -0.76538 0.01433 -0.64341
vn -0.49917 0.01433 -0.86639
vn -0.17275 0.01433 -0.98486
vn 0.17449 0.01434 -0.98455
vn 0.50074 0.01434 -0.86548
vn 0.76656 0.01434 -0.64201
vn 0.93991 0.01433 -0.34113
vn 0.99990 0.01433 0.00090
vn 0.93929 0.01433 0.34283
vn 0.76671 0.01433 0.64184
vn 0.58141 0.01428 0.81348
vn 0.26518 0.01531 0.96408
vn -0.26793 0.01533 0.96332
vn -0.58208 0.01429 0.81301
vn -0.76785 0.01433 0.64046
vn -0.93991 0.01433 0.34113
vn -0.98471 0.01434 0.17363
vn -0.98469 0.01515 -0.17363
vn -0.93924 0.01557 -0.34292
vn -0.76531 0.01557 -0.64347
vn -0.49907 0.01557 -0.86642
vn -0.17265 0.01557 -0.98486
vn 0.17460 0.01557 -0.98452
vn 0.50081 0.01557 -0.86542
vn 0.76660 0.01557 -0.64194
vn 0.93992 0.01557 -0.34104
vn 0.99988 0.01557 0.00100
vn 0.93924 0.01557 0.34292
vn 0.76664 0.01557 0.64189
vn 0.58137 0.01551 0.81349
vn 0.26503 0.01663 0.96410
vn -0.26807 0.01664 0.96326
vn -0.58210 0.01552 0.81297
vn -0.76790 0.01557 0.64038
vn -0.93992 0.01557 0.34104
vn -0.98469 0.01551 0.17363
vn -0.98468 0.01615 -0.17363
vn -0.93919 0.01654 -0.34299
vn -0.76525 0.01654 -0.64353
vn -0.49900 0.01654 -0.86645
vn -0.17256 0.01654 -0.98486
vn 0.17468 0.01654 -0.98449
vn 0.50087 0.01654 -0.86537
vn 0.76664 0.01654 -0.64187
vn 0.93993 0.01654 -0.34096
vn 0.99986 0.01654 0.00108
vn 0.93919 0.01654 0.34299
vn 0.76657 0.01654 0.64195
vn 0.58133 0.01648 0.81350
vn 0.26490 0.01767 0.96411
vn -0.26819 0.01768 0.96320
vn -0.58212 0.01649 0.81294
vn -0.76794 0.01654 0.64031
vn -0.93993 0.01654 0.34096
vn -0.98467 0.01643 0.17362
vn -0.98467 0.01691 -0.17362
vn -0.93916 0.01727 -0.34305
vn -0.76519 0.01727 -0.64357
vn -0.49893 0.01727 -0.86647
vn -0.17249 0.01727 -0.98486
vn 0.17475 0.01727 -0.98446
vn 0.50092 0.01727 -0.86532
vn 0.76667 0.01727 -0.64181
vn 0.93994 0.01727 -0.34089
vn 0.99985 0.01727 0.00115
vn 0.93916 0.01727 0.34305
vn 0.76652 0.01727 0.64199
vn 0.58130 0.01721 0.81351
vn 0.26479 0.01846 0.96413
vn -0.26829 0.01846 0.96316
vn -0.58214 0.01722 0.81291
vn -0.76797 0.01727 0.64025
vn -0.93994 0.01727 0.34089
vn -0.98466 0.01711 0.17362
vn -0.98387 0.04369 -0.17348
vn -0.92484 0.06462 -0.37483
vn -0.74087 0.06462 -0.66854
vn -0.46753 0.06462 -0.88161
vn -0.13781 0.06462 -0.98835
vn 0.20854 0.06462 -0.97588
vn 0.52973 0.06462 -0.84570
vn 0.78703 0.06462 -0.61352
vn 0.94940 0.06462 -0.30734
vn 0.99726 0.06462 0.03591
vn 0.92484 0.06462 0.37483
vn 0.74253 0.06461 0.66669
vn 0.56747 0.06369 0.82092
vn 0.21096 0.06845 0.97510
vn -0.32027 0.06951 0.94477
vn -0.59371 0.06521 0.80203
vn -0.78802 0.06464 0.61225
vn -0.94940 0.06462 0.30734
vn -0.98047 0.09379 0.17288
vn -0.91056 0.38093 -0.16056
vn -0.83543 0.44864 -0.31747
vn -0.67646 0.44864 -0.58405
vn -0.43591 0.44864 -0.78020
vn -0.14278 0.44864 -0.88223
vn 0.16757 0.44864 -0.87786
vn 0.45771 0.44864 -0.76761
vn 0.69265 0.44864 -0.56477
vn 0.84404 0.44864 -0.29381
vn 0.89362 0.44864 0.01259
vn 0.83543 0.44864 0.31747
vn 0.67778 0.44860 0.58256
vn 0.51628 0.44544 0.73146
vn 0.21616 0.47122 0.85512
vn -0.25355 0.47425 0.84309
vn -0.52430 0.44957 0.72319
vn -0.69369 0.44868 0.56345
vn -0.84404 0.44864 0.29381
vn -0.84776 0.50888 0.14948
vn -0.67864 0.72466 -0.11966
vn -0.59809 0.76449 -0.24052
vn -0.47976 0.76449 -0.43057
vn -0.30357 0.76449 -0.56869
vn -0.09075 0.76449 -0.63822
vn 0.13300 0.76449 -0.63077
vn 0.34072 0.76449 -0.54724
vn 0.50734 0.76449 -0.39771
vn 0.61277 0.76449 -0.20020
vn 0.64428 0.76449 0.02145
vn 0.59809 0.76449 0.24051
vn 0.48082 0.76448 0.42939
vn 0.36840 0.76271 0.53156
vn 0.13355 0.78511 0.60479
vn -0.19654 0.78457 0.58807
vn -0.38291 0.76447 0.51861
vn -0.50798 0.76450 0.39686
vn -0.61277 0.76449 0.20020
vn -0.58902 0.80142 0.10386
vn -0.39353 0.91669 -0.06939
vn -0.33687 0.92947 -0.15037
vn -0.26512 0.92947 -0.25652
vn -0.16140 0.92947 -0.33172
vn -0.03821 0.92947 -0.36692
vn 0.08959 0.92947 -0.35786
vn 0.20658 0.92947 -0.30564
vn 0.29866 0.92947 -0.21655
vn 0.35471 0.92947 -0.10134
vn 0.36798 0.92947 0.02609
vn 0.33687 0.92947 0.15037
vn 0.26584 0.92948 0.25571
vn 0.20542 0.92921 0.30719
vn 0.05482 0.93781 0.34279
vn -0.13095 0.93622 0.32610
vn -0.22429 0.92940 0.29309
vn -0.29892 0.92947 0.21620
vn -0.35471 0.92947 0.10134
vn -0.31702 0.94677 0.05590
vn -0.16303 0.98620 -0.02875
vn -0.14406 0.98626 -0.08090
vn -0.10771 0.98626 -0.12529
vn -0.05836 0.98626 -0.15457
vn -0.00197 0.98626 -0.16521
vn 0.05465 0.98626 -0.15592
vn 0.10469 0.98626 -0.12783
vn 0.14209 0.98626 -0.08431
vn 0.16236 0.98626 -0.03063
vn 0.16304 0.98626 0.02675
vn 0.14406 0.98626 0.08090
vn 0.10815 0.98627 0.12477
vn 0.08503 0.98664 0.13896
vn 0.00275 0.98807 0.15399
vn -0.08117 0.98682 0.13997
vn -0.10603 0.98625 0.12677
vn -0.14210 0.98626 0.08430
vn -0.16236 0.98626 0.03063
vn -0.16303 0.98620 0.02875
f 1/1/1 20/20/20 2/2/2
f 2/2/2 20/20/20 21/21/21
f 2/2/2 21/21/21 3/3/3
f 3/3/3 21/21/21 22/22/22
f 3/3/3 22/22/22 4/4/4
f 4/4/4 22/22/22 23/23/23
f 4/4/4 23/23/23 5/5/5
f 5/5/5 23/23/23 24/24/24
f 5/5/5 24/24/24 6/6/6
f 6/6/6 24/24/24 25/25/25
f 6/6/6 25/25/25 7/7/7
f 7/7/7 25/25/25 26/26/26
f 7/7/7 26/26/26 8/8/8
f 8/8/8 26/26/26 27/27/27
f 8/8/8 27/27/27 9/9/9
f 9/9/9 27/27/27 28/28/28
f 9/9/9 28/28/28 10/10/10
f 10/10/10 28/28/28 29/29/29
f 10/10/10 29/29/29 11/11/11
f 11/11/11 29/29/29 30/30/30
f 11/11/11 30/30/30 12/12/12
f 12/12/12 30/30/30 31/31/31
f 12/12/12 31/31/31 13/13/13
f 13/13/13 31/31/31 32/32/32
f 13/13/13 32/32/32 14/14/14
f 14/14/14 32/32/32 33/33/33
f 14/14/14 33/33/33 15/15/15
f 15/15/15 33/33/33 34/34/34
f 15/15/15 34/34/34 16/16/16
f 16/16/16 34/34/34 35/35/35
f 16/16/16 35/35/35 17/17/17
f 17/17/17 35/35/35 36/36/36
f 17/17/17 36/36/36 18/18/18
f 18/18/18 36/36/36 37/37/37
f 18/18/18 37/37/37 19/19/19
f 19/19/19 37/37/37 38/38/38
f 20/20/20 39/39/39 21/21/21
f 21/21/21 39/39/39 40/40/40
f 21/21/21 40/40/40 22/22/22
f 22/22/22 40/40/40 41/41/41
f 22/22/22 41/41/41 23/23/23
f 23/23/23 41/41/41 42/42/42
f 23/23/23 42/42/42 24/24/24
f 24/24/24 42/42/42 43/43/43
f 24/24/24 43/43/43 25/25/25
f 25/25/25 43/43/43 44/44/44
f 25/25/25 44/44/44 26/26/26
f 26/26/26 44/44/44 45/45/45
f 26/26/26 45/45/45 27/27/27
f 27/27/27 45/45/45 46/46/46
f 27/27/27 46/46/46 28/28/28
f 28/28/28 46/46/46 47/47/47
f 28/28/28 47/47/47 29/29/29
f 29/29/29 47/47/47 48/48/48
f 29/29/29 48/48/48 30/30/30
f 30/30/30 48/48/48 49/49/49
f 30/30/30 49/49/49 31/31/31
f 31/31/31 49/49/49 50/50/50
f 31/31/31 50/50/50 32/32/32
f 32/32/32 50/50/50 51/51/51
f 32/32/32 51/51/51 33/33/33
f 33/33/33 51/51/51 52/52/52
f 33/33/33 52/52/52 34/34/34
f 34/34/34 52/52/52 53/53/53
f 34/34/34 53/53/53 35/35/35
f 35/35/35 53/53/53 54/54/54
f 35/35/35 54/54/54 36/36/36
f 36/36/36 54/54/54 55/55/55
f 36/36/36 55/55/55 37/37/37
f 37/37/37 55/55/55 56/56/56
f 37/37/37 56/56/56 38/38/38
f 38/38/38 56/56/56 57/57/57
f 39/39/39 58/58/58 40/40/40
f 40/40/40 58/58/58 59/59/59
f 40/40/40 59/59/59 41/41/41
f 41/41/41 59/59/59 60/60/60
f 41/41/41 60/60/60 42/42/42
f 42/42/42 60/60/60 61/61/61
f 42/42/42 61/61/61 43/43/43
f 43/43/43 61/61/61 62/62/62
f 43/43/43 62/62/62 44/44/44
f 44/44/44 62/62/62 63/63/63
f 44/44/44 63/63/63 45/45/45
f 45/45/45 63/63/63 64/64/64
f 45/45/45 64/64/64 46/46/46
f 46/46/46 64/64/64 65/65/65
f 46/46/46 65/65/65 47/47/47
f 47/47/47 65/65/65 66/66/66
f 47/47/47 66/66/66 48/48/48
f 48/48/48 66/66/66 67/67/67
f 48/48/48 67/67/67 49/49/49
f 49/49/49 67/67/67 68/68/68
f 49/49/49 68/68/68 50/50/50
f 50/50/50 68/68/68 69/69/69
f 50/50/50 69/69/69 51/51/51
f 51/51/51 69/69/69 70/70/70
f 51/51/51 70/70/70 52/52/52
f 52/52/52 70/70/70 71/71/71
f 52/52/52 71/71/71 53/53/53
f 53/53/53 71/71/71 72/72/72
f 53/53/53 72/72/72 54/54/54
f 54/54/54 72/72/72 73/73/73
f 54/54/54 73/73/73 55/55/55
f 55/55/55 73/73/73 74/74/74
f 55/55/55 74/74/74 56/56/56
f 56/56/56 74/74/74 75/75/75
f 56/56/56 75/75/75 57/57/57
f 57/57/57 75/75/75 76/76/76
f 58/58/58 77/77/77 59/59/59
f 59/59/59 77/77/77 78/78/78
f 59/59/59 78/78/78 60/60/60
f 60/60/60 78/78/78 79/79/79
f 60/60/60 79/79/79 61/61/61
f 61/61/61 79/79/79 80/80/80
f 61/61/61 80/80/80 62/62/62
f 62/62/62 80/80/80 81/81/81
f 62/62/62 81/81/81 63/63/63
f 63/63/63 81/81/81 82/82/82
f 63/63/63 82/82/82 64/64/64
f 64/64/64 82/82/82 83/83/83
f 64/64/64 83/83/83 65/65/65
f 65/65/65 83/83/83 84/84/84
f 65/65/65 84/84/84 66/66/66
f 66/66/66 84/84/84 85/85/85
f 66/66/66 85/85/85 67/67/67
f 67/67/67 85/85/85 86/86/86
f 67/67/67 86/86/86 68/68/68
f 68/68/68 86/86/86 87/87/87
f 68/68/68 87/87/87 69/69/69
f 69/69/69 87/87/87 88/88/88
f 69/69/69 88/88/88 70/70/70
f 70/70/70 88/88/88 89/89/89
f 70/70/70 89/89/89 71/71/71
f 71/71/71 89/89/89 90/90/90
f 71/71/71 90/90/90 72/72/72
f 72/72/72 90/90/90 91/91/91
f 72/72/72 91/91/91 73/73/73
f 73/73/73 91/91/91 92/92/92
f 73/73/73 92/92/92 74/74/74
f 74/74/74 92/92/92 93/93/93
f 74/74/74 93/93/93 75/75/75
f 75/75/75 93/93/93 94/94/94
f 75/75/75 94/94/94 76/76/76
f 76/76/76 94/94/94 95/95/95
f 77/77/77 96/96/96 78/78/78
f 78/78/78 96/96/96 97/97/97
f 78/78/78 97/97/97 79/79/79
f 79/79/79 97/97/97 98/98/98
f 79/79/79 98/98/98 80/80/80
f 80/80/80 98/98/98 99/99/99
f 80/80/80 99/99/99 81/81/81
f 81/81/81 99/99/99 100/100/100
f 81/81/81 100/100/100 82/82/82
f 82/82/82 100/100/100 101/101/101
f 82/82/82 101/101/101 83/83/83
f 83/83/83 101/101/101 102/102/102
f 83/83/83 102/102/102 84/84/84
f 84/84/84 102/102/102 103/103/103
f 84/84/84 103/103/103 85/85/85
f 85/85/85 103/103/103 104/104/104
f 85/85/85 104/104/104 86/86/86
f 86/86/86 104/104/104 105/105/105
f 86/86/86 105/105/105 87/87/87
f 87/87/87 105/105/105 106/106/106
f 87/87/87 106/106/106 88/88/88
f 88/88/88 106/106/106 107/107/107
f 88/88/88 107/107/107 89/89/89
f 89/89/89 107/107/107 108/108/108
f 89/89/89 108/108/108 90/90/90
f 90/90/90 108/108/108 109/109/109
f 90/90/90 109/109/109 91/91/91
f 91/91/91 109/109/109 110/110/110
f 91/91/91 110/110/110 92/92/92
f 92/92/92 110/110/110 111/111/111
f 92/92/92 111/111/111 93/93/93
f 93/93/93 111/111/111 112/112/112
f 93/93/93 112/112/112 94/94/94
f 94/94/94 112/112/112 113/113/113
f 94/94/94 113/113/113 95/95/95
f 95/95/95 113/113/113 114/114/114
f 96/96/96 115/115/115 97/97/97
f 97/97/97 115/115/115 116/116/116
f 97/97/97 116/116/116 98/98/98
f 98/98/98 116/116/116 117/117/117
f 98/98/98 117/117/117 99/99/99
f 99/99/99 117/117/117 118/118/118
f 99/99/99 118/118/118 100/100/100
f 100/100/100 118/118/118 119/119/119
f 100/100/100 119/119/119 101/101/101
f 101/101/101 119/119/119 120/120/120
f 101/101/101 120/120/120 102/102/102
f 102/102/102 120/120/120 121/121/121
f 102/102/102 121/121/121 103/103/103
f 103/103/103 121/121/121 122/122/122
f 103/103/103 122/122/122 104/104/104
f 104/104/104 122/122/122 123/123/123
f 104/104/104 123/123/123 105/105/105
f 105/105/105 123/123/123 124/124/124
f 105/105/105 124/124/124 106/106/106
f 106/106/106 124/124/124 125/125/125
f 106/106/106 125/125/125 107/107/107
f 107/107/107 125/125/125 126/126/126
f 107/107/107 126/126/126 108/108/108
f 108/108/108 126/126/126 127/127/127
f 108/108/108 127/127/127 109/109/109
f 109/109/109 127/127/127 128/128/128
f 109/109/109 128/128/128 110/110/110
f 110/110/110 128/128/128 129/129/129
f 110/110/110 129/129/129 111/111/111
f 111/111/111 129/129/129 130/130/130
f 111/111/111 130/130/130 112/112/112
f 112/112/112 130/130/130 131/131/131
f 112/112/112 131/131/131 113/113/113
f 113/113/113 131/131/131 132/132/132
f 113/113/113 132/132/132 114/114/114
f 114/114/114 132/132/132 133/133/133
f 115/115/115 134/134/134 116/116/116
f 116/116/116 134/134/134 135/135/135
f 116/116/116 135/135/135 117/117/117
f 117/117/117 135/135/135 136/136/136
f 117/117/117 136/136/136 118/118/118
f 118/118/118 136/136/136 137/137/137
f 118/118/118 137/137/137 119/119/119
f 119/119/119 137/137/137 138/138/138
f 119/119/119 138/138/138 120/120/120
f 120/120/120 138/138/138 139/139/139
f 120/120/120 139/139/139 121/121/121
f 121/121/121 139/139/139 140/140/140
f 121/121/121 140/140/140 122/122/122
f 122/122/122 140/140/140 141/141/141
f 122/122/122 141/141/141 123/123/123
f 123/123/123 141/141/141 142/142/142
f 123/123/123 142/142/142 124/124/124
f 124/124/124 142/142/142 143/143/143
f 124/124/124 143/143/143 125/125/125
f 125/125/125 143/143/143 144/144/144
f 125/125/125 144/144/144 126/126/126
f 126/126/126 144/144/144 145/145/145
f 126/126/126 145/145/145 127/127/127
f 127/127/127 145/145/145 146/146/146
f 127/127/127 146/146/146 128/128/128
f 128/128/128 146/146/146 147/147/147
f 128/128/128 147/147/147 129/129/129
f 129/129/129 147/147/147 148/148/148
f 129/129/129 148/148/148 130/130/130
f 130/130/130 148/148/148 149/149/149
f 130/130/130 149/149/149 131/131/131
f 131/131/131 149/149/149 150/150/150
f 131/131/131 150/150/150 132/132/132
f 132/132/132 150/150/150 151/151/151
f 132/132/132 151/151/151 133/133/133
f 133/133/133 151/151/151 152/152/152
f 134/134/134 153/153/153 135/135/135
f 135/135/135 153/153/153 154/154/154
f 135/135/135 154/154/154 136/136/136
f 136/136/136 154/154/154 155/155/155
f 136/136/136 155/155/155 137/137/137
f 137/137/137 155/155/155 156/156/156
f 137/137/137 156/156/156 138/138/138
f 138/138/138 156/156/156 157/157/157
f 138/138/138 157/157/157 139/139/139
f 139/139/139 157/157/157 158/158/158
f 139/139/139 158/158/158 140/140/140
f 140/140/140 158/158/158 159/159/159
f 140/140/140 159/159/159 141/141/141
f 141/141/141 159/159/159 160/160/160
f 141/141/141 160/160/160 142/142/142
f 142/142/142 160/160/160 161/161/161
f 142/142/142 161/161/161 143/143/143
f 143/143/143 161/161/161 162/162/162
f 143/143/143 162/162/162 144/144/144
f 144/144/144 162/162/162 163/163/163
f 144/144/144 163/163/163 145/145/145
f 145/145/145 163/163/163 164/164/164
f 145/145/145 164/164/164 146/146/146
f 146/146/146 164/164/164 165/165/165
f 146/146/146 165/165/165 147/147/147
f 147/147/147 165/165/165 166/166/166
f 147/147/147 166/166/166 148/148/148
f 148/148/148 166/166/166 167/167/167
f 148/148/148 167/167/167 149/149/149
f 149/149/149 167/167/167 168/168/168
f 149/149/149 168/168/168 150/150/150
f 150/150/150 168/168/168 169/169/169
f 150/150/150 169/169/169 151/151/151
f 151/151/151 169/169/169 170/170/170
f 151/151/151 170/170/170 152/152/152
f 152/152/152 170/170/170 171/171/171
f 153/153/153 172/172/172 154/154/154
f 154/154/154 172/172/172 173/173/173
f 154/154/154 173/173/173 155/155/155
f 155/155/155 173/173/173 174/174/174
f 155/155/155 174/174/174 156/156/156
f 156/156/156 174/174/174 175/175/175
f 156/156/156 175/175/175 157/157/157
f 157/157/157 175/175/175 176/176/176
f 157/157/157 176/176/176 158/158/158
f 158/158/158 176/176/176 177/177/177
f 158/158/158 177/177/177 159/159/159
f 159/159/159 177/177/177 178/178/178
f 159/159/159 178/178/178 160/160/160
f 160/160/160 178/178/178 179/179/179
f 160/160/160 179/179/179 161/161/161
f 161/161/161 179/179/179 180/180/180
f 161/161/161 180/180/180 162/162/162
f 162/162/162 180/180/180 181/181/181
f 162/162/162 181/181/181 163/163/163
f 163/163/163 181/181/181 182/182/182
f 163/163/163 182/182/182 164/164/164
f 164/164/164 182/182/182 183/183/183
f 164/164/164 183/183/183 165/165/165
f 165/165/165 183/183/183 184/184/184
f 165/165/165 184/184/184 166/166/166
f 166/166/166 184/184/184 185/185/185
f 166/166/166 185/185/185 167/167/167
f 167/167/167 185/185/185 186/186/186
f 167/167/167 186/186/186 168/168/168
f 168/168/168 186/186/186 187/187/187
f 168/168/168 187/187/187 169/169/169
f 169/169/169 187/187/187 188/188/188
f 169/169/169 188/188/188 170/170/170
f 170/170/170 188/188/188 189/189/189
f 170/170/170 189/189/189 171/171/171
f 171/171/171 189/189/189 190/190/190
f 172/172/172 191/191/191 173/173/173
f 173/173/173 191/191/191 192/192/192
f 173/173/173 192/192/192 174/174/174
f 174/174/174 192/192/192 193/193/193
f 174/174/174 193/193/193 175/175/175
f 175/175/175 193/193/193 194/194/194
f 175/175/175 194/194/194 176/176/176
f 176/176/176 194/194/194 195/195/195
f 176/176/176 195/195/195 177/177/177
f 177/177/177 195/195/195 196/196/196
f 177/177/177 196/196/196 178/178/178
f 178/178/178 196/196/196 197/197/197
f 178/178/178 197/197/197 179/179/179
f 179/179/179 197/197/197 198/198/198
f 179/179/179 198/198/198 180/180/180
f 180/180/180 198/198/198 199/199/199
f 180/180/180 199/199/199 181/181/181
f 181/181/181 199/199/199 200/200/200
f 181/181/181 200/200/200 182/182/182
f 182/182/182 200/200/200 201/201/201
f 182/182/182 201/201/201 183/183/183
f 183/183/183 201/201/201 202/202/202
f 183/183/183 202/202/202 184/184/184
f 184/184/184 202/202/202 203/203/203
f 184/184/184 203/203/203 185/185/185
f 185/185/185 203/203/203 204/204/204
f 185/185/185 204/204/204 186/186/186
f 186/186/186 204/204/204 205/205/205
f 186/186/186 205/205/205 187/187/187
f 187/187/187 205/205/205 206/206/206
f 187/187/187 206/206/206 188/188/188
f 188/188/188 206/206/206 207/207/207
f 188/188/188 207/207/207 189/189/189
f 189/189/189 207/207/207 208/208/208
f 189/189/189 208/208/208 190/190/190
f 190/190/190 208/208/208 209/209/209
f 191/191/191 210/210/210 192/192/192
f 192/192/192 210/210/210 211/211/211
f 192/192/192 211/211/211 193/193/193
f 193/193/193 211/211/211 212/212/212
f 193/193/193 212/212/212 194/194/194
f 194/194/194 212/212/212 213/213/213
f 194/194/194 213/213/213 195/195/195
f 195/195/195 213/213/213 214/214/214
f 195/195/195 214/214/214 196/196/196
f 196/196/196 214/214/214 215/215/215
f 196/196/196 215/215/215 197/197/197
f 197/197/197 215/215/215 216/216/216
f 197/197/197 216/216/216 198/198/198
f 198/198/198 216/216/216 217/217/217
f 198/198/198 217/217/217 199/199/199
f 199/199/199 217/217/217 218/218/218
f 199/199/199 218/218/218 200/200/200
f 200/200/200 218/218/218 219/219/219
f 200/200/200 219/219/219 201/201/201
f 201/201/201 219/219/219 220/220/220
f 201/201/201 220/220/220 202/202/202
f 202/202/202 220/220/220 221/221/221
f 202/202/202 221/221/221 203/203/203
f 203/203/203 221/221/221 222/222/222
f 203/203/203 222/222/222 204/204/204
f 204/204/204 222/222/222 223/223/223
f 204/204/204 223/223/223 205/205/205
f 205/205/205 223/223/223 224/224/224
f 205/205/205 224/224/224 206/206/206
f 206/206/206 224/224/224 225/225/225
f 206/206/206 225/225/225 207/207/207
f 207/207/207 225/225/225 226/226/226
f 207/207/207 226/226/226 208/208/208
f 208/208/208 226/226/226 227/227/227
f 208/208/208 227/227/227 209/209/209
f 209/209/209 227/227/227 228/228/228
f 210/210/210 229/229/229 211/211/211
f 211/211/211 229/229/229 230/230/230
f 211/211/211 230/230/230 212/212/212
f 212/212/212 230/230/230 231/231/231
f 212/212/212 231/231/231 213/213/213
f 213/213/213 231/231/231 232/232/232
f 213/213/213 232/232/232 214/214/214
f 214/214/214 232/232/232 233/233/233
f 214/214/214 233/233/233 215/215/215
f 215/215/215 233/233/233 234/234/234
f 215/215/215 234/234/234 216/216/216
f 216/216/216 234/234/234 235/235/235
f 216/216/216 235/235/235 217/217/217
f 217/217/217 235/235/235 236/236/236
f 217/217/217 236/236/236 218/218/218
f 218/218/218 236/236/236 237/237/237
f 218/218/218 237/237/237 219/219/219
f 219/219/219 237/237/237 238/238/238
f 219/219/219 238/238/238 220/220/220
f 220/220/220 238/238/238 239/239/239
f 220/220/220 239/239/239 221/221/221
f 221/221/221 239/239/239 240/240/240
f 221/221/221 240/240/240 222/222/222
f 222/222/222 240/240/240 241/241/241
f 222/222/222 241/241/241 223/223/223
f 223/223/223 241/241/241 242/242/242
f 223/223/223 242/242/242 224/224/224
f 224/224/224 242/242/242 243/243/243
f 224/224/224 243/243/243 225/225/225
f 225/225/225 243/243/243 244/244/244
f 225/225/225 244/244/244 226/226/226
f 226/226/226 244/244/244 245/245/245
f 226/226/226 245/245/245 227/227/227
f 227/227/227 245/245/245 246/246/246
f 227/227/227 246/246/246 228/228/228
f 228/228/228 246/246/246 247/247/247
f 229/229/229 248/248/248 230/230/230
f 230/230/230 248/248/248 249/249/249
f 230/230/230 249/249/249 231/231/231
f 231/231/231 249/249/249 250/250/250
f 231/231/231 250/250/250 232/232/232
f 232/232/232 250/250/250 251/251/251
f 232/232/232 251/251/251 233/233/233
f 233/233/233 251/251/251 252/252/252
f 233/233/233 252/252/252 234/234/234
f 234/234/234 252/252/252 253/253/253
f 234/234/234 253/253/253 235/235/235
f 235/235/235 253/253/253 254/254/254
f 235/235/235 254/254/254 236/236/236
f 236/236/236 254/254/254 255/255/255
f 236/236/236 255/255/255 237/237/237
f 237/237/237 255/255/255 256/256/256
f 237/237/237 256/256/256 238/238/238
f 238/238/238 256/256/256 257/257/257
f 238/238/238 257/257/257 239/239/239
f 239/239/239 257/257/257 258/258/258
f 239/239/239 258/258/258 240/240/240
f 240/240/240 258/258/258 259/259/259
f 240/240/240 259/259/259 241/241/241
f 241/241/241 259/259/259 260/260/260
f 241/241/241 260/260/260 242/242/242
f 242/242/242 260/260/260 261/261/261
f 242/242/242 261/261/261 243/243/243
f 243/243/243 261/261/261 262/262/262
f 243/243/243 262/262/262 244/244/244
f 244/244/244 262/262/262 263/263/263
f 244/244/244 263/263/263 245/245/245
f 245/245/245 263/263/263 264/264/264
f 245/245/245 264/264/264 246/246/246
f 246/246/246 264/264/264 265/265/265
f 246/246/246 265/265/265 247/247/247
f 247/247/247 265/265/265 266/266/266
f 248/248/248 267/267/267 249/249/249
f 249/249/249 267/267/267 268/268/268
f 249/249/249 268/268/268 250/250/250
f 250/250/250 268/268/268 269/269/269
f 250/250/250 269/269/269 251/251/251
f 251/251/251 269/269/269 270/270/270
f 251/251/251 270/270/270 252/252/252
f 252/252/252 270/270/270 271/271/271
f 252/252/252 271/271/271 253/253/253
f 253/253/253 271/271/271 272/272/272
f 253/253/253 272/272/272 254/254/254
f 254/254/254 272/272/272 273/273/273
f 254/254/254 273/273/273 255/255/255
f 255/255/255 273/273/273 274/274/274
f 255/255/255 274/274/274 256/256/256
f 256/256/256 274/274/274 275/275/275
f 256/256/256 275/275/275 257/257/257
f 257/257/257 275/275/275 276/276/276
f 257/257/257 276/276/276 258/258/258
f 258/258/258 276/276/276 277/277/277
f 258/258/258 277/277/277 259/259/259
f 259/259/259 277/277/277 278/278/278
f 259/259/259 278/278/278 260/260/260
f 260/260/260 278/278/278 279/279/279
f 260/260/260 279/279/279 261/261/261
f 261/261/261 279/279/279 280/280/280
f 261/261/261 280/280/280 262/262/262
f 262/262/262 280/280/280 281/281/281
f 262/262/262 281/281/281 263/263/263
f 263/263/263 281/281/281 282/282/282
f 263/263/263 282/282/282 264/264/264
f 264/264/264 282/282/282 283/283/283
f 264/264/264 283/283/283 265/265/265
f 265/265/265 283/283/283 284/284/284
f 265/265/265 284/284/284 266/266/266
f 266/266/266 284/284/284 285/285/285
f 267/267/267 286/286/286 268/268/268
f 268/268/268 286/286/286 287/287/287
f 268/268/268 287/287/287 269/269/269
f 269/269/269 287/287/287 288/288/288
f 269/269/269 288/288/288 270/270/270
f 270/270/270 288/288/288 289/289/289
f 270/270/270 289/289/289 271/271/271
f 271/271/271 289/289/289 290/290/290
f 271/271/271 290/290/290 272/272/272
f 272/272/272 290/290/290 291/291/291
f 272/272/272 291/291/291 273/273/273
f 273/273/273 291/291/291 292/292/292
f 273/273/273 292/292/292 274/274/274
f 274/274/274 292/292/292 293/293/293
f 274/274/274 293/293/293 275/275/275
f 275/275/275 293/293/293 294/294/294
f 275/275/275 294/294/294 276/276/276
f 276/276/276 294/294/294 295/295/295
f 276/276/276 295/295/295 277/277/277
f 277/277/277 295/295/295 296/296/296
f 277/277/277 296/296/296 278/278/278
f 278/278/278 296/296/296 297/297/297
f 278/278/278 297/297/297 279/279/279
f 279/279/279 297/297/297 298/298/298
f 279/279/279 298/298/298 280/280/280
f 280/280/280 298/298/298 299/299/299
f 280/280/280 299/299/299 281/281/281
f 281/281/281 299/299/299 300/300/300
f 281/281/281 300/300/300 282/282/282
f 282/282/282 300/300/300 301/301/301
f 282/282/282 301/301/301 283/283/283
f 283/283/283 301/301/301 302/302/302
f 283/283/283 302/302/302 284/284/284
f 284/284/284 302/302/302 303/303/303
f 284/284/284 303/303/303 285/285/285
f 285/285/285 303/303/303 304/304/304
f 286/286/286 305/305/305 287/287/287
f 287/287/287 305/305/305 306/306/306
f 287/287/287 306/306/306 288/288/288
f 288/288/288 306/306/306 307/307/307
f 288/288/288 307/307/307 289/289/289
f 289/289/289 307/307/307 308/308/308
f 289/289/289 308/308/308 290/290/290
f 290/290/290 308/308/308 309/309/309
f 290/290/290 309/309/309 291/291/291
f 291/291/291 309/309/309 310/310/310
f 291/291/291 310/310/310 292/292/292
f 292/292/292 310/310/310 311/311/311
f 292/292/292 311/311/311 293/293/293
f 293/293/293 311/311/311 312/312/312
f 293/293/293 312/312/312 294/294/294
f 294/294/294 312/312/312 313/313/313
f 294/294/294 313/313/313 295/295/295
f 295/295/295 313/313/313 314/314/314
f 295/295/295 314/314/314 296/296/296
f 296/296/296 314/314/314 315/315/315
f 296/296/296 315/315/315 297/297/297
f 297/297/297 315/315/315 316/316/316
f 297/297/297 316/316/316 298/298/298
f 298/298/298 316/316/316 317/317/317
f 298/298/298 317/317/317 299/299/299
f 299/299/299 317/317/317 318/318/318
f 299/299/299 318/318/318 300/300/300
f 300/300/300 318/318/318 319/319/319
f 300/300/300 319/319/319 301/301/301
f 301/301/301 319/319/319 320/320/320
f 301/301/301 320/320/320 302/302/302
f 302/302/302 320/320/320 321/321/321
f 302/302/302 321/321/321 303/303/303
f 303/303/303 321/321/321 322/322/322
f 303/303/303 322/322/322 304/304/304
f 304/304/304 322/322/322 323/323/323
f 305/305/305 324/324/324 306/306/306
f 306/306/306 324/324/324 325/325/325
f 306/306/306 325/325/325 307/307/307
f 307/307/307 325/325/325 326/326/326
f 307/307/307 326/326/326 308/308/308
f 308/308/308 326/326/326 327/327/327
f 308/308/308 327/327/327 309/309/309
f 309/309/309 327/327/327 328/328/328
f 309/309/309 328/328/328 310/310/310
f 310/310/310 328/328/328 329/329/329
f 310/310/310 329/329/329 311/311/311
f 311/311/311 329/329/329 330/330/330
f 311/311/311 330/330/330 312/312/312
f 312/312/312 330/330/330 331/331/331
f 312/312/312 331/331/331 313/313/313
f 313/313/313 331/331/331 332/332/332
f 313/313/313 332/332/332 314/314/314
f 314/314/314 332/332/332 333/333/333
f 314/314/314 333/333/333 315/315/315
f 315/315/315 333/333/333 334/334/334
f 315/315/315 334/334/334 316/316/316
f 316/316/316 334/334/334 335/335/335
f 316/316/316 335/335/335 317/317/317
f 317/317/317 335/335/335 336/336/336
f 317/317/317 336/336/336 318/318/318
f 318/318/318 336/336/336 337/337/337
f 318/318/318 337/337/337 319/319/319
f 319/319/319 337/337/337 338/338/338
f 319/319/319 338/338/338 320/320/320
f 320/320/320 338/338/338 339/339/339
f 320/320/320 339/339/339 321/321/321
f 321/321/321 339/339/339 340/340/340
f 321/321/321 340/340/340 322/322/322
f 322/322/322 340/340/340 341/341/341
f 322/322/322 341/341/341 323/323/323
f 323/323/323 341/341/341 342/342/342
f 324/324/324 343/343/343 325/325/325
f 325/325/325 343/343/343 344/344/344
f 325/325/325 344/344/344 326/326/326
f 326/326/326 344/344/344 345/345/345
f 326/326/326 345/345/345 327/327/327
f 327/327/327 345/345/345 346/346/346
f 327/327/327 346/346/346 328/328/328
f 328/328/328 346/346/346 347/347/347
f 328/328/328 347/347/347 329/329/329
f 329/329/329 347/347/347 348/348/348
f 329/329/329 348/348/348 330/330/330
f 330/330/330 348/348/348 349/349/349
f 330/330/330 349/349/349 331/331/331
f 331/331/331 349/349/349 350/350/350
f 331/331/331 350/350/350 332/332/332
f 332/332/332 350/350/350 351/351/351
f 332/332/332 351/351/351 333/333/333
f 333/333/333 351/351/351 352/352/352
f 333/333/333 352/352/352 334/334/334
f 334/334/334 352/352/352 353/353/353
f 334/334/334 353/353/353 335/335/335
f 335/335/335 353/353/353 354/354/354
f 335/335/335 354/354/354 336/336/336
f 336/336/336 354/354/354 355/355/355
f 336/336/336 355/355/355 337/337/337
f 337/337/337 355/355/355 356/356/356
f 337/337/337 356/356/356 338/338/338
f 338/338/338 356/356/356 357/357/357
f 338/338/338 357/357/357 339/339/339
f 339/339/339 357/357/357 358/358/358
f 339/339/339 358/358/358 340/340/340
f 340/340/340 358/358/358 359/359/359
f 340/340/340 359/359/359 341/341/341
f 341/341/341 359/359/359 360/360/360
f 341/341/341 360/360/360 342/342/342
f 342/342/342 360/360/360 361/361/361
f 343/343/343 362/362/362 344/344/344
f 344/344/344 362/362/362 363/363/363
f 344/344/344 363/363/363 345/345/345
f 345/345/345 363/363/363 364/364/364
f 345/345/345 364/364/364 346/346/346
f 346/346/346 364/364/364 365/365/365
f 346/346/346 365/365/365 347/347/347
f 347/347/347 365/365/365 366/366/366
f 347/347/347 366/366/366 348/348/348
f 348/348/348 366/366/366 367/367/367
f 348/348/348 367/367/367 349/349/349
f 349/349/349 367/367/367 368/368/368
f 349/349/349 368/368/368 350/350/350
f 350/350/350 368/368/368 369/369/369
f 350/350/350 369/369/369 351/351/351
f 351/351/351 369/369/369 370/370/370
f 351/351/351 370/370/370 352/352/352
f 352/352/352 370/370/370 371/371/371
f 352/352/352 371/371/371 353/353/353
f 353/353/353 371/371/371 372/372/372
f 353/353/353 372/372/372 354/354/354
f 354/354/354 372/372/372 373/373/373
f 354/354/354 373/373/373 355/355/355
f 355/355/355 373/373/373 374/374/374
f 355/355/355 374/374/374 356/356/356
f 356/356/356 374/374/374 375/375/375
f 356/356/356 375/375/375 357/357/357
f 357/357/357 375/375/375 376/376/376
f 357/357/357 376/376/376 358/358/358
f 358/358/358 376/376/376 377/377/377
f 358/358/358 377/377/377 359/359/359
f 359/359/359 377/377/377 378/378/378
f 359/359/359 378/378/378 360/360/360
f 360/360/360 378/378/378 379/379/379
f 360/360/360 379/379/379 361/361/361
f 361/361/361 379/379/379 380/380/380
f 362/362/362 381/381/381 363/363/363
f 363/363/363 381/381/381 382/382/382
f 363/363/363 382/382/382 364/364/364
f 364/364/364 382/382/382 383/383/383
f 364/364/364 383/383/383 365/365/365
f 365/365/365 383/383/383 384/384/384
f 365/365/365 384/384/384 366/366/366
f 366/366/366 384/384/384 385/385/385
f 366/366/366 385/385/385 367/367/367
f 367/367/367 385/385/385 386/386/386
f 367/367/367 386/386/386 368/368/368
f 368/368/368 386/386/386 387/387/387
f 368/368/368 387/387/387 369/369/369
f 369/369/369 387/387/387 388/388/388
f 369/369/369 388/388/388 370/370/370
f 370/370/370 388/388/388 389/389/389
f 370/370/370 389/389/389 371/371/371
f 371/371/371 389/389/389 390/390/390
f 371/371/371 390/390/390 372/372/372
f 372/372/372 390/390/390 391/391/391
f 372/372/372 391/391/391 373/373/373
f 373/373/373 391/391/391 392/392/392
f 373/373/373 392/392/392 374/374/374
f 374/374/374 392/392/392 393/393/393
f 374/374/374 393/393/393 375/375/375
f 375/375/375 393/393/393 394/394/394
f 375/375/375 394/394/394 376/376/376
f 376/376/376 394/394/394 395/395/395
f 376/376/376 395/395/395 377/377/377
f 377/377/377 395/395/395 396/396/396
f 377/377/377 396/396/396 378/378/378
f 378/378/378 396/396/396 397/397/397
f 378/378/378 397/397/397 379/379/379
f 379/379/379 397/397/397 398/398/398
f 379/379/379 398/398/398 380/380/380
f 380/380/380 398/398/398 399/399/399
f 381/381/381 400/400/400 382/382/382
f 382/382/382 400/400/400 401/401/401
f 382/382/382 401/401/401 383/383/383
f 383/383/383 401/401/401 402/402/402
f 383/383/383 402/402/402 384/384/384
f 384/384/384 402/402/402 403/403/403
f 384/384/384 403/403/403 385/385/385
f 385/385/385 403/403/403 404/404/404
f 385/385/385 404/404/404 386/386/386
f 386/386/386 404/404/404 405/405/405
f 386/386/386 405/405/405 387/387/387
f 387/387/387 405/405/405 406/406/406
f 387/387/387 406/406/406 388/388/388
f 388/388/388 406/406/406 407/407/407
f 388/388/388 407/407/407 389/389/389
f 389/389/389 407/407/407 408/408/408
f 389/389/389 408/408/408 390/390/390
f 390/390/390 408/408/408 409/409/409
f 390/390/390 409/409/409 391/391/391
f 391/391/391 409/409/409 410/410/410
f 391/391/391 410/410/410 392/392/392
f 392/392/392 410/410/410 411/411/411
f 392/392/392 411/411/411 393/393/393
f 393/393/393 411/411/411 412/412/412
f 393/393/393 412/412/412 394/394/394
f 394/394/394 412/412/412 413/413/413
f 394/394/394 413/413/413 395/395/395
f 395/395/395 413/413/413 414/414/414
f 395/395/395 414/414/414 396/396/396
f 396/396/396 414/414/414 415/415/415
f 396/396/396 415/415/415 397/397/397
f 397/397/397 415/415/415 416/416/416
f 397/397/397 416/416/416 398/398/398
f 398/398/398 416/416/416 417/417/417
f 398/398/398 417/417/417 399/399/399
f 399/399/399 417/417/417 418/418/418
f 400/400/400 419/419/419 401/401/401
f 401/401/401 419/419/419 420/420/420
f 401/401/401 420/420/420 402/402/402
f 402/402/402 420/420/420 421/421/421
f 402/402/402 421/421/421 403/403/403
f 403/403/403 421/421/421 422/422/422
f 403/403/403 422/422/422 404/404/404
f 404/404/404 422/422/422 423/423/423
f 404/404/404 423/423/423 405/405/405
f 405/405/405 423/423/423 424/424/424
f 405/405/405 424/424/424 406/406/406
f 406/406/406 424/424/424 425/425/425
f 406/406/406 425/425/425 407/407/407
f 407/407/407 425/425/425 426/426/426
f 407/407/407 426/426/426 408/408/408
f 408/408/408 426/426/426 427/427/427
f 408/408/408 427/427/427 409/409/409
f 409/409/409 427/427/427 428/428/428
f 409/409/409 428/428/428 410/410/410
f 410/410/410 428/428/428 429/429/429
f 410/410/410 429/429/429 411/411/411
f 411/411/411 429/429/429 430/430/430
f 411/411/411 430/430/430 412/412/412
f 412/412/412 430/430/430 431/431/431
f 412/412/412 431/431/431 413/413/413
f 413/413/413 431/431/431 432/432/432
f 413/413/413 432/432/432 414/414/414
f 414/414/414 432/432/432 433/433/433
f 414/414/414 433/433/433 415/415/415
f 415/415/415 433/433/433 434/434/434
f 415/415/415 434/434/434 416/416/416
f 416/416/416 434/434/434 435/435/435
f 416/416/416 435/435/435 417/417/417
f 417/417/417 435/435/435 436/436/436
f 417/417/417 436/436/436 418/418/418
f 418/418/418 436/436/436 437/437/437
f 419/419/419 438/438/438 420/420/420
f 420/420/420 438/438/438 439/439/439
f 420/420/420 439/439/439 421/421/421
f 421/421/421 439/439/439 440/440/440
f 421/421/421 440/440/440 422/422/422
f 422/422/422 440/440/440 441/441/441
f 422/422/422 441/441/441 423/423/423
f 423/423/423 441/441/441 442/442/442
f 423/423/423 442/442/442 424/424/424
f 424/424/424 442/442/442 443/443/443
f 424/424/424 443/443/443 425/425/425
f 425/425/425 443/443/443 444/444/444
f 425/425/425 444/444/444 426/426/426
f 426/426/426 444/444/444 445/445/445
f 426/426/426 445/445/445 427/427/427
f 427/427/427 445/445/445 446/446/446
f 427/427/427 446/446/446 428/428/428
f 428/428/428 446/446/446 447/447/447
f 428/428/428 447/447/447 429/429/429
f 429/429/429 447/447/447 448/448/448
f 429/429/429 448/448/448 430/430/430
f 430/430/430 448/448/448 449/449/449
f 430/430/430 449/449/449 431/431/431
f 431/431/431 449/449/449 450/450/450
f 431/431/431 450/450/450 432/432/432
f 432/432/432 450/450/450 451/451/451
f 432/432/432 451/451/451 433/433/433
f 433/433/433 451/451/451 452/452/452
f 433/433/433 452/452/452 434/434/434
f 434/434/434 452/452/452 453/453/453
f 434/434/434 453/453/453 435/435/435
f 435/435/435 453/453/453 454/454/454
f 435/435/435 454/454/454 436/436/436
f 436/436/436 454/454/454 455/455/455
f 436/436/436 455/455/455 437/437/437
f 437/437/437 455/455/455 456/456/456
f 438/438/438 457/457/457 439/439/439
f 439/439/439 457/457/457 458/458/458
f 439/439/439 458/458/458 440/440/440
f 440/440/440 458/458/458 459/459/459
f 440/440/440 459/459/459 441/441/441
f 441/441/441 459/459/459 460/460/460
f 441/441/441 460/460/460 442/442/442
f 442/442/442 460/460/460 461/461/461
f 442/442/442 461/461/461 443/443/443
f 443/443/443 461/461/461 462/462/462
f 443/443/443 462/462/462 444/444/444
f 444/444/444 462/462/462 463/463/463
f 444/444/444 463/463/463 445/445/445
f 445/445/445 463/463/463 464/464/464
f 445/445/445 464/464/464 446/446/446
f 446/446/446 464/464/464 465/465/465
f 446/446/446 465/465/465 447/447/447
f 447/447/447 465/465/465 466/466/466
f 447/447/447 466/466/466 448/448/448
f 448/448/448 466/466/466 467/467/467
f 448/448/448 467/467/467 449/449/449
f 449/449/449 467/467/467 468/468/468
f 449/449/449 468/468/468 450/450/450
f 450/450/450 468/468/468 469/469/469
f 450/450/450 469/469/469 451/451/451
f 451/451/451 469/469/469 470/470/470
f 451/451/451 470/470/470 452/452/452
f 452/452/452 470/470/470 471/471/471
f 452/452/452 471/471/471 453/453/453
f 453/453/453 471/471/471 472/472/472
f 453/453/453 472/472/472 454/454/454
f 454/454/454 472/472/472 473/473/473
f 454/454/454 473/473/473 455/455/455
f 455/455/455 473/473/473 474/474/474
f 455/455/455 474/474/474 456/456/456
f 456/456/456 474/474/474 475/475/475
f 457/457/457 476/476/476 458/458/458
f 458/458/458 476/476/476 477/477/477
f 458/458/458 477/477/477 459/459/459
f 459/459/459 477/477/477 478/478/478
f 459/459/459 478/478/478 460/460/460
f 460/460/460 478/478/478 479/479/479
f 460/460/460 479/479/479 461/461/461
f 461/461/461 479/479/479 480/480/480
f 461/461/461 480/480/480 462/462/462
f 462/462/462 480/480/480 481/481/481
f 462/462/462 481/481/481 463/463/463
f 463/463/463 481/481/481 482/482/482
f 463/463/463 482/482/482 464/464/464
f 464/464/464 482/482/482 483/483/483
f 464/464/464 483/483/483 465/465/465
f 465/465/465 483/483/483 484/484/484
f 465/465/465 484/484/484 466/466/466
f 466/466/466 484/484/484 485/485/485
f 466/466/466 485/485/485 467/467/467
f 467/467/467 485/485/485 486/486/486
f 467/467/467 486/486/486 468/468/468
f 468/468/468 486/486/486 487/487/487
f 468/468/468 487/487/487 469/469/469
f 469/469/469 487/487/487 488/488/488
f 469/469/469 488/488/488 470/470/470
f 470/470/470 488/488/488 489/489/489
f 470/470/470 489/489/489 471/471/471
f 471/471/471 489/489/489 490/490/490
f 471/471/471 490/490/490 472/472/472
f 472/472/472 490/490/490 491/491/491
f 472/472/472 491/491/491 473/473/473
f 473/473/473 491/491/491 492/492/492
f 473/473/473 492/492/492 474/474/474
f 474/474/474 492/492/492 493/493/493
f 474/474/474 493/493/493 475/475/475
f 475/475/475 493/493/493 494/494/494
f 476/476/476 495/495/495 477/477/477
f 477/477/477 495/495/495 496/496/496
f 477/477/477 496/496/496 478/478/478
f 478/478/478 496/496/496 497/497/497
f 478/478/478 497/497/497 479/479/479
f 479/479/479 497/497/497 498/498/498
f 479/479/479 498/498/498 480/480/480
f 480/480/480 498/498/498 499/499/499
f 480/480/480 499/499/499 481/481/481
f 481/481/481 499/499/499 500/500/500
f 481/481/481 500/500/500 482/482/482
f 482/482/482 500/500/500 501/501/501
f 482/482/482 501/501/501 483/483/483
f 483/483/483 501/501/501 502/502/502
f 483/483/483 502/502/502 484/484/484
f 484/484/484 502/502/502 503/503/503
f 484/484/484 503/503/503 485/485/485
f 485/485/485 503/503/503 504/504/504
f 485/485/485 504/504/504 486/486/486
f 486/486/486 504/504/504 505/505/505
f 486/486/486 505/505/505 487/487/487
f 487/487/487 505/505/505 506/506/506
f 487/487/487 506/506/506 488/488/488
f 488/488/488 506/506/506 507/507/507
f 488/488/488 507/507/507 489/489/489
f 489/489/489 507/507/507 508/508/508
f 489/489/489 508/508/508 490/490/490
f 490/490/490 508/508/508 509/509/509
f 490/490/490 509/509/509 491/491/491
f 491/491/491 509/509/509 510/510/510
f 491/491/491 510/510/510 492/492/492
f 492/492/492 510/510/510 511/511/511
f 492/492/492 511/511/511 493/493/493
f 493/493/493 511/511/511 512/512/512
f 493/493/493 512/512/512 494/494/494
f 494/494/494 512/512/512 513/513/513
f 495/495/495 514/514/514 496/496/496
f 496/496/496 514/514/514 515/515/515
f 496/496/496 515/515/515 497/497/497
f 497/497/497 515/515/515 516/516/516
f 497/497/497 516/516/516 498/498/498
f 498/498/498 516/516/516 517/517/517
f 498/498/498 517/517/517 499/499/499
f 499/499/499 517/517/517 518/518/518
f 499/499/499 518/518/518 500/500/500
f 500/500/500 518/518/518 519/519/519
f 500/500/500 519/519/519 501/501/501
f 501/501/501 519/519/519 520/520/520
f 501/501/501 520/520/520 502/502/502
f 502/502/502 520/520/520 521/521/521
f 502/502/502 521/521/521 503/503/503
f 503/503/503 521/521/521 522/522/522
f 503/503/503 522/522/522 504/504/504
f 504/504/504 522/522/522 523/523/523
f 504/504/504 523/523/523 505/505/505
f 505/505/505 523/523/523 524/524/524
f 505/505/505 524/524/524 506/506/506
f 506/506/506 524/524/524 525/525/525
f 506/506/506 525/525/525 507/507/507
f 507/507/507 525/525/525 526/526/526
f 507/507/507 526/526/526 508/508/508
f 508/508/508 526/526/526 527/527/527
f 508/508/508 527/527/527 509/509/509
f 509/509/509 527/527/527 528/528/528
f 509/509/509 528/528/528 510/510/510
f 510/510/510 528/528/528 529/529/529
f 510/510/510 529/529/529 511/511/511
f 511/511/511 529/529/529 530/530/530
f 511/511/511 530/530/530 512/512/512
f 512/512/512 530/530/530 531/531/531
f 512/512/512 531/531/531 513/513/513
f 513/513/513 531/531/531 532/532/532
f 514/514/514 533/533/533 515/515/515
f 515/515/515 533/533/533 534/534/534
f 515/515/515 534/534/534 516/516/516
f 516/516/516 534/534/534 535/535/535
f 516/516/516 535/535/535 517/517/517
f 517/517/517 535/535/535 536/536/536
f 517/517/517 536/536/536 518/518/518
f 518/518/518 536/536/536 537/537/537
f 518/518/518 537/537/537 519/519/519
f 519/519/519 537/537/537 538/538/538
f 519/519/519 538/538/538 520/520/520
f 520/520/520 538/538/538 539/539/539
f 520/520/520 539/539/539 521/521/521
f 521/521/521 539/539/539 540/540/540
f 521/521/521 540/540/540 522/522/522
f 522/522/522 540/540/540 541/541/541
f 522/522/522 541/541/541 523/523/523
f 523/523/523 541/541/541 542/542/542
f 523/523/523 542/542/542 524/524/524
f 524/524/524 542/542/542 543/543/543
f 524/524/524 543/543/543 525/525/525
f 525/525/525 543/543/543 544/544/544
f 525/525/525 544/544/544 526/526/526
f 526/526/526 544/544/544 545/545/545
f 526/526/526 545/545/545 527/527/527
f 527/527/527 545/545/545 546/546/546
f 527/527/527 546/546/546 528/528/528
f 528/528/528 546/546/546 547/547/547
f 528/528/528 547/547/547 529/529/529
f 529/529/529 547/547/547 548/548/548
f 529/529/529 548/548/548 530/530/530
f 530/530/530 548/548/548 549/549/549
f 530/530/530 549/549/549 531/531/531
f 531/531/531 549/549/549 550/550/550
f 531/531/531 550/550/550 532/532/532
f 532/532/532 550/550/550 551/551/551
f 533/533/533 552/552/552 534/534/534
f 534/534/534 552/552/552 553/553/553
f 534/534/534 553/553/553 535/535/535
f 535/535/535 553/553/553 554/554/554
f 535/535/535 554/554/554 536/536/536
f 536/536/536 554/554/554 555/555/555
f 536/536/536 555/555/555 537/537/537
f 537/537/537 555/555/555 556/556/556
f 537/537/537 556/556/556 538/538/538
f 538/538/538 556/556/556 557/557/557
f 538/538/538 557/557/557 539/539/539
f 539/539/539 557/557/557 558/558/558
f 539/539/539 558/558/558 540/540/540
f 540/540/540 558/558/558 559/559/559
f 540/540/540 559/559/559 541/541/541
f 541/541/541 559/559/559 560/560/560
f 541/541/541 560/560/560 542/542/542
f 542/542/542 560/560/560 561/561/561
f 542/542/542 561/561/561 543/543/543
f 543/543/543 561/561/561 562/562/562
f 543/543/543 562/562/562 544/544/544
f 544/544/544 562/562/562 563/563/563
f 544/544/544 563/563/563 545/545/545
f 545/545/545 563/563/563 564/564/564
f 545/545/545 564/564/564 546/546/546
f 546/546/546 564/564/564 565/565/565
f 546/546/546 565/565/565 547/547/547
f 547/547/547 565/565/565 566/566/566
f 547/547/547 566/566/566 548/548/548
f 548/548/548 566/566/566 567/567/567
f 548/548/548 567/567/567 549/549/549
f 549/549/549 567/567/567 568/568/568
f 549/549/549 568/568/568 550/550/550
f 550/550/550 568/568/568 569/569/569
f 550/550/550 569/569/569 551/551/551
f 551/551/551 569/569/569 570/570/570
f 552/552/552 571/571/571 553/553/553
f 553/553/553 571/571/571 572/572/572
f 553/553/553 572/572/572 554/554/554
f 554/554/554 572/572/572 573/573/573
f 554/554/554 573/573/573 555/555/555
f 555/555/555 573/573/573 574/574/574
f 555/555/555 574/574/574 556/556/556
f 556/556/556 574/574/574 575/575/575
f 556/556/556 575/575/575 557/557/557
f 557/557/557 575/575/575 576/576/576
f 557/557/557 576/576/576 558/558/558
f 558/558/558 576/576/576 577/577/577
f 558/558/558 577/577/577 559/559/559
f 559/559/559 577/577/577 578/578/578
f 559/559/559 578/578/578 560/560/560
f 560/560/560 578/578/578 579/579/579
f 560/560/560 579/579/579 561/561/561
f 561/561/561 579/579/579 580/580/580
f 561/561/561 580/580/580 562/562/562
f 562/562/562 580/580/580 581/581/581
f 562/562/562 581/581/581 563/563/563
f 563/563/563 581/581/581 582/582/582
f 563/563/563 582/582/582 564/564/564
f 564/564/564 582/582/582 583/583/583
f 564/564/564 583/583/583 565/565/565
f 565/565/565 583/583/583 584/584/584
f 565/565/565 584/584/584 566/566/566
f 566/566/566 584/584/584 585/585/585
f 566/566/566 585/585/585 567/567/567
f 567/567/567 585/585/585 586/586/586
f 567/567/567 586/586/586 568/568/568
f 568/568/568 586/586/586 587/587/587
f 568/568/568 587/587/587 569/569/569
f 569/569/569 587/587/587 588/588/588
f 569/569/569 588/588/588 570/570/570
f 570/570/570 588/588/588 589/589/589
f 571/571/571 590/590/590 572/572/572
f 572/572/572 590/590/590 591/591/591
f 572/572/572 591/591/591 573/573/573
f 573/573/573 591/591/591 592/592/592
f 573/573/573 592/592/592 574/574/574
f 574/574/574 592/592/592 593/593/593
f 574/574/574 593/593/593 575/575/575
f 575/575/575 593/593/593 594/594/594
f 575/575/575 594/594/594 576/576/576
f 576/576/576 594/594/594 595/595/595
f 576/576/576 595/595/595 577/577/577
f 577/577/577 595/595/595 596/596/596
f 577/577/577 596/596/596 578/578/578
f 578/578/578 596/596/596 597/597/597
f 578/578/578 597/597/597 579/579/579
f 579/579/579 597/597/597 598/598/598
f 579/579/579 598/598/598 580/580/580
f 580/580/580 598/598/598 599/599/599
f 580/580/580 599/599/599 581/581/581
f 581/581/581 599/599/599 600/600/600
f 581/581/581 600/600/600 582/582/582
f 582/582/582 600/600/600 601/601/601
f 582/582/582 601/601/601 583/583/583
f 583/583/583 601/601/601 602/602/602
f 583/583/583 602/602/602 584/584/584
f 584/584/584 602/602/602 603/603/603
f 584/584/584 603/603/603 585/585/585
f 585/585/585 603/603/603 604/604/604
f 585/585/585 604/604/604 586/586/586
f 586/586/586 604/604/604 605/605/605
f 586/586/586 605/605/605 587/587/587
f 587/587/587 605/605/605 606/606/606
f 587/587/587 606/606/606 588/588/588
f 588/588/588 606/606/606 607/607/607
f 588/588/588 607/607/607 589/589/589
f 589/589/589 607/607/607 608/608/608
f 590/590/590 609/609/609 591/591/591
f 591/591/591 609/609/609 610/610/610
f 591/591/591 610/610/610 592/592/592
f 592/592/592 610/610/610 611/611/611
f 592/592/592 611/611/611 593/593/593
f 593/593/593 611/611/611 612/612/612
f 593/593/593 612/612/612 594/594/594
f 594/594/594 612/612/612 613/613/613
f 594/594/594 613/613/613 595/595/595
f 595/595/595 613/613/613 614/614/614
f 595/595/595 614/614/614 596/596/596
f 596/596/596 614/614/614 615/615/615
f 596/596/596 615/615/615 597/597/597
f 597/597/597 615/615/615 616/616/616
f 597/597/597 616/616/616 598/598/598
f 598/598/598 616/616/616 617/617/617
f 598/598/598 617/617/617 599/599/599
f 599/599/599 617/617/617 618/618/618
f 599/599/599 618/618/618 600/600/600
f 600/600/600 618/618/618 619/619/619
f 600/600/600 619/619/619 601/601/601
f 601/601/601 619/619/619 620/620/620
f 601/601/601 620/620/620 602/602/602
f 602/602/602 620/620/620 621/621/621
f 602/602/602 621/621/621 603/603/603
f 603/603/603 621/621/621 622/622/622
f 603/603/603 622/622/622 604/604/604
f 604/604/604 622/622/622 623/623/623
f 604/604/604 623/623/623 605/605/605
f 605/605/605 623/623/623 624/624/624
f 605/605/605 624/624/624 606/606/606
f 606/606/606 624/624/624 625/625/625
f 606/606/606 625/625/625 607/607/607
f 607/607/607 625/625/625 626/626/626
f 607/607/607 626/626/626 608/608/608
f 608/608/608 626/626/626 627/627/627
f 609/609/609 628/628/628 610/610/610
f 610/610/610 628/628/628 629/629/629
f 610/610/610 629/629/629 611/611/611
f 611/611/611 629/629/629 630/630/630
f 611/611/611 630/630/630 612/612/612
f 612/612/612 630/630/630 631/631/631
f 612/612/612 631/631/631 613/613/613
f 613/613/613 631/631/631 632/632/632
f 613/613/613 632/632/632 614/614/614
f 614/614/614 632/632/632 633/633/633
f 614/614/614 633/633/633 615/615/615
f 615/615/615 633/633/633 634/634/634
f 615/615/615 634/634/634 616/616/616
f 616/616/616 634/634/634 635/635/635
f 616/616/616 635/635/635 617/617/617
f 617/617/617 635/635/635 636/636/636
f 617/617/617 636/636/636 618/618/618
f 618/618/618 636/636/636 637/637/637
f 618/618/618 637/637/637 619/619/619
f 619/619/619 637/637/637 638/638/638
f 619/619/619 638/638/638 620/620/620
f 620/620/620 638/638/638 639/639/639
f 620/620/620 639/639/639 621/621/621
f 621/621/621 639/639/639 640/640/640
f 621/621/621 640/640/640 622/622/622
f 622/622/622 640/640/640 641/641/641
f 622/622/622 641/641/641 623/623/623
f 623/623/623 641/641/641 642/642/642
f 623/623/623 642/642/642 624/624/624
f 624/624/624 642/642/642 643/643/643
f 624/624/624 643/643/643 625/625/625
f 625/625/625 643/643/643 644/644/644
f 625/625/625 644/644/644 626/626/626
f 626/626/626 644/644/644 645/645/645
f 626/626/626 645/645/645 627/627/627
f 627/627/627 645/645/645 646/646/646
f 628/628/628 647/647/647 629/629/629
f 629/629/629 647/647/647 648/648/648
f 629/629/629 648/648/648 630/630/630
f 630/630/630 648/648/648 649/649/649
f 630/630/630 649/649/649 631/631/631
f 631/631/631 649/649/649 650/650/650
f 631/631/631 650/650/650 632/632/632
f 632/632/632 650/650/650 651/651/651
f 632/632/632 651/651/651 633/633/633
f 633/633/633 651/651/651 652/652/652
f 633/633/633 652/652/652 634/634/634
f 634/634/634 652/652/652 653/653/653
f 634/634/634 653/653/653 635/635/635
f 635/635/635 653/653/653 654/654/654
f 635/635/635 654/654/654 636/636/636
f 636/636/636 654/654/654 655/655/655
f 636/636/636 655/655/655 637/637/637
f 637/637/637 655/655/655 656/656/656
f 637/637/637 656/656/656 638/638/638
f 638/638/638 656/656/656 657/657/657
f 638/638/638 657/657/657 639/639/639
f 639/639/639 657/657/657 658/658/658
f 639/639/639 658/658/658 640/640/640
f 640/640/640 658/658/658 659/659/659
f 640/640/640 659/659/659 641/641/641
f 641/641/641 659/659/659 660/660/660
f 641/641/641 660/660/660 642/642/642
f 642/642/642 660/660/660 661/661/661
f 642/642/642 661/661/661 643/643/643
f 643/643/643 661/661/661 662/662/662
f 643/643/643 662/662/662 644/644/644
f 644/644/644 662/662/662 663/663/663
f 644/644/644 663/663/663 645/645/645
f 645/645/645 663/663/663 664/664/664
f 645/645/645 664/664/664 646/646/646
f 646/646/646 664/664/664 665/665/665
f 647/647/647 666/666/666 648/648/648
f 648/648/648 666/666/666 667/667/667
f 648/648/648 667/667/667 649/649/649
f 649/649/649 667/667/667 668/668/668
f 649/649/649 668/668/668 650/650/650
f 650/650/650 668/668/668 669/669/669
f 650/650/650 669/669/669 651/651/651
f 651/651/651 669/669/669 670/670/670
f 651/651/651 670/670/670 652/652/652
f 652/652/652 670/670/670 671/671/671
f 652/652/652 671/671/671 653/653/653
f 653/653/653 671/671/671 672/672/672
f 653/653/653 672/672/672 654/654/654
f 654/654/654 672/672/672 673/673/673
f 654/654/654 673/673/673 655/655/655
f 655/655/655 673/673/673 674/674/674
f 655/655/655 674/674/674 656/656/656
f 656/656/656 674/674/674 675/675/675
f 656/656/656 675/675/675 657/657/657
f 657/657/657 675/675/675 676/676/676
f 657/657/657 676/676/676 658/658/658
f 658/658/658 676/676/676 677/677/677
f 658/658/658 677/677/677 659/659/659
f 659/659/659 677/677/677 678/678/678
f 659/659/659 678/678/678 660/660/660
f 660/660/660 678/678/678 679/679/679
f 660/660/660 679/679/679 661/661/661
f 661/661/661 679/679/679 680/680/680
f 661/661/661 680/680/680 662/662/662
f 662/662/662 680/680/680 681/681/681
f 662/662/662 681/681/681 663/663/663
f 663/663/663 681/681/681 682/682/682
f 663/663/663 682/682/682 664/664/664
f 664/664/664 682/682/682 683/683/683
f 664/664/664 683/683/683 665/665/665
f 665/665/665 683/683/683 684/684/684
f 666/666/666 685/685/685 667/667/667
f 667/667/667 685/685/685 686/686/686
f 667/667/667 686/686/686 668/668/668
f 668/668/668 686/686/686 687/687/687
f 668/668/668 687/687/687 669/669/669
f 669/669/669 687/687/687 688/688/688
f 669/669/669 688/688/688 670/670/670
f 670/670/670 688/688/688 689/689/689
f 670/670/670 689/689/689 671/671/671
f 671/671/671 689/689/689 690/690/690
f 671/671/671 690/690/690 672/672/672
f 672/672/672 690/690/690 691/691/691
f 672/672/672 691/691/691 673/673/673
f 673/673/673 691/691/691 692/692/692
f 673/673/673 692/692/692 674/674/674
f 674/674/674 692/692/692 693/693/693
f 674/674/674 693/693/693 675/675/675
f 675/675/675 693/693/693 694/694/694
f 675/675/675 694/694/694 676/676/676
f 676/676/676 694/694/694 695/695/695
f 676/676/676 695/695/695 677/677/677
f 677/677/677 695/695/695 696/696/696
f 677/677/677 696/696/696 678/678/678
f 678/678/678 696/696/696 697/697/697
f 678/678/678 697/697/697 679/679/679
f 679/679/679 697/697/697 698/698/698
f 679/679/679 698/698/698 680/680/680
f 680/680/680 698/698/698 699/699/699
f 680/680/680 699/699/699 681/681/681
f 681/681/681 699/699/699 700/700/700
f 681/681/681 700/700/700 682/682/682
f 682/682/682 700/700/700 701/701/701
f 682/682/682 701/701/701 683/683/683
f 683/683/683 701/701/701 702/702/702
f 683/683/683 702/702/702 684/684/684
f 684/684/684 702/702/702 703/703/703
f 685/685/685 704/704/704 686/686/686
f 686/686/686 704/704/704 705/705/705
f 686/686/686 705/705/705 687/687/687
f 687/687/687 705/705/705 706/706/706
f 687/687/687 706/706/706 688/688/688
f 688/688/688 706/706/706 707/707/707
f 688/688/688 707/707/707 689/689/689
f 689/689/689 707/707/707 708/708/708
f 689/689/689 708/708/708 690/690/690
f 690/690/690 708/708/708 709/709/709
f 690/690/690 709/709/709 691/691/691
f 691/691/691 709/709/709 710/710/710
f 691/691/691 710/710/710 692/692/692
f 692/692/692 710/710/710 711/711/711
f 692/692/692 711/711/711 693/693/693
f 693/693/693 711/711/711 712/712/712
f 693/693/693 712/712/712 694/694/694
f 694/694/694 712/712/712 713/713/713
f 694/694/694 713/713/713 695/695/695
f 695/695/695 713/713/713 714/714/714
f 695/695/695 714/714/714 696/696/696
f 696/696/696 714/714/714 715/715/715
f 696/696/696 715/715/715 697/697/697
f 697/697/697 715/715/715 716/716/716
f 697/697/697 716/716/716 698/698/698
f 698/698/698 716/716/716 717/717/717
f 698/698/698 717/717/717 699/699/699
f 699/699/699 717/717/717 718/718/718
f 699/699/699 718/718/718 700/700/700
f 700/700/700 718/718/718 719/719/719
f 700/700/700 719/719/719 701/701/701
f 701/701/701 719/719/719 720/720/720
f 701/701/701 720/720/720 702/702/702
f 702/702/702 720/720/720 721/721/721
f 702/702/702 721/721/721 703/703/703
f 703/703/703 721/721/721 722/722/722
f 704/704/704 723/723/723 705/705/705
f 705/705/705 723/723/723 724/724/724
f 705/705/705 724/724/724 706/706/706
f 706/706/706 724/724/724 725/725/725
f 706/706/706 725/725/725 707/707/707
f 707/707/707 725/725/725 726/726/726
f 707/707/707 726/726/726 708/708/708
f 708/708/708 726/726/726 727/727/727
f 708/708/708 727/727/727 709/709/709
f 709/709/709 727/727/727 728/728/728
f 709/709/709 728/728/728 710/710/710
f 710/710/710 728/728/728 729/729/729
f 710/710/710 729/729/729 711/711/711
f 711/711/711 729/729/729 730/730/730
f 711/711/711 730/730/730 712/712/712
f 712/712/712 730/730/730 731/731/731
f 712/712/712 731/731/731 713/713/713
f 713/713/713 731/731/731 732/732/732
f 713/713/713 732/732/732 714/714/714
f 714/714/714 732/732/732 733/733/733
f 714/714/714 733/733/733 715/715/715
f 715/715/715 733/733/733 734/734/734
f 715/715/715 734/734/734 716/716/716
f 716/716/716 734/734/734 735/735/735
f 716/716/716 735/735/735 717/717/717
f 717/717/717 735/735/735 736/736/736
f 717/717/717 736/736/736 718/718/718
f 718/718/718 736/736/736 737/737/737
f 718/718/718 737/737/737 719/719/719
f 719/719/719 737/737/737 738/738/738
f 719/719/719 738/738/738 720/720/720
f 720/720/720 738/738/738 739/739/739
f 720/720/720 739/739/739 721/721/721
f 721/721/721 739/739/739 740/740/740
f 721/721/721 740/740/740 722/722/722
f 722/722/722 740/740/740 741/741/741
f 723/723/723 742/742/742 724/724/724
f 724/724/724 742/742/742 743/743/743
f 724/724/724 743/743/743 725/725/725
f 725/725/725 743/743/743 744/744/744
f 725/725/725 744/744/744 726/726/726
f 726/726/726 744/744/744 745/745/745
f 726/726/726 745/745/745 727/727/727
f 727/727/727 745/745/745 746/746/746
f 727/727/727 746/746/746 728/728/728
f 728/728/728 746/746/746 747/747/747
f 728/728/728 747/747/747 729/729/729
f 729/729/729 747/747/747 748/748/748
f 729/729/729 748/748/748 730/730/730
f 730/730/730 748/748/748 749/749/749
f 730/730/730 749/749/749 731/731/731
f 731/731/731 749/749/749 750/750/750
f 731/731/731 750/750/750 732/732/732
f 732/732/732 750/750/750 751/751/751
f 732/732/732 751/751/751 733/733/733
f 733/733/733 751/751/751 752/752/752
f 733/733/733 752/752/752 734/734/734
f 734/734/734 752/752/752 753/753/753
f 734/734/734 753/753/753 735/735/735
f 735/735/735 753/753/753 754/754/754
f 735/735/735 754/754/754 736/736/736
f 736/736/736 754/754/754 755/755/755
f 736/736/736 755/755/755 737/737/737
f 737/737/737 755/755/755 756/756/756
f 737/737/737 756/756/756 738/738/738
f 738/738/738 756/756/756 757/757/757
f 738/738/738 757/757/757 739/739/739
f 739/739/739 757/757/757 758/758/758
f 739/739/739 758/758/758 740/740/740
f 740/740/740 758/758/758 759/759/759
f 740/740/740 759/759/759 741/741/741
f 741/741/741 759/759/759 760/760/760
f 742/742/742 761/761/761 743/743/743
f 743/743/743 761/761/761 762/762/762
f 743/743/743 762/762/762 744/744/744
f 744/744/744 762/762/762 763/763/763
f 744/744/744 763/763/763 745/745/745
f 745/745/745 763/763/763 764/764/764
f 745/745/745 764/764/764 746/746/746
f 746/746/746 764/764/764 765/765/765
f 746/746/746 765/765/765 747/747/747
f 747/747/747 765/765/765 766/766/766
f 747/747/747 766/766/766 748/748/748
f 748/748/748 766/766/766 767/767/767
f 748/748/748 767/767/767 749/749/749
f 749/749/749 767/767/767 768/768/768
f 749/749/749 768/768/768 750/750/750
f 750/750/750 768/768/768 769/769/769
f 750/750/750 769/769/769 751/751/751
f 751/751/751 769/769/769 770/770/770
f 751/751/751 770/770/770 752/752/752
f 752/752/752 770/770/770 771/771/771
f 752/752/752 771/771/771 753/753/753
f 753/753/753 771/771/771 772/772/772
f 753/753/753 772/772/772 754/754/754
f 754/754/754 772/772/772 773/773/773
f 754/754/754 773/773/773 755/755/755
f 755/755/755 773/773/773 774/774/774
f 755/755/755 774/774/774 756/756/756
f 756/756/756 774/774/774 775/775/775
f 756/756/756 775/775/775 757/757/757
f 757/757/757 775/775/775 776/776/776
f 757/757/757 776/776/776 758/758/758
f 758/758/758 776/776/776 777/777/777
f 758/758/758 777/777/777 759/759/759
f 759/759/759 777/777/777 778/778/778
f 759/759/759 778/778/778 760/760/760
f 760/760/760 778/778/778 779/779/779
f 761/761/761 780/780/780 762/762/762
f 762/762/762 780/780/780 781/781/781
f 762/762/762 781/781/781 763/763/763
f 763/763/763 781/781/781 782/782/782
f 763/763/763 782/782/782 764/764/764
f 764/764/764 782/782/782 783/783/783
f 764/764/764 783/783/783 765/765/765
f 765/765/765 783/783/783 784/784/784
f 765/765/765 784/784/784 766/766/766
f 766/766/766 784/784/784 785/785/785
f 766/766/766 785/785/785 767/767/767
f 767/767/767 785/785/785 786/786/786
f 767/767/767 786/786/786 768/768/768
f 768/768/768 786/786/786 787/787/787
f 768/768/768 787/787/787 769/769/769
f 769/769/769 787/787/787 788/788/788
f 769/769/769 788/788/788 770/770/770
f 770/770/770 788/788/788 789/789/789
f 770/770/770 789/789/789 771/771/771
f 771/771/771 789/789/789 790/790/790
f 771/771/771 790/790/790 772/772/772
f 772/772/772 790/790/790 791/791/791
f 772/772/772 791/791/791 773/773/773
f 773/773/773 791/791/791 792/792/792
f 773/773/773 792/792/792 774/774/774
f 774/774/774 792/792/792 793/793/793
f 774/774/774 793/793/793 775/775/775
f 775/775/775 793/793/793 794/794/794
f 775/775/775 794/794/794 776/776/776
f 776/776/776 794/794/794 795/795/795
f 776/776/776 795/795/795 777/777/777
f 777/777/777 795/795/795 796/796/796
f 777/777/777 796/796/796 778/778/778
f 778/778/778 796/796/796 797/797/797
f 778/778/778 797/797/797 779/779/779
f 779/779/779 797/797/797 798/798/798
