# THE OBSERVER - generated by tools/gen_observer.py
v 0.00100 1.27435 0.00000
v 0.00094 1.27435 0.00034
v 0.00077 1.27435 0.00064
v 0.00050 1.27435 0.00087
v 0.00017 1.27435 0.00098
v -0.00017 1.27435 0.00099
v -0.00050 1.27435 0.00087
v -0.00077 1.27435 0.00064
v -0.00094 1.27435 0.00034
v -0.00100 1.27435 0.00000
v -0.00094 1.27435 -0.00034
v -0.00077 1.27435 -0.00064
v -0.00050 1.27435 -0.00087
v -0.00019 1.27435 -0.00108
v 0.00019 1.27435 -0.00108
v 0.00050 1.27435 -0.00087
v 0.00077 1.27435 -0.00064
v 0.00094 1.27435 -0.00034
v 0.00100 1.27435 -0.00000
v 0.05709 1.26526 0.00000
v 0.05365 1.26526 0.01953
v 0.04373 1.26526 0.03670
v 0.02855 1.26526 0.04944
v 0.00991 1.26526 0.05623
v -0.00994 1.26526 0.05639
v -0.02881 1.26526 0.04991
v -0.04382 1.26526 0.03677
v -0.05365 1.26526 0.01953
v -0.05709 1.26526 0.00000
v -0.05365 1.26526 -0.01953
v -0.04373 1.26526 -0.03670
v -0.02860 1.26526 -0.04953
v -0.01083 1.26526 -0.06140
v 0.01083 1.26526 -0.06140
v 0.02860 1.26526 -0.04953
v 0.04373 1.26526 -0.03670
v 0.05365 1.26526 -0.01953
v 0.05709 1.26526 -0.00000
v 0.10549 1.23939 0.00000
v 0.09913 1.23939 0.03608
v 0.08081 1.23939 0.06781
v 0.05274 1.23939 0.09136
v 0.01832 1.23939 0.10389
v -0.01837 1.23939 0.10419
v -0.05324 1.23939 0.09222
v -0.08097 1.23939 0.06794
v -0.09913 1.23939 0.03608
v -0.10549 1.23939 0.00000
v -0.09913 1.23939 -0.03608
v -0.08081 1.23939 -0.06781
v -0.05284 1.23939 -0.09153
v -0.02001 1.23939 -0.11346
v 0.02001 1.23939 -0.11346
v 0.05284 1.23939 -0.09153
v 0.08081 1.23939 -0.06781
v 0.09913 1.23939 -0.03608
v 0.10549 1.23939 -0.00000
v 0.13783 1.20067 0.00000
v 0.12952 1.20067 0.04714
v 0.10558 1.20067 0.08859
v 0.06891 1.20067 0.11936
v 0.02393 1.20067 0.13574
v -0.02400 1.20067 0.13613
v -0.06956 1.20067 0.12049
v -0.10580 1.20067 0.08877
v -0.12952 1.20067 0.04714
v -0.13783 1.20067 0.00000
v -0.12952 1.20067 -0.04714
v -0.10558 1.20067 -0.08859
v -0.06904 1.20067 -0.11959
v -0.02614 1.20067 -0.14824
v 0.02614 1.20067 -0.14824
v 0.06904 1.20067 -0.11959
v 0.10558 1.20067 -0.08859
v 0.12952 1.20067 -0.04714
v 0.13783 1.20067 -0.00000
v 0.14918 1.15500 0.00000
v 0.14019 1.15500 0.05102
v 0.11428 1.15500 0.09589
v 0.07459 1.15500 0.12920
v 0.02591 1.15500 0.14693
v -0.02598 1.15500 0.14735
v -0.07529 1.15500 0.13041
v -0.11451 1.15500 0.09609
v -0.14019 1.15500 0.05103
v -0.14918 1.15500 0.00000
v -0.14019 1.15500 -0.05102
v -0.11428 1.15500 -0.09589
v -0.07473 1.15500 -0.12944
v -0.02829 1.15500 -0.16045
v 0.02829 1.15500 -0.16045
v 0.07473 1.15500 -0.12944
v 0.11428 1.15500 -0.09589
v 0.14019 1.15500 -0.05102
v 0.14918 1.15500 -0.00000
v 0.15723 1.08500 0.00000
v 0.14775 1.08500 0.05378
v 0.12045 1.08500 0.10107
v 0.07862 1.08500 0.13617
v 0.02731 1.08500 0.15486
v -0.02743 1.08500 0.15554
v -0.07976 1.08500 0.13814
v -0.12082 1.08500 0.10138
v -0.14776 1.08500 0.05378
v -0.15723 1.08500 0.00000
v -0.14775 1.08500 -0.05378
v -0.12045 1.08500 -0.10107
v -0.07876 1.08500 -0.13642
v -0.02982 1.08500 -0.16911
v 0.02982 1.08500 -0.16911
v 0.07876 1.08500 -0.13642
v 0.12045 1.08500 -0.10107
v 0.14775 1.08500 -0.05378
v 0.15723 1.08500 -0.00000
v 0.15638 1.01500 0.00000
v 0.14695 1.01500 0.05348
v 0.11979 1.01500 0.10052
v 0.07819 1.01500 0.13543
v 0.02716 1.01500 0.15402
v -0.02733 1.01500 0.15502
v -0.07986 1.01500 0.13832
v -0.12034 1.01500 0.10098
v -0.14696 1.01500 0.05349
v -0.15638 1.01500 0.00000
v -0.14695 1.01500 -0.05348
v -0.11979 1.01500 -0.10052
v -0.07834 1.01500 -0.13568
v -0.02966 1.01500 -0.16819
v 0.02966 1.01500 -0.16819
v 0.07834 1.01500 -0.13568
v 0.11979 1.01500 -0.10052
v 0.14695 1.01500 -0.05348
v 0.15638 1.01500 -0.00000
v 0.14546 0.94500 0.00000
v 0.13669 0.94500 0.04975
v 0.11143 0.94500 0.09350
v 0.07273 0.94500 0.12598
v 0.02526 0.94500 0.14328
v -0.02549 0.94500 0.14459
v -0.07491 0.94500 0.12975
v -0.11215 0.94500 0.09411
v -0.13670 0.94500 0.04976
v -0.14546 0.94500 0.00000
v -0.13669 0.94500 -0.04975
v -0.11143 0.94500 -0.09350
v -0.07287 0.94500 -0.12621
v -0.02759 0.94500 -0.15645
v 0.02759 0.94500 -0.15645
v 0.07287 0.94500 -0.12621
v 0.11143 0.94500 -0.09350
v 0.13669 0.94500 -0.04975
v 0.14546 0.94500 -0.00000
v 0.13201 0.87500 0.00000
v 0.12405 0.87500 0.04515
v 0.10113 0.87500 0.08486
v 0.06601 0.87500 0.11433
v 0.02293 0.87500 0.13004
v -0.02321 0.87500 0.13163
v -0.06866 0.87500 0.11892
v -0.10200 0.87500 0.08559
v -0.12407 0.87500 0.04516
v -0.13201 0.87500 0.00000
v -0.12405 0.87500 -0.04515
v -0.10113 0.87500 -0.08486
v -0.06613 0.87500 -0.11454
v -0.02504 0.87500 -0.14198
v 0.02504 0.87500 -0.14198
v 0.06613 0.87500 -0.11454
v 0.10113 0.87500 -0.08486
v 0.12405 0.87500 -0.04515
v 0.13201 0.87500 -0.00000
v 0.12246 0.80500 0.00000
v 0.11507 0.80500 0.04188
v 0.09381 0.80500 0.07871
v 0.06123 0.80500 0.10605
v 0.02127 0.80500 0.12064
v -0.02160 0.80500 0.12252
v -0.06438 0.80500 0.11152
v -0.09485 0.80500 0.07959
v -0.11509 0.80500 0.04189
v -0.12246 0.80500 0.00000
v -0.11507 0.80500 -0.04188
v -0.09381 0.80500 -0.07871
v -0.06134 0.80500 -0.10625
v -0.02322 0.80500 -0.13171
v 0.02322 0.80500 -0.13171
v 0.06134 0.80500 -0.10625
v 0.09381 0.80500 -0.07871
v 0.11507 0.80500 -0.04188
v 0.12246 0.80500 -0.00000
v 0.11710 0.73500 0.00000
v 0.11004 0.73500 0.04005
v 0.08970 0.73500 0.07527
v 0.05855 0.73500 0.10141
v 0.02034 0.73500 0.11537
v -0.02073 0.73500 0.11758
v -0.06224 0.73500 0.10781
v -0.09092 0.73500 0.07629
v -0.11006 0.73500 0.04006
v -0.11710 0.73500 0.00000
v -0.11004 0.73500 -0.04005
v -0.08970 0.73500 -0.07527
v -0.05866 0.73500 -0.10160
v -0.02221 0.73500 -0.12595
v 0.02221 0.73500 -0.12595
v 0.05866 0.73500 -0.10160
v 0.08970 0.73500 -0.07527
v 0.11004 0.73500 -0.04005
v 0.11710 0.73500 -0.00000
v 0.11367 0.66500 0.00000
v 0.10681 0.66500 0.03888
v 0.08708 0.66500 0.07306
v 0.05683 0.66500 0.09844
v 0.01975 0.66500 0.11199
v -0.02019 0.66500 0.11450
v -0.06103 0.66500 0.10570
v -0.08846 0.66500 0.07422
v -0.10684 0.66500 0.03889
v -0.11367 0.66500 0.00000
v -0.10681 0.66500 -0.03888
v -0.08708 0.66500 -0.07306
v -0.05694 0.66500 -0.09862
v -0.02156 0.66500 -0.12226
v 0.02156 0.66500 -0.12226
v 0.05694 0.66500 -0.09862
v 0.08708 0.66500 -0.07306
v 0.10681 0.66500 -0.03888
v 0.11367 0.66500 -0.00000
v 0.11068 0.59500 0.00000
v 0.10400 0.59500 0.03785
v 0.08478 0.59500 0.07114
v 0.05534 0.59500 0.09585
v 0.01923 0.59500 0.10905
v -0.01971 0.59500 0.11178
v -0.05989 0.59500 0.10374
v -0.08628 0.59500 0.07240
v -0.10403 0.59500 0.03786
v -0.11068 0.59500 0.00000
v -0.10400 0.59500 -0.03785
v -0.08478 0.59500 -0.07114
v -0.05544 0.59500 -0.09603
v -0.02099 0.59500 -0.11904
v 0.02099 0.59500 -0.11904
v 0.05544 0.59500 -0.09603
v 0.08478 0.59500 -0.07114
v 0.10400 0.59500 -0.03785
v 0.11068 0.59500 -0.00000
v 0.10767 0.52500 0.00000
v 0.10118 0.52500 0.03683
v 0.08248 0.52500 0.06921
v 0.05384 0.52500 0.09325
v 0.01871 0.52500 0.10609
v -0.01921 0.52500 0.10892
v -0.05856 0.52500 0.10143
v -0.08404 0.52500 0.07052
v -0.10120 0.52500 0.03684
v -0.10767 0.52500 0.00000
v -0.10118 0.52500 -0.03683
v -0.08248 0.52500 -0.06921
v -0.05394 0.52500 -0.09342
v -0.02042 0.52500 -0.11580
v 0.02042 0.52500 -0.11580
v 0.05394 0.52500 -0.09342
v 0.08248 0.52500 -0.06921
v 0.10118 0.52500 -0.03683
v 0.10767 0.52500 -0.00000
v 0.10461 0.45500 0.00000
v 0.09830 0.45500 0.03578
v 0.08013 0.45500 0.06724
v 0.05230 0.45500 0.09059
v 0.01817 0.45500 0.10308
v -0.01867 0.45500 0.10587
v -0.05698 0.45500 0.09869
v -0.08167 0.45500 0.06853
v -0.09832 0.45500 0.03579
v -0.10461 0.45500 0.00000
v -0.09830 0.45500 -0.03578
v -0.08013 0.45500 -0.06724
v -0.05240 0.45500 -0.09076
v -0.01984 0.45500 -0.11251
v 0.01984 0.45500 -0.11251
v 0.05240 0.45500 -0.09076
v 0.08013 0.45500 -0.06724
v 0.09830 0.45500 -0.03578
v 0.10461 0.45500 -0.00000
v 0.10154 0.38500 0.00000
v 0.09541 0.38500 0.03473
v 0.07778 0.38500 0.06527
v 0.05077 0.38500 0.08793
v 0.01764 0.38500 0.10005
v -0.01811 0.38500 0.10269
v -0.05518 0.38500 0.09558
v -0.07924 0.38500 0.06649
v -0.09544 0.38500 0.03474
v -0.10154 0.38500 0.00000
v -0.09541 0.38500 -0.03473
v -0.07778 0.38500 -0.06527
v -0.05086 0.38500 -0.08810
v -0.01926 0.38500 -0.10921
v 0.01926 0.38500 -0.10921
v 0.05086 0.38500 -0.08810
v 0.07778 0.38500 -0.06527
v 0.09541 0.38500 -0.03473
v 0.10154 0.38500 -0.00000
v 0.09854 0.31500 0.00000
v 0.09260 0.31500 0.03370
v 0.07549 0.31500 0.06334
v 0.04927 0.31500 0.08534
v 0.01712 0.31500 0.09709
v -0.01754 0.31500 0.09948
v -0.05325 0.31500 0.09224
v -0.07680 0.31500 0.06444
v -0.09262 0.31500 0.03371
v -0.09854 0.31500 0.00000
v -0.09260 0.31500 -0.03370
v -0.07549 0.31500 -0.06334
v -0.04936 0.31500 -0.08550
v -0.01869 0.31500 -0.10598
v 0.01869 0.31500 -0.10598
v 0.04936 0.31500 -0.08550
v 0.07549 0.31500 -0.06334
v 0.09260 0.31500 -0.03370
v 0.09854 0.31500 -0.00000
v 0.09570 0.24500 0.00000
v 0.08993 0.24500 0.03273
v 0.07331 0.24500 0.06152
v 0.04785 0.24500 0.08288
v 0.01663 0.24500 0.09429
v -0.01699 0.24500 0.09635
v -0.05128 0.24500 0.08883
v -0.07444 0.24500 0.06247
v -0.08995 0.24500 0.03274
v -0.09570 0.24500 0.00000
v -0.08993 0.24500 -0.03273
v -0.07331 0.24500 -0.06152
v -0.04794 0.24500 -0.08304
v -0.01815 0.24500 -0.10293
v 0.01815 0.24500 -0.10293
v 0.04794 0.24500 -0.08304
v 0.07331 0.24500 -0.06152
v 0.08993 0.24500 -0.03273
v 0.09570 0.24500 -0.00000
v 0.09310 0.17500 0.00000
v 0.08749 0.17500 0.03184
v 0.07132 0.17500 0.05984
v 0.04655 0.17500 0.08063
v 0.01617 0.17500 0.09172
v -0.01647 0.17500 0.09342
v -0.04938 0.17500 0.08553
v -0.07225 0.17500 0.06063
v -0.08750 0.17500 0.03185
v -0.09310 0.17500 0.00000
v -0.08749 0.17500 -0.03184
v -0.07132 0.17500 -0.05984
v -0.04664 0.17500 -0.08078
v -0.01766 0.17500 -0.10013
v 0.01766 0.17500 -0.10013
v 0.04664 0.17500 -0.08078
v 0.07132 0.17500 -0.05984
v 0.08749 0.17500 -0.03184
v 0.09310 0.17500 -0.00000
v 0.09080 0.10500 0.00000
v 0.08532 0.10500 0.03106
v 0.06956 0.10500 0.05837
v 0.04540 0.10500 0.07864
v 0.01577 0.10500 0.08945
v -0.01601 0.10500 0.09079
v -0.04764 0.10500 0.08251
v -0.07029 0.10500 0.05898
v -0.08534 0.10500 0.03106
v -0.09080 0.10500 0.00000
v -0.08532 0.10500 -0.03106
v -0.06956 0.10500 -0.05837
v -0.04549 0.10500 -0.07878
v -0.01722 0.10500 -0.09766
v 0.01722 0.10500 -0.09766
v 0.04549 0.10500 -0.07878
v 0.06956 0.10500 -0.05837
v 0.08532 0.10500 -0.03106
v 0.09080 0.10500 -0.00000
v 0.08884 0.03500 0.00000
v 0.08349 0.03500 0.03039
v 0.06806 0.03500 0.05711
v 0.04442 0.03500 0.07694
v 0.01543 0.03500 0.08752
v -0.01561 0.03500 0.08853
v -0.04611 0.03500 0.07987
v -0.06862 0.03500 0.05758
v -0.08350 0.03500 0.03039
v -0.08884 0.03500 0.00000
v -0.08349 0.03500 -0.03039
v -0.06806 0.03500 -0.05711
v -0.04451 0.03500 -0.07709
v -0.01685 0.03500 -0.09556
v 0.01685 0.03500 -0.09556
v 0.04451 0.03500 -0.07709
v 0.06806 0.03500 -0.05711
v 0.08349 0.03500 -0.03039
v 0.08884 0.03500 -0.00000
v 0.08724 -0.03500 0.00000
v 0.08198 -0.03500 0.02984
v 0.06683 -0.03500 0.05608
v 0.04362 -0.03500 0.07556
v 0.01515 -0.03500 0.08593
v -0.01528 -0.03500 0.08667
v -0.04485 -0.03500 0.07768
v -0.06724 -0.03500 0.05642
v -0.08199 -0.03500 0.02984
v -0.08724 -0.03500 0.00000
v -0.08198 -0.03500 -0.02984
v -0.06683 -0.03500 -0.05608
v -0.04370 -0.03500 -0.07570
v -0.01655 -0.03500 -0.09383
v 0.01655 -0.03500 -0.09383
v 0.04370 -0.03500 -0.07570
v 0.06683 -0.03500 -0.05608
v 0.08198 -0.03500 -0.02984
v 0.08724 -0.03500 -0.00000
v 0.08598 -0.10500 0.00000
v 0.08079 -0.10500 0.02941
v 0.06586 -0.10500 0.05527
v 0.04299 -0.10500 0.07446
v 0.01493 -0.10500 0.08468
v -0.01502 -0.10500 0.08519
v -0.04384 -0.10500 0.07594
v -0.06615 -0.10500 0.05550
v -0.08080 -0.10500 0.02941
v -0.08598 -0.10500 0.00000
v -0.08079 -0.10500 -0.02941
v -0.06586 -0.10500 -0.05527
v -0.04307 -0.10500 -0.07460
v -0.01631 -0.10500 -0.09247
v 0.01631 -0.10500 -0.09247
v 0.04307 -0.10500 -0.07460
v 0.06586 -0.10500 -0.05527
v 0.08079 -0.10500 -0.02941
v 0.08598 -0.10500 -0.00000
v 0.08500 -0.17500 0.00000
v 0.07988 -0.17500 0.02907
v 0.06512 -0.17500 0.05464
v 0.04250 -0.17500 0.07362
v 0.01476 -0.17500 0.08372
v -0.01482 -0.17500 0.08406
v -0.04307 -0.17500 0.07460
v -0.06530 -0.17500 0.05480
v -0.07988 -0.17500 0.02907
v -0.08500 -0.17500 0.00000
v -0.07988 -0.17500 -0.02907
v -0.06512 -0.17500 -0.05464
v -0.04258 -0.17500 -0.07375
v -0.01612 -0.17500 -0.09143
v 0.01612 -0.17500 -0.09143
v 0.04258 -0.17500 -0.07375
v 0.06512 -0.17500 -0.05464
v 0.07988 -0.17500 -0.02907
v 0.08500 -0.17500 -0.00000
v 0.08425 -0.24500 0.00000
v 0.07917 -0.24500 0.02882
v 0.06454 -0.24500 0.05416
v 0.04213 -0.24500 0.07296
v 0.01463 -0.24500 0.08298
v -0.01467 -0.24500 0.08319
v -0.04249 -0.24500 0.07359
v -0.06466 -0.24500 0.05426
v -0.07917 -0.24500 0.02882
v -0.08425 -0.24500 0.00000
v -0.07917 -0.24500 -0.02882
v -0.06454 -0.24500 -0.05416
v -0.04220 -0.24500 -0.07310
v -0.01598 -0.24500 -0.09062
v 0.01598 -0.24500 -0.09062
v 0.04220 -0.24500 -0.07310
v 0.06454 -0.24500 -0.05416
v 0.07917 -0.24500 -0.02882
v 0.08425 -0.24500 -0.00000
v 0.08364 -0.31500 0.00000
v 0.07859 -0.31500 0.02861
v 0.06407 -0.31500 0.05376
v 0.04182 -0.31500 0.07243
v 0.01452 -0.31500 0.08237
v -0.01455 -0.31500 0.08250
v -0.04204 -0.31500 0.07281
v -0.06414 -0.31500 0.05382
v -0.07859 -0.31500 0.02861
v -0.08364 -0.31500 0.00000
v -0.07859 -0.31500 -0.02861
v -0.06407 -0.31500 -0.05376
v -0.04190 -0.31500 -0.07257
v -0.01586 -0.31500 -0.08995
v 0.01586 -0.31500 -0.08995
v 0.04190 -0.31500 -0.07257
v 0.06407 -0.31500 -0.05376
v 0.07859 -0.31500 -0.02861
v 0.08364 -0.31500 -0.00000
v 0.08308 -0.38500 0.00000
v 0.07807 -0.38500 0.02841
v 0.06364 -0.38500 0.05340
v 0.04154 -0.38500 0.07195
v 0.01443 -0.38500 0.08181
v -0.01444 -0.38500 0.08189
v -0.04167 -0.38500 0.07217
v -0.06368 -0.38500 0.05344
v -0.07807 -0.38500 0.02841
v -0.08308 -0.38500 0.00000
v -0.07807 -0.38500 -0.02841
v -0.06364 -0.38500 -0.05340
v -0.04162 -0.38500 -0.07208
v -0.01575 -0.38500 -0.08935
v 0.01575 -0.38500 -0.08935
v 0.04162 -0.38500 -0.07208
v 0.06364 -0.38500 -0.05340
v 0.07807 -0.38500 -0.02841
v 0.08308 -0.38500 -0.00000
v 0.08249 -0.45500 0.00000
v 0.07752 -0.45500 0.02821
v 0.06319 -0.45500 0.05303
v 0.04125 -0.45500 0.07144
v 0.01433 -0.45500 0.08124
v -0.01433 -0.45500 0.08128
v -0.04132 -0.45500 0.07157
v -0.06322 -0.45500 0.05305
v -0.07752 -0.45500 0.02821
v -0.08249 -0.45500 0.00000
v -0.07752 -0.45500 -0.02821
v -0.06319 -0.45500 -0.05303
v -0.04132 -0.45500 -0.07157
v -0.01564 -0.45500 -0.08873
v 0.01564 -0.45500 -0.08873
v 0.04132 -0.45500 -0.07157
v 0.06319 -0.45500 -0.05303
v 0.07752 -0.45500 -0.02821
v 0.08249 -0.45500 -0.00000
v 0.08183 -0.52500 0.00000
v 0.07689 -0.52500 0.02799
v 0.06268 -0.52500 0.05260
v 0.04091 -0.52500 0.07087
v 0.01421 -0.52500 0.08059
v -0.01421 -0.52500 0.08061
v -0.04095 -0.52500 0.07093
v -0.06270 -0.52500 0.05261
v -0.07689 -0.52500 0.02799
v -0.08183 -0.52500 0.00000
v -0.07689 -0.52500 -0.02799
v -0.06268 -0.52500 -0.05260
v -0.04099 -0.52500 -0.07100
v -0.01552 -0.52500 -0.08801
v 0.01552 -0.52500 -0.08801
v 0.04099 -0.52500 -0.07100
v 0.06268 -0.52500 -0.05260
v 0.07689 -0.52500 -0.02799
v 0.08183 -0.52500 -0.00000
v 0.08104 -0.59500 0.00000
v 0.07615 -0.59500 0.02772
v 0.06208 -0.59500 0.05209
v 0.04052 -0.59500 0.07018
v 0.01407 -0.59500 0.07980
v -0.01407 -0.59500 0.07982
v -0.04054 -0.59500 0.07021
v -0.06208 -0.59500 0.05209
v -0.07615 -0.59500 0.02772
v -0.08104 -0.59500 0.00000
v -0.07615 -0.59500 -0.02772
v -0.06208 -0.59500 -0.05209
v -0.04059 -0.59500 -0.07031
v -0.01537 -0.59500 -0.08716
v 0.01537 -0.59500 -0.08716
v 0.04059 -0.59500 -0.07031
v 0.06208 -0.59500 -0.05209
v 0.07615 -0.59500 -0.02772
v 0.08104 -0.59500 -0.00000
v 0.08009 -0.66500 0.00000
v 0.07526 -0.66500 0.02739
v 0.06135 -0.66500 0.05148
v 0.04005 -0.66500 0.06936
v 0.01391 -0.66500 0.07887
v -0.01391 -0.66500 0.07888
v -0.04005 -0.66500 0.06938
v -0.06136 -0.66500 0.05148
v -0.07526 -0.66500 0.02739
v -0.08009 -0.66500 0.00000
v -0.07526 -0.66500 -0.02739
v -0.06135 -0.66500 -0.05148
v -0.04012 -0.66500 -0.06949
v -0.01519 -0.66500 -0.08614
v 0.01519 -0.66500 -0.08614
v 0.04012 -0.66500 -0.06949
v 0.06135 -0.66500 -0.05148
v 0.07526 -0.66500 -0.02739
v 0.08009 -0.66500 -0.00000
v 0.07899 -0.73500 0.00000
v 0.07422 -0.73500 0.02702
v 0.06051 -0.73500 0.05077
v 0.03949 -0.73500 0.06841
v 0.01372 -0.73500 0.07779
v -0.01372 -0.73500 0.07779
v -0.03950 -0.73500 0.06841
v -0.06051 -0.73500 0.05077
v -0.07422 -0.73500 0.02702
v -0.07899 -0.73500 0.00000
v -0.07422 -0.73500 -0.02702
v -0.06051 -0.73500 -0.05077
v -0.03957 -0.73500 -0.06853
v -0.01498 -0.73500 -0.08495
v 0.01498 -0.73500 -0.08495
v 0.03957 -0.73500 -0.06853
v 0.06051 -0.73500 -0.05077
v 0.07422 -0.73500 -0.02702
v 0.07899 -0.73500 -0.00000
v 0.07773 -0.80500 0.00000
v 0.07304 -0.80500 0.02659
v 0.05955 -0.80500 0.04996
v 0.03887 -0.80500 0.06732
v 0.01350 -0.80500 0.07655
v -0.01350 -0.80500 0.07655
v -0.03887 -0.80500 0.06732
v -0.05955 -0.80500 0.04997
v -0.07304 -0.80500 0.02659
v -0.07773 -0.80500 0.00000
v -0.07304 -0.80500 -0.02659
v -0.05955 -0.80500 -0.04996
v -0.03894 -0.80500 -0.06744
v -0.01474 -0.80500 -0.08360
v 0.01474 -0.80500 -0.08360
v 0.03894 -0.80500 -0.06744
v 0.05955 -0.80500 -0.04996
v 0.07304 -0.80500 -0.02659
v 0.07773 -0.80500 -0.00000
v 0.07634 -0.87500 0.00000
v 0.07174 -0.87500 0.02611
v 0.05848 -0.87500 0.04907
v 0.03817 -0.87500 0.06611
v 0.01326 -0.87500 0.07518
v -0.01326 -0.87500 0.07518
v -0.03817 -0.87500 0.06611
v -0.05848 -0.87500 0.04907
v -0.07174 -0.87500 0.02611
v -0.07634 -0.87500 0.00000
v -0.07174 -0.87500 -0.02611
v -0.05848 -0.87500 -0.04907
v -0.03824 -0.87500 -0.06623
v -0.01448 -0.87500 -0.08211
v 0.01448 -0.87500 -0.08211
v 0.03824 -0.87500 -0.06623
v 0.05848 -0.87500 -0.04907
v 0.07174 -0.87500 -0.02611
v 0.07634 -0.87500 -0.00000
v 0.07483 -0.94500 0.00000
v 0.07032 -0.94500 0.02559
v 0.05732 -0.94500 0.04810
v 0.03742 -0.94500 0.06481
v 0.01299 -0.94500 0.07370
v -0.01299 -0.94500 0.07370
v -0.03742 -0.94500 0.06481
v -0.05732 -0.94500 0.04810
v -0.07032 -0.94500 0.02559
v -0.07483 -0.94500 0.00000
v -0.07032 -0.94500 -0.02559
v -0.05732 -0.94500 -0.04810
v -0.03749 -0.94500 -0.06493
v -0.01419 -0.94500 -0.08049
v 0.01419 -0.94500 -0.08049
v 0.03749 -0.94500 -0.06493
v 0.05732 -0.94500 -0.04810
v 0.07032 -0.94500 -0.02559
v 0.07483 -0.94500 -0.00000
v 0.07323 -1.01500 0.00000
v 0.06882 -1.01500 0.02505
v 0.05610 -1.01500 0.04707
v 0.03662 -1.01500 0.06342
v 0.01272 -1.01500 0.07212
v -0.01272 -1.01500 0.07212
v -0.03662 -1.01500 0.06342
v -0.05610 -1.01500 0.04707
v -0.06882 -1.01500 0.02505
v -0.07323 -1.01500 0.00000
v -0.06882 -1.01500 -0.02505
v -0.05610 -1.01500 -0.04707
v -0.03669 -1.01500 -0.06354
v -0.01389 -1.01500 -0.07877
v 0.01389 -1.01500 -0.07877
v 0.03669 -1.01500 -0.06354
v 0.05610 -1.01500 -0.04707
v 0.06882 -1.01500 -0.02505
v 0.07323 -1.01500 -0.00000
v 0.07157 -1.08500 0.00000
v 0.06725 -1.08500 0.02448
v 0.05482 -1.08500 0.04600
v 0.03578 -1.08500 0.06198
v 0.01243 -1.08500 0.07048
v -0.01243 -1.08500 0.07048
v -0.03578 -1.08500 0.06198
v -0.05482 -1.08500 0.04600
v -0.06725 -1.08500 0.02448
v -0.07157 -1.08500 0.00000
v -0.06725 -1.08500 -0.02448
v -0.05482 -1.08500 -0.04600
v -0.03585 -1.08500 -0.06209
v -0.01357 -1.08500 -0.07697
v 0.01357 -1.08500 -0.07697
v 0.03585 -1.08500 -0.06209
v 0.05482 -1.08500 -0.04600
v 0.06725 -1.08500 -0.02448
v 0.07157 -1.08500 -0.00000
v 0.06985 -1.15500 0.00000
v 0.06563 -1.15500 0.02389
v 0.05351 -1.15500 0.04490
v 0.03492 -1.15500 0.06049
v 0.01213 -1.15500 0.06879
v -0.01213 -1.15500 0.06879
v -0.03492 -1.15500 0.06049
v -0.05351 -1.15500 0.04490
v -0.06563 -1.15500 0.02389
v -0.06985 -1.15500 0.00000
v -0.06563 -1.15500 -0.02389
v -0.05351 -1.15500 -0.04490
v -0.03499 -1.15500 -0.06060
v -0.01325 -1.15500 -0.07512
v 0.01325 -1.15500 -0.07512
v 0.03499 -1.15500 -0.06060
v 0.05351 -1.15500 -0.04490
v 0.06563 -1.15500 -0.02389
v 0.06985 -1.15500 -0.00000
v 0.06453 -1.17638 0.00000
v 0.06064 -1.17638 0.02207
v 0.04943 -1.17638 0.04148
v 0.03226 -1.17638 0.05588
v 0.01121 -1.17638 0.06355
v -0.01121 -1.17638 0.06355
v -0.03226 -1.17638 0.05588
v -0.04943 -1.17638 0.04148
v -0.06064 -1.17638 0.02207
v -0.06453 -1.17638 0.00000
v -0.06064 -1.17638 -0.02207
v -0.04943 -1.17638 -0.04148
v -0.03232 -1.17638 -0.05599
v -0.01224 -1.17638 -0.06940
v 0.01224 -1.17638 -0.06940
v 0.03232 -1.17638 -0.05599
v 0.04943 -1.17638 -0.04148
v 0.06064 -1.17638 -0.02207
v 0.06453 -1.17638 -0.00000
v 0.04939 -1.19451 0.00000
v 0.04641 -1.19451 0.01689
v 0.03783 -1.19451 0.03175
v 0.02469 -1.19451 0.04277
v 0.00858 -1.19451 0.04864
v -0.00858 -1.19451 0.04864
v -0.02469 -1.19451 0.04277
v -0.03783 -1.19451 0.03175
v -0.04641 -1.19451 0.01689
v -0.04939 -1.19451 0.00000
v -0.04641 -1.19451 -0.01689
v -0.03783 -1.19451 -0.03175
v -0.02474 -1.19451 -0.04285
v -0.00937 -1.19451 -0.05312
v 0.00937 -1.19451 -0.05312
v 0.02474 -1.19451 -0.04285
v 0.03783 -1.19451 -0.03175
v 0.04641 -1.19451 -0.01689
v 0.04939 -1.19451 -0.00000
v 0.02673 -1.20662 0.00000
v 0.02512 -1.20662 0.00914
v 0.02048 -1.20662 0.01718
v 0.01336 -1.20662 0.02315
v 0.00464 -1.20662 0.02632
v -0.00464 -1.20662 0.02632
v -0.01336 -1.20662 0.02315
v -0.02048 -1.20662 0.01718
v -0.02512 -1.20662 0.00914
v -0.02673 -1.20662 0.00000
v -0.02512 -1.20662 -0.00914
v -0.02048 -1.20662 -0.01718
v -0.01339 -1.20662 -0.02319
v -0.00507 -1.20662 -0.02875
v 0.00507 -1.20662 -0.02875
v 0.01339 -1.20662 -0.02319
v 0.02048 -1.20662 -0.01718
v 0.02512 -1.20662 -0.00914
v 0.02673 -1.20662 -0.00000
v 0.00100 -1.21088 0.00000
v 0.00094 -1.21088 0.00034
v 0.00077 -1.21088 0.00064
v 0.00050 -1.21088 0.00087
v 0.00017 -1.21088 0.00098
v -0.00017 -1.21088 0.00098
v -0.00050 -1.21088 0.00087
v -0.00077 -1.21088 0.00064
v -0.00094 -1.21088 0.00034
v -0.00100 -1.21088 0.00000
v -0.00094 -1.21088 -0.00034
v -0.00077 -1.21088 -0.00064
v -0.00050 -1.21088 -0.00087
v -0.00019 -1.21088 -0.00108
v 0.00019 -1.21088 -0.00108
v 0.00050 -1.21088 -0.00087
v 0.00077 -1.21088 -0.00064
v 0.00094 -1.21088 -0.00034
v 0.00100 -1.21088 -0.00000
vt 0.00000 -0.05967
vt 0.05556 -0.05967
vt 0.11111 -0.05967
vt 0.16667 -0.05967
vt 0.22222 -0.05967
vt 0.27778 -0.05967
vt 0.33333 -0.05967
vt 0.38889 -0.05967
vt 0.44444 -0.05967
vt 0.50000 -0.05967
vt 0.55556 -0.05967
vt 0.61111 -0.05967
vt 0.66667 -0.05967
vt 0.72222 -0.05967
vt 0.77778 -0.05967
vt 0.83333 -0.05967
vt 0.88889 -0.05967
vt 0.94444 -0.05967
vt 1.00000 -0.05967
vt 0.00000 -0.05513
vt 0.05556 -0.05513
vt 0.11111 -0.05513
vt 0.16667 -0.05513
vt 0.22222 -0.05513
vt 0.27778 -0.05513
vt 0.33333 -0.05513
vt 0.38889 -0.05513
vt 0.44444 -0.05513
vt 0.50000 -0.05513
vt 0.55556 -0.05513
vt 0.61111 -0.05513
vt 0.66667 -0.05513
vt 0.72222 -0.05513
vt 0.77778 -0.05513
vt 0.83333 -0.05513
vt 0.88889 -0.05513
vt 0.94444 -0.05513
vt 1.00000 -0.05513
vt 0.00000 -0.04220
vt 0.05556 -0.04220
vt 0.11111 -0.04220
vt 0.16667 -0.04220
vt 0.22222 -0.04220
vt 0.27778 -0.04220
vt 0.33333 -0.04220
vt 0.38889 -0.04220
vt 0.44444 -0.04220
vt 0.50000 -0.04220
vt 0.55556 -0.04220
vt 0.61111 -0.04220
vt 0.66667 -0.04220
vt 0.72222 -0.04220
vt 0.77778 -0.04220
vt 0.83333 -0.04220
vt 0.88889 -0.04220
vt 0.94444 -0.04220
vt 1.00000 -0.04220
vt 0.00000 -0.02284
vt 0.05556 -0.02284
vt 0.11111 -0.02284
vt 0.16667 -0.02284
vt 0.22222 -0.02284
vt 0.27778 -0.02284
vt 0.33333 -0.02284
vt 0.38889 -0.02284
vt 0.44444 -0.02284
vt 0.50000 -0.02284
vt 0.55556 -0.02284
vt 0.61111 -0.02284
vt 0.66667 -0.02284
vt 0.72222 -0.02284
vt 0.77778 -0.02284
vt 0.83333 -0.02284
vt 0.88889 -0.02284
vt 0.94444 -0.02284
vt 1.00000 -0.02284
vt 0.00000 0.00000
vt 0.05556 0.00000
vt 0.11111 0.00000
vt 0.16667 0.00000
vt 0.22222 0.00000
vt 0.27778 0.00000
vt 0.33333 0.00000
vt 0.38889 0.00000
vt 0.44444 0.00000
vt 0.50000 0.00000
vt 0.55556 0.00000
vt 0.61111 0.00000
vt 0.66667 0.00000
vt 0.72222 0.00000
vt 0.77778 0.00000
vt 0.83333 0.00000
vt 0.88889 0.00000
vt 0.94444 0.00000
vt 1.00000 0.00000
vt 0.00000 0.03500
vt 0.05556 0.03500
vt 0.11111 0.03500
vt 0.16667 0.03500
vt 0.22222 0.03500
vt 0.27778 0.03500
vt 0.33333 0.03500
vt 0.38889 0.03500
vt 0.44444 0.03500
vt 0.50000 0.03500
vt 0.55556 0.03500
vt 0.61111 0.03500
vt 0.66667 0.03500
vt 0.72222 0.03500
vt 0.77778 0.03500
vt 0.83333 0.03500
vt 0.88889 0.03500
vt 0.94444 0.03500
vt 1.00000 0.03500
vt 0.00000 0.07000
vt 0.05556 0.07000
vt 0.11111 0.07000
vt 0.16667 0.07000
vt 0.22222 0.07000
vt 0.27778 0.07000
vt 0.33333 0.07000
vt 0.38889 0.07000
vt 0.44444 0.07000
vt 0.50000 0.07000
vt 0.55556 0.07000
vt 0.61111 0.07000
vt 0.66667 0.07000
vt 0.72222 0.07000
vt 0.77778 0.07000
vt 0.83333 0.07000
vt 0.88889 0.07000
vt 0.94444 0.07000
vt 1.00000 0.07000
vt 0.00000 0.10500
vt 0.05556 0.10500
vt 0.11111 0.10500
vt 0.16667 0.10500
vt 0.22222 0.10500
vt 0.27778 0.10500
vt 0.33333 0.10500
vt 0.38889 0.10500
vt 0.44444 0.10500
vt 0.50000 0.10500
vt 0.55556 0.10500
vt 0.61111 0.10500
vt 0.66667 0.10500
vt 0.72222 0.10500
vt 0.77778 0.10500
vt 0.83333 0.10500
vt 0.88889 0.10500
vt 0.94444 0.10500
vt 1.00000 0.10500
vt 0.00000 0.14000
vt 0.05556 0.14000
vt 0.11111 0.14000
vt 0.16667 0.14000
vt 0.22222 0.14000
vt 0.27778 0.14000
vt 0.33333 0.14000
vt 0.38889 0.14000
vt 0.44444 0.14000
vt 0.50000 0.14000
vt 0.55556 0.14000
vt 0.61111 0.14000
vt 0.66667 0.14000
vt 0.72222 0.14000
vt 0.77778 0.14000
vt 0.83333 0.14000
vt 0.88889 0.14000
vt 0.94444 0.14000
vt 1.00000 0.14000
vt 0.00000 0.17500
vt 0.05556 0.17500
vt 0.11111 0.17500
vt 0.16667 0.17500
vt 0.22222 0.17500
vt 0.27778 0.17500
vt 0.33333 0.17500
vt 0.38889 0.17500
vt 0.44444 0.17500
vt 0.50000 0.17500
vt 0.55556 0.17500
vt 0.61111 0.17500
vt 0.66667 0.17500
vt 0.72222 0.17500
vt 0.77778 0.17500
vt 0.83333 0.17500
vt 0.88889 0.17500
vt 0.94444 0.17500
vt 1.00000 0.17500
vt 0.00000 0.21000
vt 0.05556 0.21000
vt 0.11111 0.21000
vt 0.16667 0.21000
vt 0.22222 0.21000
vt 0.27778 0.21000
vt 0.33333 0.21000
vt 0.38889 0.21000
vt 0.44444 0.21000
vt 0.50000 0.21000
vt 0.55556 0.21000
vt 0.61111 0.21000
vt 0.66667 0.21000
vt 0.72222 0.21000
vt 0.77778 0.21000
vt 0.83333 0.21000
vt 0.88889 0.21000
vt 0.94444 0.21000
vt 1.00000 0.21000
vt 0.00000 0.24500
vt 0.05556 0.24500
vt 0.11111 0.24500
vt 0.16667 0.24500
vt 0.22222 0.24500
vt 0.27778 0.24500
vt 0.33333 0.24500
vt 0.38889 0.24500
vt 0.44444 0.24500
vt 0.50000 0.24500
vt 0.55556 0.24500
vt 0.61111 0.24500
vt 0.66667 0.24500
vt 0.72222 0.24500
vt 0.77778 0.24500
vt 0.83333 0.24500
vt 0.88889 0.24500
vt 0.94444 0.24500
vt 1.00000 0.24500
vt 0.00000 0.28000
vt 0.05556 0.28000
vt 0.11111 0.28000
vt 0.16667 0.28000
vt 0.22222 0.28000
vt 0.27778 0.28000
vt 0.33333 0.28000
vt 0.38889 0.28000
vt 0.44444 0.28000
vt 0.50000 0.28000
vt 0.55556 0.28000
vt 0.61111 0.28000
vt 0.66667 0.28000
vt 0.72222 0.28000
vt 0.77778 0.28000
vt 0.83333 0.28000
vt 0.88889 0.28000
vt 0.94444 0.28000
vt 1.00000 0.28000
vt 0.00000 0.31500
vt 0.05556 0.31500
vt 0.11111 0.31500
vt 0.16667 0.31500
vt 0.22222 0.31500
vt 0.27778 0.31500
vt 0.33333 0.31500
vt 0.38889 0.31500
vt 0.44444 0.31500
vt 0.50000 0.31500
vt 0.55556 0.31500
vt 0.61111 0.31500
vt 0.66667 0.31500
vt 0.72222 0.31500
vt 0.77778 0.31500
vt 0.83333 0.31500
vt 0.88889 0.31500
vt 0.94444 0.31500
vt 1.00000 0.31500
vt 0.00000 0.35000
vt 0.05556 0.35000
vt 0.11111 0.35000
vt 0.16667 0.35000
vt 0.22222 0.35000
vt 0.27778 0.35000
vt 0.33333 0.35000
vt 0.38889 0.35000
vt 0.44444 0.35000
vt 0.50000 0.35000
vt 0.55556 0.35000
vt 0.61111 0.35000
vt 0.66667 0.35000
vt 0.72222 0.35000
vt 0.77778 0.35000
vt 0.83333 0.35000
vt 0.88889 0.35000
vt 0.94444 0.35000
vt 1.00000 0.35000
vt 0.00000 0.38500
vt 0.05556 0.38500
vt 0.11111 0.38500
vt 0.16667 0.38500
vt 0.22222 0.38500
vt 0.27778 0.38500
vt 0.33333 0.38500
vt 0.38889 0.38500
vt 0.44444 0.38500
vt 0.50000 0.38500
vt 0.55556 0.38500
vt 0.61111 0.38500
vt 0.66667 0.38500
vt 0.72222 0.38500
vt 0.77778 0.38500
vt 0.83333 0.38500
vt 0.88889 0.38500
vt 0.94444 0.38500
vt 1.00000 0.38500
vt 0.00000 0.42000
vt 0.05556 0.42000
vt 0.11111 0.42000
vt 0.16667 0.42000
vt 0.22222 0.42000
vt 0.27778 0.42000
vt 0.33333 0.42000
vt 0.38889 0.42000
vt 0.44444 0.42000
vt 0.50000 0.42000
vt 0.55556 0.42000
vt 0.61111 0.42000
vt 0.66667 0.42000
vt 0.72222 0.42000
vt 0.77778 0.42000
vt 0.83333 0.42000
vt 0.88889 0.42000
vt 0.94444 0.42000
vt 1.00000 0.42000
vt 0.00000 0.45500
vt 0.05556 0.45500
vt 0.11111 0.45500
vt 0.16667 0.45500
vt 0.22222 0.45500
vt 0.27778 0.45500
vt 0.33333 0.45500
vt 0.38889 0.45500
vt 0.44444 0.45500
vt 0.50000 0.45500
vt 0.55556 0.45500
vt 0.61111 0.45500
vt 0.66667 0.45500
vt 0.72222 0.45500
vt 0.77778 0.45500
vt 0.83333 0.45500
vt 0.88889 0.45500
vt 0.94444 0.45500
vt 1.00000 0.45500
vt 0.00000 0.49000
vt 0.05556 0.49000
vt 0.11111 0.49000
vt 0.16667 0.49000
vt 0.22222 0.49000
vt 0.27778 0.49000
vt 0.33333 0.49000
vt 0.38889 0.49000
vt 0.44444 0.49000
vt 0.50000 0.49000
vt 0.55556 0.49000
vt 0.61111 0.49000
vt 0.66667 0.49000
vt 0.72222 0.49000
vt 0.77778 0.49000
vt 0.83333 0.49000
vt 0.88889 0.49000
vt 0.94444 0.49000
vt 1.00000 0.49000
vt 0.00000 0.52500
vt 0.05556 0.52500
vt 0.11111 0.52500
vt 0.16667 0.52500
vt 0.22222 0.52500
vt 0.27778 0.52500
vt 0.33333 0.52500
vt 0.38889 0.52500
vt 0.44444 0.52500
vt 0.50000 0.52500
vt 0.55556 0.52500
vt 0.61111 0.52500
vt 0.66667 0.52500
vt 0.72222 0.52500
vt 0.77778 0.52500
vt 0.83333 0.52500
vt 0.88889 0.52500
vt 0.94444 0.52500
vt 1.00000 0.52500
vt 0.00000 0.56000
vt 0.05556 0.56000
vt 0.11111 0.56000
vt 0.16667 0.56000
vt 0.22222 0.56000
vt 0.27778 0.56000
vt 0.33333 0.56000
vt 0.38889 0.56000
vt 0.44444 0.56000
vt 0.50000 0.56000
vt 0.55556 0.56000
vt 0.61111 0.56000
vt 0.66667 0.56000
vt 0.72222 0.56000
vt 0.77778 0.56000
vt 0.83333 0.56000
vt 0.88889 0.56000
vt 0.94444 0.56000
vt 1.00000 0.56000
vt 0.00000 0.59500
vt 0.05556 0.59500
vt 0.11111 0.59500
vt 0.16667 0.59500
vt 0.22222 0.59500
vt 0.27778 0.59500
vt 0.33333 0.59500
vt 0.38889 0.59500
vt 0.44444 0.59500
vt 0.50000 0.59500
vt 0.55556 0.59500
vt 0.61111 0.59500
vt 0.66667 0.59500
vt 0.72222 0.59500
vt 0.77778 0.59500
vt 0.83333 0.59500
vt 0.88889 0.59500
vt 0.94444 0.59500
vt 1.00000 0.59500
vt 0.00000 0.63000
vt 0.05556 0.63000
vt 0.11111 0.63000
vt 0.16667 0.63000
vt 0.22222 0.63000
vt 0.27778 0.63000
vt 0.33333 0.63000
vt 0.38889 0.63000
vt 0.44444 0.63000
vt 0.50000 0.63000
vt 0.55556 0.63000
vt 0.61111 0.63000
vt 0.66667 0.63000
vt 0.72222 0.63000
vt 0.77778 0.63000
vt 0.83333 0.63000
vt 0.88889 0.63000
vt 0.94444 0.63000
vt 1.00000 0.63000
vt 0.00000 0.66500
vt 0.05556 0.66500
vt 0.11111 0.66500
vt 0.16667 0.66500
vt 0.22222 0.66500
vt 0.27778 0.66500
vt 0.33333 0.66500
vt 0.38889 0.66500
vt 0.44444 0.66500
vt 0.50000 0.66500
vt 0.55556 0.66500
vt 0.61111 0.66500
vt 0.66667 0.66500
vt 0.72222 0.66500
vt 0.77778 0.66500
vt 0.83333 0.66500
vt 0.88889 0.66500
vt 0.94444 0.66500
vt 1.00000 0.66500
vt 0.00000 0.70000
vt 0.05556 0.70000
vt 0.11111 0.70000
vt 0.16667 0.70000
vt 0.22222 0.70000
vt 0.27778 0.70000
vt 0.33333 0.70000
vt 0.38889 0.70000
vt 0.44444 0.70000
vt 0.50000 0.70000
vt 0.55556 0.70000
vt 0.61111 0.70000
vt 0.66667 0.70000
vt 0.72222 0.70000
vt 0.77778 0.70000
vt 0.83333 0.70000
vt 0.88889 0.70000
vt 0.94444 0.70000
vt 1.00000 0.70000
vt 0.00000 0.73500
vt 0.05556 0.73500
vt 0.11111 0.73500
vt 0.16667 0.73500
vt 0.22222 0.73500
vt 0.27778 0.73500
vt 0.33333 0.73500
vt 0.38889 0.73500
vt 0.44444 0.73500
vt 0.50000 0.73500
vt 0.55556 0.73500
vt 0.61111 0.73500
vt 0.66667 0.73500
vt 0.72222 0.73500
vt 0.77778 0.73500
vt 0.83333 0.73500
vt 0.88889 0.73500
vt 0.94444 0.73500
vt 1.00000 0.73500
vt 0.00000 0.77000
vt 0.05556 0.77000
vt 0.11111 0.77000
vt 0.16667 0.77000
vt 0.22222 0.77000
vt 0.27778 0.77000
vt 0.33333 0.77000
vt 0.38889 0.77000
vt 0.44444 0.77000
vt 0.50000 0.77000
vt 0.55556 0.77000
vt 0.61111 0.77000
vt 0.66667 0.77000
vt 0.72222 0.77000
vt 0.77778 0.77000
vt 0.83333 0.77000
vt 0.88889 0.77000
vt 0.94444 0.77000
vt 1.00000 0.77000
vt 0.00000 0.80500
vt 0.05556 0.80500
vt 0.11111 0.80500
vt 0.16667 0.80500
vt 0.22222 0.80500
vt 0.27778 0.80500
vt 0.33333 0.80500
vt 0.38889 0.80500
vt 0.44444 0.80500
vt 0.50000 0.80500
vt 0.55556 0.80500
vt 0.61111 0.80500
vt 0.66667 0.80500
vt 0.72222 0.80500
vt 0.77778 0.80500
vt 0.83333 0.80500
vt 0.88889 0.80500
vt 0.94444 0.80500
vt 1.00000 0.80500
vt 0.00000 0.84000
vt 0.05556 0.84000
vt 0.11111 0.84000
vt 0.16667 0.84000
vt 0.22222 0.84000
vt 0.27778 0.84000
vt 0.33333 0.84000
vt 0.38889 0.84000
vt 0.44444 0.84000
vt 0.50000 0.84000
vt 0.55556 0.84000
vt 0.61111 0.84000
vt 0.66667 0.84000
vt 0.72222 0.84000
vt 0.77778 0.84000
vt 0.83333 0.84000
vt 0.88889 0.84000
vt 0.94444 0.84000
vt 1.00000 0.84000
vt 0.00000 0.87500
vt 0.05556 0.87500
vt 0.11111 0.87500
vt 0.16667 0.87500
vt 0.22222 0.87500
vt 0.27778 0.87500
vt 0.33333 0.87500
vt 0.38889 0.87500
vt 0.44444 0.87500
vt 0.50000 0.87500
vt 0.55556 0.87500
vt 0.61111 0.87500
vt 0.66667 0.87500
vt 0.72222 0.87500
vt 0.77778 0.87500
vt 0.83333 0.87500
vt 0.88889 0.87500
vt 0.94444 0.87500
vt 1.00000 0.87500
vt 0.00000 0.91000
vt 0.05556 0.91000
vt 0.11111 0.91000
vt 0.16667 0.91000
vt 0.22222 0.91000
vt 0.27778 0.91000
vt 0.33333 0.91000
vt 0.38889 0.91000
vt 0.44444 0.91000
vt 0.50000 0.91000
vt 0.55556 0.91000
vt 0.61111 0.91000
vt 0.66667 0.91000
vt 0.72222 0.91000
vt 0.77778 0.91000
vt 0.83333 0.91000
vt 0.88889 0.91000
vt 0.94444 0.91000
vt 1.00000 0.91000
vt 0.00000 0.94500
vt 0.05556 0.94500
vt 0.11111 0.94500
vt 0.16667 0.94500
vt 0.22222 0.94500
vt 0.27778 0.94500
vt 0.33333 0.94500
vt 0.38889 0.94500
vt 0.44444 0.94500
vt 0.50000 0.94500
vt 0.55556 0.94500
vt 0.61111 0.94500
vt 0.66667 0.94500
vt 0.72222 0.94500
vt 0.77778 0.94500
vt 0.83333 0.94500
vt 0.88889 0.94500
vt 0.94444 0.94500
vt 1.00000 0.94500
vt 0.00000 0.98000
vt 0.05556 0.98000
vt 0.11111 0.98000
vt 0.16667 0.98000
vt 0.22222 0.98000
vt 0.27778 0.98000
vt 0.33333 0.98000
vt 0.38889 0.98000
vt 0.44444 0.98000
vt 0.50000 0.98000
vt 0.55556 0.98000
vt 0.61111 0.98000
vt 0.66667 0.98000
vt 0.72222 0.98000
vt 0.77778 0.98000
vt 0.83333 0.98000
vt 0.88889 0.98000
vt 0.94444 0.98000
vt 1.00000 0.98000
vt 0.00000 1.01500
vt 0.05556 1.01500
vt 0.11111 1.01500
vt 0.16667 1.01500
vt 0.22222 1.01500
vt 0.27778 1.01500
vt 0.33333 1.01500
vt 0.38889 1.01500
vt 0.44444 1.01500
vt 0.50000 1.01500
vt 0.55556 1.01500
vt 0.61111 1.01500
vt 0.66667 1.01500
vt 0.72222 1.01500
vt 0.77778 1.01500
vt 0.83333 1.01500
vt 0.88889 1.01500
vt 0.94444 1.01500
vt 1.00000 1.01500
vt 0.00000 1.05000
vt 0.05556 1.05000
vt 0.11111 1.05000
vt 0.16667 1.05000
vt 0.22222 1.05000
vt 0.27778 1.05000
vt 0.33333 1.05000
vt 0.38889 1.05000
vt 0.44444 1.05000
vt 0.50000 1.05000
vt 0.55556 1.05000
vt 0.61111 1.05000
vt 0.66667 1.05000
vt 0.72222 1.05000
vt 0.77778 1.05000
vt 0.83333 1.05000
vt 0.88889 1.05000
vt 0.94444 1.05000
vt 1.00000 1.05000
vt 0.00000 1.08500
vt 0.05556 1.08500
vt 0.11111 1.08500
vt 0.16667 1.08500
vt 0.22222 1.08500
vt 0.27778 1.08500
vt 0.33333 1.08500
vt 0.38889 1.08500
vt 0.44444 1.08500
vt 0.50000 1.08500
vt 0.55556 1.08500
vt 0.61111 1.08500
vt 0.66667 1.08500
vt 0.72222 1.08500
vt 0.77778 1.08500
vt 0.83333 1.08500
vt 0.88889 1.08500
vt 0.94444 1.08500
vt 1.00000 1.08500
vt 0.00000 1.12000
vt 0.05556 1.12000
vt 0.11111 1.12000
vt 0.16667 1.12000
vt 0.22222 1.12000
vt 0.27778 1.12000
vt 0.33333 1.12000
vt 0.38889 1.12000
vt 0.44444 1.12000
vt 0.50000 1.12000
vt 0.55556 1.12000
vt 0.61111 1.12000
vt 0.66667 1.12000
vt 0.72222 1.12000
vt 0.77778 1.12000
vt 0.83333 1.12000
vt 0.88889 1.12000
vt 0.94444 1.12000
vt 1.00000 1.12000
vt 0.00000 1.15500
vt 0.05556 1.15500
vt 0.11111 1.15500
vt 0.16667 1.15500
vt 0.22222 1.15500
vt 0.27778 1.15500
vt 0.33333 1.15500
vt 0.38889 1.15500
vt 0.44444 1.15500
vt 0.50000 1.15500
vt 0.55556 1.15500
vt 0.61111 1.15500
vt 0.66667 1.15500
vt 0.72222 1.15500
vt 0.77778 1.15500
vt 0.83333 1.15500
vt 0.88889 1.15500
vt 0.94444 1.15500
vt 1.00000 1.15500
vt 0.00000 1.16569
vt 0.05556 1.16569
vt 0.11111 1.16569
vt 0.16667 1.16569
vt 0.22222 1.16569
vt 0.27778 1.16569
vt 0.33333 1.16569
vt 0.38889 1.16569
vt 0.44444 1.16569
vt 0.50000 1.16569
vt 0.55556 1.16569
vt 0.61111 1.16569
vt 0.66667 1.16569
vt 0.72222 1.16569
vt 0.77778 1.16569
vt 0.83333 1.16569
vt 0.88889 1.16569
vt 0.94444 1.16569
vt 1.00000 1.16569
vt 0.00000 1.17476
vt 0.05556 1.17476
vt 0.11111 1.17476
vt 0.16667 1.17476
vt 0.22222 1.17476
vt 0.27778 1.17476
vt 0.33333 1.17476
vt 0.38889 1.17476
vt 0.44444 1.17476
vt 0.50000 1.17476
vt 0.55556 1.17476
vt 0.61111 1.17476
vt 0.66667 1.17476
vt 0.72222 1.17476
vt 0.77778 1.17476
vt 0.83333 1.17476
vt 0.88889 1.17476
vt 0.94444 1.17476
vt 1.00000 1.17476
vt 0.00000 1.18081
vt 0.05556 1.18081
vt 0.11111 1.18081
vt 0.16667 1.18081
vt 0.22222 1.18081
vt 0.27778 1.18081
vt 0.33333 1.18081
vt 0.38889 1.18081
vt 0.44444 1.18081
vt 0.50000 1.18081
vt 0.55556 1.18081
vt 0.61111 1.18081
vt 0.66667 1.18081
vt 0.72222 1.18081
vt 0.77778 1.18081
vt 0.83333 1.18081
vt 0.88889 1.18081
vt 0.94444 1.18081
vt 1.00000 1.18081
vt 0.00000 1.18294
vt 0.05556 1.18294
vt 0.11111 1.18294
vt 0.16667 1.18294
vt 0.22222 1.18294
vt 0.27778 1.18294
vt 0.33333 1.18294
vt 0.38889 1.18294
vt 0.44444 1.18294
vt 0.50000 1.18294
vt 0.55556 1.18294
vt 0.61111 1.18294
vt 0.66667 1.18294
vt 0.72222 1.18294
vt 0.77778 1.18294
vt 0.83333 1.18294
vt 0.88889 1.18294
vt 0.94444 1.18294
vt 1.00000 1.18294
vn -0.15982 -0.98674 -0.02818
vn -0.15950 -0.98677 -0.02908
vn -0.13993 -0.98677 -0.08188
vn -0.10349 -0.98677 -0.12480
vn -0.05461 -0.98677 -0.15265
vn -0.00040 -0.98681 -0.16189
vn 0.05331 -0.98693 -0.15208
vn 0.10690 -0.98691 -0.12078
vn 0.14119 -0.98679 -0.07939
vn 0.15982 -0.98677 -0.02721
vn 0.15950 -0.98677 0.02908
vn 0.13994 -0.98677 0.08187
vn 0.10458 -0.98678 0.12383
vn 0.08719 -0.98723 0.13329
vn -0.00138 -0.98889 0.14867
vn -0.08907 -0.98713 0.13285
vn -0.10548 -0.98679 0.12294
vn -0.14087 -0.98677 0.08025
vn -0.15982 -0.98674 0.02818
vn -0.31540 -0.94733 -0.05561
vn -0.35306 -0.93016 -0.10073
vn -0.29732 -0.93016 -0.21541
vn -0.20573 -0.93016 -0.30410
vn -0.09014 -0.93017 -0.35590
vn 0.03388 -0.93049 -0.36475
vn 0.15702 -0.93126 -0.32879
vn 0.26725 -0.93048 -0.25058
vn 0.33574 -0.93019 -0.14843
vn 0.36622 -0.93016 -0.02608
vn 0.35306 -0.93016 0.10073
vn 0.29764 -0.93016 0.21497
vn 0.22750 -0.93002 0.28863
vn 0.13962 -0.93805 0.31713
vn -0.05789 -0.94023 0.33557
vn -0.21463 -0.92952 0.29988
vn -0.26466 -0.93018 0.25439
vn -0.33521 -0.93016 0.14978
vn -0.39159 -0.91755 0.06905
vn -0.58902 -0.80142 -0.10386
vn -0.61277 -0.76449 -0.20020
vn -0.50734 -0.76449 -0.39771
vn -0.34075 -0.76449 -0.54722
vn -0.13504 -0.76452 -0.63029
vn 0.08305 -0.76544 -0.63812
vn 0.30046 -0.76741 -0.56640
vn 0.48536 -0.76507 -0.42319
vn 0.59888 -0.76449 -0.23852
vn 0.64428 -0.76449 -0.02142
vn 0.61277 -0.76449 0.20020
vn 0.50814 -0.76450 0.39665
vn 0.39286 -0.76418 0.51156
vn 0.21065 -0.78864 0.57764
vn -0.14305 -0.78963 0.59667
vn -0.38345 -0.76168 0.52232
vn -0.48109 -0.76448 0.42909
vn -0.59809 -0.76449 0.24051
vn -0.67864 -0.72466 0.11966
vn -0.84776 -0.50888 -0.14948
vn -0.84404 -0.44864 -0.29381
vn -0.69265 -0.44864 -0.56477
vn -0.45777 -0.44864 -0.76757
vn -0.17080 -0.44873 -0.87719
vn 0.13175 -0.44990 -0.88331
vn 0.43478 -0.45198 -0.77890
vn 0.68410 -0.44910 -0.57474
vn 0.83640 -0.44860 -0.31496
vn 0.89363 -0.44864 -0.01255
vn 0.84404 -0.44864 0.29381
vn 0.69395 -0.44869 0.56313
vn 0.53964 -0.44938 0.71193
vn 0.27319 -0.47990 0.83371
vn -0.23302 -0.47629 0.84785
vn -0.53467 -0.44410 0.71896
vn -0.67810 -0.44859 0.58219
vn -0.83543 -0.44864 0.31747
vn -0.91056 -0.38093 0.16056
vn -0.96811 -0.18334 -0.17070
vn -0.93224 -0.16410 -0.32248
vn -0.76573 -0.16410 -0.62188
vn -0.50692 -0.16410 -0.84623
vn -0.19039 -0.16416 -0.96789
vn 0.14270 -0.16603 -0.97574
vn 0.47646 -0.17079 -0.86245
vn 0.75511 -0.16747 -0.63385
vn 0.92264 -0.16457 -0.34878
vn 0.98632 -0.16411 -0.01576
vn 0.93224 -0.16410 0.32248
vn 0.76716 -0.16411 0.62010
vn 0.59639 -0.16404 0.78576
vn 0.30955 -0.17788 0.93410
vn -0.25765 -0.17714 0.94986
vn -0.58832 -0.16248 0.79213
vn -0.74721 -0.16409 0.64401
vn -0.92143 -0.16410 0.35220
vn -0.97462 -0.14347 0.17185
vn -0.98235 -0.07059 -0.17322
vn -0.93894 -0.05084 -0.34030
vn -0.76592 -0.05084 -0.64092
vn -0.50062 -0.05085 -0.86417
vn -0.18013 -0.05149 -0.98229
vn 0.15318 -0.05566 -0.98663
vn 0.49564 -0.06136 -0.86636
vn 0.77778 -0.05517 -0.62611
vn 0.93968 -0.05137 -0.33818
vn 0.99871 -0.05084 -0.00128
vn 0.93894 -0.05084 0.34030
vn 0.76755 -0.05085 0.63897
vn 0.59996 -0.05147 0.79837
vn 0.29005 -0.05607 0.95537
vn -0.28562 -0.05417 0.95681
vn -0.59931 -0.04966 0.79897
vn -0.76584 -0.05082 0.64102
vn -0.93801 -0.05084 0.34285
vn -0.98437 -0.02979 0.17357
vn -0.98309 0.05901 -0.17335
vn -0.93570 0.08287 -0.34294
vn -0.76198 0.08287 -0.64228
vn -0.49650 0.08285 -0.86408
vn -0.17896 0.08197 -0.98044
vn 0.14770 0.07727 -0.98601
vn 0.49879 0.07227 -0.86370
vn 0.78443 0.07822 -0.61526
vn 0.93961 0.08227 -0.33221
vn 0.99656 0.08286 0.00233
vn 0.93570 0.08287 0.34294
vn 0.76364 0.08285 0.64030
vn 0.59783 0.08142 0.79748
vn 0.28346 0.08878 0.95486
vn -0.29074 0.09086 0.95248
vn -0.59889 0.08343 0.79647
vn -0.76645 0.08289 0.63693
vn -0.93722 0.08287 0.33875
vn -0.97940 0.10467 0.17269
vn -0.97164 0.16295 -0.17133
vn -0.92418 0.17098 -0.34155
vn -0.75163 0.17098 -0.63704
vn -0.48863 0.17096 -0.85558
vn -0.17780 0.16996 -0.96928
vn 0.13773 0.16546 -0.97655
vn 0.49667 0.16201 -0.85269
vn 0.78427 0.16627 -0.59772
vn 0.93072 0.17030 -0.32366
vn 0.98526 0.17097 0.00500
vn 0.92418 0.17098 0.34155
vn 0.75331 0.17097 0.63506
vn 0.59042 0.16987 0.78902
vn 0.27531 0.18487 0.94341
vn -0.29127 0.18504 0.93857
vn -0.59290 0.17030 0.78706
vn -0.75944 0.17098 0.62770
vn -0.92751 0.17098 0.33241
vn -0.96974 0.17426 0.17099
vn -0.97063 0.16910 -0.17115
vn -0.92540 0.16293 -0.34217
vn -0.75257 0.16293 -0.63804
vn -0.48924 0.16291 -0.85680
vn -0.18196 0.16187 -0.96989
vn 0.12509 0.15738 -0.97958
vn 0.49819 0.15428 -0.85323
vn 0.79342 0.15782 -0.58785
vn 0.93304 0.16216 -0.32116
vn 0.98663 0.16292 0.00521
vn 0.92540 0.16293 0.34217
vn 0.75425 0.16294 0.63605
vn 0.59112 0.16250 0.79005
vn 0.27546 0.17688 0.94490
vn -0.29204 0.17570 0.94013
vn -0.59382 0.16165 0.78820
vn -0.76060 0.16292 0.62845
vn -0.92884 0.16293 0.33272
vn -0.97346 0.15139 0.17165
vn -0.97833 0.11448 -0.17251
vn -0.93313 0.10651 -0.34340
vn -0.75941 0.10651 -0.64184
vn -0.49446 0.10649 -0.86265
vn -0.18934 0.10543 -0.97623
vn 0.11019 0.10057 -0.98881
vn 0.50112 0.09670 -0.85996
vn 0.80722 0.10111 -0.58152
vn 0.94085 0.10573 -0.32190
vn 0.99431 0.10650 0.00377
vn 0.93313 0.10651 0.34340
vn 0.76108 0.10652 0.63985
vn 0.59608 0.10639 0.79585
vn 0.28050 0.11594 0.95282
vn -0.29218 0.11485 0.94944
vn -0.59797 0.10549 0.79454
vn -0.76555 0.10650 0.63450
vn -0.93555 0.10651 0.33675
vn -0.98036 0.09491 0.17286
vn -0.98264 0.06632 -0.17327
vn -0.93708 0.06282 -0.34341
vn -0.76312 0.06282 -0.64320
vn -0.49757 0.06280 -0.86515
vn -0.19601 0.06176 -0.97866
vn 0.09469 0.05680 -0.99388
vn 0.50265 0.05259 -0.86289
vn 0.81780 0.05779 -0.57260
vn 0.94498 0.06213 -0.32118
vn 0.99802 0.06281 0.00247
vn 0.93708 0.06282 0.34341
vn 0.76479 0.06282 0.64121
vn 0.59865 0.06269 0.79855
vn 0.28398 0.06835 0.95639
vn -0.29122 0.06786 0.95425
vn -0.59981 0.06228 0.79772
vn -0.76756 0.06282 0.63790
vn -0.93859 0.06282 0.33928
vn -0.98319 0.05730 0.17336
vn -0.98376 0.04619 -0.17346
vn -0.93814 0.04587 -0.34322
vn -0.76417 0.04587 -0.64338
vn -0.49858 0.04585 -0.86563
vn -0.20117 0.04491 -0.97853
vn 0.08080 0.04059 -0.99590
vn 0.50445 0.03736 -0.86263
vn 0.82555 0.04188 -0.56277
vn 0.94660 0.04534 -0.31919
vn 0.99895 0.04586 0.00198
vn 0.93814 0.04587 0.34322
vn 0.76583 0.04587 0.64140
vn 0.59935 0.04567 0.79919
vn 0.28518 0.04980 0.95718
vn -0.29064 0.04967 0.95554
vn -0.60021 0.04557 0.79854
vn -0.76793 0.04587 0.63889
vn -0.93927 0.04587 0.34010
vn -0.98385 0.04413 0.17348
vn -0.98393 0.04213 -0.17349
vn -0.93829 0.04281 -0.34320
vn -0.76432 0.04281 -0.64342
vn -0.49877 0.04279 -0.86567
vn -0.20505 0.04205 -0.97785
vn 0.06982 0.03908 -0.99679
vn 0.50701 0.03788 -0.86111
vn 0.83114 0.04035 -0.55460
vn 0.94740 0.04248 -0.31722
vn 0.99908 0.04280 0.00194
vn 0.93829 0.04281 0.34320
vn 0.76598 0.04281 0.64144
vn 0.59945 0.04258 0.79928
vn 0.28534 0.04643 0.95730
vn -0.29058 0.04641 0.95572
vn -0.60027 0.04258 0.79866
vn -0.76799 0.04281 0.63903
vn -0.93937 0.04281 0.34021
vn -0.98393 0.04219 0.17349
vn -0.98392 0.04253 -0.17349
vn -0.93824 0.04332 -0.34325
vn -0.76426 0.04332 -0.64345
vn -0.49876 0.04331 -0.86566
vn -0.20764 0.04285 -0.97727
vn 0.06272 0.04166 -0.99716
vn 0.50983 0.04294 -0.85920
vn 0.83433 0.04266 -0.54961
vn 0.94777 0.04322 -0.31600
vn 0.99906 0.04332 0.00203
vn 0.93824 0.04332 0.34325
vn 0.76592 0.04332 0.64147
vn 0.59942 0.04308 0.79928
vn 0.28523 0.04698 0.95731
vn -0.29068 0.04696 0.95567
vn -0.60028 0.04309 0.79863
vn -0.76801 0.04332 0.63897
vn -0.93938 0.04332 0.34014
vn -0.98391 0.04280 0.17349
vn -0.98389 0.04310 -0.17349
vn -0.93820 0.04377 -0.34331
vn -0.76420 0.04377 -0.64349
vn -0.49871 0.04377 -0.86566
vn -0.20875 0.04364 -0.97699
vn 0.06023 0.04438 -0.99720
vn 0.51246 0.04808 -0.85737
vn 0.83490 0.04494 -0.54856
vn 0.94779 0.04389 -0.31585
vn 0.99904 0.04377 0.00209
vn 0.93820 0.04377 0.34331
vn 0.76587 0.04377 0.64151
vn 0.59939 0.04354 0.79927
vn 0.28511 0.04748 0.95732
vn -0.29078 0.04745 0.95561
vn -0.60028 0.04353 0.79860
vn -0.76804 0.04377 0.63891
vn -0.93938 0.04377 0.34007
vn -0.98389 0.04312 0.17349
vn -0.98391 0.04280 -0.17349
vn -0.93821 0.04328 -0.34335
vn -0.76420 0.04328 -0.64353
vn -0.49869 0.04329 -0.86570
vn -0.20828 0.04349 -0.97710
vn 0.06262 0.04603 -0.99698
vn 0.51453 0.05171 -0.85591
vn 0.83282 0.04607 -0.55163
vn 0.94749 0.04360 -0.31681
vn 0.99906 0.04329 0.00211
vn 0.93821 0.04328 0.34335
vn 0.76586 0.04328 0.64155
vn 0.59939 0.04306 0.79930
vn 0.28507 0.04696 0.95736
vn -0.29084 0.04691 0.95562
vn -0.60030 0.04304 0.79861
vn -0.76807 0.04328 0.63890
vn -0.93941 0.04328 0.34005
vn -0.98392 0.04245 0.17349
vn -0.98396 0.04138 -0.17350
vn -0.93828 0.04165 -0.34336
vn -0.76426 0.04165 -0.64356
vn -0.49870 0.04166 -0.86577
vn -0.20628 0.04215 -0.97758
vn 0.06961 0.04612 -0.99651
vn 0.51578 0.05309 -0.85508
vn 0.82829 0.04565 -0.55844
vn 0.94690 0.04210 -0.31877
vn 0.99913 0.04165 0.00206
vn 0.93828 0.04165 0.34336
vn 0.76592 0.04165 0.64158
vn 0.59944 0.04144 0.79935
vn 0.28511 0.04519 0.95743
vn -0.29084 0.04513 0.95571
vn -0.60034 0.04140 0.79867
vn -0.76812 0.04165 0.63895
vn -0.93947 0.04165 0.34009
vn -0.98399 0.04064 0.17350
vn -0.98407 0.03880 -0.17352
vn -0.93841 0.03884 -0.34333
vn -0.76439 0.03884 -0.64358
vn -0.49875 0.03886 -0.86587
vn -0.20302 0.03956 -0.97837
vn 0.08036 0.04446 -0.99577
vn 0.51608 0.05196 -0.85496
vn 0.82175 0.04357 -0.56818
vn 0.94609 0.03938 -0.32150
vn 0.99924 0.03885 0.00195
vn 0.93841 0.03884 0.34333
vn 0.76606 0.03884 0.64160
vn 0.59952 0.03866 0.79942
vn 0.28527 0.04216 0.95752
vn -0.29076 0.04208 0.95587
vn -0.60039 0.03861 0.79877
vn -0.76816 0.03884 0.63908
vn -0.93955 0.03884 0.34019
vn -0.98411 0.03770 0.17352
vn -0.98420 0.03518 -0.17354
vn -0.93859 0.03501 -0.34326
vn -0.76458 0.03501 -0.64358
vn -0.49885 0.03502 -0.86598
vn -0.19890 0.03584 -0.97936
vn 0.09366 0.04112 -0.99475
vn 0.51544 0.04845 -0.85555
vn 0.81384 0.03993 -0.57972
vn 0.94515 0.03557 -0.32469
vn 0.99939 0.03502 0.00178
vn 0.93859 0.03501 0.34326
vn 0.76624 0.03501 0.64160
vn 0.59964 0.03485 0.79951
vn 0.28552 0.03801 0.95762
vn -0.29061 0.03792 0.95609
vn -0.60044 0.03479 0.79891
vn -0.76819 0.03501 0.63926
vn -0.93964 0.03501 0.34036
vn -0.98425 0.03376 0.17355
vn -0.98434 0.03074 -0.17357
vn -0.93879 0.03041 -0.34315
vn -0.76481 0.03041 -0.64354
vn -0.49899 0.03042 -0.86608
vn -0.19438 0.03127 -0.98043
vn 0.10811 0.03642 -0.99347
vn 0.51402 0.04307 -0.85670
vn 0.80529 0.03509 -0.59185
vn 0.94417 0.03094 -0.32802
vn 0.99954 0.03041 0.00157
vn 0.93879 0.03041 0.34315
vn 0.76646 0.03041 0.64157
vn 0.59977 0.03028 0.79960
vn 0.28585 0.03302 0.95771
vn -0.29038 0.03293 0.95634
vn -0.60049 0.03021 0.79906
vn -0.76820 0.03041 0.63949
vn -0.93973 0.03041 0.34057
vn -0.98439 0.02913 0.17357
vn -0.98448 0.02586 -0.17359
vn -0.93899 0.02542 -0.34301
vn -0.76504 0.02542 -0.64348
vn -0.49914 0.02543 -0.86615
vn -0.18989 0.02623 -0.98145
vn 0.12235 0.03088 -0.99201
vn 0.51205 0.03653 -0.85818
vn 0.79683 0.02955 -0.60348
vn 0.94321 0.02589 -0.33120
vn 0.99968 0.02542 0.00132
vn 0.93899 0.02542 0.34301
vn 0.76670 0.02542 0.64150
vn 0.59991 0.02532 0.79967
vn 0.28623 0.02761 0.95776
vn -0.29010 0.02752 0.95660
vn -0.60052 0.02524 0.79921
vn -0.76818 0.02542 0.63973
vn -0.93979 0.02542 0.34080
vn -0.98452 0.02419 0.17360
vn -0.98459 0.02095 -0.17361
vn -0.93917 0.02047 -0.34285
vn -0.76526 0.02047 -0.64339
vn -0.49930 0.02049 -0.86619
vn -0.18580 0.02118 -0.98236
vn 0.13532 0.02511 -0.99048
vn 0.50983 0.02965 -0.85977
vn 0.78909 0.02389 -0.61381
vn 0.94234 0.02086 -0.33402
vn 0.99979 0.02048 0.00107
vn 0.93917 0.02047 0.34285
vn 0.76692 0.02047 0.64142
vn 0.60003 0.02040 0.79972
vn 0.28661 0.02224 0.95779
vn -0.28979 0.02216 0.95683
vn -0.60053 0.02033 0.79934
vn -0.76814 0.02047 0.63996
vn -0.93983 0.02047 0.34104
vn -0.98462 0.01937 0.17362
vn -0.98467 0.01643 -0.17362
vn -0.93931 0.01600 -0.34269
vn -0.76545 0.01600 -0.64329
vn -0.49945 0.01601 -0.86620
vn -0.18232 0.01657 -0.98310
vn 0.14632 0.01970 -0.98904
vn 0.50761 0.02316 -0.86127
vn 0.78251 0.01867 -0.62236
vn 0.94160 0.01630 -0.33635
vn 0.99987 0.01600 0.00084
vn 0.93931 0.01600 0.34269
vn 0.76711 0.01600 0.64132
vn 0.60013 0.01594 0.79974
vn 0.28697 0.01738 0.95778
vn -0.28949 0.01731 0.95703
vn -0.60053 0.01588 0.79945
vn -0.76807 0.01600 0.64016
vn -0.93983 0.01600 0.34126
vn -0.98470 0.01507 0.17363
vn -0.98473 0.01268 -0.17363
vn -0.93942 0.01235 -0.34256
vn -0.76560 0.01235 -0.64320
vn -0.49956 0.01236 -0.86619
vn -0.17953 0.01279 -0.98367
vn 0.15506 0.01515 -0.98779
vn 0.50562 0.01767 -0.86258
vn 0.77726 0.01432 -0.62901
vn 0.94101 0.01257 -0.33816
vn 0.99992 0.01236 0.00065
vn 0.93942 0.01235 0.34255
vn 0.76725 0.01235 0.64123
vn 0.60020 0.01231 0.79975
vn 0.28726 0.01342 0.95776
vn -0.28923 0.01337 0.95717
vn -0.60051 0.01226 0.79952
vn -0.76801 0.01235 0.64032
vn -0.93983 0.01235 0.34143
vn -0.98474 0.01165 0.17364
vn -0.98476 0.00996 -0.17364
vn -0.93948 0.00978 -0.34245
vn -0.76570 0.00978 -0.64312
vn -0.49964 0.00979 -0.86618
vn -0.17743 0.01011 -0.98408
vn 0.16161 0.01179 -0.98678
vn 0.50397 0.01353 -0.86361
vn 0.77336 0.01116 -0.63387
vn 0.94057 0.00994 -0.33947
vn 0.99995 0.00979 0.00051
vn 0.93948 0.00978 0.34245
vn 0.76735 0.00978 0.64115
vn 0.60025 0.00975 0.79975
vn 0.28747 0.01063 0.95773
vn -0.28904 0.01060 0.95726
vn -0.60050 0.00972 0.79957
vn -0.76795 0.00978 0.64043
vn -0.93981 0.00978 0.34155
vn -0.98477 0.00931 0.17364
vn -0.98477 0.00840 -0.17364
vn -0.93952 0.00840 -0.34240
vn -0.76575 0.00840 -0.64308
vn -0.49967 0.00840 -0.86617
vn -0.17590 0.00862 -0.98437
vn 0.16626 0.00976 -0.98603
vn 0.50272 0.01091 -0.86438
vn 0.77062 0.00931 -0.63722
vn 0.94026 0.00850 -0.34035
vn 0.99996 0.00840 0.00043
vn 0.93952 0.00840 0.34240
vn 0.76740 0.00840 0.64111
vn 0.60028 0.00836 0.79975
vn 0.28758 0.00911 0.95771
vn -0.28894 0.00910 0.95730
vn -0.60049 0.00835 0.79959
vn -0.76792 0.00840 0.64049
vn -0.93980 0.00840 0.34162
vn -0.98478 0.00814 0.17364
vn -0.98478 0.00798 -0.17364
vn -0.93952 0.00815 -0.34239
vn -0.76576 0.00815 -0.64308
vn -0.49966 0.00816 -0.86618
vn -0.17484 0.00830 -0.98456
vn 0.16940 0.00903 -0.98551
vn 0.50183 0.00976 -0.86491
vn 0.76883 0.00873 -0.63939
vn 0.94007 0.00822 -0.34089
vn 0.99997 0.00816 0.00042
vn 0.93952 0.00815 0.34239
vn 0.76741 0.00815 0.64111
vn 0.60028 0.00811 0.79975
vn 0.28760 0.00884 0.95771
vn -0.28893 0.00885 0.95731
vn -0.60049 0.00811 0.79959
vn -0.76792 0.00815 0.64050
vn -0.93980 0.00815 0.34163
vn -0.98478 0.00808 0.17364
vn -0.98477 0.00857 -0.17364
vn -0.93950 0.00890 -0.34242
vn -0.76573 0.00890 -0.64310
vn -0.49961 0.00891 -0.86620
vn -0.17412 0.00899 -0.98468
vn 0.17144 0.00944 -0.98515
vn 0.50127 0.00988 -0.86524
vn 0.76773 0.00925 -0.64070
vn 0.93996 0.00894 -0.34118
vn 0.99996 0.00890 0.00045
vn 0.93950 0.00890 0.34242
vn 0.76738 0.00890 0.64113
vn 0.60027 0.00885 0.79975
vn 0.28753 0.00965 0.95772
vn -0.28899 0.00966 0.95728
vn -0.60050 0.00886 0.79958
vn -0.76794 0.00890 0.64046
vn -0.93981 0.00890 0.34159
vn -0.98477 0.00896 0.17364
vn -0.98476 0.00995 -0.17364
vn -0.93946 0.01041 -0.34249
vn -0.76567 0.01041 -0.64315
vn -0.49953 0.01041 -0.86623
vn -0.17363 0.01046 -0.98476
vn 0.17272 0.01072 -0.98491
vn 0.50094 0.01097 -0.86541
vn 0.76711 0.01061 -0.64143
vn 0.93990 0.01043 -0.34129
vn 0.99995 0.01041 0.00053
vn 0.93946 0.01041 0.34249
vn 0.76732 0.01041 0.64118
vn 0.60024 0.01034 0.79976
vn 0.28739 0.01128 0.95775
vn -0.28912 0.01130 0.95723
vn -0.60051 0.01037 0.79955
vn -0.76798 0.01041 0.64039
vn -0.93982 0.01041 0.34151
vn -0.98475 0.01055 0.17364
vn -0.98474 0.01186 -0.17364
vn -0.93940 0.01240 -0.34259
vn -0.76558 0.01240 -0.64322
vn -0.49942 0.01241 -0.86627
vn -0.17328 0.01243 -0.98479
vn 0.17351 0.01258 -0.98475
vn 0.50079 0.01271 -0.86548
vn 0.76678 0.01251 -0.64178
vn 0.93988 0.01242 -0.34129
vn 0.99992 0.01240 0.00063
vn 0.93940 0.01240 0.34258
vn 0.76723 0.01240 0.64125
vn 0.60020 0.01232 0.79976
vn 0.28721 0.01344 0.95777
vn -0.28928 0.01347 0.95715
vn -0.60052 0.01235 0.79951
vn -0.76803 0.01240 0.64030
vn -0.93984 0.01240 0.34140
vn -0.98473 0.01257 0.17363
vn -0.98471 0.01403 -0.17363
vn -0.93933 0.01463 -0.34269
vn -0.76548 0.01463 -0.64329
vn -0.49930 0.01463 -0.86631
vn -0.17302 0.01464 -0.98481
vn 0.17400 0.01472 -0.98464
vn 0.50074 0.01479 -0.86547
vn 0.76664 0.01468 -0.64191
vn 0.93987 0.01463 -0.34122
vn 0.99989 0.01463 0.00075
vn 0.93934 0.01463 0.34269
vn 0.76713 0.01463 0.64132
vn 0.60015 0.01453 0.79976
vn 0.28700 0.01585 0.95780
vn -0.28947 0.01588 0.95705
vn -0.60054 0.01456 0.79946
vn -0.76808 0.01463 0.64019
vn -0.93985 0.01463 0.34128
vn -0.98470 0.01478 0.17363
vn -0.98468 0.01624 -0.17363
vn -0.93926 0.01685 -0.34280
vn -0.76537 0.01685 -0.64337
vn -0.49917 0.01685 -0.86634
vn -0.17282 0.01686 -0.98481
vn 0.17431 0.01690 -0.98455
vn 0.50076 0.01693 -0.86542
vn 0.76659 0.01688 -0.64192
vn 0.93987 0.01685 -0.34112
vn 0.99986 0.01685 0.00088
vn 0.93926 0.01685 0.34280
vn 0.76703 0.01685 0.64140
vn 0.60009 0.01674 0.79976
vn 0.28678 0.01826 0.95782
vn -0.28967 0.01829 0.95695
vn -0.60055 0.01677 0.79941
vn -0.76813 0.01685 0.64007
vn -0.93986 0.01685 0.34115
vn -0.98467 0.01695 0.17362
vn -0.98464 0.01830 -0.17362
vn -0.93918 0.01891 -0.34290
vn -0.76526 0.01891 -0.64344
vn -0.49904 0.01891 -0.86637
vn -0.17266 0.01891 -0.98480
vn 0.17452 0.01893 -0.98447
vn 0.50081 0.01895 -0.86535
vn 0.76659 0.01892 -0.64186
vn 0.93987 0.01891 -0.34101
vn 0.99982 0.01891 0.00100
vn 0.93918 0.01891 0.34290
vn 0.76692 0.01891 0.64146
vn 0.60004 0.01879 0.79975
vn 0.28656 0.02049 0.95784
vn -0.28986 0.02052 0.95685
vn -0.60056 0.01882 0.79936
vn -0.76818 0.01891 0.63995
vn -0.93987 0.01891 0.34102
vn -0.98463 0.01894 0.17362
vn -0.98461 0.02012 -0.17361
vn -0.93911 0.02070 -0.34300
vn -0.76516 0.02070 -0.64350
vn -0.49893 0.02070 -0.86640
vn -0.17252 0.02070 -0.98479
vn 0.17468 0.02071 -0.98441
vn 0.50087 0.02071 -0.86527
vn 0.76661 0.02070 -0.64177
vn 0.93987 0.02070 -0.34089
vn 0.99979 0.02070 0.00112
vn 0.93911 0.02070 0.34299
vn 0.76682 0.02070 0.64153
vn 0.59999 0.02057 0.79974
vn 0.28636 0.02244 0.95786
vn -0.29004 0.02245 0.95675
vn -0.60057 0.02060 0.79931
vn -0.76823 0.02070 0.63984
vn -0.93987 0.02070 0.34090
vn -0.98460 0.02065 0.17361
vn -0.98458 0.02162 -0.17361
vn -0.93904 0.02217 -0.34308
vn -0.76507 0.02217 -0.64356
vn -0.49882 0.02217 -0.86642
vn -0.17241 0.02217 -0.98478
vn 0.17479 0.02217 -0.98436
vn 0.50094 0.02218 -0.86520
vn 0.76665 0.02217 -0.64169
vn 0.93988 0.02217 -0.34079
vn 0.99975 0.02217 0.00122
vn 0.93904 0.02217 0.34308
vn 0.76673 0.02217 0.64159
vn 0.59994 0.02204 0.79974
vn 0.28618 0.02404 0.95787
vn -0.29020 0.02405 0.95667
vn -0.60058 0.02206 0.79926
vn -0.76827 0.02217 0.63974
vn -0.93988 0.02217 0.34079
vn -0.98457 0.02205 0.17361
vn -0.98455 0.02281 -0.17360
vn -0.93899 0.02332 -0.34316
vn -0.76499 0.02332 -0.64362
vn -0.49873 0.02332 -0.86644
vn -0.17231 0.02332 -0.98477
vn 0.17489 0.02333 -0.98431
vn 0.50100 0.02333 -0.86513
vn 0.76668 0.02332 -0.64160
vn 0.93988 0.02332 -0.34069
vn 0.99973 0.02332 0.00131
vn 0.93899 0.02332 0.34316
vn 0.76665 0.02332 0.64164
vn 0.59990 0.02319 0.79974
vn 0.28602 0.02529 0.95789
vn -0.29034 0.02530 0.95659
vn -0.60058 0.02320 0.79923
vn -0.76831 0.02332 0.63966
vn -0.93988 0.02332 0.34069
vn -0.98454 0.02313 0.17360
vn -0.98453 0.02370 -0.17360
vn -0.93894 0.02419 -0.34323
vn -0.76493 0.02419 -0.64366
vn -0.49865 0.02419 -0.86647
vn -0.17223 0.02419 -0.98476
vn 0.17496 0.02419 -0.98428
vn 0.50106 0.02419 -0.86508
vn 0.76671 0.02419 -0.64153
vn 0.93989 0.02419 -0.34061
vn 0.99971 0.02419 0.00139
vn 0.93894 0.02419 0.34323
vn 0.76659 0.02419 0.64169
vn 0.59987 0.02405 0.79974
vn 0.28588 0.02623 0.95791
vn -0.29046 0.02623 0.95653
vn -0.60059 0.02406 0.79919
vn -0.76834 0.02419 0.63958
vn -0.93989 0.02419 0.34061
vn -0.98453 0.02394 0.17360
vn -0.98342 0.05305 -0.17340
vn -0.92511 0.07539 -0.37215
vn -0.74203 0.07539 -0.66611
vn -0.46946 0.07539 -0.87973
vn -0.14026 0.07539 -0.98724
vn 0.20585 0.07539 -0.97568
vn 0.52714 0.07539 -0.84643
vn 0.78484 0.07539 -0.61509
vn 0.94788 0.07539 -0.30957
vn 0.99660 0.07539 0.03330
vn 0.92511 0.07539 0.37215
vn 0.74408 0.07537 0.66382
vn 0.59013 0.07401 0.80391
vn 0.23218 0.08100 0.96929
vn -0.34164 0.08228 0.93622
vn -0.60734 0.07605 0.79079
vn -0.78610 0.07541 0.61348
vn -0.94788 0.07539 0.30956
vn -0.97933 0.10529 0.17268
vn -0.91056 0.38093 -0.16056
vn -0.83543 0.44864 -0.31747
vn -0.67646 0.44864 -0.58405
vn -0.43591 0.44864 -0.78020
vn -0.14278 0.44864 -0.88223
vn 0.16757 0.44864 -0.87786
vn 0.45771 0.44864 -0.76761
vn 0.69265 0.44864 -0.56477
vn 0.84404 0.44864 -0.29381
vn 0.89362 0.44864 0.01259
vn 0.83543 0.44864 0.31747
vn 0.67810 0.44859 0.58219
vn 0.53467 0.44410 0.71896
vn 0.23302 0.47629 0.84785
vn -0.27319 0.47990 0.83371
vn -0.53964 0.44938 0.71193
vn -0.69395 0.44869 0.56313
vn -0.84404 0.44864 0.29381
vn -0.84776 0.50888 0.14948
vn -0.67864 0.72466 -0.11966
vn -0.59809 0.76449 -0.24052
vn -0.47976 0.76449 -0.43057
vn -0.30357 0.76449 -0.56869
vn -0.09075 0.76449 -0.63822
vn 0.13300 0.76449 -0.63077
vn 0.34072 0.76449 -0.54724
vn 0.50734 0.76449 -0.39771
vn 0.61277 0.76449 -0.20020
vn 0.64428 0.76449 0.02145
vn 0.59809 0.76449 0.24051
vn 0.48109 0.76448 0.42909
vn 0.38345 0.76168 0.52232
vn 0.14305 0.78963 0.59667
vn -0.21065 0.78864 0.57764
vn -0.39286 0.76418 0.51156
vn -0.50814 0.76450 0.39665
vn -0.61277 0.76449 0.20020
vn -0.58902 0.80142 0.10386
vn -0.39353 0.91669 -0.06939
vn -0.33687 0.92947 -0.15037
vn -0.26512 0.92947 -0.25652
vn -0.16140 0.92947 -0.33172
vn -0.03821 0.92947 -0.36692
vn 0.08959 0.92947 -0.35786
vn 0.20658 0.92947 -0.30564
vn 0.29866 0.92947 -0.21655
vn 0.35471 0.92947 -0.10134
vn 0.36798 0.92947 0.02609
vn 0.33687 0.92947 0.15037
vn 0.26602 0.92949 0.25551
vn 0.21570 0.92881 0.30129
vn 0.05839 0.93963 0.33719
vn -0.14008 0.93744 0.31873
vn -0.22855 0.92932 0.29004
vn -0.29898 0.92947 0.21611
vn -0.35471 0.92947 0.10134
vn -0.31702 0.94677 0.05590
vn -0.16303 0.98620 -0.02875
vn -0.14406 0.98626 -0.08090
vn -0.10771 0.98626 -0.12529
vn -0.05836 0.98626 -0.15457
vn -0.00197 0.98626 -0.16521
vn 0.05465 0.98626 -0.15592
vn 0.10469 0.98626 -0.12783
vn 0.14209 0.98626 -0.08431
vn 0.16236 0.98626 -0.03063
vn 0.16304 0.98626 0.02675
vn 0.14406 0.98626 0.08090
vn 0.10826 0.98628 0.12464
vn 0.09113 0.98660 0.13536
vn 0.00291 0.98847 0.15142
vn -0.08720 0.98682 0.13630
vn -0.10637 0.98625 0.12650
vn -0.14211 0.98626 0.08429
vn -0.16236 0.98626 0.03063
vn -0.16303 0.98620 0.02875
f 1/1/1 20/20/20 2/2/2
f 2/2/2 20/20/20 21/21/21
f 2/2/2 21/21/21 3/3/3
f 3/3/3 21/21/21 22/22/22
f 3/3/3 22/22/22 4/4/4
f 4/4/4 22/22/22 23/23/23
f 4/4/4 23/23/23 5/5/5
f 5/5/5 23/23/23 24/24/24
f 5/5/5 24/24/24 6/6/6
f 6/6/6 24/24/24 25/25/25
f 6/6/6 25/25/25 7/7/7
f 7/7/7 25/25/25 26/26/26
f 7/7/7 26/26/26 8/8/8
f 8/8/8 26/26/26 27/27/27
f 8/8/8 27/27/27 9/9/9
f 9/9/9 27/27/27 28/28/28
f 9/9/9 28/28/28 10/10/10
f 10/10/10 28/28/28 29/29/29
f 10/10/10 29/29/29 11/11/11
f 11/11/11 29/29/29 30/30/30
f 11/11/11 30/30/30 12/12/12
f 12/12/12 30/30/30 31/31/31
f 12/12/12 31/31/31 13/13/13
f 13/13/13 31/31/31 32/32/32
f 13/13/13 32/32/32 14/14/14
f 14/14/14 32/32/32 33/33/33
f 14/14/14 33/33/33 15/15/15
f 15/15/15 33/33/33 34/34/34
f 15/15/15 34/34/34 16/16/16
f 16/16/16 34/34/34 35/35/35
f 16/16/16 35/35/35 17/17/17
f 17/17/17 35/35/35 36/36/36
f 17/17/17 36/36/36 18/18/18
f 18/18/18 36/36/36 37/37/37
f 18/18/18 37/37/37 19/19/19
f 19/19/19 37/37/37 38/38/38
f 20/20/20 39/39/39 21/21/21
f 21/21/21 39/39/39 40/40/40
f 21/21/21 40/40/40 22/22/22
f 22/22/22 40/40/40 41/41/41
f 22/22/22 41/41/41 23/23/23
f 23/23/23 41/41/41 42/42/42
f 23/23/23 42/42/42 24/24/24
f 24/24/24 42/42/42 43/43/43
f 24/24/24 43/43/43 25/25/25
f 25/25/25 43/43/43 44/44/44
f 25/25/25 44/44/44 26/26/26
f 26/26/26 44/44/44 45/45/45
f 26/26/26 45/45/45 27/27/27
f 27/27/27 45/45/45 46/46/46
f 27/27/27 46/46/46 28/28/28
f 28/28/28 46/46/46 47/47/47
f 28/28/28 47/47/47 29/29/29
f 29/29/29 47/47/47 48/48/48
f 29/29/29 48/48/48 30/30/30
f 30/30/30 48/48/48 49/49/49
f 30/30/30 49/49/49 31/31/31
f 31/31/31 49/49/49 50/50/50
f 31/31/31 50/50/50 32/32/32
f 32/32/32 50/50/50 51/51/51
f 32/32/32 51/51/51 33/33/33
f 33/33/33 51/51/51 52/52/52
f 33/33/33 52/52/52 34/34/34
f 34/34/34 52/52/52 53/53/53
f 34/34/34 53/53/53 35/35/35
f 35/35/35 53/53/53 54/54/54
f 35/35/35 54/54/54 36/36/36
f 36/36/36 54/54/54 55/55/55
f 36/36/36 55/55/55 37/37/37
f 37/37/37 55/55/55 56/56/56
f 37/37/37 56/56/56 38/38/38
f 38/38/38 56/56/56 57/57/57
f 39/39/39 58/58/58 40/40/40
f 40/40/40 58/58/58 59/59/59
f 40/40/40 59/59/59 41/41/41
f 41/41/41 59/59/59 60/60/60
f 41/41/41 60/60/60 42/42/42
f 42/42/42 60/60/60 61/61/61
f 42/42/42 61/61/61 43/43/43
f 43/43/43 61/61/61 62/62/62
f 43/43/43 62/62/62 44/44/44
f 44/44/44 62/62/62 63/63/63
f 44/44/44 63/63/63 45/45/45
f 45/45/45 63/63/63 64/64/64
f 45/45/45 64/64/64 46/46/46
f 46/46/46 64/64/64 65/65/65
f 46/46/46 65/65/65 47/47/47
f 47/47/47 65/65/65 66/66/66
f 47/47/47 66/66/66 48/48/48
f 48/48/48 66/66/66 67/67/67
f 48/48/48 67/67/67 49/49/49
f 49/49/49 67/67/67 68/68/68
f 49/49/49 68/68/68 50/50/50
f 50/50/50 68/68/68 69/69/69
f 50/50/50 69/69/69 51/51/51
f 51/51/51 69/69/69 70/70/70
f 51/51/51 70/70/70 52/52/52
f 52/52/52 70/70/70 71/71/71
f 52/52/52 71/71/71 53/53/53
f 53/53/53 71/71/71 72/72/72
f 53/53/53 72/72/72 54/54/54
f 54/54/54 72/72/72 73/73/73
f 54/54/54 73/73/73 55/55/55
f 55/55/55 73/73/73 74/74/74
f 55/55/55 74/74/74 56/56/56
f 56/56/56 74/74/74 75/75/75
f 56/56/56 75/75/75 57/57/57
f 57/57/57 75/75/75 76/76/76
f 58/58/58 77/77/77 59/59/59
f 59/59/59 77/77/77 78/78/78
f 59/59/59 78/78/78 60/60/60
f 60/60/60 78/78/78 79/79/79
f 60/60/60 79/79/79 61/61/61
f 61/61/61 79/79/79 80/80/80
f 61/61/61 80/80/80 62/62/62
f 62/62/62 80/80/80 81/81/81
f 62/62/62 81/81/81 63/63/63
f 63/63/63 81/81/81 82/82/82
f 63/63/63 82/82/82 64/64/64
f 64/64/64 82/82/82 83/83/83
f 64/64/64 83/83/83 65/65/65
f 65/65/65 83/83/83 84/84/84
f 65/65/65 84/84/84 66/66/66
f 66/66/66 84/84/84 85/85/85
f 66/66/66 85/85/85 67/67/67
f 67/67/67 85/85/85 86/86/86
f 67/67/67 86/86/86 68/68/68
f 68/68/68 86/86/86 87/87/87
f 68/68/68 87/87/87 69/69/69
f 69/69/69 87/87/87 88/88/88
f 69/69/69 88/88/88 70/70/70
f 70/70/70 88/88/88 89/89/89
f 70/70/70 89/89/89 71/71/71
f 71/71/71 89/89/89 90/90/90
f 71/71/71 90/90/90 72/72/72
f 72/72/72 90/90/90 91/91/91
f 72/72/72 91/91/91 73/73/73
f 73/73/73 91/91/91 92/92/92
f 73/73/73 92/92/92 74/74/74
f 74/74/74 92/92/92 93/93/93
f 74/74/74 93/93/93 75/75/75
f 75/75/75 93/93/93 94/94/94
f 75/75/75 94/94/94 76/76/76
f 76/76/76 94/94/94 95/95/95
f 77/77/77 96/96/96 78/78/78
f 78/78/78 96/96/96 97/97/97
f 78/78/78 97/97/97 79/79/79
f 79/79/79 97/97/97 98/98/98
f 79/79/79 98/98/98 80/80/80
f 80/80/80 98/98/98 99/99/99
f 80/80/80 99/99/99 81/81/81
f 81/81/81 99/99/99 100/100/100
f 81/81/81 100/100/100 82/82/82
f 82/82/82 100/100/100 101/101/101
f 82/82/82 101/101/101 83/83/83
f 83/83/83 101/101/101 102/102/102
f 83/83/83 102/102/102 84/84/84
f 84/84/84 102/102/102 103/103/103
f 84/84/84 103/103/103 85/85/85
f 85/85/85 103/103/103 104/104/104
f 85/85/85 104/104/104 86/86/86
f 86/86/86 104/104/104 105/105/105
f 86/86/86 105/105/105 87/87/87
f 87/87/87 105/105/105 106/106/106
f 87/87/87 106/106/106 88/88/88
f 88/88/88 106/106/106 107/107/107
f 88/88/88 107/107/107 89/89/89
f 89/89/89 107/107/107 108/108/108
f 89/89/89 108/108/108 90/90/90
f 90/90/90 108/108/108 109/109/109
f 90/90/90 109/109/109 91/91/91
f 91/91/91 109/109/109 110/110/110
f 91/91/91 110/110/110 92/92/92
f 92/92/92 110/110/110 111/111/111
f 92/92/92 111/111/111 93/93/93
f 93/93/93 111/111/111 112/112/112
f 93/93/93 112/112/112 94/94/94
f 94/94/94 112/112/112 113/113/113
f 94/94/94 113/113/113 95/95/95
f 95/95/95 113/113/113 114/114/114
f 96/96/96 115/115/115 97/97/97
f 97/97/97 115/115/115 116/116/116
f 97/97/97 116/116/116 98/98/98
f 98/98/98 116/116/116 117/117/117
f 98/98/98 117/117/117 99/99/99
f 99/99/99 117/117/117 118/118/118
f 99/99/99 118/118/118 100/100/100
f 100/100/100 118/118/118 119/119/119
f 100/100/100 119/119/119 101/101/101
f 101/101/101 119/119/119 120/120/120
f 101/101/101 120/120/120 102/102/102
f 102/102/102 120/120/120 121/121/121
f 102/102/102 121/121/121 103/103/103
f 103/103/103 121/121/121 122/122/122
f 103/103/103 122/122/122 104/104/104
f 104/104/104 122/122/122 123/123/123
f 104/104/104 123/123/123 105/105/105
f 105/105/105 123/123/123 124/124/124
f 105/105/105 124/124/124 106/106/106
f 106/106/106 124/124/124 125/125/125
f 106/106/106 125/125/125 107/107/107
f 107/107/107 125/125/125 126/126/126
f 107/107/107 126/126/126 108/108/108
f 108/108/108 126/126/126 127/127/127
f 108/108/108 127/127/127 109/109/109
f 109/109/109 127/127/127 128/128/128
f 109/109/109 128/128/128 110/110/110
f 110/110/110 128/128/128 129/129/129
f 110/110/110 129/129/129 111/111/111
f 111/111/111 129/129/129 130/130/130
f 111/111/111 130/130/130 112/112/112
f 112/112/112 130/130/130 131/131/131
f 112/112/112 131/131/131 113/113/113
f 113/113/113 131/131/131 132/132/132
f 113/113/113 132/132/132 114/114/114
f 114/114/114 132/132/132 133/133/133
f 115/115/115 134/134/134 116/116/116
f 116/116/116 134/134/134 135/135/135
f 116/116/116 135/135/135 117/117/117
f 117/117/117 135/135/135 136/136/136
f 117/117/117 136/136/136 118/118/118
f 118/118/118 136/136/136 137/137/137
f 118/118/118 137/137/137 119/119/119
f 119/119/119 137/137/137 138/138/138
f 119/119/119 138/138/138 120/120/120
f 120/120/120 138/138/138 139/139/139
f 120/120/120 139/139/139 121/121/121
f 121/121/121 139/139/139 140/140/140
f 121/121/121 140/140/140 122/122/122
f 122/122/122 140/140/140 141/141/141
f 122/122/122 141/141/141 123/123/123
f 123/123/123 141/141/141 142/142/142
f 123/123/123 142/142/142 124/124/124
f 124/124/124 142/142/142 143/143/143
f 124/124/124 143/143/143 125/125/125
f 125/125/125 143/143/143 144/144/144
f 125/125/125 144/144/144 126/126/126
f 126/126/126 144/144/144 145/145/145
f 126/126/126 145/145/145 127/127/127
f 127/127/127 145/145/145 146/146/146
f 127/127/127 146/146/146 128/128/128
f 128/128/128 146/146/146 147/147/147
f 128/128/128 147/147/147 129/129/129
f 129/129/129 147/147/147 148/148/148
f 129/129/129 148/148/148 130/130/130
f 130/130/130 148/148/148 149/149/149
f 130/130/130 149/149/149 131/131/131
f 131/131/131 149/149/149 150/150/150
f 131/131/131 150/150/150 132/132/132
f 132/132/132 150/150/150 151/151/151
f 132/132/132 151/151/151 133/133/133
f 133/133/133 151/151/151 152/152/152
f 134/134/134 153/153/153 135/135/135
f 135/135/135 153/153/153 154/154/154
f 135/135/135 154/154/154 136/136/136
f 136/136/136 154/154/154 155/155/155
f 136/136/136 155/155/155 137/137/137
f 137/137/137 155/155/155 156/156/156
f 137/137/137 156/156/156 138/138/138
f 138/138/138 156/156/156 157/157/157
f 138/138/138 157/157/157 139/139/139
f 139/139/139 157/157/157 158/158/158
f 139/139/139 158/158/158 140/140/140
f 140/140/140 158/158/158 159/159/159
f 140/140/140 159/159/159 141/141/141
f 141/141/141 159/159/159 160/160/160
f 141/141/141 160/160/160 142/142/142
f 142/142/142 160/160/160 161/161/161
f 142/142/142 161/161/161 143/143/143
f 143/143/143 161/161/161 162/162/162
f 143/143/143 162/162/162 144/144/144
f 144/144/144 162/162/162 163/163/163
f 144/144/144 163/163/163 145/145/145
f 145/145/145 163/163/163 164/164/164
f 145/145/145 164/164/164 146/146/146
f 146/146/146 164/164/164 165/165/165
f 146/146/146 165/165/165 147/147/147
f 147/147/147 165/165/165 166/166/166
f 147/147/147 166/166/166 148/148/148
f 148/148/148 166/166/166 167/167/167
f 148/148/148 167/167/167 149/149/149
f 149/149/149 167/167/167 168/168/168
f 149/149/149 168/168/168 150/150/150
f 150/150/150 168/168/168 169/169/169
f 150/150/150 169/169/169 151/151/151
f 151/151/151 169/169/169 170/170/170
f 151/151/151 170/170/170 152/152/152
f 152/152/152 170/170/170 171/171/171
f 153/153/153 172/172/172 154/154/154
f 154/154/154 172/172/172 173/173/173
f 154/154/154 173/173/173 155/155/155
f 155/155/155 173/173/173 174/174/174
f 155/155/155 174/174/174 156/156/156
f 156/156/156 174/174/174 175/175/175
f 156/156/156 175/175/175 157/157/157
f 157/157/157 175/175/175 176/176/176
f 157/157/157 176/176/176 158/158/158
f 158/158/158 176/176/176 177/177/177
f 158/158/158 177/177/177 159/159/159
f 159/159/159 177/177/177 178/178/178
f 159/159/159 178/178/178 160/160/160
f 160/160/160 178/178/178 179/179/179
f 160/160/160 179/179/179 161/161/161
f 161/161/161 179/179/179 180/180/180
f 161/161/161 180/180/180 162/162/162
f 162/162/162 180/180/180 181/181/181
f 162/162/162 181/181/181 163/163/163
f 163/163/163 181/181/181 182/182/182
f 163/163/163 182/182/182 164/164/164
f 164/164/164 182/182/182 183/183/183
f 164/164/164 183/183/183 165/165/165
f 165/165/165 183/183/183 184/184/184
f 165/165/165 184/184/184 166/166/166
f 166/166/166 184/184/184 185/185/185
f 166/166/166 185/185/185 167/167/167
f 167/167/167 185/185/185 186/186/186
f 167/167/167 186/186/186 168/168/168
f 168/168/168 186/186/186 187/187/187
f 168/168/168 187/187/187 169/169/169
f 169/169/169 187/187/187 188/188/188
f 169/169/169 188/188/188 170/170/170
f 170/170/170 188/188/188 189/189/189
f 170/170/170 189/189/189 171/171/171
f 171/171/171 189/189/189 190/190/190
f 172/172/172 191/191/191 173/173/173
f 173/173/173 191/191/191 192/192/192
f 173/173/173 192/192/192 174/174/174
f 174/174/174 192/192/192 193/193/193
f 174/174/174 193/193/193 175/175/175
f 175/175/175 193/193/193 194/194/194
f 175/175/175 194/194/194 176/176/176
f 176/176/176 194/194/194 195/195/195
f 176/176/176 195/195/195 177/177/177
f 177/177/177 195/195/195 196/196/196
f 177/177/177 196/196/196 178/178/178
f 178/178/178 196/196/196 197/197/197
f 178/178/178 197/197/197 179/179/179
f 179/179/179 197/197/197 198/198/198
f 179/179/179 198/198/198 180/180/180
f 180/180/180 198/198/198 199/199/199
f 180/180/180 199/199/199 181/181/181
f 181/181/181 199/199/199 200/200/200
f 181/181/181 200/200/200 182/182/182
f 182/182/182 200/200/200 201/201/201
f 182/182/182 201/201/201 183/183/183
f 183/183/183 201/201/201 202/202/202
f 183/183/183 202/202/202 184/184/184
f 184/184/184 202/202/202 203/203/203
f 184/184/184 203/203/203 185/185/185
f 185/185/185 203/203/203 204/204/204
f 185/185/185 204/204/204 186/186/186
f 186/186/186 204/204/204 205/205/205
f 186/186/186 205/205/205 187/187/187
f 187/187/187 205/205/205 206/206/206
f 187/187/187 206/206/206 188/188/188
f 188/188/188 206/206/206 207/207/207
f 188/188/188 207/207/207 189/189/189
f 189/189/189 207/207/207 208/208/208
f 189/189/189 208/208/208 190/190/190
f 190/190/190 208/208/208 209/209/209
f 191/191/191 210/210/210 192/192/192
f 192/192/192 210/210/210 211/211/211
f 192/192/192 211/211/211 193/193/193
f 193/193/193 211/211/211 212/212/212
f 193/193/193 212/212/212 194/194/194
f 194/194/194 212/212/212 213/213/213
f 194/194/194 213/213/213 195/195/195
f 195/195/195 213/213/213 214/214/214
f 195/195/195 214/214/214 196/196/196
f 196/196/196 214/214/214 215/215/215
f 196/196/196 215/215/215 197/197/197
f 197/197/197 215/215/215 216/216/216
f 197/197/197 216/216/216 198/198/198
f 198/198/198 216/216/216 217/217/217
f 198/198/198 217/217/217 199/199/199
f 199/199/199 217/217/217 218/218/218
f 199/199/199 218/218/218 200/200/200
f 200/200/200 218/218/218 219/219/219
f 200/200/200 219/219/219 201/201/201
f 201/201/201 219/219/219 220/220/220
f 201/201/201 220/220/220 202/202/202
f 202/202/202 220/220/220 221/221/221
f 202/202/202 221/221/221 203/203/203
f 203/203/203 221/221/221 222/222/222
f 203/203/203 222/222/222 204/204/204
f 204/204/204 222/222/222 223/223/223
f 204/204/204 223/223/223 205/205/205
f 205/205/205 223/223/223 224/224/224
f 205/205/205 224/224/224 206/206/206
f 206/206/206 224/224/224 225/225/225
f 206/206/206 225/225/225 207/207/207
f 207/207/207 225/225/225 226/226/226
f 207/207/207 226/226/226 208/208/208
f 208/208/208 226/226/226 227/227/227
f 208/208/208 227/227/227 209/209/209
f 209/209/209 227/227/227 228/228/228
f 210/210/210 229/229/229 211/211/211
f 211/211/211 229/229/229 230/230/230
f 211/211/211 230/230/230 212/212/212
f 212/212/212 230/230/230 231/231/231
f 212/212/212 231/231/231 213/213/213
f 213/213/213 231/231/231 232/232/232
f 213/213/213 232/232/232 214/214/214
f 214/214/214 232/232/232 233/233/233
f 214/214/214 233/233/233 215/215/215
f 215/215/215 233/233/233 234/234/234
f 215/215/215 234/234/234 216/216/216
f 216/216/216 234/234/234 235/235/235
f 216/216/216 235/235/235 217/217/217
f 217/217/217 235/235/235 236/236/236
f 217/217/217 236/236/236 218/218/218
f 218/218/218 236/236/236 237/237/237
f 218/218/218 237/237/237 219/219/219
f 219/219/219 237/237/237 238/238/238
f 219/219/219 238/238/238 220/220/220
f 220/220/220 238/238/238 239/239/239
f 220/220/220 239/239/239 221/221/221
f 221/221/221 239/239/239 240/240/240
f 221/221/221 240/240/240 222/222/222
f 222/222/222 240/240/240 241/241/241
f 222/222/222 241/241/241 223/223/223
f 223/223/223 241/241/241 242/242/242
f 223/223/223 242/242/242 224/224/224
f 224/224/224 242/242/242 243/243/243
f 224/224/224 243/243/243 225/225/225
f 225/225/225 243/243/243 244/244/244
f 225/225/225 244/244/244 226/226/226
f 226/226/226 244/244/244 245/245/245
f 226/226/226 245/245/245 227/227/227
f 227/227/227 245/245/245 246/246/246
f 227/227/227 246/246/246 228/228/228
f 228/228/228 246/246/246 247/247/247
f 229/229/229 248/248/248 230/230/230
f 230/230/230 248/248/248 249/249/249
f 230/230/230 249/249/249 231/231/231
f 231/231/231 249/249/249 250/250/250
f 231/231/231 250/250/250 232/232/232
f 232/232/232 250/250/250 251/251/251
f 232/232/232 251/251/251 233/233/233
f 233/233/233 251/251/251 252/252/252
f 233/233/233 252/252/252 234/234/234
f 234/234/234 252/252/252 253/253/253
f 234/234/234 253/253/253 235/235/235
f 235/235/235 253/253/253 254/254/254
f 235/235/235 254/254/254 236/236/236
f 236/236/236 254/254/254 255/255/255
f 236/236/236 255/255/255 237/237/237
f 237/237/237 255/255/255 256/256/256
f 237/237/237 256/256/256 238/238/238
f 238/238/238 256/256/256 257/257/257
f 238/238/238 257/257/257 239/239/239
f 239/239/239 257/257/257 258/258/258
f 239/239/239 258/258/258 240/240/240
f 240/240/240 258/258/258 259/259/259
f 240/240/240 259/259/259 241/241/241
f 241/241/241 259/259/259 260/260/260
f 241/241/241 260/260/260 242/242/242
f 242/242/242 260/260/260 261/261/261
f 242/242/242 261/261/261 243/243/243
f 243/243/243 261/261/261 262/262/262
f 243/243/243 262/262/262 244/244/244
f 244/244/244 262/262/262 263/263/263
f 244/244/244 263/263/263 245/245/245
f 245/245/245 263/263/263 264/264/264
f 245/245/245 264/264/264 246/246/246
f 246/246/246 264/264/264 265/265/265
f 246/246/246 265/265/265 247/247/247
f 247/247/247 265/265/265 266/266/266
f 248/248/248 267/267/267 249/249/249
f 249/249/249 267/267/267 268/268/268
f 249/249/249 268/268/268 250/250/250
f 250/250/250 268/268/268 269/269/269
f 250/250/250 269/269/269 251/251/251
f 251/251/251 269/269/269 270/270/270
f 251/251/251 270/270/270 252/252/252
f 252/252/252 270/270/270 271/271/271
f 252/252/252 271/271/271 253/253/253
f 253/253/253 271/271/271 272/272/272
f 253/253/253 272/272/272 254/254/254
f 254/254/254 272/272/272 273/273/273
f 254/254/254 273/273/273 255/255/255
f 255/255/255 273/273/273 274/274/274
f 255/255/255 274/274/274 256/256/256
f 256/256/256 274/274/274 275/275/275
f 256/256/256 275/275/275 257/257/257
f 257/257/257 275/275/275 276/276/276
f 257/257/257 276/276/276 258/258/258
f 258/258/258 276/276/276 277/277/277
f 258/258/258 277/277/277 259/259/259
f 259/259/259 277/277/277 278/278/278
f 259/259/259 278/278/278 260/260/260
f 260/260/260 278/278/278 279/279/279
f 260/260/260 279/279/279 261/261/261
f 261/261/261 279/279/279 280/280/280
f 261/261/261 280/280/280 262/262/262
f 262/262/262 280/280/280 281/281/281
f 262/262/262 281/281/281 263/263/263
f 263/263/263 281/281/281 282/282/282
f 263/263/263 282/282/282 264/264/264
f 264/264/264 282/282/282 283/283/283
f 264/264/264 283/283/283 265/265/265
f 265/265/265 283/283/283 284/284/284
f 265/265/265 284/284/284 266/266/266
f 266/266/266 284/284/284 285/285/285
f 267/267/267 286/286/286 268/268/268
f 268/268/268 286/286/286 287/287/287
f 268/268/268 287/287/287 269/269/269
f 269/269/269 287/287/287 288/288/288
f 269/269/269 288/288/288 270/270/270
f 270/270/270 288/288/288 289/289/289
f 270/270/270 289/289/289 271/271/271
f 271/271/271 289/289/289 290/290/290
f 271/271/271 290/290/290 272/272/272
f 272/272/272 290/290/290 291/291/291
f 272/272/272 291/291/291 273/273/273
f 273/273/273 291/291/291 292/292/292
f 273/273/273 292/292/292 274/274/274
f 274/274/274 292/292/292 293/293/293
f 274/274/274 293/293/293 275/275/275
f 275/275/275 293/293/293 294/294/294
f 275/275/275 294/294/294 276/276/276
f 276/276/276 294/294/294 295/295/295
f 276/276/276 295/295/295 277/277/277
f 277/277/277 295/295/295 296/296/296
f 277/277/277 296/296/296 278/278/278
f 278/278/278 296/296/296 297/297/297
f 278/278/278 297/297/297 279/279/279
f 279/279/279 297/297/297 298/298/298
f 279/279/279 298/298/298 280/280/280
f 280/280/280 298/298/298 299/299/299
f 280/280/280 299/299/299 281/281/281
f 281/281/281 299/299/299 300/300/300
f 281/281/281 300/300/300 282/282/282
f 282/282/282 300/300/300 301/301/301
f 282/282/282 301/301/301 283/283/283
f 283/283/283 301/301/301 302/302/302
f 283/283/283 302/302/302 284/284/284
f 284/284/284 302/302/302 303/303/303
f 284/284/284 303/303/303 285/285/285
f 285/285/285 303/303/303 304/304/304
f 286/286/286 305/305/305 287/287/287
f 287/287/287 305/305/305 306/306/306
f 287/287/287 306/306/306 288/288/288
f 288/288/288 306/306/306 307/307/307
f 288/288/288 307/307/307 289/289/289
f 289/289/289 307/307/307 308/308/308
f 289/289/289 308/308/308 290/290/290
f 290/290/290 308/308/308 309/309/309
f 290/290/290 309/309/309 291/291/291
f 291/291/291 309/309/309 310/310/310
f 291/291/291 310/310/310 292/292/292
f 292/292/292 310/310/310 311/311/311
f 292/292/292 311/311/311 293/293/293
f 293/293/293 311/311/311 312/312/312
f 293/293/293 312/312/312 294/294/294
f 294/294/294 312/312/312 313/313/313
f 294/294/294 313/313/313 295/295/295
f 295/295/295 313/313/313 314/314/314
f 295/295/295 314/314/314 296/296/296
f 296/296/296 314/314/314 315/315/315
f 296/296/296 315/315/315 297/297/297
f 297/297/297 315/315/315 316/316/316
f 297/297/297 316/316/316 298/298/298
f 298/298/298 316/316/316 317/317/317
f 298/298/298 317/317/317 299/299/299
f 299/299/299 317/317/317 318/318/318
f 299/299/299 318/318/318 300/300/300
f 300/300/300 318/318/318 319/319/319
f 300/300/300 319/319/319 301/301/301
f 301/301/301 319/319/319 320/320/320
f 301/301/301 320/320/320 302/302/302
f 302/302/302 320/320/320 321/321/321
f 302/302/302 321/321/321 303/303/303
f 303/303/303 321/321/321 322/322/322
f 303/303/303 322/322/322 304/304/304
f 304/304/304 322/322/322 323/323/323
f 305/305/305 324/324/324 306/306/306
f 306/306/306 324/324/324 325/325/325
f 306/306/306 325/325/325 307/307/307
f 307/307/307 325/325/325 326/326/326
f 307/307/307 326/326/326 308/308/308
f 308/308/308 326/326/326 327/327/327
f 308/308/308 327/327/327 309/309/309
f 309/309/309 327/327/327 328/328/328
f 309/309/309 328/328/328 310/310/310
f 310/310/310 328/328/328 329/329/329
f 310/310/310 329/329/329 311/311/311
f 311/311/311 329/329/329 330/330/330
f 311/311/311 330/330/330 312/312/312
f 312/312/312 330/330/330 331/331/331
f 312/312/312 331/331/331 313/313/313
f 313/313/313 331/331/331 332/332/332
f 313/313/313 332/332/332 314/314/314
f 314/314/314 332/332/332 333/333/333
f 314/314/314 333/333/333 315/315/315
f 315/315/315 333/333/333 334/334/334
f 315/315/315 334/334/334 316/316/316
f 316/316/316 334/334/334 335/335/335
f 316/316/316 335/335/335 317/317/317
f 317/317/317 335/335/335 336/336/336
f 317/317/317 336/336/336 318/318/318
f 318/318/318 336/336/336 337/337/337
f 318/318/318 337/337/337 319/319/319
f 319/319/319 337/337/337 338/338/338
f 319/319/319 338/338/338 320/320/320
f 320/320/320 338/338/338 339/339/339
f 320/320/320 339/339/339 321/321/321
f 321/321/321 339/339/339 340/340/340
f 321/321/321 340/340/340 322/322/322
f 322/322/322 340/340/340 341/341/341
f 322/322/322 341/341/341 323/323/323
f 323/323/323 341/341/341 342/342/342
f 324/324/324 343/343/343 325/325/325
f 325/325/325 343/343/343 344/344/344
f 325/325/325 344/344/344 326/326/326
f 326/326/326 344/344/344 345/345/345
f 326/326/326 345/345/345 327/327/327
f 327/327/327 345/345/345 346/346/346
f 327/327/327 346/346/346 328/328/328
f 328/328/328 346/346/346 347/347/347
f 328/328/328 347/347/347 329/329/329
f 329/329/329 347/347/347 348/348/348
f 329/329/329 348/348/348 330/330/330
f 330/330/330 348/348/348 349/349/349
f 330/330/330 349/349/349 331/331/331
f 331/331/331 349/349/349 350/350/350
f 331/331/331 350/350/350 332/332/332
f 332/332/332 350/350/350 351/351/351
f 332/332/332 351/351/351 333/333/333
f 333/333/333 351/351/351 352/352/352
f 333/333/333 352/352/352 334/334/334
f 334/334/334 352/352/352 353/353/353
f 334/334/334 353/353/353 335/335/335
f 335/335/335 353/353/353 354/354/354
f 335/335/335 354/354/354 336/336/336
f 336/336/336 354/354/354 355/355/355
f 336/336/336 355/355/355 337/337/337
f 337/337/337 355/355/355 356/356/356
f 337/337/337 356/356/356 338/338/338
f 338/338/338 356/356/356 357/357/357
f 338/338/338 357/357/357 339/339/339
f 339/339/339 357/357/357 358/358/358
f 339/339/339 358/358/358 340/340/340
f 340/340/340 358/358/358 359/359/359
f 340/340/340 359/359/359 341/341/341
f 341/341/341 359/359/359 360/360/360
f 341/341/341 360/360/360 342/342/342
f 342/342/342 360/360/360 361/361/361
f 343/343/343 362/362/362 344/344/344
f 344/344/344 362/362/362 363/363/363
f 344/344/344 363/363/363 345/345/345
f 345/345/345 363/363/363 364/364/364
f 345/345/345 364/364/364 346/346/346
f 346/346/346 364/364/364 365/365/365
f 346/346/346 365/365/365 347/347/347
f 347/347/347 365/365/365 366/366/366
f 347/347/347 366/366/366 348/348/348
f 348/348/348 366/366/366 367/367/367
f 348/348/348 367/367/367 349/349/349
f 349/349/349 367/367/367 368/368/368
f 349/349/349 368/368/368 350/350/350
f 350/350/350 368/368/368 369/369/369
f 350/350/350 369/369/369 351/351/351
f 351/351/351 369/369/369 370/370/370
f 351/351/351 370/370/370 352/352/352
f 352/352/352 370/370/370 371/371/371
f 352/352/352 371/371/371 353/353/353
f 353/353/353 371/371/371 372/372/372
f 353/353/353 372/372/372 354/354/354
f 354/354/354 372/372/372 373/373/373
f 354/354/354 373/373/373 355/355/355
f 355/355/355 373/373/373 374/374/374
f 355/355/355 374/374/374 356/356/356
f 356/356/356 374/374/374 375/375/375
f 356/356/356 375/375/375 357/357/357
f 357/357/357 375/375/375 376/376/376
f 357/357/357 376/376/376 358/358/358
f 358/358/358 376/376/376 377/377/377
f 358/358/358 377/377/377 359/359/359
f 359/359/359 377/377/377 378/378/378
f 359/359/359 378/378/378 360/360/360
f 360/360/360 378/378/378 379/379/379
f 360/360/360 379/379/379 361/361/361
f 361/361/361 379/379/379 380/380/380
f 362/362/362 381/381/381 363/363/363
f 363/363/363 381/381/381 382/382/382
f 363/363/363 382/382/382 364/364/364
f 364/364/364 382/382/382 383/383/383
f 364/364/364 383/383/383 365/365/365
f 365/365/365 383/383/383 384/384/384
f 365/365/365 384/384/384 366/366/366
f 366/366/366 384/384/384 385/385/385
f 366/366/366 385/385/385 367/367/367
f 367/367/367 385/385/385 386/386/386
f 367/367/367 386/386/386 368/368/368
f 368/368/368 386/386/386 387/387/387
f 368/368/368 387/387/387 369/369/369
f 369/369/369 387/387/387 388/388/388
f 369/369/369 388/388/388 370/370/370
f 370/370/370 388/388/388 389/389/389
f 370/370/370 389/389/389 371/371/371
f 371/371/371 389/389/389 390/390/390
f 371/371/371 390/390/390 372/372/372
f 372/372/372 390/390/390 391/391/391
f 372/372/372 391/391/391 373/373/373
f 373/373/373 391/391/391 392/392/392
f 373/373/373 392/392/392 374/374/374
f 374/374/374 392/392/392 393/393/393
f 374/374/374 393/393/393 375/375/375
f 375/375/375 393/393/393 394/394/394
f 375/375/375 394/394/394 376/376/376
f 376/376/376 394/394/394 395/395/395
f 376/376/376 395/395/395 377/377/377
f 377/377/377 395/395/395 396/396/396
f 377/377/377 396/396/396 378/378/378
f 378/378/378 396/396/396 397/397/397
f 378/378/378 397/397/397 379/379/379
f 379/379/379 397/397/397 398/398/398
f 379/379/379 398/398/398 380/380/380
f 380/380/380 398/398/398 399/399/399
f 381/381/381 400/400/400 382/382/382
f 382/382/382 400/400/400 401/401/401
f 382/382/382 401/401/401 383/383/383
f 383/383/383 401/401/401 402/402/402
f 383/383/383 402/402/402 384/384/384
f 384/384/384 402/402/402 403/403/403
f 384/384/384 403/403/403 385/385/385
f 385/385/385 403/403/403 404/404/404
f 385/385/385 404/404/404 386/386/386
f 386/386/386 404/404/404 405/405/405
f 386/386/386 405/405/405 387/387/387
f 387/387/387 405/405/405 406/406/406
f 387/387/387 406/406/406 388/388/388
f 388/388/388 406/406/406 407/407/407
f 388/388/388 407/407/407 389/389/389
f 389/389/389 407/407/407 408/408/408
f 389/389/389 408/408/408 390/390/390
f 390/390/390 408/408/408 409/409/409
f 390/390/390 409/409/409 391/391/391
f 391/391/391 409/409/409 410/410/410
f 391/391/391 410/410/410 392/392/392
f 392/392/392 410/410/410 411/411/411
f 392/392/392 411/411/411 393/393/393
f 393/393/393 411/411/411 412/412/412
f 393/393/393 412/412/412 394/394/394
f 394/394/394 412/412/412 413/413/413
f 394/394/394 413/413/413 395/395/395
f 395/395/395 413/413/413 414/414/414
f 395/395/395 414/414/414 396/396/396
f 396/396/396 414/414/414 415/415/415
f 396/396/396 415/415/415 397/397/397
f 397/397/397 415/415/415 416/416/416
f 397/397/397 416/416/416 398/398/398
f 398/398/398 416/416/416 417/417/417
f 398/398/398 417/417/417 399/399/399
f 399/399/399 417/417/417 418/418/418
f 400/400/400 419/419/419 401/401/401
f 401/401/401 419/419/419 420/420/420
f 401/401/401 420/420/420 402/402/402
f 402/402/402 420/420/420 421/421/421
f 402/402/402 421/421/421 403/403/403
f 403/403/403 421/421/421 422/422/422
f 403/403/403 422/422/422 404/404/404
f 404/404/404 422/422/422 423/423/423
f 404/404/404 423/423/423 405/405/405
f 405/405/405 423/423/423 424/424/424
f 405/405/405 424/424/424 406/406/406
f 406/406/406 424/424/424 425/425/425
f 406/406/406 425/425/425 407/407/407
f 407/407/407 425/425/425 426/426/426
f 407/407/407 426/426/426 408/408/408
f 408/408/408 426/426/426 427/427/427
f 408/408/408 427/427/427 409/409/409
f 409/409/409 427/427/427 428/428/428
f 409/409/409 428/428/428 410/410/410
f 410/410/410 428/428/428 429/429/429
f 410/410/410 429/429/429 411/411/411
f 411/411/411 429/429/429 430/430/430
f 411/411/411 430/430/430 412/412/412
f 412/412/412 430/430/430 431/431/431
f 412/412/412 431/431/431 413/413/413
f 413/413/413 431/431/431 432/432/432
f 413/413/413 432/432/432 414/414/414
f 414/414/414 432/432/432 433/433/433
f 414/414/414 433/433/433 415/415/415
f 415/415/415 433/433/433 434/434/434
f 415/415/415 434/434/434 416/416/416
f 416/416/416 434/434/434 435/435/435
f 416/416/416 435/435/435 417/417/417
f 417/417/417 435/435/435 436/436/436
f 417/417/417 436/436/436 418/418/418
f 418/418/418 436/436/436 437/437/437
f 419/419/419 438/438/438 420/420/420
f 420/420/420 438/438/438 439/439/439
f 420/420/420 439/439/439 421/421/421
f 421/421/421 439/439/439 440/440/440
f 421/421/421 440/440/440 422/422/422
f 422/422/422 440/440/440 441/441/441
f 422/422/422 441/441/441 423/423/423
f 423/423/423 441/441/441 442/442/442
f 423/423/423 442/442/442 424/424/424
f 424/424/424 442/442/442 443/443/443
f 424/424/424 443/443/443 425/425/425
f 425/425/425 443/443/443 444/444/444
f 425/425/425 444/444/444 426/426/426
f 426/426/426 444/444/444 445/445/445
f 426/426/426 445/445/445 427/427/427
f 427/427/427 445/445/445 446/446/446
f 427/427/427 446/446/446 428/428/428
f 428/428/428 446/446/446 447/447/447
f 428/428/428 447/447/447 429/429/429
f 429/429/429 447/447/447 448/448/448
f 429/429/429 448/448/448 430/430/430
f 430/430/430 448/448/448 449/449/449
f 430/430/430 449/449/449 431/431/431
f 431/431/431 449/449/449 450/450/450
f 431/431/431 450/450/450 432/432/432
f 432/432/432 450/450/450 451/451/451
f 432/432/432 451/451/451 433/433/433
f 433/433/433 451/451/451 452/452/452
f 433/433/433 452/452/452 434/434/434
f 434/434/434 452/452/452 453/453/453
f 434/434/434 453/453/453 435/435/435
f 435/435/435 453/453/453 454/454/454
f 435/435/435 454/454/454 436/436/436
f 436/436/436 454/454/454 455/455/455
f 436/436/436 455/455/455 437/437/437
f 437/437/437 455/455/455 456/456/456
f 438/438/438 457/457/457 439/439/439
f 439/439/439 457/457/457 458/458/458
f 439/439/439 458/458/458 440/440/440
f 440/440/440 458/458/458 459/459/459
f 440/440/440 459/459/459 441/441/441
f 441/441/441 459/459/459 460/460/460
f 441/441/441 460/460/460 442/442/442
f 442/442/442 460/460/460 461/461/461
f 442/442/442 461/461/461 443/443/443
f 443/443/443 461/461/461 462/462/462
f 443/443/443 462/462/462 444/444/444
f 444/444/444 462/462/462 463/463/463
f 444/444/444 463/463/463 445/445/445
f 445/445/445 463/463/463 464/464/464
f 445/445/445 464/464/464 446/446/446
f 446/446/446 464/464/464 465/465/465
f 446/446/446 465/465/465 447/447/447
f 447/447/447 465/465/465 466/466/466
f 447/447/447 466/466/466 448/448/448
f 448/448/448 466/466/466 467/467/467
f 448/448/448 467/467/467 449/449/449
f 449/449/449 467/467/467 468/468/468
f 449/449/449 468/468/468 450/450/450
f 450/450/450 468/468/468 469/469/469
f 450/450/450 469/469/469 451/451/451
f 451/451/451 469/469/469 470/470/470
f 451/451/451 470/470/470 452/452/452
f 452/452/452 470/470/470 471/471/471
f 452/452/452 471/471/471 453/453/453
f 453/453/453 471/471/471 472/472/472
f 453/453/453 472/472/472 454/454/454
f 454/454/454 472/472/472 473/473/473
f 454/454/454 473/473/473 455/455/455
f 455/455/455 473/473/473 474/474/474
f 455/455/455 474/474/474 456/456/456
f 456/456/456 474/474/474 475/475/475
f 457/457/457 476/476/476 458/458/458
f 458/458/458 476/476/476 477/477/477
f 458/458/458 477/477/477 459/459/459
f 459/459/459 477/477/477 478/478/478
f 459/459/459 478/478/478 460/460/460
f 460/460/460 478/478/478 479/479/479
f 460/460/460 479/479/479 461/461/461
f 461/461/461 479/479/479 480/480/480
f 461/461/461 480/480/480 462/462/462
f 462/462/462 480/480/480 481/481/481
f 462/462/462 481/481/481 463/463/463
f 463/463/463 481/481/481 482/482/482
f 463/463/463 482/482/482 464/464/464
f 464/464/464 482/482/482 483/483/483
f 464/464/464 483/483/483 465/465/465
f 465/465/465 483/483/483 484/484/484
f 465/465/465 484/484/484 466/466/466
f 466/466/466 484/484/484 485/485/485
f 466/466/466 485/485/485 467/467/467
f 467/467/467 485/485/485 486/486/486
f 467/467/467 486/486/486 468/468/468
f 468/468/468 486/486/486 487/487/487
f 468/468/468 487/487/487 469/469/469
f 469/469/469 487/487/487 488/488/488
f 469/469/469 488/488/488 470/470/470
f 470/470/470 488/488/488 489/489/489
f 470/470/470 489/489/489 471/471/471
f 471/471/471 489/489/489 490/490/490
f 471/471/471 490/490/490 472/472/472
f 472/472/472 490/490/490 491/491/491
f 472/472/472 491/491/491 473/473/473
f 473/473/473 491/491/491 492/492/492
f 473/473/473 492/492/492 474/474/474
f 474/474/474 492/492/492 493/493/493
f 474/474/474 493/493/493 475/475/475
f 475/475/475 493/493/493 494/494/494
f 476/476/476 495/495/495 477/477/477
f 477/477/477 495/495/495 496/496/496
f 477/477/477 496/496/496 478/478/478
f 478/478/478 496/496/496 497/497/497
f 478/478/478 497/497/497 479/479/479
f 479/479/479 497/497/497 498/498/498
f 479/479/479 498/498/498 480/480/480
f 480/480/480 498/498/498 499/499/499
f 480/480/480 499/499/499 481/481/481
f 481/481/481 499/499/499 500/500/500
f 481/481/481 500/500/500 482/482/482
f 482/482/482 500/500/500 501/501/501
f 482/482/482 501/501/501 483/483/483
f 483/483/483 501/501/501 502/502/502
f 483/483/483 502/502/502 484/484/484
f 484/484/484 502/502/502 503/503/503
f 484/484/484 503/503/503 485/485/485
f 485/485/485 503/503/503 504/504/504
f 485/485/485 504/504/504 486/486/486
f 486/486/486 504/504/504 505/505/505
f 486/486/486 505/505/505 487/487/487
f 487/487/487 505/505/505 506/506/506
f 487/487/487 506/506/506 488/488/488
f 488/488/488 506/506/506 507/507/507
f 488/488/488 507/507/507 489/489/489
f 489/489/489 507/507/507 508/508/508
f 489/489/489 508/508/508 490/490/490
f 490/490/490 508/508/508 509/509/509
f 490/490/490 509/509/509 491/491/491
f 491/491/491 509/509/509 510/510/510
f 491/491/491 510/510/510 492/492/492
f 492/492/492 510/510/510 511/511/511
f 492/492/492 511/511/511 493/493/493
f 493/493/493 511/511/511 512/512/512
f 493/493/493 512/512/512 494/494/494
f 494/494/494 512/512/512 513/513/513
f 495/495/495 514/514/514 496/496/496
f 496/496/496 514/514/514 515/515/515
f 496/496/496 515/515/515 497/497/497
f 497/497/497 515/515/515 516/516/516
f 497/497/497 516/516/516 498/498/498
f 498/498/498 516/516/516 517/517/517
f 498/498/498 517/517/517 499/499/499
f 499/499/499 517/517/517 518/518/518
f 499/499/499 518/518/518 500/500/500
f 500/500/500 518/518/518 519/519/519
f 500/500/500 519/519/519 501/501/501
f 501/501/501 519/519/519 520/520/520
f 501/501/501 520/520/520 502/502/502
f 502/502/502 520/520/520 521/521/521
f 502/502/502 521/521/521 503/503/503
f 503/503/503 521/521/521 522/522/522
f 503/503/503 522/522/522 504/504/504
f 504/504/504 522/522/522 523/523/523
f 504/504/504 523/523/523 505/505/505
f 505/505/505 523/523/523 524/524/524
f 505/505/505 524/524/524 506/506/506
f 506/506/506 524/524/524 525/525/525
f 506/506/506 525/525/525 507/507/507
f 507/507/507 525/525/525 526/526/526
f 507/507/507 526/526/526 508/508/508
f 508/508/508 526/526/526 527/527/527
f 508/508/508 527/527/527 509/509/509
f 509/509/509 527/527/527 528/528/528
f 509/509/509 528/528/528 510/510/510
f 510/510/510 528/528/528 529/529/529
f 510/510/510 529/529/529 511/511/511
f 511/511/511 529/529/529 530/530/530
f 511/511/511 530/530/530 512/512/512
f 512/512/512 530/530/530 531/531/531
f 512/512/512 531/531/531 513/513/513
f 513/513/513 531/531/531 532/532/532
f 514/514/514 533/533/533 515/515/515
f 515/515/515 533/533/533 534/534/534
f 515/515/515 534/534/534 516/516/516
f 516/516/516 534/534/534 535/535/535
f 516/516/516 535/535/535 517/517/517
f 517/517/517 535/535/535 536/536/536
f 517/517/517 536/536/536 518/518/518
f 518/518/518 536/536/536 537/537/537
f 518/518/518 537/537/537 519/519/519
f 519/519/519 537/537/537 538/538/538
f 519/519/519 538/538/538 520/520/520
f 520/520/520 538/538/538 539/539/539
f 520/520/520 539/539/539 521/521/521
f 521/521/521 539/539/539 540/540/540
f 521/521/521 540/540/540 522/522/522
f 522/522/522 540/540/540 541/541/541
f 522/522/522 541/541/541 523/523/523
f 523/523/523 541/541/541 542/542/542
f 523/523/523 542/542/542 524/524/524
f 524/524/524 542/542/542 543/543/543
f 524/524/524 543/543/543 525/525/525
f 525/525/525 543/543/543 544/544/544
f 525/525/525 544/544/544 526/526/526
f 526/526/526 544/544/544 545/545/545
f 526/526/526 545/545/545 527/527/527
f 527/527/527 545/545/545 546/546/546
f 527/527/527 546/546/546 528/528/528
f 528/528/528 546/546/546 547/547/547
f 528/528/528 547/547/547 529/529/529
f 529/529/529 547/547/547 548/548/548
f 529/529/529 548/548/548 530/530/530
f 530/530/530 548/548/548 549/549/549
f 530/530/530 549/549/549 531/531/531
f 531/531/531 549/549/549 550/550/550
f 531/531/531 550/550/550 532/532/532
f 532/532/532 550/550/550 551/551/551
f 533/533/533 552/552/552 534/534/534
f 534/534/534 552/552/552 553/553/553
f 534/534/534 553/553/553 535/535/535
f 535/535/535 553/553/553 554/554/554
f 535/535/535 554/554/554 536/536/536
f 536/536/536 554/554/554 555/555/555
f 536/536/536 555/555/555 537/537/537
f 537/537/537 555/555/555 556/556/556
f 537/537/537 556/556/556 538/538/538
f 538/538/538 556/556/556 557/557/557
f 538/538/538 557/557/557 539/539/539
f 539/539/539 557/557/557 558/558/558
f 539/539/539 558/558/558 540/540/540
f 540/540/540 558/558/558 559/559/559
f 540/540/540 559/559/559 541/541/541
f 541/541/541 559/559/559 560/560/560
f 541/541/541 560/560/560 542/542/542
f 542/542/542 560/560/560 561/561/561
f 542/542/542 561/561/561 543/543/543
f 543/543/543 561/561/561 562/562/562
f 543/543/543 562/562/562 544/544/544
f 544/544/544 562/562/562 563/563/563
f 544/544/544 563/563/563 545/545/545
f 545/545/545 563/563/563 564/564/564
f 545/545/545 564/564/564 546/546/546
f 546/546/546 564/564/564 565/565/565
f 546/546/546 565/565/565 547/547/547
f 547/547/547 565/565/565 566/566/566
f 547/547/547 566/566/566 548/548/548
f 548/548/548 566/566/566 567/567/567
f 548/548/548 567/567/567 549/549/549
f 549/549/549 567/567/567 568/568/568
f 549/549/549 568/568/568 550/550/550
f 550/550/550 568/568/568 569/569/569
f 550/550/550 569/569/569 551/551/551
f 551/551/551 569/569/569 570/570/570
f 552/552/552 571/571/571 553/553/553
f 553/553/553 571/571/571 572/572/572
f 553/553/553 572/572/572 554/554/554
f 554/554/554 572/572/572 573/573/573
f 554/554/554 573/573/573 555/555/555
f 555/555/555 573/573/573 574/574/574
f 555/555/555 574/574/574 556/556/556
f 556/556/556 574/574/574 575/575/575
f 556/556/556 575/575/575 557/557/557
f 557/557/557 575/575/575 576/576/576
f 557/557/557 576/576/576 558/558/558
f 558/558/558 576/576/576 577/577/577
f 558/558/558 577/577/577 559/559/559
f 559/559/559 577/577/577 578/578/578
f 559/559/559 578/578/578 560/560/560
f 560/560/560 578/578/578 579/579/579
f 560/560/560 579/579/579 561/561/561
f 561/561/561 579/579/579 580/580/580
f 561/561/561 580/580/580 562/562/562
f 562/562/562 580/580/580 581/581/581
f 562/562/562 581/581/581 563/563/563
f 563/563/563 581/581/581 582/582/582
f 563/563/563 582/582/582 564/564/564
f 564/564/564 582/582/582 583/583/583
f 564/564/564 583/583/583 565/565/565
f 565/565/565 583/583/583 584/584/584
f 565/565/565 584/584/584 566/566/566
f 566/566/566 584/584/584 585/585/585
f 566/566/566 585/585/585 567/567/567
f 567/567/567 585/585/585 586/586/586
f 567/567/567 586/586/586 568/568/568
f 568/568/568 586/586/586 587/587/587
f 568/568/568 587/587/587 569/569/569
f 569/569/569 587/587/587 588/588/588
f 569/569/569 588/588/588 570/570/570
f 570/570/570 588/588/588 589/589/589
f 571/571/571 590/590/590 572/572/572
f 572/572/572 590/590/590 591/591/591
f 572/572/572 591/591/591 573/573/573
f 573/573/573 591/591/591 592/592/592
f 573/573/573 592/592/592 574/574/574
f 574/574/574 592/592/592 593/593/593
f 574/574/574 593/593/593 575/575/575
f 575/575/575 593/593/593 594/594/594
f 575/575/575 594/594/594 576/576/576
f 576/576/576 594/594/594 595/595/595
f 576/576/576 595/595/595 577/577/577
f 577/577/577 595/595/595 596/596/596
f 577/577/577 596/596/596 578/578/578
f 578/578/578 596/596/596 597/597/597
f 578/578/578 597/597/597 579/579/579
f 579/579/579 597/597/597 598/598/598
f 579/579/579 598/598/598 580/580/580
f 580/580/580 598/598/598 599/599/599
f 580/580/580 599/599/599 581/581/581
f 581/581/581 599/599/599 600/600/600
f 581/581/581 600/600/600 582/582/582
f 582/582/582 600/600/600 601/601/601
f 582/582/582 601/601/601 583/583/583
f 583/583/583 601/601/601 602/602/602
f 583/583/583 602/602/602 584/584/584
f 584/584/584 602/602/602 603/603/603
f 584/584/584 603/603/603 585/585/585
f 585/585/585 603/603/603 604/604/604
f 585/585/585 604/604/604 586/586/586
f 586/586/586 604/604/604 605/605/605
f 586/586/586 605/605/605 587/587/587
f 587/587/587 605/605/605 606/606/606
f 587/587/587 606/606/606 588/588/588
f 588/588/588 606/606/606 607/607/607
f 588/588/588 607/607/607 589/589/589
f 589/589/589 607/607/607 608/608/608
f 590/590/590 609/609/609 591/591/591
f 591/591/591 609/609/609 610/610/610
f 591/591/591 610/610/610 592/592/592
f 592/592/592 610/610/610 611/611/611
f 592/592/592 611/611/611 593/593/593
f 593/593/593 611/611/611 612/612/612
f 593/593/593 612/612/612 594/594/594
f 594/594/594 612/612/612 613/613/613
f 594/594/594 613/613/613 595/595/595
f 595/595/595 613/613/613 614/614/614
f 595/595/595 614/614/614 596/596/596
f 596/596/596 614/614/614 615/615/615
f 596/596/596 615/615/615 597/597/597
f 597/597/597 615/615/615 616/616/616
f 597/597/597 616/616/616 598/598/598
f 598/598/598 616/616/616 617/617/617
f 598/598/598 617/617/617 599/599/599
f 599/599/599 617/617/617 618/618/618
f 599/599/599 618/618/618 600/600/600
f 600/600/600 618/618/618 619/619/619
f 600/600/600 619/619/619 601/601/601
f 601/601/601 619/619/619 620/620/620
f 601/601/601 620/620/620 602/602/602
f 602/602/602 620/620/620 621/621/621
f 602/602/602 621/621/621 603/603/603
f 603/603/603 621/621/621 622/622/622
f 603/603/603 622/622/622 604/604/604
f 604/604/604 622/622/622 623/623/623
f 604/604/604 623/623/623 605/605/605
f 605/605/605 623/623/623 624/624/624
f 605/605/605 624/624/624 606/606/606
f 606/606/606 624/624/624 625/625/625
f 606/606/606 625/625/625 607/607/607
f 607/607/607 625/625/625 626/626/626
f 607/607/607 626/626/626 608/608/608
f 608/608/608 626/626/626 627/627/627
f 609/609/609 628/628/628 610/610/610
f 610/610/610 628/628/628 629/629/629
f 610/610/610 629/629/629 611/611/611
f 611/611/611 629/629/629 630/630/630
f 611/611/611 630/630/630 612/612/612
f 612/612/612 630/630/630 631/631/631
f 612/612/612 631/631/631 613/613/613
f 613/613/613 631/631/631 632/632/632
f 613/613/613 632/632/632 614/614/614
f 614/614/614 632/632/632 633/633/633
f 614/614/614 633/633/633 615/615/615
f 615/615/615 633/633/633 634/634/634
f 615/615/615 634/634/634 616/616/616
f 616/616/616 634/634/634 635/635/635
f 616/616/616 635/635/635 617/617/617
f 617/617/617 635/635/635 636/636/636
f 617/617/617 636/636/636 618/618/618
f 618/618/618 636/636/636 637/637/637
f 618/618/618 637/637/637 619/619/619
f 619/619/619 637/637/637 638/638/638
f 619/619/619 638/638/638 620/620/620
f 620/620/620 638/638/638 639/639/639
f 620/620/620 639/639/639 621/621/621
f 621/621/621 639/639/639 640/640/640
f 621/621/621 640/640/640 622/622/622
f 622/622/622 640/640/640 641/641/641
f 622/622/622 641/641/641 623/623/623
f 623/623/623 641/641/641 642/642/642
f 623/623/623 642/642/642 624/624/624
f 624/624/624 642/642/642 643/643/643
f 624/624/624 643/643/643 625/625/625
f 625/625/625 643/643/643 644/644/644
f 625/625/625 644/644/644 626/626/626
f 626/626/626 644/644/644 645/645/645
f 626/626/626 645/645/645 627/627/627
f 627/627/627 645/645/645 646/646/646
f 628/628/628 647/647/647 629/629/629
f 629/629/629 647/647/647 648/648/648
f 629/629/629 648/648/648 630/630/630
f 630/630/630 648/648/648 649/649/649
f 630/630/630 649/649/649 631/631/631
f 631/631/631 649/649/649 650/650/650
f 631/631/631 650/650/650 632/632/632
f 632/632/632 650/650/650 651/651/651
f 632/632/632 651/651/651 633/633/633
f 633/633/633 651/651/651 652/652/652
f 633/633/633 652/652/652 634/634/634
f 634/634/634 652/652/652 653/653/653
f 634/634/634 653/653/653 635/635/635
f 635/635/635 653/653/653 654/654/654
f 635/635/635 654/654/654 636/636/636
f 636/636/636 654/654/654 655/655/655
f 636/636/636 655/655/655 637/637/637
f 637/637/637 655/655/655 656/656/656
f 637/637/637 656/656/656 638/638/638
f 638/638/638 656/656/656 657/657/657
f 638/638/638 657/657/657 639/639/639
f 639/639/639 657/657/657 658/658/658
f 639/639/639 658/658/658 640/640/640
f 640/640/640 658/658/658 659/659/659
f 640/640/640 659/659/659 641/641/641
f 641/641/641 659/659/659 660/660/660
f 641/641/641 660/660/660 642/642/642
f 642/642/642 660/660/660 661/661/661
f 642/642/642 661/661/661 643/643/643
f 643/643/643 661/661/661 662/662/662
f 643/643/643 662/662/662 644/644/644
f 644/644/644 662/662/662 663/663/663
f 644/644/644 663/663/663 645/645/645
f 645/645/645 663/663/663 664/664/664
f 645/645/645 664/664/664 646/646/646
f 646/646/646 664/664/664 665/665/665
f 647/647/647 666/666/666 648/648/648
f 648/648/648 666/666/666 667/667/667
f 648/648/648 667/667/667 649/649/649
f 649/649/649 667/667/667 668/668/668
f 649/649/649 668/668/668 650/650/650
f 650/650/650 668/668/668 669/669/669
f 650/650/650 669/669/669 651/651/651
f 651/651/651 669/669/669 670/670/670
f 651/651/651 670/670/670 652/652/652
f 652/652/652 670/670/670 671/671/671
f 652/652/652 671/671/671 653/653/653
f 653/653/653 671/671/671 672/672/672
f 653/653/653 672/672/672 654/654/654
f 654/654/654 672/672/672 673/673/673
f 654/654/654 673/673/673 655/655/655
f 655/655/655 673/673/673 674/674/674
f 655/655/655 674/674/674 656/656/656
f 656/656/656 674/674/674 675/675/675
f 656/656/656 675/675/675 657/657/657
f 657/657/657 675/675/675 676/676/676
f 657/657/657 676/676/676 658/658/658
f 658/658/658 676/676/676 677/677/677
f 658/658/658 677/677/677 659/659/659
f 659/659/659 677/677/677 678/678/678
f 659/659/659 678/678/678 660/660/660
f 660/660/660 678/678/678 679/679/679
f 660/660/660 679/679/679 661/661/661
f 661/661/661 679/679/679 680/680/680
f 661/661/661 680/680/680 662/662/662
f 662/662/662 680/680/680 681/681/681
f 662/662/662 681/681/681 663/663/663
f 663/663/663 681/681/681 682/682/682
f 663/663/663 682/682/682 664/664/664
f 664/664/664 682/682/682 683/683/683
f 664/664/664 683/683/683 665/665/665
f 665/665/665 683/683/683 684/684/684
f 666/666/666 685/685/685 667/667/667
f 667/667/667 685/685/685 686/686/686
f 667/667/667 686/686/686 668/668/668
f 668/668/668 686/686/686 687/687/687
f 668/668/668 687/687/687 669/669/669
f 669/669/669 687/687/687 688/688/688
f 669/669/669 688/688/688 670/670/670
f 670/670/670 688/688/688 689/689/689
f 670/670/670 689/689/689 671/671/671
f 671/671/671 689/689/689 690/690/690
f 671/671/671 690/690/690 672/672/672
f 672/672/672 690/690/690 691/691/691
f 672/672/672 691/691/691 673/673/673
f 673/673/673 691/691/691 692/692/692
f 673/673/673 692/692/692 674/674/674
f 674/674/674 692/692/692 693/693/693
f 674/674/674 693/693/693 675/675/675
f 675/675/675 693/693/693 694/694/694
f 675/675/675 694/694/694 676/676/676
f 676/676/676 694/694/694 695/695/695
f 676/676/676 695/695/695 677/677/677
f 677/677/677 695/695/695 696/696/696
f 677/677/677 696/696/696 678/678/678
f 678/678/678 696/696/696 697/697/697
f 678/678/678 697/697/697 679/679/679
f 679/679/679 697/697/697 698/698/698
f 679/679/679 698/698/698 680/680/680
f 680/680/680 698/698/698 699/699/699
f 680/680/680 699/699/699 681/681/681
f 681/681/681 699/699/699 700/700/700
f 681/681/681 700/700/700 682/682/682
f 682/682/682 700/700/700 701/701/701
f 682/682/682 701/701/701 683/683/683
f 683/683/683 701/701/701 702/702/702
f 683/683/683 702/702/702 684/684/684
f 684/684/684 702/702/702 703/703/703
f 685/685/685 704/704/704 686/686/686
f 686/686/686 704/704/704 705/705/705
f 686/686/686 705/705/705 687/687/687
f 687/687/687 705/705/705 706/706/706
f 687/687/687 706/706/706 688/688/688
f 688/688/688 706/706/706 707/707/707
f 688/688/688 707/707/707 689/689/689
f 689/689/689 707/707/707 708/708/708
f 689/689/689 708/708/708 690/690/690
f 690/690/690 708/708/708 709/709/709
f 690/690/690 709/709/709 691/691/691
f 691/691/691 709/709/709 710/710/710
f 691/691/691 710/710/710 692/692/692
f 692/692/692 710/710/710 711/711/711
f 692/692/692 711/711/711 693/693/693
f 693/693/693 711/711/711 712/712/712
f 693/693/693 712/712/712 694/694/694
f 694/694/694 712/712/712 713/713/713
f 694/694/694 713/713/713 695/695/695
f 695/695/695 713/713/713 714/714/714
f 695/695/695 714/714/714 696/696/696
f 696/696/696 714/714/714 715/715/715
f 696/696/696 715/715/715 697/697/697
f 697/697/697 715/715/715 716/716/716
f 697/697/697 716/716/716 698/698/698
f 698/698/698 716/716/716 717/717/717
f 698/698/698 717/717/717 699/699/699
f 699/699/699 717/717/717 718/718/718
f 699/699/699 718/718/718 700/700/700
f 700/700/700 718/718/718 719/719/719
f 700/700/700 719/719/719 701/701/701
f 701/701/701 719/719/719 720/720/720
f 701/701/701 720/720/720 702/702/702
f 702/702/702 720/720/720 721/721/721
f 702/702/702 721/721/721 703/703/703
f 703/703/703 721/721/721 722/722/722
f 704/704/704 723/723/723 705/705/705
f 705/705/705 723/723/723 724/724/724
f 705/705/705 724/724/724 706/706/706
f 706/706/706 724/724/724 725/725/725
f 706/706/706 725/725/725 707/707/707
f 707/707/707 725/725/725 726/726/726
f 707/707/707 726/726/726 708/708/708
f 708/708/708 726/726/726 727/727/727
f 708/708/708 727/727/727 709/709/709
f 709/709/709 727/727/727 728/728/728
f 709/709/709 728/728/728 710/710/710
f 710/710/710 728/728/728 729/729/729
f 710/710/710 729/729/729 711/711/711
f 711/711/711 729/729/729 730/730/730
f 711/711/711 730/730/730 712/712/712
f 712/712/712 730/730/730 731/731/731
f 712/712/712 731/731/731 713/713/713
f 713/713/713 731/731/731 732/732/732
f 713/713/713 732/732/732 714/714/714
f 714/714/714 732/732/732 733/733/733
f 714/714/714 733/733/733 715/715/715
f 715/715/715 733/733/733 734/734/734
f 715/715/715 734/734/734 716/716/716
f 716/716/716 734/734/734 735/735/735
f 716/716/716 735/735/735 717/717/717
f 717/717/717 735/735/735 736/736/736
f 717/717/717 736/736/736 718/718/718
f 718/718/718 736/736/736 737/737/737
f 718/718/718 737/737/737 719/719/719
f 719/719/719 737/737/737 738/738/738
f 719/719/719 738/738/738 720/720/720
f 720/720/720 738/738/738 739/739/739
f 720/720/720 739/739/739 721/721/721
f 721/721/721 739/739/739 740/740/740
f 721/721/721 740/740/740 722/722/722
f 722/722/722 740/740/740 741/741/741
f 723/723/723 742/742/742 724/724/724
f 724/724/724 742/742/742 743/743/743
f 724/724/724 743/743/743 725/725/725
f 725/725/725 743/743/743 744/744/744
f 725/725/725 744/744/744 726/726/726
f 726/726/726 744/744/744 745/745/745
f 726/726/726 745/745/745 727/727/727
f 727/727/727 745/745/745 746/746/746
f 727/727/727 746/746/746 728/728/728
f 728/728/728 746/746/746 747/747/747
f 728/728/728 747/747/747 729/729/729
f 729/729/729 747/747/747 748/748/748
f 729/729/729 748/748/748 730/730/730
f 730/730/730 748/748/748 749/749/749
f 730/730/730 749/749/749 731/731/731
f 731/731/731 749/749/749 750/750/750
f 731/731/731 750/750/750 732/732/732
f 732/732/732 750/750/750 751/751/751
f 732/732/732 751/751/751 733/733/733
f 733/733/733 751/751/751 752/752/752
f 733/733/733 752/752/752 734/734/734
f 734/734/734 752/752/752 753/753/753
f 734/734/734 753/753/753 735/735/735
f 735/735/735 753/753/753 754/754/754
f 735/735/735 754/754/754 736/736/736
f 736/736/736 754/754/754 755/755/755
f 736/736/736 755/755/755 737/737/737
f 737/737/737 755/755/755 756/756/756
f 737/737/737 756/756/756 738/738/738
f 738/738/738 756/756/756 757/757/757
f 738/738/738 757/757/757 739/739/739
f 739/739/739 757/757/757 758/758/758
f 739/739/739 758/758/758 740/740/740
f 740/740/740 758/758/758 759/759/759
f 740/740/740 759/759/759 741/741/741
f 741/741/741 759/759/759 760/760/760
f 742/742/742 761/761/761 743/743/743
f 743/743/743 761/761/761 762/762/762
f 743/743/743 762/762/762 744/744/744
f 744/744/744 762/762/762 763/763/763
f 744/744/744 763/763/763 745/745/745
f 745/745/745 763/763/763 764/764/764
f 745/745/745 764/764/764 746/746/746
f 746/746/746 764/764/764 765/765/765
f 746/746/746 765/765/765 747/747/747
f 747/747/747 765/765/765 766/766/766
f 747/747/747 766/766/766 748/748/748
f 748/748/748 766/766/766 767/767/767
f 748/748/748 767/767/767 749/749/749
f 749/749/749 767/767/767 768/768/768
f 749/749/749 768/768/768 750/750/750
f 750/750/750 768/768/768 769/769/769
f 750/750/750 769/769/769 751/751/751
f 751/751/751 769/769/769 770/770/770
f 751/751/751 770/770/770 752/752/752
f 752/752/752 770/770/770 771/771/771
f 752/752/752 771/771/771 753/753/753
f 753/753/753 771/771/771 772/772/772
f 753/753/753 772/772/772 754/754/754
f 754/754/754 772/772/772 773/773/773
f 754/754/754 773/773/773 755/755/755
f 755/755/755 773/773/773 774/774/774
f 755/755/755 774/774/774 756/756/756
f 756/756/756 774/774/774 775/775/775
f 756/756/756 775/775/775 757/757/757
f 757/757/757 775/775/775 776/776/776
f 757/757/757 776/776/776 758/758/758
f 758/758/758 776/776/776 777/777/777
f 758/758/758 777/777/777 759/759/759
f 759/759/759 777/777/777 778/778/778
f 759/759/759 778/778/778 760/760/760
f 760/760/760 778/778/778 779/779/779
f 761/761/761 780/780/780 762/762/762
f 762/762/762 780/780/780 781/781/781
f 762/762/762 781/781/781 763/763/763
f 763/763/763 781/781/781 782/782/782
f 763/763/763 782/782/782 764/764/764
f 764/764/764 782/782/782 783/783/783
f 764/764/764 783/783/783 765/765/765
f 765/765/765 783/783/783 784/784/784
f 765/765/765 784/784/784 766/766/766
f 766/766/766 784/784/784 785/785/785
f 766/766/766 785/785/785 767/767/767
f 767/767/767 785/785/785 786/786/786
f 767/767/767 786/786/786 768/768/768
f 768/768/768 786/786/786 787/787/787
f 768/768/768 787/787/787 769/769/769
f 769/769/769 787/787/787 788/788/788
f 769/769/769 788/788/788 770/770/770
f 770/770/770 788/788/788 789/789/789
f 770/770/770 789/789/789 771/771/771
f 771/771/771 789/789/789 790/790/790
f 771/771/771 790/790/790 772/772/772
f 772/772/772 790/790/790 791/791/791
f 772/772/772 791/791/791 773/773/773
f 773/773/773 791/791/791 792/792/792
f 773/773/773 792/792/792 774/774/774
f 774/774/774 792/792/792 793/793/793
f 774/774/774 793/793/793 775/775/775
f 775/775/775 793/793/793 794/794/794
f 775/775/775 794/794/794 776/776/776
f 776/776/776 794/794/794 795/795/795
f 776/776/776 795/795/795 777/777/777
f 777/777/777 795/795/795 796/796/796
f 777/777/777 796/796/796 778/778/778
f 778/778/778 796/796/796 797/797/797
f 778/778/778 797/797/797 779/779/779
f 779/779/779 797/797/797 798/798/798
