# THE OBSERVER - generated by tools/gen_observer.py
v -0.00100 -0.72000 0.00000
v -0.00097 -0.72000 0.00026
v -0.00087 -0.72000 0.00050
v -0.00071 -0.72000 0.00071
v -0.00050 -0.72000 0.00087
v -0.00026 -0.72000 0.00097
v -0.00000 -0.72000 0.00100
v 0.00026 -0.72000 0.00097
v 0.00050 -0.72000 0.00087
v 0.00071 -0.72000 0.00071
v 0.00087 -0.72000 0.00050
v 0.00097 -0.72000 0.00026
v 0.00100 -0.72000 0.00000
v 0.00097 -0.72000 -0.00026
v 0.00087 -0.72000 -0.00050
v 0.00078 -0.72000 -0.00078
v 0.00060 -0.72000 -0.00103
v 0.00026 -0.72000 -0.00099
v 0.00000 -0.72000 -0.00100
v -0.00026 -0.72000 -0.00099
v -0.00060 -0.72000 -0.00103
v -0.00078 -0.72000 -0.00078
v -0.00087 -0.72000 -0.00050
v -0.00097 -0.72000 -0.00026
v -0.00100 -0.72000 -0.00000
v -0.04592 -0.71239 0.00000
v -0.04436 -0.71239 0.01288
v -0.03977 -0.71239 0.02487
v -0.03247 -0.71239 0.03518
v -0.02296 -0.71239 0.04308
v -0.01189 -0.71239 0.04805
v -0.00000 -0.71239 0.04975
v 0.01189 -0.71239 0.04805
v 0.02296 -0.71239 0.04308
v 0.03247 -0.71239 0.03518
v 0.03977 -0.71239 0.02487
v 0.04436 -0.71239 0.01288
v 0.04592 -0.71239 0.00000
v 0.04436 -0.71239 -0.01288
v 0.03991 -0.71239 -0.02496
v 0.03598 -0.71239 -0.03898
v 0.02744 -0.71239 -0.05149
v 0.01213 -0.71239 -0.04905
v 0.00000 -0.71239 -0.04976
v -0.01213 -0.71239 -0.04905
v -0.02744 -0.71239 -0.05149
v -0.03598 -0.71239 -0.03898
v -0.03991 -0.71239 -0.02496
v -0.04436 -0.71239 -0.01288
v -0.04592 -0.71239 -0.00000
v -0.08485 -0.69071 0.00000
v -0.08196 -0.69071 0.02379
v -0.07348 -0.69071 0.04596
v -0.06000 -0.69071 0.06500
v -0.04243 -0.69071 0.07961
v -0.02196 -0.69071 0.08879
v -0.00000 -0.69071 0.09192
v 0.02196 -0.69071 0.08879
v 0.04243 -0.69071 0.07961
v 0.06000 -0.69071 0.06500
v 0.07348 -0.69071 0.04596
v 0.08196 -0.69071 0.02379
v 0.08485 -0.69071 0.00000
v 0.08196 -0.69071 -0.02379
v 0.07374 -0.69071 -0.04612
v 0.06649 -0.69071 -0.07203
v 0.05070 -0.69071 -0.09513
v 0.02242 -0.69071 -0.09063
v 0.00000 -0.69071 -0.09195
v -0.02242 -0.69071 -0.09063
v -0.05070 -0.69071 -0.09513
v -0.06649 -0.69071 -0.07203
v -0.07374 -0.69071 -0.04612
v -0.08196 -0.69071 -0.02379
v -0.08485 -0.69071 -0.00000
v -0.11087 -0.65827 0.00000
v -0.10709 -0.65827 0.03109
v -0.09601 -0.65827 0.06005
v -0.07839 -0.65827 0.08493
v -0.05543 -0.65827 0.10401
v -0.02869 -0.65827 0.11601
v -0.00000 -0.65827 0.12010
v 0.02869 -0.65827 0.11601
v 0.05543 -0.65827 0.10401
v 0.07839 -0.65827 0.08493
v 0.09601 -0.65827 0.06005
v 0.10709 -0.65827 0.03109
v 0.11087 -0.65827 0.00000
v 0.10709 -0.65827 -0.03109
v 0.09635 -0.65827 -0.06026
v 0.08687 -0.65827 -0.09411
v 0.06624 -0.65827 -0.12430
v 0.02929 -0.65827 -0.11841
v 0.00000 -0.65827 -0.12014
v -0.02929 -0.65827 -0.11841
v -0.06624 -0.65827 -0.12430
v -0.08687 -0.65827 -0.09411
v -0.09635 -0.65827 -0.06026
v -0.10709 -0.65827 -0.03109
v -0.11087 -0.65827 -0.00000
v -0.12000 -0.62000 0.00000
v -0.11591 -0.62000 0.03365
v -0.10392 -0.62000 0.06500
v -0.08485 -0.62000 0.09192
v -0.06000 -0.62000 0.11258
v -0.03106 -0.62000 0.12557
v -0.00000 -0.62000 0.13000
v 0.03106 -0.62000 0.12557
v 0.06000 -0.62000 0.11258
v 0.08485 -0.62000 0.09192
v 0.10392 -0.62000 0.06500
v 0.11591 -0.62000 0.03365
v 0.12000 -0.62000 0.00000
v 0.11591 -0.62000 -0.03365
v 0.10429 -0.62000 -0.06523
v 0.09403 -0.62000 -0.10186
v 0.07170 -0.62000 -0.13454
v 0.03170 -0.62000 -0.12817
v 0.00000 -0.62000 -0.13003
v -0.03170 -0.62000 -0.12817
v -0.07170 -0.62000 -0.13454
v -0.09403 -0.62000 -0.10186
v -0.10429 -0.62000 -0.06523
v -0.11591 -0.62000 -0.03365
v -0.12000 -0.62000 -0.00000
v -0.11895 -0.55474 0.00000
v -0.11489 -0.55474 0.03337
v -0.10301 -0.55474 0.06447
v -0.08411 -0.55474 0.09118
v -0.05947 -0.55474 0.11167
v -0.03079 -0.55474 0.12455
v -0.00000 -0.55474 0.12895
v 0.03079 -0.55474 0.12455
v 0.05947 -0.55474 0.11167
v 0.08411 -0.55474 0.09118
v 0.10301 -0.55474 0.06447
v 0.11489 -0.55474 0.03337
v 0.11895 -0.55474 0.00000
v 0.11490 -0.55474 -0.03337
v 0.10338 -0.55474 -0.06470
v 0.09320 -0.55474 -0.10104
v 0.07107 -0.55474 -0.13345
v 0.03142 -0.55474 -0.12713
v 0.00000 -0.55474 -0.12898
v -0.03142 -0.55474 -0.12713
v -0.07107 -0.55474 -0.13345
v -0.09320 -0.55474 -0.10104
v -0.10338 -0.55474 -0.06470
v -0.11490 -0.55474 -0.03337
v -0.11895 -0.55474 -0.00000
v -0.11789 -0.48947 0.00000
v -0.11388 -0.48947 0.03310
v -0.10210 -0.48947 0.06395
v -0.08336 -0.48947 0.09044
v -0.05895 -0.48947 0.11076
v -0.03051 -0.48947 0.12354
v -0.00000 -0.48947 0.12789
v 0.03051 -0.48947 0.12354
v 0.05895 -0.48947 0.11076
v 0.08336 -0.48947 0.09044
v 0.10210 -0.48947 0.06395
v 0.11388 -0.48947 0.03310
v 0.11789 -0.48947 0.00000
v 0.11388 -0.48947 -0.03310
v 0.10246 -0.48947 -0.06417
v 0.09238 -0.48947 -0.10022
v 0.07044 -0.48947 -0.13236
v 0.03115 -0.48947 -0.12610
v 0.00000 -0.48947 -0.12793
v -0.03115 -0.48947 -0.12610
v -0.07044 -0.48947 -0.13236
v -0.09238 -0.48947 -0.10022
v -0.10246 -0.48947 -0.06417
v -0.11388 -0.48947 -0.03310
v -0.11789 -0.48947 -0.00000
v -0.11684 -0.42421 0.00000
v -0.11286 -0.42421 0.03283
v -0.10119 -0.42421 0.06342
v -0.08262 -0.42421 0.08969
v -0.05842 -0.42421 0.10985
v -0.03024 -0.42421 0.12252
v -0.00000 -0.42421 0.12684
v 0.03024 -0.42421 0.12252
v 0.05842 -0.42421 0.10985
v 0.08262 -0.42421 0.08969
v 0.10119 -0.42421 0.06342
v 0.11286 -0.42421 0.03283
v 0.11684 -0.42421 0.00000
v 0.11286 -0.42421 -0.03283
v 0.10155 -0.42421 -0.06365
v 0.09155 -0.42421 -0.09939
v 0.06981 -0.42421 -0.13127
v 0.03087 -0.42421 -0.12506
v 0.00000 -0.42421 -0.12692
v -0.03087 -0.42421 -0.12506
v -0.06981 -0.42421 -0.13127
v -0.09155 -0.42421 -0.09939
v -0.10155 -0.42421 -0.06365
v -0.11286 -0.42421 -0.03283
v -0.11684 -0.42421 -0.00000
v -0.11579 -0.35895 0.00000
v -0.11184 -0.35895 0.03256
v -0.10028 -0.35895 0.06289
v -0.08188 -0.35895 0.08895
v -0.05789 -0.35895 0.10894
v -0.02997 -0.35895 0.12150
v -0.00000 -0.35895 0.12579
v 0.02997 -0.35895 0.12150
v 0.05789 -0.35895 0.10894
v 0.08188 -0.35895 0.08895
v 0.10028 -0.35895 0.06289
v 0.11184 -0.35895 0.03256
v 0.11579 -0.35895 0.00000
v 0.11184 -0.35895 -0.03256
v 0.10063 -0.35895 -0.06312
v 0.09073 -0.35895 -0.09857
v 0.06918 -0.35895 -0.13018
v 0.03060 -0.35895 -0.12407
v 0.00000 -0.35895 -0.12610
v -0.03060 -0.35895 -0.12407
v -0.06918 -0.35895 -0.13018
v -0.09073 -0.35895 -0.09857
v -0.10063 -0.35895 -0.06312
v -0.11184 -0.35895 -0.03256
v -0.11579 -0.35895 -0.00000
v -0.11474 -0.29368 0.00000
v -0.11083 -0.29368 0.03228
v -0.09937 -0.29368 0.06237
v -0.08113 -0.29368 0.08820
v -0.05737 -0.29368 0.10803
v -0.02970 -0.29368 0.12049
v -0.00000 -0.29368 0.12474
v 0.02970 -0.29368 0.12049
v 0.05737 -0.29368 0.10803
v 0.08113 -0.29368 0.08820
v 0.09937 -0.29368 0.06237
v 0.11083 -0.29368 0.03228
v 0.11474 -0.29368 0.00000
v 0.11083 -0.29368 -0.03228
v 0.09972 -0.29368 -0.06259
v 0.08990 -0.29368 -0.09774
v 0.06856 -0.29368 -0.12909
v 0.03037 -0.29368 -0.12321
v 0.00000 -0.29368 -0.12609
v -0.03037 -0.29368 -0.12321
v -0.06856 -0.29368 -0.12909
v -0.08990 -0.29368 -0.09774
v -0.09972 -0.29368 -0.06259
v -0.11083 -0.29368 -0.03228
v -0.11474 -0.29368 -0.00000
v -0.11368 -0.22842 0.00000
v -0.10981 -0.22842 0.03201
v -0.09845 -0.22842 0.06184
v -0.08039 -0.22842 0.08746
v -0.05684 -0.22842 0.10711
v -0.02942 -0.22842 0.11947
v -0.00000 -0.22842 0.12368
v 0.02942 -0.22842 0.11947
v 0.05684 -0.22842 0.10711
v 0.08039 -0.22842 0.08746
v 0.09845 -0.22842 0.06184
v 0.10981 -0.22842 0.03201
v 0.11368 -0.22842 0.00000
v 0.10981 -0.22842 -0.03201
v 0.09880 -0.22842 -0.06206
v 0.08908 -0.22842 -0.09692
v 0.06793 -0.22842 -0.12801
v 0.03022 -0.22842 -0.12268
v 0.00000 -0.22842 -0.12796
v -0.03022 -0.22842 -0.12268
v -0.06793 -0.22842 -0.12801
v -0.08908 -0.22842 -0.09692
v -0.09880 -0.22842 -0.06206
v -0.10981 -0.22842 -0.03201
v -0.11368 -0.22842 -0.00000
v -0.11263 -0.16316 0.00000
v -0.10879 -0.16316 0.03174
v -0.09754 -0.16316 0.06132
v -0.07964 -0.16316 0.08671
v -0.05632 -0.16316 0.10620
v -0.02915 -0.16316 0.11845
v -0.00000 -0.16316 0.12263
v 0.02915 -0.16316 0.11845
v 0.05632 -0.16316 0.10620
v 0.07964 -0.16316 0.08671
v 0.09754 -0.16316 0.06132
v 0.10879 -0.16316 0.03174
v 0.11263 -0.16316 0.00000
v 0.10879 -0.16316 -0.03174
v 0.09789 -0.16316 -0.06153
v 0.08826 -0.16316 -0.09609
v 0.06730 -0.16316 -0.12692
v 0.03015 -0.16316 -0.12252
v 0.00000 -0.16316 -0.13193
v -0.03015 -0.16316 -0.12252
v -0.06730 -0.16316 -0.12692
v -0.08826 -0.16316 -0.09609
v -0.09789 -0.16316 -0.06153
v -0.10879 -0.16316 -0.03174
v -0.11263 -0.16316 -0.00000
v -0.11158 -0.09789 0.00000
v -0.10778 -0.09789 0.03147
v -0.09663 -0.09789 0.06079
v -0.07890 -0.09789 0.08597
v -0.05579 -0.09789 0.10529
v -0.02888 -0.09789 0.11744
v -0.00000 -0.09789 0.12158
v 0.02888 -0.09789 0.11744
v 0.05579 -0.09789 0.10529
v 0.07890 -0.09789 0.08597
v 0.09663 -0.09789 0.06079
v 0.10778 -0.09789 0.03147
v 0.11158 -0.09789 0.00000
v 0.10778 -0.09789 -0.03147
v 0.09697 -0.09789 -0.06100
v 0.08743 -0.09789 -0.09527
v 0.06668 -0.09789 -0.12584
v 0.03007 -0.09789 -0.12226
v 0.00000 -0.09789 -0.13538
v -0.03007 -0.09789 -0.12226
v -0.06668 -0.09789 -0.12584
v -0.08743 -0.09789 -0.09527
v -0.09697 -0.09789 -0.06100
v -0.10778 -0.09789 -0.03147
v -0.11158 -0.09789 -0.00000
v -0.11053 -0.03263 0.00000
v -0.10676 -0.03263 0.03119
v -0.09572 -0.03263 0.06026
v -0.07815 -0.03263 0.08522
v -0.05526 -0.03263 0.10438
v -0.02861 -0.03263 0.11642
v -0.00000 -0.03263 0.12053
v 0.02861 -0.03263 0.11642
v 0.05526 -0.03263 0.10438
v 0.07815 -0.03263 0.08522
v 0.09572 -0.03263 0.06026
v 0.10676 -0.03263 0.03119
v 0.11053 -0.03263 0.00000
v 0.10676 -0.03263 -0.03119
v 0.09606 -0.03263 -0.06048
v 0.08661 -0.03263 -0.09444
v 0.06605 -0.03263 -0.12475
v 0.02979 -0.03263 -0.12125
v 0.00000 -0.03263 -0.13447
v -0.02979 -0.03263 -0.12125
v -0.06605 -0.03263 -0.12475
v -0.08661 -0.03263 -0.09444
v -0.09606 -0.03263 -0.06048
v -0.10676 -0.03263 -0.03119
v -0.11053 -0.03263 -0.00000
v -0.10947 0.03263 0.00000
v -0.10574 0.03263 0.03092
v -0.09481 0.03263 0.05974
v -0.07741 0.03263 0.08448
v -0.05474 0.03263 0.10347
v -0.02833 0.03263 0.11540
v -0.00000 0.03263 0.11947
v 0.02833 0.03263 0.11540
v 0.05474 0.03263 0.10347
v 0.07741 0.03263 0.08448
v 0.09481 0.03263 0.05974
v 0.10574 0.03263 0.03092
v 0.10947 0.03263 0.00000
v 0.10574 0.03263 -0.03092
v 0.09514 0.03263 -0.05995
v 0.08578 0.03263 -0.09362
v 0.06542 0.03263 -0.12365
v 0.02933 0.03263 -0.11946
v 0.00000 0.03263 -0.12907
v -0.02933 0.03263 -0.11946
v -0.06542 0.03263 -0.12365
v -0.08578 0.03263 -0.09362
v -0.09514 0.03263 -0.05995
v -0.10574 0.03263 -0.03092
v -0.10947 0.03263 -0.00000
v -0.10842 0.09789 0.00000
v -0.10473 0.09789 0.03065
v -0.09390 0.09789 0.05921
v -0.07667 0.09789 0.08374
v -0.05421 0.09789 0.10256
v -0.02806 0.09789 0.11439
v -0.00000 0.09789 0.11842
v 0.02806 0.09789 0.11439
v 0.05421 0.09789 0.10256
v 0.07667 0.09789 0.08374
v 0.09390 0.09789 0.05921
v 0.10473 0.09789 0.03065
v 0.10842 0.09789 0.00000
v 0.10473 0.09789 -0.03065
v 0.09423 0.09789 -0.05942
v 0.08496 0.09789 -0.09279
v 0.06478 0.09789 -0.12256
v 0.02883 0.09789 -0.11753
v 0.00000 0.09789 -0.12293
v -0.02883 0.09789 -0.11753
v -0.06478 0.09789 -0.12256
v -0.08496 0.09789 -0.09279
v -0.09423 0.09789 -0.05942
v -0.10473 0.09789 -0.03065
v -0.10842 0.09789 -0.00000
v -0.10737 0.16316 0.00000
v -0.10371 0.16316 0.03038
v -0.09298 0.16316 0.05868
v -0.07592 0.16316 0.08299
v -0.05368 0.16316 0.10164
v -0.02779 0.16316 0.11337
v -0.00000 0.16316 0.11737
v 0.02779 0.16316 0.11337
v 0.05368 0.16316 0.10164
v 0.07592 0.16316 0.08299
v 0.09298 0.16316 0.05868
v 0.10371 0.16316 0.03038
v 0.10737 0.16316 0.00000
v 0.10371 0.16316 -0.03038
v 0.09331 0.16316 -0.05889
v 0.08413 0.16316 -0.09197
v 0.06415 0.16316 -0.12147
v 0.02843 0.16316 -0.11596
v 0.00000 0.16316 -0.11883
v -0.02843 0.16316 -0.11596
v -0.06415 0.16316 -0.12147
v -0.08413 0.16316 -0.09197
v -0.09331 0.16316 -0.05889
v -0.10371 0.16316 -0.03038
v -0.10737 0.16316 -0.00000
v -0.10632 0.22842 0.00000
v -0.10269 0.22842 0.03010
v -0.09207 0.22842 0.05816
v -0.07518 0.22842 0.08225
v -0.05316 0.22842 0.10073
v -0.02752 0.22842 0.11235
v -0.00000 0.22842 0.11632
v 0.02752 0.22842 0.11235
v 0.05316 0.22842 0.10073
v 0.07518 0.22842 0.08225
v 0.09207 0.22842 0.05816
v 0.10269 0.22842 0.03010
v 0.10632 0.22842 0.00000
v 0.10269 0.22842 -0.03010
v 0.09240 0.22842 -0.05836
v 0.08331 0.22842 -0.09114
v 0.06352 0.22842 -0.12038
v 0.02810 0.22842 -0.11473
v 0.00000 0.22842 -0.11666
v -0.02810 0.22842 -0.11473
v -0.06352 0.22842 -0.12038
v -0.08331 0.22842 -0.09114
v -0.09240 0.22842 -0.05836
v -0.10269 0.22842 -0.03010
v -0.10632 0.22842 -0.00000
v -0.10526 0.29368 0.00000
v -0.10168 0.29368 0.02983
v -0.09116 0.29368 0.05763
v -0.07443 0.29368 0.08150
v -0.05263 0.29368 0.09982
v -0.02724 0.29368 0.11134
v -0.00000 0.29368 0.11526
v 0.02724 0.29368 0.11134
v 0.05263 0.29368 0.09982
v 0.07443 0.29368 0.08150
v 0.09116 0.29368 0.05763
v 0.10168 0.29368 0.02983
v 0.10526 0.29368 0.00000
v 0.10168 0.29368 -0.02983
v 0.09148 0.29368 -0.05784
v 0.08248 0.29368 -0.09032
v 0.06290 0.29368 -0.11929
v 0.02781 0.29368 -0.11365
v 0.00000 0.29368 -0.11534
v -0.02781 0.29368 -0.11365
v -0.06290 0.29368 -0.11929
v -0.08248 0.29368 -0.09032
v -0.09148 0.29368 -0.05784
v -0.10168 0.29368 -0.02983
v -0.10526 0.29368 -0.00000
v -0.10421 0.35895 0.00000
v -0.10066 0.35895 0.02956
v -0.09025 0.35895 0.05711
v -0.07369 0.35895 0.08076
v -0.05211 0.35895 0.09891
v -0.02697 0.35895 0.11032
v -0.00000 0.35895 0.11421
v 0.02697 0.35895 0.11032
v 0.05211 0.35895 0.09891
v 0.07369 0.35895 0.08076
v 0.09025 0.35895 0.05711
v 0.10066 0.35895 0.02956
v 0.10421 0.35895 0.00000
v 0.10066 0.35895 -0.02956
v 0.09057 0.35895 -0.05731
v 0.08166 0.35895 -0.08949
v 0.06227 0.35895 -0.11820
v 0.02753 0.35895 -0.11260
v 0.00000 0.35895 -0.11424
v -0.02753 0.35895 -0.11260
v -0.06227 0.35895 -0.11820
v -0.08166 0.35895 -0.08949
v -0.09057 0.35895 -0.05731
v -0.10066 0.35895 -0.02956
v -0.10421 0.35895 -0.00000
v -0.10316 0.42421 0.00000
v -0.09964 0.42421 0.02929
v -0.08934 0.42421 0.05658
v -0.07294 0.42421 0.08001
v -0.05158 0.42421 0.09800
v -0.02670 0.42421 0.10930
v -0.00000 0.42421 0.11316
v 0.02670 0.42421 0.10930
v 0.05158 0.42421 0.09800
v 0.07294 0.42421 0.08001
v 0.08934 0.42421 0.05658
v 0.09964 0.42421 0.02929
v 0.10316 0.42421 0.00000
v 0.09964 0.42421 -0.02929
v 0.08965 0.42421 -0.05678
v 0.08083 0.42421 -0.08867
v 0.06164 0.42421 -0.11711
v 0.02725 0.42421 -0.11157
v 0.00000 0.42421 -0.11319
v -0.02725 0.42421 -0.11157
v -0.06164 0.42421 -0.11711
v -0.08083 0.42421 -0.08867
v -0.08965 0.42421 -0.05678
v -0.09964 0.42421 -0.02929
v -0.10316 0.42421 -0.00000
v -0.10211 0.48947 0.00000
v -0.09863 0.48947 0.02901
v -0.08843 0.48947 0.05605
v -0.07220 0.48947 0.07927
v -0.05105 0.48947 0.09709
v -0.02643 0.48947 0.10829
v -0.00000 0.48947 0.11211
v 0.02643 0.48947 0.10829
v 0.05105 0.48947 0.09709
v 0.07220 0.48947 0.07927
v 0.08843 0.48947 0.05605
v 0.09863 0.48947 0.02901
v 0.10211 0.48947 0.00000
v 0.09863 0.48947 -0.02902
v 0.08874 0.48947 -0.05625
v 0.08001 0.48947 -0.08784
v 0.06101 0.48947 -0.11602
v 0.02697 0.48947 -0.11053
v 0.00000 0.48947 -0.11213
v -0.02697 0.48947 -0.11053
v -0.06101 0.48947 -0.11602
v -0.08001 0.48947 -0.08784
v -0.08874 0.48947 -0.05625
v -0.09863 0.48947 -0.02902
v -0.10211 0.48947 -0.00000
v -0.10105 0.55474 0.00000
v -0.09761 0.55474 0.02874
v -0.08751 0.55474 0.05553
v -0.07146 0.55474 0.07853
v -0.05053 0.55474 0.09617
v -0.02615 0.55474 0.10727
v -0.00000 0.55474 0.11105
v 0.02615 0.55474 0.10727
v 0.05053 0.55474 0.09617
v 0.07146 0.55474 0.07853
v 0.08751 0.55474 0.05553
v 0.09761 0.55474 0.02874
v 0.10105 0.55474 0.00000
v 0.09761 0.55474 -0.02874
v 0.08782 0.55474 -0.05572
v 0.07918 0.55474 -0.08702
v 0.06038 0.55474 -0.11493
v 0.02670 0.55474 -0.10949
v 0.00000 0.55474 -0.11108
v -0.02670 0.55474 -0.10949
v -0.06038 0.55474 -0.11493
v -0.07918 0.55474 -0.08702
v -0.08782 0.55474 -0.05572
v -0.09761 0.55474 -0.02874
v -0.10105 0.55474 -0.00000
v -0.10000 0.62000 0.00000
v -0.09659 0.62000 0.02847
v -0.08660 0.62000 0.05500
v -0.07071 0.62000 0.07778
v -0.05000 0.62000 0.09526
v -0.02588 0.62000 0.10625
v -0.00000 0.62000 0.11000
v 0.02588 0.62000 0.10625
v 0.05000 0.62000 0.09526
v 0.07071 0.62000 0.07778
v 0.08660 0.62000 0.05500
v 0.09659 0.62000 0.02847
v 0.10000 0.62000 0.00000
v 0.09659 0.62000 -0.02847
v 0.08691 0.62000 -0.05519
v 0.07836 0.62000 -0.08619
v 0.05975 0.62000 -0.11384
v 0.02642 0.62000 -0.10845
v 0.00000 0.62000 -0.11003
v -0.02642 0.62000 -0.10845
v -0.05975 0.62000 -0.11384
v -0.07836 0.62000 -0.08619
v -0.08691 0.62000 -0.05519
v -0.09659 0.62000 -0.02847
v -0.10000 0.62000 -0.00000
v -0.09239 0.65215 0.00000
v -0.08924 0.65215 0.02630
v -0.08001 0.65215 0.05081
v -0.06533 0.65215 0.07186
v -0.04619 0.65215 0.08801
v -0.02391 0.65215 0.09816
v -0.00000 0.65215 0.10163
v 0.02391 0.65215 0.09816
v 0.04619 0.65215 0.08801
v 0.06533 0.65215 0.07186
v 0.08001 0.65215 0.05081
v 0.08924 0.65215 0.02630
v 0.09239 0.65215 0.00000
v 0.08924 0.65215 -0.02630
v 0.08029 0.65215 -0.05099
v 0.07239 0.65215 -0.07963
v 0.05520 0.65215 -0.10517
v 0.02441 0.65215 -0.10020
v 0.00000 0.65215 -0.10165
v -0.02441 0.65215 -0.10020
v -0.05520 0.65215 -0.10517
v -0.07239 0.65215 -0.07963
v -0.08029 0.65215 -0.05099
v -0.08924 0.65215 -0.02630
v -0.09239 0.65215 -0.00000
v -0.07071 0.67940 0.00000
v -0.06830 0.67940 0.02013
v -0.06124 0.67940 0.03889
v -0.05000 0.67940 0.05500
v -0.03536 0.67940 0.06736
v -0.01830 0.67940 0.07513
v -0.00000 0.67940 0.07778
v 0.01830 0.67940 0.07513
v 0.03536 0.67940 0.06736
v 0.05000 0.67940 0.05500
v 0.06124 0.67940 0.03889
v 0.06830 0.67940 0.02013
v 0.07071 0.67940 0.00000
v 0.06830 0.67940 -0.02013
v 0.06145 0.67940 -0.03903
v 0.05541 0.67940 -0.06095
v 0.04225 0.67940 -0.08050
v 0.01868 0.67940 -0.07669
v 0.00000 0.67940 -0.07780
v -0.01868 0.67940 -0.07669
v -0.04225 0.67940 -0.08050
v -0.05541 0.67940 -0.06095
v -0.06145 0.67940 -0.03903
v -0.06830 0.67940 -0.02013
v -0.07071 0.67940 -0.00000
v -0.03827 0.69761 0.00000
v -0.03696 0.69761 0.01090
v -0.03314 0.69761 0.02105
v -0.02706 0.69761 0.02977
v -0.01913 0.69761 0.03646
v -0.00990 0.69761 0.04066
v -0.00000 0.69761 0.04210
v 0.00990 0.69761 0.04066
v 0.01913 0.69761 0.03646
v 0.02706 0.69761 0.02977
v 0.03314 0.69761 0.02105
v 0.03696 0.69761 0.01090
v 0.03827 0.69761 0.00000
v 0.03696 0.69761 -0.01090
v 0.03326 0.69761 -0.02112
v 0.02999 0.69761 -0.03298
v 0.02287 0.69761 -0.04356
v 0.01011 0.69761 -0.04150
v 0.00000 0.69761 -0.04211
v -0.01011 0.69761 -0.04150
v -0.02287 0.69761 -0.04356
v -0.02999 0.69761 -0.03298
v -0.03326 0.69761 -0.02112
v -0.03696 0.69761 -0.01090
v -0.03827 0.69761 -0.00000
v -0.00100 0.70400 0.00000
v -0.00097 0.70400 0.00026
v -0.00087 0.70400 0.00050
v -0.00071 0.70400 0.00071
v -0.00050 0.70400 0.00087
v -0.00026 0.70400 0.00097
v -0.00000 0.70400 0.00100
v 0.00026 0.70400 0.00097
v 0.00050 0.70400 0.00087
v 0.00071 0.70400 0.00071
v 0.00087 0.70400 0.00050
v 0.00097 0.70400 0.00026
v 0.00100 0.70400 0.00000
v 0.00097 0.70400 -0.00026
v 0.00087 0.70400 -0.00050
v 0.00078 0.70400 -0.00078
v 0.00060 0.70400 -0.00103
v 0.00026 0.70400 -0.00099
v 0.00000 0.70400 -0.00100
v -0.00026 0.70400 -0.00099
v -0.00060 0.70400 -0.00103
v -0.00078 0.70400 -0.00078
v -0.00087 0.70400 -0.00050
v -0.00097 0.70400 -0.00026
v -0.00100 0.70400 -0.00000
vt 0.00000 -0.05000
vt 0.04167 -0.05000
vt 0.08333 -0.05000
vt 0.12500 -0.05000
vt 0.16667 -0.05000
vt 0.20833 -0.05000
vt 0.25000 -0.05000
vt 0.29167 -0.05000
vt 0.33333 -0.05000
vt 0.37500 -0.05000
vt 0.41667 -0.05000
vt 0.45833 -0.05000
vt 0.50000 -0.05000
vt 0.54167 -0.05000
vt 0.58333 -0.05000
vt 0.62500 -0.05000
vt 0.66667 -0.05000
vt 0.70833 -0.05000
vt 0.75000 -0.05000
vt 0.79167 -0.05000
vt 0.83333 -0.05000
vt 0.87500 -0.05000
vt 0.91667 -0.05000
vt 0.95833 -0.05000
vt 1.00000 -0.05000
vt 0.00000 -0.04619
vt 0.04167 -0.04619
vt 0.08333 -0.04619
vt 0.12500 -0.04619
vt 0.16667 -0.04619
vt 0.20833 -0.04619
vt 0.25000 -0.04619
vt 0.29167 -0.04619
vt 0.33333 -0.04619
vt 0.37500 -0.04619
vt 0.41667 -0.04619
vt 0.45833 -0.04619
vt 0.50000 -0.04619
vt 0.54167 -0.04619
vt 0.58333 -0.04619
vt 0.62500 -0.04619
vt 0.66667 -0.04619
vt 0.70833 -0.04619
vt 0.75000 -0.04619
vt 0.79167 -0.04619
vt 0.83333 -0.04619
vt 0.87500 -0.04619
vt 0.91667 -0.04619
vt 0.95833 -0.04619
vt 1.00000 -0.04619
vt 0.00000 -0.03536
vt 0.04167 -0.03536
vt 0.08333 -0.03536
vt 0.12500 -0.03536
vt 0.16667 -0.03536
vt 0.20833 -0.03536
vt 0.25000 -0.03536
vt 0.29167 -0.03536
vt 0.33333 -0.03536
vt 0.37500 -0.03536
vt 0.41667 -0.03536
vt 0.45833 -0.03536
vt 0.50000 -0.03536
vt 0.54167 -0.03536
vt 0.58333 -0.03536
vt 0.62500 -0.03536
vt 0.66667 -0.03536
vt 0.70833 -0.03536
vt 0.75000 -0.03536
vt 0.79167 -0.03536
vt 0.83333 -0.03536
vt 0.87500 -0.03536
vt 0.91667 -0.03536
vt 0.95833 -0.03536
vt 1.00000 -0.03536
vt 0.00000 -0.01913
vt 0.04167 -0.01913
vt 0.08333 -0.01913
vt 0.12500 -0.01913
vt 0.16667 -0.01913
vt 0.20833 -0.01913
vt 0.25000 -0.01913
vt 0.29167 -0.01913
vt 0.33333 -0.01913
vt 0.37500 -0.01913
vt 0.41667 -0.01913
vt 0.45833 -0.01913
vt 0.50000 -0.01913
vt 0.54167 -0.01913
vt 0.58333 -0.01913
vt 0.62500 -0.01913
vt 0.66667 -0.01913
vt 0.70833 -0.01913
vt 0.75000 -0.01913
vt 0.79167 -0.01913
vt 0.83333 -0.01913
vt 0.87500 -0.01913
vt 0.91667 -0.01913
vt 0.95833 -0.01913
vt 1.00000 -0.01913
vt 0.00000 0.00000
vt 0.04167 0.00000
vt 0.08333 0.00000
vt 0.12500 0.00000
vt 0.16667 0.00000
vt 0.20833 0.00000
vt 0.25000 0.00000
vt 0.29167 0.00000
vt 0.33333 0.00000
vt 0.37500 0.00000
vt 0.41667 0.00000
vt 0.45833 0.00000
vt 0.50000 0.00000
vt 0.54167 0.00000
vt 0.58333 0.00000
vt 0.62500 0.00000
vt 0.66667 0.00000
vt 0.70833 0.00000
vt 0.75000 0.00000
vt 0.79167 0.00000
vt 0.83333 0.00000
vt 0.87500 0.00000
vt 0.91667 0.00000
vt 0.95833 0.00000
vt 1.00000 0.00000
vt 0.00000 0.03263
vt 0.04167 0.03263
vt 0.08333 0.03263
vt 0.12500 0.03263
vt 0.16667 0.03263
vt 0.20833 0.03263
vt 0.25000 0.03263
vt 0.29167 0.03263
vt 0.33333 0.03263
vt 0.37500 0.03263
vt 0.41667 0.03263
vt 0.45833 0.03263
vt 0.50000 0.03263
vt 0.54167 0.03263
vt 0.58333 0.03263
vt 0.62500 0.03263
vt 0.66667 0.03263
vt 0.70833 0.03263
vt 0.75000 0.03263
vt 0.79167 0.03263
vt 0.83333 0.03263
vt 0.87500 0.03263
vt 0.91667 0.03263
vt 0.95833 0.03263
vt 1.00000 0.03263
vt 0.00000 0.06526
vt 0.04167 0.06526
vt 0.08333 0.06526
vt 0.12500 0.06526
vt 0.16667 0.06526
vt 0.20833 0.06526
vt 0.25000 0.06526
vt 0.29167 0.06526
vt 0.33333 0.06526
vt 0.37500 0.06526
vt 0.41667 0.06526
vt 0.45833 0.06526
vt 0.50000 0.06526
vt 0.54167 0.06526
vt 0.58333 0.06526
vt 0.62500 0.06526
vt 0.66667 0.06526
vt 0.70833 0.06526
vt 0.75000 0.06526
vt 0.79167 0.06526
vt 0.83333 0.06526
vt 0.87500 0.06526
vt 0.91667 0.06526
vt 0.95833 0.06526
vt 1.00000 0.06526
vt 0.00000 0.09789
vt 0.04167 0.09789
vt 0.08333 0.09789
vt 0.12500 0.09789
vt 0.16667 0.09789
vt 0.20833 0.09789
vt 0.25000 0.09789
vt 0.29167 0.09789
vt 0.33333 0.09789
vt 0.37500 0.09789
vt 0.41667 0.09789
vt 0.45833 0.09789
vt 0.50000 0.09789
vt 0.54167 0.09789
vt 0.58333 0.09789
vt 0.62500 0.09789
vt 0.66667 0.09789
vt 0.70833 0.09789
vt 0.75000 0.09789
vt 0.79167 0.09789
vt 0.83333 0.09789
vt 0.87500 0.09789
vt 0.91667 0.09789
vt 0.95833 0.09789
vt 1.00000 0.09789
vt 0.00000 0.13053
vt 0.04167 0.13053
vt 0.08333 0.13053
vt 0.12500 0.13053
vt 0.16667 0.13053
vt 0.20833 0.13053
vt 0.25000 0.13053
vt 0.29167 0.13053
vt 0.33333 0.13053
vt 0.37500 0.13053
vt 0.41667 0.13053
vt 0.45833 0.13053
vt 0.50000 0.13053
vt 0.54167 0.13053
vt 0.58333 0.13053
vt 0.62500 0.13053
vt 0.66667 0.13053
vt 0.70833 0.13053
vt 0.75000 0.13053
vt 0.79167 0.13053
vt 0.83333 0.13053
vt 0.87500 0.13053
vt 0.91667 0.13053
vt 0.95833 0.13053
vt 1.00000 0.13053
vt 0.00000 0.16316
vt 0.04167 0.16316
vt 0.08333 0.16316
vt 0.12500 0.16316
vt 0.16667 0.16316
vt 0.20833 0.16316
vt 0.25000 0.16316
vt 0.29167 0.16316
vt 0.33333 0.16316
vt 0.37500 0.16316
vt 0.41667 0.16316
vt 0.45833 0.16316
vt 0.50000 0.16316
vt 0.54167 0.16316
vt 0.58333 0.16316
vt 0.62500 0.16316
vt 0.66667 0.16316
vt 0.70833 0.16316
vt 0.75000 0.16316
vt 0.79167 0.16316
vt 0.83333 0.16316
vt 0.87500 0.16316
vt 0.91667 0.16316
vt 0.95833 0.16316
vt 1.00000 0.16316
vt 0.00000 0.19579
vt 0.04167 0.19579
vt 0.08333 0.19579
vt 0.12500 0.19579
vt 0.16667 0.19579
vt 0.20833 0.19579
vt 0.25000 0.19579
vt 0.29167 0.19579
vt 0.33333 0.19579
vt 0.37500 0.19579
vt 0.41667 0.19579
vt 0.45833 0.19579
vt 0.50000 0.19579
vt 0.54167 0.19579
vt 0.58333 0.19579
vt 0.62500 0.19579
vt 0.66667 0.19579
vt 0.70833 0.19579
vt 0.75000 0.19579
vt 0.79167 0.19579
vt 0.83333 0.19579
vt 0.87500 0.19579
vt 0.91667 0.19579
vt 0.95833 0.19579
vt 1.00000 0.19579
vt 0.00000 0.22842
vt 0.04167 0.22842
vt 0.08333 0.22842
vt 0.12500 0.22842
vt 0.16667 0.22842
vt 0.20833 0.22842
vt 0.25000 0.22842
vt 0.29167 0.22842
vt 0.33333 0.22842
vt 0.37500 0.22842
vt 0.41667 0.22842
vt 0.45833 0.22842
vt 0.50000 0.22842
vt 0.54167 0.22842
vt 0.58333 0.22842
vt 0.62500 0.22842
vt 0.66667 0.22842
vt 0.70833 0.22842
vt 0.75000 0.22842
vt 0.79167 0.22842
vt 0.83333 0.22842
vt 0.87500 0.22842
vt 0.91667 0.22842
vt 0.95833 0.22842
vt 1.00000 0.22842
vt 0.00000 0.26105
vt 0.04167 0.26105
vt 0.08333 0.26105
vt 0.12500 0.26105
vt 0.16667 0.26105
vt 0.20833 0.26105
vt 0.25000 0.26105
vt 0.29167 0.26105
vt 0.33333 0.26105
vt 0.37500 0.26105
vt 0.41667 0.26105
vt 0.45833 0.26105
vt 0.50000 0.26105
vt 0.54167 0.26105
vt 0.58333 0.26105
vt 0.62500 0.26105
vt 0.66667 0.26105
vt 0.70833 0.26105
vt 0.75000 0.26105
vt 0.79167 0.26105
vt 0.83333 0.26105
vt 0.87500 0.26105
vt 0.91667 0.26105
vt 0.95833 0.26105
vt 1.00000 0.26105
vt 0.00000 0.29368
vt 0.04167 0.29368
vt 0.08333 0.29368
vt 0.12500 0.29368
vt 0.16667 0.29368
vt 0.20833 0.29368
vt 0.25000 0.29368
vt 0.29167 0.29368
vt 0.33333 0.29368
vt 0.37500 0.29368
vt 0.41667 0.29368
vt 0.45833 0.29368
vt 0.50000 0.29368
vt 0.54167 0.29368
vt 0.58333 0.29368
vt 0.62500 0.29368
vt 0.66667 0.29368
vt 0.70833 0.29368
vt 0.75000 0.29368
vt 0.79167 0.29368
vt 0.83333 0.29368
vt 0.87500 0.29368
vt 0.91667 0.29368
vt 0.95833 0.29368
vt 1.00000 0.29368
vt 0.00000 0.32632
vt 0.04167 0.32632
vt 0.08333 0.32632
vt 0.12500 0.32632
vt 0.16667 0.32632
vt 0.20833 0.32632
vt 0.25000 0.32632
vt 0.29167 0.32632
vt 0.33333 0.32632
vt 0.37500 0.32632
vt 0.41667 0.32632
vt 0.45833 0.32632
vt 0.50000 0.32632
vt 0.54167 0.32632
vt 0.58333 0.32632
vt 0.62500 0.32632
vt 0.66667 0.32632
vt 0.70833 0.32632
vt 0.75000 0.32632
vt 0.79167 0.32632
vt 0.83333 0.32632
vt 0.87500 0.32632
vt 0.91667 0.32632
vt 0.95833 0.32632
vt 1.00000 0.32632
vt 0.00000 0.35895
vt 0.04167 0.35895
vt 0.08333 0.35895
vt 0.12500 0.35895
vt 0.16667 0.35895
vt 0.20833 0.35895
vt 0.25000 0.35895
vt 0.29167 0.35895
vt 0.33333 0.35895
vt 0.37500 0.35895
vt 0.41667 0.35895
vt 0.45833 0.35895
vt 0.50000 0.35895
vt 0.54167 0.35895
vt 0.58333 0.35895
vt 0.62500 0.35895
vt 0.66667 0.35895
vt 0.70833 0.35895
vt 0.75000 0.35895
vt 0.79167 0.35895
vt 0.83333 0.35895
vt 0.87500 0.35895
vt 0.91667 0.35895
vt 0.95833 0.35895
vt 1.00000 0.35895
vt 0.00000 0.39158
vt 0.04167 0.39158
vt 0.08333 0.39158
vt 0.12500 0.39158
vt 0.16667 0.39158
vt 0.20833 0.39158
vt 0.25000 0.39158
vt 0.29167 0.39158
vt 0.33333 0.39158
vt 0.37500 0.39158
vt 0.41667 0.39158
vt 0.45833 0.39158
vt 0.50000 0.39158
vt 0.54167 0.39158
vt 0.58333 0.39158
vt 0.62500 0.39158
vt 0.66667 0.39158
vt 0.70833 0.39158
vt 0.75000 0.39158
vt 0.79167 0.39158
vt 0.83333 0.39158
vt 0.87500 0.39158
vt 0.91667 0.39158
vt 0.95833 0.39158
vt 1.00000 0.39158
vt 0.00000 0.42421
vt 0.04167 0.42421
vt 0.08333 0.42421
vt 0.12500 0.42421
vt 0.16667 0.42421
vt 0.20833 0.42421
vt 0.25000 0.42421
vt 0.29167 0.42421
vt 0.33333 0.42421
vt 0.37500 0.42421
vt 0.41667 0.42421
vt 0.45833 0.42421
vt 0.50000 0.42421
vt 0.54167 0.42421
vt 0.58333 0.42421
vt 0.62500 0.42421
vt 0.66667 0.42421
vt 0.70833 0.42421
vt 0.75000 0.42421
vt 0.79167 0.42421
vt 0.83333 0.42421
vt 0.87500 0.42421
vt 0.91667 0.42421
vt 0.95833 0.42421
vt 1.00000 0.42421
vt 0.00000 0.45684
vt 0.04167 0.45684
vt 0.08333 0.45684
vt 0.12500 0.45684
vt 0.16667 0.45684
vt 0.20833 0.45684
vt 0.25000 0.45684
vt 0.29167 0.45684
vt 0.33333 0.45684
vt 0.37500 0.45684
vt 0.41667 0.45684
vt 0.45833 0.45684
vt 0.50000 0.45684
vt 0.54167 0.45684
vt 0.58333 0.45684
vt 0.62500 0.45684
vt 0.66667 0.45684
vt 0.70833 0.45684
vt 0.75000 0.45684
vt 0.79167 0.45684
vt 0.83333 0.45684
vt 0.87500 0.45684
vt 0.91667 0.45684
vt 0.95833 0.45684
vt 1.00000 0.45684
vt 0.00000 0.48947
vt 0.04167 0.48947
vt 0.08333 0.48947
vt 0.12500 0.48947
vt 0.16667 0.48947
vt 0.20833 0.48947
vt 0.25000 0.48947
vt 0.29167 0.48947
vt 0.33333 0.48947
vt 0.37500 0.48947
vt 0.41667 0.48947
vt 0.45833 0.48947
vt 0.50000 0.48947
vt 0.54167 0.48947
vt 0.58333 0.48947
vt 0.62500 0.48947
vt 0.66667 0.48947
vt 0.70833 0.48947
vt 0.75000 0.48947
vt 0.79167 0.48947
vt 0.83333 0.48947
vt 0.87500 0.48947
vt 0.91667 0.48947
vt 0.95833 0.48947
vt 1.00000 0.48947
vt 0.00000 0.52211
vt 0.04167 0.52211
vt 0.08333 0.52211
vt 0.12500 0.52211
vt 0.16667 0.52211
vt 0.20833 0.52211
vt 0.25000 0.52211
vt 0.29167 0.52211
vt 0.33333 0.52211
vt 0.37500 0.52211
vt 0.41667 0.52211
vt 0.45833 0.52211
vt 0.50000 0.52211
vt 0.54167 0.52211
vt 0.58333 0.52211
vt 0.62500 0.52211
vt 0.66667 0.52211
vt 0.70833 0.52211
vt 0.75000 0.52211
vt 0.79167 0.52211
vt 0.83333 0.52211
vt 0.87500 0.52211
vt 0.91667 0.52211
vt 0.95833 0.52211
vt 1.00000 0.52211
vt 0.00000 0.55474
vt 0.04167 0.55474
vt 0.08333 0.55474
vt 0.12500 0.55474
vt 0.16667 0.55474
vt 0.20833 0.55474
vt 0.25000 0.55474
vt 0.29167 0.55474
vt 0.33333 0.55474
vt 0.37500 0.55474
vt 0.41667 0.55474
vt 0.45833 0.55474
vt 0.50000 0.55474
vt 0.54167 0.55474
vt 0.58333 0.55474
vt 0.62500 0.55474
vt 0.66667 0.55474
vt 0.70833 0.55474
vt 0.75000 0.55474
vt 0.79167 0.55474
vt 0.83333 0.55474
vt 0.87500 0.55474
vt 0.91667 0.55474
vt 0.95833 0.55474
vt 1.00000 0.55474
vt 0.00000 0.58737
vt 0.04167 0.58737
vt 0.08333 0.58737
vt 0.12500 0.58737
vt 0.16667 0.58737
vt 0.20833 0.58737
vt 0.25000 0.58737
vt 0.29167 0.58737
vt 0.33333 0.58737
vt 0.37500 0.58737
vt 0.41667 0.58737
vt 0.45833 0.58737
vt 0.50000 0.58737
vt 0.54167 0.58737
vt 0.58333 0.58737
vt 0.62500 0.58737
vt 0.66667 0.58737
vt 0.70833 0.58737
vt 0.75000 0.58737
vt 0.79167 0.58737
vt 0.83333 0.58737
vt 0.87500 0.58737
vt 0.91667 0.58737
vt 0.95833 0.58737
vt 1.00000 0.58737
vt 0.00000 0.62000
vt 0.04167 0.62000
vt 0.08333 0.62000
vt 0.12500 0.62000
vt 0.16667 0.62000
vt 0.20833 0.62000
vt 0.25000 0.62000
vt 0.29167 0.62000
vt 0.33333 0.62000
vt 0.37500 0.62000
vt 0.41667 0.62000
vt 0.45833 0.62000
vt 0.50000 0.62000
vt 0.54167 0.62000
vt 0.58333 0.62000
vt 0.62500 0.62000
vt 0.66667 0.62000
vt 0.70833 0.62000
vt 0.75000 0.62000
vt 0.79167 0.62000
vt 0.83333 0.62000
vt 0.87500 0.62000
vt 0.91667 0.62000
vt 0.95833 0.62000
vt 1.00000 0.62000
vt 0.00000 0.63607
vt 0.04167 0.63607
vt 0.08333 0.63607
vt 0.12500 0.63607
vt 0.16667 0.63607
vt 0.20833 0.63607
vt 0.25000 0.63607
vt 0.29167 0.63607
vt 0.33333 0.63607
vt 0.37500 0.63607
vt 0.41667 0.63607
vt 0.45833 0.63607
vt 0.50000 0.63607
vt 0.54167 0.63607
vt 0.58333 0.63607
vt 0.62500 0.63607
vt 0.66667 0.63607
vt 0.70833 0.63607
vt 0.75000 0.63607
vt 0.79167 0.63607
vt 0.83333 0.63607
vt 0.87500 0.63607
vt 0.91667 0.63607
vt 0.95833 0.63607
vt 1.00000 0.63607
vt 0.00000 0.64970
vt 0.04167 0.64970
vt 0.08333 0.64970
vt 0.12500 0.64970
vt 0.16667 0.64970
vt 0.20833 0.64970
vt 0.25000 0.64970
vt 0.29167 0.64970
vt 0.33333 0.64970
vt 0.37500 0.64970
vt 0.41667 0.64970
vt 0.45833 0.64970
vt 0.50000 0.64970
vt 0.54167 0.64970
vt 0.58333 0.64970
vt 0.62500 0.64970
vt 0.66667 0.64970
vt 0.70833 0.64970
vt 0.75000 0.64970
vt 0.79167 0.64970
vt 0.83333 0.64970
vt 0.87500 0.64970
vt 0.91667 0.64970
vt 0.95833 0.64970
vt 1.00000 0.64970
vt 0.00000 0.65880
vt 0.04167 0.65880
vt 0.08333 0.65880
vt 0.12500 0.65880
vt 0.16667 0.65880
vt 0.20833 0.65880
vt 0.25000 0.65880
vt 0.29167 0.65880
vt 0.33333 0.65880
vt 0.37500 0.65880
vt 0.41667 0.65880
vt 0.45833 0.65880
vt 0.50000 0.65880
vt 0.54167 0.65880
vt 0.58333 0.65880
vt 0.62500 0.65880
vt 0.66667 0.65880
vt 0.70833 0.65880
vt 0.75000 0.65880
vt 0.79167 0.65880
vt 0.83333 0.65880
vt 0.87500 0.65880
vt 0.91667 0.65880
vt 0.95833 0.65880
vt 1.00000 0.65880
vt 0.00000 0.66200
vt 0.04167 0.66200
vt 0.08333 0.66200
vt 0.12500 0.66200
vt 0.16667 0.66200
vt 0.20833 0.66200
vt 0.25000 0.66200
vt 0.29167 0.66200
vt 0.33333 0.66200
vt 0.37500 0.66200
vt 0.41667 0.66200
vt 0.45833 0.66200
vt 0.50000 0.66200
vt 0.54167 0.66200
vt 0.58333 0.66200
vt 0.62500 0.66200
vt 0.66667 0.66200
vt 0.70833 0.66200
vt 0.75000 0.66200
vt 0.79167 0.66200
vt 0.83333 0.66200
vt 0.87500 0.66200
vt 0.91667 0.66200
vt 0.95833 0.66200
vt 1.00000 0.66200
vn 0.16703 0.98571 -0.02199
vn 0.16678 0.98577 -0.02118
vn 0.15512 0.98605 -0.06040
vn 0.13288 0.98653 -0.09545
vn 0.10162 0.98707 -0.12395
vn 0.06349 0.98754 -0.14399
vn 0.02108 0.98781 -0.15425
vn -0.02275 0.98780 -0.15406
vn -0.06507 0.98752 -0.14341
vn -0.10301 0.98705 -0.12300
vn -0.13398 0.98650 -0.09417
vn -0.15583 0.98603 -0.05887
vn -0.16703 0.98576 -0.01951
vn -0.16679 0.98577 0.02114
vn -0.15632 0.98604 0.05739
vn -0.16235 0.98562 0.04684
vn -0.11986 0.98910 0.08550
vn 0.02524 0.98640 0.16244
vn -0.00869 0.98800 0.15424
vn 0.00823 0.98797 0.15444
vn -0.02273 0.98670 0.16098
vn 0.12330 0.98886 0.08339
vn 0.16323 0.98551 0.04612
vn 0.15641 0.98605 0.05689
vn 0.16702 0.98574 0.02033
vn 0.32787 0.94388 -0.03986
vn 0.37224 0.92528 -0.07278
vn 0.33969 0.92692 -0.15949
vn 0.28408 0.92936 -0.23578
vn 0.20883 0.93196 -0.29638
vn 0.11887 0.93402 -0.33687
vn 0.02040 0.93497 -0.35415
vn -0.07955 0.93455 -0.34683
vn -0.17380 0.93288 -0.31549
vn -0.25571 0.93041 -0.26258
vn -0.31979 0.92782 -0.19204
vn -0.36200 0.92580 -0.10886
vn -0.37982 0.92487 -0.01864
vn -0.37254 0.92526 0.07145
vn -0.35872 0.92549 0.12161
vn -0.33941 0.93123 0.13269
vn -0.18932 0.94998 0.24838
vn 0.03854 0.92840 0.36957
vn -0.00841 0.93516 0.35412
vn -0.00616 0.93415 0.35683
vn 0.04840 0.94647 0.31913
vn 0.30928 0.93544 0.17114
vn 0.36846 0.92288 0.11189
vn 0.36298 0.92578 0.10571
vn 0.40616 0.91247 0.04935
vn 0.60625 0.79186 -0.07367
vn 0.64255 0.75274 -0.14323
vn 0.58378 0.75700 -0.29351
vn 0.48552 0.76317 -0.42643
vn 0.35238 0.76967 -0.53239
vn 0.19235 0.77471 -0.60236
vn 0.01695 0.77682 -0.62950
vn -0.15983 0.77537 -0.61095
vn -0.32376 0.77079 -0.54869
vn -0.46273 0.76443 -0.44891
vn -0.56806 0.75807 -0.32038
vn -0.63456 0.75334 -0.17266
vn -0.65966 0.75142 -0.01514
vn -0.64329 0.75270 0.14007
vn -0.62609 0.75202 0.20608
vn -0.58300 0.77233 0.25224
vn -0.28286 0.82128 0.49547
vn 0.05340 0.76165 0.64579
vn -0.00699 0.77699 0.62947
vn -0.02669 0.77233 0.63466
vn 0.15933 0.81811 0.55255
vn 0.56467 0.77374 0.28718
vn 0.63479 0.74677 0.19846
vn 0.63594 0.75323 0.16803
vn 0.69579 0.71326 0.08454
vn 0.86167 0.49655 -0.10471
vn 0.87581 0.43577 -0.20753
vn 0.79645 0.44057 -0.41421
vn 0.66344 0.44749 -0.59966
vn 0.48046 0.45484 -0.74985
vn 0.25703 0.46055 -0.84961
vn 0.01010 0.46281 -0.88640
vn -0.23778 0.46088 -0.85502
vn -0.46383 0.45539 -0.75992
vn -0.65050 0.44810 -0.61323
vn -0.78772 0.44106 -0.43007
vn -0.87144 0.43605 -0.22463
vn -0.90080 0.43415 -0.00876
vn -0.87695 0.43578 0.20260
vn -0.85632 0.43544 0.27770
vn -0.80741 0.46215 0.36675
vn -0.37176 0.51908 0.76964
vn 0.06373 0.44464 0.89344
vn -0.00416 0.46293 0.88639
vn -0.04806 0.45806 0.88762
vn 0.29175 0.52122 0.80201
vn 0.80096 0.45467 0.38954
vn 0.86128 0.42838 0.27329
vn 0.87300 0.43586 0.21886
vn 0.92212 0.37034 0.11204
vn 0.98585 0.11727 -0.11981
vn 0.97062 0.07685 -0.22800
vn 0.88542 0.07801 -0.45820
vn 0.74093 0.07973 -0.66684
vn 0.53956 0.08158 -0.83799
vn 0.29072 0.08304 -0.95320
vn 0.01359 0.08365 -0.99640
vn -0.26490 0.08319 -0.96068
vn -0.51746 0.08182 -0.85179
vn -0.72395 0.07999 -0.68520
vn -0.87410 0.07823 -0.47941
vn -0.96500 0.07697 -0.25069
vn -0.99700 0.07648 -0.01158
vn -0.97186 0.07689 0.22264
vn -0.94815 0.07811 0.30809
vn -0.90826 0.08505 0.40967
vn -0.44191 0.09567 0.89194
vn 0.07259 0.07737 0.99436
vn -0.00560 0.08368 0.99648
vn -0.05216 0.08488 0.99503
vn 0.33095 0.09872 0.93847
vn 0.89536 0.07917 0.43824
vn 0.95074 0.07415 0.30099
vn 0.96668 0.07689 0.24418
vn 0.99185 0.04150 0.12048
vn 0.99258 -0.01600 -0.12057
vn 0.97057 -0.01611 -0.24027
vn 0.88234 -0.01611 -0.47033
vn 0.73469 -0.01611 -0.67822
vn 0.53015 -0.01612 -0.84775
vn 0.27854 -0.01614 -0.96029
vn -0.00039 -0.01614 -0.99987
vn -0.27928 -0.01614 -0.96007
vn -0.53079 -0.01612 -0.84735
vn -0.73519 -0.01611 -0.67767
vn -0.88269 -0.01611 -0.46968
vn -0.97075 -0.01611 -0.23957
vn -0.99987 -0.01611 0.00035
vn -0.97203 -0.01611 0.23430
vn -0.95218 -0.01582 0.30511
vn -0.90473 -0.01680 0.42566
vn -0.38738 -0.01917 0.92172
vn 0.06243 -0.01558 0.99793
vn 0.00014 -0.01612 0.99987
vn -0.06300 -0.01557 0.99789
vn 0.39061 -0.01918 0.92036
vn 0.90514 -0.01679 0.42479
vn 0.95212 -0.01582 0.30533
vn 0.97219 -0.01611 0.23363
vn 0.99259 -0.01600 0.12049
vn 0.99259 -0.01600 -0.12049
vn 0.97061 -0.01611 -0.24011
vn 0.88248 -0.01611 -0.47008
vn 0.73492 -0.01611 -0.67797
vn 0.53041 -0.01612 -0.84759
vn 0.27871 -0.01614 -0.96024
vn -0.00039 -0.01614 -0.99987
vn -0.27946 -0.01614 -0.96002
vn -0.53106 -0.01612 -0.84718
vn -0.73543 -0.01611 -0.67741
vn -0.88282 -0.01611 -0.46943
vn -0.97079 -0.01611 -0.23941
vn -0.99987 -0.01611 0.00035
vn -0.97207 -0.01611 0.23415
vn -0.95225 -0.01582 0.30492
vn -0.90484 -0.01680 0.42542
vn -0.38761 -0.01917 0.92163
vn 0.06241 -0.01554 0.99793
vn -0.00002 -0.01591 0.99987
vn -0.06287 -0.01547 0.99790
vn 0.39088 -0.01916 0.92024
vn 0.90525 -0.01679 0.42454
vn 0.95218 -0.01582 0.30514
vn 0.97223 -0.01611 0.23348
vn 0.99260 -0.01600 0.12041
vn 0.99260 -0.01600 -0.12040
vn 0.97065 -0.01611 -0.23996
vn 0.88261 -0.01611 -0.46982
vn 0.73515 -0.01611 -0.67771
vn 0.53068 -0.01612 -0.84742
vn 0.27889 -0.01614 -0.96019
vn -0.00040 -0.01614 -0.99987
vn -0.27965 -0.01614 -0.95997
vn -0.53133 -0.01612 -0.84701
vn -0.73567 -0.01611 -0.67715
vn -0.88296 -0.01611 -0.46917
vn -0.97083 -0.01611 -0.23925
vn -0.99987 -0.01611 0.00035
vn -0.97210 -0.01611 0.23399
vn -0.95231 -0.01581 0.30473
vn -0.90495 -0.01679 0.42518
vn -0.38789 -0.01915 0.92151
vn 0.06189 -0.01527 0.99797
vn -0.00107 -0.01460 0.99989
vn -0.06162 -0.01481 0.99799
vn 0.39139 -0.01906 0.92003
vn 0.90537 -0.01679 0.42429
vn 0.95224 -0.01582 0.30494
vn 0.97227 -0.01611 0.23332
vn 0.99261 -0.01600 0.12032
vn 0.99261 -0.01600 -0.12032
vn 0.97069 -0.01611 -0.23980
vn 0.88275 -0.01611 -0.46956
vn 0.73539 -0.01611 -0.67745
vn 0.53095 -0.01612 -0.84725
vn 0.27907 -0.01614 -0.96013
vn -0.00040 -0.01614 -0.99987
vn -0.27983 -0.01614 -0.95991
vn -0.53161 -0.01612 -0.84684
vn -0.73591 -0.01611 -0.67689
vn -0.88310 -0.01611 -0.46890
vn -0.97087 -0.01611 -0.23908
vn -0.99987 -0.01611 0.00036
vn -0.97214 -0.01611 0.23384
vn -0.95237 -0.01581 0.30453
vn -0.90507 -0.01679 0.42493
vn -0.38855 -0.01904 0.92123
vn 0.05862 -0.01394 0.99818
vn -0.00561 -0.00902 0.99994
vn -0.05517 -0.01214 0.99840
vn 0.39291 -0.01865 0.91939
vn 0.90549 -0.01678 0.42404
vn 0.95230 -0.01581 0.30475
vn 0.97231 -0.01611 0.23316
vn 0.99262 -0.01600 0.12024
vn 0.99262 -0.01600 -0.12023
vn 0.97073 -0.01611 -0.23964
vn 0.88289 -0.01611 -0.46930
vn 0.73564 -0.01611 -0.67718
vn 0.53122 -0.01612 -0.84708
vn 0.27926 -0.01614 -0.96008
vn -0.00040 -0.01614 -0.99987
vn -0.28003 -0.01614 -0.95986
vn -0.53189 -0.01612 -0.84666
vn -0.73616 -0.01611 -0.67662
vn -0.88325 -0.01611 -0.46863
vn -0.97091 -0.01611 -0.23891
vn -0.99987 -0.01611 0.00036
vn -0.97218 -0.01611 0.23368
vn -0.95244 -0.01581 0.30433
vn -0.90519 -0.01679 0.42467
vn -0.39075 -0.01863 0.92031
vn 0.04513 -0.00981 0.99893
vn -0.01781 0.00585 0.99982
vn -0.03313 -0.00561 0.99944
vn 0.39736 -0.01770 0.91749
vn 0.90562 -0.01678 0.42376
vn 0.95237 -0.01581 0.30455
vn 0.97234 -0.01611 0.23299
vn 0.99263 -0.01600 0.12015
vn 0.99263 -0.01600 -0.12015
vn 0.97077 -0.01611 -0.23947
vn 0.88303 -0.01611 -0.46903
vn 0.73588 -0.01611 -0.67692
vn 0.53150 -0.01612 -0.84690
vn 0.27945 -0.01614 -0.96003
vn -0.00041 -0.01614 -0.99987
vn -0.28022 -0.01614 -0.95980
vn -0.53217 -0.01612 -0.84648
vn -0.73641 -0.01611 -0.67634
vn -0.88339 -0.01611 -0.46836
vn -0.97095 -0.01611 -0.23874
vn -0.99987 -0.01611 0.00036
vn -0.97222 -0.01611 0.23352
vn -0.95250 -0.01581 0.30412
vn -0.90532 -0.01678 0.42440
vn -0.39684 -0.01766 0.91772
vn 0.00786 -0.00209 0.99997
vn -0.03597 0.02792 0.99896
vn 0.01691 0.00261 0.99985
vn 0.40678 -0.01663 0.91338
vn 0.90576 -0.01677 0.42346
vn 0.95243 -0.01581 0.30434
vn 0.97238 -0.01611 0.23283
vn 0.99264 -0.01600 0.12006
vn 0.99264 -0.01600 -0.12006
vn 0.97081 -0.01611 -0.23931
vn 0.88318 -0.01611 -0.46876
vn 0.73614 -0.01611 -0.67664
vn 0.53179 -0.01612 -0.84672
vn 0.27964 -0.01614 -0.95997
vn -0.00041 -0.01614 -0.99987
vn -0.28042 -0.01614 -0.95974
vn -0.53247 -0.01612 -0.84630
vn -0.73667 -0.01611 -0.67606
vn -0.88354 -0.01611 -0.46808
vn -0.97099 -0.01611 -0.23857
vn -0.99987 -0.01611 0.00036
vn -0.97226 -0.01611 0.23336
vn -0.95257 -0.01581 0.30391
vn -0.90546 -0.01677 0.42409
vn -0.40813 -0.01660 0.91277
vn -0.05816 0.00406 0.99830
vn -0.04321 0.03660 0.99840
vn 0.08768 0.00279 0.99614
vn 0.41935 -0.01690 0.90767
vn 0.90591 -0.01677 0.42314
vn 0.95250 -0.01581 0.30413
vn 0.97243 -0.01611 0.23266
vn 0.99265 -0.01600 0.11997
vn 0.99265 -0.01600 -0.11997
vn 0.97085 -0.01611 -0.23914
vn 0.88333 -0.01611 -0.46848
vn 0.73639 -0.01611 -0.67636
vn 0.53208 -0.01612 -0.84654
vn 0.27983 -0.01614 -0.95991
vn -0.00041 -0.01614 -0.99987
vn -0.28062 -0.01614 -0.95968
vn -0.53276 -0.01612 -0.84611
vn -0.73693 -0.01611 -0.67578
vn -0.88369 -0.01611 -0.46780
vn -0.97103 -0.01611 -0.23839
vn -0.99987 -0.01611 0.00037
vn -0.97230 -0.01611 0.23319
vn -0.95264 -0.01581 0.30370
vn -0.90561 -0.01677 0.42378
vn -0.42035 -0.01690 0.90720
vn -0.12418 -0.00163 0.99226
vn -0.02110 0.00936 0.99973
vn 0.13793 -0.01156 0.99037
vn 0.42753 -0.01910 0.90380
vn 0.90605 -0.01678 0.42284
vn 0.95257 -0.01581 0.30392
vn 0.97247 -0.01611 0.23249
vn 0.99266 -0.01600 0.11988
vn 0.99266 -0.01600 -0.11987
vn 0.97090 -0.01611 -0.23896
vn 0.88348 -0.01611 -0.46820
vn 0.73666 -0.01611 -0.67608
vn 0.53237 -0.01612 -0.84636
vn 0.28003 -0.01614 -0.95986
vn -0.00042 -0.01614 -0.99987
vn -0.28083 -0.01614 -0.95962
vn -0.53306 -0.01612 -0.84592
vn -0.73719 -0.01611 -0.67549
vn -0.88384 -0.01611 -0.46751
vn -0.97108 -0.01611 -0.23821
vn -0.99987 -0.01611 0.00037
vn -0.97234 -0.01611 0.23302
vn -0.95271 -0.01581 0.30348
vn -0.90574 -0.01678 0.42349
vn -0.42487 -0.01914 0.90505
vn -0.14159 -0.01963 0.98973
vn 0.01956 -0.04000 0.99901
vn 0.12760 -0.02979 0.99138
vn 0.42473 -0.02139 0.90507
vn 0.90617 -0.01679 0.42258
vn 0.95263 -0.01581 0.30371
vn 0.97251 -0.01611 0.23231
vn 0.99267 -0.01600 0.11979
vn 0.99267 -0.01600 -0.11978
vn 0.97094 -0.01611 -0.23879
vn 0.88363 -0.01611 -0.46791
vn 0.73692 -0.01611 -0.67579
vn 0.53267 -0.01612 -0.84617
vn 0.28023 -0.01614 -0.95980
vn -0.00042 -0.01614 -0.99987
vn -0.28104 -0.01614 -0.95956
vn -0.53337 -0.01612 -0.84573
vn -0.73747 -0.01611 -0.67519
vn -0.88400 -0.01611 -0.46721
vn -0.97112 -0.01611 -0.23803
vn -0.99987 -0.01611 0.00037
vn -0.97238 -0.01611 0.23285
vn -0.95278 -0.01581 0.30326
vn -0.90586 -0.01679 0.42325
vn -0.41810 -0.02142 0.90815
vn -0.09630 -0.03453 0.99475
vn 0.04430 -0.06896 0.99664
vn 0.06485 -0.03611 0.99724
vn 0.41351 -0.02179 0.91024
vn 0.90628 -0.01679 0.42234
vn 0.95270 -0.01581 0.30349
vn 0.97255 -0.01611 0.23213
vn 0.99268 -0.01600 0.11969
vn 0.99268 -0.01600 -0.11969
vn 0.97098 -0.01611 -0.23861
vn 0.88379 -0.01611 -0.46762
vn 0.73719 -0.01611 -0.67549
vn 0.53298 -0.01612 -0.84597
vn 0.28044 -0.01614 -0.95974
vn -0.00043 -0.01614 -0.99987
vn -0.28125 -0.01614 -0.95950
vn -0.53368 -0.01612 -0.84553
vn -0.73774 -0.01611 -0.67489
vn -0.88416 -0.01611 -0.46691
vn -0.97117 -0.01611 -0.23785
vn -0.99987 -0.01611 0.00038
vn -0.97242 -0.01611 0.23267
vn -0.95285 -0.01581 0.30303
vn -0.90596 -0.01679 0.42302
vn -0.40598 -0.02180 0.91362
vn -0.02493 -0.03479 0.99908
vn 0.03891 -0.06161 0.99734
vn -0.00304 -0.03000 0.99955
vn 0.40243 -0.02077 0.91522
vn 0.90639 -0.01678 0.42210
vn 0.95277 -0.01581 0.30327
vn 0.97259 -0.01611 0.23195
vn 0.99269 -0.01600 0.11960
vn 0.99269 -0.01600 -0.11959
vn 0.97103 -0.01611 -0.23842
vn 0.88394 -0.01611 -0.46732
vn 0.73747 -0.01611 -0.67519
vn 0.53329 -0.01612 -0.84578
vn 0.28065 -0.01614 -0.95967
vn -0.00043 -0.01614 -0.99987
vn -0.28147 -0.01614 -0.95943
vn -0.53400 -0.01612 -0.84533
vn -0.73802 -0.01611 -0.67458
vn -0.88432 -0.01611 -0.46661
vn -0.97122 -0.01611 -0.23766
vn -0.99987 -0.01611 0.00038
vn -0.97246 -0.01611 0.23249
vn -0.95292 -0.01581 0.30281
vn -0.90608 -0.01678 0.42278
vn -0.39649 -0.02075 0.91781
vn 0.02869 -0.02633 0.99924
vn 0.02034 -0.03942 0.99902
vn -0.04353 -0.02187 0.99881
vn 0.39637 -0.01978 0.91788
vn 0.90652 -0.01677 0.42184
vn 0.95285 -0.01581 0.30304
vn 0.97264 -0.01611 0.23176
vn 0.99271 -0.01600 0.11950
vn 0.99271 -0.01600 -0.11949
vn 0.97107 -0.01611 -0.23824
vn 0.88410 -0.01611 -0.46701
vn 0.73775 -0.01611 -0.67488
vn 0.53361 -0.01612 -0.84558
vn 0.28086 -0.01614 -0.95961
vn -0.00043 -0.01614 -0.99987
vn -0.28169 -0.01614 -0.95937
vn -0.53433 -0.01612 -0.84512
vn -0.73831 -0.01611 -0.67427
vn -0.88448 -0.01611 -0.46630
vn -0.97126 -0.01611 -0.23746
vn -0.99987 -0.01611 0.00039
vn -0.97251 -0.01611 0.23231
vn -0.95300 -0.01581 0.30257
vn -0.90620 -0.01678 0.42251
vn -0.39207 -0.01976 0.91972
vn 0.05354 -0.01936 0.99838
vn 0.00694 -0.02385 0.99969
vn -0.05893 -0.01741 0.99811
vn 0.39443 -0.01933 0.91872
vn 0.90665 -0.01677 0.42155
vn 0.95292 -0.01581 0.30281
vn 0.97268 -0.01611 0.23158
vn 0.99272 -0.01600 0.11940
vn 0.99272 -0.01600 -0.11939
vn 0.97112 -0.01611 -0.23805
vn 0.88427 -0.01611 -0.46670
vn 0.73803 -0.01611 -0.67457
vn 0.53394 -0.01612 -0.84537
vn 0.28108 -0.01614 -0.95955
vn -0.00044 -0.01614 -0.99987
vn -0.28192 -0.01614 -0.95930
vn -0.53466 -0.01612 -0.84491
vn -0.73860 -0.01611 -0.67395
vn -0.88465 -0.01611 -0.46598
vn -0.97131 -0.01611 -0.23727
vn -0.99987 -0.01611 0.00039
vn -0.97255 -0.01611 0.23213
vn -0.95307 -0.01581 0.30234
vn -0.90634 -0.01677 0.42222
vn -0.39086 -0.01932 0.92025
vn 0.06119 -0.01645 0.99799
vn 0.00169 -0.01784 0.99984
vn -0.06291 -0.01594 0.99789
vn 0.39421 -0.01922 0.91882
vn 0.90679 -0.01677 0.42125
vn 0.95299 -0.01581 0.30257
vn 0.97273 -0.01611 0.23138
vn 0.99273 -0.01600 0.11930
vn 0.99273 -0.01600 -0.11929
vn 0.97117 -0.01611 -0.23786
vn 0.88443 -0.01611 -0.46639
vn 0.73833 -0.01611 -0.67425
vn 0.53427 -0.01612 -0.84516
vn 0.28130 -0.01614 -0.95948
vn -0.00044 -0.01614 -0.99987
vn -0.28215 -0.01614 -0.95923
vn -0.53500 -0.01612 -0.84470
vn -0.73890 -0.01611 -0.67363
vn -0.88482 -0.01611 -0.46566
vn -0.97136 -0.01611 -0.23707
vn -0.99987 -0.01611 0.00039
vn -0.97260 -0.01611 0.23194
vn -0.95315 -0.01581 0.30209
vn -0.90647 -0.01677 0.42193
vn -0.39082 -0.01921 0.92027
vn 0.06283 -0.01572 0.99790
vn 0.00041 -0.01639 0.99987
vn -0.06365 -0.01563 0.99785
vn 0.39444 -0.01920 0.91872
vn 0.90693 -0.01676 0.42094
vn 0.95307 -0.01581 0.30233
vn 0.97278 -0.01611 0.23119
vn 0.99274 -0.01600 0.11919
vn 0.99274 -0.01600 -0.11918
vn 0.97121 -0.01611 -0.23766
vn 0.88460 -0.01611 -0.46606
vn 0.73862 -0.01611 -0.67393
vn 0.53460 -0.01612 -0.84495
vn 0.28153 -0.01614 -0.95942
vn -0.00045 -0.01614 -0.99987
vn -0.28238 -0.01614 -0.95917
vn -0.53534 -0.01612 -0.84448
vn -0.73920 -0.01611 -0.67330
vn -0.88499 -0.01611 -0.46533
vn -0.97141 -0.01611 -0.23686
vn -0.99987 -0.01611 0.00040
vn -0.97264 -0.01611 0.23175
vn -0.95323 -0.01580 0.30185
vn -0.90662 -0.01677 0.42162
vn -0.39106 -0.01919 0.92017
vn 0.06311 -0.01560 0.99788
vn 0.00021 -0.01616 0.99987
vn -0.06379 -0.01558 0.99784
vn 0.39475 -0.01920 0.91859
vn 0.90708 -0.01676 0.42063
vn 0.95315 -0.01581 0.30209
vn 0.97282 -0.01611 0.23099
vn 0.99275 -0.01600 0.11909
vn 0.99276 -0.01600 -0.11908
vn 0.97126 -0.01611 -0.23746
vn 0.88478 -0.01611 -0.46574
vn 0.73893 -0.01611 -0.67359
vn 0.53495 -0.01612 -0.84473
vn 0.28176 -0.01614 -0.95935
vn -0.00045 -0.01614 -0.99987
vn -0.28263 -0.01614 -0.95909
vn -0.53569 -0.01612 -0.84426
vn -0.73951 -0.01611 -0.67296
vn -0.88517 -0.01611 -0.46499
vn -0.97146 -0.01611 -0.23666
vn -0.99987 -0.01611 0.00040
vn -0.97269 -0.01611 0.23155
vn -0.95330 -0.01580 0.30160
vn -0.90676 -0.01677 0.42131
vn -0.39134 -0.01919 0.92005
vn 0.06319 -0.01558 0.99788
vn 0.00019 -0.01614 0.99987
vn -0.06386 -0.01558 0.99784
vn 0.39507 -0.01920 0.91845
vn 0.90723 -0.01676 0.42031
vn 0.95323 -0.01580 0.30184
vn 0.97287 -0.01611 0.23079
vn 0.99277 -0.01600 0.11898
vn 0.99277 -0.01600 -0.11897
vn 0.97131 -0.01611 -0.23726
vn 0.88495 -0.01611 -0.46540
vn 0.73923 -0.01611 -0.67326
vn 0.53530 -0.01612 -0.84451
vn 0.28200 -0.01614 -0.95928
vn -0.00046 -0.01615 -0.99987
vn -0.28287 -0.01614 -0.95902
vn -0.53605 -0.01612 -0.84403
vn -0.73982 -0.01611 -0.67261
vn -0.88535 -0.01611 -0.46465
vn -0.97151 -0.01611 -0.23644
vn -0.99987 -0.01611 0.00040
vn -0.97274 -0.01611 0.23135
vn -0.95339 -0.01580 0.30134
vn -0.90691 -0.01676 0.42100
vn -0.39163 -0.01919 0.91992
vn 0.06325 -0.01558 0.99788
vn 0.00019 -0.01614 0.99987
vn -0.06393 -0.01558 0.99783
vn 0.39540 -0.01920 0.91831
vn 0.90738 -0.01676 0.41998
vn 0.95331 -0.01580 0.30159
vn 0.97292 -0.01611 0.23058
vn 0.99278 -0.01600 0.11887
vn 0.99118 -0.05902 -0.11867
vn 0.96416 -0.08767 -0.25042
vn 0.87455 -0.08894 -0.47670
vn 0.72575 -0.09077 -0.68194
vn 0.51920 -0.09273 -0.84961
vn 0.26436 -0.09423 -0.95981
vn -0.01796 -0.09477 -0.99534
vn -0.29834 -0.09414 -0.94981
vn -0.54804 -0.09258 -0.83131
vn -0.74766 -0.09063 -0.65787
vn -0.88902 -0.08883 -0.44918
vn -0.97129 -0.08761 -0.22116
vn -0.99608 -0.08720 0.01487
vn -0.96586 -0.08759 0.24382
vn -0.95153 -0.08491 0.29561
vn -0.89495 -0.09097 0.43680
vn -0.31762 -0.11098 0.94170
vn 0.04968 -0.09519 0.99422
vn 0.00740 -0.09480 0.99547
vn -0.07665 -0.08847 0.99313
vn 0.46295 -0.10936 0.87961
vn 0.91159 -0.09536 0.39988
vn 0.94831 -0.08835 0.30479
vn 0.97244 -0.08763 0.21605
vn 0.98554 -0.12171 0.11793
vn 0.92329 -0.36787 -0.11050
vn 0.87342 -0.43357 -0.22173
vn 0.79115 -0.43947 -0.42539
vn 0.65527 -0.44779 -0.60836
vn 0.46869 -0.45651 -0.75626
vn 0.24085 -0.46312 -0.85294
vn -0.01024 -0.46547 -0.88500
vn -0.26031 -0.46273 -0.84742
vn -0.48539 -0.45586 -0.74605
vn -0.66813 -0.44708 -0.59475
vn -0.79975 -0.43888 -0.40962
vn -0.87769 -0.43324 -0.20483
vn -0.90214 -0.43135 0.00861
vn -0.87495 -0.43336 0.21603
vn -0.86350 -0.42608 0.26984
vn -0.80411 -0.45283 0.38515
vn -0.29526 -0.52330 0.79936
vn 0.04872 -0.46069 0.88622
vn 0.00422 -0.46558 0.88499
vn -0.06461 -0.44722 0.89209
vn 0.37594 -0.52074 0.76649
vn 0.81042 -0.46019 0.36254
vn 0.85860 -0.43313 0.27422
vn 0.87882 -0.43324 0.19996
vn 0.86350 -0.49365 0.10333
vn 0.69868 -0.71053 -0.08362
vn 0.63771 -0.75108 -0.17089
vn 0.57155 -0.75667 -0.31746
vn 0.46631 -0.76423 -0.44553
vn 0.32679 -0.77182 -0.54543
vn 0.16151 -0.77731 -0.60803
vn -0.01714 -0.77906 -0.62672
vn -0.19435 -0.77652 -0.59937
vn -0.35558 -0.77048 -0.52908
vn -0.48912 -0.76273 -0.42309
vn -0.58721 -0.75540 -0.29076
vn -0.64565 -0.75036 -0.14174
vn -0.66262 -0.74880 0.01497
vn -0.63908 -0.75095 0.16630
vn -0.63798 -0.74457 0.19644
vn -0.56808 -0.77222 0.28454
vn -0.16092 -0.81976 0.54964
vn 0.02699 -0.77459 0.63189
vn 0.00706 -0.77923 0.62670
vn -0.05399 -0.76394 0.64302
vn 0.28544 -0.82222 0.49243
vn 0.58633 -0.77058 0.24984
vn 0.62932 -0.74990 0.20400
vn 0.64638 -0.75032 0.13861
vn 0.60932 -0.78956 0.07291
vn 0.40931 -0.91108 -0.04899
vn 0.36495 -0.92474 -0.10807
vn 0.32252 -0.92715 -0.19073
vn 0.25801 -0.93024 -0.26091
vn 0.17544 -0.93320 -0.31363
vn 0.08034 -0.93520 -0.34488
vn -0.02058 -0.93571 -0.35218
vn -0.11998 -0.93457 -0.33495
vn -0.21072 -0.93210 -0.29458
vn -0.28653 -0.92899 -0.23425
vn -0.34248 -0.92608 -0.15840
vn -0.37520 -0.92412 -0.07227
vn -0.38284 -0.92363 0.01847
vn -0.36593 -0.92471 0.10494
vn -0.37142 -0.92179 0.11110
vn -0.31192 -0.93478 0.16997
vn -0.04894 -0.94706 0.31730
vn 0.00623 -0.93491 0.35484
vn 0.00848 -0.93590 0.35216
vn -0.03891 -0.92920 0.36753
vn 0.19095 -0.95005 0.24687
vn 0.34216 -0.93036 0.13178
vn 0.36163 -0.92447 0.12074
vn 0.37551 -0.92410 0.07095
vn 0.33063 -0.94293 0.03959
vn 0.16905 -0.98540 -0.02028
vn 0.15774 -0.98574 -0.05859
vn 0.13562 -0.98631 -0.09381
vn 0.10428 -0.98697 -0.12254
vn 0.06591 -0.98754 -0.14288
vn 0.02314 -0.98788 -0.15349
vn -0.02116 -0.98789 -0.15372
vn -0.06402 -0.98757 -0.14356
vn -0.10261 -0.98701 -0.12366
vn -0.13429 -0.98635 -0.09531
vn -0.15688 -0.98577 -0.06041
vn -0.16876 -0.98543 -0.02130
vn -0.16905 -0.98542 0.01931
vn -0.15832 -0.98576 0.05663
vn -0.16514 -0.98520 0.04605
vn -0.12484 -0.98870 0.08304
vn 0.02243 -0.98684 0.16013
vn -0.00818 -0.98805 0.15394
vn 0.00872 -0.98808 0.15370
vn -0.02541 -0.98649 0.16184
vn 0.12071 -0.98900 0.08553
vn 0.16407 -0.98533 0.04690
vn 0.15821 -0.98575 0.05722
vn 0.16877 -0.98543 0.02124
vn 0.16906 -0.98536 0.02225
f 1/1/1 26/26/26 2/2/2
f 2/2/2 26/26/26 27/27/27
f 2/2/2 27/27/27 3/3/3
f 3/3/3 27/27/27 28/28/28
f 3/3/3 28/28/28 4/4/4
f 4/4/4 28/28/28 29/29/29
f 4/4/4 29/29/29 5/5/5
f 5/5/5 29/29/29 30/30/30
f 5/5/5 30/30/30 6/6/6
f 6/6/6 30/30/30 31/31/31
f 6/6/6 31/31/31 7/7/7
f 7/7/7 31/31/31 32/32/32
f 7/7/7 32/32/32 8/8/8
f 8/8/8 32/32/32 33/33/33
f 8/8/8 33/33/33 9/9/9
f 9/9/9 33/33/33 34/34/34
f 9/9/9 34/34/34 10/10/10
f 10/10/10 34/34/34 35/35/35
f 10/10/10 35/35/35 11/11/11
f 11/11/11 35/35/35 36/36/36
f 11/11/11 36/36/36 12/12/12
f 12/12/12 36/36/36 37/37/37
f 12/12/12 37/37/37 13/13/13
f 13/13/13 37/37/37 38/38/38
f 13/13/13 38/38/38 14/14/14
f 14/14/14 38/38/38 39/39/39
f 14/14/14 39/39/39 15/15/15
f 15/15/15 39/39/39 40/40/40
f 15/15/15 40/40/40 16/16/16
f 16/16/16 40/40/40 41/41/41
f 16/16/16 41/41/41 17/17/17
f 17/17/17 41/41/41 42/42/42
f 17/17/17 42/42/42 18/18/18
f 18/18/18 42/42/42 43/43/43
f 18/18/18 43/43/43 19/19/19
f 19/19/19 43/43/43 44/44/44
f 19/19/19 44/44/44 20/20/20
f 20/20/20 44/44/44 45/45/45
f 20/20/20 45/45/45 21/21/21
f 21/21/21 45/45/45 46/46/46
f 21/21/21 46/46/46 22/22/22
f 22/22/22 46/46/46 47/47/47
f 22/22/22 47/47/47 23/23/23
f 23/23/23 47/47/47 48/48/48
f 23/23/23 48/48/48 24/24/24
f 24/24/24 48/48/48 49/49/49
f 24/24/24 49/49/49 25/25/25
f 25/25/25 49/49/49 50/50/50
f 26/26/26 51/51/51 27/27/27
f 27/27/27 51/51/51 52/52/52
f 27/27/27 52/52/52 28/28/28
f 28/28/28 52/52/52 53/53/53
f 28/28/28 53/53/53 29/29/29
f 29/29/29 53/53/53 54/54/54
f 29/29/29 54/54/54 30/30/30
f 30/30/30 54/54/54 55/55/55
f 30/30/30 55/55/55 31/31/31
f 31/31/31 55/55/55 56/56/56
f 31/31/31 56/56/56 32/32/32
f 32/32/32 56/56/56 57/57/57
f 32/32/32 57/57/57 33/33/33
f 33/33/33 57/57/57 58/58/58
f 33/33/33 58/58/58 34/34/34
f 34/34/34 58/58/58 59/59/59
f 34/34/34 59/59/59 35/35/35
f 35/35/35 59/59/59 60/60/60
f 35/35/35 60/60/60 36/36/36
f 36/36/36 60/60/60 61/61/61
f 36/36/36 61/61/61 37/37/37
f 37/37/37 61/61/61 62/62/62
f 37/37/37 62/62/62 38/38/38
f 38/38/38 62/62/62 63/63/63
f 38/38/38 63/63/63 39/39/39
f 39/39/39 63/63/63 64/64/64
f 39/39/39 64/64/64 40/40/40
f 40/40/40 64/64/64 65/65/65
f 40/40/40 65/65/65 41/41/41
f 41/41/41 65/65/65 66/66/66
f 41/41/41 66/66/66 42/42/42
f 42/42/42 66/66/66 67/67/67
f 42/42/42 67/67/67 43/43/43
f 43/43/43 67/67/67 68/68/68
f 43/43/43 68/68/68 44/44/44
f 44/44/44 68/68/68 69/69/69
f 44/44/44 69/69/69 45/45/45
f 45/45/45 69/69/69 70/70/70
f 45/45/45 70/70/70 46/46/46
f 46/46/46 70/70/70 71/71/71
f 46/46/46 71/71/71 47/47/47
f 47/47/47 71/71/71 72/72/72
f 47/47/47 72/72/72 48/48/48
f 48/48/48 72/72/72 73/73/73
f 48/48/48 73/73/73 49/49/49
f 49/49/49 73/73/73 74/74/74
f 49/49/49 74/74/74 50/50/50
f 50/50/50 74/74/74 75/75/75
f 51/51/51 76/76/76 52/52/52
f 52/52/52 76/76/76 77/77/77
f 52/52/52 77/77/77 53/53/53
f 53/53/53 77/77/77 78/78/78
f 53/53/53 78/78/78 54/54/54
f 54/54/54 78/78/78 79/79/79
f 54/54/54 79/79/79 55/55/55
f 55/55/55 79/79/79 80/80/80
f 55/55/55 80/80/80 56/56/56
f 56/56/56 80/80/80 81/81/81
f 56/56/56 81/81/81 57/57/57
f 57/57/57 81/81/81 82/82/82
f 57/57/57 82/82/82 58/58/58
f 58/58/58 82/82/82 83/83/83
f 58/58/58 83/83/83 59/59/59
f 59/59/59 83/83/83 84/84/84
f 59/59/59 84/84/84 60/60/60
f 60/60/60 84/84/84 85/85/85
f 60/60/60 85/85/85 61/61/61
f 61/61/61 85/85/85 86/86/86
f 61/61/61 86/86/86 62/62/62
f 62/62/62 86/86/86 87/87/87
f 62/62/62 87/87/87 63/63/63
f 63/63/63 87/87/87 88/88/88
f 63/63/63 88/88/88 64/64/64
f 64/64/64 88/88/88 89/89/89
f 64/64/64 89/89/89 65/65/65
f 65/65/65 89/89/89 90/90/90
f 65/65/65 90/90/90 66/66/66
f 66/66/66 90/90/90 91/91/91
f 66/66/66 91/91/91 67/67/67
f 67/67/67 91/91/91 92/92/92
f 67/67/67 92/92/92 68/68/68
f 68/68/68 92/92/92 93/93/93
f 68/68/68 93/93/93 69/69/69
f 69/69/69 93/93/93 94/94/94
f 69/69/69 94/94/94 70/70/70
f 70/70/70 94/94/94 95/95/95
f 70/70/70 95/95/95 71/71/71
f 71/71/71 95/95/95 96/96/96
f 71/71/71 96/96/96 72/72/72
f 72/72/72 96/96/96 97/97/97
f 72/72/72 97/97/97 73/73/73
f 73/73/73 97/97/97 98/98/98
f 73/73/73 98/98/98 74/74/74
f 74/74/74 98/98/98 99/99/99
f 74/74/74 99/99/99 75/75/75
f 75/75/75 99/99/99 100/100/100
f 76/76/76 101/101/101 77/77/77
f 77/77/77 101/101/101 102/102/102
f 77/77/77 102/102/102 78/78/78
f 78/78/78 102/102/102 103/103/103
f 78/78/78 103/103/103 79/79/79
f 79/79/79 103/103/103 104/104/104
f 79/79/79 104/104/104 80/80/80
f 80/80/80 104/104/104 105/105/105
f 80/80/80 105/105/105 81/81/81
f 81/81/81 105/105/105 106/106/106
f 81/81/81 106/106/106 82/82/82
f 82/82/82 106/106/106 107/107/107
f 82/82/82 107/107/107 83/83/83
f 83/83/83 107/107/107 108/108/108
f 83/83/83 108/108/108 84/84/84
f 84/84/84 108/108/108 109/109/109
f 84/84/84 109/109/109 85/85/85
f 85/85/85 109/109/109 110/110/110
f 85/85/85 110/110/110 86/86/86
f 86/86/86 110/110/110 111/111/111
f 86/86/86 111/111/111 87/87/87
f 87/87/87 111/111/111 112/112/112
f 87/87/87 112/112/112 88/88/88
f 88/88/88 112/112/112 113/113/113
f 88/88/88 113/113/113 89/89/89
f 89/89/89 113/113/113 114/114/114
f 89/89/89 114/114/114 90/90/90
f 90/90/90 114/114/114 115/115/115
f 90/90/90 115/115/115 91/91/91
f 91/91/91 115/115/115 116/116/116
f 91/91/91 116/116/116 92/92/92
f 92/92/92 116/116/116 117/117/117
f 92/92/92 117/117/117 93/93/93
f 93/93/93 117/117/117 118/118/118
f 93/93/93 118/118/118 94/94/94
f 94/94/94 118/118/118 119/119/119
f 94/94/94 119/119/119 95/95/95
f 95/95/95 119/119/119 120/120/120
f 95/95/95 120/120/120 96/96/96
f 96/96/96 120/120/120 121/121/121
f 96/96/96 121/121/121 97/97/97
f 97/97/97 121/121/121 122/122/122
f 97/97/97 122/122/122 98/98/98
f 98/98/98 122/122/122 123/123/123
f 98/98/98 123/123/123 99/99/99
f 99/99/99 123/123/123 124/124/124
f 99/99/99 124/124/124 100/100/100
f 100/100/100 124/124/124 125/125/125
f 101/101/101 126/126/126 102/102/102
f 102/102/102 126/126/126 127/127/127
f 102/102/102 127/127/127 103/103/103
f 103/103/103 127/127/127 128/128/128
f 103/103/103 128/128/128 104/104/104
f 104/104/104 128/128/128 129/129/129
f 104/104/104 129/129/129 105/105/105
f 105/105/105 129/129/129 130/130/130
f 105/105/105 130/130/130 106/106/106
f 106/106/106 130/130/130 131/131/131
f 106/106/106 131/131/131 107/107/107
f 107/107/107 131/131/131 132/132/132
f 107/107/107 132/132/132 108/108/108
f 108/108/108 132/132/132 133/133/133
f 108/108/108 133/133/133 109/109/109
f 109/109/109 133/133/133 134/134/134
f 109/109/109 134/134/134 110/110/110
f 110/110/110 134/134/134 135/135/135
f 110/110/110 135/135/135 111/111/111
f 111/111/111 135/135/135 136/136/136
f 111/111/111 136/136/136 112/112/112
f 112/112/112 136/136/136 137/137/137
f 112/112/112 137/137/137 113/113/113
f 113/113/113 137/137/137 138/138/138
f 113/113/113 138/138/138 114/114/114
f 114/114/114 138/138/138 139/139/139
f 114/114/114 139/139/139 115/115/115
f 115/115/115 139/139/139 140/140/140
f 115/115/115 140/140/140 116/116/116
f 116/116/116 140/140/140 141/141/141
f 116/116/116 141/141/141 117/117/117
f 117/117/117 141/141/141 142/142/142
f 117/117/117 142/142/142 118/118/118
f 118/118/118 142/142/142 143/143/143
f 118/118/118 143/143/143 119/119/119
f 119/119/119 143/143/143 144/144/144
f 119/119/119 144/144/144 120/120/120
f 120/120/120 144/144/144 145/145/145
f 120/120/120 145/145/145 121/121/121
f 121/121/121 145/145/145 146/146/146
f 121/121/121 146/146/146 122/122/122
f 122/122/122 146/146/146 147/147/147
f 122/122/122 147/147/147 123/123/123
f 123/123/123 147/147/147 148/148/148
f 123/123/123 148/148/148 124/124/124
f 124/124/124 148/148/148 149/149/149
f 124/124/124 149/149/149 125/125/125
f 125/125/125 149/149/149 150/150/150
f 126/126/126 151/151/151 127/127/127
f 127/127/127 151/151/151 152/152/152
f 127/127/127 152/152/152 128/128/128
f 128/128/128 152/152/152 153/153/153
f 128/128/128 153/153/153 129/129/129
f 129/129/129 153/153/153 154/154/154
f 129/129/129 154/154/154 130/130/130
f 130/130/130 154/154/154 155/155/155
f 130/130/130 155/155/155 131/131/131
f 131/131/131 155/155/155 156/156/156
f 131/131/131 156/156/156 132/132/132
f 132/132/132 156/156/156 157/157/157
f 132/132/132 157/157/157 133/133/133
f 133/133/133 157/157/157 158/158/158
f 133/133/133 158/158/158 134/134/134
f 134/134/134 158/158/158 159/159/159
f 134/134/134 159/159/159 135/135/135
f 135/135/135 159/159/159 160/160/160
f 135/135/135 160/160/160 136/136/136
f 136/136/136 160/160/160 161/161/161
f 136/136/136 161/161/161 137/137/137
f 137/137/137 161/161/161 162/162/162
f 137/137/137 162/162/162 138/138/138
f 138/138/138 162/162/162 163/163/163
f 138/138/138 163/163/163 139/139/139
f 139/139/139 163/163/163 164/164/164
f 139/139/139 164/164/164 140/140/140
f 140/140/140 164/164/164 165/165/165
f 140/140/140 165/165/165 141/141/141
f 141/141/141 165/165/165 166/166/166
f 141/141/141 166/166/166 142/142/142
f 142/142/142 166/166/166 167/167/167
f 142/142/142 167/167/167 143/143/143
f 143/143/143 167/167/167 168/168/168
f 143/143/143 168/168/168 144/144/144
f 144/144/144 168/168/168 169/169/169
f 144/144/144 169/169/169 145/145/145
f 145/145/145 169/169/169 170/170/170
f 145/145/145 170/170/170 146/146/146
f 146/146/146 170/170/170 171/171/171
f 146/146/146 171/171/171 147/147/147
f 147/147/147 171/171/171 172/172/172
f 147/147/147 172/172/172 148/148/148
f 148/148/148 172/172/172 173/173/173
f 148/148/148 173/173/173 149/149/149
f 149/149/149 173/173/173 174/174/174
f 149/149/149 174/174/174 150/150/150
f 150/150/150 174/174/174 175/175/175
f 151/151/151 176/176/176 152/152/152
f 152/152/152 176/176/176 177/177/177
f 152/152/152 177/177/177 153/153/153
f 153/153/153 177/177/177 178/178/178
f 153/153/153 178/178/178 154/154/154
f 154/154/154 178/178/178 179/179/179
f 154/154/154 179/179/179 155/155/155
f 155/155/155 179/179/179 180/180/180
f 155/155/155 180/180/180 156/156/156
f 156/156/156 180/180/180 181/181/181
f 156/156/156 181/181/181 157/157/157
f 157/157/157 181/181/181 182/182/182
f 157/157/157 182/182/182 158/158/158
f 158/158/158 182/182/182 183/183/183
f 158/158/158 183/183/183 159/159/159
f 159/159/159 183/183/183 184/184/184
f 159/159/159 184/184/184 160/160/160
f 160/160/160 184/184/184 185/185/185
f 160/160/160 185/185/185 161/161/161
f 161/161/161 185/185/185 186/186/186
f 161/161/161 186/186/186 162/162/162
f 162/162/162 186/186/186 187/187/187
f 162/162/162 187/187/187 163/163/163
f 163/163/163 187/187/187 188/188/188
f 163/163/163 188/188/188 164/164/164
f 164/164/164 188/188/188 189/189/189
f 164/164/164 189/189/189 165/165/165
f 165/165/165 189/189/189 190/190/190
f 165/165/165 190/190/190 166/166/166
f 166/166/166 190/190/190 191/191/191
f 166/166/166 191/191/191 167/167/167
f 167/167/167 191/191/191 192/192/192
f 167/167/167 192/192/192 168/168/168
f 168/168/168 192/192/192 193/193/193
f 168/168/168 193/193/193 169/169/169
f 169/169/169 193/193/193 194/194/194
f 169/169/169 194/194/194 170/170/170
f 170/170/170 194/194/194 195/195/195
f 170/170/170 195/195/195 171/171/171
f 171/171/171 195/195/195 196/196/196
f 171/171/171 196/196/196 172/172/172
f 172/172/172 196/196/196 197/197/197
f 172/172/172 197/197/197 173/173/173
f 173/173/173 197/197/197 198/198/198
f 173/173/173 198/198/198 174/174/174
f 174/174/174 198/198/198 199/199/199
f 174/174/174 199/199/199 175/175/175
f 175/175/175 199/199/199 200/200/200
f 176/176/176 201/201/201 177/177/177
f 177/177/177 201/201/201 202/202/202
f 177/177/177 202/202/202 178/178/178
f 178/178/178 202/202/202 203/203/203
f 178/178/178 203/203/203 179/179/179
f 179/179/179 203/203/203 204/204/204
f 179/179/179 204/204/204 180/180/180
f 180/180/180 204/204/204 205/205/205
f 180/180/180 205/205/205 181/181/181
f 181/181/181 205/205/205 206/206/206
f 181/181/181 206/206/206 182/182/182
f 182/182/182 206/206/206 207/207/207
f 182/182/182 207/207/207 183/183/183
f 183/183/183 207/207/207 208/208/208
f 183/183/183 208/208/208 184/184/184
f 184/184/184 208/208/208 209/209/209
f 184/184/184 209/209/209 185/185/185
f 185/185/185 209/209/209 210/210/210
f 185/185/185 210/210/210 186/186/186
f 186/186/186 210/210/210 211/211/211
f 186/186/186 211/211/211 187/187/187
f 187/187/187 211/211/211 212/212/212
f 187/187/187 212/212/212 188/188/188
f 188/188/188 212/212/212 213/213/213
f 188/188/188 213/213/213 189/189/189
f 189/189/189 213/213/213 214/214/214
f 189/189/189 214/214/214 190/190/190
f 190/190/190 214/214/214 215/215/215
f 190/190/190 215/215/215 191/191/191
f 191/191/191 215/215/215 216/216/216
f 191/191/191 216/216/216 192/192/192
f 192/192/192 216/216/216 217/217/217
f 192/192/192 217/217/217 193/193/193
f 193/193/193 217/217/217 218/218/218
f 193/193/193 218/218/218 194/194/194
f 194/194/194 218/218/218 219/219/219
f 194/194/194 219/219/219 195/195/195
f 195/195/195 219/219/219 220/220/220
f 195/195/195 220/220/220 196/196/196
f 196/196/196 220/220/220 221/221/221
f 196/196/196 221/221/221 197/197/197
f 197/197/197 221/221/221 222/222/222
f 197/197/197 222/222/222 198/198/198
f 198/198/198 222/222/222 223/223/223
f 198/198/198 223/223/223 199/199/199
f 199/199/199 223/223/223 224/224/224
f 199/199/199 224/224/224 200/200/200
f 200/200/200 224/224/224 225/225/225
f 201/201/201 226/226/226 202/202/202
f 202/202/202 226/226/226 227/227/227
f 202/202/202 227/227/227 203/203/203
f 203/203/203 227/227/227 228/228/228
f 203/203/203 228/228/228 204/204/204
f 204/204/204 228/228/228 229/229/229
f 204/204/204 229/229/229 205/205/205
f 205/205/205 229/229/229 230/230/230
f 205/205/205 230/230/230 206/206/206
f 206/206/206 230/230/230 231/231/231
f 206/206/206 231/231/231 207/207/207
f 207/207/207 231/231/231 232/232/232
f 207/207/207 232/232/232 208/208/208
f 208/208/208 232/232/232 233/233/233
f 208/208/208 233/233/233 209/209/209
f 209/209/209 233/233/233 234/234/234
f 209/209/209 234/234/234 210/210/210
f 210/210/210 234/234/234 235/235/235
f 210/210/210 235/235/235 211/211/211
f 211/211/211 235/235/235 236/236/236
f 211/211/211 236/236/236 212/212/212
f 212/212/212 236/236/236 237/237/237
f 212/212/212 237/237/237 213/213/213
f 213/213/213 237/237/237 238/238/238
f 213/213/213 238/238/238 214/214/214
f 214/214/214 238/238/238 239/239/239
f 214/214/214 239/239/239 215/215/215
f 215/215/215 239/239/239 240/240/240
f 215/215/215 240/240/240 216/216/216
f 216/216/216 240/240/240 241/241/241
f 216/216/216 241/241/241 217/217/217
f 217/217/217 241/241/241 242/242/242
f 217/217/217 242/242/242 218/218/218
f 218/218/218 242/242/242 243/243/243
f 218/218/218 243/243/243 219/219/219
f 219/219/219 243/243/243 244/244/244
f 219/219/219 244/244/244 220/220/220
f 220/220/220 244/244/244 245/245/245
f 220/220/220 245/245/245 221/221/221
f 221/221/221 245/245/245 246/246/246
f 221/221/221 246/246/246 222/222/222
f 222/222/222 246/246/246 247/247/247
f 222/222/222 247/247/247 223/223/223
f 223/223/223 247/247/247 248/248/248
f 223/223/223 248/248/248 224/224/224
f 224/224/224 248/248/248 249/249/249
f 224/224/224 249/249/249 225/225/225
f 225/225/225 249/249/249 250/250/250
f 226/226/226 251/251/251 227/227/227
f 227/227/227 251/251/251 252/252/252
f 227/227/227 252/252/252 228/228/228
f 228/228/228 252/252/252 253/253/253
f 228/228/228 253/253/253 229/229/229
f 229/229/229 253/253/253 254/254/254
f 229/229/229 254/254/254 230/230/230
f 230/230/230 254/254/254 255/255/255
f 230/230/230 255/255/255 231/231/231
f 231/231/231 255/255/255 256/256/256
f 231/231/231 256/256/256 232/232/232
f 232/232/232 256/256/256 257/257/257
f 232/232/232 257/257/257 233/233/233
f 233/233/233 257/257/257 258/258/258
f 233/233/233 258/258/258 234/234/234
f 234/234/234 258/258/258 259/259/259
f 234/234/234 259/259/259 235/235/235
f 235/235/235 259/259/259 260/260/260
f 235/235/235 260/260/260 236/236/236
f 236/236/236 260/260/260 261/261/261
f 236/236/236 261/261/261 237/237/237
f 237/237/237 261/261/261 262/262/262
f 237/237/237 262/262/262 238/238/238
f 238/238/238 262/262/262 263/263/263
f 238/238/238 263/263/263 239/239/239
f 239/239/239 263/263/263 264/264/264
f 239/239/239 264/264/264 240/240/240
f 240/240/240 264/264/264 265/265/265
f 240/240/240 265/265/265 241/241/241
f 241/241/241 265/265/265 266/266/266
f 241/241/241 266/266/266 242/242/242
f 242/242/242 266/266/266 267/267/267
f 242/242/242 267/267/267 243/243/243
f 243/243/243 267/267/267 268/268/268
f 243/243/243 268/268/268 244/244/244
f 244/244/244 268/268/268 269/269/269
f 244/244/244 269/269/269 245/245/245
f 245/245/245 269/269/269 270/270/270
f 245/245/245 270/270/270 246/246/246
f 246/246/246 270/270/270 271/271/271
f 246/246/246 271/271/271 247/247/247
f 247/247/247 271/271/271 272/272/272
f 247/247/247 272/272/272 248/248/248
f 248/248/248 272/272/272 273/273/273
f 248/248/248 273/273/273 249/249/249
f 249/249/249 273/273/273 274/274/274
f 249/249/249 274/274/274 250/250/250
f 250/250/250 274/274/274 275/275/275
f 251/251/251 276/276/276 252/252/252
f 252/252/252 276/276/276 277/277/277
f 252/252/252 277/277/277 253/253/253
f 253/253/253 277/277/277 278/278/278
f 253/253/253 278/278/278 254/254/254
f 254/254/254 278/278/278 279/279/279
f 254/254/254 279/279/279 255/255/255
f 255/255/255 279/279/279 280/280/280
f 255/255/255 280/280/280 256/256/256
f 256/256/256 280/280/280 281/281/281
f 256/256/256 281/281/281 257/257/257
f 257/257/257 281/281/281 282/282/282
f 257/257/257 282/282/282 258/258/258
f 258/258/258 282/282/282 283/283/283
f 258/258/258 283/283/283 259/259/259
f 259/259/259 283/283/283 284/284/284
f 259/259/259 284/284/284 260/260/260
f 260/260/260 284/284/284 285/285/285
f 260/260/260 285/285/285 261/261/261
f 261/261/261 285/285/285 286/286/286
f 261/261/261 286/286/286 262/262/262
f 262/262/262 286/286/286 287/287/287
f 262/262/262 287/287/287 263/263/263
f 263/263/263 287/287/287 288/288/288
f 263/263/263 288/288/288 264/264/264
f 264/264/264 288/288/288 289/289/289
f 264/264/264 289/289/289 265/265/265
f 265/265/265 289/289/289 290/290/290
f 265/265/265 290/290/290 266/266/266
f 266/266/266 290/290/290 291/291/291
f 266/266/266 291/291/291 267/267/267
f 267/267/267 291/291/291 292/292/292
f 267/267/267 292/292/292 268/268/268
f 268/268/268 292/292/292 293/293/293
f 268/268/268 293/293/293 269/269/269
f 269/269/269 293/293/293 294/294/294
f 269/269/269 294/294/294 270/270/270
f 270/270/270 294/294/294 295/295/295
f 270/270/270 295/295/295 271/271/271
f 271/271/271 295/295/295 296/296/296
f 271/271/271 296/296/296 272/272/272
f 272/272/272 296/296/296 297/297/297
f 272/272/272 297/297/297 273/273/273
f 273/273/273 297/297/297 298/298/298
f 273/273/273 298/298/298 274/274/274
f 274/274/274 298/298/298 299/299/299
f 274/274/274 299/299/299 275/275/275
f 275/275/275 299/299/299 300/300/300
f 276/276/276 301/301/301 277/277/277
f 277/277/277 301/301/301 302/302/302
f 277/277/277 302/302/302 278/278/278
f 278/278/278 302/302/302 303/303/303
f 278/278/278 303/303/303 279/279/279
f 279/279/279 303/303/303 304/304/304
f 279/279/279 304/304/304 280/280/280
f 280/280/280 304/304/304 305/305/305
f 280/280/280 305/305/305 281/281/281
f 281/281/281 305/305/305 306/306/306
f 281/281/281 306/306/306 282/282/282
f 282/282/282 306/306/306 307/307/307
f 282/282/282 307/307/307 283/283/283
f 283/283/283 307/307/307 308/308/308
f 283/283/283 308/308/308 284/284/284
f 284/284/284 308/308/308 309/309/309
f 284/284/284 309/309/309 285/285/285
f 285/285/285 309/309/309 310/310/310
f 285/285/285 310/310/310 286/286/286
f 286/286/286 310/310/310 311/311/311
f 286/286/286 311/311/311 287/287/287
f 287/287/287 311/311/311 312/312/312
f 287/287/287 312/312/312 288/288/288
f 288/288/288 312/312/312 313/313/313
f 288/288/288 313/313/313 289/289/289
f 289/289/289 313/313/313 314/314/314
f 289/289/289 314/314/314 290/290/290
f 290/290/290 314/314/314 315/315/315
f 290/290/290 315/315/315 291/291/291
f 291/291/291 315/315/315 316/316/316
f 291/291/291 316/316/316 292/292/292
f 292/292/292 316/316/316 317/317/317
f 292/292/292 317/317/317 293/293/293
f 293/293/293 317/317/317 318/318/318
f 293/293/293 318/318/318 294/294/294
f 294/294/294 318/318/318 319/319/319
f 294/294/294 319/319/319 295/295/295
f 295/295/295 319/319/319 320/320/320
f 295/295/295 320/320/320 296/296/296
f 296/296/296 320/320/320 321/321/321
f 296/296/296 321/321/321 297/297/297
f 297/297/297 321/321/321 322/322/322
f 297/297/297 322/322/322 298/298/298
f 298/298/298 322/322/322 323/323/323
f 298/298/298 323/323/323 299/299/299
f 299/299/299 323/323/323 324/324/324
f 299/299/299 324/324/324 300/300/300
f 300/300/300 324/324/324 325/325/325
f 301/301/301 326/326/326 302/302/302
f 302/302/302 326/326/326 327/327/327
f 302/302/302 327/327/327 303/303/303
f 303/303/303 327/327/327 328/328/328
f 303/303/303 328/328/328 304/304/304
f 304/304/304 328/328/328 329/329/329
f 304/304/304 329/329/329 305/305/305
f 305/305/305 329/329/329 330/330/330
f 305/305/305 330/330/330 306/306/306
f 306/306/306 330/330/330 331/331/331
f 306/306/306 331/331/331 307/307/307
f 307/307/307 331/331/331 332/332/332
f 307/307/307 332/332/332 308/308/308
f 308/308/308 332/332/332 333/333/333
f 308/308/308 333/333/333 309/309/309
f 309/309/309 333/333/333 334/334/334
f 309/309/309 334/334/334 310/310/310
f 310/310/310 334/334/334 335/335/335
f 310/310/310 335/335/335 311/311/311
f 311/311/311 335/335/335 336/336/336
f 311/311/311 336/336/336 312/312/312
f 312/312/312 336/336/336 337/337/337
f 312/312/312 337/337/337 313/313/313
f 313/313/313 337/337/337 338/338/338
f 313/313/313 338/338/338 314/314/314
f 314/314/314 338/338/338 339/339/339
f 314/314/314 339/339/339 315/315/315
f 315/315/315 339/339/339 340/340/340
f 315/315/315 340/340/340 316/316/316
f 316/316/316 340/340/340 341/341/341
f 316/316/316 341/341/341 317/317/317
f 317/317/317 341/341/341 342/342/342
f 317/317/317 342/342/342 318/318/318
f 318/318/318 342/342/342 343/343/343
f 318/318/318 343/343/343 319/319/319
f 319/319/319 343/343/343 344/344/344
f 319/319/319 344/344/344 320/320/320
f 320/320/320 344/344/344 345/345/345
f 320/320/320 345/345/345 321/321/321
f 321/321/321 345/345/345 346/346/346
f 321/321/321 346/346/346 322/322/322
f 322/322/322 346/346/346 347/347/347
f 322/322/322 347/347/347 323/323/323
f 323/323/323 347/347/347 348/348/348
f 323/323/323 348/348/348 324/324/324
f 324/324/324 348/348/348 349/349/349
f 324/324/324 349/349/349 325/325/325
f 325/325/325 349/349/349 350/350/350
f 326/326/326 351/351/351 327/327/327
f 327/327/327 351/351/351 352/352/352
f 327/327/327 352/352/352 328/328/328
f 328/328/328 352/352/352 353/353/353
f 328/328/328 353/353/353 329/329/329
f 329/329/329 353/353/353 354/354/354
f 329/329/329 354/354/354 330/330/330
f 330/330/330 354/354/354 355/355/355
f 330/330/330 355/355/355 331/331/331
f 331/331/331 355/355/355 356/356/356
f 331/331/331 356/356/356 332/332/332
f 332/332/332 356/356/356 357/357/357
f 332/332/332 357/357/357 333/333/333
f 333/333/333 357/357/357 358/358/358
f 333/333/333 358/358/358 334/334/334
f 334/334/334 358/358/358 359/359/359
f 334/334/334 359/359/359 335/335/335
f 335/335/335 359/359/359 360/360/360
f 335/335/335 360/360/360 336/336/336
f 336/336/336 360/360/360 361/361/361
f 336/336/336 361/361/361 337/337/337
f 337/337/337 361/361/361 362/362/362
f 337/337/337 362/362/362 338/338/338
f 338/338/338 362/362/362 363/363/363
f 338/338/338 363/363/363 339/339/339
f 339/339/339 363/363/363 364/364/364
f 339/339/339 364/364/364 340/340/340
f 340/340/340 364/364/364 365/365/365
f 340/340/340 365/365/365 341/341/341
f 341/341/341 365/365/365 366/366/366
f 341/341/341 366/366/366 342/342/342
f 342/342/342 366/366/366 367/367/367
f 342/342/342 367/367/367 343/343/343
f 343/343/343 367/367/367 368/368/368
f 343/343/343 368/368/368 344/344/344
f 344/344/344 368/368/368 369/369/369
f 344/344/344 369/369/369 345/345/345
f 345/345/345 369/369/369 370/370/370
f 345/345/345 370/370/370 346/346/346
f 346/346/346 370/370/370 371/371/371
f 346/346/346 371/371/371 347/347/347
f 347/347/347 371/371/371 372/372/372
f 347/347/347 372/372/372 348/348/348
f 348/348/348 372/372/372 373/373/373
f 348/348/348 373/373/373 349/349/349
f 349/349/349 373/373/373 374/374/374
f 349/349/349 374/374/374 350/350/350
f 350/350/350 374/374/374 375/375/375
f 351/351/351 376/376/376 352/352/352
f 352/352/352 376/376/376 377/377/377
f 352/352/352 377/377/377 353/353/353
f 353/353/353 377/377/377 378/378/378
f 353/353/353 378/378/378 354/354/354
f 354/354/354 378/378/378 379/379/379
f 354/354/354 379/379/379 355/355/355
f 355/355/355 379/379/379 380/380/380
f 355/355/355 380/380/380 356/356/356
f 356/356/356 380/380/380 381/381/381
f 356/356/356 381/381/381 357/357/357
f 357/357/357 381/381/381 382/382/382
f 357/357/357 382/382/382 358/358/358
f 358/358/358 382/382/382 383/383/383
f 358/358/358 383/383/383 359/359/359
f 359/359/359 383/383/383 384/384/384
f 359/359/359 384/384/384 360/360/360
f 360/360/360 384/384/384 385/385/385
f 360/360/360 385/385/385 361/361/361
f 361/361/361 385/385/385 386/386/386
f 361/361/361 386/386/386 362/362/362
f 362/362/362 386/386/386 387/387/387
f 362/362/362 387/387/387 363/363/363
f 363/363/363 387/387/387 388/388/388
f 363/363/363 388/388/388 364/364/364
f 364/364/364 388/388/388 389/389/389
f 364/364/364 389/389/389 365/365/365
f 365/365/365 389/389/389 390/390/390
f 365/365/365 390/390/390 366/366/366
f 366/366/366 390/390/390 391/391/391
f 366/366/366 391/391/391 367/367/367
f 367/367/367 391/391/391 392/392/392
f 367/367/367 392/392/392 368/368/368
f 368/368/368 392/392/392 393/393/393
f 368/368/368 393/393/393 369/369/369
f 369/369/369 393/393/393 394/394/394
f 369/369/369 394/394/394 370/370/370
f 370/370/370 394/394/394 395/395/395
f 370/370/370 395/395/395 371/371/371
f 371/371/371 395/395/395 396/396/396
f 371/371/371 396/396/396 372/372/372
f 372/372/372 396/396/396 397/397/397
f 372/372/372 397/397/397 373/373/373
f 373/373/373 397/397/397 398/398/398
f 373/373/373 398/398/398 374/374/374
f 374/374/374 398/398/398 399/399/399
f 374/374/374 399/399/399 375/375/375
f 375/375/375 399/399/399 400/400/400
f 376/376/376 401/401/401 377/377/377
f 377/377/377 401/401/401 402/402/402
f 377/377/377 402/402/402 378/378/378
f 378/378/378 402/402/402 403/403/403
f 378/378/378 403/403/403 379/379/379
f 379/379/379 403/403/403 404/404/404
f 379/379/379 404/404/404 380/380/380
f 380/380/380 404/404/404 405/405/405
f 380/380/380 405/405/405 381/381/381
f 381/381/381 405/405/405 406/406/406
f 381/381/381 406/406/406 382/382/382
f 382/382/382 406/406/406 407/407/407
f 382/382/382 407/407/407 383/383/383
f 383/383/383 407/407/407 408/408/408
f 383/383/383 408/408/408 384/384/384
f 384/384/384 408/408/408 409/409/409
f 384/384/384 409/409/409 385/385/385
f 385/385/385 409/409/409 410/410/410
f 385/385/385 410/410/410 386/386/386
f 386/386/386 410/410/410 411/411/411
f 386/386/386 411/411/411 387/387/387
f 387/387/387 411/411/411 412/412/412
f 387/387/387 412/412/412 388/388/388
f 388/388/388 412/412/412 413/413/413
f 388/388/388 413/413/413 389/389/389
f 389/389/389 413/413/413 414/414/414
f 389/389/389 414/414/414 390/390/390
f 390/390/390 414/414/414 415/415/415
f 390/390/390 415/415/415 391/391/391
f 391/391/391 415/415/415 416/416/416
f 391/391/391 416/416/416 392/392/392
f 392/392/392 416/416/416 417/417/417
f 392/392/392 417/417/417 393/393/393
f 393/393/393 417/417/417 418/418/418
f 393/393/393 418/418/418 394/394/394
f 394/394/394 418/418/418 419/419/419
f 394/394/394 419/419/419 395/395/395
f 395/395/395 419/419/419 420/420/420
f 395/395/395 420/420/420 396/396/396
f 396/396/396 420/420/420 421/421/421
f 396/396/396 421/421/421 397/397/397
f 397/397/397 421/421/421 422/422/422
f 397/397/397 422/422/422 398/398/398
f 398/398/398 422/422/422 423/423/423
f 398/398/398 423/423/423 399/399/399
f 399/399/399 423/423/423 424/424/424
f 399/399/399 424/424/424 400/400/400
f 400/400/400 424/424/424 425/425/425
f 401/401/401 426/426/426 402/402/402
f 402/402/402 426/426/426 427/427/427
f 402/402/402 427/427/427 403/403/403
f 403/403/403 427/427/427 428/428/428
f 403/403/403 428/428/428 404/404/404
f 404/404/404 428/428/428 429/429/429
f 404/404/404 429/429/429 405/405/405
f 405/405/405 429/429/429 430/430/430
f 405/405/405 430/430/430 406/406/406
f 406/406/406 430/430/430 431/431/431
f 406/406/406 431/431/431 407/407/407
f 407/407/407 431/431/431 432/432/432
f 407/407/407 432/432/432 408/408/408
f 408/408/408 432/432/432 433/433/433
f 408/408/408 433/433/433 409/409/409
f 409/409/409 433/433/433 434/434/434
f 409/409/409 434/434/434 410/410/410
f 410/410/410 434/434/434 435/435/435
f 410/410/410 435/435/435 411/411/411
f 411/411/411 435/435/435 436/436/436
f 411/411/411 436/436/436 412/412/412
f 412/412/412 436/436/436 437/437/437
f 412/412/412 437/437/437 413/413/413
f 413/413/413 437/437/437 438/438/438
f 413/413/413 438/438/438 414/414/414
f 414/414/414 438/438/438 439/439/439
f 414/414/414 439/439/439 415/415/415
f 415/415/415 439/439/439 440/440/440
f 415/415/415 440/440/440 416/416/416
f 416/416/416 440/440/440 441/441/441
f 416/416/416 441/441/441 417/417/417
f 417/417/417 441/441/441 442/442/442
f 417/417/417 442/442/442 418/418/418
f 418/418/418 442/442/442 443/443/443
f 418/418/418 443/443/443 419/419/419
f 419/419/419 443/443/443 444/444/444
f 419/419/419 444/444/444 420/420/420
f 420/420/420 444/444/444 445/445/445
f 420/420/420 445/445/445 421/421/421
f 421/421/421 445/445/445 446/446/446
f 421/421/421 446/446/446 422/422/422
f 422/422/422 446/446/446 447/447/447
f 422/422/422 447/447/447 423/423/423
f 423/423/423 447/447/447 448/448/448
f 423/423/423 448/448/448 424/424/424
f 424/424/424 448/448/448 449/449/449
f 424/424/424 449/449/449 425/425/425
f 425/425/425 449/449/449 450/450/450
f 426/426/426 451/451/451 427/427/427
f 427/427/427 451/451/451 452/452/452
f 427/427/427 452/452/452 428/428/428
f 428/428/428 452/452/452 453/453/453
f 428/428/428 453/453/453 429/429/429
f 429/429/429 453/453/453 454/454/454
f 429/429/429 454/454/454 430/430/430
f 430/430/430 454/454/454 455/455/455
f 430/430/430 455/455/455 431/431/431
f 431/431/431 455/455/455 456/456/456
f 431/431/431 456/456/456 432/432/432
f 432/432/432 456/456/456 457/457/457
f 432/432/432 457/457/457 433/433/433
f 433/433/433 457/457/457 458/458/458
f 433/433/433 458/458/458 434/434/434
f 434/434/434 458/458/458 459/459/459
f 434/434/434 459/459/459 435/435/435
f 435/435/435 459/459/459 460/460/460
f 435/435/435 460/460/460 436/436/436
f 436/436/436 460/460/460 461/461/461
f 436/436/436 461/461/461 437/437/437
f 437/437/437 461/461/461 462/462/462
f 437/437/437 462/462/462 438/438/438
f 438/438/438 462/462/462 463/463/463
f 438/438/438 463/463/463 439/439/439
f 439/439/439 463/463/463 464/464/464
f 439/439/439 464/464/464 440/440/440
f 440/440/440 464/464/464 465/465/465
f 440/440/440 465/465/465 441/441/441
f 441/441/441 465/465/465 466/466/466
f 441/441/441 466/466/466 442/442/442
f 442/442/442 466/466/466 467/467/467
f 442/442/442 467/467/467 443/443/443
f 443/443/443 467/467/467 468/468/468
f 443/443/443 468/468/468 444/444/444
f 444/444/444 468/468/468 469/469/469
f 444/444/444 469/469/469 445/445/445
f 445/445/445 469/469/469 470/470/470
f 445/445/445 470/470/470 446/446/446
f 446/446/446 470/470/470 471/471/471
f 446/446/446 471/471/471 447/447/447
f 447/447/447 471/471/471 472/472/472
f 447/447/447 472/472/472 448/448/448
f 448/448/448 472/472/472 473/473/473
f 448/448/448 473/473/473 449/449/449
f 449/449/449 473/473/473 474/474/474
f 449/449/449 474/474/474 450/450/450
f 450/450/450 474/474/474 475/475/475
f 451/451/451 476/476/476 452/452/452
f 452/452/452 476/476/476 477/477/477
f 452/452/452 477/477/477 453/453/453
f 453/453/453 477/477/477 478/478/478
f 453/453/453 478/478/478 454/454/454
f 454/454/454 478/478/478 479/479/479
f 454/454/454 479/479/479 455/455/455
f 455/455/455 479/479/479 480/480/480
f 455/455/455 480/480/480 456/456/456
f 456/456/456 480/480/480 481/481/481
f 456/456/456 481/481/481 457/457/457
f 457/457/457 481/481/481 482/482/482
f 457/457/457 482/482/482 458/458/458
f 458/458/458 482/482/482 483/483/483
f 458/458/458 483/483/483 459/459/459
f 459/459/459 483/483/483 484/484/484
f 459/459/459 484/484/484 460/460/460
f 460/460/460 484/484/484 485/485/485
f 460/460/460 485/485/485 461/461/461
f 461/461/461 485/485/485 486/486/486
f 461/461/461 486/486/486 462/462/462
f 462/462/462 486/486/486 487/487/487
f 462/462/462 487/487/487 463/463/463
f 463/463/463 487/487/487 488/488/488
f 463/463/463 488/488/488 464/464/464
f 464/464/464 488/488/488 489/489/489
f 464/464/464 489/489/489 465/465/465
f 465/465/465 489/489/489 490/490/490
f 465/465/465 490/490/490 466/466/466
f 466/466/466 490/490/490 491/491/491
f 466/466/466 491/491/491 467/467/467
f 467/467/467 491/491/491 492/492/492
f 467/467/467 492/492/492 468/468/468
f 468/468/468 492/492/492 493/493/493
f 468/468/468 493/493/493 469/469/469
f 469/469/469 493/493/493 494/494/494
f 469/469/469 494/494/494 470/470/470
f 470/470/470 494/494/494 495/495/495
f 470/470/470 495/495/495 471/471/471
f 471/471/471 495/495/495 496/496/496
f 471/471/471 496/496/496 472/472/472
f 472/472/472 496/496/496 497/497/497
f 472/472/472 497/497/497 473/473/473
f 473/473/473 497/497/497 498/498/498
f 473/473/473 498/498/498 474/474/474
f 474/474/474 498/498/498 499/499/499
f 474/474/474 499/499/499 475/475/475
f 475/475/475 499/499/499 500/500/500
f 476/476/476 501/501/501 477/477/477
f 477/477/477 501/501/501 502/502/502
f 477/477/477 502/502/502 478/478/478
f 478/478/478 502/502/502 503/503/503
f 478/478/478 503/503/503 479/479/479
f 479/479/479 503/503/503 504/504/504
f 479/479/479 504/504/504 480/480/480
f 480/480/480 504/504/504 505/505/505
f 480/480/480 505/505/505 481/481/481
f 481/481/481 505/505/505 506/506/506
f 481/481/481 506/506/506 482/482/482
f 482/482/482 506/506/506 507/507/507
f 482/482/482 507/507/507 483/483/483
f 483/483/483 507/507/507 508/508/508
f 483/483/483 508/508/508 484/484/484
f 484/484/484 508/508/508 509/509/509
f 484/484/484 509/509/509 485/485/485
f 485/485/485 509/509/509 510/510/510
f 485/485/485 510/510/510 486/486/486
f 486/486/486 510/510/510 511/511/511
f 486/486/486 511/511/511 487/487/487
f 487/487/487 511/511/511 512/512/512
f 487/487/487 512/512/512 488/488/488
f 488/488/488 512/512/512 513/513/513
f 488/488/488 513/513/513 489/489/489
f 489/489/489 513/513/513 514/514/514
f 489/489/489 514/514/514 490/490/490
f 490/490/490 514/514/514 515/515/515
f 490/490/490 515/515/515 491/491/491
f 491/491/491 515/515/515 516/516/516
f 491/491/491 516/516/516 492/492/492
f 492/492/492 516/516/516 517/517/517
f 492/492/492 517/517/517 493/493/493
f 493/493/493 517/517/517 518/518/518
f 493/493/493 518/518/518 494/494/494
f 494/494/494 518/518/518 519/519/519
f 494/494/494 519/519/519 495/495/495
f 495/495/495 519/519/519 520/520/520
f 495/495/495 520/520/520 496/496/496
f 496/496/496 520/520/520 521/521/521
f 496/496/496 521/521/521 497/497/497
f 497/497/497 521/521/521 522/522/522
f 497/497/497 522/522/522 498/498/498
f 498/498/498 522/522/522 523/523/523
f 498/498/498 523/523/523 499/499/499
f 499/499/499 523/523/523 524/524/524
f 499/499/499 524/524/524 500/500/500
f 500/500/500 524/524/524 525/525/525
f 501/501/501 526/526/526 502/502/502
f 502/502/502 526/526/526 527/527/527
f 502/502/502 527/527/527 503/503/503
f 503/503/503 527/527/527 528/528/528
f 503/503/503 528/528/528 504/504/504
f 504/504/504 528/528/528 529/529/529
f 504/504/504 529/529/529 505/505/505
f 505/505/505 529/529/529 530/530/530
f 505/505/505 530/530/530 506/506/506
f 506/506/506 530/530/530 531/531/531
f 506/506/506 531/531/531 507/507/507
f 507/507/507 531/531/531 532/532/532
f 507/507/507 532/532/532 508/508/508
f 508/508/508 532/532/532 533/533/533
f 508/508/508 533/533/533 509/509/509
f 509/509/509 533/533/533 534/534/534
f 509/509/509 534/534/534 510/510/510
f 510/510/510 534/534/534 535/535/535
f 510/510/510 535/535/535 511/511/511
f 511/511/511 535/535/535 536/536/536
f 511/511/511 536/536/536 512/512/512
f 512/512/512 536/536/536 537/537/537
f 512/512/512 537/537/537 513/513/513
f 513/513/513 537/537/537 538/538/538
f 513/513/513 538/538/538 514/514/514
f 514/514/514 538/538/538 539/539/539
f 514/514/514 539/539/539 515/515/515
f 515/515/515 539/539/539 540/540/540
f 515/515/515 540/540/540 516/516/516
f 516/516/516 540/540/540 541/541/541
f 516/516/516 541/541/541 517/517/517
f 517/517/517 541/541/541 542/542/542
f 517/517/517 542/542/542 518/518/518
f 518/518/518 542/542/542 543/543/543
f 518/518/518 543/543/543 519/519/519
f 519/519/519 543/543/543 544/544/544
f 519/519/519 544/544/544 520/520/520
f 520/520/520 544/544/544 545/545/545
f 520/520/520 545/545/545 521/521/521
f 521/521/521 545/545/545 546/546/546
f 521/521/521 546/546/546 522/522/522
f 522/522/522 546/546/546 547/547/547
f 522/522/522 547/547/547 523/523/523
f 523/523/523 547/547/547 548/548/548
f 523/523/523 548/548/548 524/524/524
f 524/524/524 548/548/548 549/549/549
f 524/524/524 549/549/549 525/525/525
f 525/525/525 549/549/549 550/550/550
f 526/526/526 551/551/551 527/527/527
f 527/527/527 551/551/551 552/552/552
f 527/527/527 552/552/552 528/528/528
f 528/528/528 552/552/552 553/553/553
f 528/528/528 553/553/553 529/529/529
f 529/529/529 553/553/553 554/554/554
f 529/529/529 554/554/554 530/530/530
f 530/530/530 554/554/554 555/555/555
f 530/530/530 555/555/555 531/531/531
f 531/531/531 555/555/555 556/556/556
f 531/531/531 556/556/556 532/532/532
f 532/532/532 556/556/556 557/557/557
f 532/532/532 557/557/557 533/533/533
f 533/533/533 557/557/557 558/558/558
f 533/533/533 558/558/558 534/534/534
f 534/534/534 558/558/558 559/559/559
f 534/534/534 559/559/559 535/535/535
f 535/535/535 559/559/559 560/560/560
f 535/535/535 560/560/560 536/536/536
f 536/536/536 560/560/560 561/561/561
f 536/536/536 561/561/561 537/537/537
f 537/537/537 561/561/561 562/562/562
f 537/537/537 562/562/562 538/538/538
f 538/538/538 562/562/562 563/563/563
f 538/538/538 563/563/563 539/539/539
f 539/539/539 563/563/563 564/564/564
f 539/539/539 564/564/564 540/540/540
f 540/540/540 564/564/564 565/565/565
f 540/540/540 565/565/565 541/541/541
f 541/541/541 565/565/565 566/566/566
f 541/541/541 566/566/566 542/542/542
f 542/542/542 566/566/566 567/567/567
f 542/542/542 567/567/567 543/543/543
f 543/543/543 567/567/567 568/568/568
f 543/543/543 568/568/568 544/544/544
f 544/544/544 568/568/568 569/569/569
f 544/544/544 569/569/569 545/545/545
f 545/545/545 569/569/569 570/570/570
f 545/545/545 570/570/570 546/546/546
f 546/546/546 570/570/570 571/571/571
f 546/546/546 571/571/571 547/547/547
f 547/547/547 571/571/571 572/572/572
f 547/547/547 572/572/572 548/548/548
f 548/548/548 572/572/572 573/573/573
f 548/548/548 573/573/573 549/549/549
f 549/549/549 573/573/573 574/574/574
f 549/549/549 574/574/574 550/550/550
f 550/550/550 574/574/574 575/575/575
f 551/551/551 576/576/576 552/552/552
f 552/552/552 576/576/576 577/577/577
f 552/552/552 577/577/577 553/553/553
f 553/553/553 577/577/577 578/578/578
f 553/553/553 578/578/578 554/554/554
f 554/554/554 578/578/578 579/579/579
f 554/554/554 579/579/579 555/555/555
f 555/555/555 579/579/579 580/580/580
f 555/555/555 580/580/580 556/556/556
f 556/556/556 580/580/580 581/581/581
f 556/556/556 581/581/581 557/557/557
f 557/557/557 581/581/581 582/582/582
f 557/557/557 582/582/582 558/558/558
f 558/558/558 582/582/582 583/583/583
f 558/558/558 583/583/583 559/559/559
f 559/559/559 583/583/583 584/584/584
f 559/559/559 584/584/584 560/560/560
f 560/560/560 584/584/584 585/585/585
f 560/560/560 585/585/585 561/561/561
f 561/561/561 585/585/585 586/586/586
f 561/561/561 586/586/586 562/562/562
f 562/562/562 586/586/586 587/587/587
f 562/562/562 587/587/587 563/563/563
f 563/563/563 587/587/587 588/588/588
f 563/563/563 588/588/588 564/564/564
f 564/564/564 588/588/588 589/589/589
f 564/564/564 589/589/589 565/565/565
f 565/565/565 589/589/589 590/590/590
f 565/565/565 590/590/590 566/566/566
f 566/566/566 590/590/590 591/591/591
f 566/566/566 591/591/591 567/567/567
f 567/567/567 591/591/591 592/592/592
f 567/567/567 592/592/592 568/568/568
f 568/568/568 592/592/592 593/593/593
f 568/568/568 593/593/593 569/569/569
f 569/569/569 593/593/593 594/594/594
f 569/569/569 594/594/594 570/570/570
f 570/570/570 594/594/594 595/595/595
f 570/570/570 595/595/595 571/571/571
f 571/571/571 595/595/595 596/596/596
f 571/571/571 596/596/596 572/572/572
f 572/572/572 596/596/596 597/597/597
f 572/572/572 597/597/597 573/573/573
f 573/573/573 597/597/597 598/598/598
f 573/573/573 598/598/598 574/574/574
f 574/574/574 598/598/598 599/599/599
f 574/574/574 599/599/599 575/575/575
f 575/575/575 599/599/599 600/600/600
f 576/576/576 601/601/601 577/577/577
f 577/577/577 601/601/601 602/602/602
f 577/577/577 602/602/602 578/578/578
f 578/578/578 602/602/602 603/603/603
f 578/578/578 603/603/603 579/579/579
f 579/579/579 603/603/603 604/604/604
f 579/579/579 604/604/604 580/580/580
f 580/580/580 604/604/604 605/605/605
f 580/580/580 605/605/605 581/581/581
f 581/581/581 605/605/605 606/606/606
f 581/581/581 606/606/606 582/582/582
f 582/582/582 606/606/606 607/607/607
f 582/582/582 607/607/607 583/583/583
f 583/583/583 607/607/607 608/608/608
f 583/583/583 608/608/608 584/584/584
f 584/584/584 608/608/608 609/609/609
f 584/584/584 609/609/609 585/585/585
f 585/585/585 609/609/609 610/610/610
f 585/585/585 610/610/610 586/586/586
f 586/586/586 610/610/610 611/611/611
f 586/586/586 611/611/611 587/587/587
f 587/587/587 611/611/611 612/612/612
f 587/587/587 612/612/612 588/588/588
f 588/588/588 612/612/612 613/613/613
f 588/588/588 613/613/613 589/589/589
f 589/589/589 613/613/613 614/614/614
f 589/589/589 614/614/614 590/590/590
f 590/590/590 614/614/614 615/615/615
f 590/590/590 615/615/615 591/591/591
f 591/591/591 615/615/615 616/616/616
f 591/591/591 616/616/616 592/592/592
f 592/592/592 616/616/616 617/617/617
f 592/592/592 617/617/617 593/593/593
f 593/593/593 617/617/617 618/618/618
f 593/593/593 618/618/618 594/594/594
f 594/594/594 618/618/618 619/619/619
f 594/594/594 619/619/619 595/595/595
f 595/595/595 619/619/619 620/620/620
f 595/595/595 620/620/620 596/596/596
f 596/596/596 620/620/620 621/621/621
f 596/596/596 621/621/621 597/597/597
f 597/597/597 621/621/621 622/622/622
f 597/597/597 622/622/622 598/598/598
f 598/598/598 622/622/622 623/623/623
f 598/598/598 623/623/623 599/599/599
f 599/599/599 623/623/623 624/624/624
f 599/599/599 624/624/624 600/600/600
f 600/600/600 624/624/624 625/625/625
f 601/601/601 626/626/626 602/602/602
f 602/602/602 626/626/626 627/627/627
f 602/602/602 627/627/627 603/603/603
f 603/603/603 627/627/627 628/628/628
f 603/603/603 628/628/628 604/604/604
f 604/604/604 628/628/628 629/629/629
f 604/604/604 629/629/629 605/605/605
f 605/605/605 629/629/629 630/630/630
f 605/605/605 630/630/630 606/606/606
f 606/606/606 630/630/630 631/631/631
f 606/606/606 631/631/631 607/607/607
f 607/607/607 631/631/631 632/632/632
f 607/607/607 632/632/632 608/608/608
f 608/608/608 632/632/632 633/633/633
f 608/608/608 633/633/633 609/609/609
f 609/609/609 633/633/633 634/634/634
f 609/609/609 634/634/634 610/610/610
f 610/610/610 634/634/634 635/635/635
f 610/610/610 635/635/635 611/611/611
f 611/611/611 635/635/635 636/636/636
f 611/611/611 636/636/636 612/612/612
f 612/612/612 636/636/636 637/637/637
f 612/612/612 637/637/637 613/613/613
f 613/613/613 637/637/637 638/638/638
f 613/613/613 638/638/638 614/614/614
f 614/614/614 638/638/638 639/639/639
f 614/614/614 639/639/639 615/615/615
f 615/615/615 639/639/639 640/640/640
f 615/615/615 640/640/640 616/616/616
f 616/616/616 640/640/640 641/641/641
f 616/616/616 641/641/641 617/617/617
f 617/617/617 641/641/641 642/642/642
f 617/617/617 642/642/642 618/618/618
f 618/618/618 642/642/642 643/643/643
f 618/618/618 643/643/643 619/619/619
f 619/619/619 643/643/643 644/644/644
f 619/619/619 644/644/644 620/620/620
f 620/620/620 644/644/644 645/645/645
f 620/620/620 645/645/645 621/621/621
f 621/621/621 645/645/645 646/646/646
f 621/621/621 646/646/646 622/622/622
f 622/622/622 646/646/646 647/647/647
f 622/622/622 647/647/647 623/623/623
f 623/623/623 647/647/647 648/648/648
f 623/623/623 648/648/648 624/624/624
f 624/624/624 648/648/648 649/649/649
f 624/624/624 649/649/649 625/625/625
f 625/625/625 649/649/649 650/650/650
f 626/626/626 651/651/651 627/627/627
f 627/627/627 651/651/651 652/652/652
f 627/627/627 652/652/652 628/628/628
f 628/628/628 652/652/652 653/653/653
f 628/628/628 653/653/653 629/629/629
f 629/629/629 653/653/653 654/654/654
f 629/629/629 654/654/654 630/630/630
f 630/630/630 654/654/654 655/655/655
f 630/630/630 655/655/655 631/631/631
f 631/631/631 655/655/655 656/656/656
f 631/631/631 656/656/656 632/632/632
f 632/632/632 656/656/656 657/657/657
f 632/632/632 657/657/657 633/633/633
f 633/633/633 657/657/657 658/658/658
f 633/633/633 658/658/658 634/634/634
f 634/634/634 658/658/658 659/659/659
f 634/634/634 659/659/659 635/635/635
f 635/635/635 659/659/659 660/660/660
f 635/635/635 660/660/660 636/636/636
f 636/636/636 660/660/660 661/661/661
f 636/636/636 661/661/661 637/637/637
f 637/637/637 661/661/661 662/662/662
f 637/637/637 662/662/662 638/638/638
f 638/638/638 662/662/662 663/663/663
f 638/638/638 663/663/663 639/639/639
f 639/639/639 663/663/663 664/664/664
f 639/639/639 664/664/664 640/640/640
f 640/640/640 664/664/664 665/665/665
f 640/640/640 665/665/665 641/641/641
f 641/641/641 665/665/665 666/666/666
f 641/641/641 666/666/666 642/642/642
f 642/642/642 666/666/666 667/667/667
f 642/642/642 667/667/667 643/643/643
f 643/643/643 667/667/667 668/668/668
f 643/643/643 668/668/668 644/644/644
f 644/644/644 668/668/668 669/669/669
f 644/644/644 669/669/669 645/645/645
f 645/645/645 669/669/669 670/670/670
f 645/645/645 670/670/670 646/646/646
f 646/646/646 670/670/670 671/671/671
f 646/646/646 671/671/671 647/647/647
f 647/647/647 671/671/671 672/672/672
f 647/647/647 672/672/672 648/648/648
f 648/648/648 672/672/672 673/673/673
f 648/648/648 673/673/673 649/649/649
f 649/649/649 673/673/673 674/674/674
f 649/649/649 674/674/674 650/650/650
f 650/650/650 674/674/674 675/675/675
f 651/651/651 676/676/676 652/652/652
f 652/652/652 676/676/676 677/677/677
f 652/652/652 677/677/677 653/653/653
f 653/653/653 677/677/677 678/678/678
f 653/653/653 678/678/678 654/654/654
f 654/654/654 678/678/678 679/679/679
f 654/654/654 679/679/679 655/655/655
f 655/655/655 679/679/679 680/680/680
f 655/655/655 680/680/680 656/656/656
f 656/656/656 680/680/680 681/681/681
f 656/656/656 681/681/681 657/657/657
f 657/657/657 681/681/681 682/682/682
f 657/657/657 682/682/682 658/658/658
f 658/658/658 682/682/682 683/683/683
f 658/658/658 683/683/683 659/659/659
f 659/659/659 683/683/683 684/684/684
f 659/659/659 684/684/684 660/660/660
f 660/660/660 684/684/684 685/685/685
f 660/660/660 685/685/685 661/661/661
f 661/661/661 685/685/685 686/686/686
f 661/661/661 686/686/686 662/662/662
f 662/662/662 686/686/686 687/687/687
f 662/662/662 687/687/687 663/663/663
f 663/663/663 687/687/687 688/688/688
f 663/663/663 688/688/688 664/664/664
f 664/664/664 688/688/688 689/689/689
f 664/664/664 689/689/689 665/665/665
f 665/665/665 689/689/689 690/690/690
f 665/665/665 690/690/690 666/666/666
f 666/666/666 690/690/690 691/691/691
f 666/666/666 691/691/691 667/667/667
f 667/667/667 691/691/691 692/692/692
f 667/667/667 692/692/692 668/668/668
f 668/668/668 692/692/692 693/693/693
f 668/668/668 693/693/693 669/669/669
f 669/669/669 693/693/693 694/694/694
f 669/669/669 694/694/694 670/670/670
f 670/670/670 694/694/694 695/695/695
f 670/670/670 695/695/695 671/671/671
f 671/671/671 695/695/695 696/696/696
f 671/671/671 696/696/696 672/672/672
f 672/672/672 696/696/696 697/697/697
f 672/672/672 697/697/697 673/673/673
f 673/673/673 697/697/697 698/698/698
f 673/673/673 698/698/698 674/674/674
f 674/674/674 698/698/698 699/699/699
f 674/674/674 699/699/699 675/675/675
f 675/675/675 699/699/699 700/700/700
