# THE OBSERVER - generated by tools/gen_observer.py
o UpperTorso
v -0.00100 -1.44600 0.00000
v -0.00099 -1.44600 0.00011
v -0.00097 -1.44600 0.00022
v -0.00094 -1.44600 0.00033
v -0.00090 -1.44600 0.00043
v -0.00085 -1.44600 0.00053
v -0.00078 -1.44600 0.00062
v -0.00071 -1.44600 0.00071
v -0.00062 -1.44600 0.00078
v -0.00053 -1.44600 0.00085
v -0.00043 -1.44600 0.00088
v -0.00031 -1.44600 0.00089
v -0.00022 -1.44600 0.00095
v -0.00012 -1.44600 0.00103
v -0.00000 -1.44600 0.00108
v 0.00012 -1.44600 0.00103
v 0.00022 -1.44600 0.00095
v 0.00031 -1.44600 0.00089
v 0.00043 -1.44600 0.00088
v 0.00053 -1.44600 0.00085
v 0.00062 -1.44600 0.00078
v 0.00071 -1.44600 0.00071
v 0.00078 -1.44600 0.00062
v 0.00085 -1.44600 0.00053
v 0.00090 -1.44600 0.00043
v 0.00094 -1.44600 0.00033
v 0.00097 -1.44600 0.00022
v 0.00099 -1.44600 0.00011
v 0.00100 -1.44600 0.00000
v 0.00099 -1.44600 -0.00011
v 0.00097 -1.44600 -0.00022
v 0.00094 -1.44600 -0.00033
v 0.00090 -1.44600 -0.00043
v 0.00084 -1.44600 -0.00053
v 0.00078 -1.44600 -0.00062
v 0.00070 -1.44600 -0.00070
v 0.00062 -1.44600 -0.00078
v 0.00053 -1.44600 -0.00084
v 0.00043 -1.44600 -0.00089
v 0.00033 -1.44600 -0.00093
v 0.00022 -1.44600 -0.00096
v 0.00011 -1.44600 -0.00098
v 0.00000 -1.44600 -0.00099
v -0.00011 -1.44600 -0.00098
v -0.00022 -1.44600 -0.00096
v -0.00033 -1.44600 -0.00093
v -0.00043 -1.44600 -0.00089
v -0.00053 -1.44600 -0.00084
v -0.00062 -1.44600 -0.00078
v -0.00070 -1.44600 -0.00070
v -0.00078 -1.44600 -0.00062
v -0.00084 -1.44600 -0.00053
v -0.00090 -1.44600 -0.00043
v -0.00094 -1.44600 -0.00033
v -0.00097 -1.44600 -0.00022
v -0.00099 -1.44600 -0.00011
v -0.00100 -1.44600 -0.00000
v -0.11468 -1.43108 0.00000
v -0.11400 -1.43108 0.00813
v -0.11187 -1.43108 0.01617
v -0.10833 -1.43108 0.02401
v -0.10341 -1.43108 0.03154
v -0.09720 -1.43108 0.03868
v -0.08975 -1.43108 0.04533
v -0.08118 -1.43108 0.05141
v -0.07158 -1.43108 0.05684
v -0.06101 -1.43108 0.06150
v -0.04887 -1.43108 0.06427
v -0.03569 -1.43108 0.06460
v -0.02484 -1.43108 0.06892
v -0.01330 -1.43108 0.07478
v -0.00000 -1.43108 0.07852
v 0.01330 -1.43108 0.07478
v 0.02484 -1.43108 0.06892
v 0.03569 -1.43108 0.06460
v 0.04887 -1.43108 0.06427
v 0.06101 -1.43108 0.06150
v 0.07158 -1.43108 0.05684
v 0.08118 -1.43108 0.05141
v 0.08975 -1.43108 0.04533
v 0.09720 -1.43108 0.03868
v 0.10341 -1.43108 0.03154
v 0.10833 -1.43108 0.02401
v 0.11187 -1.43108 0.01617
v 0.11400 -1.43108 0.00813
v 0.11468 -1.43108 0.00000
v 0.11391 -1.43108 -0.00813
v 0.11170 -1.43108 -0.01615
v 0.10807 -1.43108 -0.02395
v 0.10307 -1.43108 -0.03144
v 0.09677 -1.43108 -0.03851
v 0.08926 -1.43108 -0.04508
v 0.08063 -1.43108 -0.05107
v 0.07101 -1.43108 -0.05640
v 0.06053 -1.43108 -0.06101
v 0.04931 -1.43108 -0.06484
v 0.03750 -1.43108 -0.06787
v 0.02524 -1.43108 -0.07005
v 0.01270 -1.43108 -0.07137
v 0.00000 -1.43108 -0.07181
v -0.01270 -1.43108 -0.07137
v -0.02524 -1.43108 -0.07005
v -0.03750 -1.43108 -0.06787
v -0.04931 -1.43108 -0.06484
v -0.06053 -1.43108 -0.06101
v -0.07101 -1.43108 -0.05640
v -0.08063 -1.43108 -0.05107
v -0.08926 -1.43108 -0.04508
v -0.09677 -1.43108 -0.03851
v -0.10307 -1.43108 -0.03144
v -0.10807 -1.43108 -0.02395
v -0.11170 -1.43108 -0.01615
v -0.11391 -1.43108 -0.00813
v -0.11468 -1.43108 -0.00000
v -0.21191 -1.38859 0.00000
v -0.21064 -1.38859 0.01503
v -0.20671 -1.38859 0.02988
v -0.20016 -1.38859 0.04436
v -0.19108 -1.38859 0.05828
v -0.17959 -1.38859 0.07147
v -0.16584 -1.38859 0.08376
v -0.14999 -1.38859 0.09500
v -0.13226 -1.38859 0.10504
v -0.11274 -1.38859 0.11363
v -0.09029 -1.38859 0.11875
v -0.06595 -1.38859 0.11936
v -0.04589 -1.38859 0.12735
v -0.02458 -1.38859 0.13818
v -0.00000 -1.38859 0.14509
v 0.02458 -1.38859 0.13818
v 0.04589 -1.38859 0.12735
v 0.06595 -1.38859 0.11936
v 0.09029 -1.38859 0.11875
v 0.11274 -1.38859 0.11363
v 0.13226 -1.38859 0.10504
v 0.14999 -1.38859 0.09500
v 0.16584 -1.38859 0.08376
v 0.17959 -1.38859 0.07147
v 0.19108 -1.38859 0.05828
v 0.20016 -1.38859 0.04436
v 0.20671 -1.38859 0.02988
v 0.21064 -1.38859 0.01503
v 0.21191 -1.38859 0.00000
v 0.21049 -1.38859 -0.01502
v 0.20639 -1.38859 -0.02984
v 0.19969 -1.38859 -0.04425
v 0.19045 -1.38859 -0.05809
v 0.17881 -1.38859 -0.07116
v 0.16493 -1.38859 -0.08330
v 0.14899 -1.38859 -0.09436
v 0.13122 -1.38859 -0.10421
v 0.11184 -1.38859 -0.11272
v 0.09110 -1.38859 -0.11981
v 0.06928 -1.38859 -0.12540
v 0.04665 -1.38859 -0.12943
v 0.02346 -1.38859 -0.13187
v 0.00000 -1.38859 -0.13268
v -0.02346 -1.38859 -0.13187
v -0.04665 -1.38859 -0.12943
v -0.06928 -1.38859 -0.12540
v -0.09110 -1.38859 -0.11981
v -0.11184 -1.38859 -0.11272
v -0.13122 -1.38859 -0.10421
v -0.14899 -1.38859 -0.09436
v -0.16493 -1.38859 -0.08330
v -0.17881 -1.38859 -0.07116
v -0.19045 -1.38859 -0.05809
v -0.19969 -1.38859 -0.04425
v -0.20639 -1.38859 -0.02984
v -0.21049 -1.38859 -0.01502
v -0.21191 -1.38859 -0.00000
v -0.27687 -1.32501 0.00000
v -0.27522 -1.32501 0.01964
v -0.27008 -1.32501 0.03904
v -0.26152 -1.32501 0.05796
v -0.24966 -1.32501 0.07615
v -0.23465 -1.32501 0.09338
v -0.21668 -1.32501 0.10944
v -0.19597 -1.32501 0.12412
v -0.17280 -1.32501 0.13724
v -0.14730 -1.32501 0.14847
v -0.11798 -1.32501 0.15515
v -0.08616 -1.32501 0.15595
v -0.05996 -1.32501 0.16639
v -0.03212 -1.32501 0.18054
v -0.00000 -1.32501 0.18957
v 0.03212 -1.32501 0.18054
v 0.05996 -1.32501 0.16639
v 0.08616 -1.32501 0.15595
v 0.11798 -1.32501 0.15515
v 0.14730 -1.32501 0.14847
v 0.17280 -1.32501 0.13724
v 0.19597 -1.32501 0.12412
v 0.21668 -1.32501 0.10944
v 0.23465 -1.32501 0.09338
v 0.24966 -1.32501 0.07615
v 0.26152 -1.32501 0.05796
v 0.27008 -1.32501 0.03904
v 0.27522 -1.32501 0.01964
v 0.27687 -1.32501 0.00000
v 0.27501 -1.32501 -0.01962
v 0.26967 -1.32501 -0.03898
v 0.26090 -1.32501 -0.05782
v 0.24883 -1.32501 -0.07589
v 0.23363 -1.32501 -0.09297
v 0.21549 -1.32501 -0.10884
v 0.19467 -1.32501 -0.12329
v 0.17144 -1.32501 -0.13616
v 0.14612 -1.32501 -0.14728
v 0.11903 -1.32501 -0.15655
v 0.09053 -1.32501 -0.16385
v 0.06095 -1.32501 -0.16911
v 0.03065 -1.32501 -0.17229
v 0.00000 -1.32501 -0.17335
v -0.03065 -1.32501 -0.17229
v -0.06095 -1.32501 -0.16911
v -0.09053 -1.32501 -0.16385
v -0.11903 -1.32501 -0.15655
v -0.14612 -1.32501 -0.14728
v -0.17144 -1.32501 -0.13616
v -0.19467 -1.32501 -0.12329
v -0.21549 -1.32501 -0.10884
v -0.23363 -1.32501 -0.09297
v -0.24883 -1.32501 -0.07589
v -0.26090 -1.32501 -0.05782
v -0.26967 -1.32501 -0.03898
v -0.27501 -1.32501 -0.01962
v -0.27687 -1.32501 -0.00000
v -0.29968 -1.25000 0.00000
v -0.29790 -1.25000 0.02126
v -0.29233 -1.25000 0.04226
v -0.28307 -1.25000 0.06273
v -0.27023 -1.25000 0.08242
v -0.25398 -1.25000 0.10107
v -0.23453 -1.25000 0.11845
v -0.21212 -1.25000 0.13434
v -0.18704 -1.25000 0.14854
v -0.15944 -1.25000 0.16070
v -0.12770 -1.25000 0.16794
v -0.09326 -1.25000 0.16880
v -0.06490 -1.25000 0.18010
v -0.03476 -1.25000 0.19541
v -0.00000 -1.25000 0.20519
v 0.03476 -1.25000 0.19541
v 0.06490 -1.25000 0.18010
v 0.09326 -1.25000 0.16880
v 0.12770 -1.25000 0.16794
v 0.15944 -1.25000 0.16070
v 0.18704 -1.25000 0.14854
v 0.21212 -1.25000 0.13434
v 0.23453 -1.25000 0.11845
v 0.25398 -1.25000 0.10107
v 0.27023 -1.25000 0.08242
v 0.28307 -1.25000 0.06273
v 0.29233 -1.25000 0.04226
v 0.29790 -1.25000 0.02126
v 0.29968 -1.25000 0.00000
v 0.29767 -1.25000 -0.02124
v 0.29188 -1.25000 -0.04219
v 0.28240 -1.25000 -0.06258
v 0.26934 -1.25000 -0.08215
v 0.25288 -1.25000 -0.10063
v 0.23325 -1.25000 -0.11780
v 0.21071 -1.25000 -0.13345
v 0.18557 -1.25000 -0.14737
v 0.15816 -1.25000 -0.15942
v 0.12884 -1.25000 -0.16944
v 0.09798 -1.25000 -0.17735
v 0.06597 -1.25000 -0.18305
v 0.03318 -1.25000 -0.18649
v 0.00000 -1.25000 -0.18764
v -0.03318 -1.25000 -0.18649
v -0.06597 -1.25000 -0.18305
v -0.09798 -1.25000 -0.17735
v -0.12884 -1.25000 -0.16944
v -0.15816 -1.25000 -0.15942
v -0.18557 -1.25000 -0.14737
v -0.21071 -1.25000 -0.13345
v -0.23325 -1.25000 -0.11780
v -0.25288 -1.25000 -0.10063
v -0.26934 -1.25000 -0.08215
v -0.28240 -1.25000 -0.06258
v -0.29188 -1.25000 -0.04219
v -0.29767 -1.25000 -0.02124
v -0.29968 -1.25000 -0.00000
v -0.30004 -1.21835 0.00000
v -0.29829 -1.21835 0.02126
v -0.29275 -1.21835 0.04228
v -0.28349 -1.21835 0.06276
v -0.27065 -1.21835 0.08247
v -0.25438 -1.21835 0.10113
v -0.23490 -1.21835 0.11853
v -0.21246 -1.21835 0.13443
v -0.18734 -1.21835 0.14864
v -0.15969 -1.21835 0.16081
v -0.12790 -1.21835 0.16804
v -0.09342 -1.21835 0.16892
v -0.06523 -1.21835 0.18083
v -0.03586 -1.21835 0.20139
v -0.00000 -1.21835 0.21773
v 0.03586 -1.21835 0.20139
v 0.06523 -1.21835 0.18083
v 0.09342 -1.21835 0.16892
v 0.12790 -1.21835 0.16804
v 0.15969 -1.21835 0.16081
v 0.18734 -1.21835 0.14864
v 0.21246 -1.21835 0.13443
v 0.23490 -1.21835 0.11853
v 0.25438 -1.21835 0.10113
v 0.27065 -1.21835 0.08247
v 0.28349 -1.21835 0.06276
v 0.29275 -1.21835 0.04228
v 0.29829 -1.21835 0.02126
v 0.30004 -1.21835 0.00000
v 0.29797 -1.21835 -0.02124
v 0.29212 -1.21835 -0.04219
v 0.28254 -1.21835 -0.06255
v 0.26938 -1.21835 -0.08208
v 0.25282 -1.21835 -0.10051
v 0.23309 -1.21835 -0.11761
v 0.21047 -1.21835 -0.13317
v 0.18527 -1.21835 -0.14699
v 0.15783 -1.21835 -0.15893
v 0.12851 -1.21835 -0.16885
v 0.09770 -1.21835 -0.17665
v 0.06575 -1.21835 -0.18227
v 0.03306 -1.21835 -0.18567
v 0.00000 -1.21835 -0.18680
v -0.03306 -1.21835 -0.18567
v -0.06575 -1.21835 -0.18227
v -0.09770 -1.21835 -0.17665
v -0.12851 -1.21835 -0.16885
v -0.15783 -1.21835 -0.15893
v -0.18527 -1.21835 -0.14699
v -0.21047 -1.21835 -0.13317
v -0.23309 -1.21835 -0.11761
v -0.25282 -1.21835 -0.10051
v -0.26938 -1.21835 -0.08208
v -0.28254 -1.21835 -0.06255
v -0.29212 -1.21835 -0.04219
v -0.29797 -1.21835 -0.02124
v -0.30004 -1.21835 -0.00000
v -0.30131 -1.18671 0.00000
v -0.29960 -1.18671 0.02130
v -0.29407 -1.18671 0.04235
v -0.28480 -1.18671 0.06287
v -0.27191 -1.18671 0.08261
v -0.25558 -1.18671 0.10132
v -0.23601 -1.18671 0.11874
v -0.21347 -1.18671 0.13468
v -0.18823 -1.18671 0.14891
v -0.16046 -1.18671 0.16111
v -0.12851 -1.18671 0.16836
v -0.09387 -1.18671 0.16924
v -0.06558 -1.18671 0.18126
v -0.03620 -1.18671 0.20269
v -0.00000 -1.18671 0.22009
v 0.03620 -1.18671 0.20269
v 0.06558 -1.18671 0.18126
v 0.09387 -1.18671 0.16924
v 0.12851 -1.18671 0.16836
v 0.16046 -1.18671 0.16111
v 0.18823 -1.18671 0.14891
v 0.21347 -1.18671 0.13468
v 0.23601 -1.18671 0.11874
v 0.25558 -1.18671 0.10132
v 0.27191 -1.18671 0.08261
v 0.28480 -1.18671 0.06287
v 0.29407 -1.18671 0.04235
v 0.29960 -1.18671 0.02130
v 0.30131 -1.18671 0.00000
v 0.29916 -1.18671 -0.02127
v 0.29320 -1.18671 -0.04222
v 0.28349 -1.18671 -0.06258
v 0.27017 -1.18671 -0.08208
v 0.25343 -1.18671 -0.10046
v 0.23352 -1.18671 -0.11749
v 0.21072 -1.18671 -0.13294
v 0.18537 -1.18671 -0.14665
v 0.15781 -1.18671 -0.15846
v 0.12843 -1.18671 -0.16825
v 0.09758 -1.18671 -0.17593
v 0.06565 -1.18671 -0.18146
v 0.03300 -1.18671 -0.18479
v 0.00000 -1.18671 -0.18590
v -0.03300 -1.18671 -0.18479
v -0.06565 -1.18671 -0.18146
v -0.09758 -1.18671 -0.17593
v -0.12843 -1.18671 -0.16825
v -0.15781 -1.18671 -0.15846
v -0.18537 -1.18671 -0.14665
v -0.21072 -1.18671 -0.13294
v -0.23352 -1.18671 -0.11749
v -0.25343 -1.18671 -0.10046
v -0.27017 -1.18671 -0.08208
v -0.28349 -1.18671 -0.06258
v -0.29320 -1.18671 -0.04222
v -0.29916 -1.18671 -0.02127
v -0.30131 -1.18671 -0.00000
v -0.30340 -1.15506 0.00000
v -0.30175 -1.15506 0.02135
v -0.29622 -1.15506 0.04246
v -0.28692 -1.15506 0.06305
v -0.27396 -1.15506 0.08285
v -0.25751 -1.15506 0.10161
v -0.23781 -1.15506 0.11910
v -0.21510 -1.15506 0.13508
v -0.18967 -1.15506 0.14936
v -0.16168 -1.15506 0.16160
v -0.12950 -1.15506 0.16887
v -0.09458 -1.15506 0.16974
v -0.06590 -1.15506 0.18131
v -0.03561 -1.15506 0.19848
v -0.00000 -1.15506 0.21053
v 0.03561 -1.15506 0.19848
v 0.06590 -1.15506 0.18131
v 0.09458 -1.15506 0.16974
v 0.12950 -1.15506 0.16887
v 0.16168 -1.15506 0.16160
v 0.18967 -1.15506 0.14936
v 0.21510 -1.15506 0.13508
v 0.23781 -1.15506 0.11910
v 0.25751 -1.15506 0.10161
v 0.27396 -1.15506 0.08285
v 0.28692 -1.15506 0.06305
v 0.29622 -1.15506 0.04246
v 0.30175 -1.15506 0.02135
v 0.30340 -1.15506 0.00000
v 0.30116 -1.15506 -0.02131
v 0.29504 -1.15506 -0.04229
v 0.28514 -1.15506 -0.06266
v 0.27159 -1.15506 -0.08214
v 0.25460 -1.15506 -0.10046
v 0.23443 -1.15506 -0.11740
v 0.21138 -1.15506 -0.13274
v 0.18579 -1.15506 -0.14631
v 0.15805 -1.15506 -0.15796
v 0.12852 -1.15506 -0.16759
v 0.09758 -1.15506 -0.17514
v 0.06562 -1.15506 -0.18055
v 0.03298 -1.15506 -0.18380
v 0.00000 -1.15506 -0.18489
v -0.03298 -1.15506 -0.18380
v -0.06562 -1.15506 -0.18055
v -0.09758 -1.15506 -0.17514
v -0.12852 -1.15506 -0.16759
v -0.15805 -1.15506 -0.15796
v -0.18579 -1.15506 -0.14631
v -0.21138 -1.15506 -0.13274
v -0.23443 -1.15506 -0.11740
v -0.25460 -1.15506 -0.10046
v -0.27159 -1.15506 -0.08214
v -0.28514 -1.15506 -0.06266
v -0.29504 -1.15506 -0.04229
v -0.30116 -1.15506 -0.02131
v -0.30340 -1.15506 -0.00000
v -0.30621 -1.12342 0.00000
v -0.30462 -1.12342 0.02142
v -0.29910 -1.12342 0.04261
v -0.28974 -1.12342 0.06329
v -0.27668 -1.12342 0.08317
v -0.26009 -1.12342 0.10201
v -0.24020 -1.12342 0.11957
v -0.21727 -1.12342 0.13562
v -0.19159 -1.12342 0.14996
v -0.16332 -1.12342 0.16224
v -0.13081 -1.12342 0.16955
v -0.09553 -1.12342 0.17042
v -0.06649 -1.12342 0.18183
v -0.03561 -1.12342 0.19729
v -0.00000 -1.12342 0.20717
v 0.03561 -1.12342 0.19729
v 0.06649 -1.12342 0.18183
v 0.09553 -1.12342 0.17042
v 0.13081 -1.12342 0.16955
v 0.16332 -1.12342 0.16224
v 0.19159 -1.12342 0.14996
v 0.21727 -1.12342 0.13562
v 0.24020 -1.12342 0.11957
v 0.26009 -1.12342 0.10201
v 0.27668 -1.12342 0.08317
v 0.28974 -1.12342 0.06329
v 0.29910 -1.12342 0.04261
v 0.30462 -1.12342 0.02142
v 0.30621 -1.12342 0.00000
v 0.30384 -1.12342 -0.02137
v 0.29753 -1.12342 -0.04239
v 0.28738 -1.12342 -0.06277
v 0.27354 -1.12342 -0.08223
v 0.25622 -1.12342 -0.10050
v 0.23571 -1.12342 -0.11733
v 0.21232 -1.12342 -0.13253
v 0.18643 -1.12342 -0.14593
v 0.15843 -1.12342 -0.15739
v 0.12871 -1.12342 -0.16683
v 0.09765 -1.12342 -0.17420
v 0.06562 -1.12342 -0.17947
v 0.03296 -1.12342 -0.18263
v 0.00000 -1.12342 -0.18368
v -0.03296 -1.12342 -0.18263
v -0.06562 -1.12342 -0.17947
v -0.09765 -1.12342 -0.17420
v -0.12871 -1.12342 -0.16683
v -0.15843 -1.12342 -0.15739
v -0.18643 -1.12342 -0.14593
v -0.21232 -1.12342 -0.13253
v -0.23571 -1.12342 -0.11733
v -0.25622 -1.12342 -0.10050
v -0.27354 -1.12342 -0.08223
v -0.28738 -1.12342 -0.06277
v -0.29753 -1.12342 -0.04239
v -0.30384 -1.12342 -0.02137
v -0.30621 -1.12342 -0.00000
v -0.30957 -1.09177 0.00000
v -0.30806 -1.09177 0.02151
v -0.30255 -1.09177 0.04280
v -0.29314 -1.09177 0.06357
v -0.27995 -1.09177 0.08355
v -0.26319 -1.09177 0.10249
v -0.24307 -1.09177 0.12014
v -0.21987 -1.09177 0.13627
v -0.19389 -1.09177 0.15068
v -0.16528 -1.09177 0.16302
v -0.13238 -1.09177 0.17036
v -0.09668 -1.09177 0.17124
v -0.06729 -1.09177 0.18270
v -0.03604 -1.09177 0.19824
v -0.00000 -1.09177 0.20816
v 0.03604 -1.09177 0.19824
v 0.06729 -1.09177 0.18270
v 0.09668 -1.09177 0.17124
v 0.13238 -1.09177 0.17036
v 0.16528 -1.09177 0.16302
v 0.19389 -1.09177 0.15068
v 0.21987 -1.09177 0.13627
v 0.24307 -1.09177 0.12014
v 0.26319 -1.09177 0.10249
v 0.27995 -1.09177 0.08355
v 0.29314 -1.09177 0.06357
v 0.30255 -1.09177 0.04280
v 0.30806 -1.09177 0.02151
v 0.30957 -1.09177 0.00000
v 0.30704 -1.09177 -0.02144
v 0.30051 -1.09177 -0.04251
v 0.29006 -1.09177 -0.06290
v 0.27586 -1.09177 -0.08234
v 0.25815 -1.09177 -0.10053
v 0.23722 -1.09177 -0.11725
v 0.21344 -1.09177 -0.13228
v 0.18718 -1.09177 -0.14547
v 0.15887 -1.09177 -0.15670
v 0.12892 -1.09177 -0.16591
v 0.09771 -1.09177 -0.17306
v 0.06561 -1.09177 -0.17816
v 0.03294 -1.09177 -0.18121
v 0.00000 -1.09177 -0.18222
v -0.03294 -1.09177 -0.18121
v -0.06561 -1.09177 -0.17816
v -0.09771 -1.09177 -0.17306
v -0.12892 -1.09177 -0.16591
v -0.15887 -1.09177 -0.15670
v -0.18718 -1.09177 -0.14547
v -0.21344 -1.09177 -0.13228
v -0.23722 -1.09177 -0.11725
v -0.25815 -1.09177 -0.10053
v -0.27586 -1.09177 -0.08234
v -0.29006 -1.09177 -0.06290
v -0.30051 -1.09177 -0.04251
v -0.30704 -1.09177 -0.02144
v -0.30957 -1.09177 -0.00000
v -0.31331 -1.06013 0.00000
v -0.31190 -1.06013 0.02161
v -0.30640 -1.06013 0.04300
v -0.29692 -1.06013 0.06389
v -0.28361 -1.06013 0.08398
v -0.26665 -1.06013 0.10303
v -0.24628 -1.06013 0.12077
v -0.22278 -1.06013 0.13699
v -0.19646 -1.06013 0.15148
v -0.16747 -1.06013 0.16389
v -0.13414 -1.06013 0.17128
v -0.09797 -1.06013 0.17216
v -0.06818 -1.06013 0.18368
v -0.03652 -1.06013 0.19930
v -0.00000 -1.06013 0.20928
v 0.03652 -1.06013 0.19930
v 0.06818 -1.06013 0.18368
v 0.09797 -1.06013 0.17216
v 0.13414 -1.06013 0.17128
v 0.16747 -1.06013 0.16389
v 0.19646 -1.06013 0.15148
v 0.22278 -1.06013 0.13699
v 0.24628 -1.06013 0.12077
v 0.26665 -1.06013 0.10303
v 0.28361 -1.06013 0.08398
v 0.29692 -1.06013 0.06389
v 0.30640 -1.06013 0.04300
v 0.31190 -1.06013 0.02161
v 0.31331 -1.06013 0.00000
v 0.31060 -1.06013 -0.02152
v 0.30380 -1.06013 -0.04264
v 0.29300 -1.06013 -0.06304
v 0.27840 -1.06013 -0.08244
v 0.26023 -1.06013 -0.10055
v 0.23883 -1.06013 -0.11712
v 0.21458 -1.06013 -0.13195
v 0.18791 -1.06013 -0.14489
v 0.15926 -1.06013 -0.15586
v 0.12906 -1.06013 -0.16479
v 0.09770 -1.06013 -0.17169
v 0.06555 -1.06013 -0.17659
v 0.03289 -1.06013 -0.17950
v 0.00000 -1.06013 -0.18047
v -0.03289 -1.06013 -0.17950
v -0.06555 -1.06013 -0.17659
v -0.09770 -1.06013 -0.17169
v -0.12906 -1.06013 -0.16479
v -0.15926 -1.06013 -0.15586
v -0.18791 -1.06013 -0.14489
v -0.21458 -1.06013 -0.13195
v -0.23883 -1.06013 -0.11712
v -0.26023 -1.06013 -0.10055
v -0.27840 -1.06013 -0.08244
v -0.29300 -1.06013 -0.06304
v -0.30380 -1.06013 -0.04264
v -0.31060 -1.06013 -0.02152
v -0.31331 -1.06013 -0.00000
v -0.31722 -1.02848 0.00000
v -0.31593 -1.02848 0.02171
v -0.31045 -1.02848 0.04322
v -0.30091 -1.02848 0.06422
v -0.28746 -1.02848 0.08443
v -0.27030 -1.02848 0.10359
v -0.24967 -1.02848 0.12144
v -0.22586 -1.02848 0.13775
v -0.19917 -1.02848 0.15233
v -0.16979 -1.02848 0.16482
v -0.13600 -1.02848 0.17224
v -0.09933 -1.02848 0.17313
v -0.06924 -1.02848 0.18502
v -0.03755 -1.02848 0.20328
v -0.00000 -1.02848 0.21650
v 0.03755 -1.02848 0.20328
v 0.06924 -1.02848 0.18502
v 0.09933 -1.02848 0.17313
v 0.13600 -1.02848 0.17224
v 0.16979 -1.02848 0.16482
v 0.19917 -1.02848 0.15233
v 0.22586 -1.02848 0.13775
v 0.24967 -1.02848 0.12144
v 0.27030 -1.02848 0.10359
v 0.28746 -1.02848 0.08443
v 0.30091 -1.02848 0.06422
v 0.31045 -1.02848 0.04322
v 0.31593 -1.02848 0.02171
v 0.31722 -1.02848 0.00000
v 0.31431 -1.02848 -0.02160
v 0.30721 -1.02848 -0.04277
v 0.29603 -1.02848 -0.06318
v 0.28097 -1.02848 -0.08253
v 0.26230 -1.02848 -0.10052
v 0.24038 -1.02848 -0.11692
v 0.21563 -1.02848 -0.13152
v 0.18852 -1.02848 -0.14418
v 0.15951 -1.02848 -0.15483
v 0.12906 -1.02848 -0.16345
v 0.09757 -1.02848 -0.17007
v 0.06539 -1.02848 -0.17473
v 0.03279 -1.02848 -0.17750
v 0.00000 -1.02848 -0.17841
v -0.03279 -1.02848 -0.17750
v -0.06539 -1.02848 -0.17473
v -0.09757 -1.02848 -0.17007
v -0.12906 -1.02848 -0.16345
v -0.15951 -1.02848 -0.15483
v -0.18852 -1.02848 -0.14418
v -0.21563 -1.02848 -0.13152
v -0.24038 -1.02848 -0.11692
v -0.26230 -1.02848 -0.10052
v -0.28097 -1.02848 -0.08253
v -0.29603 -1.02848 -0.06318
v -0.30721 -1.02848 -0.04277
v -0.31431 -1.02848 -0.02160
v -0.31722 -1.02848 -0.00000
v -0.32112 -0.99684 0.00000
v -0.31994 -0.99684 0.02181
v -0.31451 -0.99684 0.04343
v -0.30491 -0.99684 0.06455
v -0.29133 -0.99684 0.08488
v -0.27396 -0.99684 0.10415
v -0.25307 -0.99684 0.12211
v -0.22895 -0.99684 0.13852
v -0.20190 -0.99684 0.15318
v -0.17212 -0.99684 0.16574
v -0.13786 -0.99684 0.17321
v -0.10070 -0.99684 0.17412
v -0.07036 -0.99684 0.18652
v -0.03888 -0.99684 0.20878
v -0.00000 -0.99684 0.22695
v 0.03888 -0.99684 0.20878
v 0.07036 -0.99684 0.18652
v 0.10070 -0.99684 0.17412
v 0.13786 -0.99684 0.17321
v 0.17212 -0.99684 0.16574
v 0.20190 -0.99684 0.15318
v 0.22895 -0.99684 0.13852
v 0.25307 -0.99684 0.12211
v 0.27396 -0.99684 0.10415
v 0.29133 -0.99684 0.08488
v 0.30491 -0.99684 0.06455
v 0.31451 -0.99684 0.04343
v 0.31994 -0.99684 0.02181
v 0.32112 -0.99684 0.00000
v 0.31797 -0.99684 -0.02168
v 0.31055 -0.99684 -0.04289
v 0.29896 -0.99684 -0.06329
v 0.28341 -0.99684 -0.08258
v 0.26421 -0.99684 -0.10044
v 0.24174 -0.99684 -0.11664
v 0.21648 -0.99684 -0.13098
v 0.18891 -0.99684 -0.14332
v 0.15954 -0.99684 -0.15363
v 0.12886 -0.99684 -0.16190
v 0.09727 -0.99684 -0.16819
v 0.06511 -0.99684 -0.17260
v 0.03263 -0.99684 -0.17520
v 0.00000 -0.99684 -0.17606
v -0.03263 -0.99684 -0.17520
v -0.06511 -0.99684 -0.17260
v -0.09727 -0.99684 -0.16819
v -0.12886 -0.99684 -0.16190
v -0.15954 -0.99684 -0.15363
v -0.18891 -0.99684 -0.14332
v -0.21648 -0.99684 -0.13098
v -0.24174 -0.99684 -0.11664
v -0.26421 -0.99684 -0.10044
v -0.28341 -0.99684 -0.08258
v -0.29896 -0.99684 -0.06329
v -0.31055 -0.99684 -0.04289
v -0.31797 -0.99684 -0.02168
v -0.32112 -0.99684 -0.00000
v -0.32478 -0.96519 0.00000
v -0.32375 -0.96519 0.02190
v -0.31836 -0.96519 0.04363
v -0.30872 -0.96519 0.06487
v -0.29502 -0.96519 0.08531
v -0.27747 -0.96519 0.10469
v -0.25633 -0.96519 0.12275
v -0.23190 -0.96519 0.13925
v -0.20452 -0.96519 0.15400
v -0.17435 -0.96519 0.16663
v -0.13965 -0.96519 0.17414
v -0.10200 -0.96519 0.17505
v -0.07120 -0.96519 0.18733
v -0.03906 -0.96519 0.20815
v -0.00000 -0.96519 0.22446
v 0.03906 -0.96519 0.20815
v 0.07120 -0.96519 0.18733
v 0.10200 -0.96519 0.17505
v 0.13965 -0.96519 0.17414
v 0.17435 -0.96519 0.16663
v 0.20452 -0.96519 0.15400
v 0.23190 -0.96519 0.13925
v 0.25633 -0.96519 0.12275
v 0.27747 -0.96519 0.10469
v 0.29502 -0.96519 0.08531
v 0.30872 -0.96519 0.06487
v 0.31836 -0.96519 0.04363
v 0.32375 -0.96519 0.02190
v 0.32478 -0.96519 0.00000
v 0.32140 -0.96519 -0.02175
v 0.31364 -0.96519 -0.04299
v 0.30163 -0.96519 -0.06338
v 0.28558 -0.96519 -0.08258
v 0.26584 -0.96519 -0.10030
v 0.24282 -0.96519 -0.11628
v 0.21704 -0.96519 -0.13033
v 0.18903 -0.96519 -0.14234
v 0.15933 -0.96519 -0.15227
v 0.12845 -0.96519 -0.16016
v 0.09680 -0.96519 -0.16612
v 0.06471 -0.96519 -0.17025
v 0.03240 -0.96519 -0.17267
v 0.00000 -0.96519 -0.17347
v -0.03240 -0.96519 -0.17267
v -0.06471 -0.96519 -0.17025
v -0.09680 -0.96519 -0.16612
v -0.12845 -0.96519 -0.16016
v -0.15933 -0.96519 -0.15227
v -0.18903 -0.96519 -0.14234
v -0.21704 -0.96519 -0.13033
v -0.24282 -0.96519 -0.11628
v -0.26584 -0.96519 -0.10030
v -0.28558 -0.96519 -0.08258
v -0.30163 -0.96519 -0.06338
v -0.31364 -0.96519 -0.04299
v -0.32140 -0.96519 -0.02175
v -0.32478 -0.96519 -0.00000
v -0.32805 -0.93354 0.00000
v -0.32716 -0.93354 0.02199
v -0.32182 -0.93354 0.04381
v -0.31216 -0.93354 0.06515
v -0.29835 -0.93354 0.08570
v -0.28063 -0.93354 0.10518
v -0.25927 -0.93354 0.12333
v -0.23458 -0.93354 0.13992
v -0.20688 -0.93354 0.15474
v -0.17637 -0.93354 0.16743
v -0.14127 -0.93354 0.17497
v -0.10318 -0.93354 0.17588
v -0.07181 -0.93354 0.18766
v -0.03846 -0.93354 0.20362
v -0.00000 -0.93354 0.21381
v 0.03846 -0.93354 0.20362
v 0.07181 -0.93354 0.18766
v 0.10318 -0.93354 0.17588
v 0.14127 -0.93354 0.17497
v 0.17637 -0.93354 0.16743
v 0.20688 -0.93354 0.15474
v 0.23458 -0.93354 0.13992
v 0.25927 -0.93354 0.12333
v 0.28063 -0.93354 0.10518
v 0.29835 -0.93354 0.08570
v 0.31216 -0.93354 0.06515
v 0.32182 -0.93354 0.04381
v 0.32716 -0.93354 0.02199
v 0.32805 -0.93354 0.00000
v 0.32443 -0.93354 -0.02180
v 0.31633 -0.93354 -0.04307
v 0.30390 -0.93354 -0.06343
v 0.28737 -0.93354 -0.08254
v 0.26710 -0.93354 -0.10011
v 0.24356 -0.93354 -0.11585
v 0.21728 -0.93354 -0.12960
v 0.18886 -0.93354 -0.14125
v 0.15886 -0.93354 -0.15080
v 0.12782 -0.93354 -0.15831
v 0.09616 -0.93354 -0.16392
v 0.06420 -0.93354 -0.16777
v 0.03212 -0.93354 -0.17001
v 0.00000 -0.93354 -0.17075
v -0.03212 -0.93354 -0.17001
v -0.06420 -0.93354 -0.16777
v -0.09616 -0.93354 -0.16392
v -0.12782 -0.93354 -0.15831
v -0.15886 -0.93354 -0.15080
v -0.18886 -0.93354 -0.14125
v -0.21728 -0.93354 -0.12960
v -0.24356 -0.93354 -0.11585
v -0.26710 -0.93354 -0.10011
v -0.28737 -0.93354 -0.08254
v -0.30390 -0.93354 -0.06343
v -0.31633 -0.93354 -0.04307
v -0.32443 -0.93354 -0.02180
v -0.32805 -0.93354 -0.00000
v -0.33075 -0.90190 0.00000
v -0.33001 -0.90190 0.02205
v -0.32473 -0.90190 0.04396
v -0.31505 -0.90190 0.06539
v -0.30117 -0.90190 0.08602
v -0.28331 -0.90190 0.10559
v -0.26177 -0.90190 0.12382
v -0.23684 -0.90190 0.14048
v -0.20889 -0.90190 0.15536
v -0.17809 -0.90190 0.16811
v -0.14264 -0.90190 0.17569
v -0.10418 -0.90190 0.17659
v -0.07251 -0.90190 0.18842
v -0.03884 -0.90190 0.20445
v -0.00000 -0.90190 0.21468
v 0.03884 -0.90190 0.20445
v 0.07251 -0.90190 0.18842
v 0.10418 -0.90190 0.17659
v 0.14264 -0.90190 0.17569
v 0.17809 -0.90190 0.16811
v 0.20889 -0.90190 0.15536
v 0.23684 -0.90190 0.14048
v 0.26177 -0.90190 0.12382
v 0.28331 -0.90190 0.10559
v 0.30117 -0.90190 0.08602
v 0.31505 -0.90190 0.06539
v 0.32473 -0.90190 0.04396
v 0.33001 -0.90190 0.02205
v 0.33075 -0.90190 0.00000
v 0.32690 -0.90190 -0.02185
v 0.31849 -0.90190 -0.04312
v 0.30567 -0.90190 -0.06344
v 0.28869 -0.90190 -0.08246
v 0.26794 -0.90190 -0.09986
v 0.24391 -0.90190 -0.11537
v 0.21719 -0.90190 -0.12882
v 0.18841 -0.90190 -0.14013
v 0.15816 -0.90190 -0.14930
v 0.12702 -0.90190 -0.15644
v 0.09540 -0.90190 -0.16170
v 0.06360 -0.90190 -0.16528
v 0.03179 -0.90190 -0.16735
v 0.00000 -0.90190 -0.16802
v -0.03179 -0.90190 -0.16735
v -0.06360 -0.90190 -0.16528
v -0.09540 -0.90190 -0.16170
v -0.12702 -0.90190 -0.15644
v -0.15816 -0.90190 -0.14930
v -0.18841 -0.90190 -0.14013
v -0.21719 -0.90190 -0.12882
v -0.24391 -0.90190 -0.11537
v -0.26794 -0.90190 -0.09986
v -0.28869 -0.90190 -0.08246
v -0.30567 -0.90190 -0.06344
v -0.31849 -0.90190 -0.04312
v -0.32690 -0.90190 -0.02185
v -0.33075 -0.90190 -0.00000
v -0.33277 -0.87025 0.00000
v -0.33216 -0.87025 0.02210
v -0.32694 -0.87025 0.04407
v -0.31727 -0.87025 0.06557
v -0.30333 -0.87025 0.08627
v -0.28537 -0.87025 0.10590
v -0.26369 -0.87025 0.12419
v -0.23859 -0.87025 0.14091
v -0.21043 -0.87025 0.15584
v -0.17941 -0.87025 0.16863
v -0.14370 -0.87025 0.17623
v -0.10496 -0.87025 0.17715
v -0.07305 -0.87025 0.18901
v -0.03913 -0.87025 0.20509
v -0.00000 -0.87025 0.21535
v 0.03913 -0.87025 0.20509
v 0.07305 -0.87025 0.18901
v 0.10496 -0.87025 0.17715
v 0.14370 -0.87025 0.17623
v 0.17941 -0.87025 0.16863
v 0.21043 -0.87025 0.15584
v 0.23859 -0.87025 0.14091
v 0.26369 -0.87025 0.12419
v 0.28537 -0.87025 0.10590
v 0.30333 -0.87025 0.08627
v 0.31727 -0.87025 0.06557
v 0.32694 -0.87025 0.04407
v 0.33216 -0.87025 0.02210
v 0.33277 -0.87025 0.00000
v 0.32871 -0.87025 -0.02187
v 0.32003 -0.87025 -0.04314
v 0.30686 -0.87025 -0.06342
v 0.28949 -0.87025 -0.08234
v 0.26833 -0.87025 -0.09958
v 0.24389 -0.87025 -0.11487
v 0.21681 -0.87025 -0.12805
v 0.18773 -0.87025 -0.13903
v 0.15730 -0.87025 -0.14785
v 0.12610 -0.87025 -0.15465
v 0.09456 -0.87025 -0.15960
v 0.06296 -0.87025 -0.16293
v 0.03145 -0.87025 -0.16483
v 0.00000 -0.87025 -0.16545
v -0.03145 -0.87025 -0.16483
v -0.06296 -0.87025 -0.16293
v -0.09456 -0.87025 -0.15960
v -0.12610 -0.87025 -0.15465
v -0.15730 -0.87025 -0.14785
v -0.18773 -0.87025 -0.13903
v -0.21681 -0.87025 -0.12805
v -0.24389 -0.87025 -0.11487
v -0.26833 -0.87025 -0.09958
v -0.28949 -0.87025 -0.08234
v -0.30686 -0.87025 -0.06342
v -0.32003 -0.87025 -0.04314
v -0.32871 -0.87025 -0.02187
v -0.33277 -0.87025 -0.00000
v -0.33400 -0.83861 0.00000
v -0.33351 -0.83861 0.02213
v -0.32836 -0.83861 0.04414
v -0.31869 -0.83861 0.06568
v -0.30473 -0.83861 0.08643
v -0.28672 -0.83861 0.10610
v -0.26494 -0.83861 0.12444
v -0.23974 -0.83861 0.14119
v -0.21145 -0.83861 0.15616
v -0.18027 -0.83861 0.16897
v -0.14440 -0.83861 0.17659
v -0.10546 -0.83861 0.17751
v -0.07340 -0.83861 0.18940
v -0.03932 -0.83861 0.20551
v -0.00000 -0.83861 0.21579
v 0.03932 -0.83861 0.20551
v 0.07340 -0.83861 0.18940
v 0.10546 -0.83861 0.17751
v 0.14440 -0.83861 0.17659
v 0.18027 -0.83861 0.16897
v 0.21145 -0.83861 0.15616
v 0.23974 -0.83861 0.14119
v 0.26494 -0.83861 0.12444
v 0.28672 -0.83861 0.10610
v 0.30473 -0.83861 0.08643
v 0.31869 -0.83861 0.06568
v 0.32836 -0.83861 0.04414
v 0.33351 -0.83861 0.02213
v 0.33400 -0.83861 0.00000
v 0.32978 -0.83861 -0.02188
v 0.32088 -0.83861 -0.04313
v 0.30744 -0.83861 -0.06336
v 0.28977 -0.83861 -0.08219
v 0.26828 -0.83861 -0.09928
v 0.24354 -0.83861 -0.11438
v 0.21618 -0.83861 -0.12732
v 0.18689 -0.83861 -0.13803
v 0.15635 -0.83861 -0.14655
v 0.12515 -0.83861 -0.15305
v 0.09372 -0.83861 -0.15774
v 0.06234 -0.83861 -0.16086
v 0.03111 -0.83861 -0.16262
v 0.00000 -0.83861 -0.16320
v -0.03111 -0.83861 -0.16262
v -0.06234 -0.83861 -0.16086
v -0.09372 -0.83861 -0.15774
v -0.12515 -0.83861 -0.15305
v -0.15635 -0.83861 -0.14655
v -0.18689 -0.83861 -0.13803
v -0.21618 -0.83861 -0.12732
v -0.24354 -0.83861 -0.11438
v -0.26828 -0.83861 -0.09928
v -0.28977 -0.83861 -0.08219
v -0.30744 -0.83861 -0.06336
v -0.32088 -0.83861 -0.04313
v -0.32978 -0.83861 -0.02188
v -0.33400 -0.83861 -0.00000
v -0.33441 -0.80696 0.00000
v -0.33400 -0.80696 0.02214
v -0.32890 -0.80696 0.04416
v -0.31927 -0.80696 0.06572
v -0.30531 -0.80696 0.08649
v -0.28728 -0.80696 0.10619
v -0.26547 -0.80696 0.12454
v -0.24022 -0.80696 0.14131
v -0.21188 -0.80696 0.15629
v -0.18064 -0.80696 0.16912
v -0.14469 -0.80696 0.17675
v -0.10569 -0.80696 0.17768
v -0.07377 -0.80696 0.19013
v -0.04043 -0.80696 0.21108
v -0.00000 -0.80696 0.22741
v 0.04043 -0.80696 0.21108
v 0.07377 -0.80696 0.19013
v 0.10569 -0.80696 0.17768
v 0.14469 -0.80696 0.17675
v 0.18064 -0.80696 0.16912
v 0.21188 -0.80696 0.15629
v 0.24022 -0.80696 0.14131
v 0.26547 -0.80696 0.12454
v 0.28728 -0.80696 0.10619
v 0.30531 -0.80696 0.08649
v 0.31927 -0.80696 0.06572
v 0.32890 -0.80696 0.04416
v 0.33400 -0.80696 0.02214
v 0.33441 -0.80696 0.00000
v 0.33007 -0.80696 -0.02188
v 0.32102 -0.80696 -0.04310
v 0.30740 -0.80696 -0.06328
v 0.28953 -0.80696 -0.08202
v 0.26783 -0.80696 -0.09900
v 0.24289 -0.80696 -0.11395
v 0.21537 -0.80696 -0.12669
v 0.18598 -0.80696 -0.13719
v 0.15541 -0.80696 -0.14549
v 0.12424 -0.80696 -0.15177
v 0.09295 -0.80696 -0.15625
v 0.06177 -0.80696 -0.15921
v 0.03081 -0.80696 -0.16088
v 0.00000 -0.80696 -0.16142
v -0.03081 -0.80696 -0.16088
v -0.06177 -0.80696 -0.15921
v -0.09295 -0.80696 -0.15625
v -0.12424 -0.80696 -0.15177
v -0.15541 -0.80696 -0.14549
v -0.18598 -0.80696 -0.13719
v -0.21537 -0.80696 -0.12669
v -0.24289 -0.80696 -0.11395
v -0.26783 -0.80696 -0.09900
v -0.28953 -0.80696 -0.08202
v -0.30740 -0.80696 -0.06328
v -0.32102 -0.80696 -0.04310
v -0.33007 -0.80696 -0.02188
v -0.33441 -0.80696 -0.00000
v -0.33479 -0.77532 0.00000
v -0.33443 -0.77532 0.02216
v -0.32936 -0.77532 0.04420
v -0.31974 -0.77532 0.06579
v -0.30577 -0.77532 0.08659
v -0.28772 -0.77532 0.10631
v -0.26589 -0.77532 0.12468
v -0.24060 -0.77532 0.14148
v -0.21222 -0.77532 0.15648
v -0.18093 -0.77532 0.16932
v -0.14493 -0.77532 0.17696
v -0.10586 -0.77532 0.17790
v -0.07397 -0.77532 0.19057
v -0.04089 -0.77532 0.21337
v -0.00000 -0.77532 0.23200
v 0.04089 -0.77532 0.21337
v 0.07397 -0.77532 0.19057
v 0.10586 -0.77532 0.17790
v 0.14493 -0.77532 0.17696
v 0.18093 -0.77532 0.16932
v 0.21222 -0.77532 0.15648
v 0.24060 -0.77532 0.14148
v 0.26589 -0.77532 0.12468
v 0.28772 -0.77532 0.10631
v 0.30577 -0.77532 0.08659
v 0.31974 -0.77532 0.06579
v 0.32936 -0.77532 0.04420
v 0.33443 -0.77532 0.02216
v 0.33479 -0.77532 0.00000
v 0.33038 -0.77532 -0.02189
v 0.32123 -0.77532 -0.04311
v 0.30750 -0.77532 -0.06327
v 0.28950 -0.77532 -0.08198
v 0.26768 -0.77532 -0.09890
v 0.24261 -0.77532 -0.11377
v 0.21499 -0.77532 -0.12641
v 0.18552 -0.77532 -0.13679
v 0.15491 -0.77532 -0.14497
v 0.12376 -0.77532 -0.15112
v 0.09253 -0.77532 -0.15549
v 0.06147 -0.77532 -0.15835
v 0.03065 -0.77532 -0.15996
v 0.00000 -0.77532 -0.16048
v -0.03065 -0.77532 -0.15996
v -0.06147 -0.77532 -0.15835
v -0.09253 -0.77532 -0.15549
v -0.12376 -0.77532 -0.15112
v -0.15491 -0.77532 -0.14497
v -0.18552 -0.77532 -0.13679
v -0.21499 -0.77532 -0.12641
v -0.24261 -0.77532 -0.11377
v -0.26768 -0.77532 -0.09890
v -0.28950 -0.77532 -0.08198
v -0.30750 -0.77532 -0.06327
v -0.32123 -0.77532 -0.04311
v -0.33038 -0.77532 -0.02189
v -0.33479 -0.77532 -0.00000
v -0.33692 -0.74367 0.00000
v -0.33657 -0.74367 0.02226
v -0.33148 -0.74367 0.04442
v -0.32180 -0.74367 0.06611
v -0.30775 -0.74367 0.08701
v -0.28958 -0.74367 0.10683
v -0.26761 -0.74367 0.12529
v -0.24216 -0.74367 0.14217
v -0.21359 -0.74367 0.15725
v -0.18210 -0.74367 0.17015
v -0.14587 -0.74367 0.17783
v -0.10654 -0.74367 0.17876
v -0.07428 -0.74367 0.19106
v -0.04033 -0.74367 0.21016
v -0.00000 -0.74367 0.22412
v 0.04033 -0.74367 0.21016
v 0.07428 -0.74367 0.19106
v 0.10654 -0.74367 0.17876
v 0.14587 -0.74367 0.17783
v 0.18210 -0.74367 0.17015
v 0.21359 -0.74367 0.15725
v 0.24216 -0.74367 0.14217
v 0.26761 -0.74367 0.12529
v 0.28958 -0.74367 0.10683
v 0.30775 -0.74367 0.08701
v 0.32180 -0.74367 0.06611
v 0.33148 -0.74367 0.04442
v 0.33657 -0.74367 0.02226
v 0.33692 -0.74367 0.00000
v 0.33247 -0.74367 -0.02199
v 0.32324 -0.74367 -0.04331
v 0.30940 -0.74367 -0.06356
v 0.29126 -0.74367 -0.08235
v 0.26927 -0.74367 -0.09933
v 0.24403 -0.74367 -0.11425
v 0.21620 -0.74367 -0.12693
v 0.18654 -0.74367 -0.13733
v 0.15573 -0.74367 -0.14551
v 0.12440 -0.74367 -0.15166
v 0.09299 -0.74367 -0.15603
v 0.06177 -0.74367 -0.15888
v 0.03080 -0.74367 -0.16048
v 0.00000 -0.74367 -0.16101
v -0.03080 -0.74367 -0.16048
v -0.06177 -0.74367 -0.15888
v -0.09299 -0.74367 -0.15603
v -0.12440 -0.74367 -0.15166
v -0.15573 -0.74367 -0.14551
v -0.18654 -0.74367 -0.13733
v -0.21620 -0.74367 -0.12693
v -0.24403 -0.74367 -0.11425
v -0.26927 -0.74367 -0.09933
v -0.29126 -0.74367 -0.08235
v -0.30940 -0.74367 -0.06356
v -0.32324 -0.74367 -0.04331
v -0.33247 -0.74367 -0.02199
v -0.33692 -0.74367 -0.00000
v -0.34083 -0.71203 0.00000
v -0.34044 -0.71203 0.02246
v -0.33527 -0.71203 0.04481
v -0.32547 -0.71203 0.06668
v -0.31125 -0.71203 0.08777
v -0.29287 -0.71203 0.10775
v -0.27065 -0.71203 0.12638
v -0.24491 -0.71203 0.14340
v -0.21601 -0.71203 0.15860
v -0.18417 -0.71203 0.17162
v -0.14752 -0.71203 0.17936
v -0.10774 -0.71203 0.18029
v -0.07499 -0.71203 0.19237
v -0.04017 -0.71203 0.20873
v -0.00000 -0.71203 0.21918
v 0.04017 -0.71203 0.20873
v 0.07499 -0.71203 0.19237
v 0.10774 -0.71203 0.18029
v 0.14752 -0.71203 0.17936
v 0.18417 -0.71203 0.17162
v 0.21601 -0.71203 0.15860
v 0.24491 -0.71203 0.14340
v 0.27065 -0.71203 0.12638
v 0.29287 -0.71203 0.10775
v 0.31125 -0.71203 0.08777
v 0.32547 -0.71203 0.06668
v 0.33527 -0.71203 0.04481
v 0.34044 -0.71203 0.02246
v 0.34083 -0.71203 0.00000
v 0.33636 -0.71203 -0.02219
v 0.32707 -0.71203 -0.04371
v 0.31312 -0.71203 -0.06416
v 0.29483 -0.71203 -0.08314
v 0.27265 -0.71203 -0.10031
v 0.24716 -0.71203 -0.11541
v 0.21906 -0.71203 -0.12827
v 0.18907 -0.71203 -0.13883
v 0.15791 -0.71203 -0.14716
v 0.12619 -0.71203 -0.15343
v 0.09436 -0.71203 -0.15790
v 0.06269 -0.71203 -0.16083
v 0.03127 -0.71203 -0.16248
v 0.00000 -0.71203 -0.16303
v -0.03127 -0.71203 -0.16248
v -0.06269 -0.71203 -0.16083
v -0.09436 -0.71203 -0.15790
v -0.12619 -0.71203 -0.15343
v -0.15791 -0.71203 -0.14716
v -0.18907 -0.71203 -0.13883
v -0.21906 -0.71203 -0.12827
v -0.24716 -0.71203 -0.11541
v -0.27265 -0.71203 -0.10031
v -0.29483 -0.71203 -0.08314
v -0.31312 -0.71203 -0.06416
v -0.32707 -0.71203 -0.04371
v -0.33636 -0.71203 -0.02219
v -0.34083 -0.71203 -0.00000
v -0.34642 -0.68038 0.00000
v -0.34596 -0.68038 0.02274
v -0.34066 -0.68038 0.04536
v -0.33067 -0.68038 0.06751
v -0.31620 -0.68038 0.08884
v -0.29752 -0.68038 0.10907
v -0.27493 -0.68038 0.12792
v -0.24878 -0.68038 0.14514
v -0.21942 -0.68038 0.16053
v -0.18707 -0.68038 0.17370
v -0.14985 -0.68038 0.18154
v -0.10944 -0.68038 0.18248
v -0.07617 -0.68038 0.19470
v -0.04080 -0.68038 0.21126
v -0.00000 -0.68038 0.22184
v 0.04080 -0.68038 0.21126
v 0.07617 -0.68038 0.19470
v 0.10944 -0.68038 0.18248
v 0.14985 -0.68038 0.18154
v 0.18707 -0.68038 0.17370
v 0.21942 -0.68038 0.16053
v 0.24878 -0.68038 0.14514
v 0.27493 -0.68038 0.12792
v 0.29752 -0.68038 0.10907
v 0.31620 -0.68038 0.08884
v 0.33067 -0.68038 0.06751
v 0.34066 -0.68038 0.04536
v 0.34596 -0.68038 0.02274
v 0.34642 -0.68038 0.00000
v 0.34197 -0.68038 -0.02248
v 0.33264 -0.68038 -0.04430
v 0.31859 -0.68038 -0.06504
v 0.30014 -0.68038 -0.08433
v 0.27774 -0.68038 -0.10182
v 0.25196 -0.68038 -0.11723
v 0.22350 -0.68038 -0.13040
v 0.19308 -0.68038 -0.14126
v 0.16140 -0.68038 -0.14987
v 0.12909 -0.68038 -0.15640
v 0.09661 -0.68038 -0.16108
v 0.06423 -0.68038 -0.16418
v 0.03204 -0.68038 -0.16593
v 0.00000 -0.68038 -0.16652
v -0.03204 -0.68038 -0.16593
v -0.06423 -0.68038 -0.16418
v -0.09661 -0.68038 -0.16108
v -0.12909 -0.68038 -0.15640
v -0.16140 -0.68038 -0.14987
v -0.19308 -0.68038 -0.14126
v -0.22350 -0.68038 -0.13040
v -0.25196 -0.68038 -0.11723
v -0.27774 -0.68038 -0.10182
v -0.30014 -0.68038 -0.08433
v -0.31859 -0.68038 -0.06504
v -0.33264 -0.68038 -0.04430
v -0.34197 -0.68038 -0.02248
v -0.34642 -0.68038 -0.00000
v -0.35359 -0.64873 0.00000
v -0.35302 -0.64873 0.02311
v -0.34753 -0.64873 0.04608
v -0.33728 -0.64873 0.06856
v -0.32249 -0.64873 0.09022
v -0.30341 -0.64873 0.11075
v -0.28037 -0.64873 0.12989
v -0.25369 -0.64873 0.14738
v -0.22375 -0.64873 0.16300
v -0.19076 -0.64873 0.17637
v -0.15280 -0.64873 0.18432
v -0.11160 -0.64873 0.18528
v -0.07767 -0.64873 0.19769
v -0.04160 -0.64873 0.21450
v -0.00000 -0.64873 0.22524
v 0.04160 -0.64873 0.21450
v 0.07767 -0.64873 0.19769
v 0.11160 -0.64873 0.18528
v 0.15280 -0.64873 0.18432
v 0.19076 -0.64873 0.17637
v 0.22375 -0.64873 0.16300
v 0.25369 -0.64873 0.14738
v 0.28037 -0.64873 0.12989
v 0.30341 -0.64873 0.11075
v 0.32249 -0.64873 0.09022
v 0.33728 -0.64873 0.06856
v 0.34753 -0.64873 0.04608
v 0.35302 -0.64873 0.02311
v 0.35359 -0.64873 0.00000
v 0.34918 -0.64873 -0.02286
v 0.33982 -0.64873 -0.04506
v 0.32569 -0.64873 -0.06620
v 0.30707 -0.64873 -0.08591
v 0.28442 -0.64873 -0.10382
v 0.25831 -0.64873 -0.11967
v 0.22942 -0.64873 -0.13327
v 0.19845 -0.64873 -0.14457
v 0.16613 -0.64873 -0.15359
v 0.13305 -0.64873 -0.16049
v 0.09968 -0.64873 -0.16549
v 0.06633 -0.64873 -0.16883
v 0.03311 -0.64873 -0.17074
v 0.00000 -0.64873 -0.17139
v -0.03311 -0.64873 -0.17074
v -0.06633 -0.64873 -0.16883
v -0.09968 -0.64873 -0.16549
v -0.13305 -0.64873 -0.16049
v -0.16613 -0.64873 -0.15359
v -0.19845 -0.64873 -0.14457
v -0.22942 -0.64873 -0.13327
v -0.25831 -0.64873 -0.11967
v -0.28442 -0.64873 -0.10382
v -0.30707 -0.64873 -0.08591
v -0.32569 -0.64873 -0.06620
v -0.33982 -0.64873 -0.04506
v -0.34918 -0.64873 -0.02286
v -0.35359 -0.64873 -0.00000
v -0.36216 -0.61709 0.00000
v -0.36144 -0.61709 0.02355
v -0.35573 -0.61709 0.04694
v -0.34517 -0.61709 0.06983
v -0.32999 -0.61709 0.09188
v -0.31044 -0.61709 0.11278
v -0.28684 -0.61709 0.13226
v -0.25954 -0.61709 0.15006
v -0.22891 -0.61709 0.16596
v -0.19516 -0.61709 0.17958
v -0.15632 -0.61709 0.18767
v -0.11417 -0.61709 0.18865
v -0.07954 -0.61709 0.20148
v -0.04293 -0.61709 0.22029
v -0.00000 -0.61709 0.23334
v 0.04293 -0.61709 0.22029
v 0.07954 -0.61709 0.20148
v 0.11417 -0.61709 0.18865
v 0.15632 -0.61709 0.18767
v 0.19516 -0.61709 0.17958
v 0.22891 -0.61709 0.16596
v 0.25954 -0.61709 0.15006
v 0.28684 -0.61709 0.13226
v 0.31044 -0.61709 0.11278
v 0.32999 -0.61709 0.09188
v 0.34517 -0.61709 0.06983
v 0.35573 -0.61709 0.04694
v 0.36144 -0.61709 0.02355
v 0.36216 -0.61709 0.00000
v 0.35782 -0.61709 -0.02331
v 0.34847 -0.61709 -0.04599
v 0.33425 -0.61709 -0.06762
v 0.31546 -0.61709 -0.08784
v 0.29255 -0.61709 -0.10628
v 0.26607 -0.61709 -0.12268
v 0.23667 -0.61709 -0.13684
v 0.20507 -0.61709 -0.14868
v 0.17196 -0.61709 -0.15823
v 0.13794 -0.61709 -0.16562
v 0.10350 -0.61709 -0.17102
v 0.06895 -0.61709 -0.17467
v 0.03445 -0.61709 -0.17678
v 0.00000 -0.61709 -0.17752
v -0.03445 -0.61709 -0.17678
v -0.06895 -0.61709 -0.17467
v -0.10350 -0.61709 -0.17102
v -0.13794 -0.61709 -0.16562
v -0.17196 -0.61709 -0.15823
v -0.20507 -0.61709 -0.14868
v -0.23667 -0.61709 -0.13684
v -0.26607 -0.61709 -0.12268
v -0.29255 -0.61709 -0.10628
v -0.31546 -0.61709 -0.08784
v -0.33425 -0.61709 -0.06762
v -0.34847 -0.61709 -0.04599
v -0.35782 -0.61709 -0.02331
v -0.36216 -0.61709 -0.00000
v -0.37195 -0.58544 0.00000
v -0.37105 -0.58544 0.02405
v -0.36507 -0.58544 0.04794
v -0.35416 -0.58544 0.07130
v -0.33853 -0.58544 0.09380
v -0.31844 -0.58544 0.11512
v -0.29422 -0.58544 0.13499
v -0.26620 -0.58544 0.15316
v -0.23478 -0.58544 0.16938
v -0.20016 -0.58544 0.18327
v -0.16032 -0.58544 0.19154
v -0.11710 -0.58544 0.19255
v -0.08181 -0.58544 0.20622
v -0.04514 -0.58544 0.23050
v -0.00000 -0.58544 0.25016
v 0.04514 -0.58544 0.23050
v 0.08181 -0.58544 0.20622
v 0.11710 -0.58544 0.19255
v 0.16032 -0.58544 0.19154
v 0.20016 -0.58544 0.18327
v 0.23478 -0.58544 0.16938
v 0.26620 -0.58544 0.15316
v 0.29422 -0.58544 0.13499
v 0.31844 -0.58544 0.11512
v 0.33853 -0.58544 0.09380
v 0.35416 -0.58544 0.07130
v 0.36507 -0.58544 0.04794
v 0.37105 -0.58544 0.02405
v 0.37195 -0.58544 0.00000
v 0.36771 -0.58544 -0.02384
v 0.35836 -0.58544 -0.04706
v 0.34407 -0.58544 -0.06927
v 0.32511 -0.58544 -0.09008
v 0.30191 -0.58544 -0.10915
v 0.27502 -0.58544 -0.12619
v 0.24508 -0.58544 -0.14100
v 0.21276 -0.58544 -0.15350
v 0.17875 -0.58544 -0.16367
v 0.14366 -0.58544 -0.17163
v 0.10797 -0.58544 -0.17752
v 0.07202 -0.58544 -0.18155
v 0.03601 -0.58544 -0.18389
v 0.00000 -0.58544 -0.18473
v -0.03601 -0.58544 -0.18389
v -0.07202 -0.58544 -0.18155
v -0.10797 -0.58544 -0.17752
v -0.14366 -0.58544 -0.17163
v -0.17875 -0.58544 -0.16367
v -0.21276 -0.58544 -0.15350
v -0.24508 -0.58544 -0.14100
v -0.27502 -0.58544 -0.12619
v -0.30191 -0.58544 -0.10915
v -0.32511 -0.58544 -0.09008
v -0.34407 -0.58544 -0.06927
v -0.35836 -0.58544 -0.04706
v -0.36771 -0.58544 -0.02384
v -0.37195 -0.58544 -0.00000
v -0.38274 -0.55380 0.00000
v -0.38163 -0.55380 0.02462
v -0.37536 -0.55380 0.04906
v -0.36405 -0.55380 0.07294
v -0.34792 -0.55380 0.09594
v -0.32725 -0.55380 0.11774
v -0.30233 -0.55380 0.13805
v -0.27353 -0.55380 0.15662
v -0.24123 -0.55380 0.17320
v -0.20565 -0.55380 0.18741
v -0.16472 -0.55380 0.19586
v -0.12032 -0.55380 0.19688
v -0.08402 -0.55380 0.21079
v -0.04623 -0.55380 0.23493
v -0.00000 -0.55380 0.25418
v 0.04623 -0.55380 0.23493
v 0.08402 -0.55380 0.21079
v 0.12032 -0.55380 0.19688
v 0.16472 -0.55380 0.19586
v 0.20565 -0.55380 0.18741
v 0.24123 -0.55380 0.17320
v 0.27353 -0.55380 0.15662
v 0.30233 -0.55380 0.13805
v 0.32725 -0.55380 0.11774
v 0.34792 -0.55380 0.09594
v 0.36405 -0.55380 0.07294
v 0.37536 -0.55380 0.04906
v 0.38163 -0.55380 0.02462
v 0.38274 -0.55380 0.00000
v 0.37861 -0.55380 -0.02443
v 0.36929 -0.55380 -0.04826
v 0.35492 -0.55380 -0.07111
v 0.33578 -0.55380 -0.09259
v 0.31229 -0.55380 -0.11236
v 0.28496 -0.55380 -0.13012
v 0.25441 -0.55380 -0.14567
v 0.22130 -0.55380 -0.15890
v 0.18631 -0.55380 -0.16978
v 0.15002 -0.55380 -0.17837
v 0.11294 -0.55380 -0.18482
v 0.07544 -0.55380 -0.18926
v 0.03776 -0.55380 -0.19187
v 0.00000 -0.55380 -0.19283
v -0.03776 -0.55380 -0.19187
v -0.07544 -0.55380 -0.18926
v -0.11294 -0.55380 -0.18482
v -0.15002 -0.55380 -0.17837
v -0.18631 -0.55380 -0.16978
v -0.22130 -0.55380 -0.15890
v -0.25441 -0.55380 -0.14567
v -0.28496 -0.55380 -0.13012
v -0.31229 -0.55380 -0.11236
v -0.33578 -0.55380 -0.09259
v -0.35492 -0.55380 -0.07111
v -0.36929 -0.55380 -0.04826
v -0.37861 -0.55380 -0.02443
v -0.38274 -0.55380 -0.00000
v -0.39428 -0.52215 0.00000
v -0.39295 -0.52215 0.02524
v -0.38636 -0.52215 0.05027
v -0.37462 -0.52215 0.07473
v -0.35797 -0.52215 0.09827
v -0.33666 -0.52215 0.12059
v -0.31100 -0.52215 0.14138
v -0.28136 -0.52215 0.16039
v -0.24813 -0.52215 0.17737
v -0.21153 -0.52215 0.19191
v -0.16943 -0.52215 0.20056
v -0.12374 -0.52215 0.20160
v -0.08613 -0.52215 0.21513
v -0.04620 -0.52215 0.23373
v -0.00000 -0.52215 0.24579
v 0.04620 -0.52215 0.23373
v 0.08613 -0.52215 0.21513
v 0.12374 -0.52215 0.20160
v 0.16943 -0.52215 0.20056
v 0.21153 -0.52215 0.19191
v 0.24813 -0.52215 0.17737
v 0.28136 -0.52215 0.16039
v 0.31100 -0.52215 0.14138
v 0.33666 -0.52215 0.12059
v 0.35797 -0.52215 0.09827
v 0.37462 -0.52215 0.07473
v 0.38636 -0.52215 0.05027
v 0.39295 -0.52215 0.02524
v 0.39428 -0.52215 0.00000
v 0.39028 -0.52215 -0.02507
v 0.38098 -0.52215 -0.04957
v 0.36653 -0.52215 -0.07311
v 0.34721 -0.52215 -0.09532
v 0.32340 -0.52215 -0.11584
v 0.29561 -0.52215 -0.13438
v 0.26442 -0.52215 -0.15073
v 0.23047 -0.52215 -0.16475
v 0.19442 -0.52215 -0.17639
v 0.15685 -0.52215 -0.18567
v 0.11829 -0.52215 -0.19271
v 0.07912 -0.52215 -0.19760
v 0.03963 -0.52215 -0.20051
v 0.00000 -0.52215 -0.20160
v -0.03963 -0.52215 -0.20051
v -0.07912 -0.52215 -0.19760
v -0.11829 -0.52215 -0.19271
v -0.15685 -0.52215 -0.18567
v -0.19442 -0.52215 -0.17639
v -0.23047 -0.52215 -0.16475
v -0.26442 -0.52215 -0.15073
v -0.29561 -0.52215 -0.13438
v -0.32340 -0.52215 -0.11584
v -0.34721 -0.52215 -0.09532
v -0.36653 -0.52215 -0.07311
v -0.38098 -0.52215 -0.04957
v -0.39028 -0.52215 -0.02507
v -0.39428 -0.52215 -0.00000
v -0.40632 -0.49051 0.00000
v -0.40476 -0.49051 0.02590
v -0.39783 -0.49051 0.05156
v -0.38565 -0.49051 0.07663
v -0.36845 -0.49051 0.10076
v -0.34647 -0.49051 0.12363
v -0.32004 -0.49051 0.14494
v -0.28953 -0.49051 0.16441
v -0.25533 -0.49051 0.18181
v -0.21766 -0.49051 0.19672
v -0.17434 -0.49051 0.20558
v -0.12733 -0.49051 0.20664
v -0.08861 -0.49051 0.22047
v -0.04747 -0.49051 0.23922
v -0.00000 -0.49051 0.25120
v 0.04747 -0.49051 0.23922
v 0.08861 -0.49051 0.22047
v 0.12733 -0.49051 0.20664
v 0.17434 -0.49051 0.20558
v 0.21766 -0.49051 0.19672
v 0.25533 -0.49051 0.18181
v 0.28953 -0.49051 0.16441
v 0.32004 -0.49051 0.14494
v 0.34647 -0.49051 0.12363
v 0.36845 -0.49051 0.10076
v 0.38565 -0.49051 0.07663
v 0.39783 -0.49051 0.05156
v 0.40476 -0.49051 0.02590
v 0.40632 -0.49051 0.00000
v 0.40244 -0.49051 -0.02575
v 0.39317 -0.49051 -0.05096
v 0.37864 -0.49051 -0.07524
v 0.35912 -0.49051 -0.09821
v 0.33498 -0.49051 -0.11953
v 0.30670 -0.49051 -0.13889
v 0.27484 -0.49051 -0.15608
v 0.24002 -0.49051 -0.17092
v 0.20287 -0.49051 -0.18334
v 0.16397 -0.49051 -0.19335
v 0.12385 -0.49051 -0.20100
v 0.08294 -0.49051 -0.20636
v 0.04158 -0.49051 -0.20957
v 0.00000 -0.49051 -0.21082
v -0.04158 -0.49051 -0.20957
v -0.08294 -0.49051 -0.20636
v -0.12385 -0.49051 -0.20100
v -0.16397 -0.49051 -0.19335
v -0.20287 -0.49051 -0.18334
v -0.24002 -0.49051 -0.17092
v -0.27484 -0.49051 -0.15608
v -0.30670 -0.49051 -0.13889
v -0.33498 -0.49051 -0.11953
v -0.35912 -0.49051 -0.09821
v -0.37864 -0.49051 -0.07524
v -0.39317 -0.49051 -0.05096
v -0.40244 -0.49051 -0.02575
v -0.40632 -0.49051 -0.00000
v -0.41934 -0.45886 0.00000
v -0.41731 -0.45886 0.02662
v -0.40984 -0.45886 0.05296
v -0.39707 -0.45886 0.07866
v -0.37922 -0.45886 0.10339
v -0.35652 -0.45886 0.12682
v -0.32928 -0.45886 0.14866
v -0.29786 -0.45886 0.16863
v -0.26266 -0.45886 0.18647
v -0.22392 -0.45886 0.20175
v -0.17934 -0.45886 0.21084
v -0.13098 -0.45886 0.21192
v -0.09116 -0.45886 0.22611
v -0.04883 -0.45886 0.24534
v -0.00000 -0.45886 0.25762
v 0.04883 -0.45886 0.24534
v 0.09116 -0.45886 0.22611
v 0.13098 -0.45886 0.21192
v 0.17934 -0.45886 0.21084
v 0.22392 -0.45886 0.20175
v 0.26266 -0.45886 0.18647
v 0.29786 -0.45886 0.16863
v 0.32928 -0.45886 0.14866
v 0.35652 -0.45886 0.12682
v 0.37922 -0.45886 0.10339
v 0.39707 -0.45886 0.07866
v 0.40984 -0.45886 0.05296
v 0.41731 -0.45886 0.02662
v 0.41934 -0.45886 0.00000
v 0.41584 -0.45886 -0.02653
v 0.40680 -0.45886 -0.05257
v 0.39231 -0.45886 -0.07772
v 0.37259 -0.45886 -0.10158
v 0.34802 -0.45886 -0.12380
v 0.31910 -0.45886 -0.14407
v 0.28640 -0.45886 -0.16214
v 0.25054 -0.45886 -0.17786
v 0.21214 -0.45886 -0.19114
v 0.17177 -0.45886 -0.20193
v 0.12996 -0.45886 -0.21026
v 0.08715 -0.45886 -0.21616
v 0.04373 -0.45886 -0.21971
v 0.00000 -0.45886 -0.22114
v -0.04373 -0.45886 -0.21971
v -0.08715 -0.45886 -0.21616
v -0.12996 -0.45886 -0.21026
v -0.17177 -0.45886 -0.20193
v -0.21214 -0.45886 -0.19114
v -0.25054 -0.45886 -0.17786
v -0.28640 -0.45886 -0.16214
v -0.31910 -0.45886 -0.14407
v -0.34802 -0.45886 -0.12380
v -0.37259 -0.45886 -0.10158
v -0.39231 -0.45886 -0.07772
v -0.40680 -0.45886 -0.05257
v -0.41584 -0.45886 -0.02653
v -0.41934 -0.45886 -0.00000
v -0.43514 -0.42722 0.00000
v -0.43173 -0.42722 0.02748
v -0.42299 -0.42722 0.05454
v -0.40912 -0.42722 0.08088
v -0.39030 -0.42722 0.10619
v -0.36670 -0.42722 0.13017
v -0.33856 -0.42722 0.15253
v -0.30620 -0.42722 0.17299
v -0.27000 -0.42722 0.19127
v -0.23016 -0.42722 0.20694
v -0.18434 -0.42722 0.21625
v -0.13463 -0.42722 0.21736
v -0.09369 -0.42722 0.23191
v -0.05019 -0.42722 0.25163
v -0.00000 -0.42722 0.26423
v 0.05019 -0.42722 0.25163
v 0.09369 -0.42722 0.23191
v 0.13463 -0.42722 0.21736
v 0.18434 -0.42722 0.21625
v 0.23016 -0.42722 0.20694
v 0.27000 -0.42722 0.19127
v 0.30620 -0.42722 0.17299
v 0.33856 -0.42722 0.15253
v 0.36670 -0.42722 0.13017
v 0.39030 -0.42722 0.10619
v 0.40912 -0.42722 0.08088
v 0.42299 -0.42722 0.05454
v 0.43173 -0.42722 0.02748
v 0.43514 -0.42722 0.00000
v 0.43295 -0.42722 -0.02756
v 0.42491 -0.42722 -0.05479
v 0.41089 -0.42722 -0.08123
v 0.39101 -0.42722 -0.10638
v 0.36570 -0.42722 -0.12982
v 0.33560 -0.42722 -0.15120
v 0.30148 -0.42722 -0.17032
v 0.26406 -0.42722 -0.18707
v 0.22396 -0.42722 -0.20137
v 0.18171 -0.42722 -0.21316
v 0.13775 -0.42722 -0.22240
v 0.09253 -0.42722 -0.22903
v 0.04649 -0.42722 -0.23308
v 0.00000 -0.42722 -0.23476
v -0.04649 -0.42722 -0.23308
v -0.09253 -0.42722 -0.22903
v -0.13775 -0.42722 -0.22240
v -0.18171 -0.42722 -0.21316
v -0.22396 -0.42722 -0.20137
v -0.26406 -0.42722 -0.18707
v -0.30148 -0.42722 -0.17032
v -0.33560 -0.42722 -0.15120
v -0.36570 -0.42722 -0.12982
v -0.39101 -0.42722 -0.10638
v -0.41089 -0.42722 -0.08123
v -0.42491 -0.42722 -0.05479
v -0.43295 -0.42722 -0.02756
v -0.43514 -0.42722 -0.00000
v -0.44914 -0.39557 0.00000
v -0.44484 -0.39557 0.02829
v -0.43523 -0.39557 0.05606
v -0.42054 -0.39557 0.08305
v -0.40093 -0.39557 0.10897
v -0.37655 -0.39557 0.13353
v -0.34759 -0.39557 0.15644
v -0.31433 -0.39557 0.17740
v -0.27715 -0.39557 0.19613
v -0.23624 -0.39557 0.21219
v -0.18921 -0.39557 0.22174
v -0.13820 -0.39557 0.22289
v -0.09641 -0.39557 0.23838
v -0.05264 -0.39557 0.26364
v -0.00000 -0.39557 0.28285
v 0.05264 -0.39557 0.26364
v 0.09641 -0.39557 0.23838
v 0.13820 -0.39557 0.22289
v 0.18921 -0.39557 0.22174
v 0.23624 -0.39557 0.21219
v 0.27715 -0.39557 0.19613
v 0.31433 -0.39557 0.17740
v 0.34759 -0.39557 0.15644
v 0.37655 -0.39557 0.13353
v 0.40093 -0.39557 0.10897
v 0.42054 -0.39557 0.08305
v 0.43523 -0.39557 0.05606
v 0.44484 -0.39557 0.02829
v 0.44914 -0.39557 0.00000
v 0.44775 -0.39557 -0.02847
v 0.44029 -0.39557 -0.05672
v 0.42650 -0.39557 -0.08422
v 0.40643 -0.39557 -0.11046
v 0.38052 -0.39557 -0.13494
v 0.34952 -0.39557 -0.15731
v 0.31429 -0.39557 -0.17737
v 0.27560 -0.39557 -0.19504
v 0.23407 -0.39557 -0.21023
v 0.19019 -0.39557 -0.22288
v 0.14439 -0.39557 -0.23288
v 0.09711 -0.39557 -0.24012
v 0.04883 -0.39557 -0.24457
v 0.00000 -0.39557 -0.24648
v -0.04883 -0.39557 -0.24457
v -0.09711 -0.39557 -0.24012
v -0.14439 -0.39557 -0.23288
v -0.19019 -0.39557 -0.22288
v -0.23407 -0.39557 -0.21023
v -0.27560 -0.39557 -0.19504
v -0.31429 -0.39557 -0.17737
v -0.34952 -0.39557 -0.15731
v -0.38052 -0.39557 -0.13494
v -0.40643 -0.39557 -0.11046
v -0.42650 -0.39557 -0.08422
v -0.44029 -0.39557 -0.05672
v -0.44775 -0.39557 -0.02847
v -0.44914 -0.39557 -0.00000
v -0.45700 -0.36392 0.00000
v -0.45362 -0.36392 0.02885
v -0.44461 -0.36392 0.05728
v -0.43015 -0.36392 0.08496
v -0.41043 -0.36392 0.11156
v -0.38564 -0.36392 0.13677
v -0.35606 -0.36392 0.16027
v -0.32202 -0.36392 0.18176
v -0.28394 -0.36392 0.20097
v -0.24204 -0.36392 0.21742
v -0.19385 -0.36392 0.22721
v -0.14159 -0.36392 0.22840
v -0.09894 -0.36392 0.24468
v -0.05471 -0.36392 0.27408
v -0.00000 -0.36392 0.29817
v 0.05471 -0.36392 0.27408
v 0.09894 -0.36392 0.24468
v 0.14159 -0.36392 0.22840
v 0.19385 -0.36392 0.22721
v 0.24204 -0.36392 0.21742
v 0.28394 -0.36392 0.20097
v 0.32202 -0.36392 0.18176
v 0.35606 -0.36392 0.16027
v 0.38564 -0.36392 0.13677
v 0.41043 -0.36392 0.11156
v 0.43015 -0.36392 0.08496
v 0.44461 -0.36392 0.05728
v 0.45362 -0.36392 0.02885
v 0.45700 -0.36392 0.00000
v 0.45456 -0.36392 -0.02891
v 0.44614 -0.36392 -0.05748
v 0.43167 -0.36392 -0.08526
v 0.41131 -0.36392 -0.11180
v 0.38541 -0.36392 -0.13669
v 0.35454 -0.36392 -0.15959
v 0.31933 -0.36392 -0.18024
v 0.28043 -0.36392 -0.19848
v 0.23842 -0.36392 -0.21417
v 0.19384 -0.36392 -0.22720
v 0.14720 -0.36392 -0.23745
v 0.09900 -0.36392 -0.24483
v 0.04978 -0.36392 -0.24938
v 0.00000 -0.36392 -0.25147
v -0.04978 -0.36392 -0.24938
v -0.09900 -0.36392 -0.24483
v -0.14720 -0.36392 -0.23745
v -0.19384 -0.36392 -0.22720
v -0.23842 -0.36392 -0.21417
v -0.28043 -0.36392 -0.19848
v -0.31933 -0.36392 -0.18024
v -0.35454 -0.36392 -0.15959
v -0.38541 -0.36392 -0.13669
v -0.41131 -0.36392 -0.11180
v -0.43167 -0.36392 -0.08526
v -0.44614 -0.36392 -0.05748
v -0.45456 -0.36392 -0.02891
v -0.45700 -0.36392 -0.00000
v -0.46464 -0.33228 0.00000
v -0.46200 -0.33228 0.02942
v -0.45346 -0.33228 0.05850
v -0.43916 -0.33228 0.08685
v -0.41929 -0.33228 0.11412
v -0.39410 -0.33228 0.13996
v -0.36394 -0.33228 0.16404
v -0.32917 -0.33228 0.18605
v -0.29026 -0.33228 0.20572
v -0.24743 -0.33228 0.22256
v -0.19817 -0.33228 0.23258
v -0.14474 -0.33228 0.23379
v -0.10096 -0.33228 0.25001
v -0.05506 -0.33228 0.27621
v -0.00000 -0.33228 0.29600
v 0.05506 -0.33228 0.27621
v 0.10096 -0.33228 0.25001
v 0.14474 -0.33228 0.23379
v 0.19817 -0.33228 0.23258
v 0.24743 -0.33228 0.22256
v 0.29026 -0.33228 0.20572
v 0.32917 -0.33228 0.18605
v 0.36394 -0.33228 0.16404
v 0.39410 -0.33228 0.13996
v 0.41929 -0.33228 0.11412
v 0.43916 -0.33228 0.08685
v 0.45346 -0.33228 0.05850
v 0.46200 -0.33228 0.02942
v 0.46464 -0.33228 0.00000
v 0.46133 -0.33228 -0.02938
v 0.45209 -0.33228 -0.05832
v 0.43704 -0.33228 -0.08643
v 0.41640 -0.33228 -0.11334
v 0.39046 -0.33228 -0.13867
v 0.35962 -0.33228 -0.16209
v 0.32436 -0.33228 -0.18333
v 0.28519 -0.33228 -0.20213
v 0.24269 -0.33228 -0.21830
v 0.19741 -0.33228 -0.23169
v 0.14994 -0.33228 -0.24220
v 0.10085 -0.33228 -0.24974
v 0.05072 -0.33228 -0.25441
v 0.00000 -0.33228 -0.25669
v -0.05072 -0.33228 -0.25441
v -0.10085 -0.33228 -0.24974
v -0.14994 -0.33228 -0.24220
v -0.19741 -0.33228 -0.23169
v -0.24269 -0.33228 -0.21830
v -0.28519 -0.33228 -0.20213
v -0.32436 -0.33228 -0.18333
v -0.35962 -0.33228 -0.16209
v -0.39046 -0.33228 -0.13867
v -0.41640 -0.33228 -0.11334
v -0.43704 -0.33228 -0.08643
v -0.45209 -0.33228 -0.05832
v -0.46133 -0.33228 -0.02938
v -0.46464 -0.33228 -0.00000
v -0.47387 -0.30063 0.00000
v -0.47115 -0.30063 0.03008
v -0.46243 -0.30063 0.05981
v -0.44784 -0.30063 0.08880
v -0.42756 -0.30063 0.11668
v -0.40187 -0.30063 0.14309
v -0.37111 -0.30063 0.16771
v -0.33566 -0.30063 0.19021
v -0.29597 -0.30063 0.21032
v -0.25230 -0.30063 0.22754
v -0.20207 -0.30063 0.23778
v -0.14758 -0.30063 0.23900
v -0.10271 -0.30063 0.25500
v -0.05501 -0.30063 0.27668
v -0.00000 -0.30063 0.29053
v 0.05501 -0.30063 0.27668
v 0.10271 -0.30063 0.25500
v 0.14758 -0.30063 0.23900
v 0.20207 -0.30063 0.23778
v 0.25230 -0.30063 0.22754
v 0.29597 -0.30063 0.21032
v 0.33566 -0.30063 0.19021
v 0.37111 -0.30063 0.16771
v 0.40187 -0.30063 0.14309
v 0.42756 -0.30063 0.11668
v 0.44784 -0.30063 0.08880
v 0.46243 -0.30063 0.05981
v 0.47115 -0.30063 0.03008
v 0.47387 -0.30063 0.00000
v 0.47055 -0.30063 -0.03004
v 0.46122 -0.30063 -0.05966
v 0.44602 -0.30063 -0.08844
v 0.42514 -0.30063 -0.11602
v 0.39889 -0.30063 -0.14203
v 0.36764 -0.30063 -0.16614
v 0.33184 -0.30063 -0.18805
v 0.29200 -0.30063 -0.20749
v 0.24866 -0.30063 -0.22426
v 0.20240 -0.30063 -0.23817
v 0.15382 -0.30063 -0.24911
v 0.10351 -0.30063 -0.25698
v 0.05207 -0.30063 -0.26188
v 0.00000 -0.30063 -0.26444
v -0.05207 -0.30063 -0.26188
v -0.10351 -0.30063 -0.25698
v -0.15382 -0.30063 -0.24911
v -0.20240 -0.30063 -0.23817
v -0.24866 -0.30063 -0.22426
v -0.29200 -0.30063 -0.20749
v -0.33184 -0.30063 -0.18805
v -0.36764 -0.30063 -0.16614
v -0.39889 -0.30063 -0.14203
v -0.42514 -0.30063 -0.11602
v -0.44602 -0.30063 -0.08844
v -0.46122 -0.30063 -0.05966
v -0.47055 -0.30063 -0.03004
v -0.47387 -0.30063 -0.00000
v -0.48207 -0.26899 0.00000
v -0.47923 -0.26899 0.03072
v -0.47031 -0.26899 0.06107
v -0.45543 -0.26899 0.09066
v -0.43478 -0.26899 0.11912
v -0.40865 -0.26899 0.14607
v -0.37735 -0.26899 0.17120
v -0.34130 -0.26899 0.19416
v -0.30094 -0.26899 0.21468
v -0.25653 -0.26899 0.23226
v -0.20546 -0.26899 0.24272
v -0.15006 -0.26899 0.24396
v -0.10443 -0.26899 0.26029
v -0.05594 -0.26899 0.28243
v -0.00000 -0.26899 0.29656
v 0.05594 -0.26899 0.28243
v 0.10443 -0.26899 0.26029
v 0.15006 -0.26899 0.24396
v 0.20546 -0.26899 0.24272
v 0.25653 -0.26899 0.23226
v 0.30094 -0.26899 0.21468
v 0.34130 -0.26899 0.19416
v 0.37735 -0.26899 0.17120
v 0.40865 -0.26899 0.14607
v 0.43478 -0.26899 0.11912
v 0.45543 -0.26899 0.09066
v 0.47031 -0.26899 0.06107
v 0.47923 -0.26899 0.03072
v 0.48207 -0.26899 0.00000
v 0.47879 -0.26899 -0.03069
v 0.46942 -0.26899 -0.06095
v 0.45409 -0.26899 -0.09039
v 0.43301 -0.26899 -0.11863
v 0.40646 -0.26899 -0.14529
v 0.37481 -0.26899 -0.17004
v 0.33850 -0.26899 -0.19257
v 0.29803 -0.26899 -0.21261
v 0.25394 -0.26899 -0.22992
v 0.20682 -0.26899 -0.24432
v 0.15725 -0.26899 -0.25565
v 0.10585 -0.26899 -0.26383
v 0.05327 -0.26899 -0.26895
v 0.00000 -0.26899 -0.27182
v -0.05327 -0.26899 -0.26895
v -0.10585 -0.26899 -0.26383
v -0.15725 -0.26899 -0.25565
v -0.20682 -0.26899 -0.24432
v -0.25394 -0.26899 -0.22992
v -0.29803 -0.26899 -0.21261
v -0.33850 -0.26899 -0.19257
v -0.37481 -0.26899 -0.17004
v -0.40646 -0.26899 -0.14529
v -0.43301 -0.26899 -0.11863
v -0.45409 -0.26899 -0.09039
v -0.46942 -0.26899 -0.06095
v -0.47879 -0.26899 -0.03069
v -0.48207 -0.26899 -0.00000
v -0.48886 -0.23734 0.00000
v -0.48593 -0.23734 0.03131
v -0.47684 -0.23734 0.06224
v -0.46172 -0.23734 0.09239
v -0.44077 -0.23734 0.12138
v -0.41426 -0.23734 0.14885
v -0.38253 -0.23734 0.17445
v -0.34598 -0.23734 0.19785
v -0.30507 -0.23734 0.21876
v -0.26005 -0.23734 0.23667
v -0.20828 -0.23734 0.24732
v -0.15211 -0.23734 0.24859
v -0.10586 -0.23734 0.26523
v -0.05670 -0.23734 0.28778
v -0.00000 -0.23734 0.30218
v 0.05670 -0.23734 0.28778
v 0.10586 -0.23734 0.26523
v 0.15211 -0.23734 0.24859
v 0.20828 -0.23734 0.24732
v 0.26005 -0.23734 0.23667
v 0.30507 -0.23734 0.21876
v 0.34598 -0.23734 0.19785
v 0.38253 -0.23734 0.17445
v 0.41426 -0.23734 0.14885
v 0.44077 -0.23734 0.12138
v 0.46172 -0.23734 0.09239
v 0.47684 -0.23734 0.06224
v 0.48593 -0.23734 0.03131
v 0.48886 -0.23734 0.00000
v 0.48561 -0.23734 -0.03129
v 0.47620 -0.23734 -0.06215
v 0.46077 -0.23734 -0.09220
v 0.43950 -0.23734 -0.12103
v 0.41270 -0.23734 -0.14829
v 0.38072 -0.23734 -0.17362
v 0.34398 -0.23734 -0.19670
v 0.30299 -0.23734 -0.21726
v 0.25828 -0.23734 -0.23506
v 0.21043 -0.23734 -0.24988
v 0.16005 -0.23734 -0.26156
v 0.10777 -0.23734 -0.27000
v 0.05425 -0.23734 -0.27533
v 0.00000 -0.23734 -0.27855
v -0.05425 -0.23734 -0.27533
v -0.10777 -0.23734 -0.27000
v -0.16005 -0.23734 -0.26156
v -0.21043 -0.23734 -0.24988
v -0.25828 -0.23734 -0.23506
v -0.30299 -0.23734 -0.21726
v -0.34398 -0.23734 -0.19670
v -0.38072 -0.23734 -0.17362
v -0.41270 -0.23734 -0.14829
v -0.43950 -0.23734 -0.12103
v -0.46077 -0.23734 -0.09220
v -0.47620 -0.23734 -0.06215
v -0.48561 -0.23734 -0.03129
v -0.48886 -0.23734 -0.00000
v -0.49411 -0.20570 0.00000
v -0.49110 -0.20570 0.03185
v -0.48188 -0.20570 0.06330
v -0.46659 -0.20570 0.09396
v -0.44540 -0.20570 0.12345
v -0.41861 -0.20570 0.15138
v -0.38654 -0.20570 0.17741
v -0.34960 -0.20570 0.20121
v -0.30826 -0.20570 0.22247
v -0.26277 -0.20570 0.24068
v -0.21045 -0.20570 0.25151
v -0.15370 -0.20570 0.25281
v -0.10700 -0.20570 0.26981
v -0.05746 -0.20570 0.29351
v -0.00000 -0.20570 0.30911
v 0.05746 -0.20570 0.29351
v 0.10700 -0.20570 0.26981
v 0.15370 -0.20570 0.25281
v 0.21045 -0.20570 0.25151
v 0.26277 -0.20570 0.24068
v 0.30826 -0.20570 0.22247
v 0.34960 -0.20570 0.20121
v 0.38654 -0.20570 0.17741
v 0.41861 -0.20570 0.15138
v 0.44540 -0.20570 0.12345
v 0.46659 -0.20570 0.09396
v 0.48188 -0.20570 0.06330
v 0.49110 -0.20570 0.03185
v 0.49411 -0.20570 0.00000
v 0.49088 -0.20570 -0.03183
v 0.48144 -0.20570 -0.06324
v 0.46592 -0.20570 -0.09383
v 0.44452 -0.20570 -0.12320
v 0.41752 -0.20570 -0.15099
v 0.38527 -0.20570 -0.17683
v 0.34821 -0.20570 -0.20040
v 0.30681 -0.20570 -0.22142
v 0.26162 -0.20570 -0.23963
v 0.21322 -0.20570 -0.25482
v 0.16221 -0.20570 -0.26680
v 0.10924 -0.20570 -0.27546
v 0.05501 -0.20570 -0.28099
v 0.00000 -0.20570 -0.28459
v -0.05501 -0.20570 -0.28099
v -0.10924 -0.20570 -0.27546
v -0.16221 -0.20570 -0.26680
v -0.21322 -0.20570 -0.25482
v -0.26162 -0.20570 -0.23963
v -0.30681 -0.20570 -0.22142
v -0.34821 -0.20570 -0.20040
v -0.38527 -0.20570 -0.17683
v -0.41752 -0.20570 -0.15099
v -0.44452 -0.20570 -0.12320
v -0.46592 -0.20570 -0.09383
v -0.48144 -0.20570 -0.06324
v -0.49088 -0.20570 -0.03183
v -0.49411 -0.20570 -0.00000
v -0.49771 -0.17405 0.00000
v -0.49465 -0.17405 0.03232
v -0.48534 -0.17405 0.06424
v -0.46992 -0.17405 0.09536
v -0.44858 -0.17405 0.12528
v -0.42158 -0.17405 0.15363
v -0.38928 -0.17405 0.18004
v -0.35208 -0.17405 0.20419
v -0.31044 -0.17405 0.22576
v -0.26463 -0.17405 0.24425
v -0.21194 -0.17405 0.25524
v -0.15480 -0.17405 0.25657
v -0.10811 -0.17405 0.27470
v -0.05952 -0.17405 0.30636
v -0.00000 -0.17405 0.33171
v 0.05952 -0.17405 0.30636
v 0.10811 -0.17405 0.27470
v 0.15480 -0.17405 0.25657
v 0.21194 -0.17405 0.25524
v 0.26463 -0.17405 0.24425
v 0.31044 -0.17405 0.22576
v 0.35208 -0.17405 0.20419
v 0.38928 -0.17405 0.18004
v 0.42158 -0.17405 0.15363
v 0.44858 -0.17405 0.12528
v 0.46992 -0.17405 0.09536
v 0.48534 -0.17405 0.06424
v 0.49465 -0.17405 0.03232
v 0.49771 -0.17405 0.00000
v 0.49450 -0.17405 -0.03231
v 0.48504 -0.17405 -0.06420
v 0.46947 -0.17405 -0.09527
v 0.44798 -0.17405 -0.12511
v 0.42084 -0.17405 -0.15336
v 0.38842 -0.17405 -0.17964
v 0.35113 -0.17405 -0.20364
v 0.30946 -0.17405 -0.22505
v 0.26394 -0.17405 -0.24361
v 0.21516 -0.17405 -0.25910
v 0.16372 -0.17405 -0.27134
v 0.11027 -0.17405 -0.28019
v 0.05554 -0.17405 -0.28589
v 0.00000 -0.17405 -0.28993
v -0.05554 -0.17405 -0.28589
v -0.11027 -0.17405 -0.28019
v -0.16372 -0.17405 -0.27134
v -0.21516 -0.17405 -0.25910
v -0.26394 -0.17405 -0.24361
v -0.30946 -0.17405 -0.22505
v -0.35113 -0.17405 -0.20364
v -0.38842 -0.17405 -0.17964
v -0.42084 -0.17405 -0.15336
v -0.44798 -0.17405 -0.12511
v -0.46947 -0.17405 -0.09527
v -0.48504 -0.17405 -0.06420
v -0.49450 -0.17405 -0.03231
v -0.49771 -0.17405 -0.00000
v -0.49960 -0.14241 0.00000
v -0.49650 -0.14241 0.03273
v -0.48714 -0.14241 0.06505
v -0.47165 -0.14241 0.09656
v -0.45022 -0.14241 0.12685
v -0.42313 -0.14241 0.15555
v -0.39070 -0.14241 0.18229
v -0.35336 -0.14241 0.20674
v -0.31158 -0.14241 0.22859
v -0.26559 -0.14241 0.24730
v -0.21272 -0.14241 0.25843
v -0.15537 -0.14241 0.25978
v -0.10853 -0.14241 0.27820
v -0.05985 -0.14241 0.31080
v -0.00000 -0.14241 0.33714
v 0.05985 -0.14241 0.31080
v 0.10853 -0.14241 0.27820
v 0.15537 -0.14241 0.25978
v 0.21272 -0.14241 0.25843
v 0.26559 -0.14241 0.24730
v 0.31158 -0.14241 0.22859
v 0.35336 -0.14241 0.20674
v 0.39070 -0.14241 0.18229
v 0.42313 -0.14241 0.15555
v 0.45022 -0.14241 0.12685
v 0.47165 -0.14241 0.09656
v 0.48714 -0.14241 0.06505
v 0.49650 -0.14241 0.03273
v 0.49960 -0.14241 0.00000
v 0.49640 -0.14241 -0.03272
v 0.48695 -0.14241 -0.06503
v 0.47135 -0.14241 -0.09650
v 0.44983 -0.14241 -0.12674
v 0.42264 -0.14241 -0.15537
v 0.39013 -0.14241 -0.18203
v 0.35274 -0.14241 -0.20638
v 0.31093 -0.14241 -0.22811
v 0.26523 -0.14241 -0.24697
v 0.21624 -0.14241 -0.26272
v 0.16457 -0.14241 -0.27516
v 0.11085 -0.14241 -0.28416
v 0.05585 -0.14241 -0.29003
v 0.00000 -0.14241 -0.29453
v -0.05585 -0.14241 -0.29003
v -0.11085 -0.14241 -0.28416
v -0.16457 -0.14241 -0.27516
v -0.21624 -0.14241 -0.26272
v -0.26523 -0.14241 -0.24697
v -0.31093 -0.14241 -0.22811
v -0.35274 -0.14241 -0.20638
v -0.39013 -0.14241 -0.18203
v -0.42264 -0.14241 -0.15537
v -0.44983 -0.14241 -0.12674
v -0.47135 -0.14241 -0.09650
v -0.48695 -0.14241 -0.06503
v -0.49640 -0.14241 -0.03272
v -0.49960 -0.14241 -0.00000
v -0.50008 -0.11076 0.00000
v -0.49696 -0.11076 0.03306
v -0.48758 -0.11076 0.06571
v -0.47207 -0.11076 0.09754
v -0.45062 -0.11076 0.12814
v -0.42349 -0.11076 0.15713
v -0.39104 -0.11076 0.18414
v -0.35367 -0.11076 0.20884
v -0.31185 -0.11076 0.23091
v -0.26582 -0.11076 0.24981
v -0.21290 -0.11076 0.26105
v -0.15549 -0.11076 0.26239
v -0.10830 -0.11076 0.28018
v -0.05838 -0.11076 0.30596
v -0.00000 -0.11076 0.32362
v 0.05838 -0.11076 0.30596
v 0.10830 -0.11076 0.28018
v 0.15549 -0.11076 0.26239
v 0.21290 -0.11076 0.26105
v 0.26582 -0.11076 0.24981
v 0.31185 -0.11076 0.23091
v 0.35367 -0.11076 0.20884
v 0.39104 -0.11076 0.18414
v 0.42349 -0.11076 0.15713
v 0.45062 -0.11076 0.12814
v 0.47207 -0.11076 0.09754
v 0.48758 -0.11076 0.06571
v 0.49696 -0.11076 0.03306
v 0.50008 -0.11076 0.00000
v 0.49690 -0.11076 -0.03306
v 0.48746 -0.11076 -0.06570
v 0.47188 -0.11076 -0.09750
v 0.45036 -0.11076 -0.12807
v 0.42318 -0.11076 -0.15701
v 0.39067 -0.11076 -0.18397
v 0.35326 -0.11076 -0.20860
v 0.31143 -0.11076 -0.23060
v 0.26569 -0.11076 -0.24969
v 0.21664 -0.11076 -0.26563
v 0.16488 -0.11076 -0.27824
v 0.11107 -0.11076 -0.28736
v 0.05598 -0.11076 -0.29338
v 0.00000 -0.11076 -0.29840
v -0.05598 -0.11076 -0.29338
v -0.11107 -0.11076 -0.28736
v -0.16488 -0.11076 -0.27824
v -0.21664 -0.11076 -0.26563
v -0.26569 -0.11076 -0.24969
v -0.31143 -0.11076 -0.23060
v -0.35326 -0.11076 -0.20860
v -0.39067 -0.11076 -0.18397
v -0.42318 -0.11076 -0.15701
v -0.45036 -0.11076 -0.12807
v -0.47188 -0.11076 -0.09750
v -0.48746 -0.11076 -0.06570
v -0.49690 -0.11076 -0.03306
v -0.50008 -0.11076 -0.00000
v -0.50328 -0.07911 0.00000
v -0.49962 -0.07911 0.03339
v -0.48978 -0.07911 0.06631
v -0.47392 -0.07911 0.09837
v -0.45221 -0.07911 0.12918
v -0.42490 -0.07911 0.15837
v -0.39229 -0.07911 0.18557
v -0.35478 -0.07911 0.21045
v -0.31282 -0.07911 0.23268
v -0.26665 -0.07911 0.25173
v -0.21356 -0.07911 0.26305
v -0.15597 -0.07911 0.26440
v -0.10854 -0.07911 0.28210
v -0.05814 -0.07911 0.30608
v -0.00000 -0.07911 0.32140
v 0.05814 -0.07911 0.30608
v 0.10854 -0.07911 0.28210
v 0.15597 -0.07911 0.26440
v 0.21356 -0.07911 0.26305
v 0.26665 -0.07911 0.25173
v 0.31282 -0.07911 0.23268
v 0.35478 -0.07911 0.21045
v 0.39229 -0.07911 0.18557
v 0.42490 -0.07911 0.15837
v 0.45221 -0.07911 0.12918
v 0.47392 -0.07911 0.09837
v 0.48978 -0.07911 0.06631
v 0.49962 -0.07911 0.03339
v 0.50328 -0.07911 0.00000
v 0.50064 -0.07911 -0.03346
v 0.49164 -0.07911 -0.06656
v 0.47629 -0.07911 -0.09886
v 0.45475 -0.07911 -0.12991
v 0.42733 -0.07911 -0.15927
v 0.39444 -0.07911 -0.18659
v 0.35660 -0.07911 -0.21153
v 0.31434 -0.07911 -0.23382
v 0.26820 -0.07911 -0.25319
v 0.21873 -0.07911 -0.26942
v 0.16653 -0.07911 -0.28230
v 0.11221 -0.07911 -0.29164
v 0.05658 -0.07911 -0.29789
v 0.00000 -0.07911 -0.30348
v -0.05658 -0.07911 -0.29789
v -0.11221 -0.07911 -0.29164
v -0.16653 -0.07911 -0.28230
v -0.21873 -0.07911 -0.26942
v -0.26820 -0.07911 -0.25319
v -0.31434 -0.07911 -0.23382
v -0.35660 -0.07911 -0.21153
v -0.39444 -0.07911 -0.18659
v -0.42733 -0.07911 -0.15927
v -0.45475 -0.07911 -0.12991
v -0.47629 -0.07911 -0.09886
v -0.49164 -0.07911 -0.06656
v -0.50064 -0.07911 -0.03346
v -0.50328 -0.07911 -0.00000
v -0.51614 -0.04747 0.00000
v -0.50933 -0.04747 0.03401
v -0.49688 -0.04747 0.06720
v -0.47911 -0.04747 0.09935
v -0.45615 -0.04747 0.13017
v -0.42806 -0.04747 0.15939
v -0.39495 -0.04747 0.18664
v -0.35707 -0.04747 0.21159
v -0.31479 -0.04747 0.23391
v -0.26831 -0.04747 0.25304
v -0.21488 -0.04747 0.26441
v -0.15693 -0.04747 0.26576
v -0.10921 -0.04747 0.28355
v -0.05850 -0.04747 0.30766
v -0.00000 -0.04747 0.32305
v 0.05850 -0.04747 0.30766
v 0.10921 -0.04747 0.28355
v 0.15693 -0.04747 0.26576
v 0.21488 -0.04747 0.26441
v 0.26831 -0.04747 0.25304
v 0.31479 -0.04747 0.23391
v 0.35707 -0.04747 0.21159
v 0.39495 -0.04747 0.18664
v 0.42806 -0.04747 0.15939
v 0.45615 -0.04747 0.13017
v 0.47911 -0.04747 0.09935
v 0.49688 -0.04747 0.06720
v 0.50933 -0.04747 0.03401
v 0.51614 -0.04747 0.00000
v 0.51673 -0.04747 -0.03450
v 0.51037 -0.04747 -0.06903
v 0.49649 -0.04747 -0.10295
v 0.47499 -0.04747 -0.13555
v 0.44635 -0.04747 -0.16620
v 0.41149 -0.04747 -0.19446
v 0.37147 -0.04747 -0.22013
v 0.32715 -0.04747 -0.24310
v 0.27914 -0.04747 -0.26326
v 0.22788 -0.04747 -0.28040
v 0.17374 -0.04747 -0.29423
v 0.11725 -0.04747 -0.30441
v 0.05919 -0.04747 -0.31133
v 0.00000 -0.04747 -0.31767
v -0.05919 -0.04747 -0.31133
v -0.11725 -0.04747 -0.30441
v -0.17374 -0.04747 -0.29423
v -0.22788 -0.04747 -0.28040
v -0.27914 -0.04747 -0.26326
v -0.32715 -0.04747 -0.24310
v -0.37147 -0.04747 -0.22013
v -0.41149 -0.04747 -0.19446
v -0.44635 -0.04747 -0.16620
v -0.47499 -0.04747 -0.13555
v -0.49649 -0.04747 -0.10295
v -0.51037 -0.04747 -0.06903
v -0.51673 -0.04747 -0.03450
v -0.51614 -0.04747 -0.00000
v -0.52780 -0.01582 0.00000
v -0.51866 -0.01582 0.03442
v -0.50424 -0.01582 0.06778
v -0.48500 -0.01582 0.09994
v -0.46103 -0.01582 0.13075
v -0.43224 -0.01582 0.15994
v -0.39862 -0.01582 0.18721
v -0.36030 -0.01582 0.21219
v -0.31760 -0.01582 0.23454
v -0.27069 -0.01582 0.25371
v -0.21678 -0.01582 0.26510
v -0.15832 -0.01582 0.26645
v -0.11018 -0.01582 0.28428
v -0.05901 -0.01582 0.30845
v -0.00000 -0.01582 0.32388
v 0.05901 -0.01582 0.30845
v 0.11018 -0.01582 0.28428
v 0.15832 -0.01582 0.26645
v 0.21678 -0.01582 0.26510
v 0.27069 -0.01582 0.25371
v 0.31760 -0.01582 0.23454
v 0.36030 -0.01582 0.21219
v 0.39862 -0.01582 0.18721
v 0.43224 -0.01582 0.15994
v 0.46103 -0.01582 0.13075
v 0.48500 -0.01582 0.09994
v 0.50424 -0.01582 0.06778
v 0.51866 -0.01582 0.03442
v 0.52780 -0.01582 0.00000
v 0.53075 -0.01582 -0.03522
v 0.52630 -0.01582 -0.07074
v 0.51344 -0.01582 -0.10580
v 0.49188 -0.01582 -0.13950
v 0.46222 -0.01582 -0.17104
v 0.42577 -0.01582 -0.19996
v 0.38396 -0.01582 -0.22612
v 0.33794 -0.01582 -0.24956
v 0.28837 -0.01582 -0.27027
v 0.23556 -0.01582 -0.28806
v 0.17977 -0.01582 -0.30256
v 0.12144 -0.01582 -0.31334
v 0.06137 -0.01582 -0.32076
v 0.00000 -0.01582 -0.32783
v -0.06137 -0.01582 -0.32076
v -0.12144 -0.01582 -0.31334
v -0.17977 -0.01582 -0.30256
v -0.23556 -0.01582 -0.28806
v -0.28837 -0.01582 -0.27027
v -0.33794 -0.01582 -0.24956
v -0.38396 -0.01582 -0.22612
v -0.42577 -0.01582 -0.19996
v -0.46222 -0.01582 -0.17104
v -0.49188 -0.01582 -0.13950
v -0.51344 -0.01582 -0.10580
v -0.52630 -0.01582 -0.07074
v -0.53075 -0.01582 -0.03522
v -0.52780 -0.01582 -0.00000
v -0.52464 0.01582 0.00000
v -0.51826 0.01582 0.03403
v -0.50603 0.01582 0.06731
v -0.48824 0.01582 0.09956
v -0.46502 0.01582 0.13050
v -0.43649 0.01582 0.15983
v -0.40278 0.01582 0.18718
v -0.36418 0.01582 0.21223
v -0.32106 0.01582 0.23462
v -0.27366 0.01582 0.25380
v -0.21916 0.01582 0.26521
v -0.16006 0.01582 0.26657
v -0.11160 0.01582 0.28494
v -0.06067 0.01582 0.31377
v -0.00000 0.01582 0.33504
v 0.06067 0.01582 0.31377
v 0.11160 0.01582 0.28494
v 0.16006 0.01582 0.26657
v 0.21916 0.01582 0.26521
v 0.27366 0.01582 0.25380
v 0.32106 0.01582 0.23462
v 0.36418 0.01582 0.21223
v 0.40278 0.01582 0.18718
v 0.43649 0.01582 0.15983
v 0.46502 0.01582 0.13050
v 0.48824 0.01582 0.09956
v 0.50603 0.01582 0.06731
v 0.51826 0.01582 0.03403
v 0.52464 0.01582 0.00000
v 0.52466 0.01582 -0.03445
v 0.51769 0.01582 -0.06886
v 0.50326 0.01582 -0.10262
v 0.48132 0.01582 -0.13508
v 0.45232 0.01582 -0.16563
v 0.41711 0.01582 -0.19384
v 0.37665 0.01582 -0.21950
v 0.33179 0.01582 -0.24245
v 0.28312 0.01582 -0.26258
v 0.23109 0.01582 -0.27965
v 0.17616 0.01582 -0.29337
v 0.11885 0.01582 -0.30345
v 0.06003 0.01582 -0.31049
v 0.00000 0.01582 -0.31802
v -0.06003 0.01582 -0.31049
v -0.11885 0.01582 -0.30345
v -0.17616 0.01582 -0.29337
v -0.23109 0.01582 -0.27965
v -0.28312 0.01582 -0.26258
v -0.33179 0.01582 -0.24245
v -0.37665 0.01582 -0.21950
v -0.41711 0.01582 -0.19384
v -0.45232 0.01582 -0.16563
v -0.48132 0.01582 -0.13508
v -0.50326 0.01582 -0.10262
v -0.51769 0.01582 -0.06886
v -0.52466 0.01582 -0.03445
v -0.52464 0.01582 -0.00000
v -0.52219 0.04747 0.00000
v -0.51861 0.04747 0.03366
v -0.50858 0.04747 0.06686
v -0.49222 0.04747 0.09920
v -0.46975 0.04747 0.13029
v -0.44143 0.04747 0.15975
v -0.40760 0.04747 0.18722
v -0.36865 0.04747 0.21233
v -0.32505 0.04747 0.23476
v -0.27707 0.04747 0.25397
v -0.22189 0.04747 0.26538
v -0.16206 0.04747 0.26676
v -0.11324 0.04747 0.28576
v -0.06260 0.04747 0.31999
v -0.00000 0.04747 0.34801
v 0.06260 0.04747 0.31999
v 0.11324 0.04747 0.28576
v 0.16206 0.04747 0.26676
v 0.22189 0.04747 0.26538
v 0.27707 0.04747 0.25397
v 0.32505 0.04747 0.23476
v 0.36865 0.04747 0.21233
v 0.40760 0.04747 0.18722
v 0.44143 0.04747 0.15975
v 0.46975 0.04747 0.13029
v 0.49222 0.04747 0.09920
v 0.50858 0.04747 0.06686
v 0.51861 0.04747 0.03366
v 0.52219 0.04747 0.00000
v 0.51922 0.04747 -0.03370
v 0.50969 0.04747 -0.06700
v 0.49366 0.04747 -0.09949
v 0.47130 0.04747 -0.13072
v 0.44291 0.04747 -0.16029
v 0.40891 0.04747 -0.18782
v 0.36977 0.04747 -0.21297
v 0.32601 0.04747 -0.23545
v 0.27818 0.04747 -0.25499
v 0.22688 0.04747 -0.27135
v 0.17273 0.04747 -0.28431
v 0.11639 0.04747 -0.29370
v 0.05876 0.04747 -0.30037
v 0.00000 0.04747 -0.30836
v -0.05876 0.04747 -0.30037
v -0.11639 0.04747 -0.29370
v -0.17273 0.04747 -0.28431
v -0.22688 0.04747 -0.27135
v -0.27818 0.04747 -0.25499
v -0.32601 0.04747 -0.23545
v -0.36977 0.04747 -0.21297
v -0.40891 0.04747 -0.18782
v -0.44291 0.04747 -0.16029
v -0.47130 0.04747 -0.13072
v -0.49366 0.04747 -0.09949
v -0.50969 0.04747 -0.06700
v -0.51922 0.04747 -0.03370
v -0.52219 0.04747 -0.00000
v -0.52814 0.07911 0.00000
v -0.52482 0.07911 0.03366
v -0.51490 0.07911 0.06689
v -0.49851 0.07911 0.09928
v -0.47585 0.07911 0.13043
v -0.44723 0.07911 0.15995
v -0.41300 0.07911 0.18746
v -0.37357 0.07911 0.21262
v -0.32940 0.07911 0.23510
v -0.28076 0.07911 0.25433
v -0.22484 0.07911 0.26574
v -0.16421 0.07911 0.26710
v -0.11459 0.07911 0.28576
v -0.06274 0.07911 0.31695
v -0.00000 0.07911 0.34113
v 0.06274 0.07911 0.31695
v 0.11459 0.07911 0.28576
v 0.16421 0.07911 0.26710
v 0.22484 0.07911 0.26574
v 0.28076 0.07911 0.25433
v 0.32940 0.07911 0.23510
v 0.37357 0.07911 0.21262
v 0.41300 0.07911 0.18746
v 0.44723 0.07911 0.15995
v 0.47585 0.07911 0.13043
v 0.49851 0.07911 0.09928
v 0.51490 0.07911 0.06689
v 0.52482 0.07911 0.03366
v 0.52814 0.07911 0.00000
v 0.52481 0.07911 -0.03366
v 0.51489 0.07911 -0.06689
v 0.49849 0.07911 -0.09928
v 0.47583 0.07911 -0.13042
v 0.44717 0.07911 -0.15993
v 0.41290 0.07911 -0.18742
v 0.37343 0.07911 -0.21255
v 0.32927 0.07911 -0.23501
v 0.28097 0.07911 -0.25451
v 0.22913 0.07911 -0.27081
v 0.17442 0.07911 -0.28371
v 0.11751 0.07911 -0.29304
v 0.05934 0.07911 -0.29977
v 0.00000 0.07911 -0.30838
v -0.05934 0.07911 -0.29977
v -0.11751 0.07911 -0.29304
v -0.17442 0.07911 -0.28371
v -0.22913 0.07911 -0.27081
v -0.28097 0.07911 -0.25451
v -0.32927 0.07911 -0.23501
v -0.37343 0.07911 -0.21255
v -0.41290 0.07911 -0.18742
v -0.44717 0.07911 -0.15993
v -0.47583 0.07911 -0.13042
v -0.49849 0.07911 -0.09928
v -0.51489 0.07911 -0.06689
v -0.52481 0.07911 -0.03366
v -0.52814 0.07911 -0.00000
v -0.53513 0.11076 0.00000
v -0.53177 0.11076 0.03372
v -0.52172 0.11076 0.06702
v -0.50511 0.11076 0.09947
v -0.48217 0.11076 0.13068
v -0.45319 0.11076 0.16026
v -0.41854 0.11076 0.18784
v -0.37861 0.11076 0.21307
v -0.33385 0.11076 0.23560
v -0.28454 0.11076 0.25485
v -0.22785 0.11076 0.26627
v -0.16638 0.11076 0.26759
v -0.11578 0.11076 0.28548
v -0.06201 0.11076 0.30974
v -0.00000 0.11076 0.32524
v 0.06201 0.11076 0.30974
v 0.11578 0.11076 0.28548
v 0.16638 0.11076 0.26759
v 0.22785 0.11076 0.26627
v 0.28454 0.11076 0.25485
v 0.33385 0.11076 0.23560
v 0.37861 0.11076 0.21307
v 0.41854 0.11076 0.18784
v 0.45319 0.11076 0.16026
v 0.48217 0.11076 0.13068
v 0.50511 0.11076 0.09947
v 0.52172 0.11076 0.06702
v 0.53177 0.11076 0.03372
v 0.53513 0.11076 0.00000
v 0.53176 0.11076 -0.03372
v 0.52171 0.11076 -0.06701
v 0.50510 0.11076 -0.09947
v 0.48213 0.11076 -0.13067
v 0.45310 0.11076 -0.16023
v 0.41837 0.11076 -0.18777
v 0.37839 0.11076 -0.21295
v 0.33364 0.11076 -0.23545
v 0.28470 0.11076 -0.25499
v 0.23218 0.11076 -0.27133
v 0.17673 0.11076 -0.28425
v 0.11907 0.11076 -0.29360
v 0.06015 0.11076 -0.30044
v 0.00000 0.11076 -0.30968
v -0.06015 0.11076 -0.30044
v -0.11907 0.11076 -0.29360
v -0.17673 0.11076 -0.28425
v -0.23218 0.11076 -0.27133
v -0.28470 0.11076 -0.25499
v -0.33364 0.11076 -0.23545
v -0.37839 0.11076 -0.21295
v -0.41837 0.11076 -0.18777
v -0.45310 0.11076 -0.16023
v -0.48213 0.11076 -0.13067
v -0.50510 0.11076 -0.09947
v -0.52171 0.11076 -0.06701
v -0.53176 0.11076 -0.03372
v -0.53513 0.11076 -0.00000
v -0.54184 0.14241 0.00000
v -0.53844 0.14241 0.03380
v -0.52826 0.14241 0.06717
v -0.51145 0.14241 0.09970
v -0.48824 0.14241 0.13099
v -0.45894 0.14241 0.16066
v -0.42392 0.14241 0.18834
v -0.38353 0.14241 0.21367
v -0.33820 0.14241 0.23627
v -0.28822 0.14241 0.25555
v -0.23076 0.14241 0.26695
v -0.16848 0.14241 0.26825
v -0.11723 0.14241 0.28616
v -0.06279 0.14241 0.31047
v -0.00000 0.14241 0.32601
v 0.06279 0.14241 0.31047
v 0.11723 0.14241 0.28616
v 0.16848 0.14241 0.26825
v 0.23076 0.14241 0.26695
v 0.28822 0.14241 0.25555
v 0.33820 0.14241 0.23627
v 0.38353 0.14241 0.21367
v 0.42392 0.14241 0.18834
v 0.45894 0.14241 0.16066
v 0.48824 0.14241 0.13099
v 0.51145 0.14241 0.09970
v 0.52826 0.14241 0.06717
v 0.53844 0.14241 0.03380
v 0.54184 0.14241 0.00000
v 0.53844 0.14241 -0.03380
v 0.52826 0.14241 -0.06717
v 0.51143 0.14241 -0.09970
v 0.48818 0.14241 -0.13098
v 0.45879 0.14241 -0.16060
v 0.42363 0.14241 -0.18821
v 0.38314 0.14241 -0.21345
v 0.33783 0.14241 -0.23601
v 0.28827 0.14241 -0.25560
v 0.23509 0.14241 -0.27197
v 0.17896 0.14241 -0.28492
v 0.12057 0.14241 -0.29430
v 0.06093 0.14241 -0.30125
v 0.00000 0.14241 -0.31111
v -0.06093 0.14241 -0.30125
v -0.12057 0.14241 -0.29430
v -0.17896 0.14241 -0.28492
v -0.23509 0.14241 -0.27197
v -0.28827 0.14241 -0.25560
v -0.33783 0.14241 -0.23601
v -0.38314 0.14241 -0.21345
v -0.42363 0.14241 -0.18821
v -0.45879 0.14241 -0.16060
v -0.48818 0.14241 -0.13098
v -0.51143 0.14241 -0.09970
v -0.52826 0.14241 -0.06717
v -0.53844 0.14241 -0.03380
v -0.54184 0.14241 -0.00000
v -0.54791 0.17405 0.00000
v -0.54447 0.17405 0.03389
v -0.53418 0.17405 0.06736
v -0.51719 0.17405 0.09998
v -0.49375 0.17405 0.13136
v -0.46419 0.17405 0.16114
v -0.42887 0.17405 0.18895
v -0.38811 0.17405 0.21442
v -0.34226 0.17405 0.23711
v -0.29163 0.17405 0.25642
v -0.23343 0.17405 0.26779
v -0.17039 0.17405 0.26903
v -0.11855 0.17405 0.28696
v -0.06349 0.17405 0.31133
v -0.00000 0.17405 0.32691
v 0.06349 0.17405 0.31133
v 0.11855 0.17405 0.28696
v 0.17039 0.17405 0.26903
v 0.23343 0.17405 0.26779
v 0.29163 0.17405 0.25642
v 0.34226 0.17405 0.23711
v 0.38811 0.17405 0.21442
v 0.42887 0.17405 0.18895
v 0.46419 0.17405 0.16114
v 0.49375 0.17405 0.13136
v 0.51719 0.17405 0.09998
v 0.53418 0.17405 0.06736
v 0.54447 0.17405 0.03389
v 0.54791 0.17405 0.00000
v 0.54446 0.17405 -0.03389
v 0.53417 0.17405 -0.06736
v 0.51716 0.17405 -0.09998
v 0.49365 0.17405 -0.13134
v 0.46393 0.17405 -0.16105
v 0.42837 0.17405 -0.18873
v 0.38743 0.17405 -0.21404
v 0.34161 0.17405 -0.23666
v 0.29150 0.17405 -0.25630
v 0.23773 0.17405 -0.27272
v 0.18096 0.17405 -0.28571
v 0.12192 0.17405 -0.29511
v 0.06163 0.17405 -0.30217
v 0.00000 0.17405 -0.31262
v -0.06163 0.17405 -0.30217
v -0.12192 0.17405 -0.29511
v -0.18096 0.17405 -0.28571
v -0.23773 0.17405 -0.27272
v -0.29150 0.17405 -0.25630
v -0.34161 0.17405 -0.23666
v -0.38743 0.17405 -0.21404
v -0.42837 0.17405 -0.18873
v -0.46393 0.17405 -0.16105
v -0.49365 0.17405 -0.13134
v -0.51716 0.17405 -0.09998
v -0.53417 0.17405 -0.06736
v -0.54446 0.17405 -0.03389
v -0.54791 0.17405 -0.00000
v -0.55300 0.20570 0.00000
v -0.54953 0.20570 0.03400
v -0.53914 0.20570 0.06756
v -0.52201 0.20570 0.10029
v -0.49840 0.20570 0.13178
v -0.46868 0.20570 0.16169
v -0.43320 0.20570 0.18968
v -0.39217 0.20570 0.21532
v -0.34588 0.20570 0.23814
v -0.29464 0.20570 0.25746
v -0.23573 0.20570 0.26876
v -0.17202 0.20570 0.26992
v -0.11966 0.20570 0.28785
v -0.06409 0.20570 0.31229
v -0.00000 0.20570 0.32791
v 0.06409 0.20570 0.31229
v 0.11966 0.20570 0.28785
v 0.17202 0.20570 0.26992
v 0.23573 0.20570 0.26876
v 0.29464 0.20570 0.25746
v 0.34588 0.20570 0.23814
v 0.39217 0.20570 0.21532
v 0.43320 0.20570 0.18968
v 0.46868 0.20570 0.16169
v 0.49840 0.20570 0.13178
v 0.52201 0.20570 0.10029
v 0.53914 0.20570 0.06756
v 0.54953 0.20570 0.03400
v 0.55300 0.20570 0.00000
v 0.54952 0.20570 -0.03400
v 0.53914 0.20570 -0.06756
v 0.52197 0.20570 -0.10028
v 0.49824 0.20570 -0.13174
v 0.46824 0.20570 -0.16154
v 0.43235 0.20570 -0.18931
v 0.39103 0.20570 -0.21470
v 0.34479 0.20570 -0.23738
v 0.29421 0.20570 -0.25709
v 0.23994 0.20570 -0.27356
v 0.18264 0.20570 -0.28659
v 0.12306 0.20570 -0.29602
v 0.06222 0.20570 -0.30318
v 0.00000 0.20570 -0.31417
v -0.06222 0.20570 -0.30318
v -0.12306 0.20570 -0.29602
v -0.18264 0.20570 -0.28659
v -0.23994 0.20570 -0.27356
v -0.29421 0.20570 -0.25709
v -0.34479 0.20570 -0.23738
v -0.39103 0.20570 -0.21470
v -0.43235 0.20570 -0.18931
v -0.46824 0.20570 -0.16154
v -0.49824 0.20570 -0.13174
v -0.52197 0.20570 -0.10028
v -0.53914 0.20570 -0.06756
v -0.54952 0.20570 -0.03400
v -0.55300 0.20570 -0.00000
v -0.55684 0.23734 0.00000
v -0.55334 0.23734 0.03410
v -0.54289 0.23734 0.06778
v -0.52566 0.23734 0.10062
v -0.50196 0.23734 0.13223
v -0.47221 0.23734 0.16231
v -0.43673 0.23734 0.19052
v -0.39561 0.23734 0.21641
v -0.34897 0.23734 0.23937
v -0.29715 0.23734 0.25869
v -0.23759 0.23734 0.26987
v -0.17330 0.23734 0.27091
v -0.12089 0.23734 0.28974
v -0.06635 0.23734 0.32212
v -0.00000 0.23734 0.34766
v 0.06635 0.23734 0.32212
v 0.12089 0.23734 0.28974
v 0.17330 0.23734 0.27091
v 0.23759 0.23734 0.26987
v 0.29715 0.23734 0.25869
v 0.34897 0.23734 0.23937
v 0.39561 0.23734 0.21641
v 0.43673 0.23734 0.19052
v 0.47221 0.23734 0.16231
v 0.50196 0.23734 0.13223
v 0.52566 0.23734 0.10062
v 0.54289 0.23734 0.06778
v 0.55334 0.23734 0.03410
v 0.55684 0.23734 0.00000
v 0.55334 0.23734 -0.03410
v 0.54288 0.23734 -0.06778
v 0.52559 0.23734 -0.10060
v 0.50169 0.23734 -0.13216
v 0.47149 0.23734 -0.16206
v 0.43535 0.23734 -0.18992
v 0.39374 0.23734 -0.21539
v 0.34718 0.23734 -0.23815
v 0.29626 0.23734 -0.25791
v 0.24160 0.23734 -0.27444
v 0.18391 0.23734 -0.28751
v 0.12391 0.23734 -0.29697
v 0.06266 0.23734 -0.30423
v 0.00000 0.23734 -0.31570
v -0.06266 0.23734 -0.30423
v -0.12391 0.23734 -0.29697
v -0.18391 0.23734 -0.28751
v -0.24160 0.23734 -0.27444
v -0.29626 0.23734 -0.25791
v -0.34718 0.23734 -0.23815
v -0.39374 0.23734 -0.21539
v -0.43535 0.23734 -0.18992
v -0.47149 0.23734 -0.16206
v -0.50169 0.23734 -0.13216
v -0.52559 0.23734 -0.10060
v -0.54288 0.23734 -0.06778
v -0.55334 0.23734 -0.03410
v -0.55684 0.23734 -0.00000
v -0.55922 0.26899 0.00000
v -0.55570 0.26899 0.03422
v -0.54522 0.26899 0.06800
v -0.52795 0.26899 0.10095
v -0.50426 0.26899 0.13270
v -0.47464 0.26899 0.16298
v -0.43939 0.26899 0.19148
v -0.39838 0.26899 0.21770
v -0.35149 0.26899 0.24086
v -0.29911 0.26899 0.26014
v -0.23892 0.26899 0.27112
v -0.17414 0.26899 0.27196
v -0.12153 0.26899 0.29098
v -0.06711 0.26899 0.32548
v -0.00000 0.26899 0.35367
v 0.06711 0.26899 0.32548
v 0.12153 0.26899 0.29098
v 0.17414 0.26899 0.27196
v 0.23892 0.26899 0.27112
v 0.29911 0.26899 0.26014
v 0.35149 0.26899 0.24086
v 0.39838 0.26899 0.21770
v 0.43939 0.26899 0.19148
v 0.47464 0.26899 0.16298
v 0.50426 0.26899 0.13270
v 0.52795 0.26899 0.10095
v 0.54522 0.26899 0.06800
v 0.55570 0.26899 0.03422
v 0.55922 0.26899 0.00000
v 0.55570 0.26899 -0.03422
v 0.54519 0.26899 -0.06800
v 0.52783 0.26899 -0.10093
v 0.50384 0.26899 -0.13259
v 0.47350 0.26899 -0.16259
v 0.43721 0.26899 -0.19054
v 0.39542 0.26899 -0.21609
v 0.34866 0.26899 -0.23892
v 0.29752 0.26899 -0.25875
v 0.24263 0.26899 -0.27533
v 0.18470 0.26899 -0.28845
v 0.12444 0.26899 -0.29794
v 0.06294 0.26899 -0.30528
v 0.00000 0.26899 -0.31716
v -0.06294 0.26899 -0.30528
v -0.12444 0.26899 -0.29794
v -0.18470 0.26899 -0.28845
v -0.24263 0.26899 -0.27533
v -0.29752 0.26899 -0.25875
v -0.34866 0.26899 -0.23892
v -0.39542 0.26899 -0.21609
v -0.43721 0.26899 -0.19054
v -0.47350 0.26899 -0.16259
v -0.50384 0.26899 -0.13259
v -0.52783 0.26899 -0.10093
v -0.54519 0.26899 -0.06800
v -0.55570 0.26899 -0.03422
v -0.55922 0.26899 -0.00000
v -0.56142 0.30063 0.00000
v -0.55745 0.30063 0.03438
v -0.54659 0.30063 0.06830
v -0.52908 0.30063 0.10135
v -0.50536 0.30063 0.13323
v -0.47598 0.30063 0.16373
v -0.44118 0.30063 0.19260
v -0.40049 0.30063 0.21924
v -0.35347 0.30063 0.24264
v -0.30053 0.30063 0.26183
v -0.23972 0.30063 0.27251
v -0.17452 0.30063 0.27304
v -0.12142 0.30063 0.29122
v -0.06574 0.30063 0.31940
v -0.00000 0.30063 0.33968
v 0.06574 0.30063 0.31940
v 0.12142 0.30063 0.29122
v 0.17452 0.30063 0.27304
v 0.23972 0.30063 0.27251
v 0.30053 0.30063 0.26183
v 0.35347 0.30063 0.24264
v 0.40049 0.30063 0.21924
v 0.44118 0.30063 0.19260
v 0.47598 0.30063 0.16373
v 0.50536 0.30063 0.13323
v 0.52908 0.30063 0.10135
v 0.54659 0.30063 0.06830
v 0.55745 0.30063 0.03438
v 0.56142 0.30063 0.00000
v 0.55837 0.30063 -0.03444
v 0.54824 0.30063 -0.06850
v 0.53108 0.30063 -0.10173
v 0.50707 0.30063 -0.13368
v 0.47654 0.30063 -0.16392
v 0.43994 0.30063 -0.19206
v 0.39781 0.30063 -0.21778
v 0.35072 0.30063 -0.24076
v 0.29928 0.30063 -0.26074
v 0.24410 0.30063 -0.27748
v 0.18585 0.30063 -0.29075
v 0.12524 0.30063 -0.30038
v 0.06336 0.30063 -0.30786
v 0.00000 0.30063 -0.32009
v -0.06336 0.30063 -0.30786
v -0.12524 0.30063 -0.30038
v -0.18585 0.30063 -0.29075
v -0.24410 0.30063 -0.27748
v -0.29928 0.30063 -0.26074
v -0.35072 0.30063 -0.24076
v -0.39781 0.30063 -0.21778
v -0.43994 0.30063 -0.19206
v -0.47654 0.30063 -0.16392
v -0.50707 0.30063 -0.13368
v -0.53108 0.30063 -0.10173
v -0.54824 0.30063 -0.06850
v -0.55837 0.30063 -0.03444
v -0.56142 0.30063 -0.00000
v -0.57437 0.33228 0.00000
v -0.56665 0.33228 0.03498
v -0.55272 0.33228 0.06911
v -0.53308 0.33228 0.10219
v -0.50820 0.33228 0.13407
v -0.47854 0.33228 0.16472
v -0.44404 0.33228 0.19399
v -0.40366 0.33228 0.22113
v -0.35637 0.33228 0.24481
v -0.30261 0.33228 0.26383
v -0.24092 0.33228 0.27406
v -0.17512 0.33228 0.27416
v -0.12156 0.33228 0.29176
v -0.06506 0.33228 0.31630
v -0.00000 0.33228 0.33208
v 0.06506 0.33228 0.31630
v 0.12156 0.33228 0.29176
v 0.17512 0.33228 0.27416
v 0.24092 0.33228 0.27406
v 0.30261 0.33228 0.26383
v 0.35637 0.33228 0.24481
v 0.40366 0.33228 0.22113
v 0.44404 0.33228 0.19399
v 0.47854 0.33228 0.16472
v 0.50820 0.33228 0.13407
v 0.53308 0.33228 0.10219
v 0.55272 0.33228 0.06911
v 0.56665 0.33228 0.03498
v 0.57437 0.33228 0.00000
v 0.57518 0.33228 -0.03550
v 0.56825 0.33228 -0.07105
v 0.55292 0.33228 -0.10599
v 0.52905 0.33228 -0.13957
v 0.49718 0.33228 -0.17114
v 0.45836 0.33228 -0.20024
v 0.41378 0.33228 -0.22668
v 0.36443 0.33228 -0.25034
v 0.31098 0.33228 -0.27112
v 0.25389 0.33228 -0.28881
v 0.19360 0.33228 -0.30309
v 0.13066 0.33228 -0.31361
v 0.06617 0.33228 -0.32174
v 0.00000 0.33228 -0.33438
v -0.06617 0.33228 -0.32174
v -0.13066 0.33228 -0.31361
v -0.19360 0.33228 -0.30309
v -0.25389 0.33228 -0.28881
v -0.31098 0.33228 -0.27112
v -0.36443 0.33228 -0.25034
v -0.41378 0.33228 -0.22668
v -0.45836 0.33228 -0.20024
v -0.49718 0.33228 -0.17114
v -0.52905 0.33228 -0.13957
v -0.55292 0.33228 -0.10599
v -0.56825 0.33228 -0.07105
v -0.57518 0.33228 -0.03550
v -0.57437 0.33228 -0.00000
v -0.58890 0.36392 0.00000
v -0.57767 0.36392 0.03552
v -0.56084 0.36392 0.06986
v -0.53917 0.36392 0.10296
v -0.51319 0.36392 0.13487
v -0.48335 0.36392 0.16574
v -0.44930 0.36392 0.19554
v -0.40925 0.36392 0.22334
v -0.36147 0.36392 0.24736
v -0.30643 0.36392 0.26615
v -0.24335 0.36392 0.27577
v -0.17653 0.36392 0.27531
v -0.12240 0.36392 0.29266
v -0.06548 0.36392 0.31716
v -0.00000 0.36392 0.33296
v 0.06548 0.36392 0.31716
v 0.12240 0.36392 0.29266
v 0.17653 0.36392 0.27531
v 0.24335 0.36392 0.27577
v 0.30643 0.36392 0.26615
v 0.36147 0.36392 0.24736
v 0.40925 0.36392 0.22334
v 0.44930 0.36392 0.19554
v 0.48335 0.36392 0.16574
v 0.51319 0.36392 0.13487
v 0.53917 0.36392 0.10296
v 0.56084 0.36392 0.06986
v 0.57767 0.36392 0.03552
v 0.58890 0.36392 0.00000
v 0.59331 0.36392 -0.03648
v 0.58932 0.36392 -0.07341
v 0.57561 0.36392 -0.10992
v 0.55176 0.36392 -0.14501
v 0.51851 0.36392 -0.17780
v 0.47746 0.36392 -0.20779
v 0.43041 0.36392 -0.23489
v 0.37874 0.36392 -0.25918
v 0.32319 0.36392 -0.28070
v 0.26409 0.36392 -0.29927
v 0.20164 0.36392 -0.31447
v 0.13627 0.36392 -0.32582
v 0.06907 0.36392 -0.33453
v 0.00000 0.36392 -0.34747
v -0.06907 0.36392 -0.33453
v -0.13627 0.36392 -0.32582
v -0.20164 0.36392 -0.31447
v -0.26409 0.36392 -0.29927
v -0.32319 0.36392 -0.28070
v -0.37874 0.36392 -0.25918
v -0.43041 0.36392 -0.23489
v -0.47746 0.36392 -0.20779
v -0.51851 0.36392 -0.17780
v -0.55176 0.36392 -0.14501
v -0.57561 0.36392 -0.10992
v -0.58932 0.36392 -0.07341
v -0.59331 0.36392 -0.03648
v -0.58890 0.36392 -0.00000
v -0.58504 0.39557 0.00000
v -0.57687 0.39557 0.03519
v -0.56250 0.39557 0.06950
v -0.54255 0.39557 0.10277
v -0.51783 0.39557 0.13500
v -0.48921 0.39557 0.16641
v -0.45641 0.39557 0.19704
v -0.41707 0.39557 0.22578
v -0.36870 0.39557 0.25029
v -0.31196 0.39557 0.26877
v -0.24696 0.39557 0.27762
v -0.17869 0.39557 0.27646
v -0.12373 0.39557 0.29347
v -0.06617 0.39557 0.31790
v -0.00000 0.39557 0.33371
v 0.06617 0.39557 0.31790
v 0.12373 0.39557 0.29347
v 0.17869 0.39557 0.27646
v 0.24696 0.39557 0.27762
v 0.31196 0.39557 0.26877
v 0.36870 0.39557 0.25029
v 0.41707 0.39557 0.22578
v 0.45641 0.39557 0.19704
v 0.48921 0.39557 0.16641
v 0.51783 0.39557 0.13500
v 0.54255 0.39557 0.10277
v 0.56250 0.39557 0.06950
v 0.57687 0.39557 0.03519
v 0.58504 0.39557 0.00000
v 0.58619 0.39557 -0.03576
v 0.57942 0.39557 -0.07159
v 0.56399 0.39557 -0.10683
v 0.53973 0.39557 -0.14071
v 0.50721 0.39557 -0.17253
v 0.46756 0.39557 -0.20185
v 0.42203 0.39557 -0.22847
v 0.37166 0.39557 -0.25230
v 0.31715 0.39557 -0.27324
v 0.25895 0.39557 -0.29109
v 0.19748 0.39557 -0.30552
v 0.13330 0.39557 -0.31616
v 0.06752 0.39557 -0.32439
v 0.00000 0.39557 -0.33719
v -0.06752 0.39557 -0.32439
v -0.13330 0.39557 -0.31616
v -0.19748 0.39557 -0.30552
v -0.25895 0.39557 -0.29109
v -0.31715 0.39557 -0.27324
v -0.37166 0.39557 -0.25230
v -0.42203 0.39557 -0.22847
v -0.46756 0.39557 -0.20185
v -0.50721 0.39557 -0.17253
v -0.53973 0.39557 -0.14071
v -0.56399 0.39557 -0.10683
v -0.57942 0.39557 -0.07159
v -0.58619 0.39557 -0.03576
v -0.58504 0.39557 -0.00000
v -0.58034 0.42722 0.00000
v -0.57611 0.42722 0.03473
v -0.56487 0.42722 0.06898
v -0.54713 0.42722 0.10243
v -0.52401 0.42722 0.13501
v -0.49690 0.42722 0.16705
v -0.46567 0.42722 0.19869
v -0.42718 0.42722 0.22855
v -0.37805 0.42722 0.25363
v -0.31914 0.42722 0.27174
v -0.25169 0.42722 0.27962
v -0.18156 0.42722 0.27760
v -0.12566 0.42722 0.29456
v -0.06784 0.42722 0.32214
v -0.00000 0.42722 0.34203
v 0.06784 0.42722 0.32214
v 0.12566 0.42722 0.29456
v 0.18156 0.42722 0.27760
v 0.25169 0.42722 0.27962
v 0.31914 0.42722 0.27174
v 0.37805 0.42722 0.25363
v 0.42718 0.42722 0.22855
v 0.46567 0.42722 0.19869
v 0.49690 0.42722 0.16705
v 0.52401 0.42722 0.13501
v 0.54713 0.42722 0.10243
v 0.56487 0.42722 0.06898
v 0.57611 0.42722 0.03473
v 0.58034 0.42722 0.00000
v 0.57732 0.42722 -0.03480
v 0.56697 0.42722 -0.06924
v 0.54931 0.42722 -0.10284
v 0.52452 0.42722 -0.13514
v 0.49294 0.42722 -0.16571
v 0.45506 0.42722 -0.19416
v 0.41145 0.42722 -0.22014
v 0.36274 0.42722 -0.24336
v 0.30953 0.42722 -0.26356
v 0.25247 0.42722 -0.28049
v 0.19223 0.42722 -0.29392
v 0.12955 0.42722 -0.30367
v 0.06555 0.42722 -0.31127
v 0.00000 0.42722 -0.32376
v -0.06555 0.42722 -0.31127
v -0.12955 0.42722 -0.30367
v -0.19223 0.42722 -0.29392
v -0.25247 0.42722 -0.28049
v -0.30953 0.42722 -0.26356
v -0.36274 0.42722 -0.24336
v -0.41145 0.42722 -0.22014
v -0.45506 0.42722 -0.19416
v -0.49294 0.42722 -0.16571
v -0.52452 0.42722 -0.13514
v -0.54931 0.42722 -0.10284
v -0.56697 0.42722 -0.06924
v -0.57732 0.42722 -0.03480
v -0.58034 0.42722 -0.00000
v -0.58773 0.45886 0.00000
v -0.58405 0.45886 0.03469
v -0.57316 0.45886 0.06897
v -0.55566 0.45886 0.10250
v -0.53297 0.45886 0.13531
v -0.50687 0.45886 0.16790
v -0.47712 0.45886 0.20059
v -0.43948 0.45886 0.23168
v -0.38935 0.45886 0.25738
v -0.32778 0.45886 0.27500
v -0.25737 0.45886 0.28174
v -0.18500 0.45886 0.27871
v -0.12812 0.45886 0.29592
v -0.07055 0.45886 0.33008
v -0.00000 0.45886 0.35837
v 0.07055 0.45886 0.33008
v 0.12812 0.45886 0.29592
v 0.18500 0.45886 0.27871
v 0.25737 0.45886 0.28174
v 0.32778 0.45886 0.27500
v 0.38935 0.45886 0.25738
v 0.43948 0.45886 0.23168
v 0.47712 0.45886 0.20059
v 0.50687 0.45886 0.16790
v 0.53297 0.45886 0.13531
v 0.55566 0.45886 0.10250
v 0.57316 0.45886 0.06897
v 0.58405 0.45886 0.03469
v 0.58773 0.45886 0.00000
v 0.58403 0.45886 -0.03469
v 0.57299 0.45886 -0.06894
v 0.55474 0.45886 -0.10233
v 0.52952 0.45886 -0.13443
v 0.49764 0.45886 -0.16484
v 0.45950 0.45886 -0.19318
v 0.41558 0.45886 -0.21909
v 0.36644 0.45886 -0.24224
v 0.31269 0.45886 -0.26234
v 0.25500 0.45886 -0.27915
v 0.19411 0.45886 -0.29245
v 0.13078 0.45886 -0.30207
v 0.06616 0.45886 -0.30955
v 0.00000 0.45886 -0.32180
v -0.06616 0.45886 -0.30955
v -0.13078 0.45886 -0.30207
v -0.19411 0.45886 -0.29245
v -0.25500 0.45886 -0.27915
v -0.31269 0.45886 -0.26234
v -0.36644 0.45886 -0.24224
v -0.41558 0.45886 -0.21909
v -0.45950 0.45886 -0.19318
v -0.49764 0.45886 -0.16484
v -0.52952 0.45886 -0.13443
v -0.55474 0.45886 -0.10233
v -0.57299 0.45886 -0.06894
v -0.58403 0.45886 -0.03469
v -0.58773 0.45886 -0.00000
v -0.59808 0.49051 0.00000
v -0.59435 0.49051 0.03471
v -0.58330 0.49051 0.06901
v -0.56569 0.49051 0.10260
v -0.54325 0.49051 0.13560
v -0.51821 0.49051 0.16877
v -0.49012 0.49051 0.20259
v -0.45345 0.49051 0.23503
v -0.40218 0.49051 0.26140
v -0.33757 0.49051 0.27846
v -0.26377 0.49051 0.28390
v -0.18884 0.49051 0.27973
v -0.13041 0.49051 0.29615
v -0.07139 0.49051 0.32839
v -0.00000 0.49051 0.35452
v 0.07139 0.49051 0.32839
v 0.13041 0.49051 0.29615
v 0.18884 0.49051 0.27973
v 0.26377 0.49051 0.28390
v 0.33757 0.49051 0.27846
v 0.40218 0.49051 0.26140
v 0.45345 0.49051 0.23503
v 0.49012 0.49051 0.20259
v 0.51821 0.49051 0.16877
v 0.54325 0.49051 0.13560
v 0.56569 0.49051 0.10260
v 0.58330 0.49051 0.06901
v 0.59435 0.49051 0.03471
v 0.59808 0.49051 0.00000
v 0.59432 0.49051 -0.03471
v 0.58308 0.49051 -0.06898
v 0.56451 0.49051 -0.10238
v 0.53885 0.49051 -0.13450
v 0.50640 0.49051 -0.16493
v 0.46759 0.49051 -0.19328
v 0.42290 0.49051 -0.21920
v 0.37289 0.49051 -0.24236
v 0.31820 0.49051 -0.26248
v 0.25950 0.49051 -0.27929
v 0.19753 0.49051 -0.29260
v 0.13309 0.49051 -0.30222
v 0.06731 0.49051 -0.30966
v 0.00000 0.49051 -0.32160
v -0.06731 0.49051 -0.30966
v -0.13309 0.49051 -0.30222
v -0.19753 0.49051 -0.29260
v -0.25950 0.49051 -0.27929
v -0.31820 0.49051 -0.26248
v -0.37289 0.49051 -0.24236
v -0.42290 0.49051 -0.21920
v -0.46759 0.49051 -0.19328
v -0.50640 0.49051 -0.16493
v -0.53885 0.49051 -0.13450
v -0.56451 0.49051 -0.10238
v -0.58308 0.49051 -0.06898
v -0.59432 0.49051 -0.03471
v -0.59808 0.49051 -0.00000
v -0.60901 0.52215 0.00000
v -0.60521 0.52215 0.03467
v -0.59401 0.52215 0.06893
v -0.57629 0.52215 0.10253
v -0.55416 0.52215 0.13569
v -0.53028 0.52215 0.16941
v -0.50405 0.52215 0.20438
v -0.46848 0.52215 0.23819
v -0.41600 0.52215 0.26522
v -0.34809 0.52215 0.28167
v -0.27062 0.52215 0.28572
v -0.19292 0.52215 0.28032
v -0.13249 0.52215 0.29513
v -0.07065 0.52215 0.31883
v -0.00000 0.52215 0.33451
v 0.07065 0.52215 0.31883
v 0.13249 0.52215 0.29513
v 0.19292 0.52215 0.28032
v 0.27062 0.52215 0.28572
v 0.34809 0.52215 0.28167
v 0.41600 0.52215 0.26522
v 0.46848 0.52215 0.23819
v 0.50405 0.52215 0.20438
v 0.53028 0.52215 0.16941
v 0.55416 0.52215 0.13569
v 0.57629 0.52215 0.10253
v 0.59401 0.52215 0.06893
v 0.60521 0.52215 0.03467
v 0.60901 0.52215 0.00000
v 0.60518 0.52215 -0.03467
v 0.59374 0.52215 -0.06890
v 0.57483 0.52215 -0.10227
v 0.54870 0.52215 -0.13435
v 0.51566 0.52215 -0.16474
v 0.47614 0.52215 -0.19306
v 0.43063 0.52215 -0.21895
v 0.37971 0.52215 -0.24209
v 0.32401 0.52215 -0.26218
v 0.26424 0.52215 -0.27898
v 0.20114 0.52215 -0.29227
v 0.13552 0.52215 -0.30188
v 0.06853 0.52215 -0.30924
v 0.00000 0.52215 -0.32077
v -0.06853 0.52215 -0.30924
v -0.13552 0.52215 -0.30188
v -0.20114 0.52215 -0.29227
v -0.26424 0.52215 -0.27898
v -0.32401 0.52215 -0.26218
v -0.37971 0.52215 -0.24209
v -0.43063 0.52215 -0.21895
v -0.47614 0.52215 -0.19306
v -0.51566 0.52215 -0.16474
v -0.54870 0.52215 -0.13435
v -0.57483 0.52215 -0.10227
v -0.59374 0.52215 -0.06890
v -0.60518 0.52215 -0.03467
v -0.60901 0.52215 -0.00000
v -0.61999 0.55380 0.00000
v -0.61613 0.55380 0.03448
v -0.60477 0.55380 0.06855
v -0.58694 0.55380 0.10200
v -0.56514 0.55380 0.13516
v -0.54250 0.55380 0.16929
v -0.51820 0.55380 0.20524
v -0.48380 0.55380 0.24027
v -0.43008 0.55380 0.26784
v -0.35880 0.55380 0.28360
v -0.27757 0.55380 0.28626
v -0.19705 0.55380 0.27968
v -0.13501 0.55380 0.29377
v -0.07194 0.55380 0.31711
v -0.00000 0.55380 0.33266
v 0.07194 0.55380 0.31711
v 0.13501 0.55380 0.29377
v 0.19705 0.55380 0.27968
v 0.27757 0.55380 0.28626
v 0.35880 0.55380 0.28360
v 0.43008 0.55380 0.26784
v 0.48380 0.55380 0.24027
v 0.51820 0.55380 0.20524
v 0.54250 0.55380 0.16929
v 0.56514 0.55380 0.13516
v 0.58694 0.55380 0.10200
v 0.60477 0.55380 0.06855
v 0.61613 0.55380 0.03448
v 0.61999 0.55380 0.00000
v 0.61609 0.55380 -0.03447
v 0.60444 0.55380 -0.06852
v 0.58519 0.55380 -0.10170
v 0.55859 0.55380 -0.13360
v 0.52496 0.55380 -0.16382
v 0.48472 0.55380 -0.19198
v 0.43840 0.55380 -0.21772
v 0.38655 0.55380 -0.24073
v 0.32985 0.55380 -0.26071
v 0.26900 0.55380 -0.27742
v 0.20477 0.55380 -0.29063
v 0.13796 0.55380 -0.30019
v 0.06975 0.55380 -0.30743
v 0.00000 0.55380 -0.31843
v -0.06975 0.55380 -0.30743
v -0.13796 0.55380 -0.30019
v -0.20477 0.55380 -0.29063
v -0.26900 0.55380 -0.27742
v -0.32985 0.55380 -0.26071
v -0.38655 0.55380 -0.24073
v -0.43840 0.55380 -0.21772
v -0.48472 0.55380 -0.19198
v -0.52496 0.55380 -0.16382
v -0.55859 0.55380 -0.13360
v -0.58519 0.55380 -0.10170
v -0.60444 0.55380 -0.06852
v -0.61609 0.55380 -0.03447
v -0.61999 0.55380 -0.00000
v -0.63048 0.58544 0.00000
v -0.62657 0.58544 0.03413
v -0.61506 0.58544 0.06787
v -0.59712 0.58544 0.10102
v -0.57564 0.58544 0.13403
v -0.55420 0.58544 0.16836
v -0.53178 0.58544 0.20503
v -0.49850 0.58544 0.24101
v -0.44361 0.58544 0.26894
v -0.36908 0.58544 0.28399
v -0.28423 0.58544 0.28535
v -0.20101 0.58544 0.27773
v -0.13742 0.58544 0.29109
v -0.07317 0.58544 0.31399
v -0.00000 0.58544 0.32934
v 0.07317 0.58544 0.31399
v 0.13742 0.58544 0.29109
v 0.20101 0.58544 0.27773
v 0.28423 0.58544 0.28535
v 0.36908 0.58544 0.28399
v 0.44361 0.58544 0.26894
v 0.49850 0.58544 0.24101
v 0.53178 0.58544 0.20503
v 0.55420 0.58544 0.16836
v 0.57564 0.58544 0.13403
v 0.59712 0.58544 0.10102
v 0.61506 0.58544 0.06787
v 0.62657 0.58544 0.03413
v 0.63048 0.58544 0.00000
v 0.62651 0.58544 -0.03413
v 0.61467 0.58544 -0.06783
v 0.59510 0.58544 -0.10068
v 0.56804 0.58544 -0.13226
v 0.53384 0.58544 -0.16217
v 0.49293 0.58544 -0.19005
v 0.44582 0.58544 -0.21554
v 0.39310 0.58544 -0.23832
v 0.33543 0.58544 -0.25810
v 0.27355 0.58544 -0.27463
v 0.20823 0.58544 -0.28771
v 0.14030 0.58544 -0.29718
v 0.07091 0.58544 -0.30426
v 0.00000 0.58544 -0.31462
v -0.07091 0.58544 -0.30426
v -0.14030 0.58544 -0.29718
v -0.20823 0.58544 -0.28771
v -0.27355 0.58544 -0.27463
v -0.33543 0.58544 -0.25810
v -0.39310 0.58544 -0.23832
v -0.44582 0.58544 -0.21554
v -0.49293 0.58544 -0.19005
v -0.53384 0.58544 -0.16217
v -0.56804 0.58544 -0.13226
v -0.59510 0.58544 -0.10068
v -0.61467 0.58544 -0.06783
v -0.62651 0.58544 -0.03413
v -0.63048 0.58544 -0.00000
v -0.63998 0.61709 0.00000
v -0.63601 0.61709 0.03365
v -0.62436 0.61709 0.06692
v -0.60634 0.61709 0.09963
v -0.58512 0.61709 0.13232
v -0.56472 0.61709 0.16663
v -0.54394 0.61709 0.20369
v -0.51163 0.61709 0.24026
v -0.45569 0.61709 0.26833
v -0.37827 0.61709 0.28270
v -0.29021 0.61709 0.28298
v -0.20457 0.61709 0.27453
v -0.13960 0.61709 0.28721
v -0.07429 0.61709 0.30961
v -0.00000 0.61709 0.32472
v 0.07429 0.61709 0.30961
v 0.13960 0.61709 0.28721
v 0.20457 0.61709 0.27453
v 0.29021 0.61709 0.28298
v 0.37827 0.61709 0.28270
v 0.45569 0.61709 0.26833
v 0.51163 0.61709 0.24026
v 0.54394 0.61709 0.20369
v 0.56472 0.61709 0.16663
v 0.58512 0.61709 0.13232
v 0.60634 0.61709 0.09963
v 0.62436 0.61709 0.06692
v 0.63601 0.61709 0.03365
v 0.63998 0.61709 0.00000
v 0.63595 0.61709 -0.03365
v 0.62393 0.61709 -0.06687
v 0.60406 0.61709 -0.09926
v 0.57660 0.61709 -0.13039
v 0.54188 0.61709 -0.15989
v 0.50035 0.61709 -0.18737
v 0.45253 0.61709 -0.21250
v 0.39902 0.61709 -0.23496
v 0.34049 0.61709 -0.25446
v 0.27768 0.61709 -0.27076
v 0.21137 0.61709 -0.28366
v 0.14241 0.61709 -0.29299
v 0.07195 0.61709 -0.29988
v 0.00000 0.61709 -0.30952
v -0.07195 0.61709 -0.29988
v -0.14241 0.61709 -0.29299
v -0.21137 0.61709 -0.28366
v -0.27768 0.61709 -0.27076
v -0.34049 0.61709 -0.25446
v -0.39902 0.61709 -0.23496
v -0.45253 0.61709 -0.21250
v -0.50035 0.61709 -0.18737
v -0.54188 0.61709 -0.15989
v -0.57660 0.61709 -0.13039
v -0.60406 0.61709 -0.09926
v -0.62393 0.61709 -0.06687
v -0.63595 0.61709 -0.03365
v -0.63998 0.61709 -0.00000
v -0.64802 0.64873 0.00000
v -0.64401 0.64873 0.03306
v -0.63224 0.64873 0.06574
v -0.61412 0.64873 0.09790
v -0.59308 0.64873 0.13012
v -0.57344 0.64873 0.16416
v -0.55388 0.64873 0.20123
v -0.52227 0.64873 0.23794
v -0.46545 0.64873 0.26590
v -0.38574 0.64873 0.27968
v -0.29512 0.64873 0.27920
v -0.20756 0.64873 0.27024
v -0.14182 0.64873 0.28308
v -0.07704 0.64873 0.31151
v -0.00000 0.64873 0.33451
v 0.07704 0.64873 0.31151
v 0.14182 0.64873 0.28308
v 0.20756 0.64873 0.27024
v 0.29512 0.64873 0.27920
v 0.38574 0.64873 0.27968
v 0.46545 0.64873 0.26590
v 0.52227 0.64873 0.23794
v 0.55388 0.64873 0.20123
v 0.57344 0.64873 0.16416
v 0.59308 0.64873 0.13012
v 0.61412 0.64873 0.09790
v 0.63224 0.64873 0.06574
v 0.64401 0.64873 0.03306
v 0.64802 0.64873 0.00000
v 0.64394 0.64873 -0.03306
v 0.63177 0.64873 -0.06569
v 0.61165 0.64873 -0.09751
v 0.58384 0.64873 -0.12810
v 0.54869 0.64873 -0.15707
v 0.50664 0.64873 -0.18407
v 0.45822 0.64873 -0.20876
v 0.40403 0.64873 -0.23082
v 0.34477 0.64873 -0.24998
v 0.28116 0.64873 -0.26599
v 0.21403 0.64873 -0.27866
v 0.14420 0.64873 -0.28783
v 0.07284 0.64873 -0.29451
v 0.00000 0.64873 -0.30339
v -0.07284 0.64873 -0.29451
v -0.14420 0.64873 -0.28783
v -0.21403 0.64873 -0.27866
v -0.28116 0.64873 -0.26599
v -0.34477 0.64873 -0.24998
v -0.40403 0.64873 -0.23082
v -0.45822 0.64873 -0.20876
v -0.50664 0.64873 -0.18407
v -0.54869 0.64873 -0.15707
v -0.58384 0.64873 -0.12810
v -0.61165 0.64873 -0.09751
v -0.63177 0.64873 -0.06569
v -0.64394 0.64873 -0.03306
v -0.64802 0.64873 -0.00000
v -0.65477 0.68038 0.00000
v -0.65054 0.68038 0.03240
v -0.63853 0.68038 0.06443
v -0.62021 0.68038 0.09593
v -0.59916 0.68038 0.12755
v -0.57986 0.68038 0.16106
v -0.56092 0.68038 0.19774
v -0.52963 0.68038 0.23412
v -0.47216 0.68038 0.26173
v -0.39095 0.68038 0.27504
v -0.29865 0.68038 0.27414
v -0.20977 0.68038 0.26501
v -0.14342 0.68038 0.27777
v -0.07872 0.68038 0.30886
v -0.00000 0.68038 0.33552
v 0.07872 0.68038 0.30886
v 0.14342 0.68038 0.27777
v 0.20977 0.68038 0.26501
v 0.29865 0.68038 0.27414
v 0.39095 0.68038 0.27504
v 0.47216 0.68038 0.26173
v 0.52963 0.68038 0.23412
v 0.56092 0.68038 0.19774
v 0.57986 0.68038 0.16106
v 0.59916 0.68038 0.12755
v 0.62021 0.68038 0.09593
v 0.63853 0.68038 0.06443
v 0.65054 0.68038 0.03240
v 0.65477 0.68038 0.00000
v 0.65084 0.68038 -0.03242
v 0.63870 0.68038 -0.06444
v 0.61848 0.68038 -0.09567
v 0.59042 0.68038 -0.12569
v 0.55487 0.68038 -0.15412
v 0.51231 0.68038 -0.18060
v 0.46331 0.68038 -0.20481
v 0.40851 0.68038 -0.22644
v 0.34859 0.68038 -0.24524
v 0.28429 0.68038 -0.26096
v 0.21642 0.68038 -0.27341
v 0.14582 0.68038 -0.28242
v 0.07363 0.68038 -0.28889
v 0.00000 0.68038 -0.29700
v -0.07363 0.68038 -0.28889
v -0.14582 0.68038 -0.28242
v -0.21642 0.68038 -0.27341
v -0.28429 0.68038 -0.26096
v -0.34859 0.68038 -0.24524
v -0.40851 0.68038 -0.22644
v -0.46331 0.68038 -0.20481
v -0.51231 0.68038 -0.18060
v -0.55487 0.68038 -0.15412
v -0.59042 0.68038 -0.12569
v -0.61848 0.68038 -0.09567
v -0.63870 0.68038 -0.06444
v -0.65084 0.68038 -0.03242
v -0.65477 0.68038 -0.00000
v -0.66561 0.71203 0.00000
v -0.65917 0.71203 0.03190
v -0.64532 0.71203 0.06326
v -0.62563 0.71203 0.09402
v -0.60371 0.71203 0.12487
v -0.58393 0.71203 0.15758
v -0.56475 0.71203 0.19343
v -0.53323 0.71203 0.22902
v -0.47536 0.71203 0.25601
v -0.39355 0.71203 0.26900
v -0.30058 0.71203 0.26807
v -0.21108 0.71203 0.25909
v -0.14401 0.71203 0.27099
v -0.07781 0.71203 0.29660
v -0.00000 0.71203 0.31667
v 0.07781 0.71203 0.29660
v 0.14401 0.71203 0.27099
v 0.21108 0.71203 0.25909
v 0.30058 0.71203 0.26807
v 0.39355 0.71203 0.26900
v 0.47536 0.71203 0.25601
v 0.53323 0.71203 0.22902
v 0.56475 0.71203 0.19343
v 0.58393 0.71203 0.15758
v 0.60371 0.71203 0.12487
v 0.62563 0.71203 0.09402
v 0.64532 0.71203 0.06326
v 0.65917 0.71203 0.03190
v 0.66561 0.71203 0.00000
v 0.66390 0.71203 -0.03213
v 0.65356 0.71203 -0.06407
v 0.63430 0.71203 -0.09533
v 0.60617 0.71203 -0.12537
v 0.56966 0.71203 -0.15373
v 0.52560 0.71203 -0.18002
v 0.47493 0.71203 -0.20398
v 0.41853 0.71203 -0.22541
v 0.35714 0.71203 -0.24412
v 0.29142 0.71203 -0.25990
v 0.22202 0.71203 -0.27251
v 0.14971 0.71203 -0.28171
v 0.07561 0.71203 -0.28821
v 0.00000 0.71203 -0.29564
v -0.07561 0.71203 -0.28821
v -0.14971 0.71203 -0.28171
v -0.22202 0.71203 -0.27251
v -0.29142 0.71203 -0.25990
v -0.35714 0.71203 -0.24412
v -0.41853 0.71203 -0.22541
v -0.47493 0.71203 -0.20398
v -0.52560 0.71203 -0.18002
v -0.56966 0.71203 -0.15373
v -0.60617 0.71203 -0.12537
v -0.63430 0.71203 -0.09533
v -0.65356 0.71203 -0.06407
v -0.66390 0.71203 -0.03213
v -0.66561 0.71203 -0.00000
v -0.67518 0.74367 0.00000
v -0.66621 0.74367 0.03140
v -0.65025 0.74367 0.06209
v -0.62901 0.74367 0.09208
v -0.60593 0.74367 0.12208
v -0.58515 0.74367 0.15382
v -0.56501 0.74367 0.18851
v -0.53280 0.74367 0.22291
v -0.47481 0.74367 0.24909
v -0.39336 0.74367 0.26191
v -0.30079 0.74367 0.26131
v -0.21144 0.74367 0.25280
v -0.14405 0.74367 0.26405
v -0.07662 0.74367 0.28449
v -0.00000 0.74367 0.29834
v 0.07662 0.74367 0.28449
v 0.14405 0.74367 0.26405
v 0.21144 0.74367 0.25280
v 0.30079 0.74367 0.26131
v 0.39336 0.74367 0.26191
v 0.47481 0.74367 0.24909
v 0.53280 0.74367 0.22291
v 0.56501 0.74367 0.18851
v 0.58515 0.74367 0.15382
v 0.60593 0.74367 0.12208
v 0.62901 0.74367 0.09208
v 0.65025 0.74367 0.06209
v 0.66621 0.74367 0.03140
v 0.67518 0.74367 0.00000
v 0.67607 0.74367 -0.03187
v 0.66787 0.74367 -0.06377
v 0.64981 0.74367 -0.09513
v 0.62174 0.74367 -0.12526
v 0.58429 0.74367 -0.15360
v 0.53868 0.74367 -0.17972
v 0.48630 0.74367 -0.20345
v 0.42830 0.74367 -0.22469
v 0.36548 0.74367 -0.24335
v 0.29838 0.74367 -0.25922
v 0.22752 0.74367 -0.27203
v 0.15355 0.74367 -0.28146
v 0.07757 0.74367 -0.28802
v 0.00000 0.74367 -0.29481
v -0.07757 0.74367 -0.28802
v -0.15355 0.74367 -0.28146
v -0.22752 0.74367 -0.27203
v -0.29838 0.74367 -0.25922
v -0.36548 0.74367 -0.24335
v -0.42830 0.74367 -0.22469
v -0.48630 0.74367 -0.20345
v -0.53868 0.74367 -0.17972
v -0.58429 0.74367 -0.15360
v -0.62174 0.74367 -0.12526
v -0.64981 0.74367 -0.09513
v -0.66787 0.74367 -0.06377
v -0.67607 0.74367 -0.03187
v -0.67518 0.74367 -0.00000
v -0.67517 0.77532 0.00000
v -0.66779 0.77532 0.03051
v -0.65305 0.77532 0.06044
v -0.63248 0.77532 0.08975
v -0.60940 0.77532 0.11901
v -0.58785 0.77532 0.14979
v -0.56635 0.77532 0.18315
v -0.53295 0.77532 0.21612
v -0.47470 0.77532 0.24139
v -0.39386 0.77532 0.25419
v -0.30193 0.77532 0.25424
v -0.21269 0.77532 0.24649
v -0.14508 0.77532 0.25777
v -0.07720 0.77532 0.27785
v -0.00000 0.77532 0.29139
v 0.07720 0.77532 0.27785
v 0.14508 0.77532 0.25777
v 0.21269 0.77532 0.24649
v 0.30193 0.77532 0.25424
v 0.39386 0.77532 0.25419
v 0.47470 0.77532 0.24139
v 0.53295 0.77532 0.21612
v 0.56635 0.77532 0.18315
v 0.58785 0.77532 0.14979
v 0.60940 0.77532 0.11901
v 0.63248 0.77532 0.08975
v 0.65305 0.77532 0.06044
v 0.66779 0.77532 0.03051
v 0.67517 0.77532 0.00000
v 0.67435 0.77532 -0.03081
v 0.66465 0.77532 -0.06152
v 0.64563 0.77532 -0.09161
v 0.61725 0.77532 -0.12054
v 0.58008 0.77532 -0.14781
v 0.53507 0.77532 -0.17304
v 0.48333 0.77532 -0.19600
v 0.42585 0.77532 -0.21654
v 0.36338 0.77532 -0.23452
v 0.29657 0.77532 -0.24973
v 0.22601 0.77532 -0.26192
v 0.15245 0.77532 -0.27085
v 0.07696 0.77532 -0.27697
v 0.00000 0.77532 -0.28300
v -0.07696 0.77532 -0.27697
v -0.15245 0.77532 -0.27085
v -0.22601 0.77532 -0.26192
v -0.29657 0.77532 -0.24973
v -0.36338 0.77532 -0.23452
v -0.42585 0.77532 -0.21654
v -0.48333 0.77532 -0.19600
v -0.53507 0.77532 -0.17304
v -0.58008 0.77532 -0.14781
v -0.61725 0.77532 -0.12054
v -0.64563 0.77532 -0.09161
v -0.66465 0.77532 -0.06152
v -0.67435 0.77532 -0.03081
v -0.67517 0.77532 -0.00000
v -0.68628 0.80696 0.00000
v -0.68148 0.80696 0.02958
v -0.66854 0.80696 0.05879
v -0.64879 0.80696 0.08747
v -0.62544 0.80696 0.11605
v -0.60242 0.80696 0.14585
v -0.57858 0.80696 0.17778
v -0.54283 0.80696 0.20915
v -0.48316 0.80696 0.23344
v -0.40174 0.80696 0.24635
v -0.30908 0.80696 0.24729
v -0.21839 0.80696 0.24048
v -0.14923 0.80696 0.25192
v -0.07945 0.80696 0.27170
v -0.00000 0.80696 0.28498
v 0.07945 0.80696 0.27170
v 0.14923 0.80696 0.25192
v 0.21839 0.80696 0.24048
v 0.30908 0.80696 0.24729
v 0.40174 0.80696 0.24635
v 0.48316 0.80696 0.23344
v 0.54283 0.80696 0.20915
v 0.57858 0.80696 0.17778
v 0.60242 0.80696 0.14585
v 0.62544 0.80696 0.11605
v 0.64879 0.80696 0.08747
v 0.66854 0.80696 0.05879
v 0.68148 0.80696 0.02958
v 0.68628 0.80696 0.00000
v 0.68255 0.80696 -0.02963
v 0.67017 0.80696 -0.05894
v 0.64919 0.80696 -0.08753
v 0.61984 0.80696 -0.11501
v 0.58252 0.80696 -0.14103
v 0.53778 0.80696 -0.16524
v 0.48628 0.80696 -0.18737
v 0.42872 0.80696 -0.20714
v 0.36584 0.80696 -0.22433
v 0.29838 0.80696 -0.23873
v 0.22718 0.80696 -0.25015
v 0.15309 0.80696 -0.25843
v 0.07721 0.80696 -0.26403
v 0.00000 0.80696 -0.26932
v -0.07721 0.80696 -0.26403
v -0.15309 0.80696 -0.25843
v -0.22718 0.80696 -0.25015
v -0.29838 0.80696 -0.23873
v -0.36584 0.80696 -0.22433
v -0.42872 0.80696 -0.20714
v -0.48628 0.80696 -0.18737
v -0.53778 0.80696 -0.16524
v -0.58252 0.80696 -0.14103
v -0.61984 0.80696 -0.11501
v -0.64919 0.80696 -0.08753
v -0.67017 0.80696 -0.05894
v -0.68255 0.80696 -0.02963
v -0.68628 0.80696 -0.00000
v -0.71586 0.83861 0.00000
v -0.71140 0.83861 0.02896
v -0.69830 0.83861 0.05758
v -0.67776 0.83861 0.08568
v -0.65278 0.83861 0.11357
v -0.62709 0.83861 0.14236
v -0.59969 0.83861 0.17278
v -0.56045 0.83861 0.20248
v -0.49835 0.83861 0.22577
v -0.41547 0.83861 0.23889
v -0.32105 0.83861 0.24085
v -0.22770 0.83861 0.23510
v -0.15602 0.83861 0.24696
v -0.08355 0.83861 0.26791
v -0.00000 0.83861 0.28270
v 0.08355 0.83861 0.26791
v 0.15602 0.83861 0.24696
v 0.22770 0.83861 0.23510
v 0.32105 0.83861 0.24085
v 0.41547 0.83861 0.23889
v 0.49835 0.83861 0.22577
v 0.56045 0.83861 0.20248
v 0.59969 0.83861 0.17278
v 0.62709 0.83861 0.14236
v 0.65278 0.83861 0.11357
v 0.67776 0.83861 0.08568
v 0.69830 0.83861 0.05758
v 0.71140 0.83861 0.02896
v 0.71586 0.83861 0.00000
v 0.71136 0.83861 -0.02896
v 0.69791 0.83861 -0.05755
v 0.67569 0.83861 -0.08542
v 0.64498 0.83861 -0.11222
v 0.60615 0.83861 -0.13760
v 0.55970 0.83861 -0.16126
v 0.50621 0.83861 -0.18289
v 0.44635 0.83861 -0.20221
v 0.38088 0.83861 -0.21900
v 0.31062 0.83861 -0.23303
v 0.23645 0.83861 -0.24413
v 0.15931 0.83861 -0.25217
v 0.08031 0.83861 -0.25752
v 0.00000 0.83861 -0.26223
v -0.08031 0.83861 -0.25752
v -0.15931 0.83861 -0.25217
v -0.23645 0.83861 -0.24413
v -0.31062 0.83861 -0.23303
v -0.38088 0.83861 -0.21900
v -0.44635 0.83861 -0.20221
v -0.50621 0.83861 -0.18289
v -0.55970 0.83861 -0.16126
v -0.60615 0.83861 -0.13760
v -0.64498 0.83861 -0.11222
v -0.67569 0.83861 -0.08542
v -0.69791 0.83861 -0.05755
v -0.71136 0.83861 -0.02896
v -0.71586 0.83861 -0.00000
v -0.75411 0.87025 0.00000
v -0.74939 0.87025 0.02850
v -0.73552 0.87025 0.05667
v -0.71362 0.87025 0.08429
v -0.68643 0.87025 0.11159
v -0.65736 0.87025 0.13943
v -0.62559 0.87025 0.16840
v -0.58207 0.87025 0.19648
v -0.51701 0.87025 0.21884
v -0.43230 0.87025 0.23224
v -0.33568 0.87025 0.23529
v -0.23908 0.87025 0.23064
v -0.16469 0.87025 0.24357
v -0.09036 0.87025 0.27072
v -0.00000 0.87025 0.29325
v 0.09036 0.87025 0.27072
v 0.16469 0.87025 0.24357
v 0.23908 0.87025 0.23064
v 0.33568 0.87025 0.23529
v 0.43230 0.87025 0.23224
v 0.51701 0.87025 0.21884
v 0.58207 0.87025 0.19648
v 0.62559 0.87025 0.16840
v 0.65736 0.87025 0.13943
v 0.68643 0.87025 0.11159
v 0.71362 0.87025 0.08429
v 0.73552 0.87025 0.05667
v 0.74939 0.87025 0.02850
v 0.75411 0.87025 0.00000
v 0.74939 0.87025 -0.02850
v 0.73526 0.87025 -0.05665
v 0.71189 0.87025 -0.08409
v 0.67957 0.87025 -0.11047
v 0.63871 0.87025 -0.13547
v 0.58981 0.87025 -0.15877
v 0.53350 0.87025 -0.18008
v 0.47046 0.87025 -0.19914
v 0.40149 0.87025 -0.21569
v 0.32745 0.87025 -0.22953
v 0.24928 0.87025 -0.24048
v 0.16796 0.87025 -0.24840
v 0.08466 0.87025 -0.25362
v 0.00000 0.87025 -0.25784
v -0.08466 0.87025 -0.25362
v -0.16796 0.87025 -0.24840
v -0.24928 0.87025 -0.24048
v -0.32745 0.87025 -0.22953
v -0.40149 0.87025 -0.21569
v -0.47046 0.87025 -0.19914
v -0.53350 0.87025 -0.18008
v -0.58981 0.87025 -0.15877
v -0.63871 0.87025 -0.13547
v -0.67957 0.87025 -0.11047
v -0.71189 0.87025 -0.08409
v -0.73526 0.87025 -0.05665
v -0.74939 0.87025 -0.02850
v -0.75411 0.87025 -0.00000
v -0.79362 0.90190 0.00000
v -0.78853 0.90190 0.02819
v -0.77380 0.90190 0.05604
v -0.75042 0.90190 0.08332
v -0.72084 0.90190 0.11015
v -0.68809 0.90190 0.13719
v -0.65156 0.90190 0.16487
v -0.60346 0.90190 0.19148
v -0.53537 0.90190 0.21302
v -0.44903 0.90190 0.22676
v -0.35044 0.90190 0.23090
v -0.25064 0.90190 0.22729
v -0.17305 0.90190 0.24058
v -0.09497 0.90190 0.26745
v -0.00000 0.90190 0.28958
v 0.09497 0.90190 0.26745
v 0.17305 0.90190 0.24058
v 0.25064 0.90190 0.22729
v 0.35044 0.90190 0.23090
v 0.44903 0.90190 0.22676
v 0.53537 0.90190 0.21302
v 0.60346 0.90190 0.19148
v 0.65156 0.90190 0.16487
v 0.68809 0.90190 0.13719
v 0.72084 0.90190 0.11015
v 0.75042 0.90190 0.08332
v 0.77380 0.90190 0.05604
v 0.78853 0.90190 0.02819
v 0.79362 0.90190 0.00000
v 0.78881 0.90190 -0.02820
v 0.77414 0.90190 -0.05607
v 0.74976 0.90190 -0.08325
v 0.71600 0.90190 -0.10941
v 0.67324 0.90190 -0.13423
v 0.62201 0.90190 -0.15739
v 0.56291 0.90190 -0.17862
v 0.49667 0.90190 -0.19762
v 0.42409 0.90190 -0.21416
v 0.34606 0.90190 -0.22801
v 0.26356 0.90190 -0.23900
v 0.17764 0.90190 -0.24696
v 0.08953 0.90190 -0.25213
v 0.00000 0.90190 -0.25595
v -0.08953 0.90190 -0.25213
v -0.17764 0.90190 -0.24696
v -0.26356 0.90190 -0.23900
v -0.34606 0.90190 -0.22801
v -0.42409 0.90190 -0.21416
v -0.49667 0.90190 -0.19762
v -0.56291 0.90190 -0.17862
v -0.62201 0.90190 -0.15739
v -0.67324 0.90190 -0.13423
v -0.71600 0.90190 -0.10941
v -0.74976 0.90190 -0.08325
v -0.77414 0.90190 -0.05607
v -0.78881 0.90190 -0.02820
v -0.79362 0.90190 -0.00000
v -0.82892 0.93354 0.00000
v -0.82319 0.93354 0.02806
v -0.80746 0.93354 0.05575
v -0.78260 0.93354 0.08284
v -0.75067 0.93354 0.10935
v -0.71429 0.93354 0.13577
v -0.67304 0.93354 0.16236
v -0.62054 0.93354 0.18771
v -0.54988 0.93354 0.20858
v -0.46259 0.93354 0.22270
v -0.36280 0.93354 0.22789
v -0.26052 0.93354 0.22521
v -0.17972 0.93354 0.23819
v -0.09634 0.93354 0.25866
v -0.00000 0.93354 0.27265
v 0.09634 0.93354 0.25866
v 0.17972 0.93354 0.23819
v 0.26052 0.93354 0.22521
v 0.36280 0.93354 0.22789
v 0.46259 0.93354 0.22270
v 0.54988 0.93354 0.20858
v 0.62054 0.93354 0.18771
v 0.67304 0.93354 0.16236
v 0.71429 0.93354 0.13577
v 0.75067 0.93354 0.10935
v 0.78260 0.93354 0.08284
v 0.80746 0.93354 0.05575
v 0.82319 0.93354 0.02806
v 0.82892 0.93354 0.00000
v 0.82444 0.93354 -0.02810
v 0.80977 0.93354 -0.05591
v 0.78509 0.93354 -0.08310
v 0.75067 0.93354 -0.10935
v 0.70686 0.93354 -0.13435
v 0.65412 0.93354 -0.15780
v 0.59301 0.93354 -0.17938
v 0.52416 0.93354 -0.19882
v 0.44835 0.93354 -0.21584
v 0.36645 0.93354 -0.23018
v 0.27948 0.93354 -0.24160
v 0.18857 0.93354 -0.24992
v 0.09508 0.93354 -0.25526
v 0.00000 0.93354 -0.25880
v -0.09508 0.93354 -0.25526
v -0.18857 0.93354 -0.24992
v -0.27948 0.93354 -0.24160
v -0.36645 0.93354 -0.23018
v -0.44835 0.93354 -0.21584
v -0.52416 0.93354 -0.19882
v -0.59301 0.93354 -0.17938
v -0.65412 0.93354 -0.15780
v -0.70686 0.93354 -0.13435
v -0.75067 0.93354 -0.10935
v -0.78509 0.93354 -0.08310
v -0.80977 0.93354 -0.05591
v -0.82444 0.93354 -0.02810
v -0.82892 0.93354 -0.00000
v -0.85482 0.96519 0.00000
v -0.84818 0.96519 0.02802
v -0.83141 0.96519 0.05565
v -0.80519 0.96519 0.08262
v -0.77122 0.96519 0.10891
v -0.73166 0.96519 0.13481
v -0.68626 0.96519 0.16049
v -0.63005 0.96519 0.18476
v -0.55769 0.96519 0.20507
v -0.47046 0.96519 0.21956
v -0.37064 0.96519 0.22570
v -0.26713 0.96519 0.22387
v -0.18457 0.96519 0.23714
v -0.09863 0.96519 0.25670
v -0.00000 0.96519 0.26943
v 0.09863 0.96519 0.25670
v 0.18457 0.96519 0.23714
v 0.26713 0.96519 0.22387
v 0.37064 0.96519 0.22570
v 0.47046 0.96519 0.21956
v 0.55769 0.96519 0.20507
v 0.63005 0.96519 0.18476
v 0.68626 0.96519 0.16049
v 0.73166 0.96519 0.13481
v 0.77122 0.96519 0.10891
v 0.80519 0.96519 0.08262
v 0.83141 0.96519 0.05565
v 0.84818 0.96519 0.02802
v 0.85482 0.96519 0.00000
v 0.85114 0.96519 -0.02812
v 0.83720 0.96519 -0.05604
v 0.81312 0.96519 -0.08344
v 0.77912 0.96519 -0.11003
v 0.73545 0.96519 -0.13551
v 0.68244 0.96519 -0.15959
v 0.62049 0.96519 -0.18196
v 0.55010 0.96519 -0.20228
v 0.47192 0.96519 -0.22024
v 0.38675 0.96519 -0.23551
v 0.29564 0.96519 -0.24777
v 0.19983 0.96519 -0.25674
v 0.10085 0.96519 -0.26247
v 0.00000 0.96519 -0.26585
v -0.10085 0.96519 -0.26247
v -0.19983 0.96519 -0.25674
v -0.29564 0.96519 -0.24777
v -0.38675 0.96519 -0.23551
v -0.47192 0.96519 -0.22024
v -0.55010 0.96519 -0.20228
v -0.62049 0.96519 -0.18196
v -0.68244 0.96519 -0.15959
v -0.73545 0.96519 -0.13551
v -0.77912 0.96519 -0.11003
v -0.81312 0.96519 -0.08344
v -0.83720 0.96519 -0.05604
v -0.85114 0.96519 -0.02812
v -0.85482 0.96519 -0.00000
v -0.86574 0.99684 0.00000
v -0.85855 0.99684 0.02753
v -0.84118 0.99684 0.05463
v -0.81420 0.99684 0.08107
v -0.77893 0.99684 0.10674
v -0.73710 0.99684 0.13179
v -0.68863 0.99684 0.15627
v -0.62989 0.99684 0.17924
v -0.55700 0.99684 0.19875
v -0.47104 0.99684 0.21332
v -0.37257 0.99684 0.22015
v -0.26939 0.99684 0.21907
v -0.18646 0.99684 0.23247
v -0.09970 0.99684 0.25178
v -0.00000 0.99684 0.26430
v 0.09970 0.99684 0.25178
v 0.18646 0.99684 0.23247
v 0.26939 0.99684 0.21907
v 0.37257 0.99684 0.22015
v 0.47104 0.99684 0.21332
v 0.55700 0.99684 0.19875
v 0.62989 0.99684 0.17924
v 0.68863 0.99684 0.15627
v 0.73710 0.99684 0.13179
v 0.77893 0.99684 0.10674
v 0.81420 0.99684 0.08107
v 0.84118 0.99684 0.05463
v 0.85855 0.99684 0.02753
v 0.86574 0.99684 0.00000
v 0.86263 0.99684 -0.02766
v 0.84927 0.99684 -0.05516
v 0.82577 0.99684 -0.08222
v 0.79230 0.99684 -0.10857
v 0.74905 0.99684 -0.13393
v 0.69626 0.99684 -0.15800
v 0.63421 0.99684 -0.18047
v 0.56332 0.99684 -0.20100
v 0.48413 0.99684 -0.21925
v 0.39742 0.99684 -0.23483
v 0.30423 0.99684 -0.24740
v 0.20585 0.99684 -0.25664
v 0.10394 0.99684 -0.26250
v 0.00000 0.99684 -0.26565
v -0.10394 0.99684 -0.26250
v -0.20585 0.99684 -0.25664
v -0.30423 0.99684 -0.24740
v -0.39742 0.99684 -0.23483
v -0.48413 0.99684 -0.21925
v -0.56332 0.99684 -0.20100
v -0.63421 0.99684 -0.18047
v -0.69626 0.99684 -0.15800
v -0.74905 0.99684 -0.13393
v -0.79230 0.99684 -0.10857
v -0.82577 0.99684 -0.08222
v -0.84927 0.99684 -0.05516
v -0.86263 0.99684 -0.02766
v -0.86574 0.99684 -0.00000
v -0.85075 1.02848 0.00000
v -0.84403 1.02848 0.02648
v -0.82717 1.02848 0.05257
v -0.80063 1.02848 0.07801
v -0.76544 1.02848 0.10265
v -0.72297 1.02848 0.12650
v -0.67329 1.02848 0.14952
v -0.61401 1.02848 0.17099
v -0.54254 1.02848 0.18945
v -0.45977 1.02848 0.20376
v -0.36487 1.02848 0.21099
v -0.26454 1.02848 0.21053
v -0.18337 1.02848 0.22373
v -0.09809 1.02848 0.24244
v -0.00000 1.02848 0.25451
v 0.09809 1.02848 0.24244
v 0.18337 1.02848 0.22373
v 0.26454 1.02848 0.21053
v 0.36487 1.02848 0.21099
v 0.45977 1.02848 0.20376
v 0.54254 1.02848 0.18945
v 0.61401 1.02848 0.17099
v 0.67329 1.02848 0.14952
v 0.72297 1.02848 0.12650
v 0.76544 1.02848 0.10265
v 0.80063 1.02848 0.07801
v 0.82717 1.02848 0.05257
v 0.84403 1.02848 0.02648
v 0.85075 1.02848 0.00000
v 0.84723 1.02848 -0.02658
v 0.83353 1.02848 -0.05298
v 0.80977 1.02848 -0.07890
v 0.77614 1.02848 -0.10409
v 0.73291 1.02848 -0.12824
v 0.68036 1.02848 -0.15109
v 0.61886 1.02848 -0.17234
v 0.54890 1.02848 -0.19167
v 0.47108 1.02848 -0.20878
v 0.38622 1.02848 -0.22333
v 0.29534 1.02848 -0.23504
v 0.19967 1.02848 -0.24361
v 0.10075 1.02848 -0.24901
v 0.00000 1.02848 -0.25176
v -0.10075 1.02848 -0.24901
v -0.19967 1.02848 -0.24361
v -0.29534 1.02848 -0.23504
v -0.38622 1.02848 -0.22333
v -0.47108 1.02848 -0.20878
v -0.54890 1.02848 -0.19167
v -0.61886 1.02848 -0.17234
v -0.68036 1.02848 -0.15109
v -0.73291 1.02848 -0.12824
v -0.77614 1.02848 -0.10409
v -0.80977 1.02848 -0.07890
v -0.83353 1.02848 -0.05298
v -0.84723 1.02848 -0.02658
v -0.85075 1.02848 -0.00000
v -0.80592 1.06013 0.00000
v -0.80044 1.06013 0.02503
v -0.78507 1.06013 0.04972
v -0.76018 1.06013 0.07381
v -0.72660 1.06013 0.09710
v -0.68538 1.06013 0.11950
v -0.63676 1.06013 0.14091
v -0.57934 1.06013 0.16076
v -0.51161 1.06013 0.17802
v -0.43431 1.06013 0.19180
v -0.34559 1.06013 0.19914
v -0.25111 1.06013 0.19914
v -0.17464 1.06013 0.21233
v -0.09506 1.06013 0.23412
v -0.00000 1.06013 0.25055
v 0.09506 1.06013 0.23412
v 0.17464 1.06013 0.21233
v 0.25111 1.06013 0.19914
v 0.34559 1.06013 0.19914
v 0.43431 1.06013 0.19180
v 0.51161 1.06013 0.17802
v 0.57934 1.06013 0.16076
v 0.63676 1.06013 0.14091
v 0.68538 1.06013 0.11950
v 0.72660 1.06013 0.09710
v 0.76018 1.06013 0.07381
v 0.78507 1.06013 0.04972
v 0.80044 1.06013 0.02503
v 0.80592 1.06013 0.00000
v 0.80142 1.06013 -0.02506
v 0.78698 1.06013 -0.04984
v 0.76278 1.06013 -0.07406
v 0.72908 1.06013 -0.09743
v 0.68626 1.06013 -0.11966
v 0.63478 1.06013 -0.14047
v 0.57519 1.06013 -0.15961
v 0.50817 1.06013 -0.17682
v 0.43446 1.06013 -0.19187
v 0.35494 1.06013 -0.20452
v 0.27059 1.06013 -0.21459
v 0.18252 1.06013 -0.22191
v 0.09196 1.06013 -0.22647
v 0.00000 1.06013 -0.22872
v -0.09196 1.06013 -0.22647
v -0.18252 1.06013 -0.22191
v -0.27059 1.06013 -0.21459
v -0.35494 1.06013 -0.20452
v -0.43446 1.06013 -0.19187
v -0.50817 1.06013 -0.17682
v -0.57519 1.06013 -0.15961
v -0.63478 1.06013 -0.14047
v -0.68626 1.06013 -0.11966
v -0.72908 1.06013 -0.09743
v -0.76278 1.06013 -0.07406
v -0.78698 1.06013 -0.04984
v -0.80142 1.06013 -0.02506
v -0.80592 1.06013 -0.00000
v -0.75060 1.09177 0.00000
v -0.74646 1.09177 0.02335
v -0.73280 1.09177 0.04643
v -0.70995 1.09177 0.06896
v -0.67858 1.09177 0.09071
v -0.63951 1.09177 0.11154
v -0.59310 1.09177 0.13129
v -0.53867 1.09177 0.14953
v -0.47550 1.09177 0.16551
v -0.40419 1.09177 0.17856
v -0.32229 1.09177 0.18577
v -0.23458 1.09177 0.18608
v -0.16360 1.09177 0.19897
v -0.09041 1.09177 0.22273
v -0.00000 1.09177 0.24226
v 0.09041 1.09177 0.22273
v 0.16360 1.09177 0.19897
v 0.23458 1.09177 0.18608
v 0.32229 1.09177 0.18577
v 0.40419 1.09177 0.17856
v 0.47550 1.09177 0.16551
v 0.53867 1.09177 0.14953
v 0.59310 1.09177 0.13129
v 0.63951 1.09177 0.11154
v 0.67858 1.09177 0.09071
v 0.70995 1.09177 0.06896
v 0.73280 1.09177 0.04643
v 0.74646 1.09177 0.02335
v 0.75060 1.09177 0.00000
v 0.74513 1.09177 -0.02330
v 0.73010 1.09177 -0.04626
v 0.70571 1.09177 -0.06855
v 0.67231 1.09177 -0.08987
v 0.63040 1.09177 -0.10995
v 0.58060 1.09177 -0.12852
v 0.52366 1.09177 -0.14536
v 0.46042 1.09177 -0.16026
v 0.39177 1.09177 -0.17307
v 0.31866 1.09177 -0.18368
v 0.24202 1.09177 -0.19199
v 0.16277 1.09177 -0.19796
v 0.08185 1.09177 -0.20164
v 0.00000 1.09177 -0.20341
v -0.08185 1.09177 -0.20164
v -0.16277 1.09177 -0.19796
v -0.24202 1.09177 -0.19199
v -0.31866 1.09177 -0.18368
v -0.39177 1.09177 -0.17307
v -0.46042 1.09177 -0.16026
v -0.52366 1.09177 -0.14536
v -0.58060 1.09177 -0.12852
v -0.63040 1.09177 -0.10995
v -0.67231 1.09177 -0.08987
v -0.70571 1.09177 -0.06855
v -0.73010 1.09177 -0.04626
v -0.74513 1.09177 -0.02330
v -0.75060 1.09177 -0.00000
v -0.70856 1.12342 0.00000
v -0.70518 1.12342 0.02166
v -0.69265 1.12342 0.04309
v -0.67125 1.12342 0.06402
v -0.64153 1.12342 0.08420
v -0.60417 1.12342 0.10347
v -0.55959 1.12342 0.12163
v -0.50757 1.12342 0.13834
v -0.44791 1.12342 0.15308
v -0.38111 1.12342 0.16531
v -0.30435 1.12342 0.17224
v -0.22177 1.12342 0.17274
v -0.15454 1.12342 0.18454
v -0.08442 1.12342 0.20421
v -0.00000 1.12342 0.21931
v 0.08442 1.12342 0.20421
v 0.15454 1.12342 0.18454
v 0.22177 1.12342 0.17274
v 0.30435 1.12342 0.17224
v 0.38111 1.12342 0.16531
v 0.44791 1.12342 0.15308
v 0.50757 1.12342 0.13834
v 0.55959 1.12342 0.12163
v 0.60417 1.12342 0.10347
v 0.64153 1.12342 0.08420
v 0.67125 1.12342 0.06402
v 0.69265 1.12342 0.04309
v 0.70518 1.12342 0.02166
v 0.70856 1.12342 0.00000
v 0.70269 1.12342 -0.02158
v 0.68762 1.12342 -0.04277
v 0.66358 1.12342 -0.06328
v 0.63094 1.12342 -0.08281
v 0.59025 1.12342 -0.10108
v 0.54222 1.12342 -0.11785
v 0.48767 1.12342 -0.13291
v 0.42752 1.12342 -0.14611
v 0.36272 1.12342 -0.15733
v 0.29423 1.12342 -0.16652
v 0.22294 1.12342 -0.17365
v 0.14967 1.12342 -0.17872
v 0.07516 1.12342 -0.18182
v 0.00000 1.12342 -0.18324
v -0.07516 1.12342 -0.18182
v -0.14967 1.12342 -0.17872
v -0.22294 1.12342 -0.17365
v -0.29423 1.12342 -0.16652
v -0.36272 1.12342 -0.15733
v -0.42752 1.12342 -0.14611
v -0.48767 1.12342 -0.13291
v -0.54222 1.12342 -0.11785
v -0.59025 1.12342 -0.10108
v -0.63094 1.12342 -0.08281
v -0.66358 1.12342 -0.06328
v -0.68762 1.12342 -0.04277
v -0.70269 1.12342 -0.02158
v -0.70856 1.12342 -0.00000
v -0.69464 1.15506 0.00000
v -0.69102 1.15506 0.02016
v -0.67851 1.15506 0.04009
v -0.65736 1.15506 0.05955
v -0.62800 1.15506 0.07829
v -0.59100 1.15506 0.09614
v -0.54679 1.15506 0.11289
v -0.49546 1.15506 0.12827
v -0.43709 1.15506 0.14189
v -0.37215 1.15506 0.15333
v -0.29750 1.15506 0.15993
v -0.21695 1.15506 0.16051
v -0.15086 1.15506 0.17112
v -0.08079 1.15506 0.18562
v -0.00000 1.15506 0.19490
v 0.08079 1.15506 0.18562
v 0.15086 1.15506 0.17112
v 0.21695 1.15506 0.16051
v 0.29750 1.15506 0.15993
v 0.37215 1.15506 0.15333
v 0.43709 1.15506 0.14189
v 0.49546 1.15506 0.12827
v 0.54679 1.15506 0.11289
v 0.59100 1.15506 0.09614
v 0.62800 1.15506 0.07829
v 0.65736 1.15506 0.05955
v 0.67851 1.15506 0.04009
v 0.69102 1.15506 0.02016
v 0.69464 1.15506 0.00000
v 0.68928 1.15506 -0.02011
v 0.67500 1.15506 -0.03988
v 0.65201 1.15506 -0.05906
v 0.62064 1.15506 -0.07738
v 0.58139 1.15506 -0.09457
v 0.53488 1.15506 -0.11043
v 0.48185 1.15506 -0.12474
v 0.42313 1.15506 -0.13736
v 0.35961 1.15506 -0.14816
v 0.29217 1.15506 -0.15706
v 0.22168 1.15506 -0.16401
v 0.14898 1.15506 -0.16898
v 0.07486 1.15506 -0.17201
v 0.00000 1.15506 -0.17331
v -0.07486 1.15506 -0.17201
v -0.14898 1.15506 -0.16898
v -0.22168 1.15506 -0.16401
v -0.29217 1.15506 -0.15706
v -0.35961 1.15506 -0.14816
v -0.42313 1.15506 -0.13736
v -0.48185 1.15506 -0.12474
v -0.53488 1.15506 -0.11043
v -0.58139 1.15506 -0.09457
v -0.62064 1.15506 -0.07738
v -0.65201 1.15506 -0.05906
v -0.67500 1.15506 -0.03988
v -0.68928 1.15506 -0.02011
v -0.69464 1.15506 -0.00000
v -0.56265 1.18671 0.00000
v -0.55930 1.18671 0.01897
v -0.54887 1.18671 0.03770
v -0.53153 1.18671 0.05598
v -0.50757 1.18671 0.07357
v -0.47738 1.18671 0.09028
v -0.44131 1.18671 0.10592
v -0.39958 1.18671 0.12026
v -0.35244 1.18671 0.13301
v -0.30020 1.18671 0.14379
v -0.24015 1.18671 0.15009
v -0.17523 1.18671 0.15072
v -0.12189 1.18671 0.16072
v -0.06528 1.18671 0.17436
v -0.00000 1.18671 0.18308
v 0.06528 1.18671 0.17436
v 0.12189 1.18671 0.16072
v 0.17523 1.18671 0.15072
v 0.24015 1.18671 0.15009
v 0.30020 1.18671 0.14379
v 0.35244 1.18671 0.13301
v 0.39958 1.18671 0.12026
v 0.44131 1.18671 0.10592
v 0.47738 1.18671 0.09028
v 0.50757 1.18671 0.07357
v 0.53153 1.18671 0.05598
v 0.54887 1.18671 0.03770
v 0.55930 1.18671 0.01897
v 0.56265 1.18671 0.00000
v 0.55886 1.18671 -0.01895
v 0.54798 1.18671 -0.03764
v 0.53015 1.18671 -0.05583
v 0.50561 1.18671 -0.07328
v 0.47469 1.18671 -0.08977
v 0.43781 1.18671 -0.10508
v 0.39548 1.18671 -0.11903
v 0.34828 1.18671 -0.13144
v 0.29682 1.18671 -0.14217
v 0.24178 1.18671 -0.15111
v 0.18387 1.18671 -0.15815
v 0.12378 1.18671 -0.16322
v 0.06227 1.18671 -0.16632
v 0.00000 1.18671 -0.16757
v -0.06227 1.18671 -0.16632
v -0.12378 1.18671 -0.16322
v -0.18387 1.18671 -0.15815
v -0.24178 1.18671 -0.15111
v -0.29682 1.18671 -0.14217
v -0.34828 1.18671 -0.13144
v -0.39548 1.18671 -0.11903
v -0.43781 1.18671 -0.10508
v -0.47469 1.18671 -0.08977
v -0.50561 1.18671 -0.07328
v -0.53015 1.18671 -0.05583
v -0.54798 1.18671 -0.03764
v -0.55886 1.18671 -0.01895
v -0.56265 1.18671 -0.00000
v -0.34455 1.21835 0.00000
v -0.34240 1.21835 0.01819
v -0.33594 1.21835 0.03615
v -0.32527 1.21835 0.05365
v -0.31054 1.21835 0.07050
v -0.29197 1.21835 0.08648
v -0.26978 1.21835 0.10142
v -0.24415 1.21835 0.11510
v -0.21532 1.21835 0.12728
v -0.18346 1.21835 0.13764
v -0.14683 1.21835 0.14373
v -0.10717 1.21835 0.14438
v -0.07456 1.21835 0.15400
v -0.03993 1.21835 0.16708
v -0.00000 1.21835 0.17544
v 0.03993 1.21835 0.16708
v 0.07456 1.21835 0.15400
v 0.10717 1.21835 0.14438
v 0.14683 1.21835 0.14373
v 0.18346 1.21835 0.13764
v 0.21532 1.21835 0.12728
v 0.24415 1.21835 0.11510
v 0.26978 1.21835 0.10142
v 0.29197 1.21835 0.08648
v 0.31054 1.21835 0.07050
v 0.32527 1.21835 0.05365
v 0.33594 1.21835 0.03615
v 0.34240 1.21835 0.01819
v 0.34455 1.21835 0.00000
v 0.34236 1.21835 -0.01818
v 0.33586 1.21835 -0.03614
v 0.32514 1.21835 -0.05363
v 0.31032 1.21835 -0.07045
v 0.29159 1.21835 -0.08637
v 0.26920 1.21835 -0.10120
v 0.24343 1.21835 -0.11475
v 0.21461 1.21835 -0.12686
v 0.18310 1.21835 -0.13736
v 0.14929 1.21835 -0.14614
v 0.11363 1.21835 -0.15308
v 0.07655 1.21835 -0.15810
v 0.03852 1.21835 -0.16116
v 0.00000 1.21835 -0.16234
v -0.03852 1.21835 -0.16116
v -0.07655 1.21835 -0.15810
v -0.11363 1.21835 -0.15308
v -0.14929 1.21835 -0.14614
v -0.18310 1.21835 -0.13736
v -0.21461 1.21835 -0.12686
v -0.24343 1.21835 -0.11475
v -0.26920 1.21835 -0.10120
v -0.29159 1.21835 -0.08637
v -0.31032 1.21835 -0.07045
v -0.32514 1.21835 -0.05363
v -0.33586 1.21835 -0.03614
v -0.34236 1.21835 -0.01818
v -0.34455 1.21835 -0.00000
v -0.24000 1.25000 0.00000
v -0.23849 1.25000 0.01791
v -0.23398 1.25000 0.03560
v -0.22654 1.25000 0.05285
v -0.21626 1.25000 0.06943
v -0.20329 1.25000 0.08516
v -0.18778 1.25000 0.09983
v -0.16990 1.25000 0.11327
v -0.14982 1.25000 0.12525
v -0.12768 1.25000 0.13547
v -0.10222 1.25000 0.14150
v -0.07463 1.25000 0.14218
v -0.05193 1.25000 0.15167
v -0.02781 1.25000 0.16456
v -0.00000 1.25000 0.17279
v 0.02781 1.25000 0.16456
v 0.05193 1.25000 0.15167
v 0.07463 1.25000 0.14218
v 0.10222 1.25000 0.14150
v 0.12768 1.25000 0.13547
v 0.14982 1.25000 0.12525
v 0.16990 1.25000 0.11327
v 0.18778 1.25000 0.09983
v 0.20329 1.25000 0.08516
v 0.21626 1.25000 0.06943
v 0.22654 1.25000 0.05285
v 0.23398 1.25000 0.03560
v 0.23849 1.25000 0.01791
v 0.24000 1.25000 0.00000
v 0.23849 1.25000 -0.01791
v 0.23398 1.25000 -0.03560
v 0.22653 1.25000 -0.05284
v 0.21623 1.25000 -0.06942
v 0.20321 1.25000 -0.08512
v 0.18763 1.25000 -0.09975
v 0.16970 1.25000 -0.11313
v 0.14963 1.25000 -0.12508
v 0.12768 1.25000 -0.13546
v 0.10412 1.25000 -0.14414
v 0.07926 1.25000 -0.15101
v 0.05340 1.25000 -0.15597
v 0.02687 1.25000 -0.15900
v 0.00000 1.25000 -0.16013
v -0.02687 1.25000 -0.15900
v -0.05340 1.25000 -0.15597
v -0.07926 1.25000 -0.15101
v -0.10412 1.25000 -0.14414
v -0.12768 1.25000 -0.13546
v -0.14963 1.25000 -0.12508
v -0.16970 1.25000 -0.11313
v -0.18763 1.25000 -0.09975
v -0.20321 1.25000 -0.08512
v -0.21623 1.25000 -0.06942
v -0.22653 1.25000 -0.05284
v -0.23398 1.25000 -0.03560
v -0.23849 1.25000 -0.01791
v -0.24000 1.25000 -0.00000
v -0.22173 1.31123 0.00000
v -0.22034 1.31123 0.01655
v -0.21617 1.31123 0.03289
v -0.20929 1.31123 0.04882
v -0.19980 1.31123 0.06415
v -0.18781 1.31123 0.07867
v -0.17349 1.31123 0.09224
v -0.15697 1.31123 0.10465
v -0.13842 1.31123 0.11571
v -0.11796 1.31123 0.12515
v -0.09444 1.31123 0.13073
v -0.06895 1.31123 0.13136
v -0.04797 1.31123 0.14013
v -0.02570 1.31123 0.15203
v -0.00000 1.31123 0.15964
v 0.02570 1.31123 0.15203
v 0.04797 1.31123 0.14013
v 0.06895 1.31123 0.13136
v 0.09444 1.31123 0.13073
v 0.11796 1.31123 0.12515
v 0.13842 1.31123 0.11571
v 0.15697 1.31123 0.10465
v 0.17349 1.31123 0.09224
v 0.18781 1.31123 0.07867
v 0.19980 1.31123 0.06415
v 0.20929 1.31123 0.04882
v 0.21617 1.31123 0.03289
v 0.22034 1.31123 0.01655
v 0.22173 1.31123 0.00000
v 0.22033 1.31123 -0.01655
v 0.21617 1.31123 -0.03289
v 0.20928 1.31123 -0.04882
v 0.19977 1.31123 -0.06413
v 0.18774 1.31123 -0.07864
v 0.17335 1.31123 -0.09216
v 0.15678 1.31123 -0.10452
v 0.13824 1.31123 -0.11556
v 0.11796 1.31123 -0.12515
v 0.09620 1.31123 -0.13317
v 0.07323 1.31123 -0.13951
v 0.04933 1.31123 -0.14410
v 0.02483 1.31123 -0.14689
v 0.00000 1.31123 -0.14794
v -0.02483 1.31123 -0.14689
v -0.04933 1.31123 -0.14410
v -0.07323 1.31123 -0.13951
v -0.09620 1.31123 -0.13317
v -0.11796 1.31123 -0.12515
v -0.13824 1.31123 -0.11556
v -0.15678 1.31123 -0.10452
v -0.17335 1.31123 -0.09216
v -0.18774 1.31123 -0.07864
v -0.19977 1.31123 -0.06413
v -0.20928 1.31123 -0.04882
v -0.21617 1.31123 -0.03289
v -0.22033 1.31123 -0.01655
v -0.22173 1.31123 -0.00000
v -0.16970 1.36314 0.00000
v -0.16864 1.36314 0.01267
v -0.16545 1.36314 0.02518
v -0.16019 1.36314 0.03737
v -0.15292 1.36314 0.04909
v -0.14375 1.36314 0.06021
v -0.13278 1.36314 0.07059
v -0.12014 1.36314 0.08009
v -0.10594 1.36314 0.08856
v -0.09028 1.36314 0.09579
v -0.07228 1.36314 0.10006
v -0.05277 1.36314 0.10054
v -0.03672 1.36314 0.10725
v -0.01967 1.36314 0.11636
v -0.00000 1.36314 0.12218
v 0.01967 1.36314 0.11636
v 0.03672 1.36314 0.10725
v 0.05277 1.36314 0.10054
v 0.07228 1.36314 0.10006
v 0.09028 1.36314 0.09579
v 0.10594 1.36314 0.08856
v 0.12014 1.36314 0.08009
v 0.13278 1.36314 0.07059
v 0.14375 1.36314 0.06021
v 0.15292 1.36314 0.04909
v 0.16019 1.36314 0.03737
v 0.16545 1.36314 0.02518
v 0.16864 1.36314 0.01267
v 0.16970 1.36314 0.00000
v 0.16864 1.36314 -0.01267
v 0.16545 1.36314 -0.02517
v 0.16018 1.36314 -0.03737
v 0.15289 1.36314 -0.04909
v 0.14369 1.36314 -0.06019
v 0.13267 1.36314 -0.07054
v 0.11999 1.36314 -0.07999
v 0.10580 1.36314 -0.08845
v 0.09028 1.36314 -0.09579
v 0.07363 1.36314 -0.10192
v 0.05604 1.36314 -0.10678
v 0.03776 1.36314 -0.11029
v 0.01900 1.36314 -0.11243
v 0.00000 1.36314 -0.11323
v -0.01900 1.36314 -0.11243
v -0.03776 1.36314 -0.11029
v -0.05604 1.36314 -0.10678
v -0.07363 1.36314 -0.10192
v -0.09028 1.36314 -0.09579
v -0.10580 1.36314 -0.08845
v -0.11999 1.36314 -0.07999
v -0.13267 1.36314 -0.07054
v -0.14369 1.36314 -0.06019
v -0.15289 1.36314 -0.04909
v -0.16018 1.36314 -0.03737
v -0.16545 1.36314 -0.02517
v -0.16864 1.36314 -0.01267
v -0.16970 1.36314 -0.00000
v -0.09184 1.39782 0.00000
v -0.09127 1.39782 0.00686
v -0.08954 1.39782 0.01362
v -0.08669 1.39782 0.02022
v -0.08276 1.39782 0.02657
v -0.07780 1.39782 0.03259
v -0.07186 1.39782 0.03821
v -0.06502 1.39782 0.04335
v -0.05733 1.39782 0.04793
v -0.04886 1.39782 0.05184
v -0.03912 1.39782 0.05415
v -0.02856 1.39782 0.05441
v -0.01987 1.39782 0.05804
v -0.01064 1.39782 0.06297
v -0.00000 1.39782 0.06612
v 0.01064 1.39782 0.06297
v 0.01987 1.39782 0.05804
v 0.02856 1.39782 0.05441
v 0.03912 1.39782 0.05415
v 0.04886 1.39782 0.05184
v 0.05733 1.39782 0.04793
v 0.06502 1.39782 0.04335
v 0.07186 1.39782 0.03821
v 0.07780 1.39782 0.03259
v 0.08276 1.39782 0.02657
v 0.08669 1.39782 0.02022
v 0.08954 1.39782 0.01362
v 0.09127 1.39782 0.00686
v 0.09184 1.39782 0.00000
v 0.09127 1.39782 -0.00686
v 0.08954 1.39782 -0.01362
v 0.08669 1.39782 -0.02022
v 0.08275 1.39782 -0.02657
v 0.07776 1.39782 -0.03257
v 0.07180 1.39782 -0.03817
v 0.06494 1.39782 -0.04329
v 0.05726 1.39782 -0.04787
v 0.04886 1.39782 -0.05184
v 0.03985 1.39782 -0.05516
v 0.03033 1.39782 -0.05779
v 0.02043 1.39782 -0.05969
v 0.01028 1.39782 -0.06085
v 0.00000 1.39782 -0.06128
v -0.01028 1.39782 -0.06085
v -0.02043 1.39782 -0.05969
v -0.03033 1.39782 -0.05779
v -0.03985 1.39782 -0.05516
v -0.04886 1.39782 -0.05184
v -0.05726 1.39782 -0.04787
v -0.06494 1.39782 -0.04329
v -0.07180 1.39782 -0.03817
v -0.07776 1.39782 -0.03257
v -0.08275 1.39782 -0.02657
v -0.08669 1.39782 -0.02022
v -0.08954 1.39782 -0.01362
v -0.09127 1.39782 -0.00686
v -0.09184 1.39782 -0.00000
v -0.00100 1.41000 0.00000
v -0.00099 1.41000 0.00011
v -0.00097 1.41000 0.00022
v -0.00094 1.41000 0.00033
v -0.00090 1.41000 0.00043
v -0.00085 1.41000 0.00053
v -0.00078 1.41000 0.00062
v -0.00071 1.41000 0.00071
v -0.00062 1.41000 0.00078
v -0.00053 1.41000 0.00085
v -0.00043 1.41000 0.00088
v -0.00031 1.41000 0.00089
v -0.00022 1.41000 0.00095
v -0.00012 1.41000 0.00103
v -0.00000 1.41000 0.00108
v 0.00012 1.41000 0.00103
v 0.00022 1.41000 0.00095
v 0.00031 1.41000 0.00089
v 0.00043 1.41000 0.00088
v 0.00053 1.41000 0.00085
v 0.00062 1.41000 0.00078
v 0.00071 1.41000 0.00071
v 0.00078 1.41000 0.00062
v 0.00085 1.41000 0.00053
v 0.00090 1.41000 0.00043
v 0.00094 1.41000 0.00033
v 0.00097 1.41000 0.00022
v 0.00099 1.41000 0.00011
v 0.00100 1.41000 0.00000
v 0.00099 1.41000 -0.00011
v 0.00097 1.41000 -0.00022
v 0.00094 1.41000 -0.00033
v 0.00090 1.41000 -0.00043
v 0.00085 1.41000 -0.00053
v 0.00078 1.41000 -0.00062
v 0.00071 1.41000 -0.00071
v 0.00062 1.41000 -0.00078
v 0.00053 1.41000 -0.00085
v 0.00043 1.41000 -0.00090
v 0.00033 1.41000 -0.00094
v 0.00022 1.41000 -0.00097
v 0.00011 1.41000 -0.00099
v 0.00000 1.41000 -0.00100
v -0.00011 1.41000 -0.00099
v -0.00022 1.41000 -0.00097
v -0.00033 1.41000 -0.00094
v -0.00043 1.41000 -0.00090
v -0.00053 1.41000 -0.00085
v -0.00062 1.41000 -0.00078
v -0.00071 1.41000 -0.00071
v -0.00078 1.41000 -0.00062
v -0.00085 1.41000 -0.00053
v -0.00090 1.41000 -0.00043
v -0.00094 1.41000 -0.00033
v -0.00097 1.41000 -0.00022
v -0.00099 1.41000 -0.00011
v -0.00100 1.41000 -0.00000
vt 0.00000 -0.09800
vt 0.01786 -0.09800
vt 0.03571 -0.09800
vt 0.05357 -0.09800
vt 0.07143 -0.09800
vt 0.08929 -0.09800
vt 0.10714 -0.09800
vt 0.12500 -0.09800
vt 0.14286 -0.09800
vt 0.16071 -0.09800
vt 0.17857 -0.09800
vt 0.19643 -0.09800
vt 0.21429 -0.09800
vt 0.23214 -0.09800
vt 0.25000 -0.09800
vt 0.26786 -0.09800
vt 0.28571 -0.09800
vt 0.30357 -0.09800
vt 0.32143 -0.09800
vt 0.33929 -0.09800
vt 0.35714 -0.09800
vt 0.37500 -0.09800
vt 0.39286 -0.09800
vt 0.41071 -0.09800
vt 0.42857 -0.09800
vt 0.44643 -0.09800
vt 0.46429 -0.09800
vt 0.48214 -0.09800
vt 0.50000 -0.09800
vt 0.51786 -0.09800
vt 0.53571 -0.09800
vt 0.55357 -0.09800
vt 0.57143 -0.09800
vt 0.58929 -0.09800
vt 0.60714 -0.09800
vt 0.62500 -0.09800
vt 0.64286 -0.09800
vt 0.66071 -0.09800
vt 0.67857 -0.09800
vt 0.69643 -0.09800
vt 0.71429 -0.09800
vt 0.73214 -0.09800
vt 0.75000 -0.09800
vt 0.76786 -0.09800
vt 0.78571 -0.09800
vt 0.80357 -0.09800
vt 0.82143 -0.09800
vt 0.83929 -0.09800
vt 0.85714 -0.09800
vt 0.87500 -0.09800
vt 0.89286 -0.09800
vt 0.91071 -0.09800
vt 0.92857 -0.09800
vt 0.94643 -0.09800
vt 0.96429 -0.09800
vt 0.98214 -0.09800
vt 1.00000 -0.09800
vt 0.00000 -0.09054
vt 0.01786 -0.09054
vt 0.03571 -0.09054
vt 0.05357 -0.09054
vt 0.07143 -0.09054
vt 0.08929 -0.09054
vt 0.10714 -0.09054
vt 0.12500 -0.09054
vt 0.14286 -0.09054
vt 0.16071 -0.09054
vt 0.17857 -0.09054
vt 0.19643 -0.09054
vt 0.21429 -0.09054
vt 0.23214 -0.09054
vt 0.25000 -0.09054
vt 0.26786 -0.09054
vt 0.28571 -0.09054
vt 0.30357 -0.09054
vt 0.32143 -0.09054
vt 0.33929 -0.09054
vt 0.35714 -0.09054
vt 0.37500 -0.09054
vt 0.39286 -0.09054
vt 0.41071 -0.09054
vt 0.42857 -0.09054
vt 0.44643 -0.09054
vt 0.46429 -0.09054
vt 0.48214 -0.09054
vt 0.50000 -0.09054
vt 0.51786 -0.09054
vt 0.53571 -0.09054
vt 0.55357 -0.09054
vt 0.57143 -0.09054
vt 0.58929 -0.09054
vt 0.60714 -0.09054
vt 0.62500 -0.09054
vt 0.64286 -0.09054
vt 0.66071 -0.09054
vt 0.67857 -0.09054
vt 0.69643 -0.09054
vt 0.71429 -0.09054
vt 0.73214 -0.09054
vt 0.75000 -0.09054
vt 0.76786 -0.09054
vt 0.78571 -0.09054
vt 0.80357 -0.09054
vt 0.82143 -0.09054
vt 0.83929 -0.09054
vt 0.85714 -0.09054
vt 0.87500 -0.09054
vt 0.89286 -0.09054
vt 0.91071 -0.09054
vt 0.92857 -0.09054
vt 0.94643 -0.09054
vt 0.96429 -0.09054
vt 0.98214 -0.09054
vt 1.00000 -0.09054
vt 0.00000 -0.06930
vt 0.01786 -0.06930
vt 0.03571 -0.06930
vt 0.05357 -0.06930
vt 0.07143 -0.06930
vt 0.08929 -0.06930
vt 0.10714 -0.06930
vt 0.12500 -0.06930
vt 0.14286 -0.06930
vt 0.16071 -0.06930
vt 0.17857 -0.06930
vt 0.19643 -0.06930
vt 0.21429 -0.06930
vt 0.23214 -0.06930
vt 0.25000 -0.06930
vt 0.26786 -0.06930
vt 0.28571 -0.06930
vt 0.30357 -0.06930
vt 0.32143 -0.06930
vt 0.33929 -0.06930
vt 0.35714 -0.06930
vt 0.37500 -0.06930
vt 0.39286 -0.06930
vt 0.41071 -0.06930
vt 0.42857 -0.06930
vt 0.44643 -0.06930
vt 0.46429 -0.06930
vt 0.48214 -0.06930
vt 0.50000 -0.06930
vt 0.51786 -0.06930
vt 0.53571 -0.06930
vt 0.55357 -0.06930
vt 0.57143 -0.06930
vt 0.58929 -0.06930
vt 0.60714 -0.06930
vt 0.62500 -0.06930
vt 0.64286 -0.06930
vt 0.66071 -0.06930
vt 0.67857 -0.06930
vt 0.69643 -0.06930
vt 0.71429 -0.06930
vt 0.73214 -0.06930
vt 0.75000 -0.06930
vt 0.76786 -0.06930
vt 0.78571 -0.06930
vt 0.80357 -0.06930
vt 0.82143 -0.06930
vt 0.83929 -0.06930
vt 0.85714 -0.06930
vt 0.87500 -0.06930
vt 0.89286 -0.06930
vt 0.91071 -0.06930
vt 0.92857 -0.06930
vt 0.94643 -0.06930
vt 0.96429 -0.06930
vt 0.98214 -0.06930
vt 1.00000 -0.06930
vt 0.00000 -0.03750
vt 0.01786 -0.03750
vt 0.03571 -0.03750
vt 0.05357 -0.03750
vt 0.07143 -0.03750
vt 0.08929 -0.03750
vt 0.10714 -0.03750
vt 0.12500 -0.03750
vt 0.14286 -0.03750
vt 0.16071 -0.03750
vt 0.17857 -0.03750
vt 0.19643 -0.03750
vt 0.21429 -0.03750
vt 0.23214 -0.03750
vt 0.25000 -0.03750
vt 0.26786 -0.03750
vt 0.28571 -0.03750
vt 0.30357 -0.03750
vt 0.32143 -0.03750
vt 0.33929 -0.03750
vt 0.35714 -0.03750
vt 0.37500 -0.03750
vt 0.39286 -0.03750
vt 0.41071 -0.03750
vt 0.42857 -0.03750
vt 0.44643 -0.03750
vt 0.46429 -0.03750
vt 0.48214 -0.03750
vt 0.50000 -0.03750
vt 0.51786 -0.03750
vt 0.53571 -0.03750
vt 0.55357 -0.03750
vt 0.57143 -0.03750
vt 0.58929 -0.03750
vt 0.60714 -0.03750
vt 0.62500 -0.03750
vt 0.64286 -0.03750
vt 0.66071 -0.03750
vt 0.67857 -0.03750
vt 0.69643 -0.03750
vt 0.71429 -0.03750
vt 0.73214 -0.03750
vt 0.75000 -0.03750
vt 0.76786 -0.03750
vt 0.78571 -0.03750
vt 0.80357 -0.03750
vt 0.82143 -0.03750
vt 0.83929 -0.03750
vt 0.85714 -0.03750
vt 0.87500 -0.03750
vt 0.89286 -0.03750
vt 0.91071 -0.03750
vt 0.92857 -0.03750
vt 0.94643 -0.03750
vt 0.96429 -0.03750
vt 0.98214 -0.03750
vt 1.00000 -0.03750
vt 0.00000 0.00000
vt 0.01786 0.00000
vt 0.03571 0.00000
vt 0.05357 0.00000
vt 0.07143 0.00000
vt 0.08929 0.00000
vt 0.10714 0.00000
vt 0.12500 0.00000
vt 0.14286 0.00000
vt 0.16071 0.00000
vt 0.17857 0.00000
vt 0.19643 0.00000
vt 0.21429 0.00000
vt 0.23214 0.00000
vt 0.25000 0.00000
vt 0.26786 0.00000
vt 0.28571 0.00000
vt 0.30357 0.00000
vt 0.32143 0.00000
vt 0.33929 0.00000
vt 0.35714 0.00000
vt 0.37500 0.00000
vt 0.39286 0.00000
vt 0.41071 0.00000
vt 0.42857 0.00000
vt 0.44643 0.00000
vt 0.46429 0.00000
vt 0.48214 0.00000
vt 0.50000 0.00000
vt 0.51786 0.00000
vt 0.53571 0.00000
vt 0.55357 0.00000
vt 0.57143 0.00000
vt 0.58929 0.00000
vt 0.60714 0.00000
vt 0.62500 0.00000
vt 0.64286 0.00000
vt 0.66071 0.00000
vt 0.67857 0.00000
vt 0.69643 0.00000
vt 0.71429 0.00000
vt 0.73214 0.00000
vt 0.75000 0.00000
vt 0.76786 0.00000
vt 0.78571 0.00000
vt 0.80357 0.00000
vt 0.82143 0.00000
vt 0.83929 0.00000
vt 0.85714 0.00000
vt 0.87500 0.00000
vt 0.89286 0.00000
vt 0.91071 0.00000
vt 0.92857 0.00000
vt 0.94643 0.00000
vt 0.96429 0.00000
vt 0.98214 0.00000
vt 1.00000 0.00000
vt 0.00000 0.01582
vt 0.01786 0.01582
vt 0.03571 0.01582
vt 0.05357 0.01582
vt 0.07143 0.01582
vt 0.08929 0.01582
vt 0.10714 0.01582
vt 0.12500 0.01582
vt 0.14286 0.01582
vt 0.16071 0.01582
vt 0.17857 0.01582
vt 0.19643 0.01582
vt 0.21429 0.01582
vt 0.23214 0.01582
vt 0.25000 0.01582
vt 0.26786 0.01582
vt 0.28571 0.01582
vt 0.30357 0.01582
vt 0.32143 0.01582
vt 0.33929 0.01582
vt 0.35714 0.01582
vt 0.37500 0.01582
vt 0.39286 0.01582
vt 0.41071 0.01582
vt 0.42857 0.01582
vt 0.44643 0.01582
vt 0.46429 0.01582
vt 0.48214 0.01582
vt 0.50000 0.01582
vt 0.51786 0.01582
vt 0.53571 0.01582
vt 0.55357 0.01582
vt 0.57143 0.01582
vt 0.58929 0.01582
vt 0.60714 0.01582
vt 0.62500 0.01582
vt 0.64286 0.01582
vt 0.66071 0.01582
vt 0.67857 0.01582
vt 0.69643 0.01582
vt 0.71429 0.01582
vt 0.73214 0.01582
vt 0.75000 0.01582
vt 0.76786 0.01582
vt 0.78571 0.01582
vt 0.80357 0.01582
vt 0.82143 0.01582
vt 0.83929 0.01582
vt 0.85714 0.01582
vt 0.87500 0.01582
vt 0.89286 0.01582
vt 0.91071 0.01582
vt 0.92857 0.01582
vt 0.94643 0.01582
vt 0.96429 0.01582
vt 0.98214 0.01582
vt 1.00000 0.01582
vt 0.00000 0.03165
vt 0.01786 0.03165
vt 0.03571 0.03165
vt 0.05357 0.03165
vt 0.07143 0.03165
vt 0.08929 0.03165
vt 0.10714 0.03165
vt 0.12500 0.03165
vt 0.14286 0.03165
vt 0.16071 0.03165
vt 0.17857 0.03165
vt 0.19643 0.03165
vt 0.21429 0.03165
vt 0.23214 0.03165
vt 0.25000 0.03165
vt 0.26786 0.03165
vt 0.28571 0.03165
vt 0.30357 0.03165
vt 0.32143 0.03165
vt 0.33929 0.03165
vt 0.35714 0.03165
vt 0.37500 0.03165
vt 0.39286 0.03165
vt 0.41071 0.03165
vt 0.42857 0.03165
vt 0.44643 0.03165
vt 0.46429 0.03165
vt 0.48214 0.03165
vt 0.50000 0.03165
vt 0.51786 0.03165
vt 0.53571 0.03165
vt 0.55357 0.03165
vt 0.57143 0.03165
vt 0.58929 0.03165
vt 0.60714 0.03165
vt 0.62500 0.03165
vt 0.64286 0.03165
vt 0.66071 0.03165
vt 0.67857 0.03165
vt 0.69643 0.03165
vt 0.71429 0.03165
vt 0.73214 0.03165
vt 0.75000 0.03165
vt 0.76786 0.03165
vt 0.78571 0.03165
vt 0.80357 0.03165
vt 0.82143 0.03165
vt 0.83929 0.03165
vt 0.85714 0.03165
vt 0.87500 0.03165
vt 0.89286 0.03165
vt 0.91071 0.03165
vt 0.92857 0.03165
vt 0.94643 0.03165
vt 0.96429 0.03165
vt 0.98214 0.03165
vt 1.00000 0.03165
vt 0.00000 0.04747
vt 0.01786 0.04747
vt 0.03571 0.04747
vt 0.05357 0.04747
vt 0.07143 0.04747
vt 0.08929 0.04747
vt 0.10714 0.04747
vt 0.12500 0.04747
vt 0.14286 0.04747
vt 0.16071 0.04747
vt 0.17857 0.04747
vt 0.19643 0.04747
vt 0.21429 0.04747
vt 0.23214 0.04747
vt 0.25000 0.04747
vt 0.26786 0.04747
vt 0.28571 0.04747
vt 0.30357 0.04747
vt 0.32143 0.04747
vt 0.33929 0.04747
vt 0.35714 0.04747
vt 0.37500 0.04747
vt 0.39286 0.04747
vt 0.41071 0.04747
vt 0.42857 0.04747
vt 0.44643 0.04747
vt 0.46429 0.04747
vt 0.48214 0.04747
vt 0.50000 0.04747
vt 0.51786 0.04747
vt 0.53571 0.04747
vt 0.55357 0.04747
vt 0.57143 0.04747
vt 0.58929 0.04747
vt 0.60714 0.04747
vt 0.62500 0.04747
vt 0.64286 0.04747
vt 0.66071 0.04747
vt 0.67857 0.04747
vt 0.69643 0.04747
vt 0.71429 0.04747
vt 0.73214 0.04747
vt 0.75000 0.04747
vt 0.76786 0.04747
vt 0.78571 0.04747
vt 0.80357 0.04747
vt 0.82143 0.04747
vt 0.83929 0.04747
vt 0.85714 0.04747
vt 0.87500 0.04747
vt 0.89286 0.04747
vt 0.91071 0.04747
vt 0.92857 0.04747
vt 0.94643 0.04747
vt 0.96429 0.04747
vt 0.98214 0.04747
vt 1.00000 0.04747
vt 0.00000 0.06329
vt 0.01786 0.06329
vt 0.03571 0.06329
vt 0.05357 0.06329
vt 0.07143 0.06329
vt 0.08929 0.06329
vt 0.10714 0.06329
vt 0.12500 0.06329
vt 0.14286 0.06329
vt 0.16071 0.06329
vt 0.17857 0.06329
vt 0.19643 0.06329
vt 0.21429 0.06329
vt 0.23214 0.06329
vt 0.25000 0.06329
vt 0.26786 0.06329
vt 0.28571 0.06329
vt 0.30357 0.06329
vt 0.32143 0.06329
vt 0.33929 0.06329
vt 0.35714 0.06329
vt 0.37500 0.06329
vt 0.39286 0.06329
vt 0.41071 0.06329
vt 0.42857 0.06329
vt 0.44643 0.06329
vt 0.46429 0.06329
vt 0.48214 0.06329
vt 0.50000 0.06329
vt 0.51786 0.06329
vt 0.53571 0.06329
vt 0.55357 0.06329
vt 0.57143 0.06329
vt 0.58929 0.06329
vt 0.60714 0.06329
vt 0.62500 0.06329
vt 0.64286 0.06329
vt 0.66071 0.06329
vt 0.67857 0.06329
vt 0.69643 0.06329
vt 0.71429 0.06329
vt 0.73214 0.06329
vt 0.75000 0.06329
vt 0.76786 0.06329
vt 0.78571 0.06329
vt 0.80357 0.06329
vt 0.82143 0.06329
vt 0.83929 0.06329
vt 0.85714 0.06329
vt 0.87500 0.06329
vt 0.89286 0.06329
vt 0.91071 0.06329
vt 0.92857 0.06329
vt 0.94643 0.06329
vt 0.96429 0.06329
vt 0.98214 0.06329
vt 1.00000 0.06329
vt 0.00000 0.07911
vt 0.01786 0.07911
vt 0.03571 0.07911
vt 0.05357 0.07911
vt 0.07143 0.07911
vt 0.08929 0.07911
vt 0.10714 0.07911
vt 0.12500 0.07911
vt 0.14286 0.07911
vt 0.16071 0.07911
vt 0.17857 0.07911
vt 0.19643 0.07911
vt 0.21429 0.07911
vt 0.23214 0.07911
vt 0.25000 0.07911
vt 0.26786 0.07911
vt 0.28571 0.07911
vt 0.30357 0.07911
vt 0.32143 0.07911
vt 0.33929 0.07911
vt 0.35714 0.07911
vt 0.37500 0.07911
vt 0.39286 0.07911
vt 0.41071 0.07911
vt 0.42857 0.07911
vt 0.44643 0.07911
vt 0.46429 0.07911
vt 0.48214 0.07911
vt 0.50000 0.07911
vt 0.51786 0.07911
vt 0.53571 0.07911
vt 0.55357 0.07911
vt 0.57143 0.07911
vt 0.58929 0.07911
vt 0.60714 0.07911
vt 0.62500 0.07911
vt 0.64286 0.07911
vt 0.66071 0.07911
vt 0.67857 0.07911
vt 0.69643 0.07911
vt 0.71429 0.07911
vt 0.73214 0.07911
vt 0.75000 0.07911
vt 0.76786 0.07911
vt 0.78571 0.07911
vt 0.80357 0.07911
vt 0.82143 0.07911
vt 0.83929 0.07911
vt 0.85714 0.07911
vt 0.87500 0.07911
vt 0.89286 0.07911
vt 0.91071 0.07911
vt 0.92857 0.07911
vt 0.94643 0.07911
vt 0.96429 0.07911
vt 0.98214 0.07911
vt 1.00000 0.07911
vt 0.00000 0.09494
vt 0.01786 0.09494
vt 0.03571 0.09494
vt 0.05357 0.09494
vt 0.07143 0.09494
vt 0.08929 0.09494
vt 0.10714 0.09494
vt 0.12500 0.09494
vt 0.14286 0.09494
vt 0.16071 0.09494
vt 0.17857 0.09494
vt 0.19643 0.09494
vt 0.21429 0.09494
vt 0.23214 0.09494
vt 0.25000 0.09494
vt 0.26786 0.09494
vt 0.28571 0.09494
vt 0.30357 0.09494
vt 0.32143 0.09494
vt 0.33929 0.09494
vt 0.35714 0.09494
vt 0.37500 0.09494
vt 0.39286 0.09494
vt 0.41071 0.09494
vt 0.42857 0.09494
vt 0.44643 0.09494
vt 0.46429 0.09494
vt 0.48214 0.09494
vt 0.50000 0.09494
vt 0.51786 0.09494
vt 0.53571 0.09494
vt 0.55357 0.09494
vt 0.57143 0.09494
vt 0.58929 0.09494
vt 0.60714 0.09494
vt 0.62500 0.09494
vt 0.64286 0.09494
vt 0.66071 0.09494
vt 0.67857 0.09494
vt 0.69643 0.09494
vt 0.71429 0.09494
vt 0.73214 0.09494
vt 0.75000 0.09494
vt 0.76786 0.09494
vt 0.78571 0.09494
vt 0.80357 0.09494
vt 0.82143 0.09494
vt 0.83929 0.09494
vt 0.85714 0.09494
vt 0.87500 0.09494
vt 0.89286 0.09494
vt 0.91071 0.09494
vt 0.92857 0.09494
vt 0.94643 0.09494
vt 0.96429 0.09494
vt 0.98214 0.09494
vt 1.00000 0.09494
vt 0.00000 0.11076
vt 0.01786 0.11076
vt 0.03571 0.11076
vt 0.05357 0.11076
vt 0.07143 0.11076
vt 0.08929 0.11076
vt 0.10714 0.11076
vt 0.12500 0.11076
vt 0.14286 0.11076
vt 0.16071 0.11076
vt 0.17857 0.11076
vt 0.19643 0.11076
vt 0.21429 0.11076
vt 0.23214 0.11076
vt 0.25000 0.11076
vt 0.26786 0.11076
vt 0.28571 0.11076
vt 0.30357 0.11076
vt 0.32143 0.11076
vt 0.33929 0.11076
vt 0.35714 0.11076
vt 0.37500 0.11076
vt 0.39286 0.11076
vt 0.41071 0.11076
vt 0.42857 0.11076
vt 0.44643 0.11076
vt 0.46429 0.11076
vt 0.48214 0.11076
vt 0.50000 0.11076
vt 0.51786 0.11076
vt 0.53571 0.11076
vt 0.55357 0.11076
vt 0.57143 0.11076
vt 0.58929 0.11076
vt 0.60714 0.11076
vt 0.62500 0.11076
vt 0.64286 0.11076
vt 0.66071 0.11076
vt 0.67857 0.11076
vt 0.69643 0.11076
vt 0.71429 0.11076
vt 0.73214 0.11076
vt 0.75000 0.11076
vt 0.76786 0.11076
vt 0.78571 0.11076
vt 0.80357 0.11076
vt 0.82143 0.11076
vt 0.83929 0.11076
vt 0.85714 0.11076
vt 0.87500 0.11076
vt 0.89286 0.11076
vt 0.91071 0.11076
vt 0.92857 0.11076
vt 0.94643 0.11076
vt 0.96429 0.11076
vt 0.98214 0.11076
vt 1.00000 0.11076
vt 0.00000 0.12658
vt 0.01786 0.12658
vt 0.03571 0.12658
vt 0.05357 0.12658
vt 0.07143 0.12658
vt 0.08929 0.12658
vt 0.10714 0.12658
vt 0.12500 0.12658
vt 0.14286 0.12658
vt 0.16071 0.12658
vt 0.17857 0.12658
vt 0.19643 0.12658
vt 0.21429 0.12658
vt 0.23214 0.12658
vt 0.25000 0.12658
vt 0.26786 0.12658
vt 0.28571 0.12658
vt 0.30357 0.12658
vt 0.32143 0.12658
vt 0.33929 0.12658
vt 0.35714 0.12658
vt 0.37500 0.12658
vt 0.39286 0.12658
vt 0.41071 0.12658
vt 0.42857 0.12658
vt 0.44643 0.12658
vt 0.46429 0.12658
vt 0.48214 0.12658
vt 0.50000 0.12658
vt 0.51786 0.12658
vt 0.53571 0.12658
vt 0.55357 0.12658
vt 0.57143 0.12658
vt 0.58929 0.12658
vt 0.60714 0.12658
vt 0.62500 0.12658
vt 0.64286 0.12658
vt 0.66071 0.12658
vt 0.67857 0.12658
vt 0.69643 0.12658
vt 0.71429 0.12658
vt 0.73214 0.12658
vt 0.75000 0.12658
vt 0.76786 0.12658
vt 0.78571 0.12658
vt 0.80357 0.12658
vt 0.82143 0.12658
vt 0.83929 0.12658
vt 0.85714 0.12658
vt 0.87500 0.12658
vt 0.89286 0.12658
vt 0.91071 0.12658
vt 0.92857 0.12658
vt 0.94643 0.12658
vt 0.96429 0.12658
vt 0.98214 0.12658
vt 1.00000 0.12658
vt 0.00000 0.14241
vt 0.01786 0.14241
vt 0.03571 0.14241
vt 0.05357 0.14241
vt 0.07143 0.14241
vt 0.08929 0.14241
vt 0.10714 0.14241
vt 0.12500 0.14241
vt 0.14286 0.14241
vt 0.16071 0.14241
vt 0.17857 0.14241
vt 0.19643 0.14241
vt 0.21429 0.14241
vt 0.23214 0.14241
vt 0.25000 0.14241
vt 0.26786 0.14241
vt 0.28571 0.14241
vt 0.30357 0.14241
vt 0.32143 0.14241
vt 0.33929 0.14241
vt 0.35714 0.14241
vt 0.37500 0.14241
vt 0.39286 0.14241
vt 0.41071 0.14241
vt 0.42857 0.14241
vt 0.44643 0.14241
vt 0.46429 0.14241
vt 0.48214 0.14241
vt 0.50000 0.14241
vt 0.51786 0.14241
vt 0.53571 0.14241
vt 0.55357 0.14241
vt 0.57143 0.14241
vt 0.58929 0.14241
vt 0.60714 0.14241
vt 0.62500 0.14241
vt 0.64286 0.14241
vt 0.66071 0.14241
vt 0.67857 0.14241
vt 0.69643 0.14241
vt 0.71429 0.14241
vt 0.73214 0.14241
vt 0.75000 0.14241
vt 0.76786 0.14241
vt 0.78571 0.14241
vt 0.80357 0.14241
vt 0.82143 0.14241
vt 0.83929 0.14241
vt 0.85714 0.14241
vt 0.87500 0.14241
vt 0.89286 0.14241
vt 0.91071 0.14241
vt 0.92857 0.14241
vt 0.94643 0.14241
vt 0.96429 0.14241
vt 0.98214 0.14241
vt 1.00000 0.14241
vt 0.00000 0.15823
vt 0.01786 0.15823
vt 0.03571 0.15823
vt 0.05357 0.15823
vt 0.07143 0.15823
vt 0.08929 0.15823
vt 0.10714 0.15823
vt 0.12500 0.15823
vt 0.14286 0.15823
vt 0.16071 0.15823
vt 0.17857 0.15823
vt 0.19643 0.15823
vt 0.21429 0.15823
vt 0.23214 0.15823
vt 0.25000 0.15823
vt 0.26786 0.15823
vt 0.28571 0.15823
vt 0.30357 0.15823
vt 0.32143 0.15823
vt 0.33929 0.15823
vt 0.35714 0.15823
vt 0.37500 0.15823
vt 0.39286 0.15823
vt 0.41071 0.15823
vt 0.42857 0.15823
vt 0.44643 0.15823
vt 0.46429 0.15823
vt 0.48214 0.15823
vt 0.50000 0.15823
vt 0.51786 0.15823
vt 0.53571 0.15823
vt 0.55357 0.15823
vt 0.57143 0.15823
vt 0.58929 0.15823
vt 0.60714 0.15823
vt 0.62500 0.15823
vt 0.64286 0.15823
vt 0.66071 0.15823
vt 0.67857 0.15823
vt 0.69643 0.15823
vt 0.71429 0.15823
vt 0.73214 0.15823
vt 0.75000 0.15823
vt 0.76786 0.15823
vt 0.78571 0.15823
vt 0.80357 0.15823
vt 0.82143 0.15823
vt 0.83929 0.15823
vt 0.85714 0.15823
vt 0.87500 0.15823
vt 0.89286 0.15823
vt 0.91071 0.15823
vt 0.92857 0.15823
vt 0.94643 0.15823
vt 0.96429 0.15823
vt 0.98214 0.15823
vt 1.00000 0.15823
vt 0.00000 0.17405
vt 0.01786 0.17405
vt 0.03571 0.17405
vt 0.05357 0.17405
vt 0.07143 0.17405
vt 0.08929 0.17405
vt 0.10714 0.17405
vt 0.12500 0.17405
vt 0.14286 0.17405
vt 0.16071 0.17405
vt 0.17857 0.17405
vt 0.19643 0.17405
vt 0.21429 0.17405
vt 0.23214 0.17405
vt 0.25000 0.17405
vt 0.26786 0.17405
vt 0.28571 0.17405
vt 0.30357 0.17405
vt 0.32143 0.17405
vt 0.33929 0.17405
vt 0.35714 0.17405
vt 0.37500 0.17405
vt 0.39286 0.17405
vt 0.41071 0.17405
vt 0.42857 0.17405
vt 0.44643 0.17405
vt 0.46429 0.17405
vt 0.48214 0.17405
vt 0.50000 0.17405
vt 0.51786 0.17405
vt 0.53571 0.17405
vt 0.55357 0.17405
vt 0.57143 0.17405
vt 0.58929 0.17405
vt 0.60714 0.17405
vt 0.62500 0.17405
vt 0.64286 0.17405
vt 0.66071 0.17405
vt 0.67857 0.17405
vt 0.69643 0.17405
vt 0.71429 0.17405
vt 0.73214 0.17405
vt 0.75000 0.17405
vt 0.76786 0.17405
vt 0.78571 0.17405
vt 0.80357 0.17405
vt 0.82143 0.17405
vt 0.83929 0.17405
vt 0.85714 0.17405
vt 0.87500 0.17405
vt 0.89286 0.17405
vt 0.91071 0.17405
vt 0.92857 0.17405
vt 0.94643 0.17405
vt 0.96429 0.17405
vt 0.98214 0.17405
vt 1.00000 0.17405
vt 0.00000 0.18987
vt 0.01786 0.18987
vt 0.03571 0.18987
vt 0.05357 0.18987
vt 0.07143 0.18987
vt 0.08929 0.18987
vt 0.10714 0.18987
vt 0.12500 0.18987
vt 0.14286 0.18987
vt 0.16071 0.18987
vt 0.17857 0.18987
vt 0.19643 0.18987
vt 0.21429 0.18987
vt 0.23214 0.18987
vt 0.25000 0.18987
vt 0.26786 0.18987
vt 0.28571 0.18987
vt 0.30357 0.18987
vt 0.32143 0.18987
vt 0.33929 0.18987
vt 0.35714 0.18987
vt 0.37500 0.18987
vt 0.39286 0.18987
vt 0.41071 0.18987
vt 0.42857 0.18987
vt 0.44643 0.18987
vt 0.46429 0.18987
vt 0.48214 0.18987
vt 0.50000 0.18987
vt 0.51786 0.18987
vt 0.53571 0.18987
vt 0.55357 0.18987
vt 0.57143 0.18987
vt 0.58929 0.18987
vt 0.60714 0.18987
vt 0.62500 0.18987
vt 0.64286 0.18987
vt 0.66071 0.18987
vt 0.67857 0.18987
vt 0.69643 0.18987
vt 0.71429 0.18987
vt 0.73214 0.18987
vt 0.75000 0.18987
vt 0.76786 0.18987
vt 0.78571 0.18987
vt 0.80357 0.18987
vt 0.82143 0.18987
vt 0.83929 0.18987
vt 0.85714 0.18987
vt 0.87500 0.18987
vt 0.89286 0.18987
vt 0.91071 0.18987
vt 0.92857 0.18987
vt 0.94643 0.18987
vt 0.96429 0.18987
vt 0.98214 0.18987
vt 1.00000 0.18987
vt 0.00000 0.20570
vt 0.01786 0.20570
vt 0.03571 0.20570
vt 0.05357 0.20570
vt 0.07143 0.20570
vt 0.08929 0.20570
vt 0.10714 0.20570
vt 0.12500 0.20570
vt 0.14286 0.20570
vt 0.16071 0.20570
vt 0.17857 0.20570
vt 0.19643 0.20570
vt 0.21429 0.20570
vt 0.23214 0.20570
vt 0.25000 0.20570
vt 0.26786 0.20570
vt 0.28571 0.20570
vt 0.30357 0.20570
vt 0.32143 0.20570
vt 0.33929 0.20570
vt 0.35714 0.20570
vt 0.37500 0.20570
vt 0.39286 0.20570
vt 0.41071 0.20570
vt 0.42857 0.20570
vt 0.44643 0.20570
vt 0.46429 0.20570
vt 0.48214 0.20570
vt 0.50000 0.20570
vt 0.51786 0.20570
vt 0.53571 0.20570
vt 0.55357 0.20570
vt 0.57143 0.20570
vt 0.58929 0.20570
vt 0.60714 0.20570
vt 0.62500 0.20570
vt 0.64286 0.20570
vt 0.66071 0.20570
vt 0.67857 0.20570
vt 0.69643 0.20570
vt 0.71429 0.20570
vt 0.73214 0.20570
vt 0.75000 0.20570
vt 0.76786 0.20570
vt 0.78571 0.20570
vt 0.80357 0.20570
vt 0.82143 0.20570
vt 0.83929 0.20570
vt 0.85714 0.20570
vt 0.87500 0.20570
vt 0.89286 0.20570
vt 0.91071 0.20570
vt 0.92857 0.20570
vt 0.94643 0.20570
vt 0.96429 0.20570
vt 0.98214 0.20570
vt 1.00000 0.20570
vt 0.00000 0.22152
vt 0.01786 0.22152
vt 0.03571 0.22152
vt 0.05357 0.22152
vt 0.07143 0.22152
vt 0.08929 0.22152
vt 0.10714 0.22152
vt 0.12500 0.22152
vt 0.14286 0.22152
vt 0.16071 0.22152
vt 0.17857 0.22152
vt 0.19643 0.22152
vt 0.21429 0.22152
vt 0.23214 0.22152
vt 0.25000 0.22152
vt 0.26786 0.22152
vt 0.28571 0.22152
vt 0.30357 0.22152
vt 0.32143 0.22152
vt 0.33929 0.22152
vt 0.35714 0.22152
vt 0.37500 0.22152
vt 0.39286 0.22152
vt 0.41071 0.22152
vt 0.42857 0.22152
vt 0.44643 0.22152
vt 0.46429 0.22152
vt 0.48214 0.22152
vt 0.50000 0.22152
vt 0.51786 0.22152
vt 0.53571 0.22152
vt 0.55357 0.22152
vt 0.57143 0.22152
vt 0.58929 0.22152
vt 0.60714 0.22152
vt 0.62500 0.22152
vt 0.64286 0.22152
vt 0.66071 0.22152
vt 0.67857 0.22152
vt 0.69643 0.22152
vt 0.71429 0.22152
vt 0.73214 0.22152
vt 0.75000 0.22152
vt 0.76786 0.22152
vt 0.78571 0.22152
vt 0.80357 0.22152
vt 0.82143 0.22152
vt 0.83929 0.22152
vt 0.85714 0.22152
vt 0.87500 0.22152
vt 0.89286 0.22152
vt 0.91071 0.22152
vt 0.92857 0.22152
vt 0.94643 0.22152
vt 0.96429 0.22152
vt 0.98214 0.22152
vt 1.00000 0.22152
vt 0.00000 0.23734
vt 0.01786 0.23734
vt 0.03571 0.23734
vt 0.05357 0.23734
vt 0.07143 0.23734
vt 0.08929 0.23734
vt 0.10714 0.23734
vt 0.12500 0.23734
vt 0.14286 0.23734
vt 0.16071 0.23734
vt 0.17857 0.23734
vt 0.19643 0.23734
vt 0.21429 0.23734
vt 0.23214 0.23734
vt 0.25000 0.23734
vt 0.26786 0.23734
vt 0.28571 0.23734
vt 0.30357 0.23734
vt 0.32143 0.23734
vt 0.33929 0.23734
vt 0.35714 0.23734
vt 0.37500 0.23734
vt 0.39286 0.23734
vt 0.41071 0.23734
vt 0.42857 0.23734
vt 0.44643 0.23734
vt 0.46429 0.23734
vt 0.48214 0.23734
vt 0.50000 0.23734
vt 0.51786 0.23734
vt 0.53571 0.23734
vt 0.55357 0.23734
vt 0.57143 0.23734
vt 0.58929 0.23734
vt 0.60714 0.23734
vt 0.62500 0.23734
vt 0.64286 0.23734
vt 0.66071 0.23734
vt 0.67857 0.23734
vt 0.69643 0.23734
vt 0.71429 0.23734
vt 0.73214 0.23734
vt 0.75000 0.23734
vt 0.76786 0.23734
vt 0.78571 0.23734
vt 0.80357 0.23734
vt 0.82143 0.23734
vt 0.83929 0.23734
vt 0.85714 0.23734
vt 0.87500 0.23734
vt 0.89286 0.23734
vt 0.91071 0.23734
vt 0.92857 0.23734
vt 0.94643 0.23734
vt 0.96429 0.23734
vt 0.98214 0.23734
vt 1.00000 0.23734
vt 0.00000 0.25316
vt 0.01786 0.25316
vt 0.03571 0.25316
vt 0.05357 0.25316
vt 0.07143 0.25316
vt 0.08929 0.25316
vt 0.10714 0.25316
vt 0.12500 0.25316
vt 0.14286 0.25316
vt 0.16071 0.25316
vt 0.17857 0.25316
vt 0.19643 0.25316
vt 0.21429 0.25316
vt 0.23214 0.25316
vt 0.25000 0.25316
vt 0.26786 0.25316
vt 0.28571 0.25316
vt 0.30357 0.25316
vt 0.32143 0.25316
vt 0.33929 0.25316
vt 0.35714 0.25316
vt 0.37500 0.25316
vt 0.39286 0.25316
vt 0.41071 0.25316
vt 0.42857 0.25316
vt 0.44643 0.25316
vt 0.46429 0.25316
vt 0.48214 0.25316
vt 0.50000 0.25316
vt 0.51786 0.25316
vt 0.53571 0.25316
vt 0.55357 0.25316
vt 0.57143 0.25316
vt 0.58929 0.25316
vt 0.60714 0.25316
vt 0.62500 0.25316
vt 0.64286 0.25316
vt 0.66071 0.25316
vt 0.67857 0.25316
vt 0.69643 0.25316
vt 0.71429 0.25316
vt 0.73214 0.25316
vt 0.75000 0.25316
vt 0.76786 0.25316
vt 0.78571 0.25316
vt 0.80357 0.25316
vt 0.82143 0.25316
vt 0.83929 0.25316
vt 0.85714 0.25316
vt 0.87500 0.25316
vt 0.89286 0.25316
vt 0.91071 0.25316
vt 0.92857 0.25316
vt 0.94643 0.25316
vt 0.96429 0.25316
vt 0.98214 0.25316
vt 1.00000 0.25316
vt 0.00000 0.26899
vt 0.01786 0.26899
vt 0.03571 0.26899
vt 0.05357 0.26899
vt 0.07143 0.26899
vt 0.08929 0.26899
vt 0.10714 0.26899
vt 0.12500 0.26899
vt 0.14286 0.26899
vt 0.16071 0.26899
vt 0.17857 0.26899
vt 0.19643 0.26899
vt 0.21429 0.26899
vt 0.23214 0.26899
vt 0.25000 0.26899
vt 0.26786 0.26899
vt 0.28571 0.26899
vt 0.30357 0.26899
vt 0.32143 0.26899
vt 0.33929 0.26899
vt 0.35714 0.26899
vt 0.37500 0.26899
vt 0.39286 0.26899
vt 0.41071 0.26899
vt 0.42857 0.26899
vt 0.44643 0.26899
vt 0.46429 0.26899
vt 0.48214 0.26899
vt 0.50000 0.26899
vt 0.51786 0.26899
vt 0.53571 0.26899
vt 0.55357 0.26899
vt 0.57143 0.26899
vt 0.58929 0.26899
vt 0.60714 0.26899
vt 0.62500 0.26899
vt 0.64286 0.26899
vt 0.66071 0.26899
vt 0.67857 0.26899
vt 0.69643 0.26899
vt 0.71429 0.26899
vt 0.73214 0.26899
vt 0.75000 0.26899
vt 0.76786 0.26899
vt 0.78571 0.26899
vt 0.80357 0.26899
vt 0.82143 0.26899
vt 0.83929 0.26899
vt 0.85714 0.26899
vt 0.87500 0.26899
vt 0.89286 0.26899
vt 0.91071 0.26899
vt 0.92857 0.26899
vt 0.94643 0.26899
vt 0.96429 0.26899
vt 0.98214 0.26899
vt 1.00000 0.26899
vt 0.00000 0.28481
vt 0.01786 0.28481
vt 0.03571 0.28481
vt 0.05357 0.28481
vt 0.07143 0.28481
vt 0.08929 0.28481
vt 0.10714 0.28481
vt 0.12500 0.28481
vt 0.14286 0.28481
vt 0.16071 0.28481
vt 0.17857 0.28481
vt 0.19643 0.28481
vt 0.21429 0.28481
vt 0.23214 0.28481
vt 0.25000 0.28481
vt 0.26786 0.28481
vt 0.28571 0.28481
vt 0.30357 0.28481
vt 0.32143 0.28481
vt 0.33929 0.28481
vt 0.35714 0.28481
vt 0.37500 0.28481
vt 0.39286 0.28481
vt 0.41071 0.28481
vt 0.42857 0.28481
vt 0.44643 0.28481
vt 0.46429 0.28481
vt 0.48214 0.28481
vt 0.50000 0.28481
vt 0.51786 0.28481
vt 0.53571 0.28481
vt 0.55357 0.28481
vt 0.57143 0.28481
vt 0.58929 0.28481
vt 0.60714 0.28481
vt 0.62500 0.28481
vt 0.64286 0.28481
vt 0.66071 0.28481
vt 0.67857 0.28481
vt 0.69643 0.28481
vt 0.71429 0.28481
vt 0.73214 0.28481
vt 0.75000 0.28481
vt 0.76786 0.28481
vt 0.78571 0.28481
vt 0.80357 0.28481
vt 0.82143 0.28481
vt 0.83929 0.28481
vt 0.85714 0.28481
vt 0.87500 0.28481
vt 0.89286 0.28481
vt 0.91071 0.28481
vt 0.92857 0.28481
vt 0.94643 0.28481
vt 0.96429 0.28481
vt 0.98214 0.28481
vt 1.00000 0.28481
vt 0.00000 0.30063
vt 0.01786 0.30063
vt 0.03571 0.30063
vt 0.05357 0.30063
vt 0.07143 0.30063
vt 0.08929 0.30063
vt 0.10714 0.30063
vt 0.12500 0.30063
vt 0.14286 0.30063
vt 0.16071 0.30063
vt 0.17857 0.30063
vt 0.19643 0.30063
vt 0.21429 0.30063
vt 0.23214 0.30063
vt 0.25000 0.30063
vt 0.26786 0.30063
vt 0.28571 0.30063
vt 0.30357 0.30063
vt 0.32143 0.30063
vt 0.33929 0.30063
vt 0.35714 0.30063
vt 0.37500 0.30063
vt 0.39286 0.30063
vt 0.41071 0.30063
vt 0.42857 0.30063
vt 0.44643 0.30063
vt 0.46429 0.30063
vt 0.48214 0.30063
vt 0.50000 0.30063
vt 0.51786 0.30063
vt 0.53571 0.30063
vt 0.55357 0.30063
vt 0.57143 0.30063
vt 0.58929 0.30063
vt 0.60714 0.30063
vt 0.62500 0.30063
vt 0.64286 0.30063
vt 0.66071 0.30063
vt 0.67857 0.30063
vt 0.69643 0.30063
vt 0.71429 0.30063
vt 0.73214 0.30063
vt 0.75000 0.30063
vt 0.76786 0.30063
vt 0.78571 0.30063
vt 0.80357 0.30063
vt 0.82143 0.30063
vt 0.83929 0.30063
vt 0.85714 0.30063
vt 0.87500 0.30063
vt 0.89286 0.30063
vt 0.91071 0.30063
vt 0.92857 0.30063
vt 0.94643 0.30063
vt 0.96429 0.30063
vt 0.98214 0.30063
vt 1.00000 0.30063
vt 0.00000 0.31646
vt 0.01786 0.31646
vt 0.03571 0.31646
vt 0.05357 0.31646
vt 0.07143 0.31646
vt 0.08929 0.31646
vt 0.10714 0.31646
vt 0.12500 0.31646
vt 0.14286 0.31646
vt 0.16071 0.31646
vt 0.17857 0.31646
vt 0.19643 0.31646
vt 0.21429 0.31646
vt 0.23214 0.31646
vt 0.25000 0.31646
vt 0.26786 0.31646
vt 0.28571 0.31646
vt 0.30357 0.31646
vt 0.32143 0.31646
vt 0.33929 0.31646
vt 0.35714 0.31646
vt 0.37500 0.31646
vt 0.39286 0.31646
vt 0.41071 0.31646
vt 0.42857 0.31646
vt 0.44643 0.31646
vt 0.46429 0.31646
vt 0.48214 0.31646
vt 0.50000 0.31646
vt 0.51786 0.31646
vt 0.53571 0.31646
vt 0.55357 0.31646
vt 0.57143 0.31646
vt 0.58929 0.31646
vt 0.60714 0.31646
vt 0.62500 0.31646
vt 0.64286 0.31646
vt 0.66071 0.31646
vt 0.67857 0.31646
vt 0.69643 0.31646
vt 0.71429 0.31646
vt 0.73214 0.31646
vt 0.75000 0.31646
vt 0.76786 0.31646
vt 0.78571 0.31646
vt 0.80357 0.31646
vt 0.82143 0.31646
vt 0.83929 0.31646
vt 0.85714 0.31646
vt 0.87500 0.31646
vt 0.89286 0.31646
vt 0.91071 0.31646
vt 0.92857 0.31646
vt 0.94643 0.31646
vt 0.96429 0.31646
vt 0.98214 0.31646
vt 1.00000 0.31646
vt 0.00000 0.33228
vt 0.01786 0.33228
vt 0.03571 0.33228
vt 0.05357 0.33228
vt 0.07143 0.33228
vt 0.08929 0.33228
vt 0.10714 0.33228
vt 0.12500 0.33228
vt 0.14286 0.33228
vt 0.16071 0.33228
vt 0.17857 0.33228
vt 0.19643 0.33228
vt 0.21429 0.33228
vt 0.23214 0.33228
vt 0.25000 0.33228
vt 0.26786 0.33228
vt 0.28571 0.33228
vt 0.30357 0.33228
vt 0.32143 0.33228
vt 0.33929 0.33228
vt 0.35714 0.33228
vt 0.37500 0.33228
vt 0.39286 0.33228
vt 0.41071 0.33228
vt 0.42857 0.33228
vt 0.44643 0.33228
vt 0.46429 0.33228
vt 0.48214 0.33228
vt 0.50000 0.33228
vt 0.51786 0.33228
vt 0.53571 0.33228
vt 0.55357 0.33228
vt 0.57143 0.33228
vt 0.58929 0.33228
vt 0.60714 0.33228
vt 0.62500 0.33228
vt 0.64286 0.33228
vt 0.66071 0.33228
vt 0.67857 0.33228
vt 0.69643 0.33228
vt 0.71429 0.33228
vt 0.73214 0.33228
vt 0.75000 0.33228
vt 0.76786 0.33228
vt 0.78571 0.33228
vt 0.80357 0.33228
vt 0.82143 0.33228
vt 0.83929 0.33228
vt 0.85714 0.33228
vt 0.87500 0.33228
vt 0.89286 0.33228
vt 0.91071 0.33228
vt 0.92857 0.33228
vt 0.94643 0.33228
vt 0.96429 0.33228
vt 0.98214 0.33228
vt 1.00000 0.33228
vt 0.00000 0.34810
vt 0.01786 0.34810
vt 0.03571 0.34810
vt 0.05357 0.34810
vt 0.07143 0.34810
vt 0.08929 0.34810
vt 0.10714 0.34810
vt 0.12500 0.34810
vt 0.14286 0.34810
vt 0.16071 0.34810
vt 0.17857 0.34810
vt 0.19643 0.34810
vt 0.21429 0.34810
vt 0.23214 0.34810
vt 0.25000 0.34810
vt 0.26786 0.34810
vt 0.28571 0.34810
vt 0.30357 0.34810
vt 0.32143 0.34810
vt 0.33929 0.34810
vt 0.35714 0.34810
vt 0.37500 0.34810
vt 0.39286 0.34810
vt 0.41071 0.34810
vt 0.42857 0.34810
vt 0.44643 0.34810
vt 0.46429 0.34810
vt 0.48214 0.34810
vt 0.50000 0.34810
vt 0.51786 0.34810
vt 0.53571 0.34810
vt 0.55357 0.34810
vt 0.57143 0.34810
vt 0.58929 0.34810
vt 0.60714 0.34810
vt 0.62500 0.34810
vt 0.64286 0.34810
vt 0.66071 0.34810
vt 0.67857 0.34810
vt 0.69643 0.34810
vt 0.71429 0.34810
vt 0.73214 0.34810
vt 0.75000 0.34810
vt 0.76786 0.34810
vt 0.78571 0.34810
vt 0.80357 0.34810
vt 0.82143 0.34810
vt 0.83929 0.34810
vt 0.85714 0.34810
vt 0.87500 0.34810
vt 0.89286 0.34810
vt 0.91071 0.34810
vt 0.92857 0.34810
vt 0.94643 0.34810
vt 0.96429 0.34810
vt 0.98214 0.34810
vt 1.00000 0.34810
vt 0.00000 0.36392
vt 0.01786 0.36392
vt 0.03571 0.36392
vt 0.05357 0.36392
vt 0.07143 0.36392
vt 0.08929 0.36392
vt 0.10714 0.36392
vt 0.12500 0.36392
vt 0.14286 0.36392
vt 0.16071 0.36392
vt 0.17857 0.36392
vt 0.19643 0.36392
vt 0.21429 0.36392
vt 0.23214 0.36392
vt 0.25000 0.36392
vt 0.26786 0.36392
vt 0.28571 0.36392
vt 0.30357 0.36392
vt 0.32143 0.36392
vt 0.33929 0.36392
vt 0.35714 0.36392
vt 0.37500 0.36392
vt 0.39286 0.36392
vt 0.41071 0.36392
vt 0.42857 0.36392
vt 0.44643 0.36392
vt 0.46429 0.36392
vt 0.48214 0.36392
vt 0.50000 0.36392
vt 0.51786 0.36392
vt 0.53571 0.36392
vt 0.55357 0.36392
vt 0.57143 0.36392
vt 0.58929 0.36392
vt 0.60714 0.36392
vt 0.62500 0.36392
vt 0.64286 0.36392
vt 0.66071 0.36392
vt 0.67857 0.36392
vt 0.69643 0.36392
vt 0.71429 0.36392
vt 0.73214 0.36392
vt 0.75000 0.36392
vt 0.76786 0.36392
vt 0.78571 0.36392
vt 0.80357 0.36392
vt 0.82143 0.36392
vt 0.83929 0.36392
vt 0.85714 0.36392
vt 0.87500 0.36392
vt 0.89286 0.36392
vt 0.91071 0.36392
vt 0.92857 0.36392
vt 0.94643 0.36392
vt 0.96429 0.36392
vt 0.98214 0.36392
vt 1.00000 0.36392
vt 0.00000 0.37975
vt 0.01786 0.37975
vt 0.03571 0.37975
vt 0.05357 0.37975
vt 0.07143 0.37975
vt 0.08929 0.37975
vt 0.10714 0.37975
vt 0.12500 0.37975
vt 0.14286 0.37975
vt 0.16071 0.37975
vt 0.17857 0.37975
vt 0.19643 0.37975
vt 0.21429 0.37975
vt 0.23214 0.37975
vt 0.25000 0.37975
vt 0.26786 0.37975
vt 0.28571 0.37975
vt 0.30357 0.37975
vt 0.32143 0.37975
vt 0.33929 0.37975
vt 0.35714 0.37975
vt 0.37500 0.37975
vt 0.39286 0.37975
vt 0.41071 0.37975
vt 0.42857 0.37975
vt 0.44643 0.37975
vt 0.46429 0.37975
vt 0.48214 0.37975
vt 0.50000 0.37975
vt 0.51786 0.37975
vt 0.53571 0.37975
vt 0.55357 0.37975
vt 0.57143 0.37975
vt 0.58929 0.37975
vt 0.60714 0.37975
vt 0.62500 0.37975
vt 0.64286 0.37975
vt 0.66071 0.37975
vt 0.67857 0.37975
vt 0.69643 0.37975
vt 0.71429 0.37975
vt 0.73214 0.37975
vt 0.75000 0.37975
vt 0.76786 0.37975
vt 0.78571 0.37975
vt 0.80357 0.37975
vt 0.82143 0.37975
vt 0.83929 0.37975
vt 0.85714 0.37975
vt 0.87500 0.37975
vt 0.89286 0.37975
vt 0.91071 0.37975
vt 0.92857 0.37975
vt 0.94643 0.37975
vt 0.96429 0.37975
vt 0.98214 0.37975
vt 1.00000 0.37975
vt 0.00000 0.39557
vt 0.01786 0.39557
vt 0.03571 0.39557
vt 0.05357 0.39557
vt 0.07143 0.39557
vt 0.08929 0.39557
vt 0.10714 0.39557
vt 0.12500 0.39557
vt 0.14286 0.39557
vt 0.16071 0.39557
vt 0.17857 0.39557
vt 0.19643 0.39557
vt 0.21429 0.39557
vt 0.23214 0.39557
vt 0.25000 0.39557
vt 0.26786 0.39557
vt 0.28571 0.39557
vt 0.30357 0.39557
vt 0.32143 0.39557
vt 0.33929 0.39557
vt 0.35714 0.39557
vt 0.37500 0.39557
vt 0.39286 0.39557
vt 0.41071 0.39557
vt 0.42857 0.39557
vt 0.44643 0.39557
vt 0.46429 0.39557
vt 0.48214 0.39557
vt 0.50000 0.39557
vt 0.51786 0.39557
vt 0.53571 0.39557
vt 0.55357 0.39557
vt 0.57143 0.39557
vt 0.58929 0.39557
vt 0.60714 0.39557
vt 0.62500 0.39557
vt 0.64286 0.39557
vt 0.66071 0.39557
vt 0.67857 0.39557
vt 0.69643 0.39557
vt 0.71429 0.39557
vt 0.73214 0.39557
vt 0.75000 0.39557
vt 0.76786 0.39557
vt 0.78571 0.39557
vt 0.80357 0.39557
vt 0.82143 0.39557
vt 0.83929 0.39557
vt 0.85714 0.39557
vt 0.87500 0.39557
vt 0.89286 0.39557
vt 0.91071 0.39557
vt 0.92857 0.39557
vt 0.94643 0.39557
vt 0.96429 0.39557
vt 0.98214 0.39557
vt 1.00000 0.39557
vt 0.00000 0.41139
vt 0.01786 0.41139
vt 0.03571 0.41139
vt 0.05357 0.41139
vt 0.07143 0.41139
vt 0.08929 0.41139
vt 0.10714 0.41139
vt 0.12500 0.41139
vt 0.14286 0.41139
vt 0.16071 0.41139
vt 0.17857 0.41139
vt 0.19643 0.41139
vt 0.21429 0.41139
vt 0.23214 0.41139
vt 0.25000 0.41139
vt 0.26786 0.41139
vt 0.28571 0.41139
vt 0.30357 0.41139
vt 0.32143 0.41139
vt 0.33929 0.41139
vt 0.35714 0.41139
vt 0.37500 0.41139
vt 0.39286 0.41139
vt 0.41071 0.41139
vt 0.42857 0.41139
vt 0.44643 0.41139
vt 0.46429 0.41139
vt 0.48214 0.41139
vt 0.50000 0.41139
vt 0.51786 0.41139
vt 0.53571 0.41139
vt 0.55357 0.41139
vt 0.57143 0.41139
vt 0.58929 0.41139
vt 0.60714 0.41139
vt 0.62500 0.41139
vt 0.64286 0.41139
vt 0.66071 0.41139
vt 0.67857 0.41139
vt 0.69643 0.41139
vt 0.71429 0.41139
vt 0.73214 0.41139
vt 0.75000 0.41139
vt 0.76786 0.41139
vt 0.78571 0.41139
vt 0.80357 0.41139
vt 0.82143 0.41139
vt 0.83929 0.41139
vt 0.85714 0.41139
vt 0.87500 0.41139
vt 0.89286 0.41139
vt 0.91071 0.41139
vt 0.92857 0.41139
vt 0.94643 0.41139
vt 0.96429 0.41139
vt 0.98214 0.41139
vt 1.00000 0.41139
vt 0.00000 0.42722
vt 0.01786 0.42722
vt 0.03571 0.42722
vt 0.05357 0.42722
vt 0.07143 0.42722
vt 0.08929 0.42722
vt 0.10714 0.42722
vt 0.12500 0.42722
vt 0.14286 0.42722
vt 0.16071 0.42722
vt 0.17857 0.42722
vt 0.19643 0.42722
vt 0.21429 0.42722
vt 0.23214 0.42722
vt 0.25000 0.42722
vt 0.26786 0.42722
vt 0.28571 0.42722
vt 0.30357 0.42722
vt 0.32143 0.42722
vt 0.33929 0.42722
vt 0.35714 0.42722
vt 0.37500 0.42722
vt 0.39286 0.42722
vt 0.41071 0.42722
vt 0.42857 0.42722
vt 0.44643 0.42722
vt 0.46429 0.42722
vt 0.48214 0.42722
vt 0.50000 0.42722
vt 0.51786 0.42722
vt 0.53571 0.42722
vt 0.55357 0.42722
vt 0.57143 0.42722
vt 0.58929 0.42722
vt 0.60714 0.42722
vt 0.62500 0.42722
vt 0.64286 0.42722
vt 0.66071 0.42722
vt 0.67857 0.42722
vt 0.69643 0.42722
vt 0.71429 0.42722
vt 0.73214 0.42722
vt 0.75000 0.42722
vt 0.76786 0.42722
vt 0.78571 0.42722
vt 0.80357 0.42722
vt 0.82143 0.42722
vt 0.83929 0.42722
vt 0.85714 0.42722
vt 0.87500 0.42722
vt 0.89286 0.42722
vt 0.91071 0.42722
vt 0.92857 0.42722
vt 0.94643 0.42722
vt 0.96429 0.42722
vt 0.98214 0.42722
vt 1.00000 0.42722
vt 0.00000 0.44304
vt 0.01786 0.44304
vt 0.03571 0.44304
vt 0.05357 0.44304
vt 0.07143 0.44304
vt 0.08929 0.44304
vt 0.10714 0.44304
vt 0.12500 0.44304
vt 0.14286 0.44304
vt 0.16071 0.44304
vt 0.17857 0.44304
vt 0.19643 0.44304
vt 0.21429 0.44304
vt 0.23214 0.44304
vt 0.25000 0.44304
vt 0.26786 0.44304
vt 0.28571 0.44304
vt 0.30357 0.44304
vt 0.32143 0.44304
vt 0.33929 0.44304
vt 0.35714 0.44304
vt 0.37500 0.44304
vt 0.39286 0.44304
vt 0.41071 0.44304
vt 0.42857 0.44304
vt 0.44643 0.44304
vt 0.46429 0.44304
vt 0.48214 0.44304
vt 0.50000 0.44304
vt 0.51786 0.44304
vt 0.53571 0.44304
vt 0.55357 0.44304
vt 0.57143 0.44304
vt 0.58929 0.44304
vt 0.60714 0.44304
vt 0.62500 0.44304
vt 0.64286 0.44304
vt 0.66071 0.44304
vt 0.67857 0.44304
vt 0.69643 0.44304
vt 0.71429 0.44304
vt 0.73214 0.44304
vt 0.75000 0.44304
vt 0.76786 0.44304
vt 0.78571 0.44304
vt 0.80357 0.44304
vt 0.82143 0.44304
vt 0.83929 0.44304
vt 0.85714 0.44304
vt 0.87500 0.44304
vt 0.89286 0.44304
vt 0.91071 0.44304
vt 0.92857 0.44304
vt 0.94643 0.44304
vt 0.96429 0.44304
vt 0.98214 0.44304
vt 1.00000 0.44304
vt 0.00000 0.45886
vt 0.01786 0.45886
vt 0.03571 0.45886
vt 0.05357 0.45886
vt 0.07143 0.45886
vt 0.08929 0.45886
vt 0.10714 0.45886
vt 0.12500 0.45886
vt 0.14286 0.45886
vt 0.16071 0.45886
vt 0.17857 0.45886
vt 0.19643 0.45886
vt 0.21429 0.45886
vt 0.23214 0.45886
vt 0.25000 0.45886
vt 0.26786 0.45886
vt 0.28571 0.45886
vt 0.30357 0.45886
vt 0.32143 0.45886
vt 0.33929 0.45886
vt 0.35714 0.45886
vt 0.37500 0.45886
vt 0.39286 0.45886
vt 0.41071 0.45886
vt 0.42857 0.45886
vt 0.44643 0.45886
vt 0.46429 0.45886
vt 0.48214 0.45886
vt 0.50000 0.45886
vt 0.51786 0.45886
vt 0.53571 0.45886
vt 0.55357 0.45886
vt 0.57143 0.45886
vt 0.58929 0.45886
vt 0.60714 0.45886
vt 0.62500 0.45886
vt 0.64286 0.45886
vt 0.66071 0.45886
vt 0.67857 0.45886
vt 0.69643 0.45886
vt 0.71429 0.45886
vt 0.73214 0.45886
vt 0.75000 0.45886
vt 0.76786 0.45886
vt 0.78571 0.45886
vt 0.80357 0.45886
vt 0.82143 0.45886
vt 0.83929 0.45886
vt 0.85714 0.45886
vt 0.87500 0.45886
vt 0.89286 0.45886
vt 0.91071 0.45886
vt 0.92857 0.45886
vt 0.94643 0.45886
vt 0.96429 0.45886
vt 0.98214 0.45886
vt 1.00000 0.45886
vt 0.00000 0.47468
vt 0.01786 0.47468
vt 0.03571 0.47468
vt 0.05357 0.47468
vt 0.07143 0.47468
vt 0.08929 0.47468
vt 0.10714 0.47468
vt 0.12500 0.47468
vt 0.14286 0.47468
vt 0.16071 0.47468
vt 0.17857 0.47468
vt 0.19643 0.47468
vt 0.21429 0.47468
vt 0.23214 0.47468
vt 0.25000 0.47468
vt 0.26786 0.47468
vt 0.28571 0.47468
vt 0.30357 0.47468
vt 0.32143 0.47468
vt 0.33929 0.47468
vt 0.35714 0.47468
vt 0.37500 0.47468
vt 0.39286 0.47468
vt 0.41071 0.47468
vt 0.42857 0.47468
vt 0.44643 0.47468
vt 0.46429 0.47468
vt 0.48214 0.47468
vt 0.50000 0.47468
vt 0.51786 0.47468
vt 0.53571 0.47468
vt 0.55357 0.47468
vt 0.57143 0.47468
vt 0.58929 0.47468
vt 0.60714 0.47468
vt 0.62500 0.47468
vt 0.64286 0.47468
vt 0.66071 0.47468
vt 0.67857 0.47468
vt 0.69643 0.47468
vt 0.71429 0.47468
vt 0.73214 0.47468
vt 0.75000 0.47468
vt 0.76786 0.47468
vt 0.78571 0.47468
vt 0.80357 0.47468
vt 0.82143 0.47468
vt 0.83929 0.47468
vt 0.85714 0.47468
vt 0.87500 0.47468
vt 0.89286 0.47468
vt 0.91071 0.47468
vt 0.92857 0.47468
vt 0.94643 0.47468
vt 0.96429 0.47468
vt 0.98214 0.47468
vt 1.00000 0.47468
vt 0.00000 0.49051
vt 0.01786 0.49051
vt 0.03571 0.49051
vt 0.05357 0.49051
vt 0.07143 0.49051
vt 0.08929 0.49051
vt 0.10714 0.49051
vt 0.12500 0.49051
vt 0.14286 0.49051
vt 0.16071 0.49051
vt 0.17857 0.49051
vt 0.19643 0.49051
vt 0.21429 0.49051
vt 0.23214 0.49051
vt 0.25000 0.49051
vt 0.26786 0.49051
vt 0.28571 0.49051
vt 0.30357 0.49051
vt 0.32143 0.49051
vt 0.33929 0.49051
vt 0.35714 0.49051
vt 0.37500 0.49051
vt 0.39286 0.49051
vt 0.41071 0.49051
vt 0.42857 0.49051
vt 0.44643 0.49051
vt 0.46429 0.49051
vt 0.48214 0.49051
vt 0.50000 0.49051
vt 0.51786 0.49051
vt 0.53571 0.49051
vt 0.55357 0.49051
vt 0.57143 0.49051
vt 0.58929 0.49051
vt 0.60714 0.49051
vt 0.62500 0.49051
vt 0.64286 0.49051
vt 0.66071 0.49051
vt 0.67857 0.49051
vt 0.69643 0.49051
vt 0.71429 0.49051
vt 0.73214 0.49051
vt 0.75000 0.49051
vt 0.76786 0.49051
vt 0.78571 0.49051
vt 0.80357 0.49051
vt 0.82143 0.49051
vt 0.83929 0.49051
vt 0.85714 0.49051
vt 0.87500 0.49051
vt 0.89286 0.49051
vt 0.91071 0.49051
vt 0.92857 0.49051
vt 0.94643 0.49051
vt 0.96429 0.49051
vt 0.98214 0.49051
vt 1.00000 0.49051
vt 0.00000 0.50633
vt 0.01786 0.50633
vt 0.03571 0.50633
vt 0.05357 0.50633
vt 0.07143 0.50633
vt 0.08929 0.50633
vt 0.10714 0.50633
vt 0.12500 0.50633
vt 0.14286 0.50633
vt 0.16071 0.50633
vt 0.17857 0.50633
vt 0.19643 0.50633
vt 0.21429 0.50633
vt 0.23214 0.50633
vt 0.25000 0.50633
vt 0.26786 0.50633
vt 0.28571 0.50633
vt 0.30357 0.50633
vt 0.32143 0.50633
vt 0.33929 0.50633
vt 0.35714 0.50633
vt 0.37500 0.50633
vt 0.39286 0.50633
vt 0.41071 0.50633
vt 0.42857 0.50633
vt 0.44643 0.50633
vt 0.46429 0.50633
vt 0.48214 0.50633
vt 0.50000 0.50633
vt 0.51786 0.50633
vt 0.53571 0.50633
vt 0.55357 0.50633
vt 0.57143 0.50633
vt 0.58929 0.50633
vt 0.60714 0.50633
vt 0.62500 0.50633
vt 0.64286 0.50633
vt 0.66071 0.50633
vt 0.67857 0.50633
vt 0.69643 0.50633
vt 0.71429 0.50633
vt 0.73214 0.50633
vt 0.75000 0.50633
vt 0.76786 0.50633
vt 0.78571 0.50633
vt 0.80357 0.50633
vt 0.82143 0.50633
vt 0.83929 0.50633
vt 0.85714 0.50633
vt 0.87500 0.50633
vt 0.89286 0.50633
vt 0.91071 0.50633
vt 0.92857 0.50633
vt 0.94643 0.50633
vt 0.96429 0.50633
vt 0.98214 0.50633
vt 1.00000 0.50633
vt 0.00000 0.52215
vt 0.01786 0.52215
vt 0.03571 0.52215
vt 0.05357 0.52215
vt 0.07143 0.52215
vt 0.08929 0.52215
vt 0.10714 0.52215
vt 0.12500 0.52215
vt 0.14286 0.52215
vt 0.16071 0.52215
vt 0.17857 0.52215
vt 0.19643 0.52215
vt 0.21429 0.52215
vt 0.23214 0.52215
vt 0.25000 0.52215
vt 0.26786 0.52215
vt 0.28571 0.52215
vt 0.30357 0.52215
vt 0.32143 0.52215
vt 0.33929 0.52215
vt 0.35714 0.52215
vt 0.37500 0.52215
vt 0.39286 0.52215
vt 0.41071 0.52215
vt 0.42857 0.52215
vt 0.44643 0.52215
vt 0.46429 0.52215
vt 0.48214 0.52215
vt 0.50000 0.52215
vt 0.51786 0.52215
vt 0.53571 0.52215
vt 0.55357 0.52215
vt 0.57143 0.52215
vt 0.58929 0.52215
vt 0.60714 0.52215
vt 0.62500 0.52215
vt 0.64286 0.52215
vt 0.66071 0.52215
vt 0.67857 0.52215
vt 0.69643 0.52215
vt 0.71429 0.52215
vt 0.73214 0.52215
vt 0.75000 0.52215
vt 0.76786 0.52215
vt 0.78571 0.52215
vt 0.80357 0.52215
vt 0.82143 0.52215
vt 0.83929 0.52215
vt 0.85714 0.52215
vt 0.87500 0.52215
vt 0.89286 0.52215
vt 0.91071 0.52215
vt 0.92857 0.52215
vt 0.94643 0.52215
vt 0.96429 0.52215
vt 0.98214 0.52215
vt 1.00000 0.52215
vt 0.00000 0.53797
vt 0.01786 0.53797
vt 0.03571 0.53797
vt 0.05357 0.53797
vt 0.07143 0.53797
vt 0.08929 0.53797
vt 0.10714 0.53797
vt 0.12500 0.53797
vt 0.14286 0.53797
vt 0.16071 0.53797
vt 0.17857 0.53797
vt 0.19643 0.53797
vt 0.21429 0.53797
vt 0.23214 0.53797
vt 0.25000 0.53797
vt 0.26786 0.53797
vt 0.28571 0.53797
vt 0.30357 0.53797
vt 0.32143 0.53797
vt 0.33929 0.53797
vt 0.35714 0.53797
vt 0.37500 0.53797
vt 0.39286 0.53797
vt 0.41071 0.53797
vt 0.42857 0.53797
vt 0.44643 0.53797
vt 0.46429 0.53797
vt 0.48214 0.53797
vt 0.50000 0.53797
vt 0.51786 0.53797
vt 0.53571 0.53797
vt 0.55357 0.53797
vt 0.57143 0.53797
vt 0.58929 0.53797
vt 0.60714 0.53797
vt 0.62500 0.53797
vt 0.64286 0.53797
vt 0.66071 0.53797
vt 0.67857 0.53797
vt 0.69643 0.53797
vt 0.71429 0.53797
vt 0.73214 0.53797
vt 0.75000 0.53797
vt 0.76786 0.53797
vt 0.78571 0.53797
vt 0.80357 0.53797
vt 0.82143 0.53797
vt 0.83929 0.53797
vt 0.85714 0.53797
vt 0.87500 0.53797
vt 0.89286 0.53797
vt 0.91071 0.53797
vt 0.92857 0.53797
vt 0.94643 0.53797
vt 0.96429 0.53797
vt 0.98214 0.53797
vt 1.00000 0.53797
vt 0.00000 0.55380
vt 0.01786 0.55380
vt 0.03571 0.55380
vt 0.05357 0.55380
vt 0.07143 0.55380
vt 0.08929 0.55380
vt 0.10714 0.55380
vt 0.12500 0.55380
vt 0.14286 0.55380
vt 0.16071 0.55380
vt 0.17857 0.55380
vt 0.19643 0.55380
vt 0.21429 0.55380
vt 0.23214 0.55380
vt 0.25000 0.55380
vt 0.26786 0.55380
vt 0.28571 0.55380
vt 0.30357 0.55380
vt 0.32143 0.55380
vt 0.33929 0.55380
vt 0.35714 0.55380
vt 0.37500 0.55380
vt 0.39286 0.55380
vt 0.41071 0.55380
vt 0.42857 0.55380
vt 0.44643 0.55380
vt 0.46429 0.55380
vt 0.48214 0.55380
vt 0.50000 0.55380
vt 0.51786 0.55380
vt 0.53571 0.55380
vt 0.55357 0.55380
vt 0.57143 0.55380
vt 0.58929 0.55380
vt 0.60714 0.55380
vt 0.62500 0.55380
vt 0.64286 0.55380
vt 0.66071 0.55380
vt 0.67857 0.55380
vt 0.69643 0.55380
vt 0.71429 0.55380
vt 0.73214 0.55380
vt 0.75000 0.55380
vt 0.76786 0.55380
vt 0.78571 0.55380
vt 0.80357 0.55380
vt 0.82143 0.55380
vt 0.83929 0.55380
vt 0.85714 0.55380
vt 0.87500 0.55380
vt 0.89286 0.55380
vt 0.91071 0.55380
vt 0.92857 0.55380
vt 0.94643 0.55380
vt 0.96429 0.55380
vt 0.98214 0.55380
vt 1.00000 0.55380
vt 0.00000 0.56962
vt 0.01786 0.56962
vt 0.03571 0.56962
vt 0.05357 0.56962
vt 0.07143 0.56962
vt 0.08929 0.56962
vt 0.10714 0.56962
vt 0.12500 0.56962
vt 0.14286 0.56962
vt 0.16071 0.56962
vt 0.17857 0.56962
vt 0.19643 0.56962
vt 0.21429 0.56962
vt 0.23214 0.56962
vt 0.25000 0.56962
vt 0.26786 0.56962
vt 0.28571 0.56962
vt 0.30357 0.56962
vt 0.32143 0.56962
vt 0.33929 0.56962
vt 0.35714 0.56962
vt 0.37500 0.56962
vt 0.39286 0.56962
vt 0.41071 0.56962
vt 0.42857 0.56962
vt 0.44643 0.56962
vt 0.46429 0.56962
vt 0.48214 0.56962
vt 0.50000 0.56962
vt 0.51786 0.56962
vt 0.53571 0.56962
vt 0.55357 0.56962
vt 0.57143 0.56962
vt 0.58929 0.56962
vt 0.60714 0.56962
vt 0.62500 0.56962
vt 0.64286 0.56962
vt 0.66071 0.56962
vt 0.67857 0.56962
vt 0.69643 0.56962
vt 0.71429 0.56962
vt 0.73214 0.56962
vt 0.75000 0.56962
vt 0.76786 0.56962
vt 0.78571 0.56962
vt 0.80357 0.56962
vt 0.82143 0.56962
vt 0.83929 0.56962
vt 0.85714 0.56962
vt 0.87500 0.56962
vt 0.89286 0.56962
vt 0.91071 0.56962
vt 0.92857 0.56962
vt 0.94643 0.56962
vt 0.96429 0.56962
vt 0.98214 0.56962
vt 1.00000 0.56962
vt 0.00000 0.58544
vt 0.01786 0.58544
vt 0.03571 0.58544
vt 0.05357 0.58544
vt 0.07143 0.58544
vt 0.08929 0.58544
vt 0.10714 0.58544
vt 0.12500 0.58544
vt 0.14286 0.58544
vt 0.16071 0.58544
vt 0.17857 0.58544
vt 0.19643 0.58544
vt 0.21429 0.58544
vt 0.23214 0.58544
vt 0.25000 0.58544
vt 0.26786 0.58544
vt 0.28571 0.58544
vt 0.30357 0.58544
vt 0.32143 0.58544
vt 0.33929 0.58544
vt 0.35714 0.58544
vt 0.37500 0.58544
vt 0.39286 0.58544
vt 0.41071 0.58544
vt 0.42857 0.58544
vt 0.44643 0.58544
vt 0.46429 0.58544
vt 0.48214 0.58544
vt 0.50000 0.58544
vt 0.51786 0.58544
vt 0.53571 0.58544
vt 0.55357 0.58544
vt 0.57143 0.58544
vt 0.58929 0.58544
vt 0.60714 0.58544
vt 0.62500 0.58544
vt 0.64286 0.58544
vt 0.66071 0.58544
vt 0.67857 0.58544
vt 0.69643 0.58544
vt 0.71429 0.58544
vt 0.73214 0.58544
vt 0.75000 0.58544
vt 0.76786 0.58544
vt 0.78571 0.58544
vt 0.80357 0.58544
vt 0.82143 0.58544
vt 0.83929 0.58544
vt 0.85714 0.58544
vt 0.87500 0.58544
vt 0.89286 0.58544
vt 0.91071 0.58544
vt 0.92857 0.58544
vt 0.94643 0.58544
vt 0.96429 0.58544
vt 0.98214 0.58544
vt 1.00000 0.58544
vt 0.00000 0.60127
vt 0.01786 0.60127
vt 0.03571 0.60127
vt 0.05357 0.60127
vt 0.07143 0.60127
vt 0.08929 0.60127
vt 0.10714 0.60127
vt 0.12500 0.60127
vt 0.14286 0.60127
vt 0.16071 0.60127
vt 0.17857 0.60127
vt 0.19643 0.60127
vt 0.21429 0.60127
vt 0.23214 0.60127
vt 0.25000 0.60127
vt 0.26786 0.60127
vt 0.28571 0.60127
vt 0.30357 0.60127
vt 0.32143 0.60127
vt 0.33929 0.60127
vt 0.35714 0.60127
vt 0.37500 0.60127
vt 0.39286 0.60127
vt 0.41071 0.60127
vt 0.42857 0.60127
vt 0.44643 0.60127
vt 0.46429 0.60127
vt 0.48214 0.60127
vt 0.50000 0.60127
vt 0.51786 0.60127
vt 0.53571 0.60127
vt 0.55357 0.60127
vt 0.57143 0.60127
vt 0.58929 0.60127
vt 0.60714 0.60127
vt 0.62500 0.60127
vt 0.64286 0.60127
vt 0.66071 0.60127
vt 0.67857 0.60127
vt 0.69643 0.60127
vt 0.71429 0.60127
vt 0.73214 0.60127
vt 0.75000 0.60127
vt 0.76786 0.60127
vt 0.78571 0.60127
vt 0.80357 0.60127
vt 0.82143 0.60127
vt 0.83929 0.60127
vt 0.85714 0.60127
vt 0.87500 0.60127
vt 0.89286 0.60127
vt 0.91071 0.60127
vt 0.92857 0.60127
vt 0.94643 0.60127
vt 0.96429 0.60127
vt 0.98214 0.60127
vt 1.00000 0.60127
vt 0.00000 0.61709
vt 0.01786 0.61709
vt 0.03571 0.61709
vt 0.05357 0.61709
vt 0.07143 0.61709
vt 0.08929 0.61709
vt 0.10714 0.61709
vt 0.12500 0.61709
vt 0.14286 0.61709
vt 0.16071 0.61709
vt 0.17857 0.61709
vt 0.19643 0.61709
vt 0.21429 0.61709
vt 0.23214 0.61709
vt 0.25000 0.61709
vt 0.26786 0.61709
vt 0.28571 0.61709
vt 0.30357 0.61709
vt 0.32143 0.61709
vt 0.33929 0.61709
vt 0.35714 0.61709
vt 0.37500 0.61709
vt 0.39286 0.61709
vt 0.41071 0.61709
vt 0.42857 0.61709
vt 0.44643 0.61709
vt 0.46429 0.61709
vt 0.48214 0.61709
vt 0.50000 0.61709
vt 0.51786 0.61709
vt 0.53571 0.61709
vt 0.55357 0.61709
vt 0.57143 0.61709
vt 0.58929 0.61709
vt 0.60714 0.61709
vt 0.62500 0.61709
vt 0.64286 0.61709
vt 0.66071 0.61709
vt 0.67857 0.61709
vt 0.69643 0.61709
vt 0.71429 0.61709
vt 0.73214 0.61709
vt 0.75000 0.61709
vt 0.76786 0.61709
vt 0.78571 0.61709
vt 0.80357 0.61709
vt 0.82143 0.61709
vt 0.83929 0.61709
vt 0.85714 0.61709
vt 0.87500 0.61709
vt 0.89286 0.61709
vt 0.91071 0.61709
vt 0.92857 0.61709
vt 0.94643 0.61709
vt 0.96429 0.61709
vt 0.98214 0.61709
vt 1.00000 0.61709
vt 0.00000 0.63291
vt 0.01786 0.63291
vt 0.03571 0.63291
vt 0.05357 0.63291
vt 0.07143 0.63291
vt 0.08929 0.63291
vt 0.10714 0.63291
vt 0.12500 0.63291
vt 0.14286 0.63291
vt 0.16071 0.63291
vt 0.17857 0.63291
vt 0.19643 0.63291
vt 0.21429 0.63291
vt 0.23214 0.63291
vt 0.25000 0.63291
vt 0.26786 0.63291
vt 0.28571 0.63291
vt 0.30357 0.63291
vt 0.32143 0.63291
vt 0.33929 0.63291
vt 0.35714 0.63291
vt 0.37500 0.63291
vt 0.39286 0.63291
vt 0.41071 0.63291
vt 0.42857 0.63291
vt 0.44643 0.63291
vt 0.46429 0.63291
vt 0.48214 0.63291
vt 0.50000 0.63291
vt 0.51786 0.63291
vt 0.53571 0.63291
vt 0.55357 0.63291
vt 0.57143 0.63291
vt 0.58929 0.63291
vt 0.60714 0.63291
vt 0.62500 0.63291
vt 0.64286 0.63291
vt 0.66071 0.63291
vt 0.67857 0.63291
vt 0.69643 0.63291
vt 0.71429 0.63291
vt 0.73214 0.63291
vt 0.75000 0.63291
vt 0.76786 0.63291
vt 0.78571 0.63291
vt 0.80357 0.63291
vt 0.82143 0.63291
vt 0.83929 0.63291
vt 0.85714 0.63291
vt 0.87500 0.63291
vt 0.89286 0.63291
vt 0.91071 0.63291
vt 0.92857 0.63291
vt 0.94643 0.63291
vt 0.96429 0.63291
vt 0.98214 0.63291
vt 1.00000 0.63291
vt 0.00000 0.64873
vt 0.01786 0.64873
vt 0.03571 0.64873
vt 0.05357 0.64873
vt 0.07143 0.64873
vt 0.08929 0.64873
vt 0.10714 0.64873
vt 0.12500 0.64873
vt 0.14286 0.64873
vt 0.16071 0.64873
vt 0.17857 0.64873
vt 0.19643 0.64873
vt 0.21429 0.64873
vt 0.23214 0.64873
vt 0.25000 0.64873
vt 0.26786 0.64873
vt 0.28571 0.64873
vt 0.30357 0.64873
vt 0.32143 0.64873
vt 0.33929 0.64873
vt 0.35714 0.64873
vt 0.37500 0.64873
vt 0.39286 0.64873
vt 0.41071 0.64873
vt 0.42857 0.64873
vt 0.44643 0.64873
vt 0.46429 0.64873
vt 0.48214 0.64873
vt 0.50000 0.64873
vt 0.51786 0.64873
vt 0.53571 0.64873
vt 0.55357 0.64873
vt 0.57143 0.64873
vt 0.58929 0.64873
vt 0.60714 0.64873
vt 0.62500 0.64873
vt 0.64286 0.64873
vt 0.66071 0.64873
vt 0.67857 0.64873
vt 0.69643 0.64873
vt 0.71429 0.64873
vt 0.73214 0.64873
vt 0.75000 0.64873
vt 0.76786 0.64873
vt 0.78571 0.64873
vt 0.80357 0.64873
vt 0.82143 0.64873
vt 0.83929 0.64873
vt 0.85714 0.64873
vt 0.87500 0.64873
vt 0.89286 0.64873
vt 0.91071 0.64873
vt 0.92857 0.64873
vt 0.94643 0.64873
vt 0.96429 0.64873
vt 0.98214 0.64873
vt 1.00000 0.64873
vt 0.00000 0.66456
vt 0.01786 0.66456
vt 0.03571 0.66456
vt 0.05357 0.66456
vt 0.07143 0.66456
vt 0.08929 0.66456
vt 0.10714 0.66456
vt 0.12500 0.66456
vt 0.14286 0.66456
vt 0.16071 0.66456
vt 0.17857 0.66456
vt 0.19643 0.66456
vt 0.21429 0.66456
vt 0.23214 0.66456
vt 0.25000 0.66456
vt 0.26786 0.66456
vt 0.28571 0.66456
vt 0.30357 0.66456
vt 0.32143 0.66456
vt 0.33929 0.66456
vt 0.35714 0.66456
vt 0.37500 0.66456
vt 0.39286 0.66456
vt 0.41071 0.66456
vt 0.42857 0.66456
vt 0.44643 0.66456
vt 0.46429 0.66456
vt 0.48214 0.66456
vt 0.50000 0.66456
vt 0.51786 0.66456
vt 0.53571 0.66456
vt 0.55357 0.66456
vt 0.57143 0.66456
vt 0.58929 0.66456
vt 0.60714 0.66456
vt 0.62500 0.66456
vt 0.64286 0.66456
vt 0.66071 0.66456
vt 0.67857 0.66456
vt 0.69643 0.66456
vt 0.71429 0.66456
vt 0.73214 0.66456
vt 0.75000 0.66456
vt 0.76786 0.66456
vt 0.78571 0.66456
vt 0.80357 0.66456
vt 0.82143 0.66456
vt 0.83929 0.66456
vt 0.85714 0.66456
vt 0.87500 0.66456
vt 0.89286 0.66456
vt 0.91071 0.66456
vt 0.92857 0.66456
vt 0.94643 0.66456
vt 0.96429 0.66456
vt 0.98214 0.66456
vt 1.00000 0.66456
vt 0.00000 0.68038
vt 0.01786 0.68038
vt 0.03571 0.68038
vt 0.05357 0.68038
vt 0.07143 0.68038
vt 0.08929 0.68038
vt 0.10714 0.68038
vt 0.12500 0.68038
vt 0.14286 0.68038
vt 0.16071 0.68038
vt 0.17857 0.68038
vt 0.19643 0.68038
vt 0.21429 0.68038
vt 0.23214 0.68038
vt 0.25000 0.68038
vt 0.26786 0.68038
vt 0.28571 0.68038
vt 0.30357 0.68038
vt 0.32143 0.68038
vt 0.33929 0.68038
vt 0.35714 0.68038
vt 0.37500 0.68038
vt 0.39286 0.68038
vt 0.41071 0.68038
vt 0.42857 0.68038
vt 0.44643 0.68038
vt 0.46429 0.68038
vt 0.48214 0.68038
vt 0.50000 0.68038
vt 0.51786 0.68038
vt 0.53571 0.68038
vt 0.55357 0.68038
vt 0.57143 0.68038
vt 0.58929 0.68038
vt 0.60714 0.68038
vt 0.62500 0.68038
vt 0.64286 0.68038
vt 0.66071 0.68038
vt 0.67857 0.68038
vt 0.69643 0.68038
vt 0.71429 0.68038
vt 0.73214 0.68038
vt 0.75000 0.68038
vt 0.76786 0.68038
vt 0.78571 0.68038
vt 0.80357 0.68038
vt 0.82143 0.68038
vt 0.83929 0.68038
vt 0.85714 0.68038
vt 0.87500 0.68038
vt 0.89286 0.68038
vt 0.91071 0.68038
vt 0.92857 0.68038
vt 0.94643 0.68038
vt 0.96429 0.68038
vt 0.98214 0.68038
vt 1.00000 0.68038
vt 0.00000 0.69620
vt 0.01786 0.69620
vt 0.03571 0.69620
vt 0.05357 0.69620
vt 0.07143 0.69620
vt 0.08929 0.69620
vt 0.10714 0.69620
vt 0.12500 0.69620
vt 0.14286 0.69620
vt 0.16071 0.69620
vt 0.17857 0.69620
vt 0.19643 0.69620
vt 0.21429 0.69620
vt 0.23214 0.69620
vt 0.25000 0.69620
vt 0.26786 0.69620
vt 0.28571 0.69620
vt 0.30357 0.69620
vt 0.32143 0.69620
vt 0.33929 0.69620
vt 0.35714 0.69620
vt 0.37500 0.69620
vt 0.39286 0.69620
vt 0.41071 0.69620
vt 0.42857 0.69620
vt 0.44643 0.69620
vt 0.46429 0.69620
vt 0.48214 0.69620
vt 0.50000 0.69620
vt 0.51786 0.69620
vt 0.53571 0.69620
vt 0.55357 0.69620
vt 0.57143 0.69620
vt 0.58929 0.69620
vt 0.60714 0.69620
vt 0.62500 0.69620
vt 0.64286 0.69620
vt 0.66071 0.69620
vt 0.67857 0.69620
vt 0.69643 0.69620
vt 0.71429 0.69620
vt 0.73214 0.69620
vt 0.75000 0.69620
vt 0.76786 0.69620
vt 0.78571 0.69620
vt 0.80357 0.69620
vt 0.82143 0.69620
vt 0.83929 0.69620
vt 0.85714 0.69620
vt 0.87500 0.69620
vt 0.89286 0.69620
vt 0.91071 0.69620
vt 0.92857 0.69620
vt 0.94643 0.69620
vt 0.96429 0.69620
vt 0.98214 0.69620
vt 1.00000 0.69620
vt 0.00000 0.71203
vt 0.01786 0.71203
vt 0.03571 0.71203
vt 0.05357 0.71203
vt 0.07143 0.71203
vt 0.08929 0.71203
vt 0.10714 0.71203
vt 0.12500 0.71203
vt 0.14286 0.71203
vt 0.16071 0.71203
vt 0.17857 0.71203
vt 0.19643 0.71203
vt 0.21429 0.71203
vt 0.23214 0.71203
vt 0.25000 0.71203
vt 0.26786 0.71203
vt 0.28571 0.71203
vt 0.30357 0.71203
vt 0.32143 0.71203
vt 0.33929 0.71203
vt 0.35714 0.71203
vt 0.37500 0.71203
vt 0.39286 0.71203
vt 0.41071 0.71203
vt 0.42857 0.71203
vt 0.44643 0.71203
vt 0.46429 0.71203
vt 0.48214 0.71203
vt 0.50000 0.71203
vt 0.51786 0.71203
vt 0.53571 0.71203
vt 0.55357 0.71203
vt 0.57143 0.71203
vt 0.58929 0.71203
vt 0.60714 0.71203
vt 0.62500 0.71203
vt 0.64286 0.71203
vt 0.66071 0.71203
vt 0.67857 0.71203
vt 0.69643 0.71203
vt 0.71429 0.71203
vt 0.73214 0.71203
vt 0.75000 0.71203
vt 0.76786 0.71203
vt 0.78571 0.71203
vt 0.80357 0.71203
vt 0.82143 0.71203
vt 0.83929 0.71203
vt 0.85714 0.71203
vt 0.87500 0.71203
vt 0.89286 0.71203
vt 0.91071 0.71203
vt 0.92857 0.71203
vt 0.94643 0.71203
vt 0.96429 0.71203
vt 0.98214 0.71203
vt 1.00000 0.71203
vt 0.00000 0.72785
vt 0.01786 0.72785
vt 0.03571 0.72785
vt 0.05357 0.72785
vt 0.07143 0.72785
vt 0.08929 0.72785
vt 0.10714 0.72785
vt 0.12500 0.72785
vt 0.14286 0.72785
vt 0.16071 0.72785
vt 0.17857 0.72785
vt 0.19643 0.72785
vt 0.21429 0.72785
vt 0.23214 0.72785
vt 0.25000 0.72785
vt 0.26786 0.72785
vt 0.28571 0.72785
vt 0.30357 0.72785
vt 0.32143 0.72785
vt 0.33929 0.72785
vt 0.35714 0.72785
vt 0.37500 0.72785
vt 0.39286 0.72785
vt 0.41071 0.72785
vt 0.42857 0.72785
vt 0.44643 0.72785
vt 0.46429 0.72785
vt 0.48214 0.72785
vt 0.50000 0.72785
vt 0.51786 0.72785
vt 0.53571 0.72785
vt 0.55357 0.72785
vt 0.57143 0.72785
vt 0.58929 0.72785
vt 0.60714 0.72785
vt 0.62500 0.72785
vt 0.64286 0.72785
vt 0.66071 0.72785
vt 0.67857 0.72785
vt 0.69643 0.72785
vt 0.71429 0.72785
vt 0.73214 0.72785
vt 0.75000 0.72785
vt 0.76786 0.72785
vt 0.78571 0.72785
vt 0.80357 0.72785
vt 0.82143 0.72785
vt 0.83929 0.72785
vt 0.85714 0.72785
vt 0.87500 0.72785
vt 0.89286 0.72785
vt 0.91071 0.72785
vt 0.92857 0.72785
vt 0.94643 0.72785
vt 0.96429 0.72785
vt 0.98214 0.72785
vt 1.00000 0.72785
vt 0.00000 0.74367
vt 0.01786 0.74367
vt 0.03571 0.74367
vt 0.05357 0.74367
vt 0.07143 0.74367
vt 0.08929 0.74367
vt 0.10714 0.74367
vt 0.12500 0.74367
vt 0.14286 0.74367
vt 0.16071 0.74367
vt 0.17857 0.74367
vt 0.19643 0.74367
vt 0.21429 0.74367
vt 0.23214 0.74367
vt 0.25000 0.74367
vt 0.26786 0.74367
vt 0.28571 0.74367
vt 0.30357 0.74367
vt 0.32143 0.74367
vt 0.33929 0.74367
vt 0.35714 0.74367
vt 0.37500 0.74367
vt 0.39286 0.74367
vt 0.41071 0.74367
vt 0.42857 0.74367
vt 0.44643 0.74367
vt 0.46429 0.74367
vt 0.48214 0.74367
vt 0.50000 0.74367
vt 0.51786 0.74367
vt 0.53571 0.74367
vt 0.55357 0.74367
vt 0.57143 0.74367
vt 0.58929 0.74367
vt 0.60714 0.74367
vt 0.62500 0.74367
vt 0.64286 0.74367
vt 0.66071 0.74367
vt 0.67857 0.74367
vt 0.69643 0.74367
vt 0.71429 0.74367
vt 0.73214 0.74367
vt 0.75000 0.74367
vt 0.76786 0.74367
vt 0.78571 0.74367
vt 0.80357 0.74367
vt 0.82143 0.74367
vt 0.83929 0.74367
vt 0.85714 0.74367
vt 0.87500 0.74367
vt 0.89286 0.74367
vt 0.91071 0.74367
vt 0.92857 0.74367
vt 0.94643 0.74367
vt 0.96429 0.74367
vt 0.98214 0.74367
vt 1.00000 0.74367
vt 0.00000 0.75949
vt 0.01786 0.75949
vt 0.03571 0.75949
vt 0.05357 0.75949
vt 0.07143 0.75949
vt 0.08929 0.75949
vt 0.10714 0.75949
vt 0.12500 0.75949
vt 0.14286 0.75949
vt 0.16071 0.75949
vt 0.17857 0.75949
vt 0.19643 0.75949
vt 0.21429 0.75949
vt 0.23214 0.75949
vt 0.25000 0.75949
vt 0.26786 0.75949
vt 0.28571 0.75949
vt 0.30357 0.75949
vt 0.32143 0.75949
vt 0.33929 0.75949
vt 0.35714 0.75949
vt 0.37500 0.75949
vt 0.39286 0.75949
vt 0.41071 0.75949
vt 0.42857 0.75949
vt 0.44643 0.75949
vt 0.46429 0.75949
vt 0.48214 0.75949
vt 0.50000 0.75949
vt 0.51786 0.75949
vt 0.53571 0.75949
vt 0.55357 0.75949
vt 0.57143 0.75949
vt 0.58929 0.75949
vt 0.60714 0.75949
vt 0.62500 0.75949
vt 0.64286 0.75949
vt 0.66071 0.75949
vt 0.67857 0.75949
vt 0.69643 0.75949
vt 0.71429 0.75949
vt 0.73214 0.75949
vt 0.75000 0.75949
vt 0.76786 0.75949
vt 0.78571 0.75949
vt 0.80357 0.75949
vt 0.82143 0.75949
vt 0.83929 0.75949
vt 0.85714 0.75949
vt 0.87500 0.75949
vt 0.89286 0.75949
vt 0.91071 0.75949
vt 0.92857 0.75949
vt 0.94643 0.75949
vt 0.96429 0.75949
vt 0.98214 0.75949
vt 1.00000 0.75949
vt 0.00000 0.77532
vt 0.01786 0.77532
vt 0.03571 0.77532
vt 0.05357 0.77532
vt 0.07143 0.77532
vt 0.08929 0.77532
vt 0.10714 0.77532
vt 0.12500 0.77532
vt 0.14286 0.77532
vt 0.16071 0.77532
vt 0.17857 0.77532
vt 0.19643 0.77532
vt 0.21429 0.77532
vt 0.23214 0.77532
vt 0.25000 0.77532
vt 0.26786 0.77532
vt 0.28571 0.77532
vt 0.30357 0.77532
vt 0.32143 0.77532
vt 0.33929 0.77532
vt 0.35714 0.77532
vt 0.37500 0.77532
vt 0.39286 0.77532
vt 0.41071 0.77532
vt 0.42857 0.77532
vt 0.44643 0.77532
vt 0.46429 0.77532
vt 0.48214 0.77532
vt 0.50000 0.77532
vt 0.51786 0.77532
vt 0.53571 0.77532
vt 0.55357 0.77532
vt 0.57143 0.77532
vt 0.58929 0.77532
vt 0.60714 0.77532
vt 0.62500 0.77532
vt 0.64286 0.77532
vt 0.66071 0.77532
vt 0.67857 0.77532
vt 0.69643 0.77532
vt 0.71429 0.77532
vt 0.73214 0.77532
vt 0.75000 0.77532
vt 0.76786 0.77532
vt 0.78571 0.77532
vt 0.80357 0.77532
vt 0.82143 0.77532
vt 0.83929 0.77532
vt 0.85714 0.77532
vt 0.87500 0.77532
vt 0.89286 0.77532
vt 0.91071 0.77532
vt 0.92857 0.77532
vt 0.94643 0.77532
vt 0.96429 0.77532
vt 0.98214 0.77532
vt 1.00000 0.77532
vt 0.00000 0.79114
vt 0.01786 0.79114
vt 0.03571 0.79114
vt 0.05357 0.79114
vt 0.07143 0.79114
vt 0.08929 0.79114
vt 0.10714 0.79114
vt 0.12500 0.79114
vt 0.14286 0.79114
vt 0.16071 0.79114
vt 0.17857 0.79114
vt 0.19643 0.79114
vt 0.21429 0.79114
vt 0.23214 0.79114
vt 0.25000 0.79114
vt 0.26786 0.79114
vt 0.28571 0.79114
vt 0.30357 0.79114
vt 0.32143 0.79114
vt 0.33929 0.79114
vt 0.35714 0.79114
vt 0.37500 0.79114
vt 0.39286 0.79114
vt 0.41071 0.79114
vt 0.42857 0.79114
vt 0.44643 0.79114
vt 0.46429 0.79114
vt 0.48214 0.79114
vt 0.50000 0.79114
vt 0.51786 0.79114
vt 0.53571 0.79114
vt 0.55357 0.79114
vt 0.57143 0.79114
vt 0.58929 0.79114
vt 0.60714 0.79114
vt 0.62500 0.79114
vt 0.64286 0.79114
vt 0.66071 0.79114
vt 0.67857 0.79114
vt 0.69643 0.79114
vt 0.71429 0.79114
vt 0.73214 0.79114
vt 0.75000 0.79114
vt 0.76786 0.79114
vt 0.78571 0.79114
vt 0.80357 0.79114
vt 0.82143 0.79114
vt 0.83929 0.79114
vt 0.85714 0.79114
vt 0.87500 0.79114
vt 0.89286 0.79114
vt 0.91071 0.79114
vt 0.92857 0.79114
vt 0.94643 0.79114
vt 0.96429 0.79114
vt 0.98214 0.79114
vt 1.00000 0.79114
vt 0.00000 0.80696
vt 0.01786 0.80696
vt 0.03571 0.80696
vt 0.05357 0.80696
vt 0.07143 0.80696
vt 0.08929 0.80696
vt 0.10714 0.80696
vt 0.12500 0.80696
vt 0.14286 0.80696
vt 0.16071 0.80696
vt 0.17857 0.80696
vt 0.19643 0.80696
vt 0.21429 0.80696
vt 0.23214 0.80696
vt 0.25000 0.80696
vt 0.26786 0.80696
vt 0.28571 0.80696
vt 0.30357 0.80696
vt 0.32143 0.80696
vt 0.33929 0.80696
vt 0.35714 0.80696
vt 0.37500 0.80696
vt 0.39286 0.80696
vt 0.41071 0.80696
vt 0.42857 0.80696
vt 0.44643 0.80696
vt 0.46429 0.80696
vt 0.48214 0.80696
vt 0.50000 0.80696
vt 0.51786 0.80696
vt 0.53571 0.80696
vt 0.55357 0.80696
vt 0.57143 0.80696
vt 0.58929 0.80696
vt 0.60714 0.80696
vt 0.62500 0.80696
vt 0.64286 0.80696
vt 0.66071 0.80696
vt 0.67857 0.80696
vt 0.69643 0.80696
vt 0.71429 0.80696
vt 0.73214 0.80696
vt 0.75000 0.80696
vt 0.76786 0.80696
vt 0.78571 0.80696
vt 0.80357 0.80696
vt 0.82143 0.80696
vt 0.83929 0.80696
vt 0.85714 0.80696
vt 0.87500 0.80696
vt 0.89286 0.80696
vt 0.91071 0.80696
vt 0.92857 0.80696
vt 0.94643 0.80696
vt 0.96429 0.80696
vt 0.98214 0.80696
vt 1.00000 0.80696
vt 0.00000 0.82278
vt 0.01786 0.82278
vt 0.03571 0.82278
vt 0.05357 0.82278
vt 0.07143 0.82278
vt 0.08929 0.82278
vt 0.10714 0.82278
vt 0.12500 0.82278
vt 0.14286 0.82278
vt 0.16071 0.82278
vt 0.17857 0.82278
vt 0.19643 0.82278
vt 0.21429 0.82278
vt 0.23214 0.82278
vt 0.25000 0.82278
vt 0.26786 0.82278
vt 0.28571 0.82278
vt 0.30357 0.82278
vt 0.32143 0.82278
vt 0.33929 0.82278
vt 0.35714 0.82278
vt 0.37500 0.82278
vt 0.39286 0.82278
vt 0.41071 0.82278
vt 0.42857 0.82278
vt 0.44643 0.82278
vt 0.46429 0.82278
vt 0.48214 0.82278
vt 0.50000 0.82278
vt 0.51786 0.82278
vt 0.53571 0.82278
vt 0.55357 0.82278
vt 0.57143 0.82278
vt 0.58929 0.82278
vt 0.60714 0.82278
vt 0.62500 0.82278
vt 0.64286 0.82278
vt 0.66071 0.82278
vt 0.67857 0.82278
vt 0.69643 0.82278
vt 0.71429 0.82278
vt 0.73214 0.82278
vt 0.75000 0.82278
vt 0.76786 0.82278
vt 0.78571 0.82278
vt 0.80357 0.82278
vt 0.82143 0.82278
vt 0.83929 0.82278
vt 0.85714 0.82278
vt 0.87500 0.82278
vt 0.89286 0.82278
vt 0.91071 0.82278
vt 0.92857 0.82278
vt 0.94643 0.82278
vt 0.96429 0.82278
vt 0.98214 0.82278
vt 1.00000 0.82278
vt 0.00000 0.83861
vt 0.01786 0.83861
vt 0.03571 0.83861
vt 0.05357 0.83861
vt 0.07143 0.83861
vt 0.08929 0.83861
vt 0.10714 0.83861
vt 0.12500 0.83861
vt 0.14286 0.83861
vt 0.16071 0.83861
vt 0.17857 0.83861
vt 0.19643 0.83861
vt 0.21429 0.83861
vt 0.23214 0.83861
vt 0.25000 0.83861
vt 0.26786 0.83861
vt 0.28571 0.83861
vt 0.30357 0.83861
vt 0.32143 0.83861
vt 0.33929 0.83861
vt 0.35714 0.83861
vt 0.37500 0.83861
vt 0.39286 0.83861
vt 0.41071 0.83861
vt 0.42857 0.83861
vt 0.44643 0.83861
vt 0.46429 0.83861
vt 0.48214 0.83861
vt 0.50000 0.83861
vt 0.51786 0.83861
vt 0.53571 0.83861
vt 0.55357 0.83861
vt 0.57143 0.83861
vt 0.58929 0.83861
vt 0.60714 0.83861
vt 0.62500 0.83861
vt 0.64286 0.83861
vt 0.66071 0.83861
vt 0.67857 0.83861
vt 0.69643 0.83861
vt 0.71429 0.83861
vt 0.73214 0.83861
vt 0.75000 0.83861
vt 0.76786 0.83861
vt 0.78571 0.83861
vt 0.80357 0.83861
vt 0.82143 0.83861
vt 0.83929 0.83861
vt 0.85714 0.83861
vt 0.87500 0.83861
vt 0.89286 0.83861
vt 0.91071 0.83861
vt 0.92857 0.83861
vt 0.94643 0.83861
vt 0.96429 0.83861
vt 0.98214 0.83861
vt 1.00000 0.83861
vt 0.00000 0.85443
vt 0.01786 0.85443
vt 0.03571 0.85443
vt 0.05357 0.85443
vt 0.07143 0.85443
vt 0.08929 0.85443
vt 0.10714 0.85443
vt 0.12500 0.85443
vt 0.14286 0.85443
vt 0.16071 0.85443
vt 0.17857 0.85443
vt 0.19643 0.85443
vt 0.21429 0.85443
vt 0.23214 0.85443
vt 0.25000 0.85443
vt 0.26786 0.85443
vt 0.28571 0.85443
vt 0.30357 0.85443
vt 0.32143 0.85443
vt 0.33929 0.85443
vt 0.35714 0.85443
vt 0.37500 0.85443
vt 0.39286 0.85443
vt 0.41071 0.85443
vt 0.42857 0.85443
vt 0.44643 0.85443
vt 0.46429 0.85443
vt 0.48214 0.85443
vt 0.50000 0.85443
vt 0.51786 0.85443
vt 0.53571 0.85443
vt 0.55357 0.85443
vt 0.57143 0.85443
vt 0.58929 0.85443
vt 0.60714 0.85443
vt 0.62500 0.85443
vt 0.64286 0.85443
vt 0.66071 0.85443
vt 0.67857 0.85443
vt 0.69643 0.85443
vt 0.71429 0.85443
vt 0.73214 0.85443
vt 0.75000 0.85443
vt 0.76786 0.85443
vt 0.78571 0.85443
vt 0.80357 0.85443
vt 0.82143 0.85443
vt 0.83929 0.85443
vt 0.85714 0.85443
vt 0.87500 0.85443
vt 0.89286 0.85443
vt 0.91071 0.85443
vt 0.92857 0.85443
vt 0.94643 0.85443
vt 0.96429 0.85443
vt 0.98214 0.85443
vt 1.00000 0.85443
vt 0.00000 0.87025
vt 0.01786 0.87025
vt 0.03571 0.87025
vt 0.05357 0.87025
vt 0.07143 0.87025
vt 0.08929 0.87025
vt 0.10714 0.87025
vt 0.12500 0.87025
vt 0.14286 0.87025
vt 0.16071 0.87025
vt 0.17857 0.87025
vt 0.19643 0.87025
vt 0.21429 0.87025
vt 0.23214 0.87025
vt 0.25000 0.87025
vt 0.26786 0.87025
vt 0.28571 0.87025
vt 0.30357 0.87025
vt 0.32143 0.87025
vt 0.33929 0.87025
vt 0.35714 0.87025
vt 0.37500 0.87025
vt 0.39286 0.87025
vt 0.41071 0.87025
vt 0.42857 0.87025
vt 0.44643 0.87025
vt 0.46429 0.87025
vt 0.48214 0.87025
vt 0.50000 0.87025
vt 0.51786 0.87025
vt 0.53571 0.87025
vt 0.55357 0.87025
vt 0.57143 0.87025
vt 0.58929 0.87025
vt 0.60714 0.87025
vt 0.62500 0.87025
vt 0.64286 0.87025
vt 0.66071 0.87025
vt 0.67857 0.87025
vt 0.69643 0.87025
vt 0.71429 0.87025
vt 0.73214 0.87025
vt 0.75000 0.87025
vt 0.76786 0.87025
vt 0.78571 0.87025
vt 0.80357 0.87025
vt 0.82143 0.87025
vt 0.83929 0.87025
vt 0.85714 0.87025
vt 0.87500 0.87025
vt 0.89286 0.87025
vt 0.91071 0.87025
vt 0.92857 0.87025
vt 0.94643 0.87025
vt 0.96429 0.87025
vt 0.98214 0.87025
vt 1.00000 0.87025
vt 0.00000 0.88608
vt 0.01786 0.88608
vt 0.03571 0.88608
vt 0.05357 0.88608
vt 0.07143 0.88608
vt 0.08929 0.88608
vt 0.10714 0.88608
vt 0.12500 0.88608
vt 0.14286 0.88608
vt 0.16071 0.88608
vt 0.17857 0.88608
vt 0.19643 0.88608
vt 0.21429 0.88608
vt 0.23214 0.88608
vt 0.25000 0.88608
vt 0.26786 0.88608
vt 0.28571 0.88608
vt 0.30357 0.88608
vt 0.32143 0.88608
vt 0.33929 0.88608
vt 0.35714 0.88608
vt 0.37500 0.88608
vt 0.39286 0.88608
vt 0.41071 0.88608
vt 0.42857 0.88608
vt 0.44643 0.88608
vt 0.46429 0.88608
vt 0.48214 0.88608
vt 0.50000 0.88608
vt 0.51786 0.88608
vt 0.53571 0.88608
vt 0.55357 0.88608
vt 0.57143 0.88608
vt 0.58929 0.88608
vt 0.60714 0.88608
vt 0.62500 0.88608
vt 0.64286 0.88608
vt 0.66071 0.88608
vt 0.67857 0.88608
vt 0.69643 0.88608
vt 0.71429 0.88608
vt 0.73214 0.88608
vt 0.75000 0.88608
vt 0.76786 0.88608
vt 0.78571 0.88608
vt 0.80357 0.88608
vt 0.82143 0.88608
vt 0.83929 0.88608
vt 0.85714 0.88608
vt 0.87500 0.88608
vt 0.89286 0.88608
vt 0.91071 0.88608
vt 0.92857 0.88608
vt 0.94643 0.88608
vt 0.96429 0.88608
vt 0.98214 0.88608
vt 1.00000 0.88608
vt 0.00000 0.90190
vt 0.01786 0.90190
vt 0.03571 0.90190
vt 0.05357 0.90190
vt 0.07143 0.90190
vt 0.08929 0.90190
vt 0.10714 0.90190
vt 0.12500 0.90190
vt 0.14286 0.90190
vt 0.16071 0.90190
vt 0.17857 0.90190
vt 0.19643 0.90190
vt 0.21429 0.90190
vt 0.23214 0.90190
vt 0.25000 0.90190
vt 0.26786 0.90190
vt 0.28571 0.90190
vt 0.30357 0.90190
vt 0.32143 0.90190
vt 0.33929 0.90190
vt 0.35714 0.90190
vt 0.37500 0.90190
vt 0.39286 0.90190
vt 0.41071 0.90190
vt 0.42857 0.90190
vt 0.44643 0.90190
vt 0.46429 0.90190
vt 0.48214 0.90190
vt 0.50000 0.90190
vt 0.51786 0.90190
vt 0.53571 0.90190
vt 0.55357 0.90190
vt 0.57143 0.90190
vt 0.58929 0.90190
vt 0.60714 0.90190
vt 0.62500 0.90190
vt 0.64286 0.90190
vt 0.66071 0.90190
vt 0.67857 0.90190
vt 0.69643 0.90190
vt 0.71429 0.90190
vt 0.73214 0.90190
vt 0.75000 0.90190
vt 0.76786 0.90190
vt 0.78571 0.90190
vt 0.80357 0.90190
vt 0.82143 0.90190
vt 0.83929 0.90190
vt 0.85714 0.90190
vt 0.87500 0.90190
vt 0.89286 0.90190
vt 0.91071 0.90190
vt 0.92857 0.90190
vt 0.94643 0.90190
vt 0.96429 0.90190
vt 0.98214 0.90190
vt 1.00000 0.90190
vt 0.00000 0.91772
vt 0.01786 0.91772
vt 0.03571 0.91772
vt 0.05357 0.91772
vt 0.07143 0.91772
vt 0.08929 0.91772
vt 0.10714 0.91772
vt 0.12500 0.91772
vt 0.14286 0.91772
vt 0.16071 0.91772
vt 0.17857 0.91772
vt 0.19643 0.91772
vt 0.21429 0.91772
vt 0.23214 0.91772
vt 0.25000 0.91772
vt 0.26786 0.91772
vt 0.28571 0.91772
vt 0.30357 0.91772
vt 0.32143 0.91772
vt 0.33929 0.91772
vt 0.35714 0.91772
vt 0.37500 0.91772
vt 0.39286 0.91772
vt 0.41071 0.91772
vt 0.42857 0.91772
vt 0.44643 0.91772
vt 0.46429 0.91772
vt 0.48214 0.91772
vt 0.50000 0.91772
vt 0.51786 0.91772
vt 0.53571 0.91772
vt 0.55357 0.91772
vt 0.57143 0.91772
vt 0.58929 0.91772
vt 0.60714 0.91772
vt 0.62500 0.91772
vt 0.64286 0.91772
vt 0.66071 0.91772
vt 0.67857 0.91772
vt 0.69643 0.91772
vt 0.71429 0.91772
vt 0.73214 0.91772
vt 0.75000 0.91772
vt 0.76786 0.91772
vt 0.78571 0.91772
vt 0.80357 0.91772
vt 0.82143 0.91772
vt 0.83929 0.91772
vt 0.85714 0.91772
vt 0.87500 0.91772
vt 0.89286 0.91772
vt 0.91071 0.91772
vt 0.92857 0.91772
vt 0.94643 0.91772
vt 0.96429 0.91772
vt 0.98214 0.91772
vt 1.00000 0.91772
vt 0.00000 0.93354
vt 0.01786 0.93354
vt 0.03571 0.93354
vt 0.05357 0.93354
vt 0.07143 0.93354
vt 0.08929 0.93354
vt 0.10714 0.93354
vt 0.12500 0.93354
vt 0.14286 0.93354
vt 0.16071 0.93354
vt 0.17857 0.93354
vt 0.19643 0.93354
vt 0.21429 0.93354
vt 0.23214 0.93354
vt 0.25000 0.93354
vt 0.26786 0.93354
vt 0.28571 0.93354
vt 0.30357 0.93354
vt 0.32143 0.93354
vt 0.33929 0.93354
vt 0.35714 0.93354
vt 0.37500 0.93354
vt 0.39286 0.93354
vt 0.41071 0.93354
vt 0.42857 0.93354
vt 0.44643 0.93354
vt 0.46429 0.93354
vt 0.48214 0.93354
vt 0.50000 0.93354
vt 0.51786 0.93354
vt 0.53571 0.93354
vt 0.55357 0.93354
vt 0.57143 0.93354
vt 0.58929 0.93354
vt 0.60714 0.93354
vt 0.62500 0.93354
vt 0.64286 0.93354
vt 0.66071 0.93354
vt 0.67857 0.93354
vt 0.69643 0.93354
vt 0.71429 0.93354
vt 0.73214 0.93354
vt 0.75000 0.93354
vt 0.76786 0.93354
vt 0.78571 0.93354
vt 0.80357 0.93354
vt 0.82143 0.93354
vt 0.83929 0.93354
vt 0.85714 0.93354
vt 0.87500 0.93354
vt 0.89286 0.93354
vt 0.91071 0.93354
vt 0.92857 0.93354
vt 0.94643 0.93354
vt 0.96429 0.93354
vt 0.98214 0.93354
vt 1.00000 0.93354
vt 0.00000 0.94937
vt 0.01786 0.94937
vt 0.03571 0.94937
vt 0.05357 0.94937
vt 0.07143 0.94937
vt 0.08929 0.94937
vt 0.10714 0.94937
vt 0.12500 0.94937
vt 0.14286 0.94937
vt 0.16071 0.94937
vt 0.17857 0.94937
vt 0.19643 0.94937
vt 0.21429 0.94937
vt 0.23214 0.94937
vt 0.25000 0.94937
vt 0.26786 0.94937
vt 0.28571 0.94937
vt 0.30357 0.94937
vt 0.32143 0.94937
vt 0.33929 0.94937
vt 0.35714 0.94937
vt 0.37500 0.94937
vt 0.39286 0.94937
vt 0.41071 0.94937
vt 0.42857 0.94937
vt 0.44643 0.94937
vt 0.46429 0.94937
vt 0.48214 0.94937
vt 0.50000 0.94937
vt 0.51786 0.94937
vt 0.53571 0.94937
vt 0.55357 0.94937
vt 0.57143 0.94937
vt 0.58929 0.94937
vt 0.60714 0.94937
vt 0.62500 0.94937
vt 0.64286 0.94937
vt 0.66071 0.94937
vt 0.67857 0.94937
vt 0.69643 0.94937
vt 0.71429 0.94937
vt 0.73214 0.94937
vt 0.75000 0.94937
vt 0.76786 0.94937
vt 0.78571 0.94937
vt 0.80357 0.94937
vt 0.82143 0.94937
vt 0.83929 0.94937
vt 0.85714 0.94937
vt 0.87500 0.94937
vt 0.89286 0.94937
vt 0.91071 0.94937
vt 0.92857 0.94937
vt 0.94643 0.94937
vt 0.96429 0.94937
vt 0.98214 0.94937
vt 1.00000 0.94937
vt 0.00000 0.96519
vt 0.01786 0.96519
vt 0.03571 0.96519
vt 0.05357 0.96519
vt 0.07143 0.96519
vt 0.08929 0.96519
vt 0.10714 0.96519
vt 0.12500 0.96519
vt 0.14286 0.96519
vt 0.16071 0.96519
vt 0.17857 0.96519
vt 0.19643 0.96519
vt 0.21429 0.96519
vt 0.23214 0.96519
vt 0.25000 0.96519
vt 0.26786 0.96519
vt 0.28571 0.96519
vt 0.30357 0.96519
vt 0.32143 0.96519
vt 0.33929 0.96519
vt 0.35714 0.96519
vt 0.37500 0.96519
vt 0.39286 0.96519
vt 0.41071 0.96519
vt 0.42857 0.96519
vt 0.44643 0.96519
vt 0.46429 0.96519
vt 0.48214 0.96519
vt 0.50000 0.96519
vt 0.51786 0.96519
vt 0.53571 0.96519
vt 0.55357 0.96519
vt 0.57143 0.96519
vt 0.58929 0.96519
vt 0.60714 0.96519
vt 0.62500 0.96519
vt 0.64286 0.96519
vt 0.66071 0.96519
vt 0.67857 0.96519
vt 0.69643 0.96519
vt 0.71429 0.96519
vt 0.73214 0.96519
vt 0.75000 0.96519
vt 0.76786 0.96519
vt 0.78571 0.96519
vt 0.80357 0.96519
vt 0.82143 0.96519
vt 0.83929 0.96519
vt 0.85714 0.96519
vt 0.87500 0.96519
vt 0.89286 0.96519
vt 0.91071 0.96519
vt 0.92857 0.96519
vt 0.94643 0.96519
vt 0.96429 0.96519
vt 0.98214 0.96519
vt 1.00000 0.96519
vt 0.00000 0.98101
vt 0.01786 0.98101
vt 0.03571 0.98101
vt 0.05357 0.98101
vt 0.07143 0.98101
vt 0.08929 0.98101
vt 0.10714 0.98101
vt 0.12500 0.98101
vt 0.14286 0.98101
vt 0.16071 0.98101
vt 0.17857 0.98101
vt 0.19643 0.98101
vt 0.21429 0.98101
vt 0.23214 0.98101
vt 0.25000 0.98101
vt 0.26786 0.98101
vt 0.28571 0.98101
vt 0.30357 0.98101
vt 0.32143 0.98101
vt 0.33929 0.98101
vt 0.35714 0.98101
vt 0.37500 0.98101
vt 0.39286 0.98101
vt 0.41071 0.98101
vt 0.42857 0.98101
vt 0.44643 0.98101
vt 0.46429 0.98101
vt 0.48214 0.98101
vt 0.50000 0.98101
vt 0.51786 0.98101
vt 0.53571 0.98101
vt 0.55357 0.98101
vt 0.57143 0.98101
vt 0.58929 0.98101
vt 0.60714 0.98101
vt 0.62500 0.98101
vt 0.64286 0.98101
vt 0.66071 0.98101
vt 0.67857 0.98101
vt 0.69643 0.98101
vt 0.71429 0.98101
vt 0.73214 0.98101
vt 0.75000 0.98101
vt 0.76786 0.98101
vt 0.78571 0.98101
vt 0.80357 0.98101
vt 0.82143 0.98101
vt 0.83929 0.98101
vt 0.85714 0.98101
vt 0.87500 0.98101
vt 0.89286 0.98101
vt 0.91071 0.98101
vt 0.92857 0.98101
vt 0.94643 0.98101
vt 0.96429 0.98101
vt 0.98214 0.98101
vt 1.00000 0.98101
vt 0.00000 0.99684
vt 0.01786 0.99684
vt 0.03571 0.99684
vt 0.05357 0.99684
vt 0.07143 0.99684
vt 0.08929 0.99684
vt 0.10714 0.99684
vt 0.12500 0.99684
vt 0.14286 0.99684
vt 0.16071 0.99684
vt 0.17857 0.99684
vt 0.19643 0.99684
vt 0.21429 0.99684
vt 0.23214 0.99684
vt 0.25000 0.99684
vt 0.26786 0.99684
vt 0.28571 0.99684
vt 0.30357 0.99684
vt 0.32143 0.99684
vt 0.33929 0.99684
vt 0.35714 0.99684
vt 0.37500 0.99684
vt 0.39286 0.99684
vt 0.41071 0.99684
vt 0.42857 0.99684
vt 0.44643 0.99684
vt 0.46429 0.99684
vt 0.48214 0.99684
vt 0.50000 0.99684
vt 0.51786 0.99684
vt 0.53571 0.99684
vt 0.55357 0.99684
vt 0.57143 0.99684
vt 0.58929 0.99684
vt 0.60714 0.99684
vt 0.62500 0.99684
vt 0.64286 0.99684
vt 0.66071 0.99684
vt 0.67857 0.99684
vt 0.69643 0.99684
vt 0.71429 0.99684
vt 0.73214 0.99684
vt 0.75000 0.99684
vt 0.76786 0.99684
vt 0.78571 0.99684
vt 0.80357 0.99684
vt 0.82143 0.99684
vt 0.83929 0.99684
vt 0.85714 0.99684
vt 0.87500 0.99684
vt 0.89286 0.99684
vt 0.91071 0.99684
vt 0.92857 0.99684
vt 0.94643 0.99684
vt 0.96429 0.99684
vt 0.98214 0.99684
vt 1.00000 0.99684
vt 0.00000 1.01266
vt 0.01786 1.01266
vt 0.03571 1.01266
vt 0.05357 1.01266
vt 0.07143 1.01266
vt 0.08929 1.01266
vt 0.10714 1.01266
vt 0.12500 1.01266
vt 0.14286 1.01266
vt 0.16071 1.01266
vt 0.17857 1.01266
vt 0.19643 1.01266
vt 0.21429 1.01266
vt 0.23214 1.01266
vt 0.25000 1.01266
vt 0.26786 1.01266
vt 0.28571 1.01266
vt 0.30357 1.01266
vt 0.32143 1.01266
vt 0.33929 1.01266
vt 0.35714 1.01266
vt 0.37500 1.01266
vt 0.39286 1.01266
vt 0.41071 1.01266
vt 0.42857 1.01266
vt 0.44643 1.01266
vt 0.46429 1.01266
vt 0.48214 1.01266
vt 0.50000 1.01266
vt 0.51786 1.01266
vt 0.53571 1.01266
vt 0.55357 1.01266
vt 0.57143 1.01266
vt 0.58929 1.01266
vt 0.60714 1.01266
vt 0.62500 1.01266
vt 0.64286 1.01266
vt 0.66071 1.01266
vt 0.67857 1.01266
vt 0.69643 1.01266
vt 0.71429 1.01266
vt 0.73214 1.01266
vt 0.75000 1.01266
vt 0.76786 1.01266
vt 0.78571 1.01266
vt 0.80357 1.01266
vt 0.82143 1.01266
vt 0.83929 1.01266
vt 0.85714 1.01266
vt 0.87500 1.01266
vt 0.89286 1.01266
vt 0.91071 1.01266
vt 0.92857 1.01266
vt 0.94643 1.01266
vt 0.96429 1.01266
vt 0.98214 1.01266
vt 1.00000 1.01266
vt 0.00000 1.02848
vt 0.01786 1.02848
vt 0.03571 1.02848
vt 0.05357 1.02848
vt 0.07143 1.02848
vt 0.08929 1.02848
vt 0.10714 1.02848
vt 0.12500 1.02848
vt 0.14286 1.02848
vt 0.16071 1.02848
vt 0.17857 1.02848
vt 0.19643 1.02848
vt 0.21429 1.02848
vt 0.23214 1.02848
vt 0.25000 1.02848
vt 0.26786 1.02848
vt 0.28571 1.02848
vt 0.30357 1.02848
vt 0.32143 1.02848
vt 0.33929 1.02848
vt 0.35714 1.02848
vt 0.37500 1.02848
vt 0.39286 1.02848
vt 0.41071 1.02848
vt 0.42857 1.02848
vt 0.44643 1.02848
vt 0.46429 1.02848
vt 0.48214 1.02848
vt 0.50000 1.02848
vt 0.51786 1.02848
vt 0.53571 1.02848
vt 0.55357 1.02848
vt 0.57143 1.02848
vt 0.58929 1.02848
vt 0.60714 1.02848
vt 0.62500 1.02848
vt 0.64286 1.02848
vt 0.66071 1.02848
vt 0.67857 1.02848
vt 0.69643 1.02848
vt 0.71429 1.02848
vt 0.73214 1.02848
vt 0.75000 1.02848
vt 0.76786 1.02848
vt 0.78571 1.02848
vt 0.80357 1.02848
vt 0.82143 1.02848
vt 0.83929 1.02848
vt 0.85714 1.02848
vt 0.87500 1.02848
vt 0.89286 1.02848
vt 0.91071 1.02848
vt 0.92857 1.02848
vt 0.94643 1.02848
vt 0.96429 1.02848
vt 0.98214 1.02848
vt 1.00000 1.02848
vt 0.00000 1.04430
vt 0.01786 1.04430
vt 0.03571 1.04430
vt 0.05357 1.04430
vt 0.07143 1.04430
vt 0.08929 1.04430
vt 0.10714 1.04430
vt 0.12500 1.04430
vt 0.14286 1.04430
vt 0.16071 1.04430
vt 0.17857 1.04430
vt 0.19643 1.04430
vt 0.21429 1.04430
vt 0.23214 1.04430
vt 0.25000 1.04430
vt 0.26786 1.04430
vt 0.28571 1.04430
vt 0.30357 1.04430
vt 0.32143 1.04430
vt 0.33929 1.04430
vt 0.35714 1.04430
vt 0.37500 1.04430
vt 0.39286 1.04430
vt 0.41071 1.04430
vt 0.42857 1.04430
vt 0.44643 1.04430
vt 0.46429 1.04430
vt 0.48214 1.04430
vt 0.50000 1.04430
vt 0.51786 1.04430
vt 0.53571 1.04430
vt 0.55357 1.04430
vt 0.57143 1.04430
vt 0.58929 1.04430
vt 0.60714 1.04430
vt 0.62500 1.04430
vt 0.64286 1.04430
vt 0.66071 1.04430
vt 0.67857 1.04430
vt 0.69643 1.04430
vt 0.71429 1.04430
vt 0.73214 1.04430
vt 0.75000 1.04430
vt 0.76786 1.04430
vt 0.78571 1.04430
vt 0.80357 1.04430
vt 0.82143 1.04430
vt 0.83929 1.04430
vt 0.85714 1.04430
vt 0.87500 1.04430
vt 0.89286 1.04430
vt 0.91071 1.04430
vt 0.92857 1.04430
vt 0.94643 1.04430
vt 0.96429 1.04430
vt 0.98214 1.04430
vt 1.00000 1.04430
vt 0.00000 1.06013
vt 0.01786 1.06013
vt 0.03571 1.06013
vt 0.05357 1.06013
vt 0.07143 1.06013
vt 0.08929 1.06013
vt 0.10714 1.06013
vt 0.12500 1.06013
vt 0.14286 1.06013
vt 0.16071 1.06013
vt 0.17857 1.06013
vt 0.19643 1.06013
vt 0.21429 1.06013
vt 0.23214 1.06013
vt 0.25000 1.06013
vt 0.26786 1.06013
vt 0.28571 1.06013
vt 0.30357 1.06013
vt 0.32143 1.06013
vt 0.33929 1.06013
vt 0.35714 1.06013
vt 0.37500 1.06013
vt 0.39286 1.06013
vt 0.41071 1.06013
vt 0.42857 1.06013
vt 0.44643 1.06013
vt 0.46429 1.06013
vt 0.48214 1.06013
vt 0.50000 1.06013
vt 0.51786 1.06013
vt 0.53571 1.06013
vt 0.55357 1.06013
vt 0.57143 1.06013
vt 0.58929 1.06013
vt 0.60714 1.06013
vt 0.62500 1.06013
vt 0.64286 1.06013
vt 0.66071 1.06013
vt 0.67857 1.06013
vt 0.69643 1.06013
vt 0.71429 1.06013
vt 0.73214 1.06013
vt 0.75000 1.06013
vt 0.76786 1.06013
vt 0.78571 1.06013
vt 0.80357 1.06013
vt 0.82143 1.06013
vt 0.83929 1.06013
vt 0.85714 1.06013
vt 0.87500 1.06013
vt 0.89286 1.06013
vt 0.91071 1.06013
vt 0.92857 1.06013
vt 0.94643 1.06013
vt 0.96429 1.06013
vt 0.98214 1.06013
vt 1.00000 1.06013
vt 0.00000 1.07595
vt 0.01786 1.07595
vt 0.03571 1.07595
vt 0.05357 1.07595
vt 0.07143 1.07595
vt 0.08929 1.07595
vt 0.10714 1.07595
vt 0.12500 1.07595
vt 0.14286 1.07595
vt 0.16071 1.07595
vt 0.17857 1.07595
vt 0.19643 1.07595
vt 0.21429 1.07595
vt 0.23214 1.07595
vt 0.25000 1.07595
vt 0.26786 1.07595
vt 0.28571 1.07595
vt 0.30357 1.07595
vt 0.32143 1.07595
vt 0.33929 1.07595
vt 0.35714 1.07595
vt 0.37500 1.07595
vt 0.39286 1.07595
vt 0.41071 1.07595
vt 0.42857 1.07595
vt 0.44643 1.07595
vt 0.46429 1.07595
vt 0.48214 1.07595
vt 0.50000 1.07595
vt 0.51786 1.07595
vt 0.53571 1.07595
vt 0.55357 1.07595
vt 0.57143 1.07595
vt 0.58929 1.07595
vt 0.60714 1.07595
vt 0.62500 1.07595
vt 0.64286 1.07595
vt 0.66071 1.07595
vt 0.67857 1.07595
vt 0.69643 1.07595
vt 0.71429 1.07595
vt 0.73214 1.07595
vt 0.75000 1.07595
vt 0.76786 1.07595
vt 0.78571 1.07595
vt 0.80357 1.07595
vt 0.82143 1.07595
vt 0.83929 1.07595
vt 0.85714 1.07595
vt 0.87500 1.07595
vt 0.89286 1.07595
vt 0.91071 1.07595
vt 0.92857 1.07595
vt 0.94643 1.07595
vt 0.96429 1.07595
vt 0.98214 1.07595
vt 1.00000 1.07595
vt 0.00000 1.09177
vt 0.01786 1.09177
vt 0.03571 1.09177
vt 0.05357 1.09177
vt 0.07143 1.09177
vt 0.08929 1.09177
vt 0.10714 1.09177
vt 0.12500 1.09177
vt 0.14286 1.09177
vt 0.16071 1.09177
vt 0.17857 1.09177
vt 0.19643 1.09177
vt 0.21429 1.09177
vt 0.23214 1.09177
vt 0.25000 1.09177
vt 0.26786 1.09177
vt 0.28571 1.09177
vt 0.30357 1.09177
vt 0.32143 1.09177
vt 0.33929 1.09177
vt 0.35714 1.09177
vt 0.37500 1.09177
vt 0.39286 1.09177
vt 0.41071 1.09177
vt 0.42857 1.09177
vt 0.44643 1.09177
vt 0.46429 1.09177
vt 0.48214 1.09177
vt 0.50000 1.09177
vt 0.51786 1.09177
vt 0.53571 1.09177
vt 0.55357 1.09177
vt 0.57143 1.09177
vt 0.58929 1.09177
vt 0.60714 1.09177
vt 0.62500 1.09177
vt 0.64286 1.09177
vt 0.66071 1.09177
vt 0.67857 1.09177
vt 0.69643 1.09177
vt 0.71429 1.09177
vt 0.73214 1.09177
vt 0.75000 1.09177
vt 0.76786 1.09177
vt 0.78571 1.09177
vt 0.80357 1.09177
vt 0.82143 1.09177
vt 0.83929 1.09177
vt 0.85714 1.09177
vt 0.87500 1.09177
vt 0.89286 1.09177
vt 0.91071 1.09177
vt 0.92857 1.09177
vt 0.94643 1.09177
vt 0.96429 1.09177
vt 0.98214 1.09177
vt 1.00000 1.09177
vt 0.00000 1.10759
vt 0.01786 1.10759
vt 0.03571 1.10759
vt 0.05357 1.10759
vt 0.07143 1.10759
vt 0.08929 1.10759
vt 0.10714 1.10759
vt 0.12500 1.10759
vt 0.14286 1.10759
vt 0.16071 1.10759
vt 0.17857 1.10759
vt 0.19643 1.10759
vt 0.21429 1.10759
vt 0.23214 1.10759
vt 0.25000 1.10759
vt 0.26786 1.10759
vt 0.28571 1.10759
vt 0.30357 1.10759
vt 0.32143 1.10759
vt 0.33929 1.10759
vt 0.35714 1.10759
vt 0.37500 1.10759
vt 0.39286 1.10759
vt 0.41071 1.10759
vt 0.42857 1.10759
vt 0.44643 1.10759
vt 0.46429 1.10759
vt 0.48214 1.10759
vt 0.50000 1.10759
vt 0.51786 1.10759
vt 0.53571 1.10759
vt 0.55357 1.10759
vt 0.57143 1.10759
vt 0.58929 1.10759
vt 0.60714 1.10759
vt 0.62500 1.10759
vt 0.64286 1.10759
vt 0.66071 1.10759
vt 0.67857 1.10759
vt 0.69643 1.10759
vt 0.71429 1.10759
vt 0.73214 1.10759
vt 0.75000 1.10759
vt 0.76786 1.10759
vt 0.78571 1.10759
vt 0.80357 1.10759
vt 0.82143 1.10759
vt 0.83929 1.10759
vt 0.85714 1.10759
vt 0.87500 1.10759
vt 0.89286 1.10759
vt 0.91071 1.10759
vt 0.92857 1.10759
vt 0.94643 1.10759
vt 0.96429 1.10759
vt 0.98214 1.10759
vt 1.00000 1.10759
vt 0.00000 1.12342
vt 0.01786 1.12342
vt 0.03571 1.12342
vt 0.05357 1.12342
vt 0.07143 1.12342
vt 0.08929 1.12342
vt 0.10714 1.12342
vt 0.12500 1.12342
vt 0.14286 1.12342
vt 0.16071 1.12342
vt 0.17857 1.12342
vt 0.19643 1.12342
vt 0.21429 1.12342
vt 0.23214 1.12342
vt 0.25000 1.12342
vt 0.26786 1.12342
vt 0.28571 1.12342
vt 0.30357 1.12342
vt 0.32143 1.12342
vt 0.33929 1.12342
vt 0.35714 1.12342
vt 0.37500 1.12342
vt 0.39286 1.12342
vt 0.41071 1.12342
vt 0.42857 1.12342
vt 0.44643 1.12342
vt 0.46429 1.12342
vt 0.48214 1.12342
vt 0.50000 1.12342
vt 0.51786 1.12342
vt 0.53571 1.12342
vt 0.55357 1.12342
vt 0.57143 1.12342
vt 0.58929 1.12342
vt 0.60714 1.12342
vt 0.62500 1.12342
vt 0.64286 1.12342
vt 0.66071 1.12342
vt 0.67857 1.12342
vt 0.69643 1.12342
vt 0.71429 1.12342
vt 0.73214 1.12342
vt 0.75000 1.12342
vt 0.76786 1.12342
vt 0.78571 1.12342
vt 0.80357 1.12342
vt 0.82143 1.12342
vt 0.83929 1.12342
vt 0.85714 1.12342
vt 0.87500 1.12342
vt 0.89286 1.12342
vt 0.91071 1.12342
vt 0.92857 1.12342
vt 0.94643 1.12342
vt 0.96429 1.12342
vt 0.98214 1.12342
vt 1.00000 1.12342
vt 0.00000 1.13924
vt 0.01786 1.13924
vt 0.03571 1.13924
vt 0.05357 1.13924
vt 0.07143 1.13924
vt 0.08929 1.13924
vt 0.10714 1.13924
vt 0.12500 1.13924
vt 0.14286 1.13924
vt 0.16071 1.13924
vt 0.17857 1.13924
vt 0.19643 1.13924
vt 0.21429 1.13924
vt 0.23214 1.13924
vt 0.25000 1.13924
vt 0.26786 1.13924
vt 0.28571 1.13924
vt 0.30357 1.13924
vt 0.32143 1.13924
vt 0.33929 1.13924
vt 0.35714 1.13924
vt 0.37500 1.13924
vt 0.39286 1.13924
vt 0.41071 1.13924
vt 0.42857 1.13924
vt 0.44643 1.13924
vt 0.46429 1.13924
vt 0.48214 1.13924
vt 0.50000 1.13924
vt 0.51786 1.13924
vt 0.53571 1.13924
vt 0.55357 1.13924
vt 0.57143 1.13924
vt 0.58929 1.13924
vt 0.60714 1.13924
vt 0.62500 1.13924
vt 0.64286 1.13924
vt 0.66071 1.13924
vt 0.67857 1.13924
vt 0.69643 1.13924
vt 0.71429 1.13924
vt 0.73214 1.13924
vt 0.75000 1.13924
vt 0.76786 1.13924
vt 0.78571 1.13924
vt 0.80357 1.13924
vt 0.82143 1.13924
vt 0.83929 1.13924
vt 0.85714 1.13924
vt 0.87500 1.13924
vt 0.89286 1.13924
vt 0.91071 1.13924
vt 0.92857 1.13924
vt 0.94643 1.13924
vt 0.96429 1.13924
vt 0.98214 1.13924
vt 1.00000 1.13924
vt 0.00000 1.15506
vt 0.01786 1.15506
vt 0.03571 1.15506
vt 0.05357 1.15506
vt 0.07143 1.15506
vt 0.08929 1.15506
vt 0.10714 1.15506
vt 0.12500 1.15506
vt 0.14286 1.15506
vt 0.16071 1.15506
vt 0.17857 1.15506
vt 0.19643 1.15506
vt 0.21429 1.15506
vt 0.23214 1.15506
vt 0.25000 1.15506
vt 0.26786 1.15506
vt 0.28571 1.15506
vt 0.30357 1.15506
vt 0.32143 1.15506
vt 0.33929 1.15506
vt 0.35714 1.15506
vt 0.37500 1.15506
vt 0.39286 1.15506
vt 0.41071 1.15506
vt 0.42857 1.15506
vt 0.44643 1.15506
vt 0.46429 1.15506
vt 0.48214 1.15506
vt 0.50000 1.15506
vt 0.51786 1.15506
vt 0.53571 1.15506
vt 0.55357 1.15506
vt 0.57143 1.15506
vt 0.58929 1.15506
vt 0.60714 1.15506
vt 0.62500 1.15506
vt 0.64286 1.15506
vt 0.66071 1.15506
vt 0.67857 1.15506
vt 0.69643 1.15506
vt 0.71429 1.15506
vt 0.73214 1.15506
vt 0.75000 1.15506
vt 0.76786 1.15506
vt 0.78571 1.15506
vt 0.80357 1.15506
vt 0.82143 1.15506
vt 0.83929 1.15506
vt 0.85714 1.15506
vt 0.87500 1.15506
vt 0.89286 1.15506
vt 0.91071 1.15506
vt 0.92857 1.15506
vt 0.94643 1.15506
vt 0.96429 1.15506
vt 0.98214 1.15506
vt 1.00000 1.15506
vt 0.00000 1.17089
vt 0.01786 1.17089
vt 0.03571 1.17089
vt 0.05357 1.17089
vt 0.07143 1.17089
vt 0.08929 1.17089
vt 0.10714 1.17089
vt 0.12500 1.17089
vt 0.14286 1.17089
vt 0.16071 1.17089
vt 0.17857 1.17089
vt 0.19643 1.17089
vt 0.21429 1.17089
vt 0.23214 1.17089
vt 0.25000 1.17089
vt 0.26786 1.17089
vt 0.28571 1.17089
vt 0.30357 1.17089
vt 0.32143 1.17089
vt 0.33929 1.17089
vt 0.35714 1.17089
vt 0.37500 1.17089
vt 0.39286 1.17089
vt 0.41071 1.17089
vt 0.42857 1.17089
vt 0.44643 1.17089
vt 0.46429 1.17089
vt 0.48214 1.17089
vt 0.50000 1.17089
vt 0.51786 1.17089
vt 0.53571 1.17089
vt 0.55357 1.17089
vt 0.57143 1.17089
vt 0.58929 1.17089
vt 0.60714 1.17089
vt 0.62500 1.17089
vt 0.64286 1.17089
vt 0.66071 1.17089
vt 0.67857 1.17089
vt 0.69643 1.17089
vt 0.71429 1.17089
vt 0.73214 1.17089
vt 0.75000 1.17089
vt 0.76786 1.17089
vt 0.78571 1.17089
vt 0.80357 1.17089
vt 0.82143 1.17089
vt 0.83929 1.17089
vt 0.85714 1.17089
vt 0.87500 1.17089
vt 0.89286 1.17089
vt 0.91071 1.17089
vt 0.92857 1.17089
vt 0.94643 1.17089
vt 0.96429 1.17089
vt 0.98214 1.17089
vt 1.00000 1.17089
vt 0.00000 1.18671
vt 0.01786 1.18671
vt 0.03571 1.18671
vt 0.05357 1.18671
vt 0.07143 1.18671
vt 0.08929 1.18671
vt 0.10714 1.18671
vt 0.12500 1.18671
vt 0.14286 1.18671
vt 0.16071 1.18671
vt 0.17857 1.18671
vt 0.19643 1.18671
vt 0.21429 1.18671
vt 0.23214 1.18671
vt 0.25000 1.18671
vt 0.26786 1.18671
vt 0.28571 1.18671
vt 0.30357 1.18671
vt 0.32143 1.18671
vt 0.33929 1.18671
vt 0.35714 1.18671
vt 0.37500 1.18671
vt 0.39286 1.18671
vt 0.41071 1.18671
vt 0.42857 1.18671
vt 0.44643 1.18671
vt 0.46429 1.18671
vt 0.48214 1.18671
vt 0.50000 1.18671
vt 0.51786 1.18671
vt 0.53571 1.18671
vt 0.55357 1.18671
vt 0.57143 1.18671
vt 0.58929 1.18671
vt 0.60714 1.18671
vt 0.62500 1.18671
vt 0.64286 1.18671
vt 0.66071 1.18671
vt 0.67857 1.18671
vt 0.69643 1.18671
vt 0.71429 1.18671
vt 0.73214 1.18671
vt 0.75000 1.18671
vt 0.76786 1.18671
vt 0.78571 1.18671
vt 0.80357 1.18671
vt 0.82143 1.18671
vt 0.83929 1.18671
vt 0.85714 1.18671
vt 0.87500 1.18671
vt 0.89286 1.18671
vt 0.91071 1.18671
vt 0.92857 1.18671
vt 0.94643 1.18671
vt 0.96429 1.18671
vt 0.98214 1.18671
vt 1.00000 1.18671
vt 0.00000 1.20253
vt 0.01786 1.20253
vt 0.03571 1.20253
vt 0.05357 1.20253
vt 0.07143 1.20253
vt 0.08929 1.20253
vt 0.10714 1.20253
vt 0.12500 1.20253
vt 0.14286 1.20253
vt 0.16071 1.20253
vt 0.17857 1.20253
vt 0.19643 1.20253
vt 0.21429 1.20253
vt 0.23214 1.20253
vt 0.25000 1.20253
vt 0.26786 1.20253
vt 0.28571 1.20253
vt 0.30357 1.20253
vt 0.32143 1.20253
vt 0.33929 1.20253
vt 0.35714 1.20253
vt 0.37500 1.20253
vt 0.39286 1.20253
vt 0.41071 1.20253
vt 0.42857 1.20253
vt 0.44643 1.20253
vt 0.46429 1.20253
vt 0.48214 1.20253
vt 0.50000 1.20253
vt 0.51786 1.20253
vt 0.53571 1.20253
vt 0.55357 1.20253
vt 0.57143 1.20253
vt 0.58929 1.20253
vt 0.60714 1.20253
vt 0.62500 1.20253
vt 0.64286 1.20253
vt 0.66071 1.20253
vt 0.67857 1.20253
vt 0.69643 1.20253
vt 0.71429 1.20253
vt 0.73214 1.20253
vt 0.75000 1.20253
vt 0.76786 1.20253
vt 0.78571 1.20253
vt 0.80357 1.20253
vt 0.82143 1.20253
vt 0.83929 1.20253
vt 0.85714 1.20253
vt 0.87500 1.20253
vt 0.89286 1.20253
vt 0.91071 1.20253
vt 0.92857 1.20253
vt 0.94643 1.20253
vt 0.96429 1.20253
vt 0.98214 1.20253
vt 1.00000 1.20253
vt 0.00000 1.21835
vt 0.01786 1.21835
vt 0.03571 1.21835
vt 0.05357 1.21835
vt 0.07143 1.21835
vt 0.08929 1.21835
vt 0.10714 1.21835
vt 0.12500 1.21835
vt 0.14286 1.21835
vt 0.16071 1.21835
vt 0.17857 1.21835
vt 0.19643 1.21835
vt 0.21429 1.21835
vt 0.23214 1.21835
vt 0.25000 1.21835
vt 0.26786 1.21835
vt 0.28571 1.21835
vt 0.30357 1.21835
vt 0.32143 1.21835
vt 0.33929 1.21835
vt 0.35714 1.21835
vt 0.37500 1.21835
vt 0.39286 1.21835
vt 0.41071 1.21835
vt 0.42857 1.21835
vt 0.44643 1.21835
vt 0.46429 1.21835
vt 0.48214 1.21835
vt 0.50000 1.21835
vt 0.51786 1.21835
vt 0.53571 1.21835
vt 0.55357 1.21835
vt 0.57143 1.21835
vt 0.58929 1.21835
vt 0.60714 1.21835
vt 0.62500 1.21835
vt 0.64286 1.21835
vt 0.66071 1.21835
vt 0.67857 1.21835
vt 0.69643 1.21835
vt 0.71429 1.21835
vt 0.73214 1.21835
vt 0.75000 1.21835
vt 0.76786 1.21835
vt 0.78571 1.21835
vt 0.80357 1.21835
vt 0.82143 1.21835
vt 0.83929 1.21835
vt 0.85714 1.21835
vt 0.87500 1.21835
vt 0.89286 1.21835
vt 0.91071 1.21835
vt 0.92857 1.21835
vt 0.94643 1.21835
vt 0.96429 1.21835
vt 0.98214 1.21835
vt 1.00000 1.21835
vt 0.00000 1.23418
vt 0.01786 1.23418
vt 0.03571 1.23418
vt 0.05357 1.23418
vt 0.07143 1.23418
vt 0.08929 1.23418
vt 0.10714 1.23418
vt 0.12500 1.23418
vt 0.14286 1.23418
vt 0.16071 1.23418
vt 0.17857 1.23418
vt 0.19643 1.23418
vt 0.21429 1.23418
vt 0.23214 1.23418
vt 0.25000 1.23418
vt 0.26786 1.23418
vt 0.28571 1.23418
vt 0.30357 1.23418
vt 0.32143 1.23418
vt 0.33929 1.23418
vt 0.35714 1.23418
vt 0.37500 1.23418
vt 0.39286 1.23418
vt 0.41071 1.23418
vt 0.42857 1.23418
vt 0.44643 1.23418
vt 0.46429 1.23418
vt 0.48214 1.23418
vt 0.50000 1.23418
vt 0.51786 1.23418
vt 0.53571 1.23418
vt 0.55357 1.23418
vt 0.57143 1.23418
vt 0.58929 1.23418
vt 0.60714 1.23418
vt 0.62500 1.23418
vt 0.64286 1.23418
vt 0.66071 1.23418
vt 0.67857 1.23418
vt 0.69643 1.23418
vt 0.71429 1.23418
vt 0.73214 1.23418
vt 0.75000 1.23418
vt 0.76786 1.23418
vt 0.78571 1.23418
vt 0.80357 1.23418
vt 0.82143 1.23418
vt 0.83929 1.23418
vt 0.85714 1.23418
vt 0.87500 1.23418
vt 0.89286 1.23418
vt 0.91071 1.23418
vt 0.92857 1.23418
vt 0.94643 1.23418
vt 0.96429 1.23418
vt 0.98214 1.23418
vt 1.00000 1.23418
vt 0.00000 1.25000
vt 0.01786 1.25000
vt 0.03571 1.25000
vt 0.05357 1.25000
vt 0.07143 1.25000
vt 0.08929 1.25000
vt 0.10714 1.25000
vt 0.12500 1.25000
vt 0.14286 1.25000
vt 0.16071 1.25000
vt 0.17857 1.25000
vt 0.19643 1.25000
vt 0.21429 1.25000
vt 0.23214 1.25000
vt 0.25000 1.25000
vt 0.26786 1.25000
vt 0.28571 1.25000
vt 0.30357 1.25000
vt 0.32143 1.25000
vt 0.33929 1.25000
vt 0.35714 1.25000
vt 0.37500 1.25000
vt 0.39286 1.25000
vt 0.41071 1.25000
vt 0.42857 1.25000
vt 0.44643 1.25000
vt 0.46429 1.25000
vt 0.48214 1.25000
vt 0.50000 1.25000
vt 0.51786 1.25000
vt 0.53571 1.25000
vt 0.55357 1.25000
vt 0.57143 1.25000
vt 0.58929 1.25000
vt 0.60714 1.25000
vt 0.62500 1.25000
vt 0.64286 1.25000
vt 0.66071 1.25000
vt 0.67857 1.25000
vt 0.69643 1.25000
vt 0.71429 1.25000
vt 0.73214 1.25000
vt 0.75000 1.25000
vt 0.76786 1.25000
vt 0.78571 1.25000
vt 0.80357 1.25000
vt 0.82143 1.25000
vt 0.83929 1.25000
vt 0.85714 1.25000
vt 0.87500 1.25000
vt 0.89286 1.25000
vt 0.91071 1.25000
vt 0.92857 1.25000
vt 0.94643 1.25000
vt 0.96429 1.25000
vt 0.98214 1.25000
vt 1.00000 1.25000
vt 0.00000 1.28061
vt 0.01786 1.28061
vt 0.03571 1.28061
vt 0.05357 1.28061
vt 0.07143 1.28061
vt 0.08929 1.28061
vt 0.10714 1.28061
vt 0.12500 1.28061
vt 0.14286 1.28061
vt 0.16071 1.28061
vt 0.17857 1.28061
vt 0.19643 1.28061
vt 0.21429 1.28061
vt 0.23214 1.28061
vt 0.25000 1.28061
vt 0.26786 1.28061
vt 0.28571 1.28061
vt 0.30357 1.28061
vt 0.32143 1.28061
vt 0.33929 1.28061
vt 0.35714 1.28061
vt 0.37500 1.28061
vt 0.39286 1.28061
vt 0.41071 1.28061
vt 0.42857 1.28061
vt 0.44643 1.28061
vt 0.46429 1.28061
vt 0.48214 1.28061
vt 0.50000 1.28061
vt 0.51786 1.28061
vt 0.53571 1.28061
vt 0.55357 1.28061
vt 0.57143 1.28061
vt 0.58929 1.28061
vt 0.60714 1.28061
vt 0.62500 1.28061
vt 0.64286 1.28061
vt 0.66071 1.28061
vt 0.67857 1.28061
vt 0.69643 1.28061
vt 0.71429 1.28061
vt 0.73214 1.28061
vt 0.75000 1.28061
vt 0.76786 1.28061
vt 0.78571 1.28061
vt 0.80357 1.28061
vt 0.82143 1.28061
vt 0.83929 1.28061
vt 0.85714 1.28061
vt 0.87500 1.28061
vt 0.89286 1.28061
vt 0.91071 1.28061
vt 0.92857 1.28061
vt 0.94643 1.28061
vt 0.96429 1.28061
vt 0.98214 1.28061
vt 1.00000 1.28061
vt 0.00000 1.30657
vt 0.01786 1.30657
vt 0.03571 1.30657
vt 0.05357 1.30657
vt 0.07143 1.30657
vt 0.08929 1.30657
vt 0.10714 1.30657
vt 0.12500 1.30657
vt 0.14286 1.30657
vt 0.16071 1.30657
vt 0.17857 1.30657
vt 0.19643 1.30657
vt 0.21429 1.30657
vt 0.23214 1.30657
vt 0.25000 1.30657
vt 0.26786 1.30657
vt 0.28571 1.30657
vt 0.30357 1.30657
vt 0.32143 1.30657
vt 0.33929 1.30657
vt 0.35714 1.30657
vt 0.37500 1.30657
vt 0.39286 1.30657
vt 0.41071 1.30657
vt 0.42857 1.30657
vt 0.44643 1.30657
vt 0.46429 1.30657
vt 0.48214 1.30657
vt 0.50000 1.30657
vt 0.51786 1.30657
vt 0.53571 1.30657
vt 0.55357 1.30657
vt 0.57143 1.30657
vt 0.58929 1.30657
vt 0.60714 1.30657
vt 0.62500 1.30657
vt 0.64286 1.30657
vt 0.66071 1.30657
vt 0.67857 1.30657
vt 0.69643 1.30657
vt 0.71429 1.30657
vt 0.73214 1.30657
vt 0.75000 1.30657
vt 0.76786 1.30657
vt 0.78571 1.30657
vt 0.80357 1.30657
vt 0.82143 1.30657
vt 0.83929 1.30657
vt 0.85714 1.30657
vt 0.87500 1.30657
vt 0.89286 1.30657
vt 0.91071 1.30657
vt 0.92857 1.30657
vt 0.94643 1.30657
vt 0.96429 1.30657
vt 0.98214 1.30657
vt 1.00000 1.30657
vt 0.00000 1.32391
vt 0.01786 1.32391
vt 0.03571 1.32391
vt 0.05357 1.32391
vt 0.07143 1.32391
vt 0.08929 1.32391
vt 0.10714 1.32391
vt 0.12500 1.32391
vt 0.14286 1.32391
vt 0.16071 1.32391
vt 0.17857 1.32391
vt 0.19643 1.32391
vt 0.21429 1.32391
vt 0.23214 1.32391
vt 0.25000 1.32391
vt 0.26786 1.32391
vt 0.28571 1.32391
vt 0.30357 1.32391
vt 0.32143 1.32391
vt 0.33929 1.32391
vt 0.35714 1.32391
vt 0.37500 1.32391
vt 0.39286 1.32391
vt 0.41071 1.32391
vt 0.42857 1.32391
vt 0.44643 1.32391
vt 0.46429 1.32391
vt 0.48214 1.32391
vt 0.50000 1.32391
vt 0.51786 1.32391
vt 0.53571 1.32391
vt 0.55357 1.32391
vt 0.57143 1.32391
vt 0.58929 1.32391
vt 0.60714 1.32391
vt 0.62500 1.32391
vt 0.64286 1.32391
vt 0.66071 1.32391
vt 0.67857 1.32391
vt 0.69643 1.32391
vt 0.71429 1.32391
vt 0.73214 1.32391
vt 0.75000 1.32391
vt 0.76786 1.32391
vt 0.78571 1.32391
vt 0.80357 1.32391
vt 0.82143 1.32391
vt 0.83929 1.32391
vt 0.85714 1.32391
vt 0.87500 1.32391
vt 0.89286 1.32391
vt 0.91071 1.32391
vt 0.92857 1.32391
vt 0.94643 1.32391
vt 0.96429 1.32391
vt 0.98214 1.32391
vt 1.00000 1.32391
vt 0.00000 1.33000
vt 0.01786 1.33000
vt 0.03571 1.33000
vt 0.05357 1.33000
vt 0.07143 1.33000
vt 0.08929 1.33000
vt 0.10714 1.33000
vt 0.12500 1.33000
vt 0.14286 1.33000
vt 0.16071 1.33000
vt 0.17857 1.33000
vt 0.19643 1.33000
vt 0.21429 1.33000
vt 0.23214 1.33000
vt 0.25000 1.33000
vt 0.26786 1.33000
vt 0.28571 1.33000
vt 0.30357 1.33000
vt 0.32143 1.33000
vt 0.33929 1.33000
vt 0.35714 1.33000
vt 0.37500 1.33000
vt 0.39286 1.33000
vt 0.41071 1.33000
vt 0.42857 1.33000
vt 0.44643 1.33000
vt 0.46429 1.33000
vt 0.48214 1.33000
vt 0.50000 1.33000
vt 0.51786 1.33000
vt 0.53571 1.33000
vt 0.55357 1.33000
vt 0.57143 1.33000
vt 0.58929 1.33000
vt 0.60714 1.33000
vt 0.62500 1.33000
vt 0.64286 1.33000
vt 0.66071 1.33000
vt 0.67857 1.33000
vt 0.69643 1.33000
vt 0.71429 1.33000
vt 0.73214 1.33000
vt 0.75000 1.33000
vt 0.76786 1.33000
vt 0.78571 1.33000
vt 0.80357 1.33000
vt 0.82143 1.33000
vt 0.83929 1.33000
vt 0.85714 1.33000
vt 0.87500 1.33000
vt 0.89286 1.33000
vt 0.91071 1.33000
vt 0.92857 1.33000
vt 0.94643 1.33000
vt 0.96429 1.33000
vt 0.98214 1.33000
vt 1.00000 1.33000
vn 0.13012 0.99147 -0.00693
vn 0.13011 0.99144 -0.01103
vn 0.12846 0.99114 -0.03389
vn 0.12519 0.99053 -0.05629
vn 0.12035 0.98967 -0.07794
vn 0.11400 0.98857 -0.09860
vn 0.10622 0.98731 -0.11801
vn 0.09710 0.98595 -0.13593
vn 0.08674 0.98454 -0.15215
vn 0.07416 0.98303 -0.16779
vn 0.04463 0.97951 -0.19641
vn 0.00660 0.97444 -0.22453
vn 0.07576 0.97935 -0.18746
vn 0.09253 0.97904 -0.18144
vn 0.05222 0.98061 -0.18887
vn -0.05408 0.98054 -0.18873
vn -0.09279 0.97903 -0.18136
vn -0.07458 0.97933 -0.18800
vn -0.00624 0.97443 -0.22461
vn -0.04549 0.97962 -0.19565
vn -0.07464 0.98309 -0.16723
vn -0.08698 0.98458 -0.15176
vn -0.09729 0.98599 -0.13553
vn -0.10637 0.98735 -0.11760
vn -0.11412 0.98860 -0.09819
vn -0.12044 0.98969 -0.07754
vn -0.12525 0.99055 -0.05588
vn -0.12849 0.99115 -0.03350
vn -0.13012 0.99144 -0.01064
vn -0.13011 0.99142 0.01240
vn -0.12845 0.99109 0.03534
vn -0.12516 0.99045 0.05788
vn -0.12027 0.98953 0.07974
vn -0.11384 0.98839 0.10062
vn -0.10597 0.98707 0.12025
vn -0.09675 0.98565 0.13835
vn -0.08631 0.98419 0.15469
vn -0.07480 0.98277 0.16904
vn -0.06239 0.98146 0.18124
vn -0.04923 0.98033 0.19113
vn -0.03551 0.97943 0.19862
vn -0.02139 0.97881 0.20364
vn -0.00703 0.97850 0.20614
vn 0.00741 0.97850 0.20610
vn 0.02176 0.97883 0.20352
vn 0.03587 0.97946 0.19843
vn 0.04957 0.98036 0.19088
vn 0.06269 0.98150 0.18092
vn 0.07507 0.98281 0.16869
vn 0.08653 0.98423 0.15430
vn 0.09693 0.98569 0.13795
vn 0.10612 0.98711 0.11983
vn 0.11396 0.98842 0.10021
vn 0.12035 0.98956 0.07933
vn 0.12521 0.99046 0.05748
vn 0.12848 0.99110 0.03494
vn 0.13012 0.99142 0.01226
vn 0.26164 0.96491 -0.02198
vn 0.30427 0.95167 -0.04180
vn 0.29865 0.94958 -0.09542
vn 0.28885 0.94597 -0.14729
vn 0.27514 0.94109 -0.19660
vn 0.25785 0.93522 -0.24264
vn 0.23737 0.92872 -0.28485
vn 0.21412 0.92193 -0.32278
vn 0.18786 0.91506 -0.35689
vn 0.14745 0.90573 -0.39738
vn 0.07455 0.88764 -0.45446
vn 0.05733 0.88017 -0.47119
vn 0.17812 0.89376 -0.41166
vn 0.17694 0.89573 -0.40788
vn 0.04836 0.90401 -0.42476
vn -0.14351 0.89650 -0.41916
vn -0.19515 0.89138 -0.40910
vn -0.11990 0.88929 -0.44135
vn -0.03886 0.87979 -0.47377
vn -0.11980 0.89961 -0.41994
vn -0.17596 0.91225 -0.36991
vn -0.20396 0.91922 -0.33680
vn -0.22821 0.92602 -0.30069
vn -0.24986 0.93267 -0.26019
vn -0.26849 0.93883 -0.21566
vn -0.28371 0.94415 -0.16762
vn -0.29515 0.94830 -0.11670
vn -0.30251 0.95102 -0.06369
vn -0.30557 0.95212 -0.00946
vn -0.30425 0.95153 0.04506
vn -0.29855 0.94926 0.09890
vn -0.28863 0.94544 0.15111
vn -0.27473 0.94032 0.20082
vn -0.25721 0.93419 0.24727
vn -0.23647 0.92741 0.28981
vn -0.21298 0.92036 0.32798
vn -0.18719 0.91342 0.36142
vn -0.15955 0.90692 0.38993
vn -0.13048 0.90115 0.41340
vn -0.10033 0.89637 0.43181
vn -0.06943 0.89274 0.44519
vn -0.03805 0.89040 0.45358
vn -0.00641 0.88943 0.45702
vn 0.02526 0.88986 0.45553
vn 0.05676 0.89167 0.44911
vn 0.08787 0.89481 0.43772
vn 0.11834 0.89916 0.42133
vn 0.14787 0.90456 0.39989
vn 0.17612 0.91079 0.37341
vn 0.20269 0.91759 0.34196
vn 0.22716 0.92463 0.30570
vn 0.24906 0.93155 0.26491
vn 0.26794 0.93798 0.22000
vn 0.28337 0.94354 0.17156
vn 0.29496 0.94791 0.12029
vn 0.30241 0.95082 0.06702
vn 0.32851 0.94399 0.03111
vn 0.51456 0.85636 -0.04328
vn 0.56316 0.82161 -0.08836
vn 0.54868 0.81499 -0.18641
vn 0.52480 0.80423 -0.27892
vn 0.49291 0.79036 -0.36383
vn 0.45459 0.77451 -0.43987
vn 0.41139 0.75782 -0.50643
vn 0.36468 0.74128 -0.56349
vn 0.31393 0.72519 -0.61282
vn 0.23332 0.70259 -0.67225
vn 0.10477 0.66435 -0.74004
vn 0.11826 0.65975 -0.74212
vn 0.29747 0.68101 -0.66914
vn 0.27459 0.68713 -0.67265
vn 0.03765 0.70439 -0.70881
vn -0.25009 0.68523 -0.68405
vn -0.31070 0.67636 -0.66783
vn -0.16623 0.66824 -0.72513
vn -0.07733 0.65881 -0.74833
vn -0.21053 0.69693 -0.68555
vn -0.30366 0.72220 -0.62146
vn -0.35555 0.73823 -0.57323
vn -0.40280 0.75465 -0.51794
vn -0.44676 0.77138 -0.45319
vn -0.48612 0.78747 -0.37892
vn -0.51935 0.80181 -0.29560
vn -0.54486 0.81323 -0.20440
vn -0.56121 0.82070 -0.10720
vn -0.56736 0.82344 -0.00660
vn -0.56287 0.82114 0.09441
vn -0.54799 0.81398 0.19272
vn -0.52364 0.80265 0.28557
vn -0.49120 0.78818 0.37081
vn -0.45229 0.77173 0.44706
vn -0.40855 0.75448 0.51365
vn -0.36144 0.73747 0.57052
vn -0.31214 0.72154 0.61802
vn -0.26157 0.70731 0.65673
vn -0.21038 0.69523 0.68731
vn -0.15895 0.68557 0.71044
vn -0.10751 0.67851 0.72668
vn -0.05615 0.67415 0.73646
vn -0.00485 0.67253 0.74006
vn 0.04645 0.67366 0.73758
vn 0.09780 0.67753 0.72896
vn 0.14921 0.68410 0.71396
vn 0.20064 0.69330 0.69216
vn 0.25190 0.70495 0.66302
vn 0.30261 0.71880 0.62590
vn 0.35220 0.73445 0.58012
vn 0.39981 0.75131 0.52506
vn 0.44429 0.76857 0.46033
vn 0.48422 0.78525 0.38589
vn 0.51802 0.80018 0.30228
vn 0.54402 0.81217 0.21074
vn 0.56079 0.82017 0.11328
vn 0.60690 0.79270 0.05747
vn 0.80421 0.59049 -0.06765
vn 0.84234 0.52034 -0.14043
vn 0.81150 0.51073 -0.28396
vn 0.76331 0.49599 -0.41394
vn 0.70265 0.47811 -0.52697
vn 0.63424 0.45896 -0.62218
vn 0.56187 0.44006 -0.70046
vn 0.48821 0.42244 -0.76367
vn 0.41216 0.40618 -0.81556
vn 0.29361 0.38360 -0.87558
vn 0.12117 0.34955 -0.92905
vn 0.16504 0.35018 -0.92203
vn 0.38214 0.36694 -0.84813
vn 0.34134 0.37326 -0.86265
vn 0.02071 0.38752 -0.92163
vn -0.32848 0.36819 -0.86979
vn -0.38920 0.36136 -0.84732
vn -0.19097 0.35353 -0.91572
vn -0.10633 0.34998 -0.93070
vn -0.28037 0.38222 -0.88051
vn -0.40586 0.40498 -0.81931
vn -0.48232 0.42111 -0.76814
vn -0.55601 0.43859 -0.70604
vn -0.62855 0.45741 -0.62904
vn -0.69741 0.47658 -0.53524
vn -0.75886 0.49463 -0.42363
vn -0.80824 0.50968 -0.29492
vn -0.84063 0.51976 -0.15229
vn -0.85216 0.52328 -0.00161
vn -0.84125 0.51960 0.14940
vn -0.80923 0.50928 0.29289
vn -0.75987 0.49386 0.42272
vn -0.69812 0.47535 0.53542
vn -0.62878 0.45567 0.63007
vn -0.55577 0.43636 0.70761
vn -0.48180 0.41848 0.76990
vn -0.40855 0.40264 0.81912
vn -0.33690 0.38918 0.85735
vn -0.26712 0.37821 0.88634
vn -0.19917 0.36974 0.90754
vn -0.13273 0.36374 0.92200
vn -0.06737 0.36013 0.93047
vn -0.00259 0.35888 0.93338
vn 0.06218 0.35998 0.93089
vn 0.12747 0.36343 0.92286
vn 0.19380 0.36927 0.90889
vn 0.26161 0.37756 0.88826
vn 0.33123 0.38834 0.85993
vn 0.40273 0.40162 0.82250
vn 0.47586 0.41728 0.77423
vn 0.54982 0.43501 0.71307
vn 0.62299 0.45423 0.63684
vn 0.69274 0.47392 0.54361
vn 0.75527 0.49257 0.43236
vn 0.80581 0.50830 0.30382
vn 0.83939 0.51907 0.16124
vn 0.88707 0.45394 0.08401
vn 0.96660 0.24306 -0.08131
vn 0.96165 0.20910 -0.17751
vn 0.91859 0.20397 -0.33852
vn 0.85474 0.19628 -0.48052
vn 0.77763 0.18722 -0.60020
vn 0.69383 0.17782 -0.69784
vn 0.60806 0.16881 -0.77574
vn 0.52315 0.16064 -0.83697
vn 0.43686 0.15320 -0.88639
vn 0.29672 0.14244 -0.94428
vn 0.10868 0.12763 -0.98585
vn 0.20940 0.13088 -0.96903
vn 0.41662 0.14046 -0.89817
vn 0.35787 0.17670 -0.91690
vn -0.01422 0.23853 -0.97103
vn -0.37820 0.20881 -0.90187
vn -0.41851 0.15613 -0.89469
vn -0.16972 0.13136 -0.97670
vn -0.13218 0.13079 -0.98256
vn -0.31817 0.14443 -0.93697
vn -0.44739 0.15396 -0.88099
vn -0.53322 0.16144 -0.83043
vn -0.61834 0.16974 -0.76737
vn -0.70405 0.17884 -0.68726
vn -0.78733 0.18828 -0.58708
vn -0.86322 0.19729 -0.46468
vn -0.92496 0.20481 -0.32016
vn -0.96504 0.20966 -0.15731
vn -0.97738 0.21088 0.01578
vn -0.95984 0.20812 0.18811
vn -0.91519 0.20183 0.34886
vn -0.84986 0.19302 0.49038
vn -0.77150 0.18291 0.60937
vn -0.68676 0.17251 0.70612
vn -0.60041 0.16258 0.78299
vn -0.51536 0.15355 0.84310
vn -0.43308 0.14566 0.88951
vn -0.35405 0.13899 0.92484
vn -0.27819 0.13357 0.95119
vn -0.20508 0.12938 0.97016
vn -0.13412 0.12641 0.98287
vn -0.06462 0.12462 0.99010
vn 0.00418 0.12401 0.99227
vn 0.07301 0.12459 0.98952
vn 0.14265 0.12634 0.98168
vn 0.21382 0.12931 0.96828
vn 0.28723 0.13352 0.94851
vn 0.36344 0.13899 0.92119
vn 0.44286 0.14574 0.88467
vn 0.52551 0.15374 0.83678
vn 0.61081 0.16290 0.77484
vn 0.69715 0.17295 0.69575
vn 0.78142 0.18342 0.59644
vn 0.85861 0.19353 0.47470
vn 0.92185 0.20221 0.33060
vn 0.96355 0.20825 0.16796
vn 0.98158 0.16659 0.09353
vn 0.99635 0.02116 -0.08264
vn 0.98514 0.02651 -0.16972
vn 0.94163 0.02628 -0.33562
vn 0.87600 0.02500 -0.48167
vn 0.79641 0.02305 -0.60432
vn 0.70998 0.02075 -0.70391
vn 0.62177 0.01835 -0.78298
vn 0.53475 0.01603 -0.84486
vn 0.44703 0.01386 -0.89441
vn 0.31035 0.01132 -0.95056
vn 0.12146 0.00854 -0.99256
vn 0.19649 0.01174 -0.98044
vn 0.46896 0.04826 -0.88190
vn 0.47027 0.13922 -0.87147
vn 0.03484 0.19359 -0.98046
vn -0.47408 0.08997 -0.87587
vn -0.49182 0.02220 -0.87041
vn -0.20030 0.00920 -0.97969
vn -0.12145 0.00808 -0.99256
vn -0.31024 0.01086 -0.95060
vn -0.44696 0.01350 -0.89445
vn -0.53467 0.01565 -0.84491
vn -0.62168 0.01797 -0.78306
vn -0.70988 0.02038 -0.70402
vn -0.79629 0.02273 -0.60448
vn -0.87588 0.02476 -0.48189
vn -0.94154 0.02614 -0.33590
vn -0.98508 0.02651 -0.17007
vn -0.99965 0.02558 0.00731
vn -0.98255 0.02326 0.18455
vn -0.93657 0.01966 0.34993
vn -0.86869 0.01509 0.49513
vn -0.78722 0.00990 0.61659
vn -0.69941 0.00443 0.71471
vn -0.61036 -0.00105 0.79212
vn -0.52312 -0.00636 0.85223
vn -0.43917 -0.01132 0.89833
vn -0.35897 -0.01580 0.93321
vn -0.28236 -0.01967 0.95911
vn -0.20886 -0.02284 0.97768
vn -0.13779 -0.02519 0.99014
vn -0.06838 -0.02667 0.99730
vn 0.00019 -0.02722 0.99963
vn 0.06875 -0.02681 0.99727
vn 0.13813 -0.02548 0.99009
vn 0.20915 -0.02325 0.97761
vn 0.28259 -0.02019 0.95903
vn 0.35911 -0.01641 0.93315
vn 0.43923 -0.01200 0.89829
vn 0.52310 -0.00709 0.85224
vn 0.61027 -0.00180 0.79219
vn 0.69927 0.00371 0.71485
vn 0.78705 0.00923 0.61682
vn 0.86852 0.01451 0.49544
vn 0.93644 0.01920 0.35031
vn 0.98248 0.02294 0.18496
vn 0.99476 0.02948 0.09789
vn 0.99555 0.04899 -0.08054
vn 0.98434 0.05383 -0.16787
vn 0.94086 0.05258 -0.33470
vn 0.87510 0.04952 -0.48141
vn 0.79535 0.04532 -0.60445
vn 0.70883 0.04058 -0.70421
vn 0.62058 0.03575 -0.78333
vn 0.53359 0.03115 -0.84517
vn 0.44598 0.02689 -0.89464
vn 0.30957 0.02187 -0.95062
vn 0.12126 0.01633 -0.99249
vn 0.20003 0.01668 -0.97965
vn 0.49585 0.01860 -0.86821
vn 0.49079 -0.01528 -0.87115
vn -0.01974 -0.09108 -0.99565
vn -0.48873 -0.07296 -0.86938
vn -0.48335 -0.01164 -0.87535
vn -0.19830 0.01361 -0.98005
vn -0.12103 0.01588 -0.99252
vn -0.30937 0.02144 -0.95070
vn -0.44586 0.02655 -0.89471
vn -0.53346 0.03081 -0.84526
vn -0.62043 0.03540 -0.78347
vn -0.70865 0.04024 -0.70441
vn -0.79516 0.04503 -0.60472
vn -0.87491 0.04931 -0.48178
vn -0.94070 0.05247 -0.33517
vn -0.98424 0.05386 -0.16844
vn -0.99855 0.05294 0.01001
vn -0.98087 0.04952 0.18828
vn -0.93405 0.04383 0.35443
vn -0.86526 0.03645 0.50000
vn -0.78296 0.02803 0.62144
vn -0.69452 0.01919 0.71922
vn -0.60511 0.01040 0.79607
vn -0.51779 0.00200 0.85551
vn -0.43401 -0.00576 0.90089
vn -0.35424 -0.01269 0.93507
vn -0.27827 -0.01862 0.96032
vn -0.20560 -0.02343 0.97836
vn -0.13551 -0.02697 0.99041
vn -0.06718 -0.02917 0.99731
vn 0.00024 -0.02996 0.99955
vn 0.06765 -0.02932 0.99728
vn 0.13593 -0.02726 0.99034
vn 0.20595 -0.02385 0.97827
vn 0.27853 -0.01916 0.96024
vn 0.35439 -0.01332 0.93500
vn 0.43406 -0.00647 0.90086
vn 0.51772 0.00125 0.85555
vn 0.60495 0.00963 0.79620
vn 0.69429 0.01844 0.71946
vn 0.78269 0.02733 0.62181
vn 0.86500 0.03583 0.50049
vn 0.93385 0.04334 0.35502
vn 0.98076 0.04917 0.18892
vn 0.99325 0.05607 0.10155
vn 0.99422 0.07388 -0.07793
vn 0.98308 0.07808 -0.16568
vn 0.93958 0.07600 -0.33378
vn 0.87360 0.07139 -0.48138
vn 0.79362 0.06519 -0.60491
vn 0.70694 0.05827 -0.70487
vn 0.61865 0.05129 -0.78399
vn 0.53173 0.04466 -0.84574
vn 0.44428 0.03853 -0.89506
vn 0.30830 0.03130 -0.95077
vn 0.12065 0.02329 -0.99242
vn 0.19418 0.02046 -0.98075
vn 0.45578 -0.00736 -0.89006
vn 0.41520 -0.09961 -0.90426
vn -0.03462 -0.16359 -0.98592
vn -0.41392 -0.07062 -0.90757
vn -0.43254 0.00732 -0.90158
vn -0.19105 0.02213 -0.98133
vn -0.12031 0.02300 -0.99247
vn -0.30802 0.03093 -0.95088
vn -0.44410 0.03824 -0.89516
vn -0.53154 0.04436 -0.84587
vn -0.61843 0.05098 -0.78418
vn -0.70669 0.05798 -0.70514
vn -0.79335 0.06494 -0.60529
vn -0.87334 0.07121 -0.48188
vn -0.93936 0.07593 -0.33443
vn -0.98295 0.07814 -0.16646
vn -0.99693 0.07709 0.01348
vn -0.97848 0.07250 0.19317
vn -0.93056 0.06472 0.36038
vn -0.86054 0.05458 0.50646
vn -0.77714 0.04304 0.62785
vn -0.68790 0.03097 0.72515
vn -0.59804 0.01904 0.80124
vn -0.51063 0.00770 0.85977
vn -0.42712 -0.00272 0.90419
vn -0.34793 -0.01198 0.93744
vn -0.27283 -0.01986 0.96186
vn -0.20127 -0.02622 0.97918
vn -0.13249 -0.03090 0.99070
vn -0.06561 -0.03378 0.99727
vn 0.00029 -0.03480 0.99939
vn 0.06618 -0.03393 0.99723
vn 0.13300 -0.03118 0.99063
vn 0.20170 -0.02664 0.97909
vn 0.27314 -0.02040 0.96176
vn 0.34811 -0.01261 0.93737
vn 0.42716 -0.00343 0.90417
vn 0.51053 0.00694 0.85983
vn 0.59781 0.01826 0.80143
vn 0.68758 0.03021 0.72548
vn 0.77678 0.04232 0.62834
vn 0.86019 0.05395 0.50711
vn 0.93029 0.06421 0.36117
vn 0.97834 0.07213 0.19404
vn 0.99118 0.07922 0.10621
vn 0.99271 0.09460 -0.07472
vn 0.98172 0.09808 -0.16310
vn 0.93814 0.09539 -0.33285
vn 0.87182 0.08953 -0.48158
vn 0.79147 0.08169 -0.60572
vn 0.70454 0.07297 -0.70590
vn 0.61617 0.06419 -0.78499
vn 0.52931 0.05589 -0.84658
vn 0.44206 0.04822 -0.89569
vn 0.30663 0.03915 -0.95102
vn 0.11986 0.02921 -0.99236
vn 0.18819 0.02804 -0.98173
vn 0.41699 0.01957 -0.90870
vn 0.36464 -0.01255 -0.93106
vn -0.00995 -0.02548 -0.99963
vn -0.36349 0.00840 -0.93156
vn -0.40996 0.03011 -0.91161
vn -0.18773 0.02926 -0.98178
vn -0.11952 0.02897 -0.99241
vn -0.30627 0.03885 -0.95115
vn -0.44185 0.04798 -0.89581
vn -0.52908 0.05564 -0.84675
vn -0.61589 0.06394 -0.78523
vn -0.70423 0.07273 -0.70624
vn -0.79113 0.08149 -0.60619
vn -0.87148 0.08939 -0.48221
vn -0.93786 0.09535 -0.33366
vn -0.98155 0.09816 -0.16407
vn -0.99514 0.09684 0.01781
vn -0.97569 0.09104 0.19936
vn -0.92631 0.08124 0.36791
vn -0.85469 0.06850 0.51460
vn -0.76988 0.05407 0.63589
vn -0.67960 0.03906 0.73254
vn -0.58917 0.02428 0.80764
vn -0.50167 0.01030 0.86500
vn -0.41850 -0.00250 0.90821
vn -0.34004 -0.01384 0.94031
vn -0.26603 -0.02348 0.96368
vn -0.19586 -0.03123 0.98013
vn -0.12871 -0.03693 0.99099
vn -0.06364 -0.04043 0.99715
vn 0.00036 -0.04166 0.99913
vn 0.06433 -0.04057 0.99710
vn 0.12933 -0.03720 0.99090
vn 0.19637 -0.03163 0.98002
vn 0.26640 -0.02398 0.96356
vn 0.34025 -0.01443 0.94022
vn 0.41854 -0.00317 0.90819
vn 0.50154 0.00958 0.86508
vn 0.58889 0.02354 0.80787
vn 0.67921 0.03832 0.73294
vn 0.76943 0.05337 0.63650
vn 0.85425 0.06787 0.51541
vn 0.92596 0.08072 0.36889
vn 0.97550 0.09066 0.20043
vn 0.98889 0.09776 0.11198
vn 0.99138 0.11018 -0.07085
vn 0.98063 0.11288 -0.16010
vn 0.93689 0.10985 -0.33191
vn 0.87007 0.10309 -0.48203
vn 0.78920 0.09403 -0.60690
vn 0.70189 0.08396 -0.70732
vn 0.61336 0.07384 -0.78634
vn 0.52654 0.06429 -0.84771
vn 0.43950 0.05547 -0.89653
vn 0.30467 0.04505 -0.95139
vn 0.11903 0.03367 -0.99232
vn 0.18579 0.03370 -0.98201
vn 0.40638 0.03746 -0.91293
vn 0.35382 0.03498 -0.93466
vn 0.00047 0.03417 -0.99942
vn -0.35341 0.03491 -0.93482
vn -0.40647 0.03745 -0.91290
vn -0.18646 0.03380 -0.98188
vn -0.11868 0.03348 -0.99237
vn -0.30426 0.04482 -0.95153
vn -0.43925 0.05530 -0.89666
vn -0.52627 0.06411 -0.84790
vn -0.61304 0.07366 -0.78661
vn -0.70153 0.08379 -0.70770
vn -0.78880 0.09389 -0.60743
vn -0.86968 0.10300 -0.48275
vn -0.93656 0.10984 -0.33284
vn -0.98043 0.11299 -0.16123
vn -0.99352 0.11126 0.02308
vn -0.97279 0.10427 0.20692
vn -0.92154 0.09259 0.37709
vn -0.84789 0.07754 0.52447
vn -0.76131 0.06061 0.64555
vn -0.66975 0.04308 0.74134
vn -0.57862 0.02591 0.81519
vn -0.49098 0.00972 0.87112
vn -0.40821 -0.00506 0.91287
vn -0.33062 -0.01813 0.94359
vn -0.25790 -0.02924 0.96573
vn -0.18939 -0.03817 0.98116
vn -0.12419 -0.04473 0.99125
vn -0.06129 -0.04876 0.99693
vn 0.00043 -0.05016 0.99874
vn 0.06211 -0.04888 0.99687
vn 0.12493 -0.04497 0.99115
vn 0.18999 -0.03852 0.98103
vn 0.25834 -0.02968 0.96560
vn 0.33087 -0.01866 0.94349
vn 0.40826 -0.00566 0.91285
vn 0.49083 0.00907 0.87121
vn 0.57829 0.02524 0.81544
vn 0.66928 0.04241 0.74180
vn 0.76077 0.05996 0.64624
vn 0.84737 0.07696 0.52540
vn 0.92112 0.09210 0.37823
vn 0.97256 0.10390 0.20817
vn 0.98670 0.11086 0.11890
vn 0.99056 0.11995 -0.06630
vn 0.98010 0.12188 -0.15666
vn 0.93615 0.11876 -0.33093
vn 0.86866 0.11149 -0.48270
vn 0.78707 0.10168 -0.60842
vn 0.69924 0.09077 -0.70910
vn 0.61045 0.07982 -0.78802
vn 0.52361 0.06949 -0.84912
vn 0.43676 0.05997 -0.89758
vn 0.30255 0.04871 -0.95189
vn 0.11816 0.03646 -0.99233
vn 0.18441 0.03664 -0.98217
vn 0.40506 0.04406 -0.91323
vn 0.36158 0.06963 -0.92974
vn 0.01491 0.11636 -0.99310
vn -0.36129 0.09959 -0.92712
vn -0.41467 0.05950 -0.90803
vn -0.18657 0.03836 -0.98169
vn -0.11781 0.03638 -0.99237
vn -0.30212 0.04858 -0.95203
vn -0.43649 0.05987 -0.89772
vn -0.52331 0.06939 -0.84931
vn -0.61010 0.07971 -0.78831
vn -0.69884 0.09067 -0.70951
vn -0.78663 0.10160 -0.60900
vn -0.86822 0.11145 -0.48349
vn -0.93578 0.11878 -0.33196
vn -0.97989 0.12199 -0.15791
vn -0.99237 0.11975 0.02930
vn -0.97002 0.11164 0.21584
vn -0.91645 0.09836 0.38787
vn -0.84032 0.08141 0.53594
vn -0.75159 0.06249 0.65666
vn -0.65850 0.04304 0.75135
vn -0.56654 0.02407 0.82368
vn -0.47874 0.00624 0.87793
vn -0.39642 -0.01000 0.91802
vn -0.31981 -0.02436 0.94717
vn -0.24856 -0.03658 0.96793
vn -0.18193 -0.04641 0.98222
vn -0.11898 -0.05364 0.99145
vn -0.05858 -0.05808 0.99659
vn 0.00049 -0.05961 0.99822
vn 0.05954 -0.05818 0.99653
vn 0.11983 -0.05383 0.99133
vn 0.18264 -0.04669 0.98207
vn 0.24907 -0.03694 0.96778
vn 0.32010 -0.02479 0.94706
vn 0.39648 -0.01049 0.91798
vn 0.47858 0.00572 0.87803
vn 0.56617 0.02351 0.82395
vn 0.65798 0.04248 0.75184
vn 0.75098 0.06194 0.65741
vn 0.83972 0.08090 0.53696
vn 0.91597 0.09792 0.38912
vn 0.96975 0.11131 0.21723
vn 0.98486 0.11799 0.12696
vn 0.99046 0.12355 -0.06107
vn 0.98036 0.12472 -0.15279
vn 0.93613 0.12177 -0.32990
vn 0.86780 0.11440 -0.48356
vn 0.78531 0.10434 -0.61024
vn 0.69681 0.09313 -0.71119
vn 0.60764 0.08187 -0.78998
vn 0.52071 0.07128 -0.85075
vn 0.43400 0.06153 -0.89881
vn 0.30040 0.04999 -0.95250
vn 0.11733 0.03750 -0.99239
vn 0.18606 0.03954 -0.98174
vn 0.42878 0.06591 -0.90100
vn 0.41416 0.14656 -0.89833
vn 0.03530 0.23413 -0.97157
vn -0.41453 0.16184 -0.89553
vn -0.45236 0.07420 -0.88875
vn -0.19043 0.04057 -0.98086
vn -0.11702 0.03750 -0.99242
vn -0.29995 0.04995 -0.95265
vn -0.43372 0.06151 -0.89894
vn -0.52040 0.07126 -0.85094
vn -0.60727 0.08185 -0.79027
vn -0.69638 0.09310 -0.71161
vn -0.78485 0.10432 -0.61084
vn -0.86734 0.11440 -0.48439
vn -0.93574 0.12182 -0.33099
vn -0.98013 0.12483 -0.15412
vn -0.99186 0.12203 0.03642
vn -0.96755 0.11296 0.22602
vn -0.91120 0.09845 0.40004
vn -0.83214 0.08017 0.54874
vn -0.74092 0.05995 0.66892
vn -0.64608 0.03930 0.76226
vn -0.55319 0.01927 0.83283
vn -0.46521 0.00049 0.88520
vn -0.38337 -0.01661 0.92345
vn -0.30783 -0.03174 0.95091
vn -0.23818 -0.04463 0.97019
vn -0.17364 -0.05503 0.98327
vn -0.11317 -0.06270 0.99159
vn -0.05557 -0.06742 0.99618
vn 0.00056 -0.06903 0.99761
vn 0.05665 -0.06749 0.99611
vn 0.11414 -0.06284 0.99148
vn 0.17443 -0.05523 0.98312
vn 0.23876 -0.04488 0.97004
vn 0.30817 -0.03203 0.95079
vn 0.38344 -0.01694 0.92341
vn 0.46504 0.00013 0.88529
vn 0.55280 0.01888 0.83310
vn 0.64552 0.03891 0.76276
vn 0.74025 0.05955 0.66969
vn 0.83147 0.07979 0.54981
vn 0.91065 0.09812 0.40136
vn 0.96724 0.11270 0.22749
vn 0.98354 0.11895 0.13604
vn 0.99112 0.12093 -0.05522
vn 0.98143 0.12139 -0.14855
vn 0.93690 0.11882 -0.32879
vn 0.86761 0.11173 -0.48453
vn 0.78406 0.10193 -0.61226
vn 0.69473 0.09096 -0.71349
vn 0.60509 0.07996 -0.79213
vn 0.51800 0.06962 -0.85254
vn 0.43138 0.06011 -0.90017
vn 0.29831 0.04884 -0.95322
vn 0.11658 0.03672 -0.99250
vn 0.19067 0.03971 -0.98085
vn 0.47169 0.06784 -0.87915
vn 0.47634 0.11006 -0.87235
vn 0.01325 0.11122 -0.99371
vn -0.47857 0.04910 -0.87668
vn -0.48083 0.03586 -0.87608
vn -0.19274 0.03634 -0.98058
vn -0.11624 0.03669 -0.99254
vn -0.29788 0.04890 -0.95335
vn -0.43110 0.06016 -0.90029
vn -0.51769 0.06967 -0.85273
vn -0.60472 0.08001 -0.79241
vn -0.69431 0.09101 -0.71390
vn -0.78359 0.10197 -0.61285
vn -0.86714 0.11178 -0.48536
vn -0.93650 0.11888 -0.32990
vn -0.98121 0.12147 -0.14991
vn -0.99201 0.11811 0.04430
vn -0.96540 0.10837 0.23718
vn -0.90584 0.09315 0.41324
vn -0.82349 0.07425 0.56245
vn -0.72953 0.05356 0.68185
vn -0.63282 0.03258 0.77362
vn -0.53893 0.01232 0.84226
vn -0.45077 -0.00664 0.89262
vn -0.36943 -0.02391 0.92895
vn -0.29502 -0.03921 0.95468
vn -0.22706 -0.05231 0.97247
vn -0.16473 -0.06292 0.98433
vn -0.10692 -0.07077 0.99175
vn -0.05233 -0.07562 0.99576
vn 0.00060 -0.07726 0.99701
vn 0.05350 -0.07565 0.99570
vn 0.10797 -0.07084 0.99163
vn 0.16559 -0.06301 0.98418
vn 0.22769 -0.05241 0.97232
vn 0.29539 -0.03933 0.95457
vn 0.36953 -0.02404 0.92891
vn 0.45060 -0.00679 0.89270
vn 0.53853 0.01215 0.84252
vn 0.63223 0.03240 0.77411
vn 0.72882 0.05336 0.68262
vn 0.82277 0.07405 0.56352
vn 0.90525 0.09296 0.41458
vn 0.96505 0.10820 0.23869
vn 0.98273 0.11386 0.14589
vn 0.99247 0.11232 -0.04889
vn 0.98321 0.11210 -0.14402
vn 0.93839 0.11008 -0.32758
vn 0.86806 0.10366 -0.48552
vn 0.78335 0.09460 -0.61434
vn 0.69311 0.08443 -0.71587
vn 0.60290 0.07421 -0.79436
vn 0.51559 0.06461 -0.85440
vn 0.42900 0.05580 -0.90158
vn 0.29640 0.04535 -0.95399
vn 0.11577 0.03405 -0.99269
vn 0.18972 0.03349 -0.98127
vn 0.46895 0.02124 -0.88297
vn 0.44998 -0.06023 -0.89101
vn -0.03369 -0.16382 -0.98592
vn -0.44681 -0.09902 -0.88913
vn -0.44637 0.00048 -0.89485
vn -0.18682 0.03118 -0.98190
vn -0.11534 0.03413 -0.99274
vn -0.29600 0.04550 -0.95410
vn -0.42874 0.05592 -0.90169
vn -0.51530 0.06474 -0.85456
vn -0.60255 0.07433 -0.79461
vn -0.69270 0.08454 -0.71625
vn -0.78290 0.09471 -0.61490
vn -0.86760 0.10375 -0.48632
vn -0.93801 0.11015 -0.32865
vn -0.98300 0.11214 -0.14535
vn -0.99272 0.10831 0.05272
vn -0.96352 0.09829 0.24895
vn -0.90045 0.08304 0.42697
vn -0.81456 0.06438 0.57649
vn -0.71775 0.04417 0.69490
vn -0.61912 0.02381 0.78493
vn -0.52426 0.00422 0.85155
vn -0.43592 -0.01408 0.89988
vn -0.35510 -0.03079 0.93432
vn -0.28182 -0.04565 0.95838
vn -0.21557 -0.05844 0.97474
vn -0.15548 -0.06886 0.98544
vn -0.10042 -0.07662 0.99199
vn -0.04896 -0.08142 0.99548
vn 0.00063 -0.08304 0.99655
vn 0.05019 -0.08141 0.99542
vn 0.10152 -0.07660 0.99188
vn 0.15638 -0.06882 0.98530
vn 0.21622 -0.05838 0.97460
vn 0.28221 -0.04557 0.95827
vn 0.35521 -0.03069 0.93428
vn 0.43577 -0.01398 0.89995
vn 0.52387 0.00431 0.85179
vn 0.61854 0.02389 0.78539
vn 0.71704 0.04421 0.69563
vn 0.81384 0.06440 0.57752
vn 0.89983 0.08304 0.42827
vn 0.96314 0.09826 0.25042
vn 0.98233 0.10311 0.15618
vn 0.99427 0.09822 -0.04230
vn 0.98545 0.09735 -0.13935
vn 0.94040 0.09601 -0.32624
vn 0.86903 0.09059 -0.48640
vn 0.78313 0.08274 -0.61633
vn 0.69194 0.07385 -0.71817
vn 0.60114 0.06492 -0.79650
vn 0.51356 0.05653 -0.85619
vn 0.42696 0.04883 -0.90295
vn 0.29472 0.03968 -0.95476
vn 0.11489 0.02976 -0.99293
vn 0.18205 0.02702 -0.98292
vn 0.41488 -0.00254 -0.90987
vn 0.36293 -0.08821 -0.92763
vn -0.02604 -0.12223 -0.99216
vn -0.36189 -0.02949 -0.93175
vn -0.39652 0.02699 -0.91763
vn -0.17990 0.02994 -0.98323
vn -0.11453 0.03004 -0.99297
vn -0.29437 0.03992 -0.95486
vn -0.42673 0.04902 -0.90305
vn -0.51330 0.05672 -0.85633
vn -0.60083 0.06511 -0.79672
vn -0.69157 0.07403 -0.71850
vn -0.78272 0.08289 -0.61683
vn -0.86861 0.09070 -0.48713
vn -0.94005 0.09606 -0.32723
vn -0.98527 0.09734 -0.14059
vn -0.99376 0.09323 0.06131
vn -0.96178 0.08344 0.26079
vn -0.89507 0.06894 0.44056
vn -0.80563 0.05148 0.59018
vn -0.70600 0.03276 0.70745
vn -0.60555 0.01402 0.79569
vn -0.50977 -0.00396 0.86030
vn -0.42128 -0.02078 0.90669
vn -0.34096 -0.03619 0.93938
vn -0.26877 -0.04998 0.96191
vn -0.20416 -0.06193 0.97698
vn -0.14627 -0.07175 0.98664
vn -0.09392 -0.07912 0.99243
vn -0.04560 -0.08369 0.99545
vn 0.00063 -0.08522 0.99636
vn 0.04684 -0.08363 0.99540
vn 0.09502 -0.07900 0.99234
vn 0.14716 -0.07157 0.98652
vn 0.20481 -0.06168 0.97686
vn 0.26915 -0.04968 0.96182
vn 0.34108 -0.03585 0.93935
vn 0.42115 -0.02042 0.90676
vn 0.50940 -0.00359 0.86052
vn 0.60499 0.01438 0.79610
vn 0.70533 0.03308 0.70811
vn 0.80492 0.05175 0.59112
vn 0.89446 0.06915 0.44176
vn 0.96140 0.08358 0.26216
vn 0.98218 0.08739 0.16641
vn 0.99620 0.07939 -0.03574
vn 0.98781 0.07789 -0.13475
vn 0.94263 0.07727 -0.32479
vn 0.87030 0.07314 -0.48706
vn 0.78329 0.06690 -0.61804
vn 0.69120 0.05975 -0.72019
vn 0.59982 0.05254 -0.79841
vn 0.51196 0.04577 -0.85779
vn 0.42531 0.03954 -0.90418
vn 0.29335 0.03213 -0.95546
vn 0.11423 0.02418 -0.99316
vn 0.17841 0.02453 -0.98365
vn 0.39199 0.02721 -0.91957
vn 0.34060 0.02545 -0.93986
vn 0.00032 0.02492 -0.99969
vn -0.34032 0.02554 -0.93996
vn -0.39205 0.02723 -0.91954
vn -0.17886 0.02442 -0.98357
vn -0.11398 0.02445 -0.99318
vn -0.29307 0.03244 -0.95554
vn -0.42513 0.03979 -0.90426
vn -0.51174 0.04602 -0.85791
vn -0.59956 0.05279 -0.79859
vn -0.69089 0.05998 -0.72047
vn -0.78294 0.06708 -0.61847
vn -0.86994 0.07326 -0.48768
vn -0.94233 0.07731 -0.32564
vn -0.98767 0.07782 -0.13583
vn -0.99485 0.07369 0.06966
vn -0.96009 0.06473 0.27208
vn -0.88984 0.05185 0.45331
vn -0.79703 0.03657 0.60282
vn -0.69483 0.02035 0.71889
vn -0.59272 0.00420 0.80540
vn -0.49614 -0.01130 0.86817
vn -0.40754 -0.02584 0.91282
vn -0.32767 -0.03924 0.94398
vn -0.25645 -0.05134 0.96519
vn -0.19334 -0.06193 0.97917
vn -0.13750 -0.07072 0.98797
vn -0.08772 -0.07737 0.99314
vn -0.04240 -0.08152 0.99577
vn 0.00060 -0.08288 0.99656
vn 0.04358 -0.08141 0.99573
vn 0.08876 -0.07715 0.99306
vn 0.13834 -0.07039 0.98788
vn 0.19396 -0.06150 0.97908
vn 0.25682 -0.05082 0.96512
vn 0.32780 -0.03865 0.94396
vn 0.40743 -0.02521 0.91289
vn 0.49582 -0.01065 0.86836
vn 0.59223 0.00484 0.80575
vn 0.69422 0.02095 0.71946
vn 0.79640 0.03711 0.60364
vn 0.88928 0.05228 0.45436
vn 0.95973 0.06505 0.27328
vn 0.98206 0.06758 0.17603
vn 0.99795 0.05679 -0.02957
vn 0.98994 0.05470 -0.13045
vn 0.94473 0.05478 -0.32325
vn 0.87163 0.05214 -0.48739
vn 0.78368 0.04784 -0.61932
vn 0.69081 0.04281 -0.72177
vn 0.59893 0.03768 -0.79992
vn 0.51081 0.03284 -0.85907
vn 0.42410 0.02839 -0.90517
vn 0.29232 0.02306 -0.95604
vn 0.11377 0.01736 -0.99336
vn 0.17779 0.01771 -0.98391
vn 0.39068 0.01961 -0.92032
vn 0.33934 0.01834 -0.94048
vn 0.00023 0.01798 -0.99984
vn -0.33914 0.01845 -0.94056
vn -0.39072 0.01964 -0.92030
vn -0.17811 0.01757 -0.98385
vn -0.11359 0.01768 -0.99337
vn -0.29211 0.02343 -0.95610
vn -0.42396 0.02868 -0.90523
vn -0.51065 0.03314 -0.85915
vn -0.59873 0.03797 -0.80005
vn -0.69057 0.04307 -0.72198
vn -0.78341 0.04805 -0.61965
vn -0.87135 0.05226 -0.48787
vn -0.94449 0.05479 -0.32393
vn -0.98984 0.05455 -0.13132
vn -0.99572 0.05072 0.07728
vn -0.95839 0.04322 0.28215
vn -0.88497 0.03280 0.46450
vn -0.78922 0.02065 0.61376
vn -0.68481 0.00785 0.72868
vn -0.58133 -0.00486 0.81365
vn -0.48409 -0.01710 0.87485
vn -0.39539 -0.02866 0.91807
vn -0.31591 -0.03942 0.94797
vn -0.24551 -0.04925 0.96814
vn -0.18369 -0.05797 0.98127
vn -0.12962 -0.06531 0.98941
vn -0.08213 -0.07091 0.99410
vn -0.03953 -0.07442 0.99644
vn 0.00053 -0.07555 0.99714
vn 0.04059 -0.07426 0.99641
vn 0.08306 -0.07059 0.99404
vn 0.13037 -0.06484 0.98934
vn 0.18423 -0.05737 0.98121
vn 0.24584 -0.04853 0.96809
vn 0.31603 -0.03860 0.94796
vn 0.39531 -0.02777 0.91813
vn 0.48383 -0.01618 0.87501
vn 0.58093 -0.00395 0.81394
vn 0.68431 0.00872 0.72914
vn 0.78869 0.02143 0.61441
vn 0.88450 0.03346 0.46534
vn 0.95809 0.04372 0.28312
vn 0.98182 0.04475 0.18445
vn 0.99921 0.03158 -0.02416
vn 0.99152 0.02891 -0.12674
vn 0.94638 0.02964 -0.32169
vn 0.87276 0.02860 -0.48731
vn 0.78413 0.02647 -0.62003
vn 0.69069 0.02382 -0.72276
vn 0.59843 0.02103 -0.80090
vn 0.51011 0.01837 -0.85992
vn 0.42333 0.01591 -0.90583
vn 0.29165 0.01290 -0.95644
vn 0.11346 0.00971 -0.99350
vn 0.17749 0.01019 -0.98407
vn 0.39232 0.01756 -0.91966
vn 0.35687 0.07027 -0.93151
vn 0.02528 0.15930 -0.98691
vn -0.35657 0.12728 -0.92556
vn -0.40957 0.04676 -0.91108
vn -0.18024 0.01308 -0.98354
vn -0.11342 0.01013 -0.99350
vn -0.29153 0.01330 -0.95647
vn -0.42325 0.01622 -0.90587
vn -0.51001 0.01870 -0.85997
vn -0.59831 0.02135 -0.80098
vn -0.69054 0.02410 -0.72289
vn -0.78395 0.02670 -0.62024
vn -0.87257 0.02873 -0.48764
vn -0.94622 0.02961 -0.32215
vn -0.99145 0.02870 -0.12733
vn -0.99617 0.02551 0.08367
vn -0.95670 0.02005 0.29037
vn -0.88072 0.01282 0.47346
vn -0.78267 0.00458 0.62242
vn -0.67656 -0.00404 0.73638
vn -0.57204 -0.01262 0.82013
vn -0.47429 -0.02097 0.88012
vn -0.38552 -0.02898 0.92224
vn -0.30632 -0.03657 0.95123
vn -0.23655 -0.04365 0.97064
vn -0.17573 -0.05005 0.98316
vn -0.12311 -0.05552 0.99084
vn -0.07749 -0.05977 0.99520
vn -0.03718 -0.06243 0.99736
vn 0.00042 -0.06325 0.99800
vn 0.03805 -0.06222 0.99734
vn 0.07825 -0.05936 0.99517
vn 0.12371 -0.05493 0.99080
vn 0.17618 -0.04929 0.98312
vn 0.23682 -0.04275 0.97061
vn 0.30643 -0.03555 0.95123
vn 0.38548 -0.02788 0.92230
vn 0.47412 -0.01983 0.88024
vn 0.57176 -0.01149 0.82034
vn 0.67621 -0.00294 0.73671
vn 0.78229 0.00558 0.62288
vn 0.88039 0.01367 0.47406
vn 0.95648 0.02070 0.29105
vn 0.98137 0.02004 0.19110
vn 0.99971 0.01352 -0.01990
vn 0.99220 0.01456 -0.12381
vn 0.94724 0.01537 -0.32017
vn 0.87339 0.01520 -0.48679
vn 0.78442 0.01439 -0.62007
vn 0.69068 0.01325 -0.72304
vn 0.59821 0.01200 -0.80125
vn 0.50978 0.01079 -0.86024
vn 0.42297 0.00965 -0.90609
vn 0.29133 0.00822 -0.95659
vn 0.11344 0.00672 -0.99352
vn 0.18274 0.01007 -0.98311
vn 0.43700 0.04517 -0.89833
vn 0.43511 0.14236 -0.88905
vn 0.03372 0.20978 -0.97717
vn -0.43828 0.10865 -0.89225
vn -0.46025 0.02724 -0.88737
vn -0.18642 0.00812 -0.98244
vn -0.11346 0.00679 -0.99352
vn -0.29126 0.00839 -0.95661
vn -0.42292 0.00979 -0.90611
vn -0.50972 0.01093 -0.86027
vn -0.59814 0.01214 -0.80130
vn -0.69059 0.01335 -0.72312
vn -0.78431 0.01444 -0.62020
vn -0.87328 0.01518 -0.48699
vn -0.94714 0.01524 -0.32045
vn -0.99216 0.01427 -0.12418
vn -0.99602 0.01205 0.08835
vn -0.95509 0.00859 0.29619
vn -0.87742 0.00420 0.47971
vn -0.77786 -0.00072 0.62843
vn -0.67065 -0.00584 0.74175
vn -0.56544 -0.01096 0.82472
vn -0.46735 -0.01598 0.88393
vn -0.37851 -0.02086 0.92536
vn -0.29947 -0.02557 0.95376
vn -0.23011 -0.03003 0.97270
vn -0.16998 -0.03413 0.98486
vn -0.11837 -0.03768 0.99225
vn -0.07413 -0.04046 0.99643
vn -0.03552 -0.04219 0.99848
vn 0.00027 -0.04268 0.99909
vn 0.03612 -0.04198 0.99847
vn 0.07465 -0.04005 0.99641
vn 0.11879 -0.03709 0.99223
vn 0.17028 -0.03339 0.98483
vn 0.23029 -0.02917 0.97268
vn 0.29954 -0.02462 0.95377
vn 0.37848 -0.01986 0.92540
vn 0.46724 -0.01495 0.88401
vn 0.56526 -0.00994 0.82486
vn 0.67042 -0.00487 0.74196
vn 0.77762 0.00016 0.62873
vn 0.87720 0.00496 0.48009
vn 0.95495 0.00920 0.29662
vn 0.98062 0.01133 0.19558
vn 0.99938 0.03093 -0.01709
vn 0.99171 0.04061 -0.12189
vn 0.94694 0.03995 -0.31891
vn 0.87312 0.03804 -0.48602
vn 0.78411 0.03546 -0.61960
vn 0.69034 0.03266 -0.72275
vn 0.59786 0.02995 -0.80104
vn 0.50945 0.02748 -0.86006
vn 0.42268 0.02526 -0.90593
vn 0.29115 0.02257 -0.95641
vn 0.11352 0.01936 -0.99335
vn 0.18710 0.02039 -0.98213
vn 0.47005 0.02863 -0.88217
vn 0.46967 0.01715 -0.88267
vn -0.00969 -0.03948 -0.99917
vn -0.46876 -0.04660 -0.88209
vn -0.46377 -0.00454 -0.88595
vn -0.18642 0.01695 -0.98232
vn -0.11331 0.01884 -0.99338
vn -0.29096 0.02220 -0.95648
vn -0.42257 0.02500 -0.90598
vn -0.50934 0.02721 -0.86014
vn -0.59774 0.02966 -0.80114
vn -0.69021 0.03235 -0.72289
vn -0.78398 0.03514 -0.61979
vn -0.87299 0.03771 -0.48627
vn -0.94685 0.03962 -0.31924
vn -0.99168 0.04028 -0.12229
vn -0.99508 0.03922 0.09096
vn -0.95346 0.03636 0.29933
vn -0.87500 0.03210 0.48305
vn -0.77477 0.02707 0.63166
vn -0.66706 0.02188 0.74468
vn -0.56154 0.01689 0.82727
vn -0.46331 0.01228 0.88611
vn -0.37445 0.00814 0.92721
vn -0.29552 0.00446 0.95533
vn -0.22639 0.00126 0.97403
vn -0.16667 -0.00145 0.98601
vn -0.11566 -0.00365 0.99328
vn -0.07223 -0.00526 0.99737
vn -0.03466 -0.00620 0.99938
vn 0.00009 -0.00641 0.99998
vn 0.03493 -0.00603 0.99937
vn 0.07244 -0.00494 0.99736
vn 0.11581 -0.00321 0.99327
vn 0.16676 -0.00093 0.98600
vn 0.22642 0.00183 0.97403
vn 0.29548 0.00504 0.95534
vn 0.37435 0.00870 0.92725
vn 0.46316 0.01282 0.88618
vn 0.56135 0.01738 0.82739
vn 0.66684 0.02232 0.74487
vn 0.77454 0.02748 0.63193
vn 0.87480 0.03246 0.48339
vn 0.95332 0.03671 0.29974
vn 0.97911 0.04764 0.19769
vn 0.99618 0.08583 -0.01594
vn 0.98812 0.09464 -0.12109
vn 0.94372 0.09134 -0.31789
vn 0.87035 0.08584 -0.48489
vn 0.78180 0.07932 -0.61847
vn 0.68843 0.07266 -0.72165
vn 0.59630 0.06641 -0.80001
vn 0.50818 0.06081 -0.85910
vn 0.42168 0.05585 -0.90502
vn 0.29057 0.04983 -0.95556
vn 0.11331 0.04260 -0.99265
vn 0.18321 0.04025 -0.98225
vn 0.44192 0.01384 -0.89695
vn 0.40969 -0.08111 -0.90861
vn -0.03332 -0.15892 -0.98673
vn -0.40783 -0.07054 -0.91033
vn -0.41876 0.01935 -0.90789
vn -0.18044 0.04084 -0.98274
vn -0.11281 0.04216 -0.99272
vn -0.29016 0.04945 -0.95570
vn -0.42147 0.05559 -0.90514
vn -0.50797 0.06053 -0.85925
vn -0.59608 0.06610 -0.80020
vn -0.68819 0.07234 -0.72191
vn -0.78156 0.07899 -0.61881
vn -0.87014 0.08550 -0.48533
vn -0.94357 0.09100 -0.31841
vn -0.98808 0.09430 -0.12168
vn -0.99134 0.09437 0.09128
vn -0.94979 0.09096 0.29937
vn -0.87159 0.08480 0.48285
vn -0.77169 0.07720 0.63130
vn -0.66433 0.06938 0.74421
vn -0.55914 0.06216 0.82674
vn -0.46120 0.05595 0.88553
vn -0.37261 0.05090 0.92659
vn -0.29393 0.04700 0.95467
vn -0.22506 0.04415 0.97334
vn -0.16560 0.04221 0.98529
vn -0.11487 0.04101 0.99253
vn -0.07176 0.04038 0.99660
vn -0.03459 0.04016 0.99859
vn -0.00013 0.04025 0.99919
vn 0.03448 0.04034 0.99859
vn 0.07162 0.04070 0.99660
vn 0.11471 0.04146 0.99253
vn 0.16543 0.04274 0.98529
vn 0.22489 0.04473 0.97336
vn 0.29374 0.04760 0.95470
vn 0.37240 0.05149 0.92664
vn 0.46096 0.05650 0.88562
vn 0.55887 0.06266 0.82688
vn 0.66403 0.06983 0.74443
vn 0.77139 0.07761 0.63162
vn 0.87131 0.08518 0.48328
vn 0.94959 0.09131 0.29990
vn 0.97501 0.10239 0.19716
vn 0.99008 0.13954 -0.01653
vn 0.98166 0.14687 -0.12158
vn 0.93776 0.14103 -0.31737
vn 0.86520 0.13212 -0.48371
vn 0.77751 0.12185 -0.61695
vn 0.68494 0.11152 -0.72001
vn 0.59349 0.10189 -0.79837
vn 0.50592 0.09333 -0.85752
vn 0.41990 0.08575 -0.90351
vn 0.28947 0.07655 -0.95412
vn 0.11286 0.06554 -0.99145
vn 0.17707 0.06396 -0.98212
vn 0.39905 0.04884 -0.91563
vn 0.34935 -0.00030 -0.93699
vn -0.01400 -0.01747 -0.99975
vn -0.34735 0.03444 -0.93710
vn -0.38856 0.06647 -0.91902
vn -0.17670 0.06582 -0.98206
vn -0.11218 0.06515 -0.99155
vn -0.28885 0.07619 -0.95434
vn -0.41958 0.08551 -0.90368
vn -0.50561 0.09306 -0.85773
vn -0.59315 0.10160 -0.79865
vn -0.68460 0.11121 -0.72039
vn -0.77718 0.12153 -0.61743
vn -0.86491 0.13179 -0.48431
vn -0.93757 0.14069 -0.31808
vn -0.98161 0.14653 -0.12235
vn -0.98497 0.14776 0.08942
vn -0.94414 0.14394 0.29644
vn -0.86708 0.13611 0.47922
vn -0.76843 0.12619 0.62737
vn -0.66222 0.11600 0.74028
vn -0.55799 0.10677 0.82295
vn -0.46081 0.09914 0.88194
vn -0.37281 0.09332 0.92320
vn -0.29458 0.08928 0.95145
vn -0.22600 0.08683 0.97025
vn -0.16669 0.08568 0.98228
vn -0.11595 0.08548 0.98957
vn -0.07268 0.08581 0.99366
vn -0.03528 0.08630 0.99564
vn -0.00035 0.08667 0.99624
vn 0.03482 0.08648 0.99564
vn 0.07220 0.08612 0.99367
vn 0.11549 0.08591 0.98959
vn 0.16628 0.08619 0.98230
vn 0.22563 0.08739 0.97029
vn 0.29423 0.08986 0.95150
vn 0.37249 0.09390 0.92328
vn 0.46048 0.09969 0.88205
vn 0.55765 0.10728 0.82312
vn 0.66186 0.11646 0.74053
vn 0.76806 0.12660 0.62774
vn 0.86674 0.13649 0.47973
vn 0.94388 0.14429 0.29709
vn 0.96869 0.15485 0.19407
vn 0.98176 0.18917 -0.01881
vn 0.97305 0.19483 -0.12336
vn 0.92972 0.18669 -0.31745
vn 0.85821 0.17474 -0.48264
vn 0.77169 0.16114 -0.61524
vn 0.68020 0.14755 -0.71802
vn 0.58966 0.13492 -0.79630
vn 0.50285 0.12371 -0.85548
vn 0.41748 0.11381 -0.90153
vn 0.28794 0.10175 -0.95223
vn 0.11232 0.08734 -0.98983
vn 0.17441 0.08772 -0.98076
vn 0.38478 0.09332 -0.91828
vn 0.33451 0.09312 -0.93778
vn 0.00117 0.09581 -0.99540
vn -0.33365 0.09339 -0.93806
vn -0.38510 0.09359 -0.91812
vn -0.17593 0.08785 -0.98048
vn -0.11149 0.08692 -0.98996
vn -0.28713 0.10140 -0.95251
vn -0.41706 0.11358 -0.90175
vn -0.50244 0.12347 -0.85575
vn -0.58923 0.13465 -0.79667
vn -0.67976 0.14726 -0.71850
vn -0.77128 0.16084 -0.61585
vn -0.85785 0.17442 -0.48339
vn -0.92948 0.18638 -0.31831
vn -0.97299 0.19452 -0.12428
vn -0.97669 0.19689 0.08555
vn -0.93712 0.19289 0.29085
vn -0.86194 0.18380 0.47253
vn -0.76530 0.17203 0.62026
vn -0.66091 0.15991 0.73323
vn -0.55816 0.14905 0.81623
vn -0.46214 0.14027 0.87564
vn -0.37500 0.13385 0.91731
vn -0.29734 0.12974 0.94591
vn -0.22908 0.12768 0.96500
vn -0.16979 0.12725 0.97723
vn -0.11876 0.12790 0.98465
vn -0.07488 0.12905 0.98881
vn -0.03668 0.13015 0.99082
vn -0.00055 0.13077 0.99141
vn 0.03590 0.13031 0.99082
vn 0.07409 0.12932 0.98883
vn 0.11803 0.12827 0.98469
vn 0.16916 0.12770 0.97728
vn 0.22854 0.12818 0.96506
vn 0.29686 0.13027 0.94599
vn 0.37456 0.13438 0.91741
vn 0.46173 0.14078 0.87578
vn 0.55776 0.14952 0.81643
vn 0.66049 0.16035 0.73351
vn 0.76488 0.17242 0.62067
vn 0.86155 0.18415 0.47310
vn 0.93682 0.19321 0.29160
vn 0.96084 0.20294 0.18869
vn 0.97209 0.23350 -0.02259
vn 0.96316 0.23741 -0.12629
vn 0.92038 0.22727 -0.31819
vn 0.85004 0.21273 -0.48184
vn 0.76486 0.19633 -0.61355
vn 0.67461 0.17998 -0.71590
vn 0.58513 0.16481 -0.79402
vn 0.49920 0.15136 -0.85316
vn 0.41459 0.13948 -0.89925
vn 0.28609 0.12496 -0.95002
vn 0.11169 0.10756 -0.98790
vn 0.17318 0.10815 -0.97893
vn 0.38320 0.11723 -0.91619
vn 0.33807 0.13563 -0.93130
vn 0.00976 0.16981 -0.98543
vn -0.33671 0.15556 -0.92867
vn -0.38899 0.12763 -0.91236
vn -0.17585 0.10939 -0.97832
vn -0.11070 0.10719 -0.98806
vn -0.28511 0.12464 -0.95036
vn -0.41409 0.13928 -0.89951
vn -0.49871 0.15115 -0.85349
vn -0.58462 0.16457 -0.79444
vn -0.67409 0.17972 -0.71645
vn -0.76437 0.19605 -0.61425
vn -0.84963 0.21245 -0.48270
vn -0.92011 0.22699 -0.31917
vn -0.96310 0.23713 -0.12733
vn -0.96733 0.24059 0.07999
vn -0.92944 0.23664 0.28308
vn -0.85668 0.22672 0.46335
vn -0.76262 0.21362 0.61056
vn -0.66053 0.20006 0.72365
vn -0.55966 0.18796 0.80713
vn -0.46507 0.17829 0.86713
vn -0.37897 0.17142 0.90940
vn -0.30198 0.16727 0.93853
vn -0.23401 0.16550 0.95804
vn -0.17460 0.16559 0.97062
vn -0.12300 0.16686 0.97828
vn -0.07812 0.16859 0.98259
vn -0.03865 0.17012 0.98467
vn -0.00073 0.17092 0.98528
vn 0.03761 0.17025 0.98468
vn 0.07708 0.16879 0.98263
vn 0.12205 0.16715 0.97835
vn 0.17378 0.16594 0.97070
vn 0.23331 0.16590 0.95815
vn 0.30138 0.16771 0.93864
vn 0.37844 0.17187 0.90953
vn 0.46459 0.17874 0.86730
vn 0.55920 0.18837 0.80735
vn 0.66007 0.20045 0.72397
vn 0.76216 0.21396 0.61101
vn 0.85626 0.22703 0.46399
vn 0.92912 0.23692 0.28392
vn 0.95224 0.24555 0.18148
vn 0.96200 0.27167 -0.02761
vn 0.95293 0.27381 -0.13021
vn 0.91061 0.26202 -0.31960
vn 0.84141 0.24540 -0.48146
vn 0.75759 0.22675 -0.61208
vn 0.66862 0.20821 -0.71386
vn 0.58025 0.19102 -0.79172
vn 0.49526 0.17578 -0.85078
vn 0.41146 0.16232 -0.89686
vn 0.28405 0.14580 -0.94766
vn 0.11102 0.12594 -0.98581
vn 0.17364 0.12796 -0.97646
vn 0.39683 0.15345 -0.90497
vn 0.37353 0.23321 -0.89782
vn 0.03255 0.33392 -0.94204
vn -0.37062 0.27019 -0.88862
vn -0.41829 0.17357 -0.89158
vn -0.17903 0.13043 -0.97516
vn -0.10994 0.12563 -0.98597
vn -0.28294 0.14552 -0.94804
vn -0.41089 0.16216 -0.89715
vn -0.49470 0.17560 -0.85114
vn -0.57967 0.19081 -0.79219
vn -0.66803 0.20798 -0.71448
vn -0.75703 0.22652 -0.61286
vn -0.84094 0.24515 -0.48241
vn -0.91030 0.26177 -0.32068
vn -0.95284 0.27358 -0.13135
vn -0.95778 0.27803 0.07314
vn -0.92185 0.27433 0.27374
vn -0.85184 0.26399 0.45242
vn -0.76068 0.25006 0.59903
vn -0.66119 0.23554 0.71229
vn -0.56242 0.22257 0.79633
vn -0.46942 0.21228 0.85708
vn -0.38444 0.20505 0.90009
vn -0.30813 0.20082 0.92991
vn -0.24038 0.19918 0.95002
vn -0.18070 0.19954 0.96308
vn -0.12830 0.20114 0.97112
vn -0.08211 0.20316 0.97570
vn -0.04103 0.20492 0.97792
vn -0.00088 0.20586 0.97858
vn 0.03982 0.20502 0.97795
vn 0.08087 0.20329 0.97577
vn 0.12716 0.20133 0.97123
vn 0.17972 0.19978 0.96322
vn 0.23955 0.19947 0.95017
vn 0.30742 0.20114 0.93007
vn 0.38383 0.20540 0.90027
vn 0.46888 0.21262 0.85729
vn 0.56191 0.22291 0.79660
vn 0.66069 0.23585 0.71264
vn 0.76020 0.25034 0.59953
vn 0.85139 0.26424 0.45311
vn 0.92152 0.27455 0.27464
vn 0.94372 0.28190 0.17297
vn 0.95236 0.30311 -0.03355
vn 0.94322 0.30355 -0.13491
vn 0.90120 0.29047 -0.32166
vn 0.83302 0.27230 -0.48160
vn 0.75044 0.25200 -0.61101
vn 0.66268 0.23183 -0.71211
vn 0.57538 0.21315 -0.78962
vn 0.49128 0.19660 -0.84852
vn 0.40828 0.18199 -0.89453
vn 0.28196 0.16396 -0.94531
vn 0.11041 0.14222 -0.98366
vn 0.17814 0.14670 -0.97301
vn 0.44001 0.18654 -0.87841
vn 0.44062 0.25492 -0.86074
vn 0.02202 0.28864 -0.95718
vn -0.44633 0.19530 -0.87330
vn -0.45697 0.15434 -0.87599
vn -0.18275 0.14357 -0.97262
vn -0.10919 0.14182 -0.98385
vn -0.28074 0.16372 -0.94572
vn -0.40765 0.18187 -0.89484
vn -0.49067 0.19647 -0.84891
vn -0.57474 0.21300 -0.79013
vn -0.66204 0.23165 -0.71277
vn -0.74983 0.25180 -0.61184
vn -0.83250 0.27210 -0.48261
vn -0.90085 0.29028 -0.32281
vn -0.94310 0.30337 -0.13611
vn -0.94890 0.30870 0.06543
vn -0.91506 0.30538 0.26346
vn -0.84791 0.29498 0.44050
vn -0.75976 0.28065 0.58651
vn -0.66295 0.26560 0.69996
vn -0.56635 0.25210 0.78466
vn -0.47497 0.24138 0.84625
vn -0.39109 0.23388 0.89014
vn -0.31539 0.22950 0.92079
vn -0.24776 0.22782 0.94165
vn -0.18766 0.22820 0.95536
vn -0.13425 0.22982 0.96393
vn -0.08655 0.23186 0.96889
vn -0.04368 0.23367 0.97134
vn -0.00100 0.23469 0.97207
vn 0.04237 0.23374 0.97138
vn 0.08518 0.23192 0.96900
vn 0.13300 0.22990 0.96408
vn 0.18657 0.22832 0.95554
vn 0.24683 0.22798 0.94186
vn 0.31461 0.22970 0.92101
vn 0.39042 0.23410 0.89038
vn 0.47438 0.24162 0.84651
vn 0.56581 0.25233 0.78498
vn 0.66244 0.26582 0.70037
vn 0.75927 0.28085 0.58706
vn 0.84746 0.29515 0.44124
vn 0.91473 0.30554 0.26442
vn 0.93604 0.31148 0.16371
vn 0.94398 0.32756 -0.04009
vn 0.93479 0.32640 -0.14015
vn 0.89287 0.31240 -0.32434
vn 0.82546 0.29318 -0.48235
vn 0.74392 0.27180 -0.61049
vn 0.65720 0.25059 -0.71084
vn 0.57083 0.23096 -0.78792
vn 0.48754 0.21358 -0.84658
vn 0.40525 0.19823 -0.89246
vn 0.27995 0.17920 -0.94314
vn 0.10971 0.15600 -0.98165
vn 0.17860 0.15710 -0.97130
vn 0.45025 0.15455 -0.87943
vn 0.44155 0.07939 -0.89372
vn -0.02751 -0.02730 -0.99925
vn -0.44049 0.01704 -0.89760
vn -0.43307 0.12292 -0.89294
vn -0.17817 0.15371 -0.97192
vn -0.10828 0.15563 -0.98186
vn -0.27864 0.17901 -0.94357
vn -0.40458 0.19815 -0.89278
vn -0.48688 0.21349 -0.84698
vn -0.57014 0.23085 -0.78845
vn -0.65651 0.25046 -0.71152
vn -0.74327 0.27165 -0.61136
vn -0.82490 0.29303 -0.48339
vn -0.89248 0.31226 -0.32553
vn -0.93464 0.32628 -0.14140
vn -0.94142 0.33233 0.05731
vn -0.90967 0.32947 0.25288
vn -0.84533 0.31926 0.42836
vn -0.76010 0.30489 0.57383
vn -0.66589 0.28965 0.68753
vn -0.57136 0.27591 0.77293
vn -0.48150 0.26494 0.83544
vn -0.39862 0.25722 0.88031
vn -0.32341 0.25263 0.91191
vn -0.25575 0.25075 0.93366
vn -0.19507 0.25092 0.94815
vn -0.14052 0.25232 0.95739
vn -0.09116 0.25416 0.96286
vn -0.04645 0.25587 0.96559
vn -0.00109 0.25696 0.96642
vn 0.04513 0.25592 0.96564
vn 0.08974 0.25415 0.96299
vn 0.13920 0.25231 0.95758
vn 0.19392 0.25092 0.94839
vn 0.25476 0.25079 0.93392
vn 0.32257 0.25270 0.91219
vn 0.39790 0.25731 0.88060
vn 0.48088 0.26506 0.83576
vn 0.57079 0.27604 0.77330
vn 0.66536 0.28978 0.68798
vn 0.75961 0.30500 0.57443
vn 0.84489 0.31935 0.42916
vn 0.90936 0.32956 0.25389
vn 0.92985 0.33405 0.15423
vn 0.93746 0.34493 -0.04692
vn 0.92822 0.34231 -0.14572
vn 0.88617 0.32775 -0.32756
vn 0.81924 0.30797 -0.48374
vn 0.73845 0.28604 -0.61063
vn 0.65252 0.26433 -0.71018
vn 0.56687 0.24427 -0.78676
vn 0.48424 0.22652 -0.84510
vn 0.40256 0.21087 -0.89077
vn 0.27812 0.19133 -0.94130
vn 0.10889 0.16722 -0.97989
vn 0.17141 0.16493 -0.97130
vn 0.40010 0.13573 -0.90636
vn 0.35710 0.03256 -0.93350
vn -0.02615 -0.00633 -0.99964
vn -0.35206 0.10048 -0.93057
vn -0.37915 0.16906 -0.90976
vn -0.17107 0.16826 -0.97079
vn -0.10740 0.16708 -0.98008
vn -0.27676 0.19120 -0.94173
vn -0.40186 0.21084 -0.89110
vn -0.48356 0.22649 -0.84550
vn -0.56616 0.24421 -0.78729
vn -0.65180 0.26426 -0.71087
vn -0.73776 0.28595 -0.61151
vn -0.81865 0.30787 -0.48480
vn -0.88575 0.32766 -0.32876
vn -0.92804 0.34224 -0.14699
vn -0.93589 0.34884 0.04916
vn -0.90616 0.34647 0.24254
vn -0.84443 0.33664 0.41667
vn -0.76188 0.32252 0.56171
vn -0.67002 0.30738 0.67572
vn -0.57734 0.29361 0.76189
vn -0.48881 0.28255 0.82537
vn -0.40674 0.27464 0.87128
vn -0.33186 0.26981 0.90392
vn -0.26401 0.26762 0.92665
vn -0.20262 0.26741 0.94204
vn -0.14682 0.26842 0.95205
vn -0.09577 0.26992 0.95811
vn -0.04928 0.27146 0.96119
vn -0.00117 0.27261 0.96212
vn 0.04801 0.27149 0.96124
vn 0.09435 0.26985 0.95827
vn 0.14548 0.26833 0.95228
vn 0.20144 0.26731 0.94232
vn 0.26299 0.26754 0.92696
vn 0.33099 0.26976 0.90425
vn 0.40600 0.27462 0.87163
vn 0.48817 0.28255 0.82575
vn 0.57676 0.29364 0.76231
vn 0.66948 0.30741 0.67623
vn 0.76139 0.32255 0.56237
vn 0.84400 0.33666 0.41751
vn 0.90587 0.34649 0.24359
vn 0.92563 0.34955 0.14498
vn 0.93070 0.36182 -0.05363
vn 0.92081 0.35901 -0.15236
vn 0.87947 0.34141 -0.33161
vn 0.81355 0.31945 -0.48589
vn 0.73374 0.29617 -0.61149
vn 0.64861 0.27373 -0.71019
vn 0.56362 0.25334 -0.78622
vn 0.48153 0.23550 -0.84420
vn 0.40033 0.21986 -0.88961
vn 0.27658 0.20026 -0.93989
vn 0.10823 0.17597 -0.97843
vn 0.16732 0.17707 -0.96987
vn 0.37201 0.18553 -0.90950
vn 0.32397 0.18183 -0.92843
vn 0.00075 0.18608 -0.98253
vn -0.32219 0.18559 -0.92830
vn -0.37155 0.18748 -0.90928
vn -0.16982 0.17738 -0.96938
vn -0.10676 0.17581 -0.97862
vn -0.27519 0.20018 -0.94032
vn -0.39963 0.21986 -0.88992
vn -0.48085 0.23546 -0.84459
vn -0.56295 0.25321 -0.78675
vn -0.64799 0.27345 -0.71087
vn -0.73325 0.29562 -0.61233
vn -0.81332 0.31852 -0.48688
vn -0.87960 0.34001 -0.33272
vn -0.92134 0.35716 -0.15351
vn -0.92935 0.36707 0.03966
vn -0.90076 0.36827 0.23023
vn -0.84105 0.36154 0.40240
vn -0.76099 0.34939 0.54665
vn -0.67161 0.33488 0.66090
vn -0.58111 0.32061 0.74801
vn -0.49428 0.30835 0.81277
vn -0.41340 0.29907 0.86003
vn -0.33915 0.29302 0.89393
vn -0.27136 0.28995 0.91777
vn -0.20945 0.28919 0.93408
vn -0.15257 0.28991 0.94482
vn -0.10001 0.29128 0.95140
vn -0.05202 0.29289 0.95473
vn -0.00128 0.29427 0.95572
vn 0.05077 0.29307 0.95474
vn 0.09856 0.29144 0.95150
vn 0.15120 0.29005 0.94499
vn 0.20828 0.28927 0.93431
vn 0.27039 0.28989 0.91807
vn 0.33835 0.29277 0.89432
vn 0.41271 0.29863 0.86051
vn 0.49362 0.30786 0.81336
vn 0.58038 0.32030 0.74871
vn 0.67074 0.33504 0.66171
vn 0.75996 0.35022 0.54755
vn 0.83992 0.36305 0.40339
vn 0.89967 0.37027 0.23130
vn 0.91828 0.37314 0.13241
vn 0.91455 0.39923 -0.06494
vn 0.90378 0.39419 -0.16672
vn 0.86672 0.36443 -0.34056
vn 0.80471 0.33387 -0.49089
vn 0.72781 0.30541 -0.61402
vn 0.64458 0.28034 -0.71129
vn 0.56073 0.25887 -0.78649
vn 0.47931 0.24079 -0.84397
vn 0.39858 0.22529 -0.88903
vn 0.27537 0.20599 -0.93901
vn 0.10774 0.18192 -0.97739
vn 0.16646 0.18329 -0.96886
vn 0.36936 0.19378 -0.90886
vn 0.32113 0.19547 -0.92664
vn 0.00207 0.20200 -0.97938
vn -0.31967 0.19574 -0.92709
vn -0.36998 0.19394 -0.90857
vn -0.16911 0.18340 -0.96838
vn -0.10627 0.18182 -0.97757
vn -0.27399 0.20595 -0.93942
vn -0.39791 0.22527 -0.88934
vn -0.47874 0.24065 -0.84433
vn -0.56027 0.25846 -0.78695
vn -0.64439 0.27941 -0.71182
vn -0.72811 0.30359 -0.61456
vn -0.80573 0.33069 -0.49137
vn -0.86860 0.35956 -0.34095
vn -0.90649 0.38771 -0.16719
vn -0.91125 0.41140 0.01944
vn -0.88108 0.42677 0.20388
vn -0.82189 0.43152 0.37186
vn -0.74417 0.42594 0.51457
vn -0.65833 0.41261 0.62957
vn -0.57190 0.39529 0.71880
vn -0.48914 0.37782 0.78612
vn -0.41189 0.36318 0.83573
vn -0.34050 0.35301 0.87146
vn -0.27463 0.34755 0.89654
vn -0.21361 0.34601 0.91359
vn -0.15667 0.34699 0.92469
vn -0.10335 0.34910 0.93137
vn -0.05447 0.35150 0.93460
vn -0.00152 0.35341 0.93547
vn 0.05295 0.35201 0.93450
vn 0.10165 0.34985 0.93127
vn 0.15517 0.34785 0.92462
vn 0.21248 0.34669 0.91360
vn 0.27387 0.34773 0.89670
vn 0.34002 0.35243 0.87188
vn 0.41144 0.36188 0.83651
vn 0.48841 0.37621 0.78735
vn 0.57054 0.39417 0.72050
vn 0.65613 0.41296 0.63163
vn 0.74116 0.42857 0.51674
vn 0.81834 0.43659 0.37379
vn 0.87741 0.43361 0.20528
vn 0.89493 0.43440 0.10197
vn 0.90186 0.42082 -0.09777
vn 0.89745 0.39435 -0.19769
vn 0.85899 0.36176 -0.36230
vn 0.79789 0.33053 -0.50411
vn 0.72282 0.30265 -0.62123
vn 0.64125 0.27863 -0.71495
vn 0.55852 0.25828 -0.78826
vn 0.47776 0.24121 -0.84472
vn 0.39741 0.22662 -0.88922
vn 0.27454 0.20824 -0.93876
vn 0.10738 0.18499 -0.97686
vn 0.16604 0.18663 -0.96830
vn 0.37002 0.20328 -0.90651
vn 0.33122 0.25742 -0.90776
vn 0.02151 0.34672 -0.93772
vn -0.32589 0.31102 -0.89278
vn -0.38252 0.23197 -0.89435
vn -0.17064 0.18988 -0.96686
vn -0.10598 0.18507 -0.97699
vn -0.27318 0.20834 -0.93913
vn -0.39675 0.22681 -0.88947
vn -0.47717 0.24149 -0.84498
vn -0.55800 0.25871 -0.78848
vn -0.64086 0.27938 -0.71501
vn -0.72255 0.30393 -0.62093
vn -0.79755 0.33255 -0.50331
vn -0.85825 0.36462 -0.36118
vn -0.89603 0.39791 -0.19700
vn -0.90358 0.42805 -0.01770
vn -0.87788 0.44948 0.16521
vn -0.82226 0.45788 0.33798
vn -0.74577 0.45266 0.48879
vn -0.65949 0.43723 0.61147
vn -0.57258 0.41702 0.70587
vn -0.49038 0.39718 0.77574
vn -0.41479 0.38122 0.82621
vn -0.34551 0.37062 0.86213
vn -0.28135 0.36520 0.88740
vn -0.22104 0.36371 0.90491
vn -0.16359 0.36453 0.91671
vn -0.10874 0.36626 0.92414
vn -0.05803 0.36827 0.92791
vn -0.00162 0.36999 0.92903
vn 0.05662 0.36803 0.92809
vn 0.10714 0.36559 0.92459
vn 0.16225 0.36369 0.91728
vn 0.22013 0.36297 0.90543
vn 0.28078 0.36479 0.88775
vn 0.34506 0.37064 0.86230
vn 0.41411 0.38155 0.82640
vn 0.48915 0.39745 0.77638
vn 0.57075 0.41672 0.70752
vn 0.65750 0.43595 0.61452
vn 0.74445 0.45030 0.49298
vn 0.82232 0.45463 0.34220
vn 0.87926 0.44571 0.16806
vn 0.90317 0.42475 0.06226
vn 0.92987 0.34312 -0.13269
vn 0.92320 0.31553 -0.21942
vn 0.87237 0.30805 -0.37957
vn 0.80392 0.29618 -0.51574
vn 0.72522 0.28149 -0.62834
vn 0.64207 0.26569 -0.71913
vn 0.55868 0.25026 -0.79072
vn 0.47765 0.23620 -0.84620
vn 0.39717 0.22357 -0.89010
vn 0.27426 0.20688 -0.93914
vn 0.10732 0.18518 -0.97683
vn 0.17005 0.19024 -0.96690
vn 0.40378 0.23532 -0.88407
vn 0.38954 0.34344 -0.85458
vn 0.03280 0.43518 -0.89975
vn -0.39174 0.32999 -0.85886
vn -0.42817 0.22725 -0.87466
vn -0.17613 0.18974 -0.96591
vn -0.10596 0.18528 -0.97696
vn -0.27290 0.20712 -0.93948
vn -0.39645 0.22396 -0.89032
vn -0.47689 0.23684 -0.84645
vn -0.55777 0.25144 -0.79099
vn -0.64087 0.26792 -0.71938
vn -0.72349 0.28555 -0.62851
vn -0.80132 0.30302 -0.51582
vn -0.86858 0.31845 -0.37967
vn -0.91820 0.32952 -0.21983
vn -0.94184 0.33382 -0.03887
vn -0.93134 0.32968 0.15467
vn -0.88344 0.31748 0.34458
vn -0.80470 0.30049 0.51201
vn -0.70958 0.28344 0.64511
vn -0.61243 0.26996 0.74300
vn -0.52183 0.26130 0.81205
vn -0.44038 0.25673 0.86032
vn -0.36714 0.25473 0.89461
vn -0.29989 0.25385 0.91958
vn -0.23658 0.25317 0.93805
vn -0.17574 0.25236 0.95154
vn -0.11717 0.25154 0.96073
vn -0.06317 0.25156 0.96578
vn -0.00135 0.25282 0.96751
vn 0.06283 0.25058 0.96605
vn 0.11634 0.24942 0.96138
vn 0.17484 0.24980 0.95238
vn 0.23570 0.25096 0.93886
vn 0.29900 0.25278 0.92016
vn 0.36618 0.25534 0.89483
vn 0.43938 0.25891 0.86018
vn 0.52092 0.26400 0.81176
vn 0.61193 0.27128 0.74294
vn 0.71000 0.28113 0.64565
vn 0.80665 0.29294 0.51333
vn 0.88723 0.30472 0.34636
vn 0.93658 0.31366 0.15631
vn 0.95570 0.28858 0.05795
vn 0.96123 0.24649 -0.12362
vn 0.94407 0.25940 -0.20357
vn 0.88879 0.26971 -0.37054
vn 0.81538 0.26995 -0.51213
vn 0.73246 0.26292 -0.62800
vn 0.64632 0.25194 -0.72028
vn 0.56108 0.23971 -0.79229
vn 0.47899 0.22796 -0.84770
vn 0.39792 0.21716 -0.89135
vn 0.27458 0.20235 -0.94003
vn 0.10749 0.18251 -0.97731
vn 0.17515 0.18685 -0.96665
vn 0.44286 0.21222 -0.87111
vn 0.44513 0.22870 -0.86577
vn 0.00174 0.20397 -0.97898
vn -0.45088 0.14939 -0.87999
vn -0.44694 0.17066 -0.87813
vn -0.17775 0.18246 -0.96701
vn -0.10609 0.18254 -0.97746
vn -0.27326 0.20256 -0.94037
vn -0.39721 0.21737 -0.89162
vn -0.47822 0.22814 -0.84809
vn -0.56015 0.23980 -0.79292
vn -0.64519 0.25186 -0.72132
vn -0.73114 0.26257 -0.62968
vn -0.81405 0.26924 -0.51461
vn -0.88783 0.26861 -0.37364
vn -0.94384 0.25795 -0.20649
vn -0.97140 0.23680 -0.01761
vn -0.96112 0.20856 0.18095
vn -0.91115 0.18010 0.37062
vn -0.83055 0.15855 0.53390
vn -0.73455 0.14743 0.66235
vn -0.63649 0.14573 0.75739
vn -0.54395 0.14969 0.82566
vn -0.45937 0.15523 0.87457
vn -0.38231 0.15945 0.91017
vn -0.31122 0.16113 0.93658
vn -0.24451 0.16045 0.95628
vn -0.18090 0.15837 0.97067
vn -0.12035 0.15616 0.98037
vn -0.06588 0.15572 0.98560
vn -0.00121 0.15778 0.98747
vn 0.06637 0.15601 0.98552
vn 0.12001 0.15633 0.98039
vn 0.18017 0.15850 0.97078
vn 0.24351 0.16049 0.95653
vn 0.31002 0.16100 0.93700
vn 0.38114 0.15912 0.91072
vn 0.45859 0.15477 0.87507
vn 0.54395 0.14927 0.82573
vn 0.63746 0.14560 0.75661
vn 0.73618 0.14782 0.66044
vn 0.83208 0.15956 0.53121
vn 0.91181 0.18162 0.36827
vn 0.96087 0.21031 0.18029
vn 0.96945 0.22778 0.09102
vn 0.96186 0.25653 -0.09500
vn 0.94548 0.26900 -0.18358
vn 0.89449 0.26849 -0.35750
vn 0.82198 0.26166 -0.50585
vn 0.73806 0.25104 -0.62630
vn 0.65045 0.23904 -0.72095
vn 0.56397 0.22735 -0.79389
vn 0.48099 0.21687 -0.84948
vn 0.39931 0.20759 -0.89301
vn 0.27535 0.19479 -0.94140
vn 0.10768 0.17702 -0.97830
vn 0.17398 0.17671 -0.96876
vn 0.43133 0.15370 -0.88900
vn 0.41204 0.04095 -0.91024
vn -0.03096 -0.06607 -0.99733
vn -0.40950 0.02585 -0.91194
vn -0.40998 0.14633 -0.90028
vn -0.17300 0.17568 -0.96913
vn -0.10627 0.17720 -0.97842
vn -0.27411 0.19504 -0.94171
vn -0.39866 0.20777 -0.89325
vn -0.48035 0.21693 -0.84983
vn -0.56327 0.22714 -0.79444
vn -0.64974 0.23829 -0.72184
vn -0.73746 0.24933 -0.62769
vn -0.82175 0.25849 -0.50784
vn -0.89501 0.26348 -0.35991
vn -0.94697 0.26214 -0.18581
vn -0.96725 0.25376 0.00581
vn -0.95000 0.24004 0.19969
vn -0.89777 0.22482 0.37876
vn -0.82057 0.21201 0.53077
vn -0.73067 0.20376 0.65162
vn -0.63796 0.19990 0.74368
vn -0.54828 0.19889 0.81230
vn -0.46415 0.19899 0.86311
vn -0.38603 0.19897 0.90077
vn -0.31340 0.19837 0.92867
vn -0.24536 0.19728 0.94915
vn -0.18095 0.19603 0.96376
vn -0.12036 0.19519 0.97335
vn -0.06743 0.19617 0.97825
vn -0.00153 0.19929 0.97994
vn 0.06781 0.19691 0.97807
vn 0.11986 0.19614 0.97322
vn 0.18015 0.19709 0.96369
vn 0.24445 0.19811 0.94921
vn 0.31245 0.19859 0.92894
vn 0.38517 0.19834 0.90128
vn 0.46358 0.19761 0.86374
vn 0.54815 0.19733 0.81277
vn 0.63824 0.19915 0.74364
vn 0.73103 0.20495 0.65084
vn 0.82043 0.21588 0.52943
vn 0.89665 0.23126 0.37754
vn 0.94799 0.24804 0.19948
vn 0.95844 0.26435 0.10733
vn 0.95919 0.26920 -0.08650
vn 0.94793 0.26205 -0.18098
vn 0.89911 0.25387 -0.35658
vn 0.82717 0.24302 -0.50669
vn 0.74283 0.23130 -0.62826
vn 0.65444 0.22006 -0.72338
vn 0.56717 0.21006 -0.79637
vn 0.48351 0.20158 -0.85181
vn 0.40124 0.19432 -0.89512
vn 0.27654 0.18398 -0.94323
vn 0.10793 0.16885 -0.97971
vn 0.16921 0.16758 -0.97123
vn 0.38805 0.14242 -0.91057
vn 0.34274 0.06348 -0.93728
vn -0.01707 0.04006 -0.99905
vn -0.33827 0.12291 -0.93299
vn -0.37366 0.17189 -0.91150
vn -0.16943 0.17041 -0.97070
vn -0.10665 0.16921 -0.97979
vn -0.27540 0.18433 -0.94349
vn -0.40067 0.19463 -0.89531
vn -0.48295 0.20190 -0.85206
vn -0.56658 0.21036 -0.79670
vn -0.65385 0.22032 -0.72384
vn -0.74226 0.23147 -0.62887
vn -0.82668 0.24306 -0.50746
vn -0.89878 0.25373 -0.35750
vn -0.94783 0.26173 -0.18197
vn -0.96408 0.26546 0.00896
vn -0.94357 0.26438 0.19943
vn -0.89059 0.25937 0.37361
vn -0.81517 0.25224 0.52142
vn -0.72827 0.24477 0.64008
vn -0.63834 0.23816 0.73198
vn -0.55047 0.23293 0.80170
vn -0.46711 0.22917 0.85398
vn -0.38900 0.22669 0.89291
vn -0.31597 0.22524 0.92164
vn -0.24740 0.22454 0.94254
vn -0.18246 0.22432 0.95728
vn -0.12165 0.22457 0.96684
vn -0.06989 0.22648 0.97150
vn -0.00182 0.23022 0.97314
vn 0.07025 0.22675 0.97142
vn 0.12108 0.22461 0.96690
vn 0.18169 0.22431 0.95743
vn 0.24666 0.22450 0.94274
vn 0.31528 0.22515 0.92190
vn 0.38837 0.22654 0.89322
vn 0.46655 0.22897 0.85435
vn 0.54998 0.23274 0.80209
vn 0.63791 0.23803 0.73240
vn 0.72789 0.24479 0.64051
vn 0.81479 0.25245 0.52190
vn 0.89022 0.25975 0.37421
vn 0.94328 0.26485 0.20020
vn 0.95983 0.26021 0.10499
vn 0.96777 0.23565 -0.08884
vn 0.95647 0.22676 -0.18371
vn 0.90681 0.22005 -0.35955
vn 0.83388 0.21166 -0.50975
vn 0.74853 0.20295 -0.63129
vn 0.65920 0.19487 -0.72628
vn 0.57109 0.18792 -0.79909
vn 0.48670 0.18223 -0.85435
vn 0.40378 0.17747 -0.89748
vn 0.27817 0.17004 -0.94536
vn 0.10844 0.15810 -0.98145
vn 0.16822 0.15978 -0.97272
vn 0.37285 0.16624 -0.91288
vn 0.32379 0.17160 -0.93044
vn 0.00163 0.18041 -0.98359
vn -0.32274 0.17173 -0.93078
vn -0.37338 0.16622 -0.91266
vn -0.17023 0.15968 -0.97238
vn -0.10729 0.15846 -0.98152
vn -0.27712 0.17045 -0.94560
vn -0.40326 0.17782 -0.89764
vn -0.48620 0.18260 -0.85456
vn -0.57057 0.18831 -0.79937
vn -0.65868 0.19526 -0.72665
vn -0.74802 0.20331 -0.63176
vn -0.83343 0.21199 -0.51035
vn -0.90646 0.22033 -0.36025
vn -0.95626 0.22699 -0.18449
vn -0.97301 0.23065 0.00671
vn -0.95277 0.23075 0.19744
vn -0.89987 0.22781 0.37194
vn -0.82440 0.22312 0.52017
vn -0.73731 0.21804 0.63940
vn -0.64699 0.21356 0.73198
vn -0.55856 0.21015 0.80240
vn -0.47448 0.20791 0.85536
vn -0.39552 0.20673 0.89489
vn -0.32155 0.20637 0.92413
vn -0.25195 0.20654 0.94544
vn -0.18592 0.20700 0.96051
vn -0.12430 0.20774 0.97025
vn -0.07338 0.21028 0.97488
vn -0.00201 0.21484 0.97665
vn 0.07404 0.21054 0.97478
vn 0.12387 0.20775 0.97031
vn 0.18525 0.20694 0.96065
vn 0.25131 0.20649 0.94562
vn 0.32095 0.20632 0.92435
vn 0.39497 0.20669 0.89514
vn 0.47397 0.20789 0.85565
vn 0.55809 0.21013 0.80273
vn 0.64656 0.21355 0.73237
vn 0.73691 0.21803 0.63986
vn 0.82407 0.22309 0.52072
vn 0.89962 0.22774 0.37258
vn 0.95264 0.23064 0.19818
vn 0.96933 0.22325 0.10272
vn 0.97690 0.19324 -0.09123
vn 0.96511 0.18428 -0.18605
vn 0.91465 0.17997 -0.36198
vn 0.84087 0.17486 -0.51222
vn 0.75465 0.16983 -0.63376
vn 0.66449 0.16544 -0.72875
vn 0.57559 0.16196 -0.80154
vn 0.49047 0.15939 -0.85676
vn 0.40686 0.15741 -0.89983
vn 0.28020 0.15320 -0.94764
vn 0.10915 0.14476 -0.98343
vn 0.16952 0.14641 -0.97459
vn 0.37564 0.15251 -0.91413
vn 0.32761 0.16668 -0.92999
vn 0.00424 0.18930 -0.98191
vn -0.32641 0.17550 -0.92879
vn -0.37783 0.15689 -0.91249
vn -0.17161 0.14675 -0.97417
vn -0.10812 0.14519 -0.98348
vn -0.27926 0.15367 -0.94784
vn -0.40640 0.15778 -0.89997
vn -0.49004 0.15978 -0.85693
vn -0.57515 0.16238 -0.80177
vn -0.66405 0.16586 -0.72906
vn -0.75424 0.17022 -0.63416
vn -0.84050 0.17521 -0.51270
vn -0.91437 0.18027 -0.36254
vn -0.96494 0.18450 -0.18667
vn -0.98234 0.18707 0.00473
vn -0.96254 0.18756 0.19581
vn -0.90982 0.18633 0.37082
vn -0.83425 0.18422 0.51971
vn -0.74679 0.18208 0.63965
vn -0.65590 0.18053 0.73294
vn -0.56675 0.17980 0.80403
vn -0.48184 0.17989 0.85760
vn -0.40197 0.18063 0.89766
vn -0.32702 0.18180 0.92736
vn -0.25639 0.18316 0.94906
vn -0.18929 0.18447 0.96444
vn -0.12694 0.18584 0.97434
vn -0.07727 0.18910 0.97891
vn -0.00222 0.19460 0.98088
vn 0.07825 0.18940 0.97878
vn 0.12666 0.18589 0.97437
vn 0.18872 0.18447 0.96455
vn 0.25584 0.18316 0.94921
vn 0.32651 0.18182 0.92754
vn 0.40149 0.18066 0.89787
vn 0.48140 0.17993 0.85784
vn 0.56634 0.17986 0.80431
vn 0.65553 0.18059 0.73326
vn 0.74645 0.18214 0.64003
vn 0.83396 0.18425 0.52015
vn 0.90961 0.18632 0.37135
vn 0.96243 0.18749 0.19640
vn 0.97867 0.17892 0.10097
vn 0.98493 0.14590 -0.09291
vn 0.97265 0.13705 -0.18755
vn 0.92176 0.13534 -0.36337
vn 0.84752 0.13379 -0.51362
vn 0.76078 0.13275 -0.63529
vn 0.67002 0.13236 -0.73045
vn 0.58047 0.13262 -0.80341
vn 0.49468 0.13340 -0.85877
vn 0.41037 0.13441 -0.90196
vn 0.28258 0.13370 -0.94988
vn 0.11003 0.12909 -0.98551
vn 0.17171 0.13135 -0.97635
vn 0.38557 0.14951 -0.91048
vn 0.35241 0.24697 -0.90267
vn 0.02920 0.38323 -0.92319
vn -0.34589 0.31924 -0.88230
vn -0.40410 0.18847 -0.89509
vn -0.17627 0.13544 -0.97498
vn -0.10918 0.12966 -0.98553
vn -0.28177 0.13420 -0.95005
vn -0.40998 0.13480 -0.90208
vn -0.49432 0.13381 -0.85892
vn -0.58011 0.13305 -0.80360
vn -0.66967 0.13279 -0.73069
vn -0.76046 0.13315 -0.63559
vn -0.84724 0.13416 -0.51399
vn -0.92155 0.13564 -0.36379
vn -0.97253 0.13727 -0.18800
vn -0.99033 0.13868 0.00326
vn -0.97094 0.13966 0.19433
vn -0.91854 0.14037 0.36956
vn -0.84308 0.14116 0.51893
vn -0.75547 0.14235 0.63953
vn -0.66419 0.14412 0.73354
vn -0.57444 0.14647 0.80534
vn -0.48878 0.14925 0.85955
vn -0.40806 0.15225 0.90017
vn -0.33218 0.15526 0.93035
vn -0.26057 0.15806 0.95243
vn -0.19245 0.16045 0.96810
vn -0.12951 0.16259 0.97816
vn -0.08158 0.16668 0.98263
vn -0.00244 0.17320 0.98488
vn 0.08289 0.16700 0.98247
vn 0.12937 0.16266 0.97816
vn 0.19197 0.16049 0.96819
vn 0.26011 0.15812 0.95254
vn 0.33175 0.15534 0.93049
vn 0.40766 0.15235 0.90033
vn 0.48841 0.14937 0.85974
vn 0.57410 0.14660 0.80555
vn 0.66388 0.14426 0.73379
vn 0.75520 0.14247 0.63982
vn 0.84286 0.14125 0.51926
vn 0.91838 0.14041 0.36995
vn 0.97086 0.13962 0.19476
vn 0.98651 0.12997 0.09949
vn 0.99107 0.09468 -0.09390
vn 0.97835 0.08616 -0.18814
vn 0.92749 0.08714 -0.36354
vn 0.85331 0.08930 -0.51370
vn 0.76650 0.09241 -0.63557
vn 0.67548 0.09621 -0.73108
vn 0.58550 0.10040 -0.80443
vn 0.49918 0.10470 -0.86015
vn 0.41422 0.10883 -0.90365
vn 0.28527 0.11182 -0.95190
vn 0.11117 0.11139 -0.98754
vn 0.17949 0.11766 -0.97670
vn 0.43652 0.16758 -0.88395
vn 0.42989 0.29206 -0.85434
vn 0.02815 0.36282 -0.93143
vn -0.43895 0.21971 -0.87124
vn -0.45887 0.12605 -0.87952
vn -0.18395 0.11320 -0.97640
vn -0.11044 0.11178 -0.98758
vn -0.28459 0.11233 -0.95205
vn -0.41390 0.10922 -0.90374
vn -0.49889 0.10510 -0.86027
vn -0.58524 0.10082 -0.80457
vn -0.67523 0.09664 -0.73125
vn -0.76628 0.09282 -0.63577
vn -0.85313 0.08966 -0.51394
vn -0.92736 0.08743 -0.36380
vn -0.97828 0.08636 -0.18842
vn -0.99624 0.08659 0.00222
vn -0.97728 0.08815 0.19274
vn -0.92545 0.09096 0.36779
vn -0.85046 0.09487 0.51741
vn -0.76306 0.09967 0.63860
vn -0.67167 0.10507 0.73336
vn -0.58154 0.11079 0.80594
vn -0.49528 0.11655 0.86088
vn -0.41381 0.12209 0.90214
vn -0.33708 0.12718 0.93285
vn -0.26454 0.13162 0.95535
vn -0.19545 0.13526 0.97134
vn -0.13205 0.13829 0.98155
vn -0.08636 0.14329 0.98591
vn -0.00268 0.15087 0.98855
vn 0.08799 0.14362 0.98571
vn 0.13204 0.13838 0.98154
vn 0.19506 0.13533 0.97141
vn 0.26417 0.13173 0.95544
vn 0.33673 0.12731 0.93296
vn 0.41349 0.12224 0.90227
vn 0.49499 0.11672 0.86103
vn 0.58128 0.11098 0.80610
vn 0.67145 0.10526 0.73354
vn 0.76288 0.09984 0.63879
vn 0.85032 0.09501 0.51762
vn 0.92535 0.09103 0.36802
vn 0.97723 0.08814 0.19300
vn 0.99215 0.07755 0.09812
vn 0.99456 0.04450 -0.09421
vn 0.98147 0.03822 -0.18779
vn 0.93113 0.04152 -0.36232
vn 0.85759 0.04687 -0.51220
vn 0.77126 0.05356 -0.63427
vn 0.68043 0.06094 -0.73028
vn 0.59035 0.06849 -0.80424
vn 0.50368 0.07580 -0.86056
vn 0.41820 0.08261 -0.90459
vn 0.28814 0.08885 -0.95346
vn 0.11235 0.09197 -0.98940
vn 0.18478 0.09321 -0.97835
vn 0.46529 0.08588 -0.88098
vn 0.45952 0.02626 -0.88778
vn -0.02141 -0.08838 -0.99586
vn -0.45766 -0.06196 -0.88696
vn -0.45210 0.04051 -0.89105
vn -0.18365 0.08838 -0.97901
vn -0.11163 0.09218 -0.98947
vn -0.28760 0.08911 -0.95360
vn -0.41797 0.08278 -0.90468
vn -0.50349 0.07598 -0.86066
vn -0.59017 0.06868 -0.80435
vn -0.68028 0.06113 -0.73040
vn -0.77114 0.05374 -0.63439
vn -0.85751 0.04703 -0.51232
vn -0.93108 0.04166 -0.36244
vn -0.98144 0.03833 -0.18789
vn -0.99929 0.03760 0.00151
vn -0.98082 0.03967 0.19083
vn -0.92989 0.04431 0.36517
vn -0.85584 0.05093 0.51473
vn -0.76912 0.05884 0.63640
vn -0.67802 0.06738 0.73195
vn -0.58782 0.07602 0.80541
vn -0.50119 0.08437 0.86121
vn -0.41914 0.09211 0.90324
vn -0.34167 0.09901 0.93459
vn -0.26830 0.10488 0.95761
vn -0.19831 0.10959 0.97399
vn -0.13458 0.11338 0.98440
vn -0.09166 0.11920 0.98863
vn -0.00291 0.12779 0.99180
vn 0.09360 0.11948 0.98842
vn 0.13470 0.11341 0.98437
vn 0.19800 0.10958 0.97406
vn 0.26801 0.10487 0.95769
vn 0.34141 0.09900 0.93469
vn 0.41890 0.09211 0.90335
vn 0.50099 0.08437 0.86133
vn 0.58765 0.07602 0.80553
vn 0.67789 0.06738 0.73207
vn 0.76902 0.05883 0.63651
vn 0.85578 0.05092 0.51483
vn 0.92985 0.04428 0.36526
vn 0.98081 0.03962 0.19092
vn 0.99485 0.03025 0.09671
vn 0.99462 0.04381 -0.09390
vn 0.98052 0.05356 -0.18898
vn 0.93106 0.04881 -0.36159
vn 0.85873 0.04752 -0.51023
vn 0.77352 0.04917 -0.63187
vn 0.68348 0.05282 -0.72806
vn 0.59380 0.05751 -0.80256
vn 0.50720 0.06253 -0.85956
vn 0.42151 0.06742 -0.90431
vn 0.29067 0.07211 -0.95410
vn 0.11325 0.07388 -0.99082
vn 0.18151 0.06908 -0.98096
vn 0.42775 0.01952 -0.90368
vn 0.38453 -0.11440 -0.91600
vn -0.03077 -0.19077 -0.98115
vn -0.38410 -0.05634 -0.92157
vn -0.40563 0.04983 -0.91268
vn -0.17908 0.07305 -0.98112
vn -0.11266 0.07295 -0.99095
vn -0.29028 0.07054 -0.95434
vn -0.42138 0.06598 -0.90448
vn -0.50713 0.06093 -0.85971
vn -0.59379 0.05569 -0.80269
vn -0.68356 0.05066 -0.72813
vn -0.77371 0.04650 -0.63183
vn -0.85901 0.04408 -0.51005
vn -0.93139 0.04443 -0.36129
vn -0.98084 0.04834 -0.18871
vn -0.99844 0.05579 -0.00168
vn -0.98042 0.06568 0.18564
vn -0.93029 0.07607 0.35886
vn -0.85700 0.08511 0.50824
vn -0.77085 0.09183 0.63037
vn -0.68018 0.09631 0.72669
vn -0.59032 0.09938 0.80103
vn -0.50397 0.10204 0.85768
vn -0.42205 0.10498 0.90048
vn -0.34452 0.10843 0.93249
vn -0.27088 0.11220 0.95605
vn -0.20043 0.11585 0.97283
vn -0.13676 0.11931 0.98339
vn -0.09719 0.12550 0.98732
vn -0.00321 0.13482 0.99087
vn 0.09923 0.12581 0.98708
vn 0.13687 0.11947 0.98336
vn 0.20013 0.11582 0.97290
vn 0.27069 0.11180 0.95615
vn 0.34444 0.10743 0.93264
vn 0.42204 0.10324 0.90068
vn 0.50396 0.09966 0.85796
vn 0.59020 0.09679 0.80144
vn 0.67985 0.09423 0.72727
vn 0.77031 0.09112 0.63113
vn 0.85637 0.08641 0.50909
vn 0.92972 0.07946 0.35959
vn 0.98000 0.07062 0.18604
vn 0.99289 0.07816 0.08973
vn 0.97585 0.19316 -0.10197
vn 0.95668 0.20447 -0.20726
vn 0.91504 0.15480 -0.37248
vn 0.84899 0.11749 -0.51519
vn 0.76849 0.09301 -0.63307
vn 0.68162 0.07850 -0.72748
vn 0.59383 0.07046 -0.80150
vn 0.50819 0.06610 -0.85870
vn 0.42289 0.06362 -0.90395
vn 0.29190 0.06114 -0.95449
vn 0.11365 0.05678 -0.99190
vn 0.17838 0.05479 -0.98244
vn 0.39678 0.04438 -0.91684
vn 0.34621 0.01350 -0.93806
vn -0.00650 0.00305 -0.99997
vn -0.34513 0.03525 -0.93789
vn -0.39187 0.05522 -0.91836
vn -0.17834 0.05692 -0.98232
vn -0.11327 0.05549 -0.99201
vn -0.29163 0.05908 -0.95470
vn -0.42287 0.06162 -0.90409
vn -0.50834 0.06360 -0.85880
vn -0.59427 0.06701 -0.80147
vn -0.68257 0.07332 -0.72713
vn -0.77016 0.08487 -0.63218
vn -0.85158 0.10489 -0.51362
vn -0.91871 0.13664 -0.37054
vn -0.96169 0.18116 -0.20577
vn -0.97172 0.23452 -0.02744
vn -0.94575 0.28728 0.15176
vn -0.88923 0.32825 0.31864
vn -0.81346 0.35001 0.46451
vn -0.72958 0.35173 0.58651
vn -0.64483 0.33803 0.68552
vn -0.56258 0.31634 0.76382
vn -0.48387 0.29420 0.82421
vn -0.40859 0.27706 0.86965
vn -0.33621 0.26726 0.90307
vn -0.26617 0.26424 0.92700
vn -0.19802 0.26581 0.94347
vn -0.13626 0.26994 0.95319
vn -0.10058 0.27766 0.95540
vn -0.00373 0.28787 0.95766
vn 0.10168 0.27920 0.95483
vn 0.13557 0.27244 0.95257
vn 0.19724 0.26854 0.94286
vn 0.26594 0.26618 0.92651
vn 0.33661 0.26722 0.90293
vn 0.40946 0.27429 0.87012
vn 0.48474 0.28891 0.82557
vn 0.56271 0.31017 0.76626
vn 0.64337 0.33383 0.68894
vn 0.72588 0.35277 0.59047
vn 0.80740 0.35882 0.46835
vn 0.88158 0.34545 0.32169
vn 0.93800 0.31085 0.15339
vn 0.94581 0.32176 0.04374
vn 0.92855 0.33580 -0.15822
vn 0.92298 0.28088 -0.26309
vn 0.88684 0.21263 -0.41026
vn 0.82847 0.15981 -0.53675
vn 0.75548 0.12273 -0.64357
vn 0.67431 0.09780 -0.73194
vn 0.59009 0.08085 -0.80328
vn 0.50640 0.06873 -0.85955
vn 0.42206 0.05935 -0.90462
vn 0.29153 0.04951 -0.95528
vn 0.11344 0.03869 -0.99279
vn 0.17766 0.03773 -0.98337
vn 0.39094 0.04219 -0.91945
vn 0.33974 0.04073 -0.93964
vn 0.00033 0.03975 -0.99921
vn -0.33949 0.03905 -0.93980
vn -0.39104 0.04110 -0.91945
vn -0.17814 0.03863 -0.98325
vn -0.11322 0.03752 -0.99286
vn -0.29134 0.04773 -0.95543
vn -0.42208 0.05786 -0.90471
vn -0.50661 0.06733 -0.85954
vn -0.59064 0.07973 -0.80299
vn -0.67537 0.09734 -0.73103
vn -0.75706 0.12345 -0.64157
vn -0.83019 0.16228 -0.53334
vn -0.88776 0.21715 -0.40588
vn -0.92209 0.28713 -0.25943
vn -0.92649 0.36379 -0.09633
vn -0.89850 0.43223 0.07664
vn -0.84267 0.47787 0.24810
vn -0.76895 0.49385 0.40599
vn -0.68799 0.48288 0.54175
vn -0.60758 0.45390 0.65178
vn -0.53170 0.41784 0.73669
vn -0.46112 0.38418 0.79986
vn -0.39446 0.35893 0.84591
vn -0.32961 0.34391 0.87925
vn -0.26487 0.33762 0.90325
vn -0.19953 0.33690 0.92016
vn -0.13890 0.33926 0.93038
vn -0.10502 0.34536 0.93258
vn -0.00389 0.35418 0.93517
vn 0.10576 0.34467 0.93275
vn 0.13810 0.33768 0.93108
vn 0.19893 0.33483 0.92104
vn 0.26508 0.33561 0.90394
vn 0.33047 0.34241 0.87952
vn 0.39542 0.35813 0.84581
vn 0.46133 0.38381 0.79992
vn 0.53044 0.41715 0.73798
vn 0.60487 0.45205 0.65558
vn 0.68492 0.47942 0.54868
vn 0.76727 0.48893 0.41503
vn 0.84355 0.47188 0.25643
vn 0.90133 0.42547 0.08115
vn 0.92602 0.37570 -0.03661
vn 0.95562 0.17990 -0.23330
vn 0.94513 0.11046 -0.30744
vn 0.89044 0.11245 -0.44099
vn 0.82469 0.10983 -0.55483
vn 0.75026 0.10246 -0.65315
vn 0.66979 0.09145 -0.73690
vn 0.58659 0.07847 -0.80608
vn 0.50367 0.06508 -0.86144
vn 0.41984 0.05211 -0.90610
vn 0.28988 0.03688 -0.95635
vn 0.11267 0.02092 -0.99341
vn 0.17680 0.02017 -0.98404
vn 0.39072 0.03210 -0.91995
vn 0.34945 0.07901 -0.93362
vn 0.01631 0.16042 -0.98691
vn -0.34848 0.13232 -0.92793
vn -0.40157 0.05973 -0.91388
vn -0.17871 0.02399 -0.98361
vn -0.11260 0.02011 -0.99344
vn -0.28969 0.03562 -0.95646
vn -0.41969 0.05141 -0.90621
vn -0.50346 0.06516 -0.86156
vn -0.58625 0.08028 -0.80615
vn -0.66913 0.09672 -0.73682
vn -0.74893 0.11380 -0.65280
vn -0.82218 0.13034 -0.55410
vn -0.88629 0.14468 -0.43996
vn -0.93925 0.15461 -0.30644
vn -0.97661 0.15741 -0.14644
vn -0.98767 0.15026 0.04391
vn -0.95823 0.13202 0.25372
vn -0.88444 0.10581 0.45451
vn -0.78208 0.07836 0.61824
vn -0.67467 0.05546 0.73603
vn -0.57730 0.03910 0.81559
vn -0.49346 0.02818 0.86931
vn -0.41980 0.02031 0.90739
vn -0.35109 0.01335 0.93625
vn -0.28320 0.00618 0.95904
vn -0.21415 -0.00122 0.97680
vn -0.14988 -0.00748 0.98868
vn -0.11660 -0.00758 0.99315
vn -0.00322 -0.00103 0.99999
vn 0.11943 -0.01135 0.99278
vn 0.15049 -0.01463 0.98850
vn 0.21414 -0.00989 0.97675
vn 0.28311 -0.00145 0.95909
vn 0.35092 0.00942 0.93636
vn 0.41957 0.02180 0.90746
vn 0.49319 0.03462 0.86923
vn 0.57706 0.04701 0.81535
vn 0.67468 0.05859 0.73579
vn 0.78283 0.06942 0.61835
vn 0.88680 0.07962 0.45524
vn 0.96290 0.08910 0.25472
vn 0.99423 0.09767 0.04439
vn 0.99805 0.02691 -0.05625
vn 0.97598 -0.06262 -0.20865
vn 0.96445 -0.00706 -0.26416
vn 0.90903 0.05278 -0.41338
vn 0.83706 0.08622 -0.54027
vn 0.75611 0.09759 -0.64713
vn 0.67098 0.09415 -0.73547
vn 0.58516 0.08265 -0.80670
vn 0.50105 0.06789 -0.86275
vn 0.41688 0.05237 -0.90745
vn 0.28740 0.03349 -0.95723
vn 0.11164 0.01425 -0.99365
vn 0.17863 0.01717 -0.98377
vn 0.41744 0.06242 -0.90656
vn 0.40316 0.18905 -0.89539
vn 0.03286 0.30625 -0.95138
vn -0.40399 0.19675 -0.89335
vn -0.44063 0.06744 -0.89515
vn -0.18236 0.01806 -0.98307
vn -0.11164 0.01384 -0.99365
vn -0.28716 0.03293 -0.95732
vn -0.41657 0.05191 -0.90762
vn -0.50053 0.06742 -0.86309
vn -0.58428 0.08215 -0.80739
vn -0.66954 0.09359 -0.73686
vn -0.75398 0.09699 -0.64970
vn -0.83448 0.08571 -0.54434
vn -0.90668 0.05256 -0.41853
vn -0.96320 -0.00691 -0.26870
vn -0.99165 -0.08929 -0.09305
vn -0.97857 -0.17953 0.10088
vn -0.92119 -0.25569 0.29330
vn -0.83328 -0.30230 0.46288
vn -0.73481 -0.31814 0.59904
vn -0.63971 -0.31214 0.70238
vn -0.55332 -0.29620 0.77853
vn -0.47531 -0.28069 0.83384
vn -0.40304 -0.27219 0.87377
vn -0.33375 -0.27274 0.90234
vn -0.26565 -0.28053 0.92235
vn -0.19815 -0.29179 0.93573
vn -0.13810 -0.30230 0.94316
vn -0.11362 -0.30509 0.94552
vn -0.00243 -0.29978 0.95400
vn 0.11804 -0.30504 0.94500
vn 0.13995 -0.30239 0.94285
vn 0.19877 -0.29191 0.93556
vn 0.26545 -0.28066 0.92237
vn 0.33281 -0.27286 0.90265
vn 0.40189 -0.27231 0.87426
vn 0.47484 -0.28085 0.83406
vn 0.55446 -0.29655 0.77758
vn 0.64286 -0.31278 0.69921
vn 0.73927 -0.31901 0.59305
vn 0.83739 -0.30311 0.45486
vn 0.92336 -0.25624 0.28591
vn 0.97885 -0.17995 0.09728
vn 0.99286 -0.11581 0.02845
vn 0.99043 0.03922 -0.13230
vn 0.97218 0.10908 -0.20730
vn 0.91726 0.13252 -0.37559
vn 0.84308 0.13833 -0.51970
vn 0.75859 0.13105 -0.63825
vn 0.67037 0.11615 -0.73288
vn 0.58260 0.09803 -0.80683
vn 0.49757 0.07943 -0.86378
vn 0.41319 0.06145 -0.90857
vn 0.28438 0.04032 -0.95786
vn 0.11046 0.01912 -0.99370
vn 0.18212 0.02261 -0.98302
vn 0.45634 0.06281 -0.88759
vn 0.46003 0.10830 -0.88127
vn 0.00778 0.08370 -0.99646
vn -0.46264 0.01203 -0.88647
vn -0.46231 0.01251 -0.88663
vn -0.18321 0.01731 -0.98292
vn -0.11038 0.01872 -0.99371
vn -0.28413 0.03996 -0.95795
vn -0.41288 0.06099 -0.90874
vn -0.49716 0.07860 -0.86409
vn -0.58207 0.09634 -0.80741
vn -0.66970 0.11270 -0.73404
vn -0.75790 0.12451 -0.64038
vn -0.84276 0.12711 -0.52306
vn -0.91787 0.11532 -0.37976
vn -0.97374 0.08574 -0.21090
vn -0.99895 0.03999 -0.02245
vn -0.98500 -0.01346 0.17203
vn -0.93294 -0.06213 0.35462
vn -0.85398 -0.09636 0.51130
vn -0.76239 -0.11388 0.63702
vn -0.66881 -0.11898 0.73385
vn -0.57866 -0.11860 0.80690
vn -0.49370 -0.11886 0.86147
vn -0.41379 -0.12316 0.90200
vn -0.33817 -0.13193 0.93179
vn -0.26604 -0.14348 0.95322
vn -0.19676 -0.15528 0.96808
vn -0.13782 -0.16442 0.97672
vn -0.12150 -0.16468 0.97884
vn -0.00303 -0.15679 0.98763
vn 0.12539 -0.16285 0.97865
vn 0.13920 -0.16119 0.97706
vn 0.19722 -0.15145 0.96859
vn 0.26601 -0.14025 0.95371
vn 0.33764 -0.13059 0.93217
vn 0.41298 -0.12457 0.90218
vn 0.49310 -0.12279 0.86126
vn 0.57892 -0.12331 0.80601
vn 0.67043 -0.12130 0.73199
vn 0.76537 -0.11011 0.63410
vn 0.85747 -0.08379 0.50767
vn 0.93538 -0.04071 0.35128
vn 0.98526 0.01355 0.17054
vn 0.99135 0.09478 0.09080
vn 0.97548 0.19671 -0.09871
vn 0.96086 0.20072 -0.19091
vn 0.91104 0.19054 -0.36565
vn 0.83907 0.17325 -0.51571
vn 0.75490 0.15200 -0.63799
vn 0.66641 0.12959 -0.73424
vn 0.57843 0.10788 -0.80856
vn 0.49334 0.08767 -0.86540
vn 0.40906 0.06883 -0.90991
vn 0.28107 0.04688 -0.95854
vn 0.10896 0.02476 -0.99374
vn 0.17945 0.02259 -0.98351
vn 0.44661 0.00118 -0.89473
vn 0.42287 -0.13315 -0.89636
vn -0.03195 -0.28247 -0.95874
vn -0.41826 -0.17674 -0.89097
vn -0.42371 -0.02336 -0.90550
vn -0.17635 0.01978 -0.98413
vn -0.10877 0.02461 -0.99376
vn -0.28078 0.04684 -0.95863
vn -0.40874 0.06884 -0.91005
vn -0.49300 0.08775 -0.86559
vn -0.57813 0.10793 -0.80877
vn -0.66612 0.12942 -0.73453
vn -0.75460 0.15138 -0.63849
vn -0.83883 0.17202 -0.51651
vn -0.91102 0.18859 -0.36672
vn -0.96119 0.19808 -0.19204
vn -0.98013 0.19832 -0.00190
vn -0.96359 0.18910 0.18902
vn -0.91471 0.17237 0.36550
vn -0.84241 0.15129 0.51716
vn -0.75716 0.12879 0.64041
vn -0.66745 0.10675 0.73696
vn -0.57867 0.08605 0.81101
vn -0.49349 0.06702 0.86717
vn -0.41283 0.04980 0.90945
vn -0.33664 0.03461 0.94100
vn -0.26441 0.02173 0.96416
vn -0.19546 0.01145 0.98065
vn -0.13801 0.00487 0.99042
vn -0.12794 0.00661 0.99176
vn -0.00351 0.01544 0.99987
vn 0.13088 0.00690 0.99137
vn 0.13862 0.00533 0.99033
vn 0.19543 0.01197 0.98065
vn 0.26431 0.02220 0.96418
vn 0.33647 0.03486 0.94105
vn 0.41261 0.04972 0.90955
vn 0.49328 0.06664 0.86731
vn 0.57852 0.08559 0.81117
vn 0.66737 0.10659 0.73706
vn 0.75706 0.12934 0.64042
vn 0.84216 0.15282 0.51712
vn 0.91420 0.17484 0.36562
vn 0.96290 0.19214 0.18949
vn 0.97417 0.20416 0.09653
vn 0.97255 0.21165 -0.09665
vn 0.95950 0.20648 -0.19162
vn 0.90942 0.19324 -0.36825
vn 0.83664 0.17420 -0.51931
vn 0.75171 0.15246 -0.64163
vn 0.66282 0.13057 -0.73731
vn 0.57470 0.10998 -0.81094
vn 0.48947 0.09096 -0.86726
vn 0.40509 0.07294 -0.91136
vn 0.27772 0.05146 -0.95928
vn 0.10721 0.02954 -0.99380
vn 0.17109 0.02456 -0.98495
vn 0.39328 -0.01606 -0.91928
vn 0.34119 -0.14082 -0.92939
vn -0.02272 -0.18990 -0.98154
vn -0.34203 -0.05798 -0.93790
vn -0.37680 0.02585 -0.92594
vn -0.16913 0.02850 -0.98518
vn -0.10703 0.02967 -0.99381
vn -0.27737 0.05158 -0.95938
vn -0.40466 0.07315 -0.91153
vn -0.48904 0.09139 -0.86746
vn -0.57439 0.11054 -0.81108
vn -0.66258 0.13111 -0.73742
vn -0.75144 0.15286 -0.64185
vn -0.83633 0.17446 -0.51973
vn -0.90913 0.19339 -0.36888
vn -0.95933 0.20656 -0.19239
vn -0.97742 0.21129 -0.00039
vn -0.95948 0.20651 0.19169
vn -0.90936 0.19325 0.36839
vn -0.83645 0.17408 0.51967
vn -0.75117 0.15188 0.64240
vn -0.66178 0.12904 0.73851
vn -0.57342 0.10715 0.81222
vn -0.48871 0.08715 0.86808
vn -0.40857 0.06953 0.91007
vn -0.33298 0.05454 0.94136
vn -0.26142 0.04226 0.96430
vn -0.19319 0.03273 0.98062
vn -0.13727 0.02686 0.99017
vn -0.13238 0.02899 0.99077
vn -0.00346 0.03777 0.99928
vn 0.13513 0.02902 0.99040
vn 0.13778 0.02698 0.99010
vn 0.19311 0.03289 0.98062
vn 0.26132 0.04247 0.96432
vn 0.33284 0.05479 0.94139
vn 0.40840 0.06981 0.91013
vn 0.48849 0.08745 0.86817
vn 0.57315 0.10745 0.81237
vn 0.66146 0.12932 0.73875
vn 0.75081 0.15213 0.64276
vn 0.83609 0.17427 0.52017
vn 0.90907 0.19338 0.36905
vn 0.95931 0.20657 0.19247
vn 0.97306 0.20893 0.09745
vn 0.97493 0.19981 -0.09792
vn 0.96180 0.19311 -0.19404
vn 0.91033 0.18084 -0.37228
vn 0.83600 0.16340 -0.52383
vn 0.74995 0.14385 -0.64567
vn 0.66052 0.12470 -0.74038
vn 0.57213 0.10709 -0.81314
vn 0.48647 0.09077 -0.86897
vn 0.40154 0.07463 -0.91280
vn 0.27441 0.05448 -0.96007
vn 0.10538 0.03368 -0.99386
vn 0.16642 0.03260 -0.98552
vn 0.37077 0.03763 -0.92796
vn 0.32187 0.03140 -0.94626
vn 0.00020 0.02784 -0.99961
vn -0.32163 0.03183 -0.94633
vn -0.37088 0.03782 -0.92791
vn -0.16693 0.03216 -0.98544
vn -0.10526 0.03375 -0.99387
vn -0.27399 0.05469 -0.96018
vn -0.40095 0.07498 -0.91303
vn -0.48590 0.09146 -0.86921
vn -0.57181 0.10801 -0.81325
vn -0.66036 0.12557 -0.74038
vn -0.74975 0.14453 -0.64575
vn -0.83572 0.16385 -0.52415
vn -0.91005 0.18112 -0.37284
vn -0.96163 0.19325 -0.19475
vn -0.98028 0.19761 -0.00037
vn -0.96178 0.19312 0.19410
vn -0.91026 0.18079 0.37248
vn -0.83569 0.16309 0.52443
vn -0.74901 0.14273 0.64700
vn -0.65870 0.12193 0.74246
vn -0.56990 0.10211 0.81534
vn -0.48514 0.08410 0.87038
vn -0.40522 0.06830 0.91166
vn -0.33003 0.05490 0.94237
vn -0.25898 0.04396 0.96488
vn -0.19133 0.03549 0.98088
vn -0.13674 0.03037 0.99014
vn -0.13668 0.03275 0.99007
vn -0.00329 0.04131 0.99914
vn 0.13928 0.03273 0.98971
vn 0.13721 0.03053 0.99007
vn 0.19125 0.03575 0.98089
vn 0.25888 0.04430 0.96489
vn 0.32989 0.05531 0.94240
vn 0.40505 0.06876 0.91171
vn 0.48492 0.08459 0.87046
vn 0.56963 0.10261 0.81547
vn 0.65838 0.12241 0.74267
vn 0.74866 0.14316 0.64731
vn 0.83533 0.16344 0.52488
vn 0.90996 0.18105 0.37309
vn 0.96161 0.19325 0.19483
vn 0.97613 0.19348 0.09869
vn 0.97913 0.17735 -0.09923
vn 0.96575 0.16944 -0.19649
vn 0.91278 0.15888 -0.37630
vn 0.83681 0.14412 -0.52819
vn 0.74966 0.12812 -0.64930
vn 0.65984 0.11323 -0.74283
vn 0.57116 0.10021 -0.81470
vn 0.48467 0.08795 -0.87027
vn 0.39854 0.07458 -0.91411
vn 0.27111 0.05634 -0.96090
vn 0.10336 0.03702 -0.99395
vn 0.16417 0.03518 -0.98581
vn 0.36767 0.03882 -0.92914
vn 0.31933 0.03367 -0.94704
vn 0.00022 0.03119 -0.99951
vn -0.31913 0.03419 -0.94709
vn -0.36787 0.03901 -0.92906
vn -0.16478 0.03456 -0.98572
vn -0.10326 0.03707 -0.99396
vn -0.27059 0.05657 -0.96103
vn -0.39772 0.07502 -0.91444
vn -0.48390 0.08892 -0.87060
vn -0.57082 0.10152 -0.81477
vn -0.65980 0.11448 -0.74267
vn -0.74959 0.12908 -0.64919
vn -0.83659 0.14477 -0.52835
vn -0.91252 0.15928 -0.37674
vn -0.96559 0.16964 -0.19710
vn -0.98486 0.17336 -0.00032
vn -0.96574 0.16943 0.19657
vn -0.91266 0.15876 0.37661
vn -0.83627 0.14356 0.52920
vn -0.74803 0.12621 0.65156
vn -0.65665 0.10863 0.74634
vn -0.56729 0.09199 0.81837
vn -0.48235 0.07695 0.87259
vn -0.40254 0.06383 0.91317
vn -0.32764 0.05275 0.94333
vn -0.25699 0.04372 0.96542
vn -0.18981 0.03676 0.98113
vn -0.13640 0.03267 0.99012
vn -0.14081 0.03532 0.98941
vn -0.00305 0.04350 0.99905
vn 0.14320 0.03523 0.98907
vn 0.13683 0.03287 0.99005
vn 0.18972 0.03711 0.98114
vn 0.25689 0.04418 0.96543
vn 0.32751 0.05329 0.94334
vn 0.40238 0.06445 0.91320
vn 0.48215 0.07761 0.87265
vn 0.56703 0.09266 0.81847
vn 0.65635 0.10928 0.74650
vn 0.74770 0.12682 0.65182
vn 0.83594 0.14406 0.52958
vn 0.91238 0.15913 0.37714
vn 0.96558 0.16962 0.19720
vn 0.98077 0.16764 0.09991
vn 0.98430 0.14513 -0.10044
vn 0.97052 0.13643 -0.19870
vn 0.91611 0.12831 -0.37983
vn 0.83871 0.11731 -0.53180
vn 0.75084 0.10616 -0.65189
vn 0.66105 0.09706 -0.74404
vn 0.57222 0.09026 -0.81512
vn 0.48439 0.08343 -0.87086
vn 0.39617 0.07361 -0.91522
vn 0.26769 0.05760 -0.96178
vn 0.10091 0.03987 -0.99410
vn 0.16183 0.03703 -0.98612
vn 0.36749 0.04925 -0.92872
vn 0.33434 0.13295 -0.93303
vn 0.02484 0.27091 -0.96228
vn -0.33043 0.22429 -0.91679
vn -0.38467 0.09761 -0.91788
vn -0.16514 0.04126 -0.98541
vn -0.10091 0.03995 -0.99409
vn -0.26704 0.05777 -0.96195
vn -0.39500 0.07412 -0.91569
vn -0.48333 0.08470 -0.87133
vn -0.57187 0.09200 -0.81517
vn -0.66122 0.09872 -0.74367
vn -0.75098 0.10740 -0.65153
vn -0.83862 0.11814 -0.53176
vn -0.91592 0.12882 -0.38012
vn -0.97038 0.13669 -0.19918
vn -0.99022 0.13951 -0.00025
vn -0.97050 0.13641 0.19882
vn -0.91593 0.12811 0.38035
vn -0.83777 0.11639 0.53347
vn -0.74802 0.10314 0.65561
vn -0.65559 0.08982 0.74976
vn -0.56563 0.07732 0.82103
vn -0.48045 0.06611 0.87453
vn -0.40065 0.05638 0.91449
vn -0.32592 0.04821 0.94417
vn -0.25554 0.04159 0.96590
vn -0.18869 0.03651 0.98136
vn -0.13628 0.03366 0.99010
vn -0.14472 0.03655 0.98880
vn -0.00274 0.04417 0.99902
vn 0.14685 0.03639 0.98849
vn 0.13666 0.03389 0.99004
vn 0.18861 0.03693 0.98136
vn 0.25544 0.04214 0.96591
vn 0.32580 0.04886 0.94418
vn 0.40050 0.05712 0.91451
vn 0.48027 0.06690 0.87457
vn 0.56541 0.07814 0.82110
vn 0.65533 0.09062 0.74988
vn 0.74774 0.10388 0.65581
vn 0.83749 0.11701 0.53377
vn 0.91569 0.12857 0.38077
vn 0.97036 0.13665 0.19932
vn 0.98603 0.13246 0.10099
vn 0.98933 0.10461 -0.10140
vn 0.97504 0.09562 -0.20037
vn 0.91956 0.09059 -0.38236
vn 0.84126 0.08427 -0.53403
vn 0.75343 0.07915 -0.65275
vn 0.66448 0.07730 -0.74330
vn 0.57580 0.07834 -0.81383
vn 0.48600 0.07834 -0.87044
vn 0.39442 0.07273 -0.91605
vn 0.26392 0.05894 -0.96274
vn 0.09789 0.04264 -0.99428
vn 0.16450 0.04294 -0.98544
vn 0.41055 0.09806 -0.90655
vn 0.40600 0.24162 -0.88135
vn 0.02995 0.32613 -0.94485
vn -0.41282 0.17875 -0.89310
vn -0.43400 0.06319 -0.89869
vn -0.16871 0.03833 -0.98492
vn -0.09797 0.04232 -0.99429
vn -0.26309 0.05894 -0.96297
vn -0.39277 0.07325 -0.91672
vn -0.48452 0.07991 -0.87112
vn -0.57545 0.08055 -0.81386
vn -0.66494 0.07937 -0.74266
vn -0.75388 0.08067 -0.65204
vn -0.84135 0.08526 -0.53372
vn -0.91946 0.09119 -0.38246
vn -0.97495 0.09592 -0.20068
vn -0.99522 0.09761 -0.00016
vn -0.97501 0.09558 0.20056
vn -0.91924 0.09028 0.38320
vn -0.83968 0.08289 0.53672
vn -0.74871 0.07464 0.65868
vn -0.65540 0.06645 0.75235
vn -0.56491 0.05886 0.82305
vn -0.47948 0.05212 0.87600
vn -0.39962 0.04635 0.91551
vn -0.32494 0.04154 0.94482
vn -0.25471 0.03769 0.96628
vn -0.18804 0.03475 0.98155
vn -0.13642 0.03331 0.99009
vn -0.14839 0.03636 0.98826
vn -0.00237 0.04324 0.99906
vn 0.15022 0.03613 0.98799
vn 0.13673 0.03354 0.99004
vn 0.18796 0.03522 0.98155
vn 0.25462 0.03829 0.96628
vn 0.32484 0.04226 0.94482
vn 0.39949 0.04716 0.91552
vn 0.47934 0.05300 0.87603
vn 0.56474 0.05977 0.82310
vn 0.65521 0.06735 0.75244
vn 0.74850 0.07548 0.65882
vn 0.83948 0.08360 0.53693
vn 0.91907 0.09081 0.38349
vn 0.97491 0.09586 0.20091
vn 0.99077 0.08960 0.10176
vn 0.99214 0.07268 -0.10185
vn 0.97690 0.06652 -0.20306
vn 0.92121 0.05854 -0.38464
vn 0.84323 0.05288 -0.53494
vn 0.75693 0.05173 -0.65145
vn 0.67025 0.05672 -0.73997
vn 0.58238 0.06633 -0.81021
vn 0.48980 0.07414 -0.86868
vn 0.39322 0.07309 -0.91653
vn 0.25945 0.06111 -0.96382
vn 0.09380 0.04535 -0.99456
vn 0.16518 0.03900 -0.98549
vn 0.43958 0.04040 -0.89729
vn 0.44044 0.00308 -0.89777
vn -0.01306 -0.09868 -0.99503
vn -0.43813 -0.09341 -0.89404
vn -0.43137 -0.01062 -0.90211
vn -0.16496 0.03238 -0.98577
vn -0.09386 0.04470 -0.99458
vn -0.25837 0.06084 -0.96413
vn -0.39092 0.07354 -0.91748
vn -0.48779 0.07590 -0.86965
vn -0.58208 0.06874 -0.81022
vn -0.67124 0.05861 -0.73892
vn -0.75797 0.05235 -0.65018
vn -0.84384 0.05201 -0.53407
vn -0.92155 0.05613 -0.38419
vn -0.97720 0.06266 -0.20289
vn -0.99755 0.06987 -0.00226
vn -0.97706 0.07611 0.19890
vn -0.92064 0.07995 0.38213
vn -0.84025 0.08065 0.53617
vn -0.74852 0.07835 0.65847
vn -0.65469 0.07398 0.75227
vn -0.56398 0.06876 0.82292
vn -0.47857 0.06382 0.87572
vn -0.39888 0.05992 0.91504
vn -0.32442 0.05733 0.94417
vn -0.25439 0.05596 0.96548
vn -0.18787 0.05549 0.98062
vn -0.13685 0.05604 0.98901
vn -0.15165 0.05967 0.98663
vn -0.00200 0.06602 0.99782
vn 0.15299 0.05966 0.98642
vn 0.13699 0.05683 0.98894
vn 0.18774 0.05663 0.98058
vn 0.25431 0.05714 0.96543
vn 0.32439 0.05831 0.94412
vn 0.39886 0.06052 0.91501
vn 0.47851 0.06405 0.87574
vn 0.56378 0.06888 0.82305
vn 0.65429 0.07450 0.75257
vn 0.74791 0.07986 0.65897
vn 0.83955 0.08356 0.53681
vn 0.92000 0.08422 0.38276
vn 0.97657 0.08114 0.19932
vn 0.99235 0.07603 0.09727
vn 0.97860 0.17458 -0.10888
vn 0.95695 0.18569 -0.22310
vn 0.90857 0.12857 -0.39746
vn 0.83669 0.08834 -0.54050
vn 0.75655 0.06775 -0.65042
vn 0.67578 0.06553 -0.73418
vn 0.59065 0.07571 -0.80337
vn 0.49499 0.08618 -0.86461
vn 0.39177 0.08530 -0.91610
vn 0.25355 0.07039 -0.96476
vn 0.08801 0.05042 -0.99484
vn 0.15718 0.03435 -0.98697
vn 0.40638 -0.01965 -0.91349
vn 0.37278 -0.16684 -0.91280
vn -0.03025 -0.26933 -0.96257
vn -0.37290 -0.13604 -0.91784
vn -0.38500 -0.00371 -0.92291
vn -0.15537 0.03516 -0.98723
vn -0.08816 0.04858 -0.99492
vn -0.25218 0.06822 -0.96527
vn -0.38874 0.08399 -0.91751
vn -0.49251 0.08605 -0.86604
vn -0.59083 0.07553 -0.80326
vn -0.67819 0.06296 -0.73218
vn -0.75963 0.06047 -0.64753
vn -0.83995 0.07444 -0.53754
vn -0.91256 0.10677 -0.39476
vn -0.96256 0.15656 -0.22126
vn -0.97557 0.21781 -0.02853
vn -0.94618 0.27823 0.16533
vn -0.88188 0.32402 0.34249
vn -0.79791 0.34696 0.49291
vn -0.70799 0.34700 0.61509
vn -0.61995 0.33001 0.71187
vn -0.53670 0.30454 0.78690
vn -0.45865 0.27895 0.84370
vn -0.38523 0.25918 0.88568
vn -0.31561 0.24771 0.91599
vn -0.24900 0.24389 0.93729
vn -0.18479 0.24528 0.95168
vn -0.13519 0.24981 0.95881
vn -0.15016 0.25602 0.95494
vn -0.00193 0.26326 0.96472
vn 0.14997 0.25738 0.95460
vn 0.13434 0.25329 0.95802
vn 0.18408 0.24946 0.95073
vn 0.24880 0.24738 0.93643
vn 0.31599 0.24905 0.91549
vn 0.38604 0.25739 0.88584
vn 0.45943 0.27423 0.84482
vn 0.53669 0.29878 0.78911
vn 0.61817 0.32657 0.71499
vn 0.70354 0.34982 0.61859
vn 0.79046 0.35918 0.49615
vn 0.87229 0.34652 0.34501
vn 0.93647 0.30861 0.16668
vn 0.94613 0.32022 0.04791
vn 0.91867 0.35611 -0.17096
vn 0.91032 0.29854 -0.28670
vn 0.87328 0.21126 -0.43904
vn 0.81411 0.14819 -0.56148
vn 0.74694 0.11340 -0.65515
vn 0.67751 0.10485 -0.72800
vn 0.59811 0.11353 -0.79333
vn 0.49954 0.12204 -0.85765
vn 0.38830 0.11487 -0.91435
vn 0.24491 0.08925 -0.96543
vn 0.07999 0.05818 -0.99510
vn 0.14642 0.03927 -0.98844
vn 0.36612 0.00846 -0.93053
vn 0.32382 -0.05788 -0.94435
vn -0.01142 -0.08272 -0.99651
vn -0.32362 -0.01558 -0.94606
vn -0.35881 0.02946 -0.93295
vn -0.14705 0.04117 -0.98827
vn -0.08033 0.05529 -0.99523
vn -0.24315 0.08556 -0.96621
vn -0.38433 0.11241 -0.91633
vn -0.49627 0.12165 -0.85960
vn -0.59839 0.11487 -0.79293
vn -0.68078 0.10645 -0.72471
vn -0.75098 0.11445 -0.65033
vn -0.81770 0.14905 -0.55602
vn -0.87582 0.21254 -0.43331
vn -0.91113 0.30032 -0.28222
vn -0.91085 0.39806 -0.10909
vn -0.87210 0.48377 0.07361
vn -0.80434 0.53891 0.25022
vn -0.72273 0.55753 0.40844
vn -0.63947 0.54507 0.54220
vn -0.56099 0.51256 0.65006
vn -0.48923 0.47221 0.73326
vn -0.42353 0.43459 0.79483
vn -0.36186 0.40660 0.83889
vn -0.30196 0.39050 0.86967
vn -0.24227 0.38456 0.89074
vn -0.18222 0.38502 0.90474
vn -0.13387 0.38905 0.91144
vn -0.14475 0.39360 0.90782
vn -0.00167 0.39836 0.91723
vn 0.14353 0.39263 0.90843
vn 0.13259 0.38814 0.91201
vn 0.18154 0.38389 0.90535
vn 0.24246 0.38344 0.89117
vn 0.30290 0.38957 0.86976
vn 0.36299 0.40587 0.83875
vn 0.42394 0.43378 0.79505
vn 0.48805 0.47084 0.73493
vn 0.55801 0.51025 0.65442
vn 0.63554 0.54197 0.54987
vn 0.71946 0.55436 0.41841
vn 0.80313 0.53630 0.25955
vn 0.87279 0.48169 0.07879
vn 0.90037 0.43217 -0.05058
vn 0.93922 0.21518 -0.26750
vn 0.92952 0.12253 -0.34782
vn 0.87065 0.11682 -0.47784
vn 0.80707 0.11375 -0.57939
vn 0.74516 0.11730 -0.65648
vn 0.68397 0.13197 -0.71748
vn 0.60840 0.15344 -0.77866
vn 0.50442 0.16425 -0.84769
vn 0.38258 0.14963 -0.91173
vn 0.23298 0.11018 -0.96622
vn 0.06950 0.06553 -0.99543
vn 0.13665 0.04506 -0.98959
vn 0.35132 0.03908 -0.93544
vn 0.31219 0.03085 -0.94952
vn 0.00007 0.02701 -0.99964
vn -0.31251 0.02955 -0.94946
vn -0.35280 0.03788 -0.93493
vn -0.13886 0.04471 -0.98930
vn -0.06998 0.06263 -0.99558
vn -0.23068 0.10649 -0.96719
vn -0.37726 0.14738 -0.91430
vn -0.49952 0.16533 -0.85038
vn -0.60723 0.15899 -0.77846
vn -0.68544 0.14218 -0.71411
vn -0.74600 0.13391 -0.65235
vn -0.80540 0.14066 -0.57580
vn -0.86593 0.15786 -0.47460
vn -0.92152 0.17840 -0.34492
vn -0.96384 0.19582 -0.18076
vn -0.97882 0.20350 0.02217
vn -0.94810 0.19583 0.25052
vn -0.86674 0.17307 0.46777
vn -0.75536 0.14318 0.63947
vn -0.64245 0.11538 0.75759
vn -0.54404 0.09434 0.83374
vn -0.46233 0.08034 0.88306
vn -0.39254 0.07137 0.91696
vn -0.32840 0.06500 0.94230
vn -0.26524 0.05946 0.96235
vn -0.20086 0.05402 0.97813
vn -0.14769 0.04920 0.98781
vn -0.15656 0.04605 0.98659
vn -0.00037 0.04360 0.99905
vn 0.15670 0.04079 0.98680
vn 0.14767 0.04066 0.98820
vn 0.20086 0.04381 0.97864
vn 0.26530 0.05053 0.96284
vn 0.32845 0.06053 0.94258
vn 0.39242 0.07344 0.91685
vn 0.46190 0.08838 0.88252
vn 0.54326 0.10415 0.83308
vn 0.64174 0.11940 0.75757
vn 0.75598 0.13239 0.64107
vn 0.87076 0.14071 0.47114
vn 0.95672 0.14216 0.25391
vn 0.99026 0.13729 0.02327
vn 0.99505 0.03923 -0.09126
vn 0.96330 -0.09584 -0.25074
vn 0.95245 -0.03447 -0.30274
vn 0.89302 0.04446 -0.44782
vn 0.82410 0.09543 -0.55835
vn 0.76021 0.13072 -0.63639
vn 0.70102 0.16472 -0.69386
vn 0.62466 0.19698 -0.75565
vn 0.51113 0.20798 -0.83396
vn 0.37529 0.18358 -0.90855
vn 0.21806 0.12928 -0.96733
vn 0.05662 0.07139 -0.99584
vn 0.12574 0.04727 -0.99094
vn 0.34504 0.04559 -0.93748
vn 0.31602 0.07060 -0.94612
vn 0.01021 0.12450 -0.99217
vn -0.31616 0.10837 -0.94250
vn -0.35389 0.06475 -0.93304
vn -0.12934 0.04895 -0.99039
vn -0.05723 0.06855 -0.99601
vn -0.21522 0.12516 -0.96851
vn -0.36869 0.18009 -0.91194
vn -0.50482 0.20704 -0.83803
vn -0.62265 0.19911 -0.75674
vn -0.70207 0.16795 -0.69202
vn -0.76049 0.13360 -0.63546
vn -0.82218 0.09861 -0.56063
vn -0.89027 0.04943 -0.45274
vn -0.95107 -0.02701 -0.30779
vn -0.98347 -0.13017 -0.12586
vn -0.96719 -0.24043 0.08209
vn -0.89924 -0.32846 0.28895
vn -0.79985 -0.37662 0.46733
vn -0.69443 -0.38733 0.60643
vn -0.59776 -0.37366 0.70926
vn -0.51369 -0.34990 0.78338
vn -0.44020 -0.32755 0.83602
vn -0.37336 -0.31379 0.87301
vn -0.30959 -0.31083 0.89863
vn -0.24677 -0.31667 0.91587
vn -0.18422 -0.32707 0.92687
vn -0.13430 -0.33813 0.93147
vn -0.14521 -0.34546 0.92713
vn 0.00105 -0.35140 0.93622
vn 0.14674 -0.34667 0.92644
vn 0.13554 -0.33943 0.93082
vn 0.18476 -0.32862 0.92621
vn 0.24642 -0.31816 0.91545
vn 0.30850 -0.31185 0.89865
vn 0.37210 -0.31410 0.87343
vn 0.43976 -0.32733 0.83634
vn 0.51503 -0.34985 0.78253
vn 0.60117 -0.37476 0.70580
vn 0.69889 -0.39033 0.59933
vn 0.80319 -0.38174 0.45734
vn 0.89962 -0.33554 0.27946
vn 0.96537 -0.24912 0.07744
vn 0.98352 -0.18069 0.00650
vn 0.98746 0.01875 -0.15672
vn 0.96601 0.12065 -0.22862
vn 0.90459 0.15832 -0.39580
vn 0.83398 0.17743 -0.52249
vn 0.77187 0.19354 -0.60560
vn 0.71745 0.22002 -0.66095
vn 0.64149 0.24975 -0.72534
vn 0.51763 0.25375 -0.81711
vn 0.36599 0.21542 -0.90534
vn 0.20036 0.14527 -0.96889
vn 0.04163 0.07532 -0.99629
vn 0.11475 0.05016 -0.99213
vn 0.35613 0.07591 -0.93135
vn 0.35387 0.18919 -0.91596
vn 0.02903 0.31514 -0.94860
vn -0.35323 0.22681 -0.90763
vn -0.37957 0.09706 -0.92006
vn -0.12073 0.05226 -0.99131
vn -0.04238 0.07277 -0.99645
vn -0.19713 0.14107 -0.97018
vn -0.35844 0.21097 -0.90940
vn -0.51052 0.25114 -0.82238
vn -0.63983 0.24937 -0.72693
vn -0.72017 0.21841 -0.65852
vn -0.77482 0.18670 -0.60398
vn -0.83566 0.16311 -0.52448
vn -0.90620 0.13546 -0.40058
vn -0.96828 0.08942 -0.23332
vn -0.99916 0.02201 -0.03454
vn -0.98304 -0.05498 0.17497
vn -0.92113 -0.12205 0.36963
vn -0.83066 -0.16544 0.53163
vn -0.73104 -0.18388 0.65709
vn -0.63412 -0.18502 0.75078
vn -0.54427 -0.17914 0.81956
vn -0.46184 -0.17473 0.86958
vn -0.38564 -0.17638 0.90563
vn -0.31428 -0.18461 0.93121
vn -0.24665 -0.19715 0.94884
vn -0.18204 -0.21064 0.96047
vn -0.13271 -0.22212 0.96595
vn -0.14866 -0.22923 0.96195
vn 0.00133 -0.23537 0.97190
vn 0.14928 -0.22797 0.96216
vn 0.13359 -0.21863 0.96662
vn 0.18261 -0.20648 0.96126
vn 0.24664 -0.19382 0.94953
vn 0.31362 -0.18367 0.93162
vn 0.38457 -0.17888 0.90560
vn 0.46093 -0.18044 0.86890
vn 0.54437 -0.18592 0.81798
vn 0.63607 -0.18896 0.74814
vn 0.73522 -0.18023 0.65343
vn 0.83630 -0.15031 0.52726
vn 0.92599 -0.09467 0.36550
vn 0.98474 -0.01930 0.17294
vn 0.99090 0.09786 0.09245
vn 0.95981 0.25959 -0.10667
vn 0.94086 0.27307 -0.20055
vn 0.88970 0.26136 -0.37433
vn 0.82758 0.24696 -0.50410
vn 0.77506 0.24546 -0.58226
vn 0.73079 0.26680 -0.62830
vn 0.65791 0.29548 -0.69271
vn 0.52382 0.29249 -0.80004
vn 0.35512 0.23980 -0.90354
vn 0.18062 0.15519 -0.97123
vn 0.02515 0.07595 -0.99679
vn 0.10503 0.05094 -0.99316
vn 0.38962 0.09075 -0.91650
vn 0.41381 0.16384 -0.89550
vn 0.01458 0.16677 -0.98589
vn -0.41949 0.06637 -0.90533
vn -0.40389 0.03980 -0.91394
vn -0.10974 0.04590 -0.99290
vn -0.02593 0.07394 -0.99693
vn -0.17711 0.15156 -0.97245
vn -0.34683 0.23535 -0.90792
vn -0.51595 0.28996 -0.80605
vn -0.65614 0.29651 -0.69394
vn -0.73399 0.26897 -0.62363
vn -0.77859 0.24592 -0.57734
vn -0.82938 0.24493 -0.50214
vn -0.89063 0.25738 -0.37488
vn -0.94204 0.26783 -0.20205
vn -0.96387 0.26637 -0.00310
vn -0.94730 0.25069 0.19944
vn -0.89516 0.22395 0.38539
vn -0.81822 0.19159 0.54204
vn -0.72903 0.15835 0.66591
vn -0.63726 0.12690 0.76013
vn -0.54845 0.09805 0.83042
vn -0.46489 0.07182 0.88245
vn -0.38703 0.04812 0.92081
vn -0.31439 0.02712 0.94891
vn -0.24619 0.00919 0.96918
vn -0.18158 -0.00522 0.98336
vn -0.13262 -0.01525 0.99105
vn -0.14944 -0.02203 0.98853
vn 0.00138 -0.02939 0.99957
vn 0.14850 -0.02248 0.98866
vn 0.13250 -0.01489 0.99107
vn 0.18158 -0.00478 0.98336
vn 0.24610 0.00935 0.96920
vn 0.31419 0.02673 0.94898
vn 0.38678 0.04702 0.92097
vn 0.46468 0.07008 0.88270
vn 0.54838 0.09612 0.83068
vn 0.63736 0.12555 0.76027
vn 0.72912 0.15845 0.66579
vn 0.81796 0.19370 0.54169
vn 0.89423 0.22806 0.38516
vn 0.94576 0.25614 0.19982
vn 0.95404 0.28168 0.10228
vn 0.94404 0.31399 -0.10101
vn 0.92961 0.31041 -0.19868
vn 0.88138 0.29065 -0.37241
vn 0.82401 0.27097 -0.49758
vn 0.78054 0.26918 -0.56418
vn 0.74695 0.29478 -0.59597
vn 0.67718 0.32641 -0.65946
vn 0.53175 0.31718 -0.78526
vn 0.34417 0.25004 -0.90500
vn 0.16015 0.15305 -0.97516
vn 0.00795 0.06783 -0.99766
vn 0.09005 0.03670 -0.99526
vn 0.38290 0.01217 -0.92371
vn 0.39112 -0.12790 -0.91141
vn -0.02821 -0.29613 -0.95473
vn -0.38538 -0.20347 -0.90005
vn -0.36393 -0.03042 -0.93093
vn -0.09040 0.03291 -0.99536
vn -0.00865 0.06673 -0.99773
vn -0.15652 0.14997 -0.97622
vn -0.33546 0.24516 -0.90959
vn -0.52343 0.31357 -0.79227
vn -0.67539 0.32670 -0.66115
vn -0.75037 0.29711 -0.59048
vn -0.78430 0.27087 -0.55813
vn -0.82568 0.27132 -0.49460
vn -0.88164 0.29034 -0.37203
vn -0.92953 0.31013 -0.19951
vn -0.94804 0.31814 -0.00017
vn -0.92917 0.30988 0.20152
vn -0.87687 0.28687 0.38574
vn -0.80180 0.25381 0.54102
vn -0.71540 0.21591 0.66452
vn -0.62629 0.17729 0.75917
vn -0.53954 0.14059 0.83014
vn -0.45748 0.10729 0.88272
vn -0.38077 0.07811 0.92136
vn -0.30916 0.05337 0.94951
vn -0.24198 0.03316 0.96971
vn -0.17841 0.01748 0.98380
vn -0.12998 0.00681 0.99149
vn -0.14463 -0.00105 0.98949
vn 0.00179 -0.01034 0.99994
vn 0.14316 -0.00193 0.98970
vn 0.12967 0.00641 0.99154
vn 0.17837 0.01702 0.98382
vn 0.24192 0.03255 0.96975
vn 0.30906 0.05263 0.94958
vn 0.38063 0.07726 0.92149
vn 0.45729 0.10636 0.88294
vn 0.53930 0.13960 0.83046
vn 0.62601 0.17629 0.75963
vn 0.71510 0.21496 0.66515
vn 0.80150 0.25298 0.54184
vn 0.87663 0.28625 0.38676
vn 0.92903 0.30955 0.20268
vn 0.94217 0.31896 0.10283
vn 0.94029 0.32462 -0.10233
vn 0.92653 0.31786 -0.20127
vn 0.87849 0.29596 -0.37506
vn 0.82444 0.27485 -0.49473
vn 0.78997 0.27468 -0.54818
vn 0.76745 0.30458 -0.56414
vn 0.70109 0.33722 -0.62830
vn 0.54334 0.31824 -0.77686
vn 0.33453 0.23373 -0.91294
vn 0.14014 0.12546 -0.98215
vn -0.00900 0.03789 -0.99924
vn 0.06887 0.00324 -0.99762
vn 0.31919 -0.05590 -0.94604
vn 0.29850 -0.21541 -0.92978
vn -0.02384 -0.27748 -0.96044
vn -0.30225 -0.12069 -0.94556
vn -0.30394 -0.00745 -0.95266
vn -0.06937 0.00988 -0.99754
vn 0.00824 0.03820 -0.99924
vn -0.13671 0.12282 -0.98297
vn -0.32596 0.22770 -0.91755
vn -0.53520 0.31219 -0.78492
vn -0.69973 0.33526 -0.63086
vn -0.77121 0.30543 -0.55852
vn -0.79407 0.27550 -0.54181
vn -0.82637 0.27462 -0.49163
vn -0.87889 0.29526 -0.37467
vn -0.92651 0.31736 -0.20212
vn -0.94522 0.32644 -0.00009
vn -0.92597 0.31724 0.20480
vn -0.87279 0.29146 0.39153
vn -0.79671 0.25441 0.54821
vn -0.70950 0.21198 0.67207
vn -0.61991 0.16877 0.76631
vn -0.53304 0.12772 0.83639
vn -0.45119 0.09048 0.88783
vn -0.37494 0.05786 0.92524
vn -0.30400 0.03020 0.95219
vn -0.23766 0.00761 0.97132
vn -0.17505 -0.00992 0.98451
vn -0.12700 -0.02200 0.99166
vn -0.13869 -0.03142 0.98984
vn 0.00231 -0.04307 0.99907
vn 0.13686 -0.03254 0.99006
vn 0.12667 -0.02264 0.99169
vn 0.17506 -0.01073 0.98450
vn 0.23764 0.00656 0.97133
vn 0.30395 0.02893 0.95225
vn 0.37485 0.05640 0.92537
vn 0.45106 0.08888 0.88806
vn 0.53288 0.12604 0.83675
vn 0.61972 0.16709 0.76683
vn 0.70930 0.21040 0.67278
vn 0.79652 0.25305 0.54911
vn 0.87264 0.29045 0.39261
vn 0.92589 0.31670 0.20600
vn 0.93998 0.32474 0.10474
vn 0.94131 0.32095 -0.10455
vn 0.92796 0.31080 -0.20568
vn 0.87923 0.28644 -0.38068
vn 0.82788 0.26346 -0.49517
vn 0.80247 0.26404 -0.53509
vn 0.79139 0.29612 -0.53481
vn 0.72902 0.32604 -0.60185
vn 0.55784 0.29291 -0.77654
vn 0.32555 0.18997 -0.92624
vn 0.12112 0.07495 -0.98980
vn -0.02440 -0.00896 -0.99966
vn 0.05170 -0.03528 -0.99804
vn 0.28533 -0.03774 -0.95769
vn 0.27572 -0.06015 -0.95935
vn -0.00076 -0.07700 -0.99703
vn -0.27665 -0.06158 -0.95900
vn -0.28738 -0.03803 -0.95706
vn -0.05379 -0.03277 -0.99801
vn 0.02354 -0.00734 -0.99970
vn -0.11819 0.07396 -0.99023
vn -0.31757 0.18460 -0.93009
vn -0.55004 0.28591 -0.78467
vn -0.72803 0.32248 -0.60496
vn -0.79522 0.29568 -0.52934
vn -0.80660 0.26429 -0.52873
vn -0.82984 0.26315 -0.49206
vn -0.87962 0.28581 -0.38024
vn -0.92792 0.31036 -0.20650
vn -0.94726 0.32046 0.00003
vn -0.92724 0.31009 0.20995
vn -0.87209 0.28121 0.40048
vn -0.79367 0.23991 0.55904
vn -0.70444 0.19282 0.68307
vn -0.61347 0.14503 0.77629
vn -0.52588 0.09979 0.84469
vn -0.44388 0.05886 0.89415
vn -0.36796 0.02308 0.92955
vn -0.29771 -0.00720 0.95463
vn -0.23232 -0.03189 0.97212
vn -0.17087 -0.05100 0.98397
vn -0.12333 -0.06430 0.99028
vn -0.13156 -0.07522 0.98845
vn 0.00280 -0.08885 0.99604
vn 0.12944 -0.07615 0.98866
vn 0.12300 -0.06481 0.99029
vn 0.17097 -0.05163 0.98392
vn 0.23238 -0.03271 0.97207
vn 0.29773 -0.00820 0.95462
vn 0.36792 0.02192 0.92960
vn 0.44379 0.05758 0.89428
vn 0.52573 0.09844 0.84494
vn 0.61327 0.14367 0.77670
vn 0.70421 0.19151 0.68367
vn 0.79344 0.23878 0.55986
vn 0.87189 0.28036 0.40150
vn 0.92712 0.30963 0.21112
vn 0.94252 0.31633 0.10766
vn 0.94685 0.30311 -0.10774
vn 0.93337 0.28974 -0.21185
vn 0.88272 0.26351 -0.38906
vn 0.83306 0.23918 -0.49880
vn 0.81630 0.23988 -0.52546
vn 0.81654 0.27162 -0.50940
vn 0.75840 0.29524 -0.58109
vn 0.57233 0.24601 -0.78225
vn 0.31596 0.12918 -0.93994
vn 0.10384 0.01621 -0.99446
vn -0.03716 -0.05766 -0.99764
vn 0.03861 -0.07835 -0.99618
vn 0.27132 -0.07923 -0.95922
vn 0.26626 -0.10171 -0.95852
vn -0.00101 -0.11982 -0.99280
vn -0.26722 -0.10261 -0.95816
vn -0.27289 -0.07897 -0.95880
vn -0.03985 -0.07553 -0.99635
vn 0.03630 -0.05479 -0.99784
vn -0.10166 0.01713 -0.99467
vn -0.30916 0.12530 -0.94272
vn -0.56528 0.23864 -0.78962
vn -0.75783 0.28996 -0.58448
vn -0.82027 0.26948 -0.50453
vn -0.82022 0.23924 -0.51962
vn -0.83491 0.23869 -0.49594
vn -0.88306 0.26298 -0.38865
vn -0.93329 0.28941 -0.21262
vn -0.95385 0.30028 0.00017
vn -0.93244 0.28897 0.21690
vn -0.87387 0.25776 0.41220
vn -0.79151 0.21352 0.57264
vn -0.69900 0.16352 0.69618
vn -0.60587 0.11320 0.78747
vn -0.51722 0.06587 0.85331
vn -0.43504 0.02325 0.90011
vn -0.35957 -0.01385 0.93302
vn -0.29022 -0.04515 0.95589
vn -0.22604 -0.07060 0.97156
vn -0.16600 -0.09027 0.98199
vn -0.11911 -0.10407 0.98741
vn -0.12356 -0.11598 0.98554
vn 0.00315 -0.13082 0.99140
vn 0.12125 -0.11667 0.98574
vn 0.11880 -0.10441 0.98741
vn 0.16617 -0.09066 0.98192
vn 0.22617 -0.07112 0.97149
vn 0.29031 -0.04578 0.95584
vn 0.35960 -0.01459 0.93299
vn 0.43500 0.02242 0.90015
vn 0.51711 0.06498 0.85345
vn 0.60568 0.11228 0.78774
vn 0.69875 0.16262 0.69664
vn 0.79123 0.21271 0.57333
vn 0.87362 0.25714 0.41311
vn 0.93229 0.28863 0.21799
vn 0.94935 0.29378 0.11149
vn 0.95600 0.27123 -0.11176
vn 0.94171 0.25498 -0.21948
vn 0.88789 0.22772 -0.39975
vn 0.83877 0.20251 -0.50542
vn 0.82983 0.20195 -0.52018
vn 0.84086 0.22954 -0.49017
vn 0.78669 0.24233 -0.56780
vn 0.58409 0.17663 -0.79224
vn 0.30541 0.05505 -0.95063
vn 0.08927 -0.04564 -0.99496
vn -0.04658 -0.10408 -0.99348
vn 0.02819 -0.11747 -0.99268
vn 0.26019 -0.10782 -0.95952
vn 0.27351 -0.05413 -0.96034
vn 0.01707 0.04751 -0.99872
vn -0.27629 0.02554 -0.96074
vn -0.27601 -0.06574 -0.95890
vn -0.03016 -0.11065 -0.99340
vn 0.04573 -0.10020 -0.99392
vn -0.08800 -0.04294 -0.99519
vn -0.30040 0.05322 -0.95233
vn -0.57830 0.16962 -0.79800
vn -0.78648 0.23536 -0.57102
vn -0.84419 0.22541 -0.48635
vn -0.83321 0.20020 -0.51544
vn -0.84034 0.20177 -0.50310
vn -0.88814 0.22731 -0.39943
vn -0.94160 0.25477 -0.22018
vn -0.96395 0.26607 0.00033
vn -0.94055 0.25419 0.22529
vn -0.87713 0.22180 0.42596
vn -0.78940 0.17646 0.58796
vn -0.69266 0.12587 0.71019
vn -0.59694 0.07551 0.79872
vn -0.50717 0.02852 0.86138
vn -0.42494 -0.01354 0.90512
vn -0.35015 -0.05002 0.93536
vn -0.28195 -0.08070 0.95603
vn -0.21920 -0.10560 0.96995
vn -0.16075 -0.12481 0.97907
vn -0.11461 -0.13841 0.98372
vn -0.11516 -0.15076 0.98184
vn 0.00337 -0.16606 0.98611
vn 0.11274 -0.15119 0.98205
vn 0.11433 -0.13858 0.98373
vn 0.16099 -0.12496 0.97901
vn 0.21940 -0.10580 0.96988
vn 0.28211 -0.08095 0.95596
vn 0.35025 -0.05032 0.93530
vn 0.42497 -0.01389 0.90510
vn 0.50711 0.02813 0.86142
vn 0.59679 0.07509 0.79887
vn 0.69242 0.12544 0.71050
vn 0.78911 0.17605 0.58848
vn 0.87685 0.22147 0.42672
vn 0.94037 0.25400 0.22626
vn 0.95933 0.25734 0.11605
vn 0.96594 0.23120 -0.11622
vn 0.94982 0.21353 -0.22858
vn 0.89230 0.18402 -0.41223
vn 0.84286 0.15678 -0.51479
vn 0.84045 0.15200 -0.52014
vn 0.86097 0.17004 -0.47939
vn 0.80944 0.16677 -0.56302
vn 0.58935 0.08717 -0.80316
vn 0.29386 -0.02629 -0.95549
vn 0.07812 -0.10548 -0.99135
vn -0.05223 -0.14499 -0.98805
vn 0.02427 -0.14672 -0.98888
vn 0.28591 -0.09268 -0.95377
vn 0.33236 0.03910 -0.94234
vn 0.02488 0.11450 -0.99311
vn -0.33474 -0.00134 -0.94231
vn -0.30576 -0.10973 -0.94576
vn -0.02604 -0.14570 -0.98899
vn 0.05144 -0.14077 -0.98870
vn -0.07783 -0.10144 -0.99179
vn -0.29112 -0.02593 -0.95634
vn -0.58541 0.08132 -0.80665
vn -0.80940 0.15841 -0.56549
vn -0.86354 0.16375 -0.47696
vn -0.84300 0.14867 -0.51696
vn -0.84414 0.15508 -0.51321
vn -0.89268 0.18264 -0.41202
vn -0.95005 0.21193 -0.22912
vn -0.97421 0.22565 -0.00037
vn -0.94805 0.21637 0.23319
vn -0.87888 0.18645 0.43910
vn -0.78531 0.14338 0.60227
vn -0.68439 0.09483 0.72292
vn -0.58644 0.04621 0.80867
vn -0.49600 0.00076 0.86832
vn -0.41416 -0.03985 0.90933
vn -0.34042 -0.07486 0.93729
vn -0.27363 -0.10406 0.95619
vn -0.21247 -0.12754 0.96881
vn -0.15569 -0.14548 0.97703
vn -0.11029 -0.15820 0.98123
vn -0.10693 -0.17039 0.97956
vn 0.00344 -0.18549 0.98264
vn 0.10447 -0.17046 0.97981
vn 0.11003 -0.15803 0.98129
vn 0.15598 -0.14520 0.97703
vn 0.21274 -0.12726 0.96878
vn 0.27387 -0.10387 0.95614
vn 0.34062 -0.07481 0.93722
vn 0.41427 -0.03995 0.90928
vn 0.49599 0.00058 0.86833
vn 0.58627 0.04613 0.80880
vn 0.68403 0.09506 0.72323
vn 0.78479 0.14413 0.60277
vn 0.87826 0.18775 0.43979
vn 0.94746 0.21807 0.23401
vn 0.96813 0.22045 0.11885
vn 0.96215 0.24332 -0.12270
vn 0.94146 0.22980 -0.24668
vn 0.88576 0.17322 -0.43062
vn 0.83882 0.12632 -0.52955
vn 0.84281 0.10418 -0.52803
vn 0.87133 0.10136 -0.48011
vn 0.82013 0.07480 -0.56727
vn 0.58445 -0.01345 -0.81132
vn 0.28177 -0.10622 -0.95358
vn 0.07078 -0.15832 -0.98485
vn -0.05422 -0.17797 -0.98254
vn 0.02347 -0.17415 -0.98444
vn 0.30561 -0.15027 -0.94022
vn 0.35155 -0.16584 -0.92136
vn -0.00602 -0.25657 -0.96651
vn -0.34484 -0.25641 -0.90296
vn -0.29891 -0.19751 -0.93362
vn -0.02157 -0.17647 -0.98407
vn 0.05356 -0.17384 -0.98332
vn -0.07146 -0.15361 -0.98554
vn -0.28156 -0.10419 -0.95387
vn -0.58306 -0.01792 -0.81223
vn -0.82031 0.06489 -0.56823
vn -0.87318 0.09130 -0.47876
vn -0.84509 0.09562 -0.52601
vn -0.84112 0.11718 -0.52800
vn -0.88856 0.16076 -0.42966
vn -0.94547 0.21305 -0.24635
vn -0.96632 0.25692 -0.01463
vn -0.93426 0.27902 0.22204
vn -0.86006 0.27426 0.43022
vn -0.76465 0.24547 0.59586
vn -0.66477 0.19971 0.71985
vn -0.56936 0.14521 0.80916
vn -0.48187 0.08964 0.87164
vn -0.40296 0.03892 0.91439
vn -0.33193 -0.00346 0.94330
vn -0.26754 -0.03637 0.96286
vn -0.20838 -0.06038 0.97618
vn -0.15317 -0.07685 0.98521
vn -0.10807 -0.08730 0.99030
vn -0.10053 -0.09777 0.99012
vn 0.00325 -0.11198 0.99371
vn 0.09769 -0.09675 0.99050
vn 0.10753 -0.08532 0.99053
vn 0.15334 -0.07437 0.98537
vn 0.20875 -0.05813 0.97624
vn 0.26806 -0.03514 0.96276
vn 0.33246 -0.00385 0.94311
vn 0.40326 0.03688 0.91434
vn 0.48163 0.08686 0.87206
vn 0.56822 0.14361 0.81025
vn 0.66239 0.20174 0.72149
vn 0.76077 0.25314 0.59762
vn 0.85480 0.28807 0.43167
vn 0.92839 0.29731 0.22295
vn 0.94759 0.30546 0.09361
vn 0.94297 0.28763 -0.16758
vn 0.92638 0.22734 -0.30022
vn 0.86908 0.14642 -0.47251
vn 0.82438 0.08354 -0.55984
vn 0.83381 0.04529 -0.55019
vn 0.86775 0.02020 -0.49659
vn 0.81339 -0.02863 -0.58102
vn 0.56814 -0.11453 -0.81492
vn 0.27010 -0.17725 -0.94638
vn 0.06731 -0.20062 -0.97735
vn -0.05291 -0.20121 -0.97812
vn 0.02110 -0.19521 -0.98053
vn 0.27514 -0.22566 -0.93454
vn 0.28350 -0.35951 -0.88903
vn -0.02432 -0.46313 -0.88595
vn -0.28276 -0.35593 -0.89071
vn -0.25433 -0.22435 -0.94074
vn -0.01661 -0.19353 -0.98095
vn 0.05237 -0.19733 -0.97894
vn -0.06887 -0.19576 -0.97823
vn -0.27235 -0.17396 -0.94634
vn -0.56971 -0.11656 -0.81354
vn -0.81370 -0.03661 -0.58014
vn -0.86816 0.01210 -0.49613
vn -0.83487 0.04072 -0.54894
vn -0.82621 0.08153 -0.55744
vn -0.87110 0.14488 -0.46924
vn -0.92787 0.22500 -0.29739
vn -0.94986 0.30434 -0.07168
vn -0.91743 0.36030 0.16884
vn -0.84037 0.37790 0.38854
vn -0.74159 0.35700 0.56797
vn -0.64002 0.30803 0.70391
vn -0.54552 0.24473 0.80157
vn -0.46134 0.17957 0.86886
vn -0.38720 0.12153 0.91395
vn -0.32129 0.07530 0.94398
vn -0.26137 0.04179 0.96433
vn -0.20548 0.01935 0.97847
vn -0.15225 0.00532 0.98833
vn -0.10714 -0.00281 0.99424
vn -0.09427 -0.01188 0.99548
vn 0.00291 -0.02555 0.99967
vn 0.09114 -0.01164 0.99577
vn 0.10630 -0.00244 0.99433
vn 0.15224 0.00593 0.98833
vn 0.20587 0.02012 0.97837
vn 0.26210 0.04262 0.96410
vn 0.32211 0.07605 0.94364
vn 0.38759 0.12197 0.91373
vn 0.46063 0.17950 0.86925
vn 0.54326 0.24412 0.80329
vn 0.63632 0.30725 0.70759
vn 0.73739 0.35690 0.57348
vn 0.83703 0.37933 0.39432
vn 0.91564 0.36318 0.17237
vn 0.94556 0.32450 0.02484
vn 0.95498 0.16622 -0.24573
vn 0.92937 0.10084 -0.35510
vn 0.85626 0.06896 -0.51192
vn 0.80779 0.03914 -0.58816
vn 0.81756 0.01498 -0.57565
vn 0.85194 -0.01394 -0.52345
vn 0.79331 -0.07649 -0.60399
vn 0.54710 -0.16515 -0.82061
vn 0.26110 -0.21566 -0.94091
vn 0.06764 -0.22521 -0.97196
vn -0.04855 -0.21498 -0.97541
vn 0.02005 -0.20250 -0.97908
vn 0.23519 -0.22183 -0.94630
vn 0.23145 -0.30630 -0.92337
vn -0.01328 -0.34366 -0.93900
vn -0.23421 -0.25538 -0.93804
vn -0.22505 -0.19431 -0.95478
vn -0.01617 -0.19680 -0.98031
vn 0.04807 -0.21238 -0.97600
vn -0.06985 -0.22355 -0.97219
vn -0.26502 -0.21667 -0.93958
vn -0.55062 -0.16993 -0.81728
vn -0.79356 -0.08209 -0.60293
vn -0.85026 -0.01508 -0.52614
vn -0.81564 0.02119 -0.57818
vn -0.80649 0.05388 -0.58879
vn -0.85450 0.09369 -0.51093
vn -0.92551 0.13605 -0.35345
vn -0.97681 0.16927 -0.13109
vn -0.97481 0.17978 0.13203
vn -0.90609 0.15994 0.39169
vn -0.79027 0.11597 0.60169
vn -0.66319 0.06258 0.74583
vn -0.54895 0.01146 0.83578
vn -0.45445 -0.03226 0.89019
vn -0.37723 -0.06776 0.92364
vn -0.31212 -0.09610 0.94517
vn -0.25431 -0.11876 0.95980
vn -0.20049 -0.13693 0.97008
vn -0.14885 -0.15128 0.97722
vn -0.10394 -0.16234 0.98125
vn -0.08616 -0.17438 0.98090
vn 0.00297 -0.18865 0.98204
vn 0.08395 -0.17648 0.98072
vn 0.10362 -0.16655 0.98057
vn 0.14900 -0.15648 0.97638
vn 0.20068 -0.14166 0.96936
vn 0.25459 -0.12146 0.95939
vn 0.31249 -0.09564 0.94509
vn 0.37758 -0.06427 0.92375
vn 0.45452 -0.02778 0.89030
vn 0.54859 0.01284 0.83599
vn 0.66272 0.05554 0.74681
vn 0.79103 0.09599 0.60420
vn 0.90989 0.12628 0.39516
vn 0.98139 0.13741 0.13411
vn 0.99646 0.08349 -0.01014
vn 0.96102 0.12497 -0.24664
vn 0.92139 0.20419 -0.33068
vn 0.84191 0.21090 -0.49670
vn 0.78779 0.19859 -0.58305
vn 0.79055 0.18241 -0.58460
vn 0.82121 0.14988 -0.55059
vn 0.76696 0.05712 -0.63915
vn 0.52978 -0.08993 -0.84336
vn 0.25597 -0.18985 -0.94786
vn 0.07116 -0.22313 -0.97219
vn -0.04112 -0.22053 -0.97451
vn 0.02387 -0.19689 -0.98013
vn 0.22285 -0.16877 -0.96013
vn 0.22137 -0.18165 -0.95812
vn -0.00120 -0.20127 -0.97953
vn -0.22120 -0.18502 -0.95752
vn -0.22060 -0.16924 -0.96057
vn -0.02075 -0.19087 -0.98140
vn 0.04072 -0.22033 -0.97458
vn -0.07375 -0.22715 -0.97106
vn -0.26066 -0.19912 -0.94467
vn -0.53410 -0.10332 -0.83908
vn -0.76726 0.04684 -0.63962
vn -0.81787 0.14452 -0.55695
vn -0.78612 0.17898 -0.59159
vn -0.78410 0.19678 -0.58861
vn -0.83872 0.21220 -0.50151
vn -0.91858 0.20999 -0.33483
vn -0.97987 0.17273 -0.10009
vn -0.97971 0.09774 0.17499
vn -0.90074 0.00488 0.43434
vn -0.77330 -0.07761 0.62928
vn -0.64152 -0.13699 0.75478
vn -0.52785 -0.17661 0.83077
vn -0.43537 -0.20480 0.87665
vn -0.35966 -0.22865 0.90463
vn -0.29535 -0.25225 0.92148
vn -0.23825 -0.27666 0.93097
vn -0.18573 -0.30068 0.93546
vn -0.13638 -0.32219 0.93680
vn -0.09385 -0.33949 0.93592
vn -0.07462 -0.35443 0.93210
vn 0.00301 -0.36728 0.93010
vn 0.07355 -0.35549 0.93178
vn 0.09422 -0.34179 0.93504
vn 0.13678 -0.32555 0.93558
vn 0.18566 -0.30474 0.93416
vn 0.23774 -0.28104 0.92978
vn 0.29464 -0.25662 0.92051
vn 0.35920 -0.23288 0.90374
vn 0.43571 -0.20917 0.87545
vn 0.52943 -0.18184 0.82864
vn 0.64426 -0.14408 0.75111
vn 0.77638 -0.08736 0.62418
vn 0.90302 -0.00738 0.42954
vn 0.98122 0.08483 0.17324
vn 0.97874 0.19679 0.05771
vn 0.85765 0.48788 -0.16248
vn 0.79886 0.54819 -0.24760
vn 0.74443 0.51544 -0.42445
vn 0.70431 0.47009 -0.53194
vn 0.70583 0.43327 -0.56042
vn 0.73459 0.38649 -0.55768
vn 0.70080 0.26106 -0.66387
vn 0.49922 0.03889 -0.86560
vn 0.24931 -0.13268 -0.95929
vn 0.07630 -0.20289 -0.97623
vn -0.03109 -0.21444 -0.97624
vn 0.03027 -0.17905 -0.98337
vn 0.21860 -0.13225 -0.96681
vn 0.21703 -0.13529 -0.96674
vn 0.00256 -0.13617 -0.99068
vn -0.21737 -0.12088 -0.96858
vn -0.21922 -0.12371 -0.96780
vn -0.02740 -0.17488 -0.98421
vn 0.03083 -0.21481 -0.97617
vn -0.07914 -0.20513 -0.97553
vn -0.25501 -0.13709 -0.95717
vn -0.50486 0.03141 -0.86263
vn -0.70208 0.25210 -0.66598
vn -0.73279 0.37741 -0.56620
vn -0.70412 0.42337 -0.57007
vn -0.70485 0.45904 -0.54081
vn -0.74792 0.50303 -0.43310
vn -0.80561 0.53467 -0.25517
vn -0.84764 0.52986 -0.02747
vn -0.85028 0.47705 0.22236
vn -0.80287 0.38353 0.45640
vn -0.71681 0.27286 0.64166
vn -0.61602 0.16785 0.76964
vn -0.51873 0.07811 0.85137
vn -0.43215 0.00284 0.90180
vn -0.35678 -0.06195 0.93213
vn -0.29075 -0.11919 0.94935
vn -0.23199 -0.16971 0.95780
vn -0.17889 -0.21281 0.96058
vn -0.13018 -0.24734 0.96014
vn -0.08873 -0.27240 0.95808
vn -0.06850 -0.29076 0.95434
vn 0.00270 -0.30421 0.95260
vn 0.06739 -0.29020 0.95459
vn 0.08903 -0.27166 0.95827
vn 0.13063 -0.24685 0.96021
vn 0.17898 -0.21324 0.96047
vn 0.23170 -0.17186 0.95749
vn 0.29019 -0.12361 0.94895
vn 0.35633 -0.06841 0.93185
vn 0.43237 -0.00429 0.90168
vn 0.52002 0.07283 0.85104
vn 0.61796 0.16734 0.76819
vn 0.71749 0.27885 0.63832
vn 0.79964 0.39498 0.45230
vn 0.84268 0.49096 0.22102
vn 0.80303 0.58589 0.10898
vn 0.69314 0.71257 -0.10865
vn 0.66948 0.71416 -0.20439
vn 0.64203 0.66567 -0.38038
vn 0.61810 0.60588 -0.50087
vn 0.62121 0.55585 -0.55239
vn 0.64667 0.49837 -0.57744
vn 0.62381 0.36018 -0.69363
vn 0.45679 0.11342 -0.88231
vn 0.23951 -0.08548 -0.96712
vn 0.08210 -0.17278 -0.98153
vn -0.01975 -0.19253 -0.98109
vn 0.03788 -0.14915 -0.98809
vn 0.22108 -0.07573 -0.97231
vn 0.23356 0.00246 -0.97234
vn 0.01828 0.09622 -0.99519
vn -0.23378 0.06349 -0.97022
vn -0.23444 -0.04052 -0.97129
vn -0.03663 -0.14538 -0.98870
vn 0.01962 -0.19295 -0.98101
vn -0.08499 -0.17241 -0.98135
vn -0.24569 -0.08375 -0.96572
vn -0.46267 0.11403 -0.87917
vn -0.62449 0.35607 -0.69514
vn -0.64438 0.49197 -0.58544
vn -0.61897 0.55003 -0.56066
vn -0.61730 0.60151 -0.50708
vn -0.64253 0.66231 -0.38535
vn -0.67096 0.71150 -0.20875
vn -0.68469 0.72883 -0.00350
vn -0.67666 0.70649 0.20738
vn -0.64624 0.64655 0.40540
vn -0.59702 0.55795 0.57642
vn -0.53533 0.45318 0.71278
vn -0.46804 0.34414 0.81394
vn -0.40054 0.23958 0.88441
vn -0.33611 0.14468 0.93065
vn -0.27626 0.06204 0.95908
vn -0.22136 -0.00729 0.97517
vn -0.17107 -0.06314 0.98323
vn -0.12470 -0.10579 0.98654
vn -0.08474 -0.13548 0.98715
vn -0.06303 -0.15601 0.98574
vn 0.00220 -0.17038 0.98538
vn 0.06161 -0.15580 0.98586
vn 0.08465 -0.13539 0.98717
vn 0.12487 -0.10580 0.98652
vn 0.17112 -0.06346 0.98320
vn 0.22128 -0.00815 0.97518
vn 0.27607 0.06050 0.95923
vn 0.33585 0.14253 0.93107
vn 0.40029 0.23720 0.88516
vn 0.46781 0.34212 0.81493
vn 0.53493 0.45204 0.71380
vn 0.59611 0.55786 0.57745
vn 0.64460 0.64730 0.40680
vn 0.67449 0.70787 0.20974
vn 0.66432 0.73997 0.10550
vn 0.63111 0.76896 -0.10199
vn 0.62332 0.75520 -0.20285
vn 0.59937 0.70337 -0.38214
vn 0.57550 0.63841 -0.51110
vn 0.57277 0.57982 -0.57943
vn 0.58886 0.51149 -0.62580
vn 0.56187 0.36652 -0.74160
vn 0.41477 0.13042 -0.90053
vn 0.22903 -0.05433 -0.97190
vn 0.08826 -0.13734 -0.98658
vn -0.00821 -0.15766 -0.98746
vn 0.04794 -0.10866 -0.99292
vn 0.24768 -0.00187 -0.96884
vn 0.27508 0.08414 -0.95773
vn 0.01355 0.07994 -0.99671
vn -0.27560 0.00477 -0.96126
vn -0.25675 -0.03978 -0.96566
vn -0.04658 -0.11429 -0.99235
vn 0.00826 -0.15799 -0.98741
vn -0.09099 -0.13460 -0.98671
vn -0.23520 -0.04783 -0.97077
vn -0.42044 0.13727 -0.89688
vn -0.56163 0.36635 -0.74186
vn -0.58539 0.50665 -0.63295
vn -0.56950 0.57549 -0.58693
vn -0.57353 0.63604 -0.51625
vn -0.59836 0.70216 -0.38592
vn -0.62300 0.75450 -0.20639
vn -0.63243 0.77461 -0.00217
vn -0.62183 0.75596 0.20456
vn -0.59218 0.70120 0.39704
vn -0.54730 0.61863 0.56370
vn -0.49235 0.51922 0.69857
vn -0.43248 0.41385 0.80106
vn -0.37190 0.31127 0.87453
vn -0.31343 0.21742 0.92439
vn -0.25859 0.13558 0.95642
vn -0.20787 0.06714 0.97585
vn -0.16110 0.01228 0.98686
vn -0.11774 -0.02942 0.99261
vn -0.07974 -0.05827 0.99511
vn -0.05674 -0.07791 0.99534
vn 0.00175 -0.09110 0.99584
vn 0.05533 -0.07727 0.99547
vn 0.07948 -0.05737 0.99518
vn 0.11773 -0.02805 0.99265
vn 0.16103 0.01402 0.98685
vn 0.20769 0.06916 0.97575
vn 0.25825 0.13775 0.95621
vn 0.31286 0.21955 0.92408
vn 0.37103 0.31316 0.87422
vn 0.43128 0.41529 0.80095
vn 0.49087 0.52010 0.69896
vn 0.54569 0.61897 0.56489
vn 0.59070 0.70122 0.39920
vn 0.62080 0.75599 0.20757
vn 0.62621 0.77260 0.10470
vn 0.63621 0.76339 -0.11168
vn 0.63586 0.73862 -0.22386
vn 0.60480 0.67917 -0.41586
vn 0.57075 0.60560 -0.55452
vn 0.55531 0.53581 -0.63604
vn 0.55556 0.45382 -0.69671
vn 0.51447 0.30727 -0.80056
vn 0.37840 0.10607 -0.91955
vn 0.22009 -0.03814 -0.97473
vn 0.09470 -0.10081 -0.99039
vn 0.00267 -0.11466 -0.99340
vn 0.05547 -0.07164 -0.99589
vn 0.24994 -0.02558 -0.96792
vn 0.25964 -0.12737 -0.95727
vn -0.01453 -0.26521 -0.96408
vn -0.25484 -0.19794 -0.94651
vn -0.23506 -0.06781 -0.96961
vn -0.05174 -0.08002 -0.99545
vn -0.00241 -0.11445 -0.99343
vn -0.09714 -0.09633 -0.99060
vn -0.22596 -0.02902 -0.97370
vn -0.38390 0.11673 -0.91597
vn -0.51377 0.31089 -0.79962
vn -0.55089 0.45103 -0.70220
vn -0.55098 0.53269 -0.64239
vn -0.56805 0.60409 -0.55891
vn -0.60342 0.67840 -0.41911
vn -0.63567 0.73782 -0.22704
vn -0.64716 0.76233 -0.00602
vn -0.63183 0.74436 0.21613
vn -0.59294 0.68916 0.41651
vn -0.53841 0.60929 0.58213
vn -0.47651 0.51830 0.71014
vn -0.41344 0.42671 0.80435
vn -0.35285 0.34115 0.87127
vn -0.29641 0.26512 0.91753
vn -0.24453 0.20004 0.94878
vn -0.19697 0.14619 0.96945
vn -0.15313 0.10327 0.98279
vn -0.11230 0.07079 0.99115
vn -0.07589 0.04848 0.99594
vn -0.05154 0.03316 0.99812
vn 0.00126 0.02263 0.99974
vn 0.05001 0.03471 0.99815
vn 0.07531 0.05111 0.99585
vn 0.11193 0.07471 0.99090
vn 0.15270 0.10830 0.98232
vn 0.19643 0.15212 0.96865
vn 0.24379 0.20660 0.94757
vn 0.29535 0.27195 0.91587
vn 0.35137 0.34780 0.86924
vn 0.41142 0.43269 0.80219
vn 0.47394 0.52318 0.70828
vn 0.53544 0.61282 0.58117
vn 0.59000 0.69140 0.41697
vn 0.62952 0.74574 0.21812
vn 0.64810 0.75383 0.10819
vn 0.69711 0.70378 -0.13687
vn 0.70154 0.65971 -0.26948
vn 0.65115 0.58750 -0.48046
vn 0.59504 0.50397 -0.62605
vn 0.55820 0.42440 -0.71295
vn 0.53541 0.33314 -0.77611
vn 0.47605 0.19912 -0.85658
vn 0.34907 0.05006 -0.93576
vn 0.21390 -0.04279 -0.97592
vn 0.10142 -0.07671 -0.99188
vn 0.01246 -0.07871 -0.99682
vn 0.05843 -0.04567 -0.99725
vn 0.21350 -0.05371 -0.97547
vn 0.19680 -0.19172 -0.96152
vn -0.01569 -0.25596 -0.96656
vn -0.19690 -0.12224 -0.97277
vn -0.19866 -0.02091 -0.97984
vn -0.05500 -0.04729 -0.99737
vn -0.01209 -0.07773 -0.99690
vn -0.10355 -0.07197 -0.99202
vn -0.21935 -0.03416 -0.97505
vn -0.35452 0.06088 -0.93307
vn -0.47565 0.20539 -0.85532
vn -0.53017 0.33345 -0.77957
vn -0.55304 0.42346 -0.71751
vn -0.59177 0.50392 -0.62918
vn -0.64945 0.58762 -0.48261
vn -0.70127 0.65915 -0.27156
vn -0.71988 0.69385 -0.01842
vn -0.69443 0.68028 0.23449
vn -0.63482 0.62815 0.44993
vn -0.55938 0.55710 0.61379
vn -0.48225 0.48316 0.73075
vn -0.41038 0.41494 0.81204
vn -0.34586 0.35573 0.86824
vn -0.28851 0.30609 0.90723
vn -0.23732 0.26548 0.93445
vn -0.19111 0.23303 0.95351
vn -0.14876 0.20785 0.96678
vn -0.10932 0.18920 0.97583
vn -0.07365 0.17668 0.98151
vn -0.04755 0.16759 0.98471
vn 0.00075 0.16022 0.98708
vn 0.04579 0.16918 0.98452
vn 0.07266 0.17945 0.98108
vn 0.10851 0.19334 0.97511
vn 0.14792 0.21320 0.96575
vn 0.19019 0.23942 0.95211
vn 0.23627 0.27269 0.93264
vn 0.28725 0.31381 0.90499
vn 0.34429 0.36360 0.86560
vn 0.40838 0.42251 0.80914
vn 0.47973 0.48993 0.72789
vn 0.55635 0.56262 0.61150
vn 0.63160 0.63214 0.44887
vn 0.69173 0.68284 0.23505
vn 0.72937 0.67531 0.10941
vn 0.82345 0.53602 -0.18603
vn 0.82149 0.45470 -0.34410
vn 0.72876 0.37657 -0.57193
vn 0.63518 0.29437 -0.71407
vn 0.56811 0.21614 -0.79406
vn 0.51757 0.12838 -0.84595
vn 0.44151 0.02164 -0.89700
vn 0.32452 -0.07328 -0.94304
vn 0.20899 -0.12086 -0.97042
vn 0.10743 -0.12866 -0.98585
vn 0.02088 -0.11868 -0.99271
vn 0.06216 -0.09248 -0.99377
vn 0.19340 -0.07536 -0.97822
vn 0.17359 -0.10308 -0.97941
vn -0.00249 -0.12113 -0.99263
vn -0.17320 -0.09309 -0.98048
vn -0.19006 -0.07180 -0.97914
vn -0.05992 -0.09290 -0.99387
vn -0.02074 -0.11845 -0.99274
vn -0.10951 -0.12851 -0.98564
vn -0.21402 -0.11973 -0.96946
vn -0.32985 -0.07076 -0.94138
vn -0.44203 0.02372 -0.89669
vn -0.51312 0.12829 -0.84867
vn -0.56336 0.21519 -0.79770
vn -0.63238 0.29412 -0.71666
vn -0.72738 0.37729 -0.57322
vn -0.82046 0.45615 -0.34463
vn -0.86299 0.50328 -0.04432
vn -0.82643 0.49861 0.26152
vn -0.73345 0.45370 0.50617
vn -0.62462 0.39421 0.67413
vn -0.52332 0.33667 0.78281
vn -0.43609 0.28696 0.85292
vn -0.36229 0.24580 0.89907
vn -0.29934 0.21230 0.93023
vn -0.24471 0.18524 0.95174
vn -0.19628 0.16357 0.96681
vn -0.15240 0.14653 0.97740
vn -0.11181 0.13355 0.98471
vn -0.07486 0.12435 0.98941
vn -0.04591 0.11672 0.99210
vn 0.00064 0.10945 0.99399
vn 0.04439 0.11575 0.99229
vn 0.07405 0.12244 0.98971
vn 0.11122 0.13086 0.98514
vn 0.15190 0.14318 0.97797
vn 0.19589 0.15974 0.96753
vn 0.24448 0.18110 0.95259
vn 0.29930 0.20803 0.93120
vn 0.36247 0.24158 0.90014
vn 0.43654 0.28290 0.85405
vn 0.52405 0.33290 0.78394
vn 0.62564 0.39080 0.67517
vn 0.73470 0.45071 0.50702
vn 0.82776 0.49610 0.26210
vn 0.88575 0.45084 0.11040
vn 0.96745 0.06440 -0.24474
vn 0.91144 -0.07209 -0.40507
vn 0.76946 -0.08456 -0.63307
vn 0.64094 -0.10470 -0.76042
vn 0.54789 -0.13624 -0.82538
vn 0.47601 -0.18297 -0.86020
vn 0.39430 -0.23597 -0.88817
vn 0.29416 -0.27102 -0.91653
vn 0.19958 -0.27553 -0.94035
vn 0.11013 -0.25650 -0.96025
vn 0.02735 -0.22932 -0.97297
vn 0.06579 -0.21055 -0.97537
vn 0.18613 -0.20816 -0.96022
vn 0.16431 -0.21761 -0.96211
vn -0.00107 -0.22650 -0.97401
vn -0.16456 -0.21839 -0.96189
vn -0.18438 -0.20993 -0.96018
vn -0.06306 -0.21271 -0.97508
vn -0.02771 -0.22803 -0.97326
vn -0.11245 -0.25495 -0.96039
vn -0.20432 -0.27341 -0.93995
vn -0.29925 -0.26701 -0.91605
vn -0.39569 -0.23051 -0.88898
vn -0.47320 -0.17737 -0.86291
vn -0.54448 -0.13087 -0.82850
vn -0.63922 -0.09892 -0.76264
vn -0.76931 -0.07762 -0.63414
vn -0.91201 -0.06338 -0.40523
vn -0.99612 -0.05628 -0.06771
vn -0.95469 -0.05765 0.29195
vn -0.82342 -0.06656 0.56352
vn -0.67806 -0.08015 0.73062
vn -0.55280 -0.09598 0.82777
vn -0.45154 -0.11254 0.88512
vn -0.36972 -0.12898 0.92015
vn -0.30220 -0.14472 0.94219
vn -0.24499 -0.15936 0.95634
vn -0.19518 -0.17254 0.96547
vn -0.15070 -0.18396 0.97131
vn -0.11002 -0.19337 0.97494
vn -0.07303 -0.20074 0.97692
vn -0.04282 -0.20774 0.97725
vn 0.00100 -0.21417 0.97680
vn 0.04232 -0.20934 0.97693
vn 0.07308 -0.20421 0.97619
vn 0.11016 -0.19848 0.97389
vn 0.15076 -0.19058 0.97003
vn 0.19515 -0.18049 0.96402
vn 0.24486 -0.16845 0.95481
vn 0.30199 -0.15474 0.94067
vn 0.36944 -0.13970 0.91870
vn 0.45120 -0.12378 0.88380
vn 0.55242 -0.10759 0.82660
vn 0.67764 -0.09206 0.72961
vn 0.82294 -0.07861 0.56266
vn 0.95412 -0.06942 0.29126
vn 0.97346 -0.19747 0.11566
vn 0.77225 -0.60368 -0.19796
vn 0.69483 -0.64930 -0.30923
vn 0.61929 -0.58947 -0.51866
vn 0.53502 -0.53327 -0.65527
vn 0.46236 -0.49714 -0.73422
vn 0.40012 -0.48175 -0.77963
vn 0.33418 -0.47315 -0.81514
vn 0.25929 -0.45454 -0.85215
vn 0.18692 -0.42216 -0.88704
vn 0.11030 -0.37641 -0.91986
vn 0.03207 -0.32831 -0.94403
vn 0.06802 -0.31734 -0.94587
vn 0.17982 -0.33152 -0.92615
vn 0.16511 -0.29699 -0.94050
vn 0.00650 -0.23486 -0.97201
vn -0.16906 -0.25125 -0.95304
vn -0.18625 -0.31100 -0.93198
vn -0.06551 -0.31806 -0.94580
vn -0.03295 -0.32635 -0.94467
vn -0.11285 -0.37411 -0.92049
vn -0.19119 -0.42000 -0.88716
vn -0.26395 -0.45080 -0.85271
vn -0.33653 -0.46734 -0.81752
vn -0.40002 -0.47480 -0.78393
vn -0.46218 -0.49064 -0.73869
vn -0.53629 -0.52802 -0.65847
vn -0.62187 -0.58541 -0.52017
vn -0.69789 -0.64604 -0.30915
vn -0.72964 -0.68263 -0.04037
vn -0.69801 -0.67803 0.23034
vn -0.62116 -0.64302 0.44799
vn -0.53059 -0.59990 0.59883
vn -0.44524 -0.56239 0.69676
vn -0.37100 -0.53452 0.75938
vn -0.30774 -0.51569 0.79960
vn -0.25361 -0.50399 0.82564
vn -0.20661 -0.49745 0.84253
vn -0.16506 -0.49438 0.85343
vn -0.12760 -0.49346 0.86036
vn -0.09313 -0.49372 0.86462
vn -0.06155 -0.49474 0.86686
vn -0.03504 -0.49724 0.86691
vn 0.00131 -0.50013 0.86595
vn 0.03564 -0.49744 0.86677
vn 0.06257 -0.49556 0.86632
vn 0.09419 -0.49497 0.86379
vn 0.12855 -0.49506 0.85930
vn 0.16588 -0.49625 0.85219
vn 0.20726 -0.49952 0.84114
vn 0.25407 -0.50619 0.82415
vn 0.30800 -0.51793 0.79805
vn 0.37103 -0.53677 0.75777
vn 0.44500 -0.56465 0.69509
vn 0.52999 -0.60220 0.59705
vn 0.62002 -0.64544 0.44607
vn 0.69611 -0.68061 0.22847
vn 0.66649 -0.73901 0.09829
vn 0.54637 -0.82797 -0.12629
vn 0.52600 -0.82112 -0.22155
vn 0.49092 -0.77102 -0.40562
vn 0.44229 -0.71208 -0.54527
vn 0.39230 -0.66071 -0.63997
vn 0.34434 -0.62228 -0.70299
vn 0.29320 -0.58910 -0.75299
vn 0.23607 -0.55072 -0.80061
vn 0.17882 -0.50570 -0.84398
vn 0.11121 -0.44901 -0.88658
vn 0.03590 -0.39052 -0.91989
vn 0.07182 -0.38646 -0.91951
vn 0.19495 -0.39192 -0.89911
vn 0.20091 -0.30327 -0.93148
vn 0.01277 -0.23240 -0.97254
vn -0.20267 -0.31384 -0.92760
vn -0.20481 -0.39957 -0.89353
vn -0.06950 -0.38740 -0.91929
vn -0.03719 -0.39167 -0.91936
vn -0.11362 -0.45105 -0.88524
vn -0.18207 -0.50780 -0.84202
vn -0.23938 -0.55162 -0.79901
vn -0.29490 -0.58783 -0.75332
vn -0.34451 -0.61983 -0.70507
vn -0.39233 -0.65890 -0.64181
vn -0.44285 -0.71155 -0.54552
vn -0.49172 -0.77120 -0.40431
vn -0.52656 -0.82133 -0.21942
vn -0.53472 -0.84498 -0.00923
vn -0.51251 -0.83607 0.19577
vn -0.46770 -0.80291 0.36959
vn -0.41244 -0.75981 0.50257
vn -0.35600 -0.71788 0.59826
vn -0.30311 -0.68252 0.66505
vn -0.25532 -0.65520 0.71100
vn -0.21262 -0.63536 0.74237
vn -0.17442 -0.62170 0.76359
vn -0.13995 -0.61279 0.77775
vn -0.10844 -0.60733 0.78701
vn -0.07921 -0.60423 0.79286
vn -0.05223 -0.60292 0.79609
vn -0.02922 -0.60359 0.79676
vn 0.00142 -0.60506 0.79618
vn 0.03034 -0.60360 0.79671
vn 0.05369 -0.60330 0.79571
vn 0.08068 -0.60481 0.79227
vn 0.10980 -0.60801 0.78630
vn 0.14117 -0.61349 0.77698
vn 0.17551 -0.62237 0.76280
vn 0.21357 -0.63595 0.74159
vn 0.25614 -0.65570 0.71024
vn 0.30383 -0.68294 0.66429
vn 0.35664 -0.71825 0.59743
vn 0.41300 -0.76018 0.50155
vn 0.46817 -0.80327 0.36821
vn 0.51276 -0.83634 0.19392
vn 0.51589 -0.85059 0.10175
vn 0.52708 -0.84377 -0.10123
vn 0.53531 -0.81838 -0.20904
vn 0.49719 -0.76916 -0.40149
vn 0.44421 -0.70978 -0.54671
vn 0.38952 -0.65661 -0.64587
vn 0.33773 -0.61539 -0.71220
vn 0.28597 -0.58115 -0.76190
vn 0.23218 -0.54638 -0.80471
vn 0.17956 -0.50909 -0.84178
vn 0.11444 -0.46116 -0.87990
vn 0.03923 -0.41065 -0.91095
vn 0.07632 -0.41342 -0.90734
vn 0.21506 -0.43238 -0.87567
vn 0.21995 -0.41535 -0.88267
vn -0.00221 -0.44301 -0.89651
vn -0.21486 -0.47258 -0.85469
vn -0.21030 -0.46177 -0.86171
vn -0.07234 -0.41397 -0.90741
vn -0.04073 -0.41497 -0.90892
vn -0.11655 -0.46703 -0.87653
vn -0.18188 -0.51427 -0.83812
vn -0.23434 -0.55058 -0.80121
vn -0.28675 -0.58350 -0.75981
vn -0.33722 -0.61673 -0.71129
vn -0.38865 -0.65834 -0.64462
vn -0.44342 -0.71217 -0.54423
vn -0.49628 -0.77152 -0.39808
vn -0.53406 -0.82007 -0.20558
vn -0.54250 -0.83993 0.01464
vn -0.51728 -0.82477 0.22841
vn -0.46777 -0.78480 0.40656
vn -0.40815 -0.73641 0.53955
vn -0.34868 -0.69135 0.63281
vn -0.29408 -0.65473 0.69631
vn -0.24562 -0.62737 0.73897
vn -0.20299 -0.60824 0.76736
vn -0.16538 -0.59570 0.78599
vn -0.13189 -0.58810 0.79797
vn -0.10165 -0.58393 0.80541
vn -0.07393 -0.58198 0.80984
vn -0.04854 -0.58148 0.81211
vn -0.02683 -0.58243 0.81244
vn 0.00134 -0.58370 0.81197
vn 0.02795 -0.58206 0.81267
vn 0.04999 -0.58109 0.81230
vn 0.07542 -0.58149 0.81005
vn 0.10308 -0.58334 0.80566
vn 0.13325 -0.58743 0.79823
vn 0.16667 -0.59502 0.78624
vn 0.20421 -0.60758 0.76755
vn 0.24679 -0.62679 0.73907
vn 0.29524 -0.65426 0.69626
vn 0.34986 -0.69101 0.63254
vn 0.40942 -0.73615 0.53894
vn 0.46917 -0.78454 0.40542
vn 0.51882 -0.82433 0.22651
vn 0.55443 -0.82092 0.13675
vn 0.69048 -0.71447 -0.11299
vn 0.71484 -0.64454 -0.27125
vn 0.62622 -0.59131 -0.50814
vn 0.52587 -0.53739 -0.65930
vn 0.43761 -0.49857 -0.74828
vn 0.36410 -0.47564 -0.80075
vn 0.29953 -0.46216 -0.83468
vn 0.23990 -0.45078 -0.85980
vn 0.18540 -0.43761 -0.87984
vn 0.11842 -0.41531 -0.90194
vn 0.04165 -0.38876 -0.92040
vn 0.07715 -0.39633 -0.91486
vn 0.20554 -0.43941 -0.87446
vn 0.18469 -0.51481 -0.83718
vn -0.01649 -0.57513 -0.81790
vn -0.18380 -0.52725 -0.82960
vn -0.19011 -0.44520 -0.87502
vn -0.07176 -0.39379 -0.91639
vn -0.04321 -0.39435 -0.91794
vn -0.12026 -0.42259 -0.89831
vn -0.18713 -0.44384 -0.87635
vn -0.24142 -0.45651 -0.85634
vn -0.29985 -0.46700 -0.83187
vn -0.36320 -0.48024 -0.79841
vn -0.43620 -0.50387 -0.74555
vn -0.52427 -0.54349 -0.65556
vn -0.62411 -0.59747 -0.50351
vn -0.71178 -0.64985 -0.26657
vn -0.74196 -0.66930 0.03905
vn -0.69181 -0.63969 0.33497
vn -0.59416 -0.58364 0.55348
vn -0.49121 -0.52960 0.69155
vn -0.40146 -0.48875 0.77457
vn -0.32754 -0.46121 0.82462
vn -0.26703 -0.44401 0.85531
vn -0.21687 -0.43406 0.87439
vn -0.17449 -0.42893 0.88633
vn -0.13792 -0.42681 0.89376
vn -0.10568 -0.42640 0.89834
vn -0.07661 -0.42678 0.90111
vn -0.05023 -0.42746 0.90264
vn -0.02748 -0.42875 0.90301
vn 0.00092 -0.43001 0.90282
vn 0.02788 -0.42759 0.90354
vn 0.05101 -0.42554 0.90350
vn 0.07754 -0.42416 0.90226
vn 0.10669 -0.42325 0.89971
vn 0.13902 -0.42335 0.89524
vn 0.17569 -0.42538 0.88780
vn 0.21819 -0.43061 0.87577
vn 0.26850 -0.44079 0.85651
vn 0.32921 -0.45829 0.82558
vn 0.40341 -0.48610 0.77522
vn 0.49359 -0.52712 0.69175
vn 0.59715 -0.58108 0.55296
vn 0.69544 -0.63667 0.33318
vn 0.78484 -0.58224 0.21218
vn 0.51429 -0.85308 -0.08811
vn 0.39528 -0.90491 -0.15777
vn 0.37524 -0.87209 -0.31408
vn 0.34787 -0.82331 -0.44850
vn 0.31660 -0.76683 -0.55833
vn 0.28343 -0.70875 -0.64602
vn 0.24828 -0.65093 -0.71739
vn 0.21100 -0.59291 -0.77713
vn 0.17232 -0.53480 -0.82722
vn 0.11571 -0.46440 -0.87803
vn 0.04309 -0.38225 -0.92305
vn 0.07576 -0.36941 -0.92617
vn 0.17705 -0.44654 -0.87707
vn 0.14801 -0.49047 -0.85880
vn -0.01179 -0.48716 -0.87323
vn -0.15433 -0.43287 -0.88815
vn -0.17082 -0.41308 -0.89453
vn -0.07061 -0.38102 -0.92186
vn -0.04518 -0.36091 -0.93151
vn -0.11989 -0.43672 -0.89157
vn -0.17729 -0.51252 -0.84017
vn -0.21728 -0.57155 -0.79128
vn -0.25533 -0.63168 -0.73197
vn -0.29115 -0.69294 -0.65960
vn -0.32505 -0.75549 -0.56884
vn -0.35634 -0.81670 -0.45390
vn -0.38220 -0.86927 -0.31352
vn -0.39898 -0.90420 -0.15241
vn -0.40392 -0.91457 0.02004
vn -0.39617 -0.89787 0.19202
vn -0.37701 -0.85656 0.35238
vn -0.34921 -0.79669 0.49329
vn -0.31601 -0.72560 0.61126
vn -0.28022 -0.64995 0.70643
vn -0.24391 -0.57482 0.78108
vn -0.20836 -0.50377 0.83834
vn -0.17424 -0.43907 0.88139
vn -0.14184 -0.38220 0.91313
vn -0.11113 -0.33411 0.93596
vn -0.08194 -0.29544 0.95184
vn -0.05433 -0.26681 0.96222
vn -0.02939 -0.24932 0.96797
vn 0.00040 -0.24236 0.97019
vn 0.02903 -0.24308 0.96957
vn 0.05447 -0.25514 0.96537
vn 0.08254 -0.27849 0.95689
vn 0.11236 -0.31261 0.94321
vn 0.14396 -0.35729 0.92283
vn 0.17759 -0.41229 0.89358
vn 0.21324 -0.47705 0.85261
vn 0.25057 -0.55034 0.79646
vn 0.28863 -0.62972 0.72121
vn 0.32569 -0.71104 0.62318
vn 0.35907 -0.78800 0.50013
vn 0.38539 -0.85257 0.35299
vn 0.40129 -0.89660 0.18728
vn 0.32601 -0.94198 0.07993
vn 0.19381 -0.98043 -0.03440
vn 0.17856 -0.98169 -0.06638
vn 0.17892 -0.97476 -0.13351
vn 0.17974 -0.96229 -0.20416
vn 0.18061 -0.94290 -0.27986
vn 0.18079 -0.91436 -0.36231
vn 0.17893 -0.87283 -0.45405
vn 0.17308 -0.81299 -0.55596
vn 0.16065 -0.72943 -0.66492
vn 0.12344 -0.58770 -0.79961
vn 0.05156 -0.38255 -0.92249
vn 0.08777 -0.37361 -0.92342
vn 0.19083 -0.46957 -0.86203
vn 0.16860 -0.39550 -0.90286
vn -0.00229 -0.32108 -0.94705
vn -0.17384 -0.37612 -0.91012
vn -0.19210 -0.45837 -0.86775
vn -0.08288 -0.38077 -0.92095
vn -0.05381 -0.36667 -0.92879
vn -0.12813 -0.57432 -0.80854
vn -0.16498 -0.72280 -0.67108
vn -0.17749 -0.80923 -0.56004
vn -0.18293 -0.87090 -0.45614
vn -0.18423 -0.91369 -0.36226
vn -0.18346 -0.94307 -0.27741
vn -0.18195 -0.96284 -0.19959
vn -0.18045 -0.97529 -0.12744
vn -0.17939 -0.98198 -0.05945
vn -0.17901 -0.98383 0.00642
vn -0.17942 -0.98109 0.07256
vn -0.18055 -0.97333 0.14151
vn -0.18221 -0.95928 0.21582
vn -0.18394 -0.93671 0.29788
vn -0.18498 -0.90226 0.38950
vn -0.18406 -0.85154 0.49092
vn -0.17940 -0.78013 0.59935
vn -0.16906 -0.68595 0.70774
vn -0.15168 -0.57281 0.80553
vn -0.12745 -0.45216 0.88279
vn -0.09816 -0.33996 0.93530
vn -0.06650 -0.25100 0.96570
vn -0.03553 -0.19505 0.98015
vn 0.00032 -0.17468 0.98463
vn 0.03518 -0.18983 0.98119
vn 0.06670 -0.24184 0.96802
vn 0.09898 -0.32795 0.93949
vn 0.12911 -0.43939 0.88897
vn 0.15431 -0.56165 0.81286
vn 0.17249 -0.67798 0.71456
vn 0.18321 -0.77560 0.60405
vn 0.18779 -0.84970 0.49269
vn 0.18829 -0.90207 0.38836
vn 0.18664 -0.93731 0.29431
vn 0.18421 -0.96009 0.21046
vn 0.18184 -0.97402 0.13499
vn 0.18000 -0.98149 0.06542
vn 0.16549 -0.98579 0.02882
vn 0.17271 -0.98468 -0.02386
vn 0.19320 -0.97980 -0.05170
vn 0.19576 -0.97525 -0.10276
vn 0.19978 -0.96691 -0.15865
vn 0.20503 -0.95328 -0.22186
vn 0.21099 -0.93174 -0.29553
vn 0.21657 -0.89764 -0.38385
vn 0.21959 -0.84343 -0.49032
vn 0.21566 -0.75787 -0.61573
vn 0.17880 -0.58224 -0.79311
vn 0.07887 -0.30061 -0.95048
vn 0.12921 -0.33653 -0.93276
vn 0.27661 -0.42266 -0.86304
vn 0.24965 -0.29131 -0.92348
vn -0.00188 -0.20646 -0.97845
vn -0.25266 -0.32478 -0.91142
vn -0.27571 -0.43793 -0.85569
vn -0.12463 -0.30690 -0.94355
vn -0.07980 -0.34162 -0.93644
vn -0.17701 -0.62012 -0.76428
vn -0.21201 -0.77595 -0.59410
vn -0.21561 -0.85503 -0.47164
vn -0.21280 -0.90483 -0.36879
vn -0.20773 -0.93621 -0.28347
vn -0.20239 -0.95614 -0.21174
vn -0.19782 -0.96872 -0.14982
vn -0.19448 -0.97631 -0.09484
vn -0.19260 -0.98028 -0.04432
vn -0.19228 -0.98133 0.00414
vn -0.19355 -0.97966 0.05291
vn -0.19641 -0.97494 0.10447
vn -0.20080 -0.96623 0.16150
vn -0.20653 -0.95174 0.22701
vn -0.21311 -0.92843 0.30432
vn -0.21943 -0.89142 0.39652
vn -0.22335 -0.83371 0.50501
vn -0.22132 -0.74741 0.62641
vn -0.20885 -0.62859 0.74917
vn -0.18288 -0.48548 0.85490
vn -0.14453 -0.34108 0.92886
vn -0.09889 -0.22300 0.96979
vn -0.05210 -0.15003 0.98731
vn 0.00048 -0.12835 0.99173
vn 0.05194 -0.15899 0.98591
vn 0.09892 -0.24053 0.96559
vn 0.14411 -0.36498 0.91979
vn 0.18130 -0.51135 0.84003
vn 0.20581 -0.65168 0.73004
vn 0.21720 -0.76506 0.60623
vn 0.21888 -0.84588 0.48639
vn 0.21520 -0.89936 0.38058
vn 0.20946 -0.93349 0.29108
vn 0.20360 -0.95492 0.21603
vn 0.19861 -0.96819 0.15220
vn 0.19494 -0.97607 0.09633
vn 0.19278 -0.98019 0.04544
vn 0.21692 -0.97591 0.02352
vn 0.47970 -0.87630 -0.04458
vn 0.59823 -0.79457 -0.10381
vn 0.59458 -0.77587 -0.21095
vn 0.58574 -0.74504 -0.31910
vn 0.57023 -0.70178 -0.42702
vn 0.54642 -0.64630 -0.53266
vn 0.51262 -0.57937 -0.63368
vn 0.46757 -0.50306 -0.72685
vn 0.40954 -0.41996 -0.80988
vn 0.30138 -0.30593 -0.90309
vn 0.12608 -0.18499 -0.97462
vn 0.17045 -0.21410 -0.96183
vn 0.39924 -0.23292 -0.88677
vn 0.36246 -0.18300 -0.91386
vn 0.02475 -0.17449 -0.98435
vn -0.34600 -0.21881 -0.91236
vn -0.40544 -0.25194 -0.87872
vn -0.20017 -0.19164 -0.96084
vn -0.10837 -0.22057 -0.96933
vn -0.28313 -0.35066 -0.89268
vn -0.39675 -0.45317 -0.79826
vn -0.45334 -0.53257 -0.71474
vn -0.49715 -0.60410 -0.62281
vn -0.53078 -0.66583 -0.52435
vn -0.55564 -0.71638 -0.42196
vn -0.57349 -0.75519 -0.31748
vn -0.58579 -0.78216 -0.21231
vn -0.59367 -0.79754 -0.10718
vn -0.59782 -0.80162 -0.00193
vn -0.59839 -0.79442 0.10407
vn -0.59485 -0.77553 0.21143
vn -0.58608 -0.74430 0.32019
vn -0.57047 -0.70017 0.42934
vn -0.54625 -0.64321 0.53656
vn -0.51203 -0.57486 0.63825
vn -0.46737 -0.49838 0.73020
vn -0.41313 -0.41873 0.80870
vn -0.35131 -0.34178 0.87165
vn -0.28447 -0.27314 0.91895
vn -0.21494 -0.21726 0.95215
vn -0.14475 -0.17722 0.97347
vn -0.07626 -0.15476 0.98500
vn -0.00340 -0.15014 0.98866
vn 0.07005 -0.16309 0.98412
vn 0.13811 -0.19358 0.97131
vn 0.20764 -0.24064 0.94814
vn 0.27606 -0.30180 0.91253
vn 0.34122 -0.37342 0.86263
vn 0.40096 -0.45066 0.79758
vn 0.45314 -0.52804 0.71822
vn 0.49636 -0.60032 0.62709
vn 0.53028 -0.66350 0.52780
vn 0.55560 -0.71524 0.42396
vn 0.57365 -0.75468 0.31841
vn 0.58595 -0.78193 0.21273
vn 0.59373 -0.79746 0.10742
vn 0.72914 -0.68160 0.06146
vn 0.89119 -0.44739 -0.07503
vn 0.84551 -0.51286 -0.14860
vn 0.81526 -0.50429 -0.28468
vn 0.76901 -0.49152 -0.40869
vn 0.71101 -0.47615 -0.51745
vn 0.64520 -0.45967 -0.61026
vn 0.57425 -0.44317 -0.68836
vn 0.49977 -0.42734 -0.75340
vn 0.42055 -0.41230 -0.80817
vn 0.29048 -0.39081 -0.87343
vn 0.10950 -0.35924 -0.92680
vn 0.19842 -0.36249 -0.91062
vn 0.40410 -0.36830 -0.83729
vn 0.34214 -0.37603 -0.86113
vn -0.02169 -0.39783 -0.91720
vn -0.35532 -0.38098 -0.85358
vn -0.39678 -0.37404 -0.83825
vn -0.17133 -0.35921 -0.91739
vn -0.12498 -0.35870 -0.92505
vn -0.30422 -0.39203 -0.86819
vn -0.42713 -0.41342 -0.80414
vn -0.50582 -0.42860 -0.74863
vn -0.58005 -0.44452 -0.68260
vn -0.65065 -0.46104 -0.60340
vn -0.71597 -0.47746 -0.50934
vn -0.77320 -0.49267 -0.39930
vn -0.81832 -0.50515 -0.27418
vn -0.84713 -0.51332 -0.13734
vn -0.85655 -0.51603 0.00581
vn -0.84550 -0.51285 0.14872
vn -0.81519 -0.50426 0.28494
vn -0.76871 -0.49142 0.40937
vn -0.71011 -0.47586 0.51895
vn -0.64341 -0.45909 0.61259
vn -0.57203 -0.44238 0.69071
vn -0.49850 -0.42665 0.75463
vn -0.42449 -0.41251 0.80600
vn -0.35099 -0.40034 0.84648
vn -0.27846 -0.39031 0.87757
vn -0.20699 -0.38251 0.90047
vn -0.13687 -0.37700 0.91605
vn -0.06933 -0.37379 0.92492
vn 0.00312 -0.37295 0.92785
vn 0.07460 -0.37401 0.92442
vn 0.14242 -0.37736 0.91505
vn 0.21267 -0.38305 0.89891
vn 0.28422 -0.39103 0.87540
vn 0.35684 -0.40123 0.84361
vn 0.43040 -0.41357 0.80231
vn 0.50441 -0.42785 0.75001
vn 0.57784 -0.44369 0.68501
vn 0.64895 -0.46044 0.60568
vn 0.71514 -0.47717 0.51077
vn 0.77293 -0.49257 0.39994
vn 0.81826 -0.50512 0.27442
vn 0.84712 -0.51332 0.13745
vn 0.80952 -0.58311 0.06824
vn 0.61441 -0.78729 -0.05173
vn 0.56867 -0.81581 -0.10524
vn 0.55283 -0.80933 -0.19839
vn 0.52813 -0.79951 -0.28611
vn 0.49592 -0.78724 -0.36649
vn 0.45758 -0.77345 -0.43862
vn 0.41404 -0.75893 -0.50259
vn 0.36598 -0.74429 -0.55865
vn 0.31218 -0.72964 -0.60841
vn 0.21614 -0.70632 -0.67409
vn 0.07878 -0.66994 -0.73823
vn 0.17119 -0.67866 -0.71423
vn 0.32028 -0.68431 -0.65509
vn 0.25840 -0.69420 -0.67180
vn -0.03900 -0.71529 -0.69774
vn -0.28348 -0.69561 -0.66012
vn -0.30659 -0.68915 -0.65656
vn -0.12152 -0.67067 -0.73173
vn -0.10712 -0.67522 -0.72979
vn -0.23963 -0.71154 -0.66052
vn -0.32288 -0.73239 -0.59946
vn -0.37536 -0.74706 -0.54864
vn -0.42261 -0.76173 -0.49109
vn -0.46522 -0.77615 -0.42563
vn -0.50251 -0.78971 -0.35192
vn -0.53342 -0.80159 -0.27004
vn -0.55654 -0.81084 -0.18112
vn -0.57058 -0.81660 -0.08721
vn -0.57471 -0.81831 0.00917
vn -0.56866 -0.81580 0.10532
vn -0.55280 -0.80931 0.19858
vn -0.52797 -0.79943 0.28664
vn -0.49543 -0.78699 0.36770
vn -0.45656 -0.77293 0.44060
vn -0.41279 -0.75820 0.50471
vn -0.36537 -0.74364 0.55991
vn -0.31537 -0.72996 0.60639
vn -0.26362 -0.71769 0.64453
vn -0.21075 -0.70726 0.67481
vn -0.15720 -0.69896 0.69767
vn -0.10358 -0.69301 0.71345
vn -0.05133 -0.68958 0.72239
vn 0.00576 -0.68874 0.72498
vn 0.06103 -0.69005 0.72118
vn 0.11369 -0.69394 0.71100
vn 0.16736 -0.70035 0.69390
vn 0.22081 -0.70908 0.66967
vn 0.27351 -0.71988 0.63794
vn 0.32497 -0.73245 0.59826
vn 0.37456 -0.74635 0.55015
vn 0.42138 -0.76100 0.49328
vn 0.46433 -0.77567 0.42748
vn 0.50211 -0.78949 0.35298
vn 0.53330 -0.80152 0.27048
vn 0.55651 -0.81082 0.18128
vn 0.57058 -0.81659 0.08729
vn 0.52180 -0.85193 0.04398
vn 0.33438 -0.94202 -0.02815
vn 0.30799 -0.94932 -0.06267
vn 0.30065 -0.94694 -0.11363
vn 0.28927 -0.94334 -0.16258
vn 0.27416 -0.93877 -0.20868
vn 0.25564 -0.93350 -0.25146
vn 0.23385 -0.92775 -0.29085
vn 0.20889 -0.92174 -0.32674
vn 0.17972 -0.91546 -0.36004
vn 0.12196 -0.90402 -0.40972
vn 0.03908 -0.88554 -0.46292
vn 0.12247 -0.89415 -0.43069
vn 0.19985 -0.89510 -0.39857
vn 0.14719 -0.90078 -0.40857
vn -0.04960 -0.90881 -0.41425
vn -0.18134 -0.89955 -0.39739
vn -0.18230 -0.89767 -0.40119
vn -0.05820 -0.88585 -0.46032
vn -0.07559 -0.89288 -0.44391
vn -0.15034 -0.90956 -0.38742
vn -0.19215 -0.91800 -0.34693
vn -0.21941 -0.92416 -0.31270
vn -0.24310 -0.93010 -0.27536
vn -0.26357 -0.93568 -0.23460
vn -0.28075 -0.94070 -0.19042
vn -0.29439 -0.94492 -0.14306
vn -0.30416 -0.94805 -0.09318
vn -0.30977 -0.94990 -0.04164
vn -0.31105 -0.95033 0.01062
vn -0.30799 -0.94932 0.06271
vn -0.30064 -0.94693 0.11375
vn -0.28919 -0.94331 0.16291
vn -0.27392 -0.93867 0.20946
vn -0.25516 -0.93328 0.25274
vn -0.23329 -0.92745 0.29225
vn -0.20872 -0.92148 0.32757
vn -0.18186 -0.91568 0.35841
vn -0.15311 -0.91032 0.38455
vn -0.12284 -0.90564 0.40586
vn -0.09141 -0.90185 0.42227
vn -0.05937 -0.89912 0.43365
vn -0.02787 -0.89759 0.43994
vn 0.00752 -0.89729 0.44137
vn 0.04049 -0.89806 0.43801
vn 0.07238 -0.90007 0.42970
vn 0.10426 -0.90323 0.41629
vn 0.13528 -0.90740 0.39790
vn 0.16499 -0.91238 0.37462
vn 0.19304 -0.91795 0.34656
vn 0.21903 -0.92386 0.31387
vn 0.24256 -0.92981 0.27680
vn 0.26321 -0.93551 0.23569
vn 0.28060 -0.94063 0.19099
vn 0.29435 -0.94489 0.14329
vn 0.30415 -0.94805 0.09326
vn 0.30977 -0.94990 0.04168
vn 0.26646 -0.96358 0.02243
vn 0.13288 -0.99107 -0.01113
vn 0.13124 -0.99081 -0.03284
vn 0.12797 -0.99028 -0.05441
vn 0.12312 -0.98954 -0.07524
vn 0.11679 -0.98860 -0.09502
vn 0.10902 -0.98753 -0.11362
vn 0.09977 -0.98634 -0.13105
vn 0.08904 -0.98509 -0.14718
vn 0.07612 -0.98375 -0.16264
vn 0.04621 -0.98061 -0.19046
vn 0.00612 -0.97578 -0.21867
vn 0.07601 -0.98017 -0.18299
vn 0.09494 -0.97973 -0.17639
vn 0.05549 -0.98144 -0.18358
vn -0.05323 -0.98153 -0.18374
vn -0.09462 -0.97975 -0.17648
vn -0.07744 -0.98018 -0.18237
vn -0.00656 -0.97580 -0.21858
vn -0.04517 -0.98049 -0.19133
vn -0.07553 -0.98368 -0.16329
vn -0.08874 -0.98505 -0.14765
vn -0.09954 -0.98630 -0.13151
vn -0.10883 -0.98749 -0.11409
vn -0.11665 -0.98857 -0.09550
vn -0.12302 -0.98951 -0.07571
vn -0.12790 -0.99027 -0.05489
vn -0.13120 -0.99080 -0.03331
vn -0.13286 -0.99107 -0.01130
vn -0.13288 -0.99107 0.01085
vn -0.13124 -0.99081 0.03286
vn -0.12796 -0.99028 0.05447
vn -0.12309 -0.98953 0.07541
vn -0.11668 -0.98857 0.09543
vn -0.10880 -0.98747 0.11427
vn -0.09956 -0.98628 0.13169
vn -0.08905 -0.98505 0.14748
vn -0.07742 -0.98384 0.16144
vn -0.06479 -0.98272 0.17337
vn -0.05134 -0.98175 0.18312
vn -0.03722 -0.98097 0.19057
vn -0.02277 -0.98043 0.19556
vn -0.00865 -0.98017 0.19799
vn 0.00816 -0.98016 0.19804
vn 0.02232 -0.98041 0.19569
vn 0.03679 -0.98094 0.19079
vn 0.05093 -0.98172 0.18342
vn 0.06443 -0.98268 0.17372
vn 0.07709 -0.98380 0.16184
vn 0.08878 -0.98501 0.14792
vn 0.09933 -0.98624 0.13216
vn 0.10862 -0.98744 0.11475
vn 0.11653 -0.98854 0.09591
vn 0.12298 -0.98950 0.07590
vn 0.12789 -0.99027 0.05495
vn 0.13119 -0.99080 0.03334
vn 0.13286 -0.99107 0.01132
vn 0.13288 -0.99110 0.00747
f 1/1/1 58/58/58 2/2/2
f 2/2/2 58/58/58 59/59/59
f 2/2/2 59/59/59 3/3/3
f 3/3/3 59/59/59 60/60/60
f 3/3/3 60/60/60 4/4/4
f 4/4/4 60/60/60 61/61/61
f 4/4/4 61/61/61 5/5/5
f 5/5/5 61/61/61 62/62/62
f 5/5/5 62/62/62 6/6/6
f 6/6/6 62/62/62 63/63/63
f 6/6/6 63/63/63 7/7/7
f 7/7/7 63/63/63 64/64/64
f 7/7/7 64/64/64 8/8/8
f 8/8/8 64/64/64 65/65/65
f 8/8/8 65/65/65 9/9/9
f 9/9/9 65/65/65 66/66/66
f 9/9/9 66/66/66 10/10/10
f 10/10/10 66/66/66 67/67/67
f 10/10/10 67/67/67 11/11/11
f 11/11/11 67/67/67 68/68/68
f 11/11/11 68/68/68 12/12/12
f 12/12/12 68/68/68 69/69/69
f 12/12/12 69/69/69 13/13/13
f 13/13/13 69/69/69 70/70/70
f 13/13/13 70/70/70 14/14/14
f 14/14/14 70/70/70 71/71/71
f 14/14/14 71/71/71 15/15/15
f 15/15/15 71/71/71 72/72/72
f 15/15/15 72/72/72 16/16/16
f 16/16/16 72/72/72 73/73/73
f 16/16/16 73/73/73 17/17/17
f 17/17/17 73/73/73 74/74/74
f 17/17/17 74/74/74 18/18/18
f 18/18/18 74/74/74 75/75/75
f 18/18/18 75/75/75 19/19/19
f 19/19/19 75/75/75 76/76/76
f 19/19/19 76/76/76 20/20/20
f 20/20/20 76/76/76 77/77/77
f 20/20/20 77/77/77 21/21/21
f 21/21/21 77/77/77 78/78/78
f 21/21/21 78/78/78 22/22/22
f 22/22/22 78/78/78 79/79/79
f 22/22/22 79/79/79 23/23/23
f 23/23/23 79/79/79 80/80/80
f 23/23/23 80/80/80 24/24/24
f 24/24/24 80/80/80 81/81/81
f 24/24/24 81/81/81 25/25/25
f 25/25/25 81/81/81 82/82/82
f 25/25/25 82/82/82 26/26/26
f 26/26/26 82/82/82 83/83/83
f 26/26/26 83/83/83 27/27/27
f 27/27/27 83/83/83 84/84/84
f 27/27/27 84/84/84 28/28/28
f 28/28/28 84/84/84 85/85/85
f 28/28/28 85/85/85 29/29/29
f 29/29/29 85/85/85 86/86/86
f 29/29/29 86/86/86 30/30/30
f 30/30/30 86/86/86 87/87/87
f 30/30/30 87/87/87 31/31/31
f 31/31/31 87/87/87 88/88/88
f 31/31/31 88/88/88 32/32/32
f 32/32/32 88/88/88 89/89/89
f 32/32/32 89/89/89 33/33/33
f 33/33/33 89/89/89 90/90/90
f 33/33/33 90/90/90 34/34/34
f 34/34/34 90/90/90 91/91/91
f 34/34/34 91/91/91 35/35/35
f 35/35/35 91/91/91 92/92/92
f 35/35/35 92/92/92 36/36/36
f 36/36/36 92/92/92 93/93/93
f 36/36/36 93/93/93 37/37/37
f 37/37/37 93/93/93 94/94/94
f 37/37/37 94/94/94 38/38/38
f 38/38/38 94/94/94 95/95/95
f 38/38/38 95/95/95 39/39/39
f 39/39/39 95/95/95 96/96/96
f 39/39/39 96/96/96 40/40/40
f 40/40/40 96/96/96 97/97/97
f 40/40/40 97/97/97 41/41/41
f 41/41/41 97/97/97 98/98/98
f 41/41/41 98/98/98 42/42/42
f 42/42/42 98/98/98 99/99/99
f 42/42/42 99/99/99 43/43/43
f 43/43/43 99/99/99 100/100/100
f 43/43/43 100/100/100 44/44/44
f 44/44/44 100/100/100 101/101/101
f 44/44/44 101/101/101 45/45/45
f 45/45/45 101/101/101 102/102/102
f 45/45/45 102/102/102 46/46/46
f 46/46/46 102/102/102 103/103/103
f 46/46/46 103/103/103 47/47/47
f 47/47/47 103/103/103 104/104/104
f 47/47/47 104/104/104 48/48/48
f 48/48/48 104/104/104 105/105/105
f 48/48/48 105/105/105 49/49/49
f 49/49/49 105/105/105 106/106/106
f 49/49/49 106/106/106 50/50/50
f 50/50/50 106/106/106 107/107/107
f 50/50/50 107/107/107 51/51/51
f 51/51/51 107/107/107 108/108/108
f 51/51/51 108/108/108 52/52/52
f 52/52/52 108/108/108 109/109/109
f 52/52/52 109/109/109 53/53/53
f 53/53/53 109/109/109 110/110/110
f 53/53/53 110/110/110 54/54/54
f 54/54/54 110/110/110 111/111/111
f 54/54/54 111/111/111 55/55/55
f 55/55/55 111/111/111 112/112/112
f 55/55/55 112/112/112 56/56/56
f 56/56/56 112/112/112 113/113/113
f 56/56/56 113/113/113 57/57/57
f 57/57/57 113/113/113 114/114/114
f 58/58/58 115/115/115 59/59/59
f 59/59/59 115/115/115 116/116/116
f 59/59/59 116/116/116 60/60/60
f 60/60/60 116/116/116 117/117/117
f 60/60/60 117/117/117 61/61/61
f 61/61/61 117/117/117 118/118/118
f 61/61/61 118/118/118 62/62/62
f 62/62/62 118/118/118 119/119/119
f 62/62/62 119/119/119 63/63/63
f 63/63/63 119/119/119 120/120/120
f 63/63/63 120/120/120 64/64/64
f 64/64/64 120/120/120 121/121/121
f 64/64/64 121/121/121 65/65/65
f 65/65/65 121/121/121 122/122/122
f 65/65/65 122/122/122 66/66/66
f 66/66/66 122/122/122 123/123/123
f 66/66/66 123/123/123 67/67/67
f 67/67/67 123/123/123 124/124/124
f 67/67/67 124/124/124 68/68/68
f 68/68/68 124/124/124 125/125/125
f 68/68/68 125/125/125 69/69/69
f 69/69/69 125/125/125 126/126/126
f 69/69/69 126/126/126 70/70/70
f 70/70/70 126/126/126 127/127/127
f 70/70/70 127/127/127 71/71/71
f 71/71/71 127/127/127 128/128/128
f 71/71/71 128/128/128 72/72/72
f 72/72/72 128/128/128 129/129/129
f 72/72/72 129/129/129 73/73/73
f 73/73/73 129/129/129 130/130/130
f 73/73/73 130/130/130 74/74/74
f 74/74/74 130/130/130 131/131/131
f 74/74/74 131/131/131 75/75/75
f 75/75/75 131/131/131 132/132/132
f 75/75/75 132/132/132 76/76/76
f 76/76/76 132/132/132 133/133/133
f 76/76/76 133/133/133 77/77/77
f 77/77/77 133/133/133 134/134/134
f 77/77/77 134/134/134 78/78/78
f 78/78/78 134/134/134 135/135/135
f 78/78/78 135/135/135 79/79/79
f 79/79/79 135/135/135 136/136/136
f 79/79/79 136/136/136 80/80/80
f 80/80/80 136/136/136 137/137/137
f 80/80/80 137/137/137 81/81/81
f 81/81/81 137/137/137 138/138/138
f 81/81/81 138/138/138 82/82/82
f 82/82/82 138/138/138 139/139/139
f 82/82/82 139/139/139 83/83/83
f 83/83/83 139/139/139 140/140/140
f 83/83/83 140/140/140 84/84/84
f 84/84/84 140/140/140 141/141/141
f 84/84/84 141/141/141 85/85/85
f 85/85/85 141/141/141 142/142/142
f 85/85/85 142/142/142 86/86/86
f 86/86/86 142/142/142 143/143/143
f 86/86/86 143/143/143 87/87/87
f 87/87/87 143/143/143 144/144/144
f 87/87/87 144/144/144 88/88/88
f 88/88/88 144/144/144 145/145/145
f 88/88/88 145/145/145 89/89/89
f 89/89/89 145/145/145 146/146/146
f 89/89/89 146/146/146 90/90/90
f 90/90/90 146/146/146 147/147/147
f 90/90/90 147/147/147 91/91/91
f 91/91/91 147/147/147 148/148/148
f 91/91/91 148/148/148 92/92/92
f 92/92/92 148/148/148 149/149/149
f 92/92/92 149/149/149 93/93/93
f 93/93/93 149/149/149 150/150/150
f 93/93/93 150/150/150 94/94/94
f 94/94/94 150/150/150 151/151/151
f 94/94/94 151/151/151 95/95/95
f 95/95/95 151/151/151 152/152/152
f 95/95/95 152/152/152 96/96/96
f 96/96/96 152/152/152 153/153/153
f 96/96/96 153/153/153 97/97/97
f 97/97/97 153/153/153 154/154/154
f 97/97/97 154/154/154 98/98/98
f 98/98/98 154/154/154 155/155/155
f 98/98/98 155/155/155 99/99/99
f 99/99/99 155/155/155 156/156/156
f 99/99/99 156/156/156 100/100/100
f 100/100/100 156/156/156 157/157/157
f 100/100/100 157/157/157 101/101/101
f 101/101/101 157/157/157 158/158/158
f 101/101/101 158/158/158 102/102/102
f 102/102/102 158/158/158 159/159/159
f 102/102/102 159/159/159 103/103/103
f 103/103/103 159/159/159 160/160/160
f 103/103/103 160/160/160 104/104/104
f 104/104/104 160/160/160 161/161/161
f 104/104/104 161/161/161 105/105/105
f 105/105/105 161/161/161 162/162/162
f 105/105/105 162/162/162 106/106/106
f 106/106/106 162/162/162 163/163/163
f 106/106/106 163/163/163 107/107/107
f 107/107/107 163/163/163 164/164/164
f 107/107/107 164/164/164 108/108/108
f 108/108/108 164/164/164 165/165/165
f 108/108/108 165/165/165 109/109/109
f 109/109/109 165/165/165 166/166/166
f 109/109/109 166/166/166 110/110/110
f 110/110/110 166/166/166 167/167/167
f 110/110/110 167/167/167 111/111/111
f 111/111/111 167/167/167 168/168/168
f 111/111/111 168/168/168 112/112/112
f 112/112/112 168/168/168 169/169/169
f 112/112/112 169/169/169 113/113/113
f 113/113/113 169/169/169 170/170/170
f 113/113/113 170/170/170 114/114/114
f 114/114/114 170/170/170 171/171/171
f 115/115/115 172/172/172 116/116/116
f 116/116/116 172/172/172 173/173/173
f 116/116/116 173/173/173 117/117/117
f 117/117/117 173/173/173 174/174/174
f 117/117/117 174/174/174 118/118/118
f 118/118/118 174/174/174 175/175/175
f 118/118/118 175/175/175 119/119/119
f 119/119/119 175/175/175 176/176/176
f 119/119/119 176/176/176 120/120/120
f 120/120/120 176/176/176 177/177/177
f 120/120/120 177/177/177 121/121/121
f 121/121/121 177/177/177 178/178/178
f 121/121/121 178/178/178 122/122/122
f 122/122/122 178/178/178 179/179/179
f 122/122/122 179/179/179 123/123/123
f 123/123/123 179/179/179 180/180/180
f 123/123/123 180/180/180 124/124/124
f 124/124/124 180/180/180 181/181/181
f 124/124/124 181/181/181 125/125/125
f 125/125/125 181/181/181 182/182/182
f 125/125/125 182/182/182 126/126/126
f 126/126/126 182/182/182 183/183/183
f 126/126/126 183/183/183 127/127/127
f 127/127/127 183/183/183 184/184/184
f 127/127/127 184/184/184 128/128/128
f 128/128/128 184/184/184 185/185/185
f 128/128/128 185/185/185 129/129/129
f 129/129/129 185/185/185 186/186/186
f 129/129/129 186/186/186 130/130/130
f 130/130/130 186/186/186 187/187/187
f 130/130/130 187/187/187 131/131/131
f 131/131/131 187/187/187 188/188/188
f 131/131/131 188/188/188 132/132/132
f 132/132/132 188/188/188 189/189/189
f 132/132/132 189/189/189 133/133/133
f 133/133/133 189/189/189 190/190/190
f 133/133/133 190/190/190 134/134/134
f 134/134/134 190/190/190 191/191/191
f 134/134/134 191/191/191 135/135/135
f 135/135/135 191/191/191 192/192/192
f 135/135/135 192/192/192 136/136/136
f 136/136/136 192/192/192 193/193/193
f 136/136/136 193/193/193 137/137/137
f 137/137/137 193/193/193 194/194/194
f 137/137/137 194/194/194 138/138/138
f 138/138/138 194/194/194 195/195/195
f 138/138/138 195/195/195 139/139/139
f 139/139/139 195/195/195 196/196/196
f 139/139/139 196/196/196 140/140/140
f 140/140/140 196/196/196 197/197/197
f 140/140/140 197/197/197 141/141/141
f 141/141/141 197/197/197 198/198/198
f 141/141/141 198/198/198 142/142/142
f 142/142/142 198/198/198 199/199/199
f 142/142/142 199/199/199 143/143/143
f 143/143/143 199/199/199 200/200/200
f 143/143/143 200/200/200 144/144/144
f 144/144/144 200/200/200 201/201/201
f 144/144/144 201/201/201 145/145/145
f 145/145/145 201/201/201 202/202/202
f 145/145/145 202/202/202 146/146/146
f 146/146/146 202/202/202 203/203/203
f 146/146/146 203/203/203 147/147/147
f 147/147/147 203/203/203 204/204/204
f 147/147/147 204/204/204 148/148/148
f 148/148/148 204/204/204 205/205/205
f 148/148/148 205/205/205 149/149/149
f 149/149/149 205/205/205 206/206/206
f 149/149/149 206/206/206 150/150/150
f 150/150/150 206/206/206 207/207/207
f 150/150/150 207/207/207 151/151/151
f 151/151/151 207/207/207 208/208/208
f 151/151/151 208/208/208 152/152/152
f 152/152/152 208/208/208 209/209/209
f 152/152/152 209/209/209 153/153/153
f 153/153/153 209/209/209 210/210/210
f 153/153/153 210/210/210 154/154/154
f 154/154/154 210/210/210 211/211/211
f 154/154/154 211/211/211 155/155/155
f 155/155/155 211/211/211 212/212/212
f 155/155/155 212/212/212 156/156/156
f 156/156/156 212/212/212 213/213/213
f 156/156/156 213/213/213 157/157/157
f 157/157/157 213/213/213 214/214/214
f 157/157/157 214/214/214 158/158/158
f 158/158/158 214/214/214 215/215/215
f 158/158/158 215/215/215 159/159/159
f 159/159/159 215/215/215 216/216/216
f 159/159/159 216/216/216 160/160/160
f 160/160/160 216/216/216 217/217/217
f 160/160/160 217/217/217 161/161/161
f 161/161/161 217/217/217 218/218/218
f 161/161/161 218/218/218 162/162/162
f 162/162/162 218/218/218 219/219/219
f 162/162/162 219/219/219 163/163/163
f 163/163/163 219/219/219 220/220/220
f 163/163/163 220/220/220 164/164/164
f 164/164/164 220/220/220 221/221/221
f 164/164/164 221/221/221 165/165/165
f 165/165/165 221/221/221 222/222/222
f 165/165/165 222/222/222 166/166/166
f 166/166/166 222/222/222 223/223/223
f 166/166/166 223/223/223 167/167/167
f 167/167/167 223/223/223 224/224/224
f 167/167/167 224/224/224 168/168/168
f 168/168/168 224/224/224 225/225/225
f 168/168/168 225/225/225 169/169/169
f 169/169/169 225/225/225 226/226/226
f 169/169/169 226/226/226 170/170/170
f 170/170/170 226/226/226 227/227/227
f 170/170/170 227/227/227 171/171/171
f 171/171/171 227/227/227 228/228/228
f 172/172/172 229/229/229 173/173/173
f 173/173/173 229/229/229 230/230/230
f 173/173/173 230/230/230 174/174/174
f 174/174/174 230/230/230 231/231/231
f 174/174/174 231/231/231 175/175/175
f 175/175/175 231/231/231 232/232/232
f 175/175/175 232/232/232 176/176/176
f 176/176/176 232/232/232 233/233/233
f 176/176/176 233/233/233 177/177/177
f 177/177/177 233/233/233 234/234/234
f 177/177/177 234/234/234 178/178/178
f 178/178/178 234/234/234 235/235/235
f 178/178/178 235/235/235 179/179/179
f 179/179/179 235/235/235 236/236/236
f 179/179/179 236/236/236 180/180/180
f 180/180/180 236/236/236 237/237/237
f 180/180/180 237/237/237 181/181/181
f 181/181/181 237/237/237 238/238/238
f 181/181/181 238/238/238 182/182/182
f 182/182/182 238/238/238 239/239/239
f 182/182/182 239/239/239 183/183/183
f 183/183/183 239/239/239 240/240/240
f 183/183/183 240/240/240 184/184/184
f 184/184/184 240/240/240 241/241/241
f 184/184/184 241/241/241 185/185/185
f 185/185/185 241/241/241 242/242/242
f 185/185/185 242/242/242 186/186/186
f 186/186/186 242/242/242 243/243/243
f 186/186/186 243/243/243 187/187/187
f 187/187/187 243/243/243 244/244/244
f 187/187/187 244/244/244 188/188/188
f 188/188/188 244/244/244 245/245/245
f 188/188/188 245/245/245 189/189/189
f 189/189/189 245/245/245 246/246/246
f 189/189/189 246/246/246 190/190/190
f 190/190/190 246/246/246 247/247/247
f 190/190/190 247/247/247 191/191/191
f 191/191/191 247/247/247 248/248/248
f 191/191/191 248/248/248 192/192/192
f 192/192/192 248/248/248 249/249/249
f 192/192/192 249/249/249 193/193/193
f 193/193/193 249/249/249 250/250/250
f 193/193/193 250/250/250 194/194/194
f 194/194/194 250/250/250 251/251/251
f 194/194/194 251/251/251 195/195/195
f 195/195/195 251/251/251 252/252/252
f 195/195/195 252/252/252 196/196/196
f 196/196/196 252/252/252 253/253/253
f 196/196/196 253/253/253 197/197/197
f 197/197/197 253/253/253 254/254/254
f 197/197/197 254/254/254 198/198/198
f 198/198/198 254/254/254 255/255/255
f 198/198/198 255/255/255 199/199/199
f 199/199/199 255/255/255 256/256/256
f 199/199/199 256/256/256 200/200/200
f 200/200/200 256/256/256 257/257/257
f 200/200/200 257/257/257 201/201/201
f 201/201/201 257/257/257 258/258/258
f 201/201/201 258/258/258 202/202/202
f 202/202/202 258/258/258 259/259/259
f 202/202/202 259/259/259 203/203/203
f 203/203/203 259/259/259 260/260/260
f 203/203/203 260/260/260 204/204/204
f 204/204/204 260/260/260 261/261/261
f 204/204/204 261/261/261 205/205/205
f 205/205/205 261/261/261 262/262/262
f 205/205/205 262/262/262 206/206/206
f 206/206/206 262/262/262 263/263/263
f 206/206/206 263/263/263 207/207/207
f 207/207/207 263/263/263 264/264/264
f 207/207/207 264/264/264 208/208/208
f 208/208/208 264/264/264 265/265/265
f 208/208/208 265/265/265 209/209/209
f 209/209/209 265/265/265 266/266/266
f 209/209/209 266/266/266 210/210/210
f 210/210/210 266/266/266 267/267/267
f 210/210/210 267/267/267 211/211/211
f 211/211/211 267/267/267 268/268/268
f 211/211/211 268/268/268 212/212/212
f 212/212/212 268/268/268 269/269/269
f 212/212/212 269/269/269 213/213/213
f 213/213/213 269/269/269 270/270/270
f 213/213/213 270/270/270 214/214/214
f 214/214/214 270/270/270 271/271/271
f 214/214/214 271/271/271 215/215/215
f 215/215/215 271/271/271 272/272/272
f 215/215/215 272/272/272 216/216/216
f 216/216/216 272/272/272 273/273/273
f 216/216/216 273/273/273 217/217/217
f 217/217/217 273/273/273 274/274/274
f 217/217/217 274/274/274 218/218/218
f 218/218/218 274/274/274 275/275/275
f 218/218/218 275/275/275 219/219/219
f 219/219/219 275/275/275 276/276/276
f 219/219/219 276/276/276 220/220/220
f 220/220/220 276/276/276 277/277/277
f 220/220/220 277/277/277 221/221/221
f 221/221/221 277/277/277 278/278/278
f 221/221/221 278/278/278 222/222/222
f 222/222/222 278/278/278 279/279/279
f 222/222/222 279/279/279 223/223/223
f 223/223/223 279/279/279 280/280/280
f 223/223/223 280/280/280 224/224/224
f 224/224/224 280/280/280 281/281/281
f 224/224/224 281/281/281 225/225/225
f 225/225/225 281/281/281 282/282/282
f 225/225/225 282/282/282 226/226/226
f 226/226/226 282/282/282 283/283/283
f 226/226/226 283/283/283 227/227/227
f 227/227/227 283/283/283 284/284/284
f 227/227/227 284/284/284 228/228/228
f 228/228/228 284/284/284 285/285/285
f 229/229/229 286/286/286 230/230/230
f 230/230/230 286/286/286 287/287/287
f 230/230/230 287/287/287 231/231/231
f 231/231/231 287/287/287 288/288/288
f 231/231/231 288/288/288 232/232/232
f 232/232/232 288/288/288 289/289/289
f 232/232/232 289/289/289 233/233/233
f 233/233/233 289/289/289 290/290/290
f 233/233/233 290/290/290 234/234/234
f 234/234/234 290/290/290 291/291/291
f 234/234/234 291/291/291 235/235/235
f 235/235/235 291/291/291 292/292/292
f 235/235/235 292/292/292 236/236/236
f 236/236/236 292/292/292 293/293/293
f 236/236/236 293/293/293 237/237/237
f 237/237/237 293/293/293 294/294/294
f 237/237/237 294/294/294 238/238/238
f 238/238/238 294/294/294 295/295/295
f 238/238/238 295/295/295 239/239/239
f 239/239/239 295/295/295 296/296/296
f 239/239/239 296/296/296 240/240/240
f 240/240/240 296/296/296 297/297/297
f 240/240/240 297/297/297 241/241/241
f 241/241/241 297/297/297 298/298/298
f 241/241/241 298/298/298 242/242/242
f 242/242/242 298/298/298 299/299/299
f 242/242/242 299/299/299 243/243/243
f 243/243/243 299/299/299 300/300/300
f 243/243/243 300/300/300 244/244/244
f 244/244/244 300/300/300 301/301/301
f 244/244/244 301/301/301 245/245/245
f 245/245/245 301/301/301 302/302/302
f 245/245/245 302/302/302 246/246/246
f 246/246/246 302/302/302 303/303/303
f 246/246/246 303/303/303 247/247/247
f 247/247/247 303/303/303 304/304/304
f 247/247/247 304/304/304 248/248/248
f 248/248/248 304/304/304 305/305/305
f 248/248/248 305/305/305 249/249/249
f 249/249/249 305/305/305 306/306/306
f 249/249/249 306/306/306 250/250/250
f 250/250/250 306/306/306 307/307/307
f 250/250/250 307/307/307 251/251/251
f 251/251/251 307/307/307 308/308/308
f 251/251/251 308/308/308 252/252/252
f 252/252/252 308/308/308 309/309/309
f 252/252/252 309/309/309 253/253/253
f 253/253/253 309/309/309 310/310/310
f 253/253/253 310/310/310 254/254/254
f 254/254/254 310/310/310 311/311/311
f 254/254/254 311/311/311 255/255/255
f 255/255/255 311/311/311 312/312/312
f 255/255/255 312/312/312 256/256/256
f 256/256/256 312/312/312 313/313/313
f 256/256/256 313/313/313 257/257/257
f 257/257/257 313/313/313 314/314/314
f 257/257/257 314/314/314 258/258/258
f 258/258/258 314/314/314 315/315/315
f 258/258/258 315/315/315 259/259/259
f 259/259/259 315/315/315 316/316/316
f 259/259/259 316/316/316 260/260/260
f 260/260/260 316/316/316 317/317/317
f 260/260/260 317/317/317 261/261/261
f 261/261/261 317/317/317 318/318/318
f 261/261/261 318/318/318 262/262/262
f 262/262/262 318/318/318 319/319/319
f 262/262/262 319/319/319 263/263/263
f 263/263/263 319/319/319 320/320/320
f 263/263/263 320/320/320 264/264/264
f 264/264/264 320/320/320 321/321/321
f 264/264/264 321/321/321 265/265/265
f 265/265/265 321/321/321 322/322/322
f 265/265/265 322/322/322 266/266/266
f 266/266/266 322/322/322 323/323/323
f 266/266/266 323/323/323 267/267/267
f 267/267/267 323/323/323 324/324/324
f 267/267/267 324/324/324 268/268/268
f 268/268/268 324/324/324 325/325/325
f 268/268/268 325/325/325 269/269/269
f 269/269/269 325/325/325 326/326/326
f 269/269/269 326/326/326 270/270/270
f 270/270/270 326/326/326 327/327/327
f 270/270/270 327/327/327 271/271/271
f 271/271/271 327/327/327 328/328/328
f 271/271/271 328/328/328 272/272/272
f 272/272/272 328/328/328 329/329/329
f 272/272/272 329/329/329 273/273/273
f 273/273/273 329/329/329 330/330/330
f 273/273/273 330/330/330 274/274/274
f 274/274/274 330/330/330 331/331/331
f 274/274/274 331/331/331 275/275/275
f 275/275/275 331/331/331 332/332/332
f 275/275/275 332/332/332 276/276/276
f 276/276/276 332/332/332 333/333/333
f 276/276/276 333/333/333 277/277/277
f 277/277/277 333/333/333 334/334/334
f 277/277/277 334/334/334 278/278/278
f 278/278/278 334/334/334 335/335/335
f 278/278/278 335/335/335 279/279/279
f 279/279/279 335/335/335 336/336/336
f 279/279/279 336/336/336 280/280/280
f 280/280/280 336/336/336 337/337/337
f 280/280/280 337/337/337 281/281/281
f 281/281/281 337/337/337 338/338/338
f 281/281/281 338/338/338 282/282/282
f 282/282/282 338/338/338 339/339/339
f 282/282/282 339/339/339 283/283/283
f 283/283/283 339/339/339 340/340/340
f 283/283/283 340/340/340 284/284/284
f 284/284/284 340/340/340 341/341/341
f 284/284/284 341/341/341 285/285/285
f 285/285/285 341/341/341 342/342/342
f 286/286/286 343/343/343 287/287/287
f 287/287/287 343/343/343 344/344/344
f 287/287/287 344/344/344 288/288/288
f 288/288/288 344/344/344 345/345/345
f 288/288/288 345/345/345 289/289/289
f 289/289/289 345/345/345 346/346/346
f 289/289/289 346/346/346 290/290/290
f 290/290/290 346/346/346 347/347/347
f 290/290/290 347/347/347 291/291/291
f 291/291/291 347/347/347 348/348/348
f 291/291/291 348/348/348 292/292/292
f 292/292/292 348/348/348 349/349/349
f 292/292/292 349/349/349 293/293/293
f 293/293/293 349/349/349 350/350/350
f 293/293/293 350/350/350 294/294/294
f 294/294/294 350/350/350 351/351/351
f 294/294/294 351/351/351 295/295/295
f 295/295/295 351/351/351 352/352/352
f 295/295/295 352/352/352 296/296/296
f 296/296/296 352/352/352 353/353/353
f 296/296/296 353/353/353 297/297/297
f 297/297/297 353/353/353 354/354/354
f 297/297/297 354/354/354 298/298/298
f 298/298/298 354/354/354 355/355/355
f 298/298/298 355/355/355 299/299/299
f 299/299/299 355/355/355 356/356/356
f 299/299/299 356/356/356 300/300/300
f 300/300/300 356/356/356 357/357/357
f 300/300/300 357/357/357 301/301/301
f 301/301/301 357/357/357 358/358/358
f 301/301/301 358/358/358 302/302/302
f 302/302/302 358/358/358 359/359/359
f 302/302/302 359/359/359 303/303/303
f 303/303/303 359/359/359 360/360/360
f 303/303/303 360/360/360 304/304/304
f 304/304/304 360/360/360 361/361/361
f 304/304/304 361/361/361 305/305/305
f 305/305/305 361/361/361 362/362/362
f 305/305/305 362/362/362 306/306/306
f 306/306/306 362/362/362 363/363/363
f 306/306/306 363/363/363 307/307/307
f 307/307/307 363/363/363 364/364/364
f 307/307/307 364/364/364 308/308/308
f 308/308/308 364/364/364 365/365/365
f 308/308/308 365/365/365 309/309/309
f 309/309/309 365/365/365 366/366/366
f 309/309/309 366/366/366 310/310/310
f 310/310/310 366/366/366 367/367/367
f 310/310/310 367/367/367 311/311/311
f 311/311/311 367/367/367 368/368/368
f 311/311/311 368/368/368 312/312/312
f 312/312/312 368/368/368 369/369/369
f 312/312/312 369/369/369 313/313/313
f 313/313/313 369/369/369 370/370/370
f 313/313/313 370/370/370 314/314/314
f 314/314/314 370/370/370 371/371/371
f 314/314/314 371/371/371 315/315/315
f 315/315/315 371/371/371 372/372/372
f 315/315/315 372/372/372 316/316/316
f 316/316/316 372/372/372 373/373/373
f 316/316/316 373/373/373 317/317/317
f 317/317/317 373/373/373 374/374/374
f 317/317/317 374/374/374 318/318/318
f 318/318/318 374/374/374 375/375/375
f 318/318/318 375/375/375 319/319/319
f 319/319/319 375/375/375 376/376/376
f 319/319/319 376/376/376 320/320/320
f 320/320/320 376/376/376 377/377/377
f 320/320/320 377/377/377 321/321/321
f 321/321/321 377/377/377 378/378/378
f 321/321/321 378/378/378 322/322/322
f 322/322/322 378/378/378 379/379/379
f 322/322/322 379/379/379 323/323/323
f 323/323/323 379/379/379 380/380/380
f 323/323/323 380/380/380 324/324/324
f 324/324/324 380/380/380 381/381/381
f 324/324/324 381/381/381 325/325/325
f 325/325/325 381/381/381 382/382/382
f 325/325/325 382/382/382 326/326/326
f 326/326/326 382/382/382 383/383/383
f 326/326/326 383/383/383 327/327/327
f 327/327/327 383/383/383 384/384/384
f 327/327/327 384/384/384 328/328/328
f 328/328/328 384/384/384 385/385/385
f 328/328/328 385/385/385 329/329/329
f 329/329/329 385/385/385 386/386/386
f 329/329/329 386/386/386 330/330/330
f 330/330/330 386/386/386 387/387/387
f 330/330/330 387/387/387 331/331/331
f 331/331/331 387/387/387 388/388/388
f 331/331/331 388/388/388 332/332/332
f 332/332/332 388/388/388 389/389/389
f 332/332/332 389/389/389 333/333/333
f 333/333/333 389/389/389 390/390/390
f 333/333/333 390/390/390 334/334/334
f 334/334/334 390/390/390 391/391/391
f 334/334/334 391/391/391 335/335/335
f 335/335/335 391/391/391 392/392/392
f 335/335/335 392/392/392 336/336/336
f 336/336/336 392/392/392 393/393/393
f 336/336/336 393/393/393 337/337/337
f 337/337/337 393/393/393 394/394/394
f 337/337/337 394/394/394 338/338/338
f 338/338/338 394/394/394 395/395/395
f 338/338/338 395/395/395 339/339/339
f 339/339/339 395/395/395 396/396/396
f 339/339/339 396/396/396 340/340/340
f 340/340/340 396/396/396 397/397/397
f 340/340/340 397/397/397 341/341/341
f 341/341/341 397/397/397 398/398/398
f 341/341/341 398/398/398 342/342/342
f 342/342/342 398/398/398 399/399/399
f 343/343/343 400/400/400 344/344/344
f 344/344/344 400/400/400 401/401/401
f 344/344/344 401/401/401 345/345/345
f 345/345/345 401/401/401 402/402/402
f 345/345/345 402/402/402 346/346/346
f 346/346/346 402/402/402 403/403/403
f 346/346/346 403/403/403 347/347/347
f 347/347/347 403/403/403 404/404/404
f 347/347/347 404/404/404 348/348/348
f 348/348/348 404/404/404 405/405/405
f 348/348/348 405/405/405 349/349/349
f 349/349/349 405/405/405 406/406/406
f 349/349/349 406/406/406 350/350/350
f 350/350/350 406/406/406 407/407/407
f 350/350/350 407/407/407 351/351/351
f 351/351/351 407/407/407 408/408/408
f 351/351/351 408/408/408 352/352/352
f 352/352/352 408/408/408 409/409/409
f 352/352/352 409/409/409 353/353/353
f 353/353/353 409/409/409 410/410/410
f 353/353/353 410/410/410 354/354/354
f 354/354/354 410/410/410 411/411/411
f 354/354/354 411/411/411 355/355/355
f 355/355/355 411/411/411 412/412/412
f 355/355/355 412/412/412 356/356/356
f 356/356/356 412/412/412 413/413/413
f 356/356/356 413/413/413 357/357/357
f 357/357/357 413/413/413 414/414/414
f 357/357/357 414/414/414 358/358/358
f 358/358/358 414/414/414 415/415/415
f 358/358/358 415/415/415 359/359/359
f 359/359/359 415/415/415 416/416/416
f 359/359/359 416/416/416 360/360/360
f 360/360/360 416/416/416 417/417/417
f 360/360/360 417/417/417 361/361/361
f 361/361/361 417/417/417 418/418/418
f 361/361/361 418/418/418 362/362/362
f 362/362/362 418/418/418 419/419/419
f 362/362/362 419/419/419 363/363/363
f 363/363/363 419/419/419 420/420/420
f 363/363/363 420/420/420 364/364/364
f 364/364/364 420/420/420 421/421/421
f 364/364/364 421/421/421 365/365/365
f 365/365/365 421/421/421 422/422/422
f 365/365/365 422/422/422 366/366/366
f 366/366/366 422/422/422 423/423/423
f 366/366/366 423/423/423 367/367/367
f 367/367/367 423/423/423 424/424/424
f 367/367/367 424/424/424 368/368/368
f 368/368/368 424/424/424 425/425/425
f 368/368/368 425/425/425 369/369/369
f 369/369/369 425/425/425 426/426/426
f 369/369/369 426/426/426 370/370/370
f 370/370/370 426/426/426 427/427/427
f 370/370/370 427/427/427 371/371/371
f 371/371/371 427/427/427 428/428/428
f 371/371/371 428/428/428 372/372/372
f 372/372/372 428/428/428 429/429/429
f 372/372/372 429/429/429 373/373/373
f 373/373/373 429/429/429 430/430/430
f 373/373/373 430/430/430 374/374/374
f 374/374/374 430/430/430 431/431/431
f 374/374/374 431/431/431 375/375/375
f 375/375/375 431/431/431 432/432/432
f 375/375/375 432/432/432 376/376/376
f 376/376/376 432/432/432 433/433/433
f 376/376/376 433/433/433 377/377/377
f 377/377/377 433/433/433 434/434/434
f 377/377/377 434/434/434 378/378/378
f 378/378/378 434/434/434 435/435/435
f 378/378/378 435/435/435 379/379/379
f 379/379/379 435/435/435 436/436/436
f 379/379/379 436/436/436 380/380/380
f 380/380/380 436/436/436 437/437/437
f 380/380/380 437/437/437 381/381/381
f 381/381/381 437/437/437 438/438/438
f 381/381/381 438/438/438 382/382/382
f 382/382/382 438/438/438 439/439/439
f 382/382/382 439/439/439 383/383/383
f 383/383/383 439/439/439 440/440/440
f 383/383/383 440/440/440 384/384/384
f 384/384/384 440/440/440 441/441/441
f 384/384/384 441/441/441 385/385/385
f 385/385/385 441/441/441 442/442/442
f 385/385/385 442/442/442 386/386/386
f 386/386/386 442/442/442 443/443/443
f 386/386/386 443/443/443 387/387/387
f 387/387/387 443/443/443 444/444/444
f 387/387/387 444/444/444 388/388/388
f 388/388/388 444/444/444 445/445/445
f 388/388/388 445/445/445 389/389/389
f 389/389/389 445/445/445 446/446/446
f 389/389/389 446/446/446 390/390/390
f 390/390/390 446/446/446 447/447/447
f 390/390/390 447/447/447 391/391/391
f 391/391/391 447/447/447 448/448/448
f 391/391/391 448/448/448 392/392/392
f 392/392/392 448/448/448 449/449/449
f 392/392/392 449/449/449 393/393/393
f 393/393/393 449/449/449 450/450/450
f 393/393/393 450/450/450 394/394/394
f 394/394/394 450/450/450 451/451/451
f 394/394/394 451/451/451 395/395/395
f 395/395/395 451/451/451 452/452/452
f 395/395/395 452/452/452 396/396/396
f 396/396/396 452/452/452 453/453/453
f 396/396/396 453/453/453 397/397/397
f 397/397/397 453/453/453 454/454/454
f 397/397/397 454/454/454 398/398/398
f 398/398/398 454/454/454 455/455/455
f 398/398/398 455/455/455 399/399/399
f 399/399/399 455/455/455 456/456/456
f 400/400/400 457/457/457 401/401/401
f 401/401/401 457/457/457 458/458/458
f 401/401/401 458/458/458 402/402/402
f 402/402/402 458/458/458 459/459/459
f 402/402/402 459/459/459 403/403/403
f 403/403/403 459/459/459 460/460/460
f 403/403/403 460/460/460 404/404/404
f 404/404/404 460/460/460 461/461/461
f 404/404/404 461/461/461 405/405/405
f 405/405/405 461/461/461 462/462/462
f 405/405/405 462/462/462 406/406/406
f 406/406/406 462/462/462 463/463/463
f 406/406/406 463/463/463 407/407/407
f 407/407/407 463/463/463 464/464/464
f 407/407/407 464/464/464 408/408/408
f 408/408/408 464/464/464 465/465/465
f 408/408/408 465/465/465 409/409/409
f 409/409/409 465/465/465 466/466/466
f 409/409/409 466/466/466 410/410/410
f 410/410/410 466/466/466 467/467/467
f 410/410/410 467/467/467 411/411/411
f 411/411/411 467/467/467 468/468/468
f 411/411/411 468/468/468 412/412/412
f 412/412/412 468/468/468 469/469/469
f 412/412/412 469/469/469 413/413/413
f 413/413/413 469/469/469 470/470/470
f 413/413/413 470/470/470 414/414/414
f 414/414/414 470/470/470 471/471/471
f 414/414/414 471/471/471 415/415/415
f 415/415/415 471/471/471 472/472/472
f 415/415/415 472/472/472 416/416/416
f 416/416/416 472/472/472 473/473/473
f 416/416/416 473/473/473 417/417/417
f 417/417/417 473/473/473 474/474/474
f 417/417/417 474/474/474 418/418/418
f 418/418/418 474/474/474 475/475/475
f 418/418/418 475/475/475 419/419/419
f 419/419/419 475/475/475 476/476/476
f 419/419/419 476/476/476 420/420/420
f 420/420/420 476/476/476 477/477/477
f 420/420/420 477/477/477 421/421/421
f 421/421/421 477/477/477 478/478/478
f 421/421/421 478/478/478 422/422/422
f 422/422/422 478/478/478 479/479/479
f 422/422/422 479/479/479 423/423/423
f 423/423/423 479/479/479 480/480/480
f 423/423/423 480/480/480 424/424/424
f 424/424/424 480/480/480 481/481/481
f 424/424/424 481/481/481 425/425/425
f 425/425/425 481/481/481 482/482/482
f 425/425/425 482/482/482 426/426/426
f 426/426/426 482/482/482 483/483/483
f 426/426/426 483/483/483 427/427/427
f 427/427/427 483/483/483 484/484/484
f 427/427/427 484/484/484 428/428/428
f 428/428/428 484/484/484 485/485/485
f 428/428/428 485/485/485 429/429/429
f 429/429/429 485/485/485 486/486/486
f 429/429/429 486/486/486 430/430/430
f 430/430/430 486/486/486 487/487/487
f 430/430/430 487/487/487 431/431/431
f 431/431/431 487/487/487 488/488/488
f 431/431/431 488/488/488 432/432/432
f 432/432/432 488/488/488 489/489/489
f 432/432/432 489/489/489 433/433/433
f 433/433/433 489/489/489 490/490/490
f 433/433/433 490/490/490 434/434/434
f 434/434/434 490/490/490 491/491/491
f 434/434/434 491/491/491 435/435/435
f 435/435/435 491/491/491 492/492/492
f 435/435/435 492/492/492 436/436/436
f 436/436/436 492/492/492 493/493/493
f 436/436/436 493/493/493 437/437/437
f 437/437/437 493/493/493 494/494/494
f 437/437/437 494/494/494 438/438/438
f 438/438/438 494/494/494 495/495/495
f 438/438/438 495/495/495 439/439/439
f 439/439/439 495/495/495 496/496/496
f 439/439/439 496/496/496 440/440/440
f 440/440/440 496/496/496 497/497/497
f 440/440/440 497/497/497 441/441/441
f 441/441/441 497/497/497 498/498/498
f 441/441/441 498/498/498 442/442/442
f 442/442/442 498/498/498 499/499/499
f 442/442/442 499/499/499 443/443/443
f 443/443/443 499/499/499 500/500/500
f 443/443/443 500/500/500 444/444/444
f 444/444/444 500/500/500 501/501/501
f 444/444/444 501/501/501 445/445/445
f 445/445/445 501/501/501 502/502/502
f 445/445/445 502/502/502 446/446/446
f 446/446/446 502/502/502 503/503/503
f 446/446/446 503/503/503 447/447/447
f 447/447/447 503/503/503 504/504/504
f 447/447/447 504/504/504 448/448/448
f 448/448/448 504/504/504 505/505/505
f 448/448/448 505/505/505 449/449/449
f 449/449/449 505/505/505 506/506/506
f 449/449/449 506/506/506 450/450/450
f 450/450/450 506/506/506 507/507/507
f 450/450/450 507/507/507 451/451/451
f 451/451/451 507/507/507 508/508/508
f 451/451/451 508/508/508 452/452/452
f 452/452/452 508/508/508 509/509/509
f 452/452/452 509/509/509 453/453/453
f 453/453/453 509/509/509 510/510/510
f 453/453/453 510/510/510 454/454/454
f 454/454/454 510/510/510 511/511/511
f 454/454/454 511/511/511 455/455/455
f 455/455/455 511/511/511 512/512/512
f 455/455/455 512/512/512 456/456/456
f 456/456/456 512/512/512 513/513/513
f 457/457/457 514/514/514 458/458/458
f 458/458/458 514/514/514 515/515/515
f 458/458/458 515/515/515 459/459/459
f 459/459/459 515/515/515 516/516/516
f 459/459/459 516/516/516 460/460/460
f 460/460/460 516/516/516 517/517/517
f 460/460/460 517/517/517 461/461/461
f 461/461/461 517/517/517 518/518/518
f 461/461/461 518/518/518 462/462/462
f 462/462/462 518/518/518 519/519/519
f 462/462/462 519/519/519 463/463/463
f 463/463/463 519/519/519 520/520/520
f 463/463/463 520/520/520 464/464/464
f 464/464/464 520/520/520 521/521/521
f 464/464/464 521/521/521 465/465/465
f 465/465/465 521/521/521 522/522/522
f 465/465/465 522/522/522 466/466/466
f 466/466/466 522/522/522 523/523/523
f 466/466/466 523/523/523 467/467/467
f 467/467/467 523/523/523 524/524/524
f 467/467/467 524/524/524 468/468/468
f 468/468/468 524/524/524 525/525/525
f 468/468/468 525/525/525 469/469/469
f 469/469/469 525/525/525 526/526/526
f 469/469/469 526/526/526 470/470/470
f 470/470/470 526/526/526 527/527/527
f 470/470/470 527/527/527 471/471/471
f 471/471/471 527/527/527 528/528/528
f 471/471/471 528/528/528 472/472/472
f 472/472/472 528/528/528 529/529/529
f 472/472/472 529/529/529 473/473/473
f 473/473/473 529/529/529 530/530/530
f 473/473/473 530/530/530 474/474/474
f 474/474/474 530/530/530 531/531/531
f 474/474/474 531/531/531 475/475/475
f 475/475/475 531/531/531 532/532/532
f 475/475/475 532/532/532 476/476/476
f 476/476/476 532/532/532 533/533/533
f 476/476/476 533/533/533 477/477/477
f 477/477/477 533/533/533 534/534/534
f 477/477/477 534/534/534 478/478/478
f 478/478/478 534/534/534 535/535/535
f 478/478/478 535/535/535 479/479/479
f 479/479/479 535/535/535 536/536/536
f 479/479/479 536/536/536 480/480/480
f 480/480/480 536/536/536 537/537/537
f 480/480/480 537/537/537 481/481/481
f 481/481/481 537/537/537 538/538/538
f 481/481/481 538/538/538 482/482/482
f 482/482/482 538/538/538 539/539/539
f 482/482/482 539/539/539 483/483/483
f 483/483/483 539/539/539 540/540/540
f 483/483/483 540/540/540 484/484/484
f 484/484/484 540/540/540 541/541/541
f 484/484/484 541/541/541 485/485/485
f 485/485/485 541/541/541 542/542/542
f 485/485/485 542/542/542 486/486/486
f 486/486/486 542/542/542 543/543/543
f 486/486/486 543/543/543 487/487/487
f 487/487/487 543/543/543 544/544/544
f 487/487/487 544/544/544 488/488/488
f 488/488/488 544/544/544 545/545/545
f 488/488/488 545/545/545 489/489/489
f 489/489/489 545/545/545 546/546/546
f 489/489/489 546/546/546 490/490/490
f 490/490/490 546/546/546 547/547/547
f 490/490/490 547/547/547 491/491/491
f 491/491/491 547/547/547 548/548/548
f 491/491/491 548/548/548 492/492/492
f 492/492/492 548/548/548 549/549/549
f 492/492/492 549/549/549 493/493/493
f 493/493/493 549/549/549 550/550/550
f 493/493/493 550/550/550 494/494/494
f 494/494/494 550/550/550 551/551/551
f 494/494/494 551/551/551 495/495/495
f 495/495/495 551/551/551 552/552/552
f 495/495/495 552/552/552 496/496/496
f 496/496/496 552/552/552 553/553/553
f 496/496/496 553/553/553 497/497/497
f 497/497/497 553/553/553 554/554/554
f 497/497/497 554/554/554 498/498/498
f 498/498/498 554/554/554 555/555/555
f 498/498/498 555/555/555 499/499/499
f 499/499/499 555/555/555 556/556/556
f 499/499/499 556/556/556 500/500/500
f 500/500/500 556/556/556 557/557/557
f 500/500/500 557/557/557 501/501/501
f 501/501/501 557/557/557 558/558/558
f 501/501/501 558/558/558 502/502/502
f 502/502/502 558/558/558 559/559/559
f 502/502/502 559/559/559 503/503/503
f 503/503/503 559/559/559 560/560/560
f 503/503/503 560/560/560 504/504/504
f 504/504/504 560/560/560 561/561/561
f 504/504/504 561/561/561 505/505/505
f 505/505/505 561/561/561 562/562/562
f 505/505/505 562/562/562 506/506/506
f 506/506/506 562/562/562 563/563/563
f 506/506/506 563/563/563 507/507/507
f 507/507/507 563/563/563 564/564/564
f 507/507/507 564/564/564 508/508/508
f 508/508/508 564/564/564 565/565/565
f 508/508/508 565/565/565 509/509/509
f 509/509/509 565/565/565 566/566/566
f 509/509/509 566/566/566 510/510/510
f 510/510/510 566/566/566 567/567/567
f 510/510/510 567/567/567 511/511/511
f 511/511/511 567/567/567 568/568/568
f 511/511/511 568/568/568 512/512/512
f 512/512/512 568/568/568 569/569/569
f 512/512/512 569/569/569 513/513/513
f 513/513/513 569/569/569 570/570/570
f 514/514/514 571/571/571 515/515/515
f 515/515/515 571/571/571 572/572/572
f 515/515/515 572/572/572 516/516/516
f 516/516/516 572/572/572 573/573/573
f 516/516/516 573/573/573 517/517/517
f 517/517/517 573/573/573 574/574/574
f 517/517/517 574/574/574 518/518/518
f 518/518/518 574/574/574 575/575/575
f 518/518/518 575/575/575 519/519/519
f 519/519/519 575/575/575 576/576/576
f 519/519/519 576/576/576 520/520/520
f 520/520/520 576/576/576 577/577/577
f 520/520/520 577/577/577 521/521/521
f 521/521/521 577/577/577 578/578/578
f 521/521/521 578/578/578 522/522/522
f 522/522/522 578/578/578 579/579/579
f 522/522/522 579/579/579 523/523/523
f 523/523/523 579/579/579 580/580/580
f 523/523/523 580/580/580 524/524/524
f 524/524/524 580/580/580 581/581/581
f 524/524/524 581/581/581 525/525/525
f 525/525/525 581/581/581 582/582/582
f 525/525/525 582/582/582 526/526/526
f 526/526/526 582/582/582 583/583/583
f 526/526/526 583/583/583 527/527/527
f 527/527/527 583/583/583 584/584/584
f 527/527/527 584/584/584 528/528/528
f 528/528/528 584/584/584 585/585/585
f 528/528/528 585/585/585 529/529/529
f 529/529/529 585/585/585 586/586/586
f 529/529/529 586/586/586 530/530/530
f 530/530/530 586/586/586 587/587/587
f 530/530/530 587/587/587 531/531/531
f 531/531/531 587/587/587 588/588/588
f 531/531/531 588/588/588 532/532/532
f 532/532/532 588/588/588 589/589/589
f 532/532/532 589/589/589 533/533/533
f 533/533/533 589/589/589 590/590/590
f 533/533/533 590/590/590 534/534/534
f 534/534/534 590/590/590 591/591/591
f 534/534/534 591/591/591 535/535/535
f 535/535/535 591/591/591 592/592/592
f 535/535/535 592/592/592 536/536/536
f 536/536/536 592/592/592 593/593/593
f 536/536/536 593/593/593 537/537/537
f 537/537/537 593/593/593 594/594/594
f 537/537/537 594/594/594 538/538/538
f 538/538/538 594/594/594 595/595/595
f 538/538/538 595/595/595 539/539/539
f 539/539/539 595/595/595 596/596/596
f 539/539/539 596/596/596 540/540/540
f 540/540/540 596/596/596 597/597/597
f 540/540/540 597/597/597 541/541/541
f 541/541/541 597/597/597 598/598/598
f 541/541/541 598/598/598 542/542/542
f 542/542/542 598/598/598 599/599/599
f 542/542/542 599/599/599 543/543/543
f 543/543/543 599/599/599 600/600/600
f 543/543/543 600/600/600 544/544/544
f 544/544/544 600/600/600 601/601/601
f 544/544/544 601/601/601 545/545/545
f 545/545/545 601/601/601 602/602/602
f 545/545/545 602/602/602 546/546/546
f 546/546/546 602/602/602 603/603/603
f 546/546/546 603/603/603 547/547/547
f 547/547/547 603/603/603 604/604/604
f 547/547/547 604/604/604 548/548/548
f 548/548/548 604/604/604 605/605/605
f 548/548/548 605/605/605 549/549/549
f 549/549/549 605/605/605 606/606/606
f 549/549/549 606/606/606 550/550/550
f 550/550/550 606/606/606 607/607/607
f 550/550/550 607/607/607 551/551/551
f 551/551/551 607/607/607 608/608/608
f 551/551/551 608/608/608 552/552/552
f 552/552/552 608/608/608 609/609/609
f 552/552/552 609/609/609 553/553/553
f 553/553/553 609/609/609 610/610/610
f 553/553/553 610/610/610 554/554/554
f 554/554/554 610/610/610 611/611/611
f 554/554/554 611/611/611 555/555/555
f 555/555/555 611/611/611 612/612/612
f 555/555/555 612/612/612 556/556/556
f 556/556/556 612/612/612 613/613/613
f 556/556/556 613/613/613 557/557/557
f 557/557/557 613/613/613 614/614/614
f 557/557/557 614/614/614 558/558/558
f 558/558/558 614/614/614 615/615/615
f 558/558/558 615/615/615 559/559/559
f 559/559/559 615/615/615 616/616/616
f 559/559/559 616/616/616 560/560/560
f 560/560/560 616/616/616 617/617/617
f 560/560/560 617/617/617 561/561/561
f 561/561/561 617/617/617 618/618/618
f 561/561/561 618/618/618 562/562/562
f 562/562/562 618/618/618 619/619/619
f 562/562/562 619/619/619 563/563/563
f 563/563/563 619/619/619 620/620/620
f 563/563/563 620/620/620 564/564/564
f 564/564/564 620/620/620 621/621/621
f 564/564/564 621/621/621 565/565/565
f 565/565/565 621/621/621 622/622/622
f 565/565/565 622/622/622 566/566/566
f 566/566/566 622/622/622 623/623/623
f 566/566/566 623/623/623 567/567/567
f 567/567/567 623/623/623 624/624/624
f 567/567/567 624/624/624 568/568/568
f 568/568/568 624/624/624 625/625/625
f 568/568/568 625/625/625 569/569/569
f 569/569/569 625/625/625 626/626/626
f 569/569/569 626/626/626 570/570/570
f 570/570/570 626/626/626 627/627/627
f 571/571/571 628/628/628 572/572/572
f 572/572/572 628/628/628 629/629/629
f 572/572/572 629/629/629 573/573/573
f 573/573/573 629/629/629 630/630/630
f 573/573/573 630/630/630 574/574/574
f 574/574/574 630/630/630 631/631/631
f 574/574/574 631/631/631 575/575/575
f 575/575/575 631/631/631 632/632/632
f 575/575/575 632/632/632 576/576/576
f 576/576/576 632/632/632 633/633/633
f 576/576/576 633/633/633 577/577/577
f 577/577/577 633/633/633 634/634/634
f 577/577/577 634/634/634 578/578/578
f 578/578/578 634/634/634 635/635/635
f 578/578/578 635/635/635 579/579/579
f 579/579/579 635/635/635 636/636/636
f 579/579/579 636/636/636 580/580/580
f 580/580/580 636/636/636 637/637/637
f 580/580/580 637/637/637 581/581/581
f 581/581/581 637/637/637 638/638/638
f 581/581/581 638/638/638 582/582/582
f 582/582/582 638/638/638 639/639/639
f 582/582/582 639/639/639 583/583/583
f 583/583/583 639/639/639 640/640/640
f 583/583/583 640/640/640 584/584/584
f 584/584/584 640/640/640 641/641/641
f 584/584/584 641/641/641 585/585/585
f 585/585/585 641/641/641 642/642/642
f 585/585/585 642/642/642 586/586/586
f 586/586/586 642/642/642 643/643/643
f 586/586/586 643/643/643 587/587/587
f 587/587/587 643/643/643 644/644/644
f 587/587/587 644/644/644 588/588/588
f 588/588/588 644/644/644 645/645/645
f 588/588/588 645/645/645 589/589/589
f 589/589/589 645/645/645 646/646/646
f 589/589/589 646/646/646 590/590/590
f 590/590/590 646/646/646 647/647/647
f 590/590/590 647/647/647 591/591/591
f 591/591/591 647/647/647 648/648/648
f 591/591/591 648/648/648 592/592/592
f 592/592/592 648/648/648 649/649/649
f 592/592/592 649/649/649 593/593/593
f 593/593/593 649/649/649 650/650/650
f 593/593/593 650/650/650 594/594/594
f 594/594/594 650/650/650 651/651/651
f 594/594/594 651/651/651 595/595/595
f 595/595/595 651/651/651 652/652/652
f 595/595/595 652/652/652 596/596/596
f 596/596/596 652/652/652 653/653/653
f 596/596/596 653/653/653 597/597/597
f 597/597/597 653/653/653 654/654/654
f 597/597/597 654/654/654 598/598/598
f 598/598/598 654/654/654 655/655/655
f 598/598/598 655/655/655 599/599/599
f 599/599/599 655/655/655 656/656/656
f 599/599/599 656/656/656 600/600/600
f 600/600/600 656/656/656 657/657/657
f 600/600/600 657/657/657 601/601/601
f 601/601/601 657/657/657 658/658/658
f 601/601/601 658/658/658 602/602/602
f 602/602/602 658/658/658 659/659/659
f 602/602/602 659/659/659 603/603/603
f 603/603/603 659/659/659 660/660/660
f 603/603/603 660/660/660 604/604/604
f 604/604/604 660/660/660 661/661/661
f 604/604/604 661/661/661 605/605/605
f 605/605/605 661/661/661 662/662/662
f 605/605/605 662/662/662 606/606/606
f 606/606/606 662/662/662 663/663/663
f 606/606/606 663/663/663 607/607/607
f 607/607/607 663/663/663 664/664/664
f 607/607/607 664/664/664 608/608/608
f 608/608/608 664/664/664 665/665/665
f 608/608/608 665/665/665 609/609/609
f 609/609/609 665/665/665 666/666/666
f 609/609/609 666/666/666 610/610/610
f 610/610/610 666/666/666 667/667/667
f 610/610/610 667/667/667 611/611/611
f 611/611/611 667/667/667 668/668/668
f 611/611/611 668/668/668 612/612/612
f 612/612/612 668/668/668 669/669/669
f 612/612/612 669/669/669 613/613/613
f 613/613/613 669/669/669 670/670/670
f 613/613/613 670/670/670 614/614/614
f 614/614/614 670/670/670 671/671/671
f 614/614/614 671/671/671 615/615/615
f 615/615/615 671/671/671 672/672/672
f 615/615/615 672/672/672 616/616/616
f 616/616/616 672/672/672 673/673/673
f 616/616/616 673/673/673 617/617/617
f 617/617/617 673/673/673 674/674/674
f 617/617/617 674/674/674 618/618/618
f 618/618/618 674/674/674 675/675/675
f 618/618/618 675/675/675 619/619/619
f 619/619/619 675/675/675 676/676/676
f 619/619/619 676/676/676 620/620/620
f 620/620/620 676/676/676 677/677/677
f 620/620/620 677/677/677 621/621/621
f 621/621/621 677/677/677 678/678/678
f 621/621/621 678/678/678 622/622/622
f 622/622/622 678/678/678 679/679/679
f 622/622/622 679/679/679 623/623/623
f 623/623/623 679/679/679 680/680/680
f 623/623/623 680/680/680 624/624/624
f 624/624/624 680/680/680 681/681/681
f 624/624/624 681/681/681 625/625/625
f 625/625/625 681/681/681 682/682/682
f 625/625/625 682/682/682 626/626/626
f 626/626/626 682/682/682 683/683/683
f 626/626/626 683/683/683 627/627/627
f 627/627/627 683/683/683 684/684/684
f 628/628/628 685/685/685 629/629/629
f 629/629/629 685/685/685 686/686/686
f 629/629/629 686/686/686 630/630/630
f 630/630/630 686/686/686 687/687/687
f 630/630/630 687/687/687 631/631/631
f 631/631/631 687/687/687 688/688/688
f 631/631/631 688/688/688 632/632/632
f 632/632/632 688/688/688 689/689/689
f 632/632/632 689/689/689 633/633/633
f 633/633/633 689/689/689 690/690/690
f 633/633/633 690/690/690 634/634/634
f 634/634/634 690/690/690 691/691/691
f 634/634/634 691/691/691 635/635/635
f 635/635/635 691/691/691 692/692/692
f 635/635/635 692/692/692 636/636/636
f 636/636/636 692/692/692 693/693/693
f 636/636/636 693/693/693 637/637/637
f 637/637/637 693/693/693 694/694/694
f 637/637/637 694/694/694 638/638/638
f 638/638/638 694/694/694 695/695/695
f 638/638/638 695/695/695 639/639/639
f 639/639/639 695/695/695 696/696/696
f 639/639/639 696/696/696 640/640/640
f 640/640/640 696/696/696 697/697/697
f 640/640/640 697/697/697 641/641/641
f 641/641/641 697/697/697 698/698/698
f 641/641/641 698/698/698 642/642/642
f 642/642/642 698/698/698 699/699/699
f 642/642/642 699/699/699 643/643/643
f 643/643/643 699/699/699 700/700/700
f 643/643/643 700/700/700 644/644/644
f 644/644/644 700/700/700 701/701/701
f 644/644/644 701/701/701 645/645/645
f 645/645/645 701/701/701 702/702/702
f 645/645/645 702/702/702 646/646/646
f 646/646/646 702/702/702 703/703/703
f 646/646/646 703/703/703 647/647/647
f 647/647/647 703/703/703 704/704/704
f 647/647/647 704/704/704 648/648/648
f 648/648/648 704/704/704 705/705/705
f 648/648/648 705/705/705 649/649/649
f 649/649/649 705/705/705 706/706/706
f 649/649/649 706/706/706 650/650/650
f 650/650/650 706/706/706 707/707/707
f 650/650/650 707/707/707 651/651/651
f 651/651/651 707/707/707 708/708/708
f 651/651/651 708/708/708 652/652/652
f 652/652/652 708/708/708 709/709/709
f 652/652/652 709/709/709 653/653/653
f 653/653/653 709/709/709 710/710/710
f 653/653/653 710/710/710 654/654/654
f 654/654/654 710/710/710 711/711/711
f 654/654/654 711/711/711 655/655/655
f 655/655/655 711/711/711 712/712/712
f 655/655/655 712/712/712 656/656/656
f 656/656/656 712/712/712 713/713/713
f 656/656/656 713/713/713 657/657/657
f 657/657/657 713/713/713 714/714/714
f 657/657/657 714/714/714 658/658/658
f 658/658/658 714/714/714 715/715/715
f 658/658/658 715/715/715 659/659/659
f 659/659/659 715/715/715 716/716/716
f 659/659/659 716/716/716 660/660/660
f 660/660/660 716/716/716 717/717/717
f 660/660/660 717/717/717 661/661/661
f 661/661/661 717/717/717 718/718/718
f 661/661/661 718/718/718 662/662/662
f 662/662/662 718/718/718 719/719/719
f 662/662/662 719/719/719 663/663/663
f 663/663/663 719/719/719 720/720/720
f 663/663/663 720/720/720 664/664/664
f 664/664/664 720/720/720 721/721/721
f 664/664/664 721/721/721 665/665/665
f 665/665/665 721/721/721 722/722/722
f 665/665/665 722/722/722 666/666/666
f 666/666/666 722/722/722 723/723/723
f 666/666/666 723/723/723 667/667/667
f 667/667/667 723/723/723 724/724/724
f 667/667/667 724/724/724 668/668/668
f 668/668/668 724/724/724 725/725/725
f 668/668/668 725/725/725 669/669/669
f 669/669/669 725/725/725 726/726/726
f 669/669/669 726/726/726 670/670/670
f 670/670/670 726/726/726 727/727/727
f 670/670/670 727/727/727 671/671/671
f 671/671/671 727/727/727 728/728/728
f 671/671/671 728/728/728 672/672/672
f 672/672/672 728/728/728 729/729/729
f 672/672/672 729/729/729 673/673/673
f 673/673/673 729/729/729 730/730/730
f 673/673/673 730/730/730 674/674/674
f 674/674/674 730/730/730 731/731/731
f 674/674/674 731/731/731 675/675/675
f 675/675/675 731/731/731 732/732/732
f 675/675/675 732/732/732 676/676/676
f 676/676/676 732/732/732 733/733/733
f 676/676/676 733/733/733 677/677/677
f 677/677/677 733/733/733 734/734/734
f 677/677/677 734/734/734 678/678/678
f 678/678/678 734/734/734 735/735/735
f 678/678/678 735/735/735 679/679/679
f 679/679/679 735/735/735 736/736/736
f 679/679/679 736/736/736 680/680/680
f 680/680/680 736/736/736 737/737/737
f 680/680/680 737/737/737 681/681/681
f 681/681/681 737/737/737 738/738/738
f 681/681/681 738/738/738 682/682/682
f 682/682/682 738/738/738 739/739/739
f 682/682/682 739/739/739 683/683/683
f 683/683/683 739/739/739 740/740/740
f 683/683/683 740/740/740 684/684/684
f 684/684/684 740/740/740 741/741/741
f 685/685/685 742/742/742 686/686/686
f 686/686/686 742/742/742 743/743/743
f 686/686/686 743/743/743 687/687/687
f 687/687/687 743/743/743 744/744/744
f 687/687/687 744/744/744 688/688/688
f 688/688/688 744/744/744 745/745/745
f 688/688/688 745/745/745 689/689/689
f 689/689/689 745/745/745 746/746/746
f 689/689/689 746/746/746 690/690/690
f 690/690/690 746/746/746 747/747/747
f 690/690/690 747/747/747 691/691/691
f 691/691/691 747/747/747 748/748/748
f 691/691/691 748/748/748 692/692/692
f 692/692/692 748/748/748 749/749/749
f 692/692/692 749/749/749 693/693/693
f 693/693/693 749/749/749 750/750/750
f 693/693/693 750/750/750 694/694/694
f 694/694/694 750/750/750 751/751/751
f 694/694/694 751/751/751 695/695/695
f 695/695/695 751/751/751 752/752/752
f 695/695/695 752/752/752 696/696/696
f 696/696/696 752/752/752 753/753/753
f 696/696/696 753/753/753 697/697/697
f 697/697/697 753/753/753 754/754/754
f 697/697/697 754/754/754 698/698/698
f 698/698/698 754/754/754 755/755/755
f 698/698/698 755/755/755 699/699/699
f 699/699/699 755/755/755 756/756/756
f 699/699/699 756/756/756 700/700/700
f 700/700/700 756/756/756 757/757/757
f 700/700/700 757/757/757 701/701/701
f 701/701/701 757/757/757 758/758/758
f 701/701/701 758/758/758 702/702/702
f 702/702/702 758/758/758 759/759/759
f 702/702/702 759/759/759 703/703/703
f 703/703/703 759/759/759 760/760/760
f 703/703/703 760/760/760 704/704/704
f 704/704/704 760/760/760 761/761/761
f 704/704/704 761/761/761 705/705/705
f 705/705/705 761/761/761 762/762/762
f 705/705/705 762/762/762 706/706/706
f 706/706/706 762/762/762 763/763/763
f 706/706/706 763/763/763 707/707/707
f 707/707/707 763/763/763 764/764/764
f 707/707/707 764/764/764 708/708/708
f 708/708/708 764/764/764 765/765/765
f 708/708/708 765/765/765 709/709/709
f 709/709/709 765/765/765 766/766/766
f 709/709/709 766/766/766 710/710/710
f 710/710/710 766/766/766 767/767/767
f 710/710/710 767/767/767 711/711/711
f 711/711/711 767/767/767 768/768/768
f 711/711/711 768/768/768 712/712/712
f 712/712/712 768/768/768 769/769/769
f 712/712/712 769/769/769 713/713/713
f 713/713/713 769/769/769 770/770/770
f 713/713/713 770/770/770 714/714/714
f 714/714/714 770/770/770 771/771/771
f 714/714/714 771/771/771 715/715/715
f 715/715/715 771/771/771 772/772/772
f 715/715/715 772/772/772 716/716/716
f 716/716/716 772/772/772 773/773/773
f 716/716/716 773/773/773 717/717/717
f 717/717/717 773/773/773 774/774/774
f 717/717/717 774/774/774 718/718/718
f 718/718/718 774/774/774 775/775/775
f 718/718/718 775/775/775 719/719/719
f 719/719/719 775/775/775 776/776/776
f 719/719/719 776/776/776 720/720/720
f 720/720/720 776/776/776 777/777/777
f 720/720/720 777/777/777 721/721/721
f 721/721/721 777/777/777 778/778/778
f 721/721/721 778/778/778 722/722/722
f 722/722/722 778/778/778 779/779/779
f 722/722/722 779/779/779 723/723/723
f 723/723/723 779/779/779 780/780/780
f 723/723/723 780/780/780 724/724/724
f 724/724/724 780/780/780 781/781/781
f 724/724/724 781/781/781 725/725/725
f 725/725/725 781/781/781 782/782/782
f 725/725/725 782/782/782 726/726/726
f 726/726/726 782/782/782 783/783/783
f 726/726/726 783/783/783 727/727/727
f 727/727/727 783/783/783 784/784/784
f 727/727/727 784/784/784 728/728/728
f 728/728/728 784/784/784 785/785/785
f 728/728/728 785/785/785 729/729/729
f 729/729/729 785/785/785 786/786/786
f 729/729/729 786/786/786 730/730/730
f 730/730/730 786/786/786 787/787/787
f 730/730/730 787/787/787 731/731/731
f 731/731/731 787/787/787 788/788/788
f 731/731/731 788/788/788 732/732/732
f 732/732/732 788/788/788 789/789/789
f 732/732/732 789/789/789 733/733/733
f 733/733/733 789/789/789 790/790/790
f 733/733/733 790/790/790 734/734/734
f 734/734/734 790/790/790 791/791/791
f 734/734/734 791/791/791 735/735/735
f 735/735/735 791/791/791 792/792/792
f 735/735/735 792/792/792 736/736/736
f 736/736/736 792/792/792 793/793/793
f 736/736/736 793/793/793 737/737/737
f 737/737/737 793/793/793 794/794/794
f 737/737/737 794/794/794 738/738/738
f 738/738/738 794/794/794 795/795/795
f 738/738/738 795/795/795 739/739/739
f 739/739/739 795/795/795 796/796/796
f 739/739/739 796/796/796 740/740/740
f 740/740/740 796/796/796 797/797/797
f 740/740/740 797/797/797 741/741/741
f 741/741/741 797/797/797 798/798/798
f 742/742/742 799/799/799 743/743/743
f 743/743/743 799/799/799 800/800/800
f 743/743/743 800/800/800 744/744/744
f 744/744/744 800/800/800 801/801/801
f 744/744/744 801/801/801 745/745/745
f 745/745/745 801/801/801 802/802/802
f 745/745/745 802/802/802 746/746/746
f 746/746/746 802/802/802 803/803/803
f 746/746/746 803/803/803 747/747/747
f 747/747/747 803/803/803 804/804/804
f 747/747/747 804/804/804 748/748/748
f 748/748/748 804/804/804 805/805/805
f 748/748/748 805/805/805 749/749/749
f 749/749/749 805/805/805 806/806/806
f 749/749/749 806/806/806 750/750/750
f 750/750/750 806/806/806 807/807/807
f 750/750/750 807/807/807 751/751/751
f 751/751/751 807/807/807 808/808/808
f 751/751/751 808/808/808 752/752/752
f 752/752/752 808/808/808 809/809/809
f 752/752/752 809/809/809 753/753/753
f 753/753/753 809/809/809 810/810/810
f 753/753/753 810/810/810 754/754/754
f 754/754/754 810/810/810 811/811/811
f 754/754/754 811/811/811 755/755/755
f 755/755/755 811/811/811 812/812/812
f 755/755/755 812/812/812 756/756/756
f 756/756/756 812/812/812 813/813/813
f 756/756/756 813/813/813 757/757/757
f 757/757/757 813/813/813 814/814/814
f 757/757/757 814/814/814 758/758/758
f 758/758/758 814/814/814 815/815/815
f 758/758/758 815/815/815 759/759/759
f 759/759/759 815/815/815 816/816/816
f 759/759/759 816/816/816 760/760/760
f 760/760/760 816/816/816 817/817/817
f 760/760/760 817/817/817 761/761/761
f 761/761/761 817/817/817 818/818/818
f 761/761/761 818/818/818 762/762/762
f 762/762/762 818/818/818 819/819/819
f 762/762/762 819/819/819 763/763/763
f 763/763/763 819/819/819 820/820/820
f 763/763/763 820/820/820 764/764/764
f 764/764/764 820/820/820 821/821/821
f 764/764/764 821/821/821 765/765/765
f 765/765/765 821/821/821 822/822/822
f 765/765/765 822/822/822 766/766/766
f 766/766/766 822/822/822 823/823/823
f 766/766/766 823/823/823 767/767/767
f 767/767/767 823/823/823 824/824/824
f 767/767/767 824/824/824 768/768/768
f 768/768/768 824/824/824 825/825/825
f 768/768/768 825/825/825 769/769/769
f 769/769/769 825/825/825 826/826/826
f 769/769/769 826/826/826 770/770/770
f 770/770/770 826/826/826 827/827/827
f 770/770/770 827/827/827 771/771/771
f 771/771/771 827/827/827 828/828/828
f 771/771/771 828/828/828 772/772/772
f 772/772/772 828/828/828 829/829/829
f 772/772/772 829/829/829 773/773/773
f 773/773/773 829/829/829 830/830/830
f 773/773/773 830/830/830 774/774/774
f 774/774/774 830/830/830 831/831/831
f 774/774/774 831/831/831 775/775/775
f 775/775/775 831/831/831 832/832/832
f 775/775/775 832/832/832 776/776/776
f 776/776/776 832/832/832 833/833/833
f 776/776/776 833/833/833 777/777/777
f 777/777/777 833/833/833 834/834/834
f 777/777/777 834/834/834 778/778/778
f 778/778/778 834/834/834 835/835/835
f 778/778/778 835/835/835 779/779/779
f 779/779/779 835/835/835 836/836/836
f 779/779/779 836/836/836 780/780/780
f 780/780/780 836/836/836 837/837/837
f 780/780/780 837/837/837 781/781/781
f 781/781/781 837/837/837 838/838/838
f 781/781/781 838/838/838 782/782/782
f 782/782/782 838/838/838 839/839/839
f 782/782/782 839/839/839 783/783/783
f 783/783/783 839/839/839 840/840/840
f 783/783/783 840/840/840 784/784/784
f 784/784/784 840/840/840 841/841/841
f 784/784/784 841/841/841 785/785/785
f 785/785/785 841/841/841 842/842/842
f 785/785/785 842/842/842 786/786/786
f 786/786/786 842/842/842 843/843/843
f 786/786/786 843/843/843 787/787/787
f 787/787/787 843/843/843 844/844/844
f 787/787/787 844/844/844 788/788/788
f 788/788/788 844/844/844 845/845/845
f 788/788/788 845/845/845 789/789/789
f 789/789/789 845/845/845 846/846/846
f 789/789/789 846/846/846 790/790/790
f 790/790/790 846/846/846 847/847/847
f 790/790/790 847/847/847 791/791/791
f 791/791/791 847/847/847 848/848/848
f 791/791/791 848/848/848 792/792/792
f 792/792/792 848/848/848 849/849/849
f 792/792/792 849/849/849 793/793/793
f 793/793/793 849/849/849 850/850/850
f 793/793/793 850/850/850 794/794/794
f 794/794/794 850/850/850 851/851/851
f 794/794/794 851/851/851 795/795/795
f 795/795/795 851/851/851 852/852/852
f 795/795/795 852/852/852 796/796/796
f 796/796/796 852/852/852 853/853/853
f 796/796/796 853/853/853 797/797/797
f 797/797/797 853/853/853 854/854/854
f 797/797/797 854/854/854 798/798/798
f 798/798/798 854/854/854 855/855/855
f 799/799/799 856/856/856 800/800/800
f 800/800/800 856/856/856 857/857/857
f 800/800/800 857/857/857 801/801/801
f 801/801/801 857/857/857 858/858/858
f 801/801/801 858/858/858 802/802/802
f 802/802/802 858/858/858 859/859/859
f 802/802/802 859/859/859 803/803/803
f 803/803/803 859/859/859 860/860/860
f 803/803/803 860/860/860 804/804/804
f 804/804/804 860/860/860 861/861/861
f 804/804/804 861/861/861 805/805/805
f 805/805/805 861/861/861 862/862/862
f 805/805/805 862/862/862 806/806/806
f 806/806/806 862/862/862 863/863/863
f 806/806/806 863/863/863 807/807/807
f 807/807/807 863/863/863 864/864/864
f 807/807/807 864/864/864 808/808/808
f 808/808/808 864/864/864 865/865/865
f 808/808/808 865/865/865 809/809/809
f 809/809/809 865/865/865 866/866/866
f 809/809/809 866/866/866 810/810/810
f 810/810/810 866/866/866 867/867/867
f 810/810/810 867/867/867 811/811/811
f 811/811/811 867/867/867 868/868/868
f 811/811/811 868/868/868 812/812/812
f 812/812/812 868/868/868 869/869/869
f 812/812/812 869/869/869 813/813/813
f 813/813/813 869/869/869 870/870/870
f 813/813/813 870/870/870 814/814/814
f 814/814/814 870/870/870 871/871/871
f 814/814/814 871/871/871 815/815/815
f 815/815/815 871/871/871 872/872/872
f 815/815/815 872/872/872 816/816/816
f 816/816/816 872/872/872 873/873/873
f 816/816/816 873/873/873 817/817/817
f 817/817/817 873/873/873 874/874/874
f 817/817/817 874/874/874 818/818/818
f 818/818/818 874/874/874 875/875/875
f 818/818/818 875/875/875 819/819/819
f 819/819/819 875/875/875 876/876/876
f 819/819/819 876/876/876 820/820/820
f 820/820/820 876/876/876 877/877/877
f 820/820/820 877/877/877 821/821/821
f 821/821/821 877/877/877 878/878/878
f 821/821/821 878/878/878 822/822/822
f 822/822/822 878/878/878 879/879/879
f 822/822/822 879/879/879 823/823/823
f 823/823/823 879/879/879 880/880/880
f 823/823/823 880/880/880 824/824/824
f 824/824/824 880/880/880 881/881/881
f 824/824/824 881/881/881 825/825/825
f 825/825/825 881/881/881 882/882/882
f 825/825/825 882/882/882 826/826/826
f 826/826/826 882/882/882 883/883/883
f 826/826/826 883/883/883 827/827/827
f 827/827/827 883/883/883 884/884/884
f 827/827/827 884/884/884 828/828/828
f 828/828/828 884/884/884 885/885/885
f 828/828/828 885/885/885 829/829/829
f 829/829/829 885/885/885 886/886/886
f 829/829/829 886/886/886 830/830/830
f 830/830/830 886/886/886 887/887/887
f 830/830/830 887/887/887 831/831/831
f 831/831/831 887/887/887 888/888/888
f 831/831/831 888/888/888 832/832/832
f 832/832/832 888/888/888 889/889/889
f 832/832/832 889/889/889 833/833/833
f 833/833/833 889/889/889 890/890/890
f 833/833/833 890/890/890 834/834/834
f 834/834/834 890/890/890 891/891/891
f 834/834/834 891/891/891 835/835/835
f 835/835/835 891/891/891 892/892/892
f 835/835/835 892/892/892 836/836/836
f 836/836/836 892/892/892 893/893/893
f 836/836/836 893/893/893 837/837/837
f 837/837/837 893/893/893 894/894/894
f 837/837/837 894/894/894 838/838/838
f 838/838/838 894/894/894 895/895/895
f 838/838/838 895/895/895 839/839/839
f 839/839/839 895/895/895 896/896/896
f 839/839/839 896/896/896 840/840/840
f 840/840/840 896/896/896 897/897/897
f 840/840/840 897/897/897 841/841/841
f 841/841/841 897/897/897 898/898/898
f 841/841/841 898/898/898 842/842/842
f 842/842/842 898/898/898 899/899/899
f 842/842/842 899/899/899 843/843/843
f 843/843/843 899/899/899 900/900/900
f 843/843/843 900/900/900 844/844/844
f 844/844/844 900/900/900 901/901/901
f 844/844/844 901/901/901 845/845/845
f 845/845/845 901/901/901 902/902/902
f 845/845/845 902/902/902 846/846/846
f 846/846/846 902/902/902 903/903/903
f 846/846/846 903/903/903 847/847/847
f 847/847/847 903/903/903 904/904/904
f 847/847/847 904/904/904 848/848/848
f 848/848/848 904/904/904 905/905/905
f 848/848/848 905/905/905 849/849/849
f 849/849/849 905/905/905 906/906/906
f 849/849/849 906/906/906 850/850/850
f 850/850/850 906/906/906 907/907/907
f 850/850/850 907/907/907 851/851/851
f 851/851/851 907/907/907 908/908/908
f 851/851/851 908/908/908 852/852/852
f 852/852/852 908/908/908 909/909/909
f 852/852/852 909/909/909 853/853/853
f 853/853/853 909/909/909 910/910/910
f 853/853/853 910/910/910 854/854/854
f 854/854/854 910/910/910 911/911/911
f 854/854/854 911/911/911 855/855/855
f 855/855/855 911/911/911 912/912/912
f 856/856/856 913/913/913 857/857/857
f 857/857/857 913/913/913 914/914/914
f 857/857/857 914/914/914 858/858/858
f 858/858/858 914/914/914 915/915/915
f 858/858/858 915/915/915 859/859/859
f 859/859/859 915/915/915 916/916/916
f 859/859/859 916/916/916 860/860/860
f 860/860/860 916/916/916 917/917/917
f 860/860/860 917/917/917 861/861/861
f 861/861/861 917/917/917 918/918/918
f 861/861/861 918/918/918 862/862/862
f 862/862/862 918/918/918 919/919/919
f 862/862/862 919/919/919 863/863/863
f 863/863/863 919/919/919 920/920/920
f 863/863/863 920/920/920 864/864/864
f 864/864/864 920/920/920 921/921/921
f 864/864/864 921/921/921 865/865/865
f 865/865/865 921/921/921 922/922/922
f 865/865/865 922/922/922 866/866/866
f 866/866/866 922/922/922 923/923/923
f 866/866/866 923/923/923 867/867/867
f 867/867/867 923/923/923 924/924/924
f 867/867/867 924/924/924 868/868/868
f 868/868/868 924/924/924 925/925/925
f 868/868/868 925/925/925 869/869/869
f 869/869/869 925/925/925 926/926/926
f 869/869/869 926/926/926 870/870/870
f 870/870/870 926/926/926 927/927/927
f 870/870/870 927/927/927 871/871/871
f 871/871/871 927/927/927 928/928/928
f 871/871/871 928/928/928 872/872/872
f 872/872/872 928/928/928 929/929/929
f 872/872/872 929/929/929 873/873/873
f 873/873/873 929/929/929 930/930/930
f 873/873/873 930/930/930 874/874/874
f 874/874/874 930/930/930 931/931/931
f 874/874/874 931/931/931 875/875/875
f 875/875/875 931/931/931 932/932/932
f 875/875/875 932/932/932 876/876/876
f 876/876/876 932/932/932 933/933/933
f 876/876/876 933/933/933 877/877/877
f 877/877/877 933/933/933 934/934/934
f 877/877/877 934/934/934 878/878/878
f 878/878/878 934/934/934 935/935/935
f 878/878/878 935/935/935 879/879/879
f 879/879/879 935/935/935 936/936/936
f 879/879/879 936/936/936 880/880/880
f 880/880/880 936/936/936 937/937/937
f 880/880/880 937/937/937 881/881/881
f 881/881/881 937/937/937 938/938/938
f 881/881/881 938/938/938 882/882/882
f 882/882/882 938/938/938 939/939/939
f 882/882/882 939/939/939 883/883/883
f 883/883/883 939/939/939 940/940/940
f 883/883/883 940/940/940 884/884/884
f 884/884/884 940/940/940 941/941/941
f 884/884/884 941/941/941 885/885/885
f 885/885/885 941/941/941 942/942/942
f 885/885/885 942/942/942 886/886/886
f 886/886/886 942/942/942 943/943/943
f 886/886/886 943/943/943 887/887/887
f 887/887/887 943/943/943 944/944/944
f 887/887/887 944/944/944 888/888/888
f 888/888/888 944/944/944 945/945/945
f 888/888/888 945/945/945 889/889/889
f 889/889/889 945/945/945 946/946/946
f 889/889/889 946/946/946 890/890/890
f 890/890/890 946/946/946 947/947/947
f 890/890/890 947/947/947 891/891/891
f 891/891/891 947/947/947 948/948/948
f 891/891/891 948/948/948 892/892/892
f 892/892/892 948/948/948 949/949/949
f 892/892/892 949/949/949 893/893/893
f 893/893/893 949/949/949 950/950/950
f 893/893/893 950/950/950 894/894/894
f 894/894/894 950/950/950 951/951/951
f 894/894/894 951/951/951 895/895/895
f 895/895/895 951/951/951 952/952/952
f 895/895/895 952/952/952 896/896/896
f 896/896/896 952/952/952 953/953/953
f 896/896/896 953/953/953 897/897/897
f 897/897/897 953/953/953 954/954/954
f 897/897/897 954/954/954 898/898/898
f 898/898/898 954/954/954 955/955/955
f 898/898/898 955/955/955 899/899/899
f 899/899/899 955/955/955 956/956/956
f 899/899/899 956/956/956 900/900/900
f 900/900/900 956/956/956 957/957/957
f 900/900/900 957/957/957 901/901/901
f 901/901/901 957/957/957 958/958/958
f 901/901/901 958/958/958 902/902/902
f 902/902/902 958/958/958 959/959/959
f 902/902/902 959/959/959 903/903/903
f 903/903/903 959/959/959 960/960/960
f 903/903/903 960/960/960 904/904/904
f 904/904/904 960/960/960 961/961/961
f 904/904/904 961/961/961 905/905/905
f 905/905/905 961/961/961 962/962/962
f 905/905/905 962/962/962 906/906/906
f 906/906/906 962/962/962 963/963/963
f 906/906/906 963/963/963 907/907/907
f 907/907/907 963/963/963 964/964/964
f 907/907/907 964/964/964 908/908/908
f 908/908/908 964/964/964 965/965/965
f 908/908/908 965/965/965 909/909/909
f 909/909/909 965/965/965 966/966/966
f 909/909/909 966/966/966 910/910/910
f 910/910/910 966/966/966 967/967/967
f 910/910/910 967/967/967 911/911/911
f 911/911/911 967/967/967 968/968/968
f 911/911/911 968/968/968 912/912/912
f 912/912/912 968/968/968 969/969/969
f 913/913/913 970/970/970 914/914/914
f 914/914/914 970/970/970 971/971/971
f 914/914/914 971/971/971 915/915/915
f 915/915/915 971/971/971 972/972/972
f 915/915/915 972/972/972 916/916/916
f 916/916/916 972/972/972 973/973/973
f 916/916/916 973/973/973 917/917/917
f 917/917/917 973/973/973 974/974/974
f 917/917/917 974/974/974 918/918/918
f 918/918/918 974/974/974 975/975/975
f 918/918/918 975/975/975 919/919/919
f 919/919/919 975/975/975 976/976/976
f 919/919/919 976/976/976 920/920/920
f 920/920/920 976/976/976 977/977/977
f 920/920/920 977/977/977 921/921/921
f 921/921/921 977/977/977 978/978/978
f 921/921/921 978/978/978 922/922/922
f 922/922/922 978/978/978 979/979/979
f 922/922/922 979/979/979 923/923/923
f 923/923/923 979/979/979 980/980/980
f 923/923/923 980/980/980 924/924/924
f 924/924/924 980/980/980 981/981/981
f 924/924/924 981/981/981 925/925/925
f 925/925/925 981/981/981 982/982/982
f 925/925/925 982/982/982 926/926/926
f 926/926/926 982/982/982 983/983/983
f 926/926/926 983/983/983 927/927/927
f 927/927/927 983/983/983 984/984/984
f 927/927/927 984/984/984 928/928/928
f 928/928/928 984/984/984 985/985/985
f 928/928/928 985/985/985 929/929/929
f 929/929/929 985/985/985 986/986/986
f 929/929/929 986/986/986 930/930/930
f 930/930/930 986/986/986 987/987/987
f 930/930/930 987/987/987 931/931/931
f 931/931/931 987/987/987 988/988/988
f 931/931/931 988/988/988 932/932/932
f 932/932/932 988/988/988 989/989/989
f 932/932/932 989/989/989 933/933/933
f 933/933/933 989/989/989 990/990/990
f 933/933/933 990/990/990 934/934/934
f 934/934/934 990/990/990 991/991/991
f 934/934/934 991/991/991 935/935/935
f 935/935/935 991/991/991 992/992/992
f 935/935/935 992/992/992 936/936/936
f 936/936/936 992/992/992 993/993/993
f 936/936/936 993/993/993 937/937/937
f 937/937/937 993/993/993 994/994/994
f 937/937/937 994/994/994 938/938/938
f 938/938/938 994/994/994 995/995/995
f 938/938/938 995/995/995 939/939/939
f 939/939/939 995/995/995 996/996/996
f 939/939/939 996/996/996 940/940/940
f 940/940/940 996/996/996 997/997/997
f 940/940/940 997/997/997 941/941/941
f 941/941/941 997/997/997 998/998/998
f 941/941/941 998/998/998 942/942/942
f 942/942/942 998/998/998 999/999/999
f 942/942/942 999/999/999 943/943/943
f 943/943/943 999/999/999 1000/1000/1000
f 943/943/943 1000/1000/1000 944/944/944
f 944/944/944 1000/1000/1000 1001/1001/1001
f 944/944/944 1001/1001/1001 945/945/945
f 945/945/945 1001/1001/1001 1002/1002/1002
f 945/945/945 1002/1002/1002 946/946/946
f 946/946/946 1002/1002/1002 1003/1003/1003
f 946/946/946 1003/1003/1003 947/947/947
f 947/947/947 1003/1003/1003 1004/1004/1004
f 947/947/947 1004/1004/1004 948/948/948
f 948/948/948 1004/1004/1004 1005/1005/1005
f 948/948/948 1005/1005/1005 949/949/949
f 949/949/949 1005/1005/1005 1006/1006/1006
f 949/949/949 1006/1006/1006 950/950/950
f 950/950/950 1006/1006/1006 1007/1007/1007
f 950/950/950 1007/1007/1007 951/951/951
f 951/951/951 1007/1007/1007 1008/1008/1008
f 951/951/951 1008/1008/1008 952/952/952
f 952/952/952 1008/1008/1008 1009/1009/1009
f 952/952/952 1009/1009/1009 953/953/953
f 953/953/953 1009/1009/1009 1010/1010/1010
f 953/953/953 1010/1010/1010 954/954/954
f 954/954/954 1010/1010/1010 1011/1011/1011
f 954/954/954 1011/1011/1011 955/955/955
f 955/955/955 1011/1011/1011 1012/1012/1012
f 955/955/955 1012/1012/1012 956/956/956
f 956/956/956 1012/1012/1012 1013/1013/1013
f 956/956/956 1013/1013/1013 957/957/957
f 957/957/957 1013/1013/1013 1014/1014/1014
f 957/957/957 1014/1014/1014 958/958/958
f 958/958/958 1014/1014/1014 1015/1015/1015
f 958/958/958 1015/1015/1015 959/959/959
f 959/959/959 1015/1015/1015 1016/1016/1016
f 959/959/959 1016/1016/1016 960/960/960
f 960/960/960 1016/1016/1016 1017/1017/1017
f 960/960/960 1017/1017/1017 961/961/961
f 961/961/961 1017/1017/1017 1018/1018/1018
f 961/961/961 1018/1018/1018 962/962/962
f 962/962/962 1018/1018/1018 1019/1019/1019
f 962/962/962 1019/1019/1019 963/963/963
f 963/963/963 1019/1019/1019 1020/1020/1020
f 963/963/963 1020/1020/1020 964/964/964
f 964/964/964 1020/1020/1020 1021/1021/1021
f 964/964/964 1021/1021/1021 965/965/965
f 965/965/965 1021/1021/1021 1022/1022/1022
f 965/965/965 1022/1022/1022 966/966/966
f 966/966/966 1022/1022/1022 1023/1023/1023
f 966/966/966 1023/1023/1023 967/967/967
f 967/967/967 1023/1023/1023 1024/1024/1024
f 967/967/967 1024/1024/1024 968/968/968
f 968/968/968 1024/1024/1024 1025/1025/1025
f 968/968/968 1025/1025/1025 969/969/969
f 969/969/969 1025/1025/1025 1026/1026/1026
f 970/970/970 1027/1027/1027 971/971/971
f 971/971/971 1027/1027/1027 1028/1028/1028
f 971/971/971 1028/1028/1028 972/972/972
f 972/972/972 1028/1028/1028 1029/1029/1029
f 972/972/972 1029/1029/1029 973/973/973
f 973/973/973 1029/1029/1029 1030/1030/1030
f 973/973/973 1030/1030/1030 974/974/974
f 974/974/974 1030/1030/1030 1031/1031/1031
f 974/974/974 1031/1031/1031 975/975/975
f 975/975/975 1031/1031/1031 1032/1032/1032
f 975/975/975 1032/1032/1032 976/976/976
f 976/976/976 1032/1032/1032 1033/1033/1033
f 976/976/976 1033/1033/1033 977/977/977
f 977/977/977 1033/1033/1033 1034/1034/1034
f 977/977/977 1034/1034/1034 978/978/978
f 978/978/978 1034/1034/1034 1035/1035/1035
f 978/978/978 1035/1035/1035 979/979/979
f 979/979/979 1035/1035/1035 1036/1036/1036
f 979/979/979 1036/1036/1036 980/980/980
f 980/980/980 1036/1036/1036 1037/1037/1037
f 980/980/980 1037/1037/1037 981/981/981
f 981/981/981 1037/1037/1037 1038/1038/1038
f 981/981/981 1038/1038/1038 982/982/982
f 982/982/982 1038/1038/1038 1039/1039/1039
f 982/982/982 1039/1039/1039 983/983/983
f 983/983/983 1039/1039/1039 1040/1040/1040
f 983/983/983 1040/1040/1040 984/984/984
f 984/984/984 1040/1040/1040 1041/1041/1041
f 984/984/984 1041/1041/1041 985/985/985
f 985/985/985 1041/1041/1041 1042/1042/1042
f 985/985/985 1042/1042/1042 986/986/986
f 986/986/986 1042/1042/1042 1043/1043/1043
f 986/986/986 1043/1043/1043 987/987/987
f 987/987/987 1043/1043/1043 1044/1044/1044
f 987/987/987 1044/1044/1044 988/988/988
f 988/988/988 1044/1044/1044 1045/1045/1045
f 988/988/988 1045/1045/1045 989/989/989
f 989/989/989 1045/1045/1045 1046/1046/1046
f 989/989/989 1046/1046/1046 990/990/990
f 990/990/990 1046/1046/1046 1047/1047/1047
f 990/990/990 1047/1047/1047 991/991/991
f 991/991/991 1047/1047/1047 1048/1048/1048
f 991/991/991 1048/1048/1048 992/992/992
f 992/992/992 1048/1048/1048 1049/1049/1049
f 992/992/992 1049/1049/1049 993/993/993
f 993/993/993 1049/1049/1049 1050/1050/1050
f 993/993/993 1050/1050/1050 994/994/994
f 994/994/994 1050/1050/1050 1051/1051/1051
f 994/994/994 1051/1051/1051 995/995/995
f 995/995/995 1051/1051/1051 1052/1052/1052
f 995/995/995 1052/1052/1052 996/996/996
f 996/996/996 1052/1052/1052 1053/1053/1053
f 996/996/996 1053/1053/1053 997/997/997
f 997/997/997 1053/1053/1053 1054/1054/1054
f 997/997/997 1054/1054/1054 998/998/998
f 998/998/998 1054/1054/1054 1055/1055/1055
f 998/998/998 1055/1055/1055 999/999/999
f 999/999/999 1055/1055/1055 1056/1056/1056
f 999/999/999 1056/1056/1056 1000/1000/1000
f 1000/1000/1000 1056/1056/1056 1057/1057/1057
f 1000/1000/1000 1057/1057/1057 1001/1001/1001
f 1001/1001/1001 1057/1057/1057 1058/1058/1058
f 1001/1001/1001 1058/1058/1058 1002/1002/1002
f 1002/1002/1002 1058/1058/1058 1059/1059/1059
f 1002/1002/1002 1059/1059/1059 1003/1003/1003
f 1003/1003/1003 1059/1059/1059 1060/1060/1060
f 1003/1003/1003 1060/1060/1060 1004/1004/1004
f 1004/1004/1004 1060/1060/1060 1061/1061/1061
f 1004/1004/1004 1061/1061/1061 1005/1005/1005
f 1005/1005/1005 1061/1061/1061 1062/1062/1062
f 1005/1005/1005 1062/1062/1062 1006/1006/1006
f 1006/1006/1006 1062/1062/1062 1063/1063/1063
f 1006/1006/1006 1063/1063/1063 1007/1007/1007
f 1007/1007/1007 1063/1063/1063 1064/1064/1064
f 1007/1007/1007 1064/1064/1064 1008/1008/1008
f 1008/1008/1008 1064/1064/1064 1065/1065/1065
f 1008/1008/1008 1065/1065/1065 1009/1009/1009
f 1009/1009/1009 1065/1065/1065 1066/1066/1066
f 1009/1009/1009 1066/1066/1066 1010/1010/1010
f 1010/1010/1010 1066/1066/1066 1067/1067/1067
f 1010/1010/1010 1067/1067/1067 1011/1011/1011
f 1011/1011/1011 1067/1067/1067 1068/1068/1068
f 1011/1011/1011 1068/1068/1068 1012/1012/1012
f 1012/1012/1012 1068/1068/1068 1069/1069/1069
f 1012/1012/1012 1069/1069/1069 1013/1013/1013
f 1013/1013/1013 1069/1069/1069 1070/1070/1070
f 1013/1013/1013 1070/1070/1070 1014/1014/1014
f 1014/1014/1014 1070/1070/1070 1071/1071/1071
f 1014/1014/1014 1071/1071/1071 1015/1015/1015
f 1015/1015/1015 1071/1071/1071 1072/1072/1072
f 1015/1015/1015 1072/1072/1072 1016/1016/1016
f 1016/1016/1016 1072/1072/1072 1073/1073/1073
f 1016/1016/1016 1073/1073/1073 1017/1017/1017
f 1017/1017/1017 1073/1073/1073 1074/1074/1074
f 1017/1017/1017 1074/1074/1074 1018/1018/1018
f 1018/1018/1018 1074/1074/1074 1075/1075/1075
f 1018/1018/1018 1075/1075/1075 1019/1019/1019
f 1019/1019/1019 1075/1075/1075 1076/1076/1076
f 1019/1019/1019 1076/1076/1076 1020/1020/1020
f 1020/1020/1020 1076/1076/1076 1077/1077/1077
f 1020/1020/1020 1077/1077/1077 1021/1021/1021
f 1021/1021/1021 1077/1077/1077 1078/1078/1078
f 1021/1021/1021 1078/1078/1078 1022/1022/1022
f 1022/1022/1022 1078/1078/1078 1079/1079/1079
f 1022/1022/1022 1079/1079/1079 1023/1023/1023
f 1023/1023/1023 1079/1079/1079 1080/1080/1080
f 1023/1023/1023 1080/1080/1080 1024/1024/1024
f 1024/1024/1024 1080/1080/1080 1081/1081/1081
f 1024/1024/1024 1081/1081/1081 1025/1025/1025
f 1025/1025/1025 1081/1081/1081 1082/1082/1082
f 1025/1025/1025 1082/1082/1082 1026/1026/1026
f 1026/1026/1026 1082/1082/1082 1083/1083/1083
f 1027/1027/1027 1084/1084/1084 1028/1028/1028
f 1028/1028/1028 1084/1084/1084 1085/1085/1085
f 1028/1028/1028 1085/1085/1085 1029/1029/1029
f 1029/1029/1029 1085/1085/1085 1086/1086/1086
f 1029/1029/1029 1086/1086/1086 1030/1030/1030
f 1030/1030/1030 1086/1086/1086 1087/1087/1087
f 1030/1030/1030 1087/1087/1087 1031/1031/1031
f 1031/1031/1031 1087/1087/1087 1088/1088/1088
f 1031/1031/1031 1088/1088/1088 1032/1032/1032
f 1032/1032/1032 1088/1088/1088 1089/1089/1089
f 1032/1032/1032 1089/1089/1089 1033/1033/1033
f 1033/1033/1033 1089/1089/1089 1090/1090/1090
f 1033/1033/1033 1090/1090/1090 1034/1034/1034
f 1034/1034/1034 1090/1090/1090 1091/1091/1091
f 1034/1034/1034 1091/1091/1091 1035/1035/1035
f 1035/1035/1035 1091/1091/1091 1092/1092/1092
f 1035/1035/1035 1092/1092/1092 1036/1036/1036
f 1036/1036/1036 1092/1092/1092 1093/1093/1093
f 1036/1036/1036 1093/1093/1093 1037/1037/1037
f 1037/1037/1037 1093/1093/1093 1094/1094/1094
f 1037/1037/1037 1094/1094/1094 1038/1038/1038
f 1038/1038/1038 1094/1094/1094 1095/1095/1095
f 1038/1038/1038 1095/1095/1095 1039/1039/1039
f 1039/1039/1039 1095/1095/1095 1096/1096/1096
f 1039/1039/1039 1096/1096/1096 1040/1040/1040
f 1040/1040/1040 1096/1096/1096 1097/1097/1097
f 1040/1040/1040 1097/1097/1097 1041/1041/1041
f 1041/1041/1041 1097/1097/1097 1098/1098/1098
f 1041/1041/1041 1098/1098/1098 1042/1042/1042
f 1042/1042/1042 1098/1098/1098 1099/1099/1099
f 1042/1042/1042 1099/1099/1099 1043/1043/1043
f 1043/1043/1043 1099/1099/1099 1100/1100/1100
f 1043/1043/1043 1100/1100/1100 1044/1044/1044
f 1044/1044/1044 1100/1100/1100 1101/1101/1101
f 1044/1044/1044 1101/1101/1101 1045/1045/1045
f 1045/1045/1045 1101/1101/1101 1102/1102/1102
f 1045/1045/1045 1102/1102/1102 1046/1046/1046
f 1046/1046/1046 1102/1102/1102 1103/1103/1103
f 1046/1046/1046 1103/1103/1103 1047/1047/1047
f 1047/1047/1047 1103/1103/1103 1104/1104/1104
f 1047/1047/1047 1104/1104/1104 1048/1048/1048
f 1048/1048/1048 1104/1104/1104 1105/1105/1105
f 1048/1048/1048 1105/1105/1105 1049/1049/1049
f 1049/1049/1049 1105/1105/1105 1106/1106/1106
f 1049/1049/1049 1106/1106/1106 1050/1050/1050
f 1050/1050/1050 1106/1106/1106 1107/1107/1107
f 1050/1050/1050 1107/1107/1107 1051/1051/1051
f 1051/1051/1051 1107/1107/1107 1108/1108/1108
f 1051/1051/1051 1108/1108/1108 1052/1052/1052
f 1052/1052/1052 1108/1108/1108 1109/1109/1109
f 1052/1052/1052 1109/1109/1109 1053/1053/1053
f 1053/1053/1053 1109/1109/1109 1110/1110/1110
f 1053/1053/1053 1110/1110/1110 1054/1054/1054
f 1054/1054/1054 1110/1110/1110 1111/1111/1111
f 1054/1054/1054 1111/1111/1111 1055/1055/1055
f 1055/1055/1055 1111/1111/1111 1112/1112/1112
f 1055/1055/1055 1112/1112/1112 1056/1056/1056
f 1056/1056/1056 1112/1112/1112 1113/1113/1113
f 1056/1056/1056 1113/1113/1113 1057/1057/1057
f 1057/1057/1057 1113/1113/1113 1114/1114/1114
f 1057/1057/1057 1114/1114/1114 1058/1058/1058
f 1058/1058/1058 1114/1114/1114 1115/1115/1115
f 1058/1058/1058 1115/1115/1115 1059/1059/1059
f 1059/1059/1059 1115/1115/1115 1116/1116/1116
f 1059/1059/1059 1116/1116/1116 1060/1060/1060
f 1060/1060/1060 1116/1116/1116 1117/1117/1117
f 1060/1060/1060 1117/1117/1117 1061/1061/1061
f 1061/1061/1061 1117/1117/1117 1118/1118/1118
f 1061/1061/1061 1118/1118/1118 1062/1062/1062
f 1062/1062/1062 1118/1118/1118 1119/1119/1119
f 1062/1062/1062 1119/1119/1119 1063/1063/1063
f 1063/1063/1063 1119/1119/1119 1120/1120/1120
f 1063/1063/1063 1120/1120/1120 1064/1064/1064
f 1064/1064/1064 1120/1120/1120 1121/1121/1121
f 1064/1064/1064 1121/1121/1121 1065/1065/1065
f 1065/1065/1065 1121/1121/1121 1122/1122/1122
f 1065/1065/1065 1122/1122/1122 1066/1066/1066
f 1066/1066/1066 1122/1122/1122 1123/1123/1123
f 1066/1066/1066 1123/1123/1123 1067/1067/1067
f 1067/1067/1067 1123/1123/1123 1124/1124/1124
f 1067/1067/1067 1124/1124/1124 1068/1068/1068
f 1068/1068/1068 1124/1124/1124 1125/1125/1125
f 1068/1068/1068 1125/1125/1125 1069/1069/1069
f 1069/1069/1069 1125/1125/1125 1126/1126/1126
f 1069/1069/1069 1126/1126/1126 1070/1070/1070
f 1070/1070/1070 1126/1126/1126 1127/1127/1127
f 1070/1070/1070 1127/1127/1127 1071/1071/1071
f 1071/1071/1071 1127/1127/1127 1128/1128/1128
f 1071/1071/1071 1128/1128/1128 1072/1072/1072
f 1072/1072/1072 1128/1128/1128 1129/1129/1129
f 1072/1072/1072 1129/1129/1129 1073/1073/1073
f 1073/1073/1073 1129/1129/1129 1130/1130/1130
f 1073/1073/1073 1130/1130/1130 1074/1074/1074
f 1074/1074/1074 1130/1130/1130 1131/1131/1131
f 1074/1074/1074 1131/1131/1131 1075/1075/1075
f 1075/1075/1075 1131/1131/1131 1132/1132/1132
f 1075/1075/1075 1132/1132/1132 1076/1076/1076
f 1076/1076/1076 1132/1132/1132 1133/1133/1133
f 1076/1076/1076 1133/1133/1133 1077/1077/1077
f 1077/1077/1077 1133/1133/1133 1134/1134/1134
f 1077/1077/1077 1134/1134/1134 1078/1078/1078
f 1078/1078/1078 1134/1134/1134 1135/1135/1135
f 1078/1078/1078 1135/1135/1135 1079/1079/1079
f 1079/1079/1079 1135/1135/1135 1136/1136/1136
f 1079/1079/1079 1136/1136/1136 1080/1080/1080
f 1080/1080/1080 1136/1136/1136 1137/1137/1137
f 1080/1080/1080 1137/1137/1137 1081/1081/1081
f 1081/1081/1081 1137/1137/1137 1138/1138/1138
f 1081/1081/1081 1138/1138/1138 1082/1082/1082
f 1082/1082/1082 1138/1138/1138 1139/1139/1139
f 1082/1082/1082 1139/1139/1139 1083/1083/1083
f 1083/1083/1083 1139/1139/1139 1140/1140/1140
f 1084/1084/1084 1141/1141/1141 1085/1085/1085
f 1085/1085/1085 1141/1141/1141 1142/1142/1142
f 1085/1085/1085 1142/1142/1142 1086/1086/1086
f 1086/1086/1086 1142/1142/1142 1143/1143/1143
f 1086/1086/1086 1143/1143/1143 1087/1087/1087
f 1087/1087/1087 1143/1143/1143 1144/1144/1144
f 1087/1087/1087 1144/1144/1144 1088/1088/1088
f 1088/1088/1088 1144/1144/1144 1145/1145/1145
f 1088/1088/1088 1145/1145/1145 1089/1089/1089
f 1089/1089/1089 1145/1145/1145 1146/1146/1146
f 1089/1089/1089 1146/1146/1146 1090/1090/1090
f 1090/1090/1090 1146/1146/1146 1147/1147/1147
f 1090/1090/1090 1147/1147/1147 1091/1091/1091
f 1091/1091/1091 1147/1147/1147 1148/1148/1148
f 1091/1091/1091 1148/1148/1148 1092/1092/1092
f 1092/1092/1092 1148/1148/1148 1149/1149/1149
f 1092/1092/1092 1149/1149/1149 1093/1093/1093
f 1093/1093/1093 1149/1149/1149 1150/1150/1150
f 1093/1093/1093 1150/1150/1150 1094/1094/1094
f 1094/1094/1094 1150/1150/1150 1151/1151/1151
f 1094/1094/1094 1151/1151/1151 1095/1095/1095
f 1095/1095/1095 1151/1151/1151 1152/1152/1152
f 1095/1095/1095 1152/1152/1152 1096/1096/1096
f 1096/1096/1096 1152/1152/1152 1153/1153/1153
f 1096/1096/1096 1153/1153/1153 1097/1097/1097
f 1097/1097/1097 1153/1153/1153 1154/1154/1154
f 1097/1097/1097 1154/1154/1154 1098/1098/1098
f 1098/1098/1098 1154/1154/1154 1155/1155/1155
f 1098/1098/1098 1155/1155/1155 1099/1099/1099
f 1099/1099/1099 1155/1155/1155 1156/1156/1156
f 1099/1099/1099 1156/1156/1156 1100/1100/1100
f 1100/1100/1100 1156/1156/1156 1157/1157/1157
f 1100/1100/1100 1157/1157/1157 1101/1101/1101
f 1101/1101/1101 1157/1157/1157 1158/1158/1158
f 1101/1101/1101 1158/1158/1158 1102/1102/1102
f 1102/1102/1102 1158/1158/1158 1159/1159/1159
f 1102/1102/1102 1159/1159/1159 1103/1103/1103
f 1103/1103/1103 1159/1159/1159 1160/1160/1160
f 1103/1103/1103 1160/1160/1160 1104/1104/1104
f 1104/1104/1104 1160/1160/1160 1161/1161/1161
f 1104/1104/1104 1161/1161/1161 1105/1105/1105
f 1105/1105/1105 1161/1161/1161 1162/1162/1162
f 1105/1105/1105 1162/1162/1162 1106/1106/1106
f 1106/1106/1106 1162/1162/1162 1163/1163/1163
f 1106/1106/1106 1163/1163/1163 1107/1107/1107
f 1107/1107/1107 1163/1163/1163 1164/1164/1164
f 1107/1107/1107 1164/1164/1164 1108/1108/1108
f 1108/1108/1108 1164/1164/1164 1165/1165/1165
f 1108/1108/1108 1165/1165/1165 1109/1109/1109
f 1109/1109/1109 1165/1165/1165 1166/1166/1166
f 1109/1109/1109 1166/1166/1166 1110/1110/1110
f 1110/1110/1110 1166/1166/1166 1167/1167/1167
f 1110/1110/1110 1167/1167/1167 1111/1111/1111
f 1111/1111/1111 1167/1167/1167 1168/1168/1168
f 1111/1111/1111 1168/1168/1168 1112/1112/1112
f 1112/1112/1112 1168/1168/1168 1169/1169/1169
f 1112/1112/1112 1169/1169/1169 1113/1113/1113
f 1113/1113/1113 1169/1169/1169 1170/1170/1170
f 1113/1113/1113 1170/1170/1170 1114/1114/1114
f 1114/1114/1114 1170/1170/1170 1171/1171/1171
f 1114/1114/1114 1171/1171/1171 1115/1115/1115
f 1115/1115/1115 1171/1171/1171 1172/1172/1172
f 1115/1115/1115 1172/1172/1172 1116/1116/1116
f 1116/1116/1116 1172/1172/1172 1173/1173/1173
f 1116/1116/1116 1173/1173/1173 1117/1117/1117
f 1117/1117/1117 1173/1173/1173 1174/1174/1174
f 1117/1117/1117 1174/1174/1174 1118/1118/1118
f 1118/1118/1118 1174/1174/1174 1175/1175/1175
f 1118/1118/1118 1175/1175/1175 1119/1119/1119
f 1119/1119/1119 1175/1175/1175 1176/1176/1176
f 1119/1119/1119 1176/1176/1176 1120/1120/1120
f 1120/1120/1120 1176/1176/1176 1177/1177/1177
f 1120/1120/1120 1177/1177/1177 1121/1121/1121
f 1121/1121/1121 1177/1177/1177 1178/1178/1178
f 1121/1121/1121 1178/1178/1178 1122/1122/1122
f 1122/1122/1122 1178/1178/1178 1179/1179/1179
f 1122/1122/1122 1179/1179/1179 1123/1123/1123
f 1123/1123/1123 1179/1179/1179 1180/1180/1180
f 1123/1123/1123 1180/1180/1180 1124/1124/1124
f 1124/1124/1124 1180/1180/1180 1181/1181/1181
f 1124/1124/1124 1181/1181/1181 1125/1125/1125
f 1125/1125/1125 1181/1181/1181 1182/1182/1182
f 1125/1125/1125 1182/1182/1182 1126/1126/1126
f 1126/1126/1126 1182/1182/1182 1183/1183/1183
f 1126/1126/1126 1183/1183/1183 1127/1127/1127
f 1127/1127/1127 1183/1183/1183 1184/1184/1184
f 1127/1127/1127 1184/1184/1184 1128/1128/1128
f 1128/1128/1128 1184/1184/1184 1185/1185/1185
f 1128/1128/1128 1185/1185/1185 1129/1129/1129
f 1129/1129/1129 1185/1185/1185 1186/1186/1186
f 1129/1129/1129 1186/1186/1186 1130/1130/1130
f 1130/1130/1130 1186/1186/1186 1187/1187/1187
f 1130/1130/1130 1187/1187/1187 1131/1131/1131
f 1131/1131/1131 1187/1187/1187 1188/1188/1188
f 1131/1131/1131 1188/1188/1188 1132/1132/1132
f 1132/1132/1132 1188/1188/1188 1189/1189/1189
f 1132/1132/1132 1189/1189/1189 1133/1133/1133
f 1133/1133/1133 1189/1189/1189 1190/1190/1190
f 1133/1133/1133 1190/1190/1190 1134/1134/1134
f 1134/1134/1134 1190/1190/1190 1191/1191/1191
f 1134/1134/1134 1191/1191/1191 1135/1135/1135
f 1135/1135/1135 1191/1191/1191 1192/1192/1192
f 1135/1135/1135 1192/1192/1192 1136/1136/1136
f 1136/1136/1136 1192/1192/1192 1193/1193/1193
f 1136/1136/1136 1193/1193/1193 1137/1137/1137
f 1137/1137/1137 1193/1193/1193 1194/1194/1194
f 1137/1137/1137 1194/1194/1194 1138/1138/1138
f 1138/1138/1138 1194/1194/1194 1195/1195/1195
f 1138/1138/1138 1195/1195/1195 1139/1139/1139
f 1139/1139/1139 1195/1195/1195 1196/1196/1196
f 1139/1139/1139 1196/1196/1196 1140/1140/1140
f 1140/1140/1140 1196/1196/1196 1197/1197/1197
f 1141/1141/1141 1198/1198/1198 1142/1142/1142
f 1142/1142/1142 1198/1198/1198 1199/1199/1199
f 1142/1142/1142 1199/1199/1199 1143/1143/1143
f 1143/1143/1143 1199/1199/1199 1200/1200/1200
f 1143/1143/1143 1200/1200/1200 1144/1144/1144
f 1144/1144/1144 1200/1200/1200 1201/1201/1201
f 1144/1144/1144 1201/1201/1201 1145/1145/1145
f 1145/1145/1145 1201/1201/1201 1202/1202/1202
f 1145/1145/1145 1202/1202/1202 1146/1146/1146
f 1146/1146/1146 1202/1202/1202 1203/1203/1203
f 1146/1146/1146 1203/1203/1203 1147/1147/1147
f 1147/1147/1147 1203/1203/1203 1204/1204/1204
f 1147/1147/1147 1204/1204/1204 1148/1148/1148
f 1148/1148/1148 1204/1204/1204 1205/1205/1205
f 1148/1148/1148 1205/1205/1205 1149/1149/1149
f 1149/1149/1149 1205/1205/1205 1206/1206/1206
f 1149/1149/1149 1206/1206/1206 1150/1150/1150
f 1150/1150/1150 1206/1206/1206 1207/1207/1207
f 1150/1150/1150 1207/1207/1207 1151/1151/1151
f 1151/1151/1151 1207/1207/1207 1208/1208/1208
f 1151/1151/1151 1208/1208/1208 1152/1152/1152
f 1152/1152/1152 1208/1208/1208 1209/1209/1209
f 1152/1152/1152 1209/1209/1209 1153/1153/1153
f 1153/1153/1153 1209/1209/1209 1210/1210/1210
f 1153/1153/1153 1210/1210/1210 1154/1154/1154
f 1154/1154/1154 1210/1210/1210 1211/1211/1211
f 1154/1154/1154 1211/1211/1211 1155/1155/1155
f 1155/1155/1155 1211/1211/1211 1212/1212/1212
f 1155/1155/1155 1212/1212/1212 1156/1156/1156
f 1156/1156/1156 1212/1212/1212 1213/1213/1213
f 1156/1156/1156 1213/1213/1213 1157/1157/1157
f 1157/1157/1157 1213/1213/1213 1214/1214/1214
f 1157/1157/1157 1214/1214/1214 1158/1158/1158
f 1158/1158/1158 1214/1214/1214 1215/1215/1215
f 1158/1158/1158 1215/1215/1215 1159/1159/1159
f 1159/1159/1159 1215/1215/1215 1216/1216/1216
f 1159/1159/1159 1216/1216/1216 1160/1160/1160
f 1160/1160/1160 1216/1216/1216 1217/1217/1217
f 1160/1160/1160 1217/1217/1217 1161/1161/1161
f 1161/1161/1161 1217/1217/1217 1218/1218/1218
f 1161/1161/1161 1218/1218/1218 1162/1162/1162
f 1162/1162/1162 1218/1218/1218 1219/1219/1219
f 1162/1162/1162 1219/1219/1219 1163/1163/1163
f 1163/1163/1163 1219/1219/1219 1220/1220/1220
f 1163/1163/1163 1220/1220/1220 1164/1164/1164
f 1164/1164/1164 1220/1220/1220 1221/1221/1221
f 1164/1164/1164 1221/1221/1221 1165/1165/1165
f 1165/1165/1165 1221/1221/1221 1222/1222/1222
f 1165/1165/1165 1222/1222/1222 1166/1166/1166
f 1166/1166/1166 1222/1222/1222 1223/1223/1223
f 1166/1166/1166 1223/1223/1223 1167/1167/1167
f 1167/1167/1167 1223/1223/1223 1224/1224/1224
f 1167/1167/1167 1224/1224/1224 1168/1168/1168
f 1168/1168/1168 1224/1224/1224 1225/1225/1225
f 1168/1168/1168 1225/1225/1225 1169/1169/1169
f 1169/1169/1169 1225/1225/1225 1226/1226/1226
f 1169/1169/1169 1226/1226/1226 1170/1170/1170
f 1170/1170/1170 1226/1226/1226 1227/1227/1227
f 1170/1170/1170 1227/1227/1227 1171/1171/1171
f 1171/1171/1171 1227/1227/1227 1228/1228/1228
f 1171/1171/1171 1228/1228/1228 1172/1172/1172
f 1172/1172/1172 1228/1228/1228 1229/1229/1229
f 1172/1172/1172 1229/1229/1229 1173/1173/1173
f 1173/1173/1173 1229/1229/1229 1230/1230/1230
f 1173/1173/1173 1230/1230/1230 1174/1174/1174
f 1174/1174/1174 1230/1230/1230 1231/1231/1231
f 1174/1174/1174 1231/1231/1231 1175/1175/1175
f 1175/1175/1175 1231/1231/1231 1232/1232/1232
f 1175/1175/1175 1232/1232/1232 1176/1176/1176
f 1176/1176/1176 1232/1232/1232 1233/1233/1233
f 1176/1176/1176 1233/1233/1233 1177/1177/1177
f 1177/1177/1177 1233/1233/1233 1234/1234/1234
f 1177/1177/1177 1234/1234/1234 1178/1178/1178
f 1178/1178/1178 1234/1234/1234 1235/1235/1235
f 1178/1178/1178 1235/1235/1235 1179/1179/1179
f 1179/1179/1179 1235/1235/1235 1236/1236/1236
f 1179/1179/1179 1236/1236/1236 1180/1180/1180
f 1180/1180/1180 1236/1236/1236 1237/1237/1237
f 1180/1180/1180 1237/1237/1237 1181/1181/1181
f 1181/1181/1181 1237/1237/1237 1238/1238/1238
f 1181/1181/1181 1238/1238/1238 1182/1182/1182
f 1182/1182/1182 1238/1238/1238 1239/1239/1239
f 1182/1182/1182 1239/1239/1239 1183/1183/1183
f 1183/1183/1183 1239/1239/1239 1240/1240/1240
f 1183/1183/1183 1240/1240/1240 1184/1184/1184
f 1184/1184/1184 1240/1240/1240 1241/1241/1241
f 1184/1184/1184 1241/1241/1241 1185/1185/1185
f 1185/1185/1185 1241/1241/1241 1242/1242/1242
f 1185/1185/1185 1242/1242/1242 1186/1186/1186
f 1186/1186/1186 1242/1242/1242 1243/1243/1243
f 1186/1186/1186 1243/1243/1243 1187/1187/1187
f 1187/1187/1187 1243/1243/1243 1244/1244/1244
f 1187/1187/1187 1244/1244/1244 1188/1188/1188
f 1188/1188/1188 1244/1244/1244 1245/1245/1245
f 1188/1188/1188 1245/1245/1245 1189/1189/1189
f 1189/1189/1189 1245/1245/1245 1246/1246/1246
f 1189/1189/1189 1246/1246/1246 1190/1190/1190
f 1190/1190/1190 1246/1246/1246 1247/1247/1247
f 1190/1190/1190 1247/1247/1247 1191/1191/1191
f 1191/1191/1191 1247/1247/1247 1248/1248/1248
f 1191/1191/1191 1248/1248/1248 1192/1192/1192
f 1192/1192/1192 1248/1248/1248 1249/1249/1249
f 1192/1192/1192 1249/1249/1249 1193/1193/1193
f 1193/1193/1193 1249/1249/1249 1250/1250/1250
f 1193/1193/1193 1250/1250/1250 1194/1194/1194
f 1194/1194/1194 1250/1250/1250 1251/1251/1251
f 1194/1194/1194 1251/1251/1251 1195/1195/1195
f 1195/1195/1195 1251/1251/1251 1252/1252/1252
f 1195/1195/1195 1252/1252/1252 1196/1196/1196
f 1196/1196/1196 1252/1252/1252 1253/1253/1253
f 1196/1196/1196 1253/1253/1253 1197/1197/1197
f 1197/1197/1197 1253/1253/1253 1254/1254/1254
f 1198/1198/1198 1255/1255/1255 1199/1199/1199
f 1199/1199/1199 1255/1255/1255 1256/1256/1256
f 1199/1199/1199 1256/1256/1256 1200/1200/1200
f 1200/1200/1200 1256/1256/1256 1257/1257/1257
f 1200/1200/1200 1257/1257/1257 1201/1201/1201
f 1201/1201/1201 1257/1257/1257 1258/1258/1258
f 1201/1201/1201 1258/1258/1258 1202/1202/1202
f 1202/1202/1202 1258/1258/1258 1259/1259/1259
f 1202/1202/1202 1259/1259/1259 1203/1203/1203
f 1203/1203/1203 1259/1259/1259 1260/1260/1260
f 1203/1203/1203 1260/1260/1260 1204/1204/1204
f 1204/1204/1204 1260/1260/1260 1261/1261/1261
f 1204/1204/1204 1261/1261/1261 1205/1205/1205
f 1205/1205/1205 1261/1261/1261 1262/1262/1262
f 1205/1205/1205 1262/1262/1262 1206/1206/1206
f 1206/1206/1206 1262/1262/1262 1263/1263/1263
f 1206/1206/1206 1263/1263/1263 1207/1207/1207
f 1207/1207/1207 1263/1263/1263 1264/1264/1264
f 1207/1207/1207 1264/1264/1264 1208/1208/1208
f 1208/1208/1208 1264/1264/1264 1265/1265/1265
f 1208/1208/1208 1265/1265/1265 1209/1209/1209
f 1209/1209/1209 1265/1265/1265 1266/1266/1266
f 1209/1209/1209 1266/1266/1266 1210/1210/1210
f 1210/1210/1210 1266/1266/1266 1267/1267/1267
f 1210/1210/1210 1267/1267/1267 1211/1211/1211
f 1211/1211/1211 1267/1267/1267 1268/1268/1268
f 1211/1211/1211 1268/1268/1268 1212/1212/1212
f 1212/1212/1212 1268/1268/1268 1269/1269/1269
f 1212/1212/1212 1269/1269/1269 1213/1213/1213
f 1213/1213/1213 1269/1269/1269 1270/1270/1270
f 1213/1213/1213 1270/1270/1270 1214/1214/1214
f 1214/1214/1214 1270/1270/1270 1271/1271/1271
f 1214/1214/1214 1271/1271/1271 1215/1215/1215
f 1215/1215/1215 1271/1271/1271 1272/1272/1272
f 1215/1215/1215 1272/1272/1272 1216/1216/1216
f 1216/1216/1216 1272/1272/1272 1273/1273/1273
f 1216/1216/1216 1273/1273/1273 1217/1217/1217
f 1217/1217/1217 1273/1273/1273 1274/1274/1274
f 1217/1217/1217 1274/1274/1274 1218/1218/1218
f 1218/1218/1218 1274/1274/1274 1275/1275/1275
f 1218/1218/1218 1275/1275/1275 1219/1219/1219
f 1219/1219/1219 1275/1275/1275 1276/1276/1276
f 1219/1219/1219 1276/1276/1276 1220/1220/1220
f 1220/1220/1220 1276/1276/1276 1277/1277/1277
f 1220/1220/1220 1277/1277/1277 1221/1221/1221
f 1221/1221/1221 1277/1277/1277 1278/1278/1278
f 1221/1221/1221 1278/1278/1278 1222/1222/1222
f 1222/1222/1222 1278/1278/1278 1279/1279/1279
f 1222/1222/1222 1279/1279/1279 1223/1223/1223
f 1223/1223/1223 1279/1279/1279 1280/1280/1280
f 1223/1223/1223 1280/1280/1280 1224/1224/1224
f 1224/1224/1224 1280/1280/1280 1281/1281/1281
f 1224/1224/1224 1281/1281/1281 1225/1225/1225
f 1225/1225/1225 1281/1281/1281 1282/1282/1282
f 1225/1225/1225 1282/1282/1282 1226/1226/1226
f 1226/1226/1226 1282/1282/1282 1283/1283/1283
f 1226/1226/1226 1283/1283/1283 1227/1227/1227
f 1227/1227/1227 1283/1283/1283 1284/1284/1284
f 1227/1227/1227 1284/1284/1284 1228/1228/1228
f 1228/1228/1228 1284/1284/1284 1285/1285/1285
f 1228/1228/1228 1285/1285/1285 1229/1229/1229
f 1229/1229/1229 1285/1285/1285 1286/1286/1286
f 1229/1229/1229 1286/1286/1286 1230/1230/1230
f 1230/1230/1230 1286/1286/1286 1287/1287/1287
f 1230/1230/1230 1287/1287/1287 1231/1231/1231
f 1231/1231/1231 1287/1287/1287 1288/1288/1288
f 1231/1231/1231 1288/1288/1288 1232/1232/1232
f 1232/1232/1232 1288/1288/1288 1289/1289/1289
f 1232/1232/1232 1289/1289/1289 1233/1233/1233
f 1233/1233/1233 1289/1289/1289 1290/1290/1290
f 1233/1233/1233 1290/1290/1290 1234/1234/1234
f 1234/1234/1234 1290/1290/1290 1291/1291/1291
f 1234/1234/1234 1291/1291/1291 1235/1235/1235
f 1235/1235/1235 1291/1291/1291 1292/1292/1292
f 1235/1235/1235 1292/1292/1292 1236/1236/1236
f 1236/1236/1236 1292/1292/1292 1293/1293/1293
f 1236/1236/1236 1293/1293/1293 1237/1237/1237
f 1237/1237/1237 1293/1293/1293 1294/1294/1294
f 1237/1237/1237 1294/1294/1294 1238/1238/1238
f 1238/1238/1238 1294/1294/1294 1295/1295/1295
f 1238/1238/1238 1295/1295/1295 1239/1239/1239
f 1239/1239/1239 1295/1295/1295 1296/1296/1296
f 1239/1239/1239 1296/1296/1296 1240/1240/1240
f 1240/1240/1240 1296/1296/1296 1297/1297/1297
f 1240/1240/1240 1297/1297/1297 1241/1241/1241
f 1241/1241/1241 1297/1297/1297 1298/1298/1298
f 1241/1241/1241 1298/1298/1298 1242/1242/1242
f 1242/1242/1242 1298/1298/1298 1299/1299/1299
f 1242/1242/1242 1299/1299/1299 1243/1243/1243
f 1243/1243/1243 1299/1299/1299 1300/1300/1300
f 1243/1243/1243 1300/1300/1300 1244/1244/1244
f 1244/1244/1244 1300/1300/1300 1301/1301/1301
f 1244/1244/1244 1301/1301/1301 1245/1245/1245
f 1245/1245/1245 1301/1301/1301 1302/1302/1302
f 1245/1245/1245 1302/1302/1302 1246/1246/1246
f 1246/1246/1246 1302/1302/1302 1303/1303/1303
f 1246/1246/1246 1303/1303/1303 1247/1247/1247
f 1247/1247/1247 1303/1303/1303 1304/1304/1304
f 1247/1247/1247 1304/1304/1304 1248/1248/1248
f 1248/1248/1248 1304/1304/1304 1305/1305/1305
f 1248/1248/1248 1305/1305/1305 1249/1249/1249
f 1249/1249/1249 1305/1305/1305 1306/1306/1306
f 1249/1249/1249 1306/1306/1306 1250/1250/1250
f 1250/1250/1250 1306/1306/1306 1307/1307/1307
f 1250/1250/1250 1307/1307/1307 1251/1251/1251
f 1251/1251/1251 1307/1307/1307 1308/1308/1308
f 1251/1251/1251 1308/1308/1308 1252/1252/1252
f 1252/1252/1252 1308/1308/1308 1309/1309/1309
f 1252/1252/1252 1309/1309/1309 1253/1253/1253
f 1253/1253/1253 1309/1309/1309 1310/1310/1310
f 1253/1253/1253 1310/1310/1310 1254/1254/1254
f 1254/1254/1254 1310/1310/1310 1311/1311/1311
f 1255/1255/1255 1312/1312/1312 1256/1256/1256
f 1256/1256/1256 1312/1312/1312 1313/1313/1313
f 1256/1256/1256 1313/1313/1313 1257/1257/1257
f 1257/1257/1257 1313/1313/1313 1314/1314/1314
f 1257/1257/1257 1314/1314/1314 1258/1258/1258
f 1258/1258/1258 1314/1314/1314 1315/1315/1315
f 1258/1258/1258 1315/1315/1315 1259/1259/1259
f 1259/1259/1259 1315/1315/1315 1316/1316/1316
f 1259/1259/1259 1316/1316/1316 1260/1260/1260
f 1260/1260/1260 1316/1316/1316 1317/1317/1317
f 1260/1260/1260 1317/1317/1317 1261/1261/1261
f 1261/1261/1261 1317/1317/1317 1318/1318/1318
f 1261/1261/1261 1318/1318/1318 1262/1262/1262
f 1262/1262/1262 1318/1318/1318 1319/1319/1319
f 1262/1262/1262 1319/1319/1319 1263/1263/1263
f 1263/1263/1263 1319/1319/1319 1320/1320/1320
f 1263/1263/1263 1320/1320/1320 1264/1264/1264
f 1264/1264/1264 1320/1320/1320 1321/1321/1321
f 1264/1264/1264 1321/1321/1321 1265/1265/1265
f 1265/1265/1265 1321/1321/1321 1322/1322/1322
f 1265/1265/1265 1322/1322/1322 1266/1266/1266
f 1266/1266/1266 1322/1322/1322 1323/1323/1323
f 1266/1266/1266 1323/1323/1323 1267/1267/1267
f 1267/1267/1267 1323/1323/1323 1324/1324/1324
f 1267/1267/1267 1324/1324/1324 1268/1268/1268
f 1268/1268/1268 1324/1324/1324 1325/1325/1325
f 1268/1268/1268 1325/1325/1325 1269/1269/1269
f 1269/1269/1269 1325/1325/1325 1326/1326/1326
f 1269/1269/1269 1326/1326/1326 1270/1270/1270
f 1270/1270/1270 1326/1326/1326 1327/1327/1327
f 1270/1270/1270 1327/1327/1327 1271/1271/1271
f 1271/1271/1271 1327/1327/1327 1328/1328/1328
f 1271/1271/1271 1328/1328/1328 1272/1272/1272
f 1272/1272/1272 1328/1328/1328 1329/1329/1329
f 1272/1272/1272 1329/1329/1329 1273/1273/1273
f 1273/1273/1273 1329/1329/1329 1330/1330/1330
f 1273/1273/1273 1330/1330/1330 1274/1274/1274
f 1274/1274/1274 1330/1330/1330 1331/1331/1331
f 1274/1274/1274 1331/1331/1331 1275/1275/1275
f 1275/1275/1275 1331/1331/1331 1332/1332/1332
f 1275/1275/1275 1332/1332/1332 1276/1276/1276
f 1276/1276/1276 1332/1332/1332 1333/1333/1333
f 1276/1276/1276 1333/1333/1333 1277/1277/1277
f 1277/1277/1277 1333/1333/1333 1334/1334/1334
f 1277/1277/1277 1334/1334/1334 1278/1278/1278
f 1278/1278/1278 1334/1334/1334 1335/1335/1335
f 1278/1278/1278 1335/1335/1335 1279/1279/1279
f 1279/1279/1279 1335/1335/1335 1336/1336/1336
f 1279/1279/1279 1336/1336/1336 1280/1280/1280
f 1280/1280/1280 1336/1336/1336 1337/1337/1337
f 1280/1280/1280 1337/1337/1337 1281/1281/1281
f 1281/1281/1281 1337/1337/1337 1338/1338/1338
f 1281/1281/1281 1338/1338/1338 1282/1282/1282
f 1282/1282/1282 1338/1338/1338 1339/1339/1339
f 1282/1282/1282 1339/1339/1339 1283/1283/1283
f 1283/1283/1283 1339/1339/1339 1340/1340/1340
f 1283/1283/1283 1340/1340/1340 1284/1284/1284
f 1284/1284/1284 1340/1340/1340 1341/1341/1341
f 1284/1284/1284 1341/1341/1341 1285/1285/1285
f 1285/1285/1285 1341/1341/1341 1342/1342/1342
f 1285/1285/1285 1342/1342/1342 1286/1286/1286
f 1286/1286/1286 1342/1342/1342 1343/1343/1343
f 1286/1286/1286 1343/1343/1343 1287/1287/1287
f 1287/1287/1287 1343/1343/1343 1344/1344/1344
f 1287/1287/1287 1344/1344/1344 1288/1288/1288
f 1288/1288/1288 1344/1344/1344 1345/1345/1345
f 1288/1288/1288 1345/1345/1345 1289/1289/1289
f 1289/1289/1289 1345/1345/1345 1346/1346/1346
f 1289/1289/1289 1346/1346/1346 1290/1290/1290
f 1290/1290/1290 1346/1346/1346 1347/1347/1347
f 1290/1290/1290 1347/1347/1347 1291/1291/1291
f 1291/1291/1291 1347/1347/1347 1348/1348/1348
f 1291/1291/1291 1348/1348/1348 1292/1292/1292
f 1292/1292/1292 1348/1348/1348 1349/1349/1349
f 1292/1292/1292 1349/1349/1349 1293/1293/1293
f 1293/1293/1293 1349/1349/1349 1350/1350/1350
f 1293/1293/1293 1350/1350/1350 1294/1294/1294
f 1294/1294/1294 1350/1350/1350 1351/1351/1351
f 1294/1294/1294 1351/1351/1351 1295/1295/1295
f 1295/1295/1295 1351/1351/1351 1352/1352/1352
f 1295/1295/1295 1352/1352/1352 1296/1296/1296
f 1296/1296/1296 1352/1352/1352 1353/1353/1353
f 1296/1296/1296 1353/1353/1353 1297/1297/1297
f 1297/1297/1297 1353/1353/1353 1354/1354/1354
f 1297/1297/1297 1354/1354/1354 1298/1298/1298
f 1298/1298/1298 1354/1354/1354 1355/1355/1355
f 1298/1298/1298 1355/1355/1355 1299/1299/1299
f 1299/1299/1299 1355/1355/1355 1356/1356/1356
f 1299/1299/1299 1356/1356/1356 1300/1300/1300
f 1300/1300/1300 1356/1356/1356 1357/1357/1357
f 1300/1300/1300 1357/1357/1357 1301/1301/1301
f 1301/1301/1301 1357/1357/1357 1358/1358/1358
f 1301/1301/1301 1358/1358/1358 1302/1302/1302
f 1302/1302/1302 1358/1358/1358 1359/1359/1359
f 1302/1302/1302 1359/1359/1359 1303/1303/1303
f 1303/1303/1303 1359/1359/1359 1360/1360/1360
f 1303/1303/1303 1360/1360/1360 1304/1304/1304
f 1304/1304/1304 1360/1360/1360 1361/1361/1361
f 1304/1304/1304 1361/1361/1361 1305/1305/1305
f 1305/1305/1305 1361/1361/1361 1362/1362/1362
f 1305/1305/1305 1362/1362/1362 1306/1306/1306
f 1306/1306/1306 1362/1362/1362 1363/1363/1363
f 1306/1306/1306 1363/1363/1363 1307/1307/1307
f 1307/1307/1307 1363/1363/1363 1364/1364/1364
f 1307/1307/1307 1364/1364/1364 1308/1308/1308
f 1308/1308/1308 1364/1364/1364 1365/1365/1365
f 1308/1308/1308 1365/1365/1365 1309/1309/1309
f 1309/1309/1309 1365/1365/1365 1366/1366/1366
f 1309/1309/1309 1366/1366/1366 1310/1310/1310
f 1310/1310/1310 1366/1366/1366 1367/1367/1367
f 1310/1310/1310 1367/1367/1367 1311/1311/1311
f 1311/1311/1311 1367/1367/1367 1368/1368/1368
f 1312/1312/1312 1369/1369/1369 1313/1313/1313
f 1313/1313/1313 1369/1369/1369 1370/1370/1370
f 1313/1313/1313 1370/1370/1370 1314/1314/1314
f 1314/1314/1314 1370/1370/1370 1371/1371/1371
f 1314/1314/1314 1371/1371/1371 1315/1315/1315
f 1315/1315/1315 1371/1371/1371 1372/1372/1372
f 1315/1315/1315 1372/1372/1372 1316/1316/1316
f 1316/1316/1316 1372/1372/1372 1373/1373/1373
f 1316/1316/1316 1373/1373/1373 1317/1317/1317
f 1317/1317/1317 1373/1373/1373 1374/1374/1374
f 1317/1317/1317 1374/1374/1374 1318/1318/1318
f 1318/1318/1318 1374/1374/1374 1375/1375/1375
f 1318/1318/1318 1375/1375/1375 1319/1319/1319
f 1319/1319/1319 1375/1375/1375 1376/1376/1376
f 1319/1319/1319 1376/1376/1376 1320/1320/1320
f 1320/1320/1320 1376/1376/1376 1377/1377/1377
f 1320/1320/1320 1377/1377/1377 1321/1321/1321
f 1321/1321/1321 1377/1377/1377 1378/1378/1378
f 1321/1321/1321 1378/1378/1378 1322/1322/1322
f 1322/1322/1322 1378/1378/1378 1379/1379/1379
f 1322/1322/1322 1379/1379/1379 1323/1323/1323
f 1323/1323/1323 1379/1379/1379 1380/1380/1380
f 1323/1323/1323 1380/1380/1380 1324/1324/1324
f 1324/1324/1324 1380/1380/1380 1381/1381/1381
f 1324/1324/1324 1381/1381/1381 1325/1325/1325
f 1325/1325/1325 1381/1381/1381 1382/1382/1382
f 1325/1325/1325 1382/1382/1382 1326/1326/1326
f 1326/1326/1326 1382/1382/1382 1383/1383/1383
f 1326/1326/1326 1383/1383/1383 1327/1327/1327
f 1327/1327/1327 1383/1383/1383 1384/1384/1384
f 1327/1327/1327 1384/1384/1384 1328/1328/1328
f 1328/1328/1328 1384/1384/1384 1385/1385/1385
f 1328/1328/1328 1385/1385/1385 1329/1329/1329
f 1329/1329/1329 1385/1385/1385 1386/1386/1386
f 1329/1329/1329 1386/1386/1386 1330/1330/1330
f 1330/1330/1330 1386/1386/1386 1387/1387/1387
f 1330/1330/1330 1387/1387/1387 1331/1331/1331
f 1331/1331/1331 1387/1387/1387 1388/1388/1388
f 1331/1331/1331 1388/1388/1388 1332/1332/1332
f 1332/1332/1332 1388/1388/1388 1389/1389/1389
f 1332/1332/1332 1389/1389/1389 1333/1333/1333
f 1333/1333/1333 1389/1389/1389 1390/1390/1390
f 1333/1333/1333 1390/1390/1390 1334/1334/1334
f 1334/1334/1334 1390/1390/1390 1391/1391/1391
f 1334/1334/1334 1391/1391/1391 1335/1335/1335
f 1335/1335/1335 1391/1391/1391 1392/1392/1392
f 1335/1335/1335 1392/1392/1392 1336/1336/1336
f 1336/1336/1336 1392/1392/1392 1393/1393/1393
f 1336/1336/1336 1393/1393/1393 1337/1337/1337
f 1337/1337/1337 1393/1393/1393 1394/1394/1394
f 1337/1337/1337 1394/1394/1394 1338/1338/1338
f 1338/1338/1338 1394/1394/1394 1395/1395/1395
f 1338/1338/1338 1395/1395/1395 1339/1339/1339
f 1339/1339/1339 1395/1395/1395 1396/1396/1396
f 1339/1339/1339 1396/1396/1396 1340/1340/1340
f 1340/1340/1340 1396/1396/1396 1397/1397/1397
f 1340/1340/1340 1397/1397/1397 1341/1341/1341
f 1341/1341/1341 1397/1397/1397 1398/1398/1398
f 1341/1341/1341 1398/1398/1398 1342/1342/1342
f 1342/1342/1342 1398/1398/1398 1399/1399/1399
f 1342/1342/1342 1399/1399/1399 1343/1343/1343
f 1343/1343/1343 1399/1399/1399 1400/1400/1400
f 1343/1343/1343 1400/1400/1400 1344/1344/1344
f 1344/1344/1344 1400/1400/1400 1401/1401/1401
f 1344/1344/1344 1401/1401/1401 1345/1345/1345
f 1345/1345/1345 1401/1401/1401 1402/1402/1402
f 1345/1345/1345 1402/1402/1402 1346/1346/1346
f 1346/1346/1346 1402/1402/1402 1403/1403/1403
f 1346/1346/1346 1403/1403/1403 1347/1347/1347
f 1347/1347/1347 1403/1403/1403 1404/1404/1404
f 1347/1347/1347 1404/1404/1404 1348/1348/1348
f 1348/1348/1348 1404/1404/1404 1405/1405/1405
f 1348/1348/1348 1405/1405/1405 1349/1349/1349
f 1349/1349/1349 1405/1405/1405 1406/1406/1406
f 1349/1349/1349 1406/1406/1406 1350/1350/1350
f 1350/1350/1350 1406/1406/1406 1407/1407/1407
f 1350/1350/1350 1407/1407/1407 1351/1351/1351
f 1351/1351/1351 1407/1407/1407 1408/1408/1408
f 1351/1351/1351 1408/1408/1408 1352/1352/1352
f 1352/1352/1352 1408/1408/1408 1409/1409/1409
f 1352/1352/1352 1409/1409/1409 1353/1353/1353
f 1353/1353/1353 1409/1409/1409 1410/1410/1410
f 1353/1353/1353 1410/1410/1410 1354/1354/1354
f 1354/1354/1354 1410/1410/1410 1411/1411/1411
f 1354/1354/1354 1411/1411/1411 1355/1355/1355
f 1355/1355/1355 1411/1411/1411 1412/1412/1412
f 1355/1355/1355 1412/1412/1412 1356/1356/1356
f 1356/1356/1356 1412/1412/1412 1413/1413/1413
f 1356/1356/1356 1413/1413/1413 1357/1357/1357
f 1357/1357/1357 1413/1413/1413 1414/1414/1414
f 1357/1357/1357 1414/1414/1414 1358/1358/1358
f 1358/1358/1358 1414/1414/1414 1415/1415/1415
f 1358/1358/1358 1415/1415/1415 1359/1359/1359
f 1359/1359/1359 1415/1415/1415 1416/1416/1416
f 1359/1359/1359 1416/1416/1416 1360/1360/1360
f 1360/1360/1360 1416/1416/1416 1417/1417/1417
f 1360/1360/1360 1417/1417/1417 1361/1361/1361
f 1361/1361/1361 1417/1417/1417 1418/1418/1418
f 1361/1361/1361 1418/1418/1418 1362/1362/1362
f 1362/1362/1362 1418/1418/1418 1419/1419/1419
f 1362/1362/1362 1419/1419/1419 1363/1363/1363
f 1363/1363/1363 1419/1419/1419 1420/1420/1420
f 1363/1363/1363 1420/1420/1420 1364/1364/1364
f 1364/1364/1364 1420/1420/1420 1421/1421/1421
f 1364/1364/1364 1421/1421/1421 1365/1365/1365
f 1365/1365/1365 1421/1421/1421 1422/1422/1422
f 1365/1365/1365 1422/1422/1422 1366/1366/1366
f 1366/1366/1366 1422/1422/1422 1423/1423/1423
f 1366/1366/1366 1423/1423/1423 1367/1367/1367
f 1367/1367/1367 1423/1423/1423 1424/1424/1424
f 1367/1367/1367 1424/1424/1424 1368/1368/1368
f 1368/1368/1368 1424/1424/1424 1425/1425/1425
f 1369/1369/1369 1426/1426/1426 1370/1370/1370
f 1370/1370/1370 1426/1426/1426 1427/1427/1427
f 1370/1370/1370 1427/1427/1427 1371/1371/1371
f 1371/1371/1371 1427/1427/1427 1428/1428/1428
f 1371/1371/1371 1428/1428/1428 1372/1372/1372
f 1372/1372/1372 1428/1428/1428 1429/1429/1429
f 1372/1372/1372 1429/1429/1429 1373/1373/1373
f 1373/1373/1373 1429/1429/1429 1430/1430/1430
f 1373/1373/1373 1430/1430/1430 1374/1374/1374
f 1374/1374/1374 1430/1430/1430 1431/1431/1431
f 1374/1374/1374 1431/1431/1431 1375/1375/1375
f 1375/1375/1375 1431/1431/1431 1432/1432/1432
f 1375/1375/1375 1432/1432/1432 1376/1376/1376
f 1376/1376/1376 1432/1432/1432 1433/1433/1433
f 1376/1376/1376 1433/1433/1433 1377/1377/1377
f 1377/1377/1377 1433/1433/1433 1434/1434/1434
f 1377/1377/1377 1434/1434/1434 1378/1378/1378
f 1378/1378/1378 1434/1434/1434 1435/1435/1435
f 1378/1378/1378 1435/1435/1435 1379/1379/1379
f 1379/1379/1379 1435/1435/1435 1436/1436/1436
f 1379/1379/1379 1436/1436/1436 1380/1380/1380
f 1380/1380/1380 1436/1436/1436 1437/1437/1437
f 1380/1380/1380 1437/1437/1437 1381/1381/1381
f 1381/1381/1381 1437/1437/1437 1438/1438/1438
f 1381/1381/1381 1438/1438/1438 1382/1382/1382
f 1382/1382/1382 1438/1438/1438 1439/1439/1439
f 1382/1382/1382 1439/1439/1439 1383/1383/1383
f 1383/1383/1383 1439/1439/1439 1440/1440/1440
f 1383/1383/1383 1440/1440/1440 1384/1384/1384
f 1384/1384/1384 1440/1440/1440 1441/1441/1441
f 1384/1384/1384 1441/1441/1441 1385/1385/1385
f 1385/1385/1385 1441/1441/1441 1442/1442/1442
f 1385/1385/1385 1442/1442/1442 1386/1386/1386
f 1386/1386/1386 1442/1442/1442 1443/1443/1443
f 1386/1386/1386 1443/1443/1443 1387/1387/1387
f 1387/1387/1387 1443/1443/1443 1444/1444/1444
f 1387/1387/1387 1444/1444/1444 1388/1388/1388
f 1388/1388/1388 1444/1444/1444 1445/1445/1445
f 1388/1388/1388 1445/1445/1445 1389/1389/1389
f 1389/1389/1389 1445/1445/1445 1446/1446/1446
f 1389/1389/1389 1446/1446/1446 1390/1390/1390
f 1390/1390/1390 1446/1446/1446 1447/1447/1447
f 1390/1390/1390 1447/1447/1447 1391/1391/1391
f 1391/1391/1391 1447/1447/1447 1448/1448/1448
f 1391/1391/1391 1448/1448/1448 1392/1392/1392
f 1392/1392/1392 1448/1448/1448 1449/1449/1449
f 1392/1392/1392 1449/1449/1449 1393/1393/1393
f 1393/1393/1393 1449/1449/1449 1450/1450/1450
f 1393/1393/1393 1450/1450/1450 1394/1394/1394
f 1394/1394/1394 1450/1450/1450 1451/1451/1451
f 1394/1394/1394 1451/1451/1451 1395/1395/1395
f 1395/1395/1395 1451/1451/1451 1452/1452/1452
f 1395/1395/1395 1452/1452/1452 1396/1396/1396
f 1396/1396/1396 1452/1452/1452 1453/1453/1453
f 1396/1396/1396 1453/1453/1453 1397/1397/1397
f 1397/1397/1397 1453/1453/1453 1454/1454/1454
f 1397/1397/1397 1454/1454/1454 1398/1398/1398
f 1398/1398/1398 1454/1454/1454 1455/1455/1455
f 1398/1398/1398 1455/1455/1455 1399/1399/1399
f 1399/1399/1399 1455/1455/1455 1456/1456/1456
f 1399/1399/1399 1456/1456/1456 1400/1400/1400
f 1400/1400/1400 1456/1456/1456 1457/1457/1457
f 1400/1400/1400 1457/1457/1457 1401/1401/1401
f 1401/1401/1401 1457/1457/1457 1458/1458/1458
f 1401/1401/1401 1458/1458/1458 1402/1402/1402
f 1402/1402/1402 1458/1458/1458 1459/1459/1459
f 1402/1402/1402 1459/1459/1459 1403/1403/1403
f 1403/1403/1403 1459/1459/1459 1460/1460/1460
f 1403/1403/1403 1460/1460/1460 1404/1404/1404
f 1404/1404/1404 1460/1460/1460 1461/1461/1461
f 1404/1404/1404 1461/1461/1461 1405/1405/1405
f 1405/1405/1405 1461/1461/1461 1462/1462/1462
f 1405/1405/1405 1462/1462/1462 1406/1406/1406
f 1406/1406/1406 1462/1462/1462 1463/1463/1463
f 1406/1406/1406 1463/1463/1463 1407/1407/1407
f 1407/1407/1407 1463/1463/1463 1464/1464/1464
f 1407/1407/1407 1464/1464/1464 1408/1408/1408
f 1408/1408/1408 1464/1464/1464 1465/1465/1465
f 1408/1408/1408 1465/1465/1465 1409/1409/1409
f 1409/1409/1409 1465/1465/1465 1466/1466/1466
f 1409/1409/1409 1466/1466/1466 1410/1410/1410
f 1410/1410/1410 1466/1466/1466 1467/1467/1467
f 1410/1410/1410 1467/1467/1467 1411/1411/1411
f 1411/1411/1411 1467/1467/1467 1468/1468/1468
f 1411/1411/1411 1468/1468/1468 1412/1412/1412
f 1412/1412/1412 1468/1468/1468 1469/1469/1469
f 1412/1412/1412 1469/1469/1469 1413/1413/1413
f 1413/1413/1413 1469/1469/1469 1470/1470/1470
f 1413/1413/1413 1470/1470/1470 1414/1414/1414
f 1414/1414/1414 1470/1470/1470 1471/1471/1471
f 1414/1414/1414 1471/1471/1471 1415/1415/1415
f 1415/1415/1415 1471/1471/1471 1472/1472/1472
f 1415/1415/1415 1472/1472/1472 1416/1416/1416
f 1416/1416/1416 1472/1472/1472 1473/1473/1473
f 1416/1416/1416 1473/1473/1473 1417/1417/1417
f 1417/1417/1417 1473/1473/1473 1474/1474/1474
f 1417/1417/1417 1474/1474/1474 1418/1418/1418
f 1418/1418/1418 1474/1474/1474 1475/1475/1475
f 1418/1418/1418 1475/1475/1475 1419/1419/1419
f 1419/1419/1419 1475/1475/1475 1476/1476/1476
f 1419/1419/1419 1476/1476/1476 1420/1420/1420
f 1420/1420/1420 1476/1476/1476 1477/1477/1477
f 1420/1420/1420 1477/1477/1477 1421/1421/1421
f 1421/1421/1421 1477/1477/1477 1478/1478/1478
f 1421/1421/1421 1478/1478/1478 1422/1422/1422
f 1422/1422/1422 1478/1478/1478 1479/1479/1479
f 1422/1422/1422 1479/1479/1479 1423/1423/1423
f 1423/1423/1423 1479/1479/1479 1480/1480/1480
f 1423/1423/1423 1480/1480/1480 1424/1424/1424
f 1424/1424/1424 1480/1480/1480 1481/1481/1481
f 1424/1424/1424 1481/1481/1481 1425/1425/1425
f 1425/1425/1425 1481/1481/1481 1482/1482/1482
f 1426/1426/1426 1483/1483/1483 1427/1427/1427
f 1427/1427/1427 1483/1483/1483 1484/1484/1484
f 1427/1427/1427 1484/1484/1484 1428/1428/1428
f 1428/1428/1428 1484/1484/1484 1485/1485/1485
f 1428/1428/1428 1485/1485/1485 1429/1429/1429
f 1429/1429/1429 1485/1485/1485 1486/1486/1486
f 1429/1429/1429 1486/1486/1486 1430/1430/1430
f 1430/1430/1430 1486/1486/1486 1487/1487/1487
f 1430/1430/1430 1487/1487/1487 1431/1431/1431
f 1431/1431/1431 1487/1487/1487 1488/1488/1488
f 1431/1431/1431 1488/1488/1488 1432/1432/1432
f 1432/1432/1432 1488/1488/1488 1489/1489/1489
f 1432/1432/1432 1489/1489/1489 1433/1433/1433
f 1433/1433/1433 1489/1489/1489 1490/1490/1490
f 1433/1433/1433 1490/1490/1490 1434/1434/1434
f 1434/1434/1434 1490/1490/1490 1491/1491/1491
f 1434/1434/1434 1491/1491/1491 1435/1435/1435
f 1435/1435/1435 1491/1491/1491 1492/1492/1492
f 1435/1435/1435 1492/1492/1492 1436/1436/1436
f 1436/1436/1436 1492/1492/1492 1493/1493/1493
f 1436/1436/1436 1493/1493/1493 1437/1437/1437
f 1437/1437/1437 1493/1493/1493 1494/1494/1494
f 1437/1437/1437 1494/1494/1494 1438/1438/1438
f 1438/1438/1438 1494/1494/1494 1495/1495/1495
f 1438/1438/1438 1495/1495/1495 1439/1439/1439
f 1439/1439/1439 1495/1495/1495 1496/1496/1496
f 1439/1439/1439 1496/1496/1496 1440/1440/1440
f 1440/1440/1440 1496/1496/1496 1497/1497/1497
f 1440/1440/1440 1497/1497/1497 1441/1441/1441
f 1441/1441/1441 1497/1497/1497 1498/1498/1498
f 1441/1441/1441 1498/1498/1498 1442/1442/1442
f 1442/1442/1442 1498/1498/1498 1499/1499/1499
f 1442/1442/1442 1499/1499/1499 1443/1443/1443
f 1443/1443/1443 1499/1499/1499 1500/1500/1500
f 1443/1443/1443 1500/1500/1500 1444/1444/1444
f 1444/1444/1444 1500/1500/1500 1501/1501/1501
f 1444/1444/1444 1501/1501/1501 1445/1445/1445
f 1445/1445/1445 1501/1501/1501 1502/1502/1502
f 1445/1445/1445 1502/1502/1502 1446/1446/1446
f 1446/1446/1446 1502/1502/1502 1503/1503/1503
f 1446/1446/1446 1503/1503/1503 1447/1447/1447
f 1447/1447/1447 1503/1503/1503 1504/1504/1504
f 1447/1447/1447 1504/1504/1504 1448/1448/1448
f 1448/1448/1448 1504/1504/1504 1505/1505/1505
f 1448/1448/1448 1505/1505/1505 1449/1449/1449
f 1449/1449/1449 1505/1505/1505 1506/1506/1506
f 1449/1449/1449 1506/1506/1506 1450/1450/1450
f 1450/1450/1450 1506/1506/1506 1507/1507/1507
f 1450/1450/1450 1507/1507/1507 1451/1451/1451
f 1451/1451/1451 1507/1507/1507 1508/1508/1508
f 1451/1451/1451 1508/1508/1508 1452/1452/1452
f 1452/1452/1452 1508/1508/1508 1509/1509/1509
f 1452/1452/1452 1509/1509/1509 1453/1453/1453
f 1453/1453/1453 1509/1509/1509 1510/1510/1510
f 1453/1453/1453 1510/1510/1510 1454/1454/1454
f 1454/1454/1454 1510/1510/1510 1511/1511/1511
f 1454/1454/1454 1511/1511/1511 1455/1455/1455
f 1455/1455/1455 1511/1511/1511 1512/1512/1512
f 1455/1455/1455 1512/1512/1512 1456/1456/1456
f 1456/1456/1456 1512/1512/1512 1513/1513/1513
f 1456/1456/1456 1513/1513/1513 1457/1457/1457
f 1457/1457/1457 1513/1513/1513 1514/1514/1514
f 1457/1457/1457 1514/1514/1514 1458/1458/1458
f 1458/1458/1458 1514/1514/1514 1515/1515/1515
f 1458/1458/1458 1515/1515/1515 1459/1459/1459
f 1459/1459/1459 1515/1515/1515 1516/1516/1516
f 1459/1459/1459 1516/1516/1516 1460/1460/1460
f 1460/1460/1460 1516/1516/1516 1517/1517/1517
f 1460/1460/1460 1517/1517/1517 1461/1461/1461
f 1461/1461/1461 1517/1517/1517 1518/1518/1518
f 1461/1461/1461 1518/1518/1518 1462/1462/1462
f 1462/1462/1462 1518/1518/1518 1519/1519/1519
f 1462/1462/1462 1519/1519/1519 1463/1463/1463
f 1463/1463/1463 1519/1519/1519 1520/1520/1520
f 1463/1463/1463 1520/1520/1520 1464/1464/1464
f 1464/1464/1464 1520/1520/1520 1521/1521/1521
f 1464/1464/1464 1521/1521/1521 1465/1465/1465
f 1465/1465/1465 1521/1521/1521 1522/1522/1522
f 1465/1465/1465 1522/1522/1522 1466/1466/1466
f 1466/1466/1466 1522/1522/1522 1523/1523/1523
f 1466/1466/1466 1523/1523/1523 1467/1467/1467
f 1467/1467/1467 1523/1523/1523 1524/1524/1524
f 1467/1467/1467 1524/1524/1524 1468/1468/1468
f 1468/1468/1468 1524/1524/1524 1525/1525/1525
f 1468/1468/1468 1525/1525/1525 1469/1469/1469
f 1469/1469/1469 1525/1525/1525 1526/1526/1526
f 1469/1469/1469 1526/1526/1526 1470/1470/1470
f 1470/1470/1470 1526/1526/1526 1527/1527/1527
f 1470/1470/1470 1527/1527/1527 1471/1471/1471
f 1471/1471/1471 1527/1527/1527 1528/1528/1528
f 1471/1471/1471 1528/1528/1528 1472/1472/1472
f 1472/1472/1472 1528/1528/1528 1529/1529/1529
f 1472/1472/1472 1529/1529/1529 1473/1473/1473
f 1473/1473/1473 1529/1529/1529 1530/1530/1530
f 1473/1473/1473 1530/1530/1530 1474/1474/1474
f 1474/1474/1474 1530/1530/1530 1531/1531/1531
f 1474/1474/1474 1531/1531/1531 1475/1475/1475
f 1475/1475/1475 1531/1531/1531 1532/1532/1532
f 1475/1475/1475 1532/1532/1532 1476/1476/1476
f 1476/1476/1476 1532/1532/1532 1533/1533/1533
f 1476/1476/1476 1533/1533/1533 1477/1477/1477
f 1477/1477/1477 1533/1533/1533 1534/1534/1534
f 1477/1477/1477 1534/1534/1534 1478/1478/1478
f 1478/1478/1478 1534/1534/1534 1535/1535/1535
f 1478/1478/1478 1535/1535/1535 1479/1479/1479
f 1479/1479/1479 1535/1535/1535 1536/1536/1536
f 1479/1479/1479 1536/1536/1536 1480/1480/1480
f 1480/1480/1480 1536/1536/1536 1537/1537/1537
f 1480/1480/1480 1537/1537/1537 1481/1481/1481
f 1481/1481/1481 1537/1537/1537 1538/1538/1538
f 1481/1481/1481 1538/1538/1538 1482/1482/1482
f 1482/1482/1482 1538/1538/1538 1539/1539/1539
f 1483/1483/1483 1540/1540/1540 1484/1484/1484
f 1484/1484/1484 1540/1540/1540 1541/1541/1541
f 1484/1484/1484 1541/1541/1541 1485/1485/1485
f 1485/1485/1485 1541/1541/1541 1542/1542/1542
f 1485/1485/1485 1542/1542/1542 1486/1486/1486
f 1486/1486/1486 1542/1542/1542 1543/1543/1543
f 1486/1486/1486 1543/1543/1543 1487/1487/1487
f 1487/1487/1487 1543/1543/1543 1544/1544/1544
f 1487/1487/1487 1544/1544/1544 1488/1488/1488
f 1488/1488/1488 1544/1544/1544 1545/1545/1545
f 1488/1488/1488 1545/1545/1545 1489/1489/1489
f 1489/1489/1489 1545/1545/1545 1546/1546/1546
f 1489/1489/1489 1546/1546/1546 1490/1490/1490
f 1490/1490/1490 1546/1546/1546 1547/1547/1547
f 1490/1490/1490 1547/1547/1547 1491/1491/1491
f 1491/1491/1491 1547/1547/1547 1548/1548/1548
f 1491/1491/1491 1548/1548/1548 1492/1492/1492
f 1492/1492/1492 1548/1548/1548 1549/1549/1549
f 1492/1492/1492 1549/1549/1549 1493/1493/1493
f 1493/1493/1493 1549/1549/1549 1550/1550/1550
f 1493/1493/1493 1550/1550/1550 1494/1494/1494
f 1494/1494/1494 1550/1550/1550 1551/1551/1551
f 1494/1494/1494 1551/1551/1551 1495/1495/1495
f 1495/1495/1495 1551/1551/1551 1552/1552/1552
f 1495/1495/1495 1552/1552/1552 1496/1496/1496
f 1496/1496/1496 1552/1552/1552 1553/1553/1553
f 1496/1496/1496 1553/1553/1553 1497/1497/1497
f 1497/1497/1497 1553/1553/1553 1554/1554/1554
f 1497/1497/1497 1554/1554/1554 1498/1498/1498
f 1498/1498/1498 1554/1554/1554 1555/1555/1555
f 1498/1498/1498 1555/1555/1555 1499/1499/1499
f 1499/1499/1499 1555/1555/1555 1556/1556/1556
f 1499/1499/1499 1556/1556/1556 1500/1500/1500
f 1500/1500/1500 1556/1556/1556 1557/1557/1557
f 1500/1500/1500 1557/1557/1557 1501/1501/1501
f 1501/1501/1501 1557/1557/1557 1558/1558/1558
f 1501/1501/1501 1558/1558/1558 1502/1502/1502
f 1502/1502/1502 1558/1558/1558 1559/1559/1559
f 1502/1502/1502 1559/1559/1559 1503/1503/1503
f 1503/1503/1503 1559/1559/1559 1560/1560/1560
f 1503/1503/1503 1560/1560/1560 1504/1504/1504
f 1504/1504/1504 1560/1560/1560 1561/1561/1561
f 1504/1504/1504 1561/1561/1561 1505/1505/1505
f 1505/1505/1505 1561/1561/1561 1562/1562/1562
f 1505/1505/1505 1562/1562/1562 1506/1506/1506
f 1506/1506/1506 1562/1562/1562 1563/1563/1563
f 1506/1506/1506 1563/1563/1563 1507/1507/1507
f 1507/1507/1507 1563/1563/1563 1564/1564/1564
f 1507/1507/1507 1564/1564/1564 1508/1508/1508
f 1508/1508/1508 1564/1564/1564 1565/1565/1565
f 1508/1508/1508 1565/1565/1565 1509/1509/1509
f 1509/1509/1509 1565/1565/1565 1566/1566/1566
f 1509/1509/1509 1566/1566/1566 1510/1510/1510
f 1510/1510/1510 1566/1566/1566 1567/1567/1567
f 1510/1510/1510 1567/1567/1567 1511/1511/1511
f 1511/1511/1511 1567/1567/1567 1568/1568/1568
f 1511/1511/1511 1568/1568/1568 1512/1512/1512
f 1512/1512/1512 1568/1568/1568 1569/1569/1569
f 1512/1512/1512 1569/1569/1569 1513/1513/1513
f 1513/1513/1513 1569/1569/1569 1570/1570/1570
f 1513/1513/1513 1570/1570/1570 1514/1514/1514
f 1514/1514/1514 1570/1570/1570 1571/1571/1571
f 1514/1514/1514 1571/1571/1571 1515/1515/1515
f 1515/1515/1515 1571/1571/1571 1572/1572/1572
f 1515/1515/1515 1572/1572/1572 1516/1516/1516
f 1516/1516/1516 1572/1572/1572 1573/1573/1573
f 1516/1516/1516 1573/1573/1573 1517/1517/1517
f 1517/1517/1517 1573/1573/1573 1574/1574/1574
f 1517/1517/1517 1574/1574/1574 1518/1518/1518
f 1518/1518/1518 1574/1574/1574 1575/1575/1575
f 1518/1518/1518 1575/1575/1575 1519/1519/1519
f 1519/1519/1519 1575/1575/1575 1576/1576/1576
f 1519/1519/1519 1576/1576/1576 1520/1520/1520
f 1520/1520/1520 1576/1576/1576 1577/1577/1577
f 1520/1520/1520 1577/1577/1577 1521/1521/1521
f 1521/1521/1521 1577/1577/1577 1578/1578/1578
f 1521/1521/1521 1578/1578/1578 1522/1522/1522
f 1522/1522/1522 1578/1578/1578 1579/1579/1579
f 1522/1522/1522 1579/1579/1579 1523/1523/1523
f 1523/1523/1523 1579/1579/1579 1580/1580/1580
f 1523/1523/1523 1580/1580/1580 1524/1524/1524
f 1524/1524/1524 1580/1580/1580 1581/1581/1581
f 1524/1524/1524 1581/1581/1581 1525/1525/1525
f 1525/1525/1525 1581/1581/1581 1582/1582/1582
f 1525/1525/1525 1582/1582/1582 1526/1526/1526
f 1526/1526/1526 1582/1582/1582 1583/1583/1583
f 1526/1526/1526 1583/1583/1583 1527/1527/1527
f 1527/1527/1527 1583/1583/1583 1584/1584/1584
f 1527/1527/1527 1584/1584/1584 1528/1528/1528
f 1528/1528/1528 1584/1584/1584 1585/1585/1585
f 1528/1528/1528 1585/1585/1585 1529/1529/1529
f 1529/1529/1529 1585/1585/1585 1586/1586/1586
f 1529/1529/1529 1586/1586/1586 1530/1530/1530
f 1530/1530/1530 1586/1586/1586 1587/1587/1587
f 1530/1530/1530 1587/1587/1587 1531/1531/1531
f 1531/1531/1531 1587/1587/1587 1588/1588/1588
f 1531/1531/1531 1588/1588/1588 1532/1532/1532
f 1532/1532/1532 1588/1588/1588 1589/1589/1589
f 1532/1532/1532 1589/1589/1589 1533/1533/1533
f 1533/1533/1533 1589/1589/1589 1590/1590/1590
f 1533/1533/1533 1590/1590/1590 1534/1534/1534
f 1534/1534/1534 1590/1590/1590 1591/1591/1591
f 1534/1534/1534 1591/1591/1591 1535/1535/1535
f 1535/1535/1535 1591/1591/1591 1592/1592/1592
f 1535/1535/1535 1592/1592/1592 1536/1536/1536
f 1536/1536/1536 1592/1592/1592 1593/1593/1593
f 1536/1536/1536 1593/1593/1593 1537/1537/1537
f 1537/1537/1537 1593/1593/1593 1594/1594/1594
f 1537/1537/1537 1594/1594/1594 1538/1538/1538
f 1538/1538/1538 1594/1594/1594 1595/1595/1595
f 1538/1538/1538 1595/1595/1595 1539/1539/1539
f 1539/1539/1539 1595/1595/1595 1596/1596/1596
f 1540/1540/1540 1597/1597/1597 1541/1541/1541
f 1541/1541/1541 1597/1597/1597 1598/1598/1598
f 1541/1541/1541 1598/1598/1598 1542/1542/1542
f 1542/1542/1542 1598/1598/1598 1599/1599/1599
f 1542/1542/1542 1599/1599/1599 1543/1543/1543
f 1543/1543/1543 1599/1599/1599 1600/1600/1600
f 1543/1543/1543 1600/1600/1600 1544/1544/1544
f 1544/1544/1544 1600/1600/1600 1601/1601/1601
f 1544/1544/1544 1601/1601/1601 1545/1545/1545
f 1545/1545/1545 1601/1601/1601 1602/1602/1602
f 1545/1545/1545 1602/1602/1602 1546/1546/1546
f 1546/1546/1546 1602/1602/1602 1603/1603/1603
f 1546/1546/1546 1603/1603/1603 1547/1547/1547
f 1547/1547/1547 1603/1603/1603 1604/1604/1604
f 1547/1547/1547 1604/1604/1604 1548/1548/1548
f 1548/1548/1548 1604/1604/1604 1605/1605/1605
f 1548/1548/1548 1605/1605/1605 1549/1549/1549
f 1549/1549/1549 1605/1605/1605 1606/1606/1606
f 1549/1549/1549 1606/1606/1606 1550/1550/1550
f 1550/1550/1550 1606/1606/1606 1607/1607/1607
f 1550/1550/1550 1607/1607/1607 1551/1551/1551
f 1551/1551/1551 1607/1607/1607 1608/1608/1608
f 1551/1551/1551 1608/1608/1608 1552/1552/1552
f 1552/1552/1552 1608/1608/1608 1609/1609/1609
f 1552/1552/1552 1609/1609/1609 1553/1553/1553
f 1553/1553/1553 1609/1609/1609 1610/1610/1610
f 1553/1553/1553 1610/1610/1610 1554/1554/1554
f 1554/1554/1554 1610/1610/1610 1611/1611/1611
f 1554/1554/1554 1611/1611/1611 1555/1555/1555
f 1555/1555/1555 1611/1611/1611 1612/1612/1612
f 1555/1555/1555 1612/1612/1612 1556/1556/1556
f 1556/1556/1556 1612/1612/1612 1613/1613/1613
f 1556/1556/1556 1613/1613/1613 1557/1557/1557
f 1557/1557/1557 1613/1613/1613 1614/1614/1614
f 1557/1557/1557 1614/1614/1614 1558/1558/1558
f 1558/1558/1558 1614/1614/1614 1615/1615/1615
f 1558/1558/1558 1615/1615/1615 1559/1559/1559
f 1559/1559/1559 1615/1615/1615 1616/1616/1616
f 1559/1559/1559 1616/1616/1616 1560/1560/1560
f 1560/1560/1560 1616/1616/1616 1617/1617/1617
f 1560/1560/1560 1617/1617/1617 1561/1561/1561
f 1561/1561/1561 1617/1617/1617 1618/1618/1618
f 1561/1561/1561 1618/1618/1618 1562/1562/1562
f 1562/1562/1562 1618/1618/1618 1619/1619/1619
f 1562/1562/1562 1619/1619/1619 1563/1563/1563
f 1563/1563/1563 1619/1619/1619 1620/1620/1620
f 1563/1563/1563 1620/1620/1620 1564/1564/1564
f 1564/1564/1564 1620/1620/1620 1621/1621/1621
f 1564/1564/1564 1621/1621/1621 1565/1565/1565
f 1565/1565/1565 1621/1621/1621 1622/1622/1622
f 1565/1565/1565 1622/1622/1622 1566/1566/1566
f 1566/1566/1566 1622/1622/1622 1623/1623/1623
f 1566/1566/1566 1623/1623/1623 1567/1567/1567
f 1567/1567/1567 1623/1623/1623 1624/1624/1624
f 1567/1567/1567 1624/1624/1624 1568/1568/1568
f 1568/1568/1568 1624/1624/1624 1625/1625/1625
f 1568/1568/1568 1625/1625/1625 1569/1569/1569
f 1569/1569/1569 1625/1625/1625 1626/1626/1626
f 1569/1569/1569 1626/1626/1626 1570/1570/1570
f 1570/1570/1570 1626/1626/1626 1627/1627/1627
f 1570/1570/1570 1627/1627/1627 1571/1571/1571
f 1571/1571/1571 1627/1627/1627 1628/1628/1628
f 1571/1571/1571 1628/1628/1628 1572/1572/1572
f 1572/1572/1572 1628/1628/1628 1629/1629/1629
f 1572/1572/1572 1629/1629/1629 1573/1573/1573
f 1573/1573/1573 1629/1629/1629 1630/1630/1630
f 1573/1573/1573 1630/1630/1630 1574/1574/1574
f 1574/1574/1574 1630/1630/1630 1631/1631/1631
f 1574/1574/1574 1631/1631/1631 1575/1575/1575
f 1575/1575/1575 1631/1631/1631 1632/1632/1632
f 1575/1575/1575 1632/1632/1632 1576/1576/1576
f 1576/1576/1576 1632/1632/1632 1633/1633/1633
f 1576/1576/1576 1633/1633/1633 1577/1577/1577
f 1577/1577/1577 1633/1633/1633 1634/1634/1634
f 1577/1577/1577 1634/1634/1634 1578/1578/1578
f 1578/1578/1578 1634/1634/1634 1635/1635/1635
f 1578/1578/1578 1635/1635/1635 1579/1579/1579
f 1579/1579/1579 1635/1635/1635 1636/1636/1636
f 1579/1579/1579 1636/1636/1636 1580/1580/1580
f 1580/1580/1580 1636/1636/1636 1637/1637/1637
f 1580/1580/1580 1637/1637/1637 1581/1581/1581
f 1581/1581/1581 1637/1637/1637 1638/1638/1638
f 1581/1581/1581 1638/1638/1638 1582/1582/1582
f 1582/1582/1582 1638/1638/1638 1639/1639/1639
f 1582/1582/1582 1639/1639/1639 1583/1583/1583
f 1583/1583/1583 1639/1639/1639 1640/1640/1640
f 1583/1583/1583 1640/1640/1640 1584/1584/1584
f 1584/1584/1584 1640/1640/1640 1641/1641/1641
f 1584/1584/1584 1641/1641/1641 1585/1585/1585
f 1585/1585/1585 1641/1641/1641 1642/1642/1642
f 1585/1585/1585 1642/1642/1642 1586/1586/1586
f 1586/1586/1586 1642/1642/1642 1643/1643/1643
f 1586/1586/1586 1643/1643/1643 1587/1587/1587
f 1587/1587/1587 1643/1643/1643 1644/1644/1644
f 1587/1587/1587 1644/1644/1644 1588/1588/1588
f 1588/1588/1588 1644/1644/1644 1645/1645/1645
f 1588/1588/1588 1645/1645/1645 1589/1589/1589
f 1589/1589/1589 1645/1645/1645 1646/1646/1646
f 1589/1589/1589 1646/1646/1646 1590/1590/1590
f 1590/1590/1590 1646/1646/1646 1647/1647/1647
f 1590/1590/1590 1647/1647/1647 1591/1591/1591
f 1591/1591/1591 1647/1647/1647 1648/1648/1648
f 1591/1591/1591 1648/1648/1648 1592/1592/1592
f 1592/1592/1592 1648/1648/1648 1649/1649/1649
f 1592/1592/1592 1649/1649/1649 1593/1593/1593
f 1593/1593/1593 1649/1649/1649 1650/1650/1650
f 1593/1593/1593 1650/1650/1650 1594/1594/1594
f 1594/1594/1594 1650/1650/1650 1651/1651/1651
f 1594/1594/1594 1651/1651/1651 1595/1595/1595
f 1595/1595/1595 1651/1651/1651 1652/1652/1652
f 1595/1595/1595 1652/1652/1652 1596/1596/1596
f 1596/1596/1596 1652/1652/1652 1653/1653/1653
f 1597/1597/1597 1654/1654/1654 1598/1598/1598
f 1598/1598/1598 1654/1654/1654 1655/1655/1655
f 1598/1598/1598 1655/1655/1655 1599/1599/1599
f 1599/1599/1599 1655/1655/1655 1656/1656/1656
f 1599/1599/1599 1656/1656/1656 1600/1600/1600
f 1600/1600/1600 1656/1656/1656 1657/1657/1657
f 1600/1600/1600 1657/1657/1657 1601/1601/1601
f 1601/1601/1601 1657/1657/1657 1658/1658/1658
f 1601/1601/1601 1658/1658/1658 1602/1602/1602
f 1602/1602/1602 1658/1658/1658 1659/1659/1659
f 1602/1602/1602 1659/1659/1659 1603/1603/1603
f 1603/1603/1603 1659/1659/1659 1660/1660/1660
f 1603/1603/1603 1660/1660/1660 1604/1604/1604
f 1604/1604/1604 1660/1660/1660 1661/1661/1661
f 1604/1604/1604 1661/1661/1661 1605/1605/1605
f 1605/1605/1605 1661/1661/1661 1662/1662/1662
f 1605/1605/1605 1662/1662/1662 1606/1606/1606
f 1606/1606/1606 1662/1662/1662 1663/1663/1663
f 1606/1606/1606 1663/1663/1663 1607/1607/1607
f 1607/1607/1607 1663/1663/1663 1664/1664/1664
f 1607/1607/1607 1664/1664/1664 1608/1608/1608
f 1608/1608/1608 1664/1664/1664 1665/1665/1665
f 1608/1608/1608 1665/1665/1665 1609/1609/1609
f 1609/1609/1609 1665/1665/1665 1666/1666/1666
f 1609/1609/1609 1666/1666/1666 1610/1610/1610
f 1610/1610/1610 1666/1666/1666 1667/1667/1667
f 1610/1610/1610 1667/1667/1667 1611/1611/1611
f 1611/1611/1611 1667/1667/1667 1668/1668/1668
f 1611/1611/1611 1668/1668/1668 1612/1612/1612
f 1612/1612/1612 1668/1668/1668 1669/1669/1669
f 1612/1612/1612 1669/1669/1669 1613/1613/1613
f 1613/1613/1613 1669/1669/1669 1670/1670/1670
f 1613/1613/1613 1670/1670/1670 1614/1614/1614
f 1614/1614/1614 1670/1670/1670 1671/1671/1671
f 1614/1614/1614 1671/1671/1671 1615/1615/1615
f 1615/1615/1615 1671/1671/1671 1672/1672/1672
f 1615/1615/1615 1672/1672/1672 1616/1616/1616
f 1616/1616/1616 1672/1672/1672 1673/1673/1673
f 1616/1616/1616 1673/1673/1673 1617/1617/1617
f 1617/1617/1617 1673/1673/1673 1674/1674/1674
f 1617/1617/1617 1674/1674/1674 1618/1618/1618
f 1618/1618/1618 1674/1674/1674 1675/1675/1675
f 1618/1618/1618 1675/1675/1675 1619/1619/1619
f 1619/1619/1619 1675/1675/1675 1676/1676/1676
f 1619/1619/1619 1676/1676/1676 1620/1620/1620
f 1620/1620/1620 1676/1676/1676 1677/1677/1677
f 1620/1620/1620 1677/1677/1677 1621/1621/1621
f 1621/1621/1621 1677/1677/1677 1678/1678/1678
f 1621/1621/1621 1678/1678/1678 1622/1622/1622
f 1622/1622/1622 1678/1678/1678 1679/1679/1679
f 1622/1622/1622 1679/1679/1679 1623/1623/1623
f 1623/1623/1623 1679/1679/1679 1680/1680/1680
f 1623/1623/1623 1680/1680/1680 1624/1624/1624
f 1624/1624/1624 1680/1680/1680 1681/1681/1681
f 1624/1624/1624 1681/1681/1681 1625/1625/1625
f 1625/1625/1625 1681/1681/1681 1682/1682/1682
f 1625/1625/1625 1682/1682/1682 1626/1626/1626
f 1626/1626/1626 1682/1682/1682 1683/1683/1683
f 1626/1626/1626 1683/1683/1683 1627/1627/1627
f 1627/1627/1627 1683/1683/1683 1684/1684/1684
f 1627/1627/1627 1684/1684/1684 1628/1628/1628
f 1628/1628/1628 1684/1684/1684 1685/1685/1685
f 1628/1628/1628 1685/1685/1685 1629/1629/1629
f 1629/1629/1629 1685/1685/1685 1686/1686/1686
f 1629/1629/1629 1686/1686/1686 1630/1630/1630
f 1630/1630/1630 1686/1686/1686 1687/1687/1687
f 1630/1630/1630 1687/1687/1687 1631/1631/1631
f 1631/1631/1631 1687/1687/1687 1688/1688/1688
f 1631/1631/1631 1688/1688/1688 1632/1632/1632
f 1632/1632/1632 1688/1688/1688 1689/1689/1689
f 1632/1632/1632 1689/1689/1689 1633/1633/1633
f 1633/1633/1633 1689/1689/1689 1690/1690/1690
f 1633/1633/1633 1690/1690/1690 1634/1634/1634
f 1634/1634/1634 1690/1690/1690 1691/1691/1691
f 1634/1634/1634 1691/1691/1691 1635/1635/1635
f 1635/1635/1635 1691/1691/1691 1692/1692/1692
f 1635/1635/1635 1692/1692/1692 1636/1636/1636
f 1636/1636/1636 1692/1692/1692 1693/1693/1693
f 1636/1636/1636 1693/1693/1693 1637/1637/1637
f 1637/1637/1637 1693/1693/1693 1694/1694/1694
f 1637/1637/1637 1694/1694/1694 1638/1638/1638
f 1638/1638/1638 1694/1694/1694 1695/1695/1695
f 1638/1638/1638 1695/1695/1695 1639/1639/1639
f 1639/1639/1639 1695/1695/1695 1696/1696/1696
f 1639/1639/1639 1696/1696/1696 1640/1640/1640
f 1640/1640/1640 1696/1696/1696 1697/1697/1697
f 1640/1640/1640 1697/1697/1697 1641/1641/1641
f 1641/1641/1641 1697/1697/1697 1698/1698/1698
f 1641/1641/1641 1698/1698/1698 1642/1642/1642
f 1642/1642/1642 1698/1698/1698 1699/1699/1699
f 1642/1642/1642 1699/1699/1699 1643/1643/1643
f 1643/1643/1643 1699/1699/1699 1700/1700/1700
f 1643/1643/1643 1700/1700/1700 1644/1644/1644
f 1644/1644/1644 1700/1700/1700 1701/1701/1701
f 1644/1644/1644 1701/1701/1701 1645/1645/1645
f 1645/1645/1645 1701/1701/1701 1702/1702/1702
f 1645/1645/1645 1702/1702/1702 1646/1646/1646
f 1646/1646/1646 1702/1702/1702 1703/1703/1703
f 1646/1646/1646 1703/1703/1703 1647/1647/1647
f 1647/1647/1647 1703/1703/1703 1704/1704/1704
f 1647/1647/1647 1704/1704/1704 1648/1648/1648
f 1648/1648/1648 1704/1704/1704 1705/1705/1705
f 1648/1648/1648 1705/1705/1705 1649/1649/1649
f 1649/1649/1649 1705/1705/1705 1706/1706/1706
f 1649/1649/1649 1706/1706/1706 1650/1650/1650
f 1650/1650/1650 1706/1706/1706 1707/1707/1707
f 1650/1650/1650 1707/1707/1707 1651/1651/1651
f 1651/1651/1651 1707/1707/1707 1708/1708/1708
f 1651/1651/1651 1708/1708/1708 1652/1652/1652
f 1652/1652/1652 1708/1708/1708 1709/1709/1709
f 1652/1652/1652 1709/1709/1709 1653/1653/1653
f 1653/1653/1653 1709/1709/1709 1710/1710/1710
f 1654/1654/1654 1711/1711/1711 1655/1655/1655
f 1655/1655/1655 1711/1711/1711 1712/1712/1712
f 1655/1655/1655 1712/1712/1712 1656/1656/1656
f 1656/1656/1656 1712/1712/1712 1713/1713/1713
f 1656/1656/1656 1713/1713/1713 1657/1657/1657
f 1657/1657/1657 1713/1713/1713 1714/1714/1714
f 1657/1657/1657 1714/1714/1714 1658/1658/1658
f 1658/1658/1658 1714/1714/1714 1715/1715/1715
f 1658/1658/1658 1715/1715/1715 1659/1659/1659
f 1659/1659/1659 1715/1715/1715 1716/1716/1716
f 1659/1659/1659 1716/1716/1716 1660/1660/1660
f 1660/1660/1660 1716/1716/1716 1717/1717/1717
f 1660/1660/1660 1717/1717/1717 1661/1661/1661
f 1661/1661/1661 1717/1717/1717 1718/1718/1718
f 1661/1661/1661 1718/1718/1718 1662/1662/1662
f 1662/1662/1662 1718/1718/1718 1719/1719/1719
f 1662/1662/1662 1719/1719/1719 1663/1663/1663
f 1663/1663/1663 1719/1719/1719 1720/1720/1720
f 1663/1663/1663 1720/1720/1720 1664/1664/1664
f 1664/1664/1664 1720/1720/1720 1721/1721/1721
f 1664/1664/1664 1721/1721/1721 1665/1665/1665
f 1665/1665/1665 1721/1721/1721 1722/1722/1722
f 1665/1665/1665 1722/1722/1722 1666/1666/1666
f 1666/1666/1666 1722/1722/1722 1723/1723/1723
f 1666/1666/1666 1723/1723/1723 1667/1667/1667
f 1667/1667/1667 1723/1723/1723 1724/1724/1724
f 1667/1667/1667 1724/1724/1724 1668/1668/1668
f 1668/1668/1668 1724/1724/1724 1725/1725/1725
f 1668/1668/1668 1725/1725/1725 1669/1669/1669
f 1669/1669/1669 1725/1725/1725 1726/1726/1726
f 1669/1669/1669 1726/1726/1726 1670/1670/1670
f 1670/1670/1670 1726/1726/1726 1727/1727/1727
f 1670/1670/1670 1727/1727/1727 1671/1671/1671
f 1671/1671/1671 1727/1727/1727 1728/1728/1728
f 1671/1671/1671 1728/1728/1728 1672/1672/1672
f 1672/1672/1672 1728/1728/1728 1729/1729/1729
f 1672/1672/1672 1729/1729/1729 1673/1673/1673
f 1673/1673/1673 1729/1729/1729 1730/1730/1730
f 1673/1673/1673 1730/1730/1730 1674/1674/1674
f 1674/1674/1674 1730/1730/1730 1731/1731/1731
f 1674/1674/1674 1731/1731/1731 1675/1675/1675
f 1675/1675/1675 1731/1731/1731 1732/1732/1732
f 1675/1675/1675 1732/1732/1732 1676/1676/1676
f 1676/1676/1676 1732/1732/1732 1733/1733/1733
f 1676/1676/1676 1733/1733/1733 1677/1677/1677
f 1677/1677/1677 1733/1733/1733 1734/1734/1734
f 1677/1677/1677 1734/1734/1734 1678/1678/1678
f 1678/1678/1678 1734/1734/1734 1735/1735/1735
f 1678/1678/1678 1735/1735/1735 1679/1679/1679
f 1679/1679/1679 1735/1735/1735 1736/1736/1736
f 1679/1679/1679 1736/1736/1736 1680/1680/1680
f 1680/1680/1680 1736/1736/1736 1737/1737/1737
f 1680/1680/1680 1737/1737/1737 1681/1681/1681
f 1681/1681/1681 1737/1737/1737 1738/1738/1738
f 1681/1681/1681 1738/1738/1738 1682/1682/1682
f 1682/1682/1682 1738/1738/1738 1739/1739/1739
f 1682/1682/1682 1739/1739/1739 1683/1683/1683
f 1683/1683/1683 1739/1739/1739 1740/1740/1740
f 1683/1683/1683 1740/1740/1740 1684/1684/1684
f 1684/1684/1684 1740/1740/1740 1741/1741/1741
f 1684/1684/1684 1741/1741/1741 1685/1685/1685
f 1685/1685/1685 1741/1741/1741 1742/1742/1742
f 1685/1685/1685 1742/1742/1742 1686/1686/1686
f 1686/1686/1686 1742/1742/1742 1743/1743/1743
f 1686/1686/1686 1743/1743/1743 1687/1687/1687
f 1687/1687/1687 1743/1743/1743 1744/1744/1744
f 1687/1687/1687 1744/1744/1744 1688/1688/1688
f 1688/1688/1688 1744/1744/1744 1745/1745/1745
f 1688/1688/1688 1745/1745/1745 1689/1689/1689
f 1689/1689/1689 1745/1745/1745 1746/1746/1746
f 1689/1689/1689 1746/1746/1746 1690/1690/1690
f 1690/1690/1690 1746/1746/1746 1747/1747/1747
f 1690/1690/1690 1747/1747/1747 1691/1691/1691
f 1691/1691/1691 1747/1747/1747 1748/1748/1748
f 1691/1691/1691 1748/1748/1748 1692/1692/1692
f 1692/1692/1692 1748/1748/1748 1749/1749/1749
f 1692/1692/1692 1749/1749/1749 1693/1693/1693
f 1693/1693/1693 1749/1749/1749 1750/1750/1750
f 1693/1693/1693 1750/1750/1750 1694/1694/1694
f 1694/1694/1694 1750/1750/1750 1751/1751/1751
f 1694/1694/1694 1751/1751/1751 1695/1695/1695
f 1695/1695/1695 1751/1751/1751 1752/1752/1752
f 1695/1695/1695 1752/1752/1752 1696/1696/1696
f 1696/1696/1696 1752/1752/1752 1753/1753/1753
f 1696/1696/1696 1753/1753/1753 1697/1697/1697
f 1697/1697/1697 1753/1753/1753 1754/1754/1754
f 1697/1697/1697 1754/1754/1754 1698/1698/1698
f 1698/1698/1698 1754/1754/1754 1755/1755/1755
f 1698/1698/1698 1755/1755/1755 1699/1699/1699
f 1699/1699/1699 1755/1755/1755 1756/1756/1756
f 1699/1699/1699 1756/1756/1756 1700/1700/1700
f 1700/1700/1700 1756/1756/1756 1757/1757/1757
f 1700/1700/1700 1757/1757/1757 1701/1701/1701
f 1701/1701/1701 1757/1757/1757 1758/1758/1758
f 1701/1701/1701 1758/1758/1758 1702/1702/1702
f 1702/1702/1702 1758/1758/1758 1759/1759/1759
f 1702/1702/1702 1759/1759/1759 1703/1703/1703
f 1703/1703/1703 1759/1759/1759 1760/1760/1760
f 1703/1703/1703 1760/1760/1760 1704/1704/1704
f 1704/1704/1704 1760/1760/1760 1761/1761/1761
f 1704/1704/1704 1761/1761/1761 1705/1705/1705
f 1705/1705/1705 1761/1761/1761 1762/1762/1762
f 1705/1705/1705 1762/1762/1762 1706/1706/1706
f 1706/1706/1706 1762/1762/1762 1763/1763/1763
f 1706/1706/1706 1763/1763/1763 1707/1707/1707
f 1707/1707/1707 1763/1763/1763 1764/1764/1764
f 1707/1707/1707 1764/1764/1764 1708/1708/1708
f 1708/1708/1708 1764/1764/1764 1765/1765/1765
f 1708/1708/1708 1765/1765/1765 1709/1709/1709
f 1709/1709/1709 1765/1765/1765 1766/1766/1766
f 1709/1709/1709 1766/1766/1766 1710/1710/1710
f 1710/1710/1710 1766/1766/1766 1767/1767/1767
f 1711/1711/1711 1768/1768/1768 1712/1712/1712
f 1712/1712/1712 1768/1768/1768 1769/1769/1769
f 1712/1712/1712 1769/1769/1769 1713/1713/1713
f 1713/1713/1713 1769/1769/1769 1770/1770/1770
f 1713/1713/1713 1770/1770/1770 1714/1714/1714
f 1714/1714/1714 1770/1770/1770 1771/1771/1771
f 1714/1714/1714 1771/1771/1771 1715/1715/1715
f 1715/1715/1715 1771/1771/1771 1772/1772/1772
f 1715/1715/1715 1772/1772/1772 1716/1716/1716
f 1716/1716/1716 1772/1772/1772 1773/1773/1773
f 1716/1716/1716 1773/1773/1773 1717/1717/1717
f 1717/1717/1717 1773/1773/1773 1774/1774/1774
f 1717/1717/1717 1774/1774/1774 1718/1718/1718
f 1718/1718/1718 1774/1774/1774 1775/1775/1775
f 1718/1718/1718 1775/1775/1775 1719/1719/1719
f 1719/1719/1719 1775/1775/1775 1776/1776/1776
f 1719/1719/1719 1776/1776/1776 1720/1720/1720
f 1720/1720/1720 1776/1776/1776 1777/1777/1777
f 1720/1720/1720 1777/1777/1777 1721/1721/1721
f 1721/1721/1721 1777/1777/1777 1778/1778/1778
f 1721/1721/1721 1778/1778/1778 1722/1722/1722
f 1722/1722/1722 1778/1778/1778 1779/1779/1779
f 1722/1722/1722 1779/1779/1779 1723/1723/1723
f 1723/1723/1723 1779/1779/1779 1780/1780/1780
f 1723/1723/1723 1780/1780/1780 1724/1724/1724
f 1724/1724/1724 1780/1780/1780 1781/1781/1781
f 1724/1724/1724 1781/1781/1781 1725/1725/1725
f 1725/1725/1725 1781/1781/1781 1782/1782/1782
f 1725/1725/1725 1782/1782/1782 1726/1726/1726
f 1726/1726/1726 1782/1782/1782 1783/1783/1783
f 1726/1726/1726 1783/1783/1783 1727/1727/1727
f 1727/1727/1727 1783/1783/1783 1784/1784/1784
f 1727/1727/1727 1784/1784/1784 1728/1728/1728
f 1728/1728/1728 1784/1784/1784 1785/1785/1785
f 1728/1728/1728 1785/1785/1785 1729/1729/1729
f 1729/1729/1729 1785/1785/1785 1786/1786/1786
f 1729/1729/1729 1786/1786/1786 1730/1730/1730
f 1730/1730/1730 1786/1786/1786 1787/1787/1787
f 1730/1730/1730 1787/1787/1787 1731/1731/1731
f 1731/1731/1731 1787/1787/1787 1788/1788/1788
f 1731/1731/1731 1788/1788/1788 1732/1732/1732
f 1732/1732/1732 1788/1788/1788 1789/1789/1789
f 1732/1732/1732 1789/1789/1789 1733/1733/1733
f 1733/1733/1733 1789/1789/1789 1790/1790/1790
f 1733/1733/1733 1790/1790/1790 1734/1734/1734
f 1734/1734/1734 1790/1790/1790 1791/1791/1791
f 1734/1734/1734 1791/1791/1791 1735/1735/1735
f 1735/1735/1735 1791/1791/1791 1792/1792/1792
f 1735/1735/1735 1792/1792/1792 1736/1736/1736
f 1736/1736/1736 1792/1792/1792 1793/1793/1793
f 1736/1736/1736 1793/1793/1793 1737/1737/1737
f 1737/1737/1737 1793/1793/1793 1794/1794/1794
f 1737/1737/1737 1794/1794/1794 1738/1738/1738
f 1738/1738/1738 1794/1794/1794 1795/1795/1795
f 1738/1738/1738 1795/1795/1795 1739/1739/1739
f 1739/1739/1739 1795/1795/1795 1796/1796/1796
f 1739/1739/1739 1796/1796/1796 1740/1740/1740
f 1740/1740/1740 1796/1796/1796 1797/1797/1797
f 1740/1740/1740 1797/1797/1797 1741/1741/1741
f 1741/1741/1741 1797/1797/1797 1798/1798/1798
f 1741/1741/1741 1798/1798/1798 1742/1742/1742
f 1742/1742/1742 1798/1798/1798 1799/1799/1799
f 1742/1742/1742 1799/1799/1799 1743/1743/1743
f 1743/1743/1743 1799/1799/1799 1800/1800/1800
f 1743/1743/1743 1800/1800/1800 1744/1744/1744
f 1744/1744/1744 1800/1800/1800 1801/1801/1801
f 1744/1744/1744 1801/1801/1801 1745/1745/1745
f 1745/1745/1745 1801/1801/1801 1802/1802/1802
f 1745/1745/1745 1802/1802/1802 1746/1746/1746
f 1746/1746/1746 1802/1802/1802 1803/1803/1803
f 1746/1746/1746 1803/1803/1803 1747/1747/1747
f 1747/1747/1747 1803/1803/1803 1804/1804/1804
f 1747/1747/1747 1804/1804/1804 1748/1748/1748
f 1748/1748/1748 1804/1804/1804 1805/1805/1805
f 1748/1748/1748 1805/1805/1805 1749/1749/1749
f 1749/1749/1749 1805/1805/1805 1806/1806/1806
f 1749/1749/1749 1806/1806/1806 1750/1750/1750
f 1750/1750/1750 1806/1806/1806 1807/1807/1807
f 1750/1750/1750 1807/1807/1807 1751/1751/1751
f 1751/1751/1751 1807/1807/1807 1808/1808/1808
f 1751/1751/1751 1808/1808/1808 1752/1752/1752
f 1752/1752/1752 1808/1808/1808 1809/1809/1809
f 1752/1752/1752 1809/1809/1809 1753/1753/1753
f 1753/1753/1753 1809/1809/1809 1810/1810/1810
f 1753/1753/1753 1810/1810/1810 1754/1754/1754
f 1754/1754/1754 1810/1810/1810 1811/1811/1811
f 1754/1754/1754 1811/1811/1811 1755/1755/1755
f 1755/1755/1755 1811/1811/1811 1812/1812/1812
f 1755/1755/1755 1812/1812/1812 1756/1756/1756
f 1756/1756/1756 1812/1812/1812 1813/1813/1813
f 1756/1756/1756 1813/1813/1813 1757/1757/1757
f 1757/1757/1757 1813/1813/1813 1814/1814/1814
f 1757/1757/1757 1814/1814/1814 1758/1758/1758
f 1758/1758/1758 1814/1814/1814 1815/1815/1815
f 1758/1758/1758 1815/1815/1815 1759/1759/1759
f 1759/1759/1759 1815/1815/1815 1816/1816/1816
f 1759/1759/1759 1816/1816/1816 1760/1760/1760
f 1760/1760/1760 1816/1816/1816 1817/1817/1817
f 1760/1760/1760 1817/1817/1817 1761/1761/1761
f 1761/1761/1761 1817/1817/1817 1818/1818/1818
f 1761/1761/1761 1818/1818/1818 1762/1762/1762
f 1762/1762/1762 1818/1818/1818 1819/1819/1819
f 1762/1762/1762 1819/1819/1819 1763/1763/1763
f 1763/1763/1763 1819/1819/1819 1820/1820/1820
f 1763/1763/1763 1820/1820/1820 1764/1764/1764
f 1764/1764/1764 1820/1820/1820 1821/1821/1821
f 1764/1764/1764 1821/1821/1821 1765/1765/1765
f 1765/1765/1765 1821/1821/1821 1822/1822/1822
f 1765/1765/1765 1822/1822/1822 1766/1766/1766
f 1766/1766/1766 1822/1822/1822 1823/1823/1823
f 1766/1766/1766 1823/1823/1823 1767/1767/1767
f 1767/1767/1767 1823/1823/1823 1824/1824/1824
f 1768/1768/1768 1825/1825/1825 1769/1769/1769
f 1769/1769/1769 1825/1825/1825 1826/1826/1826
f 1769/1769/1769 1826/1826/1826 1770/1770/1770
f 1770/1770/1770 1826/1826/1826 1827/1827/1827
f 1770/1770/1770 1827/1827/1827 1771/1771/1771
f 1771/1771/1771 1827/1827/1827 1828/1828/1828
f 1771/1771/1771 1828/1828/1828 1772/1772/1772
f 1772/1772/1772 1828/1828/1828 1829/1829/1829
f 1772/1772/1772 1829/1829/1829 1773/1773/1773
f 1773/1773/1773 1829/1829/1829 1830/1830/1830
f 1773/1773/1773 1830/1830/1830 1774/1774/1774
f 1774/1774/1774 1830/1830/1830 1831/1831/1831
f 1774/1774/1774 1831/1831/1831 1775/1775/1775
f 1775/1775/1775 1831/1831/1831 1832/1832/1832
f 1775/1775/1775 1832/1832/1832 1776/1776/1776
f 1776/1776/1776 1832/1832/1832 1833/1833/1833
f 1776/1776/1776 1833/1833/1833 1777/1777/1777
f 1777/1777/1777 1833/1833/1833 1834/1834/1834
f 1777/1777/1777 1834/1834/1834 1778/1778/1778
f 1778/1778/1778 1834/1834/1834 1835/1835/1835
f 1778/1778/1778 1835/1835/1835 1779/1779/1779
f 1779/1779/1779 1835/1835/1835 1836/1836/1836
f 1779/1779/1779 1836/1836/1836 1780/1780/1780
f 1780/1780/1780 1836/1836/1836 1837/1837/1837
f 1780/1780/1780 1837/1837/1837 1781/1781/1781
f 1781/1781/1781 1837/1837/1837 1838/1838/1838
f 1781/1781/1781 1838/1838/1838 1782/1782/1782
f 1782/1782/1782 1838/1838/1838 1839/1839/1839
f 1782/1782/1782 1839/1839/1839 1783/1783/1783
f 1783/1783/1783 1839/1839/1839 1840/1840/1840
f 1783/1783/1783 1840/1840/1840 1784/1784/1784
f 1784/1784/1784 1840/1840/1840 1841/1841/1841
f 1784/1784/1784 1841/1841/1841 1785/1785/1785
f 1785/1785/1785 1841/1841/1841 1842/1842/1842
f 1785/1785/1785 1842/1842/1842 1786/1786/1786
f 1786/1786/1786 1842/1842/1842 1843/1843/1843
f 1786/1786/1786 1843/1843/1843 1787/1787/1787
f 1787/1787/1787 1843/1843/1843 1844/1844/1844
f 1787/1787/1787 1844/1844/1844 1788/1788/1788
f 1788/1788/1788 1844/1844/1844 1845/1845/1845
f 1788/1788/1788 1845/1845/1845 1789/1789/1789
f 1789/1789/1789 1845/1845/1845 1846/1846/1846
f 1789/1789/1789 1846/1846/1846 1790/1790/1790
f 1790/1790/1790 1846/1846/1846 1847/1847/1847
f 1790/1790/1790 1847/1847/1847 1791/1791/1791
f 1791/1791/1791 1847/1847/1847 1848/1848/1848
f 1791/1791/1791 1848/1848/1848 1792/1792/1792
f 1792/1792/1792 1848/1848/1848 1849/1849/1849
f 1792/1792/1792 1849/1849/1849 1793/1793/1793
f 1793/1793/1793 1849/1849/1849 1850/1850/1850
f 1793/1793/1793 1850/1850/1850 1794/1794/1794
f 1794/1794/1794 1850/1850/1850 1851/1851/1851
f 1794/1794/1794 1851/1851/1851 1795/1795/1795
f 1795/1795/1795 1851/1851/1851 1852/1852/1852
f 1795/1795/1795 1852/1852/1852 1796/1796/1796
f 1796/1796/1796 1852/1852/1852 1853/1853/1853
f 1796/1796/1796 1853/1853/1853 1797/1797/1797
f 1797/1797/1797 1853/1853/1853 1854/1854/1854
f 1797/1797/1797 1854/1854/1854 1798/1798/1798
f 1798/1798/1798 1854/1854/1854 1855/1855/1855
f 1798/1798/1798 1855/1855/1855 1799/1799/1799
f 1799/1799/1799 1855/1855/1855 1856/1856/1856
f 1799/1799/1799 1856/1856/1856 1800/1800/1800
f 1800/1800/1800 1856/1856/1856 1857/1857/1857
f 1800/1800/1800 1857/1857/1857 1801/1801/1801
f 1801/1801/1801 1857/1857/1857 1858/1858/1858
f 1801/1801/1801 1858/1858/1858 1802/1802/1802
f 1802/1802/1802 1858/1858/1858 1859/1859/1859
f 1802/1802/1802 1859/1859/1859 1803/1803/1803
f 1803/1803/1803 1859/1859/1859 1860/1860/1860
f 1803/1803/1803 1860/1860/1860 1804/1804/1804
f 1804/1804/1804 1860/1860/1860 1861/1861/1861
f 1804/1804/1804 1861/1861/1861 1805/1805/1805
f 1805/1805/1805 1861/1861/1861 1862/1862/1862
f 1805/1805/1805 1862/1862/1862 1806/1806/1806
f 1806/1806/1806 1862/1862/1862 1863/1863/1863
f 1806/1806/1806 1863/1863/1863 1807/1807/1807
f 1807/1807/1807 1863/1863/1863 1864/1864/1864
f 1807/1807/1807 1864/1864/1864 1808/1808/1808
f 1808/1808/1808 1864/1864/1864 1865/1865/1865
f 1808/1808/1808 1865/1865/1865 1809/1809/1809
f 1809/1809/1809 1865/1865/1865 1866/1866/1866
f 1809/1809/1809 1866/1866/1866 1810/1810/1810
f 1810/1810/1810 1866/1866/1866 1867/1867/1867
f 1810/1810/1810 1867/1867/1867 1811/1811/1811
f 1811/1811/1811 1867/1867/1867 1868/1868/1868
f 1811/1811/1811 1868/1868/1868 1812/1812/1812
f 1812/1812/1812 1868/1868/1868 1869/1869/1869
f 1812/1812/1812 1869/1869/1869 1813/1813/1813
f 1813/1813/1813 1869/1869/1869 1870/1870/1870
f 1813/1813/1813 1870/1870/1870 1814/1814/1814
f 1814/1814/1814 1870/1870/1870 1871/1871/1871
f 1814/1814/1814 1871/1871/1871 1815/1815/1815
f 1815/1815/1815 1871/1871/1871 1872/1872/1872
f 1815/1815/1815 1872/1872/1872 1816/1816/1816
f 1816/1816/1816 1872/1872/1872 1873/1873/1873
f 1816/1816/1816 1873/1873/1873 1817/1817/1817
f 1817/1817/1817 1873/1873/1873 1874/1874/1874
f 1817/1817/1817 1874/1874/1874 1818/1818/1818
f 1818/1818/1818 1874/1874/1874 1875/1875/1875
f 1818/1818/1818 1875/1875/1875 1819/1819/1819
f 1819/1819/1819 1875/1875/1875 1876/1876/1876
f 1819/1819/1819 1876/1876/1876 1820/1820/1820
f 1820/1820/1820 1876/1876/1876 1877/1877/1877
f 1820/1820/1820 1877/1877/1877 1821/1821/1821
f 1821/1821/1821 1877/1877/1877 1878/1878/1878
f 1821/1821/1821 1878/1878/1878 1822/1822/1822
f 1822/1822/1822 1878/1878/1878 1879/1879/1879
f 1822/1822/1822 1879/1879/1879 1823/1823/1823
f 1823/1823/1823 1879/1879/1879 1880/1880/1880
f 1823/1823/1823 1880/1880/1880 1824/1824/1824
f 1824/1824/1824 1880/1880/1880 1881/1881/1881
f 1825/1825/1825 1882/1882/1882 1826/1826/1826
f 1826/1826/1826 1882/1882/1882 1883/1883/1883
f 1826/1826/1826 1883/1883/1883 1827/1827/1827
f 1827/1827/1827 1883/1883/1883 1884/1884/1884
f 1827/1827/1827 1884/1884/1884 1828/1828/1828
f 1828/1828/1828 1884/1884/1884 1885/1885/1885
f 1828/1828/1828 1885/1885/1885 1829/1829/1829
f 1829/1829/1829 1885/1885/1885 1886/1886/1886
f 1829/1829/1829 1886/1886/1886 1830/1830/1830
f 1830/1830/1830 1886/1886/1886 1887/1887/1887
f 1830/1830/1830 1887/1887/1887 1831/1831/1831
f 1831/1831/1831 1887/1887/1887 1888/1888/1888
f 1831/1831/1831 1888/1888/1888 1832/1832/1832
f 1832/1832/1832 1888/1888/1888 1889/1889/1889
f 1832/1832/1832 1889/1889/1889 1833/1833/1833
f 1833/1833/1833 1889/1889/1889 1890/1890/1890
f 1833/1833/1833 1890/1890/1890 1834/1834/1834
f 1834/1834/1834 1890/1890/1890 1891/1891/1891
f 1834/1834/1834 1891/1891/1891 1835/1835/1835
f 1835/1835/1835 1891/1891/1891 1892/1892/1892
f 1835/1835/1835 1892/1892/1892 1836/1836/1836
f 1836/1836/1836 1892/1892/1892 1893/1893/1893
f 1836/1836/1836 1893/1893/1893 1837/1837/1837
f 1837/1837/1837 1893/1893/1893 1894/1894/1894
f 1837/1837/1837 1894/1894/1894 1838/1838/1838
f 1838/1838/1838 1894/1894/1894 1895/1895/1895
f 1838/1838/1838 1895/1895/1895 1839/1839/1839
f 1839/1839/1839 1895/1895/1895 1896/1896/1896
f 1839/1839/1839 1896/1896/1896 1840/1840/1840
f 1840/1840/1840 1896/1896/1896 1897/1897/1897
f 1840/1840/1840 1897/1897/1897 1841/1841/1841
f 1841/1841/1841 1897/1897/1897 1898/1898/1898
f 1841/1841/1841 1898/1898/1898 1842/1842/1842
f 1842/1842/1842 1898/1898/1898 1899/1899/1899
f 1842/1842/1842 1899/1899/1899 1843/1843/1843
f 1843/1843/1843 1899/1899/1899 1900/1900/1900
f 1843/1843/1843 1900/1900/1900 1844/1844/1844
f 1844/1844/1844 1900/1900/1900 1901/1901/1901
f 1844/1844/1844 1901/1901/1901 1845/1845/1845
f 1845/1845/1845 1901/1901/1901 1902/1902/1902
f 1845/1845/1845 1902/1902/1902 1846/1846/1846
f 1846/1846/1846 1902/1902/1902 1903/1903/1903
f 1846/1846/1846 1903/1903/1903 1847/1847/1847
f 1847/1847/1847 1903/1903/1903 1904/1904/1904
f 1847/1847/1847 1904/1904/1904 1848/1848/1848
f 1848/1848/1848 1904/1904/1904 1905/1905/1905
f 1848/1848/1848 1905/1905/1905 1849/1849/1849
f 1849/1849/1849 1905/1905/1905 1906/1906/1906
f 1849/1849/1849 1906/1906/1906 1850/1850/1850
f 1850/1850/1850 1906/1906/1906 1907/1907/1907
f 1850/1850/1850 1907/1907/1907 1851/1851/1851
f 1851/1851/1851 1907/1907/1907 1908/1908/1908
f 1851/1851/1851 1908/1908/1908 1852/1852/1852
f 1852/1852/1852 1908/1908/1908 1909/1909/1909
f 1852/1852/1852 1909/1909/1909 1853/1853/1853
f 1853/1853/1853 1909/1909/1909 1910/1910/1910
f 1853/1853/1853 1910/1910/1910 1854/1854/1854
f 1854/1854/1854 1910/1910/1910 1911/1911/1911
f 1854/1854/1854 1911/1911/1911 1855/1855/1855
f 1855/1855/1855 1911/1911/1911 1912/1912/1912
f 1855/1855/1855 1912/1912/1912 1856/1856/1856
f 1856/1856/1856 1912/1912/1912 1913/1913/1913
f 1856/1856/1856 1913/1913/1913 1857/1857/1857
f 1857/1857/1857 1913/1913/1913 1914/1914/1914
f 1857/1857/1857 1914/1914/1914 1858/1858/1858
f 1858/1858/1858 1914/1914/1914 1915/1915/1915
f 1858/1858/1858 1915/1915/1915 1859/1859/1859
f 1859/1859/1859 1915/1915/1915 1916/1916/1916
f 1859/1859/1859 1916/1916/1916 1860/1860/1860
f 1860/1860/1860 1916/1916/1916 1917/1917/1917
f 1860/1860/1860 1917/1917/1917 1861/1861/1861
f 1861/1861/1861 1917/1917/1917 1918/1918/1918
f 1861/1861/1861 1918/1918/1918 1862/1862/1862
f 1862/1862/1862 1918/1918/1918 1919/1919/1919
f 1862/1862/1862 1919/1919/1919 1863/1863/1863
f 1863/1863/1863 1919/1919/1919 1920/1920/1920
f 1863/1863/1863 1920/1920/1920 1864/1864/1864
f 1864/1864/1864 1920/1920/1920 1921/1921/1921
f 1864/1864/1864 1921/1921/1921 1865/1865/1865
f 1865/1865/1865 1921/1921/1921 1922/1922/1922
f 1865/1865/1865 1922/1922/1922 1866/1866/1866
f 1866/1866/1866 1922/1922/1922 1923/1923/1923
f 1866/1866/1866 1923/1923/1923 1867/1867/1867
f 1867/1867/1867 1923/1923/1923 1924/1924/1924
f 1867/1867/1867 1924/1924/1924 1868/1868/1868
f 1868/1868/1868 1924/1924/1924 1925/1925/1925
f 1868/1868/1868 1925/1925/1925 1869/1869/1869
f 1869/1869/1869 1925/1925/1925 1926/1926/1926
f 1869/1869/1869 1926/1926/1926 1870/1870/1870
f 1870/1870/1870 1926/1926/1926 1927/1927/1927
f 1870/1870/1870 1927/1927/1927 1871/1871/1871
f 1871/1871/1871 1927/1927/1927 1928/1928/1928
f 1871/1871/1871 1928/1928/1928 1872/1872/1872
f 1872/1872/1872 1928/1928/1928 1929/1929/1929
f 1872/1872/1872 1929/1929/1929 1873/1873/1873
f 1873/1873/1873 1929/1929/1929 1930/1930/1930
f 1873/1873/1873 1930/1930/1930 1874/1874/1874
f 1874/1874/1874 1930/1930/1930 1931/1931/1931
f 1874/1874/1874 1931/1931/1931 1875/1875/1875
f 1875/1875/1875 1931/1931/1931 1932/1932/1932
f 1875/1875/1875 1932/1932/1932 1876/1876/1876
f 1876/1876/1876 1932/1932/1932 1933/1933/1933
f 1876/1876/1876 1933/1933/1933 1877/1877/1877
f 1877/1877/1877 1933/1933/1933 1934/1934/1934
f 1877/1877/1877 1934/1934/1934 1878/1878/1878
f 1878/1878/1878 1934/1934/1934 1935/1935/1935
f 1878/1878/1878 1935/1935/1935 1879/1879/1879
f 1879/1879/1879 1935/1935/1935 1936/1936/1936
f 1879/1879/1879 1936/1936/1936 1880/1880/1880
f 1880/1880/1880 1936/1936/1936 1937/1937/1937
f 1880/1880/1880 1937/1937/1937 1881/1881/1881
f 1881/1881/1881 1937/1937/1937 1938/1938/1938
f 1882/1882/1882 1939/1939/1939 1883/1883/1883
f 1883/1883/1883 1939/1939/1939 1940/1940/1940
f 1883/1883/1883 1940/1940/1940 1884/1884/1884
f 1884/1884/1884 1940/1940/1940 1941/1941/1941
f 1884/1884/1884 1941/1941/1941 1885/1885/1885
f 1885/1885/1885 1941/1941/1941 1942/1942/1942
f 1885/1885/1885 1942/1942/1942 1886/1886/1886
f 1886/1886/1886 1942/1942/1942 1943/1943/1943
f 1886/1886/1886 1943/1943/1943 1887/1887/1887
f 1887/1887/1887 1943/1943/1943 1944/1944/1944
f 1887/1887/1887 1944/1944/1944 1888/1888/1888
f 1888/1888/1888 1944/1944/1944 1945/1945/1945
f 1888/1888/1888 1945/1945/1945 1889/1889/1889
f 1889/1889/1889 1945/1945/1945 1946/1946/1946
f 1889/1889/1889 1946/1946/1946 1890/1890/1890
f 1890/1890/1890 1946/1946/1946 1947/1947/1947
f 1890/1890/1890 1947/1947/1947 1891/1891/1891
f 1891/1891/1891 1947/1947/1947 1948/1948/1948
f 1891/1891/1891 1948/1948/1948 1892/1892/1892
f 1892/1892/1892 1948/1948/1948 1949/1949/1949
f 1892/1892/1892 1949/1949/1949 1893/1893/1893
f 1893/1893/1893 1949/1949/1949 1950/1950/1950
f 1893/1893/1893 1950/1950/1950 1894/1894/1894
f 1894/1894/1894 1950/1950/1950 1951/1951/1951
f 1894/1894/1894 1951/1951/1951 1895/1895/1895
f 1895/1895/1895 1951/1951/1951 1952/1952/1952
f 1895/1895/1895 1952/1952/1952 1896/1896/1896
f 1896/1896/1896 1952/1952/1952 1953/1953/1953
f 1896/1896/1896 1953/1953/1953 1897/1897/1897
f 1897/1897/1897 1953/1953/1953 1954/1954/1954
f 1897/1897/1897 1954/1954/1954 1898/1898/1898
f 1898/1898/1898 1954/1954/1954 1955/1955/1955
f 1898/1898/1898 1955/1955/1955 1899/1899/1899
f 1899/1899/1899 1955/1955/1955 1956/1956/1956
f 1899/1899/1899 1956/1956/1956 1900/1900/1900
f 1900/1900/1900 1956/1956/1956 1957/1957/1957
f 1900/1900/1900 1957/1957/1957 1901/1901/1901
f 1901/1901/1901 1957/1957/1957 1958/1958/1958
f 1901/1901/1901 1958/1958/1958 1902/1902/1902
f 1902/1902/1902 1958/1958/1958 1959/1959/1959
f 1902/1902/1902 1959/1959/1959 1903/1903/1903
f 1903/1903/1903 1959/1959/1959 1960/1960/1960
f 1903/1903/1903 1960/1960/1960 1904/1904/1904
f 1904/1904/1904 1960/1960/1960 1961/1961/1961
f 1904/1904/1904 1961/1961/1961 1905/1905/1905
f 1905/1905/1905 1961/1961/1961 1962/1962/1962
f 1905/1905/1905 1962/1962/1962 1906/1906/1906
f 1906/1906/1906 1962/1962/1962 1963/1963/1963
f 1906/1906/1906 1963/1963/1963 1907/1907/1907
f 1907/1907/1907 1963/1963/1963 1964/1964/1964
f 1907/1907/1907 1964/1964/1964 1908/1908/1908
f 1908/1908/1908 1964/1964/1964 1965/1965/1965
f 1908/1908/1908 1965/1965/1965 1909/1909/1909
f 1909/1909/1909 1965/1965/1965 1966/1966/1966
f 1909/1909/1909 1966/1966/1966 1910/1910/1910
f 1910/1910/1910 1966/1966/1966 1967/1967/1967
f 1910/1910/1910 1967/1967/1967 1911/1911/1911
f 1911/1911/1911 1967/1967/1967 1968/1968/1968
f 1911/1911/1911 1968/1968/1968 1912/1912/1912
f 1912/1912/1912 1968/1968/1968 1969/1969/1969
f 1912/1912/1912 1969/1969/1969 1913/1913/1913
f 1913/1913/1913 1969/1969/1969 1970/1970/1970
f 1913/1913/1913 1970/1970/1970 1914/1914/1914
f 1914/1914/1914 1970/1970/1970 1971/1971/1971
f 1914/1914/1914 1971/1971/1971 1915/1915/1915
f 1915/1915/1915 1971/1971/1971 1972/1972/1972
f 1915/1915/1915 1972/1972/1972 1916/1916/1916
f 1916/1916/1916 1972/1972/1972 1973/1973/1973
f 1916/1916/1916 1973/1973/1973 1917/1917/1917
f 1917/1917/1917 1973/1973/1973 1974/1974/1974
f 1917/1917/1917 1974/1974/1974 1918/1918/1918
f 1918/1918/1918 1974/1974/1974 1975/1975/1975
f 1918/1918/1918 1975/1975/1975 1919/1919/1919
f 1919/1919/1919 1975/1975/1975 1976/1976/1976
f 1919/1919/1919 1976/1976/1976 1920/1920/1920
f 1920/1920/1920 1976/1976/1976 1977/1977/1977
f 1920/1920/1920 1977/1977/1977 1921/1921/1921
f 1921/1921/1921 1977/1977/1977 1978/1978/1978
f 1921/1921/1921 1978/1978/1978 1922/1922/1922
f 1922/1922/1922 1978/1978/1978 1979/1979/1979
f 1922/1922/1922 1979/1979/1979 1923/1923/1923
f 1923/1923/1923 1979/1979/1979 1980/1980/1980
f 1923/1923/1923 1980/1980/1980 1924/1924/1924
f 1924/1924/1924 1980/1980/1980 1981/1981/1981
f 1924/1924/1924 1981/1981/1981 1925/1925/1925
f 1925/1925/1925 1981/1981/1981 1982/1982/1982
f 1925/1925/1925 1982/1982/1982 1926/1926/1926
f 1926/1926/1926 1982/1982/1982 1983/1983/1983
f 1926/1926/1926 1983/1983/1983 1927/1927/1927
f 1927/1927/1927 1983/1983/1983 1984/1984/1984
f 1927/1927/1927 1984/1984/1984 1928/1928/1928
f 1928/1928/1928 1984/1984/1984 1985/1985/1985
f 1928/1928/1928 1985/1985/1985 1929/1929/1929
f 1929/1929/1929 1985/1985/1985 1986/1986/1986
f 1929/1929/1929 1986/1986/1986 1930/1930/1930
f 1930/1930/1930 1986/1986/1986 1987/1987/1987
f 1930/1930/1930 1987/1987/1987 1931/1931/1931
f 1931/1931/1931 1987/1987/1987 1988/1988/1988
f 1931/1931/1931 1988/1988/1988 1932/1932/1932
f 1932/1932/1932 1988/1988/1988 1989/1989/1989
f 1932/1932/1932 1989/1989/1989 1933/1933/1933
f 1933/1933/1933 1989/1989/1989 1990/1990/1990
f 1933/1933/1933 1990/1990/1990 1934/1934/1934
f 1934/1934/1934 1990/1990/1990 1991/1991/1991
f 1934/1934/1934 1991/1991/1991 1935/1935/1935
f 1935/1935/1935 1991/1991/1991 1992/1992/1992
f 1935/1935/1935 1992/1992/1992 1936/1936/1936
f 1936/1936/1936 1992/1992/1992 1993/1993/1993
f 1936/1936/1936 1993/1993/1993 1937/1937/1937
f 1937/1937/1937 1993/1993/1993 1994/1994/1994
f 1937/1937/1937 1994/1994/1994 1938/1938/1938
f 1938/1938/1938 1994/1994/1994 1995/1995/1995
f 1939/1939/1939 1996/1996/1996 1940/1940/1940
f 1940/1940/1940 1996/1996/1996 1997/1997/1997
f 1940/1940/1940 1997/1997/1997 1941/1941/1941
f 1941/1941/1941 1997/1997/1997 1998/1998/1998
f 1941/1941/1941 1998/1998/1998 1942/1942/1942
f 1942/1942/1942 1998/1998/1998 1999/1999/1999
f 1942/1942/1942 1999/1999/1999 1943/1943/1943
f 1943/1943/1943 1999/1999/1999 2000/2000/2000
f 1943/1943/1943 2000/2000/2000 1944/1944/1944
f 1944/1944/1944 2000/2000/2000 2001/2001/2001
f 1944/1944/1944 2001/2001/2001 1945/1945/1945
f 1945/1945/1945 2001/2001/2001 2002/2002/2002
f 1945/1945/1945 2002/2002/2002 1946/1946/1946
f 1946/1946/1946 2002/2002/2002 2003/2003/2003
f 1946/1946/1946 2003/2003/2003 1947/1947/1947
f 1947/1947/1947 2003/2003/2003 2004/2004/2004
f 1947/1947/1947 2004/2004/2004 1948/1948/1948
f 1948/1948/1948 2004/2004/2004 2005/2005/2005
f 1948/1948/1948 2005/2005/2005 1949/1949/1949
f 1949/1949/1949 2005/2005/2005 2006/2006/2006
f 1949/1949/1949 2006/2006/2006 1950/1950/1950
f 1950/1950/1950 2006/2006/2006 2007/2007/2007
f 1950/1950/1950 2007/2007/2007 1951/1951/1951
f 1951/1951/1951 2007/2007/2007 2008/2008/2008
f 1951/1951/1951 2008/2008/2008 1952/1952/1952
f 1952/1952/1952 2008/2008/2008 2009/2009/2009
f 1952/1952/1952 2009/2009/2009 1953/1953/1953
f 1953/1953/1953 2009/2009/2009 2010/2010/2010
f 1953/1953/1953 2010/2010/2010 1954/1954/1954
f 1954/1954/1954 2010/2010/2010 2011/2011/2011
f 1954/1954/1954 2011/2011/2011 1955/1955/1955
f 1955/1955/1955 2011/2011/2011 2012/2012/2012
f 1955/1955/1955 2012/2012/2012 1956/1956/1956
f 1956/1956/1956 2012/2012/2012 2013/2013/2013
f 1956/1956/1956 2013/2013/2013 1957/1957/1957
f 1957/1957/1957 2013/2013/2013 2014/2014/2014
f 1957/1957/1957 2014/2014/2014 1958/1958/1958
f 1958/1958/1958 2014/2014/2014 2015/2015/2015
f 1958/1958/1958 2015/2015/2015 1959/1959/1959
f 1959/1959/1959 2015/2015/2015 2016/2016/2016
f 1959/1959/1959 2016/2016/2016 1960/1960/1960
f 1960/1960/1960 2016/2016/2016 2017/2017/2017
f 1960/1960/1960 2017/2017/2017 1961/1961/1961
f 1961/1961/1961 2017/2017/2017 2018/2018/2018
f 1961/1961/1961 2018/2018/2018 1962/1962/1962
f 1962/1962/1962 2018/2018/2018 2019/2019/2019
f 1962/1962/1962 2019/2019/2019 1963/1963/1963
f 1963/1963/1963 2019/2019/2019 2020/2020/2020
f 1963/1963/1963 2020/2020/2020 1964/1964/1964
f 1964/1964/1964 2020/2020/2020 2021/2021/2021
f 1964/1964/1964 2021/2021/2021 1965/1965/1965
f 1965/1965/1965 2021/2021/2021 2022/2022/2022
f 1965/1965/1965 2022/2022/2022 1966/1966/1966
f 1966/1966/1966 2022/2022/2022 2023/2023/2023
f 1966/1966/1966 2023/2023/2023 1967/1967/1967
f 1967/1967/1967 2023/2023/2023 2024/2024/2024
f 1967/1967/1967 2024/2024/2024 1968/1968/1968
f 1968/1968/1968 2024/2024/2024 2025/2025/2025
f 1968/1968/1968 2025/2025/2025 1969/1969/1969
f 1969/1969/1969 2025/2025/2025 2026/2026/2026
f 1969/1969/1969 2026/2026/2026 1970/1970/1970
f 1970/1970/1970 2026/2026/2026 2027/2027/2027
f 1970/1970/1970 2027/2027/2027 1971/1971/1971
f 1971/1971/1971 2027/2027/2027 2028/2028/2028
f 1971/1971/1971 2028/2028/2028 1972/1972/1972
f 1972/1972/1972 2028/2028/2028 2029/2029/2029
f 1972/1972/1972 2029/2029/2029 1973/1973/1973
f 1973/1973/1973 2029/2029/2029 2030/2030/2030
f 1973/1973/1973 2030/2030/2030 1974/1974/1974
f 1974/1974/1974 2030/2030/2030 2031/2031/2031
f 1974/1974/1974 2031/2031/2031 1975/1975/1975
f 1975/1975/1975 2031/2031/2031 2032/2032/2032
f 1975/1975/1975 2032/2032/2032 1976/1976/1976
f 1976/1976/1976 2032/2032/2032 2033/2033/2033
f 1976/1976/1976 2033/2033/2033 1977/1977/1977
f 1977/1977/1977 2033/2033/2033 2034/2034/2034
f 1977/1977/1977 2034/2034/2034 1978/1978/1978
f 1978/1978/1978 2034/2034/2034 2035/2035/2035
f 1978/1978/1978 2035/2035/2035 1979/1979/1979
f 1979/1979/1979 2035/2035/2035 2036/2036/2036
f 1979/1979/1979 2036/2036/2036 1980/1980/1980
f 1980/1980/1980 2036/2036/2036 2037/2037/2037
f 1980/1980/1980 2037/2037/2037 1981/1981/1981
f 1981/1981/1981 2037/2037/2037 2038/2038/2038
f 1981/1981/1981 2038/2038/2038 1982/1982/1982
f 1982/1982/1982 2038/2038/2038 2039/2039/2039
f 1982/1982/1982 2039/2039/2039 1983/1983/1983
f 1983/1983/1983 2039/2039/2039 2040/2040/2040
f 1983/1983/1983 2040/2040/2040 1984/1984/1984
f 1984/1984/1984 2040/2040/2040 2041/2041/2041
f 1984/1984/1984 2041/2041/2041 1985/1985/1985
f 1985/1985/1985 2041/2041/2041 2042/2042/2042
f 1985/1985/1985 2042/2042/2042 1986/1986/1986
f 1986/1986/1986 2042/2042/2042 2043/2043/2043
f 1986/1986/1986 2043/2043/2043 1987/1987/1987
f 1987/1987/1987 2043/2043/2043 2044/2044/2044
f 1987/1987/1987 2044/2044/2044 1988/1988/1988
f 1988/1988/1988 2044/2044/2044 2045/2045/2045
f 1988/1988/1988 2045/2045/2045 1989/1989/1989
f 1989/1989/1989 2045/2045/2045 2046/2046/2046
f 1989/1989/1989 2046/2046/2046 1990/1990/1990
f 1990/1990/1990 2046/2046/2046 2047/2047/2047
f 1990/1990/1990 2047/2047/2047 1991/1991/1991
f 1991/1991/1991 2047/2047/2047 2048/2048/2048
f 1991/1991/1991 2048/2048/2048 1992/1992/1992
f 1992/1992/1992 2048/2048/2048 2049/2049/2049
f 1992/1992/1992 2049/2049/2049 1993/1993/1993
f 1993/1993/1993 2049/2049/2049 2050/2050/2050
f 1993/1993/1993 2050/2050/2050 1994/1994/1994
f 1994/1994/1994 2050/2050/2050 2051/2051/2051
f 1994/1994/1994 2051/2051/2051 1995/1995/1995
f 1995/1995/1995 2051/2051/2051 2052/2052/2052
f 1996/1996/1996 2053/2053/2053 1997/1997/1997
f 1997/1997/1997 2053/2053/2053 2054/2054/2054
f 1997/1997/1997 2054/2054/2054 1998/1998/1998
f 1998/1998/1998 2054/2054/2054 2055/2055/2055
f 1998/1998/1998 2055/2055/2055 1999/1999/1999
f 1999/1999/1999 2055/2055/2055 2056/2056/2056
f 1999/1999/1999 2056/2056/2056 2000/2000/2000
f 2000/2000/2000 2056/2056/2056 2057/2057/2057
f 2000/2000/2000 2057/2057/2057 2001/2001/2001
f 2001/2001/2001 2057/2057/2057 2058/2058/2058
f 2001/2001/2001 2058/2058/2058 2002/2002/2002
f 2002/2002/2002 2058/2058/2058 2059/2059/2059
f 2002/2002/2002 2059/2059/2059 2003/2003/2003
f 2003/2003/2003 2059/2059/2059 2060/2060/2060
f 2003/2003/2003 2060/2060/2060 2004/2004/2004
f 2004/2004/2004 2060/2060/2060 2061/2061/2061
f 2004/2004/2004 2061/2061/2061 2005/2005/2005
f 2005/2005/2005 2061/2061/2061 2062/2062/2062
f 2005/2005/2005 2062/2062/2062 2006/2006/2006
f 2006/2006/2006 2062/2062/2062 2063/2063/2063
f 2006/2006/2006 2063/2063/2063 2007/2007/2007
f 2007/2007/2007 2063/2063/2063 2064/2064/2064
f 2007/2007/2007 2064/2064/2064 2008/2008/2008
f 2008/2008/2008 2064/2064/2064 2065/2065/2065
f 2008/2008/2008 2065/2065/2065 2009/2009/2009
f 2009/2009/2009 2065/2065/2065 2066/2066/2066
f 2009/2009/2009 2066/2066/2066 2010/2010/2010
f 2010/2010/2010 2066/2066/2066 2067/2067/2067
f 2010/2010/2010 2067/2067/2067 2011/2011/2011
f 2011/2011/2011 2067/2067/2067 2068/2068/2068
f 2011/2011/2011 2068/2068/2068 2012/2012/2012
f 2012/2012/2012 2068/2068/2068 2069/2069/2069
f 2012/2012/2012 2069/2069/2069 2013/2013/2013
f 2013/2013/2013 2069/2069/2069 2070/2070/2070
f 2013/2013/2013 2070/2070/2070 2014/2014/2014
f 2014/2014/2014 2070/2070/2070 2071/2071/2071
f 2014/2014/2014 2071/2071/2071 2015/2015/2015
f 2015/2015/2015 2071/2071/2071 2072/2072/2072
f 2015/2015/2015 2072/2072/2072 2016/2016/2016
f 2016/2016/2016 2072/2072/2072 2073/2073/2073
f 2016/2016/2016 2073/2073/2073 2017/2017/2017
f 2017/2017/2017 2073/2073/2073 2074/2074/2074
f 2017/2017/2017 2074/2074/2074 2018/2018/2018
f 2018/2018/2018 2074/2074/2074 2075/2075/2075
f 2018/2018/2018 2075/2075/2075 2019/2019/2019
f 2019/2019/2019 2075/2075/2075 2076/2076/2076
f 2019/2019/2019 2076/2076/2076 2020/2020/2020
f 2020/2020/2020 2076/2076/2076 2077/2077/2077
f 2020/2020/2020 2077/2077/2077 2021/2021/2021
f 2021/2021/2021 2077/2077/2077 2078/2078/2078
f 2021/2021/2021 2078/2078/2078 2022/2022/2022
f 2022/2022/2022 2078/2078/2078 2079/2079/2079
f 2022/2022/2022 2079/2079/2079 2023/2023/2023
f 2023/2023/2023 2079/2079/2079 2080/2080/2080
f 2023/2023/2023 2080/2080/2080 2024/2024/2024
f 2024/2024/2024 2080/2080/2080 2081/2081/2081
f 2024/2024/2024 2081/2081/2081 2025/2025/2025
f 2025/2025/2025 2081/2081/2081 2082/2082/2082
f 2025/2025/2025 2082/2082/2082 2026/2026/2026
f 2026/2026/2026 2082/2082/2082 2083/2083/2083
f 2026/2026/2026 2083/2083/2083 2027/2027/2027
f 2027/2027/2027 2083/2083/2083 2084/2084/2084
f 2027/2027/2027 2084/2084/2084 2028/2028/2028
f 2028/2028/2028 2084/2084/2084 2085/2085/2085
f 2028/2028/2028 2085/2085/2085 2029/2029/2029
f 2029/2029/2029 2085/2085/2085 2086/2086/2086
f 2029/2029/2029 2086/2086/2086 2030/2030/2030
f 2030/2030/2030 2086/2086/2086 2087/2087/2087
f 2030/2030/2030 2087/2087/2087 2031/2031/2031
f 2031/2031/2031 2087/2087/2087 2088/2088/2088
f 2031/2031/2031 2088/2088/2088 2032/2032/2032
f 2032/2032/2032 2088/2088/2088 2089/2089/2089
f 2032/2032/2032 2089/2089/2089 2033/2033/2033
f 2033/2033/2033 2089/2089/2089 2090/2090/2090
f 2033/2033/2033 2090/2090/2090 2034/2034/2034
f 2034/2034/2034 2090/2090/2090 2091/2091/2091
f 2034/2034/2034 2091/2091/2091 2035/2035/2035
f 2035/2035/2035 2091/2091/2091 2092/2092/2092
f 2035/2035/2035 2092/2092/2092 2036/2036/2036
f 2036/2036/2036 2092/2092/2092 2093/2093/2093
f 2036/2036/2036 2093/2093/2093 2037/2037/2037
f 2037/2037/2037 2093/2093/2093 2094/2094/2094
f 2037/2037/2037 2094/2094/2094 2038/2038/2038
f 2038/2038/2038 2094/2094/2094 2095/2095/2095
f 2038/2038/2038 2095/2095/2095 2039/2039/2039
f 2039/2039/2039 2095/2095/2095 2096/2096/2096
f 2039/2039/2039 2096/2096/2096 2040/2040/2040
f 2040/2040/2040 2096/2096/2096 2097/2097/2097
f 2040/2040/2040 2097/2097/2097 2041/2041/2041
f 2041/2041/2041 2097/2097/2097 2098/2098/2098
f 2041/2041/2041 2098/2098/2098 2042/2042/2042
f 2042/2042/2042 2098/2098/2098 2099/2099/2099
f 2042/2042/2042 2099/2099/2099 2043/2043/2043
f 2043/2043/2043 2099/2099/2099 2100/2100/2100
f 2043/2043/2043 2100/2100/2100 2044/2044/2044
f 2044/2044/2044 2100/2100/2100 2101/2101/2101
f 2044/2044/2044 2101/2101/2101 2045/2045/2045
f 2045/2045/2045 2101/2101/2101 2102/2102/2102
f 2045/2045/2045 2102/2102/2102 2046/2046/2046
f 2046/2046/2046 2102/2102/2102 2103/2103/2103
f 2046/2046/2046 2103/2103/2103 2047/2047/2047
f 2047/2047/2047 2103/2103/2103 2104/2104/2104
f 2047/2047/2047 2104/2104/2104 2048/2048/2048
f 2048/2048/2048 2104/2104/2104 2105/2105/2105
f 2048/2048/2048 2105/2105/2105 2049/2049/2049
f 2049/2049/2049 2105/2105/2105 2106/2106/2106
f 2049/2049/2049 2106/2106/2106 2050/2050/2050
f 2050/2050/2050 2106/2106/2106 2107/2107/2107
f 2050/2050/2050 2107/2107/2107 2051/2051/2051
f 2051/2051/2051 2107/2107/2107 2108/2108/2108
f 2051/2051/2051 2108/2108/2108 2052/2052/2052
f 2052/2052/2052 2108/2108/2108 2109/2109/2109
f 2053/2053/2053 2110/2110/2110 2054/2054/2054
f 2054/2054/2054 2110/2110/2110 2111/2111/2111
f 2054/2054/2054 2111/2111/2111 2055/2055/2055
f 2055/2055/2055 2111/2111/2111 2112/2112/2112
f 2055/2055/2055 2112/2112/2112 2056/2056/2056
f 2056/2056/2056 2112/2112/2112 2113/2113/2113
f 2056/2056/2056 2113/2113/2113 2057/2057/2057
f 2057/2057/2057 2113/2113/2113 2114/2114/2114
f 2057/2057/2057 2114/2114/2114 2058/2058/2058
f 2058/2058/2058 2114/2114/2114 2115/2115/2115
f 2058/2058/2058 2115/2115/2115 2059/2059/2059
f 2059/2059/2059 2115/2115/2115 2116/2116/2116
f 2059/2059/2059 2116/2116/2116 2060/2060/2060
f 2060/2060/2060 2116/2116/2116 2117/2117/2117
f 2060/2060/2060 2117/2117/2117 2061/2061/2061
f 2061/2061/2061 2117/2117/2117 2118/2118/2118
f 2061/2061/2061 2118/2118/2118 2062/2062/2062
f 2062/2062/2062 2118/2118/2118 2119/2119/2119
f 2062/2062/2062 2119/2119/2119 2063/2063/2063
f 2063/2063/2063 2119/2119/2119 2120/2120/2120
f 2063/2063/2063 2120/2120/2120 2064/2064/2064
f 2064/2064/2064 2120/2120/2120 2121/2121/2121
f 2064/2064/2064 2121/2121/2121 2065/2065/2065
f 2065/2065/2065 2121/2121/2121 2122/2122/2122
f 2065/2065/2065 2122/2122/2122 2066/2066/2066
f 2066/2066/2066 2122/2122/2122 2123/2123/2123
f 2066/2066/2066 2123/2123/2123 2067/2067/2067
f 2067/2067/2067 2123/2123/2123 2124/2124/2124
f 2067/2067/2067 2124/2124/2124 2068/2068/2068
f 2068/2068/2068 2124/2124/2124 2125/2125/2125
f 2068/2068/2068 2125/2125/2125 2069/2069/2069
f 2069/2069/2069 2125/2125/2125 2126/2126/2126
f 2069/2069/2069 2126/2126/2126 2070/2070/2070
f 2070/2070/2070 2126/2126/2126 2127/2127/2127
f 2070/2070/2070 2127/2127/2127 2071/2071/2071
f 2071/2071/2071 2127/2127/2127 2128/2128/2128
f 2071/2071/2071 2128/2128/2128 2072/2072/2072
f 2072/2072/2072 2128/2128/2128 2129/2129/2129
f 2072/2072/2072 2129/2129/2129 2073/2073/2073
f 2073/2073/2073 2129/2129/2129 2130/2130/2130
f 2073/2073/2073 2130/2130/2130 2074/2074/2074
f 2074/2074/2074 2130/2130/2130 2131/2131/2131
f 2074/2074/2074 2131/2131/2131 2075/2075/2075
f 2075/2075/2075 2131/2131/2131 2132/2132/2132
f 2075/2075/2075 2132/2132/2132 2076/2076/2076
f 2076/2076/2076 2132/2132/2132 2133/2133/2133
f 2076/2076/2076 2133/2133/2133 2077/2077/2077
f 2077/2077/2077 2133/2133/2133 2134/2134/2134
f 2077/2077/2077 2134/2134/2134 2078/2078/2078
f 2078/2078/2078 2134/2134/2134 2135/2135/2135
f 2078/2078/2078 2135/2135/2135 2079/2079/2079
f 2079/2079/2079 2135/2135/2135 2136/2136/2136
f 2079/2079/2079 2136/2136/2136 2080/2080/2080
f 2080/2080/2080 2136/2136/2136 2137/2137/2137
f 2080/2080/2080 2137/2137/2137 2081/2081/2081
f 2081/2081/2081 2137/2137/2137 2138/2138/2138
f 2081/2081/2081 2138/2138/2138 2082/2082/2082
f 2082/2082/2082 2138/2138/2138 2139/2139/2139
f 2082/2082/2082 2139/2139/2139 2083/2083/2083
f 2083/2083/2083 2139/2139/2139 2140/2140/2140
f 2083/2083/2083 2140/2140/2140 2084/2084/2084
f 2084/2084/2084 2140/2140/2140 2141/2141/2141
f 2084/2084/2084 2141/2141/2141 2085/2085/2085
f 2085/2085/2085 2141/2141/2141 2142/2142/2142
f 2085/2085/2085 2142/2142/2142 2086/2086/2086
f 2086/2086/2086 2142/2142/2142 2143/2143/2143
f 2086/2086/2086 2143/2143/2143 2087/2087/2087
f 2087/2087/2087 2143/2143/2143 2144/2144/2144
f 2087/2087/2087 2144/2144/2144 2088/2088/2088
f 2088/2088/2088 2144/2144/2144 2145/2145/2145
f 2088/2088/2088 2145/2145/2145 2089/2089/2089
f 2089/2089/2089 2145/2145/2145 2146/2146/2146
f 2089/2089/2089 2146/2146/2146 2090/2090/2090
f 2090/2090/2090 2146/2146/2146 2147/2147/2147
f 2090/2090/2090 2147/2147/2147 2091/2091/2091
f 2091/2091/2091 2147/2147/2147 2148/2148/2148
f 2091/2091/2091 2148/2148/2148 2092/2092/2092
f 2092/2092/2092 2148/2148/2148 2149/2149/2149
f 2092/2092/2092 2149/2149/2149 2093/2093/2093
f 2093/2093/2093 2149/2149/2149 2150/2150/2150
f 2093/2093/2093 2150/2150/2150 2094/2094/2094
f 2094/2094/2094 2150/2150/2150 2151/2151/2151
f 2094/2094/2094 2151/2151/2151 2095/2095/2095
f 2095/2095/2095 2151/2151/2151 2152/2152/2152
f 2095/2095/2095 2152/2152/2152 2096/2096/2096
f 2096/2096/2096 2152/2152/2152 2153/2153/2153
f 2096/2096/2096 2153/2153/2153 2097/2097/2097
f 2097/2097/2097 2153/2153/2153 2154/2154/2154
f 2097/2097/2097 2154/2154/2154 2098/2098/2098
f 2098/2098/2098 2154/2154/2154 2155/2155/2155
f 2098/2098/2098 2155/2155/2155 2099/2099/2099
f 2099/2099/2099 2155/2155/2155 2156/2156/2156
f 2099/2099/2099 2156/2156/2156 2100/2100/2100
f 2100/2100/2100 2156/2156/2156 2157/2157/2157
f 2100/2100/2100 2157/2157/2157 2101/2101/2101
f 2101/2101/2101 2157/2157/2157 2158/2158/2158
f 2101/2101/2101 2158/2158/2158 2102/2102/2102
f 2102/2102/2102 2158/2158/2158 2159/2159/2159
f 2102/2102/2102 2159/2159/2159 2103/2103/2103
f 2103/2103/2103 2159/2159/2159 2160/2160/2160
f 2103/2103/2103 2160/2160/2160 2104/2104/2104
f 2104/2104/2104 2160/2160/2160 2161/2161/2161
f 2104/2104/2104 2161/2161/2161 2105/2105/2105
f 2105/2105/2105 2161/2161/2161 2162/2162/2162
f 2105/2105/2105 2162/2162/2162 2106/2106/2106
f 2106/2106/2106 2162/2162/2162 2163/2163/2163
f 2106/2106/2106 2163/2163/2163 2107/2107/2107
f 2107/2107/2107 2163/2163/2163 2164/2164/2164
f 2107/2107/2107 2164/2164/2164 2108/2108/2108
f 2108/2108/2108 2164/2164/2164 2165/2165/2165
f 2108/2108/2108 2165/2165/2165 2109/2109/2109
f 2109/2109/2109 2165/2165/2165 2166/2166/2166
f 2110/2110/2110 2167/2167/2167 2111/2111/2111
f 2111/2111/2111 2167/2167/2167 2168/2168/2168
f 2111/2111/2111 2168/2168/2168 2112/2112/2112
f 2112/2112/2112 2168/2168/2168 2169/2169/2169
f 2112/2112/2112 2169/2169/2169 2113/2113/2113
f 2113/2113/2113 2169/2169/2169 2170/2170/2170
f 2113/2113/2113 2170/2170/2170 2114/2114/2114
f 2114/2114/2114 2170/2170/2170 2171/2171/2171
f 2114/2114/2114 2171/2171/2171 2115/2115/2115
f 2115/2115/2115 2171/2171/2171 2172/2172/2172
f 2115/2115/2115 2172/2172/2172 2116/2116/2116
f 2116/2116/2116 2172/2172/2172 2173/2173/2173
f 2116/2116/2116 2173/2173/2173 2117/2117/2117
f 2117/2117/2117 2173/2173/2173 2174/2174/2174
f 2117/2117/2117 2174/2174/2174 2118/2118/2118
f 2118/2118/2118 2174/2174/2174 2175/2175/2175
f 2118/2118/2118 2175/2175/2175 2119/2119/2119
f 2119/2119/2119 2175/2175/2175 2176/2176/2176
f 2119/2119/2119 2176/2176/2176 2120/2120/2120
f 2120/2120/2120 2176/2176/2176 2177/2177/2177
f 2120/2120/2120 2177/2177/2177 2121/2121/2121
f 2121/2121/2121 2177/2177/2177 2178/2178/2178
f 2121/2121/2121 2178/2178/2178 2122/2122/2122
f 2122/2122/2122 2178/2178/2178 2179/2179/2179
f 2122/2122/2122 2179/2179/2179 2123/2123/2123
f 2123/2123/2123 2179/2179/2179 2180/2180/2180
f 2123/2123/2123 2180/2180/2180 2124/2124/2124
f 2124/2124/2124 2180/2180/2180 2181/2181/2181
f 2124/2124/2124 2181/2181/2181 2125/2125/2125
f 2125/2125/2125 2181/2181/2181 2182/2182/2182
f 2125/2125/2125 2182/2182/2182 2126/2126/2126
f 2126/2126/2126 2182/2182/2182 2183/2183/2183
f 2126/2126/2126 2183/2183/2183 2127/2127/2127
f 2127/2127/2127 2183/2183/2183 2184/2184/2184
f 2127/2127/2127 2184/2184/2184 2128/2128/2128
f 2128/2128/2128 2184/2184/2184 2185/2185/2185
f 2128/2128/2128 2185/2185/2185 2129/2129/2129
f 2129/2129/2129 2185/2185/2185 2186/2186/2186
f 2129/2129/2129 2186/2186/2186 2130/2130/2130
f 2130/2130/2130 2186/2186/2186 2187/2187/2187
f 2130/2130/2130 2187/2187/2187 2131/2131/2131
f 2131/2131/2131 2187/2187/2187 2188/2188/2188
f 2131/2131/2131 2188/2188/2188 2132/2132/2132
f 2132/2132/2132 2188/2188/2188 2189/2189/2189
f 2132/2132/2132 2189/2189/2189 2133/2133/2133
f 2133/2133/2133 2189/2189/2189 2190/2190/2190
f 2133/2133/2133 2190/2190/2190 2134/2134/2134
f 2134/2134/2134 2190/2190/2190 2191/2191/2191
f 2134/2134/2134 2191/2191/2191 2135/2135/2135
f 2135/2135/2135 2191/2191/2191 2192/2192/2192
f 2135/2135/2135 2192/2192/2192 2136/2136/2136
f 2136/2136/2136 2192/2192/2192 2193/2193/2193
f 2136/2136/2136 2193/2193/2193 2137/2137/2137
f 2137/2137/2137 2193/2193/2193 2194/2194/2194
f 2137/2137/2137 2194/2194/2194 2138/2138/2138
f 2138/2138/2138 2194/2194/2194 2195/2195/2195
f 2138/2138/2138 2195/2195/2195 2139/2139/2139
f 2139/2139/2139 2195/2195/2195 2196/2196/2196
f 2139/2139/2139 2196/2196/2196 2140/2140/2140
f 2140/2140/2140 2196/2196/2196 2197/2197/2197
f 2140/2140/2140 2197/2197/2197 2141/2141/2141
f 2141/2141/2141 2197/2197/2197 2198/2198/2198
f 2141/2141/2141 2198/2198/2198 2142/2142/2142
f 2142/2142/2142 2198/2198/2198 2199/2199/2199
f 2142/2142/2142 2199/2199/2199 2143/2143/2143
f 2143/2143/2143 2199/2199/2199 2200/2200/2200
f 2143/2143/2143 2200/2200/2200 2144/2144/2144
f 2144/2144/2144 2200/2200/2200 2201/2201/2201
f 2144/2144/2144 2201/2201/2201 2145/2145/2145
f 2145/2145/2145 2201/2201/2201 2202/2202/2202
f 2145/2145/2145 2202/2202/2202 2146/2146/2146
f 2146/2146/2146 2202/2202/2202 2203/2203/2203
f 2146/2146/2146 2203/2203/2203 2147/2147/2147
f 2147/2147/2147 2203/2203/2203 2204/2204/2204
f 2147/2147/2147 2204/2204/2204 2148/2148/2148
f 2148/2148/2148 2204/2204/2204 2205/2205/2205
f 2148/2148/2148 2205/2205/2205 2149/2149/2149
f 2149/2149/2149 2205/2205/2205 2206/2206/2206
f 2149/2149/2149 2206/2206/2206 2150/2150/2150
f 2150/2150/2150 2206/2206/2206 2207/2207/2207
f 2150/2150/2150 2207/2207/2207 2151/2151/2151
f 2151/2151/2151 2207/2207/2207 2208/2208/2208
f 2151/2151/2151 2208/2208/2208 2152/2152/2152
f 2152/2152/2152 2208/2208/2208 2209/2209/2209
f 2152/2152/2152 2209/2209/2209 2153/2153/2153
f 2153/2153/2153 2209/2209/2209 2210/2210/2210
f 2153/2153/2153 2210/2210/2210 2154/2154/2154
f 2154/2154/2154 2210/2210/2210 2211/2211/2211
f 2154/2154/2154 2211/2211/2211 2155/2155/2155
f 2155/2155/2155 2211/2211/2211 2212/2212/2212
f 2155/2155/2155 2212/2212/2212 2156/2156/2156
f 2156/2156/2156 2212/2212/2212 2213/2213/2213
f 2156/2156/2156 2213/2213/2213 2157/2157/2157
f 2157/2157/2157 2213/2213/2213 2214/2214/2214
f 2157/2157/2157 2214/2214/2214 2158/2158/2158
f 2158/2158/2158 2214/2214/2214 2215/2215/2215
f 2158/2158/2158 2215/2215/2215 2159/2159/2159
f 2159/2159/2159 2215/2215/2215 2216/2216/2216
f 2159/2159/2159 2216/2216/2216 2160/2160/2160
f 2160/2160/2160 2216/2216/2216 2217/2217/2217
f 2160/2160/2160 2217/2217/2217 2161/2161/2161
f 2161/2161/2161 2217/2217/2217 2218/2218/2218
f 2161/2161/2161 2218/2218/2218 2162/2162/2162
f 2162/2162/2162 2218/2218/2218 2219/2219/2219
f 2162/2162/2162 2219/2219/2219 2163/2163/2163
f 2163/2163/2163 2219/2219/2219 2220/2220/2220
f 2163/2163/2163 2220/2220/2220 2164/2164/2164
f 2164/2164/2164 2220/2220/2220 2221/2221/2221
f 2164/2164/2164 2221/2221/2221 2165/2165/2165
f 2165/2165/2165 2221/2221/2221 2222/2222/2222
f 2165/2165/2165 2222/2222/2222 2166/2166/2166
f 2166/2166/2166 2222/2222/2222 2223/2223/2223
f 2167/2167/2167 2224/2224/2224 2168/2168/2168
f 2168/2168/2168 2224/2224/2224 2225/2225/2225
f 2168/2168/2168 2225/2225/2225 2169/2169/2169
f 2169/2169/2169 2225/2225/2225 2226/2226/2226
f 2169/2169/2169 2226/2226/2226 2170/2170/2170
f 2170/2170/2170 2226/2226/2226 2227/2227/2227
f 2170/2170/2170 2227/2227/2227 2171/2171/2171
f 2171/2171/2171 2227/2227/2227 2228/2228/2228
f 2171/2171/2171 2228/2228/2228 2172/2172/2172
f 2172/2172/2172 2228/2228/2228 2229/2229/2229
f 2172/2172/2172 2229/2229/2229 2173/2173/2173
f 2173/2173/2173 2229/2229/2229 2230/2230/2230
f 2173/2173/2173 2230/2230/2230 2174/2174/2174
f 2174/2174/2174 2230/2230/2230 2231/2231/2231
f 2174/2174/2174 2231/2231/2231 2175/2175/2175
f 2175/2175/2175 2231/2231/2231 2232/2232/2232
f 2175/2175/2175 2232/2232/2232 2176/2176/2176
f 2176/2176/2176 2232/2232/2232 2233/2233/2233
f 2176/2176/2176 2233/2233/2233 2177/2177/2177
f 2177/2177/2177 2233/2233/2233 2234/2234/2234
f 2177/2177/2177 2234/2234/2234 2178/2178/2178
f 2178/2178/2178 2234/2234/2234 2235/2235/2235
f 2178/2178/2178 2235/2235/2235 2179/2179/2179
f 2179/2179/2179 2235/2235/2235 2236/2236/2236
f 2179/2179/2179 2236/2236/2236 2180/2180/2180
f 2180/2180/2180 2236/2236/2236 2237/2237/2237
f 2180/2180/2180 2237/2237/2237 2181/2181/2181
f 2181/2181/2181 2237/2237/2237 2238/2238/2238
f 2181/2181/2181 2238/2238/2238 2182/2182/2182
f 2182/2182/2182 2238/2238/2238 2239/2239/2239
f 2182/2182/2182 2239/2239/2239 2183/2183/2183
f 2183/2183/2183 2239/2239/2239 2240/2240/2240
f 2183/2183/2183 2240/2240/2240 2184/2184/2184
f 2184/2184/2184 2240/2240/2240 2241/2241/2241
f 2184/2184/2184 2241/2241/2241 2185/2185/2185
f 2185/2185/2185 2241/2241/2241 2242/2242/2242
f 2185/2185/2185 2242/2242/2242 2186/2186/2186
f 2186/2186/2186 2242/2242/2242 2243/2243/2243
f 2186/2186/2186 2243/2243/2243 2187/2187/2187
f 2187/2187/2187 2243/2243/2243 2244/2244/2244
f 2187/2187/2187 2244/2244/2244 2188/2188/2188
f 2188/2188/2188 2244/2244/2244 2245/2245/2245
f 2188/2188/2188 2245/2245/2245 2189/2189/2189
f 2189/2189/2189 2245/2245/2245 2246/2246/2246
f 2189/2189/2189 2246/2246/2246 2190/2190/2190
f 2190/2190/2190 2246/2246/2246 2247/2247/2247
f 2190/2190/2190 2247/2247/2247 2191/2191/2191
f 2191/2191/2191 2247/2247/2247 2248/2248/2248
f 2191/2191/2191 2248/2248/2248 2192/2192/2192
f 2192/2192/2192 2248/2248/2248 2249/2249/2249
f 2192/2192/2192 2249/2249/2249 2193/2193/2193
f 2193/2193/2193 2249/2249/2249 2250/2250/2250
f 2193/2193/2193 2250/2250/2250 2194/2194/2194
f 2194/2194/2194 2250/2250/2250 2251/2251/2251
f 2194/2194/2194 2251/2251/2251 2195/2195/2195
f 2195/2195/2195 2251/2251/2251 2252/2252/2252
f 2195/2195/2195 2252/2252/2252 2196/2196/2196
f 2196/2196/2196 2252/2252/2252 2253/2253/2253
f 2196/2196/2196 2253/2253/2253 2197/2197/2197
f 2197/2197/2197 2253/2253/2253 2254/2254/2254
f 2197/2197/2197 2254/2254/2254 2198/2198/2198
f 2198/2198/2198 2254/2254/2254 2255/2255/2255
f 2198/2198/2198 2255/2255/2255 2199/2199/2199
f 2199/2199/2199 2255/2255/2255 2256/2256/2256
f 2199/2199/2199 2256/2256/2256 2200/2200/2200
f 2200/2200/2200 2256/2256/2256 2257/2257/2257
f 2200/2200/2200 2257/2257/2257 2201/2201/2201
f 2201/2201/2201 2257/2257/2257 2258/2258/2258
f 2201/2201/2201 2258/2258/2258 2202/2202/2202
f 2202/2202/2202 2258/2258/2258 2259/2259/2259
f 2202/2202/2202 2259/2259/2259 2203/2203/2203
f 2203/2203/2203 2259/2259/2259 2260/2260/2260
f 2203/2203/2203 2260/2260/2260 2204/2204/2204
f 2204/2204/2204 2260/2260/2260 2261/2261/2261
f 2204/2204/2204 2261/2261/2261 2205/2205/2205
f 2205/2205/2205 2261/2261/2261 2262/2262/2262
f 2205/2205/2205 2262/2262/2262 2206/2206/2206
f 2206/2206/2206 2262/2262/2262 2263/2263/2263
f 2206/2206/2206 2263/2263/2263 2207/2207/2207
f 2207/2207/2207 2263/2263/2263 2264/2264/2264
f 2207/2207/2207 2264/2264/2264 2208/2208/2208
f 2208/2208/2208 2264/2264/2264 2265/2265/2265
f 2208/2208/2208 2265/2265/2265 2209/2209/2209
f 2209/2209/2209 2265/2265/2265 2266/2266/2266
f 2209/2209/2209 2266/2266/2266 2210/2210/2210
f 2210/2210/2210 2266/2266/2266 2267/2267/2267
f 2210/2210/2210 2267/2267/2267 2211/2211/2211
f 2211/2211/2211 2267/2267/2267 2268/2268/2268
f 2211/2211/2211 2268/2268/2268 2212/2212/2212
f 2212/2212/2212 2268/2268/2268 2269/2269/2269
f 2212/2212/2212 2269/2269/2269 2213/2213/2213
f 2213/2213/2213 2269/2269/2269 2270/2270/2270
f 2213/2213/2213 2270/2270/2270 2214/2214/2214
f 2214/2214/2214 2270/2270/2270 2271/2271/2271
f 2214/2214/2214 2271/2271/2271 2215/2215/2215
f 2215/2215/2215 2271/2271/2271 2272/2272/2272
f 2215/2215/2215 2272/2272/2272 2216/2216/2216
f 2216/2216/2216 2272/2272/2272 2273/2273/2273
f 2216/2216/2216 2273/2273/2273 2217/2217/2217
f 2217/2217/2217 2273/2273/2273 2274/2274/2274
f 2217/2217/2217 2274/2274/2274 2218/2218/2218
f 2218/2218/2218 2274/2274/2274 2275/2275/2275
f 2218/2218/2218 2275/2275/2275 2219/2219/2219
f 2219/2219/2219 2275/2275/2275 2276/2276/2276
f 2219/2219/2219 2276/2276/2276 2220/2220/2220
f 2220/2220/2220 2276/2276/2276 2277/2277/2277
f 2220/2220/2220 2277/2277/2277 2221/2221/2221
f 2221/2221/2221 2277/2277/2277 2278/2278/2278
f 2221/2221/2221 2278/2278/2278 2222/2222/2222
f 2222/2222/2222 2278/2278/2278 2279/2279/2279
f 2222/2222/2222 2279/2279/2279 2223/2223/2223
f 2223/2223/2223 2279/2279/2279 2280/2280/2280
f 2224/2224/2224 2281/2281/2281 2225/2225/2225
f 2225/2225/2225 2281/2281/2281 2282/2282/2282
f 2225/2225/2225 2282/2282/2282 2226/2226/2226
f 2226/2226/2226 2282/2282/2282 2283/2283/2283
f 2226/2226/2226 2283/2283/2283 2227/2227/2227
f 2227/2227/2227 2283/2283/2283 2284/2284/2284
f 2227/2227/2227 2284/2284/2284 2228/2228/2228
f 2228/2228/2228 2284/2284/2284 2285/2285/2285
f 2228/2228/2228 2285/2285/2285 2229/2229/2229
f 2229/2229/2229 2285/2285/2285 2286/2286/2286
f 2229/2229/2229 2286/2286/2286 2230/2230/2230
f 2230/2230/2230 2286/2286/2286 2287/2287/2287
f 2230/2230/2230 2287/2287/2287 2231/2231/2231
f 2231/2231/2231 2287/2287/2287 2288/2288/2288
f 2231/2231/2231 2288/2288/2288 2232/2232/2232
f 2232/2232/2232 2288/2288/2288 2289/2289/2289
f 2232/2232/2232 2289/2289/2289 2233/2233/2233
f 2233/2233/2233 2289/2289/2289 2290/2290/2290
f 2233/2233/2233 2290/2290/2290 2234/2234/2234
f 2234/2234/2234 2290/2290/2290 2291/2291/2291
f 2234/2234/2234 2291/2291/2291 2235/2235/2235
f 2235/2235/2235 2291/2291/2291 2292/2292/2292
f 2235/2235/2235 2292/2292/2292 2236/2236/2236
f 2236/2236/2236 2292/2292/2292 2293/2293/2293
f 2236/2236/2236 2293/2293/2293 2237/2237/2237
f 2237/2237/2237 2293/2293/2293 2294/2294/2294
f 2237/2237/2237 2294/2294/2294 2238/2238/2238
f 2238/2238/2238 2294/2294/2294 2295/2295/2295
f 2238/2238/2238 2295/2295/2295 2239/2239/2239
f 2239/2239/2239 2295/2295/2295 2296/2296/2296
f 2239/2239/2239 2296/2296/2296 2240/2240/2240
f 2240/2240/2240 2296/2296/2296 2297/2297/2297
f 2240/2240/2240 2297/2297/2297 2241/2241/2241
f 2241/2241/2241 2297/2297/2297 2298/2298/2298
f 2241/2241/2241 2298/2298/2298 2242/2242/2242
f 2242/2242/2242 2298/2298/2298 2299/2299/2299
f 2242/2242/2242 2299/2299/2299 2243/2243/2243
f 2243/2243/2243 2299/2299/2299 2300/2300/2300
f 2243/2243/2243 2300/2300/2300 2244/2244/2244
f 2244/2244/2244 2300/2300/2300 2301/2301/2301
f 2244/2244/2244 2301/2301/2301 2245/2245/2245
f 2245/2245/2245 2301/2301/2301 2302/2302/2302
f 2245/2245/2245 2302/2302/2302 2246/2246/2246
f 2246/2246/2246 2302/2302/2302 2303/2303/2303
f 2246/2246/2246 2303/2303/2303 2247/2247/2247
f 2247/2247/2247 2303/2303/2303 2304/2304/2304
f 2247/2247/2247 2304/2304/2304 2248/2248/2248
f 2248/2248/2248 2304/2304/2304 2305/2305/2305
f 2248/2248/2248 2305/2305/2305 2249/2249/2249
f 2249/2249/2249 2305/2305/2305 2306/2306/2306
f 2249/2249/2249 2306/2306/2306 2250/2250/2250
f 2250/2250/2250 2306/2306/2306 2307/2307/2307
f 2250/2250/2250 2307/2307/2307 2251/2251/2251
f 2251/2251/2251 2307/2307/2307 2308/2308/2308
f 2251/2251/2251 2308/2308/2308 2252/2252/2252
f 2252/2252/2252 2308/2308/2308 2309/2309/2309
f 2252/2252/2252 2309/2309/2309 2253/2253/2253
f 2253/2253/2253 2309/2309/2309 2310/2310/2310
f 2253/2253/2253 2310/2310/2310 2254/2254/2254
f 2254/2254/2254 2310/2310/2310 2311/2311/2311
f 2254/2254/2254 2311/2311/2311 2255/2255/2255
f 2255/2255/2255 2311/2311/2311 2312/2312/2312
f 2255/2255/2255 2312/2312/2312 2256/2256/2256
f 2256/2256/2256 2312/2312/2312 2313/2313/2313
f 2256/2256/2256 2313/2313/2313 2257/2257/2257
f 2257/2257/2257 2313/2313/2313 2314/2314/2314
f 2257/2257/2257 2314/2314/2314 2258/2258/2258
f 2258/2258/2258 2314/2314/2314 2315/2315/2315
f 2258/2258/2258 2315/2315/2315 2259/2259/2259
f 2259/2259/2259 2315/2315/2315 2316/2316/2316
f 2259/2259/2259 2316/2316/2316 2260/2260/2260
f 2260/2260/2260 2316/2316/2316 2317/2317/2317
f 2260/2260/2260 2317/2317/2317 2261/2261/2261
f 2261/2261/2261 2317/2317/2317 2318/2318/2318
f 2261/2261/2261 2318/2318/2318 2262/2262/2262
f 2262/2262/2262 2318/2318/2318 2319/2319/2319
f 2262/2262/2262 2319/2319/2319 2263/2263/2263
f 2263/2263/2263 2319/2319/2319 2320/2320/2320
f 2263/2263/2263 2320/2320/2320 2264/2264/2264
f 2264/2264/2264 2320/2320/2320 2321/2321/2321
f 2264/2264/2264 2321/2321/2321 2265/2265/2265
f 2265/2265/2265 2321/2321/2321 2322/2322/2322
f 2265/2265/2265 2322/2322/2322 2266/2266/2266
f 2266/2266/2266 2322/2322/2322 2323/2323/2323
f 2266/2266/2266 2323/2323/2323 2267/2267/2267
f 2267/2267/2267 2323/2323/2323 2324/2324/2324
f 2267/2267/2267 2324/2324/2324 2268/2268/2268
f 2268/2268/2268 2324/2324/2324 2325/2325/2325
f 2268/2268/2268 2325/2325/2325 2269/2269/2269
f 2269/2269/2269 2325/2325/2325 2326/2326/2326
f 2269/2269/2269 2326/2326/2326 2270/2270/2270
f 2270/2270/2270 2326/2326/2326 2327/2327/2327
f 2270/2270/2270 2327/2327/2327 2271/2271/2271
f 2271/2271/2271 2327/2327/2327 2328/2328/2328
f 2271/2271/2271 2328/2328/2328 2272/2272/2272
f 2272/2272/2272 2328/2328/2328 2329/2329/2329
f 2272/2272/2272 2329/2329/2329 2273/2273/2273
f 2273/2273/2273 2329/2329/2329 2330/2330/2330
f 2273/2273/2273 2330/2330/2330 2274/2274/2274
f 2274/2274/2274 2330/2330/2330 2331/2331/2331
f 2274/2274/2274 2331/2331/2331 2275/2275/2275
f 2275/2275/2275 2331/2331/2331 2332/2332/2332
f 2275/2275/2275 2332/2332/2332 2276/2276/2276
f 2276/2276/2276 2332/2332/2332 2333/2333/2333
f 2276/2276/2276 2333/2333/2333 2277/2277/2277
f 2277/2277/2277 2333/2333/2333 2334/2334/2334
f 2277/2277/2277 2334/2334/2334 2278/2278/2278
f 2278/2278/2278 2334/2334/2334 2335/2335/2335
f 2278/2278/2278 2335/2335/2335 2279/2279/2279
f 2279/2279/2279 2335/2335/2335 2336/2336/2336
f 2279/2279/2279 2336/2336/2336 2280/2280/2280
f 2280/2280/2280 2336/2336/2336 2337/2337/2337
f 2281/2281/2281 2338/2338/2338 2282/2282/2282
f 2282/2282/2282 2338/2338/2338 2339/2339/2339
f 2282/2282/2282 2339/2339/2339 2283/2283/2283
f 2283/2283/2283 2339/2339/2339 2340/2340/2340
f 2283/2283/2283 2340/2340/2340 2284/2284/2284
f 2284/2284/2284 2340/2340/2340 2341/2341/2341
f 2284/2284/2284 2341/2341/2341 2285/2285/2285
f 2285/2285/2285 2341/2341/2341 2342/2342/2342
f 2285/2285/2285 2342/2342/2342 2286/2286/2286
f 2286/2286/2286 2342/2342/2342 2343/2343/2343
f 2286/2286/2286 2343/2343/2343 2287/2287/2287
f 2287/2287/2287 2343/2343/2343 2344/2344/2344
f 2287/2287/2287 2344/2344/2344 2288/2288/2288
f 2288/2288/2288 2344/2344/2344 2345/2345/2345
f 2288/2288/2288 2345/2345/2345 2289/2289/2289
f 2289/2289/2289 2345/2345/2345 2346/2346/2346
f 2289/2289/2289 2346/2346/2346 2290/2290/2290
f 2290/2290/2290 2346/2346/2346 2347/2347/2347
f 2290/2290/2290 2347/2347/2347 2291/2291/2291
f 2291/2291/2291 2347/2347/2347 2348/2348/2348
f 2291/2291/2291 2348/2348/2348 2292/2292/2292
f 2292/2292/2292 2348/2348/2348 2349/2349/2349
f 2292/2292/2292 2349/2349/2349 2293/2293/2293
f 2293/2293/2293 2349/2349/2349 2350/2350/2350
f 2293/2293/2293 2350/2350/2350 2294/2294/2294
f 2294/2294/2294 2350/2350/2350 2351/2351/2351
f 2294/2294/2294 2351/2351/2351 2295/2295/2295
f 2295/2295/2295 2351/2351/2351 2352/2352/2352
f 2295/2295/2295 2352/2352/2352 2296/2296/2296
f 2296/2296/2296 2352/2352/2352 2353/2353/2353
f 2296/2296/2296 2353/2353/2353 2297/2297/2297
f 2297/2297/2297 2353/2353/2353 2354/2354/2354
f 2297/2297/2297 2354/2354/2354 2298/2298/2298
f 2298/2298/2298 2354/2354/2354 2355/2355/2355
f 2298/2298/2298 2355/2355/2355 2299/2299/2299
f 2299/2299/2299 2355/2355/2355 2356/2356/2356
f 2299/2299/2299 2356/2356/2356 2300/2300/2300
f 2300/2300/2300 2356/2356/2356 2357/2357/2357
f 2300/2300/2300 2357/2357/2357 2301/2301/2301
f 2301/2301/2301 2357/2357/2357 2358/2358/2358
f 2301/2301/2301 2358/2358/2358 2302/2302/2302
f 2302/2302/2302 2358/2358/2358 2359/2359/2359
f 2302/2302/2302 2359/2359/2359 2303/2303/2303
f 2303/2303/2303 2359/2359/2359 2360/2360/2360
f 2303/2303/2303 2360/2360/2360 2304/2304/2304
f 2304/2304/2304 2360/2360/2360 2361/2361/2361
f 2304/2304/2304 2361/2361/2361 2305/2305/2305
f 2305/2305/2305 2361/2361/2361 2362/2362/2362
f 2305/2305/2305 2362/2362/2362 2306/2306/2306
f 2306/2306/2306 2362/2362/2362 2363/2363/2363
f 2306/2306/2306 2363/2363/2363 2307/2307/2307
f 2307/2307/2307 2363/2363/2363 2364/2364/2364
f 2307/2307/2307 2364/2364/2364 2308/2308/2308
f 2308/2308/2308 2364/2364/2364 2365/2365/2365
f 2308/2308/2308 2365/2365/2365 2309/2309/2309
f 2309/2309/2309 2365/2365/2365 2366/2366/2366
f 2309/2309/2309 2366/2366/2366 2310/2310/2310
f 2310/2310/2310 2366/2366/2366 2367/2367/2367
f 2310/2310/2310 2367/2367/2367 2311/2311/2311
f 2311/2311/2311 2367/2367/2367 2368/2368/2368
f 2311/2311/2311 2368/2368/2368 2312/2312/2312
f 2312/2312/2312 2368/2368/2368 2369/2369/2369
f 2312/2312/2312 2369/2369/2369 2313/2313/2313
f 2313/2313/2313 2369/2369/2369 2370/2370/2370
f 2313/2313/2313 2370/2370/2370 2314/2314/2314
f 2314/2314/2314 2370/2370/2370 2371/2371/2371
f 2314/2314/2314 2371/2371/2371 2315/2315/2315
f 2315/2315/2315 2371/2371/2371 2372/2372/2372
f 2315/2315/2315 2372/2372/2372 2316/2316/2316
f 2316/2316/2316 2372/2372/2372 2373/2373/2373
f 2316/2316/2316 2373/2373/2373 2317/2317/2317
f 2317/2317/2317 2373/2373/2373 2374/2374/2374
f 2317/2317/2317 2374/2374/2374 2318/2318/2318
f 2318/2318/2318 2374/2374/2374 2375/2375/2375
f 2318/2318/2318 2375/2375/2375 2319/2319/2319
f 2319/2319/2319 2375/2375/2375 2376/2376/2376
f 2319/2319/2319 2376/2376/2376 2320/2320/2320
f 2320/2320/2320 2376/2376/2376 2377/2377/2377
f 2320/2320/2320 2377/2377/2377 2321/2321/2321
f 2321/2321/2321 2377/2377/2377 2378/2378/2378
f 2321/2321/2321 2378/2378/2378 2322/2322/2322
f 2322/2322/2322 2378/2378/2378 2379/2379/2379
f 2322/2322/2322 2379/2379/2379 2323/2323/2323
f 2323/2323/2323 2379/2379/2379 2380/2380/2380
f 2323/2323/2323 2380/2380/2380 2324/2324/2324
f 2324/2324/2324 2380/2380/2380 2381/2381/2381
f 2324/2324/2324 2381/2381/2381 2325/2325/2325
f 2325/2325/2325 2381/2381/2381 2382/2382/2382
f 2325/2325/2325 2382/2382/2382 2326/2326/2326
f 2326/2326/2326 2382/2382/2382 2383/2383/2383
f 2326/2326/2326 2383/2383/2383 2327/2327/2327
f 2327/2327/2327 2383/2383/2383 2384/2384/2384
f 2327/2327/2327 2384/2384/2384 2328/2328/2328
f 2328/2328/2328 2384/2384/2384 2385/2385/2385
f 2328/2328/2328 2385/2385/2385 2329/2329/2329
f 2329/2329/2329 2385/2385/2385 2386/2386/2386
f 2329/2329/2329 2386/2386/2386 2330/2330/2330
f 2330/2330/2330 2386/2386/2386 2387/2387/2387
f 2330/2330/2330 2387/2387/2387 2331/2331/2331
f 2331/2331/2331 2387/2387/2387 2388/2388/2388
f 2331/2331/2331 2388/2388/2388 2332/2332/2332
f 2332/2332/2332 2388/2388/2388 2389/2389/2389
f 2332/2332/2332 2389/2389/2389 2333/2333/2333
f 2333/2333/2333 2389/2389/2389 2390/2390/2390
f 2333/2333/2333 2390/2390/2390 2334/2334/2334
f 2334/2334/2334 2390/2390/2390 2391/2391/2391
f 2334/2334/2334 2391/2391/2391 2335/2335/2335
f 2335/2335/2335 2391/2391/2391 2392/2392/2392
f 2335/2335/2335 2392/2392/2392 2336/2336/2336
f 2336/2336/2336 2392/2392/2392 2393/2393/2393
f 2336/2336/2336 2393/2393/2393 2337/2337/2337
f 2337/2337/2337 2393/2393/2393 2394/2394/2394
f 2338/2338/2338 2395/2395/2395 2339/2339/2339
f 2339/2339/2339 2395/2395/2395 2396/2396/2396
f 2339/2339/2339 2396/2396/2396 2340/2340/2340
f 2340/2340/2340 2396/2396/2396 2397/2397/2397
f 2340/2340/2340 2397/2397/2397 2341/2341/2341
f 2341/2341/2341 2397/2397/2397 2398/2398/2398
f 2341/2341/2341 2398/2398/2398 2342/2342/2342
f 2342/2342/2342 2398/2398/2398 2399/2399/2399
f 2342/2342/2342 2399/2399/2399 2343/2343/2343
f 2343/2343/2343 2399/2399/2399 2400/2400/2400
f 2343/2343/2343 2400/2400/2400 2344/2344/2344
f 2344/2344/2344 2400/2400/2400 2401/2401/2401
f 2344/2344/2344 2401/2401/2401 2345/2345/2345
f 2345/2345/2345 2401/2401/2401 2402/2402/2402
f 2345/2345/2345 2402/2402/2402 2346/2346/2346
f 2346/2346/2346 2402/2402/2402 2403/2403/2403
f 2346/2346/2346 2403/2403/2403 2347/2347/2347
f 2347/2347/2347 2403/2403/2403 2404/2404/2404
f 2347/2347/2347 2404/2404/2404 2348/2348/2348
f 2348/2348/2348 2404/2404/2404 2405/2405/2405
f 2348/2348/2348 2405/2405/2405 2349/2349/2349
f 2349/2349/2349 2405/2405/2405 2406/2406/2406
f 2349/2349/2349 2406/2406/2406 2350/2350/2350
f 2350/2350/2350 2406/2406/2406 2407/2407/2407
f 2350/2350/2350 2407/2407/2407 2351/2351/2351
f 2351/2351/2351 2407/2407/2407 2408/2408/2408
f 2351/2351/2351 2408/2408/2408 2352/2352/2352
f 2352/2352/2352 2408/2408/2408 2409/2409/2409
f 2352/2352/2352 2409/2409/2409 2353/2353/2353
f 2353/2353/2353 2409/2409/2409 2410/2410/2410
f 2353/2353/2353 2410/2410/2410 2354/2354/2354
f 2354/2354/2354 2410/2410/2410 2411/2411/2411
f 2354/2354/2354 2411/2411/2411 2355/2355/2355
f 2355/2355/2355 2411/2411/2411 2412/2412/2412
f 2355/2355/2355 2412/2412/2412 2356/2356/2356
f 2356/2356/2356 2412/2412/2412 2413/2413/2413
f 2356/2356/2356 2413/2413/2413 2357/2357/2357
f 2357/2357/2357 2413/2413/2413 2414/2414/2414
f 2357/2357/2357 2414/2414/2414 2358/2358/2358
f 2358/2358/2358 2414/2414/2414 2415/2415/2415
f 2358/2358/2358 2415/2415/2415 2359/2359/2359
f 2359/2359/2359 2415/2415/2415 2416/2416/2416
f 2359/2359/2359 2416/2416/2416 2360/2360/2360
f 2360/2360/2360 2416/2416/2416 2417/2417/2417
f 2360/2360/2360 2417/2417/2417 2361/2361/2361
f 2361/2361/2361 2417/2417/2417 2418/2418/2418
f 2361/2361/2361 2418/2418/2418 2362/2362/2362
f 2362/2362/2362 2418/2418/2418 2419/2419/2419
f 2362/2362/2362 2419/2419/2419 2363/2363/2363
f 2363/2363/2363 2419/2419/2419 2420/2420/2420
f 2363/2363/2363 2420/2420/2420 2364/2364/2364
f 2364/2364/2364 2420/2420/2420 2421/2421/2421
f 2364/2364/2364 2421/2421/2421 2365/2365/2365
f 2365/2365/2365 2421/2421/2421 2422/2422/2422
f 2365/2365/2365 2422/2422/2422 2366/2366/2366
f 2366/2366/2366 2422/2422/2422 2423/2423/2423
f 2366/2366/2366 2423/2423/2423 2367/2367/2367
f 2367/2367/2367 2423/2423/2423 2424/2424/2424
f 2367/2367/2367 2424/2424/2424 2368/2368/2368
f 2368/2368/2368 2424/2424/2424 2425/2425/2425
f 2368/2368/2368 2425/2425/2425 2369/2369/2369
f 2369/2369/2369 2425/2425/2425 2426/2426/2426
f 2369/2369/2369 2426/2426/2426 2370/2370/2370
f 2370/2370/2370 2426/2426/2426 2427/2427/2427
f 2370/2370/2370 2427/2427/2427 2371/2371/2371
f 2371/2371/2371 2427/2427/2427 2428/2428/2428
f 2371/2371/2371 2428/2428/2428 2372/2372/2372
f 2372/2372/2372 2428/2428/2428 2429/2429/2429
f 2372/2372/2372 2429/2429/2429 2373/2373/2373
f 2373/2373/2373 2429/2429/2429 2430/2430/2430
f 2373/2373/2373 2430/2430/2430 2374/2374/2374
f 2374/2374/2374 2430/2430/2430 2431/2431/2431
f 2374/2374/2374 2431/2431/2431 2375/2375/2375
f 2375/2375/2375 2431/2431/2431 2432/2432/2432
f 2375/2375/2375 2432/2432/2432 2376/2376/2376
f 2376/2376/2376 2432/2432/2432 2433/2433/2433
f 2376/2376/2376 2433/2433/2433 2377/2377/2377
f 2377/2377/2377 2433/2433/2433 2434/2434/2434
f 2377/2377/2377 2434/2434/2434 2378/2378/2378
f 2378/2378/2378 2434/2434/2434 2435/2435/2435
f 2378/2378/2378 2435/2435/2435 2379/2379/2379
f 2379/2379/2379 2435/2435/2435 2436/2436/2436
f 2379/2379/2379 2436/2436/2436 2380/2380/2380
f 2380/2380/2380 2436/2436/2436 2437/2437/2437
f 2380/2380/2380 2437/2437/2437 2381/2381/2381
f 2381/2381/2381 2437/2437/2437 2438/2438/2438
f 2381/2381/2381 2438/2438/2438 2382/2382/2382
f 2382/2382/2382 2438/2438/2438 2439/2439/2439
f 2382/2382/2382 2439/2439/2439 2383/2383/2383
f 2383/2383/2383 2439/2439/2439 2440/2440/2440
f 2383/2383/2383 2440/2440/2440 2384/2384/2384
f 2384/2384/2384 2440/2440/2440 2441/2441/2441
f 2384/2384/2384 2441/2441/2441 2385/2385/2385
f 2385/2385/2385 2441/2441/2441 2442/2442/2442
f 2385/2385/2385 2442/2442/2442 2386/2386/2386
f 2386/2386/2386 2442/2442/2442 2443/2443/2443
f 2386/2386/2386 2443/2443/2443 2387/2387/2387
f 2387/2387/2387 2443/2443/2443 2444/2444/2444
f 2387/2387/2387 2444/2444/2444 2388/2388/2388
f 2388/2388/2388 2444/2444/2444 2445/2445/2445
f 2388/2388/2388 2445/2445/2445 2389/2389/2389
f 2389/2389/2389 2445/2445/2445 2446/2446/2446
f 2389/2389/2389 2446/2446/2446 2390/2390/2390
f 2390/2390/2390 2446/2446/2446 2447/2447/2447
f 2390/2390/2390 2447/2447/2447 2391/2391/2391
f 2391/2391/2391 2447/2447/2447 2448/2448/2448
f 2391/2391/2391 2448/2448/2448 2392/2392/2392
f 2392/2392/2392 2448/2448/2448 2449/2449/2449
f 2392/2392/2392 2449/2449/2449 2393/2393/2393
f 2393/2393/2393 2449/2449/2449 2450/2450/2450
f 2393/2393/2393 2450/2450/2450 2394/2394/2394
f 2394/2394/2394 2450/2450/2450 2451/2451/2451
f 2395/2395/2395 2452/2452/2452 2396/2396/2396
f 2396/2396/2396 2452/2452/2452 2453/2453/2453
f 2396/2396/2396 2453/2453/2453 2397/2397/2397
f 2397/2397/2397 2453/2453/2453 2454/2454/2454
f 2397/2397/2397 2454/2454/2454 2398/2398/2398
f 2398/2398/2398 2454/2454/2454 2455/2455/2455
f 2398/2398/2398 2455/2455/2455 2399/2399/2399
f 2399/2399/2399 2455/2455/2455 2456/2456/2456
f 2399/2399/2399 2456/2456/2456 2400/2400/2400
f 2400/2400/2400 2456/2456/2456 2457/2457/2457
f 2400/2400/2400 2457/2457/2457 2401/2401/2401
f 2401/2401/2401 2457/2457/2457 2458/2458/2458
f 2401/2401/2401 2458/2458/2458 2402/2402/2402
f 2402/2402/2402 2458/2458/2458 2459/2459/2459
f 2402/2402/2402 2459/2459/2459 2403/2403/2403
f 2403/2403/2403 2459/2459/2459 2460/2460/2460
f 2403/2403/2403 2460/2460/2460 2404/2404/2404
f 2404/2404/2404 2460/2460/2460 2461/2461/2461
f 2404/2404/2404 2461/2461/2461 2405/2405/2405
f 2405/2405/2405 2461/2461/2461 2462/2462/2462
f 2405/2405/2405 2462/2462/2462 2406/2406/2406
f 2406/2406/2406 2462/2462/2462 2463/2463/2463
f 2406/2406/2406 2463/2463/2463 2407/2407/2407
f 2407/2407/2407 2463/2463/2463 2464/2464/2464
f 2407/2407/2407 2464/2464/2464 2408/2408/2408
f 2408/2408/2408 2464/2464/2464 2465/2465/2465
f 2408/2408/2408 2465/2465/2465 2409/2409/2409
f 2409/2409/2409 2465/2465/2465 2466/2466/2466
f 2409/2409/2409 2466/2466/2466 2410/2410/2410
f 2410/2410/2410 2466/2466/2466 2467/2467/2467
f 2410/2410/2410 2467/2467/2467 2411/2411/2411
f 2411/2411/2411 2467/2467/2467 2468/2468/2468
f 2411/2411/2411 2468/2468/2468 2412/2412/2412
f 2412/2412/2412 2468/2468/2468 2469/2469/2469
f 2412/2412/2412 2469/2469/2469 2413/2413/2413
f 2413/2413/2413 2469/2469/2469 2470/2470/2470
f 2413/2413/2413 2470/2470/2470 2414/2414/2414
f 2414/2414/2414 2470/2470/2470 2471/2471/2471
f 2414/2414/2414 2471/2471/2471 2415/2415/2415
f 2415/2415/2415 2471/2471/2471 2472/2472/2472
f 2415/2415/2415 2472/2472/2472 2416/2416/2416
f 2416/2416/2416 2472/2472/2472 2473/2473/2473
f 2416/2416/2416 2473/2473/2473 2417/2417/2417
f 2417/2417/2417 2473/2473/2473 2474/2474/2474
f 2417/2417/2417 2474/2474/2474 2418/2418/2418
f 2418/2418/2418 2474/2474/2474 2475/2475/2475
f 2418/2418/2418 2475/2475/2475 2419/2419/2419
f 2419/2419/2419 2475/2475/2475 2476/2476/2476
f 2419/2419/2419 2476/2476/2476 2420/2420/2420
f 2420/2420/2420 2476/2476/2476 2477/2477/2477
f 2420/2420/2420 2477/2477/2477 2421/2421/2421
f 2421/2421/2421 2477/2477/2477 2478/2478/2478
f 2421/2421/2421 2478/2478/2478 2422/2422/2422
f 2422/2422/2422 2478/2478/2478 2479/2479/2479
f 2422/2422/2422 2479/2479/2479 2423/2423/2423
f 2423/2423/2423 2479/2479/2479 2480/2480/2480
f 2423/2423/2423 2480/2480/2480 2424/2424/2424
f 2424/2424/2424 2480/2480/2480 2481/2481/2481
f 2424/2424/2424 2481/2481/2481 2425/2425/2425
f 2425/2425/2425 2481/2481/2481 2482/2482/2482
f 2425/2425/2425 2482/2482/2482 2426/2426/2426
f 2426/2426/2426 2482/2482/2482 2483/2483/2483
f 2426/2426/2426 2483/2483/2483 2427/2427/2427
f 2427/2427/2427 2483/2483/2483 2484/2484/2484
f 2427/2427/2427 2484/2484/2484 2428/2428/2428
f 2428/2428/2428 2484/2484/2484 2485/2485/2485
f 2428/2428/2428 2485/2485/2485 2429/2429/2429
f 2429/2429/2429 2485/2485/2485 2486/2486/2486
f 2429/2429/2429 2486/2486/2486 2430/2430/2430
f 2430/2430/2430 2486/2486/2486 2487/2487/2487
f 2430/2430/2430 2487/2487/2487 2431/2431/2431
f 2431/2431/2431 2487/2487/2487 2488/2488/2488
f 2431/2431/2431 2488/2488/2488 2432/2432/2432
f 2432/2432/2432 2488/2488/2488 2489/2489/2489
f 2432/2432/2432 2489/2489/2489 2433/2433/2433
f 2433/2433/2433 2489/2489/2489 2490/2490/2490
f 2433/2433/2433 2490/2490/2490 2434/2434/2434
f 2434/2434/2434 2490/2490/2490 2491/2491/2491
f 2434/2434/2434 2491/2491/2491 2435/2435/2435
f 2435/2435/2435 2491/2491/2491 2492/2492/2492
f 2435/2435/2435 2492/2492/2492 2436/2436/2436
f 2436/2436/2436 2492/2492/2492 2493/2493/2493
f 2436/2436/2436 2493/2493/2493 2437/2437/2437
f 2437/2437/2437 2493/2493/2493 2494/2494/2494
f 2437/2437/2437 2494/2494/2494 2438/2438/2438
f 2438/2438/2438 2494/2494/2494 2495/2495/2495
f 2438/2438/2438 2495/2495/2495 2439/2439/2439
f 2439/2439/2439 2495/2495/2495 2496/2496/2496
f 2439/2439/2439 2496/2496/2496 2440/2440/2440
f 2440/2440/2440 2496/2496/2496 2497/2497/2497
f 2440/2440/2440 2497/2497/2497 2441/2441/2441
f 2441/2441/2441 2497/2497/2497 2498/2498/2498
f 2441/2441/2441 2498/2498/2498 2442/2442/2442
f 2442/2442/2442 2498/2498/2498 2499/2499/2499
f 2442/2442/2442 2499/2499/2499 2443/2443/2443
f 2443/2443/2443 2499/2499/2499 2500/2500/2500
f 2443/2443/2443 2500/2500/2500 2444/2444/2444
f 2444/2444/2444 2500/2500/2500 2501/2501/2501
f 2444/2444/2444 2501/2501/2501 2445/2445/2445
f 2445/2445/2445 2501/2501/2501 2502/2502/2502
f 2445/2445/2445 2502/2502/2502 2446/2446/2446
f 2446/2446/2446 2502/2502/2502 2503/2503/2503
f 2446/2446/2446 2503/2503/2503 2447/2447/2447
f 2447/2447/2447 2503/2503/2503 2504/2504/2504
f 2447/2447/2447 2504/2504/2504 2448/2448/2448
f 2448/2448/2448 2504/2504/2504 2505/2505/2505
f 2448/2448/2448 2505/2505/2505 2449/2449/2449
f 2449/2449/2449 2505/2505/2505 2506/2506/2506
f 2449/2449/2449 2506/2506/2506 2450/2450/2450
f 2450/2450/2450 2506/2506/2506 2507/2507/2507
f 2450/2450/2450 2507/2507/2507 2451/2451/2451
f 2451/2451/2451 2507/2507/2507 2508/2508/2508
f 2452/2452/2452 2509/2509/2509 2453/2453/2453
f 2453/2453/2453 2509/2509/2509 2510/2510/2510
f 2453/2453/2453 2510/2510/2510 2454/2454/2454
f 2454/2454/2454 2510/2510/2510 2511/2511/2511
f 2454/2454/2454 2511/2511/2511 2455/2455/2455
f 2455/2455/2455 2511/2511/2511 2512/2512/2512
f 2455/2455/2455 2512/2512/2512 2456/2456/2456
f 2456/2456/2456 2512/2512/2512 2513/2513/2513
f 2456/2456/2456 2513/2513/2513 2457/2457/2457
f 2457/2457/2457 2513/2513/2513 2514/2514/2514
f 2457/2457/2457 2514/2514/2514 2458/2458/2458
f 2458/2458/2458 2514/2514/2514 2515/2515/2515
f 2458/2458/2458 2515/2515/2515 2459/2459/2459
f 2459/2459/2459 2515/2515/2515 2516/2516/2516
f 2459/2459/2459 2516/2516/2516 2460/2460/2460
f 2460/2460/2460 2516/2516/2516 2517/2517/2517
f 2460/2460/2460 2517/2517/2517 2461/2461/2461
f 2461/2461/2461 2517/2517/2517 2518/2518/2518
f 2461/2461/2461 2518/2518/2518 2462/2462/2462
f 2462/2462/2462 2518/2518/2518 2519/2519/2519
f 2462/2462/2462 2519/2519/2519 2463/2463/2463
f 2463/2463/2463 2519/2519/2519 2520/2520/2520
f 2463/2463/2463 2520/2520/2520 2464/2464/2464
f 2464/2464/2464 2520/2520/2520 2521/2521/2521
f 2464/2464/2464 2521/2521/2521 2465/2465/2465
f 2465/2465/2465 2521/2521/2521 2522/2522/2522
f 2465/2465/2465 2522/2522/2522 2466/2466/2466
f 2466/2466/2466 2522/2522/2522 2523/2523/2523
f 2466/2466/2466 2523/2523/2523 2467/2467/2467
f 2467/2467/2467 2523/2523/2523 2524/2524/2524
f 2467/2467/2467 2524/2524/2524 2468/2468/2468
f 2468/2468/2468 2524/2524/2524 2525/2525/2525
f 2468/2468/2468 2525/2525/2525 2469/2469/2469
f 2469/2469/2469 2525/2525/2525 2526/2526/2526
f 2469/2469/2469 2526/2526/2526 2470/2470/2470
f 2470/2470/2470 2526/2526/2526 2527/2527/2527
f 2470/2470/2470 2527/2527/2527 2471/2471/2471
f 2471/2471/2471 2527/2527/2527 2528/2528/2528
f 2471/2471/2471 2528/2528/2528 2472/2472/2472
f 2472/2472/2472 2528/2528/2528 2529/2529/2529
f 2472/2472/2472 2529/2529/2529 2473/2473/2473
f 2473/2473/2473 2529/2529/2529 2530/2530/2530
f 2473/2473/2473 2530/2530/2530 2474/2474/2474
f 2474/2474/2474 2530/2530/2530 2531/2531/2531
f 2474/2474/2474 2531/2531/2531 2475/2475/2475
f 2475/2475/2475 2531/2531/2531 2532/2532/2532
f 2475/2475/2475 2532/2532/2532 2476/2476/2476
f 2476/2476/2476 2532/2532/2532 2533/2533/2533
f 2476/2476/2476 2533/2533/2533 2477/2477/2477
f 2477/2477/2477 2533/2533/2533 2534/2534/2534
f 2477/2477/2477 2534/2534/2534 2478/2478/2478
f 2478/2478/2478 2534/2534/2534 2535/2535/2535
f 2478/2478/2478 2535/2535/2535 2479/2479/2479
f 2479/2479/2479 2535/2535/2535 2536/2536/2536
f 2479/2479/2479 2536/2536/2536 2480/2480/2480
f 2480/2480/2480 2536/2536/2536 2537/2537/2537
f 2480/2480/2480 2537/2537/2537 2481/2481/2481
f 2481/2481/2481 2537/2537/2537 2538/2538/2538
f 2481/2481/2481 2538/2538/2538 2482/2482/2482
f 2482/2482/2482 2538/2538/2538 2539/2539/2539
f 2482/2482/2482 2539/2539/2539 2483/2483/2483
f 2483/2483/2483 2539/2539/2539 2540/2540/2540
f 2483/2483/2483 2540/2540/2540 2484/2484/2484
f 2484/2484/2484 2540/2540/2540 2541/2541/2541
f 2484/2484/2484 2541/2541/2541 2485/2485/2485
f 2485/2485/2485 2541/2541/2541 2542/2542/2542
f 2485/2485/2485 2542/2542/2542 2486/2486/2486
f 2486/2486/2486 2542/2542/2542 2543/2543/2543
f 2486/2486/2486 2543/2543/2543 2487/2487/2487
f 2487/2487/2487 2543/2543/2543 2544/2544/2544
f 2487/2487/2487 2544/2544/2544 2488/2488/2488
f 2488/2488/2488 2544/2544/2544 2545/2545/2545
f 2488/2488/2488 2545/2545/2545 2489/2489/2489
f 2489/2489/2489 2545/2545/2545 2546/2546/2546
f 2489/2489/2489 2546/2546/2546 2490/2490/2490
f 2490/2490/2490 2546/2546/2546 2547/2547/2547
f 2490/2490/2490 2547/2547/2547 2491/2491/2491
f 2491/2491/2491 2547/2547/2547 2548/2548/2548
f 2491/2491/2491 2548/2548/2548 2492/2492/2492
f 2492/2492/2492 2548/2548/2548 2549/2549/2549
f 2492/2492/2492 2549/2549/2549 2493/2493/2493
f 2493/2493/2493 2549/2549/2549 2550/2550/2550
f 2493/2493/2493 2550/2550/2550 2494/2494/2494
f 2494/2494/2494 2550/2550/2550 2551/2551/2551
f 2494/2494/2494 2551/2551/2551 2495/2495/2495
f 2495/2495/2495 2551/2551/2551 2552/2552/2552
f 2495/2495/2495 2552/2552/2552 2496/2496/2496
f 2496/2496/2496 2552/2552/2552 2553/2553/2553
f 2496/2496/2496 2553/2553/2553 2497/2497/2497
f 2497/2497/2497 2553/2553/2553 2554/2554/2554
f 2497/2497/2497 2554/2554/2554 2498/2498/2498
f 2498/2498/2498 2554/2554/2554 2555/2555/2555
f 2498/2498/2498 2555/2555/2555 2499/2499/2499
f 2499/2499/2499 2555/2555/2555 2556/2556/2556
f 2499/2499/2499 2556/2556/2556 2500/2500/2500
f 2500/2500/2500 2556/2556/2556 2557/2557/2557
f 2500/2500/2500 2557/2557/2557 2501/2501/2501
f 2501/2501/2501 2557/2557/2557 2558/2558/2558
f 2501/2501/2501 2558/2558/2558 2502/2502/2502
f 2502/2502/2502 2558/2558/2558 2559/2559/2559
f 2502/2502/2502 2559/2559/2559 2503/2503/2503
f 2503/2503/2503 2559/2559/2559 2560/2560/2560
f 2503/2503/2503 2560/2560/2560 2504/2504/2504
f 2504/2504/2504 2560/2560/2560 2561/2561/2561
f 2504/2504/2504 2561/2561/2561 2505/2505/2505
f 2505/2505/2505 2561/2561/2561 2562/2562/2562
f 2505/2505/2505 2562/2562/2562 2506/2506/2506
f 2506/2506/2506 2562/2562/2562 2563/2563/2563
f 2506/2506/2506 2563/2563/2563 2507/2507/2507
f 2507/2507/2507 2563/2563/2563 2564/2564/2564
f 2507/2507/2507 2564/2564/2564 2508/2508/2508
f 2508/2508/2508 2564/2564/2564 2565/2565/2565
f 2509/2509/2509 2566/2566/2566 2510/2510/2510
f 2510/2510/2510 2566/2566/2566 2567/2567/2567
f 2510/2510/2510 2567/2567/2567 2511/2511/2511
f 2511/2511/2511 2567/2567/2567 2568/2568/2568
f 2511/2511/2511 2568/2568/2568 2512/2512/2512
f 2512/2512/2512 2568/2568/2568 2569/2569/2569
f 2512/2512/2512 2569/2569/2569 2513/2513/2513
f 2513/2513/2513 2569/2569/2569 2570/2570/2570
f 2513/2513/2513 2570/2570/2570 2514/2514/2514
f 2514/2514/2514 2570/2570/2570 2571/2571/2571
f 2514/2514/2514 2571/2571/2571 2515/2515/2515
f 2515/2515/2515 2571/2571/2571 2572/2572/2572
f 2515/2515/2515 2572/2572/2572 2516/2516/2516
f 2516/2516/2516 2572/2572/2572 2573/2573/2573
f 2516/2516/2516 2573/2573/2573 2517/2517/2517
f 2517/2517/2517 2573/2573/2573 2574/2574/2574
f 2517/2517/2517 2574/2574/2574 2518/2518/2518
f 2518/2518/2518 2574/2574/2574 2575/2575/2575
f 2518/2518/2518 2575/2575/2575 2519/2519/2519
f 2519/2519/2519 2575/2575/2575 2576/2576/2576
f 2519/2519/2519 2576/2576/2576 2520/2520/2520
f 2520/2520/2520 2576/2576/2576 2577/2577/2577
f 2520/2520/2520 2577/2577/2577 2521/2521/2521
f 2521/2521/2521 2577/2577/2577 2578/2578/2578
f 2521/2521/2521 2578/2578/2578 2522/2522/2522
f 2522/2522/2522 2578/2578/2578 2579/2579/2579
f 2522/2522/2522 2579/2579/2579 2523/2523/2523
f 2523/2523/2523 2579/2579/2579 2580/2580/2580
f 2523/2523/2523 2580/2580/2580 2524/2524/2524
f 2524/2524/2524 2580/2580/2580 2581/2581/2581
f 2524/2524/2524 2581/2581/2581 2525/2525/2525
f 2525/2525/2525 2581/2581/2581 2582/2582/2582
f 2525/2525/2525 2582/2582/2582 2526/2526/2526
f 2526/2526/2526 2582/2582/2582 2583/2583/2583
f 2526/2526/2526 2583/2583/2583 2527/2527/2527
f 2527/2527/2527 2583/2583/2583 2584/2584/2584
f 2527/2527/2527 2584/2584/2584 2528/2528/2528
f 2528/2528/2528 2584/2584/2584 2585/2585/2585
f 2528/2528/2528 2585/2585/2585 2529/2529/2529
f 2529/2529/2529 2585/2585/2585 2586/2586/2586
f 2529/2529/2529 2586/2586/2586 2530/2530/2530
f 2530/2530/2530 2586/2586/2586 2587/2587/2587
f 2530/2530/2530 2587/2587/2587 2531/2531/2531
f 2531/2531/2531 2587/2587/2587 2588/2588/2588
f 2531/2531/2531 2588/2588/2588 2532/2532/2532
f 2532/2532/2532 2588/2588/2588 2589/2589/2589
f 2532/2532/2532 2589/2589/2589 2533/2533/2533
f 2533/2533/2533 2589/2589/2589 2590/2590/2590
f 2533/2533/2533 2590/2590/2590 2534/2534/2534
f 2534/2534/2534 2590/2590/2590 2591/2591/2591
f 2534/2534/2534 2591/2591/2591 2535/2535/2535
f 2535/2535/2535 2591/2591/2591 2592/2592/2592
f 2535/2535/2535 2592/2592/2592 2536/2536/2536
f 2536/2536/2536 2592/2592/2592 2593/2593/2593
f 2536/2536/2536 2593/2593/2593 2537/2537/2537
f 2537/2537/2537 2593/2593/2593 2594/2594/2594
f 2537/2537/2537 2594/2594/2594 2538/2538/2538
f 2538/2538/2538 2594/2594/2594 2595/2595/2595
f 2538/2538/2538 2595/2595/2595 2539/2539/2539
f 2539/2539/2539 2595/2595/2595 2596/2596/2596
f 2539/2539/2539 2596/2596/2596 2540/2540/2540
f 2540/2540/2540 2596/2596/2596 2597/2597/2597
f 2540/2540/2540 2597/2597/2597 2541/2541/2541
f 2541/2541/2541 2597/2597/2597 2598/2598/2598
f 2541/2541/2541 2598/2598/2598 2542/2542/2542
f 2542/2542/2542 2598/2598/2598 2599/2599/2599
f 2542/2542/2542 2599/2599/2599 2543/2543/2543
f 2543/2543/2543 2599/2599/2599 2600/2600/2600
f 2543/2543/2543 2600/2600/2600 2544/2544/2544
f 2544/2544/2544 2600/2600/2600 2601/2601/2601
f 2544/2544/2544 2601/2601/2601 2545/2545/2545
f 2545/2545/2545 2601/2601/2601 2602/2602/2602
f 2545/2545/2545 2602/2602/2602 2546/2546/2546
f 2546/2546/2546 2602/2602/2602 2603/2603/2603
f 2546/2546/2546 2603/2603/2603 2547/2547/2547
f 2547/2547/2547 2603/2603/2603 2604/2604/2604
f 2547/2547/2547 2604/2604/2604 2548/2548/2548
f 2548/2548/2548 2604/2604/2604 2605/2605/2605
f 2548/2548/2548 2605/2605/2605 2549/2549/2549
f 2549/2549/2549 2605/2605/2605 2606/2606/2606
f 2549/2549/2549 2606/2606/2606 2550/2550/2550
f 2550/2550/2550 2606/2606/2606 2607/2607/2607
f 2550/2550/2550 2607/2607/2607 2551/2551/2551
f 2551/2551/2551 2607/2607/2607 2608/2608/2608
f 2551/2551/2551 2608/2608/2608 2552/2552/2552
f 2552/2552/2552 2608/2608/2608 2609/2609/2609
f 2552/2552/2552 2609/2609/2609 2553/2553/2553
f 2553/2553/2553 2609/2609/2609 2610/2610/2610
f 2553/2553/2553 2610/2610/2610 2554/2554/2554
f 2554/2554/2554 2610/2610/2610 2611/2611/2611
f 2554/2554/2554 2611/2611/2611 2555/2555/2555
f 2555/2555/2555 2611/2611/2611 2612/2612/2612
f 2555/2555/2555 2612/2612/2612 2556/2556/2556
f 2556/2556/2556 2612/2612/2612 2613/2613/2613
f 2556/2556/2556 2613/2613/2613 2557/2557/2557
f 2557/2557/2557 2613/2613/2613 2614/2614/2614
f 2557/2557/2557 2614/2614/2614 2558/2558/2558
f 2558/2558/2558 2614/2614/2614 2615/2615/2615
f 2558/2558/2558 2615/2615/2615 2559/2559/2559
f 2559/2559/2559 2615/2615/2615 2616/2616/2616
f 2559/2559/2559 2616/2616/2616 2560/2560/2560
f 2560/2560/2560 2616/2616/2616 2617/2617/2617
f 2560/2560/2560 2617/2617/2617 2561/2561/2561
f 2561/2561/2561 2617/2617/2617 2618/2618/2618
f 2561/2561/2561 2618/2618/2618 2562/2562/2562
f 2562/2562/2562 2618/2618/2618 2619/2619/2619
f 2562/2562/2562 2619/2619/2619 2563/2563/2563
f 2563/2563/2563 2619/2619/2619 2620/2620/2620
f 2563/2563/2563 2620/2620/2620 2564/2564/2564
f 2564/2564/2564 2620/2620/2620 2621/2621/2621
f 2564/2564/2564 2621/2621/2621 2565/2565/2565
f 2565/2565/2565 2621/2621/2621 2622/2622/2622
f 2566/2566/2566 2623/2623/2623 2567/2567/2567
f 2567/2567/2567 2623/2623/2623 2624/2624/2624
f 2567/2567/2567 2624/2624/2624 2568/2568/2568
f 2568/2568/2568 2624/2624/2624 2625/2625/2625
f 2568/2568/2568 2625/2625/2625 2569/2569/2569
f 2569/2569/2569 2625/2625/2625 2626/2626/2626
f 2569/2569/2569 2626/2626/2626 2570/2570/2570
f 2570/2570/2570 2626/2626/2626 2627/2627/2627
f 2570/2570/2570 2627/2627/2627 2571/2571/2571
f 2571/2571/2571 2627/2627/2627 2628/2628/2628
f 2571/2571/2571 2628/2628/2628 2572/2572/2572
f 2572/2572/2572 2628/2628/2628 2629/2629/2629
f 2572/2572/2572 2629/2629/2629 2573/2573/2573
f 2573/2573/2573 2629/2629/2629 2630/2630/2630
f 2573/2573/2573 2630/2630/2630 2574/2574/2574
f 2574/2574/2574 2630/2630/2630 2631/2631/2631
f 2574/2574/2574 2631/2631/2631 2575/2575/2575
f 2575/2575/2575 2631/2631/2631 2632/2632/2632
f 2575/2575/2575 2632/2632/2632 2576/2576/2576
f 2576/2576/2576 2632/2632/2632 2633/2633/2633
f 2576/2576/2576 2633/2633/2633 2577/2577/2577
f 2577/2577/2577 2633/2633/2633 2634/2634/2634
f 2577/2577/2577 2634/2634/2634 2578/2578/2578
f 2578/2578/2578 2634/2634/2634 2635/2635/2635
f 2578/2578/2578 2635/2635/2635 2579/2579/2579
f 2579/2579/2579 2635/2635/2635 2636/2636/2636
f 2579/2579/2579 2636/2636/2636 2580/2580/2580
f 2580/2580/2580 2636/2636/2636 2637/2637/2637
f 2580/2580/2580 2637/2637/2637 2581/2581/2581
f 2581/2581/2581 2637/2637/2637 2638/2638/2638
f 2581/2581/2581 2638/2638/2638 2582/2582/2582
f 2582/2582/2582 2638/2638/2638 2639/2639/2639
f 2582/2582/2582 2639/2639/2639 2583/2583/2583
f 2583/2583/2583 2639/2639/2639 2640/2640/2640
f 2583/2583/2583 2640/2640/2640 2584/2584/2584
f 2584/2584/2584 2640/2640/2640 2641/2641/2641
f 2584/2584/2584 2641/2641/2641 2585/2585/2585
f 2585/2585/2585 2641/2641/2641 2642/2642/2642
f 2585/2585/2585 2642/2642/2642 2586/2586/2586
f 2586/2586/2586 2642/2642/2642 2643/2643/2643
f 2586/2586/2586 2643/2643/2643 2587/2587/2587
f 2587/2587/2587 2643/2643/2643 2644/2644/2644
f 2587/2587/2587 2644/2644/2644 2588/2588/2588
f 2588/2588/2588 2644/2644/2644 2645/2645/2645
f 2588/2588/2588 2645/2645/2645 2589/2589/2589
f 2589/2589/2589 2645/2645/2645 2646/2646/2646
f 2589/2589/2589 2646/2646/2646 2590/2590/2590
f 2590/2590/2590 2646/2646/2646 2647/2647/2647
f 2590/2590/2590 2647/2647/2647 2591/2591/2591
f 2591/2591/2591 2647/2647/2647 2648/2648/2648
f 2591/2591/2591 2648/2648/2648 2592/2592/2592
f 2592/2592/2592 2648/2648/2648 2649/2649/2649
f 2592/2592/2592 2649/2649/2649 2593/2593/2593
f 2593/2593/2593 2649/2649/2649 2650/2650/2650
f 2593/2593/2593 2650/2650/2650 2594/2594/2594
f 2594/2594/2594 2650/2650/2650 2651/2651/2651
f 2594/2594/2594 2651/2651/2651 2595/2595/2595
f 2595/2595/2595 2651/2651/2651 2652/2652/2652
f 2595/2595/2595 2652/2652/2652 2596/2596/2596
f 2596/2596/2596 2652/2652/2652 2653/2653/2653
f 2596/2596/2596 2653/2653/2653 2597/2597/2597
f 2597/2597/2597 2653/2653/2653 2654/2654/2654
f 2597/2597/2597 2654/2654/2654 2598/2598/2598
f 2598/2598/2598 2654/2654/2654 2655/2655/2655
f 2598/2598/2598 2655/2655/2655 2599/2599/2599
f 2599/2599/2599 2655/2655/2655 2656/2656/2656
f 2599/2599/2599 2656/2656/2656 2600/2600/2600
f 2600/2600/2600 2656/2656/2656 2657/2657/2657
f 2600/2600/2600 2657/2657/2657 2601/2601/2601
f 2601/2601/2601 2657/2657/2657 2658/2658/2658
f 2601/2601/2601 2658/2658/2658 2602/2602/2602
f 2602/2602/2602 2658/2658/2658 2659/2659/2659
f 2602/2602/2602 2659/2659/2659 2603/2603/2603
f 2603/2603/2603 2659/2659/2659 2660/2660/2660
f 2603/2603/2603 2660/2660/2660 2604/2604/2604
f 2604/2604/2604 2660/2660/2660 2661/2661/2661
f 2604/2604/2604 2661/2661/2661 2605/2605/2605
f 2605/2605/2605 2661/2661/2661 2662/2662/2662
f 2605/2605/2605 2662/2662/2662 2606/2606/2606
f 2606/2606/2606 2662/2662/2662 2663/2663/2663
f 2606/2606/2606 2663/2663/2663 2607/2607/2607
f 2607/2607/2607 2663/2663/2663 2664/2664/2664
f 2607/2607/2607 2664/2664/2664 2608/2608/2608
f 2608/2608/2608 2664/2664/2664 2665/2665/2665
f 2608/2608/2608 2665/2665/2665 2609/2609/2609
f 2609/2609/2609 2665/2665/2665 2666/2666/2666
f 2609/2609/2609 2666/2666/2666 2610/2610/2610
f 2610/2610/2610 2666/2666/2666 2667/2667/2667
f 2610/2610/2610 2667/2667/2667 2611/2611/2611
f 2611/2611/2611 2667/2667/2667 2668/2668/2668
f 2611/2611/2611 2668/2668/2668 2612/2612/2612
f 2612/2612/2612 2668/2668/2668 2669/2669/2669
f 2612/2612/2612 2669/2669/2669 2613/2613/2613
f 2613/2613/2613 2669/2669/2669 2670/2670/2670
f 2613/2613/2613 2670/2670/2670 2614/2614/2614
f 2614/2614/2614 2670/2670/2670 2671/2671/2671
f 2614/2614/2614 2671/2671/2671 2615/2615/2615
f 2615/2615/2615 2671/2671/2671 2672/2672/2672
f 2615/2615/2615 2672/2672/2672 2616/2616/2616
f 2616/2616/2616 2672/2672/2672 2673/2673/2673
f 2616/2616/2616 2673/2673/2673 2617/2617/2617
f 2617/2617/2617 2673/2673/2673 2674/2674/2674
f 2617/2617/2617 2674/2674/2674 2618/2618/2618
f 2618/2618/2618 2674/2674/2674 2675/2675/2675
f 2618/2618/2618 2675/2675/2675 2619/2619/2619
f 2619/2619/2619 2675/2675/2675 2676/2676/2676
f 2619/2619/2619 2676/2676/2676 2620/2620/2620
f 2620/2620/2620 2676/2676/2676 2677/2677/2677
f 2620/2620/2620 2677/2677/2677 2621/2621/2621
f 2621/2621/2621 2677/2677/2677 2678/2678/2678
f 2621/2621/2621 2678/2678/2678 2622/2622/2622
f 2622/2622/2622 2678/2678/2678 2679/2679/2679
f 2623/2623/2623 2680/2680/2680 2624/2624/2624
f 2624/2624/2624 2680/2680/2680 2681/2681/2681
f 2624/2624/2624 2681/2681/2681 2625/2625/2625
f 2625/2625/2625 2681/2681/2681 2682/2682/2682
f 2625/2625/2625 2682/2682/2682 2626/2626/2626
f 2626/2626/2626 2682/2682/2682 2683/2683/2683
f 2626/2626/2626 2683/2683/2683 2627/2627/2627
f 2627/2627/2627 2683/2683/2683 2684/2684/2684
f 2627/2627/2627 2684/2684/2684 2628/2628/2628
f 2628/2628/2628 2684/2684/2684 2685/2685/2685
f 2628/2628/2628 2685/2685/2685 2629/2629/2629
f 2629/2629/2629 2685/2685/2685 2686/2686/2686
f 2629/2629/2629 2686/2686/2686 2630/2630/2630
f 2630/2630/2630 2686/2686/2686 2687/2687/2687
f 2630/2630/2630 2687/2687/2687 2631/2631/2631
f 2631/2631/2631 2687/2687/2687 2688/2688/2688
f 2631/2631/2631 2688/2688/2688 2632/2632/2632
f 2632/2632/2632 2688/2688/2688 2689/2689/2689
f 2632/2632/2632 2689/2689/2689 2633/2633/2633
f 2633/2633/2633 2689/2689/2689 2690/2690/2690
f 2633/2633/2633 2690/2690/2690 2634/2634/2634
f 2634/2634/2634 2690/2690/2690 2691/2691/2691
f 2634/2634/2634 2691/2691/2691 2635/2635/2635
f 2635/2635/2635 2691/2691/2691 2692/2692/2692
f 2635/2635/2635 2692/2692/2692 2636/2636/2636
f 2636/2636/2636 2692/2692/2692 2693/2693/2693
f 2636/2636/2636 2693/2693/2693 2637/2637/2637
f 2637/2637/2637 2693/2693/2693 2694/2694/2694
f 2637/2637/2637 2694/2694/2694 2638/2638/2638
f 2638/2638/2638 2694/2694/2694 2695/2695/2695
f 2638/2638/2638 2695/2695/2695 2639/2639/2639
f 2639/2639/2639 2695/2695/2695 2696/2696/2696
f 2639/2639/2639 2696/2696/2696 2640/2640/2640
f 2640/2640/2640 2696/2696/2696 2697/2697/2697
f 2640/2640/2640 2697/2697/2697 2641/2641/2641
f 2641/2641/2641 2697/2697/2697 2698/2698/2698
f 2641/2641/2641 2698/2698/2698 2642/2642/2642
f 2642/2642/2642 2698/2698/2698 2699/2699/2699
f 2642/2642/2642 2699/2699/2699 2643/2643/2643
f 2643/2643/2643 2699/2699/2699 2700/2700/2700
f 2643/2643/2643 2700/2700/2700 2644/2644/2644
f 2644/2644/2644 2700/2700/2700 2701/2701/2701
f 2644/2644/2644 2701/2701/2701 2645/2645/2645
f 2645/2645/2645 2701/2701/2701 2702/2702/2702
f 2645/2645/2645 2702/2702/2702 2646/2646/2646
f 2646/2646/2646 2702/2702/2702 2703/2703/2703
f 2646/2646/2646 2703/2703/2703 2647/2647/2647
f 2647/2647/2647 2703/2703/2703 2704/2704/2704
f 2647/2647/2647 2704/2704/2704 2648/2648/2648
f 2648/2648/2648 2704/2704/2704 2705/2705/2705
f 2648/2648/2648 2705/2705/2705 2649/2649/2649
f 2649/2649/2649 2705/2705/2705 2706/2706/2706
f 2649/2649/2649 2706/2706/2706 2650/2650/2650
f 2650/2650/2650 2706/2706/2706 2707/2707/2707
f 2650/2650/2650 2707/2707/2707 2651/2651/2651
f 2651/2651/2651 2707/2707/2707 2708/2708/2708
f 2651/2651/2651 2708/2708/2708 2652/2652/2652
f 2652/2652/2652 2708/2708/2708 2709/2709/2709
f 2652/2652/2652 2709/2709/2709 2653/2653/2653
f 2653/2653/2653 2709/2709/2709 2710/2710/2710
f 2653/2653/2653 2710/2710/2710 2654/2654/2654
f 2654/2654/2654 2710/2710/2710 2711/2711/2711
f 2654/2654/2654 2711/2711/2711 2655/2655/2655
f 2655/2655/2655 2711/2711/2711 2712/2712/2712
f 2655/2655/2655 2712/2712/2712 2656/2656/2656
f 2656/2656/2656 2712/2712/2712 2713/2713/2713
f 2656/2656/2656 2713/2713/2713 2657/2657/2657
f 2657/2657/2657 2713/2713/2713 2714/2714/2714
f 2657/2657/2657 2714/2714/2714 2658/2658/2658
f 2658/2658/2658 2714/2714/2714 2715/2715/2715
f 2658/2658/2658 2715/2715/2715 2659/2659/2659
f 2659/2659/2659 2715/2715/2715 2716/2716/2716
f 2659/2659/2659 2716/2716/2716 2660/2660/2660
f 2660/2660/2660 2716/2716/2716 2717/2717/2717
f 2660/2660/2660 2717/2717/2717 2661/2661/2661
f 2661/2661/2661 2717/2717/2717 2718/2718/2718
f 2661/2661/2661 2718/2718/2718 2662/2662/2662
f 2662/2662/2662 2718/2718/2718 2719/2719/2719
f 2662/2662/2662 2719/2719/2719 2663/2663/2663
f 2663/2663/2663 2719/2719/2719 2720/2720/2720
f 2663/2663/2663 2720/2720/2720 2664/2664/2664
f 2664/2664/2664 2720/2720/2720 2721/2721/2721
f 2664/2664/2664 2721/2721/2721 2665/2665/2665
f 2665/2665/2665 2721/2721/2721 2722/2722/2722
f 2665/2665/2665 2722/2722/2722 2666/2666/2666
f 2666/2666/2666 2722/2722/2722 2723/2723/2723
f 2666/2666/2666 2723/2723/2723 2667/2667/2667
f 2667/2667/2667 2723/2723/2723 2724/2724/2724
f 2667/2667/2667 2724/2724/2724 2668/2668/2668
f 2668/2668/2668 2724/2724/2724 2725/2725/2725
f 2668/2668/2668 2725/2725/2725 2669/2669/2669
f 2669/2669/2669 2725/2725/2725 2726/2726/2726
f 2669/2669/2669 2726/2726/2726 2670/2670/2670
f 2670/2670/2670 2726/2726/2726 2727/2727/2727
f 2670/2670/2670 2727/2727/2727 2671/2671/2671
f 2671/2671/2671 2727/2727/2727 2728/2728/2728
f 2671/2671/2671 2728/2728/2728 2672/2672/2672
f 2672/2672/2672 2728/2728/2728 2729/2729/2729
f 2672/2672/2672 2729/2729/2729 2673/2673/2673
f 2673/2673/2673 2729/2729/2729 2730/2730/2730
f 2673/2673/2673 2730/2730/2730 2674/2674/2674
f 2674/2674/2674 2730/2730/2730 2731/2731/2731
f 2674/2674/2674 2731/2731/2731 2675/2675/2675
f 2675/2675/2675 2731/2731/2731 2732/2732/2732
f 2675/2675/2675 2732/2732/2732 2676/2676/2676
f 2676/2676/2676 2732/2732/2732 2733/2733/2733
f 2676/2676/2676 2733/2733/2733 2677/2677/2677
f 2677/2677/2677 2733/2733/2733 2734/2734/2734
f 2677/2677/2677 2734/2734/2734 2678/2678/2678
f 2678/2678/2678 2734/2734/2734 2735/2735/2735
f 2678/2678/2678 2735/2735/2735 2679/2679/2679
f 2679/2679/2679 2735/2735/2735 2736/2736/2736
f 2680/2680/2680 2737/2737/2737 2681/2681/2681
f 2681/2681/2681 2737/2737/2737 2738/2738/2738
f 2681/2681/2681 2738/2738/2738 2682/2682/2682
f 2682/2682/2682 2738/2738/2738 2739/2739/2739
f 2682/2682/2682 2739/2739/2739 2683/2683/2683
f 2683/2683/2683 2739/2739/2739 2740/2740/2740
f 2683/2683/2683 2740/2740/2740 2684/2684/2684
f 2684/2684/2684 2740/2740/2740 2741/2741/2741
f 2684/2684/2684 2741/2741/2741 2685/2685/2685
f 2685/2685/2685 2741/2741/2741 2742/2742/2742
f 2685/2685/2685 2742/2742/2742 2686/2686/2686
f 2686/2686/2686 2742/2742/2742 2743/2743/2743
f 2686/2686/2686 2743/2743/2743 2687/2687/2687
f 2687/2687/2687 2743/2743/2743 2744/2744/2744
f 2687/2687/2687 2744/2744/2744 2688/2688/2688
f 2688/2688/2688 2744/2744/2744 2745/2745/2745
f 2688/2688/2688 2745/2745/2745 2689/2689/2689
f 2689/2689/2689 2745/2745/2745 2746/2746/2746
f 2689/2689/2689 2746/2746/2746 2690/2690/2690
f 2690/2690/2690 2746/2746/2746 2747/2747/2747
f 2690/2690/2690 2747/2747/2747 2691/2691/2691
f 2691/2691/2691 2747/2747/2747 2748/2748/2748
f 2691/2691/2691 2748/2748/2748 2692/2692/2692
f 2692/2692/2692 2748/2748/2748 2749/2749/2749
f 2692/2692/2692 2749/2749/2749 2693/2693/2693
f 2693/2693/2693 2749/2749/2749 2750/2750/2750
f 2693/2693/2693 2750/2750/2750 2694/2694/2694
f 2694/2694/2694 2750/2750/2750 2751/2751/2751
f 2694/2694/2694 2751/2751/2751 2695/2695/2695
f 2695/2695/2695 2751/2751/2751 2752/2752/2752
f 2695/2695/2695 2752/2752/2752 2696/2696/2696
f 2696/2696/2696 2752/2752/2752 2753/2753/2753
f 2696/2696/2696 2753/2753/2753 2697/2697/2697
f 2697/2697/2697 2753/2753/2753 2754/2754/2754
f 2697/2697/2697 2754/2754/2754 2698/2698/2698
f 2698/2698/2698 2754/2754/2754 2755/2755/2755
f 2698/2698/2698 2755/2755/2755 2699/2699/2699
f 2699/2699/2699 2755/2755/2755 2756/2756/2756
f 2699/2699/2699 2756/2756/2756 2700/2700/2700
f 2700/2700/2700 2756/2756/2756 2757/2757/2757
f 2700/2700/2700 2757/2757/2757 2701/2701/2701
f 2701/2701/2701 2757/2757/2757 2758/2758/2758
f 2701/2701/2701 2758/2758/2758 2702/2702/2702
f 2702/2702/2702 2758/2758/2758 2759/2759/2759
f 2702/2702/2702 2759/2759/2759 2703/2703/2703
f 2703/2703/2703 2759/2759/2759 2760/2760/2760
f 2703/2703/2703 2760/2760/2760 2704/2704/2704
f 2704/2704/2704 2760/2760/2760 2761/2761/2761
f 2704/2704/2704 2761/2761/2761 2705/2705/2705
f 2705/2705/2705 2761/2761/2761 2762/2762/2762
f 2705/2705/2705 2762/2762/2762 2706/2706/2706
f 2706/2706/2706 2762/2762/2762 2763/2763/2763
f 2706/2706/2706 2763/2763/2763 2707/2707/2707
f 2707/2707/2707 2763/2763/2763 2764/2764/2764
f 2707/2707/2707 2764/2764/2764 2708/2708/2708
f 2708/2708/2708 2764/2764/2764 2765/2765/2765
f 2708/2708/2708 2765/2765/2765 2709/2709/2709
f 2709/2709/2709 2765/2765/2765 2766/2766/2766
f 2709/2709/2709 2766/2766/2766 2710/2710/2710
f 2710/2710/2710 2766/2766/2766 2767/2767/2767
f 2710/2710/2710 2767/2767/2767 2711/2711/2711
f 2711/2711/2711 2767/2767/2767 2768/2768/2768
f 2711/2711/2711 2768/2768/2768 2712/2712/2712
f 2712/2712/2712 2768/2768/2768 2769/2769/2769
f 2712/2712/2712 2769/2769/2769 2713/2713/2713
f 2713/2713/2713 2769/2769/2769 2770/2770/2770
f 2713/2713/2713 2770/2770/2770 2714/2714/2714
f 2714/2714/2714 2770/2770/2770 2771/2771/2771
f 2714/2714/2714 2771/2771/2771 2715/2715/2715
f 2715/2715/2715 2771/2771/2771 2772/2772/2772
f 2715/2715/2715 2772/2772/2772 2716/2716/2716
f 2716/2716/2716 2772/2772/2772 2773/2773/2773
f 2716/2716/2716 2773/2773/2773 2717/2717/2717
f 2717/2717/2717 2773/2773/2773 2774/2774/2774
f 2717/2717/2717 2774/2774/2774 2718/2718/2718
f 2718/2718/2718 2774/2774/2774 2775/2775/2775
f 2718/2718/2718 2775/2775/2775 2719/2719/2719
f 2719/2719/2719 2775/2775/2775 2776/2776/2776
f 2719/2719/2719 2776/2776/2776 2720/2720/2720
f 2720/2720/2720 2776/2776/2776 2777/2777/2777
f 2720/2720/2720 2777/2777/2777 2721/2721/2721
f 2721/2721/2721 2777/2777/2777 2778/2778/2778
f 2721/2721/2721 2778/2778/2778 2722/2722/2722
f 2722/2722/2722 2778/2778/2778 2779/2779/2779
f 2722/2722/2722 2779/2779/2779 2723/2723/2723
f 2723/2723/2723 2779/2779/2779 2780/2780/2780
f 2723/2723/2723 2780/2780/2780 2724/2724/2724
f 2724/2724/2724 2780/2780/2780 2781/2781/2781
f 2724/2724/2724 2781/2781/2781 2725/2725/2725
f 2725/2725/2725 2781/2781/2781 2782/2782/2782
f 2725/2725/2725 2782/2782/2782 2726/2726/2726
f 2726/2726/2726 2782/2782/2782 2783/2783/2783
f 2726/2726/2726 2783/2783/2783 2727/2727/2727
f 2727/2727/2727 2783/2783/2783 2784/2784/2784
f 2727/2727/2727 2784/2784/2784 2728/2728/2728
f 2728/2728/2728 2784/2784/2784 2785/2785/2785
f 2728/2728/2728 2785/2785/2785 2729/2729/2729
f 2729/2729/2729 2785/2785/2785 2786/2786/2786
f 2729/2729/2729 2786/2786/2786 2730/2730/2730
f 2730/2730/2730 2786/2786/2786 2787/2787/2787
f 2730/2730/2730 2787/2787/2787 2731/2731/2731
f 2731/2731/2731 2787/2787/2787 2788/2788/2788
f 2731/2731/2731 2788/2788/2788 2732/2732/2732
f 2732/2732/2732 2788/2788/2788 2789/2789/2789
f 2732/2732/2732 2789/2789/2789 2733/2733/2733
f 2733/2733/2733 2789/2789/2789 2790/2790/2790
f 2733/2733/2733 2790/2790/2790 2734/2734/2734
f 2734/2734/2734 2790/2790/2790 2791/2791/2791
f 2734/2734/2734 2791/2791/2791 2735/2735/2735
f 2735/2735/2735 2791/2791/2791 2792/2792/2792
f 2735/2735/2735 2792/2792/2792 2736/2736/2736
f 2736/2736/2736 2792/2792/2792 2793/2793/2793
f 2737/2737/2737 2794/2794/2794 2738/2738/2738
f 2738/2738/2738 2794/2794/2794 2795/2795/2795
f 2738/2738/2738 2795/2795/2795 2739/2739/2739
f 2739/2739/2739 2795/2795/2795 2796/2796/2796
f 2739/2739/2739 2796/2796/2796 2740/2740/2740
f 2740/2740/2740 2796/2796/2796 2797/2797/2797
f 2740/2740/2740 2797/2797/2797 2741/2741/2741
f 2741/2741/2741 2797/2797/2797 2798/2798/2798
f 2741/2741/2741 2798/2798/2798 2742/2742/2742
f 2742/2742/2742 2798/2798/2798 2799/2799/2799
f 2742/2742/2742 2799/2799/2799 2743/2743/2743
f 2743/2743/2743 2799/2799/2799 2800/2800/2800
f 2743/2743/2743 2800/2800/2800 2744/2744/2744
f 2744/2744/2744 2800/2800/2800 2801/2801/2801
f 2744/2744/2744 2801/2801/2801 2745/2745/2745
f 2745/2745/2745 2801/2801/2801 2802/2802/2802
f 2745/2745/2745 2802/2802/2802 2746/2746/2746
f 2746/2746/2746 2802/2802/2802 2803/2803/2803
f 2746/2746/2746 2803/2803/2803 2747/2747/2747
f 2747/2747/2747 2803/2803/2803 2804/2804/2804
f 2747/2747/2747 2804/2804/2804 2748/2748/2748
f 2748/2748/2748 2804/2804/2804 2805/2805/2805
f 2748/2748/2748 2805/2805/2805 2749/2749/2749
f 2749/2749/2749 2805/2805/2805 2806/2806/2806
f 2749/2749/2749 2806/2806/2806 2750/2750/2750
f 2750/2750/2750 2806/2806/2806 2807/2807/2807
f 2750/2750/2750 2807/2807/2807 2751/2751/2751
f 2751/2751/2751 2807/2807/2807 2808/2808/2808
f 2751/2751/2751 2808/2808/2808 2752/2752/2752
f 2752/2752/2752 2808/2808/2808 2809/2809/2809
f 2752/2752/2752 2809/2809/2809 2753/2753/2753
f 2753/2753/2753 2809/2809/2809 2810/2810/2810
f 2753/2753/2753 2810/2810/2810 2754/2754/2754
f 2754/2754/2754 2810/2810/2810 2811/2811/2811
f 2754/2754/2754 2811/2811/2811 2755/2755/2755
f 2755/2755/2755 2811/2811/2811 2812/2812/2812
f 2755/2755/2755 2812/2812/2812 2756/2756/2756
f 2756/2756/2756 2812/2812/2812 2813/2813/2813
f 2756/2756/2756 2813/2813/2813 2757/2757/2757
f 2757/2757/2757 2813/2813/2813 2814/2814/2814
f 2757/2757/2757 2814/2814/2814 2758/2758/2758
f 2758/2758/2758 2814/2814/2814 2815/2815/2815
f 2758/2758/2758 2815/2815/2815 2759/2759/2759
f 2759/2759/2759 2815/2815/2815 2816/2816/2816
f 2759/2759/2759 2816/2816/2816 2760/2760/2760
f 2760/2760/2760 2816/2816/2816 2817/2817/2817
f 2760/2760/2760 2817/2817/2817 2761/2761/2761
f 2761/2761/2761 2817/2817/2817 2818/2818/2818
f 2761/2761/2761 2818/2818/2818 2762/2762/2762
f 2762/2762/2762 2818/2818/2818 2819/2819/2819
f 2762/2762/2762 2819/2819/2819 2763/2763/2763
f 2763/2763/2763 2819/2819/2819 2820/2820/2820
f 2763/2763/2763 2820/2820/2820 2764/2764/2764
f 2764/2764/2764 2820/2820/2820 2821/2821/2821
f 2764/2764/2764 2821/2821/2821 2765/2765/2765
f 2765/2765/2765 2821/2821/2821 2822/2822/2822
f 2765/2765/2765 2822/2822/2822 2766/2766/2766
f 2766/2766/2766 2822/2822/2822 2823/2823/2823
f 2766/2766/2766 2823/2823/2823 2767/2767/2767
f 2767/2767/2767 2823/2823/2823 2824/2824/2824
f 2767/2767/2767 2824/2824/2824 2768/2768/2768
f 2768/2768/2768 2824/2824/2824 2825/2825/2825
f 2768/2768/2768 2825/2825/2825 2769/2769/2769
f 2769/2769/2769 2825/2825/2825 2826/2826/2826
f 2769/2769/2769 2826/2826/2826 2770/2770/2770
f 2770/2770/2770 2826/2826/2826 2827/2827/2827
f 2770/2770/2770 2827/2827/2827 2771/2771/2771
f 2771/2771/2771 2827/2827/2827 2828/2828/2828
f 2771/2771/2771 2828/2828/2828 2772/2772/2772
f 2772/2772/2772 2828/2828/2828 2829/2829/2829
f 2772/2772/2772 2829/2829/2829 2773/2773/2773
f 2773/2773/2773 2829/2829/2829 2830/2830/2830
f 2773/2773/2773 2830/2830/2830 2774/2774/2774
f 2774/2774/2774 2830/2830/2830 2831/2831/2831
f 2774/2774/2774 2831/2831/2831 2775/2775/2775
f 2775/2775/2775 2831/2831/2831 2832/2832/2832
f 2775/2775/2775 2832/2832/2832 2776/2776/2776
f 2776/2776/2776 2832/2832/2832 2833/2833/2833
f 2776/2776/2776 2833/2833/2833 2777/2777/2777
f 2777/2777/2777 2833/2833/2833 2834/2834/2834
f 2777/2777/2777 2834/2834/2834 2778/2778/2778
f 2778/2778/2778 2834/2834/2834 2835/2835/2835
f 2778/2778/2778 2835/2835/2835 2779/2779/2779
f 2779/2779/2779 2835/2835/2835 2836/2836/2836
f 2779/2779/2779 2836/2836/2836 2780/2780/2780
f 2780/2780/2780 2836/2836/2836 2837/2837/2837
f 2780/2780/2780 2837/2837/2837 2781/2781/2781
f 2781/2781/2781 2837/2837/2837 2838/2838/2838
f 2781/2781/2781 2838/2838/2838 2782/2782/2782
f 2782/2782/2782 2838/2838/2838 2839/2839/2839
f 2782/2782/2782 2839/2839/2839 2783/2783/2783
f 2783/2783/2783 2839/2839/2839 2840/2840/2840
f 2783/2783/2783 2840/2840/2840 2784/2784/2784
f 2784/2784/2784 2840/2840/2840 2841/2841/2841
f 2784/2784/2784 2841/2841/2841 2785/2785/2785
f 2785/2785/2785 2841/2841/2841 2842/2842/2842
f 2785/2785/2785 2842/2842/2842 2786/2786/2786
f 2786/2786/2786 2842/2842/2842 2843/2843/2843
f 2786/2786/2786 2843/2843/2843 2787/2787/2787
f 2787/2787/2787 2843/2843/2843 2844/2844/2844
f 2787/2787/2787 2844/2844/2844 2788/2788/2788
f 2788/2788/2788 2844/2844/2844 2845/2845/2845
f 2788/2788/2788 2845/2845/2845 2789/2789/2789
f 2789/2789/2789 2845/2845/2845 2846/2846/2846
f 2789/2789/2789 2846/2846/2846 2790/2790/2790
f 2790/2790/2790 2846/2846/2846 2847/2847/2847
f 2790/2790/2790 2847/2847/2847 2791/2791/2791
f 2791/2791/2791 2847/2847/2847 2848/2848/2848
f 2791/2791/2791 2848/2848/2848 2792/2792/2792
f 2792/2792/2792 2848/2848/2848 2849/2849/2849
f 2792/2792/2792 2849/2849/2849 2793/2793/2793
f 2793/2793/2793 2849/2849/2849 2850/2850/2850
f 2794/2794/2794 2851/2851/2851 2795/2795/2795
f 2795/2795/2795 2851/2851/2851 2852/2852/2852
f 2795/2795/2795 2852/2852/2852 2796/2796/2796
f 2796/2796/2796 2852/2852/2852 2853/2853/2853
f 2796/2796/2796 2853/2853/2853 2797/2797/2797
f 2797/2797/2797 2853/2853/2853 2854/2854/2854
f 2797/2797/2797 2854/2854/2854 2798/2798/2798
f 2798/2798/2798 2854/2854/2854 2855/2855/2855
f 2798/2798/2798 2855/2855/2855 2799/2799/2799
f 2799/2799/2799 2855/2855/2855 2856/2856/2856
f 2799/2799/2799 2856/2856/2856 2800/2800/2800
f 2800/2800/2800 2856/2856/2856 2857/2857/2857
f 2800/2800/2800 2857/2857/2857 2801/2801/2801
f 2801/2801/2801 2857/2857/2857 2858/2858/2858
f 2801/2801/2801 2858/2858/2858 2802/2802/2802
f 2802/2802/2802 2858/2858/2858 2859/2859/2859
f 2802/2802/2802 2859/2859/2859 2803/2803/2803
f 2803/2803/2803 2859/2859/2859 2860/2860/2860
f 2803/2803/2803 2860/2860/2860 2804/2804/2804
f 2804/2804/2804 2860/2860/2860 2861/2861/2861
f 2804/2804/2804 2861/2861/2861 2805/2805/2805
f 2805/2805/2805 2861/2861/2861 2862/2862/2862
f 2805/2805/2805 2862/2862/2862 2806/2806/2806
f 2806/2806/2806 2862/2862/2862 2863/2863/2863
f 2806/2806/2806 2863/2863/2863 2807/2807/2807
f 2807/2807/2807 2863/2863/2863 2864/2864/2864
f 2807/2807/2807 2864/2864/2864 2808/2808/2808
f 2808/2808/2808 2864/2864/2864 2865/2865/2865
f 2808/2808/2808 2865/2865/2865 2809/2809/2809
f 2809/2809/2809 2865/2865/2865 2866/2866/2866
f 2809/2809/2809 2866/2866/2866 2810/2810/2810
f 2810/2810/2810 2866/2866/2866 2867/2867/2867
f 2810/2810/2810 2867/2867/2867 2811/2811/2811
f 2811/2811/2811 2867/2867/2867 2868/2868/2868
f 2811/2811/2811 2868/2868/2868 2812/2812/2812
f 2812/2812/2812 2868/2868/2868 2869/2869/2869
f 2812/2812/2812 2869/2869/2869 2813/2813/2813
f 2813/2813/2813 2869/2869/2869 2870/2870/2870
f 2813/2813/2813 2870/2870/2870 2814/2814/2814
f 2814/2814/2814 2870/2870/2870 2871/2871/2871
f 2814/2814/2814 2871/2871/2871 2815/2815/2815
f 2815/2815/2815 2871/2871/2871 2872/2872/2872
f 2815/2815/2815 2872/2872/2872 2816/2816/2816
f 2816/2816/2816 2872/2872/2872 2873/2873/2873
f 2816/2816/2816 2873/2873/2873 2817/2817/2817
f 2817/2817/2817 2873/2873/2873 2874/2874/2874
f 2817/2817/2817 2874/2874/2874 2818/2818/2818
f 2818/2818/2818 2874/2874/2874 2875/2875/2875
f 2818/2818/2818 2875/2875/2875 2819/2819/2819
f 2819/2819/2819 2875/2875/2875 2876/2876/2876
f 2819/2819/2819 2876/2876/2876 2820/2820/2820
f 2820/2820/2820 2876/2876/2876 2877/2877/2877
f 2820/2820/2820 2877/2877/2877 2821/2821/2821
f 2821/2821/2821 2877/2877/2877 2878/2878/2878
f 2821/2821/2821 2878/2878/2878 2822/2822/2822
f 2822/2822/2822 2878/2878/2878 2879/2879/2879
f 2822/2822/2822 2879/2879/2879 2823/2823/2823
f 2823/2823/2823 2879/2879/2879 2880/2880/2880
f 2823/2823/2823 2880/2880/2880 2824/2824/2824
f 2824/2824/2824 2880/2880/2880 2881/2881/2881
f 2824/2824/2824 2881/2881/2881 2825/2825/2825
f 2825/2825/2825 2881/2881/2881 2882/2882/2882
f 2825/2825/2825 2882/2882/2882 2826/2826/2826
f 2826/2826/2826 2882/2882/2882 2883/2883/2883
f 2826/2826/2826 2883/2883/2883 2827/2827/2827
f 2827/2827/2827 2883/2883/2883 2884/2884/2884
f 2827/2827/2827 2884/2884/2884 2828/2828/2828
f 2828/2828/2828 2884/2884/2884 2885/2885/2885
f 2828/2828/2828 2885/2885/2885 2829/2829/2829
f 2829/2829/2829 2885/2885/2885 2886/2886/2886
f 2829/2829/2829 2886/2886/2886 2830/2830/2830
f 2830/2830/2830 2886/2886/2886 2887/2887/2887
f 2830/2830/2830 2887/2887/2887 2831/2831/2831
f 2831/2831/2831 2887/2887/2887 2888/2888/2888
f 2831/2831/2831 2888/2888/2888 2832/2832/2832
f 2832/2832/2832 2888/2888/2888 2889/2889/2889
f 2832/2832/2832 2889/2889/2889 2833/2833/2833
f 2833/2833/2833 2889/2889/2889 2890/2890/2890
f 2833/2833/2833 2890/2890/2890 2834/2834/2834
f 2834/2834/2834 2890/2890/2890 2891/2891/2891
f 2834/2834/2834 2891/2891/2891 2835/2835/2835
f 2835/2835/2835 2891/2891/2891 2892/2892/2892
f 2835/2835/2835 2892/2892/2892 2836/2836/2836
f 2836/2836/2836 2892/2892/2892 2893/2893/2893
f 2836/2836/2836 2893/2893/2893 2837/2837/2837
f 2837/2837/2837 2893/2893/2893 2894/2894/2894
f 2837/2837/2837 2894/2894/2894 2838/2838/2838
f 2838/2838/2838 2894/2894/2894 2895/2895/2895
f 2838/2838/2838 2895/2895/2895 2839/2839/2839
f 2839/2839/2839 2895/2895/2895 2896/2896/2896
f 2839/2839/2839 2896/2896/2896 2840/2840/2840
f 2840/2840/2840 2896/2896/2896 2897/2897/2897
f 2840/2840/2840 2897/2897/2897 2841/2841/2841
f 2841/2841/2841 2897/2897/2897 2898/2898/2898
f 2841/2841/2841 2898/2898/2898 2842/2842/2842
f 2842/2842/2842 2898/2898/2898 2899/2899/2899
f 2842/2842/2842 2899/2899/2899 2843/2843/2843
f 2843/2843/2843 2899/2899/2899 2900/2900/2900
f 2843/2843/2843 2900/2900/2900 2844/2844/2844
f 2844/2844/2844 2900/2900/2900 2901/2901/2901
f 2844/2844/2844 2901/2901/2901 2845/2845/2845
f 2845/2845/2845 2901/2901/2901 2902/2902/2902
f 2845/2845/2845 2902/2902/2902 2846/2846/2846
f 2846/2846/2846 2902/2902/2902 2903/2903/2903
f 2846/2846/2846 2903/2903/2903 2847/2847/2847
f 2847/2847/2847 2903/2903/2903 2904/2904/2904
f 2847/2847/2847 2904/2904/2904 2848/2848/2848
f 2848/2848/2848 2904/2904/2904 2905/2905/2905
f 2848/2848/2848 2905/2905/2905 2849/2849/2849
f 2849/2849/2849 2905/2905/2905 2906/2906/2906
f 2849/2849/2849 2906/2906/2906 2850/2850/2850
f 2850/2850/2850 2906/2906/2906 2907/2907/2907
f 2851/2851/2851 2908/2908/2908 2852/2852/2852
f 2852/2852/2852 2908/2908/2908 2909/2909/2909
f 2852/2852/2852 2909/2909/2909 2853/2853/2853
f 2853/2853/2853 2909/2909/2909 2910/2910/2910
f 2853/2853/2853 2910/2910/2910 2854/2854/2854
f 2854/2854/2854 2910/2910/2910 2911/2911/2911
f 2854/2854/2854 2911/2911/2911 2855/2855/2855
f 2855/2855/2855 2911/2911/2911 2912/2912/2912
f 2855/2855/2855 2912/2912/2912 2856/2856/2856
f 2856/2856/2856 2912/2912/2912 2913/2913/2913
f 2856/2856/2856 2913/2913/2913 2857/2857/2857
f 2857/2857/2857 2913/2913/2913 2914/2914/2914
f 2857/2857/2857 2914/2914/2914 2858/2858/2858
f 2858/2858/2858 2914/2914/2914 2915/2915/2915
f 2858/2858/2858 2915/2915/2915 2859/2859/2859
f 2859/2859/2859 2915/2915/2915 2916/2916/2916
f 2859/2859/2859 2916/2916/2916 2860/2860/2860
f 2860/2860/2860 2916/2916/2916 2917/2917/2917
f 2860/2860/2860 2917/2917/2917 2861/2861/2861
f 2861/2861/2861 2917/2917/2917 2918/2918/2918
f 2861/2861/2861 2918/2918/2918 2862/2862/2862
f 2862/2862/2862 2918/2918/2918 2919/2919/2919
f 2862/2862/2862 2919/2919/2919 2863/2863/2863
f 2863/2863/2863 2919/2919/2919 2920/2920/2920
f 2863/2863/2863 2920/2920/2920 2864/2864/2864
f 2864/2864/2864 2920/2920/2920 2921/2921/2921
f 2864/2864/2864 2921/2921/2921 2865/2865/2865
f 2865/2865/2865 2921/2921/2921 2922/2922/2922
f 2865/2865/2865 2922/2922/2922 2866/2866/2866
f 2866/2866/2866 2922/2922/2922 2923/2923/2923
f 2866/2866/2866 2923/2923/2923 2867/2867/2867
f 2867/2867/2867 2923/2923/2923 2924/2924/2924
f 2867/2867/2867 2924/2924/2924 2868/2868/2868
f 2868/2868/2868 2924/2924/2924 2925/2925/2925
f 2868/2868/2868 2925/2925/2925 2869/2869/2869
f 2869/2869/2869 2925/2925/2925 2926/2926/2926
f 2869/2869/2869 2926/2926/2926 2870/2870/2870
f 2870/2870/2870 2926/2926/2926 2927/2927/2927
f 2870/2870/2870 2927/2927/2927 2871/2871/2871
f 2871/2871/2871 2927/2927/2927 2928/2928/2928
f 2871/2871/2871 2928/2928/2928 2872/2872/2872
f 2872/2872/2872 2928/2928/2928 2929/2929/2929
f 2872/2872/2872 2929/2929/2929 2873/2873/2873
f 2873/2873/2873 2929/2929/2929 2930/2930/2930
f 2873/2873/2873 2930/2930/2930 2874/2874/2874
f 2874/2874/2874 2930/2930/2930 2931/2931/2931
f 2874/2874/2874 2931/2931/2931 2875/2875/2875
f 2875/2875/2875 2931/2931/2931 2932/2932/2932
f 2875/2875/2875 2932/2932/2932 2876/2876/2876
f 2876/2876/2876 2932/2932/2932 2933/2933/2933
f 2876/2876/2876 2933/2933/2933 2877/2877/2877
f 2877/2877/2877 2933/2933/2933 2934/2934/2934
f 2877/2877/2877 2934/2934/2934 2878/2878/2878
f 2878/2878/2878 2934/2934/2934 2935/2935/2935
f 2878/2878/2878 2935/2935/2935 2879/2879/2879
f 2879/2879/2879 2935/2935/2935 2936/2936/2936
f 2879/2879/2879 2936/2936/2936 2880/2880/2880
f 2880/2880/2880 2936/2936/2936 2937/2937/2937
f 2880/2880/2880 2937/2937/2937 2881/2881/2881
f 2881/2881/2881 2937/2937/2937 2938/2938/2938
f 2881/2881/2881 2938/2938/2938 2882/2882/2882
f 2882/2882/2882 2938/2938/2938 2939/2939/2939
f 2882/2882/2882 2939/2939/2939 2883/2883/2883
f 2883/2883/2883 2939/2939/2939 2940/2940/2940
f 2883/2883/2883 2940/2940/2940 2884/2884/2884
f 2884/2884/2884 2940/2940/2940 2941/2941/2941
f 2884/2884/2884 2941/2941/2941 2885/2885/2885
f 2885/2885/2885 2941/2941/2941 2942/2942/2942
f 2885/2885/2885 2942/2942/2942 2886/2886/2886
f 2886/2886/2886 2942/2942/2942 2943/2943/2943
f 2886/2886/2886 2943/2943/2943 2887/2887/2887
f 2887/2887/2887 2943/2943/2943 2944/2944/2944
f 2887/2887/2887 2944/2944/2944 2888/2888/2888
f 2888/2888/2888 2944/2944/2944 2945/2945/2945
f 2888/2888/2888 2945/2945/2945 2889/2889/2889
f 2889/2889/2889 2945/2945/2945 2946/2946/2946
f 2889/2889/2889 2946/2946/2946 2890/2890/2890
f 2890/2890/2890 2946/2946/2946 2947/2947/2947
f 2890/2890/2890 2947/2947/2947 2891/2891/2891
f 2891/2891/2891 2947/2947/2947 2948/2948/2948
f 2891/2891/2891 2948/2948/2948 2892/2892/2892
f 2892/2892/2892 2948/2948/2948 2949/2949/2949
f 2892/2892/2892 2949/2949/2949 2893/2893/2893
f 2893/2893/2893 2949/2949/2949 2950/2950/2950
f 2893/2893/2893 2950/2950/2950 2894/2894/2894
f 2894/2894/2894 2950/2950/2950 2951/2951/2951
f 2894/2894/2894 2951/2951/2951 2895/2895/2895
f 2895/2895/2895 2951/2951/2951 2952/2952/2952
f 2895/2895/2895 2952/2952/2952 2896/2896/2896
f 2896/2896/2896 2952/2952/2952 2953/2953/2953
f 2896/2896/2896 2953/2953/2953 2897/2897/2897
f 2897/2897/2897 2953/2953/2953 2954/2954/2954
f 2897/2897/2897 2954/2954/2954 2898/2898/2898
f 2898/2898/2898 2954/2954/2954 2955/2955/2955
f 2898/2898/2898 2955/2955/2955 2899/2899/2899
f 2899/2899/2899 2955/2955/2955 2956/2956/2956
f 2899/2899/2899 2956/2956/2956 2900/2900/2900
f 2900/2900/2900 2956/2956/2956 2957/2957/2957
f 2900/2900/2900 2957/2957/2957 2901/2901/2901
f 2901/2901/2901 2957/2957/2957 2958/2958/2958
f 2901/2901/2901 2958/2958/2958 2902/2902/2902
f 2902/2902/2902 2958/2958/2958 2959/2959/2959
f 2902/2902/2902 2959/2959/2959 2903/2903/2903
f 2903/2903/2903 2959/2959/2959 2960/2960/2960
f 2903/2903/2903 2960/2960/2960 2904/2904/2904
f 2904/2904/2904 2960/2960/2960 2961/2961/2961
f 2904/2904/2904 2961/2961/2961 2905/2905/2905
f 2905/2905/2905 2961/2961/2961 2962/2962/2962
f 2905/2905/2905 2962/2962/2962 2906/2906/2906
f 2906/2906/2906 2962/2962/2962 2963/2963/2963
f 2906/2906/2906 2963/2963/2963 2907/2907/2907
f 2907/2907/2907 2963/2963/2963 2964/2964/2964
f 2908/2908/2908 2965/2965/2965 2909/2909/2909
f 2909/2909/2909 2965/2965/2965 2966/2966/2966
f 2909/2909/2909 2966/2966/2966 2910/2910/2910
f 2910/2910/2910 2966/2966/2966 2967/2967/2967
f 2910/2910/2910 2967/2967/2967 2911/2911/2911
f 2911/2911/2911 2967/2967/2967 2968/2968/2968
f 2911/2911/2911 2968/2968/2968 2912/2912/2912
f 2912/2912/2912 2968/2968/2968 2969/2969/2969
f 2912/2912/2912 2969/2969/2969 2913/2913/2913
f 2913/2913/2913 2969/2969/2969 2970/2970/2970
f 2913/2913/2913 2970/2970/2970 2914/2914/2914
f 2914/2914/2914 2970/2970/2970 2971/2971/2971
f 2914/2914/2914 2971/2971/2971 2915/2915/2915
f 2915/2915/2915 2971/2971/2971 2972/2972/2972
f 2915/2915/2915 2972/2972/2972 2916/2916/2916
f 2916/2916/2916 2972/2972/2972 2973/2973/2973
f 2916/2916/2916 2973/2973/2973 2917/2917/2917
f 2917/2917/2917 2973/2973/2973 2974/2974/2974
f 2917/2917/2917 2974/2974/2974 2918/2918/2918
f 2918/2918/2918 2974/2974/2974 2975/2975/2975
f 2918/2918/2918 2975/2975/2975 2919/2919/2919
f 2919/2919/2919 2975/2975/2975 2976/2976/2976
f 2919/2919/2919 2976/2976/2976 2920/2920/2920
f 2920/2920/2920 2976/2976/2976 2977/2977/2977
f 2920/2920/2920 2977/2977/2977 2921/2921/2921
f 2921/2921/2921 2977/2977/2977 2978/2978/2978
f 2921/2921/2921 2978/2978/2978 2922/2922/2922
f 2922/2922/2922 2978/2978/2978 2979/2979/2979
f 2922/2922/2922 2979/2979/2979 2923/2923/2923
f 2923/2923/2923 2979/2979/2979 2980/2980/2980
f 2923/2923/2923 2980/2980/2980 2924/2924/2924
f 2924/2924/2924 2980/2980/2980 2981/2981/2981
f 2924/2924/2924 2981/2981/2981 2925/2925/2925
f 2925/2925/2925 2981/2981/2981 2982/2982/2982
f 2925/2925/2925 2982/2982/2982 2926/2926/2926
f 2926/2926/2926 2982/2982/2982 2983/2983/2983
f 2926/2926/2926 2983/2983/2983 2927/2927/2927
f 2927/2927/2927 2983/2983/2983 2984/2984/2984
f 2927/2927/2927 2984/2984/2984 2928/2928/2928
f 2928/2928/2928 2984/2984/2984 2985/2985/2985
f 2928/2928/2928 2985/2985/2985 2929/2929/2929
f 2929/2929/2929 2985/2985/2985 2986/2986/2986
f 2929/2929/2929 2986/2986/2986 2930/2930/2930
f 2930/2930/2930 2986/2986/2986 2987/2987/2987
f 2930/2930/2930 2987/2987/2987 2931/2931/2931
f 2931/2931/2931 2987/2987/2987 2988/2988/2988
f 2931/2931/2931 2988/2988/2988 2932/2932/2932
f 2932/2932/2932 2988/2988/2988 2989/2989/2989
f 2932/2932/2932 2989/2989/2989 2933/2933/2933
f 2933/2933/2933 2989/2989/2989 2990/2990/2990
f 2933/2933/2933 2990/2990/2990 2934/2934/2934
f 2934/2934/2934 2990/2990/2990 2991/2991/2991
f 2934/2934/2934 2991/2991/2991 2935/2935/2935
f 2935/2935/2935 2991/2991/2991 2992/2992/2992
f 2935/2935/2935 2992/2992/2992 2936/2936/2936
f 2936/2936/2936 2992/2992/2992 2993/2993/2993
f 2936/2936/2936 2993/2993/2993 2937/2937/2937
f 2937/2937/2937 2993/2993/2993 2994/2994/2994
f 2937/2937/2937 2994/2994/2994 2938/2938/2938
f 2938/2938/2938 2994/2994/2994 2995/2995/2995
f 2938/2938/2938 2995/2995/2995 2939/2939/2939
f 2939/2939/2939 2995/2995/2995 2996/2996/2996
f 2939/2939/2939 2996/2996/2996 2940/2940/2940
f 2940/2940/2940 2996/2996/2996 2997/2997/2997
f 2940/2940/2940 2997/2997/2997 2941/2941/2941
f 2941/2941/2941 2997/2997/2997 2998/2998/2998
f 2941/2941/2941 2998/2998/2998 2942/2942/2942
f 2942/2942/2942 2998/2998/2998 2999/2999/2999
f 2942/2942/2942 2999/2999/2999 2943/2943/2943
f 2943/2943/2943 2999/2999/2999 3000/3000/3000
f 2943/2943/2943 3000/3000/3000 2944/2944/2944
f 2944/2944/2944 3000/3000/3000 3001/3001/3001
f 2944/2944/2944 3001/3001/3001 2945/2945/2945
f 2945/2945/2945 3001/3001/3001 3002/3002/3002
f 2945/2945/2945 3002/3002/3002 2946/2946/2946
f 2946/2946/2946 3002/3002/3002 3003/3003/3003
f 2946/2946/2946 3003/3003/3003 2947/2947/2947
f 2947/2947/2947 3003/3003/3003 3004/3004/3004
f 2947/2947/2947 3004/3004/3004 2948/2948/2948
f 2948/2948/2948 3004/3004/3004 3005/3005/3005
f 2948/2948/2948 3005/3005/3005 2949/2949/2949
f 2949/2949/2949 3005/3005/3005 3006/3006/3006
f 2949/2949/2949 3006/3006/3006 2950/2950/2950
f 2950/2950/2950 3006/3006/3006 3007/3007/3007
f 2950/2950/2950 3007/3007/3007 2951/2951/2951
f 2951/2951/2951 3007/3007/3007 3008/3008/3008
f 2951/2951/2951 3008/3008/3008 2952/2952/2952
f 2952/2952/2952 3008/3008/3008 3009/3009/3009
f 2952/2952/2952 3009/3009/3009 2953/2953/2953
f 2953/2953/2953 3009/3009/3009 3010/3010/3010
f 2953/2953/2953 3010/3010/3010 2954/2954/2954
f 2954/2954/2954 3010/3010/3010 3011/3011/3011
f 2954/2954/2954 3011/3011/3011 2955/2955/2955
f 2955/2955/2955 3011/3011/3011 3012/3012/3012
f 2955/2955/2955 3012/3012/3012 2956/2956/2956
f 2956/2956/2956 3012/3012/3012 3013/3013/3013
f 2956/2956/2956 3013/3013/3013 2957/2957/2957
f 2957/2957/2957 3013/3013/3013 3014/3014/3014
f 2957/2957/2957 3014/3014/3014 2958/2958/2958
f 2958/2958/2958 3014/3014/3014 3015/3015/3015
f 2958/2958/2958 3015/3015/3015 2959/2959/2959
f 2959/2959/2959 3015/3015/3015 3016/3016/3016
f 2959/2959/2959 3016/3016/3016 2960/2960/2960
f 2960/2960/2960 3016/3016/3016 3017/3017/3017
f 2960/2960/2960 3017/3017/3017 2961/2961/2961
f 2961/2961/2961 3017/3017/3017 3018/3018/3018
f 2961/2961/2961 3018/3018/3018 2962/2962/2962
f 2962/2962/2962 3018/3018/3018 3019/3019/3019
f 2962/2962/2962 3019/3019/3019 2963/2963/2963
f 2963/2963/2963 3019/3019/3019 3020/3020/3020
f 2963/2963/2963 3020/3020/3020 2964/2964/2964
f 2964/2964/2964 3020/3020/3020 3021/3021/3021
f 2965/2965/2965 3022/3022/3022 2966/2966/2966
f 2966/2966/2966 3022/3022/3022 3023/3023/3023
f 2966/2966/2966 3023/3023/3023 2967/2967/2967
f 2967/2967/2967 3023/3023/3023 3024/3024/3024
f 2967/2967/2967 3024/3024/3024 2968/2968/2968
f 2968/2968/2968 3024/3024/3024 3025/3025/3025
f 2968/2968/2968 3025/3025/3025 2969/2969/2969
f 2969/2969/2969 3025/3025/3025 3026/3026/3026
f 2969/2969/2969 3026/3026/3026 2970/2970/2970
f 2970/2970/2970 3026/3026/3026 3027/3027/3027
f 2970/2970/2970 3027/3027/3027 2971/2971/2971
f 2971/2971/2971 3027/3027/3027 3028/3028/3028
f 2971/2971/2971 3028/3028/3028 2972/2972/2972
f 2972/2972/2972 3028/3028/3028 3029/3029/3029
f 2972/2972/2972 3029/3029/3029 2973/2973/2973
f 2973/2973/2973 3029/3029/3029 3030/3030/3030
f 2973/2973/2973 3030/3030/3030 2974/2974/2974
f 2974/2974/2974 3030/3030/3030 3031/3031/3031
f 2974/2974/2974 3031/3031/3031 2975/2975/2975
f 2975/2975/2975 3031/3031/3031 3032/3032/3032
f 2975/2975/2975 3032/3032/3032 2976/2976/2976
f 2976/2976/2976 3032/3032/3032 3033/3033/3033
f 2976/2976/2976 3033/3033/3033 2977/2977/2977
f 2977/2977/2977 3033/3033/3033 3034/3034/3034
f 2977/2977/2977 3034/3034/3034 2978/2978/2978
f 2978/2978/2978 3034/3034/3034 3035/3035/3035
f 2978/2978/2978 3035/3035/3035 2979/2979/2979
f 2979/2979/2979 3035/3035/3035 3036/3036/3036
f 2979/2979/2979 3036/3036/3036 2980/2980/2980
f 2980/2980/2980 3036/3036/3036 3037/3037/3037
f 2980/2980/2980 3037/3037/3037 2981/2981/2981
f 2981/2981/2981 3037/3037/3037 3038/3038/3038
f 2981/2981/2981 3038/3038/3038 2982/2982/2982
f 2982/2982/2982 3038/3038/3038 3039/3039/3039
f 2982/2982/2982 3039/3039/3039 2983/2983/2983
f 2983/2983/2983 3039/3039/3039 3040/3040/3040
f 2983/2983/2983 3040/3040/3040 2984/2984/2984
f 2984/2984/2984 3040/3040/3040 3041/3041/3041
f 2984/2984/2984 3041/3041/3041 2985/2985/2985
f 2985/2985/2985 3041/3041/3041 3042/3042/3042
f 2985/2985/2985 3042/3042/3042 2986/2986/2986
f 2986/2986/2986 3042/3042/3042 3043/3043/3043
f 2986/2986/2986 3043/3043/3043 2987/2987/2987
f 2987/2987/2987 3043/3043/3043 3044/3044/3044
f 2987/2987/2987 3044/3044/3044 2988/2988/2988
f 2988/2988/2988 3044/3044/3044 3045/3045/3045
f 2988/2988/2988 3045/3045/3045 2989/2989/2989
f 2989/2989/2989 3045/3045/3045 3046/3046/3046
f 2989/2989/2989 3046/3046/3046 2990/2990/2990
f 2990/2990/2990 3046/3046/3046 3047/3047/3047
f 2990/2990/2990 3047/3047/3047 2991/2991/2991
f 2991/2991/2991 3047/3047/3047 3048/3048/3048
f 2991/2991/2991 3048/3048/3048 2992/2992/2992
f 2992/2992/2992 3048/3048/3048 3049/3049/3049
f 2992/2992/2992 3049/3049/3049 2993/2993/2993
f 2993/2993/2993 3049/3049/3049 3050/3050/3050
f 2993/2993/2993 3050/3050/3050 2994/2994/2994
f 2994/2994/2994 3050/3050/3050 3051/3051/3051
f 2994/2994/2994 3051/3051/3051 2995/2995/2995
f 2995/2995/2995 3051/3051/3051 3052/3052/3052
f 2995/2995/2995 3052/3052/3052 2996/2996/2996
f 2996/2996/2996 3052/3052/3052 3053/3053/3053
f 2996/2996/2996 3053/3053/3053 2997/2997/2997
f 2997/2997/2997 3053/3053/3053 3054/3054/3054
f 2997/2997/2997 3054/3054/3054 2998/2998/2998
f 2998/2998/2998 3054/3054/3054 3055/3055/3055
f 2998/2998/2998 3055/3055/3055 2999/2999/2999
f 2999/2999/2999 3055/3055/3055 3056/3056/3056
f 2999/2999/2999 3056/3056/3056 3000/3000/3000
f 3000/3000/3000 3056/3056/3056 3057/3057/3057
f 3000/3000/3000 3057/3057/3057 3001/3001/3001
f 3001/3001/3001 3057/3057/3057 3058/3058/3058
f 3001/3001/3001 3058/3058/3058 3002/3002/3002
f 3002/3002/3002 3058/3058/3058 3059/3059/3059
f 3002/3002/3002 3059/3059/3059 3003/3003/3003
f 3003/3003/3003 3059/3059/3059 3060/3060/3060
f 3003/3003/3003 3060/3060/3060 3004/3004/3004
f 3004/3004/3004 3060/3060/3060 3061/3061/3061
f 3004/3004/3004 3061/3061/3061 3005/3005/3005
f 3005/3005/3005 3061/3061/3061 3062/3062/3062
f 3005/3005/3005 3062/3062/3062 3006/3006/3006
f 3006/3006/3006 3062/3062/3062 3063/3063/3063
f 3006/3006/3006 3063/3063/3063 3007/3007/3007
f 3007/3007/3007 3063/3063/3063 3064/3064/3064
f 3007/3007/3007 3064/3064/3064 3008/3008/3008
f 3008/3008/3008 3064/3064/3064 3065/3065/3065
f 3008/3008/3008 3065/3065/3065 3009/3009/3009
f 3009/3009/3009 3065/3065/3065 3066/3066/3066
f 3009/3009/3009 3066/3066/3066 3010/3010/3010
f 3010/3010/3010 3066/3066/3066 3067/3067/3067
f 3010/3010/3010 3067/3067/3067 3011/3011/3011
f 3011/3011/3011 3067/3067/3067 3068/3068/3068
f 3011/3011/3011 3068/3068/3068 3012/3012/3012
f 3012/3012/3012 3068/3068/3068 3069/3069/3069
f 3012/3012/3012 3069/3069/3069 3013/3013/3013
f 3013/3013/3013 3069/3069/3069 3070/3070/3070
f 3013/3013/3013 3070/3070/3070 3014/3014/3014
f 3014/3014/3014 3070/3070/3070 3071/3071/3071
f 3014/3014/3014 3071/3071/3071 3015/3015/3015
f 3015/3015/3015 3071/3071/3071 3072/3072/3072
f 3015/3015/3015 3072/3072/3072 3016/3016/3016
f 3016/3016/3016 3072/3072/3072 3073/3073/3073
f 3016/3016/3016 3073/3073/3073 3017/3017/3017
f 3017/3017/3017 3073/3073/3073 3074/3074/3074
f 3017/3017/3017 3074/3074/3074 3018/3018/3018
f 3018/3018/3018 3074/3074/3074 3075/3075/3075
f 3018/3018/3018 3075/3075/3075 3019/3019/3019
f 3019/3019/3019 3075/3075/3075 3076/3076/3076
f 3019/3019/3019 3076/3076/3076 3020/3020/3020
f 3020/3020/3020 3076/3076/3076 3077/3077/3077
f 3020/3020/3020 3077/3077/3077 3021/3021/3021
f 3021/3021/3021 3077/3077/3077 3078/3078/3078
f 3022/3022/3022 3079/3079/3079 3023/3023/3023
f 3023/3023/3023 3079/3079/3079 3080/3080/3080
f 3023/3023/3023 3080/3080/3080 3024/3024/3024
f 3024/3024/3024 3080/3080/3080 3081/3081/3081
f 3024/3024/3024 3081/3081/3081 3025/3025/3025
f 3025/3025/3025 3081/3081/3081 3082/3082/3082
f 3025/3025/3025 3082/3082/3082 3026/3026/3026
f 3026/3026/3026 3082/3082/3082 3083/3083/3083
f 3026/3026/3026 3083/3083/3083 3027/3027/3027
f 3027/3027/3027 3083/3083/3083 3084/3084/3084
f 3027/3027/3027 3084/3084/3084 3028/3028/3028
f 3028/3028/3028 3084/3084/3084 3085/3085/3085
f 3028/3028/3028 3085/3085/3085 3029/3029/3029
f 3029/3029/3029 3085/3085/3085 3086/3086/3086
f 3029/3029/3029 3086/3086/3086 3030/3030/3030
f 3030/3030/3030 3086/3086/3086 3087/3087/3087
f 3030/3030/3030 3087/3087/3087 3031/3031/3031
f 3031/3031/3031 3087/3087/3087 3088/3088/3088
f 3031/3031/3031 3088/3088/3088 3032/3032/3032
f 3032/3032/3032 3088/3088/3088 3089/3089/3089
f 3032/3032/3032 3089/3089/3089 3033/3033/3033
f 3033/3033/3033 3089/3089/3089 3090/3090/3090
f 3033/3033/3033 3090/3090/3090 3034/3034/3034
f 3034/3034/3034 3090/3090/3090 3091/3091/3091
f 3034/3034/3034 3091/3091/3091 3035/3035/3035
f 3035/3035/3035 3091/3091/3091 3092/3092/3092
f 3035/3035/3035 3092/3092/3092 3036/3036/3036
f 3036/3036/3036 3092/3092/3092 3093/3093/3093
f 3036/3036/3036 3093/3093/3093 3037/3037/3037
f 3037/3037/3037 3093/3093/3093 3094/3094/3094
f 3037/3037/3037 3094/3094/3094 3038/3038/3038
f 3038/3038/3038 3094/3094/3094 3095/3095/3095
f 3038/3038/3038 3095/3095/3095 3039/3039/3039
f 3039/3039/3039 3095/3095/3095 3096/3096/3096
f 3039/3039/3039 3096/3096/3096 3040/3040/3040
f 3040/3040/3040 3096/3096/3096 3097/3097/3097
f 3040/3040/3040 3097/3097/3097 3041/3041/3041
f 3041/3041/3041 3097/3097/3097 3098/3098/3098
f 3041/3041/3041 3098/3098/3098 3042/3042/3042
f 3042/3042/3042 3098/3098/3098 3099/3099/3099
f 3042/3042/3042 3099/3099/3099 3043/3043/3043
f 3043/3043/3043 3099/3099/3099 3100/3100/3100
f 3043/3043/3043 3100/3100/3100 3044/3044/3044
f 3044/3044/3044 3100/3100/3100 3101/3101/3101
f 3044/3044/3044 3101/3101/3101 3045/3045/3045
f 3045/3045/3045 3101/3101/3101 3102/3102/3102
f 3045/3045/3045 3102/3102/3102 3046/3046/3046
f 3046/3046/3046 3102/3102/3102 3103/3103/3103
f 3046/3046/3046 3103/3103/3103 3047/3047/3047
f 3047/3047/3047 3103/3103/3103 3104/3104/3104
f 3047/3047/3047 3104/3104/3104 3048/3048/3048
f 3048/3048/3048 3104/3104/3104 3105/3105/3105
f 3048/3048/3048 3105/3105/3105 3049/3049/3049
f 3049/3049/3049 3105/3105/3105 3106/3106/3106
f 3049/3049/3049 3106/3106/3106 3050/3050/3050
f 3050/3050/3050 3106/3106/3106 3107/3107/3107
f 3050/3050/3050 3107/3107/3107 3051/3051/3051
f 3051/3051/3051 3107/3107/3107 3108/3108/3108
f 3051/3051/3051 3108/3108/3108 3052/3052/3052
f 3052/3052/3052 3108/3108/3108 3109/3109/3109
f 3052/3052/3052 3109/3109/3109 3053/3053/3053
f 3053/3053/3053 3109/3109/3109 3110/3110/3110
f 3053/3053/3053 3110/3110/3110 3054/3054/3054
f 3054/3054/3054 3110/3110/3110 3111/3111/3111
f 3054/3054/3054 3111/3111/3111 3055/3055/3055
f 3055/3055/3055 3111/3111/3111 3112/3112/3112
f 3055/3055/3055 3112/3112/3112 3056/3056/3056
f 3056/3056/3056 3112/3112/3112 3113/3113/3113
f 3056/3056/3056 3113/3113/3113 3057/3057/3057
f 3057/3057/3057 3113/3113/3113 3114/3114/3114
f 3057/3057/3057 3114/3114/3114 3058/3058/3058
f 3058/3058/3058 3114/3114/3114 3115/3115/3115
f 3058/3058/3058 3115/3115/3115 3059/3059/3059
f 3059/3059/3059 3115/3115/3115 3116/3116/3116
f 3059/3059/3059 3116/3116/3116 3060/3060/3060
f 3060/3060/3060 3116/3116/3116 3117/3117/3117
f 3060/3060/3060 3117/3117/3117 3061/3061/3061
f 3061/3061/3061 3117/3117/3117 3118/3118/3118
f 3061/3061/3061 3118/3118/3118 3062/3062/3062
f 3062/3062/3062 3118/3118/3118 3119/3119/3119
f 3062/3062/3062 3119/3119/3119 3063/3063/3063
f 3063/3063/3063 3119/3119/3119 3120/3120/3120
f 3063/3063/3063 3120/3120/3120 3064/3064/3064
f 3064/3064/3064 3120/3120/3120 3121/3121/3121
f 3064/3064/3064 3121/3121/3121 3065/3065/3065
f 3065/3065/3065 3121/3121/3121 3122/3122/3122
f 3065/3065/3065 3122/3122/3122 3066/3066/3066
f 3066/3066/3066 3122/3122/3122 3123/3123/3123
f 3066/3066/3066 3123/3123/3123 3067/3067/3067
f 3067/3067/3067 3123/3123/3123 3124/3124/3124
f 3067/3067/3067 3124/3124/3124 3068/3068/3068
f 3068/3068/3068 3124/3124/3124 3125/3125/3125
f 3068/3068/3068 3125/3125/3125 3069/3069/3069
f 3069/3069/3069 3125/3125/3125 3126/3126/3126
f 3069/3069/3069 3126/3126/3126 3070/3070/3070
f 3070/3070/3070 3126/3126/3126 3127/3127/3127
f 3070/3070/3070 3127/3127/3127 3071/3071/3071
f 3071/3071/3071 3127/3127/3127 3128/3128/3128
f 3071/3071/3071 3128/3128/3128 3072/3072/3072
f 3072/3072/3072 3128/3128/3128 3129/3129/3129
f 3072/3072/3072 3129/3129/3129 3073/3073/3073
f 3073/3073/3073 3129/3129/3129 3130/3130/3130
f 3073/3073/3073 3130/3130/3130 3074/3074/3074
f 3074/3074/3074 3130/3130/3130 3131/3131/3131
f 3074/3074/3074 3131/3131/3131 3075/3075/3075
f 3075/3075/3075 3131/3131/3131 3132/3132/3132
f 3075/3075/3075 3132/3132/3132 3076/3076/3076
f 3076/3076/3076 3132/3132/3132 3133/3133/3133
f 3076/3076/3076 3133/3133/3133 3077/3077/3077
f 3077/3077/3077 3133/3133/3133 3134/3134/3134
f 3077/3077/3077 3134/3134/3134 3078/3078/3078
f 3078/3078/3078 3134/3134/3134 3135/3135/3135
f 3079/3079/3079 3136/3136/3136 3080/3080/3080
f 3080/3080/3080 3136/3136/3136 3137/3137/3137
f 3080/3080/3080 3137/3137/3137 3081/3081/3081
f 3081/3081/3081 3137/3137/3137 3138/3138/3138
f 3081/3081/3081 3138/3138/3138 3082/3082/3082
f 3082/3082/3082 3138/3138/3138 3139/3139/3139
f 3082/3082/3082 3139/3139/3139 3083/3083/3083
f 3083/3083/3083 3139/3139/3139 3140/3140/3140
f 3083/3083/3083 3140/3140/3140 3084/3084/3084
f 3084/3084/3084 3140/3140/3140 3141/3141/3141
f 3084/3084/3084 3141/3141/3141 3085/3085/3085
f 3085/3085/3085 3141/3141/3141 3142/3142/3142
f 3085/3085/3085 3142/3142/3142 3086/3086/3086
f 3086/3086/3086 3142/3142/3142 3143/3143/3143
f 3086/3086/3086 3143/3143/3143 3087/3087/3087
f 3087/3087/3087 3143/3143/3143 3144/3144/3144
f 3087/3087/3087 3144/3144/3144 3088/3088/3088
f 3088/3088/3088 3144/3144/3144 3145/3145/3145
f 3088/3088/3088 3145/3145/3145 3089/3089/3089
f 3089/3089/3089 3145/3145/3145 3146/3146/3146
f 3089/3089/3089 3146/3146/3146 3090/3090/3090
f 3090/3090/3090 3146/3146/3146 3147/3147/3147
f 3090/3090/3090 3147/3147/3147 3091/3091/3091
f 3091/3091/3091 3147/3147/3147 3148/3148/3148
f 3091/3091/3091 3148/3148/3148 3092/3092/3092
f 3092/3092/3092 3148/3148/3148 3149/3149/3149
f 3092/3092/3092 3149/3149/3149 3093/3093/3093
f 3093/3093/3093 3149/3149/3149 3150/3150/3150
f 3093/3093/3093 3150/3150/3150 3094/3094/3094
f 3094/3094/3094 3150/3150/3150 3151/3151/3151
f 3094/3094/3094 3151/3151/3151 3095/3095/3095
f 3095/3095/3095 3151/3151/3151 3152/3152/3152
f 3095/3095/3095 3152/3152/3152 3096/3096/3096
f 3096/3096/3096 3152/3152/3152 3153/3153/3153
f 3096/3096/3096 3153/3153/3153 3097/3097/3097
f 3097/3097/3097 3153/3153/3153 3154/3154/3154
f 3097/3097/3097 3154/3154/3154 3098/3098/3098
f 3098/3098/3098 3154/3154/3154 3155/3155/3155
f 3098/3098/3098 3155/3155/3155 3099/3099/3099
f 3099/3099/3099 3155/3155/3155 3156/3156/3156
f 3099/3099/3099 3156/3156/3156 3100/3100/3100
f 3100/3100/3100 3156/3156/3156 3157/3157/3157
f 3100/3100/3100 3157/3157/3157 3101/3101/3101
f 3101/3101/3101 3157/3157/3157 3158/3158/3158
f 3101/3101/3101 3158/3158/3158 3102/3102/3102
f 3102/3102/3102 3158/3158/3158 3159/3159/3159
f 3102/3102/3102 3159/3159/3159 3103/3103/3103
f 3103/3103/3103 3159/3159/3159 3160/3160/3160
f 3103/3103/3103 3160/3160/3160 3104/3104/3104
f 3104/3104/3104 3160/3160/3160 3161/3161/3161
f 3104/3104/3104 3161/3161/3161 3105/3105/3105
f 3105/3105/3105 3161/3161/3161 3162/3162/3162
f 3105/3105/3105 3162/3162/3162 3106/3106/3106
f 3106/3106/3106 3162/3162/3162 3163/3163/3163
f 3106/3106/3106 3163/3163/3163 3107/3107/3107
f 3107/3107/3107 3163/3163/3163 3164/3164/3164
f 3107/3107/3107 3164/3164/3164 3108/3108/3108
f 3108/3108/3108 3164/3164/3164 3165/3165/3165
f 3108/3108/3108 3165/3165/3165 3109/3109/3109
f 3109/3109/3109 3165/3165/3165 3166/3166/3166
f 3109/3109/3109 3166/3166/3166 3110/3110/3110
f 3110/3110/3110 3166/3166/3166 3167/3167/3167
f 3110/3110/3110 3167/3167/3167 3111/3111/3111
f 3111/3111/3111 3167/3167/3167 3168/3168/3168
f 3111/3111/3111 3168/3168/3168 3112/3112/3112
f 3112/3112/3112 3168/3168/3168 3169/3169/3169
f 3112/3112/3112 3169/3169/3169 3113/3113/3113
f 3113/3113/3113 3169/3169/3169 3170/3170/3170
f 3113/3113/3113 3170/3170/3170 3114/3114/3114
f 3114/3114/3114 3170/3170/3170 3171/3171/3171
f 3114/3114/3114 3171/3171/3171 3115/3115/3115
f 3115/3115/3115 3171/3171/3171 3172/3172/3172
f 3115/3115/3115 3172/3172/3172 3116/3116/3116
f 3116/3116/3116 3172/3172/3172 3173/3173/3173
f 3116/3116/3116 3173/3173/3173 3117/3117/3117
f 3117/3117/3117 3173/3173/3173 3174/3174/3174
f 3117/3117/3117 3174/3174/3174 3118/3118/3118
f 3118/3118/3118 3174/3174/3174 3175/3175/3175
f 3118/3118/3118 3175/3175/3175 3119/3119/3119
f 3119/3119/3119 3175/3175/3175 3176/3176/3176
f 3119/3119/3119 3176/3176/3176 3120/3120/3120
f 3120/3120/3120 3176/3176/3176 3177/3177/3177
f 3120/3120/3120 3177/3177/3177 3121/3121/3121
f 3121/3121/3121 3177/3177/3177 3178/3178/3178
f 3121/3121/3121 3178/3178/3178 3122/3122/3122
f 3122/3122/3122 3178/3178/3178 3179/3179/3179
f 3122/3122/3122 3179/3179/3179 3123/3123/3123
f 3123/3123/3123 3179/3179/3179 3180/3180/3180
f 3123/3123/3123 3180/3180/3180 3124/3124/3124
f 3124/3124/3124 3180/3180/3180 3181/3181/3181
f 3124/3124/3124 3181/3181/3181 3125/3125/3125
f 3125/3125/3125 3181/3181/3181 3182/3182/3182
f 3125/3125/3125 3182/3182/3182 3126/3126/3126
f 3126/3126/3126 3182/3182/3182 3183/3183/3183
f 3126/3126/3126 3183/3183/3183 3127/3127/3127
f 3127/3127/3127 3183/3183/3183 3184/3184/3184
f 3127/3127/3127 3184/3184/3184 3128/3128/3128
f 3128/3128/3128 3184/3184/3184 3185/3185/3185
f 3128/3128/3128 3185/3185/3185 3129/3129/3129
f 3129/3129/3129 3185/3185/3185 3186/3186/3186
f 3129/3129/3129 3186/3186/3186 3130/3130/3130
f 3130/3130/3130 3186/3186/3186 3187/3187/3187
f 3130/3130/3130 3187/3187/3187 3131/3131/3131
f 3131/3131/3131 3187/3187/3187 3188/3188/3188
f 3131/3131/3131 3188/3188/3188 3132/3132/3132
f 3132/3132/3132 3188/3188/3188 3189/3189/3189
f 3132/3132/3132 3189/3189/3189 3133/3133/3133
f 3133/3133/3133 3189/3189/3189 3190/3190/3190
f 3133/3133/3133 3190/3190/3190 3134/3134/3134
f 3134/3134/3134 3190/3190/3190 3191/3191/3191
f 3134/3134/3134 3191/3191/3191 3135/3135/3135
f 3135/3135/3135 3191/3191/3191 3192/3192/3192
f 3136/3136/3136 3193/3193/3193 3137/3137/3137
f 3137/3137/3137 3193/3193/3193 3194/3194/3194
f 3137/3137/3137 3194/3194/3194 3138/3138/3138
f 3138/3138/3138 3194/3194/3194 3195/3195/3195
f 3138/3138/3138 3195/3195/3195 3139/3139/3139
f 3139/3139/3139 3195/3195/3195 3196/3196/3196
f 3139/3139/3139 3196/3196/3196 3140/3140/3140
f 3140/3140/3140 3196/3196/3196 3197/3197/3197
f 3140/3140/3140 3197/3197/3197 3141/3141/3141
f 3141/3141/3141 3197/3197/3197 3198/3198/3198
f 3141/3141/3141 3198/3198/3198 3142/3142/3142
f 3142/3142/3142 3198/3198/3198 3199/3199/3199
f 3142/3142/3142 3199/3199/3199 3143/3143/3143
f 3143/3143/3143 3199/3199/3199 3200/3200/3200
f 3143/3143/3143 3200/3200/3200 3144/3144/3144
f 3144/3144/3144 3200/3200/3200 3201/3201/3201
f 3144/3144/3144 3201/3201/3201 3145/3145/3145
f 3145/3145/3145 3201/3201/3201 3202/3202/3202
f 3145/3145/3145 3202/3202/3202 3146/3146/3146
f 3146/3146/3146 3202/3202/3202 3203/3203/3203
f 3146/3146/3146 3203/3203/3203 3147/3147/3147
f 3147/3147/3147 3203/3203/3203 3204/3204/3204
f 3147/3147/3147 3204/3204/3204 3148/3148/3148
f 3148/3148/3148 3204/3204/3204 3205/3205/3205
f 3148/3148/3148 3205/3205/3205 3149/3149/3149
f 3149/3149/3149 3205/3205/3205 3206/3206/3206
f 3149/3149/3149 3206/3206/3206 3150/3150/3150
f 3150/3150/3150 3206/3206/3206 3207/3207/3207
f 3150/3150/3150 3207/3207/3207 3151/3151/3151
f 3151/3151/3151 3207/3207/3207 3208/3208/3208
f 3151/3151/3151 3208/3208/3208 3152/3152/3152
f 3152/3152/3152 3208/3208/3208 3209/3209/3209
f 3152/3152/3152 3209/3209/3209 3153/3153/3153
f 3153/3153/3153 3209/3209/3209 3210/3210/3210
f 3153/3153/3153 3210/3210/3210 3154/3154/3154
f 3154/3154/3154 3210/3210/3210 3211/3211/3211
f 3154/3154/3154 3211/3211/3211 3155/3155/3155
f 3155/3155/3155 3211/3211/3211 3212/3212/3212
f 3155/3155/3155 3212/3212/3212 3156/3156/3156
f 3156/3156/3156 3212/3212/3212 3213/3213/3213
f 3156/3156/3156 3213/3213/3213 3157/3157/3157
f 3157/3157/3157 3213/3213/3213 3214/3214/3214
f 3157/3157/3157 3214/3214/3214 3158/3158/3158
f 3158/3158/3158 3214/3214/3214 3215/3215/3215
f 3158/3158/3158 3215/3215/3215 3159/3159/3159
f 3159/3159/3159 3215/3215/3215 3216/3216/3216
f 3159/3159/3159 3216/3216/3216 3160/3160/3160
f 3160/3160/3160 3216/3216/3216 3217/3217/3217
f 3160/3160/3160 3217/3217/3217 3161/3161/3161
f 3161/3161/3161 3217/3217/3217 3218/3218/3218
f 3161/3161/3161 3218/3218/3218 3162/3162/3162
f 3162/3162/3162 3218/3218/3218 3219/3219/3219
f 3162/3162/3162 3219/3219/3219 3163/3163/3163
f 3163/3163/3163 3219/3219/3219 3220/3220/3220
f 3163/3163/3163 3220/3220/3220 3164/3164/3164
f 3164/3164/3164 3220/3220/3220 3221/3221/3221
f 3164/3164/3164 3221/3221/3221 3165/3165/3165
f 3165/3165/3165 3221/3221/3221 3222/3222/3222
f 3165/3165/3165 3222/3222/3222 3166/3166/3166
f 3166/3166/3166 3222/3222/3222 3223/3223/3223
f 3166/3166/3166 3223/3223/3223 3167/3167/3167
f 3167/3167/3167 3223/3223/3223 3224/3224/3224
f 3167/3167/3167 3224/3224/3224 3168/3168/3168
f 3168/3168/3168 3224/3224/3224 3225/3225/3225
f 3168/3168/3168 3225/3225/3225 3169/3169/3169
f 3169/3169/3169 3225/3225/3225 3226/3226/3226
f 3169/3169/3169 3226/3226/3226 3170/3170/3170
f 3170/3170/3170 3226/3226/3226 3227/3227/3227
f 3170/3170/3170 3227/3227/3227 3171/3171/3171
f 3171/3171/3171 3227/3227/3227 3228/3228/3228
f 3171/3171/3171 3228/3228/3228 3172/3172/3172
f 3172/3172/3172 3228/3228/3228 3229/3229/3229
f 3172/3172/3172 3229/3229/3229 3173/3173/3173
f 3173/3173/3173 3229/3229/3229 3230/3230/3230
f 3173/3173/3173 3230/3230/3230 3174/3174/3174
f 3174/3174/3174 3230/3230/3230 3231/3231/3231
f 3174/3174/3174 3231/3231/3231 3175/3175/3175
f 3175/3175/3175 3231/3231/3231 3232/3232/3232
f 3175/3175/3175 3232/3232/3232 3176/3176/3176
f 3176/3176/3176 3232/3232/3232 3233/3233/3233
f 3176/3176/3176 3233/3233/3233 3177/3177/3177
f 3177/3177/3177 3233/3233/3233 3234/3234/3234
f 3177/3177/3177 3234/3234/3234 3178/3178/3178
f 3178/3178/3178 3234/3234/3234 3235/3235/3235
f 3178/3178/3178 3235/3235/3235 3179/3179/3179
f 3179/3179/3179 3235/3235/3235 3236/3236/3236
f 3179/3179/3179 3236/3236/3236 3180/3180/3180
f 3180/3180/3180 3236/3236/3236 3237/3237/3237
f 3180/3180/3180 3237/3237/3237 3181/3181/3181
f 3181/3181/3181 3237/3237/3237 3238/3238/3238
f 3181/3181/3181 3238/3238/3238 3182/3182/3182
f 3182/3182/3182 3238/3238/3238 3239/3239/3239
f 3182/3182/3182 3239/3239/3239 3183/3183/3183
f 3183/3183/3183 3239/3239/3239 3240/3240/3240
f 3183/3183/3183 3240/3240/3240 3184/3184/3184
f 3184/3184/3184 3240/3240/3240 3241/3241/3241
f 3184/3184/3184 3241/3241/3241 3185/3185/3185
f 3185/3185/3185 3241/3241/3241 3242/3242/3242
f 3185/3185/3185 3242/3242/3242 3186/3186/3186
f 3186/3186/3186 3242/3242/3242 3243/3243/3243
f 3186/3186/3186 3243/3243/3243 3187/3187/3187
f 3187/3187/3187 3243/3243/3243 3244/3244/3244
f 3187/3187/3187 3244/3244/3244 3188/3188/3188
f 3188/3188/3188 3244/3244/3244 3245/3245/3245
f 3188/3188/3188 3245/3245/3245 3189/3189/3189
f 3189/3189/3189 3245/3245/3245 3246/3246/3246
f 3189/3189/3189 3246/3246/3246 3190/3190/3190
f 3190/3190/3190 3246/3246/3246 3247/3247/3247
f 3190/3190/3190 3247/3247/3247 3191/3191/3191
f 3191/3191/3191 3247/3247/3247 3248/3248/3248
f 3191/3191/3191 3248/3248/3248 3192/3192/3192
f 3192/3192/3192 3248/3248/3248 3249/3249/3249
f 3193/3193/3193 3250/3250/3250 3194/3194/3194
f 3194/3194/3194 3250/3250/3250 3251/3251/3251
f 3194/3194/3194 3251/3251/3251 3195/3195/3195
f 3195/3195/3195 3251/3251/3251 3252/3252/3252
f 3195/3195/3195 3252/3252/3252 3196/3196/3196
f 3196/3196/3196 3252/3252/3252 3253/3253/3253
f 3196/3196/3196 3253/3253/3253 3197/3197/3197
f 3197/3197/3197 3253/3253/3253 3254/3254/3254
f 3197/3197/3197 3254/3254/3254 3198/3198/3198
f 3198/3198/3198 3254/3254/3254 3255/3255/3255
f 3198/3198/3198 3255/3255/3255 3199/3199/3199
f 3199/3199/3199 3255/3255/3255 3256/3256/3256
f 3199/3199/3199 3256/3256/3256 3200/3200/3200
f 3200/3200/3200 3256/3256/3256 3257/3257/3257
f 3200/3200/3200 3257/3257/3257 3201/3201/3201
f 3201/3201/3201 3257/3257/3257 3258/3258/3258
f 3201/3201/3201 3258/3258/3258 3202/3202/3202
f 3202/3202/3202 3258/3258/3258 3259/3259/3259
f 3202/3202/3202 3259/3259/3259 3203/3203/3203
f 3203/3203/3203 3259/3259/3259 3260/3260/3260
f 3203/3203/3203 3260/3260/3260 3204/3204/3204
f 3204/3204/3204 3260/3260/3260 3261/3261/3261
f 3204/3204/3204 3261/3261/3261 3205/3205/3205
f 3205/3205/3205 3261/3261/3261 3262/3262/3262
f 3205/3205/3205 3262/3262/3262 3206/3206/3206
f 3206/3206/3206 3262/3262/3262 3263/3263/3263
f 3206/3206/3206 3263/3263/3263 3207/3207/3207
f 3207/3207/3207 3263/3263/3263 3264/3264/3264
f 3207/3207/3207 3264/3264/3264 3208/3208/3208
f 3208/3208/3208 3264/3264/3264 3265/3265/3265
f 3208/3208/3208 3265/3265/3265 3209/3209/3209
f 3209/3209/3209 3265/3265/3265 3266/3266/3266
f 3209/3209/3209 3266/3266/3266 3210/3210/3210
f 3210/3210/3210 3266/3266/3266 3267/3267/3267
f 3210/3210/3210 3267/3267/3267 3211/3211/3211
f 3211/3211/3211 3267/3267/3267 3268/3268/3268
f 3211/3211/3211 3268/3268/3268 3212/3212/3212
f 3212/3212/3212 3268/3268/3268 3269/3269/3269
f 3212/3212/3212 3269/3269/3269 3213/3213/3213
f 3213/3213/3213 3269/3269/3269 3270/3270/3270
f 3213/3213/3213 3270/3270/3270 3214/3214/3214
f 3214/3214/3214 3270/3270/3270 3271/3271/3271
f 3214/3214/3214 3271/3271/3271 3215/3215/3215
f 3215/3215/3215 3271/3271/3271 3272/3272/3272
f 3215/3215/3215 3272/3272/3272 3216/3216/3216
f 3216/3216/3216 3272/3272/3272 3273/3273/3273
f 3216/3216/3216 3273/3273/3273 3217/3217/3217
f 3217/3217/3217 3273/3273/3273 3274/3274/3274
f 3217/3217/3217 3274/3274/3274 3218/3218/3218
f 3218/3218/3218 3274/3274/3274 3275/3275/3275
f 3218/3218/3218 3275/3275/3275 3219/3219/3219
f 3219/3219/3219 3275/3275/3275 3276/3276/3276
f 3219/3219/3219 3276/3276/3276 3220/3220/3220
f 3220/3220/3220 3276/3276/3276 3277/3277/3277
f 3220/3220/3220 3277/3277/3277 3221/3221/3221
f 3221/3221/3221 3277/3277/3277 3278/3278/3278
f 3221/3221/3221 3278/3278/3278 3222/3222/3222
f 3222/3222/3222 3278/3278/3278 3279/3279/3279
f 3222/3222/3222 3279/3279/3279 3223/3223/3223
f 3223/3223/3223 3279/3279/3279 3280/3280/3280
f 3223/3223/3223 3280/3280/3280 3224/3224/3224
f 3224/3224/3224 3280/3280/3280 3281/3281/3281
f 3224/3224/3224 3281/3281/3281 3225/3225/3225
f 3225/3225/3225 3281/3281/3281 3282/3282/3282
f 3225/3225/3225 3282/3282/3282 3226/3226/3226
f 3226/3226/3226 3282/3282/3282 3283/3283/3283
f 3226/3226/3226 3283/3283/3283 3227/3227/3227
f 3227/3227/3227 3283/3283/3283 3284/3284/3284
f 3227/3227/3227 3284/3284/3284 3228/3228/3228
f 3228/3228/3228 3284/3284/3284 3285/3285/3285
f 3228/3228/3228 3285/3285/3285 3229/3229/3229
f 3229/3229/3229 3285/3285/3285 3286/3286/3286
f 3229/3229/3229 3286/3286/3286 3230/3230/3230
f 3230/3230/3230 3286/3286/3286 3287/3287/3287
f 3230/3230/3230 3287/3287/3287 3231/3231/3231
f 3231/3231/3231 3287/3287/3287 3288/3288/3288
f 3231/3231/3231 3288/3288/3288 3232/3232/3232
f 3232/3232/3232 3288/3288/3288 3289/3289/3289
f 3232/3232/3232 3289/3289/3289 3233/3233/3233
f 3233/3233/3233 3289/3289/3289 3290/3290/3290
f 3233/3233/3233 3290/3290/3290 3234/3234/3234
f 3234/3234/3234 3290/3290/3290 3291/3291/3291
f 3234/3234/3234 3291/3291/3291 3235/3235/3235
f 3235/3235/3235 3291/3291/3291 3292/3292/3292
f 3235/3235/3235 3292/3292/3292 3236/3236/3236
f 3236/3236/3236 3292/3292/3292 3293/3293/3293
f 3236/3236/3236 3293/3293/3293 3237/3237/3237
f 3237/3237/3237 3293/3293/3293 3294/3294/3294
f 3237/3237/3237 3294/3294/3294 3238/3238/3238
f 3238/3238/3238 3294/3294/3294 3295/3295/3295
f 3238/3238/3238 3295/3295/3295 3239/3239/3239
f 3239/3239/3239 3295/3295/3295 3296/3296/3296
f 3239/3239/3239 3296/3296/3296 3240/3240/3240
f 3240/3240/3240 3296/3296/3296 3297/3297/3297
f 3240/3240/3240 3297/3297/3297 3241/3241/3241
f 3241/3241/3241 3297/3297/3297 3298/3298/3298
f 3241/3241/3241 3298/3298/3298 3242/3242/3242
f 3242/3242/3242 3298/3298/3298 3299/3299/3299
f 3242/3242/3242 3299/3299/3299 3243/3243/3243
f 3243/3243/3243 3299/3299/3299 3300/3300/3300
f 3243/3243/3243 3300/3300/3300 3244/3244/3244
f 3244/3244/3244 3300/3300/3300 3301/3301/3301
f 3244/3244/3244 3301/3301/3301 3245/3245/3245
f 3245/3245/3245 3301/3301/3301 3302/3302/3302
f 3245/3245/3245 3302/3302/3302 3246/3246/3246
f 3246/3246/3246 3302/3302/3302 3303/3303/3303
f 3246/3246/3246 3303/3303/3303 3247/3247/3247
f 3247/3247/3247 3303/3303/3303 3304/3304/3304
f 3247/3247/3247 3304/3304/3304 3248/3248/3248
f 3248/3248/3248 3304/3304/3304 3305/3305/3305
f 3248/3248/3248 3305/3305/3305 3249/3249/3249
f 3249/3249/3249 3305/3305/3305 3306/3306/3306
f 3250/3250/3250 3307/3307/3307 3251/3251/3251
f 3251/3251/3251 3307/3307/3307 3308/3308/3308
f 3251/3251/3251 3308/3308/3308 3252/3252/3252
f 3252/3252/3252 3308/3308/3308 3309/3309/3309
f 3252/3252/3252 3309/3309/3309 3253/3253/3253
f 3253/3253/3253 3309/3309/3309 3310/3310/3310
f 3253/3253/3253 3310/3310/3310 3254/3254/3254
f 3254/3254/3254 3310/3310/3310 3311/3311/3311
f 3254/3254/3254 3311/3311/3311 3255/3255/3255
f 3255/3255/3255 3311/3311/3311 3312/3312/3312
f 3255/3255/3255 3312/3312/3312 3256/3256/3256
f 3256/3256/3256 3312/3312/3312 3313/3313/3313
f 3256/3256/3256 3313/3313/3313 3257/3257/3257
f 3257/3257/3257 3313/3313/3313 3314/3314/3314
f 3257/3257/3257 3314/3314/3314 3258/3258/3258
f 3258/3258/3258 3314/3314/3314 3315/3315/3315
f 3258/3258/3258 3315/3315/3315 3259/3259/3259
f 3259/3259/3259 3315/3315/3315 3316/3316/3316
f 3259/3259/3259 3316/3316/3316 3260/3260/3260
f 3260/3260/3260 3316/3316/3316 3317/3317/3317
f 3260/3260/3260 3317/3317/3317 3261/3261/3261
f 3261/3261/3261 3317/3317/3317 3318/3318/3318
f 3261/3261/3261 3318/3318/3318 3262/3262/3262
f 3262/3262/3262 3318/3318/3318 3319/3319/3319
f 3262/3262/3262 3319/3319/3319 3263/3263/3263
f 3263/3263/3263 3319/3319/3319 3320/3320/3320
f 3263/3263/3263 3320/3320/3320 3264/3264/3264
f 3264/3264/3264 3320/3320/3320 3321/3321/3321
f 3264/3264/3264 3321/3321/3321 3265/3265/3265
f 3265/3265/3265 3321/3321/3321 3322/3322/3322
f 3265/3265/3265 3322/3322/3322 3266/3266/3266
f 3266/3266/3266 3322/3322/3322 3323/3323/3323
f 3266/3266/3266 3323/3323/3323 3267/3267/3267
f 3267/3267/3267 3323/3323/3323 3324/3324/3324
f 3267/3267/3267 3324/3324/3324 3268/3268/3268
f 3268/3268/3268 3324/3324/3324 3325/3325/3325
f 3268/3268/3268 3325/3325/3325 3269/3269/3269
f 3269/3269/3269 3325/3325/3325 3326/3326/3326
f 3269/3269/3269 3326/3326/3326 3270/3270/3270
f 3270/3270/3270 3326/3326/3326 3327/3327/3327
f 3270/3270/3270 3327/3327/3327 3271/3271/3271
f 3271/3271/3271 3327/3327/3327 3328/3328/3328
f 3271/3271/3271 3328/3328/3328 3272/3272/3272
f 3272/3272/3272 3328/3328/3328 3329/3329/3329
f 3272/3272/3272 3329/3329/3329 3273/3273/3273
f 3273/3273/3273 3329/3329/3329 3330/3330/3330
f 3273/3273/3273 3330/3330/3330 3274/3274/3274
f 3274/3274/3274 3330/3330/3330 3331/3331/3331
f 3274/3274/3274 3331/3331/3331 3275/3275/3275
f 3275/3275/3275 3331/3331/3331 3332/3332/3332
f 3275/3275/3275 3332/3332/3332 3276/3276/3276
f 3276/3276/3276 3332/3332/3332 3333/3333/3333
f 3276/3276/3276 3333/3333/3333 3277/3277/3277
f 3277/3277/3277 3333/3333/3333 3334/3334/3334
f 3277/3277/3277 3334/3334/3334 3278/3278/3278
f 3278/3278/3278 3334/3334/3334 3335/3335/3335
f 3278/3278/3278 3335/3335/3335 3279/3279/3279
f 3279/3279/3279 3335/3335/3335 3336/3336/3336
f 3279/3279/3279 3336/3336/3336 3280/3280/3280
f 3280/3280/3280 3336/3336/3336 3337/3337/3337
f 3280/3280/3280 3337/3337/3337 3281/3281/3281
f 3281/3281/3281 3337/3337/3337 3338/3338/3338
f 3281/3281/3281 3338/3338/3338 3282/3282/3282
f 3282/3282/3282 3338/3338/3338 3339/3339/3339
f 3282/3282/3282 3339/3339/3339 3283/3283/3283
f 3283/3283/3283 3339/3339/3339 3340/3340/3340
f 3283/3283/3283 3340/3340/3340 3284/3284/3284
f 3284/3284/3284 3340/3340/3340 3341/3341/3341
f 3284/3284/3284 3341/3341/3341 3285/3285/3285
f 3285/3285/3285 3341/3341/3341 3342/3342/3342
f 3285/3285/3285 3342/3342/3342 3286/3286/3286
f 3286/3286/3286 3342/3342/3342 3343/3343/3343
f 3286/3286/3286 3343/3343/3343 3287/3287/3287
f 3287/3287/3287 3343/3343/3343 3344/3344/3344
f 3287/3287/3287 3344/3344/3344 3288/3288/3288
f 3288/3288/3288 3344/3344/3344 3345/3345/3345
f 3288/3288/3288 3345/3345/3345 3289/3289/3289
f 3289/3289/3289 3345/3345/3345 3346/3346/3346
f 3289/3289/3289 3346/3346/3346 3290/3290/3290
f 3290/3290/3290 3346/3346/3346 3347/3347/3347
f 3290/3290/3290 3347/3347/3347 3291/3291/3291
f 3291/3291/3291 3347/3347/3347 3348/3348/3348
f 3291/3291/3291 3348/3348/3348 3292/3292/3292
f 3292/3292/3292 3348/3348/3348 3349/3349/3349
f 3292/3292/3292 3349/3349/3349 3293/3293/3293
f 3293/3293/3293 3349/3349/3349 3350/3350/3350
f 3293/3293/3293 3350/3350/3350 3294/3294/3294
f 3294/3294/3294 3350/3350/3350 3351/3351/3351
f 3294/3294/3294 3351/3351/3351 3295/3295/3295
f 3295/3295/3295 3351/3351/3351 3352/3352/3352
f 3295/3295/3295 3352/3352/3352 3296/3296/3296
f 3296/3296/3296 3352/3352/3352 3353/3353/3353
f 3296/3296/3296 3353/3353/3353 3297/3297/3297
f 3297/3297/3297 3353/3353/3353 3354/3354/3354
f 3297/3297/3297 3354/3354/3354 3298/3298/3298
f 3298/3298/3298 3354/3354/3354 3355/3355/3355
f 3298/3298/3298 3355/3355/3355 3299/3299/3299
f 3299/3299/3299 3355/3355/3355 3356/3356/3356
f 3299/3299/3299 3356/3356/3356 3300/3300/3300
f 3300/3300/3300 3356/3356/3356 3357/3357/3357
f 3300/3300/3300 3357/3357/3357 3301/3301/3301
f 3301/3301/3301 3357/3357/3357 3358/3358/3358
f 3301/3301/3301 3358/3358/3358 3302/3302/3302
f 3302/3302/3302 3358/3358/3358 3359/3359/3359
f 3302/3302/3302 3359/3359/3359 3303/3303/3303
f 3303/3303/3303 3359/3359/3359 3360/3360/3360
f 3303/3303/3303 3360/3360/3360 3304/3304/3304
f 3304/3304/3304 3360/3360/3360 3361/3361/3361
f 3304/3304/3304 3361/3361/3361 3305/3305/3305
f 3305/3305/3305 3361/3361/3361 3362/3362/3362
f 3305/3305/3305 3362/3362/3362 3306/3306/3306
f 3306/3306/3306 3362/3362/3362 3363/3363/3363
f 3307/3307/3307 3364/3364/3364 3308/3308/3308
f 3308/3308/3308 3364/3364/3364 3365/3365/3365
f 3308/3308/3308 3365/3365/3365 3309/3309/3309
f 3309/3309/3309 3365/3365/3365 3366/3366/3366
f 3309/3309/3309 3366/3366/3366 3310/3310/3310
f 3310/3310/3310 3366/3366/3366 3367/3367/3367
f 3310/3310/3310 3367/3367/3367 3311/3311/3311
f 3311/3311/3311 3367/3367/3367 3368/3368/3368
f 3311/3311/3311 3368/3368/3368 3312/3312/3312
f 3312/3312/3312 3368/3368/3368 3369/3369/3369
f 3312/3312/3312 3369/3369/3369 3313/3313/3313
f 3313/3313/3313 3369/3369/3369 3370/3370/3370
f 3313/3313/3313 3370/3370/3370 3314/3314/3314
f 3314/3314/3314 3370/3370/3370 3371/3371/3371
f 3314/3314/3314 3371/3371/3371 3315/3315/3315
f 3315/3315/3315 3371/3371/3371 3372/3372/3372
f 3315/3315/3315 3372/3372/3372 3316/3316/3316
f 3316/3316/3316 3372/3372/3372 3373/3373/3373
f 3316/3316/3316 3373/3373/3373 3317/3317/3317
f 3317/3317/3317 3373/3373/3373 3374/3374/3374
f 3317/3317/3317 3374/3374/3374 3318/3318/3318
f 3318/3318/3318 3374/3374/3374 3375/3375/3375
f 3318/3318/3318 3375/3375/3375 3319/3319/3319
f 3319/3319/3319 3375/3375/3375 3376/3376/3376
f 3319/3319/3319 3376/3376/3376 3320/3320/3320
f 3320/3320/3320 3376/3376/3376 3377/3377/3377
f 3320/3320/3320 3377/3377/3377 3321/3321/3321
f 3321/3321/3321 3377/3377/3377 3378/3378/3378
f 3321/3321/3321 3378/3378/3378 3322/3322/3322
f 3322/3322/3322 3378/3378/3378 3379/3379/3379
f 3322/3322/3322 3379/3379/3379 3323/3323/3323
f 3323/3323/3323 3379/3379/3379 3380/3380/3380
f 3323/3323/3323 3380/3380/3380 3324/3324/3324
f 3324/3324/3324 3380/3380/3380 3381/3381/3381
f 3324/3324/3324 3381/3381/3381 3325/3325/3325
f 3325/3325/3325 3381/3381/3381 3382/3382/3382
f 3325/3325/3325 3382/3382/3382 3326/3326/3326
f 3326/3326/3326 3382/3382/3382 3383/3383/3383
f 3326/3326/3326 3383/3383/3383 3327/3327/3327
f 3327/3327/3327 3383/3383/3383 3384/3384/3384
f 3327/3327/3327 3384/3384/3384 3328/3328/3328
f 3328/3328/3328 3384/3384/3384 3385/3385/3385
f 3328/3328/3328 3385/3385/3385 3329/3329/3329
f 3329/3329/3329 3385/3385/3385 3386/3386/3386
f 3329/3329/3329 3386/3386/3386 3330/3330/3330
f 3330/3330/3330 3386/3386/3386 3387/3387/3387
f 3330/3330/3330 3387/3387/3387 3331/3331/3331
f 3331/3331/3331 3387/3387/3387 3388/3388/3388
f 3331/3331/3331 3388/3388/3388 3332/3332/3332
f 3332/3332/3332 3388/3388/3388 3389/3389/3389
f 3332/3332/3332 3389/3389/3389 3333/3333/3333
f 3333/3333/3333 3389/3389/3389 3390/3390/3390
f 3333/3333/3333 3390/3390/3390 3334/3334/3334
f 3334/3334/3334 3390/3390/3390 3391/3391/3391
f 3334/3334/3334 3391/3391/3391 3335/3335/3335
f 3335/3335/3335 3391/3391/3391 3392/3392/3392
f 3335/3335/3335 3392/3392/3392 3336/3336/3336
f 3336/3336/3336 3392/3392/3392 3393/3393/3393
f 3336/3336/3336 3393/3393/3393 3337/3337/3337
f 3337/3337/3337 3393/3393/3393 3394/3394/3394
f 3337/3337/3337 3394/3394/3394 3338/3338/3338
f 3338/3338/3338 3394/3394/3394 3395/3395/3395
f 3338/3338/3338 3395/3395/3395 3339/3339/3339
f 3339/3339/3339 3395/3395/3395 3396/3396/3396
f 3339/3339/3339 3396/3396/3396 3340/3340/3340
f 3340/3340/3340 3396/3396/3396 3397/3397/3397
f 3340/3340/3340 3397/3397/3397 3341/3341/3341
f 3341/3341/3341 3397/3397/3397 3398/3398/3398
f 3341/3341/3341 3398/3398/3398 3342/3342/3342
f 3342/3342/3342 3398/3398/3398 3399/3399/3399
f 3342/3342/3342 3399/3399/3399 3343/3343/3343
f 3343/3343/3343 3399/3399/3399 3400/3400/3400
f 3343/3343/3343 3400/3400/3400 3344/3344/3344
f 3344/3344/3344 3400/3400/3400 3401/3401/3401
f 3344/3344/3344 3401/3401/3401 3345/3345/3345
f 3345/3345/3345 3401/3401/3401 3402/3402/3402
f 3345/3345/3345 3402/3402/3402 3346/3346/3346
f 3346/3346/3346 3402/3402/3402 3403/3403/3403
f 3346/3346/3346 3403/3403/3403 3347/3347/3347
f 3347/3347/3347 3403/3403/3403 3404/3404/3404
f 3347/3347/3347 3404/3404/3404 3348/3348/3348
f 3348/3348/3348 3404/3404/3404 3405/3405/3405
f 3348/3348/3348 3405/3405/3405 3349/3349/3349
f 3349/3349/3349 3405/3405/3405 3406/3406/3406
f 3349/3349/3349 3406/3406/3406 3350/3350/3350
f 3350/3350/3350 3406/3406/3406 3407/3407/3407
f 3350/3350/3350 3407/3407/3407 3351/3351/3351
f 3351/3351/3351 3407/3407/3407 3408/3408/3408
f 3351/3351/3351 3408/3408/3408 3352/3352/3352
f 3352/3352/3352 3408/3408/3408 3409/3409/3409
f 3352/3352/3352 3409/3409/3409 3353/3353/3353
f 3353/3353/3353 3409/3409/3409 3410/3410/3410
f 3353/3353/3353 3410/3410/3410 3354/3354/3354
f 3354/3354/3354 3410/3410/3410 3411/3411/3411
f 3354/3354/3354 3411/3411/3411 3355/3355/3355
f 3355/3355/3355 3411/3411/3411 3412/3412/3412
f 3355/3355/3355 3412/3412/3412 3356/3356/3356
f 3356/3356/3356 3412/3412/3412 3413/3413/3413
f 3356/3356/3356 3413/3413/3413 3357/3357/3357
f 3357/3357/3357 3413/3413/3413 3414/3414/3414
f 3357/3357/3357 3414/3414/3414 3358/3358/3358
f 3358/3358/3358 3414/3414/3414 3415/3415/3415
f 3358/3358/3358 3415/3415/3415 3359/3359/3359
f 3359/3359/3359 3415/3415/3415 3416/3416/3416
f 3359/3359/3359 3416/3416/3416 3360/3360/3360
f 3360/3360/3360 3416/3416/3416 3417/3417/3417
f 3360/3360/3360 3417/3417/3417 3361/3361/3361
f 3361/3361/3361 3417/3417/3417 3418/3418/3418
f 3361/3361/3361 3418/3418/3418 3362/3362/3362
f 3362/3362/3362 3418/3418/3418 3419/3419/3419
f 3362/3362/3362 3419/3419/3419 3363/3363/3363
f 3363/3363/3363 3419/3419/3419 3420/3420/3420
f 3364/3364/3364 3421/3421/3421 3365/3365/3365
f 3365/3365/3365 3421/3421/3421 3422/3422/3422
f 3365/3365/3365 3422/3422/3422 3366/3366/3366
f 3366/3366/3366 3422/3422/3422 3423/3423/3423
f 3366/3366/3366 3423/3423/3423 3367/3367/3367
f 3367/3367/3367 3423/3423/3423 3424/3424/3424
f 3367/3367/3367 3424/3424/3424 3368/3368/3368
f 3368/3368/3368 3424/3424/3424 3425/3425/3425
f 3368/3368/3368 3425/3425/3425 3369/3369/3369
f 3369/3369/3369 3425/3425/3425 3426/3426/3426
f 3369/3369/3369 3426/3426/3426 3370/3370/3370
f 3370/3370/3370 3426/3426/3426 3427/3427/3427
f 3370/3370/3370 3427/3427/3427 3371/3371/3371
f 3371/3371/3371 3427/3427/3427 3428/3428/3428
f 3371/3371/3371 3428/3428/3428 3372/3372/3372
f 3372/3372/3372 3428/3428/3428 3429/3429/3429
f 3372/3372/3372 3429/3429/3429 3373/3373/3373
f 3373/3373/3373 3429/3429/3429 3430/3430/3430
f 3373/3373/3373 3430/3430/3430 3374/3374/3374
f 3374/3374/3374 3430/3430/3430 3431/3431/3431
f 3374/3374/3374 3431/3431/3431 3375/3375/3375
f 3375/3375/3375 3431/3431/3431 3432/3432/3432
f 3375/3375/3375 3432/3432/3432 3376/3376/3376
f 3376/3376/3376 3432/3432/3432 3433/3433/3433
f 3376/3376/3376 3433/3433/3433 3377/3377/3377
f 3377/3377/3377 3433/3433/3433 3434/3434/3434
f 3377/3377/3377 3434/3434/3434 3378/3378/3378
f 3378/3378/3378 3434/3434/3434 3435/3435/3435
f 3378/3378/3378 3435/3435/3435 3379/3379/3379
f 3379/3379/3379 3435/3435/3435 3436/3436/3436
f 3379/3379/3379 3436/3436/3436 3380/3380/3380
f 3380/3380/3380 3436/3436/3436 3437/3437/3437
f 3380/3380/3380 3437/3437/3437 3381/3381/3381
f 3381/3381/3381 3437/3437/3437 3438/3438/3438
f 3381/3381/3381 3438/3438/3438 3382/3382/3382
f 3382/3382/3382 3438/3438/3438 3439/3439/3439
f 3382/3382/3382 3439/3439/3439 3383/3383/3383
f 3383/3383/3383 3439/3439/3439 3440/3440/3440
f 3383/3383/3383 3440/3440/3440 3384/3384/3384
f 3384/3384/3384 3440/3440/3440 3441/3441/3441
f 3384/3384/3384 3441/3441/3441 3385/3385/3385
f 3385/3385/3385 3441/3441/3441 3442/3442/3442
f 3385/3385/3385 3442/3442/3442 3386/3386/3386
f 3386/3386/3386 3442/3442/3442 3443/3443/3443
f 3386/3386/3386 3443/3443/3443 3387/3387/3387
f 3387/3387/3387 3443/3443/3443 3444/3444/3444
f 3387/3387/3387 3444/3444/3444 3388/3388/3388
f 3388/3388/3388 3444/3444/3444 3445/3445/3445
f 3388/3388/3388 3445/3445/3445 3389/3389/3389
f 3389/3389/3389 3445/3445/3445 3446/3446/3446
f 3389/3389/3389 3446/3446/3446 3390/3390/3390
f 3390/3390/3390 3446/3446/3446 3447/3447/3447
f 3390/3390/3390 3447/3447/3447 3391/3391/3391
f 3391/3391/3391 3447/3447/3447 3448/3448/3448
f 3391/3391/3391 3448/3448/3448 3392/3392/3392
f 3392/3392/3392 3448/3448/3448 3449/3449/3449
f 3392/3392/3392 3449/3449/3449 3393/3393/3393
f 3393/3393/3393 3449/3449/3449 3450/3450/3450
f 3393/3393/3393 3450/3450/3450 3394/3394/3394
f 3394/3394/3394 3450/3450/3450 3451/3451/3451
f 3394/3394/3394 3451/3451/3451 3395/3395/3395
f 3395/3395/3395 3451/3451/3451 3452/3452/3452
f 3395/3395/3395 3452/3452/3452 3396/3396/3396
f 3396/3396/3396 3452/3452/3452 3453/3453/3453
f 3396/3396/3396 3453/3453/3453 3397/3397/3397
f 3397/3397/3397 3453/3453/3453 3454/3454/3454
f 3397/3397/3397 3454/3454/3454 3398/3398/3398
f 3398/3398/3398 3454/3454/3454 3455/3455/3455
f 3398/3398/3398 3455/3455/3455 3399/3399/3399
f 3399/3399/3399 3455/3455/3455 3456/3456/3456
f 3399/3399/3399 3456/3456/3456 3400/3400/3400
f 3400/3400/3400 3456/3456/3456 3457/3457/3457
f 3400/3400/3400 3457/3457/3457 3401/3401/3401
f 3401/3401/3401 3457/3457/3457 3458/3458/3458
f 3401/3401/3401 3458/3458/3458 3402/3402/3402
f 3402/3402/3402 3458/3458/3458 3459/3459/3459
f 3402/3402/3402 3459/3459/3459 3403/3403/3403
f 3403/3403/3403 3459/3459/3459 3460/3460/3460
f 3403/3403/3403 3460/3460/3460 3404/3404/3404
f 3404/3404/3404 3460/3460/3460 3461/3461/3461
f 3404/3404/3404 3461/3461/3461 3405/3405/3405
f 3405/3405/3405 3461/3461/3461 3462/3462/3462
f 3405/3405/3405 3462/3462/3462 3406/3406/3406
f 3406/3406/3406 3462/3462/3462 3463/3463/3463
f 3406/3406/3406 3463/3463/3463 3407/3407/3407
f 3407/3407/3407 3463/3463/3463 3464/3464/3464
f 3407/3407/3407 3464/3464/3464 3408/3408/3408
f 3408/3408/3408 3464/3464/3464 3465/3465/3465
f 3408/3408/3408 3465/3465/3465 3409/3409/3409
f 3409/3409/3409 3465/3465/3465 3466/3466/3466
f 3409/3409/3409 3466/3466/3466 3410/3410/3410
f 3410/3410/3410 3466/3466/3466 3467/3467/3467
f 3410/3410/3410 3467/3467/3467 3411/3411/3411
f 3411/3411/3411 3467/3467/3467 3468/3468/3468
f 3411/3411/3411 3468/3468/3468 3412/3412/3412
f 3412/3412/3412 3468/3468/3468 3469/3469/3469
f 3412/3412/3412 3469/3469/3469 3413/3413/3413
f 3413/3413/3413 3469/3469/3469 3470/3470/3470
f 3413/3413/3413 3470/3470/3470 3414/3414/3414
f 3414/3414/3414 3470/3470/3470 3471/3471/3471
f 3414/3414/3414 3471/3471/3471 3415/3415/3415
f 3415/3415/3415 3471/3471/3471 3472/3472/3472
f 3415/3415/3415 3472/3472/3472 3416/3416/3416
f 3416/3416/3416 3472/3472/3472 3473/3473/3473
f 3416/3416/3416 3473/3473/3473 3417/3417/3417
f 3417/3417/3417 3473/3473/3473 3474/3474/3474
f 3417/3417/3417 3474/3474/3474 3418/3418/3418
f 3418/3418/3418 3474/3474/3474 3475/3475/3475
f 3418/3418/3418 3475/3475/3475 3419/3419/3419
f 3419/3419/3419 3475/3475/3475 3476/3476/3476
f 3419/3419/3419 3476/3476/3476 3420/3420/3420
f 3420/3420/3420 3476/3476/3476 3477/3477/3477
f 3421/3421/3421 3478/3478/3478 3422/3422/3422
f 3422/3422/3422 3478/3478/3478 3479/3479/3479
f 3422/3422/3422 3479/3479/3479 3423/3423/3423
f 3423/3423/3423 3479/3479/3479 3480/3480/3480
f 3423/3423/3423 3480/3480/3480 3424/3424/3424
f 3424/3424/3424 3480/3480/3480 3481/3481/3481
f 3424/3424/3424 3481/3481/3481 3425/3425/3425
f 3425/3425/3425 3481/3481/3481 3482/3482/3482
f 3425/3425/3425 3482/3482/3482 3426/3426/3426
f 3426/3426/3426 3482/3482/3482 3483/3483/3483
f 3426/3426/3426 3483/3483/3483 3427/3427/3427
f 3427/3427/3427 3483/3483/3483 3484/3484/3484
f 3427/3427/3427 3484/3484/3484 3428/3428/3428
f 3428/3428/3428 3484/3484/3484 3485/3485/3485
f 3428/3428/3428 3485/3485/3485 3429/3429/3429
f 3429/3429/3429 3485/3485/3485 3486/3486/3486
f 3429/3429/3429 3486/3486/3486 3430/3430/3430
f 3430/3430/3430 3486/3486/3486 3487/3487/3487
f 3430/3430/3430 3487/3487/3487 3431/3431/3431
f 3431/3431/3431 3487/3487/3487 3488/3488/3488
f 3431/3431/3431 3488/3488/3488 3432/3432/3432
f 3432/3432/3432 3488/3488/3488 3489/3489/3489
f 3432/3432/3432 3489/3489/3489 3433/3433/3433
f 3433/3433/3433 3489/3489/3489 3490/3490/3490
f 3433/3433/3433 3490/3490/3490 3434/3434/3434
f 3434/3434/3434 3490/3490/3490 3491/3491/3491
f 3434/3434/3434 3491/3491/3491 3435/3435/3435
f 3435/3435/3435 3491/3491/3491 3492/3492/3492
f 3435/3435/3435 3492/3492/3492 3436/3436/3436
f 3436/3436/3436 3492/3492/3492 3493/3493/3493
f 3436/3436/3436 3493/3493/3493 3437/3437/3437
f 3437/3437/3437 3493/3493/3493 3494/3494/3494
f 3437/3437/3437 3494/3494/3494 3438/3438/3438
f 3438/3438/3438 3494/3494/3494 3495/3495/3495
f 3438/3438/3438 3495/3495/3495 3439/3439/3439
f 3439/3439/3439 3495/3495/3495 3496/3496/3496
f 3439/3439/3439 3496/3496/3496 3440/3440/3440
f 3440/3440/3440 3496/3496/3496 3497/3497/3497
f 3440/3440/3440 3497/3497/3497 3441/3441/3441
f 3441/3441/3441 3497/3497/3497 3498/3498/3498
f 3441/3441/3441 3498/3498/3498 3442/3442/3442
f 3442/3442/3442 3498/3498/3498 3499/3499/3499
f 3442/3442/3442 3499/3499/3499 3443/3443/3443
f 3443/3443/3443 3499/3499/3499 3500/3500/3500
f 3443/3443/3443 3500/3500/3500 3444/3444/3444
f 3444/3444/3444 3500/3500/3500 3501/3501/3501
f 3444/3444/3444 3501/3501/3501 3445/3445/3445
f 3445/3445/3445 3501/3501/3501 3502/3502/3502
f 3445/3445/3445 3502/3502/3502 3446/3446/3446
f 3446/3446/3446 3502/3502/3502 3503/3503/3503
f 3446/3446/3446 3503/3503/3503 3447/3447/3447
f 3447/3447/3447 3503/3503/3503 3504/3504/3504
f 3447/3447/3447 3504/3504/3504 3448/3448/3448
f 3448/3448/3448 3504/3504/3504 3505/3505/3505
f 3448/3448/3448 3505/3505/3505 3449/3449/3449
f 3449/3449/3449 3505/3505/3505 3506/3506/3506
f 3449/3449/3449 3506/3506/3506 3450/3450/3450
f 3450/3450/3450 3506/3506/3506 3507/3507/3507
f 3450/3450/3450 3507/3507/3507 3451/3451/3451
f 3451/3451/3451 3507/3507/3507 3508/3508/3508
f 3451/3451/3451 3508/3508/3508 3452/3452/3452
f 3452/3452/3452 3508/3508/3508 3509/3509/3509
f 3452/3452/3452 3509/3509/3509 3453/3453/3453
f 3453/3453/3453 3509/3509/3509 3510/3510/3510
f 3453/3453/3453 3510/3510/3510 3454/3454/3454
f 3454/3454/3454 3510/3510/3510 3511/3511/3511
f 3454/3454/3454 3511/3511/3511 3455/3455/3455
f 3455/3455/3455 3511/3511/3511 3512/3512/3512
f 3455/3455/3455 3512/3512/3512 3456/3456/3456
f 3456/3456/3456 3512/3512/3512 3513/3513/3513
f 3456/3456/3456 3513/3513/3513 3457/3457/3457
f 3457/3457/3457 3513/3513/3513 3514/3514/3514
f 3457/3457/3457 3514/3514/3514 3458/3458/3458
f 3458/3458/3458 3514/3514/3514 3515/3515/3515
f 3458/3458/3458 3515/3515/3515 3459/3459/3459
f 3459/3459/3459 3515/3515/3515 3516/3516/3516
f 3459/3459/3459 3516/3516/3516 3460/3460/3460
f 3460/3460/3460 3516/3516/3516 3517/3517/3517
f 3460/3460/3460 3517/3517/3517 3461/3461/3461
f 3461/3461/3461 3517/3517/3517 3518/3518/3518
f 3461/3461/3461 3518/3518/3518 3462/3462/3462
f 3462/3462/3462 3518/3518/3518 3519/3519/3519
f 3462/3462/3462 3519/3519/3519 3463/3463/3463
f 3463/3463/3463 3519/3519/3519 3520/3520/3520
f 3463/3463/3463 3520/3520/3520 3464/3464/3464
f 3464/3464/3464 3520/3520/3520 3521/3521/3521
f 3464/3464/3464 3521/3521/3521 3465/3465/3465
f 3465/3465/3465 3521/3521/3521 3522/3522/3522
f 3465/3465/3465 3522/3522/3522 3466/3466/3466
f 3466/3466/3466 3522/3522/3522 3523/3523/3523
f 3466/3466/3466 3523/3523/3523 3467/3467/3467
f 3467/3467/3467 3523/3523/3523 3524/3524/3524
f 3467/3467/3467 3524/3524/3524 3468/3468/3468
f 3468/3468/3468 3524/3524/3524 3525/3525/3525
f 3468/3468/3468 3525/3525/3525 3469/3469/3469
f 3469/3469/3469 3525/3525/3525 3526/3526/3526
f 3469/3469/3469 3526/3526/3526 3470/3470/3470
f 3470/3470/3470 3526/3526/3526 3527/3527/3527
f 3470/3470/3470 3527/3527/3527 3471/3471/3471
f 3471/3471/3471 3527/3527/3527 3528/3528/3528
f 3471/3471/3471 3528/3528/3528 3472/3472/3472
f 3472/3472/3472 3528/3528/3528 3529/3529/3529
f 3472/3472/3472 3529/3529/3529 3473/3473/3473
f 3473/3473/3473 3529/3529/3529 3530/3530/3530
f 3473/3473/3473 3530/3530/3530 3474/3474/3474
f 3474/3474/3474 3530/3530/3530 3531/3531/3531
f 3474/3474/3474 3531/3531/3531 3475/3475/3475
f 3475/3475/3475 3531/3531/3531 3532/3532/3532
f 3475/3475/3475 3532/3532/3532 3476/3476/3476
f 3476/3476/3476 3532/3532/3532 3533/3533/3533
f 3476/3476/3476 3533/3533/3533 3477/3477/3477
f 3477/3477/3477 3533/3533/3533 3534/3534/3534
f 3478/3478/3478 3535/3535/3535 3479/3479/3479
f 3479/3479/3479 3535/3535/3535 3536/3536/3536
f 3479/3479/3479 3536/3536/3536 3480/3480/3480
f 3480/3480/3480 3536/3536/3536 3537/3537/3537
f 3480/3480/3480 3537/3537/3537 3481/3481/3481
f 3481/3481/3481 3537/3537/3537 3538/3538/3538
f 3481/3481/3481 3538/3538/3538 3482/3482/3482
f 3482/3482/3482 3538/3538/3538 3539/3539/3539
f 3482/3482/3482 3539/3539/3539 3483/3483/3483
f 3483/3483/3483 3539/3539/3539 3540/3540/3540
f 3483/3483/3483 3540/3540/3540 3484/3484/3484
f 3484/3484/3484 3540/3540/3540 3541/3541/3541
f 3484/3484/3484 3541/3541/3541 3485/3485/3485
f 3485/3485/3485 3541/3541/3541 3542/3542/3542
f 3485/3485/3485 3542/3542/3542 3486/3486/3486
f 3486/3486/3486 3542/3542/3542 3543/3543/3543
f 3486/3486/3486 3543/3543/3543 3487/3487/3487
f 3487/3487/3487 3543/3543/3543 3544/3544/3544
f 3487/3487/3487 3544/3544/3544 3488/3488/3488
f 3488/3488/3488 3544/3544/3544 3545/3545/3545
f 3488/3488/3488 3545/3545/3545 3489/3489/3489
f 3489/3489/3489 3545/3545/3545 3546/3546/3546
f 3489/3489/3489 3546/3546/3546 3490/3490/3490
f 3490/3490/3490 3546/3546/3546 3547/3547/3547
f 3490/3490/3490 3547/3547/3547 3491/3491/3491
f 3491/3491/3491 3547/3547/3547 3548/3548/3548
f 3491/3491/3491 3548/3548/3548 3492/3492/3492
f 3492/3492/3492 3548/3548/3548 3549/3549/3549
f 3492/3492/3492 3549/3549/3549 3493/3493/3493
f 3493/3493/3493 3549/3549/3549 3550/3550/3550
f 3493/3493/3493 3550/3550/3550 3494/3494/3494
f 3494/3494/3494 3550/3550/3550 3551/3551/3551
f 3494/3494/3494 3551/3551/3551 3495/3495/3495
f 3495/3495/3495 3551/3551/3551 3552/3552/3552
f 3495/3495/3495 3552/3552/3552 3496/3496/3496
f 3496/3496/3496 3552/3552/3552 3553/3553/3553
f 3496/3496/3496 3553/3553/3553 3497/3497/3497
f 3497/3497/3497 3553/3553/3553 3554/3554/3554
f 3497/3497/3497 3554/3554/3554 3498/3498/3498
f 3498/3498/3498 3554/3554/3554 3555/3555/3555
f 3498/3498/3498 3555/3555/3555 3499/3499/3499
f 3499/3499/3499 3555/3555/3555 3556/3556/3556
f 3499/3499/3499 3556/3556/3556 3500/3500/3500
f 3500/3500/3500 3556/3556/3556 3557/3557/3557
f 3500/3500/3500 3557/3557/3557 3501/3501/3501
f 3501/3501/3501 3557/3557/3557 3558/3558/3558
f 3501/3501/3501 3558/3558/3558 3502/3502/3502
f 3502/3502/3502 3558/3558/3558 3559/3559/3559
f 3502/3502/3502 3559/3559/3559 3503/3503/3503
f 3503/3503/3503 3559/3559/3559 3560/3560/3560
f 3503/3503/3503 3560/3560/3560 3504/3504/3504
f 3504/3504/3504 3560/3560/3560 3561/3561/3561
f 3504/3504/3504 3561/3561/3561 3505/3505/3505
f 3505/3505/3505 3561/3561/3561 3562/3562/3562
f 3505/3505/3505 3562/3562/3562 3506/3506/3506
f 3506/3506/3506 3562/3562/3562 3563/3563/3563
f 3506/3506/3506 3563/3563/3563 3507/3507/3507
f 3507/3507/3507 3563/3563/3563 3564/3564/3564
f 3507/3507/3507 3564/3564/3564 3508/3508/3508
f 3508/3508/3508 3564/3564/3564 3565/3565/3565
f 3508/3508/3508 3565/3565/3565 3509/3509/3509
f 3509/3509/3509 3565/3565/3565 3566/3566/3566
f 3509/3509/3509 3566/3566/3566 3510/3510/3510
f 3510/3510/3510 3566/3566/3566 3567/3567/3567
f 3510/3510/3510 3567/3567/3567 3511/3511/3511
f 3511/3511/3511 3567/3567/3567 3568/3568/3568
f 3511/3511/3511 3568/3568/3568 3512/3512/3512
f 3512/3512/3512 3568/3568/3568 3569/3569/3569
f 3512/3512/3512 3569/3569/3569 3513/3513/3513
f 3513/3513/3513 3569/3569/3569 3570/3570/3570
f 3513/3513/3513 3570/3570/3570 3514/3514/3514
f 3514/3514/3514 3570/3570/3570 3571/3571/3571
f 3514/3514/3514 3571/3571/3571 3515/3515/3515
f 3515/3515/3515 3571/3571/3571 3572/3572/3572
f 3515/3515/3515 3572/3572/3572 3516/3516/3516
f 3516/3516/3516 3572/3572/3572 3573/3573/3573
f 3516/3516/3516 3573/3573/3573 3517/3517/3517
f 3517/3517/3517 3573/3573/3573 3574/3574/3574
f 3517/3517/3517 3574/3574/3574 3518/3518/3518
f 3518/3518/3518 3574/3574/3574 3575/3575/3575
f 3518/3518/3518 3575/3575/3575 3519/3519/3519
f 3519/3519/3519 3575/3575/3575 3576/3576/3576
f 3519/3519/3519 3576/3576/3576 3520/3520/3520
f 3520/3520/3520 3576/3576/3576 3577/3577/3577
f 3520/3520/3520 3577/3577/3577 3521/3521/3521
f 3521/3521/3521 3577/3577/3577 3578/3578/3578
f 3521/3521/3521 3578/3578/3578 3522/3522/3522
f 3522/3522/3522 3578/3578/3578 3579/3579/3579
f 3522/3522/3522 3579/3579/3579 3523/3523/3523
f 3523/3523/3523 3579/3579/3579 3580/3580/3580
f 3523/3523/3523 3580/3580/3580 3524/3524/3524
f 3524/3524/3524 3580/3580/3580 3581/3581/3581
f 3524/3524/3524 3581/3581/3581 3525/3525/3525
f 3525/3525/3525 3581/3581/3581 3582/3582/3582
f 3525/3525/3525 3582/3582/3582 3526/3526/3526
f 3526/3526/3526 3582/3582/3582 3583/3583/3583
f 3526/3526/3526 3583/3583/3583 3527/3527/3527
f 3527/3527/3527 3583/3583/3583 3584/3584/3584
f 3527/3527/3527 3584/3584/3584 3528/3528/3528
f 3528/3528/3528 3584/3584/3584 3585/3585/3585
f 3528/3528/3528 3585/3585/3585 3529/3529/3529
f 3529/3529/3529 3585/3585/3585 3586/3586/3586
f 3529/3529/3529 3586/3586/3586 3530/3530/3530
f 3530/3530/3530 3586/3586/3586 3587/3587/3587
f 3530/3530/3530 3587/3587/3587 3531/3531/3531
f 3531/3531/3531 3587/3587/3587 3588/3588/3588
f 3531/3531/3531 3588/3588/3588 3532/3532/3532
f 3532/3532/3532 3588/3588/3588 3589/3589/3589
f 3532/3532/3532 3589/3589/3589 3533/3533/3533
f 3533/3533/3533 3589/3589/3589 3590/3590/3590
f 3533/3533/3533 3590/3590/3590 3534/3534/3534
f 3534/3534/3534 3590/3590/3590 3591/3591/3591
f 3535/3535/3535 3592/3592/3592 3536/3536/3536
f 3536/3536/3536 3592/3592/3592 3593/3593/3593
f 3536/3536/3536 3593/3593/3593 3537/3537/3537
f 3537/3537/3537 3593/3593/3593 3594/3594/3594
f 3537/3537/3537 3594/3594/3594 3538/3538/3538
f 3538/3538/3538 3594/3594/3594 3595/3595/3595
f 3538/3538/3538 3595/3595/3595 3539/3539/3539
f 3539/3539/3539 3595/3595/3595 3596/3596/3596
f 3539/3539/3539 3596/3596/3596 3540/3540/3540
f 3540/3540/3540 3596/3596/3596 3597/3597/3597
f 3540/3540/3540 3597/3597/3597 3541/3541/3541
f 3541/3541/3541 3597/3597/3597 3598/3598/3598
f 3541/3541/3541 3598/3598/3598 3542/3542/3542
f 3542/3542/3542 3598/3598/3598 3599/3599/3599
f 3542/3542/3542 3599/3599/3599 3543/3543/3543
f 3543/3543/3543 3599/3599/3599 3600/3600/3600
f 3543/3543/3543 3600/3600/3600 3544/3544/3544
f 3544/3544/3544 3600/3600/3600 3601/3601/3601
f 3544/3544/3544 3601/3601/3601 3545/3545/3545
f 3545/3545/3545 3601/3601/3601 3602/3602/3602
f 3545/3545/3545 3602/3602/3602 3546/3546/3546
f 3546/3546/3546 3602/3602/3602 3603/3603/3603
f 3546/3546/3546 3603/3603/3603 3547/3547/3547
f 3547/3547/3547 3603/3603/3603 3604/3604/3604
f 3547/3547/3547 3604/3604/3604 3548/3548/3548
f 3548/3548/3548 3604/3604/3604 3605/3605/3605
f 3548/3548/3548 3605/3605/3605 3549/3549/3549
f 3549/3549/3549 3605/3605/3605 3606/3606/3606
f 3549/3549/3549 3606/3606/3606 3550/3550/3550
f 3550/3550/3550 3606/3606/3606 3607/3607/3607
f 3550/3550/3550 3607/3607/3607 3551/3551/3551
f 3551/3551/3551 3607/3607/3607 3608/3608/3608
f 3551/3551/3551 3608/3608/3608 3552/3552/3552
f 3552/3552/3552 3608/3608/3608 3609/3609/3609
f 3552/3552/3552 3609/3609/3609 3553/3553/3553
f 3553/3553/3553 3609/3609/3609 3610/3610/3610
f 3553/3553/3553 3610/3610/3610 3554/3554/3554
f 3554/3554/3554 3610/3610/3610 3611/3611/3611
f 3554/3554/3554 3611/3611/3611 3555/3555/3555
f 3555/3555/3555 3611/3611/3611 3612/3612/3612
f 3555/3555/3555 3612/3612/3612 3556/3556/3556
f 3556/3556/3556 3612/3612/3612 3613/3613/3613
f 3556/3556/3556 3613/3613/3613 3557/3557/3557
f 3557/3557/3557 3613/3613/3613 3614/3614/3614
f 3557/3557/3557 3614/3614/3614 3558/3558/3558
f 3558/3558/3558 3614/3614/3614 3615/3615/3615
f 3558/3558/3558 3615/3615/3615 3559/3559/3559
f 3559/3559/3559 3615/3615/3615 3616/3616/3616
f 3559/3559/3559 3616/3616/3616 3560/3560/3560
f 3560/3560/3560 3616/3616/3616 3617/3617/3617
f 3560/3560/3560 3617/3617/3617 3561/3561/3561
f 3561/3561/3561 3617/3617/3617 3618/3618/3618
f 3561/3561/3561 3618/3618/3618 3562/3562/3562
f 3562/3562/3562 3618/3618/3618 3619/3619/3619
f 3562/3562/3562 3619/3619/3619 3563/3563/3563
f 3563/3563/3563 3619/3619/3619 3620/3620/3620
f 3563/3563/3563 3620/3620/3620 3564/3564/3564
f 3564/3564/3564 3620/3620/3620 3621/3621/3621
f 3564/3564/3564 3621/3621/3621 3565/3565/3565
f 3565/3565/3565 3621/3621/3621 3622/3622/3622
f 3565/3565/3565 3622/3622/3622 3566/3566/3566
f 3566/3566/3566 3622/3622/3622 3623/3623/3623
f 3566/3566/3566 3623/3623/3623 3567/3567/3567
f 3567/3567/3567 3623/3623/3623 3624/3624/3624
f 3567/3567/3567 3624/3624/3624 3568/3568/3568
f 3568/3568/3568 3624/3624/3624 3625/3625/3625
f 3568/3568/3568 3625/3625/3625 3569/3569/3569
f 3569/3569/3569 3625/3625/3625 3626/3626/3626
f 3569/3569/3569 3626/3626/3626 3570/3570/3570
f 3570/3570/3570 3626/3626/3626 3627/3627/3627
f 3570/3570/3570 3627/3627/3627 3571/3571/3571
f 3571/3571/3571 3627/3627/3627 3628/3628/3628
f 3571/3571/3571 3628/3628/3628 3572/3572/3572
f 3572/3572/3572 3628/3628/3628 3629/3629/3629
f 3572/3572/3572 3629/3629/3629 3573/3573/3573
f 3573/3573/3573 3629/3629/3629 3630/3630/3630
f 3573/3573/3573 3630/3630/3630 3574/3574/3574
f 3574/3574/3574 3630/3630/3630 3631/3631/3631
f 3574/3574/3574 3631/3631/3631 3575/3575/3575
f 3575/3575/3575 3631/3631/3631 3632/3632/3632
f 3575/3575/3575 3632/3632/3632 3576/3576/3576
f 3576/3576/3576 3632/3632/3632 3633/3633/3633
f 3576/3576/3576 3633/3633/3633 3577/3577/3577
f 3577/3577/3577 3633/3633/3633 3634/3634/3634
f 3577/3577/3577 3634/3634/3634 3578/3578/3578
f 3578/3578/3578 3634/3634/3634 3635/3635/3635
f 3578/3578/3578 3635/3635/3635 3579/3579/3579
f 3579/3579/3579 3635/3635/3635 3636/3636/3636
f 3579/3579/3579 3636/3636/3636 3580/3580/3580
f 3580/3580/3580 3636/3636/3636 3637/3637/3637
f 3580/3580/3580 3637/3637/3637 3581/3581/3581
f 3581/3581/3581 3637/3637/3637 3638/3638/3638
f 3581/3581/3581 3638/3638/3638 3582/3582/3582
f 3582/3582/3582 3638/3638/3638 3639/3639/3639
f 3582/3582/3582 3639/3639/3639 3583/3583/3583
f 3583/3583/3583 3639/3639/3639 3640/3640/3640
f 3583/3583/3583 3640/3640/3640 3584/3584/3584
f 3584/3584/3584 3640/3640/3640 3641/3641/3641
f 3584/3584/3584 3641/3641/3641 3585/3585/3585
f 3585/3585/3585 3641/3641/3641 3642/3642/3642
f 3585/3585/3585 3642/3642/3642 3586/3586/3586
f 3586/3586/3586 3642/3642/3642 3643/3643/3643
f 3586/3586/3586 3643/3643/3643 3587/3587/3587
f 3587/3587/3587 3643/3643/3643 3644/3644/3644
f 3587/3587/3587 3644/3644/3644 3588/3588/3588
f 3588/3588/3588 3644/3644/3644 3645/3645/3645
f 3588/3588/3588 3645/3645/3645 3589/3589/3589
f 3589/3589/3589 3645/3645/3645 3646/3646/3646
f 3589/3589/3589 3646/3646/3646 3590/3590/3590
f 3590/3590/3590 3646/3646/3646 3647/3647/3647
f 3590/3590/3590 3647/3647/3647 3591/3591/3591
f 3591/3591/3591 3647/3647/3647 3648/3648/3648
f 3592/3592/3592 3649/3649/3649 3593/3593/3593
f 3593/3593/3593 3649/3649/3649 3650/3650/3650
f 3593/3593/3593 3650/3650/3650 3594/3594/3594
f 3594/3594/3594 3650/3650/3650 3651/3651/3651
f 3594/3594/3594 3651/3651/3651 3595/3595/3595
f 3595/3595/3595 3651/3651/3651 3652/3652/3652
f 3595/3595/3595 3652/3652/3652 3596/3596/3596
f 3596/3596/3596 3652/3652/3652 3653/3653/3653
f 3596/3596/3596 3653/3653/3653 3597/3597/3597
f 3597/3597/3597 3653/3653/3653 3654/3654/3654
f 3597/3597/3597 3654/3654/3654 3598/3598/3598
f 3598/3598/3598 3654/3654/3654 3655/3655/3655
f 3598/3598/3598 3655/3655/3655 3599/3599/3599
f 3599/3599/3599 3655/3655/3655 3656/3656/3656
f 3599/3599/3599 3656/3656/3656 3600/3600/3600
f 3600/3600/3600 3656/3656/3656 3657/3657/3657
f 3600/3600/3600 3657/3657/3657 3601/3601/3601
f 3601/3601/3601 3657/3657/3657 3658/3658/3658
f 3601/3601/3601 3658/3658/3658 3602/3602/3602
f 3602/3602/3602 3658/3658/3658 3659/3659/3659
f 3602/3602/3602 3659/3659/3659 3603/3603/3603
f 3603/3603/3603 3659/3659/3659 3660/3660/3660
f 3603/3603/3603 3660/3660/3660 3604/3604/3604
f 3604/3604/3604 3660/3660/3660 3661/3661/3661
f 3604/3604/3604 3661/3661/3661 3605/3605/3605
f 3605/3605/3605 3661/3661/3661 3662/3662/3662
f 3605/3605/3605 3662/3662/3662 3606/3606/3606
f 3606/3606/3606 3662/3662/3662 3663/3663/3663
f 3606/3606/3606 3663/3663/3663 3607/3607/3607
f 3607/3607/3607 3663/3663/3663 3664/3664/3664
f 3607/3607/3607 3664/3664/3664 3608/3608/3608
f 3608/3608/3608 3664/3664/3664 3665/3665/3665
f 3608/3608/3608 3665/3665/3665 3609/3609/3609
f 3609/3609/3609 3665/3665/3665 3666/3666/3666
f 3609/3609/3609 3666/3666/3666 3610/3610/3610
f 3610/3610/3610 3666/3666/3666 3667/3667/3667
f 3610/3610/3610 3667/3667/3667 3611/3611/3611
f 3611/3611/3611 3667/3667/3667 3668/3668/3668
f 3611/3611/3611 3668/3668/3668 3612/3612/3612
f 3612/3612/3612 3668/3668/3668 3669/3669/3669
f 3612/3612/3612 3669/3669/3669 3613/3613/3613
f 3613/3613/3613 3669/3669/3669 3670/3670/3670
f 3613/3613/3613 3670/3670/3670 3614/3614/3614
f 3614/3614/3614 3670/3670/3670 3671/3671/3671
f 3614/3614/3614 3671/3671/3671 3615/3615/3615
f 3615/3615/3615 3671/3671/3671 3672/3672/3672
f 3615/3615/3615 3672/3672/3672 3616/3616/3616
f 3616/3616/3616 3672/3672/3672 3673/3673/3673
f 3616/3616/3616 3673/3673/3673 3617/3617/3617
f 3617/3617/3617 3673/3673/3673 3674/3674/3674
f 3617/3617/3617 3674/3674/3674 3618/3618/3618
f 3618/3618/3618 3674/3674/3674 3675/3675/3675
f 3618/3618/3618 3675/3675/3675 3619/3619/3619
f 3619/3619/3619 3675/3675/3675 3676/3676/3676
f 3619/3619/3619 3676/3676/3676 3620/3620/3620
f 3620/3620/3620 3676/3676/3676 3677/3677/3677
f 3620/3620/3620 3677/3677/3677 3621/3621/3621
f 3621/3621/3621 3677/3677/3677 3678/3678/3678
f 3621/3621/3621 3678/3678/3678 3622/3622/3622
f 3622/3622/3622 3678/3678/3678 3679/3679/3679
f 3622/3622/3622 3679/3679/3679 3623/3623/3623
f 3623/3623/3623 3679/3679/3679 3680/3680/3680
f 3623/3623/3623 3680/3680/3680 3624/3624/3624
f 3624/3624/3624 3680/3680/3680 3681/3681/3681
f 3624/3624/3624 3681/3681/3681 3625/3625/3625
f 3625/3625/3625 3681/3681/3681 3682/3682/3682
f 3625/3625/3625 3682/3682/3682 3626/3626/3626
f 3626/3626/3626 3682/3682/3682 3683/3683/3683
f 3626/3626/3626 3683/3683/3683 3627/3627/3627
f 3627/3627/3627 3683/3683/3683 3684/3684/3684
f 3627/3627/3627 3684/3684/3684 3628/3628/3628
f 3628/3628/3628 3684/3684/3684 3685/3685/3685
f 3628/3628/3628 3685/3685/3685 3629/3629/3629
f 3629/3629/3629 3685/3685/3685 3686/3686/3686
f 3629/3629/3629 3686/3686/3686 3630/3630/3630
f 3630/3630/3630 3686/3686/3686 3687/3687/3687
f 3630/3630/3630 3687/3687/3687 3631/3631/3631
f 3631/3631/3631 3687/3687/3687 3688/3688/3688
f 3631/3631/3631 3688/3688/3688 3632/3632/3632
f 3632/3632/3632 3688/3688/3688 3689/3689/3689
f 3632/3632/3632 3689/3689/3689 3633/3633/3633
f 3633/3633/3633 3689/3689/3689 3690/3690/3690
f 3633/3633/3633 3690/3690/3690 3634/3634/3634
f 3634/3634/3634 3690/3690/3690 3691/3691/3691
f 3634/3634/3634 3691/3691/3691 3635/3635/3635
f 3635/3635/3635 3691/3691/3691 3692/3692/3692
f 3635/3635/3635 3692/3692/3692 3636/3636/3636
f 3636/3636/3636 3692/3692/3692 3693/3693/3693
f 3636/3636/3636 3693/3693/3693 3637/3637/3637
f 3637/3637/3637 3693/3693/3693 3694/3694/3694
f 3637/3637/3637 3694/3694/3694 3638/3638/3638
f 3638/3638/3638 3694/3694/3694 3695/3695/3695
f 3638/3638/3638 3695/3695/3695 3639/3639/3639
f 3639/3639/3639 3695/3695/3695 3696/3696/3696
f 3639/3639/3639 3696/3696/3696 3640/3640/3640
f 3640/3640/3640 3696/3696/3696 3697/3697/3697
f 3640/3640/3640 3697/3697/3697 3641/3641/3641
f 3641/3641/3641 3697/3697/3697 3698/3698/3698
f 3641/3641/3641 3698/3698/3698 3642/3642/3642
f 3642/3642/3642 3698/3698/3698 3699/3699/3699
f 3642/3642/3642 3699/3699/3699 3643/3643/3643
f 3643/3643/3643 3699/3699/3699 3700/3700/3700
f 3643/3643/3643 3700/3700/3700 3644/3644/3644
f 3644/3644/3644 3700/3700/3700 3701/3701/3701
f 3644/3644/3644 3701/3701/3701 3645/3645/3645
f 3645/3645/3645 3701/3701/3701 3702/3702/3702
f 3645/3645/3645 3702/3702/3702 3646/3646/3646
f 3646/3646/3646 3702/3702/3702 3703/3703/3703
f 3646/3646/3646 3703/3703/3703 3647/3647/3647
f 3647/3647/3647 3703/3703/3703 3704/3704/3704
f 3647/3647/3647 3704/3704/3704 3648/3648/3648
f 3648/3648/3648 3704/3704/3704 3705/3705/3705
f 3649/3649/3649 3706/3706/3706 3650/3650/3650
f 3650/3650/3650 3706/3706/3706 3707/3707/3707
f 3650/3650/3650 3707/3707/3707 3651/3651/3651
f 3651/3651/3651 3707/3707/3707 3708/3708/3708
f 3651/3651/3651 3708/3708/3708 3652/3652/3652
f 3652/3652/3652 3708/3708/3708 3709/3709/3709
f 3652/3652/3652 3709/3709/3709 3653/3653/3653
f 3653/3653/3653 3709/3709/3709 3710/3710/3710
f 3653/3653/3653 3710/3710/3710 3654/3654/3654
f 3654/3654/3654 3710/3710/3710 3711/3711/3711
f 3654/3654/3654 3711/3711/3711 3655/3655/3655
f 3655/3655/3655 3711/3711/3711 3712/3712/3712
f 3655/3655/3655 3712/3712/3712 3656/3656/3656
f 3656/3656/3656 3712/3712/3712 3713/3713/3713
f 3656/3656/3656 3713/3713/3713 3657/3657/3657
f 3657/3657/3657 3713/3713/3713 3714/3714/3714
f 3657/3657/3657 3714/3714/3714 3658/3658/3658
f 3658/3658/3658 3714/3714/3714 3715/3715/3715
f 3658/3658/3658 3715/3715/3715 3659/3659/3659
f 3659/3659/3659 3715/3715/3715 3716/3716/3716
f 3659/3659/3659 3716/3716/3716 3660/3660/3660
f 3660/3660/3660 3716/3716/3716 3717/3717/3717
f 3660/3660/3660 3717/3717/3717 3661/3661/3661
f 3661/3661/3661 3717/3717/3717 3718/3718/3718
f 3661/3661/3661 3718/3718/3718 3662/3662/3662
f 3662/3662/3662 3718/3718/3718 3719/3719/3719
f 3662/3662/3662 3719/3719/3719 3663/3663/3663
f 3663/3663/3663 3719/3719/3719 3720/3720/3720
f 3663/3663/3663 3720/3720/3720 3664/3664/3664
f 3664/3664/3664 3720/3720/3720 3721/3721/3721
f 3664/3664/3664 3721/3721/3721 3665/3665/3665
f 3665/3665/3665 3721/3721/3721 3722/3722/3722
f 3665/3665/3665 3722/3722/3722 3666/3666/3666
f 3666/3666/3666 3722/3722/3722 3723/3723/3723
f 3666/3666/3666 3723/3723/3723 3667/3667/3667
f 3667/3667/3667 3723/3723/3723 3724/3724/3724
f 3667/3667/3667 3724/3724/3724 3668/3668/3668
f 3668/3668/3668 3724/3724/3724 3725/3725/3725
f 3668/3668/3668 3725/3725/3725 3669/3669/3669
f 3669/3669/3669 3725/3725/3725 3726/3726/3726
f 3669/3669/3669 3726/3726/3726 3670/3670/3670
f 3670/3670/3670 3726/3726/3726 3727/3727/3727
f 3670/3670/3670 3727/3727/3727 3671/3671/3671
f 3671/3671/3671 3727/3727/3727 3728/3728/3728
f 3671/3671/3671 3728/3728/3728 3672/3672/3672
f 3672/3672/3672 3728/3728/3728 3729/3729/3729
f 3672/3672/3672 3729/3729/3729 3673/3673/3673
f 3673/3673/3673 3729/3729/3729 3730/3730/3730
f 3673/3673/3673 3730/3730/3730 3674/3674/3674
f 3674/3674/3674 3730/3730/3730 3731/3731/3731
f 3674/3674/3674 3731/3731/3731 3675/3675/3675
f 3675/3675/3675 3731/3731/3731 3732/3732/3732
f 3675/3675/3675 3732/3732/3732 3676/3676/3676
f 3676/3676/3676 3732/3732/3732 3733/3733/3733
f 3676/3676/3676 3733/3733/3733 3677/3677/3677
f 3677/3677/3677 3733/3733/3733 3734/3734/3734
f 3677/3677/3677 3734/3734/3734 3678/3678/3678
f 3678/3678/3678 3734/3734/3734 3735/3735/3735
f 3678/3678/3678 3735/3735/3735 3679/3679/3679
f 3679/3679/3679 3735/3735/3735 3736/3736/3736
f 3679/3679/3679 3736/3736/3736 3680/3680/3680
f 3680/3680/3680 3736/3736/3736 3737/3737/3737
f 3680/3680/3680 3737/3737/3737 3681/3681/3681
f 3681/3681/3681 3737/3737/3737 3738/3738/3738
f 3681/3681/3681 3738/3738/3738 3682/3682/3682
f 3682/3682/3682 3738/3738/3738 3739/3739/3739
f 3682/3682/3682 3739/3739/3739 3683/3683/3683
f 3683/3683/3683 3739/3739/3739 3740/3740/3740
f 3683/3683/3683 3740/3740/3740 3684/3684/3684
f 3684/3684/3684 3740/3740/3740 3741/3741/3741
f 3684/3684/3684 3741/3741/3741 3685/3685/3685
f 3685/3685/3685 3741/3741/3741 3742/3742/3742
f 3685/3685/3685 3742/3742/3742 3686/3686/3686
f 3686/3686/3686 3742/3742/3742 3743/3743/3743
f 3686/3686/3686 3743/3743/3743 3687/3687/3687
f 3687/3687/3687 3743/3743/3743 3744/3744/3744
f 3687/3687/3687 3744/3744/3744 3688/3688/3688
f 3688/3688/3688 3744/3744/3744 3745/3745/3745
f 3688/3688/3688 3745/3745/3745 3689/3689/3689
f 3689/3689/3689 3745/3745/3745 3746/3746/3746
f 3689/3689/3689 3746/3746/3746 3690/3690/3690
f 3690/3690/3690 3746/3746/3746 3747/3747/3747
f 3690/3690/3690 3747/3747/3747 3691/3691/3691
f 3691/3691/3691 3747/3747/3747 3748/3748/3748
f 3691/3691/3691 3748/3748/3748 3692/3692/3692
f 3692/3692/3692 3748/3748/3748 3749/3749/3749
f 3692/3692/3692 3749/3749/3749 3693/3693/3693
f 3693/3693/3693 3749/3749/3749 3750/3750/3750
f 3693/3693/3693 3750/3750/3750 3694/3694/3694
f 3694/3694/3694 3750/3750/3750 3751/3751/3751
f 3694/3694/3694 3751/3751/3751 3695/3695/3695
f 3695/3695/3695 3751/3751/3751 3752/3752/3752
f 3695/3695/3695 3752/3752/3752 3696/3696/3696
f 3696/3696/3696 3752/3752/3752 3753/3753/3753
f 3696/3696/3696 3753/3753/3753 3697/3697/3697
f 3697/3697/3697 3753/3753/3753 3754/3754/3754
f 3697/3697/3697 3754/3754/3754 3698/3698/3698
f 3698/3698/3698 3754/3754/3754 3755/3755/3755
f 3698/3698/3698 3755/3755/3755 3699/3699/3699
f 3699/3699/3699 3755/3755/3755 3756/3756/3756
f 3699/3699/3699 3756/3756/3756 3700/3700/3700
f 3700/3700/3700 3756/3756/3756 3757/3757/3757
f 3700/3700/3700 3757/3757/3757 3701/3701/3701
f 3701/3701/3701 3757/3757/3757 3758/3758/3758
f 3701/3701/3701 3758/3758/3758 3702/3702/3702
f 3702/3702/3702 3758/3758/3758 3759/3759/3759
f 3702/3702/3702 3759/3759/3759 3703/3703/3703
f 3703/3703/3703 3759/3759/3759 3760/3760/3760
f 3703/3703/3703 3760/3760/3760 3704/3704/3704
f 3704/3704/3704 3760/3760/3760 3761/3761/3761
f 3704/3704/3704 3761/3761/3761 3705/3705/3705
f 3705/3705/3705 3761/3761/3761 3762/3762/3762
f 3706/3706/3706 3763/3763/3763 3707/3707/3707
f 3707/3707/3707 3763/3763/3763 3764/3764/3764
f 3707/3707/3707 3764/3764/3764 3708/3708/3708
f 3708/3708/3708 3764/3764/3764 3765/3765/3765
f 3708/3708/3708 3765/3765/3765 3709/3709/3709
f 3709/3709/3709 3765/3765/3765 3766/3766/3766
f 3709/3709/3709 3766/3766/3766 3710/3710/3710
f 3710/3710/3710 3766/3766/3766 3767/3767/3767
f 3710/3710/3710 3767/3767/3767 3711/3711/3711
f 3711/3711/3711 3767/3767/3767 3768/3768/3768
f 3711/3711/3711 3768/3768/3768 3712/3712/3712
f 3712/3712/3712 3768/3768/3768 3769/3769/3769
f 3712/3712/3712 3769/3769/3769 3713/3713/3713
f 3713/3713/3713 3769/3769/3769 3770/3770/3770
f 3713/3713/3713 3770/3770/3770 3714/3714/3714
f 3714/3714/3714 3770/3770/3770 3771/3771/3771
f 3714/3714/3714 3771/3771/3771 3715/3715/3715
f 3715/3715/3715 3771/3771/3771 3772/3772/3772
f 3715/3715/3715 3772/3772/3772 3716/3716/3716
f 3716/3716/3716 3772/3772/3772 3773/3773/3773
f 3716/3716/3716 3773/3773/3773 3717/3717/3717
f 3717/3717/3717 3773/3773/3773 3774/3774/3774
f 3717/3717/3717 3774/3774/3774 3718/3718/3718
f 3718/3718/3718 3774/3774/3774 3775/3775/3775
f 3718/3718/3718 3775/3775/3775 3719/3719/3719
f 3719/3719/3719 3775/3775/3775 3776/3776/3776
f 3719/3719/3719 3776/3776/3776 3720/3720/3720
f 3720/3720/3720 3776/3776/3776 3777/3777/3777
f 3720/3720/3720 3777/3777/3777 3721/3721/3721
f 3721/3721/3721 3777/3777/3777 3778/3778/3778
f 3721/3721/3721 3778/3778/3778 3722/3722/3722
f 3722/3722/3722 3778/3778/3778 3779/3779/3779
f 3722/3722/3722 3779/3779/3779 3723/3723/3723
f 3723/3723/3723 3779/3779/3779 3780/3780/3780
f 3723/3723/3723 3780/3780/3780 3724/3724/3724
f 3724/3724/3724 3780/3780/3780 3781/3781/3781
f 3724/3724/3724 3781/3781/3781 3725/3725/3725
f 3725/3725/3725 3781/3781/3781 3782/3782/3782
f 3725/3725/3725 3782/3782/3782 3726/3726/3726
f 3726/3726/3726 3782/3782/3782 3783/3783/3783
f 3726/3726/3726 3783/3783/3783 3727/3727/3727
f 3727/3727/3727 3783/3783/3783 3784/3784/3784
f 3727/3727/3727 3784/3784/3784 3728/3728/3728
f 3728/3728/3728 3784/3784/3784 3785/3785/3785
f 3728/3728/3728 3785/3785/3785 3729/3729/3729
f 3729/3729/3729 3785/3785/3785 3786/3786/3786
f 3729/3729/3729 3786/3786/3786 3730/3730/3730
f 3730/3730/3730 3786/3786/3786 3787/3787/3787
f 3730/3730/3730 3787/3787/3787 3731/3731/3731
f 3731/3731/3731 3787/3787/3787 3788/3788/3788
f 3731/3731/3731 3788/3788/3788 3732/3732/3732
f 3732/3732/3732 3788/3788/3788 3789/3789/3789
f 3732/3732/3732 3789/3789/3789 3733/3733/3733
f 3733/3733/3733 3789/3789/3789 3790/3790/3790
f 3733/3733/3733 3790/3790/3790 3734/3734/3734
f 3734/3734/3734 3790/3790/3790 3791/3791/3791
f 3734/3734/3734 3791/3791/3791 3735/3735/3735
f 3735/3735/3735 3791/3791/3791 3792/3792/3792
f 3735/3735/3735 3792/3792/3792 3736/3736/3736
f 3736/3736/3736 3792/3792/3792 3793/3793/3793
f 3736/3736/3736 3793/3793/3793 3737/3737/3737
f 3737/3737/3737 3793/3793/3793 3794/3794/3794
f 3737/3737/3737 3794/3794/3794 3738/3738/3738
f 3738/3738/3738 3794/3794/3794 3795/3795/3795
f 3738/3738/3738 3795/3795/3795 3739/3739/3739
f 3739/3739/3739 3795/3795/3795 3796/3796/3796
f 3739/3739/3739 3796/3796/3796 3740/3740/3740
f 3740/3740/3740 3796/3796/3796 3797/3797/3797
f 3740/3740/3740 3797/3797/3797 3741/3741/3741
f 3741/3741/3741 3797/3797/3797 3798/3798/3798
f 3741/3741/3741 3798/3798/3798 3742/3742/3742
f 3742/3742/3742 3798/3798/3798 3799/3799/3799
f 3742/3742/3742 3799/3799/3799 3743/3743/3743
f 3743/3743/3743 3799/3799/3799 3800/3800/3800
f 3743/3743/3743 3800/3800/3800 3744/3744/3744
f 3744/3744/3744 3800/3800/3800 3801/3801/3801
f 3744/3744/3744 3801/3801/3801 3745/3745/3745
f 3745/3745/3745 3801/3801/3801 3802/3802/3802
f 3745/3745/3745 3802/3802/3802 3746/3746/3746
f 3746/3746/3746 3802/3802/3802 3803/3803/3803
f 3746/3746/3746 3803/3803/3803 3747/3747/3747
f 3747/3747/3747 3803/3803/3803 3804/3804/3804
f 3747/3747/3747 3804/3804/3804 3748/3748/3748
f 3748/3748/3748 3804/3804/3804 3805/3805/3805
f 3748/3748/3748 3805/3805/3805 3749/3749/3749
f 3749/3749/3749 3805/3805/3805 3806/3806/3806
f 3749/3749/3749 3806/3806/3806 3750/3750/3750
f 3750/3750/3750 3806/3806/3806 3807/3807/3807
f 3750/3750/3750 3807/3807/3807 3751/3751/3751
f 3751/3751/3751 3807/3807/3807 3808/3808/3808
f 3751/3751/3751 3808/3808/3808 3752/3752/3752
f 3752/3752/3752 3808/3808/3808 3809/3809/3809
f 3752/3752/3752 3809/3809/3809 3753/3753/3753
f 3753/3753/3753 3809/3809/3809 3810/3810/3810
f 3753/3753/3753 3810/3810/3810 3754/3754/3754
f 3754/3754/3754 3810/3810/3810 3811/3811/3811
f 3754/3754/3754 3811/3811/3811 3755/3755/3755
f 3755/3755/3755 3811/3811/3811 3812/3812/3812
f 3755/3755/3755 3812/3812/3812 3756/3756/3756
f 3756/3756/3756 3812/3812/3812 3813/3813/3813
f 3756/3756/3756 3813/3813/3813 3757/3757/3757
f 3757/3757/3757 3813/3813/3813 3814/3814/3814
f 3757/3757/3757 3814/3814/3814 3758/3758/3758
f 3758/3758/3758 3814/3814/3814 3815/3815/3815
f 3758/3758/3758 3815/3815/3815 3759/3759/3759
f 3759/3759/3759 3815/3815/3815 3816/3816/3816
f 3759/3759/3759 3816/3816/3816 3760/3760/3760
f 3760/3760/3760 3816/3816/3816 3817/3817/3817
f 3760/3760/3760 3817/3817/3817 3761/3761/3761
f 3761/3761/3761 3817/3817/3817 3818/3818/3818
f 3761/3761/3761 3818/3818/3818 3762/3762/3762
f 3762/3762/3762 3818/3818/3818 3819/3819/3819
f 3763/3763/3763 3820/3820/3820 3764/3764/3764
f 3764/3764/3764 3820/3820/3820 3821/3821/3821
f 3764/3764/3764 3821/3821/3821 3765/3765/3765
f 3765/3765/3765 3821/3821/3821 3822/3822/3822
f 3765/3765/3765 3822/3822/3822 3766/3766/3766
f 3766/3766/3766 3822/3822/3822 3823/3823/3823
f 3766/3766/3766 3823/3823/3823 3767/3767/3767
f 3767/3767/3767 3823/3823/3823 3824/3824/3824
f 3767/3767/3767 3824/3824/3824 3768/3768/3768
f 3768/3768/3768 3824/3824/3824 3825/3825/3825
f 3768/3768/3768 3825/3825/3825 3769/3769/3769
f 3769/3769/3769 3825/3825/3825 3826/3826/3826
f 3769/3769/3769 3826/3826/3826 3770/3770/3770
f 3770/3770/3770 3826/3826/3826 3827/3827/3827
f 3770/3770/3770 3827/3827/3827 3771/3771/3771
f 3771/3771/3771 3827/3827/3827 3828/3828/3828
f 3771/3771/3771 3828/3828/3828 3772/3772/3772
f 3772/3772/3772 3828/3828/3828 3829/3829/3829
f 3772/3772/3772 3829/3829/3829 3773/3773/3773
f 3773/3773/3773 3829/3829/3829 3830/3830/3830
f 3773/3773/3773 3830/3830/3830 3774/3774/3774
f 3774/3774/3774 3830/3830/3830 3831/3831/3831
f 3774/3774/3774 3831/3831/3831 3775/3775/3775
f 3775/3775/3775 3831/3831/3831 3832/3832/3832
f 3775/3775/3775 3832/3832/3832 3776/3776/3776
f 3776/3776/3776 3832/3832/3832 3833/3833/3833
f 3776/3776/3776 3833/3833/3833 3777/3777/3777
f 3777/3777/3777 3833/3833/3833 3834/3834/3834
f 3777/3777/3777 3834/3834/3834 3778/3778/3778
f 3778/3778/3778 3834/3834/3834 3835/3835/3835
f 3778/3778/3778 3835/3835/3835 3779/3779/3779
f 3779/3779/3779 3835/3835/3835 3836/3836/3836
f 3779/3779/3779 3836/3836/3836 3780/3780/3780
f 3780/3780/3780 3836/3836/3836 3837/3837/3837
f 3780/3780/3780 3837/3837/3837 3781/3781/3781
f 3781/3781/3781 3837/3837/3837 3838/3838/3838
f 3781/3781/3781 3838/3838/3838 3782/3782/3782
f 3782/3782/3782 3838/3838/3838 3839/3839/3839
f 3782/3782/3782 3839/3839/3839 3783/3783/3783
f 3783/3783/3783 3839/3839/3839 3840/3840/3840
f 3783/3783/3783 3840/3840/3840 3784/3784/3784
f 3784/3784/3784 3840/3840/3840 3841/3841/3841
f 3784/3784/3784 3841/3841/3841 3785/3785/3785
f 3785/3785/3785 3841/3841/3841 3842/3842/3842
f 3785/3785/3785 3842/3842/3842 3786/3786/3786
f 3786/3786/3786 3842/3842/3842 3843/3843/3843
f 3786/3786/3786 3843/3843/3843 3787/3787/3787
f 3787/3787/3787 3843/3843/3843 3844/3844/3844
f 3787/3787/3787 3844/3844/3844 3788/3788/3788
f 3788/3788/3788 3844/3844/3844 3845/3845/3845
f 3788/3788/3788 3845/3845/3845 3789/3789/3789
f 3789/3789/3789 3845/3845/3845 3846/3846/3846
f 3789/3789/3789 3846/3846/3846 3790/3790/3790
f 3790/3790/3790 3846/3846/3846 3847/3847/3847
f 3790/3790/3790 3847/3847/3847 3791/3791/3791
f 3791/3791/3791 3847/3847/3847 3848/3848/3848
f 3791/3791/3791 3848/3848/3848 3792/3792/3792
f 3792/3792/3792 3848/3848/3848 3849/3849/3849
f 3792/3792/3792 3849/3849/3849 3793/3793/3793
f 3793/3793/3793 3849/3849/3849 3850/3850/3850
f 3793/3793/3793 3850/3850/3850 3794/3794/3794
f 3794/3794/3794 3850/3850/3850 3851/3851/3851
f 3794/3794/3794 3851/3851/3851 3795/3795/3795
f 3795/3795/3795 3851/3851/3851 3852/3852/3852
f 3795/3795/3795 3852/3852/3852 3796/3796/3796
f 3796/3796/3796 3852/3852/3852 3853/3853/3853
f 3796/3796/3796 3853/3853/3853 3797/3797/3797
f 3797/3797/3797 3853/3853/3853 3854/3854/3854
f 3797/3797/3797 3854/3854/3854 3798/3798/3798
f 3798/3798/3798 3854/3854/3854 3855/3855/3855
f 3798/3798/3798 3855/3855/3855 3799/3799/3799
f 3799/3799/3799 3855/3855/3855 3856/3856/3856
f 3799/3799/3799 3856/3856/3856 3800/3800/3800
f 3800/3800/3800 3856/3856/3856 3857/3857/3857
f 3800/3800/3800 3857/3857/3857 3801/3801/3801
f 3801/3801/3801 3857/3857/3857 3858/3858/3858
f 3801/3801/3801 3858/3858/3858 3802/3802/3802
f 3802/3802/3802 3858/3858/3858 3859/3859/3859
f 3802/3802/3802 3859/3859/3859 3803/3803/3803
f 3803/3803/3803 3859/3859/3859 3860/3860/3860
f 3803/3803/3803 3860/3860/3860 3804/3804/3804
f 3804/3804/3804 3860/3860/3860 3861/3861/3861
f 3804/3804/3804 3861/3861/3861 3805/3805/3805
f 3805/3805/3805 3861/3861/3861 3862/3862/3862
f 3805/3805/3805 3862/3862/3862 3806/3806/3806
f 3806/3806/3806 3862/3862/3862 3863/3863/3863
f 3806/3806/3806 3863/3863/3863 3807/3807/3807
f 3807/3807/3807 3863/3863/3863 3864/3864/3864
f 3807/3807/3807 3864/3864/3864 3808/3808/3808
f 3808/3808/3808 3864/3864/3864 3865/3865/3865
f 3808/3808/3808 3865/3865/3865 3809/3809/3809
f 3809/3809/3809 3865/3865/3865 3866/3866/3866
f 3809/3809/3809 3866/3866/3866 3810/3810/3810
f 3810/3810/3810 3866/3866/3866 3867/3867/3867
f 3810/3810/3810 3867/3867/3867 3811/3811/3811
f 3811/3811/3811 3867/3867/3867 3868/3868/3868
f 3811/3811/3811 3868/3868/3868 3812/3812/3812
f 3812/3812/3812 3868/3868/3868 3869/3869/3869
f 3812/3812/3812 3869/3869/3869 3813/3813/3813
f 3813/3813/3813 3869/3869/3869 3870/3870/3870
f 3813/3813/3813 3870/3870/3870 3814/3814/3814
f 3814/3814/3814 3870/3870/3870 3871/3871/3871
f 3814/3814/3814 3871/3871/3871 3815/3815/3815
f 3815/3815/3815 3871/3871/3871 3872/3872/3872
f 3815/3815/3815 3872/3872/3872 3816/3816/3816
f 3816/3816/3816 3872/3872/3872 3873/3873/3873
f 3816/3816/3816 3873/3873/3873 3817/3817/3817
f 3817/3817/3817 3873/3873/3873 3874/3874/3874
f 3817/3817/3817 3874/3874/3874 3818/3818/3818
f 3818/3818/3818 3874/3874/3874 3875/3875/3875
f 3818/3818/3818 3875/3875/3875 3819/3819/3819
f 3819/3819/3819 3875/3875/3875 3876/3876/3876
f 3820/3820/3820 3877/3877/3877 3821/3821/3821
f 3821/3821/3821 3877/3877/3877 3878/3878/3878
f 3821/3821/3821 3878/3878/3878 3822/3822/3822
f 3822/3822/3822 3878/3878/3878 3879/3879/3879
f 3822/3822/3822 3879/3879/3879 3823/3823/3823
f 3823/3823/3823 3879/3879/3879 3880/3880/3880
f 3823/3823/3823 3880/3880/3880 3824/3824/3824
f 3824/3824/3824 3880/3880/3880 3881/3881/3881
f 3824/3824/3824 3881/3881/3881 3825/3825/3825
f 3825/3825/3825 3881/3881/3881 3882/3882/3882
f 3825/3825/3825 3882/3882/3882 3826/3826/3826
f 3826/3826/3826 3882/3882/3882 3883/3883/3883
f 3826/3826/3826 3883/3883/3883 3827/3827/3827
f 3827/3827/3827 3883/3883/3883 3884/3884/3884
f 3827/3827/3827 3884/3884/3884 3828/3828/3828
f 3828/3828/3828 3884/3884/3884 3885/3885/3885
f 3828/3828/3828 3885/3885/3885 3829/3829/3829
f 3829/3829/3829 3885/3885/3885 3886/3886/3886
f 3829/3829/3829 3886/3886/3886 3830/3830/3830
f 3830/3830/3830 3886/3886/3886 3887/3887/3887
f 3830/3830/3830 3887/3887/3887 3831/3831/3831
f 3831/3831/3831 3887/3887/3887 3888/3888/3888
f 3831/3831/3831 3888/3888/3888 3832/3832/3832
f 3832/3832/3832 3888/3888/3888 3889/3889/3889
f 3832/3832/3832 3889/3889/3889 3833/3833/3833
f 3833/3833/3833 3889/3889/3889 3890/3890/3890
f 3833/3833/3833 3890/3890/3890 3834/3834/3834
f 3834/3834/3834 3890/3890/3890 3891/3891/3891
f 3834/3834/3834 3891/3891/3891 3835/3835/3835
f 3835/3835/3835 3891/3891/3891 3892/3892/3892
f 3835/3835/3835 3892/3892/3892 3836/3836/3836
f 3836/3836/3836 3892/3892/3892 3893/3893/3893
f 3836/3836/3836 3893/3893/3893 3837/3837/3837
f 3837/3837/3837 3893/3893/3893 3894/3894/3894
f 3837/3837/3837 3894/3894/3894 3838/3838/3838
f 3838/3838/3838 3894/3894/3894 3895/3895/3895
f 3838/3838/3838 3895/3895/3895 3839/3839/3839
f 3839/3839/3839 3895/3895/3895 3896/3896/3896
f 3839/3839/3839 3896/3896/3896 3840/3840/3840
f 3840/3840/3840 3896/3896/3896 3897/3897/3897
f 3840/3840/3840 3897/3897/3897 3841/3841/3841
f 3841/3841/3841 3897/3897/3897 3898/3898/3898
f 3841/3841/3841 3898/3898/3898 3842/3842/3842
f 3842/3842/3842 3898/3898/3898 3899/3899/3899
f 3842/3842/3842 3899/3899/3899 3843/3843/3843
f 3843/3843/3843 3899/3899/3899 3900/3900/3900
f 3843/3843/3843 3900/3900/3900 3844/3844/3844
f 3844/3844/3844 3900/3900/3900 3901/3901/3901
f 3844/3844/3844 3901/3901/3901 3845/3845/3845
f 3845/3845/3845 3901/3901/3901 3902/3902/3902
f 3845/3845/3845 3902/3902/3902 3846/3846/3846
f 3846/3846/3846 3902/3902/3902 3903/3903/3903
f 3846/3846/3846 3903/3903/3903 3847/3847/3847
f 3847/3847/3847 3903/3903/3903 3904/3904/3904
f 3847/3847/3847 3904/3904/3904 3848/3848/3848
f 3848/3848/3848 3904/3904/3904 3905/3905/3905
f 3848/3848/3848 3905/3905/3905 3849/3849/3849
f 3849/3849/3849 3905/3905/3905 3906/3906/3906
f 3849/3849/3849 3906/3906/3906 3850/3850/3850
f 3850/3850/3850 3906/3906/3906 3907/3907/3907
f 3850/3850/3850 3907/3907/3907 3851/3851/3851
f 3851/3851/3851 3907/3907/3907 3908/3908/3908
f 3851/3851/3851 3908/3908/3908 3852/3852/3852
f 3852/3852/3852 3908/3908/3908 3909/3909/3909
f 3852/3852/3852 3909/3909/3909 3853/3853/3853
f 3853/3853/3853 3909/3909/3909 3910/3910/3910
f 3853/3853/3853 3910/3910/3910 3854/3854/3854
f 3854/3854/3854 3910/3910/3910 3911/3911/3911
f 3854/3854/3854 3911/3911/3911 3855/3855/3855
f 3855/3855/3855 3911/3911/3911 3912/3912/3912
f 3855/3855/3855 3912/3912/3912 3856/3856/3856
f 3856/3856/3856 3912/3912/3912 3913/3913/3913
f 3856/3856/3856 3913/3913/3913 3857/3857/3857
f 3857/3857/3857 3913/3913/3913 3914/3914/3914
f 3857/3857/3857 3914/3914/3914 3858/3858/3858
f 3858/3858/3858 3914/3914/3914 3915/3915/3915
f 3858/3858/3858 3915/3915/3915 3859/3859/3859
f 3859/3859/3859 3915/3915/3915 3916/3916/3916
f 3859/3859/3859 3916/3916/3916 3860/3860/3860
f 3860/3860/3860 3916/3916/3916 3917/3917/3917
f 3860/3860/3860 3917/3917/3917 3861/3861/3861
f 3861/3861/3861 3917/3917/3917 3918/3918/3918
f 3861/3861/3861 3918/3918/3918 3862/3862/3862
f 3862/3862/3862 3918/3918/3918 3919/3919/3919
f 3862/3862/3862 3919/3919/3919 3863/3863/3863
f 3863/3863/3863 3919/3919/3919 3920/3920/3920
f 3863/3863/3863 3920/3920/3920 3864/3864/3864
f 3864/3864/3864 3920/3920/3920 3921/3921/3921
f 3864/3864/3864 3921/3921/3921 3865/3865/3865
f 3865/3865/3865 3921/3921/3921 3922/3922/3922
f 3865/3865/3865 3922/3922/3922 3866/3866/3866
f 3866/3866/3866 3922/3922/3922 3923/3923/3923
f 3866/3866/3866 3923/3923/3923 3867/3867/3867
f 3867/3867/3867 3923/3923/3923 3924/3924/3924
f 3867/3867/3867 3924/3924/3924 3868/3868/3868
f 3868/3868/3868 3924/3924/3924 3925/3925/3925
f 3868/3868/3868 3925/3925/3925 3869/3869/3869
f 3869/3869/3869 3925/3925/3925 3926/3926/3926
f 3869/3869/3869 3926/3926/3926 3870/3870/3870
f 3870/3870/3870 3926/3926/3926 3927/3927/3927
f 3870/3870/3870 3927/3927/3927 3871/3871/3871
f 3871/3871/3871 3927/3927/3927 3928/3928/3928
f 3871/3871/3871 3928/3928/3928 3872/3872/3872
f 3872/3872/3872 3928/3928/3928 3929/3929/3929
f 3872/3872/3872 3929/3929/3929 3873/3873/3873
f 3873/3873/3873 3929/3929/3929 3930/3930/3930
f 3873/3873/3873 3930/3930/3930 3874/3874/3874
f 3874/3874/3874 3930/3930/3930 3931/3931/3931
f 3874/3874/3874 3931/3931/3931 3875/3875/3875
f 3875/3875/3875 3931/3931/3931 3932/3932/3932
f 3875/3875/3875 3932/3932/3932 3876/3876/3876
f 3876/3876/3876 3932/3932/3932 3933/3933/3933
f 3877/3877/3877 3934/3934/3934 3878/3878/3878
f 3878/3878/3878 3934/3934/3934 3935/3935/3935
f 3878/3878/3878 3935/3935/3935 3879/3879/3879
f 3879/3879/3879 3935/3935/3935 3936/3936/3936
f 3879/3879/3879 3936/3936/3936 3880/3880/3880
f 3880/3880/3880 3936/3936/3936 3937/3937/3937
f 3880/3880/3880 3937/3937/3937 3881/3881/3881
f 3881/3881/3881 3937/3937/3937 3938/3938/3938
f 3881/3881/3881 3938/3938/3938 3882/3882/3882
f 3882/3882/3882 3938/3938/3938 3939/3939/3939
f 3882/3882/3882 3939/3939/3939 3883/3883/3883
f 3883/3883/3883 3939/3939/3939 3940/3940/3940
f 3883/3883/3883 3940/3940/3940 3884/3884/3884
f 3884/3884/3884 3940/3940/3940 3941/3941/3941
f 3884/3884/3884 3941/3941/3941 3885/3885/3885
f 3885/3885/3885 3941/3941/3941 3942/3942/3942
f 3885/3885/3885 3942/3942/3942 3886/3886/3886
f 3886/3886/3886 3942/3942/3942 3943/3943/3943
f 3886/3886/3886 3943/3943/3943 3887/3887/3887
f 3887/3887/3887 3943/3943/3943 3944/3944/3944
f 3887/3887/3887 3944/3944/3944 3888/3888/3888
f 3888/3888/3888 3944/3944/3944 3945/3945/3945
f 3888/3888/3888 3945/3945/3945 3889/3889/3889
f 3889/3889/3889 3945/3945/3945 3946/3946/3946
f 3889/3889/3889 3946/3946/3946 3890/3890/3890
f 3890/3890/3890 3946/3946/3946 3947/3947/3947
f 3890/3890/3890 3947/3947/3947 3891/3891/3891
f 3891/3891/3891 3947/3947/3947 3948/3948/3948
f 3891/3891/3891 3948/3948/3948 3892/3892/3892
f 3892/3892/3892 3948/3948/3948 3949/3949/3949
f 3892/3892/3892 3949/3949/3949 3893/3893/3893
f 3893/3893/3893 3949/3949/3949 3950/3950/3950
f 3893/3893/3893 3950/3950/3950 3894/3894/3894
f 3894/3894/3894 3950/3950/3950 3951/3951/3951
f 3894/3894/3894 3951/3951/3951 3895/3895/3895
f 3895/3895/3895 3951/3951/3951 3952/3952/3952
f 3895/3895/3895 3952/3952/3952 3896/3896/3896
f 3896/3896/3896 3952/3952/3952 3953/3953/3953
f 3896/3896/3896 3953/3953/3953 3897/3897/3897
f 3897/3897/3897 3953/3953/3953 3954/3954/3954
f 3897/3897/3897 3954/3954/3954 3898/3898/3898
f 3898/3898/3898 3954/3954/3954 3955/3955/3955
f 3898/3898/3898 3955/3955/3955 3899/3899/3899
f 3899/3899/3899 3955/3955/3955 3956/3956/3956
f 3899/3899/3899 3956/3956/3956 3900/3900/3900
f 3900/3900/3900 3956/3956/3956 3957/3957/3957
f 3900/3900/3900 3957/3957/3957 3901/3901/3901
f 3901/3901/3901 3957/3957/3957 3958/3958/3958
f 3901/3901/3901 3958/3958/3958 3902/3902/3902
f 3902/3902/3902 3958/3958/3958 3959/3959/3959
f 3902/3902/3902 3959/3959/3959 3903/3903/3903
f 3903/3903/3903 3959/3959/3959 3960/3960/3960
f 3903/3903/3903 3960/3960/3960 3904/3904/3904
f 3904/3904/3904 3960/3960/3960 3961/3961/3961
f 3904/3904/3904 3961/3961/3961 3905/3905/3905
f 3905/3905/3905 3961/3961/3961 3962/3962/3962
f 3905/3905/3905 3962/3962/3962 3906/3906/3906
f 3906/3906/3906 3962/3962/3962 3963/3963/3963
f 3906/3906/3906 3963/3963/3963 3907/3907/3907
f 3907/3907/3907 3963/3963/3963 3964/3964/3964
f 3907/3907/3907 3964/3964/3964 3908/3908/3908
f 3908/3908/3908 3964/3964/3964 3965/3965/3965
f 3908/3908/3908 3965/3965/3965 3909/3909/3909
f 3909/3909/3909 3965/3965/3965 3966/3966/3966
f 3909/3909/3909 3966/3966/3966 3910/3910/3910
f 3910/3910/3910 3966/3966/3966 3967/3967/3967
f 3910/3910/3910 3967/3967/3967 3911/3911/3911
f 3911/3911/3911 3967/3967/3967 3968/3968/3968
f 3911/3911/3911 3968/3968/3968 3912/3912/3912
f 3912/3912/3912 3968/3968/3968 3969/3969/3969
f 3912/3912/3912 3969/3969/3969 3913/3913/3913
f 3913/3913/3913 3969/3969/3969 3970/3970/3970
f 3913/3913/3913 3970/3970/3970 3914/3914/3914
f 3914/3914/3914 3970/3970/3970 3971/3971/3971
f 3914/3914/3914 3971/3971/3971 3915/3915/3915
f 3915/3915/3915 3971/3971/3971 3972/3972/3972
f 3915/3915/3915 3972/3972/3972 3916/3916/3916
f 3916/3916/3916 3972/3972/3972 3973/3973/3973
f 3916/3916/3916 3973/3973/3973 3917/3917/3917
f 3917/3917/3917 3973/3973/3973 3974/3974/3974
f 3917/3917/3917 3974/3974/3974 3918/3918/3918
f 3918/3918/3918 3974/3974/3974 3975/3975/3975
f 3918/3918/3918 3975/3975/3975 3919/3919/3919
f 3919/3919/3919 3975/3975/3975 3976/3976/3976
f 3919/3919/3919 3976/3976/3976 3920/3920/3920
f 3920/3920/3920 3976/3976/3976 3977/3977/3977
f 3920/3920/3920 3977/3977/3977 3921/3921/3921
f 3921/3921/3921 3977/3977/3977 3978/3978/3978
f 3921/3921/3921 3978/3978/3978 3922/3922/3922
f 3922/3922/3922 3978/3978/3978 3979/3979/3979
f 3922/3922/3922 3979/3979/3979 3923/3923/3923
f 3923/3923/3923 3979/3979/3979 3980/3980/3980
f 3923/3923/3923 3980/3980/3980 3924/3924/3924
f 3924/3924/3924 3980/3980/3980 3981/3981/3981
f 3924/3924/3924 3981/3981/3981 3925/3925/3925
f 3925/3925/3925 3981/3981/3981 3982/3982/3982
f 3925/3925/3925 3982/3982/3982 3926/3926/3926
f 3926/3926/3926 3982/3982/3982 3983/3983/3983
f 3926/3926/3926 3983/3983/3983 3927/3927/3927
f 3927/3927/3927 3983/3983/3983 3984/3984/3984
f 3927/3927/3927 3984/3984/3984 3928/3928/3928
f 3928/3928/3928 3984/3984/3984 3985/3985/3985
f 3928/3928/3928 3985/3985/3985 3929/3929/3929
f 3929/3929/3929 3985/3985/3985 3986/3986/3986
f 3929/3929/3929 3986/3986/3986 3930/3930/3930
f 3930/3930/3930 3986/3986/3986 3987/3987/3987
f 3930/3930/3930 3987/3987/3987 3931/3931/3931
f 3931/3931/3931 3987/3987/3987 3988/3988/3988
f 3931/3931/3931 3988/3988/3988 3932/3932/3932
f 3932/3932/3932 3988/3988/3988 3989/3989/3989
f 3932/3932/3932 3989/3989/3989 3933/3933/3933
f 3933/3933/3933 3989/3989/3989 3990/3990/3990
f 3934/3934/3934 3991/3991/3991 3935/3935/3935
f 3935/3935/3935 3991/3991/3991 3992/3992/3992
f 3935/3935/3935 3992/3992/3992 3936/3936/3936
f 3936/3936/3936 3992/3992/3992 3993/3993/3993
f 3936/3936/3936 3993/3993/3993 3937/3937/3937
f 3937/3937/3937 3993/3993/3993 3994/3994/3994
f 3937/3937/3937 3994/3994/3994 3938/3938/3938
f 3938/3938/3938 3994/3994/3994 3995/3995/3995
f 3938/3938/3938 3995/3995/3995 3939/3939/3939
f 3939/3939/3939 3995/3995/3995 3996/3996/3996
f 3939/3939/3939 3996/3996/3996 3940/3940/3940
f 3940/3940/3940 3996/3996/3996 3997/3997/3997
f 3940/3940/3940 3997/3997/3997 3941/3941/3941
f 3941/3941/3941 3997/3997/3997 3998/3998/3998
f 3941/3941/3941 3998/3998/3998 3942/3942/3942
f 3942/3942/3942 3998/3998/3998 3999/3999/3999
f 3942/3942/3942 3999/3999/3999 3943/3943/3943
f 3943/3943/3943 3999/3999/3999 4000/4000/4000
f 3943/3943/3943 4000/4000/4000 3944/3944/3944
f 3944/3944/3944 4000/4000/4000 4001/4001/4001
f 3944/3944/3944 4001/4001/4001 3945/3945/3945
f 3945/3945/3945 4001/4001/4001 4002/4002/4002
f 3945/3945/3945 4002/4002/4002 3946/3946/3946
f 3946/3946/3946 4002/4002/4002 4003/4003/4003
f 3946/3946/3946 4003/4003/4003 3947/3947/3947
f 3947/3947/3947 4003/4003/4003 4004/4004/4004
f 3947/3947/3947 4004/4004/4004 3948/3948/3948
f 3948/3948/3948 4004/4004/4004 4005/4005/4005
f 3948/3948/3948 4005/4005/4005 3949/3949/3949
f 3949/3949/3949 4005/4005/4005 4006/4006/4006
f 3949/3949/3949 4006/4006/4006 3950/3950/3950
f 3950/3950/3950 4006/4006/4006 4007/4007/4007
f 3950/3950/3950 4007/4007/4007 3951/3951/3951
f 3951/3951/3951 4007/4007/4007 4008/4008/4008
f 3951/3951/3951 4008/4008/4008 3952/3952/3952
f 3952/3952/3952 4008/4008/4008 4009/4009/4009
f 3952/3952/3952 4009/4009/4009 3953/3953/3953
f 3953/3953/3953 4009/4009/4009 4010/4010/4010
f 3953/3953/3953 4010/4010/4010 3954/3954/3954
f 3954/3954/3954 4010/4010/4010 4011/4011/4011
f 3954/3954/3954 4011/4011/4011 3955/3955/3955
f 3955/3955/3955 4011/4011/4011 4012/4012/4012
f 3955/3955/3955 4012/4012/4012 3956/3956/3956
f 3956/3956/3956 4012/4012/4012 4013/4013/4013
f 3956/3956/3956 4013/4013/4013 3957/3957/3957
f 3957/3957/3957 4013/4013/4013 4014/4014/4014
f 3957/3957/3957 4014/4014/4014 3958/3958/3958
f 3958/3958/3958 4014/4014/4014 4015/4015/4015
f 3958/3958/3958 4015/4015/4015 3959/3959/3959
f 3959/3959/3959 4015/4015/4015 4016/4016/4016
f 3959/3959/3959 4016/4016/4016 3960/3960/3960
f 3960/3960/3960 4016/4016/4016 4017/4017/4017
f 3960/3960/3960 4017/4017/4017 3961/3961/3961
f 3961/3961/3961 4017/4017/4017 4018/4018/4018
f 3961/3961/3961 4018/4018/4018 3962/3962/3962
f 3962/3962/3962 4018/4018/4018 4019/4019/4019
f 3962/3962/3962 4019/4019/4019 3963/3963/3963
f 3963/3963/3963 4019/4019/4019 4020/4020/4020
f 3963/3963/3963 4020/4020/4020 3964/3964/3964
f 3964/3964/3964 4020/4020/4020 4021/4021/4021
f 3964/3964/3964 4021/4021/4021 3965/3965/3965
f 3965/3965/3965 4021/4021/4021 4022/4022/4022
f 3965/3965/3965 4022/4022/4022 3966/3966/3966
f 3966/3966/3966 4022/4022/4022 4023/4023/4023
f 3966/3966/3966 4023/4023/4023 3967/3967/3967
f 3967/3967/3967 4023/4023/4023 4024/4024/4024
f 3967/3967/3967 4024/4024/4024 3968/3968/3968
f 3968/3968/3968 4024/4024/4024 4025/4025/4025
f 3968/3968/3968 4025/4025/4025 3969/3969/3969
f 3969/3969/3969 4025/4025/4025 4026/4026/4026
f 3969/3969/3969 4026/4026/4026 3970/3970/3970
f 3970/3970/3970 4026/4026/4026 4027/4027/4027
f 3970/3970/3970 4027/4027/4027 3971/3971/3971
f 3971/3971/3971 4027/4027/4027 4028/4028/4028
f 3971/3971/3971 4028/4028/4028 3972/3972/3972
f 3972/3972/3972 4028/4028/4028 4029/4029/4029
f 3972/3972/3972 4029/4029/4029 3973/3973/3973
f 3973/3973/3973 4029/4029/4029 4030/4030/4030
f 3973/3973/3973 4030/4030/4030 3974/3974/3974
f 3974/3974/3974 4030/4030/4030 4031/4031/4031
f 3974/3974/3974 4031/4031/4031 3975/3975/3975
f 3975/3975/3975 4031/4031/4031 4032/4032/4032
f 3975/3975/3975 4032/4032/4032 3976/3976/3976
f 3976/3976/3976 4032/4032/4032 4033/4033/4033
f 3976/3976/3976 4033/4033/4033 3977/3977/3977
f 3977/3977/3977 4033/4033/4033 4034/4034/4034
f 3977/3977/3977 4034/4034/4034 3978/3978/3978
f 3978/3978/3978 4034/4034/4034 4035/4035/4035
f 3978/3978/3978 4035/4035/4035 3979/3979/3979
f 3979/3979/3979 4035/4035/4035 4036/4036/4036
f 3979/3979/3979 4036/4036/4036 3980/3980/3980
f 3980/3980/3980 4036/4036/4036 4037/4037/4037
f 3980/3980/3980 4037/4037/4037 3981/3981/3981
f 3981/3981/3981 4037/4037/4037 4038/4038/4038
f 3981/3981/3981 4038/4038/4038 3982/3982/3982
f 3982/3982/3982 4038/4038/4038 4039/4039/4039
f 3982/3982/3982 4039/4039/4039 3983/3983/3983
f 3983/3983/3983 4039/4039/4039 4040/4040/4040
f 3983/3983/3983 4040/4040/4040 3984/3984/3984
f 3984/3984/3984 4040/4040/4040 4041/4041/4041
f 3984/3984/3984 4041/4041/4041 3985/3985/3985
f 3985/3985/3985 4041/4041/4041 4042/4042/4042
f 3985/3985/3985 4042/4042/4042 3986/3986/3986
f 3986/3986/3986 4042/4042/4042 4043/4043/4043
f 3986/3986/3986 4043/4043/4043 3987/3987/3987
f 3987/3987/3987 4043/4043/4043 4044/4044/4044
f 3987/3987/3987 4044/4044/4044 3988/3988/3988
f 3988/3988/3988 4044/4044/4044 4045/4045/4045
f 3988/3988/3988 4045/4045/4045 3989/3989/3989
f 3989/3989/3989 4045/4045/4045 4046/4046/4046
f 3989/3989/3989 4046/4046/4046 3990/3990/3990
f 3990/3990/3990 4046/4046/4046 4047/4047/4047
f 3991/3991/3991 4048/4048/4048 3992/3992/3992
f 3992/3992/3992 4048/4048/4048 4049/4049/4049
f 3992/3992/3992 4049/4049/4049 3993/3993/3993
f 3993/3993/3993 4049/4049/4049 4050/4050/4050
f 3993/3993/3993 4050/4050/4050 3994/3994/3994
f 3994/3994/3994 4050/4050/4050 4051/4051/4051
f 3994/3994/3994 4051/4051/4051 3995/3995/3995
f 3995/3995/3995 4051/4051/4051 4052/4052/4052
f 3995/3995/3995 4052/4052/4052 3996/3996/3996
f 3996/3996/3996 4052/4052/4052 4053/4053/4053
f 3996/3996/3996 4053/4053/4053 3997/3997/3997
f 3997/3997/3997 4053/4053/4053 4054/4054/4054
f 3997/3997/3997 4054/4054/4054 3998/3998/3998
f 3998/3998/3998 4054/4054/4054 4055/4055/4055
f 3998/3998/3998 4055/4055/4055 3999/3999/3999
f 3999/3999/3999 4055/4055/4055 4056/4056/4056
f 3999/3999/3999 4056/4056/4056 4000/4000/4000
f 4000/4000/4000 4056/4056/4056 4057/4057/4057
f 4000/4000/4000 4057/4057/4057 4001/4001/4001
f 4001/4001/4001 4057/4057/4057 4058/4058/4058
f 4001/4001/4001 4058/4058/4058 4002/4002/4002
f 4002/4002/4002 4058/4058/4058 4059/4059/4059
f 4002/4002/4002 4059/4059/4059 4003/4003/4003
f 4003/4003/4003 4059/4059/4059 4060/4060/4060
f 4003/4003/4003 4060/4060/4060 4004/4004/4004
f 4004/4004/4004 4060/4060/4060 4061/4061/4061
f 4004/4004/4004 4061/4061/4061 4005/4005/4005
f 4005/4005/4005 4061/4061/4061 4062/4062/4062
f 4005/4005/4005 4062/4062/4062 4006/4006/4006
f 4006/4006/4006 4062/4062/4062 4063/4063/4063
f 4006/4006/4006 4063/4063/4063 4007/4007/4007
f 4007/4007/4007 4063/4063/4063 4064/4064/4064
f 4007/4007/4007 4064/4064/4064 4008/4008/4008
f 4008/4008/4008 4064/4064/4064 4065/4065/4065
f 4008/4008/4008 4065/4065/4065 4009/4009/4009
f 4009/4009/4009 4065/4065/4065 4066/4066/4066
f 4009/4009/4009 4066/4066/4066 4010/4010/4010
f 4010/4010/4010 4066/4066/4066 4067/4067/4067
f 4010/4010/4010 4067/4067/4067 4011/4011/4011
f 4011/4011/4011 4067/4067/4067 4068/4068/4068
f 4011/4011/4011 4068/4068/4068 4012/4012/4012
f 4012/4012/4012 4068/4068/4068 4069/4069/4069
f 4012/4012/4012 4069/4069/4069 4013/4013/4013
f 4013/4013/4013 4069/4069/4069 4070/4070/4070
f 4013/4013/4013 4070/4070/4070 4014/4014/4014
f 4014/4014/4014 4070/4070/4070 4071/4071/4071
f 4014/4014/4014 4071/4071/4071 4015/4015/4015
f 4015/4015/4015 4071/4071/4071 4072/4072/4072
f 4015/4015/4015 4072/4072/4072 4016/4016/4016
f 4016/4016/4016 4072/4072/4072 4073/4073/4073
f 4016/4016/4016 4073/4073/4073 4017/4017/4017
f 4017/4017/4017 4073/4073/4073 4074/4074/4074
f 4017/4017/4017 4074/4074/4074 4018/4018/4018
f 4018/4018/4018 4074/4074/4074 4075/4075/4075
f 4018/4018/4018 4075/4075/4075 4019/4019/4019
f 4019/4019/4019 4075/4075/4075 4076/4076/4076
f 4019/4019/4019 4076/4076/4076 4020/4020/4020
f 4020/4020/4020 4076/4076/4076 4077/4077/4077
f 4020/4020/4020 4077/4077/4077 4021/4021/4021
f 4021/4021/4021 4077/4077/4077 4078/4078/4078
f 4021/4021/4021 4078/4078/4078 4022/4022/4022
f 4022/4022/4022 4078/4078/4078 4079/4079/4079
f 4022/4022/4022 4079/4079/4079 4023/4023/4023
f 4023/4023/4023 4079/4079/4079 4080/4080/4080
f 4023/4023/4023 4080/4080/4080 4024/4024/4024
f 4024/4024/4024 4080/4080/4080 4081/4081/4081
f 4024/4024/4024 4081/4081/4081 4025/4025/4025
f 4025/4025/4025 4081/4081/4081 4082/4082/4082
f 4025/4025/4025 4082/4082/4082 4026/4026/4026
f 4026/4026/4026 4082/4082/4082 4083/4083/4083
f 4026/4026/4026 4083/4083/4083 4027/4027/4027
f 4027/4027/4027 4083/4083/4083 4084/4084/4084
f 4027/4027/4027 4084/4084/4084 4028/4028/4028
f 4028/4028/4028 4084/4084/4084 4085/4085/4085
f 4028/4028/4028 4085/4085/4085 4029/4029/4029
f 4029/4029/4029 4085/4085/4085 4086/4086/4086
f 4029/4029/4029 4086/4086/4086 4030/4030/4030
f 4030/4030/4030 4086/4086/4086 4087/4087/4087
f 4030/4030/4030 4087/4087/4087 4031/4031/4031
f 4031/4031/4031 4087/4087/4087 4088/4088/4088
f 4031/4031/4031 4088/4088/4088 4032/4032/4032
f 4032/4032/4032 4088/4088/4088 4089/4089/4089
f 4032/4032/4032 4089/4089/4089 4033/4033/4033
f 4033/4033/4033 4089/4089/4089 4090/4090/4090
f 4033/4033/4033 4090/4090/4090 4034/4034/4034
f 4034/4034/4034 4090/4090/4090 4091/4091/4091
f 4034/4034/4034 4091/4091/4091 4035/4035/4035
f 4035/4035/4035 4091/4091/4091 4092/4092/4092
f 4035/4035/4035 4092/4092/4092 4036/4036/4036
f 4036/4036/4036 4092/4092/4092 4093/4093/4093
f 4036/4036/4036 4093/4093/4093 4037/4037/4037
f 4037/4037/4037 4093/4093/4093 4094/4094/4094
f 4037/4037/4037 4094/4094/4094 4038/4038/4038
f 4038/4038/4038 4094/4094/4094 4095/4095/4095
f 4038/4038/4038 4095/4095/4095 4039/4039/4039
f 4039/4039/4039 4095/4095/4095 4096/4096/4096
f 4039/4039/4039 4096/4096/4096 4040/4040/4040
f 4040/4040/4040 4096/4096/4096 4097/4097/4097
f 4040/4040/4040 4097/4097/4097 4041/4041/4041
f 4041/4041/4041 4097/4097/4097 4098/4098/4098
f 4041/4041/4041 4098/4098/4098 4042/4042/4042
f 4042/4042/4042 4098/4098/4098 4099/4099/4099
f 4042/4042/4042 4099/4099/4099 4043/4043/4043
f 4043/4043/4043 4099/4099/4099 4100/4100/4100
f 4043/4043/4043 4100/4100/4100 4044/4044/4044
f 4044/4044/4044 4100/4100/4100 4101/4101/4101
f 4044/4044/4044 4101/4101/4101 4045/4045/4045
f 4045/4045/4045 4101/4101/4101 4102/4102/4102
f 4045/4045/4045 4102/4102/4102 4046/4046/4046
f 4046/4046/4046 4102/4102/4102 4103/4103/4103
f 4046/4046/4046 4103/4103/4103 4047/4047/4047
f 4047/4047/4047 4103/4103/4103 4104/4104/4104
f 4048/4048/4048 4105/4105/4105 4049/4049/4049
f 4049/4049/4049 4105/4105/4105 4106/4106/4106
f 4049/4049/4049 4106/4106/4106 4050/4050/4050
f 4050/4050/4050 4106/4106/4106 4107/4107/4107
f 4050/4050/4050 4107/4107/4107 4051/4051/4051
f 4051/4051/4051 4107/4107/4107 4108/4108/4108
f 4051/4051/4051 4108/4108/4108 4052/4052/4052
f 4052/4052/4052 4108/4108/4108 4109/4109/4109
f 4052/4052/4052 4109/4109/4109 4053/4053/4053
f 4053/4053/4053 4109/4109/4109 4110/4110/4110
f 4053/4053/4053 4110/4110/4110 4054/4054/4054
f 4054/4054/4054 4110/4110/4110 4111/4111/4111
f 4054/4054/4054 4111/4111/4111 4055/4055/4055
f 4055/4055/4055 4111/4111/4111 4112/4112/4112
f 4055/4055/4055 4112/4112/4112 4056/4056/4056
f 4056/4056/4056 4112/4112/4112 4113/4113/4113
f 4056/4056/4056 4113/4113/4113 4057/4057/4057
f 4057/4057/4057 4113/4113/4113 4114/4114/4114
f 4057/4057/4057 4114/4114/4114 4058/4058/4058
f 4058/4058/4058 4114/4114/4114 4115/4115/4115
f 4058/4058/4058 4115/4115/4115 4059/4059/4059
f 4059/4059/4059 4115/4115/4115 4116/4116/4116
f 4059/4059/4059 4116/4116/4116 4060/4060/4060
f 4060/4060/4060 4116/4116/4116 4117/4117/4117
f 4060/4060/4060 4117/4117/4117 4061/4061/4061
f 4061/4061/4061 4117/4117/4117 4118/4118/4118
f 4061/4061/4061 4118/4118/4118 4062/4062/4062
f 4062/4062/4062 4118/4118/4118 4119/4119/4119
f 4062/4062/4062 4119/4119/4119 4063/4063/4063
f 4063/4063/4063 4119/4119/4119 4120/4120/4120
f 4063/4063/4063 4120/4120/4120 4064/4064/4064
f 4064/4064/4064 4120/4120/4120 4121/4121/4121
f 4064/4064/4064 4121/4121/4121 4065/4065/4065
f 4065/4065/4065 4121/4121/4121 4122/4122/4122
f 4065/4065/4065 4122/4122/4122 4066/4066/4066
f 4066/4066/4066 4122/4122/4122 4123/4123/4123
f 4066/4066/4066 4123/4123/4123 4067/4067/4067
f 4067/4067/4067 4123/4123/4123 4124/4124/4124
f 4067/4067/4067 4124/4124/4124 4068/4068/4068
f 4068/4068/4068 4124/4124/4124 4125/4125/4125
f 4068/4068/4068 4125/4125/4125 4069/4069/4069
f 4069/4069/4069 4125/4125/4125 4126/4126/4126
f 4069/4069/4069 4126/4126/4126 4070/4070/4070
f 4070/4070/4070 4126/4126/4126 4127/4127/4127
f 4070/4070/4070 4127/4127/4127 4071/4071/4071
f 4071/4071/4071 4127/4127/4127 4128/4128/4128
f 4071/4071/4071 4128/4128/4128 4072/4072/4072
f 4072/4072/4072 4128/4128/4128 4129/4129/4129
f 4072/4072/4072 4129/4129/4129 4073/4073/4073
f 4073/4073/4073 4129/4129/4129 4130/4130/4130
f 4073/4073/4073 4130/4130/4130 4074/4074/4074
f 4074/4074/4074 4130/4130/4130 4131/4131/4131
f 4074/4074/4074 4131/4131/4131 4075/4075/4075
f 4075/4075/4075 4131/4131/4131 4132/4132/4132
f 4075/4075/4075 4132/4132/4132 4076/4076/4076
f 4076/4076/4076 4132/4132/4132 4133/4133/4133
f 4076/4076/4076 4133/4133/4133 4077/4077/4077
f 4077/4077/4077 4133/4133/4133 4134/4134/4134
f 4077/4077/4077 4134/4134/4134 4078/4078/4078
f 4078/4078/4078 4134/4134/4134 4135/4135/4135
f 4078/4078/4078 4135/4135/4135 4079/4079/4079
f 4079/4079/4079 4135/4135/4135 4136/4136/4136
f 4079/4079/4079 4136/4136/4136 4080/4080/4080
f 4080/4080/4080 4136/4136/4136 4137/4137/4137
f 4080/4080/4080 4137/4137/4137 4081/4081/4081
f 4081/4081/4081 4137/4137/4137 4138/4138/4138
f 4081/4081/4081 4138/4138/4138 4082/4082/4082
f 4082/4082/4082 4138/4138/4138 4139/4139/4139
f 4082/4082/4082 4139/4139/4139 4083/4083/4083
f 4083/4083/4083 4139/4139/4139 4140/4140/4140
f 4083/4083/4083 4140/4140/4140 4084/4084/4084
f 4084/4084/4084 4140/4140/4140 4141/4141/4141
f 4084/4084/4084 4141/4141/4141 4085/4085/4085
f 4085/4085/4085 4141/4141/4141 4142/4142/4142
f 4085/4085/4085 4142/4142/4142 4086/4086/4086
f 4086/4086/4086 4142/4142/4142 4143/4143/4143
f 4086/4086/4086 4143/4143/4143 4087/4087/4087
f 4087/4087/4087 4143/4143/4143 4144/4144/4144
f 4087/4087/4087 4144/4144/4144 4088/4088/4088
f 4088/4088/4088 4144/4144/4144 4145/4145/4145
f 4088/4088/4088 4145/4145/4145 4089/4089/4089
f 4089/4089/4089 4145/4145/4145 4146/4146/4146
f 4089/4089/4089 4146/4146/4146 4090/4090/4090
f 4090/4090/4090 4146/4146/4146 4147/4147/4147
f 4090/4090/4090 4147/4147/4147 4091/4091/4091
f 4091/4091/4091 4147/4147/4147 4148/4148/4148
f 4091/4091/4091 4148/4148/4148 4092/4092/4092
f 4092/4092/4092 4148/4148/4148 4149/4149/4149
f 4092/4092/4092 4149/4149/4149 4093/4093/4093
f 4093/4093/4093 4149/4149/4149 4150/4150/4150
f 4093/4093/4093 4150/4150/4150 4094/4094/4094
f 4094/4094/4094 4150/4150/4150 4151/4151/4151
f 4094/4094/4094 4151/4151/4151 4095/4095/4095
f 4095/4095/4095 4151/4151/4151 4152/4152/4152
f 4095/4095/4095 4152/4152/4152 4096/4096/4096
f 4096/4096/4096 4152/4152/4152 4153/4153/4153
f 4096/4096/4096 4153/4153/4153 4097/4097/4097
f 4097/4097/4097 4153/4153/4153 4154/4154/4154
f 4097/4097/4097 4154/4154/4154 4098/4098/4098
f 4098/4098/4098 4154/4154/4154 4155/4155/4155
f 4098/4098/4098 4155/4155/4155 4099/4099/4099
f 4099/4099/4099 4155/4155/4155 4156/4156/4156
f 4099/4099/4099 4156/4156/4156 4100/4100/4100
f 4100/4100/4100 4156/4156/4156 4157/4157/4157
f 4100/4100/4100 4157/4157/4157 4101/4101/4101
f 4101/4101/4101 4157/4157/4157 4158/4158/4158
f 4101/4101/4101 4158/4158/4158 4102/4102/4102
f 4102/4102/4102 4158/4158/4158 4159/4159/4159
f 4102/4102/4102 4159/4159/4159 4103/4103/4103
f 4103/4103/4103 4159/4159/4159 4160/4160/4160
f 4103/4103/4103 4160/4160/4160 4104/4104/4104
f 4104/4104/4104 4160/4160/4160 4161/4161/4161
f 4105/4105/4105 4162/4162/4162 4106/4106/4106
f 4106/4106/4106 4162/4162/4162 4163/4163/4163
f 4106/4106/4106 4163/4163/4163 4107/4107/4107
f 4107/4107/4107 4163/4163/4163 4164/4164/4164
f 4107/4107/4107 4164/4164/4164 4108/4108/4108
f 4108/4108/4108 4164/4164/4164 4165/4165/4165
f 4108/4108/4108 4165/4165/4165 4109/4109/4109
f 4109/4109/4109 4165/4165/4165 4166/4166/4166
f 4109/4109/4109 4166/4166/4166 4110/4110/4110
f 4110/4110/4110 4166/4166/4166 4167/4167/4167
f 4110/4110/4110 4167/4167/4167 4111/4111/4111
f 4111/4111/4111 4167/4167/4167 4168/4168/4168
f 4111/4111/4111 4168/4168/4168 4112/4112/4112
f 4112/4112/4112 4168/4168/4168 4169/4169/4169
f 4112/4112/4112 4169/4169/4169 4113/4113/4113
f 4113/4113/4113 4169/4169/4169 4170/4170/4170
f 4113/4113/4113 4170/4170/4170 4114/4114/4114
f 4114/4114/4114 4170/4170/4170 4171/4171/4171
f 4114/4114/4114 4171/4171/4171 4115/4115/4115
f 4115/4115/4115 4171/4171/4171 4172/4172/4172
f 4115/4115/4115 4172/4172/4172 4116/4116/4116
f 4116/4116/4116 4172/4172/4172 4173/4173/4173
f 4116/4116/4116 4173/4173/4173 4117/4117/4117
f 4117/4117/4117 4173/4173/4173 4174/4174/4174
f 4117/4117/4117 4174/4174/4174 4118/4118/4118
f 4118/4118/4118 4174/4174/4174 4175/4175/4175
f 4118/4118/4118 4175/4175/4175 4119/4119/4119
f 4119/4119/4119 4175/4175/4175 4176/4176/4176
f 4119/4119/4119 4176/4176/4176 4120/4120/4120
f 4120/4120/4120 4176/4176/4176 4177/4177/4177
f 4120/4120/4120 4177/4177/4177 4121/4121/4121
f 4121/4121/4121 4177/4177/4177 4178/4178/4178
f 4121/4121/4121 4178/4178/4178 4122/4122/4122
f 4122/4122/4122 4178/4178/4178 4179/4179/4179
f 4122/4122/4122 4179/4179/4179 4123/4123/4123
f 4123/4123/4123 4179/4179/4179 4180/4180/4180
f 4123/4123/4123 4180/4180/4180 4124/4124/4124
f 4124/4124/4124 4180/4180/4180 4181/4181/4181
f 4124/4124/4124 4181/4181/4181 4125/4125/4125
f 4125/4125/4125 4181/4181/4181 4182/4182/4182
f 4125/4125/4125 4182/4182/4182 4126/4126/4126
f 4126/4126/4126 4182/4182/4182 4183/4183/4183
f 4126/4126/4126 4183/4183/4183 4127/4127/4127
f 4127/4127/4127 4183/4183/4183 4184/4184/4184
f 4127/4127/4127 4184/4184/4184 4128/4128/4128
f 4128/4128/4128 4184/4184/4184 4185/4185/4185
f 4128/4128/4128 4185/4185/4185 4129/4129/4129
f 4129/4129/4129 4185/4185/4185 4186/4186/4186
f 4129/4129/4129 4186/4186/4186 4130/4130/4130
f 4130/4130/4130 4186/4186/4186 4187/4187/4187
f 4130/4130/4130 4187/4187/4187 4131/4131/4131
f 4131/4131/4131 4187/4187/4187 4188/4188/4188
f 4131/4131/4131 4188/4188/4188 4132/4132/4132
f 4132/4132/4132 4188/4188/4188 4189/4189/4189
f 4132/4132/4132 4189/4189/4189 4133/4133/4133
f 4133/4133/4133 4189/4189/4189 4190/4190/4190
f 4133/4133/4133 4190/4190/4190 4134/4134/4134
f 4134/4134/4134 4190/4190/4190 4191/4191/4191
f 4134/4134/4134 4191/4191/4191 4135/4135/4135
f 4135/4135/4135 4191/4191/4191 4192/4192/4192
f 4135/4135/4135 4192/4192/4192 4136/4136/4136
f 4136/4136/4136 4192/4192/4192 4193/4193/4193
f 4136/4136/4136 4193/4193/4193 4137/4137/4137
f 4137/4137/4137 4193/4193/4193 4194/4194/4194
f 4137/4137/4137 4194/4194/4194 4138/4138/4138
f 4138/4138/4138 4194/4194/4194 4195/4195/4195
f 4138/4138/4138 4195/4195/4195 4139/4139/4139
f 4139/4139/4139 4195/4195/4195 4196/4196/4196
f 4139/4139/4139 4196/4196/4196 4140/4140/4140
f 4140/4140/4140 4196/4196/4196 4197/4197/4197
f 4140/4140/4140 4197/4197/4197 4141/4141/4141
f 4141/4141/4141 4197/4197/4197 4198/4198/4198
f 4141/4141/4141 4198/4198/4198 4142/4142/4142
f 4142/4142/4142 4198/4198/4198 4199/4199/4199
f 4142/4142/4142 4199/4199/4199 4143/4143/4143
f 4143/4143/4143 4199/4199/4199 4200/4200/4200
f 4143/4143/4143 4200/4200/4200 4144/4144/4144
f 4144/4144/4144 4200/4200/4200 4201/4201/4201
f 4144/4144/4144 4201/4201/4201 4145/4145/4145
f 4145/4145/4145 4201/4201/4201 4202/4202/4202
f 4145/4145/4145 4202/4202/4202 4146/4146/4146
f 4146/4146/4146 4202/4202/4202 4203/4203/4203
f 4146/4146/4146 4203/4203/4203 4147/4147/4147
f 4147/4147/4147 4203/4203/4203 4204/4204/4204
f 4147/4147/4147 4204/4204/4204 4148/4148/4148
f 4148/4148/4148 4204/4204/4204 4205/4205/4205
f 4148/4148/4148 4205/4205/4205 4149/4149/4149
f 4149/4149/4149 4205/4205/4205 4206/4206/4206
f 4149/4149/4149 4206/4206/4206 4150/4150/4150
f 4150/4150/4150 4206/4206/4206 4207/4207/4207
f 4150/4150/4150 4207/4207/4207 4151/4151/4151
f 4151/4151/4151 4207/4207/4207 4208/4208/4208
f 4151/4151/4151 4208/4208/4208 4152/4152/4152
f 4152/4152/4152 4208/4208/4208 4209/4209/4209
f 4152/4152/4152 4209/4209/4209 4153/4153/4153
f 4153/4153/4153 4209/4209/4209 4210/4210/4210
f 4153/4153/4153 4210/4210/4210 4154/4154/4154
f 4154/4154/4154 4210/4210/4210 4211/4211/4211
f 4154/4154/4154 4211/4211/4211 4155/4155/4155
f 4155/4155/4155 4211/4211/4211 4212/4212/4212
f 4155/4155/4155 4212/4212/4212 4156/4156/4156
f 4156/4156/4156 4212/4212/4212 4213/4213/4213
f 4156/4156/4156 4213/4213/4213 4157/4157/4157
f 4157/4157/4157 4213/4213/4213 4214/4214/4214
f 4157/4157/4157 4214/4214/4214 4158/4158/4158
f 4158/4158/4158 4214/4214/4214 4215/4215/4215
f 4158/4158/4158 4215/4215/4215 4159/4159/4159
f 4159/4159/4159 4215/4215/4215 4216/4216/4216
f 4159/4159/4159 4216/4216/4216 4160/4160/4160
f 4160/4160/4160 4216/4216/4216 4217/4217/4217
f 4160/4160/4160 4217/4217/4217 4161/4161/4161
f 4161/4161/4161 4217/4217/4217 4218/4218/4218
f 4162/4162/4162 4219/4219/4219 4163/4163/4163
f 4163/4163/4163 4219/4219/4219 4220/4220/4220
f 4163/4163/4163 4220/4220/4220 4164/4164/4164
f 4164/4164/4164 4220/4220/4220 4221/4221/4221
f 4164/4164/4164 4221/4221/4221 4165/4165/4165
f 4165/4165/4165 4221/4221/4221 4222/4222/4222
f 4165/4165/4165 4222/4222/4222 4166/4166/4166
f 4166/4166/4166 4222/4222/4222 4223/4223/4223
f 4166/4166/4166 4223/4223/4223 4167/4167/4167
f 4167/4167/4167 4223/4223/4223 4224/4224/4224
f 4167/4167/4167 4224/4224/4224 4168/4168/4168
f 4168/4168/4168 4224/4224/4224 4225/4225/4225
f 4168/4168/4168 4225/4225/4225 4169/4169/4169
f 4169/4169/4169 4225/4225/4225 4226/4226/4226
f 4169/4169/4169 4226/4226/4226 4170/4170/4170
f 4170/4170/4170 4226/4226/4226 4227/4227/4227
f 4170/4170/4170 4227/4227/4227 4171/4171/4171
f 4171/4171/4171 4227/4227/4227 4228/4228/4228
f 4171/4171/4171 4228/4228/4228 4172/4172/4172
f 4172/4172/4172 4228/4228/4228 4229/4229/4229
f 4172/4172/4172 4229/4229/4229 4173/4173/4173
f 4173/4173/4173 4229/4229/4229 4230/4230/4230
f 4173/4173/4173 4230/4230/4230 4174/4174/4174
f 4174/4174/4174 4230/4230/4230 4231/4231/4231
f 4174/4174/4174 4231/4231/4231 4175/4175/4175
f 4175/4175/4175 4231/4231/4231 4232/4232/4232
f 4175/4175/4175 4232/4232/4232 4176/4176/4176
f 4176/4176/4176 4232/4232/4232 4233/4233/4233
f 4176/4176/4176 4233/4233/4233 4177/4177/4177
f 4177/4177/4177 4233/4233/4233 4234/4234/4234
f 4177/4177/4177 4234/4234/4234 4178/4178/4178
f 4178/4178/4178 4234/4234/4234 4235/4235/4235
f 4178/4178/4178 4235/4235/4235 4179/4179/4179
f 4179/4179/4179 4235/4235/4235 4236/4236/4236
f 4179/4179/4179 4236/4236/4236 4180/4180/4180
f 4180/4180/4180 4236/4236/4236 4237/4237/4237
f 4180/4180/4180 4237/4237/4237 4181/4181/4181
f 4181/4181/4181 4237/4237/4237 4238/4238/4238
f 4181/4181/4181 4238/4238/4238 4182/4182/4182
f 4182/4182/4182 4238/4238/4238 4239/4239/4239
f 4182/4182/4182 4239/4239/4239 4183/4183/4183
f 4183/4183/4183 4239/4239/4239 4240/4240/4240
f 4183/4183/4183 4240/4240/4240 4184/4184/4184
f 4184/4184/4184 4240/4240/4240 4241/4241/4241
f 4184/4184/4184 4241/4241/4241 4185/4185/4185
f 4185/4185/4185 4241/4241/4241 4242/4242/4242
f 4185/4185/4185 4242/4242/4242 4186/4186/4186
f 4186/4186/4186 4242/4242/4242 4243/4243/4243
f 4186/4186/4186 4243/4243/4243 4187/4187/4187
f 4187/4187/4187 4243/4243/4243 4244/4244/4244
f 4187/4187/4187 4244/4244/4244 4188/4188/4188
f 4188/4188/4188 4244/4244/4244 4245/4245/4245
f 4188/4188/4188 4245/4245/4245 4189/4189/4189
f 4189/4189/4189 4245/4245/4245 4246/4246/4246
f 4189/4189/4189 4246/4246/4246 4190/4190/4190
f 4190/4190/4190 4246/4246/4246 4247/4247/4247
f 4190/4190/4190 4247/4247/4247 4191/4191/4191
f 4191/4191/4191 4247/4247/4247 4248/4248/4248
f 4191/4191/4191 4248/4248/4248 4192/4192/4192
f 4192/4192/4192 4248/4248/4248 4249/4249/4249
f 4192/4192/4192 4249/4249/4249 4193/4193/4193
f 4193/4193/4193 4249/4249/4249 4250/4250/4250
f 4193/4193/4193 4250/4250/4250 4194/4194/4194
f 4194/4194/4194 4250/4250/4250 4251/4251/4251
f 4194/4194/4194 4251/4251/4251 4195/4195/4195
f 4195/4195/4195 4251/4251/4251 4252/4252/4252
f 4195/4195/4195 4252/4252/4252 4196/4196/4196
f 4196/4196/4196 4252/4252/4252 4253/4253/4253
f 4196/4196/4196 4253/4253/4253 4197/4197/4197
f 4197/4197/4197 4253/4253/4253 4254/4254/4254
f 4197/4197/4197 4254/4254/4254 4198/4198/4198
f 4198/4198/4198 4254/4254/4254 4255/4255/4255
f 4198/4198/4198 4255/4255/4255 4199/4199/4199
f 4199/4199/4199 4255/4255/4255 4256/4256/4256
f 4199/4199/4199 4256/4256/4256 4200/4200/4200
f 4200/4200/4200 4256/4256/4256 4257/4257/4257
f 4200/4200/4200 4257/4257/4257 4201/4201/4201
f 4201/4201/4201 4257/4257/4257 4258/4258/4258
f 4201/4201/4201 4258/4258/4258 4202/4202/4202
f 4202/4202/4202 4258/4258/4258 4259/4259/4259
f 4202/4202/4202 4259/4259/4259 4203/4203/4203
f 4203/4203/4203 4259/4259/4259 4260/4260/4260
f 4203/4203/4203 4260/4260/4260 4204/4204/4204
f 4204/4204/4204 4260/4260/4260 4261/4261/4261
f 4204/4204/4204 4261/4261/4261 4205/4205/4205
f 4205/4205/4205 4261/4261/4261 4262/4262/4262
f 4205/4205/4205 4262/4262/4262 4206/4206/4206
f 4206/4206/4206 4262/4262/4262 4263/4263/4263
f 4206/4206/4206 4263/4263/4263 4207/4207/4207
f 4207/4207/4207 4263/4263/4263 4264/4264/4264
f 4207/4207/4207 4264/4264/4264 4208/4208/4208
f 4208/4208/4208 4264/4264/4264 4265/4265/4265
f 4208/4208/4208 4265/4265/4265 4209/4209/4209
f 4209/4209/4209 4265/4265/4265 4266/4266/4266
f 4209/4209/4209 4266/4266/4266 4210/4210/4210
f 4210/4210/4210 4266/4266/4266 4267/4267/4267
f 4210/4210/4210 4267/4267/4267 4211/4211/4211
f 4211/4211/4211 4267/4267/4267 4268/4268/4268
f 4211/4211/4211 4268/4268/4268 4212/4212/4212
f 4212/4212/4212 4268/4268/4268 4269/4269/4269
f 4212/4212/4212 4269/4269/4269 4213/4213/4213
f 4213/4213/4213 4269/4269/4269 4270/4270/4270
f 4213/4213/4213 4270/4270/4270 4214/4214/4214
f 4214/4214/4214 4270/4270/4270 4271/4271/4271
f 4214/4214/4214 4271/4271/4271 4215/4215/4215
f 4215/4215/4215 4271/4271/4271 4272/4272/4272
f 4215/4215/4215 4272/4272/4272 4216/4216/4216
f 4216/4216/4216 4272/4272/4272 4273/4273/4273
f 4216/4216/4216 4273/4273/4273 4217/4217/4217
f 4217/4217/4217 4273/4273/4273 4274/4274/4274
f 4217/4217/4217 4274/4274/4274 4218/4218/4218
f 4218/4218/4218 4274/4274/4274 4275/4275/4275
f 4219/4219/4219 4276/4276/4276 4220/4220/4220
f 4220/4220/4220 4276/4276/4276 4277/4277/4277
f 4220/4220/4220 4277/4277/4277 4221/4221/4221
f 4221/4221/4221 4277/4277/4277 4278/4278/4278
f 4221/4221/4221 4278/4278/4278 4222/4222/4222
f 4222/4222/4222 4278/4278/4278 4279/4279/4279
f 4222/4222/4222 4279/4279/4279 4223/4223/4223
f 4223/4223/4223 4279/4279/4279 4280/4280/4280
f 4223/4223/4223 4280/4280/4280 4224/4224/4224
f 4224/4224/4224 4280/4280/4280 4281/4281/4281
f 4224/4224/4224 4281/4281/4281 4225/4225/4225
f 4225/4225/4225 4281/4281/4281 4282/4282/4282
f 4225/4225/4225 4282/4282/4282 4226/4226/4226
f 4226/4226/4226 4282/4282/4282 4283/4283/4283
f 4226/4226/4226 4283/4283/4283 4227/4227/4227
f 4227/4227/4227 4283/4283/4283 4284/4284/4284
f 4227/4227/4227 4284/4284/4284 4228/4228/4228
f 4228/4228/4228 4284/4284/4284 4285/4285/4285
f 4228/4228/4228 4285/4285/4285 4229/4229/4229
f 4229/4229/4229 4285/4285/4285 4286/4286/4286
f 4229/4229/4229 4286/4286/4286 4230/4230/4230
f 4230/4230/4230 4286/4286/4286 4287/4287/4287
f 4230/4230/4230 4287/4287/4287 4231/4231/4231
f 4231/4231/4231 4287/4287/4287 4288/4288/4288
f 4231/4231/4231 4288/4288/4288 4232/4232/4232
f 4232/4232/4232 4288/4288/4288 4289/4289/4289
f 4232/4232/4232 4289/4289/4289 4233/4233/4233
f 4233/4233/4233 4289/4289/4289 4290/4290/4290
f 4233/4233/4233 4290/4290/4290 4234/4234/4234
f 4234/4234/4234 4290/4290/4290 4291/4291/4291
f 4234/4234/4234 4291/4291/4291 4235/4235/4235
f 4235/4235/4235 4291/4291/4291 4292/4292/4292
f 4235/4235/4235 4292/4292/4292 4236/4236/4236
f 4236/4236/4236 4292/4292/4292 4293/4293/4293
f 4236/4236/4236 4293/4293/4293 4237/4237/4237
f 4237/4237/4237 4293/4293/4293 4294/4294/4294
f 4237/4237/4237 4294/4294/4294 4238/4238/4238
f 4238/4238/4238 4294/4294/4294 4295/4295/4295
f 4238/4238/4238 4295/4295/4295 4239/4239/4239
f 4239/4239/4239 4295/4295/4295 4296/4296/4296
f 4239/4239/4239 4296/4296/4296 4240/4240/4240
f 4240/4240/4240 4296/4296/4296 4297/4297/4297
f 4240/4240/4240 4297/4297/4297 4241/4241/4241
f 4241/4241/4241 4297/4297/4297 4298/4298/4298
f 4241/4241/4241 4298/4298/4298 4242/4242/4242
f 4242/4242/4242 4298/4298/4298 4299/4299/4299
f 4242/4242/4242 4299/4299/4299 4243/4243/4243
f 4243/4243/4243 4299/4299/4299 4300/4300/4300
f 4243/4243/4243 4300/4300/4300 4244/4244/4244
f 4244/4244/4244 4300/4300/4300 4301/4301/4301
f 4244/4244/4244 4301/4301/4301 4245/4245/4245
f 4245/4245/4245 4301/4301/4301 4302/4302/4302
f 4245/4245/4245 4302/4302/4302 4246/4246/4246
f 4246/4246/4246 4302/4302/4302 4303/4303/4303
f 4246/4246/4246 4303/4303/4303 4247/4247/4247
f 4247/4247/4247 4303/4303/4303 4304/4304/4304
f 4247/4247/4247 4304/4304/4304 4248/4248/4248
f 4248/4248/4248 4304/4304/4304 4305/4305/4305
f 4248/4248/4248 4305/4305/4305 4249/4249/4249
f 4249/4249/4249 4305/4305/4305 4306/4306/4306
f 4249/4249/4249 4306/4306/4306 4250/4250/4250
f 4250/4250/4250 4306/4306/4306 4307/4307/4307
f 4250/4250/4250 4307/4307/4307 4251/4251/4251
f 4251/4251/4251 4307/4307/4307 4308/4308/4308
f 4251/4251/4251 4308/4308/4308 4252/4252/4252
f 4252/4252/4252 4308/4308/4308 4309/4309/4309
f 4252/4252/4252 4309/4309/4309 4253/4253/4253
f 4253/4253/4253 4309/4309/4309 4310/4310/4310
f 4253/4253/4253 4310/4310/4310 4254/4254/4254
f 4254/4254/4254 4310/4310/4310 4311/4311/4311
f 4254/4254/4254 4311/4311/4311 4255/4255/4255
f 4255/4255/4255 4311/4311/4311 4312/4312/4312
f 4255/4255/4255 4312/4312/4312 4256/4256/4256
f 4256/4256/4256 4312/4312/4312 4313/4313/4313
f 4256/4256/4256 4313/4313/4313 4257/4257/4257
f 4257/4257/4257 4313/4313/4313 4314/4314/4314
f 4257/4257/4257 4314/4314/4314 4258/4258/4258
f 4258/4258/4258 4314/4314/4314 4315/4315/4315
f 4258/4258/4258 4315/4315/4315 4259/4259/4259
f 4259/4259/4259 4315/4315/4315 4316/4316/4316
f 4259/4259/4259 4316/4316/4316 4260/4260/4260
f 4260/4260/4260 4316/4316/4316 4317/4317/4317
f 4260/4260/4260 4317/4317/4317 4261/4261/4261
f 4261/4261/4261 4317/4317/4317 4318/4318/4318
f 4261/4261/4261 4318/4318/4318 4262/4262/4262
f 4262/4262/4262 4318/4318/4318 4319/4319/4319
f 4262/4262/4262 4319/4319/4319 4263/4263/4263
f 4263/4263/4263 4319/4319/4319 4320/4320/4320
f 4263/4263/4263 4320/4320/4320 4264/4264/4264
f 4264/4264/4264 4320/4320/4320 4321/4321/4321
f 4264/4264/4264 4321/4321/4321 4265/4265/4265
f 4265/4265/4265 4321/4321/4321 4322/4322/4322
f 4265/4265/4265 4322/4322/4322 4266/4266/4266
f 4266/4266/4266 4322/4322/4322 4323/4323/4323
f 4266/4266/4266 4323/4323/4323 4267/4267/4267
f 4267/4267/4267 4323/4323/4323 4324/4324/4324
f 4267/4267/4267 4324/4324/4324 4268/4268/4268
f 4268/4268/4268 4324/4324/4324 4325/4325/4325
f 4268/4268/4268 4325/4325/4325 4269/4269/4269
f 4269/4269/4269 4325/4325/4325 4326/4326/4326
f 4269/4269/4269 4326/4326/4326 4270/4270/4270
f 4270/4270/4270 4326/4326/4326 4327/4327/4327
f 4270/4270/4270 4327/4327/4327 4271/4271/4271
f 4271/4271/4271 4327/4327/4327 4328/4328/4328
f 4271/4271/4271 4328/4328/4328 4272/4272/4272
f 4272/4272/4272 4328/4328/4328 4329/4329/4329
f 4272/4272/4272 4329/4329/4329 4273/4273/4273
f 4273/4273/4273 4329/4329/4329 4330/4330/4330
f 4273/4273/4273 4330/4330/4330 4274/4274/4274
f 4274/4274/4274 4330/4330/4330 4331/4331/4331
f 4274/4274/4274 4331/4331/4331 4275/4275/4275
f 4275/4275/4275 4331/4331/4331 4332/4332/4332
f 4276/4276/4276 4333/4333/4333 4277/4277/4277
f 4277/4277/4277 4333/4333/4333 4334/4334/4334
f 4277/4277/4277 4334/4334/4334 4278/4278/4278
f 4278/4278/4278 4334/4334/4334 4335/4335/4335
f 4278/4278/4278 4335/4335/4335 4279/4279/4279
f 4279/4279/4279 4335/4335/4335 4336/4336/4336
f 4279/4279/4279 4336/4336/4336 4280/4280/4280
f 4280/4280/4280 4336/4336/4336 4337/4337/4337
f 4280/4280/4280 4337/4337/4337 4281/4281/4281
f 4281/4281/4281 4337/4337/4337 4338/4338/4338
f 4281/4281/4281 4338/4338/4338 4282/4282/4282
f 4282/4282/4282 4338/4338/4338 4339/4339/4339
f 4282/4282/4282 4339/4339/4339 4283/4283/4283
f 4283/4283/4283 4339/4339/4339 4340/4340/4340
f 4283/4283/4283 4340/4340/4340 4284/4284/4284
f 4284/4284/4284 4340/4340/4340 4341/4341/4341
f 4284/4284/4284 4341/4341/4341 4285/4285/4285
f 4285/4285/4285 4341/4341/4341 4342/4342/4342
f 4285/4285/4285 4342/4342/4342 4286/4286/4286
f 4286/4286/4286 4342/4342/4342 4343/4343/4343
f 4286/4286/4286 4343/4343/4343 4287/4287/4287
f 4287/4287/4287 4343/4343/4343 4344/4344/4344
f 4287/4287/4287 4344/4344/4344 4288/4288/4288
f 4288/4288/4288 4344/4344/4344 4345/4345/4345
f 4288/4288/4288 4345/4345/4345 4289/4289/4289
f 4289/4289/4289 4345/4345/4345 4346/4346/4346
f 4289/4289/4289 4346/4346/4346 4290/4290/4290
f 4290/4290/4290 4346/4346/4346 4347/4347/4347
f 4290/4290/4290 4347/4347/4347 4291/4291/4291
f 4291/4291/4291 4347/4347/4347 4348/4348/4348
f 4291/4291/4291 4348/4348/4348 4292/4292/4292
f 4292/4292/4292 4348/4348/4348 4349/4349/4349
f 4292/4292/4292 4349/4349/4349 4293/4293/4293
f 4293/4293/4293 4349/4349/4349 4350/4350/4350
f 4293/4293/4293 4350/4350/4350 4294/4294/4294
f 4294/4294/4294 4350/4350/4350 4351/4351/4351
f 4294/4294/4294 4351/4351/4351 4295/4295/4295
f 4295/4295/4295 4351/4351/4351 4352/4352/4352
f 4295/4295/4295 4352/4352/4352 4296/4296/4296
f 4296/4296/4296 4352/4352/4352 4353/4353/4353
f 4296/4296/4296 4353/4353/4353 4297/4297/4297
f 4297/4297/4297 4353/4353/4353 4354/4354/4354
f 4297/4297/4297 4354/4354/4354 4298/4298/4298
f 4298/4298/4298 4354/4354/4354 4355/4355/4355
f 4298/4298/4298 4355/4355/4355 4299/4299/4299
f 4299/4299/4299 4355/4355/4355 4356/4356/4356
f 4299/4299/4299 4356/4356/4356 4300/4300/4300
f 4300/4300/4300 4356/4356/4356 4357/4357/4357
f 4300/4300/4300 4357/4357/4357 4301/4301/4301
f 4301/4301/4301 4357/4357/4357 4358/4358/4358
f 4301/4301/4301 4358/4358/4358 4302/4302/4302
f 4302/4302/4302 4358/4358/4358 4359/4359/4359
f 4302/4302/4302 4359/4359/4359 4303/4303/4303
f 4303/4303/4303 4359/4359/4359 4360/4360/4360
f 4303/4303/4303 4360/4360/4360 4304/4304/4304
f 4304/4304/4304 4360/4360/4360 4361/4361/4361
f 4304/4304/4304 4361/4361/4361 4305/4305/4305
f 4305/4305/4305 4361/4361/4361 4362/4362/4362
f 4305/4305/4305 4362/4362/4362 4306/4306/4306
f 4306/4306/4306 4362/4362/4362 4363/4363/4363
f 4306/4306/4306 4363/4363/4363 4307/4307/4307
f 4307/4307/4307 4363/4363/4363 4364/4364/4364
f 4307/4307/4307 4364/4364/4364 4308/4308/4308
f 4308/4308/4308 4364/4364/4364 4365/4365/4365
f 4308/4308/4308 4365/4365/4365 4309/4309/4309
f 4309/4309/4309 4365/4365/4365 4366/4366/4366
f 4309/4309/4309 4366/4366/4366 4310/4310/4310
f 4310/4310/4310 4366/4366/4366 4367/4367/4367
f 4310/4310/4310 4367/4367/4367 4311/4311/4311
f 4311/4311/4311 4367/4367/4367 4368/4368/4368
f 4311/4311/4311 4368/4368/4368 4312/4312/4312
f 4312/4312/4312 4368/4368/4368 4369/4369/4369
f 4312/4312/4312 4369/4369/4369 4313/4313/4313
f 4313/4313/4313 4369/4369/4369 4370/4370/4370
f 4313/4313/4313 4370/4370/4370 4314/4314/4314
f 4314/4314/4314 4370/4370/4370 4371/4371/4371
f 4314/4314/4314 4371/4371/4371 4315/4315/4315
f 4315/4315/4315 4371/4371/4371 4372/4372/4372
f 4315/4315/4315 4372/4372/4372 4316/4316/4316
f 4316/4316/4316 4372/4372/4372 4373/4373/4373
f 4316/4316/4316 4373/4373/4373 4317/4317/4317
f 4317/4317/4317 4373/4373/4373 4374/4374/4374
f 4317/4317/4317 4374/4374/4374 4318/4318/4318
f 4318/4318/4318 4374/4374/4374 4375/4375/4375
f 4318/4318/4318 4375/4375/4375 4319/4319/4319
f 4319/4319/4319 4375/4375/4375 4376/4376/4376
f 4319/4319/4319 4376/4376/4376 4320/4320/4320
f 4320/4320/4320 4376/4376/4376 4377/4377/4377
f 4320/4320/4320 4377/4377/4377 4321/4321/4321
f 4321/4321/4321 4377/4377/4377 4378/4378/4378
f 4321/4321/4321 4378/4378/4378 4322/4322/4322
f 4322/4322/4322 4378/4378/4378 4379/4379/4379
f 4322/4322/4322 4379/4379/4379 4323/4323/4323
f 4323/4323/4323 4379/4379/4379 4380/4380/4380
f 4323/4323/4323 4380/4380/4380 4324/4324/4324
f 4324/4324/4324 4380/4380/4380 4381/4381/4381
f 4324/4324/4324 4381/4381/4381 4325/4325/4325
f 4325/4325/4325 4381/4381/4381 4382/4382/4382
f 4325/4325/4325 4382/4382/4382 4326/4326/4326
f 4326/4326/4326 4382/4382/4382 4383/4383/4383
f 4326/4326/4326 4383/4383/4383 4327/4327/4327
f 4327/4327/4327 4383/4383/4383 4384/4384/4384
f 4327/4327/4327 4384/4384/4384 4328/4328/4328
f 4328/4328/4328 4384/4384/4384 4385/4385/4385
f 4328/4328/4328 4385/4385/4385 4329/4329/4329
f 4329/4329/4329 4385/4385/4385 4386/4386/4386
f 4329/4329/4329 4386/4386/4386 4330/4330/4330
f 4330/4330/4330 4386/4386/4386 4387/4387/4387
f 4330/4330/4330 4387/4387/4387 4331/4331/4331
f 4331/4331/4331 4387/4387/4387 4388/4388/4388
f 4331/4331/4331 4388/4388/4388 4332/4332/4332
f 4332/4332/4332 4388/4388/4388 4389/4389/4389
f 4333/4333/4333 4390/4390/4390 4334/4334/4334
f 4334/4334/4334 4390/4390/4390 4391/4391/4391
f 4334/4334/4334 4391/4391/4391 4335/4335/4335
f 4335/4335/4335 4391/4391/4391 4392/4392/4392
f 4335/4335/4335 4392/4392/4392 4336/4336/4336
f 4336/4336/4336 4392/4392/4392 4393/4393/4393
f 4336/4336/4336 4393/4393/4393 4337/4337/4337
f 4337/4337/4337 4393/4393/4393 4394/4394/4394
f 4337/4337/4337 4394/4394/4394 4338/4338/4338
f 4338/4338/4338 4394/4394/4394 4395/4395/4395
f 4338/4338/4338 4395/4395/4395 4339/4339/4339
f 4339/4339/4339 4395/4395/4395 4396/4396/4396
f 4339/4339/4339 4396/4396/4396 4340/4340/4340
f 4340/4340/4340 4396/4396/4396 4397/4397/4397
f 4340/4340/4340 4397/4397/4397 4341/4341/4341
f 4341/4341/4341 4397/4397/4397 4398/4398/4398
f 4341/4341/4341 4398/4398/4398 4342/4342/4342
f 4342/4342/4342 4398/4398/4398 4399/4399/4399
f 4342/4342/4342 4399/4399/4399 4343/4343/4343
f 4343/4343/4343 4399/4399/4399 4400/4400/4400
f 4343/4343/4343 4400/4400/4400 4344/4344/4344
f 4344/4344/4344 4400/4400/4400 4401/4401/4401
f 4344/4344/4344 4401/4401/4401 4345/4345/4345
f 4345/4345/4345 4401/4401/4401 4402/4402/4402
f 4345/4345/4345 4402/4402/4402 4346/4346/4346
f 4346/4346/4346 4402/4402/4402 4403/4403/4403
f 4346/4346/4346 4403/4403/4403 4347/4347/4347
f 4347/4347/4347 4403/4403/4403 4404/4404/4404
f 4347/4347/4347 4404/4404/4404 4348/4348/4348
f 4348/4348/4348 4404/4404/4404 4405/4405/4405
f 4348/4348/4348 4405/4405/4405 4349/4349/4349
f 4349/4349/4349 4405/4405/4405 4406/4406/4406
f 4349/4349/4349 4406/4406/4406 4350/4350/4350
f 4350/4350/4350 4406/4406/4406 4407/4407/4407
f 4350/4350/4350 4407/4407/4407 4351/4351/4351
f 4351/4351/4351 4407/4407/4407 4408/4408/4408
f 4351/4351/4351 4408/4408/4408 4352/4352/4352
f 4352/4352/4352 4408/4408/4408 4409/4409/4409
f 4352/4352/4352 4409/4409/4409 4353/4353/4353
f 4353/4353/4353 4409/4409/4409 4410/4410/4410
f 4353/4353/4353 4410/4410/4410 4354/4354/4354
f 4354/4354/4354 4410/4410/4410 4411/4411/4411
f 4354/4354/4354 4411/4411/4411 4355/4355/4355
f 4355/4355/4355 4411/4411/4411 4412/4412/4412
f 4355/4355/4355 4412/4412/4412 4356/4356/4356
f 4356/4356/4356 4412/4412/4412 4413/4413/4413
f 4356/4356/4356 4413/4413/4413 4357/4357/4357
f 4357/4357/4357 4413/4413/4413 4414/4414/4414
f 4357/4357/4357 4414/4414/4414 4358/4358/4358
f 4358/4358/4358 4414/4414/4414 4415/4415/4415
f 4358/4358/4358 4415/4415/4415 4359/4359/4359
f 4359/4359/4359 4415/4415/4415 4416/4416/4416
f 4359/4359/4359 4416/4416/4416 4360/4360/4360
f 4360/4360/4360 4416/4416/4416 4417/4417/4417
f 4360/4360/4360 4417/4417/4417 4361/4361/4361
f 4361/4361/4361 4417/4417/4417 4418/4418/4418
f 4361/4361/4361 4418/4418/4418 4362/4362/4362
f 4362/4362/4362 4418/4418/4418 4419/4419/4419
f 4362/4362/4362 4419/4419/4419 4363/4363/4363
f 4363/4363/4363 4419/4419/4419 4420/4420/4420
f 4363/4363/4363 4420/4420/4420 4364/4364/4364
f 4364/4364/4364 4420/4420/4420 4421/4421/4421
f 4364/4364/4364 4421/4421/4421 4365/4365/4365
f 4365/4365/4365 4421/4421/4421 4422/4422/4422
f 4365/4365/4365 4422/4422/4422 4366/4366/4366
f 4366/4366/4366 4422/4422/4422 4423/4423/4423
f 4366/4366/4366 4423/4423/4423 4367/4367/4367
f 4367/4367/4367 4423/4423/4423 4424/4424/4424
f 4367/4367/4367 4424/4424/4424 4368/4368/4368
f 4368/4368/4368 4424/4424/4424 4425/4425/4425
f 4368/4368/4368 4425/4425/4425 4369/4369/4369
f 4369/4369/4369 4425/4425/4425 4426/4426/4426
f 4369/4369/4369 4426/4426/4426 4370/4370/4370
f 4370/4370/4370 4426/4426/4426 4427/4427/4427
f 4370/4370/4370 4427/4427/4427 4371/4371/4371
f 4371/4371/4371 4427/4427/4427 4428/4428/4428
f 4371/4371/4371 4428/4428/4428 4372/4372/4372
f 4372/4372/4372 4428/4428/4428 4429/4429/4429
f 4372/4372/4372 4429/4429/4429 4373/4373/4373
f 4373/4373/4373 4429/4429/4429 4430/4430/4430
f 4373/4373/4373 4430/4430/4430 4374/4374/4374
f 4374/4374/4374 4430/4430/4430 4431/4431/4431
f 4374/4374/4374 4431/4431/4431 4375/4375/4375
f 4375/4375/4375 4431/4431/4431 4432/4432/4432
f 4375/4375/4375 4432/4432/4432 4376/4376/4376
f 4376/4376/4376 4432/4432/4432 4433/4433/4433
f 4376/4376/4376 4433/4433/4433 4377/4377/4377
f 4377/4377/4377 4433/4433/4433 4434/4434/4434
f 4377/4377/4377 4434/4434/4434 4378/4378/4378
f 4378/4378/4378 4434/4434/4434 4435/4435/4435
f 4378/4378/4378 4435/4435/4435 4379/4379/4379
f 4379/4379/4379 4435/4435/4435 4436/4436/4436
f 4379/4379/4379 4436/4436/4436 4380/4380/4380
f 4380/4380/4380 4436/4436/4436 4437/4437/4437
f 4380/4380/4380 4437/4437/4437 4381/4381/4381
f 4381/4381/4381 4437/4437/4437 4438/4438/4438
f 4381/4381/4381 4438/4438/4438 4382/4382/4382
f 4382/4382/4382 4438/4438/4438 4439/4439/4439
f 4382/4382/4382 4439/4439/4439 4383/4383/4383
f 4383/4383/4383 4439/4439/4439 4440/4440/4440
f 4383/4383/4383 4440/4440/4440 4384/4384/4384
f 4384/4384/4384 4440/4440/4440 4441/4441/4441
f 4384/4384/4384 4441/4441/4441 4385/4385/4385
f 4385/4385/4385 4441/4441/4441 4442/4442/4442
f 4385/4385/4385 4442/4442/4442 4386/4386/4386
f 4386/4386/4386 4442/4442/4442 4443/4443/4443
f 4386/4386/4386 4443/4443/4443 4387/4387/4387
f 4387/4387/4387 4443/4443/4443 4444/4444/4444
f 4387/4387/4387 4444/4444/4444 4388/4388/4388
f 4388/4388/4388 4444/4444/4444 4445/4445/4445
f 4388/4388/4388 4445/4445/4445 4389/4389/4389
f 4389/4389/4389 4445/4445/4445 4446/4446/4446
f 4390/4390/4390 4447/4447/4447 4391/4391/4391
f 4391/4391/4391 4447/4447/4447 4448/4448/4448
f 4391/4391/4391 4448/4448/4448 4392/4392/4392
f 4392/4392/4392 4448/4448/4448 4449/4449/4449
f 4392/4392/4392 4449/4449/4449 4393/4393/4393
f 4393/4393/4393 4449/4449/4449 4450/4450/4450
f 4393/4393/4393 4450/4450/4450 4394/4394/4394
f 4394/4394/4394 4450/4450/4450 4451/4451/4451
f 4394/4394/4394 4451/4451/4451 4395/4395/4395
f 4395/4395/4395 4451/4451/4451 4452/4452/4452
f 4395/4395/4395 4452/4452/4452 4396/4396/4396
f 4396/4396/4396 4452/4452/4452 4453/4453/4453
f 4396/4396/4396 4453/4453/4453 4397/4397/4397
f 4397/4397/4397 4453/4453/4453 4454/4454/4454
f 4397/4397/4397 4454/4454/4454 4398/4398/4398
f 4398/4398/4398 4454/4454/4454 4455/4455/4455
f 4398/4398/4398 4455/4455/4455 4399/4399/4399
f 4399/4399/4399 4455/4455/4455 4456/4456/4456
f 4399/4399/4399 4456/4456/4456 4400/4400/4400
f 4400/4400/4400 4456/4456/4456 4457/4457/4457
f 4400/4400/4400 4457/4457/4457 4401/4401/4401
f 4401/4401/4401 4457/4457/4457 4458/4458/4458
f 4401/4401/4401 4458/4458/4458 4402/4402/4402
f 4402/4402/4402 4458/4458/4458 4459/4459/4459
f 4402/4402/4402 4459/4459/4459 4403/4403/4403
f 4403/4403/4403 4459/4459/4459 4460/4460/4460
f 4403/4403/4403 4460/4460/4460 4404/4404/4404
f 4404/4404/4404 4460/4460/4460 4461/4461/4461
f 4404/4404/4404 4461/4461/4461 4405/4405/4405
f 4405/4405/4405 4461/4461/4461 4462/4462/4462
f 4405/4405/4405 4462/4462/4462 4406/4406/4406
f 4406/4406/4406 4462/4462/4462 4463/4463/4463
f 4406/4406/4406 4463/4463/4463 4407/4407/4407
f 4407/4407/4407 4463/4463/4463 4464/4464/4464
f 4407/4407/4407 4464/4464/4464 4408/4408/4408
f 4408/4408/4408 4464/4464/4464 4465/4465/4465
f 4408/4408/4408 4465/4465/4465 4409/4409/4409
f 4409/4409/4409 4465/4465/4465 4466/4466/4466
f 4409/4409/4409 4466/4466/4466 4410/4410/4410
f 4410/4410/4410 4466/4466/4466 4467/4467/4467
f 4410/4410/4410 4467/4467/4467 4411/4411/4411
f 4411/4411/4411 4467/4467/4467 4468/4468/4468
f 4411/4411/4411 4468/4468/4468 4412/4412/4412
f 4412/4412/4412 4468/4468/4468 4469/4469/4469
f 4412/4412/4412 4469/4469/4469 4413/4413/4413
f 4413/4413/4413 4469/4469/4469 4470/4470/4470
f 4413/4413/4413 4470/4470/4470 4414/4414/4414
f 4414/4414/4414 4470/4470/4470 4471/4471/4471
f 4414/4414/4414 4471/4471/4471 4415/4415/4415
f 4415/4415/4415 4471/4471/4471 4472/4472/4472
f 4415/4415/4415 4472/4472/4472 4416/4416/4416
f 4416/4416/4416 4472/4472/4472 4473/4473/4473
f 4416/4416/4416 4473/4473/4473 4417/4417/4417
f 4417/4417/4417 4473/4473/4473 4474/4474/4474
f 4417/4417/4417 4474/4474/4474 4418/4418/4418
f 4418/4418/4418 4474/4474/4474 4475/4475/4475
f 4418/4418/4418 4475/4475/4475 4419/4419/4419
f 4419/4419/4419 4475/4475/4475 4476/4476/4476
f 4419/4419/4419 4476/4476/4476 4420/4420/4420
f 4420/4420/4420 4476/4476/4476 4477/4477/4477
f 4420/4420/4420 4477/4477/4477 4421/4421/4421
f 4421/4421/4421 4477/4477/4477 4478/4478/4478
f 4421/4421/4421 4478/4478/4478 4422/4422/4422
f 4422/4422/4422 4478/4478/4478 4479/4479/4479
f 4422/4422/4422 4479/4479/4479 4423/4423/4423
f 4423/4423/4423 4479/4479/4479 4480/4480/4480
f 4423/4423/4423 4480/4480/4480 4424/4424/4424
f 4424/4424/4424 4480/4480/4480 4481/4481/4481
f 4424/4424/4424 4481/4481/4481 4425/4425/4425
f 4425/4425/4425 4481/4481/4481 4482/4482/4482
f 4425/4425/4425 4482/4482/4482 4426/4426/4426
f 4426/4426/4426 4482/4482/4482 4483/4483/4483
f 4426/4426/4426 4483/4483/4483 4427/4427/4427
f 4427/4427/4427 4483/4483/4483 4484/4484/4484
f 4427/4427/4427 4484/4484/4484 4428/4428/4428
f 4428/4428/4428 4484/4484/4484 4485/4485/4485
f 4428/4428/4428 4485/4485/4485 4429/4429/4429
f 4429/4429/4429 4485/4485/4485 4486/4486/4486
f 4429/4429/4429 4486/4486/4486 4430/4430/4430
f 4430/4430/4430 4486/4486/4486 4487/4487/4487
f 4430/4430/4430 4487/4487/4487 4431/4431/4431
f 4431/4431/4431 4487/4487/4487 4488/4488/4488
f 4431/4431/4431 4488/4488/4488 4432/4432/4432
f 4432/4432/4432 4488/4488/4488 4489/4489/4489
f 4432/4432/4432 4489/4489/4489 4433/4433/4433
f 4433/4433/4433 4489/4489/4489 4490/4490/4490
f 4433/4433/4433 4490/4490/4490 4434/4434/4434
f 4434/4434/4434 4490/4490/4490 4491/4491/4491
f 4434/4434/4434 4491/4491/4491 4435/4435/4435
f 4435/4435/4435 4491/4491/4491 4492/4492/4492
f 4435/4435/4435 4492/4492/4492 4436/4436/4436
f 4436/4436/4436 4492/4492/4492 4493/4493/4493
f 4436/4436/4436 4493/4493/4493 4437/4437/4437
f 4437/4437/4437 4493/4493/4493 4494/4494/4494
f 4437/4437/4437 4494/4494/4494 4438/4438/4438
f 4438/4438/4438 4494/4494/4494 4495/4495/4495
f 4438/4438/4438 4495/4495/4495 4439/4439/4439
f 4439/4439/4439 4495/4495/4495 4496/4496/4496
f 4439/4439/4439 4496/4496/4496 4440/4440/4440
f 4440/4440/4440 4496/4496/4496 4497/4497/4497
f 4440/4440/4440 4497/4497/4497 4441/4441/4441
f 4441/4441/4441 4497/4497/4497 4498/4498/4498
f 4441/4441/4441 4498/4498/4498 4442/4442/4442
f 4442/4442/4442 4498/4498/4498 4499/4499/4499
f 4442/4442/4442 4499/4499/4499 4443/4443/4443
f 4443/4443/4443 4499/4499/4499 4500/4500/4500
f 4443/4443/4443 4500/4500/4500 4444/4444/4444
f 4444/4444/4444 4500/4500/4500 4501/4501/4501
f 4444/4444/4444 4501/4501/4501 4445/4445/4445
f 4445/4445/4445 4501/4501/4501 4502/4502/4502
f 4445/4445/4445 4502/4502/4502 4446/4446/4446
f 4446/4446/4446 4502/4502/4502 4503/4503/4503
f 4447/4447/4447 4504/4504/4504 4448/4448/4448
f 4448/4448/4448 4504/4504/4504 4505/4505/4505
f 4448/4448/4448 4505/4505/4505 4449/4449/4449
f 4449/4449/4449 4505/4505/4505 4506/4506/4506
f 4449/4449/4449 4506/4506/4506 4450/4450/4450
f 4450/4450/4450 4506/4506/4506 4507/4507/4507
f 4450/4450/4450 4507/4507/4507 4451/4451/4451
f 4451/4451/4451 4507/4507/4507 4508/4508/4508
f 4451/4451/4451 4508/4508/4508 4452/4452/4452
f 4452/4452/4452 4508/4508/4508 4509/4509/4509
f 4452/4452/4452 4509/4509/4509 4453/4453/4453
f 4453/4453/4453 4509/4509/4509 4510/4510/4510
f 4453/4453/4453 4510/4510/4510 4454/4454/4454
f 4454/4454/4454 4510/4510/4510 4511/4511/4511
f 4454/4454/4454 4511/4511/4511 4455/4455/4455
f 4455/4455/4455 4511/4511/4511 4512/4512/4512
f 4455/4455/4455 4512/4512/4512 4456/4456/4456
f 4456/4456/4456 4512/4512/4512 4513/4513/4513
f 4456/4456/4456 4513/4513/4513 4457/4457/4457
f 4457/4457/4457 4513/4513/4513 4514/4514/4514
f 4457/4457/4457 4514/4514/4514 4458/4458/4458
f 4458/4458/4458 4514/4514/4514 4515/4515/4515
f 4458/4458/4458 4515/4515/4515 4459/4459/4459
f 4459/4459/4459 4515/4515/4515 4516/4516/4516
f 4459/4459/4459 4516/4516/4516 4460/4460/4460
f 4460/4460/4460 4516/4516/4516 4517/4517/4517
f 4460/4460/4460 4517/4517/4517 4461/4461/4461
f 4461/4461/4461 4517/4517/4517 4518/4518/4518
f 4461/4461/4461 4518/4518/4518 4462/4462/4462
f 4462/4462/4462 4518/4518/4518 4519/4519/4519
f 4462/4462/4462 4519/4519/4519 4463/4463/4463
f 4463/4463/4463 4519/4519/4519 4520/4520/4520
f 4463/4463/4463 4520/4520/4520 4464/4464/4464
f 4464/4464/4464 4520/4520/4520 4521/4521/4521
f 4464/4464/4464 4521/4521/4521 4465/4465/4465
f 4465/4465/4465 4521/4521/4521 4522/4522/4522
f 4465/4465/4465 4522/4522/4522 4466/4466/4466
f 4466/4466/4466 4522/4522/4522 4523/4523/4523
f 4466/4466/4466 4523/4523/4523 4467/4467/4467
f 4467/4467/4467 4523/4523/4523 4524/4524/4524
f 4467/4467/4467 4524/4524/4524 4468/4468/4468
f 4468/4468/4468 4524/4524/4524 4525/4525/4525
f 4468/4468/4468 4525/4525/4525 4469/4469/4469
f 4469/4469/4469 4525/4525/4525 4526/4526/4526
f 4469/4469/4469 4526/4526/4526 4470/4470/4470
f 4470/4470/4470 4526/4526/4526 4527/4527/4527
f 4470/4470/4470 4527/4527/4527 4471/4471/4471
f 4471/4471/4471 4527/4527/4527 4528/4528/4528
f 4471/4471/4471 4528/4528/4528 4472/4472/4472
f 4472/4472/4472 4528/4528/4528 4529/4529/4529
f 4472/4472/4472 4529/4529/4529 4473/4473/4473
f 4473/4473/4473 4529/4529/4529 4530/4530/4530
f 4473/4473/4473 4530/4530/4530 4474/4474/4474
f 4474/4474/4474 4530/4530/4530 4531/4531/4531
f 4474/4474/4474 4531/4531/4531 4475/4475/4475
f 4475/4475/4475 4531/4531/4531 4532/4532/4532
f 4475/4475/4475 4532/4532/4532 4476/4476/4476
f 4476/4476/4476 4532/4532/4532 4533/4533/4533
f 4476/4476/4476 4533/4533/4533 4477/4477/4477
f 4477/4477/4477 4533/4533/4533 4534/4534/4534
f 4477/4477/4477 4534/4534/4534 4478/4478/4478
f 4478/4478/4478 4534/4534/4534 4535/4535/4535
f 4478/4478/4478 4535/4535/4535 4479/4479/4479
f 4479/4479/4479 4535/4535/4535 4536/4536/4536
f 4479/4479/4479 4536/4536/4536 4480/4480/4480
f 4480/4480/4480 4536/4536/4536 4537/4537/4537
f 4480/4480/4480 4537/4537/4537 4481/4481/4481
f 4481/4481/4481 4537/4537/4537 4538/4538/4538
f 4481/4481/4481 4538/4538/4538 4482/4482/4482
f 4482/4482/4482 4538/4538/4538 4539/4539/4539
f 4482/4482/4482 4539/4539/4539 4483/4483/4483
f 4483/4483/4483 4539/4539/4539 4540/4540/4540
f 4483/4483/4483 4540/4540/4540 4484/4484/4484
f 4484/4484/4484 4540/4540/4540 4541/4541/4541
f 4484/4484/4484 4541/4541/4541 4485/4485/4485
f 4485/4485/4485 4541/4541/4541 4542/4542/4542
f 4485/4485/4485 4542/4542/4542 4486/4486/4486
f 4486/4486/4486 4542/4542/4542 4543/4543/4543
f 4486/4486/4486 4543/4543/4543 4487/4487/4487
f 4487/4487/4487 4543/4543/4543 4544/4544/4544
f 4487/4487/4487 4544/4544/4544 4488/4488/4488
f 4488/4488/4488 4544/4544/4544 4545/4545/4545
f 4488/4488/4488 4545/4545/4545 4489/4489/4489
f 4489/4489/4489 4545/4545/4545 4546/4546/4546
f 4489/4489/4489 4546/4546/4546 4490/4490/4490
f 4490/4490/4490 4546/4546/4546 4547/4547/4547
f 4490/4490/4490 4547/4547/4547 4491/4491/4491
f 4491/4491/4491 4547/4547/4547 4548/4548/4548
f 4491/4491/4491 4548/4548/4548 4492/4492/4492
f 4492/4492/4492 4548/4548/4548 4549/4549/4549
f 4492/4492/4492 4549/4549/4549 4493/4493/4493
f 4493/4493/4493 4549/4549/4549 4550/4550/4550
f 4493/4493/4493 4550/4550/4550 4494/4494/4494
f 4494/4494/4494 4550/4550/4550 4551/4551/4551
f 4494/4494/4494 4551/4551/4551 4495/4495/4495
f 4495/4495/4495 4551/4551/4551 4552/4552/4552
f 4495/4495/4495 4552/4552/4552 4496/4496/4496
f 4496/4496/4496 4552/4552/4552 4553/4553/4553
f 4496/4496/4496 4553/4553/4553 4497/4497/4497
f 4497/4497/4497 4553/4553/4553 4554/4554/4554
f 4497/4497/4497 4554/4554/4554 4498/4498/4498
f 4498/4498/4498 4554/4554/4554 4555/4555/4555
f 4498/4498/4498 4555/4555/4555 4499/4499/4499
f 4499/4499/4499 4555/4555/4555 4556/4556/4556
f 4499/4499/4499 4556/4556/4556 4500/4500/4500
f 4500/4500/4500 4556/4556/4556 4557/4557/4557
f 4500/4500/4500 4557/4557/4557 4501/4501/4501
f 4501/4501/4501 4557/4557/4557 4558/4558/4558
f 4501/4501/4501 4558/4558/4558 4502/4502/4502
f 4502/4502/4502 4558/4558/4558 4559/4559/4559
f 4502/4502/4502 4559/4559/4559 4503/4503/4503
f 4503/4503/4503 4559/4559/4559 4560/4560/4560
f 4504/4504/4504 4561/4561/4561 4505/4505/4505
f 4505/4505/4505 4561/4561/4561 4562/4562/4562
f 4505/4505/4505 4562/4562/4562 4506/4506/4506
f 4506/4506/4506 4562/4562/4562 4563/4563/4563
f 4506/4506/4506 4563/4563/4563 4507/4507/4507
f 4507/4507/4507 4563/4563/4563 4564/4564/4564
f 4507/4507/4507 4564/4564/4564 4508/4508/4508
f 4508/4508/4508 4564/4564/4564 4565/4565/4565
f 4508/4508/4508 4565/4565/4565 4509/4509/4509
f 4509/4509/4509 4565/4565/4565 4566/4566/4566
f 4509/4509/4509 4566/4566/4566 4510/4510/4510
f 4510/4510/4510 4566/4566/4566 4567/4567/4567
f 4510/4510/4510 4567/4567/4567 4511/4511/4511
f 4511/4511/4511 4567/4567/4567 4568/4568/4568
f 4511/4511/4511 4568/4568/4568 4512/4512/4512
f 4512/4512/4512 4568/4568/4568 4569/4569/4569
f 4512/4512/4512 4569/4569/4569 4513/4513/4513
f 4513/4513/4513 4569/4569/4569 4570/4570/4570
f 4513/4513/4513 4570/4570/4570 4514/4514/4514
f 4514/4514/4514 4570/4570/4570 4571/4571/4571
f 4514/4514/4514 4571/4571/4571 4515/4515/4515
f 4515/4515/4515 4571/4571/4571 4572/4572/4572
f 4515/4515/4515 4572/4572/4572 4516/4516/4516
f 4516/4516/4516 4572/4572/4572 4573/4573/4573
f 4516/4516/4516 4573/4573/4573 4517/4517/4517
f 4517/4517/4517 4573/4573/4573 4574/4574/4574
f 4517/4517/4517 4574/4574/4574 4518/4518/4518
f 4518/4518/4518 4574/4574/4574 4575/4575/4575
f 4518/4518/4518 4575/4575/4575 4519/4519/4519
f 4519/4519/4519 4575/4575/4575 4576/4576/4576
f 4519/4519/4519 4576/4576/4576 4520/4520/4520
f 4520/4520/4520 4576/4576/4576 4577/4577/4577
f 4520/4520/4520 4577/4577/4577 4521/4521/4521
f 4521/4521/4521 4577/4577/4577 4578/4578/4578
f 4521/4521/4521 4578/4578/4578 4522/4522/4522
f 4522/4522/4522 4578/4578/4578 4579/4579/4579
f 4522/4522/4522 4579/4579/4579 4523/4523/4523
f 4523/4523/4523 4579/4579/4579 4580/4580/4580
f 4523/4523/4523 4580/4580/4580 4524/4524/4524
f 4524/4524/4524 4580/4580/4580 4581/4581/4581
f 4524/4524/4524 4581/4581/4581 4525/4525/4525
f 4525/4525/4525 4581/4581/4581 4582/4582/4582
f 4525/4525/4525 4582/4582/4582 4526/4526/4526
f 4526/4526/4526 4582/4582/4582 4583/4583/4583
f 4526/4526/4526 4583/4583/4583 4527/4527/4527
f 4527/4527/4527 4583/4583/4583 4584/4584/4584
f 4527/4527/4527 4584/4584/4584 4528/4528/4528
f 4528/4528/4528 4584/4584/4584 4585/4585/4585
f 4528/4528/4528 4585/4585/4585 4529/4529/4529
f 4529/4529/4529 4585/4585/4585 4586/4586/4586
f 4529/4529/4529 4586/4586/4586 4530/4530/4530
f 4530/4530/4530 4586/4586/4586 4587/4587/4587
f 4530/4530/4530 4587/4587/4587 4531/4531/4531
f 4531/4531/4531 4587/4587/4587 4588/4588/4588
f 4531/4531/4531 4588/4588/4588 4532/4532/4532
f 4532/4532/4532 4588/4588/4588 4589/4589/4589
f 4532/4532/4532 4589/4589/4589 4533/4533/4533
f 4533/4533/4533 4589/4589/4589 4590/4590/4590
f 4533/4533/4533 4590/4590/4590 4534/4534/4534
f 4534/4534/4534 4590/4590/4590 4591/4591/4591
f 4534/4534/4534 4591/4591/4591 4535/4535/4535
f 4535/4535/4535 4591/4591/4591 4592/4592/4592
f 4535/4535/4535 4592/4592/4592 4536/4536/4536
f 4536/4536/4536 4592/4592/4592 4593/4593/4593
f 4536/4536/4536 4593/4593/4593 4537/4537/4537
f 4537/4537/4537 4593/4593/4593 4594/4594/4594
f 4537/4537/4537 4594/4594/4594 4538/4538/4538
f 4538/4538/4538 4594/4594/4594 4595/4595/4595
f 4538/4538/4538 4595/4595/4595 4539/4539/4539
f 4539/4539/4539 4595/4595/4595 4596/4596/4596
f 4539/4539/4539 4596/4596/4596 4540/4540/4540
f 4540/4540/4540 4596/4596/4596 4597/4597/4597
f 4540/4540/4540 4597/4597/4597 4541/4541/4541
f 4541/4541/4541 4597/4597/4597 4598/4598/4598
f 4541/4541/4541 4598/4598/4598 4542/4542/4542
f 4542/4542/4542 4598/4598/4598 4599/4599/4599
f 4542/4542/4542 4599/4599/4599 4543/4543/4543
f 4543/4543/4543 4599/4599/4599 4600/4600/4600
f 4543/4543/4543 4600/4600/4600 4544/4544/4544
f 4544/4544/4544 4600/4600/4600 4601/4601/4601
f 4544/4544/4544 4601/4601/4601 4545/4545/4545
f 4545/4545/4545 4601/4601/4601 4602/4602/4602
f 4545/4545/4545 4602/4602/4602 4546/4546/4546
f 4546/4546/4546 4602/4602/4602 4603/4603/4603
f 4546/4546/4546 4603/4603/4603 4547/4547/4547
f 4547/4547/4547 4603/4603/4603 4604/4604/4604
f 4547/4547/4547 4604/4604/4604 4548/4548/4548
f 4548/4548/4548 4604/4604/4604 4605/4605/4605
f 4548/4548/4548 4605/4605/4605 4549/4549/4549
f 4549/4549/4549 4605/4605/4605 4606/4606/4606
f 4549/4549/4549 4606/4606/4606 4550/4550/4550
f 4550/4550/4550 4606/4606/4606 4607/4607/4607
f 4550/4550/4550 4607/4607/4607 4551/4551/4551
f 4551/4551/4551 4607/4607/4607 4608/4608/4608
f 4551/4551/4551 4608/4608/4608 4552/4552/4552
f 4552/4552/4552 4608/4608/4608 4609/4609/4609
f 4552/4552/4552 4609/4609/4609 4553/4553/4553
f 4553/4553/4553 4609/4609/4609 4610/4610/4610
f 4553/4553/4553 4610/4610/4610 4554/4554/4554
f 4554/4554/4554 4610/4610/4610 4611/4611/4611
f 4554/4554/4554 4611/4611/4611 4555/4555/4555
f 4555/4555/4555 4611/4611/4611 4612/4612/4612
f 4555/4555/4555 4612/4612/4612 4556/4556/4556
f 4556/4556/4556 4612/4612/4612 4613/4613/4613
f 4556/4556/4556 4613/4613/4613 4557/4557/4557
f 4557/4557/4557 4613/4613/4613 4614/4614/4614
f 4557/4557/4557 4614/4614/4614 4558/4558/4558
f 4558/4558/4558 4614/4614/4614 4615/4615/4615
f 4558/4558/4558 4615/4615/4615 4559/4559/4559
f 4559/4559/4559 4615/4615/4615 4616/4616/4616
f 4559/4559/4559 4616/4616/4616 4560/4560/4560
f 4560/4560/4560 4616/4616/4616 4617/4617/4617
f 4561/4561/4561 4618/4618/4618 4562/4562/4562
f 4562/4562/4562 4618/4618/4618 4619/4619/4619
f 4562/4562/4562 4619/4619/4619 4563/4563/4563
f 4563/4563/4563 4619/4619/4619 4620/4620/4620
f 4563/4563/4563 4620/4620/4620 4564/4564/4564
f 4564/4564/4564 4620/4620/4620 4621/4621/4621
f 4564/4564/4564 4621/4621/4621 4565/4565/4565
f 4565/4565/4565 4621/4621/4621 4622/4622/4622
f 4565/4565/4565 4622/4622/4622 4566/4566/4566
f 4566/4566/4566 4622/4622/4622 4623/4623/4623
f 4566/4566/4566 4623/4623/4623 4567/4567/4567
f 4567/4567/4567 4623/4623/4623 4624/4624/4624
f 4567/4567/4567 4624/4624/4624 4568/4568/4568
f 4568/4568/4568 4624/4624/4624 4625/4625/4625
f 4568/4568/4568 4625/4625/4625 4569/4569/4569
f 4569/4569/4569 4625/4625/4625 4626/4626/4626
f 4569/4569/4569 4626/4626/4626 4570/4570/4570
f 4570/4570/4570 4626/4626/4626 4627/4627/4627
f 4570/4570/4570 4627/4627/4627 4571/4571/4571
f 4571/4571/4571 4627/4627/4627 4628/4628/4628
f 4571/4571/4571 4628/4628/4628 4572/4572/4572
f 4572/4572/4572 4628/4628/4628 4629/4629/4629
f 4572/4572/4572 4629/4629/4629 4573/4573/4573
f 4573/4573/4573 4629/4629/4629 4630/4630/4630
f 4573/4573/4573 4630/4630/4630 4574/4574/4574
f 4574/4574/4574 4630/4630/4630 4631/4631/4631
f 4574/4574/4574 4631/4631/4631 4575/4575/4575
f 4575/4575/4575 4631/4631/4631 4632/4632/4632
f 4575/4575/4575 4632/4632/4632 4576/4576/4576
f 4576/4576/4576 4632/4632/4632 4633/4633/4633
f 4576/4576/4576 4633/4633/4633 4577/4577/4577
f 4577/4577/4577 4633/4633/4633 4634/4634/4634
f 4577/4577/4577 4634/4634/4634 4578/4578/4578
f 4578/4578/4578 4634/4634/4634 4635/4635/4635
f 4578/4578/4578 4635/4635/4635 4579/4579/4579
f 4579/4579/4579 4635/4635/4635 4636/4636/4636
f 4579/4579/4579 4636/4636/4636 4580/4580/4580
f 4580/4580/4580 4636/4636/4636 4637/4637/4637
f 4580/4580/4580 4637/4637/4637 4581/4581/4581
f 4581/4581/4581 4637/4637/4637 4638/4638/4638
f 4581/4581/4581 4638/4638/4638 4582/4582/4582
f 4582/4582/4582 4638/4638/4638 4639/4639/4639
f 4582/4582/4582 4639/4639/4639 4583/4583/4583
f 4583/4583/4583 4639/4639/4639 4640/4640/4640
f 4583/4583/4583 4640/4640/4640 4584/4584/4584
f 4584/4584/4584 4640/4640/4640 4641/4641/4641
f 4584/4584/4584 4641/4641/4641 4585/4585/4585
f 4585/4585/4585 4641/4641/4641 4642/4642/4642
f 4585/4585/4585 4642/4642/4642 4586/4586/4586
f 4586/4586/4586 4642/4642/4642 4643/4643/4643
f 4586/4586/4586 4643/4643/4643 4587/4587/4587
f 4587/4587/4587 4643/4643/4643 4644/4644/4644
f 4587/4587/4587 4644/4644/4644 4588/4588/4588
f 4588/4588/4588 4644/4644/4644 4645/4645/4645
f 4588/4588/4588 4645/4645/4645 4589/4589/4589
f 4589/4589/4589 4645/4645/4645 4646/4646/4646
f 4589/4589/4589 4646/4646/4646 4590/4590/4590
f 4590/4590/4590 4646/4646/4646 4647/4647/4647
f 4590/4590/4590 4647/4647/4647 4591/4591/4591
f 4591/4591/4591 4647/4647/4647 4648/4648/4648
f 4591/4591/4591 4648/4648/4648 4592/4592/4592
f 4592/4592/4592 4648/4648/4648 4649/4649/4649
f 4592/4592/4592 4649/4649/4649 4593/4593/4593
f 4593/4593/4593 4649/4649/4649 4650/4650/4650
f 4593/4593/4593 4650/4650/4650 4594/4594/4594
f 4594/4594/4594 4650/4650/4650 4651/4651/4651
f 4594/4594/4594 4651/4651/4651 4595/4595/4595
f 4595/4595/4595 4651/4651/4651 4652/4652/4652
f 4595/4595/4595 4652/4652/4652 4596/4596/4596
f 4596/4596/4596 4652/4652/4652 4653/4653/4653
f 4596/4596/4596 4653/4653/4653 4597/4597/4597
f 4597/4597/4597 4653/4653/4653 4654/4654/4654
f 4597/4597/4597 4654/4654/4654 4598/4598/4598
f 4598/4598/4598 4654/4654/4654 4655/4655/4655
f 4598/4598/4598 4655/4655/4655 4599/4599/4599
f 4599/4599/4599 4655/4655/4655 4656/4656/4656
f 4599/4599/4599 4656/4656/4656 4600/4600/4600
f 4600/4600/4600 4656/4656/4656 4657/4657/4657
f 4600/4600/4600 4657/4657/4657 4601/4601/4601
f 4601/4601/4601 4657/4657/4657 4658/4658/4658
f 4601/4601/4601 4658/4658/4658 4602/4602/4602
f 4602/4602/4602 4658/4658/4658 4659/4659/4659
f 4602/4602/4602 4659/4659/4659 4603/4603/4603
f 4603/4603/4603 4659/4659/4659 4660/4660/4660
f 4603/4603/4603 4660/4660/4660 4604/4604/4604
f 4604/4604/4604 4660/4660/4660 4661/4661/4661
f 4604/4604/4604 4661/4661/4661 4605/4605/4605
f 4605/4605/4605 4661/4661/4661 4662/4662/4662
f 4605/4605/4605 4662/4662/4662 4606/4606/4606
f 4606/4606/4606 4662/4662/4662 4663/4663/4663
f 4606/4606/4606 4663/4663/4663 4607/4607/4607
f 4607/4607/4607 4663/4663/4663 4664/4664/4664
f 4607/4607/4607 4664/4664/4664 4608/4608/4608
f 4608/4608/4608 4664/4664/4664 4665/4665/4665
f 4608/4608/4608 4665/4665/4665 4609/4609/4609
f 4609/4609/4609 4665/4665/4665 4666/4666/4666
f 4609/4609/4609 4666/4666/4666 4610/4610/4610
f 4610/4610/4610 4666/4666/4666 4667/4667/4667
f 4610/4610/4610 4667/4667/4667 4611/4611/4611
f 4611/4611/4611 4667/4667/4667 4668/4668/4668
f 4611/4611/4611 4668/4668/4668 4612/4612/4612
f 4612/4612/4612 4668/4668/4668 4669/4669/4669
f 4612/4612/4612 4669/4669/4669 4613/4613/4613
f 4613/4613/4613 4669/4669/4669 4670/4670/4670
f 4613/4613/4613 4670/4670/4670 4614/4614/4614
f 4614/4614/4614 4670/4670/4670 4671/4671/4671
f 4614/4614/4614 4671/4671/4671 4615/4615/4615
f 4615/4615/4615 4671/4671/4671 4672/4672/4672
f 4615/4615/4615 4672/4672/4672 4616/4616/4616
f 4616/4616/4616 4672/4672/4672 4673/4673/4673
f 4616/4616/4616 4673/4673/4673 4617/4617/4617
f 4617/4617/4617 4673/4673/4673 4674/4674/4674
f 4618/4618/4618 4675/4675/4675 4619/4619/4619
f 4619/4619/4619 4675/4675/4675 4676/4676/4676
f 4619/4619/4619 4676/4676/4676 4620/4620/4620
f 4620/4620/4620 4676/4676/4676 4677/4677/4677
f 4620/4620/4620 4677/4677/4677 4621/4621/4621
f 4621/4621/4621 4677/4677/4677 4678/4678/4678
f 4621/4621/4621 4678/4678/4678 4622/4622/4622
f 4622/4622/4622 4678/4678/4678 4679/4679/4679
f 4622/4622/4622 4679/4679/4679 4623/4623/4623
f 4623/4623/4623 4679/4679/4679 4680/4680/4680
f 4623/4623/4623 4680/4680/4680 4624/4624/4624
f 4624/4624/4624 4680/4680/4680 4681/4681/4681
f 4624/4624/4624 4681/4681/4681 4625/4625/4625
f 4625/4625/4625 4681/4681/4681 4682/4682/4682
f 4625/4625/4625 4682/4682/4682 4626/4626/4626
f 4626/4626/4626 4682/4682/4682 4683/4683/4683
f 4626/4626/4626 4683/4683/4683 4627/4627/4627
f 4627/4627/4627 4683/4683/4683 4684/4684/4684
f 4627/4627/4627 4684/4684/4684 4628/4628/4628
f 4628/4628/4628 4684/4684/4684 4685/4685/4685
f 4628/4628/4628 4685/4685/4685 4629/4629/4629
f 4629/4629/4629 4685/4685/4685 4686/4686/4686
f 4629/4629/4629 4686/4686/4686 4630/4630/4630
f 4630/4630/4630 4686/4686/4686 4687/4687/4687
f 4630/4630/4630 4687/4687/4687 4631/4631/4631
f 4631/4631/4631 4687/4687/4687 4688/4688/4688
f 4631/4631/4631 4688/4688/4688 4632/4632/4632
f 4632/4632/4632 4688/4688/4688 4689/4689/4689
f 4632/4632/4632 4689/4689/4689 4633/4633/4633
f 4633/4633/4633 4689/4689/4689 4690/4690/4690
f 4633/4633/4633 4690/4690/4690 4634/4634/4634
f 4634/4634/4634 4690/4690/4690 4691/4691/4691
f 4634/4634/4634 4691/4691/4691 4635/4635/4635
f 4635/4635/4635 4691/4691/4691 4692/4692/4692
f 4635/4635/4635 4692/4692/4692 4636/4636/4636
f 4636/4636/4636 4692/4692/4692 4693/4693/4693
f 4636/4636/4636 4693/4693/4693 4637/4637/4637
f 4637/4637/4637 4693/4693/4693 4694/4694/4694
f 4637/4637/4637 4694/4694/4694 4638/4638/4638
f 4638/4638/4638 4694/4694/4694 4695/4695/4695
f 4638/4638/4638 4695/4695/4695 4639/4639/4639
f 4639/4639/4639 4695/4695/4695 4696/4696/4696
f 4639/4639/4639 4696/4696/4696 4640/4640/4640
f 4640/4640/4640 4696/4696/4696 4697/4697/4697
f 4640/4640/4640 4697/4697/4697 4641/4641/4641
f 4641/4641/4641 4697/4697/4697 4698/4698/4698
f 4641/4641/4641 4698/4698/4698 4642/4642/4642
f 4642/4642/4642 4698/4698/4698 4699/4699/4699
f 4642/4642/4642 4699/4699/4699 4643/4643/4643
f 4643/4643/4643 4699/4699/4699 4700/4700/4700
f 4643/4643/4643 4700/4700/4700 4644/4644/4644
f 4644/4644/4644 4700/4700/4700 4701/4701/4701
f 4644/4644/4644 4701/4701/4701 4645/4645/4645
f 4645/4645/4645 4701/4701/4701 4702/4702/4702
f 4645/4645/4645 4702/4702/4702 4646/4646/4646
f 4646/4646/4646 4702/4702/4702 4703/4703/4703
f 4646/4646/4646 4703/4703/4703 4647/4647/4647
f 4647/4647/4647 4703/4703/4703 4704/4704/4704
f 4647/4647/4647 4704/4704/4704 4648/4648/4648
f 4648/4648/4648 4704/4704/4704 4705/4705/4705
f 4648/4648/4648 4705/4705/4705 4649/4649/4649
f 4649/4649/4649 4705/4705/4705 4706/4706/4706
f 4649/4649/4649 4706/4706/4706 4650/4650/4650
f 4650/4650/4650 4706/4706/4706 4707/4707/4707
f 4650/4650/4650 4707/4707/4707 4651/4651/4651
f 4651/4651/4651 4707/4707/4707 4708/4708/4708
f 4651/4651/4651 4708/4708/4708 4652/4652/4652
f 4652/4652/4652 4708/4708/4708 4709/4709/4709
f 4652/4652/4652 4709/4709/4709 4653/4653/4653
f 4653/4653/4653 4709/4709/4709 4710/4710/4710
f 4653/4653/4653 4710/4710/4710 4654/4654/4654
f 4654/4654/4654 4710/4710/4710 4711/4711/4711
f 4654/4654/4654 4711/4711/4711 4655/4655/4655
f 4655/4655/4655 4711/4711/4711 4712/4712/4712
f 4655/4655/4655 4712/4712/4712 4656/4656/4656
f 4656/4656/4656 4712/4712/4712 4713/4713/4713
f 4656/4656/4656 4713/4713/4713 4657/4657/4657
f 4657/4657/4657 4713/4713/4713 4714/4714/4714
f 4657/4657/4657 4714/4714/4714 4658/4658/4658
f 4658/4658/4658 4714/4714/4714 4715/4715/4715
f 4658/4658/4658 4715/4715/4715 4659/4659/4659
f 4659/4659/4659 4715/4715/4715 4716/4716/4716
f 4659/4659/4659 4716/4716/4716 4660/4660/4660
f 4660/4660/4660 4716/4716/4716 4717/4717/4717
f 4660/4660/4660 4717/4717/4717 4661/4661/4661
f 4661/4661/4661 4717/4717/4717 4718/4718/4718
f 4661/4661/4661 4718/4718/4718 4662/4662/4662
f 4662/4662/4662 4718/4718/4718 4719/4719/4719
f 4662/4662/4662 4719/4719/4719 4663/4663/4663
f 4663/4663/4663 4719/4719/4719 4720/4720/4720
f 4663/4663/4663 4720/4720/4720 4664/4664/4664
f 4664/4664/4664 4720/4720/4720 4721/4721/4721
f 4664/4664/4664 4721/4721/4721 4665/4665/4665
f 4665/4665/4665 4721/4721/4721 4722/4722/4722
f 4665/4665/4665 4722/4722/4722 4666/4666/4666
f 4666/4666/4666 4722/4722/4722 4723/4723/4723
f 4666/4666/4666 4723/4723/4723 4667/4667/4667
f 4667/4667/4667 4723/4723/4723 4724/4724/4724
f 4667/4667/4667 4724/4724/4724 4668/4668/4668
f 4668/4668/4668 4724/4724/4724 4725/4725/4725
f 4668/4668/4668 4725/4725/4725 4669/4669/4669
f 4669/4669/4669 4725/4725/4725 4726/4726/4726
f 4669/4669/4669 4726/4726/4726 4670/4670/4670
f 4670/4670/4670 4726/4726/4726 4727/4727/4727
f 4670/4670/4670 4727/4727/4727 4671/4671/4671
f 4671/4671/4671 4727/4727/4727 4728/4728/4728
f 4671/4671/4671 4728/4728/4728 4672/4672/4672
f 4672/4672/4672 4728/4728/4728 4729/4729/4729
f 4672/4672/4672 4729/4729/4729 4673/4673/4673
f 4673/4673/4673 4729/4729/4729 4730/4730/4730
f 4673/4673/4673 4730/4730/4730 4674/4674/4674
f 4674/4674/4674 4730/4730/4730 4731/4731/4731
f 4675/4675/4675 4732/4732/4732 4676/4676/4676
f 4676/4676/4676 4732/4732/4732 4733/4733/4733
f 4676/4676/4676 4733/4733/4733 4677/4677/4677
f 4677/4677/4677 4733/4733/4733 4734/4734/4734
f 4677/4677/4677 4734/4734/4734 4678/4678/4678
f 4678/4678/4678 4734/4734/4734 4735/4735/4735
f 4678/4678/4678 4735/4735/4735 4679/4679/4679
f 4679/4679/4679 4735/4735/4735 4736/4736/4736
f 4679/4679/4679 4736/4736/4736 4680/4680/4680
f 4680/4680/4680 4736/4736/4736 4737/4737/4737
f 4680/4680/4680 4737/4737/4737 4681/4681/4681
f 4681/4681/4681 4737/4737/4737 4738/4738/4738
f 4681/4681/4681 4738/4738/4738 4682/4682/4682
f 4682/4682/4682 4738/4738/4738 4739/4739/4739
f 4682/4682/4682 4739/4739/4739 4683/4683/4683
f 4683/4683/4683 4739/4739/4739 4740/4740/4740
f 4683/4683/4683 4740/4740/4740 4684/4684/4684
f 4684/4684/4684 4740/4740/4740 4741/4741/4741
f 4684/4684/4684 4741/4741/4741 4685/4685/4685
f 4685/4685/4685 4741/4741/4741 4742/4742/4742
f 4685/4685/4685 4742/4742/4742 4686/4686/4686
f 4686/4686/4686 4742/4742/4742 4743/4743/4743
f 4686/4686/4686 4743/4743/4743 4687/4687/4687
f 4687/4687/4687 4743/4743/4743 4744/4744/4744
f 4687/4687/4687 4744/4744/4744 4688/4688/4688
f 4688/4688/4688 4744/4744/4744 4745/4745/4745
f 4688/4688/4688 4745/4745/4745 4689/4689/4689
f 4689/4689/4689 4745/4745/4745 4746/4746/4746
f 4689/4689/4689 4746/4746/4746 4690/4690/4690
f 4690/4690/4690 4746/4746/4746 4747/4747/4747
f 4690/4690/4690 4747/4747/4747 4691/4691/4691
f 4691/4691/4691 4747/4747/4747 4748/4748/4748
f 4691/4691/4691 4748/4748/4748 4692/4692/4692
f 4692/4692/4692 4748/4748/4748 4749/4749/4749
f 4692/4692/4692 4749/4749/4749 4693/4693/4693
f 4693/4693/4693 4749/4749/4749 4750/4750/4750
f 4693/4693/4693 4750/4750/4750 4694/4694/4694
f 4694/4694/4694 4750/4750/4750 4751/4751/4751
f 4694/4694/4694 4751/4751/4751 4695/4695/4695
f 4695/4695/4695 4751/4751/4751 4752/4752/4752
f 4695/4695/4695 4752/4752/4752 4696/4696/4696
f 4696/4696/4696 4752/4752/4752 4753/4753/4753
f 4696/4696/4696 4753/4753/4753 4697/4697/4697
f 4697/4697/4697 4753/4753/4753 4754/4754/4754
f 4697/4697/4697 4754/4754/4754 4698/4698/4698
f 4698/4698/4698 4754/4754/4754 4755/4755/4755
f 4698/4698/4698 4755/4755/4755 4699/4699/4699
f 4699/4699/4699 4755/4755/4755 4756/4756/4756
f 4699/4699/4699 4756/4756/4756 4700/4700/4700
f 4700/4700/4700 4756/4756/4756 4757/4757/4757
f 4700/4700/4700 4757/4757/4757 4701/4701/4701
f 4701/4701/4701 4757/4757/4757 4758/4758/4758
f 4701/4701/4701 4758/4758/4758 4702/4702/4702
f 4702/4702/4702 4758/4758/4758 4759/4759/4759
f 4702/4702/4702 4759/4759/4759 4703/4703/4703
f 4703/4703/4703 4759/4759/4759 4760/4760/4760
f 4703/4703/4703 4760/4760/4760 4704/4704/4704
f 4704/4704/4704 4760/4760/4760 4761/4761/4761
f 4704/4704/4704 4761/4761/4761 4705/4705/4705
f 4705/4705/4705 4761/4761/4761 4762/4762/4762
f 4705/4705/4705 4762/4762/4762 4706/4706/4706
f 4706/4706/4706 4762/4762/4762 4763/4763/4763
f 4706/4706/4706 4763/4763/4763 4707/4707/4707
f 4707/4707/4707 4763/4763/4763 4764/4764/4764
f 4707/4707/4707 4764/4764/4764 4708/4708/4708
f 4708/4708/4708 4764/4764/4764 4765/4765/4765
f 4708/4708/4708 4765/4765/4765 4709/4709/4709
f 4709/4709/4709 4765/4765/4765 4766/4766/4766
f 4709/4709/4709 4766/4766/4766 4710/4710/4710
f 4710/4710/4710 4766/4766/4766 4767/4767/4767
f 4710/4710/4710 4767/4767/4767 4711/4711/4711
f 4711/4711/4711 4767/4767/4767 4768/4768/4768
f 4711/4711/4711 4768/4768/4768 4712/4712/4712
f 4712/4712/4712 4768/4768/4768 4769/4769/4769
f 4712/4712/4712 4769/4769/4769 4713/4713/4713
f 4713/4713/4713 4769/4769/4769 4770/4770/4770
f 4713/4713/4713 4770/4770/4770 4714/4714/4714
f 4714/4714/4714 4770/4770/4770 4771/4771/4771
f 4714/4714/4714 4771/4771/4771 4715/4715/4715
f 4715/4715/4715 4771/4771/4771 4772/4772/4772
f 4715/4715/4715 4772/4772/4772 4716/4716/4716
f 4716/4716/4716 4772/4772/4772 4773/4773/4773
f 4716/4716/4716 4773/4773/4773 4717/4717/4717
f 4717/4717/4717 4773/4773/4773 4774/4774/4774
f 4717/4717/4717 4774/4774/4774 4718/4718/4718
f 4718/4718/4718 4774/4774/4774 4775/4775/4775
f 4718/4718/4718 4775/4775/4775 4719/4719/4719
f 4719/4719/4719 4775/4775/4775 4776/4776/4776
f 4719/4719/4719 4776/4776/4776 4720/4720/4720
f 4720/4720/4720 4776/4776/4776 4777/4777/4777
f 4720/4720/4720 4777/4777/4777 4721/4721/4721
f 4721/4721/4721 4777/4777/4777 4778/4778/4778
f 4721/4721/4721 4778/4778/4778 4722/4722/4722
f 4722/4722/4722 4778/4778/4778 4779/4779/4779
f 4722/4722/4722 4779/4779/4779 4723/4723/4723
f 4723/4723/4723 4779/4779/4779 4780/4780/4780
f 4723/4723/4723 4780/4780/4780 4724/4724/4724
f 4724/4724/4724 4780/4780/4780 4781/4781/4781
f 4724/4724/4724 4781/4781/4781 4725/4725/4725
f 4725/4725/4725 4781/4781/4781 4782/4782/4782
f 4725/4725/4725 4782/4782/4782 4726/4726/4726
f 4726/4726/4726 4782/4782/4782 4783/4783/4783
f 4726/4726/4726 4783/4783/4783 4727/4727/4727
f 4727/4727/4727 4783/4783/4783 4784/4784/4784
f 4727/4727/4727 4784/4784/4784 4728/4728/4728
f 4728/4728/4728 4784/4784/4784 4785/4785/4785
f 4728/4728/4728 4785/4785/4785 4729/4729/4729
f 4729/4729/4729 4785/4785/4785 4786/4786/4786
f 4729/4729/4729 4786/4786/4786 4730/4730/4730
f 4730/4730/4730 4786/4786/4786 4787/4787/4787
f 4730/4730/4730 4787/4787/4787 4731/4731/4731
f 4731/4731/4731 4787/4787/4787 4788/4788/4788
f 4732/4732/4732 4789/4789/4789 4733/4733/4733
f 4733/4733/4733 4789/4789/4789 4790/4790/4790
f 4733/4733/4733 4790/4790/4790 4734/4734/4734
f 4734/4734/4734 4790/4790/4790 4791/4791/4791
f 4734/4734/4734 4791/4791/4791 4735/4735/4735
f 4735/4735/4735 4791/4791/4791 4792/4792/4792
f 4735/4735/4735 4792/4792/4792 4736/4736/4736
f 4736/4736/4736 4792/4792/4792 4793/4793/4793
f 4736/4736/4736 4793/4793/4793 4737/4737/4737
f 4737/4737/4737 4793/4793/4793 4794/4794/4794
f 4737/4737/4737 4794/4794/4794 4738/4738/4738
f 4738/4738/4738 4794/4794/4794 4795/4795/4795
f 4738/4738/4738 4795/4795/4795 4739/4739/4739
f 4739/4739/4739 4795/4795/4795 4796/4796/4796
f 4739/4739/4739 4796/4796/4796 4740/4740/4740
f 4740/4740/4740 4796/4796/4796 4797/4797/4797
f 4740/4740/4740 4797/4797/4797 4741/4741/4741
f 4741/4741/4741 4797/4797/4797 4798/4798/4798
f 4741/4741/4741 4798/4798/4798 4742/4742/4742
f 4742/4742/4742 4798/4798/4798 4799/4799/4799
f 4742/4742/4742 4799/4799/4799 4743/4743/4743
f 4743/4743/4743 4799/4799/4799 4800/4800/4800
f 4743/4743/4743 4800/4800/4800 4744/4744/4744
f 4744/4744/4744 4800/4800/4800 4801/4801/4801
f 4744/4744/4744 4801/4801/4801 4745/4745/4745
f 4745/4745/4745 4801/4801/4801 4802/4802/4802
f 4745/4745/4745 4802/4802/4802 4746/4746/4746
f 4746/4746/4746 4802/4802/4802 4803/4803/4803
f 4746/4746/4746 4803/4803/4803 4747/4747/4747
f 4747/4747/4747 4803/4803/4803 4804/4804/4804
f 4747/4747/4747 4804/4804/4804 4748/4748/4748
f 4748/4748/4748 4804/4804/4804 4805/4805/4805
f 4748/4748/4748 4805/4805/4805 4749/4749/4749
f 4749/4749/4749 4805/4805/4805 4806/4806/4806
f 4749/4749/4749 4806/4806/4806 4750/4750/4750
f 4750/4750/4750 4806/4806/4806 4807/4807/4807
f 4750/4750/4750 4807/4807/4807 4751/4751/4751
f 4751/4751/4751 4807/4807/4807 4808/4808/4808
f 4751/4751/4751 4808/4808/4808 4752/4752/4752
f 4752/4752/4752 4808/4808/4808 4809/4809/4809
f 4752/4752/4752 4809/4809/4809 4753/4753/4753
f 4753/4753/4753 4809/4809/4809 4810/4810/4810
f 4753/4753/4753 4810/4810/4810 4754/4754/4754
f 4754/4754/4754 4810/4810/4810 4811/4811/4811
f 4754/4754/4754 4811/4811/4811 4755/4755/4755
f 4755/4755/4755 4811/4811/4811 4812/4812/4812
f 4755/4755/4755 4812/4812/4812 4756/4756/4756
f 4756/4756/4756 4812/4812/4812 4813/4813/4813
f 4756/4756/4756 4813/4813/4813 4757/4757/4757
f 4757/4757/4757 4813/4813/4813 4814/4814/4814
f 4757/4757/4757 4814/4814/4814 4758/4758/4758
f 4758/4758/4758 4814/4814/4814 4815/4815/4815
f 4758/4758/4758 4815/4815/4815 4759/4759/4759
f 4759/4759/4759 4815/4815/4815 4816/4816/4816
f 4759/4759/4759 4816/4816/4816 4760/4760/4760
f 4760/4760/4760 4816/4816/4816 4817/4817/4817
f 4760/4760/4760 4817/4817/4817 4761/4761/4761
f 4761/4761/4761 4817/4817/4817 4818/4818/4818
f 4761/4761/4761 4818/4818/4818 4762/4762/4762
f 4762/4762/4762 4818/4818/4818 4819/4819/4819
f 4762/4762/4762 4819/4819/4819 4763/4763/4763
f 4763/4763/4763 4819/4819/4819 4820/4820/4820
f 4763/4763/4763 4820/4820/4820 4764/4764/4764
f 4764/4764/4764 4820/4820/4820 4821/4821/4821
f 4764/4764/4764 4821/4821/4821 4765/4765/4765
f 4765/4765/4765 4821/4821/4821 4822/4822/4822
f 4765/4765/4765 4822/4822/4822 4766/4766/4766
f 4766/4766/4766 4822/4822/4822 4823/4823/4823
f 4766/4766/4766 4823/4823/4823 4767/4767/4767
f 4767/4767/4767 4823/4823/4823 4824/4824/4824
f 4767/4767/4767 4824/4824/4824 4768/4768/4768
f 4768/4768/4768 4824/4824/4824 4825/4825/4825
f 4768/4768/4768 4825/4825/4825 4769/4769/4769
f 4769/4769/4769 4825/4825/4825 4826/4826/4826
f 4769/4769/4769 4826/4826/4826 4770/4770/4770
f 4770/4770/4770 4826/4826/4826 4827/4827/4827
f 4770/4770/4770 4827/4827/4827 4771/4771/4771
f 4771/4771/4771 4827/4827/4827 4828/4828/4828
f 4771/4771/4771 4828/4828/4828 4772/4772/4772
f 4772/4772/4772 4828/4828/4828 4829/4829/4829
f 4772/4772/4772 4829/4829/4829 4773/4773/4773
f 4773/4773/4773 4829/4829/4829 4830/4830/4830
f 4773/4773/4773 4830/4830/4830 4774/4774/4774
f 4774/4774/4774 4830/4830/4830 4831/4831/4831
f 4774/4774/4774 4831/4831/4831 4775/4775/4775
f 4775/4775/4775 4831/4831/4831 4832/4832/4832
f 4775/4775/4775 4832/4832/4832 4776/4776/4776
f 4776/4776/4776 4832/4832/4832 4833/4833/4833
f 4776/4776/4776 4833/4833/4833 4777/4777/4777
f 4777/4777/4777 4833/4833/4833 4834/4834/4834
f 4777/4777/4777 4834/4834/4834 4778/4778/4778
f 4778/4778/4778 4834/4834/4834 4835/4835/4835
f 4778/4778/4778 4835/4835/4835 4779/4779/4779
f 4779/4779/4779 4835/4835/4835 4836/4836/4836
f 4779/4779/4779 4836/4836/4836 4780/4780/4780
f 4780/4780/4780 4836/4836/4836 4837/4837/4837
f 4780/4780/4780 4837/4837/4837 4781/4781/4781
f 4781/4781/4781 4837/4837/4837 4838/4838/4838
f 4781/4781/4781 4838/4838/4838 4782/4782/4782
f 4782/4782/4782 4838/4838/4838 4839/4839/4839
f 4782/4782/4782 4839/4839/4839 4783/4783/4783
f 4783/4783/4783 4839/4839/4839 4840/4840/4840
f 4783/4783/4783 4840/4840/4840 4784/4784/4784
f 4784/4784/4784 4840/4840/4840 4841/4841/4841
f 4784/4784/4784 4841/4841/4841 4785/4785/4785
f 4785/4785/4785 4841/4841/4841 4842/4842/4842
f 4785/4785/4785 4842/4842/4842 4786/4786/4786
f 4786/4786/4786 4842/4842/4842 4843/4843/4843
f 4786/4786/4786 4843/4843/4843 4787/4787/4787
f 4787/4787/4787 4843/4843/4843 4844/4844/4844
f 4787/4787/4787 4844/4844/4844 4788/4788/4788
f 4788/4788/4788 4844/4844/4844 4845/4845/4845
f 4789/4789/4789 4846/4846/4846 4790/4790/4790
f 4790/4790/4790 4846/4846/4846 4847/4847/4847
f 4790/4790/4790 4847/4847/4847 4791/4791/4791
f 4791/4791/4791 4847/4847/4847 4848/4848/4848
f 4791/4791/4791 4848/4848/4848 4792/4792/4792
f 4792/4792/4792 4848/4848/4848 4849/4849/4849
f 4792/4792/4792 4849/4849/4849 4793/4793/4793
f 4793/4793/4793 4849/4849/4849 4850/4850/4850
f 4793/4793/4793 4850/4850/4850 4794/4794/4794
f 4794/4794/4794 4850/4850/4850 4851/4851/4851
f 4794/4794/4794 4851/4851/4851 4795/4795/4795
f 4795/4795/4795 4851/4851/4851 4852/4852/4852
f 4795/4795/4795 4852/4852/4852 4796/4796/4796
f 4796/4796/4796 4852/4852/4852 4853/4853/4853
f 4796/4796/4796 4853/4853/4853 4797/4797/4797
f 4797/4797/4797 4853/4853/4853 4854/4854/4854
f 4797/4797/4797 4854/4854/4854 4798/4798/4798
f 4798/4798/4798 4854/4854/4854 4855/4855/4855
f 4798/4798/4798 4855/4855/4855 4799/4799/4799
f 4799/4799/4799 4855/4855/4855 4856/4856/4856
f 4799/4799/4799 4856/4856/4856 4800/4800/4800
f 4800/4800/4800 4856/4856/4856 4857/4857/4857
f 4800/4800/4800 4857/4857/4857 4801/4801/4801
f 4801/4801/4801 4857/4857/4857 4858/4858/4858
f 4801/4801/4801 4858/4858/4858 4802/4802/4802
f 4802/4802/4802 4858/4858/4858 4859/4859/4859
f 4802/4802/4802 4859/4859/4859 4803/4803/4803
f 4803/4803/4803 4859/4859/4859 4860/4860/4860
f 4803/4803/4803 4860/4860/4860 4804/4804/4804
f 4804/4804/4804 4860/4860/4860 4861/4861/4861
f 4804/4804/4804 4861/4861/4861 4805/4805/4805
f 4805/4805/4805 4861/4861/4861 4862/4862/4862
f 4805/4805/4805 4862/4862/4862 4806/4806/4806
f 4806/4806/4806 4862/4862/4862 4863/4863/4863
f 4806/4806/4806 4863/4863/4863 4807/4807/4807
f 4807/4807/4807 4863/4863/4863 4864/4864/4864
f 4807/4807/4807 4864/4864/4864 4808/4808/4808
f 4808/4808/4808 4864/4864/4864 4865/4865/4865
f 4808/4808/4808 4865/4865/4865 4809/4809/4809
f 4809/4809/4809 4865/4865/4865 4866/4866/4866
f 4809/4809/4809 4866/4866/4866 4810/4810/4810
f 4810/4810/4810 4866/4866/4866 4867/4867/4867
f 4810/4810/4810 4867/4867/4867 4811/4811/4811
f 4811/4811/4811 4867/4867/4867 4868/4868/4868
f 4811/4811/4811 4868/4868/4868 4812/4812/4812
f 4812/4812/4812 4868/4868/4868 4869/4869/4869
f 4812/4812/4812 4869/4869/4869 4813/4813/4813
f 4813/4813/4813 4869/4869/4869 4870/4870/4870
f 4813/4813/4813 4870/4870/4870 4814/4814/4814
f 4814/4814/4814 4870/4870/4870 4871/4871/4871
f 4814/4814/4814 4871/4871/4871 4815/4815/4815
f 4815/4815/4815 4871/4871/4871 4872/4872/4872
f 4815/4815/4815 4872/4872/4872 4816/4816/4816
f 4816/4816/4816 4872/4872/4872 4873/4873/4873
f 4816/4816/4816 4873/4873/4873 4817/4817/4817
f 4817/4817/4817 4873/4873/4873 4874/4874/4874
f 4817/4817/4817 4874/4874/4874 4818/4818/4818
f 4818/4818/4818 4874/4874/4874 4875/4875/4875
f 4818/4818/4818 4875/4875/4875 4819/4819/4819
f 4819/4819/4819 4875/4875/4875 4876/4876/4876
f 4819/4819/4819 4876/4876/4876 4820/4820/4820
f 4820/4820/4820 4876/4876/4876 4877/4877/4877
f 4820/4820/4820 4877/4877/4877 4821/4821/4821
f 4821/4821/4821 4877/4877/4877 4878/4878/4878
f 4821/4821/4821 4878/4878/4878 4822/4822/4822
f 4822/4822/4822 4878/4878/4878 4879/4879/4879
f 4822/4822/4822 4879/4879/4879 4823/4823/4823
f 4823/4823/4823 4879/4879/4879 4880/4880/4880
f 4823/4823/4823 4880/4880/4880 4824/4824/4824
f 4824/4824/4824 4880/4880/4880 4881/4881/4881
f 4824/4824/4824 4881/4881/4881 4825/4825/4825
f 4825/4825/4825 4881/4881/4881 4882/4882/4882
f 4825/4825/4825 4882/4882/4882 4826/4826/4826
f 4826/4826/4826 4882/4882/4882 4883/4883/4883
f 4826/4826/4826 4883/4883/4883 4827/4827/4827
f 4827/4827/4827 4883/4883/4883 4884/4884/4884
f 4827/4827/4827 4884/4884/4884 4828/4828/4828
f 4828/4828/4828 4884/4884/4884 4885/4885/4885
f 4828/4828/4828 4885/4885/4885 4829/4829/4829
f 4829/4829/4829 4885/4885/4885 4886/4886/4886
f 4829/4829/4829 4886/4886/4886 4830/4830/4830
f 4830/4830/4830 4886/4886/4886 4887/4887/4887
f 4830/4830/4830 4887/4887/4887 4831/4831/4831
f 4831/4831/4831 4887/4887/4887 4888/4888/4888
f 4831/4831/4831 4888/4888/4888 4832/4832/4832
f 4832/4832/4832 4888/4888/4888 4889/4889/4889
f 4832/4832/4832 4889/4889/4889 4833/4833/4833
f 4833/4833/4833 4889/4889/4889 4890/4890/4890
f 4833/4833/4833 4890/4890/4890 4834/4834/4834
f 4834/4834/4834 4890/4890/4890 4891/4891/4891
f 4834/4834/4834 4891/4891/4891 4835/4835/4835
f 4835/4835/4835 4891/4891/4891 4892/4892/4892
f 4835/4835/4835 4892/4892/4892 4836/4836/4836
f 4836/4836/4836 4892/4892/4892 4893/4893/4893
f 4836/4836/4836 4893/4893/4893 4837/4837/4837
f 4837/4837/4837 4893/4893/4893 4894/4894/4894
f 4837/4837/4837 4894/4894/4894 4838/4838/4838
f 4838/4838/4838 4894/4894/4894 4895/4895/4895
f 4838/4838/4838 4895/4895/4895 4839/4839/4839
f 4839/4839/4839 4895/4895/4895 4896/4896/4896
f 4839/4839/4839 4896/4896/4896 4840/4840/4840
f 4840/4840/4840 4896/4896/4896 4897/4897/4897
f 4840/4840/4840 4897/4897/4897 4841/4841/4841
f 4841/4841/4841 4897/4897/4897 4898/4898/4898
f 4841/4841/4841 4898/4898/4898 4842/4842/4842
f 4842/4842/4842 4898/4898/4898 4899/4899/4899
f 4842/4842/4842 4899/4899/4899 4843/4843/4843
f 4843/4843/4843 4899/4899/4899 4900/4900/4900
f 4843/4843/4843 4900/4900/4900 4844/4844/4844
f 4844/4844/4844 4900/4900/4900 4901/4901/4901
f 4844/4844/4844 4901/4901/4901 4845/4845/4845
f 4845/4845/4845 4901/4901/4901 4902/4902/4902
f 4846/4846/4846 4903/4903/4903 4847/4847/4847
f 4847/4847/4847 4903/4903/4903 4904/4904/4904
f 4847/4847/4847 4904/4904/4904 4848/4848/4848
f 4848/4848/4848 4904/4904/4904 4905/4905/4905
f 4848/4848/4848 4905/4905/4905 4849/4849/4849
f 4849/4849/4849 4905/4905/4905 4906/4906/4906
f 4849/4849/4849 4906/4906/4906 4850/4850/4850
f 4850/4850/4850 4906/4906/4906 4907/4907/4907
f 4850/4850/4850 4907/4907/4907 4851/4851/4851
f 4851/4851/4851 4907/4907/4907 4908/4908/4908
f 4851/4851/4851 4908/4908/4908 4852/4852/4852
f 4852/4852/4852 4908/4908/4908 4909/4909/4909
f 4852/4852/4852 4909/4909/4909 4853/4853/4853
f 4853/4853/4853 4909/4909/4909 4910/4910/4910
f 4853/4853/4853 4910/4910/4910 4854/4854/4854
f 4854/4854/4854 4910/4910/4910 4911/4911/4911
f 4854/4854/4854 4911/4911/4911 4855/4855/4855
f 4855/4855/4855 4911/4911/4911 4912/4912/4912
f 4855/4855/4855 4912/4912/4912 4856/4856/4856
f 4856/4856/4856 4912/4912/4912 4913/4913/4913
f 4856/4856/4856 4913/4913/4913 4857/4857/4857
f 4857/4857/4857 4913/4913/4913 4914/4914/4914
f 4857/4857/4857 4914/4914/4914 4858/4858/4858
f 4858/4858/4858 4914/4914/4914 4915/4915/4915
f 4858/4858/4858 4915/4915/4915 4859/4859/4859
f 4859/4859/4859 4915/4915/4915 4916/4916/4916
f 4859/4859/4859 4916/4916/4916 4860/4860/4860
f 4860/4860/4860 4916/4916/4916 4917/4917/4917
f 4860/4860/4860 4917/4917/4917 4861/4861/4861
f 4861/4861/4861 4917/4917/4917 4918/4918/4918
f 4861/4861/4861 4918/4918/4918 4862/4862/4862
f 4862/4862/4862 4918/4918/4918 4919/4919/4919
f 4862/4862/4862 4919/4919/4919 4863/4863/4863
f 4863/4863/4863 4919/4919/4919 4920/4920/4920
f 4863/4863/4863 4920/4920/4920 4864/4864/4864
f 4864/4864/4864 4920/4920/4920 4921/4921/4921
f 4864/4864/4864 4921/4921/4921 4865/4865/4865
f 4865/4865/4865 4921/4921/4921 4922/4922/4922
f 4865/4865/4865 4922/4922/4922 4866/4866/4866
f 4866/4866/4866 4922/4922/4922 4923/4923/4923
f 4866/4866/4866 4923/4923/4923 4867/4867/4867
f 4867/4867/4867 4923/4923/4923 4924/4924/4924
f 4867/4867/4867 4924/4924/4924 4868/4868/4868
f 4868/4868/4868 4924/4924/4924 4925/4925/4925
f 4868/4868/4868 4925/4925/4925 4869/4869/4869
f 4869/4869/4869 4925/4925/4925 4926/4926/4926
f 4869/4869/4869 4926/4926/4926 4870/4870/4870
f 4870/4870/4870 4926/4926/4926 4927/4927/4927
f 4870/4870/4870 4927/4927/4927 4871/4871/4871
f 4871/4871/4871 4927/4927/4927 4928/4928/4928
f 4871/4871/4871 4928/4928/4928 4872/4872/4872
f 4872/4872/4872 4928/4928/4928 4929/4929/4929
f 4872/4872/4872 4929/4929/4929 4873/4873/4873
f 4873/4873/4873 4929/4929/4929 4930/4930/4930
f 4873/4873/4873 4930/4930/4930 4874/4874/4874
f 4874/4874/4874 4930/4930/4930 4931/4931/4931
f 4874/4874/4874 4931/4931/4931 4875/4875/4875
f 4875/4875/4875 4931/4931/4931 4932/4932/4932
f 4875/4875/4875 4932/4932/4932 4876/4876/4876
f 4876/4876/4876 4932/4932/4932 4933/4933/4933
f 4876/4876/4876 4933/4933/4933 4877/4877/4877
f 4877/4877/4877 4933/4933/4933 4934/4934/4934
f 4877/4877/4877 4934/4934/4934 4878/4878/4878
f 4878/4878/4878 4934/4934/4934 4935/4935/4935
f 4878/4878/4878 4935/4935/4935 4879/4879/4879
f 4879/4879/4879 4935/4935/4935 4936/4936/4936
f 4879/4879/4879 4936/4936/4936 4880/4880/4880
f 4880/4880/4880 4936/4936/4936 4937/4937/4937
f 4880/4880/4880 4937/4937/4937 4881/4881/4881
f 4881/4881/4881 4937/4937/4937 4938/4938/4938
f 4881/4881/4881 4938/4938/4938 4882/4882/4882
f 4882/4882/4882 4938/4938/4938 4939/4939/4939
f 4882/4882/4882 4939/4939/4939 4883/4883/4883
f 4883/4883/4883 4939/4939/4939 4940/4940/4940
f 4883/4883/4883 4940/4940/4940 4884/4884/4884
f 4884/4884/4884 4940/4940/4940 4941/4941/4941
f 4884/4884/4884 4941/4941/4941 4885/4885/4885
f 4885/4885/4885 4941/4941/4941 4942/4942/4942
f 4885/4885/4885 4942/4942/4942 4886/4886/4886
f 4886/4886/4886 4942/4942/4942 4943/4943/4943
f 4886/4886/4886 4943/4943/4943 4887/4887/4887
f 4887/4887/4887 4943/4943/4943 4944/4944/4944
f 4887/4887/4887 4944/4944/4944 4888/4888/4888
f 4888/4888/4888 4944/4944/4944 4945/4945/4945
f 4888/4888/4888 4945/4945/4945 4889/4889/4889
f 4889/4889/4889 4945/4945/4945 4946/4946/4946
f 4889/4889/4889 4946/4946/4946 4890/4890/4890
f 4890/4890/4890 4946/4946/4946 4947/4947/4947
f 4890/4890/4890 4947/4947/4947 4891/4891/4891
f 4891/4891/4891 4947/4947/4947 4948/4948/4948
f 4891/4891/4891 4948/4948/4948 4892/4892/4892
f 4892/4892/4892 4948/4948/4948 4949/4949/4949
f 4892/4892/4892 4949/4949/4949 4893/4893/4893
f 4893/4893/4893 4949/4949/4949 4950/4950/4950
f 4893/4893/4893 4950/4950/4950 4894/4894/4894
f 4894/4894/4894 4950/4950/4950 4951/4951/4951
f 4894/4894/4894 4951/4951/4951 4895/4895/4895
f 4895/4895/4895 4951/4951/4951 4952/4952/4952
f 4895/4895/4895 4952/4952/4952 4896/4896/4896
f 4896/4896/4896 4952/4952/4952 4953/4953/4953
f 4896/4896/4896 4953/4953/4953 4897/4897/4897
f 4897/4897/4897 4953/4953/4953 4954/4954/4954
f 4897/4897/4897 4954/4954/4954 4898/4898/4898
f 4898/4898/4898 4954/4954/4954 4955/4955/4955
f 4898/4898/4898 4955/4955/4955 4899/4899/4899
f 4899/4899/4899 4955/4955/4955 4956/4956/4956
f 4899/4899/4899 4956/4956/4956 4900/4900/4900
f 4900/4900/4900 4956/4956/4956 4957/4957/4957
f 4900/4900/4900 4957/4957/4957 4901/4901/4901
f 4901/4901/4901 4957/4957/4957 4958/4958/4958
f 4901/4901/4901 4958/4958/4958 4902/4902/4902
f 4902/4902/4902 4958/4958/4958 4959/4959/4959
f 4903/4903/4903 4960/4960/4960 4904/4904/4904
f 4904/4904/4904 4960/4960/4960 4961/4961/4961
f 4904/4904/4904 4961/4961/4961 4905/4905/4905
f 4905/4905/4905 4961/4961/4961 4962/4962/4962
f 4905/4905/4905 4962/4962/4962 4906/4906/4906
f 4906/4906/4906 4962/4962/4962 4963/4963/4963
f 4906/4906/4906 4963/4963/4963 4907/4907/4907
f 4907/4907/4907 4963/4963/4963 4964/4964/4964
f 4907/4907/4907 4964/4964/4964 4908/4908/4908
f 4908/4908/4908 4964/4964/4964 4965/4965/4965
f 4908/4908/4908 4965/4965/4965 4909/4909/4909
f 4909/4909/4909 4965/4965/4965 4966/4966/4966
f 4909/4909/4909 4966/4966/4966 4910/4910/4910
f 4910/4910/4910 4966/4966/4966 4967/4967/4967
f 4910/4910/4910 4967/4967/4967 4911/4911/4911
f 4911/4911/4911 4967/4967/4967 4968/4968/4968
f 4911/4911/4911 4968/4968/4968 4912/4912/4912
f 4912/4912/4912 4968/4968/4968 4969/4969/4969
f 4912/4912/4912 4969/4969/4969 4913/4913/4913
f 4913/4913/4913 4969/4969/4969 4970/4970/4970
f 4913/4913/4913 4970/4970/4970 4914/4914/4914
f 4914/4914/4914 4970/4970/4970 4971/4971/4971
f 4914/4914/4914 4971/4971/4971 4915/4915/4915
f 4915/4915/4915 4971/4971/4971 4972/4972/4972
f 4915/4915/4915 4972/4972/4972 4916/4916/4916
f 4916/4916/4916 4972/4972/4972 4973/4973/4973
f 4916/4916/4916 4973/4973/4973 4917/4917/4917
f 4917/4917/4917 4973/4973/4973 4974/4974/4974
f 4917/4917/4917 4974/4974/4974 4918/4918/4918
f 4918/4918/4918 4974/4974/4974 4975/4975/4975
f 4918/4918/4918 4975/4975/4975 4919/4919/4919
f 4919/4919/4919 4975/4975/4975 4976/4976/4976
f 4919/4919/4919 4976/4976/4976 4920/4920/4920
f 4920/4920/4920 4976/4976/4976 4977/4977/4977
f 4920/4920/4920 4977/4977/4977 4921/4921/4921
f 4921/4921/4921 4977/4977/4977 4978/4978/4978
f 4921/4921/4921 4978/4978/4978 4922/4922/4922
f 4922/4922/4922 4978/4978/4978 4979/4979/4979
f 4922/4922/4922 4979/4979/4979 4923/4923/4923
f 4923/4923/4923 4979/4979/4979 4980/4980/4980
f 4923/4923/4923 4980/4980/4980 4924/4924/4924
f 4924/4924/4924 4980/4980/4980 4981/4981/4981
f 4924/4924/4924 4981/4981/4981 4925/4925/4925
f 4925/4925/4925 4981/4981/4981 4982/4982/4982
f 4925/4925/4925 4982/4982/4982 4926/4926/4926
f 4926/4926/4926 4982/4982/4982 4983/4983/4983
f 4926/4926/4926 4983/4983/4983 4927/4927/4927
f 4927/4927/4927 4983/4983/4983 4984/4984/4984
f 4927/4927/4927 4984/4984/4984 4928/4928/4928
f 4928/4928/4928 4984/4984/4984 4985/4985/4985
f 4928/4928/4928 4985/4985/4985 4929/4929/4929
f 4929/4929/4929 4985/4985/4985 4986/4986/4986
f 4929/4929/4929 4986/4986/4986 4930/4930/4930
f 4930/4930/4930 4986/4986/4986 4987/4987/4987
f 4930/4930/4930 4987/4987/4987 4931/4931/4931
f 4931/4931/4931 4987/4987/4987 4988/4988/4988
f 4931/4931/4931 4988/4988/4988 4932/4932/4932
f 4932/4932/4932 4988/4988/4988 4989/4989/4989
f 4932/4932/4932 4989/4989/4989 4933/4933/4933
f 4933/4933/4933 4989/4989/4989 4990/4990/4990
f 4933/4933/4933 4990/4990/4990 4934/4934/4934
f 4934/4934/4934 4990/4990/4990 4991/4991/4991
f 4934/4934/4934 4991/4991/4991 4935/4935/4935
f 4935/4935/4935 4991/4991/4991 4992/4992/4992
f 4935/4935/4935 4992/4992/4992 4936/4936/4936
f 4936/4936/4936 4992/4992/4992 4993/4993/4993
f 4936/4936/4936 4993/4993/4993 4937/4937/4937
f 4937/4937/4937 4993/4993/4993 4994/4994/4994
f 4937/4937/4937 4994/4994/4994 4938/4938/4938
f 4938/4938/4938 4994/4994/4994 4995/4995/4995
f 4938/4938/4938 4995/4995/4995 4939/4939/4939
f 4939/4939/4939 4995/4995/4995 4996/4996/4996
f 4939/4939/4939 4996/4996/4996 4940/4940/4940
f 4940/4940/4940 4996/4996/4996 4997/4997/4997
f 4940/4940/4940 4997/4997/4997 4941/4941/4941
f 4941/4941/4941 4997/4997/4997 4998/4998/4998
f 4941/4941/4941 4998/4998/4998 4942/4942/4942
f 4942/4942/4942 4998/4998/4998 4999/4999/4999
f 4942/4942/4942 4999/4999/4999 4943/4943/4943
f 4943/4943/4943 4999/4999/4999 5000/5000/5000
f 4943/4943/4943 5000/5000/5000 4944/4944/4944
f 4944/4944/4944 5000/5000/5000 5001/5001/5001
f 4944/4944/4944 5001/5001/5001 4945/4945/4945
f 4945/4945/4945 5001/5001/5001 5002/5002/5002
f 4945/4945/4945 5002/5002/5002 4946/4946/4946
f 4946/4946/4946 5002/5002/5002 5003/5003/5003
f 4946/4946/4946 5003/5003/5003 4947/4947/4947
f 4947/4947/4947 5003/5003/5003 5004/5004/5004
f 4947/4947/4947 5004/5004/5004 4948/4948/4948
f 4948/4948/4948 5004/5004/5004 5005/5005/5005
f 4948/4948/4948 5005/5005/5005 4949/4949/4949
f 4949/4949/4949 5005/5005/5005 5006/5006/5006
f 4949/4949/4949 5006/5006/5006 4950/4950/4950
f 4950/4950/4950 5006/5006/5006 5007/5007/5007
f 4950/4950/4950 5007/5007/5007 4951/4951/4951
f 4951/4951/4951 5007/5007/5007 5008/5008/5008
f 4951/4951/4951 5008/5008/5008 4952/4952/4952
f 4952/4952/4952 5008/5008/5008 5009/5009/5009
f 4952/4952/4952 5009/5009/5009 4953/4953/4953
f 4953/4953/4953 5009/5009/5009 5010/5010/5010
f 4953/4953/4953 5010/5010/5010 4954/4954/4954
f 4954/4954/4954 5010/5010/5010 5011/5011/5011
f 4954/4954/4954 5011/5011/5011 4955/4955/4955
f 4955/4955/4955 5011/5011/5011 5012/5012/5012
f 4955/4955/4955 5012/5012/5012 4956/4956/4956
f 4956/4956/4956 5012/5012/5012 5013/5013/5013
f 4956/4956/4956 5013/5013/5013 4957/4957/4957
f 4957/4957/4957 5013/5013/5013 5014/5014/5014
f 4957/4957/4957 5014/5014/5014 4958/4958/4958
f 4958/4958/4958 5014/5014/5014 5015/5015/5015
f 4958/4958/4958 5015/5015/5015 4959/4959/4959
f 4959/4959/4959 5015/5015/5015 5016/5016/5016
